<?xml version="1.0"?>
<gpx xmlns="http://www.topografix.com/GPX/1/1" xmlns:gpxx="http://www.garmin.com/xmlschemas/GpxExtensions/v3" creator="CALTOPO" version="1.1"><metadata><name><![CDATA[John Muir Trail 2013]]></name></metadata><trk><name>2013-09-14</name><extensions><gpxx:TrackExtension><gpxx:DisplayColor>Red</gpxx:DisplayColor></gpxx:TrackExtension></extensions><trkseg><trkpt lat="37.7323097549379" lon="-119.558093966916"><ele>1227.0</ele></trkpt><trkpt lat="37.7320303022861" lon="-119.558053314686"><ele>1227.3810175896965</ele></trkpt><trkpt lat="37.7319657616317" lon="-119.558411724865"><ele>1228.4635553671055</ele></trkpt><trkpt lat="37.7310549840331" lon="-119.558566454798"><ele>1226.4237307744067</ele></trkpt><trkpt lat="37.7304998505861" lon="-119.558083992451"><ele>1237.0</ele></trkpt><trkpt lat="37.7302171289921" lon="-119.558077370748"><ele>1237.0</ele></trkpt><trkpt lat="37.7301744651049" lon="-119.557937476784"><ele>1238.7813522856193</ele></trkpt><trkpt lat="37.730338415131" lon="-119.557998497039"><ele>1239.140624991618</ele></trkpt><trkpt lat="37.7297474909574" lon="-119.557943679392"><ele>1237.0</ele></trkpt><trkpt lat="37.7268113102764" lon="-119.558650022373"><ele>1282.301604643464</ele></trkpt><trkpt lat="37.726183924824" lon="-119.556908095255"><ele>1301.802263483405</ele></trkpt><trkpt lat="37.7261948212981" lon="-119.556330917403"><ele>1295.1876965006813</ele></trkpt><trkpt lat="37.725964654237" lon="-119.555978206918"><ele>1298.0634934846312</ele></trkpt><trkpt lat="37.7260146103799" lon="-119.555197097361"><ele>1310.4018485222364</ele></trkpt><trkpt lat="37.7264316938817" lon="-119.554278943688"><ele>1334.6367304550658</ele></trkpt><trkpt lat="37.7261089067906" lon="-119.553144704551"><ele>1347.5499128301303</ele></trkpt><trkpt lat="37.7262345515192" lon="-119.552576579154"><ele>1357.9293850035797</ele></trkpt><trkpt lat="37.7261137682944" lon="-119.552576830611"><ele>1353.4412772715386</ele></trkpt><trkpt lat="37.7263145148754" lon="-119.552723094821"><ele>1364.3769125556573</ele></trkpt><trkpt lat="37.726228935644" lon="-119.551871074364"><ele>1350.5532245896757</ele></trkpt><trkpt lat="37.7256046514958" lon="-119.551419038326"><ele>1348.426986757315</ele></trkpt><trkpt lat="37.7259373292327" lon="-119.550752593204"><ele>1362.8563552762596</ele></trkpt><trkpt lat="37.7258295379579" lon="-119.549977434799"><ele>1371.9850289599628</ele></trkpt><trkpt lat="37.7261140197515" lon="-119.548781169578"><ele>1389.5117187304422</ele></trkpt><trkpt lat="37.7259307075292" lon="-119.549234379083"><ele>1390.018712516874</ele></trkpt><trkpt lat="37.7255517616868" lon="-119.549335297197"><ele>1397.7804739699657</ele></trkpt><trkpt lat="37.7252610772848" lon="-119.549819352105"><ele>1401.2640552199446</ele></trkpt><trkpt lat="37.7250988874584" lon="-119.549440573901"><ele>1418.7879284797236</ele></trkpt><trkpt lat="37.7254671044648" lon="-119.548512110487"><ele>1433.3345878086984</ele></trkpt><trkpt lat="37.7254572976381" lon="-119.548833137378"><ele>1423.9788185399957</ele></trkpt><trkpt lat="37.724640397355" lon="-119.54964232631"><ele>1438.0444289240986</ele></trkpt><trkpt lat="37.7245667204261" lon="-119.549185764045"><ele>1454.0182826775126</ele></trkpt><trkpt lat="37.7249608375132" lon="-119.548193765804"><ele>1472.3056885215774</ele></trkpt><trkpt lat="37.7250141464174" lon="-119.548356374726"><ele>1465.0065827663761</ele></trkpt><trkpt lat="37.7249537967145" lon="-119.548680502921"><ele>1455.7585922805592</ele></trkpt><trkpt lat="37.7244152594358" lon="-119.548842860386"><ele>1474.922812486533</ele></trkpt><trkpt lat="37.7240176219493" lon="-119.549204036593"><ele>1481.5194413070567</ele></trkpt><trkpt lat="37.7239841781557" lon="-119.548851409927"><ele>1494.9235257888213</ele></trkpt><trkpt lat="37.7243378106505" lon="-119.548262665048"><ele>1504.5251399055123</ele></trkpt><trkpt lat="37.7232210896909" lon="-119.549566637725"><ele>1504.5520243328065</ele></trkpt><trkpt lat="37.7225962188095" lon="-119.549781382084"><ele>1526.9107495235144</ele></trkpt><trkpt lat="37.7226620167494" lon="-119.549223566428"><ele>1542.8710937420838</ele></trkpt><trkpt lat="37.723435331136" lon="-119.548099553213"><ele>1567.2539062276483</ele></trkpt><trkpt lat="37.7235259395093" lon="-119.547061622143"><ele>1594.9577727792785</ele></trkpt><trkpt lat="37.7238656580448" lon="-119.546768339351"><ele>1598.0750741241757</ele></trkpt><trkpt lat="37.7238816674799" lon="-119.546944275498"><ele>1589.5442499219732</ele></trkpt><trkpt lat="37.7234985306859" lon="-119.547037566081"><ele>1597.2407462609394</ele></trkpt><trkpt lat="37.7237690985203" lon="-119.546500202268"><ele>1615.3810399342328</ele></trkpt><trkpt lat="37.7235548570752" lon="-119.546709833667"><ele>1613.0429604209269</ele></trkpt><trkpt lat="37.7235761471093" lon="-119.546507578343"><ele>1624.1948978505097</ele></trkpt><trkpt lat="37.7239834237844" lon="-119.546237345785"><ele>1635.0487058846354</ele></trkpt><trkpt lat="37.7235309686512" lon="-119.546332731843"><ele>1636.9484057427035</ele></trkpt><trkpt lat="37.7235386800021" lon="-119.54618495889"><ele>1645.4375831577927</ele></trkpt><trkpt lat="37.7240240760148" lon="-119.545916151255"><ele>1658.0078125172295</ele></trkpt><trkpt lat="37.7246493659914" lon="-119.546414455399"><ele>1655.1902944985836</ele></trkpt><trkpt lat="37.7250376995653" lon="-119.545580288395"><ele>1666.8760679826628</ele></trkpt><trkpt lat="37.7249473426491" lon="-119.544879896566"><ele>1676.9591797851026</ele></trkpt><trkpt lat="37.7250602468848" lon="-119.544946281239"><ele>1672.306831439957</ele></trkpt><trkpt lat="37.7248362824321" lon="-119.545371662825"><ele>1679.1925042221283</ele></trkpt><trkpt lat="37.7246077079326" lon="-119.544920548797"><ele>1686.3942610295642</ele></trkpt><trkpt lat="37.724423892796" lon="-119.545003613457"><ele>1691.8008553236723</ele></trkpt><trkpt lat="37.7238252572715" lon="-119.543558489531"><ele>1713.0722049120814</ele></trkpt><trkpt lat="37.7238416019827" lon="-119.544358793646"><ele>1722.0</ele></trkpt><trkpt lat="37.722890842706" lon="-119.542753659189"><ele>1753.1269425190985</ele></trkpt><trkpt lat="37.7224830631167" lon="-119.541423534974"><ele>1767.210525263637</ele></trkpt><trkpt lat="37.7225214522332" lon="-119.54076429829"><ele>1764.9924172260799</ele></trkpt><trkpt lat="37.72276930511" lon="-119.540126603097"><ele>1766.1597801293192</ele></trkpt><trkpt lat="37.7226630225778" lon="-119.539642212912"><ele>1772.8223674279006</ele></trkpt><trkpt lat="37.7222331985831" lon="-119.541064370424"><ele>1783.8742361236364</ele></trkpt><trkpt lat="37.72202398628" lon="-119.540803860873"><ele>1799.2006035596132</ele></trkpt><trkpt lat="37.7221769560128" lon="-119.539875397459"><ele>1804.8041125221278</ele></trkpt><trkpt lat="37.7217804081738" lon="-119.538912735879"><ele>1827.2785027441405</ele></trkpt><trkpt lat="37.7217369060963" lon="-119.537060754374"><ele>1846.5736649408937</ele></trkpt><trkpt lat="37.7224636171013" lon="-119.534882130101"><ele>1828.0</ele></trkpt><trkpt lat="37.724394807592" lon="-119.533014977351"><ele>1815.0</ele></trkpt><trkpt lat="37.7247720770538" lon="-119.532897211611"><ele>1810.7141436543316</ele></trkpt><trkpt lat="37.7251488436013" lon="-119.533300800249"><ele>1811.8704588060216</ele></trkpt><trkpt lat="37.7251008991152" lon="-119.532673833892"><ele>1814.868246990973</ele></trkpt><trkpt lat="37.7256642468274" lon="-119.531364664435"><ele>1821.0439347012712</ele></trkpt><trkpt lat="37.7258742973208" lon="-119.530432596803"><ele>1827.3424577023834</ele></trkpt><trkpt lat="37.7262690011412" lon="-119.530343329534"><ele>1824.978819767835</ele></trkpt><trkpt lat="37.726437561214" lon="-119.530536029488"><ele>1826.9650460938865</ele></trkpt><trkpt lat="37.7263373974711" lon="-119.530482552946"><ele>1824.9439354017377</ele></trkpt><trkpt lat="37.7265232242644" lon="-119.530387502164"><ele>1829.6209916480168</ele></trkpt><trkpt lat="37.7262672409415" lon="-119.530112659559"><ele>1834.5039062341675</ele></trkpt><trkpt lat="37.7263547480106" lon="-119.529984751716"><ele>1836.449156422641</ele></trkpt><trkpt lat="37.7274254523218" lon="-119.529215125367"><ele>1855.7220178372227</ele></trkpt><trkpt lat="37.7272134739906" lon="-119.529048074037"><ele>1858.0</ele></trkpt><trkpt lat="37.7274409588426" lon="-119.528754288331"><ele>1865.8085937350988</ele></trkpt><trkpt lat="37.7281032130122" lon="-119.528537699953"><ele>1881.804687473923</ele></trkpt><trkpt lat="37.728464640677" lon="-119.528013998643"><ele>1887.0</ele></trkpt><trkpt lat="37.7290849015117" lon="-119.527532877401"><ele>1880.2695312728174</ele></trkpt><trkpt lat="37.7298114448786" lon="-119.526508105919"><ele>1869.0</ele></trkpt><trkpt lat="37.730121910572" lon="-119.525685841218"><ele>1863.0</ele></trkpt><trkpt lat="37.7300198189914" lon="-119.524736171588"><ele>1861.0</ele></trkpt><trkpt lat="37.7306484617293" lon="-119.52295535244"><ele>1864.9979482747763</ele></trkpt><trkpt lat="37.7308975718915" lon="-119.522834317759"><ele>1866.6437660232186</ele></trkpt><trkpt lat="37.7308295108378" lon="-119.522538771853"><ele>1866.0</ele></trkpt><trkpt lat="37.7314386237413" lon="-119.521259441972"><ele>1871.0</ele></trkpt><trkpt lat="37.7326549217105" lon="-119.519613571465"><ele>1867.0</ele></trkpt><trkpt lat="37.7332541439682" lon="-119.519097665325"><ele>1866.0</ele></trkpt><trkpt lat="37.7333952952176" lon="-119.518122011796"><ele>1867.0</ele></trkpt><trkpt lat="37.7338162343949" lon="-119.517279546708"><ele>1867.0</ele></trkpt><trkpt lat="37.7339729759842" lon="-119.516335073858"><ele>1867.0</ele></trkpt><trkpt lat="37.7344121877104" lon="-119.515138808638"><ele>1868.0</ele></trkpt><trkpt lat="37.7352216280997" lon="-119.513959223405"><ele>1875.3084038818324</ele></trkpt><trkpt lat="37.7355002425611" lon="-119.514250829816"><ele>1890.1456392533146</ele></trkpt><trkpt lat="37.7354225423187" lon="-119.514477979392"><ele>1891.5712464228272</ele></trkpt><trkpt lat="37.7357370313257" lon="-119.514270694926"><ele>1897.855717622977</ele></trkpt><trkpt lat="37.7358362730592" lon="-119.514737147838"><ele>1908.6662493534386</ele></trkpt><trkpt lat="37.7361506782472" lon="-119.51457512565"><ele>1914.0764752192192</ele></trkpt><trkpt lat="37.7362402807921" lon="-119.514900511131"><ele>1924.4740425087512</ele></trkpt><trkpt lat="37.7374613564462" lon="-119.514692639932"><ele>1943.0732620194403</ele></trkpt><trkpt lat="37.7380705531687" lon="-119.514284944162"><ele>1950.0</ele></trkpt><trkpt lat="37.7396723348647" lon="-119.514980306849"><ele>1963.9242793812687</ele></trkpt><trkpt lat="37.7398835588247" lon="-119.515270572156"><ele>1968.0</ele></trkpt><trkpt lat="37.7407101821154" lon="-119.514345377684"><ele>1983.0</ele></trkpt><trkpt lat="37.7404769137502" lon="-119.512939229608"><ele>1995.1203493195978</ele></trkpt><trkpt lat="37.7405360899866" lon="-119.512563971803"><ele>2002.7528824790516</ele></trkpt><trkpt lat="37.7407722920179" lon="-119.512124592438"><ele>2010.444788238521</ele></trkpt><trkpt lat="37.7410491462797" lon="-119.512343360111"><ele>2015.9481447298385</ele></trkpt><trkpt lat="37.7411458734423" lon="-119.511500559747"><ele>2024.5663392655551</ele></trkpt><trkpt lat="37.7414207998663" lon="-119.51108565554"><ele>2028.5944957876472</ele></trkpt><trkpt lat="37.7419660426676" lon="-119.511601896957"><ele>2042.9017376415431</ele></trkpt><trkpt lat="37.7422975469381" lon="-119.512504544109"><ele>2051.0</ele></trkpt><trkpt lat="37.7424811944366" lon="-119.512611161917"><ele>2059.261680210009</ele></trkpt><trkpt lat="37.7425804361701" lon="-119.512530695647"><ele>2064.0</ele></trkpt><trkpt lat="37.7424272987992" lon="-119.512023925781"><ele>2063.128079080125</ele></trkpt><trkpt lat="37.7425206732005" lon="-119.511736426502"><ele>2070.0</ele></trkpt><trkpt lat="37.7431731205434" lon="-119.512080922723"><ele>2083.0</ele></trkpt><trkpt lat="37.743497332558" lon="-119.512787265703"><ele>2092.0</ele></trkpt><trkpt lat="37.7435958199203" lon="-119.5120742172"><ele>2095.9592605172547</ele></trkpt><trkpt lat="37.7437591832131" lon="-119.51195913367"><ele>2102.0</ele></trkpt><trkpt lat="37.7446816116571" lon="-119.512677965686"><ele>2124.0</ele></trkpt><trkpt lat="37.7449603937566" lon="-119.512574449182"><ele>2129.0</ele></trkpt><trkpt lat="37.7448343299329" lon="-119.512373618782"><ele>2129.0</ele></trkpt><trkpt lat="37.7444853074849" lon="-119.509416902438"><ele>2143.0</ele></trkpt><trkpt lat="37.7441757638007" lon="-119.508789768443"><ele>2145.0</ele></trkpt><trkpt lat="37.7442264743149" lon="-119.508443428203"><ele>2150.0</ele></trkpt><trkpt lat="37.7443691343069" lon="-119.508424736559"><ele>2153.0</ele></trkpt><trkpt lat="37.7442139014602" lon="-119.507568860427"><ele>2163.0</ele></trkpt><trkpt lat="37.7437701635063" lon="-119.506803089753"><ele>2167.816708244075</ele></trkpt><trkpt lat="37.7435768768191" lon="-119.505707239732"><ele>2166.0</ele></trkpt><trkpt lat="37.7438190300018" lon="-119.505029059947"><ele>2175.539360051951</ele></trkpt><trkpt lat="37.7439528889954" lon="-119.503870680928"><ele>2186.0</ele></trkpt><trkpt lat="37.7443340979516" lon="-119.503145227209"><ele>2191.0</ele></trkpt><trkpt lat="37.7444437332451" lon="-119.503184538335"><ele>2189.9660820208883</ele></trkpt><trkpt lat="37.7441481873393" lon="-119.503311188892"><ele>2189.0</ele></trkpt><trkpt lat="37.7434280980378" lon="-119.50280492194"><ele>2190.1367187481374</ele></trkpt><trkpt lat="37.7434738632292" lon="-119.502463946119"><ele>2197.993552234849</ele></trkpt><trkpt lat="37.7443199325353" lon="-119.50147270225"><ele>2209.0</ele></trkpt><trkpt lat="37.7443963754922" lon="-119.500076528639"><ele>2224.038378755665</ele></trkpt><trkpt lat="37.7444956172258" lon="-119.49973102659"><ele>2229.3834591456925</ele></trkpt><trkpt lat="37.7446598187089" lon="-119.499748712406"><ele>2232.0</ele></trkpt><trkpt lat="37.7445960324258" lon="-119.499601442367"><ele>2231.4296874925494</ele></trkpt><trkpt lat="37.744715558365" lon="-119.499809062108"><ele>2232.944078642875</ele></trkpt><trkpt lat="37.7445865608752" lon="-119.500152133405"><ele>2228.2614564979376</ele></trkpt><trkpt lat="37.7443446591497" lon="-119.50021231547"><ele>2222.0</ele></trkpt><trkpt lat="37.7437903638929" lon="-119.499102132395"><ele>2235.0</ele></trkpt><trkpt lat="37.743666479364" lon="-119.498603995889"><ele>2238.0</ele></trkpt><trkpt lat="37.7437963150442" lon="-119.498019274324"><ele>2237.0</ele></trkpt><trkpt lat="37.7436016034335" lon="-119.497254928574"><ele>2242.0</ele></trkpt><trkpt lat="37.7450970187783" lon="-119.495135396719"><ele>2269.0</ele></trkpt><trkpt lat="37.7455203887075" lon="-119.494279520586"><ele>2274.377786481753</ele></trkpt><trkpt lat="37.7459003403783" lon="-119.493921864778"><ele>2275.882812509779</ele></trkpt><trkpt lat="37.7460958063602" lon="-119.493278553709"><ele>2282.902343732305</ele></trkpt><trkpt lat="37.747247479856" lon="-119.492222182453"><ele>2293.0</ele></trkpt><trkpt lat="37.7486514486373" lon="-119.488721061498"><ele>2327.0</ele></trkpt><trkpt lat="37.7487964555621" lon="-119.4878309872"><ele>2335.0</ele></trkpt><trkpt lat="37.7486781030893" lon="-119.487260179594"><ele>2340.5132867153734</ele></trkpt><trkpt lat="37.7491531893611" lon="-119.485291019082"><ele>2355.3437500032596</ele></trkpt><trkpt lat="37.7503920346498" lon="-119.483065288514"><ele>2378.0</ele></trkpt><trkpt lat="37.7507594972849" lon="-119.482624819502"><ele>2379.065974129023</ele></trkpt><trkpt lat="37.7514818497002" lon="-119.482538318262"><ele>2387.0</ele></trkpt><trkpt lat="37.75156063959" lon="-119.482342768461"><ele>2387.384178355336</ele></trkpt><trkpt lat="37.752120969817" lon="-119.482356179506"><ele>2390.0</ele></trkpt><trkpt lat="37.752686329186" lon="-119.482877282426"><ele>2395.832031238824</ele></trkpt><trkpt lat="37.7536899782717" lon="-119.482260625809"><ele>2397.0</ele></trkpt><trkpt lat="37.7554449811578" lon="-119.48004629463"><ele>2409.0</ele></trkpt><trkpt lat="37.7561052236706" lon="-119.479864658788"><ele>2416.2566118296236</ele></trkpt><trkpt lat="37.7563034556806" lon="-119.478979697451"><ele>2423.0</ele></trkpt><trkpt lat="37.756669241935" lon="-119.479110036045"><ele>2431.0</ele></trkpt><trkpt lat="37.7572900895029" lon="-119.478488517925"><ele>2442.3632812565193</ele></trkpt><trkpt lat="37.7580209914595" lon="-119.477254953235"><ele>2456.0</ele></trkpt><trkpt lat="37.7581211552024" lon="-119.476821944118"><ele>2456.084651696854</ele></trkpt><trkpt lat="37.7579555287957" lon="-119.476534947753"><ele>2460.0</ele></trkpt><trkpt lat="37.7582291141152" lon="-119.476472670212"><ele>2457.0</ele></trkpt><trkpt lat="37.7585672400892" lon="-119.476038990542"><ele>2461.382666770369</ele></trkpt><trkpt lat="37.759055653587" lon="-119.472362520173"><ele>2468.0</ele></trkpt><trkpt lat="37.7587756980211" lon="-119.46758961305"><ele>2495.193860577363</ele></trkpt><trkpt lat="37.758952723816" lon="-119.466861309484"><ele>2494.0</ele></trkpt><trkpt lat="37.7587635442615" lon="-119.465517187491"><ele>2497.876994666283</ele></trkpt><trkpt lat="37.7590974792838" lon="-119.464082624763"><ele>2509.0</ele></trkpt><trkpt lat="37.7596641797572" lon="-119.463363960385"><ele>2519.79097199675</ele></trkpt><trkpt lat="37.7599423751235" lon="-119.462666334584"><ele>2524.4434983991086</ele></trkpt><trkpt lat="37.7601318899542" lon="-119.461577273905"><ele>2536.484375013504</ele></trkpt><trkpt lat="37.7611747663468" lon="-119.459510967135"><ele>2570.9800470507107</ele></trkpt><trkpt lat="37.7611722517759" lon="-119.458345631137"><ele>2573.0</ele></trkpt><trkpt lat="37.7607836667448" lon="-119.45597271435"><ele>2582.0</ele></trkpt><trkpt lat="37.7611901890487" lon="-119.453969355673"><ele>2590.0</ele></trkpt><trkpt lat="37.7626767195761" lon="-119.452779712155"><ele>2590.0</ele></trkpt><trkpt lat="37.7638542931527" lon="-119.45297668688"><ele>2596.0</ele></trkpt><trkpt lat="37.7660057600588" lon="-119.452860932797"><ele>2615.0</ele></trkpt><trkpt lat="37.7681846357882" lon="-119.451077682897"><ele>2656.3361019622535</ele></trkpt><trkpt lat="37.7682790998369" lon="-119.451197627932"><ele>2658.9052014425397</ele></trkpt><trkpt lat="37.7681525330991" lon="-119.451166279614"><ele>2655.6261010495864</ele></trkpt><trkpt lat="37.76820525527" lon="-119.450865536928"><ele>2660.0</ele></trkpt><trkpt lat="37.7682524453849" lon="-119.451101990417"><ele>2658.0</ele></trkpt><trkpt lat="37.7681913413107" lon="-119.45080828853"><ele>2660.8268942296836</ele></trkpt><trkpt lat="37.7682271320373" lon="-119.45094156079"><ele>2658.121616485899</ele></trkpt><trkpt lat="37.7684666868299" lon="-119.450825387612"><ele>2663.984266996411</ele></trkpt><trkpt lat="37.7687077503651" lon="-119.451084304601"><ele>2674.176253343001</ele></trkpt><trkpt lat="37.7689861971885" lon="-119.450859501958"><ele>2684.0</ele></trkpt><trkpt lat="37.7691897097975" lon="-119.450172102079"><ele>2695.590301660821</ele></trkpt><trkpt lat="37.7693342138082" lon="-119.450199259445"><ele>2702.1096106711775</ele></trkpt><trkpt lat="37.7696533128619" lon="-119.449835149571"><ele>2717.0</ele></trkpt><trkpt lat="37.7697206195444" lon="-119.449485372752"><ele>2725.89129924745</ele></trkpt><trkpt lat="37.7699714060873" lon="-119.449436841533"><ele>2733.675811016932</ele></trkpt><trkpt lat="37.7699449192733" lon="-119.449129560962"><ele>2735.114252436906</ele></trkpt><trkpt lat="37.7702066022903" lon="-119.448939878494"><ele>2743.232925166886</ele></trkpt><trkpt lat="37.7703467477113" lon="-119.448572834954"><ele>2749.609079770744</ele></trkpt><trkpt lat="37.7706655114889" lon="-119.448693115264"><ele>2762.597740167752</ele></trkpt><trkpt lat="37.7707382664084" lon="-119.448312744498"><ele>2764.304950158314</ele></trkpt><trkpt lat="37.7711314614862" lon="-119.44809188135"><ele>2776.068672252819</ele></trkpt><trkpt lat="37.7710784878582" lon="-119.447973025963"><ele>2774.9733919237597</ele></trkpt><trkpt lat="37.771849706769" lon="-119.447152270004"><ele>2793.567715820426</ele></trkpt><trkpt lat="37.7724448218942" lon="-119.446775000542"><ele>2807.0</ele></trkpt><trkpt lat="37.7728860452771" lon="-119.446145938709"><ele>2817.823777247517</ele></trkpt><trkpt lat="37.772864671424" lon="-119.44563598372"><ele>2829.102495264932</ele></trkpt><trkpt lat="37.7732128556818" lon="-119.445628859103"><ele>2840.575146180174</ele></trkpt><trkpt lat="37.7730795834213" lon="-119.44523868151"><ele>2844.925629694015</ele></trkpt><trkpt lat="37.7731757238507" lon="-119.445013962686"><ele>2851.752554127815</ele></trkpt><trkpt lat="37.7734281029552" lon="-119.445158885792"><ele>2859.808873789547</ele></trkpt><trkpt lat="37.7734843455255" lon="-119.444902315736"><ele>2863.78988718614</ele></trkpt><trkpt lat="37.7738383132964" lon="-119.444802068174"><ele>2876.0</ele></trkpt><trkpt lat="37.7743757609278" lon="-119.445095350966"><ele>2895.3470632229</ele></trkpt><trkpt lat="37.7744478452951" lon="-119.444797039032"><ele>2900.0</ele></trkpt><trkpt lat="37.7751514222473" lon="-119.445201633498"><ele>2922.0799819268286</ele></trkpt><trkpt lat="37.7762080449611" lon="-119.444220531732"><ele>2943.3671874925494</ele></trkpt><trkpt lat="37.7769169863313" lon="-119.444165211171"><ele>2956.0</ele></trkpt><trkpt lat="37.7772756479681" lon="-119.443904617801"><ele>2960.0</ele></trkpt><trkpt lat="37.7777451183647" lon="-119.443961782381"><ele>2962.577432014271</ele></trkpt><trkpt lat="37.7794727962464" lon="-119.443323416635"><ele>2943.0</ele></trkpt><trkpt lat="37.7797642350197" lon="-119.442715728655"><ele>2937.5341196439504</ele></trkpt><trkpt lat="37.7803219668567" lon="-119.44223578088"><ele>2935.136718756985</ele></trkpt><trkpt lat="37.7804605197161" lon="-119.441140349954"><ele>2922.0</ele></trkpt><trkpt lat="37.7813272923231" lon="-119.437875598669"><ele>2916.225823333487</ele></trkpt><trkpt lat="37.781818471849" lon="-119.436831381172"><ele>2921.0515128492425</ele></trkpt><trkpt lat="37.7837603911757" lon="-119.435314591974"><ele>2910.0</ele></trkpt><trkpt lat="37.7847073785961" lon="-119.435239322484"><ele>2895.504357329165</ele></trkpt><trkpt lat="37.7846466097981" lon="-119.435373181477"><ele>2898.316406241618</ele></trkpt><trkpt lat="37.7851312514395" lon="-119.435137649998"><ele>2889.0</ele></trkpt><trkpt lat="37.7863497287035" lon="-119.435256002471"><ele>2867.944419375833</ele></trkpt><trkpt lat="37.7868163492531" lon="-119.435078389943"><ele>2861.6199491586563</ele></trkpt><trkpt lat="37.7882778178901" lon="-119.435379887"><ele>2847.628906262573</ele></trkpt><trkpt lat="37.7892281580716" lon="-119.435211997479"><ele>2847.0</ele></trkpt><trkpt lat="37.7893155813217" lon="-119.434911841527"><ele>2850.0</ele></trkpt><trkpt lat="37.7899145521224" lon="-119.434436671436"><ele>2847.0</ele></trkpt><trkpt lat="37.791126742959" lon="-119.432557197288"><ele>2839.0</ele></trkpt><trkpt lat="37.7916715666652" lon="-119.432226698846"><ele>2844.0</ele></trkpt><trkpt lat="37.7924848627299" lon="-119.432197865099"><ele>2839.0</ele></trkpt><trkpt lat="37.7929993439466" lon="-119.432898759842"><ele>2839.0</ele></trkpt><trkpt lat="37.7934165950865" lon="-119.433136302978"><ele>2839.0</ele></trkpt><trkpt lat="37.7938878256828" lon="-119.433019459248"><ele>2838.0</ele></trkpt><trkpt lat="37.7942186594009" lon="-119.43260891363"><ele>2838.0</ele></trkpt><trkpt lat="37.7944898139685" lon="-119.432652331889"><ele>2837.296538075131</ele></trkpt><trkpt lat="37.7946922369301" lon="-119.432449573651"><ele>2837.0</ele></trkpt><trkpt lat="37.7957211155444" lon="-119.429282806814"><ele>2837.0</ele></trkpt><trkpt lat="37.796650249511" lon="-119.428739743307"><ele>2841.0</ele></trkpt><trkpt lat="37.7982581499964" lon="-119.429119694978"><ele>2838.0</ele></trkpt><trkpt lat="37.7991026267409" lon="-119.429691927508"><ele>2840.0</ele></trkpt><trkpt lat="37.8001639433205" lon="-119.430106580257"><ele>2839.0</ele></trkpt><trkpt lat="37.8020514640957" lon="-119.430372454226"><ele>2842.5600479028653</ele></trkpt><trkpt lat="37.8055428620428" lon="-119.429739452898"><ele>2857.0</ele></trkpt><trkpt lat="37.8086378797889" lon="-119.429511297494"><ele>2878.7771035302258</ele></trkpt><trkpt lat="37.8095743898302" lon="-119.429680192843"><ele>2885.0</ele></trkpt><trkpt lat="37.8109706472605" lon="-119.429379114881"><ele>2893.0</ele></trkpt><trkpt lat="37.8126021847129" lon="-119.428661037236"><ele>2902.0</ele></trkpt><trkpt lat="37.813331997022" lon="-119.427630817518"><ele>2908.0</ele></trkpt><trkpt lat="37.8136269561946" lon="-119.42661350593"><ele>2918.0</ele></trkpt><trkpt lat="37.8150016721338" lon="-119.425597703084"><ele>2933.0</ele></trkpt><trkpt lat="37.8155708033592" lon="-119.424823215231"><ele>2941.9134261221648</ele></trkpt><trkpt lat="37.8161791618913" lon="-119.424554910511"><ele>2954.0</ele></trkpt><trkpt lat="37.8163986001164" lon="-119.424263555557"><ele>2961.0</ele></trkpt><trkpt lat="37.8163913078606" lon="-119.423818560317"><ele>2971.3935775177474</ele></trkpt><trkpt lat="37.8160040639341" lon="-119.42331447266"><ele>2976.0866360021755</ele></trkpt><trkpt lat="37.8164328821003" lon="-119.423078773543"><ele>2987.466479334794</ele></trkpt><trkpt lat="37.8167311940342" lon="-119.422287605703"><ele>2998.0</ele></trkpt><trkpt lat="37.8174457512796" lon="-119.421285884455"><ele>2991.8007812579162</ele></trkpt><trkpt lat="37.819550447166" lon="-119.419707655907"><ele>3001.1606707578567</ele></trkpt><trkpt lat="37.8209387417883" lon="-119.418971892446"><ele>3009.9786400501407</ele></trkpt><trkpt lat="37.8220598213375" lon="-119.417915185913"><ele>3024.7148437299766</ele></trkpt><trkpt lat="37.822174821049" lon="-119.418008308858"><ele>3028.4721119310707</ele></trkpt><trkpt lat="37.8233444318175" lon="-119.417239185423"><ele>3031.0</ele></trkpt><trkpt lat="37.825311999768" lon="-119.417000887915"><ele>3008.4967687883745</ele></trkpt><trkpt lat="37.8263154812157" lon="-119.417102308944"><ele>2992.832031255588</ele></trkpt><trkpt lat="37.8267541062087" lon="-119.417412942275"><ele>2993.756668169914</ele></trkpt><trkpt lat="37.8290995303541" lon="-119.417378576472"><ele>2977.6832609577973</ele></trkpt><trkpt lat="37.8317375667393" lon="-119.416663516313"><ele>2962.0</ele></trkpt><trkpt lat="37.8357374109328" lon="-119.414872303605"><ele>2956.0</ele></trkpt><trkpt lat="37.8364362102002" lon="-119.413738315925"><ele>2940.056559016928</ele></trkpt><trkpt lat="37.8377435356379" lon="-119.41311202012"><ele>2932.0</ele></trkpt><trkpt lat="37.8383879363537" lon="-119.412253042683"><ele>2933.0</ele></trkpt><trkpt lat="37.8392432257533" lon="-119.411718193442"><ele>2931.0</ele></trkpt><trkpt lat="37.8402216453105" lon="-119.411790277809"><ele>2933.8153026459077</ele></trkpt><trkpt lat="37.841177014634" lon="-119.413141356781"><ele>2929.0</ele></trkpt><trkpt lat="37.8430709056556" lon="-119.413736891001"><ele>2915.0</ele></trkpt><trkpt lat="37.8458208404481" lon="-119.412819575518"><ele>2889.816455576137</ele></trkpt><trkpt lat="37.8468048758805" lon="-119.413363225758"><ele>2882.0</ele></trkpt><trkpt lat="37.8474118933082" lon="-119.413415612653"><ele>2882.9804687453434</ele></trkpt><trkpt lat="37.8482725471258" lon="-119.414799716324"><ele>2879.215329000379</ele></trkpt><trkpt lat="37.8481498360634" lon="-119.414987806231"><ele>2873.7109374897555</ele></trkpt><trkpt lat="37.8475420642644" lon="-119.414648255333"><ele>2873.0</ele></trkpt><trkpt lat="37.8470372222364" lon="-119.414887391031"><ele>2871.0</ele></trkpt><trkpt lat="37.8469920437783" lon="-119.415698340163"><ele>2854.597656233236</ele></trkpt><trkpt lat="37.8457668609917" lon="-119.418037896976"><ele>2842.5664062439464</ele></trkpt><trkpt lat="37.8454423137009" lon="-119.419281687587"><ele>2842.5814710855484</ele></trkpt><trkpt lat="37.8448844142258" lon="-119.420052571222"><ele>2837.0</ele></trkpt><trkpt lat="37.8447239845991" lon="-119.420837284997"><ele>2837.0</ele></trkpt><trkpt lat="37.8448312729597" lon="-119.421855350956"><ele>2837.0</ele></trkpt><trkpt lat="37.844686768949" lon="-119.421922657639"><ele>2837.1707514710724</ele></trkpt><trkpt lat="37.8447767067701" lon="-119.422169504687"><ele>2837.0</ele></trkpt><trkpt lat="37.8446821589023" lon="-119.422297161072"><ele>2834.070312523283</ele></trkpt><trkpt lat="37.8445875272155" lon="-119.422331359237"><ele>2833.0</ele></trkpt><trkpt lat="37.8447074722499" lon="-119.421917293221"><ele>2837.0</ele></trkpt></trkseg></trk><trk><name>2013-09-15</name><extensions><gpxx:TrackExtension><gpxx:DisplayColor>DarkBlue</gpxx:DisplayColor></gpxx:TrackExtension></extensions><trkseg><trkpt lat="37.8446912951767" lon="-119.421922406182"><ele>2837.0</ele></trkpt><trkpt lat="37.8447795566171" lon="-119.421680504456"><ele>2836.0</ele></trkpt><trkpt lat="37.8446343820542" lon="-119.420711807907"><ele>2837.0</ele></trkpt><trkpt lat="37.8447777964175" lon="-119.420088613406"><ele>2837.0</ele></trkpt><trkpt lat="37.8455239534378" lon="-119.418720183894"><ele>2842.0</ele></trkpt><trkpt lat="37.8457352612168" lon="-119.417722988874"><ele>2843.070897406108</ele></trkpt><trkpt lat="37.8468370623887" lon="-119.415789954364"><ele>2853.2676877286285</ele></trkpt><trkpt lat="37.8468770440668" lon="-119.414880182594"><ele>2872.0</ele></trkpt><trkpt lat="37.8470183629543" lon="-119.414700809866"><ele>2873.0</ele></trkpt><trkpt lat="37.8477166593075" lon="-119.414533507079"><ele>2875.5687264604094</ele></trkpt><trkpt lat="37.8480918332934" lon="-119.414809606969"><ele>2876.0122870000714</ele></trkpt><trkpt lat="37.8483621496707" lon="-119.414765099064"><ele>2880.0</ele></trkpt><trkpt lat="37.84882013686" lon="-119.415171789005"><ele>2876.1367187686265</ele></trkpt><trkpt lat="37.8505149576813" lon="-119.414722686633"><ele>2885.811284560369</ele></trkpt><trkpt lat="37.8512052074075" lon="-119.414907842875"><ele>2892.0</ele></trkpt><trkpt lat="37.8515164274722" lon="-119.414814049378"><ele>2896.0</ele></trkpt><trkpt lat="37.8521283064038" lon="-119.413886843249"><ele>2907.0</ele></trkpt><trkpt lat="37.8539522085339" lon="-119.412811025977"><ele>2916.0</ele></trkpt><trkpt lat="37.8547709528357" lon="-119.412091523409"><ele>2915.0</ele></trkpt><trkpt lat="37.8551847673953" lon="-119.411229360849"><ele>2917.9230708410214</ele></trkpt><trkpt lat="37.8560570720583" lon="-119.410269046202"><ele>2918.6559034710335</ele></trkpt><trkpt lat="37.8565091919154" lon="-119.409402022138"><ele>2917.0</ele></trkpt><trkpt lat="37.8573027066886" lon="-119.408503649756"><ele>2911.0</ele></trkpt><trkpt lat="37.8584277257323" lon="-119.406731128693"><ele>2897.0</ele></trkpt><trkpt lat="37.8590042330325" lon="-119.406443461776"><ele>2884.0</ele></trkpt><trkpt lat="37.8594472166151" lon="-119.405874749646"><ele>2870.9844348989427</ele></trkpt><trkpt lat="37.8597259987146" lon="-119.406014056876"><ele>2863.528570542112</ele></trkpt><trkpt lat="37.8596747852862" lon="-119.405670398846"><ele>2863.0</ele></trkpt><trkpt lat="37.8599545732141" lon="-119.40564148128"><ele>2855.0362985767424</ele></trkpt><trkpt lat="37.8604519553483" lon="-119.406377412379"><ele>2840.6817837642047</ele></trkpt><trkpt lat="37.8607073519379" lon="-119.406474390998"><ele>2832.8145542718516</ele></trkpt><trkpt lat="37.8616176266223" lon="-119.405974410474"><ele>2808.0</ele></trkpt><trkpt lat="37.8618974983692" lon="-119.404679322615"><ele>2797.347823575139</ele></trkpt><trkpt lat="37.8626003209502" lon="-119.403840294108"><ele>2784.86032900773</ele></trkpt><trkpt lat="37.8624681383371" lon="-119.403443997726"><ele>2787.0</ele></trkpt><trkpt lat="37.8624009154737" lon="-119.401859566569"><ele>2790.0</ele></trkpt><trkpt lat="37.8626921027899" lon="-119.400516198948"><ele>2792.442433785647</ele></trkpt><trkpt lat="37.8634173888713" lon="-119.400079585612"><ele>2790.0</ele></trkpt><trkpt lat="37.8641215525568" lon="-119.398836214095"><ele>2788.0</ele></trkpt><trkpt lat="37.8659738693386" lon="-119.397497791797"><ele>2776.0</ele></trkpt><trkpt lat="37.8669022489339" lon="-119.396416693926"><ele>2777.016941307222</ele></trkpt><trkpt lat="37.8669867385179" lon="-119.395871786401"><ele>2783.0</ele></trkpt><trkpt lat="37.8667934518307" lon="-119.394860342145"><ele>2784.0</ele></trkpt><trkpt lat="37.8673805203289" lon="-119.392977431417"><ele>2785.3588566302433</ele></trkpt><trkpt lat="37.8675950970501" lon="-119.390824120492"><ele>2772.0</ele></trkpt><trkpt lat="37.867885697633" lon="-119.39016815275"><ele>2762.0</ele></trkpt><trkpt lat="37.8679163753986" lon="-119.389593154192"><ele>2755.812500001397</ele></trkpt><trkpt lat="37.8684544935822" lon="-119.388850266114"><ele>2741.274163879454</ele></trkpt><trkpt lat="37.8684952296317" lon="-119.388309298083"><ele>2733.0</ele></trkpt><trkpt lat="37.8689647000283" lon="-119.387604212388"><ele>2718.0186636482636</ele></trkpt><trkpt lat="37.8688836470246" lon="-119.387393826619"><ele>2714.316406259779</ele></trkpt><trkpt lat="37.8690322581679" lon="-119.38689770177"><ele>2707.328741862601</ele></trkpt><trkpt lat="37.8698108531535" lon="-119.386554127559"><ele>2689.2010149508715</ele></trkpt><trkpt lat="37.8697101026773" lon="-119.386131679639"><ele>2683.644998024218</ele></trkpt><trkpt lat="37.8698207437992" lon="-119.385843761265"><ele>2677.0</ele></trkpt><trkpt lat="37.8708383906633" lon="-119.384900713339"><ele>2645.598431864709</ele></trkpt><trkpt lat="37.8709177672863" lon="-119.384596617892"><ele>2640.8528700303286</ele></trkpt><trkpt lat="37.8720418643206" lon="-119.383796816692"><ele>2618.48930494301</ele></trkpt><trkpt lat="37.8715521935374" lon="-119.383411500603"><ele>2622.0</ele></trkpt><trkpt lat="37.8715558815747" lon="-119.383086785674"><ele>2621.1071718657367</ele></trkpt><trkpt lat="37.8720227535814" lon="-119.382066121325"><ele>2614.0</ele></trkpt><trkpt lat="37.8717181552202" lon="-119.381444770843"><ele>2619.0</ele></trkpt><trkpt lat="37.8717458993196" lon="-119.381200270727"><ele>2622.0</ele></trkpt><trkpt lat="37.8713827952743" lon="-119.380930289626"><ele>2626.906250005588</ele></trkpt><trkpt lat="37.8714971244335" lon="-119.380502142012"><ele>2633.0</ele></trkpt><trkpt lat="37.8712940309197" lon="-119.380242386833"><ele>2635.9775202634723</ele></trkpt><trkpt lat="37.8714813664556" lon="-119.379327585921"><ele>2646.2512141252087</ele></trkpt><trkpt lat="37.8711820486933" lon="-119.37821790576"><ele>2658.0</ele></trkpt><trkpt lat="37.871223622933" lon="-119.377564871684"><ele>2659.203897120431</ele></trkpt><trkpt lat="37.8709501214325" lon="-119.377185339108"><ele>2664.0</ele></trkpt><trkpt lat="37.870864039287" lon="-119.376094518229"><ele>2661.0</ele></trkpt><trkpt lat="37.8703387454152" lon="-119.374672863632"><ele>2658.0</ele></trkpt><trkpt lat="37.8705316968262" lon="-119.374089399353"><ele>2650.0</ele></trkpt><trkpt lat="37.8702579438686" lon="-119.373558741063"><ele>2647.0</ele></trkpt><trkpt lat="37.8700914792716" lon="-119.372216043994"><ele>2639.633972523734</ele></trkpt><trkpt lat="37.8701175469905" lon="-119.371196469292"><ele>2632.5157026264374</ele></trkpt><trkpt lat="37.870383001864" lon="-119.37072490342"><ele>2629.511718731839</ele></trkpt><trkpt lat="37.8702560160309" lon="-119.37022542581"><ele>2632.0</ele></trkpt><trkpt lat="37.8704778011888" lon="-119.369117086753"><ele>2637.0</ele></trkpt><trkpt lat="37.8698998689651" lon="-119.367554951459"><ele>2638.7168032226245</ele></trkpt><trkpt lat="37.8702871128917" lon="-119.366516685113"><ele>2633.031360964475</ele></trkpt><trkpt lat="37.8703934792429" lon="-119.366592876613"><ele>2632.0</ele></trkpt><trkpt lat="37.8701223246753" lon="-119.366352567449"><ele>2632.722656240221</ele></trkpt><trkpt lat="37.8705843351781" lon="-119.365516640246"><ele>2620.0</ele></trkpt><trkpt lat="37.8703928925097" lon="-119.365238696337"><ele>2629.0</ele></trkpt><trkpt lat="37.8704267553985" lon="-119.364958740771"><ele>2629.8405296560377</ele></trkpt><trkpt lat="37.8707873448729" lon="-119.364510728046"><ele>2624.0</ele></trkpt><trkpt lat="37.8712626826018" lon="-119.36462463811"><ele>2619.0</ele></trkpt><trkpt lat="37.871165368706" lon="-119.364925799891"><ele>2619.0</ele></trkpt><trkpt lat="37.8705445211381" lon="-119.364404696971"><ele>2627.0</ele></trkpt><trkpt lat="37.8699140343815" lon="-119.363214047626"><ele>2637.0</ele></trkpt><trkpt lat="37.8697023913264" lon="-119.362461185083"><ele>2640.604150051251</ele></trkpt><trkpt lat="37.8696576319635" lon="-119.361034249887"><ele>2644.0</ele></trkpt><trkpt lat="37.8693756647408" lon="-119.36078463681"><ele>2648.89267161116</ele></trkpt><trkpt lat="37.869357811287" lon="-119.360389262438"><ele>2650.9566609898984</ele></trkpt><trkpt lat="37.8698090091348" lon="-119.359359294176"><ele>2647.0</ele></trkpt><trkpt lat="37.8699799161404" lon="-119.358526971191"><ele>2645.9765625074506</ele></trkpt><trkpt lat="37.8700140304863" lon="-119.357333052903"><ele>2649.0</ele></trkpt><trkpt lat="37.8697681054473" lon="-119.356098230928"><ele>2650.1188900020993</ele></trkpt><trkpt lat="37.8697612322867" lon="-119.355902932584"><ele>2650.130425689742</ele></trkpt><trkpt lat="37.8698707837611" lon="-119.35594576411"><ele>2648.0</ele></trkpt><trkpt lat="37.8695209231228" lon="-119.354980587959"><ele>2656.3172568585724</ele></trkpt><trkpt lat="37.86970381625" lon="-119.353212425485"><ele>2653.0</ele></trkpt><trkpt lat="37.8696120344102" lon="-119.351569153368"><ele>2652.7184925887063</ele></trkpt><trkpt lat="37.8699155431241" lon="-119.35022897087"><ele>2650.0</ele></trkpt><trkpt lat="37.8705683257431" lon="-119.348558541387"><ele>2643.222504368149</ele></trkpt><trkpt lat="37.8706072177738" lon="-119.347217353061"><ele>2641.1866717431694</ele></trkpt><trkpt lat="37.8710521291941" lon="-119.346610084176"><ele>2636.920569660142</ele></trkpt><trkpt lat="37.8711520414799" lon="-119.346220912412"><ele>2631.0</ele></trkpt><trkpt lat="37.8711305838078" lon="-119.345422619954"><ele>2629.0</ele></trkpt><trkpt lat="37.8709207847714" lon="-119.345254814252"><ele>2632.3347280635676</ele></trkpt><trkpt lat="37.8707079682499" lon="-119.344188971445"><ele>2631.0</ele></trkpt><trkpt lat="37.8707839921117" lon="-119.343598717824"><ele>2630.0</ele></trkpt><trkpt lat="37.8703695069999" lon="-119.34304073453"><ele>2634.22026639618</ele></trkpt><trkpt lat="37.8701512422413" lon="-119.342283848673"><ele>2640.1407276889436</ele></trkpt><trkpt lat="37.8699359949678" lon="-119.340698746964"><ele>2639.844535856794</ele></trkpt><trkpt lat="37.8699453826994" lon="-119.33889688924"><ele>2634.0</ele></trkpt><trkpt lat="37.8696769103408" lon="-119.338534539565"><ele>2637.0</ele></trkpt><trkpt lat="37.8693861421198" lon="-119.337481772527"><ele>2637.0</ele></trkpt><trkpt lat="37.8695678617805" lon="-119.337152531371"><ele>2634.0</ele></trkpt><trkpt lat="37.8690470941365" lon="-119.336892692372"><ele>2640.0</ele></trkpt><trkpt lat="37.8687845729291" lon="-119.335811845958"><ele>2639.0</ele></trkpt><trkpt lat="37.8685532324016" lon="-119.335463494062"><ele>2640.0</ele></trkpt><trkpt lat="37.8685203753412" lon="-119.334980361164"><ele>2638.384845873341</ele></trkpt><trkpt lat="37.8686871752143" lon="-119.334425060079"><ele>2637.0</ele></trkpt><trkpt lat="37.8686009254307" lon="-119.333783090115"><ele>2640.0</ele></trkpt><trkpt lat="37.8680102527142" lon="-119.333682507277"><ele>2643.1875000223517</ele></trkpt><trkpt lat="37.8675690293312" lon="-119.333009943366"><ele>2646.0</ele></trkpt><trkpt lat="37.8676495794207" lon="-119.331311434507"><ele>2644.0</ele></trkpt><trkpt lat="37.8679514117539" lon="-119.330567540601"><ele>2644.9739157003423</ele></trkpt><trkpt lat="37.867795843631" lon="-119.330304097384"><ele>2644.0405426278403</ele></trkpt><trkpt lat="37.8677261900157" lon="-119.329527346417"><ele>2647.0</ele></trkpt><trkpt lat="37.8679114300758" lon="-119.329437743872"><ele>2648.0</ele></trkpt><trkpt lat="37.8677540179342" lon="-119.32842688635"><ele>2647.0</ele></trkpt><trkpt lat="37.8678970970213" lon="-119.326462587342"><ele>2647.7661240471475</ele></trkpt><trkpt lat="37.86721422337" lon="-119.324721582234"><ele>2653.0</ele></trkpt><trkpt lat="37.8671379480511" lon="-119.323624894023"><ele>2655.0</ele></trkpt><trkpt lat="37.8665001690388" lon="-119.322800533846"><ele>2657.0</ele></trkpt><trkpt lat="37.8666483610868" lon="-119.321671994403"><ele>2658.4873265686692</ele></trkpt><trkpt lat="37.8666348662227" lon="-119.319694703445"><ele>2660.905622547571</ele></trkpt><trkpt lat="37.8660948202014" lon="-119.316454762593"><ele>2659.0</ele></trkpt><trkpt lat="37.8661602828652" lon="-119.315591594204"><ele>2660.0</ele></trkpt><trkpt lat="37.8659842628986" lon="-119.314503790811"><ele>2660.0</ele></trkpt><trkpt lat="37.8660079836845" lon="-119.313546996564"><ele>2660.1369104103987</ele></trkpt><trkpt lat="37.8657219093293" lon="-119.312735712156"><ele>2664.99609376397</ele></trkpt><trkpt lat="37.8660674951971" lon="-119.311576578766"><ele>2665.2068813700444</ele></trkpt><trkpt lat="37.8657626453787" lon="-119.311229903251"><ele>2665.146629766666</ele></trkpt><trkpt lat="37.8653993736953" lon="-119.309942359105"><ele>2669.0</ele></trkpt><trkpt lat="37.8657769784331" lon="-119.309003083035"><ele>2669.0</ele></trkpt><trkpt lat="37.8659038804471" lon="-119.308159695938"><ele>2670.8866638337495</ele></trkpt><trkpt lat="37.8654904849827" lon="-119.306559255347"><ele>2678.038130210375</ele></trkpt><trkpt lat="37.8647791966796" lon="-119.30585777387"><ele>2682.5898594123046</ele></trkpt><trkpt lat="37.8634250164032" lon="-119.30362877436"><ele>2684.0</ele></trkpt><trkpt lat="37.8617888689041" lon="-119.30169490166"><ele>2687.0</ele></trkpt><trkpt lat="37.8597679082304" lon="-119.300118768588"><ele>2686.0</ele></trkpt><trkpt lat="37.858664849773" lon="-119.299624487758"><ele>2687.0</ele></trkpt><trkpt lat="37.8577912040055" lon="-119.299003304914"><ele>2689.0</ele></trkpt><trkpt lat="37.8574564307928" lon="-119.298481531441"><ele>2689.0</ele></trkpt><trkpt lat="37.857374958694" lon="-119.298626119271"><ele>2689.0</ele></trkpt><trkpt lat="37.8569384291768" lon="-119.298326801509"><ele>2689.0342419728795</ele></trkpt><trkpt lat="37.856698455289" lon="-119.297960260883"><ele>2688.096035693568</ele></trkpt><trkpt lat="37.8543474990874" lon="-119.296022029594"><ele>2692.0</ele></trkpt><trkpt lat="37.8523329086602" lon="-119.293654477224"><ele>2692.0</ele></trkpt><trkpt lat="37.8504277858883" lon="-119.29048737511"><ele>2692.0</ele></trkpt><trkpt lat="37.8486239165068" lon="-119.289502752945"><ele>2692.0</ele></trkpt><trkpt lat="37.8475678805262" lon="-119.289315836504"><ele>2691.6120656740645</ele></trkpt><trkpt lat="37.8453087899834" lon="-119.287018608302"><ele>2691.0</ele></trkpt><trkpt lat="37.8431527968496" lon="-119.286160217598"><ele>2692.0</ele></trkpt><trkpt lat="37.8387352824211" lon="-119.284997144714"><ele>2691.0</ele></trkpt><trkpt lat="37.836308889091" lon="-119.283276675269"><ele>2691.0</ele></trkpt><trkpt lat="37.8353695292026" lon="-119.283220013604"><ele>2694.0</ele></trkpt><trkpt lat="37.8348159883171" lon="-119.282926730812"><ele>2692.528685599234</ele></trkpt><trkpt lat="37.8328967001289" lon="-119.282550886273"><ele>2694.0238836757203</ele></trkpt><trkpt lat="37.8323111403733" lon="-119.281661901623"><ele>2696.0</ele></trkpt><trkpt lat="37.8320035245269" lon="-119.281812859699"><ele>2698.0</ele></trkpt><trkpt lat="37.8284609131515" lon="-119.28034208715"><ele>2702.343750018161</ele></trkpt><trkpt lat="37.8276275005192" lon="-119.280337225646"><ele>2705.0</ele></trkpt><trkpt lat="37.8266936726868" lon="-119.279441535473"><ele>2706.0</ele></trkpt><trkpt lat="37.8262153174728" lon="-119.279377162457"><ele>2710.0</ele></trkpt><trkpt lat="37.8255006764084" lon="-119.279741104692"><ele>2715.0</ele></trkpt><trkpt lat="37.8248154558241" lon="-119.278988493606"><ele>2713.0</ele></trkpt><trkpt lat="37.8249695990235" lon="-119.278275361285"><ele>2708.0</ele></trkpt><trkpt lat="37.8245064988732" lon="-119.277554098517"><ele>2707.0</ele></trkpt><trkpt lat="37.8217189293355" lon="-119.276804421097"><ele>2708.0</ele></trkpt><trkpt lat="37.8205443732441" lon="-119.27596363239"><ele>2710.0</ele></trkpt><trkpt lat="37.8198536206037" lon="-119.274971885607"><ele>2712.4713623989373</ele></trkpt><trkpt lat="37.8186744544655" lon="-119.274359000847"><ele>2714.0367802530527</ele></trkpt><trkpt lat="37.8183926548809" lon="-119.274067981169"><ele>2715.982810779879</ele></trkpt><trkpt lat="37.8184471372515" lon="-119.273957172409"><ele>2715.0</ele></trkpt><trkpt lat="37.8174684662372" lon="-119.273716779426"><ele>2721.0</ele></trkpt><trkpt lat="37.8167251590639" lon="-119.273107666522"><ele>2716.0338711794466</ele></trkpt><trkpt lat="37.8161531779915" lon="-119.272280205041"><ele>2716.0</ele></trkpt><trkpt lat="37.8128874208778" lon="-119.270556718111"><ele>2715.6075947268246</ele></trkpt><trkpt lat="37.8123640548438" lon="-119.270039554685"><ele>2715.449754025753</ele></trkpt><trkpt lat="37.8123753704131" lon="-119.269571593031"><ele>2715.0</ele></trkpt><trkpt lat="37.812147801742" lon="-119.269074127078"><ele>2717.0</ele></trkpt><trkpt lat="37.8122099116445" lon="-119.268369879574"><ele>2715.601562480908</ele></trkpt><trkpt lat="37.8110966272652" lon="-119.268092606217"><ele>2715.4765625158325</ele></trkpt><trkpt lat="37.8099505696446" lon="-119.267095327377"><ele>2715.9999999954125</ele></trkpt><trkpt lat="37.8083674795926" lon="-119.266765918583"><ele>2723.0</ele></trkpt><trkpt lat="37.807435747236" lon="-119.266308350489"><ele>2726.0</ele></trkpt><trkpt lat="37.8071863856167" lon="-119.266473809257"><ele>2730.0</ele></trkpt><trkpt lat="37.8065295796841" lon="-119.266230482608"><ele>2733.3228222863418</ele></trkpt><trkpt lat="37.8055719472468" lon="-119.265604354441"><ele>2734.0</ele></trkpt><trkpt lat="37.8049413766712" lon="-119.264900274575"><ele>2728.0</ele></trkpt><trkpt lat="37.8032941650599" lon="-119.263949515298"><ele>2729.0</ele></trkpt><trkpt lat="37.8020215407014" lon="-119.26381691359"><ele>2729.214843758382</ele></trkpt><trkpt lat="37.8010556939989" lon="-119.263212997466"><ele>2729.0</ele></trkpt><trkpt lat="37.8001869935542" lon="-119.263166310266"><ele>2729.0</ele></trkpt><trkpt lat="37.7997378073633" lon="-119.262826927006"><ele>2729.0</ele></trkpt><trkpt lat="37.7989092562348" lon="-119.26273313351"><ele>2733.978861836938</ele></trkpt><trkpt lat="37.7980780228972" lon="-119.262138605118"><ele>2734.0</ele></trkpt><trkpt lat="37.7977412380278" lon="-119.262123350054"><ele>2734.0</ele></trkpt><trkpt lat="37.7977393940091" lon="-119.261986557394"><ele>2733.0</ele></trkpt><trkpt lat="37.7952146809548" lon="-119.262736150995"><ele>2736.0</ele></trkpt><trkpt lat="37.7930689975619" lon="-119.262867914513"><ele>2734.9882812616415</ele></trkpt><trkpt lat="37.792395260185" lon="-119.262533225119"><ele>2734.0</ele></trkpt><trkpt lat="37.7919164020568" lon="-119.261786565185"><ele>2734.2025216804395</ele></trkpt><trkpt lat="37.791501916945" lon="-119.26163895987"><ele>2734.714843762107</ele></trkpt><trkpt lat="37.7905131038278" lon="-119.261692771688"><ele>2737.222656245809</ele></trkpt><trkpt lat="37.7890381403267" lon="-119.262412106618"><ele>2757.746093736496</ele></trkpt><trkpt lat="37.7890031877905" lon="-119.262793147936"><ele>2764.9303437154276</ele></trkpt><trkpt lat="37.7885244973004" lon="-119.263088190928"><ele>2772.253906245809</ele></trkpt><trkpt lat="37.7865911275148" lon="-119.263134375215"><ele>2792.0</ele></trkpt><trkpt lat="37.785420762375" lon="-119.263607701287"><ele>2818.464843765367</ele></trkpt><trkpt lat="37.7848833985627" lon="-119.263166980818"><ele>2823.076677299044</ele></trkpt><trkpt lat="37.7847131621093" lon="-119.263199083507"><ele>2830.1724910900625</ele></trkpt><trkpt lat="37.7844840008765" lon="-119.262765068561"><ele>2840.195312506985</ele></trkpt><trkpt lat="37.7843099925667" lon="-119.262725086883"><ele>2844.297262875606</ele></trkpt><trkpt lat="37.7843876928091" lon="-119.262803960592"><ele>2845.3266685788344</ele></trkpt><trkpt lat="37.7841268479824" lon="-119.262959193438"><ele>2859.2531319509408</ele></trkpt><trkpt lat="37.7838531788439" lon="-119.262730870396"><ele>2864.0</ele></trkpt><trkpt lat="37.7838975191116" lon="-119.263048544526"><ele>2869.9543557855222</ele></trkpt><trkpt lat="37.783494098112" lon="-119.263084335253"><ele>2881.080045427745</ele></trkpt><trkpt lat="37.7835104428232" lon="-119.263257002458"><ele>2886.163590958342</ele></trkpt><trkpt lat="37.7832127176225" lon="-119.263435536996"><ele>2898.7756626153187</ele></trkpt><trkpt lat="37.7834450639784" lon="-119.263671571389"><ele>2902.942845922995</ele></trkpt><trkpt lat="37.7829356957227" lon="-119.26386368461"><ele>2915.0</ele></trkpt><trkpt lat="37.7825186960399" lon="-119.263717504218"><ele>2925.826329168457</ele></trkpt><trkpt lat="37.7821566816419" lon="-119.263289021328"><ele>2938.9492793922027</ele></trkpt><trkpt lat="37.7811191696674" lon="-119.263617591932"><ele>2961.0</ele></trkpt><trkpt lat="37.7797664143145" lon="-119.263091124594"><ele>2957.0</ele></trkpt><trkpt lat="37.7791410405189" lon="-119.263106882572"><ele>2954.0</ele></trkpt><trkpt lat="37.778755472973" lon="-119.262650320306"><ele>2949.8476562299766</ele></trkpt><trkpt lat="37.7778295241296" lon="-119.262413782999"><ele>2943.012935060237</ele></trkpt><trkpt lat="37.7775100897998" lon="-119.262031232938"><ele>2943.0</ele></trkpt><trkpt lat="37.7765351906419" lon="-119.261792600155"><ele>2956.33197167702</ele></trkpt><trkpt lat="37.7756928093731" lon="-119.261016771197"><ele>2968.0</ele></trkpt><trkpt lat="37.7746454067528" lon="-119.260715441778"><ele>2976.0</ele></trkpt><trkpt lat="37.7743378747255" lon="-119.260477144271"><ele>2982.0</ele></trkpt><trkpt lat="37.7744430676103" lon="-119.260289138183"><ele>2986.060377168999</ele></trkpt><trkpt lat="37.7737943921238" lon="-119.260155530646"><ele>2990.0</ele></trkpt><trkpt lat="37.7738339547068" lon="-119.2597492598"><ele>3000.0</ele></trkpt><trkpt lat="37.773467246443" lon="-119.259305270389"><ele>3007.033590571053</ele></trkpt><trkpt lat="37.772396793589" lon="-119.259309126064"><ele>3018.863281258382</ele></trkpt><trkpt lat="37.7721306681633" lon="-119.258544612676"><ele>3045.0206916686147</ele></trkpt><trkpt lat="37.7716628741473" lon="-119.25815468654"><ele>3063.8658647310767</ele></trkpt><trkpt lat="37.771019982174" lon="-119.258332718164"><ele>3079.686004577429</ele></trkpt><trkpt lat="37.7695763669908" lon="-119.256933191791"><ele>3092.0</ele></trkpt><trkpt lat="37.7687635738403" lon="-119.25707006827"><ele>3097.210937498603</ele></trkpt><trkpt lat="37.7685132063925" lon="-119.256678381935"><ele>3103.843152888125</ele></trkpt><trkpt lat="37.767948936671" lon="-119.256550977007"><ele>3107.177257625156</ele></trkpt><trkpt lat="37.7677187696099" lon="-119.25676966086"><ele>3109.0</ele></trkpt><trkpt lat="37.7670266758651" lon="-119.256945513189"><ele>3110.0</ele></trkpt><trkpt lat="37.7664970234036" lon="-119.257761659101"><ele>3128.8641532156616</ele></trkpt><trkpt lat="37.7659318316728" lon="-119.258279157802"><ele>3146.7265073437306</ele></trkpt><trkpt lat="37.7660842146724" lon="-119.258252670988"><ele>3148.3609568878437</ele></trkpt><trkpt lat="37.7659342624247" lon="-119.258608734235"><ele>3167.9921874841675</ele></trkpt><trkpt lat="37.7653978206217" lon="-119.258961612359"><ele>3185.8419032786096</ele></trkpt><trkpt lat="37.7641181554645" lon="-119.259017854929"><ele>3194.5625000018626</ele></trkpt><trkpt lat="37.7634186018258" lon="-119.259306527674"><ele>3204.3751595072645</ele></trkpt><trkpt lat="37.7630725130439" lon="-119.258927078918"><ele>3204.332031268161</ele></trkpt><trkpt lat="37.7617060113698" lon="-119.258713843301"><ele>3216.0</ele></trkpt><trkpt lat="37.7621710393578" lon="-119.258150244132"><ele>3206.1058294050117</ele></trkpt><trkpt lat="37.7619377709925" lon="-119.258170612156"><ele>3205.220654079213</ele></trkpt><trkpt lat="37.7619663532823" lon="-119.258012948558"><ele>3201.0</ele></trkpt><trkpt lat="37.7626771386713" lon="-119.25765261054"><ele>3197.9784730473357</ele></trkpt><trkpt lat="37.7627094089985" lon="-119.257484888658"><ele>3196.0</ele></trkpt><trkpt lat="37.7622817642987" lon="-119.257163694128"><ele>3197.900703111959</ele></trkpt><trkpt lat="37.7622687723488" lon="-119.25694107078"><ele>3203.2226562574506</ele></trkpt><trkpt lat="37.7627148572356" lon="-119.256752980873"><ele>3214.868787163625</ele></trkpt><trkpt lat="37.7629483770579" lon="-119.255579765886"><ele>3228.0</ele></trkpt><trkpt lat="37.7633633650839" lon="-119.25512496382"><ele>3233.0</ele></trkpt><trkpt lat="37.7638230286539" lon="-119.254158781841"><ele>3243.8867187686265</ele></trkpt><trkpt lat="37.7640749048442" lon="-119.2541762162"><ele>3247.0742187495343</ele></trkpt><trkpt lat="37.7639076858759" lon="-119.253888381645"><ele>3252.0</ele></trkpt><trkpt lat="37.7639577258378" lon="-119.253600630909"><ele>3255.9133856944654</ele></trkpt><trkpt lat="37.7643793355674" lon="-119.2534508463"><ele>3259.0</ele></trkpt><trkpt lat="37.7651498839259" lon="-119.252486843616"><ele>3272.0</ele></trkpt><trkpt lat="37.7656890079379" lon="-119.252356924117"><ele>3279.0</ele></trkpt><trkpt lat="37.765900734812" lon="-119.252130193636"><ele>3286.0</ele></trkpt><trkpt lat="37.7646628115326" lon="-119.251410271972"><ele>3300.2801832925097</ele></trkpt><trkpt lat="37.7643911540508" lon="-119.251517308876"><ele>3300.2980559723624</ele></trkpt><trkpt lat="37.7638778463006" lon="-119.251268198714"><ele>3305.597656233702</ele></trkpt><trkpt lat="37.7633563242853" lon="-119.251342881471"><ele>3311.3873914202145</ele></trkpt><trkpt lat="37.7621727157384" lon="-119.251052280888"><ele>3338.080198055133</ele></trkpt><trkpt lat="37.761939028278" lon="-119.250550959259"><ele>3349.856021331623</ele></trkpt><trkpt lat="37.76197087951" lon="-119.249721653759"><ele>3357.0</ele></trkpt><trkpt lat="37.7616637665778" lon="-119.249736154452"><ele>3363.0822582939445</ele></trkpt><trkpt lat="37.7616319991648" lon="-119.24943331629"><ele>3366.004894268946</ele></trkpt><trkpt lat="37.7610264904797" lon="-119.248766200617"><ele>3366.0</ele></trkpt><trkpt lat="37.7608301024884" lon="-119.248025408015"><ele>3370.0</ele></trkpt><trkpt lat="37.7602956723422" lon="-119.247934212908"><ele>3369.0</ele></trkpt><trkpt lat="37.7600261941552" lon="-119.24742853269"><ele>3363.3844731021672</ele></trkpt><trkpt lat="37.7601743023843" lon="-119.246789412573"><ele>3352.0</ele></trkpt><trkpt lat="37.7599177323282" lon="-119.246834423393"><ele>3348.997927610544</ele></trkpt><trkpt lat="37.7599214203656" lon="-119.246715400368"><ele>3347.2265625009313</ele></trkpt><trkpt lat="37.7597133815289" lon="-119.246956296265"><ele>3344.9698037764324</ele></trkpt><trkpt lat="37.7596309874207" lon="-119.246811205521"><ele>3342.0</ele></trkpt><trkpt lat="37.7597925905138" lon="-119.246118022129"><ele>3335.3860094584525</ele></trkpt><trkpt lat="37.7602401841432" lon="-119.245657185093"><ele>3331.9998928088985</ele></trkpt><trkpt lat="37.7602432854474" lon="-119.245197353885"><ele>3324.905640857802</ele></trkpt><trkpt lat="37.7618780918419" lon="-119.244017684832"><ele>3303.0</ele></trkpt><trkpt lat="37.761635184288" lon="-119.24373739399"><ele>3295.0</ele></trkpt><trkpt lat="37.761672148481" lon="-119.243459701538"><ele>3290.0</ele></trkpt><trkpt lat="37.7615317516029" lon="-119.243278484792"><ele>3287.0</ele></trkpt><trkpt lat="37.7620075922459" lon="-119.242728296667"><ele>3275.0</ele></trkpt><trkpt lat="37.7633696515113" lon="-119.242395702749"><ele>3256.0</ele></trkpt><trkpt lat="37.7650436852127" lon="-119.24125995487"><ele>3224.997400636859</ele></trkpt><trkpt lat="37.7647711057216" lon="-119.240637850016"><ele>3213.0</ele></trkpt><trkpt lat="37.7643818501383" lon="-119.240311374888"><ele>3207.116546318758</ele></trkpt><trkpt lat="37.7644359134138" lon="-119.239558344707"><ele>3200.6835937551223</ele></trkpt><trkpt lat="37.7639031596482" lon="-119.238790310919"><ele>3200.0</ele></trkpt><trkpt lat="37.763833841309" lon="-119.238386722282"><ele>3199.0</ele></trkpt><trkpt lat="37.76407180354" lon="-119.237334709615"><ele>3193.0</ele></trkpt><trkpt lat="37.7632635366172" lon="-119.235869385302"><ele>3193.0</ele></trkpt><trkpt lat="37.7631426695734" lon="-119.234804129228"><ele>3187.9880325724275</ele></trkpt><trkpt lat="37.7632688172162" lon="-119.233985384926"><ele>3182.0</ele></trkpt><trkpt lat="37.7621498331428" lon="-119.232174726203"><ele>3170.5820312462747</ele></trkpt><trkpt lat="37.7620754018426" lon="-119.23174129799"><ele>3166.0</ele></trkpt><trkpt lat="37.7610970661044" lon="-119.230531034991"><ele>3165.0</ele></trkpt><trkpt lat="37.7610143367201" lon="-119.229495283216"><ele>3158.0</ele></trkpt><trkpt lat="37.7612082939595" lon="-119.228423656896"><ele>3155.9479522688325</ele></trkpt><trkpt lat="37.7607361413538" lon="-119.227956030518"><ele>3151.9820645393233</ele></trkpt><trkpt lat="37.7602583728731" lon="-119.227823680267"><ele>3145.0</ele></trkpt><trkpt lat="37.7601632382721" lon="-119.227079115808"><ele>3145.058736693056</ele></trkpt><trkpt lat="37.7597257867456" lon="-119.226661277935"><ele>3146.0</ele></trkpt><trkpt lat="37.75928305462" lon="-119.225675649941"><ele>3139.0</ele></trkpt><trkpt lat="37.7589962258935" lon="-119.225643882528"><ele>3133.0734399990656</ele></trkpt><trkpt lat="37.7586507238448" lon="-119.225874049589"><ele>3132.0</ele></trkpt><trkpt lat="37.7580086700618" lon="-119.225641284138"><ele>3122.0</ele></trkpt><trkpt lat="37.7577087655664" lon="-119.225755529478"><ele>3121.0</ele></trkpt><trkpt lat="37.7564797271043" lon="-119.225530894473"><ele>3104.0</ele></trkpt><trkpt lat="37.7560248412192" lon="-119.225220009685"><ele>3099.0</ele></trkpt><trkpt lat="37.7548462618143" lon="-119.223663574085"><ele>3097.9554726854844</ele></trkpt><trkpt lat="37.7541171200573" lon="-119.223499456421"><ele>3097.930647574365</ele></trkpt><trkpt lat="37.7540190517902" lon="-119.223252860829"><ele>3096.7929687397555</ele></trkpt><trkpt lat="37.7536349091679" lon="-119.223129311576"><ele>3097.0</ele></trkpt><trkpt lat="37.753172731027" lon="-119.22255339101"><ele>3090.0</ele></trkpt><trkpt lat="37.7528631873429" lon="-119.222601419315"><ele>3087.0</ele></trkpt><trkpt lat="37.7519602049142" lon="-119.220791012049"><ele>3077.0</ele></trkpt><trkpt lat="37.7513416204602" lon="-119.220747929066"><ele>3068.5036168553524</ele></trkpt><trkpt lat="37.7503600995988" lon="-119.21999967657"><ele>3059.0</ele></trkpt><trkpt lat="37.749850731343" lon="-119.220162034035"><ele>3056.4507010392035</ele></trkpt><trkpt lat="37.7496654074639" lon="-119.220464117825"><ele>3057.1165225724308</ele></trkpt><trkpt lat="37.7492874674499" lon="-119.220371497795"><ele>3057.2058432153117</ele></trkpt><trkpt lat="37.7488793525845" lon="-119.219618048519"><ele>3056.0</ele></trkpt><trkpt lat="37.7490205876529" lon="-119.219219572842"><ele>3051.0</ele></trkpt><trkpt lat="37.7488634269685" lon="-119.218939617276"><ele>3046.0</ele></trkpt><trkpt lat="37.7489078510553" lon="-119.218715569004"><ele>3043.0</ele></trkpt><trkpt lat="37.7480115741491" lon="-119.218122214079"><ele>3034.0</ele></trkpt><trkpt lat="37.7477709297091" lon="-119.217499354854"><ele>3027.993528348794</ele></trkpt><trkpt lat="37.7475996036083" lon="-119.216102845967"><ele>3011.0454583206633</ele></trkpt><trkpt lat="37.7467746566981" lon="-119.21529667452"><ele>3009.007812511176</ele></trkpt><trkpt lat="37.7467336691916" lon="-119.214840782806"><ele>3001.6741225136216</ele></trkpt><trkpt lat="37.7456183731556" lon="-119.215889023617"><ele>2993.1526607461274</ele></trkpt><trkpt lat="37.745460961014" lon="-119.215586436912"><ele>2982.0</ele></trkpt><trkpt lat="37.7457817364484" lon="-119.214520677924"><ele>2969.6587675293595</ele></trkpt><trkpt lat="37.7454031258821" lon="-119.214613465592"><ele>2964.0783942783855</ele></trkpt><trkpt lat="37.7447132114321" lon="-119.215326178819"><ele>2961.6912674666305</ele></trkpt><trkpt lat="37.7447111159563" lon="-119.213652899489"><ele>2947.0</ele></trkpt><trkpt lat="37.7441113907844" lon="-119.212736338377"><ele>2941.6875</ele></trkpt><trkpt lat="37.7446480002254" lon="-119.212312046438"><ele>2928.0</ele></trkpt><trkpt lat="37.7447386085987" lon="-119.212014237419"><ele>2926.6974334660918</ele></trkpt><trkpt lat="37.7452431991696" lon="-119.212290504947"><ele>2926.910156236496</ele></trkpt><trkpt lat="37.7450708672404" lon="-119.212123705074"><ele>2925.0</ele></trkpt><trkpt lat="37.7451166324317" lon="-119.211967131123"><ele>2926.0</ele></trkpt><trkpt lat="37.7453400939703" lon="-119.21197257936"><ele>2929.0</ele></trkpt></trkseg></trk><trk><name>2013-09-16</name><trkseg><trkpt lat="37.7453215699643" lon="-119.211977021769"><ele>2929.0</ele></trkpt><trkpt lat="37.7453409321606" lon="-119.212279357016"><ele>2925.922359447386</ele></trkpt><trkpt lat="37.7447793446481" lon="-119.212359655648"><ele>2929.0</ele></trkpt><trkpt lat="37.7439961396158" lon="-119.212780846283"><ele>2943.4148694569285</ele></trkpt><trkpt lat="37.7441044338047" lon="-119.212643215433"><ele>2940.0</ele></trkpt><trkpt lat="37.7437098976225" lon="-119.212305592373"><ele>2932.6132812495343</ele></trkpt><trkpt lat="37.743914918974" lon="-119.211999988183"><ele>2930.0</ele></trkpt><trkpt lat="37.7437856700271" lon="-119.211977273226"><ele>2929.0</ele></trkpt><trkpt lat="37.743854066357" lon="-119.21114939265"><ele>2932.0</ele></trkpt><trkpt lat="37.743634711951" lon="-119.211104968563"><ele>2936.6601562630385</ele></trkpt><trkpt lat="37.743711406365" lon="-119.211283670738"><ele>2939.0</ele></trkpt><trkpt lat="37.7434810716659" lon="-119.211287777871"><ele>2940.6652528940394</ele></trkpt><trkpt lat="37.7422886621207" lon="-119.210578752682"><ele>2942.21013187348</ele></trkpt><trkpt lat="37.742120353505" lon="-119.209986319765"><ele>2939.0</ele></trkpt><trkpt lat="37.7425759099424" lon="-119.20930990018"><ele>2939.000610688572</ele></trkpt><trkpt lat="37.7423049230129" lon="-119.208821151406"><ele>2943.3245722250813</ele></trkpt><trkpt lat="37.7417668886483" lon="-119.208406833932"><ele>2952.848667473914</ele></trkpt><trkpt lat="37.7414263319224" lon="-119.207867877558"><ele>2960.905336426571</ele></trkpt><trkpt lat="37.7414316125214" lon="-119.207632513717"><ele>2962.6623060255406</ele></trkpt><trkpt lat="37.7410021238029" lon="-119.207285251468"><ele>2972.318257989372</ele></trkpt><trkpt lat="37.7409286983311" lon="-119.206940168515"><ele>2978.5652541071095</ele></trkpt><trkpt lat="37.7404352556914" lon="-119.206471620128"><ele>2987.185335002713</ele></trkpt><trkpt lat="37.7403512690216" lon="-119.205894106999"><ele>2994.0</ele></trkpt><trkpt lat="37.7404171507806" lon="-119.205169240013"><ele>2999.964843738824</ele></trkpt><trkpt lat="37.7405836153775" lon="-119.204860702157"><ele>3003.7172588591284</ele></trkpt><trkpt lat="37.7405970264226" lon="-119.203979009762"><ele>3011.0</ele></trkpt><trkpt lat="37.7403289731592" lon="-119.203344415873"><ele>3019.0</ele></trkpt><trkpt lat="37.7401084452868" lon="-119.203172922134"><ele>3023.0</ele></trkpt><trkpt lat="37.7401189226657" lon="-119.20231461525"><ele>3036.0</ele></trkpt><trkpt lat="37.7403595671058" lon="-119.201670130715"><ele>3045.035156238824</ele></trkpt><trkpt lat="37.7401397936046" lon="-119.201661245897"><ele>3047.0</ele></trkpt><trkpt lat="37.7400150708854" lon="-119.201184818521"><ele>3055.603500548009</ele></trkpt><trkpt lat="37.740254541859" lon="-119.200379569083"><ele>3060.0</ele></trkpt><trkpt lat="37.7402210980654" lon="-119.199800128117"><ele>3066.1713329418017</ele></trkpt><trkpt lat="37.7400532085449" lon="-119.199462337419"><ele>3072.9871850930936</ele></trkpt><trkpt lat="37.7395942155272" lon="-119.199148686603"><ele>3081.0</ele></trkpt><trkpt lat="37.739747017622" lon="-119.198308568448"><ele>3082.0</ele></trkpt><trkpt lat="37.739231782034" lon="-119.197461325675"><ele>3090.8626431212538</ele></trkpt><trkpt lat="37.7390009444207" lon="-119.196250392124"><ele>3083.0</ele></trkpt><trkpt lat="37.7379418071359" lon="-119.195713447407"><ele>3104.363281255588</ele></trkpt><trkpt lat="37.7373307663947" lon="-119.194974079728"><ele>3103.9310023280245</ele></trkpt><trkpt lat="37.736776387319" lon="-119.19468482025"><ele>3106.0</ele></trkpt><trkpt lat="37.7363789174706" lon="-119.194091884419"><ele>3109.0</ele></trkpt><trkpt lat="37.7362699527293" lon="-119.194274945185"><ele>3110.0</ele></trkpt><trkpt lat="37.7360319066793" lon="-119.193440778181"><ele>3109.0</ele></trkpt><trkpt lat="37.7357434015721" lon="-119.193043727428"><ele>3112.0</ele></trkpt><trkpt lat="37.7350116614252" lon="-119.192588673905"><ele>3113.7382812709548</ele></trkpt><trkpt lat="37.7345180511475" lon="-119.192592613399"><ele>3114.0</ele></trkpt><trkpt lat="37.7339695394039" lon="-119.192301845178"><ele>3116.0</ele></trkpt><trkpt lat="37.7334066107869" lon="-119.192535029724"><ele>3113.6125076744547</ele></trkpt><trkpt lat="37.733015678823" lon="-119.192087100819"><ele>3113.0</ele></trkpt><trkpt lat="37.7328022755682" lon="-119.191538924351"><ele>3110.0</ele></trkpt><trkpt lat="37.7325925603509" lon="-119.190766196698"><ele>3107.0</ele></trkpt><trkpt lat="37.7326690871269" lon="-119.19047165662"><ele>3109.0</ele></trkpt><trkpt lat="37.732132896781" lon="-119.188996441662"><ele>3103.0</ele></trkpt><trkpt lat="37.7321629039943" lon="-119.187681907788"><ele>3104.0</ele></trkpt><trkpt lat="37.7323112636805" lon="-119.187279995531"><ele>3101.981958806755</ele></trkpt><trkpt lat="37.7322399336845" lon="-119.186658142135"><ele>3099.0</ele></trkpt><trkpt lat="37.732053603977" lon="-119.186508860439"><ele>3098.6015625023283</ele></trkpt><trkpt lat="37.7320825215429" lon="-119.186171824113"><ele>3102.841155992821</ele></trkpt><trkpt lat="37.7314654458314" lon="-119.18527353555"><ele>3100.0</ele></trkpt><trkpt lat="37.7311674691737" lon="-119.183657504618"><ele>3093.5474820714444</ele></trkpt><trkpt lat="37.7313696406782" lon="-119.18324184604"><ele>3098.0</ele></trkpt><trkpt lat="37.7313563134521" lon="-119.182397369295"><ele>3093.0</ele></trkpt><trkpt lat="37.7315820381045" lon="-119.181567225605"><ele>3090.9785254922626</ele></trkpt><trkpt lat="37.7315134741366" lon="-119.181090127677"><ele>3093.0</ele></trkpt><trkpt lat="37.7303048036993" lon="-119.179121218622"><ele>3074.636852705068</ele></trkpt><trkpt lat="37.7300456352532" lon="-119.178202226758"><ele>3078.7626452256227</ele></trkpt><trkpt lat="37.7301337290555" lon="-119.177825711668"><ele>3080.46602570045</ele></trkpt><trkpt lat="37.7305840887129" lon="-119.177828142419"><ele>3077.0</ele></trkpt><trkpt lat="37.7307396568358" lon="-119.177295891568"><ele>3071.367055235116</ele></trkpt><trkpt lat="37.73063454777" lon="-119.177137138322"><ele>3069.0</ele></trkpt><trkpt lat="37.7306919638067" lon="-119.175683548674"><ele>3060.4256046111796</ele></trkpt><trkpt lat="37.7304730284959" lon="-119.173820083961"><ele>3046.6276343334466</ele></trkpt><trkpt lat="37.7302922308445" lon="-119.173671472818"><ele>3043.974213698879</ele></trkpt><trkpt lat="37.7303038816899" lon="-119.17389979586"><ele>3042.923134992419</ele></trkpt><trkpt lat="37.7301011234522" lon="-119.173703575507"><ele>3038.0</ele></trkpt><trkpt lat="37.7296224329621" lon="-119.172546369955"><ele>3024.655215331598</ele></trkpt><trkpt lat="37.7296785078943" lon="-119.172983486205"><ele>3023.0570274844295</ele></trkpt><trkpt lat="37.7295548748225" lon="-119.172846609727"><ele>3018.526109702885</ele></trkpt><trkpt lat="37.7292088698596" lon="-119.172085784376"><ele>3009.7980150878357</ele></trkpt><trkpt lat="37.7289162576199" lon="-119.171974891797"><ele>3005.1259368198093</ele></trkpt><trkpt lat="37.728351065889" lon="-119.171088421717"><ele>2997.0</ele></trkpt><trkpt lat="37.7280240040272" lon="-119.171160170808"><ele>2996.3221744131297</ele></trkpt><trkpt lat="37.7281850203872" lon="-119.170925561339"><ele>2997.0</ele></trkpt><trkpt lat="37.7277769893408" lon="-119.170240340754"><ele>2998.0</ele></trkpt><trkpt lat="37.7277284581214" lon="-119.169867513701"><ele>2999.0</ele></trkpt><trkpt lat="37.7265000902116" lon="-119.168283417821"><ele>3006.469980843365</ele></trkpt><trkpt lat="37.7264255750924" lon="-119.16840210557"><ele>3008.860518472269</ele></trkpt><trkpt lat="37.7263888623565" lon="-119.168208064511"><ele>3011.0</ele></trkpt><trkpt lat="37.7260395046324" lon="-119.168070098385"><ele>3019.6082726027817</ele></trkpt><trkpt lat="37.7256061602384" lon="-119.167570620775"><ele>3027.1413247790188</ele></trkpt><trkpt lat="37.7253533620387" lon="-119.167616134509"><ele>3025.0</ele></trkpt><trkpt lat="37.7252997178584" lon="-119.167065192014"><ele>3021.20699692637</ele></trkpt><trkpt lat="37.7246824745089" lon="-119.166488265619"><ele>3018.0</ele></trkpt><trkpt lat="37.724553141743" lon="-119.165928019211"><ele>3016.0</ele></trkpt><trkpt lat="37.7238478045911" lon="-119.164589261636"><ele>3016.9669654038835</ele></trkpt><trkpt lat="37.7238302025944" lon="-119.16392499581"><ele>3016.7996647047357</ele></trkpt><trkpt lat="37.7235999517143" lon="-119.163344632834"><ele>3022.0</ele></trkpt><trkpt lat="37.7237001154572" lon="-119.163050930947"><ele>3025.8203125032596</ele></trkpt><trkpt lat="37.7234452217817" lon="-119.162933500484"><ele>3028.0</ele></trkpt><trkpt lat="37.7229500189424" lon="-119.162130597979"><ele>3031.103958264563</ele></trkpt><trkpt lat="37.7223065402359" lon="-119.16183186695"><ele>3028.2828131118144</ele></trkpt><trkpt lat="37.7215782366693" lon="-119.159545786679"><ele>3023.0</ele></trkpt><trkpt lat="37.7211800962687" lon="-119.159582331777"><ele>3026.468749981839</ele></trkpt><trkpt lat="37.721273386851" lon="-119.159242613241"><ele>3033.127568337585</ele></trkpt><trkpt lat="37.7209092769772" lon="-119.159513851628"><ele>3034.66015623603</ele></trkpt><trkpt lat="37.7210453990847" lon="-119.159161476418"><ele>3043.0702620317056</ele></trkpt><trkpt lat="37.7209076844156" lon="-119.159258874133"><ele>3040.5429687602445</ele></trkpt><trkpt lat="37.720152977854" lon="-119.158858219162"><ele>3053.2148437327705</ele></trkpt><trkpt lat="37.7204457577318" lon="-119.15857700631"><ele>3061.3203125102445</ele></trkpt><trkpt lat="37.7200479526073" lon="-119.158669710159"><ele>3062.00000001397</ele></trkpt><trkpt lat="37.7196009457111" lon="-119.158343486488"><ele>3073.486721875461</ele></trkpt><trkpt lat="37.720097405836" lon="-119.158072415739"><ele>3080.835937513504</ele></trkpt><trkpt lat="37.7196479681879" lon="-119.15802648291"><ele>3078.9765624953434</ele></trkpt><trkpt lat="37.7191110234708" lon="-119.157660864294"><ele>3089.825654588469</ele></trkpt><trkpt lat="37.7188253682107" lon="-119.157262891531"><ele>3093.0</ele></trkpt><trkpt lat="37.7186919283122" lon="-119.156608097255"><ele>3092.4859460033476</ele></trkpt><trkpt lat="37.7178186178207" lon="-119.1565488372"><ele>3075.0</ele></trkpt><trkpt lat="37.7168770786375" lon="-119.155784575269"><ele>3060.7637702615666</ele></trkpt><trkpt lat="37.7169774938375" lon="-119.156197216362"><ele>3060.0</ele></trkpt><trkpt lat="37.7164943609387" lon="-119.156763833016"><ele>3053.003167938295</ele></trkpt><trkpt lat="37.7161924447864" lon="-119.156802808866"><ele>3042.233732846825</ele></trkpt><trkpt lat="37.7161990664899" lon="-119.156987797469"><ele>3039.0</ele></trkpt><trkpt lat="37.7156752813607" lon="-119.156886292621"><ele>3030.0</ele></trkpt><trkpt lat="37.7152354829013" lon="-119.156660316512"><ele>3027.0521318758338</ele></trkpt><trkpt lat="37.7152112592012" lon="-119.15647608228"><ele>3024.4262647088617</ele></trkpt><trkpt lat="37.7145220991224" lon="-119.155917428434"><ele>3008.82632118091</ele></trkpt><trkpt lat="37.7146126236767" lon="-119.156230995432"><ele>3007.159301219508</ele></trkpt><trkpt lat="37.7142279781401" lon="-119.156081127003"><ele>3000.0</ele></trkpt><trkpt lat="37.7142610028386" lon="-119.155694218352"><ele>2998.0</ele></trkpt><trkpt lat="37.7139727491885" lon="-119.155624397099"><ele>2987.0</ele></trkpt><trkpt lat="37.713741408661" lon="-119.154823003337"><ele>2981.2249444890763</ele></trkpt><trkpt lat="37.7135116606951" lon="-119.154514800757"><ele>2969.299842732027</ele></trkpt><trkpt lat="37.7134907897562" lon="-119.154693502933"><ele>2968.070312248543</ele></trkpt><trkpt lat="37.7135047875345" lon="-119.154142644256"><ele>2963.8949370719492</ele></trkpt><trkpt lat="37.7144438959658" lon="-119.153959415853"><ele>2957.4843749990687</ele></trkpt><trkpt lat="37.7150121051818" lon="-119.153330102563"><ele>2957.1083785077813</ele></trkpt><trkpt lat="37.71499408409" lon="-119.152262751013"><ele>2954.0</ele></trkpt><trkpt lat="37.715305890888" lon="-119.152174321935"><ele>2956.2942248051986</ele></trkpt><trkpt lat="37.7153757121414" lon="-119.151780456305"><ele>2957.0</ele></trkpt><trkpt lat="37.7149079181254" lon="-119.151264717802"><ele>2955.0</ele></trkpt><trkpt lat="37.7148828562349" lon="-119.1509533301"><ele>2952.920727023855</ele></trkpt><trkpt lat="37.7153246663511" lon="-119.150351844728"><ele>2961.0</ele></trkpt><trkpt lat="37.7154659014195" lon="-119.149880446494"><ele>2959.348625752502</ele></trkpt><trkpt lat="37.7151924837381" lon="-119.150730874389"><ele>2952.9840661612425</ele></trkpt><trkpt lat="37.7147864643484" lon="-119.151240158826"><ele>2952.2421875051223</ele></trkpt><trkpt lat="37.7138354536146" lon="-119.151722453535"><ele>2952.0</ele></trkpt><trkpt lat="37.7132626343518" lon="-119.151743324473"><ele>2952.0</ele></trkpt><trkpt lat="37.7126046549529" lon="-119.151383908466"><ele>2954.0</ele></trkpt><trkpt lat="37.712039379403" lon="-119.151504524052"><ele>2958.399222200096</ele></trkpt><trkpt lat="37.7112613711506" lon="-119.152196031064"><ele>2969.5305018611252</ele></trkpt><trkpt lat="37.7111503947526" lon="-119.151992350817"><ele>2975.8027928359807</ele></trkpt><trkpt lat="37.7105613145977" lon="-119.152523344383"><ele>2979.2228785426023</ele></trkpt><trkpt lat="37.7100786846131" lon="-119.152653347701"><ele>2983.0</ele></trkpt><trkpt lat="37.7092371415347" lon="-119.153516935185"><ele>2995.0696802013235</ele></trkpt><trkpt lat="37.7092185337097" lon="-119.153125500306"><ele>3009.9847119264305</ele></trkpt><trkpt lat="37.7089468762279" lon="-119.153183754534"><ele>3011.664062478114</ele></trkpt><trkpt lat="37.7090394124389" lon="-119.152437681332"><ele>3028.4335937602445</ele></trkpt><trkpt lat="37.7084922417998" lon="-119.153008656576"><ele>3035.8927376725583</ele></trkpt><trkpt lat="37.7084562834352" lon="-119.152556117624"><ele>3042.4643442050296</ele></trkpt><trkpt lat="37.7082460653037" lon="-119.152868175879"><ele>3047.8913263976574</ele></trkpt><trkpt lat="37.7080122102052" lon="-119.152541868389"><ele>3058.0888695819303</ele></trkpt><trkpt lat="37.708096280694" lon="-119.152332656086"><ele>3056.3281249757856</ele></trkpt><trkpt lat="37.707863682881" lon="-119.152246238664"><ele>3060.4162494111806</ele></trkpt><trkpt lat="37.708054035902" lon="-119.152092095464"><ele>3065.906347858131</ele></trkpt><trkpt lat="37.7076161652803" lon="-119.151283660904"><ele>3069.2148437299766</ele></trkpt><trkpt lat="37.7076662052423" lon="-119.150977134705"><ele>3075.499999980442</ele></trkpt><trkpt lat="37.7070690784603" lon="-119.150386964902"><ele>3070.7773954586264</ele></trkpt><trkpt lat="37.7068606205285" lon="-119.150524260476"><ele>3066.4971144329756</ele></trkpt><trkpt lat="37.7065931539982" lon="-119.149978095666"><ele>3057.741800658405</ele></trkpt><trkpt lat="37.7059888187796" lon="-119.149407204241"><ele>3047.664062479511</ele></trkpt><trkpt lat="37.7062631584704" lon="-119.149797381833"><ele>3044.783717153594</ele></trkpt><trkpt lat="37.7062683552504" lon="-119.150205245242"><ele>3041.321345713026</ele></trkpt><trkpt lat="37.7048781327903" lon="-119.14852685295"><ele>3031.503183682424</ele></trkpt><trkpt lat="37.7042760606855" lon="-119.148092754185"><ele>3028.0</ele></trkpt><trkpt lat="37.7036267984658" lon="-119.146954575554"><ele>3014.000360216765</ele></trkpt><trkpt lat="37.7025558426976" lon="-119.145859647542"><ele>3000.0</ele></trkpt><trkpt lat="37.7015851344913" lon="-119.145156573504"><ele>2983.8114609336167</ele></trkpt><trkpt lat="37.7014262136072" lon="-119.144829930738"><ele>2982.0</ele></trkpt><trkpt lat="37.701491843909" lon="-119.144662544131"><ele>2982.0</ele></trkpt><trkpt lat="37.7011636085808" lon="-119.144305642694"><ele>2978.0</ele></trkpt><trkpt lat="37.7009143307805" lon="-119.144644858316"><ele>2973.0</ele></trkpt><trkpt lat="37.7002820000052" lon="-119.144255183637"><ele>2959.9962522529213</ele></trkpt><trkpt lat="37.6998255215585" lon="-119.14439172484"><ele>2947.1083251535892</ele></trkpt><trkpt lat="37.6995238568634" lon="-119.144125264138"><ele>2939.4587854976594</ele></trkpt><trkpt lat="37.6987462677062" lon="-119.145199237391"><ele>2921.7695312658325</ele></trkpt><trkpt lat="37.6984451897442" lon="-119.146416205913"><ele>2906.8071857877076</ele></trkpt><trkpt lat="37.6981880329549" lon="-119.146772939712"><ele>2900.3769158469777</ele></trkpt><trkpt lat="37.6976383477449" lon="-119.147034622729"><ele>2892.2851294763386</ele></trkpt><trkpt lat="37.6974605675787" lon="-119.147874657065"><ele>2889.728216293268</ele></trkpt><trkpt lat="37.6970796100795" lon="-119.14806635119"><ele>2876.0</ele></trkpt><trkpt lat="37.6969337649643" lon="-119.147848924622"><ele>2872.0</ele></trkpt><trkpt lat="37.6968977227807" lon="-119.148292075843"><ele>2867.87649091527</ele></trkpt><trkpt lat="37.6965768635273" lon="-119.148655766621"><ele>2864.0</ele></trkpt><trkpt lat="37.6965547353029" lon="-119.14902029559"><ele>2860.4624293744564</ele></trkpt><trkpt lat="37.696303864941" lon="-119.149440648034"><ele>2858.9669648535273</ele></trkpt><trkpt lat="37.695928523317" lon="-119.14918307215"><ele>2848.096877313271</ele></trkpt><trkpt lat="37.6960120908916" lon="-119.148919461295"><ele>2846.303982875448</ele></trkpt><trkpt lat="37.6958168763667" lon="-119.148626765236"><ele>2841.0044832397252</ele></trkpt><trkpt lat="37.6953488308936" lon="-119.148727599531"><ele>2835.6268386913184</ele></trkpt><trkpt lat="37.6955591328442" lon="-119.14893723093"><ele>2833.5664062369615</ele></trkpt><trkpt lat="37.6952961925417" lon="-119.149322630838"><ele>2826.6054687290452</ele></trkpt><trkpt lat="37.6950253732502" lon="-119.149234285578"><ele>2821.3875170964748</ele></trkpt><trkpt lat="37.6937727816403" lon="-119.147892175242"><ele>2790.6149512454867</ele></trkpt><trkpt lat="37.6939441915602" lon="-119.147134618834"><ele>2786.710226761177</ele></trkpt><trkpt lat="37.6938756275922" lon="-119.146873103455"><ele>2785.0</ele></trkpt><trkpt lat="37.6936670020223" lon="-119.14677830413"><ele>2784.0</ele></trkpt><trkpt lat="37.6934033073485" lon="-119.147116178647"><ele>2780.0</ele></trkpt><trkpt lat="37.692994941026" lon="-119.146951809525"><ele>2776.9062499776483</ele></trkpt><trkpt lat="37.6904220320284" lon="-119.144513430074"><ele>2744.7304687434807</ele></trkpt><trkpt lat="37.6903311721981" lon="-119.143689740449"><ele>2746.0</ele></trkpt><trkpt lat="37.6905951183289" lon="-119.143165033311"><ele>2743.429687516764</ele></trkpt><trkpt lat="37.6912100985646" lon="-119.142988929525"><ele>2741.3128058463335</ele></trkpt><trkpt lat="37.6911225914955" lon="-119.142869152129"><ele>2738.9394078078876</ele></trkpt><trkpt lat="37.6912875473499" lon="-119.142731605098"><ele>2733.4788884930313</ele></trkpt><trkpt lat="37.6916258409619" lon="-119.142982894555"><ele>2729.0</ele></trkpt><trkpt lat="37.6927672047168" lon="-119.142659017816"><ele>2716.907291276634</ele></trkpt><trkpt lat="37.6927449088544" lon="-119.14203976281"><ele>2715.9891993456463</ele></trkpt><trkpt lat="37.6932176481932" lon="-119.141072072089"><ele>2708.9912763759494</ele></trkpt><trkpt lat="37.692804755643" lon="-119.140103626996"><ele>2697.0</ele></trkpt><trkpt lat="37.6927611697465" lon="-119.139155885205"><ele>2692.0</ele></trkpt><trkpt lat="37.6931640040129" lon="-119.138300092891"><ele>2689.9299417875923</ele></trkpt><trkpt lat="37.6934562809765" lon="-119.138404782861"><ele>2693.585937478114</ele></trkpt><trkpt lat="37.6937408465892" lon="-119.138263631612"><ele>2691.0057353303137</ele></trkpt><trkpt lat="37.6940474566072" lon="-119.137798687443"><ele>2689.0</ele></trkpt><trkpt lat="37.6934154611081" lon="-119.136791601777"><ele>2678.0</ele></trkpt><trkpt lat="37.6929054223001" lon="-119.136715075001"><ele>2679.0</ele></trkpt><trkpt lat="37.6927877403796" lon="-119.136611474678"><ele>2679.0</ele></trkpt><trkpt lat="37.6928938552737" lon="-119.136445512995"><ele>2681.958536231733</ele></trkpt><trkpt lat="37.6923968084157" lon="-119.136299835518"><ele>2680.0</ele></trkpt><trkpt lat="37.6917605381459" lon="-119.13542451337"><ele>2690.031863999292</ele></trkpt><trkpt lat="37.6918129250407" lon="-119.135011034086"><ele>2687.3449482725637</ele></trkpt><trkpt lat="37.6920783799142" lon="-119.134924868122"><ele>2680.4101562616415</ele></trkpt><trkpt lat="37.692114925012" lon="-119.133797334507"><ele>2673.0</ele></trkpt><trkpt lat="37.6918803993613" lon="-119.133396511897"><ele>2675.9699506128227</ele></trkpt><trkpt lat="37.6917513180524" lon="-119.132327903062"><ele>2672.2705919611662</ele></trkpt><trkpt lat="37.6921912841499" lon="-119.130283724517"><ele>2685.4652925295372</ele></trkpt><trkpt lat="37.6920059602708" lon="-119.129961272702"><ele>2692.0396699136463</ele></trkpt><trkpt lat="37.6921632047743" lon="-119.129337575287"><ele>2702.1573313092813</ele></trkpt><trkpt lat="37.6921759452671" lon="-119.129578219727"><ele>2695.3278650961583</ele></trkpt><trkpt lat="37.6918471232057" lon="-119.129786929116"><ele>2703.655324426536</ele></trkpt><trkpt lat="37.6917665731162" lon="-119.129424579442"><ele>2715.5399980749935</ele></trkpt><trkpt lat="37.6919066347182" lon="-119.129112353548"><ele>2719.7638790817</ele></trkpt><trkpt lat="37.6918080635369" lon="-119.129477133974"><ele>2712.5691229039803</ele></trkpt><trkpt lat="37.6916422694921" lon="-119.129494065419"><ele>2718.9559282069486</ele></trkpt><trkpt lat="37.6918035373092" lon="-119.128818819299"><ele>2734.612415368145</ele></trkpt><trkpt lat="37.6923337765038" lon="-119.12826821208"><ele>2742.8125</ele></trkpt><trkpt lat="37.6923163421452" lon="-119.128461331129"><ele>2734.9440123764666</ele></trkpt><trkpt lat="37.6918725203723" lon="-119.128554789349"><ele>2746.6201127087425</ele></trkpt><trkpt lat="37.6922383066267" lon="-119.127958081663"><ele>2761.2012654933696</ele></trkpt><trkpt lat="37.6920829061419" lon="-119.128244910389"><ele>2752.808324966114</ele></trkpt><trkpt lat="37.6915291976184" lon="-119.128377931193"><ele>2765.363547239909</ele></trkpt><trkpt lat="37.6919922139496" lon="-119.127765214071"><ele>2782.2539062341675</ele></trkpt><trkpt lat="37.6914080791175" lon="-119.128017760813"><ele>2783.484375011176</ele></trkpt><trkpt lat="37.6910939253867" lon="-119.127925224602"><ele>2793.3092705346644</ele></trkpt><trkpt lat="37.6912257727236" lon="-119.127647280693"><ele>2803.750000002794</ele></trkpt><trkpt lat="37.6916327141225" lon="-119.127454664558"><ele>2809.5689156571843</ele></trkpt><trkpt lat="37.6912887208164" lon="-119.12768214941"><ele>2803.12500001071</ele></trkpt><trkpt lat="37.6908268779516" lon="-119.127486934885"><ele>2814.9082087779652</ele></trkpt><trkpt lat="37.691007507965" lon="-119.127275375649"><ele>2821.082031264901</ele></trkpt><trkpt lat="37.6913990266621" lon="-119.12726406008"><ele>2823.0</ele></trkpt><trkpt lat="37.6905325893313" lon="-119.127263138071"><ele>2827.865797438193</ele></trkpt><trkpt lat="37.6906862296164" lon="-119.126885533333"><ele>2840.249999991618</ele></trkpt><trkpt lat="37.6905097067356" lon="-119.126993911341"><ele>2838.7602940509096</ele></trkpt><trkpt lat="37.6905431505293" lon="-119.126640111208"><ele>2850.6874999981374</ele></trkpt><trkpt lat="37.6903211139143" lon="-119.126828201115"><ele>2847.615656641862</ele></trkpt><trkpt lat="37.6905449107289" lon="-119.126462163404"><ele>2858.970465035106</ele></trkpt><trkpt lat="37.6901689823717" lon="-119.126592166722"><ele>2856.9218749911524</ele></trkpt><trkpt lat="37.6903438288718" lon="-119.126252029091"><ele>2868.7734375051223</ele></trkpt><trkpt lat="37.6897821575403" lon="-119.126153625548"><ele>2872.0</ele></trkpt><trkpt lat="37.6887219306081" lon="-119.125102786347"><ele>2868.0</ele></trkpt><trkpt lat="37.6882522925734" lon="-119.122801199555"><ele>2855.4953823853284</ele></trkpt><trkpt lat="37.6882222015411" lon="-119.121707361192"><ele>2853.3107886344656</ele></trkpt><trkpt lat="37.6880694832653" lon="-119.121426567435"><ele>2851.0</ele></trkpt><trkpt lat="37.6879268232733" lon="-119.121571155265"><ele>2851.0</ele></trkpt><trkpt lat="37.6876316126436" lon="-119.121184414253"><ele>2853.0</ele></trkpt><trkpt lat="37.6877891924232" lon="-119.120920971036"><ele>2856.0</ele></trkpt><trkpt lat="37.687809728086" lon="-119.121143342927"><ele>2855.0</ele></trkpt><trkpt lat="37.6864735689014" lon="-119.121090453118"><ele>2854.2542887870222</ele></trkpt><trkpt lat="37.6853803172708" lon="-119.121523294598"><ele>2869.094260858782</ele></trkpt><trkpt lat="37.6859222911298" lon="-119.120031734928"><ele>2889.4744697237543</ele></trkpt><trkpt lat="37.684556460008" lon="-119.120905799791"><ele>2904.936966181052</ele></trkpt><trkpt lat="37.6837014220655" lon="-119.121194053441"><ele>2916.501995895058</ele></trkpt><trkpt lat="37.6836036890745" lon="-119.120321245864"><ele>2929.0</ele></trkpt><trkpt lat="37.6833298522979" lon="-119.120221501216"><ele>2930.0</ele></trkpt><trkpt lat="37.683028858155" lon="-119.119686484337"><ele>2924.0</ele></trkpt><trkpt lat="37.6825094316155" lon="-119.119887230918"><ele>2926.0</ele></trkpt><trkpt lat="37.6819014921784" lon="-119.119765693322"><ele>2925.9414062579162</ele></trkpt><trkpt lat="37.6810023654252" lon="-119.118509162217"><ele>2925.0</ele></trkpt><trkpt lat="37.6808861922473" lon="-119.117968445644"><ele>2931.0</ele></trkpt><trkpt lat="37.6805008761585" lon="-119.117640880868"><ele>2938.890351794574</ele></trkpt><trkpt lat="37.6804053224623" lon="-119.117917232215"><ele>2942.0</ele></trkpt><trkpt lat="37.680232655257" lon="-119.117917148396"><ele>2946.1581822160824</ele></trkpt><trkpt lat="37.6799468323588" lon="-119.117422364652"><ele>2953.0</ele></trkpt><trkpt lat="37.6795727480203" lon="-119.11749528721"><ele>2954.0</ele></trkpt><trkpt lat="37.6786885410547" lon="-119.11820422858"><ele>2953.1718750004657</ele></trkpt><trkpt lat="37.6783660054207" lon="-119.117719335482"><ele>2938.3202251531184</ele></trkpt><trkpt lat="37.6783128641546" lon="-119.117913711816"><ele>2939.191097719595</ele></trkpt><trkpt lat="37.6776869036257" lon="-119.118139185011"><ele>2933.0</ele></trkpt><trkpt lat="37.6771912816912" lon="-119.118150500581"><ele>2927.7175289973698</ele></trkpt><trkpt lat="37.6767239067704" lon="-119.117847159505"><ele>2923.531250005588</ele></trkpt><trkpt lat="37.6763887982816" lon="-119.117976743728"><ele>2918.0</ele></trkpt><trkpt lat="37.6764328870922" lon="-119.117863420397"><ele>2919.0</ele></trkpt><trkpt lat="37.6763416919857" lon="-119.118331633508"><ele>2918.1237696632743</ele></trkpt><trkpt lat="37.6756894961" lon="-119.118399359286"><ele>2909.0</ele></trkpt><trkpt lat="37.6756189204752" lon="-119.117930140346"><ele>2897.738938988289</ele></trkpt><trkpt lat="37.6757409609854" lon="-119.117659153417"><ele>2897.0</ele></trkpt><trkpt lat="37.6754615921527" lon="-119.116794476286"><ele>2886.0</ele></trkpt><trkpt lat="37.6750575844198" lon="-119.116424666718"><ele>2885.0</ele></trkpt><trkpt lat="37.6746857631952" lon="-119.116599177942"><ele>2885.1406043145907</ele></trkpt><trkpt lat="37.6742663327604" lon="-119.116427768022"><ele>2889.0287143576365</ele></trkpt><trkpt lat="37.6741596311331" lon="-119.115741373971"><ele>2885.0</ele></trkpt><trkpt lat="37.6737843733281" lon="-119.11516578868"><ele>2884.258162902922</ele></trkpt><trkpt lat="37.6737671904266" lon="-119.114318462089"><ele>2882.0</ele></trkpt><trkpt lat="37.6732156611979" lon="-119.113177182153"><ele>2880.9380712714046</ele></trkpt><trkpt lat="37.6731464266777" lon="-119.112472683191"><ele>2873.985462522134</ele></trkpt><trkpt lat="37.6728557422757" lon="-119.112466899678"><ele>2869.7929687448777</ele></trkpt><trkpt lat="37.6723915524781" lon="-119.111986784264"><ele>2866.4179687299766</ele></trkpt><trkpt lat="37.6714146416634" lon="-119.110648110509"><ele>2847.9798909986466</ele></trkpt><trkpt lat="37.6713028270751" lon="-119.110273020342"><ele>2843.5507812509313</ele></trkpt><trkpt lat="37.6692096982151" lon="-119.109759964049"><ele>2840.0</ele></trkpt><trkpt lat="37.6681140158325" lon="-119.108887994662"><ele>2836.0</ele></trkpt><trkpt lat="37.6668204367161" lon="-119.107447983697"><ele>2831.467081239447</ele></trkpt><trkpt lat="37.6652261149138" lon="-119.106407370418"><ele>2830.0</ele></trkpt><trkpt lat="37.6643046922982" lon="-119.105361392722"><ele>2825.652343771886</ele></trkpt><trkpt lat="37.6644471846521" lon="-119.105041036382"><ele>2821.5869297986546</ele></trkpt><trkpt lat="37.6635525003076" lon="-119.104793015867"><ele>2811.0</ele></trkpt><trkpt lat="37.6632116083056" lon="-119.104293202981"><ele>2806.0</ele></trkpt><trkpt lat="37.6629179902375" lon="-119.103204477578"><ele>2801.0</ele></trkpt><trkpt lat="37.6614211499691" lon="-119.102895436808"><ele>2780.730468728114</ele></trkpt><trkpt lat="37.6605709735304" lon="-119.102955283597"><ele>2767.0</ele></trkpt><trkpt lat="37.6605685427785" lon="-119.102700054646"><ele>2762.802780835268</ele></trkpt><trkpt lat="37.6609574630856" lon="-119.101962279528"><ele>2751.0894952123294</ele></trkpt><trkpt lat="37.6610862929374" lon="-119.101363057271"><ele>2748.0</ele></trkpt><trkpt lat="37.6609932538122" lon="-119.101177398115"><ele>2746.664062481839</ele></trkpt><trkpt lat="37.6612349040806" lon="-119.100762493908"><ele>2743.9023319588596</ele></trkpt><trkpt lat="37.6605005655438" lon="-119.100848995149"><ele>2735.8103670683977</ele></trkpt><trkpt lat="37.6602463424206" lon="-119.100697869435"><ele>2733.0</ele></trkpt><trkpt lat="37.6597099844366" lon="-119.099766472355"><ele>2720.0</ele></trkpt><trkpt lat="37.65923271887" lon="-119.099521972239"><ele>2715.0</ele></trkpt><trkpt lat="37.6586813572794" lon="-119.098799703643"><ele>2705.3785919677466</ele></trkpt><trkpt lat="37.6582314167172" lon="-119.098573643714"><ele>2698.0</ele></trkpt><trkpt lat="37.6577330287546" lon="-119.098003171384"><ele>2692.0</ele></trkpt><trkpt lat="37.6571360696107" lon="-119.098245492205"><ele>2686.0</ele></trkpt><trkpt lat="37.6564965303987" lon="-119.098141975701"><ele>2678.6095876830923</ele></trkpt><trkpt lat="37.6562284771353" lon="-119.097929578275"><ele>2674.995677619792</ele></trkpt><trkpt lat="37.6553618721664" lon="-119.097860930487"><ele>2664.0</ele></trkpt><trkpt lat="37.6551798172295" lon="-119.097983976826"><ele>2661.0</ele></trkpt><trkpt lat="37.655033217743" lon="-119.098600633442"><ele>2655.0</ele></trkpt><trkpt lat="37.6548764761537" lon="-119.098717644811"><ele>2651.0</ele></trkpt><trkpt lat="37.6550034619868" lon="-119.09871160984"><ele>2653.2187727867295</ele></trkpt><trkpt lat="37.6548810862005" lon="-119.099199185148"><ele>2648.8447254293765</ele></trkpt><trkpt lat="37.6520127151161" lon="-119.097361704335"><ele>2609.132812972</ele></trkpt><trkpt lat="37.6507830061018" lon="-119.097179900855"><ele>2590.7967085759315</ele></trkpt><trkpt lat="37.6505671720952" lon="-119.096907489002"><ele>2587.2435000886408</ele></trkpt><trkpt lat="37.6494083739817" lon="-119.096335507929"><ele>2573.9927253129244</ele></trkpt><trkpt lat="37.6475349348038" lon="-119.095858577639"><ele>2549.4756540698</ele></trkpt><trkpt lat="37.6462251786143" lon="-119.095319621265"><ele>2539.3281249962747</ele></trkpt><trkpt lat="37.6451112236828" lon="-119.095160616562"><ele>2529.0</ele></trkpt><trkpt lat="37.6459553651512" lon="-119.095922196284"><ele>2519.4678851291683</ele></trkpt><trkpt lat="37.6465866900981" lon="-119.097132962197"><ele>2504.8203125032596</ele></trkpt><trkpt lat="37.6468016020954" lon="-119.09827449359"><ele>2492.6596943293625</ele></trkpt><trkpt lat="37.6475477591157" lon="-119.099025763571"><ele>2481.0</ele></trkpt><trkpt lat="37.6474838051945" lon="-119.099500766024"><ele>2477.2552920654416</ele></trkpt><trkpt lat="37.6470033545047" lon="-119.099701512605"><ele>2476.1144534885493</ele></trkpt><trkpt lat="37.6463896315545" lon="-119.099484253675"><ele>2475.0</ele></trkpt><trkpt lat="37.6456680335104" lon="-119.098781347275"><ele>2475.382597066446</ele></trkpt><trkpt lat="37.6444040425122" lon="-119.098133007064"><ele>2479.0</ele></trkpt><trkpt lat="37.6435838732868" lon="-119.097190881148"><ele>2478.1210937495343</ele></trkpt><trkpt lat="37.6432212721556" lon="-119.096517395228"><ele>2482.3172597778744</ele></trkpt><trkpt lat="37.6425918750465" lon="-119.096031747758"><ele>2479.0</ele></trkpt><trkpt lat="37.6424429286271" lon="-119.095605444163"><ele>2473.996607854624</ele></trkpt><trkpt lat="37.6423120032996" lon="-119.09559270367"><ele>2471.3427509926514</ele></trkpt><trkpt lat="37.6420833449811" lon="-119.096126295626"><ele>2469.0</ele></trkpt><trkpt lat="37.6418570335954" lon="-119.096278008074"><ele>2467.391219909542</ele></trkpt><trkpt lat="37.641652263701" lon="-119.096231907606"><ele>2469.994059253676</ele></trkpt><trkpt lat="37.6416652556509" lon="-119.095939379185"><ele>2468.0</ele></trkpt><trkpt lat="37.6410318352282" lon="-119.095683395863"><ele>2469.0</ele></trkpt><trkpt lat="37.6405922044069" lon="-119.095077468082"><ele>2471.356708375737</ele></trkpt><trkpt lat="37.6405309326947" lon="-119.094385458156"><ele>2471.994906819026</ele></trkpt><trkpt lat="37.6401788927615" lon="-119.093711134046"><ele>2473.0</ele></trkpt><trkpt lat="37.6401304453611" lon="-119.093421455473"><ele>2471.0</ele></trkpt><trkpt lat="37.6403783820569" lon="-119.092922396958"><ele>2464.0</ele></trkpt><trkpt lat="37.639797097072" lon="-119.092302806675"><ele>2456.156249959953</ele></trkpt><trkpt lat="37.6393103599548" lon="-119.091978594661"><ele>2447.9687500116415</ele></trkpt><trkpt lat="37.6385899353772" lon="-119.091943809763"><ele>2438.95728827687</ele></trkpt><trkpt lat="37.638436127454" lon="-119.091753456742"><ele>2431.0</ele></trkpt><trkpt lat="37.6380604505539" lon="-119.092150842771"><ele>2423.6413428269634</ele></trkpt><trkpt lat="37.6371381059289" lon="-119.091852866113"><ele>2407.4327207164188</ele></trkpt><trkpt lat="37.6364306733012" lon="-119.091831743717"><ele>2403.0</ele></trkpt><trkpt lat="37.6359125878662" lon="-119.091414576396"><ele>2393.0</ele></trkpt><trkpt lat="37.6357882842421" lon="-119.091138225049"><ele>2390.0</ele></trkpt><trkpt lat="37.6364871673286" lon="-119.090322582051"><ele>2376.792968743015</ele></trkpt><trkpt lat="37.6348785124719" lon="-119.090292742476"><ele>2365.0358691972538</ele></trkpt><trkpt lat="37.6332447957247" lon="-119.089544741437"><ele>2348.0</ele></trkpt><trkpt lat="37.6329153031111" lon="-119.088983070105"><ele>2339.0</ele></trkpt><trkpt lat="37.6326528657228" lon="-119.089455725625"><ele>2340.180401851956</ele></trkpt><trkpt lat="37.6321947108954" lon="-119.08945354633"><ele>2341.0</ele></trkpt><trkpt lat="37.630882775411" lon="-119.088577302173"><ele>2338.0</ele></trkpt><trkpt lat="37.6300560683012" lon="-119.088646201417"><ele>2340.0666912253946</ele></trkpt><trkpt lat="37.6291507389396" lon="-119.088470852003"><ele>2350.16852323059</ele></trkpt><trkpt lat="37.6281206868589" lon="-119.088067933917"><ele>2353.79879393154</ele></trkpt><trkpt lat="37.6258330140263" lon="-119.087678343058"><ele>2358.5625000172295</ele></trkpt><trkpt lat="37.6252467837185" lon="-119.087374079973"><ele>2354.758358549457</ele></trkpt><trkpt lat="37.6245617307723" lon="-119.087375840172"><ele>2349.0</ele></trkpt><trkpt lat="37.6240341737866" lon="-119.087620507926"><ele>2352.867187512107</ele></trkpt><trkpt lat="37.6234476920217" lon="-119.087256314233"><ele>2347.643739719875</ele></trkpt><trkpt lat="37.6213894318789" lon="-119.087896356359"><ele>2359.7226562439464</ele></trkpt><trkpt lat="37.6213427446783" lon="-119.087694436312"><ele>2358.1034783758223</ele></trkpt><trkpt lat="37.6209338754416" lon="-119.087766939774"><ele>2359.6914062425494</ele></trkpt><trkpt lat="37.620620559901" lon="-119.087594021112"><ele>2355.6328125130385</ele></trkpt><trkpt lat="37.6201805099845" lon="-119.087124718353"><ele>2356.761718743015</ele></trkpt><trkpt lat="37.6194082014263" lon="-119.087173081934"><ele>2351.0156249790452</ele></trkpt><trkpt lat="37.6172259729356" lon="-119.086702689528"><ele>2328.093749978114</ele></trkpt><trkpt lat="37.616606047377" lon="-119.087077192962"><ele>2329.3012599451467</ele></trkpt><trkpt lat="37.6150134857744" lon="-119.087217673659"><ele>2309.093749984633</ele></trkpt><trkpt lat="37.6150973048061" lon="-119.086865885183"><ele>2291.6992187397555</ele></trkpt><trkpt lat="37.6155874785036" lon="-119.086398258805"><ele>2291.0</ele></trkpt><trkpt lat="37.615229152143" lon="-119.086127439514"><ele>2294.85729423301</ele></trkpt><trkpt lat="37.6139416079968" lon="-119.086093744263"><ele>2279.0</ele></trkpt><trkpt lat="37.613717559725" lon="-119.085808508098"><ele>2283.731255762279</ele></trkpt><trkpt lat="37.6139053143561" lon="-119.084923043847"><ele>2278.8437500037253</ele></trkpt><trkpt lat="37.6137436274439" lon="-119.084801506251"><ele>2275.8996360284664</ele></trkpt><trkpt lat="37.6137417834252" lon="-119.084459440783"><ele>2271.0</ele></trkpt><trkpt lat="37.6141797378659" lon="-119.083700124174"><ele>2265.0</ele></trkpt><trkpt lat="37.6145491283387" lon="-119.083493007347"><ele>2262.0</ele></trkpt><trkpt lat="37.614518282935" lon="-119.083257056773"><ele>2267.51562501397</ele></trkpt><trkpt lat="37.6137793343514" lon="-119.082856569439"><ele>2268.1484375079162</ele></trkpt><trkpt lat="37.6127940416336" lon="-119.082856737077"><ele>2264.140625011176</ele></trkpt><trkpt lat="37.6122410036623" lon="-119.082546439022"><ele>2264.0</ele></trkpt><trkpt lat="37.6111442316323" lon="-119.08290241845"><ele>2260.0</ele></trkpt><trkpt lat="37.6101318653673" lon="-119.081649156287"><ele>2259.0</ele></trkpt><trkpt lat="37.6100178714842" lon="-119.08107239753"><ele>2264.2968750037253</ele></trkpt><trkpt lat="37.6091966964305" lon="-119.080613488331"><ele>2269.0</ele></trkpt><trkpt lat="37.6072208303958" lon="-119.081138530746"><ele>2263.0</ele></trkpt><trkpt lat="37.606143085286" lon="-119.080519611016"><ele>2259.0</ele></trkpt><trkpt lat="37.6054923981428" lon="-119.080540817231"><ele>2257.0</ele></trkpt><trkpt lat="37.6066770125181" lon="-119.079444212839"><ele>2269.1757812509313</ele></trkpt><trkpt lat="37.6073686871678" lon="-119.079241035506"><ele>2282.0</ele></trkpt><trkpt lat="37.6083369646221" lon="-119.078106880188"><ele>2292.135450274431</ele></trkpt><trkpt lat="37.6088396273553" lon="-119.077976206318"><ele>2296.176780181693</ele></trkpt><trkpt lat="37.6095614768565" lon="-119.077100297436"><ele>2309.4101562551223</ele></trkpt><trkpt lat="37.6106016710401" lon="-119.076539212838"><ele>2325.5585937411524</ele></trkpt><trkpt lat="37.6127604302019" lon="-119.075962034985"><ele>2345.0</ele></trkpt><trkpt lat="37.6138851977885" lon="-119.074786808342"><ele>2350.0</ele></trkpt><trkpt lat="37.6142951566726" lon="-119.074622355402"><ele>2350.0</ele></trkpt><trkpt lat="37.6145808957517" lon="-119.074582541361"><ele>2347.984559419856</ele></trkpt><trkpt lat="37.6148006692529" lon="-119.075084952638"><ele>2344.338248075887</ele></trkpt><trkpt lat="37.6148807164282" lon="-119.074887810275"><ele>2345.0</ele></trkpt><trkpt lat="37.6149757672101" lon="-119.075011527166"><ele>2344.0</ele></trkpt><trkpt lat="37.6148834824562" lon="-119.074767529964"><ele>2345.0</ele></trkpt><trkpt lat="37.6151328440756" lon="-119.075026363134"><ele>2343.0</ele></trkpt><trkpt lat="37.6149110589176" lon="-119.074953859672"><ele>2344.0</ele></trkpt><trkpt lat="37.6149338576943" lon="-119.075110182166"><ele>2344.0</ele></trkpt><trkpt lat="37.6148745976388" lon="-119.074919996783"><ele>2345.0</ele></trkpt><trkpt lat="37.6144787203521" lon="-119.075084198266"><ele>2347.0</ele></trkpt><trkpt lat="37.6139504089951" lon="-119.074913039804"><ele>2350.0</ele></trkpt><trkpt lat="37.6129614282399" lon="-119.076061695814"><ele>2343.7720475264614</ele></trkpt><trkpt lat="37.6128651201725" lon="-119.075953736901"><ele>2344.9815125266064</ele></trkpt><trkpt lat="37.6115559507161" lon="-119.076573997736"><ele>2327.0926639092168</ele></trkpt><trkpt lat="37.6110708899796" lon="-119.076534518972"><ele>2329.4373938960052</ele></trkpt><trkpt lat="37.6102761179209" lon="-119.076104778796"><ele>2339.8046875200234</ele></trkpt><trkpt lat="37.6098833419383" lon="-119.075401620939"><ele>2347.5742187672295</ele></trkpt><trkpt lat="37.6088140625507" lon="-119.074738109484"><ele>2361.0</ele></trkpt><trkpt lat="37.6080694980919" lon="-119.074074681848"><ele>2367.411859279252</ele></trkpt><trkpt lat="37.6080399099737" lon="-119.073890028521"><ele>2368.2540837656707</ele></trkpt><trkpt lat="37.6078208070248" lon="-119.074049117044"><ele>2369.605468732305</ele></trkpt><trkpt lat="37.6069670263678" lon="-119.073347887024"><ele>2380.0</ele></trkpt><trkpt lat="37.6048179902136" lon="-119.072152627632"><ele>2400.9882812509313</ele></trkpt><trkpt lat="37.6046791020781" lon="-119.071662705392"><ele>2404.0</ele></trkpt><trkpt lat="37.6030396018177" lon="-119.069737549871"><ele>2413.0</ele></trkpt><trkpt lat="37.6028007175773" lon="-119.06910915859"><ele>2415.0</ele></trkpt><trkpt lat="37.602976821363" lon="-119.068744629621"><ele>2418.4154014736414</ele></trkpt><trkpt lat="37.603201624006" lon="-119.069022489712"><ele>2423.688439785128</ele></trkpt><trkpt lat="37.6034245826304" lon="-119.067817758769"><ele>2432.0</ele></trkpt><trkpt lat="37.6037418376654" lon="-119.067275952548"><ele>2437.0</ele></trkpt><trkpt lat="37.6039991620928" lon="-119.06633223407"><ele>2438.0</ele></trkpt><trkpt lat="37.6037668995559" lon="-119.065250633284"><ele>2443.0</ele></trkpt><trkpt lat="37.6038865931332" lon="-119.064547140151"><ele>2446.4296875116415</ele></trkpt><trkpt lat="37.6031884644181" lon="-119.064733134583"><ele>2452.896716242656</ele></trkpt><trkpt lat="37.6029777433723" lon="-119.064612351358"><ele>2458.0</ele></trkpt><trkpt lat="37.6039564982057" lon="-119.063458498567"><ele>2473.1640625158325</ele></trkpt><trkpt lat="37.603220064193" lon="-119.063281305134"><ele>2478.42187501397</ele></trkpt><trkpt lat="37.6021282374859" lon="-119.062652159482"><ele>2488.7421875116415</ele></trkpt><trkpt lat="37.6004065107554" lon="-119.062185538933"><ele>2500.488281235099</ele></trkpt><trkpt lat="37.5966541841626" lon="-119.062362564728"><ele>2530.2382812341675</ele></trkpt><trkpt lat="37.5942782498896" lon="-119.061955036595"><ele>2539.230468771886</ele></trkpt><trkpt lat="37.5942088477314" lon="-119.061736268923"><ele>2545.2907979257798</ele></trkpt><trkpt lat="37.5949195493013" lon="-119.061299739405"><ele>2559.2537268782035</ele></trkpt><trkpt lat="37.5963027309626" lon="-119.061368806288"><ele>2569.0</ele></trkpt><trkpt lat="37.5980328395963" lon="-119.060755167156"><ele>2584.0</ele></trkpt><trkpt lat="37.5987624004483" lon="-119.06073404476"><ele>2588.1328125214204</ele></trkpt><trkpt lat="37.5984006375074" lon="-119.060816103593"><ele>2582.3085937271826</ele></trkpt><trkpt lat="37.5972798094153" lon="-119.060571519658"><ele>2590.0</ele></trkpt><trkpt lat="37.5968225765973" lon="-119.060292989016"><ele>2600.0</ele></trkpt><trkpt lat="37.5958150718361" lon="-119.060224927962"><ele>2604.8593749920838</ele></trkpt><trkpt lat="37.5946658290923" lon="-119.059514142573"><ele>2619.9843749948777</ele></trkpt><trkpt lat="37.5939970370382" lon="-119.05873965472"><ele>2625.2855620818973</ele></trkpt><trkpt lat="37.5923379231244" lon="-119.058422148228"><ele>2634.2319898344576</ele></trkpt><trkpt lat="37.5916246231645" lon="-119.05873965472"><ele>2636.078124991618</ele></trkpt><trkpt lat="37.5911598466337" lon="-119.058581823483"><ele>2635.4335937546566</ele></trkpt><trkpt lat="37.5907833315432" lon="-119.058103719726"><ele>2634.0</ele></trkpt><trkpt lat="37.5908551644534" lon="-119.057999113575"><ele>2634.1785443557937</ele></trkpt><trkpt lat="37.5907928869128" lon="-119.058085950091"><ele>2634.0</ele></trkpt></trkseg></trk><trk><name>2013-09-22</name><trkseg><trkpt lat="36.8048867862672" lon="-118.402518192306"><ele>3214.4868439882994</ele></trkpt><trkpt lat="36.8044896516949" lon="-118.402820946649"><ele>3213.4615871524866</ele></trkpt><trkpt lat="36.8041329178959" lon="-118.402850870043"><ele>3216.0</ele></trkpt><trkpt lat="36.8038440775126" lon="-118.403043486178"><ele>3214.0</ele></trkpt><trkpt lat="36.8034615274519" lon="-118.40298967436"><ele>3219.0</ele></trkpt><trkpt lat="36.8030644766986" lon="-118.403248339891"><ele>3223.0</ele></trkpt><trkpt lat="36.8028394225985" lon="-118.403156809509"><ele>3228.0</ele></trkpt><trkpt lat="36.8028898816556" lon="-118.403011048213"><ele>3224.5387552909797</ele></trkpt><trkpt lat="36.8027805816382" lon="-118.402908453718"><ele>3221.974740555321</ele></trkpt><trkpt lat="36.8027462158352" lon="-118.402541410178"><ele>3217.0</ele></trkpt><trkpt lat="36.8020428065211" lon="-118.402504194528"><ele>3218.1328125065193</ele></trkpt><trkpt lat="36.8016496952623" lon="-118.40259664692"><ele>3224.395881102452</ele></trkpt><trkpt lat="36.8015419039875" lon="-118.402492040768"><ele>3224.0966037477356</ele></trkpt><trkpt lat="36.8013014271855" lon="-118.402460440993"><ele>3230.0</ele></trkpt><trkpt lat="36.8012103997171" lon="-118.402291210368"><ele>3230.040379767678</ele></trkpt><trkpt lat="36.80096170865" lon="-118.40217939578"><ele>3238.935158270411</ele></trkpt><trkpt lat="36.8008452001959" lon="-118.402002369985"><ele>3240.0</ele></trkpt><trkpt lat="36.8008711840957" lon="-118.401816124097"><ele>3240.0526104740334</ele></trkpt><trkpt lat="36.8007972557098" lon="-118.401742195711"><ele>3237.242187542841</ele></trkpt><trkpt lat="36.8006248399615" lon="-118.401833893731"><ele>3247.8370120706336</ele></trkpt><trkpt lat="36.8004309665412" lon="-118.401788882911"><ele>3246.625949297566</ele></trkpt><trkpt lat="36.8001021444798" lon="-118.402288528159"><ele>3272.6005050170406</ele></trkpt><trkpt lat="36.7994588334113" lon="-118.402118962258"><ele>3260.1796874953434</ele></trkpt><trkpt lat="36.7994164209813" lon="-118.402263047174"><ele>3263.0</ele></trkpt><trkpt lat="36.7998609133065" lon="-118.402565130964"><ele>3272.965842399746</ele></trkpt><trkpt lat="36.7999723926187" lon="-118.402528166771"><ele>3274.9627762027085</ele></trkpt><trkpt lat="36.7997192591429" lon="-118.402970312163"><ele>3282.8554687397555</ele></trkpt><trkpt lat="36.7998655233532" lon="-118.402822036296"><ele>3284.2471945467146</ele></trkpt><trkpt lat="36.7998640146106" lon="-118.402911471203"><ele>3287.2869661147706</ele></trkpt><trkpt lat="36.7997067701072" lon="-118.403258314356"><ele>3293.299264698755</ele></trkpt><trkpt lat="36.7998812813312" lon="-118.403138788417"><ele>3296.178623843938</ele></trkpt><trkpt lat="36.7996015772224" lon="-118.404278140515"><ele>3316.980393756357</ele></trkpt><trkpt lat="36.7993346136063" lon="-118.404624480754"><ele>3320.0</ele></trkpt><trkpt lat="36.7982668429613" lon="-118.404962690547"><ele>3333.4778738752534</ele></trkpt><trkpt lat="36.7985024582595" lon="-118.405104847625"><ele>3339.3320312551223</ele></trkpt><trkpt lat="36.7976644355804" lon="-118.405887549743"><ele>3361.8085937476717</ele></trkpt><trkpt lat="36.797811537981" lon="-118.405972709879"><ele>3364.937495121972</ele></trkpt><trkpt lat="36.7976896651089" lon="-118.406248893589"><ele>3369.0</ele></trkpt><trkpt lat="36.7978093586862" lon="-118.406255431473"><ele>3370.5924428142607</ele></trkpt><trkpt lat="36.7978348396719" lon="-118.406361965463"><ele>3373.069233069279</ele></trkpt><trkpt lat="36.7971492838115" lon="-118.407253548503"><ele>3383.4687500037253</ele></trkpt><trkpt lat="36.7966347187757" lon="-118.407477764413"><ele>3388.0</ele></trkpt><trkpt lat="36.7961686849594" lon="-118.407535264269"><ele>3399.4903343808837</ele></trkpt><trkpt lat="36.7957593966275" lon="-118.407343486324"><ele>3410.0</ele></trkpt><trkpt lat="36.7958525195718" lon="-118.407544652"><ele>3412.0102960651334</ele></trkpt><trkpt lat="36.7954318318516" lon="-118.408194165677"><ele>3430.863454178032</ele></trkpt><trkpt lat="36.7949742637575" lon="-118.408430451527"><ele>3444.2769813392533</ele></trkpt><trkpt lat="36.7948243953288" lon="-118.408755837008"><ele>3447.0610665289873</ele></trkpt><trkpt lat="36.7944670747966" lon="-118.409097231925"><ele>3449.5618811884447</ele></trkpt><trkpt lat="36.7934961151332" lon="-118.409368051216"><ele>3470.0</ele></trkpt><trkpt lat="36.7932546325028" lon="-118.409618670121"><ele>3470.159920375592</ele></trkpt><trkpt lat="36.7929710727185" lon="-118.409749763086"><ele>3464.804016503809</ele></trkpt><trkpt lat="36.7926695756614" lon="-118.409638535231"><ele>3463.0</ele></trkpt><trkpt lat="36.7922378238291" lon="-118.409742135555"><ele>3470.2918885598897</ele></trkpt><trkpt lat="36.7920984327793" lon="-118.409646078944"><ele>3474.0</ele></trkpt><trkpt lat="36.7920956667513" lon="-118.409766107798"><ele>3474.928309056908</ele></trkpt><trkpt lat="36.7920113448054" lon="-118.409663010389"><ele>3477.960141443624</ele></trkpt><trkpt lat="36.7919932398945" lon="-118.409830229357"><ele>3478.8890368845314</ele></trkpt><trkpt lat="36.7918965965509" lon="-118.409619005397"><ele>3484.5131860319525</ele></trkpt><trkpt lat="36.7919596284628" lon="-118.409044509754"><ele>3489.845051398501</ele></trkpt><trkpt lat="36.7916000448167" lon="-118.40968019329"><ele>3499.770938511938</ele></trkpt><trkpt lat="36.791466018185" lon="-118.409340223297"><ele>3512.7332616124386</ele></trkpt><trkpt lat="36.7914322391152" lon="-118.40942571871"><ele>3513.161314660182</ele></trkpt><trkpt lat="36.7913542874157" lon="-118.409331170842"><ele>3520.1453542374074</ele></trkpt><trkpt lat="36.7913431394845" lon="-118.409183984622"><ele>3520.7214247472584</ele></trkpt><trkpt lat="36.7913307342678" lon="-118.409241735935"><ele>3522.4433392882347</ele></trkpt><trkpt lat="36.7911612521857" lon="-118.409177865833"><ele>3531.7154620921415</ele></trkpt><trkpt lat="36.7911886610091" lon="-118.409424209967"><ele>3533.529577717091</ele></trkpt><trkpt lat="36.7911466676742" lon="-118.409530073404"><ele>3537.679650744675</ele></trkpt><trkpt lat="36.7910410556942" lon="-118.409516075626"><ele>3544.574930647139</ele></trkpt><trkpt lat="36.7910996451974" lon="-118.409562008455"><ele>3543.8391256525942</ele></trkpt><trkpt lat="36.7909960448742" lon="-118.409791169688"><ele>3551.189885674976</ele></trkpt><trkpt lat="36.7909186799079" lon="-118.40970877558"><ele>3556.845084808767</ele></trkpt><trkpt lat="36.7908684723079" lon="-118.409929806367"><ele>3559.3443282749504</ele></trkpt><trkpt lat="36.7905576713383" lon="-118.409253889695"><ele>3578.4310669694096</ele></trkpt><trkpt lat="36.7906420771033" lon="-118.409468466416"><ele>3576.519168652594</ele></trkpt><trkpt lat="36.7903417535126" lon="-118.410270279273"><ele>3591.9961367473006</ele></trkpt><trkpt lat="36.7902638018131" lon="-118.409564271569"><ele>3606.532430412248</ele></trkpt><trkpt lat="36.7901431024075" lon="-118.409677259624"><ele>3613.5563598796725</ele></trkpt><trkpt lat="36.7900555115193" lon="-118.409538622946"><ele>3620.653579549864</ele></trkpt><trkpt lat="36.7893810197711" lon="-118.411404266953"><ele>3649.724040385565</ele></trkpt><trkpt lat="36.7896567843854" lon="-118.412030981854"><ele>3650.953893091053</ele></trkpt><trkpt lat="36.7896880488843" lon="-118.412578236312"><ele>3648.579737479333</ele></trkpt><trkpt lat="36.7896436247975" lon="-118.412948716432"><ele>3642.377371840179</ele></trkpt><trkpt lat="36.7895787488669" lon="-118.413067823276"><ele>3638.6020389311016</ele></trkpt><trkpt lat="36.7894955165684" lon="-118.412931784987"><ele>3634.0</ele></trkpt><trkpt lat="36.7894847039133" lon="-118.413290278986"><ele>3625.2327963506</ele></trkpt><trkpt lat="36.7892899084836" lon="-118.413569564"><ele>3623.2806751536054</ele></trkpt><trkpt lat="36.7893046606332" lon="-118.413374517113"><ele>3611.9048504052516</ele></trkpt><trkpt lat="36.7891886550933" lon="-118.413423048332"><ele>3608.8896132148802</ele></trkpt><trkpt lat="36.7891671974212" lon="-118.413132615387"><ele>3598.652650119737</ele></trkpt><trkpt lat="36.7891935165972" lon="-118.413257589564"><ele>3602.1842365153134</ele></trkpt><trkpt lat="36.7891517747194" lon="-118.413337804377"><ele>3600.770785247907</ele></trkpt><trkpt lat="36.7891114577651" lon="-118.413101686165"><ele>3595.4090055190027</ele></trkpt><trkpt lat="36.7890818696469" lon="-118.413333026692"><ele>3595.6871921271086</ele></trkpt><trkpt lat="36.7888689693063" lon="-118.412980986759"><ele>3581.911240798887</ele></trkpt><trkpt lat="36.7888226173818" lon="-118.413331434131"><ele>3575.6006233189255</ele></trkpt><trkpt lat="36.7886716593057" lon="-118.413135381415"><ele>3565.923094049278</ele></trkpt><trkpt lat="36.7886879201978" lon="-118.413444170728"><ele>3568.7349175284617</ele></trkpt><trkpt lat="36.7884095571935" lon="-118.413584399968"><ele>3557.563673792407</ele></trkpt><trkpt lat="36.7882594373077" lon="-118.413800820708"><ele>3554.491550537186</ele></trkpt><trkpt lat="36.7877317965031" lon="-118.414072729647"><ele>3539.0</ele></trkpt><trkpt lat="36.7869448196143" lon="-118.414229471236"><ele>3537.8589879872006</ele></trkpt><trkpt lat="36.7867713142186" lon="-118.414049511775"><ele>3534.183593733236</ele></trkpt><trkpt lat="36.7864771094173" lon="-118.413918837905"><ele>3525.0104706829384</ele></trkpt><trkpt lat="36.786373173818" lon="-118.413510890678"><ele>3515.0636018179357</ele></trkpt><trkpt lat="36.7861518915743" lon="-118.41325448826"><ele>3510.187060089782</ele></trkpt><trkpt lat="36.7861008457839" lon="-118.413265887648"><ele>3508.4798274258083</ele></trkpt><trkpt lat="36.786122219637" lon="-118.413576520979"><ele>3507.601060711313</ele></trkpt><trkpt lat="36.7855303734541" lon="-118.413961250335"><ele>3488.001459697858</ele></trkpt><trkpt lat="36.7854977678508" lon="-118.413829570636"><ele>3484.941790915869</ele></trkpt><trkpt lat="36.7854224145412" lon="-118.413889333606"><ele>3481.7386330217123</ele></trkpt><trkpt lat="36.7854159604758" lon="-118.414060994983"><ele>3481.3630713559687</ele></trkpt><trkpt lat="36.7851731367409" lon="-118.414073148742"><ele>3468.7813411410566</ele></trkpt><trkpt lat="36.7851969413459" lon="-118.414310356602"><ele>3468.7480715302227</ele></trkpt><trkpt lat="36.7850612383336" lon="-118.414974119514"><ele>3458.7171586574987</ele></trkpt><trkpt lat="36.7849050834775" lon="-118.415273772553"><ele>3450.2705418244004</ele></trkpt><trkpt lat="36.7847871500999" lon="-118.41504025273"><ele>3444.270871254099</ele></trkpt><trkpt lat="36.7847401276231" lon="-118.415502430871"><ele>3439.0365747194737</ele></trkpt><trkpt lat="36.7846181709319" lon="-118.415676187724"><ele>3430.939990969375</ele></trkpt><trkpt lat="36.7845012433827" lon="-118.416209612042"><ele>3428.1360604576766</ele></trkpt><trkpt lat="36.7845354415476" lon="-118.416753849015"><ele>3427.027075933943</ele></trkpt><trkpt lat="36.7843436636031" lon="-118.417047886178"><ele>3429.8873289223166</ele></trkpt><trkpt lat="36.7839872650802" lon="-118.417353490368"><ele>3424.0</ele></trkpt><trkpt lat="36.7843960504979" lon="-118.417671499774"><ele>3414.0494723436423</ele></trkpt><trkpt lat="36.7844138201326" lon="-118.417940475047"><ele>3409.5096255551903</ele></trkpt><trkpt lat="36.7845456674695" lon="-118.418234176934"><ele>3405.7968749883585</ele></trkpt><trkpt lat="36.7844116408378" lon="-118.419102458283"><ele>3400.974154501983</ele></trkpt><trkpt lat="36.7842558212578" lon="-118.419582154602"><ele>3399.0</ele></trkpt><trkpt lat="36.7844341043383" lon="-118.419741075486"><ele>3395.5703124976717</ele></trkpt><trkpt lat="36.7846009880304" lon="-118.420125469565"><ele>3391.960710024743</ele></trkpt><trkpt lat="36.7846615053713" lon="-118.420621845871"><ele>3385.0</ele></trkpt><trkpt lat="36.7847962025553" lon="-118.420902807266"><ele>3378.7004561796784</ele></trkpt><trkpt lat="36.7846180032939" lon="-118.421171363443"><ele>3379.0</ele></trkpt><trkpt lat="36.7845003213733" lon="-118.421740746126"><ele>3373.917590567842</ele></trkpt><trkpt lat="36.784293372184" lon="-118.421895811334"><ele>3370.0061256849463</ele></trkpt><trkpt lat="36.7840424180031" lon="-118.422615313902"><ele>3359.455345081317</ele></trkpt><trkpt lat="36.7836130969226" lon="-118.422764511779"><ele>3354.455791676417</ele></trkpt><trkpt lat="36.7836126778275" lon="-118.422829974443"><ele>3353.6976629821097</ele></trkpt><trkpt lat="36.7836599517614" lon="-118.42280164361"><ele>3356.9375</ele></trkpt><trkpt lat="36.783614018932" lon="-118.422699132934"><ele>3354.145270588858</ele></trkpt><trkpt lat="36.7834333889186" lon="-118.422728469595"><ele>3347.999251632858</ele></trkpt><trkpt lat="36.7827782593668" lon="-118.422475084662"><ele>3353.2781943418086</ele></trkpt><trkpt lat="36.7818074673414" lon="-118.422761578113"><ele>3362.295520676914</ele></trkpt><trkpt lat="36.7814122606069" lon="-118.42259645462"><ele>3363.0</ele></trkpt><trkpt lat="36.7811074946076" lon="-118.422669041902"><ele>3359.117187491618</ele></trkpt><trkpt lat="36.7802984733135" lon="-118.422603579238"><ele>3346.26652717747</ele></trkpt><trkpt lat="36.7797272466123" lon="-118.422500062734"><ele>3331.3416524603963</ele></trkpt><trkpt lat="36.7786819394678" lon="-118.421976780519"><ele>3317.9069456234574</ele></trkpt><trkpt lat="36.7781045939773" lon="-118.421594649553"><ele>3306.1753914329747</ele></trkpt><trkpt lat="36.7777582537383" lon="-118.421143451706"><ele>3301.8303063956937</ele></trkpt><trkpt lat="36.7774150986224" lon="-118.420848827809"><ele>3296.763051063288</ele></trkpt><trkpt lat="36.7764324042946" lon="-118.420393103734"><ele>3284.1835937341675</ele></trkpt><trkpt lat="36.7762230243534" lon="-118.420117339119"><ele>3287.0</ele></trkpt><trkpt lat="36.775915408507" lon="-118.420033100992"><ele>3280.53892342446</ele></trkpt><trkpt lat="36.7754955589771" lon="-118.419484840706"><ele>3281.068012020507</ele></trkpt><trkpt lat="36.7754162661731" lon="-118.41923690401"><ele>3282.55137591667</ele></trkpt><trkpt lat="36.7749451193958" lon="-118.418820993975"><ele>3285.0</ele></trkpt><trkpt lat="36.7744805943221" lon="-118.41858772561"><ele>3280.3203124785796</ele></trkpt><trkpt lat="36.7743383534253" lon="-118.418382452801"><ele>3280.9778440211867</ele></trkpt><trkpt lat="36.7733197007328" lon="-118.417930249125"><ele>3274.0</ele></trkpt><trkpt lat="36.7733007576317" lon="-118.417795384303"><ele>3276.0</ele></trkpt><trkpt lat="36.7729249130935" lon="-118.417464299127"><ele>3278.8602809325903</ele></trkpt><trkpt lat="36.7728459555656" lon="-118.417250812054"><ele>3281.0</ele></trkpt><trkpt lat="36.7726123519242" lon="-118.416986865923"><ele>3281.355635035884</ele></trkpt><trkpt lat="36.7724069114774" lon="-118.416440365836"><ele>3284.0</ele></trkpt><trkpt lat="36.772241955623" lon="-118.415660345927"><ele>3287.0</ele></trkpt><trkpt lat="36.7718629259616" lon="-118.41459877789"><ele>3284.0</ele></trkpt><trkpt lat="36.7717282287776" lon="-118.414447568357"><ele>3284.0</ele></trkpt><trkpt lat="36.7716541327536" lon="-118.414089996368"><ele>3282.974342687206</ele></trkpt><trkpt lat="36.7719992157072" lon="-118.413201933727"><ele>3286.316406234633</ele></trkpt><trkpt lat="36.7721272073686" lon="-118.413105793297"><ele>3286.329366089979</ele></trkpt><trkpt lat="36.7722552828491" lon="-118.41317217797"><ele>3290.0</ele></trkpt><trkpt lat="36.7723719589412" lon="-118.413500161842"><ele>3294.6496475269178</ele></trkpt><trkpt lat="36.7726209852845" lon="-118.413564534858"><ele>3297.0</ele></trkpt><trkpt lat="36.7727275192738" lon="-118.413320453838"><ele>3299.0</ele></trkpt><trkpt lat="36.7730859294534" lon="-118.413081401959"><ele>3302.0</ele></trkpt><trkpt lat="36.7733030207455" lon="-118.4124909807"><ele>3303.0</ele></trkpt><trkpt lat="36.7735064495355" lon="-118.412238517776"><ele>3304.0</ele></trkpt><trkpt lat="36.7736325971782" lon="-118.411730155349"><ele>3308.90624998929</ele></trkpt><trkpt lat="36.7737682163715" lon="-118.411488337442"><ele>3313.0</ele></trkpt><trkpt lat="36.7737661208957" lon="-118.41122623533"><ele>3313.0</ele></trkpt><trkpt lat="36.7739008180797" lon="-118.410770427436"><ele>3314.0</ele></trkpt><trkpt lat="36.7739198449999" lon="-118.409722689539"><ele>3317.0</ele></trkpt><trkpt lat="36.7741360981017" lon="-118.409053310752"><ele>3318.0</ele></trkpt><trkpt lat="36.7740652710199" lon="-118.408870585263"><ele>3316.0</ele></trkpt><trkpt lat="36.7741701286286" lon="-118.408284606412"><ele>3313.0</ele></trkpt><trkpt lat="36.7741362657398" lon="-118.408032814041"><ele>3313.0466618146747</ele></trkpt><trkpt lat="36.7743364255875" lon="-118.407780854031"><ele>3317.0</ele></trkpt><trkpt lat="36.7745800036937" lon="-118.407682785764"><ele>3319.928291621466</ele></trkpt><trkpt lat="36.7754058726132" lon="-118.407064452767"><ele>3326.0</ele></trkpt><trkpt lat="36.7754678986967" lon="-118.406530022621"><ele>3332.642675753751</ele></trkpt><trkpt lat="36.7755445092916" lon="-118.40639591217"><ele>3334.980956874788</ele></trkpt><trkpt lat="36.7754637915641" lon="-118.406240511686"><ele>3337.742187481839</ele></trkpt><trkpt lat="36.7755875084549" lon="-118.406178234145"><ele>3339.3111499529964</ele></trkpt><trkpt lat="36.7754407413304" lon="-118.405890315771"><ele>3339.937499995809</ele></trkpt><trkpt lat="36.775471335277" lon="-118.40574933216"><ele>3340.0</ele></trkpt><trkpt lat="36.7757122311741" lon="-118.405583538115"><ele>3338.9063598533003</ele></trkpt><trkpt lat="36.7757771071047" lon="-118.405428389087"><ele>3338.5140859894454</ele></trkpt><trkpt lat="36.7756620235741" lon="-118.404873339459"><ele>3341.0</ele></trkpt><trkpt lat="36.7752912081778" lon="-118.404706791043"><ele>3342.4088313102548</ele></trkpt><trkpt lat="36.7752371449023" lon="-118.404538985342"><ele>3344.0939626019076</ele></trkpt><trkpt lat="36.7748831771314" lon="-118.404235476628"><ele>3342.594412089893</ele></trkpt><trkpt lat="36.7746012099087" lon="-118.403710601851"><ele>3339.4185255973707</ele></trkpt><trkpt lat="36.7746778205037" lon="-118.40334456414"><ele>3338.5551724918187</ele></trkpt><trkpt lat="36.7746074963361" lon="-118.403060249984"><ele>3334.510463869665</ele></trkpt><trkpt lat="36.7749540042132" lon="-118.402295988053"><ele>3337.2481244057417</ele></trkpt><trkpt lat="36.7749729473144" lon="-118.401769017801"><ele>3337.8551159556955</ele></trkpt><trkpt lat="36.7751376517117" lon="-118.401089748368"><ele>3340.551706955537</ele></trkpt><trkpt lat="36.775270588696" lon="-118.399127461016"><ele>3353.0</ele></trkpt><trkpt lat="36.7752252425998" lon="-118.398425895721"><ele>3361.334967521485</ele></trkpt><trkpt lat="36.7747939098626" lon="-118.396951267496"><ele>3366.3094635419548</ele></trkpt><trkpt lat="36.7748155351728" lon="-118.396099330857"><ele>3374.567664736882</ele></trkpt><trkpt lat="36.7752835806459" lon="-118.394812876359"><ele>3381.799517126754</ele></trkpt><trkpt lat="36.7753442656249" lon="-118.394763087854"><ele>3384.0</ele></trkpt><trkpt lat="36.775426408276" lon="-118.394845901057"><ele>3385.109556769952</ele></trkpt><trkpt lat="36.7753399908543" lon="-118.394860737026"><ele>3382.153341504269</ele></trkpt><trkpt lat="36.77530227229" lon="-118.394733835012"><ele>3383.9921874869615</ele></trkpt><trkpt lat="36.7753615323454" lon="-118.394685890526"><ele>3387.2265624799766</ele></trkpt><trkpt lat="36.7750348057598" lon="-118.394686477259"><ele>3388.199218740221</ele></trkpt><trkpt lat="36.7749607097357" lon="-118.394599054009"><ele>3391.0</ele></trkpt><trkpt lat="36.7749915551394" lon="-118.393937386572"><ele>3392.8088504634798</ele></trkpt><trkpt lat="36.7749300319701" lon="-118.39373068884"><ele>3391.8013063711055</ele></trkpt><trkpt lat="36.7744189873338" lon="-118.393805455416"><ele>3387.625805764079</ele></trkpt><trkpt lat="36.7744685243815" lon="-118.393416954204"><ele>3385.0</ele></trkpt><trkpt lat="36.7743118666112" lon="-118.393334057182"><ele>3385.2265625032596</ele></trkpt><trkpt lat="36.7742793448269" lon="-118.392861820757"><ele>3389.0</ele></trkpt><trkpt lat="36.7739062663168" lon="-118.392135947943"><ele>3392.0</ele></trkpt><trkpt lat="36.7738082818687" lon="-118.391757840291"><ele>3392.0</ele></trkpt><trkpt lat="36.7738071084023" lon="-118.390574483201"><ele>3388.7453979105194</ele></trkpt><trkpt lat="36.7735716607422" lon="-118.389980457723"><ele>3392.6111869463875</ele></trkpt><trkpt lat="36.773526314646" lon="-118.389562536031"><ele>3397.559011273086</ele></trkpt><trkpt lat="36.7736633587629" lon="-118.388927774504"><ele>3406.0</ele></trkpt><trkpt lat="36.7736888397485" lon="-118.388109868392"><ele>3411.695998008179</ele></trkpt><trkpt lat="36.7739232815802" lon="-118.387221386656"><ele>3422.6886628306484</ele></trkpt><trkpt lat="36.7737973015755" lon="-118.387037990615"><ele>3423.760167056467</ele></trkpt><trkpt lat="36.7738207709044" lon="-118.386464333162"><ele>3429.0</ele></trkpt><trkpt lat="36.7736404761672" lon="-118.38606543839"><ele>3428.9750324085467</ele></trkpt><trkpt lat="36.7734842374921" lon="-118.385437214747"><ele>3431.0272979156994</ele></trkpt><trkpt lat="36.7737144883722" lon="-118.384125111625"><ele>3443.0</ele></trkpt><trkpt lat="36.7738524544984" lon="-118.383791008964"><ele>3446.515385630384</ele></trkpt><trkpt lat="36.7737609241158" lon="-118.383521530777"><ele>3449.0</ele></trkpt><trkpt lat="36.7738423123956" lon="-118.383441148326"><ele>3451.269531240221</ele></trkpt><trkpt lat="36.7737824656069" lon="-118.383292201906"><ele>3453.0</ele></trkpt><trkpt lat="36.7741013132036" lon="-118.382498687133"><ele>3464.201979233696</ele></trkpt><trkpt lat="36.7736529652029" lon="-118.38192938827"><ele>3467.9276619441807</ele></trkpt><trkpt lat="36.7737035918981" lon="-118.381679020822"><ele>3470.922715985744</ele></trkpt><trkpt lat="36.7738869879395" lon="-118.381587155163"><ele>3477.8501652921427</ele></trkpt><trkpt lat="36.7737041786313" lon="-118.381032943726"><ele>3491.453655834682</ele></trkpt><trkpt lat="36.7738029174507" lon="-118.380997404456"><ele>3495.808293048758</ele></trkpt><trkpt lat="36.7737252172083" lon="-118.378970660269"><ele>3539.7920450830557</ele></trkpt><trkpt lat="36.7736657895148" lon="-118.37859313935"><ele>3548.8769183871336</ele></trkpt><trkpt lat="36.7733336146921" lon="-118.37774740532"><ele>3561.6171875186265</ele></trkpt><trkpt lat="36.7734141647816" lon="-118.377729132771"><ele>3566.0319077538256</ele></trkpt><trkpt lat="36.7736106365919" lon="-118.378002885729"><ele>3565.8453346454025</ele></trkpt><trkpt lat="36.7734573315829" lon="-118.377646738663"><ele>3571.8541094930843</ele></trkpt><trkpt lat="36.7735185194761" lon="-118.377667693421"><ele>3573.437512481585</ele></trkpt><trkpt lat="36.77381163463" lon="-118.378010010347"><ele>3577.060328815873</ele></trkpt><trkpt lat="36.773587083444" lon="-118.37747826241"><ele>3585.399758830633</ele></trkpt><trkpt lat="36.7730078939348" lon="-118.376624900848"><ele>3597.3266122727655</ele></trkpt><trkpt lat="36.7730914615095" lon="-118.376619871706"><ele>3600.0</ele></trkpt><trkpt lat="36.7730874381959" lon="-118.376523731276"><ele>3600.3554687313735</ele></trkpt><trkpt lat="36.7731400765479" lon="-118.37657620199"><ele>3601.0873840581626</ele></trkpt><trkpt lat="36.773573840037" lon="-118.375921994448"><ele>3591.6365826143883</ele></trkpt><trkpt lat="36.7740523628891" lon="-118.374948436394"><ele>3582.3204902300413</ele></trkpt><trkpt lat="36.7744681052864" lon="-118.372895708308"><ele>3559.3535838332027</ele></trkpt><trkpt lat="36.7745586298406" lon="-118.371698604897"><ele>3544.3029553525275</ele></trkpt><trkpt lat="36.7747626453638" lon="-118.371049594134"><ele>3538.0</ele></trkpt><trkpt lat="36.7739893309772" lon="-118.372106133029"><ele>3523.978272627108</ele></trkpt><trkpt lat="36.7735699005425" lon="-118.372937701643"><ele>3517.094879090786</ele></trkpt><trkpt lat="36.7735373787582" lon="-118.372316770256"><ele>3506.0601858970394</ele></trkpt><trkpt lat="36.7735931184143" lon="-118.371280934662"><ele>3495.0</ele></trkpt><trkpt lat="36.7736897617579" lon="-118.37080844678"><ele>3490.000267668592</ele></trkpt><trkpt lat="36.773692695424" lon="-118.370006969199"><ele>3480.735505489778</ele></trkpt><trkpt lat="36.7736660409719" lon="-118.369786441326"><ele>3477.6884233970195</ele></trkpt><trkpt lat="36.773087605834" lon="-118.368394961581"><ele>3459.0163570393565</ele></trkpt><trkpt lat="36.772931702435" lon="-118.36904514581"><ele>3452.964066216722</ele></trkpt><trkpt lat="36.7725037224591" lon="-118.368133865297"><ele>3438.0</ele></trkpt><trkpt lat="36.772009273991" lon="-118.367566661909"><ele>3431.0</ele></trkpt><trkpt lat="36.7718822043389" lon="-118.367247730494"><ele>3428.0</ele></trkpt><trkpt lat="36.7717491835356" lon="-118.367258962244"><ele>3426.654301461561</ele></trkpt><trkpt lat="36.7715228721499" lon="-118.36711646989"><ele>3424.945312505588</ele></trkpt><trkpt lat="36.7710154317319" lon="-118.367323754355"><ele>3418.0814207158983</ele></trkpt><trkpt lat="36.7712409049273" lon="-118.367042960599"><ele>3412.30848581616</ele></trkpt><trkpt lat="36.7709792219102" lon="-118.367141196504"><ele>3408.0360645579913</ele></trkpt><trkpt lat="36.7710912041366" lon="-118.366983197629"><ele>3405.7343749790452</ele></trkpt><trkpt lat="36.7714483570307" lon="-118.366775494069"><ele>3399.054687506985</ele></trkpt><trkpt lat="36.7712615244091" lon="-118.366746744141"><ele>3397.7148437509313</ele></trkpt><trkpt lat="36.7707919701934" lon="-118.366884207353"><ele>3392.0</ele></trkpt><trkpt lat="36.7706066463143" lon="-118.367133233696"><ele>3390.6932869255543</ele></trkpt><trkpt lat="36.7705172114074" lon="-118.367126444355"><ele>3386.4900838918984</ele></trkpt><trkpt lat="36.7707377392799" lon="-118.366807764396"><ele>3390.0</ele></trkpt><trkpt lat="36.7711100634187" lon="-118.366487072781"><ele>3385.6019555924863</ele></trkpt><trkpt lat="36.7707079835236" lon="-118.366564521566"><ele>3385.0342697938904</ele></trkpt><trkpt lat="36.7708191275597" lon="-118.366454634815"><ele>3381.1567478543147</ele></trkpt><trkpt lat="36.7707057204098" lon="-118.366452790797"><ele>3379.0312500223517</ele></trkpt><trkpt lat="36.7705381661654" lon="-118.366662757471"><ele>3379.651270888766</ele></trkpt><trkpt lat="36.7705001123249" lon="-118.366470057517"><ele>3373.315595365595</ele></trkpt><trkpt lat="36.7706796526909" lon="-118.366309208795"><ele>3370.629212774316</ele></trkpt><trkpt lat="36.7708551697433" lon="-118.36627853103"><ele>3368.789062516764</ele></trkpt><trkpt lat="36.7708428483456" lon="-118.366205692291"><ele>3365.7176168608103</ele></trkpt><trkpt lat="36.7706410959363" lon="-118.366146767512"><ele>3364.0</ele></trkpt><trkpt lat="36.7712114006281" lon="-118.366187755018"><ele>3356.0815191457414</ele></trkpt><trkpt lat="36.7719913367182" lon="-118.36584049277"><ele>3341.1217956867727</ele></trkpt><trkpt lat="36.7724415287375" lon="-118.365226434544"><ele>3334.0</ele></trkpt><trkpt lat="36.7724892217666" lon="-118.364126309752"><ele>3322.0</ele></trkpt><trkpt lat="36.772437505424" lon="-118.364251451567"><ele>3322.090074170892</ele></trkpt><trkpt lat="36.7720031552017" lon="-118.364344490692"><ele>3316.0</ele></trkpt><trkpt lat="36.7718182504177" lon="-118.364223875105"><ele>3312.140624982305</ele></trkpt><trkpt lat="36.7719181627035" lon="-118.363562375307"><ele>3304.0</ele></trkpt><trkpt lat="36.7717977147549" lon="-118.362787468359"><ele>3295.0</ele></trkpt><trkpt lat="36.771113332361" lon="-118.362038126215"><ele>3284.0476245538034</ele></trkpt><trkpt lat="36.7709385696799" lon="-118.361147213727"><ele>3271.7620090791024</ele></trkpt><trkpt lat="36.7709554173052" lon="-118.360376749188"><ele>3265.9843737743795</ele></trkpt><trkpt lat="36.7708697542548" lon="-118.35991339758"><ele>3263.0</ele></trkpt><trkpt lat="36.7707887012511" lon="-118.359922869131"><ele>3261.0</ele></trkpt><trkpt lat="36.7706980928779" lon="-118.360443301499"><ele>3259.0</ele></trkpt><trkpt lat="36.7703551054001" lon="-118.360204081982"><ele>3249.01152130925</ele></trkpt><trkpt lat="36.7704285308719" lon="-118.360703811049"><ele>3247.0</ele></trkpt><trkpt lat="36.7703970149159" lon="-118.361004889011"><ele>3244.4972226545215</ele></trkpt><trkpt lat="36.7701878026128" lon="-118.361286688596"><ele>3240.173875449595</ele></trkpt><trkpt lat="36.7696881573647" lon="-118.359863944352"><ele>3223.24506713144</ele></trkpt><trkpt lat="36.7695705592632" lon="-118.360355207697"><ele>3220.504547344365</ele></trkpt><trkpt lat="36.7692269012332" lon="-118.359951283783"><ele>3211.435783740667</ele></trkpt><trkpt lat="36.7691226303577" lon="-118.359710136428"><ele>3207.3560124915093</ele></trkpt><trkpt lat="36.7690543178469" lon="-118.358991974965"><ele>3203.577374004939</ele></trkpt><trkpt lat="36.7691595107317" lon="-118.358865659684"><ele>3202.0</ele></trkpt><trkpt lat="36.7692451737821" lon="-118.3583795093"><ele>3195.3753465656773</ele></trkpt><trkpt lat="36.7695563100278" lon="-118.358038198203"><ele>3191.8671875074506</ele></trkpt><trkpt lat="36.7699394468218" lon="-118.357344428077"><ele>3180.9426665511965</ele></trkpt><trkpt lat="36.7705216538161" lon="-118.356966488063"><ele>3180.6704121204093</ele></trkpt><trkpt lat="36.770632462576" lon="-118.356763394549"><ele>3181.0892324055185</ele></trkpt><trkpt lat="36.7705825902522" lon="-118.356312280521"><ele>3178.0</ele></trkpt><trkpt lat="36.7703995294869" lon="-118.356144977734"><ele>3176.0</ele></trkpt><trkpt lat="36.770151508972" lon="-118.355709956959"><ele>3173.0</ele></trkpt><trkpt lat="36.769982278347" lon="-118.354770932347"><ele>3171.368522023782</ele></trkpt><trkpt lat="36.7703961767256" lon="-118.353762589395"><ele>3166.057832968887</ele></trkpt><trkpt lat="36.7708202172071" lon="-118.353166887537"><ele>3156.118579816073</ele></trkpt><trkpt lat="36.7709498014301" lon="-118.353185495362"><ele>3158.714843764901</ele></trkpt><trkpt lat="36.7710466962308" lon="-118.352952897549"><ele>3154.2948897574097</ele></trkpt><trkpt lat="36.770413024351" lon="-118.353138640523"><ele>3149.2634194849443</ele></trkpt><trkpt lat="36.770865060389" lon="-118.352581076324"><ele>3137.876525973602</ele></trkpt><trkpt lat="36.7706680856645" lon="-118.352705631405"><ele>3137.6193119967356</ele></trkpt><trkpt lat="36.7704466357827" lon="-118.352710492909"><ele>3132.222053715689</ele></trkpt><trkpt lat="36.7711005080491" lon="-118.351814718917"><ele>3118.83203125</ele></trkpt><trkpt lat="36.7706662416458" lon="-118.352052178234"><ele>3114.914734916892</ele></trkpt><trkpt lat="36.7707290221006" lon="-118.351839110255"><ele>3110.0</ele></trkpt><trkpt lat="36.770584853366" lon="-118.351799296215"><ele>3108.1132812425494</ele></trkpt><trkpt lat="36.7706073168665" lon="-118.351713381708"><ele>3106.0800951895926</ele></trkpt><trkpt lat="36.7708192951977" lon="-118.351641213521"><ele>3104.7625819909113</ele></trkpt><trkpt lat="36.7714123148471" lon="-118.350987844169"><ele>3092.2968749939464</ele></trkpt><trkpt lat="36.7711590975523" lon="-118.350954065099"><ele>3089.1197483615992</ele></trkpt><trkpt lat="36.7708312813193" lon="-118.350532958284"><ele>3084.0</ele></trkpt><trkpt lat="36.770888781175" lon="-118.350416785106"><ele>3082.0</ele></trkpt><trkpt lat="36.7711489554495" lon="-118.350308323279"><ele>3080.0</ele></trkpt><trkpt lat="36.7708291020244" lon="-118.350009173155"><ele>3074.8860901129947</ele></trkpt><trkpt lat="36.7706866934896" lon="-118.349999114871"><ele>3072.4924448904703</ele></trkpt><trkpt lat="36.7703246790916" lon="-118.350274711847"><ele>3069.33328033712</ele></trkpt><trkpt lat="36.7701390199363" lon="-118.350296169519"><ele>3065.487478017807</ele></trkpt><trkpt lat="36.7701115272939" lon="-118.349942537025"><ele>3062.582031267695</ele></trkpt><trkpt lat="36.7702799197286" lon="-118.349631987512"><ele>3056.719276274861</ele></trkpt><trkpt lat="36.769834253937" lon="-118.34972569719"><ele>3052.4765625200234</ele></trkpt><trkpt lat="36.7702527623624" lon="-118.349292185158"><ele>3044.0286640043146</ele></trkpt><trkpt lat="36.7701320629567" lon="-118.349358234555"><ele>3043.405209386744</ele></trkpt><trkpt lat="36.769945146516" lon="-118.349251952022"><ele>3040.39843748603</ele></trkpt><trkpt lat="36.7701762355864" lon="-118.349131252617"><ele>3036.504763306698</ele></trkpt><trkpt lat="36.7700036522001" lon="-118.349039806053"><ele>3033.5117187481374</ele></trkpt><trkpt lat="36.770510841161" lon="-118.348904438317"><ele>3023.406250017695</ele></trkpt><trkpt lat="36.7703834362328" lon="-118.348919609562"><ele>3024.9736968860316</ele></trkpt><trkpt lat="36.7701111920178" lon="-118.348687095568"><ele>3019.074218769092</ele></trkpt><trkpt lat="36.7705032974482" lon="-118.348730010912"><ele>3010.0742187588476</ele></trkpt><trkpt lat="36.7711095605046" lon="-118.348648035899"><ele>3004.253906259779</ele></trkpt><trkpt lat="36.7712911963463" lon="-118.348563546315"><ele>3003.8360977033153</ele></trkpt><trkpt lat="36.7714828066528" lon="-118.348271688446"><ele>3000.382285995409</ele></trkpt><trkpt lat="36.7711008433253" lon="-118.348455838859"><ele>2996.296874995809</ele></trkpt><trkpt lat="36.7712214589119" lon="-118.348225839436"><ele>2990.267339000333</ele></trkpt><trkpt lat="36.7711009271443" lon="-118.348277891055"><ele>2990.003906262107</ele></trkpt><trkpt lat="36.7715842276812" lon="-118.346927314997"><ele>2972.6305565712973</ele></trkpt><trkpt lat="36.771914223209" lon="-118.345646644011"><ele>2954.2906405834715</ele></trkpt><trkpt lat="36.7717241216451" lon="-118.345986362547"><ele>2953.707015853375</ele></trkpt><trkpt lat="36.7717168293893" lon="-118.345638262108"><ele>2946.9915947952227</ele></trkpt><trkpt lat="36.7719452362508" lon="-118.345109364018"><ele>2940.717044393633</ele></trkpt><trkpt lat="36.7723887227476" lon="-118.34496460855"><ele>2932.593749997206</ele></trkpt><trkpt lat="36.7720728926361" lon="-118.344756150618"><ele>2929.8789062411524</ele></trkpt><trkpt lat="36.7717219423503" lon="-118.344966201112"><ele>2928.4408472312975</ele></trkpt><trkpt lat="36.7718761693686" lon="-118.344609215856"><ele>2920.0172841200247</ele></trkpt><trkpt lat="36.7723868787289" lon="-118.344307802618"><ele>2912.0</ele></trkpt><trkpt lat="36.7726363241673" lon="-118.344455659389"><ele>2909.0</ele></trkpt><trkpt lat="36.7731927148998" lon="-118.345145070925"><ele>2899.0005856103176</ele></trkpt><trkpt lat="36.7734745983034" lon="-118.345045577735"><ele>2898.0</ele></trkpt><trkpt lat="36.7736959643662" lon="-118.344611227512"><ele>2898.0</ele></trkpt><trkpt lat="36.7738266382366" lon="-118.344602594152"><ele>2897.0</ele></trkpt><trkpt lat="36.7738236207515" lon="-118.343797260895"><ele>2890.163955596964</ele></trkpt><trkpt lat="36.7740309052169" lon="-118.343397108838"><ele>2884.626322539989</ele></trkpt><trkpt lat="36.7744447197765" lon="-118.343536835164"><ele>2880.0546875079162</ele></trkpt><trkpt lat="36.7745587136596" lon="-118.343431809917"><ele>2878.1601562462747</ele></trkpt><trkpt lat="36.7750105820596" lon="-118.343460224569"><ele>2872.968750014901</ele></trkpt><trkpt lat="36.7753809783608" lon="-118.343219077215"><ele>2866.2460937686265</ele></trkpt><trkpt lat="36.7750340513885" lon="-118.343237014487"><ele>2863.0820312327705</ele></trkpt><trkpt lat="36.7746929917484" lon="-118.343053450808"><ele>2857.5273437532596</ele></trkpt><trkpt lat="36.7740431427956" lon="-118.342515919358"><ele>2847.1769741541175</ele></trkpt><trkpt lat="36.7738164961338" lon="-118.342103194445"><ele>2840.2421874827705</ele></trkpt><trkpt lat="36.7736757639796" lon="-118.342189947143"><ele>2839.4668108319984</ele></trkpt><trkpt lat="36.7735141608864" lon="-118.342198161408"><ele>2835.519863277208</ele></trkpt><trkpt lat="36.7734122369438" lon="-118.342105541378"><ele>2834.351562487893</ele></trkpt><trkpt lat="36.7732028570026" lon="-118.342198329046"><ele>2832.675781233236</ele></trkpt><trkpt lat="36.7730431817472" lon="-118.342164633796"><ele>2829.105468768161</ele></trkpt><trkpt lat="36.7727000266314" lon="-118.342380383983"><ele>2826.5675494740367</ele></trkpt><trkpt lat="36.7716664541513" lon="-118.342282483354"><ele>2813.597656240221</ele></trkpt><trkpt lat="36.772244554013" lon="-118.341777808964"><ele>2802.078124987893</ele></trkpt><trkpt lat="36.772786192596" lon="-118.340416587889"><ele>2797.819681843377</ele></trkpt></trkseg></trk><trk><name>2013-09-21</name><trkseg><trkpt lat="36.9912404660136" lon="-118.449188880622"><ele>3228.0</ele></trkpt><trkpt lat="36.9914754945785" lon="-118.449292397127"><ele>3230.0</ele></trkpt><trkpt lat="36.9908168446273" lon="-118.449490377679"><ele>3229.0</ele></trkpt><trkpt lat="36.990168588236" lon="-118.449469087645"><ele>3226.8554687313735</ele></trkpt><trkpt lat="36.9895677734166" lon="-118.449151329696"><ele>3223.0468749911524</ele></trkpt><trkpt lat="36.9881783891469" lon="-118.448837343603"><ele>3218.0</ele></trkpt><trkpt lat="36.9875826872885" lon="-118.448431910947"><ele>3212.0</ele></trkpt><trkpt lat="36.9873455632478" lon="-118.447954896837"><ele>3206.0482986764646</ele></trkpt><trkpt lat="36.986143682152" lon="-118.447575950995"><ele>3195.0</ele></trkpt><trkpt lat="36.9851584732533" lon="-118.446983098984"><ele>3189.0</ele></trkpt><trkpt lat="36.9836764689535" lon="-118.445666972548"><ele>3173.6640625102445</ele></trkpt><trkpt lat="36.9832242652774" lon="-118.445480559021"><ele>3174.2730296806153</ele></trkpt><trkpt lat="36.9830574654043" lon="-118.445093985647"><ele>3168.010400588358</ele></trkpt><trkpt lat="36.9823592528701" lon="-118.444556873292"><ele>3164.0</ele></trkpt><trkpt lat="36.9819004274905" lon="-118.444375488907"><ele>3163.2321936206295</ele></trkpt><trkpt lat="36.9805098697543" lon="-118.444517897442"><ele>3161.0</ele></trkpt><trkpt lat="36.979253673926" lon="-118.44350703992"><ele>3143.0786620806903</ele></trkpt><trkpt lat="36.9782522041351" lon="-118.443271927536"><ele>3137.0</ele></trkpt><trkpt lat="36.9767066650093" lon="-118.443214260042"><ele>3122.494157474488</ele></trkpt><trkpt lat="36.9764167349786" lon="-118.442817125469"><ele>3118.0</ele></trkpt><trkpt lat="36.9759470131248" lon="-118.442691732198"><ele>3111.1794140655547</ele></trkpt><trkpt lat="36.9746773224324" lon="-118.442669855431"><ele>3098.889073599272</ele></trkpt><trkpt lat="36.9740236178041" lon="-118.443100852892"><ele>3087.978984704241</ele></trkpt><trkpt lat="36.9735865015537" lon="-118.44367492944"><ele>3084.3085188255645</ele></trkpt><trkpt lat="36.9727487303317" lon="-118.44434665516"><ele>3076.081087503485</ele></trkpt><trkpt lat="36.9713751040399" lon="-118.445012429729"><ele>3063.0</ele></trkpt><trkpt lat="36.9710088986903" lon="-118.444632394239"><ele>3059.0</ele></trkpt><trkpt lat="36.9702418707311" lon="-118.444659467787"><ele>3057.619317408651</ele></trkpt><trkpt lat="36.9701795093715" lon="-118.444431060925"><ele>3060.0</ele></trkpt><trkpt lat="36.9696649443358" lon="-118.444400550798"><ele>3058.2588371319703</ele></trkpt><trkpt lat="36.969525469467" lon="-118.444206174463"><ele>3059.0</ele></trkpt><trkpt lat="36.9691533967853" lon="-118.44281536527"><ele>3071.0</ele></trkpt><trkpt lat="36.9693098030984" lon="-118.442188147455"><ele>3081.0126441102475</ele></trkpt><trkpt lat="36.9691805541515" lon="-118.441918082535"><ele>3087.0</ele></trkpt><trkpt lat="36.9689268339425" lon="-118.441854547709"><ele>3084.331238821354</ele></trkpt><trkpt lat="36.9686497282237" lon="-118.44088844955"><ele>3110.0</ele></trkpt><trkpt lat="36.9680629111826" lon="-118.44120008871"><ele>3111.3647281885014</ele></trkpt><trkpt lat="36.9678364321589" lon="-118.441035803407"><ele>3121.0</ele></trkpt><trkpt lat="36.967870881781" lon="-118.440723493695"><ele>3127.6606410245404</ele></trkpt><trkpt lat="36.9685319624841" lon="-118.439877759665"><ele>3140.4915470168926</ele></trkpt><trkpt lat="36.9680825248361" lon="-118.439754378051"><ele>3151.882812479511</ele></trkpt><trkpt lat="36.9680346641689" lon="-118.439505770803"><ele>3158.8346110703424</ele></trkpt><trkpt lat="36.9682810083032" lon="-118.438915768638"><ele>3170.9998865219036</ele></trkpt><trkpt lat="36.9682070799172" lon="-118.438632963225"><ele>3175.0</ele></trkpt><trkpt lat="36.9681155495346" lon="-118.438691636547"><ele>3176.6478768307716</ele></trkpt><trkpt lat="36.9680867996067" lon="-118.438191991299"><ele>3181.225865099454</ele></trkpt><trkpt lat="36.963555039838" lon="-118.440723828971"><ele>3227.0</ele></trkpt><trkpt lat="36.9623752031475" lon="-118.440351840109"><ele>3252.039062482305</ele></trkpt><trkpt lat="36.9621452037245" lon="-118.439740296453"><ele>3264.539062511176</ele></trkpt><trkpt lat="36.9623651448637" lon="-118.43910863623"><ele>3274.9254993571403</ele></trkpt><trkpt lat="36.9620732031763" lon="-118.43882390298"><ele>3278.0</ele></trkpt><trkpt lat="36.9617561157793" lon="-118.438829351217"><ele>3278.5737036373466</ele></trkpt><trkpt lat="36.9611122179776" lon="-118.439249033108"><ele>3282.0</ele></trkpt><trkpt lat="36.9604406598955" lon="-118.439182816073"><ele>3289.1539125402915</ele></trkpt><trkpt lat="36.9596680998802" lon="-118.437889656052"><ele>3298.2782331175476</ele></trkpt><trkpt lat="36.9589452445507" lon="-118.437090022489"><ele>3303.9752763191364</ele></trkpt><trkpt lat="36.9585003331304" lon="-118.43679129146"><ele>3305.476034147042</ele></trkpt><trkpt lat="36.9575680140406" lon="-118.436754914001"><ele>3319.890201862132</ele></trkpt><trkpt lat="36.9568456616253" lon="-118.436429277062"><ele>3332.9695390981765</ele></trkpt><trkpt lat="36.9558484666049" lon="-118.436592388898"><ele>3345.7578124939464</ele></trkpt><trkpt lat="36.9555649906397" lon="-118.43607111834"><ele>3346.0</ele></trkpt><trkpt lat="36.9547949451953" lon="-118.435511542484"><ele>3352.0</ele></trkpt><trkpt lat="36.9535090774298" lon="-118.435067553073"><ele>3354.136667359237</ele></trkpt><trkpt lat="36.9517407473177" lon="-118.43300149776"><ele>3360.324073266238</ele></trkpt><trkpt lat="36.9508831109852" lon="-118.433190928772"><ele>3368.690215457231</ele></trkpt><trkpt lat="36.9503048434853" lon="-118.432951960713"><ele>3370.4720722864686</ele></trkpt><trkpt lat="36.9498321041465" lon="-118.433185480535"><ele>3370.0</ele></trkpt><trkpt lat="36.9497067946941" lon="-118.432962354273"><ele>3372.5827337616133</ele></trkpt><trkpt lat="36.9492951594293" lon="-118.432986494154"><ele>3373.0845200898675</ele></trkpt><trkpt lat="36.9491046387702" lon="-118.432648451999"><ele>3378.0</ele></trkpt><trkpt lat="36.9482660293579" lon="-118.432641746476"><ele>3383.552431527473</ele></trkpt><trkpt lat="36.9476955570281" lon="-118.432849114761"><ele>3384.0</ele></trkpt><trkpt lat="36.9473145157099" lon="-118.432556753978"><ele>3388.3164062560536</ele></trkpt><trkpt lat="36.9471171218902" lon="-118.432677369565"><ele>3389.69531248929</ele></trkpt><trkpt lat="36.9468634855002" lon="-118.432427085936"><ele>3392.0</ele></trkpt><trkpt lat="36.9467642437667" lon="-118.431712361053"><ele>3393.080156822144</ele></trkpt><trkpt lat="36.9468908105046" lon="-118.431307934225"><ele>3395.0</ele></trkpt><trkpt lat="36.9466071669012" lon="-118.430666970089"><ele>3395.0</ele></trkpt><trkpt lat="36.9466331508011" lon="-118.429932883009"><ele>3399.0</ele></trkpt><trkpt lat="36.9461826235056" lon="-118.428940717131"><ele>3399.0</ele></trkpt><trkpt lat="36.9451514817774" lon="-118.428642237559"><ele>3399.7460937481374</ele></trkpt><trkpt lat="36.9446294568479" lon="-118.428085176274"><ele>3402.2573408341436</ele></trkpt><trkpt lat="36.9443096034229" lon="-118.428002027795"><ele>3403.0</ele></trkpt><trkpt lat="36.9439268857241" lon="-118.427138607949"><ele>3417.0</ele></trkpt><trkpt lat="36.9441456533969" lon="-118.426971221343"><ele>3426.621093735099</ele></trkpt><trkpt lat="36.9446510821581" lon="-118.426993349567"><ele>3434.0</ele></trkpt><trkpt lat="36.9445614796132" lon="-118.42667366378"><ele>3438.3282158781453</ele></trkpt><trkpt lat="36.9433682318777" lon="-118.425846369937"><ele>3437.0</ele></trkpt><trkpt lat="36.9418198429048" lon="-118.42390621081"><ele>3441.0</ele></trkpt><trkpt lat="36.9413150008768" lon="-118.42293751426"><ele>3465.8540444219716</ele></trkpt><trkpt lat="36.9400106091052" lon="-118.421603785828"><ele>3502.2385003917443</ele></trkpt><trkpt lat="36.9398780073971" lon="-118.420932898298"><ele>3510.015897757329</ele></trkpt><trkpt lat="36.9397229421884" lon="-118.420780012384"><ele>3511.1523437523283</ele></trkpt><trkpt lat="36.9399118702859" lon="-118.420716393739"><ele>3517.6730581456795</ele></trkpt><trkpt lat="36.9395625125617" lon="-118.419263642281"><ele>3531.8536752032196</ele></trkpt><trkpt lat="36.9391313474625" lon="-118.41841799207"><ele>3540.0</ele></trkpt><trkpt lat="36.9391310121864" lon="-118.417421216145"><ele>3547.0</ele></trkpt><trkpt lat="36.9377290550619" lon="-118.415891015902"><ele>3568.278843704611</ele></trkpt><trkpt lat="36.9378690328449" lon="-118.415860589594"><ele>3571.414062483236</ele></trkpt><trkpt lat="36.9377890694886" lon="-118.415709296241"><ele>3574.2467982750386</ele></trkpt><trkpt lat="36.9379367586225" lon="-118.415584824979"><ele>3581.658762258012</ele></trkpt><trkpt lat="36.9381488207728" lon="-118.415609300137"><ele>3586.124999979511</ele></trkpt><trkpt lat="36.9382516667247" lon="-118.415304617956"><ele>3595.0</ele></trkpt><trkpt lat="36.9381484854966" lon="-118.414668850601"><ele>3602.0</ele></trkpt><trkpt lat="36.9379876367748" lon="-118.414514539763"><ele>3605.144531264901</ele></trkpt><trkpt lat="36.9379025604576" lon="-118.412866909057"><ele>3633.5585814394944</ele></trkpt><trkpt lat="36.9373921025544" lon="-118.412786526605"><ele>3640.039352130145</ele></trkpt><trkpt lat="36.9370388053358" lon="-118.41312632896"><ele>3644.8085944609998</ele></trkpt><trkpt lat="36.9369745999575" lon="-118.412814605981"><ele>3651.259350778812</ele></trkpt><trkpt lat="36.9367477018386" lon="-118.412743359804"><ele>3659.935695692897</ele></trkpt><trkpt lat="36.9365652278066" lon="-118.413021471351"><ele>3663.5748829990625</ele></trkpt><trkpt lat="36.9365216419101" lon="-118.412575051188"><ele>3673.0</ele></trkpt><trkpt lat="36.9362506549805" lon="-118.412814019248"><ele>3679.361413826415</ele></trkpt><trkpt lat="36.9361088331789" lon="-118.41251604259"><ele>3689.7187499939464</ele></trkpt><trkpt lat="36.9356357585639" lon="-118.412479329854"><ele>3681.007812487893</ele></trkpt><trkpt lat="36.9359835237265" lon="-118.412298196927"><ele>3673.2882479662876</ele></trkpt><trkpt lat="36.9353679567575" lon="-118.412395343184"><ele>3667.187499957159</ele></trkpt><trkpt lat="36.9342964142561" lon="-118.412223178893"><ele>3649.143587026745</ele></trkpt><trkpt lat="36.9344767089933" lon="-118.411827469245"><ele>3643.6289062686265</ele></trkpt><trkpt lat="36.9339482299984" lon="-118.41215159744"><ele>3630.619301901</ele></trkpt><trkpt lat="36.9341597892344" lon="-118.411252889782"><ele>3616.0</ele></trkpt><trkpt lat="36.9344486296177" lon="-118.411151468754"><ele>3613.140986388155</ele></trkpt><trkpt lat="36.9342262577265" lon="-118.411047868431"><ele>3609.296875018161</ele></trkpt><trkpt lat="36.9331714790314" lon="-118.410933874547"><ele>3600.0</ele></trkpt><trkpt lat="36.9329045992345" lon="-118.411652706563"><ele>3587.9967695474625</ele></trkpt><trkpt lat="36.9323421735317" lon="-118.410588791594"><ele>3568.0201322624434</ele></trkpt><trkpt lat="36.9325077999383" lon="-118.411288009956"><ele>3565.862501155585</ele></trkpt><trkpt lat="36.932337731123" lon="-118.411137219518"><ele>3556.975641048252</ele></trkpt><trkpt lat="36.9308632705361" lon="-118.411034205928"><ele>3541.334446227464</ele></trkpt><trkpt lat="36.9302202109248" lon="-118.41062810272"><ele>3531.4933978486806</ele></trkpt><trkpt lat="36.9300585240126" lon="-118.410886181518"><ele>3526.0159681893615</ele></trkpt><trkpt lat="36.9298634771258" lon="-118.410785431042"><ele>3523.0</ele></trkpt><trkpt lat="36.9297167100012" lon="-118.41044026427"><ele>3517.0</ele></trkpt><trkpt lat="36.9293314777315" lon="-118.410141449422"><ele>3506.680297318846</ele></trkpt><trkpt lat="36.9290799368173" lon="-118.408928923309"><ele>3498.0</ele></trkpt><trkpt lat="36.9282738491893" lon="-118.407274167985"><ele>3493.0122010366445</ele></trkpt><trkpt lat="36.9278564304113" lon="-118.407040983438"><ele>3491.0</ele></trkpt><trkpt lat="36.9276514090598" lon="-118.406408652663"><ele>3487.734028449282</ele></trkpt><trkpt lat="36.9273214973509" lon="-118.406286612153"><ele>3487.0</ele></trkpt><trkpt lat="36.9271850399673" lon="-118.405814291909"><ele>3488.0</ele></trkpt><trkpt lat="36.926555139944" lon="-118.405401566997"><ele>3488.0</ele></trkpt><trkpt lat="36.9266066048294" lon="-118.404767308384"><ele>3487.0</ele></trkpt><trkpt lat="36.9263035152107" lon="-118.403418660164"><ele>3491.0</ele></trkpt><trkpt lat="36.9260487891734" lon="-118.402999481186"><ele>3491.0</ele></trkpt><trkpt lat="36.9260800536722" lon="-118.402551719919"><ele>3486.9167704979745</ele></trkpt><trkpt lat="36.9257184583694" lon="-118.400790765882"><ele>3478.0</ele></trkpt><trkpt lat="36.9258631300181" lon="-118.399975206703"><ele>3473.0</ele></trkpt><trkpt lat="36.9265563134104" lon="-118.399267019704"><ele>3461.0</ele></trkpt><trkpt lat="36.9265342690051" lon="-118.398794280365"><ele>3460.5375517310645</ele></trkpt><trkpt lat="36.925260219723" lon="-118.397697005421"><ele>3448.1015625032596</ele></trkpt><trkpt lat="36.9251256901771" lon="-118.397083785385"><ele>3444.0</ele></trkpt><trkpt lat="36.924866437912" lon="-118.396785892546"><ele>3440.2420541653764</ele></trkpt><trkpt lat="36.9249292183667" lon="-118.396643651649"><ele>3438.0</ele></trkpt><trkpt lat="36.9242501165718" lon="-118.396378364414"><ele>3423.6484375009313</ele></trkpt><trkpt lat="36.9244036730379" lon="-118.396193962544"><ele>3420.0</ele></trkpt><trkpt lat="36.9240669719875" lon="-118.396091451868"><ele>3415.0631613766122</ele></trkpt><trkpt lat="36.9237132556737" lon="-118.395035164431"><ele>3403.050781262107</ele></trkpt><trkpt lat="36.9231313001364" lon="-118.394657224417"><ele>3399.0</ele></trkpt><trkpt lat="36.9222175888717" lon="-118.394603664055"><ele>3389.941406228114</ele></trkpt><trkpt lat="36.9219239708036" lon="-118.394152130932"><ele>3384.760538901034</ele></trkpt><trkpt lat="36.9212991837412" lon="-118.39397745207"><ele>3377.0</ele></trkpt><trkpt lat="36.9203530345112" lon="-118.394045680761"><ele>3367.0</ele></trkpt><trkpt lat="36.9200235418975" lon="-118.393844347447"><ele>3364.0</ele></trkpt><trkpt lat="36.9182127155363" lon="-118.394387830049"><ele>3359.0</ele></trkpt><trkpt lat="36.9173907022923" lon="-118.393938727677"><ele>3355.0</ele></trkpt><trkpt lat="36.9170254189521" lon="-118.394032269716"><ele>3351.0</ele></trkpt><trkpt lat="36.9167565274984" lon="-118.394166044891"><ele>3346.6260593496263</ele></trkpt><trkpt lat="36.9165657553822" lon="-118.394513810053"><ele>3340.6275457621455</ele></trkpt><trkpt lat="36.9157002400607" lon="-118.394786557183"><ele>3325.535156234633</ele></trkpt><trkpt lat="36.9151323661208" lon="-118.394733583555"><ele>3322.0</ele></trkpt><trkpt lat="36.9148115068674" lon="-118.395483512431"><ele>3319.7477391865104</ele></trkpt><trkpt lat="36.9134954642504" lon="-118.396604340523"><ele>3320.0</ele></trkpt><trkpt lat="36.9124709442258" lon="-118.396758316085"><ele>3309.53267096087</ele></trkpt><trkpt lat="36.9125435315073" lon="-118.397017735988"><ele>3303.5802144490494</ele></trkpt><trkpt lat="36.912125358358" lon="-118.39726516977"><ele>3290.706863297615</ele></trkpt><trkpt lat="36.9114239607006" lon="-118.397413780913"><ele>3274.0</ele></trkpt><trkpt lat="36.9110223837197" lon="-118.397733131424"><ele>3263.5253003376993</ele></trkpt><trkpt lat="36.9106156937778" lon="-118.397744866088"><ele>3261.0</ele></trkpt><trkpt lat="36.9104419369251" lon="-118.398305196315"><ele>3252.0</ele></trkpt><trkpt lat="36.9093289878219" lon="-118.398629827425"><ele>3244.0</ele></trkpt><trkpt lat="36.9091215357184" lon="-118.398296898231"><ele>3243.6278579804884</ele></trkpt><trkpt lat="36.9080132804811" lon="-118.398224813864"><ele>3225.0</ele></trkpt><trkpt lat="36.9076982047409" lon="-118.398970970884"><ele>3208.0</ele></trkpt><trkpt lat="36.9071258045733" lon="-118.398954542354"><ele>3210.0</ele></trkpt><trkpt lat="36.9066725950688" lon="-118.398660337552"><ele>3208.0</ele></trkpt><trkpt lat="36.9062420167029" lon="-118.399290908128"><ele>3206.0</ele></trkpt><trkpt lat="36.9057515077293" lon="-118.399534318596"><ele>3203.0</ele></trkpt><trkpt lat="36.9055002182722" lon="-118.400137564167"><ele>3194.087165845235</ele></trkpt><trkpt lat="36.9051990564913" lon="-118.400332862511"><ele>3189.0</ele></trkpt><trkpt lat="36.9050019979477" lon="-118.400123231113"><ele>3187.915329970928</ele></trkpt><trkpt lat="36.9046048633754" lon="-118.400063635781"><ele>3181.0</ele></trkpt><trkpt lat="36.9034889806062" lon="-118.400404443964"><ele>3166.090986384167</ele></trkpt><trkpt lat="36.9030635990202" lon="-118.400284834206"><ele>3162.674420843852</ele></trkpt><trkpt lat="36.902346611023" lon="-118.400697726756"><ele>3150.7514243815094</ele></trkpt><trkpt lat="36.9019463751465" lon="-118.401210447773"><ele>3143.0</ele></trkpt><trkpt lat="36.9017685111612" lon="-118.401894411072"><ele>3132.0</ele></trkpt><trkpt lat="36.9018903002143" lon="-118.402890013531"><ele>3128.017918002909</ele></trkpt><trkpt lat="36.9015666749328" lon="-118.403137447312"><ele>3123.0</ele></trkpt><trkpt lat="36.9015364162624" lon="-118.4036059957"><ele>3116.7432634331344</ele></trkpt><trkpt lat="36.9012940954417" lon="-118.403719570488"><ele>3112.0</ele></trkpt><trkpt lat="36.9010590668768" lon="-118.404123494402"><ele>3102.8298414529672</ele></trkpt><trkpt lat="36.9010304007679" lon="-118.404751969501"><ele>3097.0</ele></trkpt><trkpt lat="36.9005928654224" lon="-118.405368374661"><ele>3079.7216216531892</ele></trkpt><trkpt lat="36.9004697352648" lon="-118.405219176784"><ele>3076.3703537192196</ele></trkpt><trkpt lat="36.9000886939466" lon="-118.405555291101"><ele>3061.7290354059846</ele></trkpt><trkpt lat="36.9002191163599" lon="-118.406069017947"><ele>3056.7649213187397</ele></trkpt><trkpt lat="36.8999429326505" lon="-118.406291306019"><ele>3042.7935579271916</ele></trkpt><trkpt lat="36.9001253228635" lon="-118.407976906747"><ele>3032.2988872211426</ele></trkpt><trkpt lat="36.899717124179" lon="-118.408327857032"><ele>3015.737900789947</ele></trkpt><trkpt lat="36.899769930169" lon="-118.4093763493"><ele>3007.3534856617835</ele></trkpt><trkpt lat="36.8994255177677" lon="-118.409406021237"><ele>2995.1129472159564</ele></trkpt><trkpt lat="36.8996822554618" lon="-118.410042710602"><ele>2993.0</ele></trkpt><trkpt lat="36.899635149166" lon="-118.410756681114"><ele>2988.732984514907</ele></trkpt><trkpt lat="36.8992841988802" lon="-118.410963462666"><ele>2979.917450261768</ele></trkpt><trkpt lat="36.8991101905703" lon="-118.411401165649"><ele>2971.0</ele></trkpt><trkpt lat="36.8985048495233" lon="-118.411525636911"><ele>2958.9229914996954</ele></trkpt><trkpt lat="36.8985781911761" lon="-118.412441192195"><ele>2959.0</ele></trkpt><trkpt lat="36.8979219719768" lon="-118.413686743006"><ele>2947.0</ele></trkpt><trkpt lat="36.8979624565691" lon="-118.414168702438"><ele>2948.0</ele></trkpt><trkpt lat="36.8966924306005" lon="-118.41515449807"><ele>2933.7577575133964</ele></trkpt><trkpt lat="36.8957604467869" lon="-118.416089164093"><ele>2928.9330150932074</ele></trkpt><trkpt lat="36.8957966566086" lon="-118.416308099404"><ele>2928.5776206372543</ele></trkpt><trkpt lat="36.8956455308944" lon="-118.416449921206"><ele>2922.0</ele></trkpt><trkpt lat="36.8942811246961" lon="-118.416506079957"><ele>2910.6679687551223</ele></trkpt><trkpt lat="36.8924378603697" lon="-118.417234215885"><ele>2899.9185357652605</ele></trkpt><trkpt lat="36.8922624271363" lon="-118.417209153995"><ele>2894.4335937537253</ele></trkpt><trkpt lat="36.8920458387583" lon="-118.416830711067"><ele>2876.893029521305</ele></trkpt><trkpt lat="36.8918707408011" lon="-118.416863065213"><ele>2874.0</ele></trkpt><trkpt lat="36.8904491700232" lon="-118.418006943539"><ele>2843.0</ele></trkpt><trkpt lat="36.8903764989227" lon="-118.418435426429"><ele>2836.0</ele></trkpt><trkpt lat="36.8901447393" lon="-118.418542882428"><ele>2833.410271689999</ele></trkpt><trkpt lat="36.8895842414349" lon="-118.419497832656"><ele>2822.0</ele></trkpt><trkpt lat="36.8894452694803" lon="-118.420189339668"><ele>2821.0</ele></trkpt><trkpt lat="36.8891486339271" lon="-118.42012245208"><ele>2815.9295578689407</ele></trkpt><trkpt lat="36.8889757990837" lon="-118.42046443373"><ele>2809.0</ele></trkpt><trkpt lat="36.8890038784593" lon="-118.421252919361"><ele>2806.0</ele></trkpt><trkpt lat="36.888670111075" lon="-118.421490797773"><ele>2805.0</ele></trkpt><trkpt lat="36.8884290475398" lon="-118.422323623672"><ele>2795.7238918580115</ele></trkpt><trkpt lat="36.8881819490343" lon="-118.422558652237"><ele>2787.261718752794</ele></trkpt><trkpt lat="36.8882139679044" lon="-118.423342108726"><ele>2784.1915719415992</ele></trkpt><trkpt lat="36.8879625108093" lon="-118.423942923546"><ele>2783.0</ele></trkpt><trkpt lat="36.8871259130538" lon="-118.424658151343"><ele>2786.0</ele></trkpt><trkpt lat="36.8868684209883" lon="-118.425195850432"><ele>2779.0</ele></trkpt><trkpt lat="36.8863908201456" lon="-118.425434818491"><ele>2769.214041730817</ele></trkpt><trkpt lat="36.8862660974264" lon="-118.425954831764"><ele>2766.6977063514296</ele></trkpt><trkpt lat="36.8856559786946" lon="-118.426371077076"><ele>2759.059330456936</ele></trkpt><trkpt lat="36.8854460120201" lon="-118.427117066458"><ele>2759.926397897822</ele></trkpt><trkpt lat="36.8851396534592" lon="-118.427440775558"><ele>2755.0604232028127</ele></trkpt><trkpt lat="36.8849358893931" lon="-118.428165307269"><ele>2753.0</ele></trkpt><trkpt lat="36.884946282953" lon="-118.428709041327"><ele>2749.7935406900942</ele></trkpt><trkpt lat="36.8846391700208" lon="-118.429443463683"><ele>2747.8994261603802</ele></trkpt><trkpt lat="36.8834509514272" lon="-118.430426660925"><ele>2733.805382675776</ele></trkpt><trkpt lat="36.8825487233698" lon="-118.430836619809"><ele>2724.519531237427</ele></trkpt><trkpt lat="36.8819790892303" lon="-118.4314883966"><ele>2730.8945312551223</ele></trkpt><trkpt lat="36.8812910187989" lon="-118.431803891435"><ele>2718.928425961579</ele></trkpt><trkpt lat="36.8806707579643" lon="-118.432411914691"><ele>2721.684051197022</ele></trkpt><trkpt lat="36.8803981784731" lon="-118.432547366247"><ele>2711.049027220346</ele></trkpt><trkpt lat="36.8801592104137" lon="-118.432281911373"><ele>2692.755142844282</ele></trkpt><trkpt lat="36.8802157882601" lon="-118.432466816157"><ele>2701.668672834523</ele></trkpt><trkpt lat="36.8797645904124" lon="-118.433046760038"><ele>2693.777664706111</ele></trkpt><trkpt lat="36.8797535263002" lon="-118.433450935408"><ele>2690.157406060859</ele></trkpt><trkpt lat="36.8793990556151" lon="-118.433503992856"><ele>2685.92990715891</ele></trkpt><trkpt lat="36.8783008586615" lon="-118.434547791258"><ele>2674.7943776704615</ele></trkpt><trkpt lat="36.8778365012258" lon="-118.43460906297"><ele>2662.556403970346</ele></trkpt><trkpt lat="36.8774782586843" lon="-118.435361003503"><ele>2655.801984567035</ele></trkpt><trkpt lat="36.8765406589955" lon="-118.435693262145"><ele>2640.1445312462747</ele></trkpt><trkpt lat="36.8763043731451" lon="-118.43646842055"><ele>2637.0</ele></trkpt><trkpt lat="36.874821446836" lon="-118.438137844205"><ele>2611.7046615368545</ele></trkpt><trkpt lat="36.8743200413883" lon="-118.439084747806"><ele>2601.629095850263</ele></trkpt><trkpt lat="36.8738586176187" lon="-118.439358668402"><ele>2593.547273078476</ele></trkpt><trkpt lat="36.8736981041729" lon="-118.439272083342"><ele>2590.0</ele></trkpt><trkpt lat="36.8736728746444" lon="-118.438819879666"><ele>2590.0</ele></trkpt><trkpt lat="36.8738341424614" lon="-118.438334399834"><ele>2591.0</ele></trkpt><trkpt lat="36.873441785574" lon="-118.437885716558"><ele>2595.0</ele></trkpt><trkpt lat="36.8731557950377" lon="-118.437181385234"><ele>2601.134479869157</ele></trkpt><trkpt lat="36.8731400370598" lon="-118.435992747545"><ele>2602.0</ele></trkpt><trkpt lat="36.8728395458311" lon="-118.435660405084"><ele>2602.0</ele></trkpt><trkpt lat="36.8728185910732" lon="-118.43533962965"><ele>2605.0</ele></trkpt><trkpt lat="36.8726643640548" lon="-118.435427388176"><ele>2604.7635385151953</ele></trkpt><trkpt lat="36.8727823812515" lon="-118.435482373461"><ele>2603.0</ele></trkpt><trkpt lat="36.8726838100702" lon="-118.435516403988"><ele>2604.0</ele></trkpt><trkpt lat="36.8726016674191" lon="-118.434898406267"><ele>2606.6619894023315</ele></trkpt><trkpt lat="36.8726439122111" lon="-118.434127606451"><ele>2612.0</ele></trkpt><trkpt lat="36.8724580015987" lon="-118.433908671141"><ele>2613.0</ele></trkpt><trkpt lat="36.8725708220154" lon="-118.432901250198"><ele>2621.0</ele></trkpt><trkpt lat="36.8721946422011" lon="-118.432490872219"><ele>2622.0</ele></trkpt><trkpt lat="36.8721686583012" lon="-118.432262213901"><ele>2624.02756203023</ele></trkpt><trkpt lat="36.8723875936121" lon="-118.431349089369"><ele>2633.0</ele></trkpt><trkpt lat="36.8716117646545" lon="-118.430466642603"><ele>2653.083696277812</ele></trkpt><trkpt lat="36.8710205890238" lon="-118.429239867255"><ele>2663.949671614797</ele></trkpt><trkpt lat="36.8705645296723" lon="-118.428533691913"><ele>2673.0905063711107</ele></trkpt><trkpt lat="36.8702272418886" lon="-118.428417518735"><ele>2676.7390720229596</ele></trkpt><trkpt lat="36.8700870126486" lon="-118.427950395271"><ele>2682.0</ele></trkpt><trkpt lat="36.8696459569037" lon="-118.427744284272"><ele>2689.6505662875475</ele></trkpt><trkpt lat="36.8691468983889" lon="-118.427176158875"><ele>2685.9770407755814</ele></trkpt><trkpt lat="36.8674790672958" lon="-118.426689002663"><ele>2713.2265625051223</ele></trkpt><trkpt lat="36.8673067353666" lon="-118.426379626617"><ele>2711.0</ele></trkpt><trkpt lat="36.8653437774628" lon="-118.425013627857"><ele>2723.031710581512</ele></trkpt><trkpt lat="36.8647353351116" lon="-118.424996277317"><ele>2726.2228394099393</ele></trkpt><trkpt lat="36.8642013240606" lon="-118.424820005894"><ele>2733.886899284553</ele></trkpt><trkpt lat="36.8641887512058" lon="-118.424675166607"><ele>2736.0</ele></trkpt><trkpt lat="36.8630790710449" lon="-118.424502750859"><ele>2750.4273288148624</ele></trkpt><trkpt lat="36.862616892904" lon="-118.423851560801"><ele>2755.04605325358</ele></trkpt><trkpt lat="36.8619978893548" lon="-118.423766568303"><ele>2762.0312499948777</ele></trkpt><trkpt lat="36.8611988425255" lon="-118.423084616661"><ele>2765.0</ele></trkpt><trkpt lat="36.8611993454397" lon="-118.42278261669"><ele>2769.0</ele></trkpt><trkpt lat="36.8606797512621" lon="-118.421761365607"><ele>2782.0</ele></trkpt><trkpt lat="36.8588504008949" lon="-118.420936753973"><ele>2799.8476562672295</ele></trkpt><trkpt lat="36.8562073353678" lon="-118.418797692284"><ele>2830.67163862724</ele></trkpt><trkpt lat="36.8545928131789" lon="-118.41824658215"><ele>2844.0</ele></trkpt><trkpt lat="36.8543961737305" lon="-118.41789429076"><ele>2847.8740811068565</ele></trkpt><trkpt lat="36.854389635846" lon="-118.416773462668"><ele>2853.871093752794</ele></trkpt><trkpt lat="36.8534397147596" lon="-118.416347578168"><ele>2868.7187499953434</ele></trkpt><trkpt lat="36.8532729148865" lon="-118.415673170239"><ele>2877.043773955436</ele></trkpt><trkpt lat="36.8523971736431" lon="-118.415356501937"><ele>2881.364839985202</ele></trkpt><trkpt lat="36.8521185591817" lon="-118.414367856458"><ele>2876.0</ele></trkpt><trkpt lat="36.8521321378648" lon="-118.413546094671"><ele>2879.808514009139</ele></trkpt><trkpt lat="36.8523154500872" lon="-118.413025494665"><ele>2885.5661579200487</ele></trkpt><trkpt lat="36.851955614984" lon="-118.412673370913"><ele>2893.0</ele></trkpt><trkpt lat="36.8510572426021" lon="-118.412601118907"><ele>2911.0</ele></trkpt><trkpt lat="36.8502727802843" lon="-118.41315491125"><ele>2910.4921875060536</ele></trkpt><trkpt lat="36.8500033859164" lon="-118.413013843819"><ele>2901.917968726717</ele></trkpt><trkpt lat="36.8498648330569" lon="-118.412566166371"><ele>2901.78244298324</ele></trkpt><trkpt lat="36.8493393715471" lon="-118.412724835798"><ele>2905.0</ele></trkpt><trkpt lat="36.8488284107298" lon="-118.412411855534"><ele>2917.1421859152615</ele></trkpt><trkpt lat="36.8487601820379" lon="-118.412107424811"><ele>2920.037511430157</ele></trkpt><trkpt lat="36.8484151829034" lon="-118.412176407874"><ele>2931.0</ele></trkpt><trkpt lat="36.847927859053" lon="-118.411851022393"><ele>2940.8617910477333</ele></trkpt><trkpt lat="36.847082041204" lon="-118.410914931446"><ele>2952.7604193388643</ele></trkpt><trkpt lat="36.8460557609796" lon="-118.410765565932"><ele>2966.8049938667173</ele></trkpt><trkpt lat="36.8458106741309" lon="-118.41017531231"><ele>2977.0</ele></trkpt><trkpt lat="36.8455339875072" lon="-118.410094426945"><ele>2980.0</ele></trkpt><trkpt lat="36.8446696456522" lon="-118.40924827382"><ele>2988.0</ele></trkpt><trkpt lat="36.8439987581223" lon="-118.409144002944"><ele>2997.743650445962</ele></trkpt><trkpt lat="36.8439443595707" lon="-118.409714056179"><ele>3003.0</ele></trkpt><trkpt lat="36.8437474686652" lon="-118.409704081714"><ele>3004.037092955783</ele></trkpt><trkpt lat="36.8437171261758" lon="-118.409220613539"><ele>3002.0</ele></trkpt><trkpt lat="36.8432326521724" lon="-118.408733792603"><ele>3004.0169672388583</ele></trkpt><trkpt lat="36.8407012335956" lon="-118.407045006752"><ele>3038.107227377128</ele></trkpt><trkpt lat="36.8401741795242" lon="-118.407235192135"><ele>3053.1202030926943</ele></trkpt><trkpt lat="36.8400456011295" lon="-118.407508106902"><ele>3056.8696840545963</ele></trkpt><trkpt lat="36.8393670022488" lon="-118.407346503809"><ele>3067.8253165843194</ele></trkpt><trkpt lat="36.8384577333927" lon="-118.407420767471"><ele>3083.3137234929936</ele></trkpt><trkpt lat="36.8379517178982" lon="-118.407730143517"><ele>3095.828389397886</ele></trkpt><trkpt lat="36.836357312277" lon="-118.408141862601"><ele>3107.3267927984234</ele></trkpt><trkpt lat="36.8349165469408" lon="-118.407903481275"><ele>3113.0</ele></trkpt><trkpt lat="36.8339633569121" lon="-118.40915473178"><ele>3117.0</ele></trkpt><trkpt lat="36.8336599320173" lon="-118.40905171819"><ele>3116.590156402475</ele></trkpt><trkpt lat="36.833172859624" lon="-118.408531369641"><ele>3117.8384791258723</ele></trkpt><trkpt lat="36.8329837638885" lon="-118.408704120666"><ele>3122.070312509779</ele></trkpt><trkpt lat="36.8329657427967" lon="-118.409011652693"><ele>3129.5433086254634</ele></trkpt><trkpt lat="36.8326404411346" lon="-118.409305606037"><ele>3139.582741687848</ele></trkpt><trkpt lat="36.8322588969022" lon="-118.409368721768"><ele>3137.027929409893</ele></trkpt><trkpt lat="36.8314185272902" lon="-118.409930309281"><ele>3137.0</ele></trkpt><trkpt lat="36.8310660682619" lon="-118.409727383405"><ele>3135.5317260846496</ele></trkpt><trkpt lat="36.8311328720301" lon="-118.409482464194"><ele>3135.0</ele></trkpt><trkpt lat="36.8293449282646" lon="-118.409134196118"><ele>3140.0</ele></trkpt><trkpt lat="36.8277698848397" lon="-118.409728221595"><ele>3141.3053879900344</ele></trkpt><trkpt lat="36.8271151743829" lon="-118.409331170842"><ele>3145.0</ele></trkpt><trkpt lat="36.8253918550909" lon="-118.408745443448"><ele>3164.835685112368</ele></trkpt><trkpt lat="36.8248658906668" lon="-118.409124221653"><ele>3174.456753535196</ele></trkpt><trkpt lat="36.8241328094155" lon="-118.409341061488"><ele>3186.348988451465</ele></trkpt><trkpt lat="36.8238823581487" lon="-118.409125814214"><ele>3191.0</ele></trkpt><trkpt lat="36.822778377682" lon="-118.409045180306"><ele>3196.0</ele></trkpt><trkpt lat="36.8223683349788" lon="-118.408883493394"><ele>3192.9406503056484</ele></trkpt><trkpt lat="36.8220181390643" lon="-118.408413268626"><ele>3199.36350225709</ele></trkpt><trkpt lat="36.8210047669709" lon="-118.408236159012"><ele>3206.0</ele></trkpt><trkpt lat="36.819176170975" lon="-118.407301660627"><ele>3216.2890625060536</ele></trkpt><trkpt lat="36.8180988449603" lon="-118.4072918538"><ele>3219.0</ele></trkpt><trkpt lat="36.8169037532061" lon="-118.406631695107"><ele>3213.0</ele></trkpt><trkpt lat="36.8160620424896" lon="-118.405508352444"><ele>3210.01154814326</ele></trkpt><trkpt lat="36.8153484072536" lon="-118.405530229211"><ele>3217.8437499934807</ele></trkpt><trkpt lat="36.81311362423" lon="-118.403593590483"><ele>3220.440319395485</ele></trkpt><trkpt lat="36.8128819484264" lon="-118.403602140024"><ele>3222.0</ele></trkpt><trkpt lat="36.8126667849719" lon="-118.403276586905"><ele>3220.0</ele></trkpt><trkpt lat="36.8127186689526" lon="-118.402931587771"><ele>3222.0</ele></trkpt><trkpt lat="36.8124646134675" lon="-118.402760177851"><ele>3221.0</ele></trkpt><trkpt lat="36.8123992346227" lon="-118.402141761035"><ele>3222.0</ele></trkpt><trkpt lat="36.8120738491416" lon="-118.401824086905"><ele>3218.480279038668</ele></trkpt><trkpt lat="36.8117115832865" lon="-118.401735657826"><ele>3219.449908140581</ele></trkpt><trkpt lat="36.8113937415183" lon="-118.40099260211"><ele>3222.0</ele></trkpt><trkpt lat="36.8107867240906" lon="-118.400552468374"><ele>3221.8242187672295</ele></trkpt><trkpt lat="36.8105512764305" lon="-118.400177797303"><ele>3226.0</ele></trkpt><trkpt lat="36.8105820380151" lon="-118.399491654709"><ele>3226.0160635691136</ele></trkpt><trkpt lat="36.8100632820278" lon="-118.398805428296"><ele>3221.0620562341064</ele></trkpt><trkpt lat="36.8082282319665" lon="-118.3982822299"><ele>3229.625000016298</ele></trkpt><trkpt lat="36.8078575842083" lon="-118.397933542728"><ele>3231.1249999799766</ele></trkpt><trkpt lat="36.8067198246717" lon="-118.398101013154"><ele>3228.0</ele></trkpt><trkpt lat="36.8061043415219" lon="-118.397766575217"><ele>3226.7498428054305</ele></trkpt><trkpt lat="36.805441249162" lon="-118.397995149717"><ele>3220.0</ele></trkpt><trkpt lat="36.8051099125296" lon="-118.397854501382"><ele>3216.5585937271826</ele></trkpt><trkpt lat="36.8042498454452" lon="-118.398231687024"><ele>3214.559657132253</ele></trkpt><trkpt lat="36.8035248108208" lon="-118.398218024522"><ele>3219.3828124967404</ele></trkpt><trkpt lat="36.8030625488609" lon="-118.398790508509"><ele>3216.3351785894483</ele></trkpt><trkpt lat="36.803062716499" lon="-118.399100555107"><ele>3214.168425627635</ele></trkpt><trkpt lat="36.8035045266151" lon="-118.399890968576"><ele>3215.0390329823495</ele></trkpt><trkpt lat="36.8040118832141" lon="-118.401932548732"><ele>3212.0</ele></trkpt><trkpt lat="36.8033445160836" lon="-118.40213438496"><ele>3212.2533566411585</ele></trkpt><trkpt lat="36.8033759482205" lon="-118.40241920203"><ele>3212.080144102685</ele></trkpt><trkpt lat="36.8027654942125" lon="-118.402598993853"><ele>3218.0</ele></trkpt><trkpt lat="36.803105128929" lon="-118.402589941397"><ele>3213.0</ele></trkpt><trkpt lat="36.8034639582038" lon="-118.402827903628"><ele>3216.0</ele></trkpt><trkpt lat="36.8040905892849" lon="-118.402536213398"><ele>3213.0</ele></trkpt><trkpt lat="36.8044055812061" lon="-118.402754394338"><ele>3213.5996821649615</ele></trkpt><trkpt lat="36.8048830144107" lon="-118.402526574209"><ele>3214.5822148358193</ele></trkpt></trkseg></trk><trk><name>2013-09-20</name><trkseg><trkpt lat="37.1215055510402" lon="-118.653321247548"><ele>3442.9715158241015</ele></trkpt><trkpt lat="37.121592387557" lon="-118.653527190909"><ele>3440.0</ele></trkpt><trkpt lat="37.1220021788031" lon="-118.653244385496"><ele>3434.0</ele></trkpt><trkpt lat="37.1222003269941" lon="-118.653628109023"><ele>3439.1288070138544</ele></trkpt><trkpt lat="37.1222498640418" lon="-118.653319403529"><ele>3434.9687499920838</ele></trkpt><trkpt lat="37.1228214260191" lon="-118.652835013345"><ele>3427.394531255588</ele></trkpt><trkpt lat="37.1225038357079" lon="-118.652160773054"><ele>3416.0</ele></trkpt><trkpt lat="37.1225077752024" lon="-118.650095975026"><ele>3406.0</ele></trkpt><trkpt lat="37.1229087654501" lon="-118.64976589568"><ele>3402.0</ele></trkpt><trkpt lat="37.1236125938594" lon="-118.649717867374"><ele>3391.451503337361</ele></trkpt><trkpt lat="37.1237180382013" lon="-118.649855582044"><ele>3389.163392158225</ele></trkpt><trkpt lat="37.1237582713366" lon="-118.649573279545"><ele>3384.3867187630385</ele></trkpt><trkpt lat="37.1240596007556" lon="-118.649705629796"><ele>3380.1105825713416</ele></trkpt><trkpt lat="37.1240367181599" lon="-118.649551905692"><ele>3379.209699467127</ele></trkpt><trkpt lat="37.1246502734721" lon="-118.649306567386"><ele>3367.0</ele></trkpt><trkpt lat="37.1245084516704" lon="-118.648984786123"><ele>3367.0</ele></trkpt><trkpt lat="37.1240495424718" lon="-118.648882946"><ele>3364.2148437728174</ele></trkpt><trkpt lat="37.1241728402674" lon="-118.648731065914"><ele>3361.1367187490687</ele></trkpt><trkpt lat="37.1239790506661" lon="-118.648468377069"><ele>3354.0827885106646</ele></trkpt><trkpt lat="37.1245272271335" lon="-118.647583834827"><ele>3349.0</ele></trkpt><trkpt lat="37.1246023289859" lon="-118.646759139374"><ele>3345.0</ele></trkpt><trkpt lat="37.1243149135262" lon="-118.646515561268"><ele>3340.0</ele></trkpt><trkpt lat="37.1242950484157" lon="-118.646148769185"><ele>3336.0</ele></trkpt><trkpt lat="37.1240831539035" lon="-118.64642964676"><ele>3334.156526231428</ele></trkpt><trkpt lat="37.12402372621" lon="-118.647324917838"><ele>3330.7037998829037</ele></trkpt><trkpt lat="37.1234451234341" lon="-118.646684791893"><ele>3321.6845258904855</ele></trkpt><trkpt lat="37.123444955796" lon="-118.646053634584"><ele>3315.3593750023283</ele></trkpt><trkpt lat="37.1239289268851" lon="-118.645325750113"><ele>3303.0</ele></trkpt><trkpt lat="37.1235723607242" lon="-118.645504955202"><ele>3307.8569662971267</ele></trkpt><trkpt lat="37.1234208159149" lon="-118.6453648936"><ele>3307.6071032378823</ele></trkpt><trkpt lat="37.1233802475035" lon="-118.64436769858"><ele>3299.0</ele></trkpt><trkpt lat="37.1230922453105" lon="-118.644053209573"><ele>3299.74020460248</ele></trkpt><trkpt lat="37.1225843857974" lon="-118.642071643844"><ele>3296.332699134001</ele></trkpt><trkpt lat="37.1214643120766" lon="-118.641493711621"><ele>3287.0</ele></trkpt><trkpt lat="37.120857629925" lon="-118.641668725759"><ele>3276.6545067411685</ele></trkpt><trkpt lat="37.1207216754556" lon="-118.642044905573"><ele>3269.705692032352</ele></trkpt><trkpt lat="37.1204708889127" lon="-118.64218454808"><ele>3267.0</ele></trkpt><trkpt lat="37.1197849139571" lon="-118.641903335229"><ele>3260.0</ele></trkpt><trkpt lat="37.1196343749762" lon="-118.642008192837"><ele>3260.0</ele></trkpt><trkpt lat="37.1195843350142" lon="-118.641755646095"><ele>3254.277395748971</ele></trkpt><trkpt lat="37.1193967480212" lon="-118.641652129591"><ele>3252.0</ele></trkpt><trkpt lat="37.1194500569254" lon="-118.641356416047"><ele>3254.0</ele></trkpt><trkpt lat="37.1187220048159" lon="-118.640887616202"><ele>3239.39453126071</ele></trkpt><trkpt lat="37.1177806332707" lon="-118.639410557225"><ele>3233.0</ele></trkpt><trkpt lat="37.117551388219" lon="-118.63976242952"><ele>3235.6547935022136</ele></trkpt><trkpt lat="37.1171970013529" lon="-118.639776008204"><ele>3223.7637645860054</ele></trkpt><trkpt lat="37.1173033677042" lon="-118.639917997643"><ele>3226.888645071026</ele></trkpt><trkpt lat="37.1170272678137" lon="-118.640077421442"><ele>3213.8178430958424</ele></trkpt><trkpt lat="37.1171261742711" lon="-118.640540940687"><ele>3206.311511311936</ele></trkpt><trkpt lat="37.1165918279439" lon="-118.640334242955"><ele>3197.0</ele></trkpt><trkpt lat="37.1160824596882" lon="-118.639822695404"><ele>3186.0</ele></trkpt><trkpt lat="37.1160742454231" lon="-118.639426985756"><ele>3185.0</ele></trkpt><trkpt lat="37.1159185096622" lon="-118.639220958576"><ele>3181.0</ele></trkpt><trkpt lat="37.1160599961877" lon="-118.638900853693"><ele>3180.0156249776483</ele></trkpt><trkpt lat="37.1159116365015" lon="-118.638915941119"><ele>3176.882950196823</ele></trkpt><trkpt lat="37.1157483570278" lon="-118.637740546837"><ele>3155.9438259539425</ele></trkpt><trkpt lat="37.114805392921" lon="-118.637673910707"><ele>3144.164062511176</ele></trkpt><trkpt lat="37.1141518559307" lon="-118.637852361426"><ele>3145.0</ele></trkpt><trkpt lat="37.1143381018192" lon="-118.637334275991"><ele>3141.0</ele></trkpt><trkpt lat="37.1137764304876" lon="-118.636127533391"><ele>3134.953401917305</ele></trkpt><trkpt lat="37.1140133030713" lon="-118.63555287011"><ele>3125.633467683603</ele></trkpt><trkpt lat="37.1138523705304" lon="-118.635641466826"><ele>3123.1171874911524</ele></trkpt><trkpt lat="37.1139720641077" lon="-118.634812664241"><ele>3109.0</ele></trkpt><trkpt lat="37.1137501113117" lon="-118.634522147477"><ele>3097.9652977308356</ele></trkpt><trkpt lat="37.1136111393571" lon="-118.633795939386"><ele>3089.0</ele></trkpt><trkpt lat="37.1137169189751" lon="-118.633480696008"><ele>3085.133700644808</ele></trkpt><trkpt lat="37.1136234607548" lon="-118.633643640205"><ele>3086.859731339899</ele></trkpt><trkpt lat="37.1135515440255" lon="-118.633115747944"><ele>3070.655170178041</ele></trkpt><trkpt lat="37.1134932059795" lon="-118.63340601325"><ele>3075.937499983702</ele></trkpt><trkpt lat="37.1132015995681" lon="-118.633412299678"><ele>3065.3875017388664</ele></trkpt><trkpt lat="37.1134445909411" lon="-118.632738729939"><ele>3056.9046612357297</ele></trkpt><trkpt lat="37.1133698243648" lon="-118.632830092683"><ele>3056.132934373338</ele></trkpt><trkpt lat="37.1133649628609" lon="-118.632645606995"><ele>3051.251167002134</ele></trkpt><trkpt lat="37.1137500274926" lon="-118.631874304265"><ele>3036.6681469769046</ele></trkpt><trkpt lat="37.1135268174112" lon="-118.631471553817"><ele>3029.0</ele></trkpt><trkpt lat="37.113531595096" lon="-118.631791993976"><ele>3027.0</ele></trkpt><trkpt lat="37.1131838299334" lon="-118.631323864684"><ele>3014.1655903086066</ele></trkpt><trkpt lat="37.1130701713264" lon="-118.630939470604"><ele>3010.5171562922374</ele></trkpt><trkpt lat="37.1133478637785" lon="-118.629373731092"><ele>2996.0</ele></trkpt><trkpt lat="37.1139149833471" lon="-118.628324232996"><ele>3000.0978940056434</ele></trkpt><trkpt lat="37.1138542983681" lon="-118.627857109532"><ele>2992.5699184768505</ele></trkpt><trkpt lat="37.1135516278446" lon="-118.627949729562"><ele>2981.883148606016</ele></trkpt><trkpt lat="37.1134346164763" lon="-118.626633854583"><ele>2957.821795763448</ele></trkpt><trkpt lat="37.1131370589137" lon="-118.626244934276"><ele>2942.08948979128</ele></trkpt><trkpt lat="37.11310621351" lon="-118.625805638731"><ele>2934.092000872405</ele></trkpt><trkpt lat="37.1132428385317" lon="-118.625588966534"><ele>2933.6367187714204</ele></trkpt><trkpt lat="37.1131250727922" lon="-118.625267101452"><ele>2924.465934101012</ele></trkpt><trkpt lat="37.1132996678352" lon="-118.62486820668"><ele>2919.0</ele></trkpt><trkpt lat="37.1130922157317" lon="-118.624600153416"><ele>2914.0</ele></trkpt><trkpt lat="37.1130527369678" lon="-118.623770931736"><ele>2910.5044113192707</ele></trkpt><trkpt lat="37.1128572709858" lon="-118.623446887359"><ele>2906.081245796755</ele></trkpt><trkpt lat="37.1128757111728" lon="-118.622783543542"><ele>2901.1421425035273</ele></trkpt><trkpt lat="37.1126385871321" lon="-118.621526593342"><ele>2888.522336759923</ele></trkpt><trkpt lat="37.1123230084777" lon="-118.620823435485"><ele>2875.5468749827705</ele></trkpt><trkpt lat="37.1123146265745" lon="-118.620356228203"><ele>2872.8570142068056</ele></trkpt><trkpt lat="37.1125271916389" lon="-118.619491131976"><ele>2865.0</ele></trkpt><trkpt lat="37.1128528285772" lon="-118.619105396792"><ele>2863.9073305568522</ele></trkpt><trkpt lat="37.1128370705992" lon="-118.618694599718"><ele>2859.9007230848074</ele></trkpt><trkpt lat="37.1130306087434" lon="-118.618251532316"><ele>2859.8987212809734</ele></trkpt><trkpt lat="37.1125949174166" lon="-118.616550005972"><ele>2850.0</ele></trkpt><trkpt lat="37.1129169501364" lon="-118.615945000201"><ele>2848.0</ele></trkpt><trkpt lat="37.1131586842239" lon="-118.614918636158"><ele>2843.0</ele></trkpt><trkpt lat="37.1131659764797" lon="-118.613198837265"><ele>2839.0</ele></trkpt><trkpt lat="37.1134345326573" lon="-118.612797763199"><ele>2840.8168972935528</ele></trkpt><trkpt lat="37.1133215446025" lon="-118.612098461017"><ele>2832.0</ele></trkpt><trkpt lat="37.1135901007801" lon="-118.611328080297"><ele>2829.0</ele></trkpt><trkpt lat="37.1135559864342" lon="-118.610699772835"><ele>2827.6860922319465</ele></trkpt><trkpt lat="37.1128758788109" lon="-118.609772399068"><ele>2821.610327444764</ele></trkpt><trkpt lat="37.1123266965151" lon="-118.608413273469"><ele>2813.0742599051446</ele></trkpt><trkpt lat="37.1125130262226" lon="-118.607054483145"><ele>2811.0</ele></trkpt><trkpt lat="37.1127817500383" lon="-118.606314528733"><ele>2811.667757926509</ele></trkpt><trkpt lat="37.1128297783434" lon="-118.605305934325"><ele>2811.0</ele></trkpt><trkpt lat="37.1121130418032" lon="-118.604370765388"><ele>2813.0</ele></trkpt><trkpt lat="37.1115077007562" lon="-118.603982599452"><ele>2815.0</ele></trkpt><trkpt lat="37.1107980050147" lon="-118.603940689936"><ele>2812.0</ele></trkpt><trkpt lat="37.1103115193546" lon="-118.603456970304"><ele>2808.0</ele></trkpt><trkpt lat="37.1099189948291" lon="-118.603495191783"><ele>2801.0</ele></trkpt><trkpt lat="37.1078904904425" lon="-118.60153474845"><ele>2762.0</ele></trkpt><trkpt lat="37.1066588535905" lon="-118.601094027981"><ele>2750.0</ele></trkpt><trkpt lat="37.1063643973321" lon="-118.600817173719"><ele>2748.6500295642763</ele></trkpt><trkpt lat="37.1061794087291" lon="-118.600906105712"><ele>2744.0</ele></trkpt><trkpt lat="37.1059801708907" lon="-118.600300094113"><ele>2738.0898437616415</ele></trkpt><trkpt lat="37.1054316591471" lon="-118.600519280881"><ele>2725.0442564563236</ele></trkpt><trkpt lat="37.1051017474383" lon="-118.600911386311"><ele>2721.0</ele></trkpt><trkpt lat="37.1050969697535" lon="-118.600378884003"><ele>2715.0</ele></trkpt><trkpt lat="37.104979455471" lon="-118.600568482652"><ele>2715.0</ele></trkpt><trkpt lat="37.1049241349101" lon="-118.600276457146"><ele>2711.0</ele></trkpt><trkpt lat="37.1047805529088" lon="-118.60037561506"><ele>2708.059780846663</ele></trkpt><trkpt lat="37.1045254915953" lon="-118.599751079455"><ele>2701.0</ele></trkpt><trkpt lat="37.1035202499479" lon="-118.599697183818"><ele>2697.0</ele></trkpt><trkpt lat="37.1016158815473" lon="-118.59818902798"><ele>2695.0</ele></trkpt><trkpt lat="37.0994975231588" lon="-118.597765993327"><ele>2695.0</ele></trkpt><trkpt lat="37.0983558241278" lon="-118.596933251247"><ele>2685.0</ele></trkpt><trkpt lat="37.0967449899763" lon="-118.596384236589"><ele>2676.0</ele></trkpt><trkpt lat="37.0964991487563" lon="-118.596073100343"><ele>2677.108214768581</ele></trkpt><trkpt lat="37.0959452725947" lon="-118.595818122849"><ele>2678.9665100359584</ele></trkpt><trkpt lat="37.0954747125506" lon="-118.594895442948"><ele>2673.0</ele></trkpt><trkpt lat="37.0941114798188" lon="-118.5944460053"><ele>2657.189042895111</ele></trkpt><trkpt lat="37.0938415825367" lon="-118.595072468743"><ele>2655.9323462788016</ele></trkpt><trkpt lat="37.0937861781567" lon="-118.594618169591"><ele>2653.0</ele></trkpt><trkpt lat="37.0941135752946" lon="-118.59423302114"><ele>2657.0</ele></trkpt><trkpt lat="37.0939726755023" lon="-118.594413651153"><ele>2654.4506194812284</ele></trkpt><trkpt lat="37.0939244795591" lon="-118.594154398888"><ele>2654.847536106818</ele></trkpt><trkpt lat="37.0939994975925" lon="-118.594331843778"><ele>2655.0</ele></trkpt><trkpt lat="37.0925625041127" lon="-118.593974774703"><ele>2647.0</ele></trkpt><trkpt lat="37.09183906205" lon="-118.594082314521"><ele>2645.0</ele></trkpt><trkpt lat="37.0903890766203" lon="-118.59475932084"><ele>2640.0</ele></trkpt><trkpt lat="37.0902832131833" lon="-118.595100631937"><ele>2636.222656267695</ele></trkpt><trkpt lat="37.0899576600641" lon="-118.595284279436"><ele>2637.3172715584565</ele></trkpt><trkpt lat="37.0896860025823" lon="-118.595222588629"><ele>2640.539286164796</ele></trkpt><trkpt lat="37.0892084017396" lon="-118.595476392657"><ele>2633.0</ele></trkpt><trkpt lat="37.0878475997597" lon="-118.594933915883"><ele>2630.0</ele></trkpt><trkpt lat="37.0869632251561" lon="-118.594824615866"><ele>2632.07609516941</ele></trkpt><trkpt lat="37.0863005518913" lon="-118.595042126253"><ele>2623.949218761176</ele></trkpt><trkpt lat="37.0863441377878" lon="-118.595158299431"><ele>2621.0</ele></trkpt><trkpt lat="37.0860034134239" lon="-118.595420233905"><ele>2615.0</ele></trkpt><trkpt lat="37.0851963199675" lon="-118.595545459539"><ele>2606.4921874855645</ele></trkpt><trkpt lat="37.0844984427094" lon="-118.595494162291"><ele>2602.8926887493317</ele></trkpt><trkpt lat="37.0837457478046" lon="-118.59511337243"><ele>2601.0</ele></trkpt><trkpt lat="37.0833986531943" lon="-118.595336498693"><ele>2596.037697961188</ele></trkpt><trkpt lat="37.0831720065326" lon="-118.595745703205"><ele>2590.1601562714204</ele></trkpt><trkpt lat="37.082668505609" lon="-118.596022892743"><ele>2584.242187516298</ele></trkpt><trkpt lat="37.080791881308" lon="-118.596074609086"><ele>2580.0</ele></trkpt><trkpt lat="37.0783449523151" lon="-118.596712304279"><ele>2562.070203976523</ele></trkpt><trkpt lat="37.0780352409929" lon="-118.596594370902"><ele>2563.0</ele></trkpt><trkpt lat="37.0757965184748" lon="-118.596726302058"><ele>2538.0</ele></trkpt><trkpt lat="37.072934852913" lon="-118.595822649077"><ele>2527.0</ele></trkpt><trkpt lat="37.0719151943922" lon="-118.594900052994"><ele>2526.5703125223517</ele></trkpt><trkpt lat="37.0705704018474" lon="-118.594180550426"><ele>2526.551194907306</ele></trkpt><trkpt lat="37.0699647255242" lon="-118.593432381749"><ele>2528.1242551673204</ele></trkpt><trkpt lat="37.0692411158234" lon="-118.593084197491"><ele>2526.8875001434126</ele></trkpt><trkpt lat="37.0688942726701" lon="-118.592721344903"><ele>2525.644136374191</ele></trkpt><trkpt lat="37.0672115217894" lon="-118.591957166791"><ele>2518.8085579051854</ele></trkpt><trkpt lat="37.0664358604699" lon="-118.591084945947"><ele>2523.0</ele></trkpt><trkpt lat="37.066179709509" lon="-118.590558981523"><ele>2519.0</ele></trkpt><trkpt lat="37.0650414470583" lon="-118.589987335727"><ele>2518.722767290148</ele></trkpt><trkpt lat="37.0646830368787" lon="-118.589233383536"><ele>2512.0</ele></trkpt><trkpt lat="37.0643916819245" lon="-118.589474949986"><ele>2509.0</ele></trkpt><trkpt lat="37.0637019351125" lon="-118.589400518686"><ele>2505.0</ele></trkpt><trkpt lat="37.0622871536762" lon="-118.587444853038"><ele>2504.721062612693</ele></trkpt><trkpt lat="37.0620364509523" lon="-118.587373523042"><ele>2504.025713550253</ele></trkpt><trkpt lat="37.0614466164261" lon="-118.58673046343"><ele>2505.0</ele></trkpt><trkpt lat="37.0597045216709" lon="-118.586191087961"><ele>2506.498520425791</ele></trkpt><trkpt lat="37.0585406944156" lon="-118.585459347814"><ele>2506.0</ele></trkpt><trkpt lat="37.058063512668" lon="-118.5849325452"><ele>2501.0</ele></trkpt><trkpt lat="37.0574251469225" lon="-118.583493120968"><ele>2498.7788536548615</ele></trkpt><trkpt lat="37.0569618791342" lon="-118.583106631413"><ele>2491.1331195848184</ele></trkpt><trkpt lat="37.0565497409552" lon="-118.58316832222"><ele>2487.0</ele></trkpt><trkpt lat="37.0566513296217" lon="-118.583066985011"><ele>2489.0</ele></trkpt><trkpt lat="37.0565267745405" lon="-118.583051059395"><ele>2487.0</ele></trkpt><trkpt lat="37.0566049776971" lon="-118.582871602848"><ele>2488.866962746431</ele></trkpt><trkpt lat="37.0564357470721" lon="-118.582503218204"><ele>2484.000113017999</ele></trkpt><trkpt lat="37.0560347568244" lon="-118.582392660901"><ele>2480.2667944937143</ele></trkpt><trkpt lat="37.0555814635009" lon="-118.581849262118"><ele>2472.0</ele></trkpt><trkpt lat="37.0544300414622" lon="-118.581443829462"><ele>2473.959303781141</ele></trkpt><trkpt lat="37.0534263085574" lon="-118.580676466227"><ele>2466.146981758874</ele></trkpt><trkpt lat="37.0528557524085" lon="-118.580454094335"><ele>2456.199218729511</ele></trkpt><trkpt lat="37.0529510546476" lon="-118.579803323373"><ele>2444.5090268179774</ele></trkpt><trkpt lat="37.0528399106115" lon="-118.579487325624"><ele>2440.0188375283033</ele></trkpt><trkpt lat="37.0530693233013" lon="-118.57945564203"><ele>2444.415264315903</ele></trkpt><trkpt lat="37.052788278088" lon="-118.579433681443"><ele>2439.002443121828</ele></trkpt><trkpt lat="37.0526282675564" lon="-118.579042246565"><ele>2439.0</ele></trkpt><trkpt lat="37.0527814887464" lon="-118.577638780698"><ele>2455.0</ele></trkpt><trkpt lat="37.052584933117" lon="-118.577214991674"><ele>2462.0</ele></trkpt><trkpt lat="37.0528052095324" lon="-118.57669590041"><ele>2466.0</ele></trkpt><trkpt lat="37.0532617717981" lon="-118.576778294519"><ele>2471.894531269558</ele></trkpt><trkpt lat="37.0535324234515" lon="-118.576557934284"><ele>2475.661165086499</ele></trkpt><trkpt lat="37.0538670290262" lon="-118.575363345444"><ele>2487.0</ele></trkpt><trkpt lat="37.0541357528418" lon="-118.575019855052"><ele>2493.0376992488355</ele></trkpt><trkpt lat="37.0539679471403" lon="-118.573865583166"><ele>2500.754664151514</ele></trkpt><trkpt lat="37.0541148819029" lon="-118.572374945506"><ele>2509.4705918617547</ele></trkpt><trkpt lat="37.0538858044893" lon="-118.570397151634"><ele>2520.0935590080917</ele></trkpt><trkpt lat="37.0541788358241" lon="-118.570137731731"><ele>2525.2052042949945</ele></trkpt><trkpt lat="37.0545721147209" lon="-118.570352308452"><ele>2534.17093735002</ele></trkpt><trkpt lat="37.0547803211957" lon="-118.569366177544"><ele>2543.6882361774187</ele></trkpt><trkpt lat="37.0545468013734" lon="-118.569092005491"><ele>2541.6927472017705</ele></trkpt><trkpt lat="37.0543513353914" lon="-118.568121632561"><ele>2541.148984723167</ele></trkpt><trkpt lat="37.0529322791845" lon="-118.5660615284"><ele>2551.0</ele></trkpt><trkpt lat="37.0531393960118" lon="-118.565060142428"><ele>2560.1069726120904</ele></trkpt><trkpt lat="37.0531089697033" lon="-118.56439688243"><ele>2563.088446632225</ele></trkpt><trkpt lat="37.0526650641114" lon="-118.56298067607"><ele>2560.831953410768</ele></trkpt><trkpt lat="37.0528488792479" lon="-118.562071323395"><ele>2560.0</ele></trkpt><trkpt lat="37.0527345500886" lon="-118.561052419245"><ele>2561.0</ele></trkpt><trkpt lat="37.0530387293547" lon="-118.560314560309"><ele>2565.233323502263</ele></trkpt><trkpt lat="37.0528872683644" lon="-118.558836495504"><ele>2564.0</ele></trkpt><trkpt lat="37.0526842586696" lon="-118.55831572786"><ele>2564.0</ele></trkpt><trkpt lat="37.0526451990008" lon="-118.557669818401"><ele>2568.6487927865237</ele></trkpt><trkpt lat="37.052051089704" lon="-118.556498279795"><ele>2569.0</ele></trkpt><trkpt lat="37.051614895463" lon="-118.55612478219"><ele>2569.0</ele></trkpt><trkpt lat="37.0512689743191" lon="-118.554809158668"><ele>2577.2692159316202</ele></trkpt><trkpt lat="37.051398139447" lon="-118.554153190926"><ele>2582.0</ele></trkpt><trkpt lat="37.051913542673" lon="-118.55349496007"><ele>2592.0</ele></trkpt><trkpt lat="37.0516396220774" lon="-118.550965134054"><ele>2600.929314503446</ele></trkpt><trkpt lat="37.0525284390896" lon="-118.548339670524"><ele>2605.0</ele></trkpt><trkpt lat="37.0525465440005" lon="-118.547795852646"><ele>2605.0</ele></trkpt><trkpt lat="37.0521769858897" lon="-118.546784156933"><ele>2606.0</ele></trkpt><trkpt lat="37.0524123497307" lon="-118.543565254658"><ele>2616.0</ele></trkpt><trkpt lat="37.0531950518489" lon="-118.541674045846"><ele>2624.0</ele></trkpt><trkpt lat="37.0530233066529" lon="-118.53947580792"><ele>2631.0</ele></trkpt><trkpt lat="37.0532383862883" lon="-118.538967110217"><ele>2634.2202164139158</ele></trkpt><trkpt lat="37.0533208642155" lon="-118.538060020655"><ele>2640.0</ele></trkpt><trkpt lat="37.0542410295457" lon="-118.536690417677"><ele>2644.0</ele></trkpt><trkpt lat="37.054080599919" lon="-118.536144671962"><ele>2643.4686842691153</ele></trkpt><trkpt lat="37.0541358366609" lon="-118.535817861557"><ele>2644.0</ele></trkpt><trkpt lat="37.0544918160886" lon="-118.535248478875"><ele>2647.0</ele></trkpt><trkpt lat="37.0546077378094" lon="-118.534362595528"><ele>2652.0</ele></trkpt><trkpt lat="37.0548205543309" lon="-118.534148102626"><ele>2654.0</ele></trkpt><trkpt lat="37.0549221429974" lon="-118.531975429505"><ele>2669.0703125046566</ele></trkpt><trkpt lat="37.0551590994" lon="-118.531869985163"><ele>2676.0</ele></trkpt><trkpt lat="37.0553237199783" lon="-118.531218124554"><ele>2676.0</ele></trkpt><trkpt lat="37.0552052836865" lon="-118.529890682548"><ele>2675.0</ele></trkpt><trkpt lat="37.0553750172257" lon="-118.529355414212"><ele>2673.0473946074144</ele></trkpt><trkpt lat="37.0552926231176" lon="-118.528315722942"><ele>2677.0</ele></trkpt><trkpt lat="37.0554657094181" lon="-118.528055464849"><ele>2679.0</ele></trkpt><trkpt lat="37.055367641151" lon="-118.526920303702"><ele>2685.0</ele></trkpt><trkpt lat="37.055605687201" lon="-118.526313034818"><ele>2686.474838962946</ele></trkpt><trkpt lat="37.0559752453118" lon="-118.525924198329"><ele>2692.0</ele></trkpt><trkpt lat="37.0563892275095" lon="-118.523980183527"><ele>2706.5159805266576</ele></trkpt><trkpt lat="37.0568754617125" lon="-118.522844016552"><ele>2718.678515834734</ele></trkpt><trkpt lat="37.0565432868898" lon="-118.5216625873"><ele>2715.7723113643633</ele></trkpt><trkpt lat="37.0561770815402" lon="-118.521112985909"><ele>2708.9262235294245</ele></trkpt><trkpt lat="37.0559789333493" lon="-118.520079413429"><ele>2705.3238434884697</ele></trkpt><trkpt lat="37.0549840852618" lon="-118.519895346835"><ele>2703.0</ele></trkpt><trkpt lat="37.0545228291303" lon="-118.519437778741"><ele>2706.3671875060536</ele></trkpt><trkpt lat="37.0545055624098" lon="-118.518535550684"><ele>2712.414062487427</ele></trkpt><trkpt lat="37.0547168701887" lon="-118.517963318154"><ele>2716.6548812486526</ele></trkpt><trkpt lat="37.0548925548792" lon="-118.516651298851"><ele>2719.0</ele></trkpt><trkpt lat="37.054630452767" lon="-118.515992145985"><ele>2726.577629117295</ele></trkpt><trkpt lat="37.0545013714582" lon="-118.514445768669"><ele>2729.051089546252</ele></trkpt><trkpt lat="37.0545655768365" lon="-118.512068241835"><ele>2746.789153093472</ele></trkpt><trkpt lat="37.0542357489467" lon="-118.511245558038"><ele>2754.0</ele></trkpt><trkpt lat="37.0542238466442" lon="-118.510899217799"><ele>2758.4105980098825</ele></trkpt><trkpt lat="37.0543678477406" lon="-118.510787570849"><ele>2762.1203732452063</ele></trkpt><trkpt lat="37.0542488247156" lon="-118.510271916166"><ele>2769.665470264148</ele></trkpt><trkpt lat="37.0545239187777" lon="-118.510324051604"><ele>2775.034814729187</ele></trkpt><trkpt lat="37.0541505888104" lon="-118.509051930159"><ele>2793.382812514901</ele></trkpt><trkpt lat="37.054001390934" lon="-118.507897406816"><ele>2810.8726433124502</ele></trkpt><trkpt lat="37.0541042368859" lon="-118.507832363248"><ele>2815.1857127376543</ele></trkpt><trkpt lat="37.0534227881581" lon="-118.506672643125"><ele>2833.265625002794</ele></trkpt><trkpt lat="37.0537252072245" lon="-118.505717860535"><ele>2855.5449835935606</ele></trkpt><trkpt lat="37.0532247237861" lon="-118.50486131385"><ele>2873.6796874855645</ele></trkpt><trkpt lat="37.0537540409714" lon="-118.50475913845"><ele>2887.063618265448</ele></trkpt><trkpt lat="37.0536849740893" lon="-118.504515644163"><ele>2892.2888369561033</ele></trkpt><trkpt lat="37.0538041647524" lon="-118.504343815148"><ele>2895.8631335417695</ele></trkpt><trkpt lat="37.0537135563791" lon="-118.504129992798"><ele>2899.7617187481374</ele></trkpt><trkpt lat="37.0534635242075" lon="-118.504076097161"><ele>2900.273437480442</ele></trkpt><trkpt lat="37.0535681303591" lon="-118.503428930417"><ele>2906.1747265691265</ele></trkpt><trkpt lat="37.0533274021" lon="-118.502995083109"><ele>2914.821193786177</ele></trkpt><trkpt lat="37.0536184217781" lon="-118.502782434225"><ele>2917.0</ele></trkpt><trkpt lat="37.0537599083036" lon="-118.502909839153"><ele>2918.0</ele></trkpt><trkpt lat="37.0542113576084" lon="-118.502172650769"><ele>2928.104326894507</ele></trkpt><trkpt lat="37.0544124394655" lon="-118.502429220825"><ele>2939.8466004338115</ele></trkpt><trkpt lat="37.0544733759016" lon="-118.502944204956"><ele>2949.381582097616</ele></trkpt><trkpt lat="37.0545861124992" lon="-118.502111546695"><ele>2950.9883473478258</ele></trkpt><trkpt lat="37.0544769801199" lon="-118.501512575895"><ele>2960.742187480442</ele></trkpt><trkpt lat="37.0545792393386" lon="-118.501547863707"><ele>2965.214302232692</ele></trkpt><trkpt lat="37.0545430295169" lon="-118.501380644739"><ele>2969.781249968335</ele></trkpt><trkpt lat="37.0546665787697" lon="-118.501479467377"><ele>2972.6872340999544</ele></trkpt><trkpt lat="37.0546607952565" lon="-118.501272099093"><ele>2978.3164683040723</ele></trkpt><trkpt lat="37.0547789800912" lon="-118.501359941438"><ele>2984.463937083259</ele></trkpt><trkpt lat="37.05461720936" lon="-118.501097168773"><ele>2988.1832462765374</ele></trkpt><trkpt lat="37.0547483023256" lon="-118.50107671693"><ele>2993.5142335365526</ele></trkpt><trkpt lat="37.0544333104044" lon="-118.500763988122"><ele>2997.653165003647</ele></trkpt><trkpt lat="37.0544261019677" lon="-118.499811552465"><ele>3007.0</ele></trkpt><trkpt lat="37.0541436318308" lon="-118.499672831967"><ele>3011.0</ele></trkpt><trkpt lat="37.0541049074382" lon="-118.49922423251"><ele>3014.0</ele></trkpt><trkpt lat="37.0539183262736" lon="-118.499080147594"><ele>3015.101562509779</ele></trkpt><trkpt lat="37.0540697034448" lon="-118.498775381595"><ele>3025.3046874953434</ele></trkpt><trkpt lat="37.0539100281894" lon="-118.49858880043"><ele>3031.000000013504</ele></trkpt><trkpt lat="37.0546120963991" lon="-118.498237095773"><ele>3051.390625009779</ele></trkpt><trkpt lat="37.0547550916672" lon="-118.498344300315"><ele>3053.337724769288</ele></trkpt><trkpt lat="37.0544767286628" lon="-118.498143469915"><ele>3056.753906240687</ele></trkpt><trkpt lat="37.0547596178949" lon="-118.497796459123"><ele>3080.4916994423065</ele></trkpt><trkpt lat="37.0552175212651" lon="-118.498299792409"><ele>3086.26321040675</ele></trkpt><trkpt lat="37.0551712531596" lon="-118.498092675582"><ele>3091.1210937299766</ele></trkpt><trkpt lat="37.0552984904498" lon="-118.498181020841"><ele>3095.588352303952</ele></trkpt><trkpt lat="37.0551454368979" lon="-118.497840715572"><ele>3096.561657679794</ele></trkpt><trkpt lat="37.0552631188184" lon="-118.497722363099"><ele>3110.850403658508</ele></trkpt><trkpt lat="37.055460177362" lon="-118.497983207926"><ele>3114.0302715562284</ele></trkpt><trkpt lat="37.0556986425072" lon="-118.497895281762"><ele>3122.969953134735</ele></trkpt><trkpt lat="37.0557018276304" lon="-118.497753543779"><ele>3125.9363049858443</ele></trkpt><trkpt lat="37.055346518755" lon="-118.497576098889"><ele>3128.076762905169</ele></trkpt><trkpt lat="37.0552790444344" lon="-118.497239900753"><ele>3126.4527780897915</ele></trkpt><trkpt lat="37.055000513792" lon="-118.497207798064"><ele>3128.2919320385863</ele></trkpt><trkpt lat="37.0547498110682" lon="-118.497413741425"><ele>3125.761718734633</ele></trkpt><trkpt lat="37.0545760542154" lon="-118.497275020927"><ele>3132.0</ele></trkpt><trkpt lat="37.0545556861907" lon="-118.49710687995"><ele>3134.0</ele></trkpt><trkpt lat="37.0550491288304" lon="-118.496400201693"><ele>3143.0304992403835</ele></trkpt><trkpt lat="37.0551497954875" lon="-118.495850348845"><ele>3143.9051327593625</ele></trkpt><trkpt lat="37.0560639258474" lon="-118.495256742463"><ele>3156.7967217814116</ele></trkpt><trkpt lat="37.0561370998621" lon="-118.495403509587"><ele>3163.114954510238</ele></trkpt><trkpt lat="37.0568911358714" lon="-118.494751648977"><ele>3171.0</ele></trkpt><trkpt lat="37.0569236576557" lon="-118.494259128347"><ele>3170.0</ele></trkpt><trkpt lat="37.0571931358427" lon="-118.494109427556"><ele>3176.0</ele></trkpt><trkpt lat="37.0574524719268" lon="-118.493288001046"><ele>3178.409732651897</ele></trkpt><trkpt lat="37.0585716236383" lon="-118.492609150708"><ele>3197.328125013504</ele></trkpt><trkpt lat="37.0587986893952" lon="-118.492998406291"><ele>3204.460306087043</ele></trkpt><trkpt lat="37.0591466221958" lon="-118.492482332513"><ele>3205.858262874583</ele></trkpt><trkpt lat="37.0597157534212" lon="-118.492365991697"><ele>3218.998232230442</ele></trkpt><trkpt lat="37.0606914069503" lon="-118.491396624595"><ele>3226.0</ele></trkpt><trkpt lat="37.0604488346726" lon="-118.490516860038"><ele>3227.0</ele></trkpt><trkpt lat="37.0605983678252" lon="-118.489741701633"><ele>3228.0</ele></trkpt><trkpt lat="37.0601367764175" lon="-118.488884652033"><ele>3229.0</ele></trkpt><trkpt lat="37.0601197611541" lon="-118.488588519394"><ele>3229.1414220258594</ele></trkpt><trkpt lat="37.0603037439287" lon="-118.485112711787"><ele>3238.68931509275</ele></trkpt><trkpt lat="37.0604452304542" lon="-118.484688503668"><ele>3246.0</ele></trkpt><trkpt lat="37.0606206636876" lon="-118.485137019306"><ele>3253.828449413125</ele></trkpt><trkpt lat="37.060661315918" lon="-118.484852705151"><ele>3257.7683113478124</ele></trkpt><trkpt lat="37.0604324899614" lon="-118.483325187117"><ele>3268.6047562658114</ele></trkpt><trkpt lat="37.0596312638372" lon="-118.481938736513"><ele>3272.0</ele></trkpt><trkpt lat="37.0592192094773" lon="-118.481574207544"><ele>3268.487052441109</ele></trkpt><trkpt lat="37.0585569553077" lon="-118.479569256306"><ele>3277.9216021195107</ele></trkpt><trkpt lat="37.0580157358199" lon="-118.479148484766"><ele>3277.988564560716</ele></trkpt><trkpt lat="37.0577354449779" lon="-118.478501150385"><ele>3278.8996410947293</ele></trkpt><trkpt lat="37.0573321077973" lon="-118.478237874806"><ele>3276.0</ele></trkpt><trkpt lat="37.0573311019689" lon="-118.477957248688"><ele>3278.0</ele></trkpt><trkpt lat="37.0565969310701" lon="-118.476881263778"><ele>3283.8531690429663</ele></trkpt><trkpt lat="37.056533312425" lon="-118.476248765364"><ele>3293.4231831301004</ele></trkpt><trkpt lat="37.056081360206" lon="-118.475753897801"><ele>3297.3052453976125</ele></trkpt><trkpt lat="37.0556662045419" lon="-118.474338278174"><ele>3306.0</ele></trkpt><trkpt lat="37.0546876173466" lon="-118.473147125915"><ele>3301.0</ele></trkpt><trkpt lat="37.0543170534074" lon="-118.472984600812"><ele>3303.0</ele></trkpt><trkpt lat="37.0540690328926" lon="-118.472633399069"><ele>3301.919228209257</ele></trkpt><trkpt lat="37.0537164900452" lon="-118.472684025764"><ele>3302.0</ele></trkpt><trkpt lat="37.0536165777594" lon="-118.472359227017"><ele>3303.0</ele></trkpt><trkpt lat="37.0532880909741" lon="-118.47235369496"><ele>3302.1225376132766</ele></trkpt><trkpt lat="37.0529703330249" lon="-118.471833681688"><ele>3307.878906236496</ele></trkpt><trkpt lat="37.0516772568226" lon="-118.470944110304"><ele>3306.0</ele></trkpt><trkpt lat="37.0515737403184" lon="-118.470478914678"><ele>3312.0</ele></trkpt><trkpt lat="37.0510424114764" lon="-118.470421833917"><ele>3309.6195071027614</ele></trkpt><trkpt lat="37.0509062055498" lon="-118.470179932192"><ele>3312.9544396793044</ele></trkpt><trkpt lat="37.0499422866851" lon="-118.469906765968"><ele>3303.5554279501353</ele></trkpt><trkpt lat="37.0498015545309" lon="-118.469923948869"><ele>3299.9515066880867</ele></trkpt><trkpt lat="37.0498427934945" lon="-118.470041463152"><ele>3296.4023437299766</ele></trkpt><trkpt lat="37.0491486880928" lon="-118.469386501238"><ele>3300.4420729111253</ele></trkpt><trkpt lat="37.0486447680742" lon="-118.469276027754"><ele>3308.950973702071</ele></trkpt><trkpt lat="37.0482861902565" lon="-118.468923736364"><ele>3316.0</ele></trkpt><trkpt lat="37.0483791455627" lon="-118.468710081652"><ele>3319.449218740687</ele></trkpt><trkpt lat="37.0474663563073" lon="-118.468602960929"><ele>3324.333395531174</ele></trkpt><trkpt lat="37.0471448265016" lon="-118.468284867704"><ele>3331.0</ele></trkpt><trkpt lat="37.0462159439921" lon="-118.46815796569"><ele>3341.808502540004</ele></trkpt><trkpt lat="37.0457592140883" lon="-118.468287130818"><ele>3343.5947530297562</ele></trkpt><trkpt lat="37.0452358480543" lon="-118.468085546047"><ele>3352.0</ele></trkpt><trkpt lat="37.0448371209204" lon="-118.467426560819"><ele>3365.0</ele></trkpt><trkpt lat="37.0448320917785" lon="-118.467094721273"><ele>3369.0</ele></trkpt><trkpt lat="37.0444858353585" lon="-118.466697251424"><ele>3377.0</ele></trkpt><trkpt lat="37.043435331434" lon="-118.466175477952"><ele>3389.570312488824</ele></trkpt><trkpt lat="37.0427618455142" lon="-118.465576339513"><ele>3399.774417288224</ele></trkpt><trkpt lat="37.0410194993019" lon="-118.465122794732"><ele>3409.6930074251973</ele></trkpt><trkpt lat="37.0401261560619" lon="-118.465329408646"><ele>3413.3305100089738</ele></trkpt><trkpt lat="37.0394276920706" lon="-118.465187167749"><ele>3420.0</ele></trkpt><trkpt lat="37.0383074507117" lon="-118.465318512172"><ele>3428.5078124771826</ele></trkpt><trkpt lat="37.0381511282176" lon="-118.464998491108"><ele>3437.2700742583243</ele></trkpt><trkpt lat="37.0358576718718" lon="-118.464486524463"><ele>3476.8951734647317</ele></trkpt><trkpt lat="37.0365973748267" lon="-118.46394228749"><ele>3494.4142312234494</ele></trkpt><trkpt lat="37.0358593482524" lon="-118.463994590566"><ele>3500.2070312290452</ele></trkpt><trkpt lat="37.0350007899106" lon="-118.463637353852"><ele>3515.710937537253</ele></trkpt><trkpt lat="37.0351474732161" lon="-118.46352243796"><ele>3519.2109374953434</ele></trkpt><trkpt lat="37.0348069164902" lon="-118.463280200958"><ele>3524.0594072076906</ele></trkpt><trkpt lat="37.034988636151" lon="-118.463073838502"><ele>3529.759618512215</ele></trkpt><trkpt lat="37.0348062459379" lon="-118.462756583467"><ele>3534.902343755588</ele></trkpt><trkpt lat="37.0353396702558" lon="-118.462540078908"><ele>3540.0</ele></trkpt><trkpt lat="37.035234477371" lon="-118.462334303185"><ele>3543.0</ele></trkpt><trkpt lat="37.03568902798" lon="-118.461925014853"><ele>3553.6562500228174</ele></trkpt><trkpt lat="37.034528888762" lon="-118.461745055392"><ele>3564.042968768161</ele></trkpt><trkpt lat="37.0347368437797" lon="-118.461526203901"><ele>3571.006766067564</ele></trkpt><trkpt lat="37.0346018113196" lon="-118.461154215038"><ele>3578.5781249920838</ele></trkpt><trkpt lat="37.0348028093576" lon="-118.461163854226"><ele>3580.894630777103</ele></trkpt><trkpt lat="37.0347499195486" lon="-118.460976518691"><ele>3588.650681415107</ele></trkpt><trkpt lat="37.0342228654772" lon="-118.460770659149"><ele>3600.9062499701977</ele></trkpt><trkpt lat="37.0346247777343" lon="-118.460528505966"><ele>3609.865339904278</ele></trkpt><trkpt lat="37.0338915288448" lon="-118.460591956973"><ele>3616.7812500032596</ele></trkpt><trkpt lat="37.0344571396708" lon="-118.460227847099"><ele>3628.75000001397</ele></trkpt><trkpt lat="37.0339804608375" lon="-118.460365310311"><ele>3625.3437500144355</ele></trkpt><trkpt lat="37.0331105031073" lon="-118.460267493501"><ele>3635.9023437644355</ele></trkpt><trkpt lat="37.033038334921" lon="-118.460170514882"><ele>3641.421874982305</ele></trkpt><trkpt lat="37.0333614572883" lon="-118.460047803819"><ele>3648.2437038303788</ele></trkpt><trkpt lat="37.0330586191267" lon="-118.460037745535"><ele>3648.576750769168</ele></trkpt><trkpt lat="37.0321708917618" lon="-118.460195492953"><ele>3667.0877943684122</ele></trkpt><trkpt lat="37.0319906808436" lon="-118.460146877915"><ele>3670.6759391616406</ele></trkpt><trkpt lat="37.0322215184569" lon="-118.459992399439"><ele>3675.353483075276</ele></trkpt><trkpt lat="37.0311496406794" lon="-118.460171436891"><ele>3683.6210937523283</ele></trkpt><trkpt lat="37.0303701236844" lon="-118.460586676374"><ele>3681.0495670530945</ele></trkpt><trkpt lat="37.0305148791522" lon="-118.460300350562"><ele>3668.8124761888757</ele></trkpt><trkpt lat="37.0299138966948" lon="-118.460689438507"><ele>3667.120592312587</ele></trkpt><trkpt lat="37.0297598373145" lon="-118.460514843464"><ele>3651.4291237994207</ele></trkpt><trkpt lat="37.0300451572984" lon="-118.460317282006"><ele>3648.5516762370244</ele></trkpt><trkpt lat="37.0291446894407" lon="-118.460390372202"><ele>3638.6484375186265</ele></trkpt><trkpt lat="37.0290594454855" lon="-118.460272857919"><ele>3629.103959516622</ele></trkpt><trkpt lat="37.0298403035849" lon="-118.46006766893"><ele>3626.6079131540246</ele></trkpt><trkpt lat="37.0292132534087" lon="-118.460171688348"><ele>3618.9048813481127</ele></trkpt><trkpt lat="37.0297397207469" lon="-118.459769692272"><ele>3605.2725200191817</ele></trkpt><trkpt lat="37.0292499661446" lon="-118.45983129926"><ele>3598.769531237893</ele></trkpt><trkpt lat="37.0304652582854" lon="-118.458994701505"><ele>3588.1719519651906</ele></trkpt><trkpt lat="37.0310436096042" lon="-118.457623589784"><ele>3591.352665923993</ele></trkpt><trkpt lat="37.0311614591628" lon="-118.455670606345"><ele>3569.167534672655</ele></trkpt><trkpt lat="37.0309600420296" lon="-118.454849347472"><ele>3567.3218699755344</ele></trkpt><trkpt lat="37.0307331439108" lon="-118.454558746889"><ele>3560.0</ele></trkpt><trkpt lat="37.0306684356183" lon="-118.454903578386"><ele>3556.51886741817</ele></trkpt><trkpt lat="37.0305587165058" lon="-118.454591436312"><ele>3553.048439357639</ele></trkpt><trkpt lat="37.0301656890661" lon="-118.454242497683"><ele>3546.1168579624227</ele></trkpt><trkpt lat="37.0296314265579" lon="-118.454162701964"><ele>3541.0</ele></trkpt><trkpt lat="37.0280345901847" lon="-118.454702747986"><ele>3531.7647324576974</ele></trkpt><trkpt lat="37.0269099064171" lon="-118.455287301913"><ele>3522.9960937448777</ele></trkpt><trkpt lat="37.0253823883831" lon="-118.456556741148"><ele>3513.0</ele></trkpt><trkpt lat="37.0232970546931" lon="-118.457154538482"><ele>3508.0</ele></trkpt><trkpt lat="37.0222701039165" lon="-118.457748731598"><ele>3501.273990418762</ele></trkpt><trkpt lat="37.0209020934999" lon="-118.458839887753"><ele>3497.4335937560536</ele></trkpt><trkpt lat="37.0207089744508" lon="-118.458822201937"><ele>3495.1116765352044</ele></trkpt><trkpt lat="37.0204639714211" lon="-118.45934313722"><ele>3491.0</ele></trkpt><trkpt lat="37.0202429406345" lon="-118.459473727271"><ele>3487.994549464212</ele></trkpt><trkpt lat="37.0203089900315" lon="-118.459792658687"><ele>3484.0</ele></trkpt><trkpt lat="37.019853182137" lon="-118.459920985624"><ele>3483.188373024008</ele></trkpt><trkpt lat="37.0194210950285" lon="-118.460462288931"><ele>3481.0</ele></trkpt><trkpt lat="37.0189743395895" lon="-118.460440495983"><ele>3474.901590757072</ele></trkpt><trkpt lat="37.0186731778085" lon="-118.460648953915"><ele>3474.0</ele></trkpt><trkpt lat="37.0177950896323" lon="-118.460616180673"><ele>3470.0</ele></trkpt><trkpt lat="37.0151423010975" lon="-118.459518486634"><ele>3441.0</ele></trkpt><trkpt lat="37.0137686748058" lon="-118.459600629285"><ele>3427.0</ele></trkpt><trkpt lat="37.0136209018528" lon="-118.459212798625"><ele>3421.0</ele></trkpt><trkpt lat="37.0122531428933" lon="-118.458645930514"><ele>3405.7964345256523</ele></trkpt><trkpt lat="37.0111360866576" lon="-118.457558713853"><ele>3395.0</ele></trkpt><trkpt lat="37.0102791208774" lon="-118.455995991826"><ele>3385.0</ele></trkpt><trkpt lat="37.0097327046096" lon="-118.455528616905"><ele>3380.0</ele></trkpt><trkpt lat="37.0094729494304" lon="-118.455748390406"><ele>3378.0</ele></trkpt><trkpt lat="37.0080137439072" lon="-118.45519317314"><ele>3367.617187487427</ele></trkpt><trkpt lat="37.0064347609878" lon="-118.454856220633"><ele>3356.8703380305424</ele></trkpt><trkpt lat="37.0051822531968" lon="-118.454318773001"><ele>3351.0</ele></trkpt><trkpt lat="37.0033446885645" lon="-118.453227030113"><ele>3338.0</ele></trkpt><trkpt lat="37.0025723800063" lon="-118.453087136149"><ele>3330.0</ele></trkpt><trkpt lat="37.0019024144858" lon="-118.45273559913"><ele>3323.5922493517864</ele></trkpt><trkpt lat="37.0010679960251" lon="-118.451920542866"><ele>3311.8615155089647</ele></trkpt><trkpt lat="36.9945623818785" lon="-118.450334519148"><ele>3249.1875000065193</ele></trkpt><trkpt lat="36.9944217335433" lon="-118.450096976012"><ele>3247.0</ele></trkpt><trkpt lat="36.9945084024221" lon="-118.449879297987"><ele>3246.0</ele></trkpt><trkpt lat="36.9943381659687" lon="-118.450554125011"><ele>3251.0</ele></trkpt><trkpt lat="36.9942278601229" lon="-118.450325299054"><ele>3248.0</ele></trkpt><trkpt lat="36.9929598458111" lon="-118.450264446437"><ele>3242.0</ele></trkpt><trkpt lat="36.9920093379915" lon="-118.449906958267"><ele>3235.0</ele></trkpt><trkpt lat="36.9912964571267" lon="-118.44938644208"><ele>3230.0</ele></trkpt><trkpt lat="36.9911460857838" lon="-118.448885371909"><ele>3226.0</ele></trkpt><trkpt lat="36.9908173475415" lon="-118.449046723545"><ele>3224.7296395171434</ele></trkpt><trkpt lat="36.9912202656269" lon="-118.449195334688"><ele>3228.0976562579162</ele></trkpt></trkseg></trk><trk><name>2013-09-17</name><trkseg><trkpt lat="37.5908803101629" lon="-119.058053847402"><ele>2634.0390625158325</ele></trkpt><trkpt lat="37.5908163562417" lon="-119.058230789378"><ele>2634.0</ele></trkpt><trkpt lat="37.5905946549028" lon="-119.058258198202"><ele>2635.9413476679388</ele></trkpt><trkpt lat="37.5898119527847" lon="-119.057033099234"><ele>2644.3592257177766</ele></trkpt><trkpt lat="37.5892749242485" lon="-119.056643005461"><ele>2656.6084739518396</ele></trkpt><trkpt lat="37.5888906978071" lon="-119.055272564292"><ele>2665.1011293306947</ele></trkpt><trkpt lat="37.5887228082866" lon="-119.056110754609"><ele>2672.9750965237617</ele></trkpt><trkpt lat="37.5883973389864" lon="-119.055481441319"><ele>2683.0</ele></trkpt><trkpt lat="37.5875516049564" lon="-119.055170640349"><ele>2689.5080285185186</ele></trkpt><trkpt lat="37.5871798675507" lon="-119.054429512471"><ele>2686.9607380970283</ele></trkpt><trkpt lat="37.5867592636496" lon="-119.052811050788"><ele>2701.202617166923</ele></trkpt><trkpt lat="37.5863684155047" lon="-119.052588678896"><ele>2704.4399818833917</ele></trkpt><trkpt lat="37.5861242506653" lon="-119.05160238035"><ele>2706.0</ele></trkpt><trkpt lat="37.5854647625238" lon="-119.051432395354"><ele>2720.741512997969</ele></trkpt><trkpt lat="37.5851682107896" lon="-119.050900898874"><ele>2714.6187064618384</ele></trkpt><trkpt lat="37.58474919945" lon="-119.050608035177"><ele>2719.0</ele></trkpt><trkpt lat="37.5846875086427" lon="-119.050307627767"><ele>2716.2821403385306</ele></trkpt><trkpt lat="37.583617893979" lon="-119.049784680828"><ele>2727.1157063375435</ele></trkpt><trkpt lat="37.5833806023002" lon="-119.049485111609"><ele>2723.0948619755736</ele></trkpt><trkpt lat="37.5824727583677" lon="-119.049572953954"><ele>2724.0</ele></trkpt><trkpt lat="37.5819056387991" lon="-119.049154696986"><ele>2721.0</ele></trkpt><trkpt lat="37.5818669144064" lon="-119.048834843561"><ele>2726.0</ele></trkpt><trkpt lat="37.5815579574555" lon="-119.048884129152"><ele>2726.127171599034</ele></trkpt><trkpt lat="37.5817377492785" lon="-119.048311393708"><ele>2735.0</ele></trkpt><trkpt lat="37.5814452208579" lon="-119.048459501937"><ele>2737.1679687509313</ele></trkpt><trkpt lat="37.581408508122" lon="-119.048146186396"><ele>2742.0955919763483</ele></trkpt><trkpt lat="37.5809466652572" lon="-119.048205194995"><ele>2742.013994641652</ele></trkpt><trkpt lat="37.5798156112432" lon="-119.047511927783"><ele>2754.328125021886</ele></trkpt><trkpt lat="37.579370867461" lon="-119.046321446076"><ele>2764.0</ele></trkpt><trkpt lat="37.5789338350296" lon="-119.045606302097"><ele>2772.0</ele></trkpt><trkpt lat="37.5779083929956" lon="-119.045862117782"><ele>2773.0</ele></trkpt><trkpt lat="37.5769346673042" lon="-119.04584242031"><ele>2778.0</ele></trkpt><trkpt lat="37.5745886564255" lon="-119.044179450721"><ele>2786.6328124790452</ele></trkpt><trkpt lat="37.5735967420042" lon="-119.041253160685"><ele>2800.4785529139976</ele></trkpt><trkpt lat="37.5730162952095" lon="-119.04038622044"><ele>2801.3613500189504</ele></trkpt><trkpt lat="37.5723776780069" lon="-119.039923790842"><ele>2801.0</ele></trkpt><trkpt lat="37.5712279323488" lon="-119.039651881903"><ele>2798.3671874813735</ele></trkpt><trkpt lat="37.5688467174768" lon="-119.040626194328"><ele>2793.0</ele></trkpt><trkpt lat="37.5673206243664" lon="-119.040211206302"><ele>2793.0</ele></trkpt><trkpt lat="37.5662158057094" lon="-119.039297997952"><ele>2797.0</ele></trkpt><trkpt lat="37.5653591752052" lon="-119.039512574673"><ele>2798.0</ele></trkpt><trkpt lat="37.5645421911031" lon="-119.039321802557"><ele>2786.0156249771826</ele></trkpt><trkpt lat="37.5638931803405" lon="-119.038921399042"><ele>2776.994403798337</ele></trkpt><trkpt lat="37.5635029189289" lon="-119.038126626983"><ele>2774.350851985725</ele></trkpt><trkpt lat="37.564055537805" lon="-119.035464450717"><ele>2773.0</ele></trkpt><trkpt lat="37.563606267795" lon="-119.034220743924"><ele>2769.0</ele></trkpt><trkpt lat="37.5638989638537" lon="-119.034303976223"><ele>2770.0</ele></trkpt><trkpt lat="37.5637236144394" lon="-119.034303221852"><ele>2769.0</ele></trkpt><trkpt lat="37.5635418947786" lon="-119.033772815019"><ele>2769.0</ele></trkpt><trkpt lat="37.5630283355713" lon="-119.033981189132"><ele>2771.0</ele></trkpt><trkpt lat="37.5623513292521" lon="-119.033808521926"><ele>2779.0</ele></trkpt><trkpt lat="37.5616977922618" lon="-119.033876834437"><ele>2781.7898051320126</ele></trkpt><trkpt lat="37.5602052267641" lon="-119.034354602918"><ele>2800.0</ele></trkpt><trkpt lat="37.5593021605164" lon="-119.033903740346"><ele>2808.0</ele></trkpt><trkpt lat="37.5587649643421" lon="-119.033350618556"><ele>2817.0</ele></trkpt><trkpt lat="37.5585409160703" lon="-119.032794479281"><ele>2818.0</ele></trkpt><trkpt lat="37.5575241073966" lon="-119.032254181802"><ele>2827.2777030959383</ele></trkpt><trkpt lat="37.5569270644337" lon="-119.031209042296"><ele>2827.0</ele></trkpt><trkpt lat="37.5562152732164" lon="-119.030993040651"><ele>2819.6670875928785</ele></trkpt><trkpt lat="37.5554273743182" lon="-119.031261345372"><ele>2822.0</ele></trkpt><trkpt lat="37.5547891762108" lon="-119.031033692881"><ele>2820.4395718367136</ele></trkpt><trkpt lat="37.5543735176325" lon="-119.031122541055"><ele>2822.7102605116984</ele></trkpt><trkpt lat="37.5541187915951" lon="-119.030895642936"><ele>2826.0</ele></trkpt><trkpt lat="37.552556656301" lon="-119.031296297908"><ele>2847.4870150094357</ele></trkpt><trkpt lat="37.5513753946871" lon="-119.028946682811"><ele>2872.0</ele></trkpt><trkpt lat="37.5511813536286" lon="-119.028026182204"><ele>2881.294309020276</ele></trkpt><trkpt lat="37.5516099203378" lon="-119.023016653955"><ele>2922.9865763871953</ele></trkpt><trkpt lat="37.5514748040587" lon="-119.018936511129"><ele>2964.0</ele></trkpt><trkpt lat="37.5511106941849" lon="-119.017533296719"><ele>2975.2304092768695</ele></trkpt><trkpt lat="37.5507020764053" lon="-119.016587482765"><ele>2987.023591357749</ele></trkpt><trkpt lat="37.5492195691913" lon="-119.013922791928"><ele>3003.0</ele></trkpt><trkpt lat="37.5482577458024" lon="-119.010983677581"><ele>3023.499043762684</ele></trkpt><trkpt lat="37.5483769364655" lon="-119.010628452525"><ele>3028.0</ele></trkpt><trkpt lat="37.5482505373657" lon="-119.010594589636"><ele>3024.3262071223517</ele></trkpt><trkpt lat="37.5487242825329" lon="-119.008951820433"><ele>3032.254321333021</ele></trkpt><trkpt lat="37.5486562214792" lon="-119.008580837399"><ele>3032.2536502014846</ele></trkpt><trkpt lat="37.5478370580822" lon="-119.006747798994"><ele>3041.177220801823</ele></trkpt><trkpt lat="37.5470396038145" lon="-119.006266426295"><ele>3048.7367432378232</ele></trkpt><trkpt lat="37.5466478336602" lon="-119.005445083603"><ele>3058.1578222961216</ele></trkpt><trkpt lat="37.5466113723815" lon="-119.004018483683"><ele>3060.0578500721604</ele></trkpt><trkpt lat="37.5467887334526" lon="-119.003545576707"><ele>3064.840446537465</ele></trkpt><trkpt lat="37.5481649581343" lon="-119.001771714538"><ele>3075.0088357704926</ele></trkpt><trkpt lat="37.5484559778124" lon="-119.001000998542"><ele>3075.483223920688</ele></trkpt><trkpt lat="37.5494843535125" lon="-118.999499883503"><ele>3076.932015141472</ele></trkpt><trkpt lat="37.5496234931052" lon="-118.999163769186"><ele>3076.053679330844</ele></trkpt><trkpt lat="37.5495183002204" lon="-118.998501598835"><ele>3075.927445489913</ele></trkpt><trkpt lat="37.5485138967633" lon="-118.997089918703"><ele>3078.0</ele></trkpt><trkpt lat="37.5478192046285" lon="-118.996398579329"><ele>3079.0</ele></trkpt><trkpt lat="37.5457815639675" lon="-118.995454274118"><ele>3082.3906249967404</ele></trkpt><trkpt lat="37.5445421319455" lon="-118.995859790593"><ele>3084.0</ele></trkpt><trkpt lat="37.5437621120363" lon="-118.99550775066"><ele>3084.957793025902</ele></trkpt><trkpt lat="37.5434558372945" lon="-118.995176581666"><ele>3086.1934515711782</ele></trkpt><trkpt lat="37.5432044640183" lon="-118.994442578405"><ele>3089.807815277949</ele></trkpt><trkpt lat="37.5429344829172" lon="-118.994204783812"><ele>3090.6210937574506</ele></trkpt><trkpt lat="37.5430514942855" lon="-118.993302304298"><ele>3093.0</ele></trkpt><trkpt lat="37.5429742131382" lon="-118.99263812229"><ele>3091.274541972205</ele></trkpt><trkpt lat="37.5430402625352" lon="-118.992263199762"><ele>3090.1566707026213</ele></trkpt><trkpt lat="37.5431119278073" lon="-118.9923602622"><ele>3092.6326700573936</ele></trkpt><trkpt lat="37.5430069863796" lon="-118.992241825908"><ele>3089.2819923315933</ele></trkpt><trkpt lat="37.543266993016" lon="-118.991468343884"><ele>3093.9232637238897</ele></trkpt><trkpt lat="37.5432258378714" lon="-118.991179754958"><ele>3091.0</ele></trkpt><trkpt lat="37.5426873844117" lon="-118.990573324263"><ele>3087.0</ele></trkpt><trkpt lat="37.541821366176" lon="-118.990197479725"><ele>3089.0</ele></trkpt><trkpt lat="37.5403345003724" lon="-118.990041492507"><ele>3098.955486349396</ele></trkpt><trkpt lat="37.5402127951384" lon="-118.989704875276"><ele>3099.0</ele></trkpt><trkpt lat="37.5393024366349" lon="-118.989064665511"><ele>3097.0784573481824</ele></trkpt><trkpt lat="37.5385931599885" lon="-118.988005947322"><ele>3101.3965100308483</ele></trkpt><trkpt lat="37.5379062630236" lon="-118.987605627626"><ele>3096.0</ele></trkpt><trkpt lat="37.5377808697522" lon="-118.987313685939"><ele>3094.0</ele></trkpt><trkpt lat="37.5378511939198" lon="-118.98674572818"><ele>3096.0</ele></trkpt><trkpt lat="37.5376926921308" lon="-118.984789811075"><ele>3087.9136186512915</ele></trkpt><trkpt lat="37.5379528664053" lon="-118.983406629413"><ele>3084.0221502561194</ele></trkpt><trkpt lat="37.5379544589669" lon="-118.982448074967"><ele>3083.2428210787475</ele></trkpt><trkpt lat="37.5371212977916" lon="-118.982345899567"><ele>3082.2851562504657</ele></trkpt><trkpt lat="37.5361778307706" lon="-118.981954045594"><ele>3074.546874987893</ele></trkpt><trkpt lat="37.5356998108327" lon="-118.98135708645"><ele>3069.8318528027226</ele></trkpt><trkpt lat="37.5355873256922" lon="-118.980507161468"><ele>3070.0</ele></trkpt><trkpt lat="37.5361117813736" lon="-118.979479121044"><ele>3070.8388526433937</ele></trkpt><trkpt lat="37.5360053312033" lon="-118.979300837964"><ele>3069.0</ele></trkpt><trkpt lat="37.536210520193" lon="-118.978477483615"><ele>3065.182566590607</ele></trkpt><trkpt lat="37.5369423441589" lon="-118.976973267272"><ele>3050.252029126136</ele></trkpt><trkpt lat="37.537013925612" lon="-118.976333644241"><ele>3041.983793965077</ele></trkpt><trkpt lat="37.5368807371706" lon="-118.97567926906"><ele>3032.027343726717</ele></trkpt><trkpt lat="37.5372819788754" lon="-118.974668160081"><ele>3020.652402575714</ele></trkpt><trkpt lat="37.5379841309041" lon="-118.973846398294"><ele>3021.390624998603</ele></trkpt><trkpt lat="37.5384471472353" lon="-118.972724229097"><ele>3029.1992699410766</ele></trkpt><trkpt lat="37.5390958227217" lon="-118.97179517895"><ele>3039.0</ele></trkpt><trkpt lat="37.5391934718937" lon="-118.971348591149"><ele>3040.2532410324175</ele></trkpt><trkpt lat="37.5390741974115" lon="-118.971213977784"><ele>3041.1193637396236</ele></trkpt><trkpt lat="37.5392078049481" lon="-118.971356637776"><ele>3040.9600439356195</ele></trkpt><trkpt lat="37.5389872770757" lon="-118.970432952046"><ele>3051.02616024651</ele></trkpt><trkpt lat="37.5388034619391" lon="-118.970128688961"><ele>3056.85915726237</ele></trkpt><trkpt lat="37.5386310461909" lon="-118.970295153558"><ele>3061.0</ele></trkpt><trkpt lat="37.5385867897421" lon="-118.969907071441"><ele>3067.990474458031</ele></trkpt><trkpt lat="37.5384950079024" lon="-118.970259446651"><ele>3067.542523325421</ele></trkpt><trkpt lat="37.5384230073541" lon="-118.970154337585"><ele>3072.672617136035</ele></trkpt><trkpt lat="37.5383203290403" lon="-118.969195112586"><ele>3089.3706908150884</ele></trkpt><trkpt lat="37.5381101109087" lon="-118.969614123926"><ele>3099.6091687176377</ele></trkpt><trkpt lat="37.5379789341241" lon="-118.969266358763"><ele>3107.0</ele></trkpt><trkpt lat="37.5370346289128" lon="-118.96944925189"><ele>3127.9428886234655</ele></trkpt><trkpt lat="37.5367182120681" lon="-118.969237944111"><ele>3138.4134758282453</ele></trkpt><trkpt lat="37.5363070797175" lon="-118.970037996769"><ele>3149.0</ele></trkpt><trkpt lat="37.5348533224314" lon="-118.970516268164"><ele>3154.5859374962747</ele></trkpt><trkpt lat="37.5315687898547" lon="-118.969973456115"><ele>3170.882812478114</ele></trkpt><trkpt lat="37.5311666261405" lon="-118.969720825553"><ele>3171.0</ele></trkpt><trkpt lat="37.5308329425752" lon="-118.969050357118"><ele>3174.645999041126</ele></trkpt><trkpt lat="37.5302293617278" lon="-118.96877408959"><ele>3171.1909884677807</ele></trkpt><trkpt lat="37.5285254046321" lon="-118.9673916623"><ele>3183.0227445697797</ele></trkpt><trkpt lat="37.5274935085326" lon="-118.966787243262"><ele>3182.0</ele></trkpt><trkpt lat="37.5264515541494" lon="-118.965178504586"><ele>3183.504141475303</ele></trkpt><trkpt lat="37.5258789863437" lon="-118.964579785243"><ele>3181.6974413778235</ele></trkpt><trkpt lat="37.5250583142042" lon="-118.964182399213"><ele>3175.7656250144355</ele></trkpt><trkpt lat="37.5243430864066" lon="-118.963562557474"><ele>3170.2257542510615</ele></trkpt><trkpt lat="37.524185590446" lon="-118.963071629405"><ele>3162.5172996749284</ele></trkpt><trkpt lat="37.5242128316313" lon="-118.962398311123"><ele>3153.692115658894</ele></trkpt><trkpt lat="37.525364421308" lon="-118.960221782327"><ele>3149.2372874981247</ele></trkpt><trkpt lat="37.5254111923277" lon="-118.959566736594"><ele>3136.1241250875946</ele></trkpt><trkpt lat="37.5260828342289" lon="-118.95739431493"><ele>3120.511934505544</ele></trkpt><trkpt lat="37.5265068747103" lon="-118.956530727446"><ele>3109.81859275685</ele></trkpt><trkpt lat="37.527568442747" lon="-118.955148970708"><ele>3086.1228220341727</ele></trkpt><trkpt lat="37.5279654935002" lon="-118.953036898747"><ele>3068.8547903600515</ele></trkpt><trkpt lat="37.5284112431109" lon="-118.952682008967"><ele>3074.5687964917943</ele></trkpt><trkpt lat="37.5286353752017" lon="-118.952956348658"><ele>3080.0</ele></trkpt><trkpt lat="37.5284129194915" lon="-118.953095991164"><ele>3075.2861939067143</ele></trkpt><trkpt lat="37.5281112547964" lon="-118.952828692272"><ele>3068.774638036266</ele></trkpt><trkpt lat="37.5281651504338" lon="-118.952156296"><ele>3062.777343755588</ele></trkpt><trkpt lat="37.5279028806835" lon="-118.950850563124"><ele>3050.0</ele></trkpt><trkpt lat="37.5280904676765" lon="-118.950246060267"><ele>3041.7539062462747</ele></trkpt><trkpt lat="37.5286251492798" lon="-118.950354689732"><ele>3035.021680181606</ele></trkpt><trkpt lat="37.5285257399082" lon="-118.950077919289"><ele>3033.868324317038</ele></trkpt><trkpt lat="37.5289548095316" lon="-118.95023625344"><ele>3027.0</ele></trkpt><trkpt lat="37.5287901889533" lon="-118.949746415019"><ele>3021.0</ele></trkpt><trkpt lat="37.528263470158" lon="-118.949479535222"><ele>3017.0312499976717</ele></trkpt><trkpt lat="37.5274896528572" lon="-118.949586488307"><ele>3015.0156250223517</ele></trkpt><trkpt lat="37.527224784717" lon="-118.949142247438"><ele>3012.7868553449616</ele></trkpt><trkpt lat="37.5274262856692" lon="-118.948497427627"><ele>3023.0</ele></trkpt><trkpt lat="37.5265412405133" lon="-118.948518382385"><ele>3030.3696944544517</ele></trkpt><trkpt lat="37.5263154320419" lon="-118.948241695762"><ele>3035.0</ele></trkpt><trkpt lat="37.5274856295437" lon="-118.945993585512"><ele>3061.4213965605522</ele></trkpt><trkpt lat="37.5266483612359" lon="-118.946539666504"><ele>3070.9810293270457</ele></trkpt><trkpt lat="37.5259830057621" lon="-118.946650894359"><ele>3080.2290577006193</ele></trkpt><trkpt lat="37.526088533923" lon="-118.946019653231"><ele>3095.280165224349</ele></trkpt><trkpt lat="37.526527242735" lon="-118.945495616645"><ele>3102.0</ele></trkpt><trkpt lat="37.5258490629494" lon="-118.94560424611"><ele>3110.570312487427</ele></trkpt><trkpt lat="37.5255888048559" lon="-118.945393105969"><ele>3117.0</ele></trkpt><trkpt lat="37.5239210575819" lon="-118.945670463145"><ele>3143.452882518992</ele></trkpt><trkpt lat="37.5240219756961" lon="-118.945296378806"><ele>3150.4407876757905</ele></trkpt><trkpt lat="37.5243069604039" lon="-118.945019440725"><ele>3156.824218770489</ele></trkpt><trkpt lat="37.5233183149248" lon="-118.945007957518"><ele>3165.359375004191</ele></trkpt><trkpt lat="37.5230265408754" lon="-118.944786591455"><ele>3171.0</ele></trkpt><trkpt lat="37.5227284803987" lon="-118.944161385298"><ele>3178.8124999897555</ele></trkpt><trkpt lat="37.5219425931573" lon="-118.943957537413"><ele>3181.6044092494994</ele></trkpt><trkpt lat="37.521545290947" lon="-118.943468034267"><ele>3188.953340486502</ele></trkpt><trkpt lat="37.5216336362064" lon="-118.943428136408"><ele>3193.25777704733</ele></trkpt><trkpt lat="37.5211686082184" lon="-118.943101493642"><ele>3197.0</ele></trkpt><trkpt lat="37.5210369285196" lon="-118.942575193942"><ele>3196.055659310574</ele></trkpt><trkpt lat="37.5203641969711" lon="-118.941903384402"><ele>3184.5665132910694</ele></trkpt><trkpt lat="37.5200294237584" lon="-118.941076090559"><ele>3193.5976562672295</ele></trkpt><trkpt lat="37.5195819139481" lon="-118.940704269335"><ele>3197.894733335652</ele></trkpt><trkpt lat="37.5192444585264" lon="-118.940714411438"><ele>3200.206741066184</ele></trkpt><trkpt lat="37.5186032429338" lon="-118.94013857469"><ele>3199.2890624827705</ele></trkpt><trkpt lat="37.5182408094406" lon="-118.940171180293"><ele>3206.0</ele></trkpt><trkpt lat="37.5177446007729" lon="-118.939725765958"><ele>3209.0</ele></trkpt><trkpt lat="37.517258785665" lon="-118.938876343891"><ele>3201.8867187490687</ele></trkpt><trkpt lat="37.5165435578674" lon="-118.938510054722"><ele>3189.0</ele></trkpt><trkpt lat="37.5166876427829" lon="-118.938177963719"><ele>3182.33984376071</ele></trkpt><trkpt lat="37.5171667523682" lon="-118.937970427796"><ele>3177.0</ele></trkpt><trkpt lat="37.5165381934494" lon="-118.937877975404"><ele>3174.0</ele></trkpt><trkpt lat="37.5167266186327" lon="-118.937443876639"><ele>3167.0</ele></trkpt><trkpt lat="37.5164205115289" lon="-118.937438176945"><ele>3165.886671225182</ele></trkpt><trkpt lat="37.5160646997392" lon="-118.936943728477"><ele>3163.0</ele></trkpt><trkpt lat="37.5161947030574" lon="-118.9360691607"><ele>3155.0</ele></trkpt><trkpt lat="37.5160492770374" lon="-118.936138311401"><ele>3154.0</ele></trkpt><trkpt lat="37.5159295834601" lon="-118.935900684446"><ele>3152.0</ele></trkpt><trkpt lat="37.5157626997679" lon="-118.934978675097"><ele>3148.0</ele></trkpt><trkpt lat="37.5159678049386" lon="-118.934542061761"><ele>3147.0</ele></trkpt><trkpt lat="37.5160188507289" lon="-118.933735555038"><ele>3147.0</ele></trkpt><trkpt lat="37.51624382101" lon="-118.93304974772"><ele>3147.0</ele></trkpt><trkpt lat="37.5161796994507" lon="-118.932829387486"><ele>3147.0</ele></trkpt><trkpt lat="37.5157529767603" lon="-118.932658731937"><ele>3149.0</ele></trkpt><trkpt lat="37.5151221547276" lon="-118.932932317257"><ele>3150.0</ele></trkpt><trkpt lat="37.5149173010141" lon="-118.932857131585"><ele>3150.0</ele></trkpt><trkpt lat="37.5139232911169" lon="-118.931830264628"><ele>3158.055017612108</ele></trkpt><trkpt lat="37.5137323513627" lon="-118.931883573532"><ele>3159.00000000052</ele></trkpt><trkpt lat="37.5136383064091" lon="-118.931543687358"><ele>3163.9418695505683</ele></trkpt><trkpt lat="37.5134803075343" lon="-118.931595403701"><ele>3166.0</ele></trkpt><trkpt lat="37.513167662546" lon="-118.931149989367"><ele>3165.898806851823</ele></trkpt><trkpt lat="37.5121691264212" lon="-118.931338749826"><ele>3165.363159618926</ele></trkpt><trkpt lat="37.5120107084513" lon="-118.931032139808"><ele>3168.0</ele></trkpt><trkpt lat="37.5106903072447" lon="-118.931164992973"><ele>3168.0</ele></trkpt><trkpt lat="37.5102540291846" lon="-118.930807840079"><ele>3170.937712572587</ele></trkpt><trkpt lat="37.5096350256354" lon="-118.93068311736"><ele>3170.0</ele></trkpt><trkpt lat="37.5065362360328" lon="-118.9284116216"><ele>3168.0</ele></trkpt><trkpt lat="37.5060981139541" lon="-118.927592458203"><ele>3162.019531229511</ele></trkpt><trkpt lat="37.5058907456696" lon="-118.925868635997"><ele>3148.132692386715</ele></trkpt><trkpt lat="37.5063350703567" lon="-118.92162412405"><ele>3096.4218887677416</ele></trkpt><trkpt lat="37.5061545241624" lon="-118.922292832285"><ele>3090.729370463174</ele></trkpt><trkpt lat="37.5052196066827" lon="-118.924120590091"><ele>3062.9347173700376</ele></trkpt><trkpt lat="37.5041116867214" lon="-118.924932042137"><ele>3039.6923544718125</ele></trkpt><trkpt lat="37.5039594713599" lon="-118.924752250314"><ele>3029.739185232669</ele></trkpt><trkpt lat="37.5041423644871" lon="-118.924267860129"><ele>3022.039647824452</ele></trkpt><trkpt lat="37.5038350000978" lon="-118.924450082704"><ele>3018.7560608958543</ele></trkpt><trkpt lat="37.5043811649084" lon="-118.923454647884"><ele>2999.9296476554946</ele></trkpt><trkpt lat="37.5042835157365" lon="-118.923031277955"><ele>2994.8771384946176</ele></trkpt><trkpt lat="37.5042986031622" lon="-118.923432519659"><ele>2994.323319107294</ele></trkpt><trkpt lat="37.5039552804083" lon="-118.923067403957"><ele>2975.9185718795393</ele></trkpt><trkpt lat="37.5039514247328" lon="-118.9228663221"><ele>2974.0321080256253</ele></trkpt><trkpt lat="37.5039138738066" lon="-118.923187432811"><ele>2972.0605401210487</ele></trkpt><trkpt lat="37.5037358421832" lon="-118.922974448651"><ele>2963.6020223088562</ele></trkpt><trkpt lat="37.503891158849" lon="-118.922592736781"><ele>2958.730421190259</ele></trkpt><trkpt lat="37.5035531166941" lon="-118.923025075346"><ele>2951.73557594046</ele></trkpt><trkpt lat="37.5034250412136" lon="-118.922533141449"><ele>2933.0819667623646</ele></trkpt><trkpt lat="37.5030048564076" lon="-118.923226827756"><ele>2928.8527162965825</ele></trkpt><trkpt lat="37.5027870107442" lon="-118.923054076731"><ele>2919.9293970584877</ele></trkpt><trkpt lat="37.502749459818" lon="-118.9227918908"><ele>2916.657164575532</ele></trkpt><trkpt lat="37.5022607110441" lon="-118.92426953651"><ele>2915.9546382366348</ele></trkpt><trkpt lat="37.5014630053192" lon="-118.924904381856"><ele>2902.0857726447284</ele></trkpt><trkpt lat="37.5011349376291" lon="-118.924889042974"><ele>2896.0</ele></trkpt><trkpt lat="37.5012437347323" lon="-118.925031870604"><ele>2898.0</ele></trkpt><trkpt lat="37.5009430758655" lon="-118.92526589334"><ele>2896.0</ele></trkpt><trkpt lat="37.5005864258856" lon="-118.925923705101"><ele>2896.0</ele></trkpt><trkpt lat="37.4998310487717" lon="-118.926896005869"><ele>2897.1238098418016</ele></trkpt><trkpt lat="37.4988320935518" lon="-118.927795048803"><ele>2894.4609374962747</ele></trkpt><trkpt lat="37.4984837416559" lon="-118.928437437862"><ele>2898.3984374925494</ele></trkpt><trkpt lat="37.4976677633822" lon="-118.928722171113"><ele>2882.7164239577705</ele></trkpt><trkpt lat="37.4961963202804" lon="-118.929983563721"><ele>2864.8433617431997</ele></trkpt><trkpt lat="37.4953261949122" lon="-118.931016968563"><ele>2859.613281240687</ele></trkpt><trkpt lat="37.4949889071286" lon="-118.931111516431"><ele>2851.795640767581</ele></trkpt><trkpt lat="37.4946718197316" lon="-118.931855829433"><ele>2853.166425127536</ele></trkpt><trkpt lat="37.4927418865263" lon="-118.933822978288"><ele>2820.1163679101714</ele></trkpt><trkpt lat="37.4926534574479" lon="-118.933417042717"><ele>2801.613299831748</ele></trkpt><trkpt lat="37.4928681179881" lon="-118.93278747797"><ele>2804.11253948422</ele></trkpt><trkpt lat="37.4927657749504" lon="-118.933002892882"><ele>2796.0345254903973</ele></trkpt><trkpt lat="37.4925600830466" lon="-118.9329060819"><ele>2798.044784498634</ele></trkpt><trkpt lat="37.4919844139367" lon="-118.932211725041"><ele>2792.0</ele></trkpt><trkpt lat="37.4918381497264" lon="-118.932251958176"><ele>2790.0</ele></trkpt><trkpt lat="37.4917033687234" lon="-118.932323204353"><ele>2791.0</ele></trkpt><trkpt lat="37.4915730301291" lon="-118.932958217338"><ele>2786.0</ele></trkpt><trkpt lat="37.4903536308557" lon="-118.933085789904"><ele>2791.455563460644</ele></trkpt><trkpt lat="37.4899610225111" lon="-118.93338653259"><ele>2798.0</ele></trkpt><trkpt lat="37.4899494554848" lon="-118.933103643358"><ele>2801.207419378683</ele></trkpt><trkpt lat="37.4897161871195" lon="-118.933378905058"><ele>2804.0</ele></trkpt><trkpt lat="37.489178404212" lon="-118.934975322336"><ele>2820.860364105158</ele></trkpt><trkpt lat="37.4889831896871" lon="-118.934624204412"><ele>2835.653857809299</ele></trkpt><trkpt lat="37.48888512142" lon="-118.935258798301"><ele>2840.0</ele></trkpt><trkpt lat="37.4886933434755" lon="-118.934809947386"><ele>2851.993840195781</ele></trkpt><trkpt lat="37.4885263759643" lon="-118.935171961784"><ele>2855.0</ele></trkpt><trkpt lat="37.4880108889192" lon="-118.935524336994"><ele>2864.0664226450026</ele></trkpt><trkpt lat="37.4878149200231" lon="-118.934902735054"><ele>2877.0</ele></trkpt><trkpt lat="37.4878915306181" lon="-118.934434941038"><ele>2880.166838434702</ele></trkpt><trkpt lat="37.4873550049961" lon="-118.93459838815"><ele>2885.0</ele></trkpt><trkpt lat="37.4870582856238" lon="-118.935065427795"><ele>2887.719168366516</ele></trkpt><trkpt lat="37.4865719676018" lon="-118.935127789155"><ele>2893.0</ele></trkpt><trkpt lat="37.4857355374843" lon="-118.935577310622"><ele>2905.0</ele></trkpt><trkpt lat="37.4853021930903" lon="-118.936387253925"><ele>2918.0959553996654</ele></trkpt><trkpt lat="37.4842139706016" lon="-118.93661105074"><ele>2932.0</ele></trkpt><trkpt lat="37.4838144052774" lon="-118.936899136752"><ele>2933.742187505588</ele></trkpt><trkpt lat="37.4835056159645" lon="-118.936858735979"><ele>2934.7129115065386</ele></trkpt><trkpt lat="37.4824099335819" lon="-118.936062287539"><ele>2944.0</ele></trkpt><trkpt lat="37.481767963618" lon="-118.93622498028"><ele>2947.0</ele></trkpt><trkpt lat="37.4817605875432" lon="-118.936482388526"><ele>2949.0</ele></trkpt><trkpt lat="37.4812083039433" lon="-118.936226908118"><ele>2957.9974515456706</ele></trkpt><trkpt lat="37.4813585914671" lon="-118.935876628384"><ele>2957.0</ele></trkpt><trkpt lat="37.4811857566238" lon="-118.9351896476"><ele>2958.0</ele></trkpt><trkpt lat="37.4813180230558" lon="-118.934702407569"><ele>2963.860144400969</ele></trkpt><trkpt lat="37.4809031188488" lon="-118.934026071802"><ele>2968.6462350371294</ele></trkpt><trkpt lat="37.4802488274872" lon="-118.933525504544"><ele>2984.8916140999645</ele></trkpt><trkpt lat="37.4802057445049" lon="-118.932960731909"><ele>2996.892581041984</ele></trkpt><trkpt lat="37.4798433110118" lon="-118.932833997533"><ele>3005.0</ele></trkpt><trkpt lat="37.4798997212201" lon="-118.932638280094"><ele>3005.9256636843097</ele></trkpt><trkpt lat="37.4801417905837" lon="-118.932591425255"><ele>3005.7859376668043</ele></trkpt><trkpt lat="37.4802355840802" lon="-118.932092953473"><ele>3015.2915813643485</ele></trkpt><trkpt lat="37.4801350850612" lon="-118.93165349029"><ele>3021.0</ele></trkpt><trkpt lat="37.4802966881543" lon="-118.931590542197"><ele>3027.536275369115</ele></trkpt><trkpt lat="37.4810990039259" lon="-118.932047020644"><ele>3038.0</ele></trkpt><trkpt lat="37.4809275940061" lon="-118.931900504977"><ele>3038.945752229664</ele></trkpt><trkpt lat="37.4808371532708" lon="-118.93118779175"><ele>3045.7817484307097</ele></trkpt><trkpt lat="37.4810461979359" lon="-118.931058458984"><ele>3053.0</ele></trkpt><trkpt lat="37.4809726886451" lon="-118.930795937777"><ele>3056.3984312738758</ele></trkpt><trkpt lat="37.4800559598952" lon="-118.928807917982"><ele>3060.671875031665</ele></trkpt><trkpt lat="37.4800443090499" lon="-118.928610105067"><ele>3066.058638483286</ele></trkpt><trkpt lat="37.4802373442799" lon="-118.928577331826"><ele>3071.444584976635</ele></trkpt><trkpt lat="37.4798271339387" lon="-118.927877023816"><ele>3080.21900694758</ele></trkpt><trkpt lat="37.4789299350232" lon="-118.925484493375"><ele>3106.8345002206042</ele></trkpt><trkpt lat="37.4786977563053" lon="-118.925318531692"><ele>3105.9800178057026</ele></trkpt><trkpt lat="37.4786474648863" lon="-118.92500882037"><ele>3110.0</ele></trkpt><trkpt lat="37.4782300461084" lon="-118.925130693242"><ele>3115.3432828973946</ele></trkpt><trkpt lat="37.4782551079988" lon="-118.924534572288"><ele>3128.488281268161</ele></trkpt><trkpt lat="37.4776955321431" lon="-118.924160990864"><ele>3131.0</ele></trkpt><trkpt lat="37.4766681622714" lon="-118.924583522603"><ele>3136.0</ele></trkpt><trkpt lat="37.4759743083268" lon="-118.92538793385"><ele>3147.0</ele></trkpt><trkpt lat="37.4760154634714" lon="-118.925636457279"><ele>3148.0635320281904</ele></trkpt><trkpt lat="37.4757620785385" lon="-118.925954466686"><ele>3150.0</ele></trkpt><trkpt lat="37.4757999647409" lon="-118.926252946258"><ele>3153.0</ele></trkpt><trkpt lat="37.4754961207509" lon="-118.926534242928"><ele>3162.0</ele></trkpt><trkpt lat="37.4759447202086" lon="-118.9272326231"><ele>3170.0</ele></trkpt><trkpt lat="37.4758525192738" lon="-118.92741099"><ele>3175.0</ele></trkpt><trkpt lat="37.4760713707656" lon="-118.927538646385"><ele>3178.5117187467404</ele></trkpt><trkpt lat="37.4756384454668" lon="-118.927859840915"><ele>3190.0</ele></trkpt><trkpt lat="37.4757947679609" lon="-118.927950616926"><ele>3193.358821893411</ele></trkpt><trkpt lat="37.4758588057011" lon="-118.928387733176"><ele>3199.2652217876166</ele></trkpt><trkpt lat="37.4753717333078" lon="-118.929273951799"><ele>3206.0</ele></trkpt><trkpt lat="37.4750689789653" lon="-118.929507723078"><ele>3207.0</ele></trkpt><trkpt lat="37.474832944572" lon="-118.929152414203"><ele>3209.0</ele></trkpt><trkpt lat="37.473752181977" lon="-118.92890330404"><ele>3209.0</ele></trkpt><trkpt lat="37.4735231045634" lon="-118.928490830585"><ele>3208.0</ele></trkpt><trkpt lat="37.472819108516" lon="-118.928115153685"><ele>3204.0</ele></trkpt><trkpt lat="37.4722474627197" lon="-118.92732784152"><ele>3207.0</ele></trkpt><trkpt lat="37.4723519850522" lon="-118.927216026932"><ele>3210.0</ele></trkpt><trkpt lat="37.4721343908459" lon="-118.927007988095"><ele>3214.0</ele></trkpt><trkpt lat="37.4723607860506" lon="-118.926929868758"><ele>3217.859374987427</ele></trkpt><trkpt lat="37.4722609575838" lon="-118.926720237359"><ele>3221.0</ele></trkpt><trkpt lat="37.4725764524192" lon="-118.926636502147"><ele>3225.7744682054167</ele></trkpt><trkpt lat="37.4721308704466" lon="-118.926172144711"><ele>3232.1718750004657</ele></trkpt><trkpt lat="37.4720759689808" lon="-118.925629248843"><ele>3238.0</ele></trkpt><trkpt lat="37.4724824912846" lon="-118.925028266385"><ele>3248.520205916588</ele></trkpt><trkpt lat="37.4727731756866" lon="-118.925033295527"><ele>3256.0</ele></trkpt><trkpt lat="37.4733537901193" lon="-118.924309685826"><ele>3272.0</ele></trkpt><trkpt lat="37.4731602519751" lon="-118.924281606451"><ele>3272.0</ele></trkpt><trkpt lat="37.4729994870722" lon="-118.923660255969"><ele>3277.2343749799766</ele></trkpt><trkpt lat="37.4725559167564" lon="-118.923588925973"><ele>3282.861841193107</ele></trkpt><trkpt lat="37.4726124946028" lon="-118.923301594332"><ele>3286.0</ele></trkpt><trkpt lat="37.4724260810763" lon="-118.923110319301"><ele>3287.1367187276483</ele></trkpt><trkpt lat="37.4715395271778" lon="-118.922904208302"><ele>3295.5312499771826</ele></trkpt><trkpt lat="37.4712605774403" lon="-118.922605225816"><ele>3297.447985692037</ele></trkpt><trkpt lat="37.4707506224513" lon="-118.922457369044"><ele>3305.49058204206</ele></trkpt><trkpt lat="37.4704702477902" lon="-118.922681417316"><ele>3312.0</ele></trkpt><trkpt lat="37.4704016000032" lon="-118.923130268231"><ele>3314.9460887725504</ele></trkpt><trkpt lat="37.4702628795058" lon="-118.922998420894"><ele>3318.947943919564</ele></trkpt><trkpt lat="37.4703033640981" lon="-118.923164717853"><ele>3319.956471052021</ele></trkpt><trkpt lat="37.469690060243" lon="-118.9232662227"><ele>3321.031132420525</ele></trkpt><trkpt lat="37.4694155529141" lon="-118.923726975918"><ele>3310.9125184714794</ele></trkpt><trkpt lat="37.4685344472528" lon="-118.922669431195"><ele>3284.0721296248307</ele></trkpt><trkpt lat="37.4686913564801" lon="-118.923197574914"><ele>3278.3891920037568</ele></trkpt><trkpt lat="37.4680407531559" lon="-118.923330511898"><ele>3270.0</ele></trkpt><trkpt lat="37.4668442364782" lon="-118.923167735338"><ele>3256.0</ele></trkpt><trkpt lat="37.4657814949751" lon="-118.922343542799"><ele>3234.681893413397</ele></trkpt><trkpt lat="37.4653078336269" lon="-118.921368392184"><ele>3218.9690134568823</ele></trkpt><trkpt lat="37.4644275661558" lon="-118.921320699155"><ele>3207.4784553570125</ele></trkpt><trkpt lat="37.4641521368176" lon="-118.921064296737"><ele>3201.0</ele></trkpt><trkpt lat="37.4637261684984" lon="-118.919711457565"><ele>3195.261718769558</ele></trkpt><trkpt lat="37.4634932354093" lon="-118.919593021274"><ele>3194.781249981839</ele></trkpt><trkpt lat="37.4607151374221" lon="-118.919604001567"><ele>3180.0</ele></trkpt><trkpt lat="37.4597739335149" lon="-118.918941998854"><ele>3183.0</ele></trkpt><trkpt lat="37.459174208343" lon="-118.918930683285"><ele>3182.389117063457</ele></trkpt><trkpt lat="37.4580037593842" lon="-118.918538661674"><ele>3175.892914132025</ele></trkpt><trkpt lat="37.4571937322617" lon="-118.918587863445"><ele>3172.0</ele></trkpt><trkpt lat="37.4558069463819" lon="-118.919020956382"><ele>3162.0</ele></trkpt><trkpt lat="37.4554461892694" lon="-118.919285656884"><ele>3157.0</ele></trkpt><trkpt lat="37.4542723875493" lon="-118.919181050733"><ele>3152.019531262573</ele></trkpt><trkpt lat="37.4530838336796" lon="-118.919611461461"><ele>3137.0</ele></trkpt><trkpt lat="37.4524959269911" lon="-118.91920552589"><ele>3128.0855944528985</ele></trkpt><trkpt lat="37.4518883228302" lon="-118.919089855626"><ele>3122.0</ele></trkpt><trkpt lat="37.4513956345618" lon="-118.919684635475"><ele>3112.9423123672605</ele></trkpt><trkpt lat="37.4507453665137" lon="-118.919709613547"><ele>3106.0</ele></trkpt><trkpt lat="37.4502769019455" lon="-118.920104485005"><ele>3097.0</ele></trkpt><trkpt lat="37.4496871512383" lon="-118.919841460884"><ele>3099.0</ele></trkpt><trkpt lat="37.4484557658434" lon="-118.920313194394"><ele>3090.0</ele></trkpt><trkpt lat="37.4476516060531" lon="-118.920248150826"><ele>3087.039514880599</ele></trkpt><trkpt lat="37.4467270821333" lon="-118.921664105728"><ele>3060.0</ele></trkpt><trkpt lat="37.4468447640538" lon="-118.921996196732"><ele>3052.2042326405644</ele></trkpt><trkpt lat="37.446329863742" lon="-118.922429708764"><ele>3039.0</ele></trkpt><trkpt lat="37.4467238970101" lon="-118.922491148114"><ele>3035.802895508656</ele></trkpt><trkpt lat="37.4468207918108" lon="-118.922671359032"><ele>3031.1244685424163</ele></trkpt><trkpt lat="37.4466266669333" lon="-118.923079138622"><ele>3024.0</ele></trkpt><trkpt lat="37.4457100220025" lon="-118.923371164128"><ele>3011.707031258382</ele></trkpt><trkpt lat="37.4442424345762" lon="-118.923304444179"><ele>2997.0403567459434</ele></trkpt><trkpt lat="37.4436233472079" lon="-118.922240277752"><ele>2985.0</ele></trkpt><trkpt lat="37.4431773461402" lon="-118.921831492335"><ele>2974.7421890699497</ele></trkpt><trkpt lat="37.4430799484253" lon="-118.922085966915"><ele>2971.0</ele></trkpt><trkpt lat="37.4427504558116" lon="-118.921514656395"><ele>2965.5857173727845</ele></trkpt><trkpt lat="37.4422672390938" lon="-118.921100590378"><ele>2957.0</ele></trkpt><trkpt lat="37.4421343859285" lon="-118.920745197684"><ele>2954.94009069557</ele></trkpt><trkpt lat="37.4422820750624" lon="-118.920118063688"><ele>2953.6680874838685</ele></trkpt><trkpt lat="37.4421336315572" lon="-118.919834420085"><ele>2949.0</ele></trkpt><trkpt lat="37.4415354989469" lon="-118.919549854472"><ele>2943.8808516571135</ele></trkpt><trkpt lat="37.4415979441255" lon="-118.919081138447"><ele>2941.067003126856</ele></trkpt><trkpt lat="37.441406166181" lon="-118.918626168743"><ele>2941.441098008305</ele></trkpt><trkpt lat="37.4416606407613" lon="-118.917867522687"><ele>2939.0</ele></trkpt><trkpt lat="37.4414395261556" lon="-118.917451193556"><ele>2937.691007165241</ele></trkpt><trkpt lat="37.4413188267499" lon="-118.916150992736"><ele>2929.0</ele></trkpt><trkpt lat="37.4404265731573" lon="-118.914097091183"><ele>2932.084376935086</ele></trkpt><trkpt lat="37.4401910416782" lon="-118.91341606155"><ele>2931.8468145777406</ele></trkpt><trkpt lat="37.4402366392314" lon="-118.913025381044"><ele>2927.0</ele></trkpt><trkpt lat="37.4400249123573" lon="-118.912623887882"><ele>2924.433593767695</ele></trkpt><trkpt lat="37.4394278693944" lon="-118.912275116891"><ele>2917.1796875158325</ele></trkpt><trkpt lat="37.4389851372689" lon="-118.912301855162"><ele>2915.1941132387274</ele></trkpt><trkpt lat="37.4386204406619" lon="-118.912666300312"><ele>2914.460479211062</ele></trkpt><trkpt lat="37.437986265868" lon="-118.912865286693"><ele>2907.0</ele></trkpt><trkpt lat="37.4374794960022" lon="-118.912277882919"><ele>2893.0</ele></trkpt><trkpt lat="37.437687618658" lon="-118.911693412811"><ele>2877.0703125209548</ele></trkpt><trkpt lat="37.437526686117" lon="-118.911312622949"><ele>2865.047368619869</ele></trkpt><trkpt lat="37.4377892073244" lon="-118.911472633481"><ele>2860.723907741241</ele></trkpt><trkpt lat="37.4380276724696" lon="-118.911283034831"><ele>2847.203802462667</ele></trkpt><trkpt lat="37.4377289414406" lon="-118.911242969334"><ele>2851.0996150345536</ele></trkpt><trkpt lat="37.4380637984723" lon="-118.911038450897"><ele>2834.546875012107</ele></trkpt><trkpt lat="37.4377384129912" lon="-118.911028811708"><ele>2836.518960888538</ele></trkpt><trkpt lat="37.4384599272162" lon="-118.910302687436"><ele>2805.162202087995</ele></trkpt><trkpt lat="37.4391284678131" lon="-118.908770810813"><ele>2774.8685993254185</ele></trkpt><trkpt lat="37.4390388652682" lon="-118.908465625718"><ele>2768.0</ele></trkpt><trkpt lat="37.439146656543" lon="-118.908158512786"><ele>2760.3108400435317</ele></trkpt><trkpt lat="37.4390228558332" lon="-118.908289102837"><ele>2761.697909943046</ele></trkpt><trkpt lat="37.4388575647026" lon="-118.908266639337"><ele>2757.371093752794</ele></trkpt><trkpt lat="37.4389805272222" lon="-118.908058768138"><ele>2751.8689090493135</ele></trkpt><trkpt lat="37.4385877512395" lon="-118.908162955195"><ele>2742.6100292875662</ele></trkpt><trkpt lat="37.438684059307" lon="-118.90779809095"><ele>2734.784360991791</ele></trkpt><trkpt lat="37.4382715020329" lon="-118.907316131517"><ele>2728.0</ele></trkpt><trkpt lat="37.4374369159341" lon="-118.907812507823"><ele>2716.0</ele></trkpt><trkpt lat="37.4362756870687" lon="-118.907536156476"><ele>2705.6718749785796</ele></trkpt><trkpt lat="37.4351312220097" lon="-118.907922478393"><ele>2704.0</ele></trkpt><trkpt lat="37.4348507635295" lon="-118.907840335742"><ele>2705.4022413664147</ele></trkpt><trkpt lat="37.4330328125507" lon="-118.908973066136"><ele>2701.0</ele></trkpt><trkpt lat="37.4326748214662" lon="-118.908927636221"><ele>2698.824218752794</ele></trkpt><trkpt lat="37.4315943941474" lon="-118.909280346707"><ele>2684.8052811927337</ele></trkpt><trkpt lat="37.4309685174376" lon="-118.909808155149"><ele>2676.0</ele></trkpt><trkpt lat="37.4307096004486" lon="-118.909703716636"><ele>2672.0</ele></trkpt><trkpt lat="37.4297362100333" lon="-118.910529920831"><ele>2653.0959341787748</ele></trkpt><trkpt lat="37.4283851310611" lon="-118.910488681868"><ele>2644.0</ele></trkpt><trkpt lat="37.4272694159299" lon="-118.909886274487"><ele>2640.0</ele></trkpt><trkpt lat="37.4269201420248" lon="-118.910139491782"><ele>2637.3659886363894</ele></trkpt><trkpt lat="37.4270338006318" lon="-118.910809457302"><ele>2631.0</ele></trkpt><trkpt lat="37.4266957584768" lon="-118.911147750914"><ele>2625.0711871025424</ele></trkpt><trkpt lat="37.4262728076428" lon="-118.910756902769"><ele>2628.216715701159</ele></trkpt><trkpt lat="37.4266240093857" lon="-118.910033712164"><ele>2632.990976469894</ele></trkpt><trkpt lat="37.4265866260976" lon="-118.909715702757"><ele>2634.81383627135</ele></trkpt><trkpt lat="37.4263032339513" lon="-118.909601876512"><ele>2626.0</ele></trkpt><trkpt lat="37.4262650124729" lon="-118.909940840676"><ele>2624.91995498538</ele></trkpt><trkpt lat="37.4260852206498" lon="-118.909363327548"><ele>2618.480468754191</ele></trkpt><trkpt lat="37.4256999883801" lon="-118.909225780517"><ele>2614.0</ele></trkpt><trkpt lat="37.4255322664976" lon="-118.908974993974"><ele>2610.5366165097803</ele></trkpt><trkpt lat="37.4247923959047" lon="-118.909237682819"><ele>2585.375000016764</ele></trkpt><trkpt lat="37.424951735884" lon="-118.909540185705"><ele>2577.892917384923</ele></trkpt><trkpt lat="37.424449659884" lon="-118.909626519308"><ele>2568.2539062257856</ele></trkpt><trkpt lat="37.4242909904569" lon="-118.909903792664"><ele>2559.254788764287</ele></trkpt><trkpt lat="37.4233242217451" lon="-118.91006254591"><ele>2545.977097078572</ele></trkpt><trkpt lat="37.4222858715802" lon="-118.910622708499"><ele>2534.0</ele></trkpt><trkpt lat="37.4217071011662" lon="-118.910606531426"><ele>2532.0</ele></trkpt><trkpt lat="37.4210741836578" lon="-118.911112044007"><ele>2523.0161720483393</ele></trkpt><trkpt lat="37.4201511684805" lon="-118.911083126441"><ele>2524.4638675242118</ele></trkpt><trkpt lat="37.4197812750935" lon="-118.911434998736"><ele>2518.9726562397555</ele></trkpt><trkpt lat="37.4192163348198" lon="-118.911481183022"><ele>2512.0</ele></trkpt><trkpt lat="37.4190948810428" lon="-118.911809166893"><ele>2506.6120650941434</ele></trkpt><trkpt lat="37.4188876803964" lon="-118.911702213809"><ele>2502.007192514837</ele></trkpt><trkpt lat="37.4189256504178" lon="-118.912385590374"><ele>2491.0</ele></trkpt><trkpt lat="37.4183284398168" lon="-118.912139581516"><ele>2484.0</ele></trkpt><trkpt lat="37.4177372641861" lon="-118.911573719233"><ele>2476.0</ele></trkpt><trkpt lat="37.4179728794843" lon="-118.912284085527"><ele>2471.132086850834</ele></trkpt><trkpt lat="37.417863747105" lon="-118.912208145484"><ele>2467.9246423766017</ele></trkpt><trkpt lat="37.4177905730903" lon="-118.912463206798"><ele>2463.6511373705735</ele></trkpt><trkpt lat="37.4173508584499" lon="-118.912306884304"><ele>2453.1694179889746</ele></trkpt><trkpt lat="37.4173336755484" lon="-118.912554234266"><ele>2451.0</ele></trkpt><trkpt lat="37.4160864483565" lon="-118.91340566799"><ele>2435.686011099085</ele></trkpt><trkpt lat="37.4157238472253" lon="-118.913854267448"><ele>2429.0</ele></trkpt><trkpt lat="37.415736336261" lon="-118.914459021762"><ele>2428.961098470762</ele></trkpt><trkpt lat="37.4154763296247" lon="-118.91504692845"><ele>2421.70193904621</ele></trkpt><trkpt lat="37.4159765616059" lon="-118.915281957015"><ele>2422.0</ele></trkpt></trkseg></trk><trk><name>2013-09-18</name><extensions><gpxx:TrackExtension><gpxx:DisplayColor>DarkYellow</gpxx:DisplayColor></gpxx:TrackExtension></extensions><trkseg><trkpt lat="37.4159144517034" lon="-118.915244489908"><ele>2421.0</ele></trkpt><trkpt lat="37.4158649146557" lon="-118.915487648919"><ele>2421.0</ele></trkpt><trkpt lat="37.4159752205014" lon="-118.915352365002"><ele>2423.0</ele></trkpt><trkpt lat="37.4157241825014" lon="-118.915374577045"><ele>2420.0</ele></trkpt><trkpt lat="37.4157344084233" lon="-118.915914120153"><ele>2420.7553236406716</ele></trkpt><trkpt lat="37.4153321608901" lon="-118.916980130598"><ele>2421.0</ele></trkpt><trkpt lat="37.4150338489562" lon="-118.918667575344"><ele>2420.078668892232</ele></trkpt><trkpt lat="37.4145552422851" lon="-118.919678097591"><ele>2416.0</ele></trkpt><trkpt lat="37.4146414920688" lon="-118.921360345557"><ele>2419.8539155665785</ele></trkpt><trkpt lat="37.4144048709422" lon="-118.922757608816"><ele>2417.9701308086514</ele></trkpt><trkpt lat="37.4136628210545" lon="-118.923688083887"><ele>2413.0</ele></trkpt><trkpt lat="37.413154290989" lon="-118.923917664215"><ele>2404.0</ele></trkpt><trkpt lat="37.4127078708261" lon="-118.924666168168"><ele>2395.142061755806</ele></trkpt><trkpt lat="37.4124444276094" lon="-118.924516886473"><ele>2392.0</ele></trkpt><trkpt lat="37.4122718442231" lon="-118.924065018073"><ele>2387.8164058160037</ele></trkpt><trkpt lat="37.4123914539814" lon="-118.924052780494"><ele>2391.0</ele></trkpt><trkpt lat="37.4120929744095" lon="-118.923552464694"><ele>2389.761374004282</ele></trkpt><trkpt lat="37.4118647351861" lon="-118.923827307299"><ele>2390.41777201289</ele></trkpt><trkpt lat="37.4113509245217" lon="-118.923692274839"><ele>2387.0</ele></trkpt><trkpt lat="37.4110796861351" lon="-118.925425652415"><ele>2380.8350419207804</ele></trkpt><trkpt lat="37.4103663861752" lon="-118.925743158907"><ele>2382.820795516222</ele></trkpt><trkpt lat="37.4098457861692" lon="-118.927415013313"><ele>2394.407973364364</ele></trkpt><trkpt lat="37.4094276130199" lon="-118.927157688886"><ele>2409.0</ele></trkpt><trkpt lat="37.4095323868096" lon="-118.927489360794"><ele>2404.9139526337385</ele></trkpt><trkpt lat="37.4093350768089" lon="-118.92757544294"><ele>2412.884535557503</ele></trkpt><trkpt lat="37.4090836197138" lon="-118.929096590728"><ele>2430.0</ele></trkpt><trkpt lat="37.4091443885118" lon="-118.930068220943"><ele>2436.398437490221</ele></trkpt><trkpt lat="37.4088169075549" lon="-118.930039471015"><ele>2446.7899823921225</ele></trkpt><trkpt lat="37.4089225195348" lon="-118.930140724406"><ele>2444.5406338407256</ele></trkpt><trkpt lat="37.4085481837392" lon="-118.930209456012"><ele>2456.980468766298</ele></trkpt><trkpt lat="37.4085458368063" lon="-118.930360162631"><ele>2460.003906265367</ele></trkpt><trkpt lat="37.4081691540778" lon="-118.930233344436"><ele>2468.0839819811613</ele></trkpt><trkpt lat="37.4084217846394" lon="-118.930698120967"><ele>2469.827805161476</ele></trkpt><trkpt lat="37.4081875942647" lon="-118.930807085708"><ele>2482.6459494652227</ele></trkpt><trkpt lat="37.4077176209539" lon="-118.930431744084"><ele>2489.5954980459</ele></trkpt><trkpt lat="37.407723236829" lon="-118.930554874241"><ele>2493.078124983236</ele></trkpt><trkpt lat="37.4074364081025" lon="-118.930447502062"><ele>2501.0657537520938</ele></trkpt><trkpt lat="37.407384943217" lon="-118.930625449866"><ele>2506.0</ele></trkpt><trkpt lat="37.4069687817246" lon="-118.930252455175"><ele>2516.0</ele></trkpt><trkpt lat="37.4066310748458" lon="-118.930865675211"><ele>2523.0</ele></trkpt><trkpt lat="37.4060274939984" lon="-118.931190893054"><ele>2530.846543898552</ele></trkpt><trkpt lat="37.4053923133761" lon="-118.932154309005"><ele>2541.3828124785796</ele></trkpt><trkpt lat="37.4051633197814" lon="-118.932251874357"><ele>2535.0</ele></trkpt><trkpt lat="37.4049062468112" lon="-118.932082476094"><ele>2536.7304687672295</ele></trkpt><trkpt lat="37.4048831127584" lon="-118.93181794323"><ele>2541.6842577997595</ele></trkpt><trkpt lat="37.4046871438622" lon="-118.9319781214"><ele>2543.107629917332</ele></trkpt><trkpt lat="37.4045258760452" lon="-118.931895056739"><ele>2550.808647114637</ele></trkpt><trkpt lat="37.4045008141547" lon="-118.931427514181"><ele>2564.366655905731</ele></trkpt><trkpt lat="37.4044809490442" lon="-118.93174435012"><ele>2557.1358312184716</ele></trkpt><trkpt lat="37.4043175019324" lon="-118.931541508064"><ele>2570.8671733941883</ele></trkpt><trkpt lat="37.4042987264693" lon="-118.931702775881"><ele>2567.982013555861</ele></trkpt><trkpt lat="37.4042361974716" lon="-118.930982267484"><ele>2587.6370739843696</ele></trkpt><trkpt lat="37.4041755963117" lon="-118.931456683204"><ele>2581.192367654294</ele></trkpt><trkpt lat="37.4039690662175" lon="-118.931334475055"><ele>2596.8987093335018</ele></trkpt><trkpt lat="37.4041211977601" lon="-118.930287659168"><ele>2612.3837698958814</ele></trkpt><trkpt lat="37.403967557475" lon="-118.930687727407"><ele>2613.687651618046</ele></trkpt><trkpt lat="37.403817102313" lon="-118.930521430448"><ele>2627.9286853903905</ele></trkpt><trkpt lat="37.4037030246109" lon="-118.929403619841"><ele>2643.916675258428</ele></trkpt><trkpt lat="37.4038286693394" lon="-118.929619956762"><ele>2636.5455080233514</ele></trkpt><trkpt lat="37.4035752844065" lon="-118.929477967322"><ele>2652.4107645712793</ele></trkpt><trkpt lat="37.4034949857742" lon="-118.928812947124"><ele>2665.332430438278</ele></trkpt><trkpt lat="37.4035409186035" lon="-118.927852883935"><ele>2671.4268887806684</ele></trkpt><trkpt lat="37.4034301936626" lon="-118.928265776485"><ele>2675.29038909867</ele></trkpt><trkpt lat="37.4032861925662" lon="-118.92772170715"><ele>2691.725600597765</ele></trkpt><trkpt lat="37.4029559455812" lon="-118.929568910971"><ele>2700.5230860409642</ele></trkpt><trkpt lat="37.4027841165662" lon="-118.929526247084"><ele>2714.6512867063284</ele></trkpt><trkpt lat="37.402487564832" lon="-118.927857158706"><ele>2742.2231059279293</ele></trkpt><trkpt lat="37.4023148138076" lon="-118.927559768781"><ele>2749.3576616365463</ele></trkpt><trkpt lat="37.40239251405" lon="-118.927458012477"><ele>2740.602617822537</ele></trkpt><trkpt lat="37.4023023247719" lon="-118.928438108414"><ele>2749.0903384573758</ele></trkpt><trkpt lat="37.4020827189088" lon="-118.928218502551"><ele>2763.757096274186</ele></trkpt><trkpt lat="37.402056818828" lon="-118.927848692983"><ele>2767.49306814</ele></trkpt><trkpt lat="37.4020634405315" lon="-118.928021863103"><ele>2766.1046031918377</ele></trkpt><trkpt lat="37.4018024280667" lon="-118.927796054631"><ele>2783.9247927991673</ele></trkpt><trkpt lat="37.4016357120126" lon="-118.927425742149"><ele>2784.5954524087297</ele></trkpt><trkpt lat="37.4017071258277" lon="-118.927744422108"><ele>2787.1173673267476</ele></trkpt><trkpt lat="37.4015629570931" lon="-118.927674852312"><ele>2794.3904183925038</ele></trkpt><trkpt lat="37.4011454544961" lon="-118.927050232887"><ele>2809.7083023362793</ele></trkpt><trkpt lat="37.4013346340507" lon="-118.927481314167"><ele>2806.6999715073034</ele></trkpt><trkpt lat="37.4013235699385" lon="-118.927994873375"><ele>2813.509202113375</ele></trkpt><trkpt lat="37.4005206674337" lon="-118.928921408951"><ele>2831.657966007013</ele></trkpt><trkpt lat="37.4004502594471" lon="-118.928368622437"><ele>2847.599586472137</ele></trkpt><trkpt lat="37.4002685397863" lon="-118.92864623107"><ele>2849.4019339233637</ele></trkpt><trkpt lat="37.4002863094211" lon="-118.928220765665"><ele>2856.8073483573235</ele></trkpt><trkpt lat="37.4001635145396" lon="-118.928167959675"><ele>2861.5631314013153</ele></trkpt><trkpt lat="37.3992194607854" lon="-118.929268755019"><ele>2874.992220750441</ele></trkpt><trkpt lat="37.3977027554065" lon="-118.930550096557"><ele>2893.1327591343784</ele></trkpt><trkpt lat="37.3975367099047" lon="-118.930503828451"><ele>2899.1982449252882</ele></trkpt><trkpt lat="37.3976681381464" lon="-118.930561579764"><ele>2894.558642009739</ele></trkpt><trkpt lat="37.3975842352956" lon="-118.930353457108"><ele>2900.871170891449</ele></trkpt><trkpt lat="37.3978402186185" lon="-118.929723557085"><ele>2907.0</ele></trkpt><trkpt lat="37.3974832333624" lon="-118.930034106597"><ele>2908.8351542419146</ele></trkpt><trkpt lat="37.3963055759668" lon="-118.930404251441"><ele>2925.0</ele></trkpt><trkpt lat="37.3966398462653" lon="-118.929767059162"><ele>2933.7349798313753</ele></trkpt><trkpt lat="37.3959497641772" lon="-118.929996052757"><ele>2938.7249025629294</ele></trkpt><trkpt lat="37.3960858024657" lon="-118.92948416993"><ele>2944.8614218524926</ele></trkpt><trkpt lat="37.3953162599355" lon="-118.929486433044"><ele>2951.975167062752</ele></trkpt><trkpt lat="37.3953514639288" lon="-118.92914311029"><ele>2956.9566115679086</ele></trkpt><trkpt lat="37.394926417619" lon="-118.928979998454"><ele>2962.0</ele></trkpt><trkpt lat="37.3942096810788" lon="-118.927904097363"><ele>2971.0802109357837</ele></trkpt><trkpt lat="37.3951884359121" lon="-118.927092729136"><ele>2986.0</ele></trkpt><trkpt lat="37.3948178719729" lon="-118.926936825737"><ele>2987.535156266298</ele></trkpt><trkpt lat="37.393168983981" lon="-118.925260361284"><ele>3006.0</ele></trkpt><trkpt lat="37.3906774632633" lon="-118.922074316069"><ele>3023.1445312723517</ele></trkpt><trkpt lat="37.3889067862183" lon="-118.921006377786"><ele>3024.9140625186265</ele></trkpt><trkpt lat="37.3879876267165" lon="-118.919954784214"><ele>3025.1931495025815</ele></trkpt><trkpt lat="37.3856003768742" lon="-118.915954772383"><ele>3022.063508850884</ele></trkpt><trkpt lat="37.3837706912309" lon="-118.91374932602"><ele>3014.0</ele></trkpt><trkpt lat="37.3833780828863" lon="-118.912936197594"><ele>3015.009935379771</ele></trkpt><trkpt lat="37.3834080062807" lon="-118.912303363904"><ele>3019.8029767651797</ele></trkpt><trkpt lat="37.3833874706179" lon="-118.912437474355"><ele>3018.398417621851</ele></trkpt><trkpt lat="37.383152609691" lon="-118.912306716666"><ele>3014.0</ele></trkpt><trkpt lat="37.3829254601151" lon="-118.911981498823"><ele>3011.0</ele></trkpt><trkpt lat="37.3823750205338" lon="-118.910499578342"><ele>2999.5741301126054</ele></trkpt><trkpt lat="37.3820168618113" lon="-118.910291371867"><ele>2999.2781892644794</ele></trkpt><trkpt lat="37.38131579943" lon="-118.909156043082"><ele>2989.0</ele></trkpt><trkpt lat="37.3814026359469" lon="-118.908822694793"><ele>2993.987821860239</ele></trkpt><trkpt lat="37.3810915835202" lon="-118.90855464153"><ele>2985.7448696754873</ele></trkpt><trkpt lat="37.3809202574193" lon="-118.906573913991"><ele>2972.3375010258846</ele></trkpt><trkpt lat="37.3806376196444" lon="-118.905698591843"><ele>2962.120422065258</ele></trkpt><trkpt lat="37.3804141581058" lon="-118.905466748402"><ele>2953.0147247351706</ele></trkpt><trkpt lat="37.3804263956845" lon="-118.905665902421"><ele>2952.341853118949</ele></trkpt><trkpt lat="37.3802468553185" lon="-118.905594656244"><ele>2943.0</ele></trkpt><trkpt lat="37.3801015969366" lon="-118.90603730455"><ele>2937.325743767727</ele></trkpt><trkpt lat="37.3796779755503" lon="-118.904941370711"><ele>2916.8389546126127</ele></trkpt><trkpt lat="37.3790820222348" lon="-118.906708443537"><ele>2899.915325179367</ele></trkpt><trkpt lat="37.3788353428245" lon="-118.906471235678"><ele>2889.5948694850795</ele></trkpt><trkpt lat="37.3788740672171" lon="-118.906685560942"><ele>2888.6916747130454</ele></trkpt><trkpt lat="37.3785814549774" lon="-118.906312901527"><ele>2879.530799843371</ele></trkpt><trkpt lat="37.3784573189914" lon="-118.905743686482"><ele>2882.0</ele></trkpt><trkpt lat="37.3787799384445" lon="-118.904279451817"><ele>2877.630961885472</ele></trkpt><trkpt lat="37.3785519506782" lon="-118.904531830922"><ele>2871.8635959812873</ele></trkpt><trkpt lat="37.3785206023604" lon="-118.903951467946"><ele>2864.9722242893627</ele></trkpt><trkpt lat="37.3783362004906" lon="-118.904395876452"><ele>2863.147373944521</ele></trkpt><trkpt lat="37.3782378807664" lon="-118.903515357524"><ele>2843.3603870532097</ele></trkpt><trkpt lat="37.3781837336719" lon="-118.90361350961"><ele>2844.2056848332286</ele></trkpt><trkpt lat="37.3780462704599" lon="-118.903400944546"><ele>2834.6689396104853</ele></trkpt><trkpt lat="37.3776831664145" lon="-118.904214240611"><ele>2827.3647761009634</ele></trkpt><trkpt lat="37.3772818408906" lon="-118.903883490711"><ele>2802.312942363322</ele></trkpt><trkpt lat="37.3770831897855" lon="-118.903052173555"><ele>2797.0</ele></trkpt><trkpt lat="37.3768517654389" lon="-118.902796106413"><ele>2791.4257812504657</ele></trkpt><trkpt lat="37.3768594767898" lon="-118.902018014342"><ele>2794.54303749837</ele></trkpt><trkpt lat="37.3757162690163" lon="-118.899885406718"><ele>2778.499337054789</ele></trkpt><trkpt lat="37.3756958171725" lon="-118.899239245802"><ele>2775.535118376819</ele></trkpt><trkpt lat="37.3750349041075" lon="-118.898421591148"><ele>2762.0</ele></trkpt><trkpt lat="37.3746142163873" lon="-118.898183712736"><ele>2759.0</ele></trkpt><trkpt lat="37.374267373234" lon="-118.897506035864"><ele>2751.52995653823</ele></trkpt><trkpt lat="37.3734866827726" lon="-118.897028770298"><ele>2741.099206853658</ele></trkpt><trkpt lat="37.3715812247246" lon="-118.895069165155"><ele>2734.0</ele></trkpt><trkpt lat="37.371130278334" lon="-118.894082950428"><ele>2735.563058881089</ele></trkpt><trkpt lat="37.3709845170379" lon="-118.892146144062"><ele>2730.9000064439338</ele></trkpt><trkpt lat="37.3703515995294" lon="-118.890620637685"><ele>2731.8935898966024</ele></trkpt><trkpt lat="37.3693447653204" lon="-118.889506347477"><ele>2727.7924949376447</ele></trkpt><trkpt lat="37.3681838717312" lon="-118.888767817989"><ele>2723.0</ele></trkpt><trkpt lat="37.367702331394" lon="-118.887132341042"><ele>2725.0</ele></trkpt><trkpt lat="37.3674111440778" lon="-118.886897815391"><ele>2725.0</ele></trkpt><trkpt lat="37.3673655465245" lon="-118.886603359133"><ele>2725.0</ele></trkpt><trkpt lat="37.3667211458087" lon="-118.886235225946"><ele>2730.0</ele></trkpt><trkpt lat="37.3655850626528" lon="-118.884585080668"><ele>2743.162554070893</ele></trkpt><trkpt lat="37.3653537221253" lon="-118.884806279093"><ele>2744.0</ele></trkpt><trkpt lat="37.3649493791163" lon="-118.884599078447"><ele>2747.0756425255076</ele></trkpt><trkpt lat="37.3648960702121" lon="-118.884178726003"><ele>2754.0</ele></trkpt><trkpt lat="37.3638930916786" lon="-118.883706573397"><ele>2752.3970593567938</ele></trkpt><trkpt lat="37.3626022785902" lon="-118.882414167747"><ele>2760.2203625513685</ele></trkpt><trkpt lat="37.3621036391705" lon="-118.882588595152"><ele>2758.8199929659636</ele></trkpt><trkpt lat="37.3616897407919" lon="-118.88231693767"><ele>2764.9661512273037</ele></trkpt><trkpt lat="37.3606469482183" lon="-118.882282907143"><ele>2768.0</ele></trkpt><trkpt lat="37.3583620414138" lon="-118.881043978035"><ele>2775.2618023511586</ele></trkpt><trkpt lat="37.3577477317303" lon="-118.880503848195"><ele>2779.0</ele></trkpt><trkpt lat="37.3568283207715" lon="-118.880219114944"><ele>2778.7382812658325</ele></trkpt><trkpt lat="37.3553142976016" lon="-118.878899132833"><ele>2786.0</ele></trkpt><trkpt lat="37.3545505385846" lon="-118.87872537598"><ele>2786.0</ele></trkpt><trkpt lat="37.3534342367202" lon="-118.87798089534"><ele>2793.0</ele></trkpt><trkpt lat="37.3519977461547" lon="-118.87733339332"><ele>2801.4160707088836</ele></trkpt><trkpt lat="37.3517966642976" lon="-118.877057544887"><ele>2803.9654509683082</ele></trkpt><trkpt lat="37.3510487470776" lon="-118.877853071317"><ele>2805.0</ele></trkpt><trkpt lat="37.3510930873454" lon="-118.878696039319"><ele>2810.0</ele></trkpt><trkpt lat="37.3506959527731" lon="-118.878947999328"><ele>2810.0</ele></trkpt><trkpt lat="37.3488467372954" lon="-118.87891153805"><ele>2815.0</ele></trkpt><trkpt lat="37.3467232659459" lon="-118.878254815936"><ele>2823.0</ele></trkpt><trkpt lat="37.3462849762291" lon="-118.877716530114"><ele>2825.0</ele></trkpt><trkpt lat="37.3461582418531" lon="-118.877011192963"><ele>2830.0</ele></trkpt><trkpt lat="37.3447375092655" lon="-118.875649049878"><ele>2836.0</ele></trkpt><trkpt lat="37.3444878961891" lon="-118.875338668004"><ele>2836.0</ele></trkpt><trkpt lat="37.3446125350892" lon="-118.875130461529"><ele>2836.0912075485126</ele></trkpt><trkpt lat="37.344440119341" lon="-118.875191984698"><ele>2836.6980570331216</ele></trkpt><trkpt lat="37.3442115448415" lon="-118.874579016119"><ele>2839.0</ele></trkpt><trkpt lat="37.3432444408536" lon="-118.873435892165"><ele>2842.85937498603</ele></trkpt><trkpt lat="37.3422875627875" lon="-118.873256770894"><ele>2845.1001579890167</ele></trkpt><trkpt lat="37.3407592903823" lon="-118.872356051579"><ele>2852.0681863259524</ele></trkpt><trkpt lat="37.3397498577833" lon="-118.872134685516"><ele>2860.8809029014487</ele></trkpt><trkpt lat="37.3380324896425" lon="-118.870796766132"><ele>2881.0</ele></trkpt><trkpt lat="37.3362889699638" lon="-118.869947092608"><ele>2887.0</ele></trkpt><trkpt lat="37.3358264565468" lon="-118.869595387951"><ele>2890.0</ele></trkpt><trkpt lat="37.3356488440186" lon="-118.868959788233"><ele>2893.0</ele></trkpt><trkpt lat="37.3350429162383" lon="-118.868112461641"><ele>2897.821130543617</ele></trkpt><trkpt lat="37.3344578593969" lon="-118.868217151612"><ele>2897.0</ele></trkpt><trkpt lat="37.3340531811118" lon="-118.867952702567"><ele>2899.3369563909823</ele></trkpt><trkpt lat="37.33344046399" lon="-118.867974579334"><ele>2899.963425511477</ele></trkpt><trkpt lat="37.3324143514037" lon="-118.867611475289"><ele>2900.4377758705723</ele></trkpt><trkpt lat="37.3316096048802" lon="-118.867003032938"><ele>2903.0</ele></trkpt><trkpt lat="37.3310907650739" lon="-118.866865569726"><ele>2907.0</ele></trkpt><trkpt lat="37.3306352086365" lon="-118.866817792878"><ele>2907.285156229511</ele></trkpt><trkpt lat="37.3302253335714" lon="-118.86727293022"><ele>2908.9629648781374</ele></trkpt><trkpt lat="37.3302078992128" lon="-118.867530087009"><ele>2905.0</ele></trkpt><trkpt lat="37.3295760713518" lon="-118.867898639292"><ele>2907.5427479714667</ele></trkpt><trkpt lat="37.3286646232009" lon="-118.868029396981"><ele>2915.0</ele></trkpt><trkpt lat="37.3282008524984" lon="-118.868733057752"><ele>2924.0</ele></trkpt><trkpt lat="37.3277230840176" lon="-118.868216229603"><ele>2929.2476885152482</ele></trkpt><trkpt lat="37.327060578391" lon="-118.868236178532"><ele>2938.0</ele></trkpt><trkpt lat="37.3263839073479" lon="-118.867854131386"><ele>2943.6289742538233</ele></trkpt><trkpt lat="37.3251782543957" lon="-118.868562905118"><ele>2957.0126625838107</ele></trkpt><trkpt lat="37.3248066008091" lon="-118.868278088048"><ele>2962.058116069978</ele></trkpt><trkpt lat="37.3245252203196" lon="-118.86725817807"><ele>2966.5658064223826</ele></trkpt><trkpt lat="37.324071675539" lon="-118.867213753983"><ele>2975.0</ele></trkpt><trkpt lat="37.3235516622663" lon="-118.867611307651"><ele>2982.695312509313</ele></trkpt><trkpt lat="37.3233129456639" lon="-118.867516340688"><ele>2986.445861024383</ele></trkpt><trkpt lat="37.3233551066369" lon="-118.868398955092"><ele>2998.485764225961</ele></trkpt><trkpt lat="37.3232302162796" lon="-118.868532646447"><ele>3000.632812480442</ele></trkpt><trkpt lat="37.3228658549488" lon="-118.868321422487"><ele>3005.0</ele></trkpt><trkpt lat="37.3225662019104" lon="-118.868398703635"><ele>3012.617458559781</ele></trkpt><trkpt lat="37.3222411517054" lon="-118.868146492168"><ele>3014.1530184437993</ele></trkpt><trkpt lat="37.3220554087311" lon="-118.868289990351"><ele>3018.3242187686265</ele></trkpt><trkpt lat="37.3219236452132" lon="-118.868810422719"><ele>3027.0</ele></trkpt><trkpt lat="37.321579484269" lon="-118.868673294783"><ele>3032.187500016298</ele></trkpt><trkpt lat="37.3211085889488" lon="-118.868838334456"><ele>3038.0865702852607</ele></trkpt><trkpt lat="37.3205597419292" lon="-118.869586922228"><ele>3041.0</ele></trkpt><trkpt lat="37.3202412296087" lon="-118.869771491736"><ele>3038.0</ele></trkpt><trkpt lat="37.319813920185" lon="-118.869569739327"><ele>3039.0</ele></trkpt><trkpt lat="37.3190150409937" lon="-118.869627239183"><ele>3041.0</ele></trkpt><trkpt lat="37.3181244637817" lon="-118.870574813336"><ele>3042.0</ele></trkpt><trkpt lat="37.3178142495453" lon="-118.87130160816"><ele>3042.0</ele></trkpt><trkpt lat="37.3166251927614" lon="-118.872167710215"><ele>3042.5008407033383</ele></trkpt><trkpt lat="37.316335933283" lon="-118.872241387144"><ele>3043.0</ele></trkpt><trkpt lat="37.3158939555287" lon="-118.872083555907"><ele>3046.0</ele></trkpt><trkpt lat="37.3158673848957" lon="-118.871917845681"><ele>3048.0</ele></trkpt><trkpt lat="37.3155609425157" lon="-118.872121274471"><ele>3047.0</ele></trkpt><trkpt lat="37.3152877762914" lon="-118.871863530949"><ele>3051.0</ele></trkpt><trkpt lat="37.3143179062754" lon="-118.871662784368"><ele>3058.492187490221</ele></trkpt><trkpt lat="37.3134635388851" lon="-118.871748363599"><ele>3074.0</ele></trkpt><trkpt lat="37.3129671625793" lon="-118.872299976647"><ele>3077.9739324275424</ele></trkpt><trkpt lat="37.3127623088658" lon="-118.872214481235"><ele>3085.6837662660355</ele></trkpt><trkpt lat="37.3124052397907" lon="-118.872448839247"><ele>3093.971575026696</ele></trkpt><trkpt lat="37.3121231049299" lon="-118.872259072959"><ele>3104.264532516027</ele></trkpt><trkpt lat="37.3114620242268" lon="-118.873340422288"><ele>3104.374183422886</ele></trkpt><trkpt lat="37.3102002125233" lon="-118.874566024169"><ele>3116.0003714133054</ele></trkpt><trkpt lat="37.3092523030937" lon="-118.875133059919"><ele>3122.4145864138563</ele></trkpt><trkpt lat="37.3090633749962" lon="-118.874999452382"><ele>3124.0</ele></trkpt><trkpt lat="37.3085393384099" lon="-118.87508360669"><ele>3129.0</ele></trkpt><trkpt lat="37.3083116021007" lon="-118.87477456592"><ele>3133.659571580589</ele></trkpt><trkpt lat="37.3076570592821" lon="-118.874693093821"><ele>3142.0</ele></trkpt><trkpt lat="37.3072309233248" lon="-118.874902389944"><ele>3145.0</ele></trkpt><trkpt lat="37.3068276699632" lon="-118.874865761027"><ele>3147.0</ele></trkpt><trkpt lat="37.3058390244842" lon="-118.875341014937"><ele>3153.0</ele></trkpt><trkpt lat="37.3055617511272" lon="-118.875090396032"><ele>3154.191067456408</ele></trkpt><trkpt lat="37.304303208366" lon="-118.874783953652"><ele>3159.0</ele></trkpt><trkpt lat="37.3039583768696" lon="-118.874350776896"><ele>3167.0</ele></trkpt><trkpt lat="37.3031928576529" lon="-118.874090602621"><ele>3175.1502630867144</ele></trkpt><trkpt lat="37.3026996664703" lon="-118.87369162403"><ele>3180.941406271886</ele></trkpt><trkpt lat="37.3025896120817" lon="-118.873438155279"><ele>3183.0</ele></trkpt><trkpt lat="37.3030426539481" lon="-118.87330555357"><ele>3191.0</ele></trkpt><trkpt lat="37.302741156891" lon="-118.873079493642"><ele>3194.98298089114</ele></trkpt><trkpt lat="37.302550887689" lon="-118.872340209782"><ele>3199.0</ele></trkpt><trkpt lat="37.301795175299" lon="-118.871530350298"><ele>3212.0</ele></trkpt><trkpt lat="37.3010038398206" lon="-118.871342008933"><ele>3217.0</ele></trkpt><trkpt lat="37.29961194098" lon="-118.871939135715"><ele>3222.3867187327705</ele></trkpt><trkpt lat="37.2989098727703" lon="-118.871311498806"><ele>3217.0</ele></trkpt><trkpt lat="37.2950608190149" lon="-118.873373530805"><ele>3224.0</ele></trkpt><trkpt lat="37.2941664699465" lon="-118.873167671263"><ele>3231.640624990687</ele></trkpt><trkpt lat="37.2931391000748" lon="-118.872528634965"><ele>3238.0</ele></trkpt><trkpt lat="37.2919177729636" lon="-118.872104426846"><ele>3251.0898437537253</ele></trkpt><trkpt lat="37.2916335426271" lon="-118.872231664136"><ele>3259.0</ele></trkpt><trkpt lat="37.2918461076915" lon="-118.872461244464"><ele>3262.303252287209</ele></trkpt><trkpt lat="37.2913539223373" lon="-118.872495945543"><ele>3272.4709978969768</ele></trkpt><trkpt lat="37.2914054710418" lon="-118.872671630234"><ele>3277.638826587703</ele></trkpt><trkpt lat="37.2904962021858" lon="-118.872623853385"><ele>3300.2968749790452</ele></trkpt><trkpt lat="37.290615728125" lon="-118.872866006568"><ele>3308.164062494412</ele></trkpt><trkpt lat="37.2900073695928" lon="-118.872950160876"><ele>3316.0</ele></trkpt><trkpt lat="37.2897031903267" lon="-118.873291555792"><ele>3309.2372943890414</ele></trkpt><trkpt lat="37.2896223887801" lon="-118.873053342104"><ele>3305.122144966852</ele></trkpt><trkpt lat="37.2894012741744" lon="-118.873121906072"><ele>3295.4921874953434</ele></trkpt><trkpt lat="37.2894412558526" lon="-118.87333673425"><ele>3296.252580923766</ele></trkpt><trkpt lat="37.2893643099815" lon="-118.87319306843"><ele>3292.0</ele></trkpt><trkpt lat="37.289156941697" lon="-118.87330471538"><ele>3286.0273437467404</ele></trkpt><trkpt lat="37.2889228351414" lon="-118.873110590503"><ele>3282.4672555340494</ele></trkpt><trkpt lat="37.2879235446453" lon="-118.872984191403"><ele>3272.8316659810953</ele></trkpt><trkpt lat="37.2884606570005" lon="-118.87347956188"><ele>3264.3836790546775</ele></trkpt><trkpt lat="37.2879995685071" lon="-118.874290762469"><ele>3256.742099242149</ele></trkpt><trkpt lat="37.287505287677" lon="-118.87428288348"><ele>3245.7763335394243</ele></trkpt><trkpt lat="37.2876744344831" lon="-118.87382062152"><ele>3238.0</ele></trkpt><trkpt lat="37.2872257512063" lon="-118.873734371737"><ele>3233.0</ele></trkpt><trkpt lat="37.2862590663135" lon="-118.874408947304"><ele>3231.0</ele></trkpt><trkpt lat="37.2856518812478" lon="-118.874610532075"><ele>3225.8828124920838</ele></trkpt><trkpt lat="37.2846147045493" lon="-118.874628553167"><ele>3223.7993626875877</ele></trkpt><trkpt lat="37.2845069132745" lon="-118.874420346692"><ele>3219.0</ele></trkpt><trkpt lat="37.2825211565942" lon="-118.874367959797"><ele>3212.843750034459</ele></trkpt><trkpt lat="37.2815131489187" lon="-118.874111892655"><ele>3213.0</ele></trkpt><trkpt lat="37.2810701653361" lon="-118.874783869833"><ele>3207.5251483045504</ele></trkpt><trkpt lat="37.2798637580126" lon="-118.874935163185"><ele>3196.0</ele></trkpt><trkpt lat="37.2793458402157" lon="-118.875418463722"><ele>3183.499915804714</ele></trkpt><trkpt lat="37.2784278541803" lon="-118.875894891098"><ele>3175.5420036384617</ele></trkpt><trkpt lat="37.2782187256962" lon="-118.876220779493"><ele>3169.55031912669</ele></trkpt><trkpt lat="37.2781955078244" lon="-118.876703912392"><ele>3162.488272564374</ele></trkpt><trkpt lat="37.2778811026365" lon="-118.876790078357"><ele>3158.0</ele></trkpt><trkpt lat="37.2779427096248" lon="-118.877303889021"><ele>3153.0</ele></trkpt><trkpt lat="37.2776536177844" lon="-118.878008387983"><ele>3153.0</ele></trkpt><trkpt lat="37.2773415595293" lon="-118.878178037703"><ele>3145.111503265798</ele></trkpt><trkpt lat="37.2770257294178" lon="-118.87800780125"><ele>3140.0</ele></trkpt><trkpt lat="37.2769718337804" lon="-118.877748381346"><ele>3136.0</ele></trkpt><trkpt lat="37.2756765782833" lon="-118.877106327564"><ele>3115.5978450942785</ele></trkpt><trkpt lat="37.2753993887454" lon="-118.876598384231"><ele>3112.0</ele></trkpt><trkpt lat="37.2757204994559" lon="-118.876046352088"><ele>3110.0</ele></trkpt><trkpt lat="37.2756279632449" lon="-118.875797241926"><ele>3108.0</ele></trkpt><trkpt lat="37.2742833383381" lon="-118.875902602449"><ele>3103.0</ele></trkpt><trkpt lat="37.2738347388804" lon="-118.875427935272"><ele>3100.0</ele></trkpt><trkpt lat="37.2713073436171" lon="-118.875281503424"><ele>3101.0</ele></trkpt><trkpt lat="37.2707268130034" lon="-118.875630358234"><ele>3101.0</ele></trkpt><trkpt lat="37.2704625315964" lon="-118.876455221325"><ele>3100.0</ele></trkpt><trkpt lat="37.2700275108218" lon="-118.876667702571"><ele>3099.0</ele></trkpt><trkpt lat="37.2696125227958" lon="-118.877822309732"><ele>3098.0</ele></trkpt><trkpt lat="37.2677446994931" lon="-118.877312522382"><ele>3096.0</ele></trkpt><trkpt lat="37.2650768235326" lon="-118.877612929791"><ele>3089.1953125102445</ele></trkpt><trkpt lat="37.2647355124354" lon="-118.877954827622"><ele>3087.3639881870563</ele></trkpt><trkpt lat="37.2644808702171" lon="-118.877891292796"><ele>3087.211544644087</ele></trkpt><trkpt lat="37.2641204483807" lon="-118.878183988854"><ele>3086.0</ele></trkpt><trkpt lat="37.2638060431927" lon="-118.87785977684"><ele>3082.0</ele></trkpt><trkpt lat="37.2633807454258" lon="-118.877736227587"><ele>3079.0</ele></trkpt><trkpt lat="37.2630732133985" lon="-118.87730397284"><ele>3078.0</ele></trkpt><trkpt lat="37.2630784101784" lon="-118.876306610182"><ele>3071.0</ele></trkpt><trkpt lat="37.2627665195614" lon="-118.876335108653"><ele>3068.6733449674766</ele></trkpt><trkpt lat="37.2622719034553" lon="-118.876778092235"><ele>3059.0</ele></trkpt><trkpt lat="37.2618197835982" lon="-118.87656041421"><ele>3050.0</ele></trkpt><trkpt lat="37.2616488765925" lon="-118.875836133957"><ele>3048.0</ele></trkpt><trkpt lat="37.2607405297458" lon="-118.874819995835"><ele>3042.0</ele></trkpt><trkpt lat="37.2605867218226" lon="-118.874281877652"><ele>3046.0</ele></trkpt><trkpt lat="37.2610141150653" lon="-118.873346205801"><ele>3055.0390624897555</ele></trkpt><trkpt lat="37.2602325864136" lon="-118.873387277126"><ele>3060.0</ele></trkpt><trkpt lat="37.2599088773131" lon="-118.873020904139"><ele>3064.0</ele></trkpt><trkpt lat="37.2586178965867" lon="-118.872773973271"><ele>3073.707031261176</ele></trkpt><trkpt lat="37.2586318105459" lon="-118.872005688027"><ele>3078.0</ele></trkpt><trkpt lat="37.2584597300738" lon="-118.871770156547"><ele>3080.0</ele></trkpt><trkpt lat="37.2586965188384" lon="-118.871326083317"><ele>3075.059080685023</ele></trkpt><trkpt lat="37.259231954813" lon="-118.870893577114"><ele>3071.0</ele></trkpt><trkpt lat="37.2592057194561" lon="-118.869704101235"><ele>3071.9549174836634</ele></trkpt><trkpt lat="37.258388986811" lon="-118.869732264429"><ele>3069.539062484633</ele></trkpt><trkpt lat="37.2579640243202" lon="-118.869080739096"><ele>3065.709285677411</ele></trkpt><trkpt lat="37.2580931894481" lon="-118.868380850181"><ele>3065.4414062490687</ele></trkpt><trkpt lat="37.2584463190287" lon="-118.867827896029"><ele>3066.0</ele></trkpt><trkpt lat="37.2583220154047" lon="-118.867542827502"><ele>3065.659787089839</ele></trkpt><trkpt lat="37.2584927547723" lon="-118.867552801967"><ele>3067.0</ele></trkpt><trkpt lat="37.2584191616625" lon="-118.866923572496"><ele>3060.002451941371</ele></trkpt><trkpt lat="37.2582142241299" lon="-118.867190871388"><ele>3058.0002730596257</ele></trkpt><trkpt lat="37.2582609113306" lon="-118.865688582882"><ele>3042.0</ele></trkpt><trkpt lat="37.2579887509346" lon="-118.864979306236"><ele>3033.0</ele></trkpt><trkpt lat="37.258050525561" lon="-118.865198241547"><ele>3034.0</ele></trkpt><trkpt lat="37.2578914370388" lon="-118.865482136607"><ele>3032.0</ele></trkpt><trkpt lat="37.2570783086121" lon="-118.866145312786"><ele>3018.0</ele></trkpt><trkpt lat="37.2569804918021" lon="-118.865124732256"><ele>3005.7643122728914</ele></trkpt><trkpt lat="37.256589056924" lon="-118.865696797147"><ele>3003.0</ele></trkpt><trkpt lat="37.256097625941" lon="-118.86568531394"><ele>2996.0</ele></trkpt><trkpt lat="37.255820101127" lon="-118.865462606773"><ele>2990.458811312666</ele></trkpt><trkpt lat="37.2555818036199" lon="-118.865702496842"><ele>2987.641384759151</ele></trkpt><trkpt lat="37.2550650592893" lon="-118.86576150544"><ele>2979.0</ele></trkpt><trkpt lat="37.2543360851705" lon="-118.865383565426"><ele>2972.9311123155057</ele></trkpt><trkpt lat="37.2534598410129" lon="-118.864559289068"><ele>2967.0</ele></trkpt><trkpt lat="37.253121715039" lon="-118.86508801952"><ele>2968.0</ele></trkpt><trkpt lat="37.2517268825322" lon="-118.865626808256"><ele>2960.0</ele></trkpt><trkpt lat="37.2509684879333" lon="-118.866501543671"><ele>2945.255764719526</ele></trkpt><trkpt lat="37.2506059706211" lon="-118.866651495919"><ele>2940.5538977972765</ele></trkpt><trkpt lat="37.2511401493102" lon="-118.86674143374"><ele>2939.0</ele></trkpt><trkpt lat="37.2510171029717" lon="-118.867035554722"><ele>2934.1367187481374</ele></trkpt><trkpt lat="37.250737817958" lon="-118.867138903588"><ele>2928.494960142065</ele></trkpt><trkpt lat="37.2505498118699" lon="-118.867091042921"><ele>2927.550781247206</ele></trkpt><trkpt lat="37.2505203913897" lon="-118.866882920265"><ele>2932.2500000088476</ele></trkpt><trkpt lat="37.25048141554" lon="-118.86705650948"><ele>2927.0392843755662</ele></trkpt><trkpt lat="37.2501815948635" lon="-118.866829946637"><ele>2922.4104164969176</ele></trkpt><trkpt lat="37.2506492212415" lon="-118.867923952639"><ele>2905.8042250080034</ele></trkpt><trkpt lat="37.2492036782205" lon="-118.867142340168"><ele>2876.0701485125182</ele></trkpt><trkpt lat="37.2481792420149" lon="-118.86704695411"><ele>2856.605468762573</ele></trkpt><trkpt lat="37.2486054617912" lon="-118.867271421477"><ele>2855.5593773964792</ele></trkpt><trkpt lat="37.2497464902699" lon="-118.869204707444"><ele>2823.04687498603</ele></trkpt><trkpt lat="37.2489397320896" lon="-118.869079900905"><ele>2800.9979474285</ele></trkpt><trkpt lat="37.2477838676423" lon="-118.868525940925"><ele>2782.6796874948777</ele></trkpt><trkpt lat="37.2485620435327" lon="-118.869725475088"><ele>2764.6785382166363</ele></trkpt><trkpt lat="37.2490196116269" lon="-118.871445944533"><ele>2738.395418717131</ele></trkpt><trkpt lat="37.2479245997965" lon="-118.870831802487"><ele>2715.553466323763</ele></trkpt><trkpt lat="37.2474170755595" lon="-118.870849655941"><ele>2706.0</ele></trkpt><trkpt lat="37.2459362447262" lon="-118.869844581932"><ele>2679.0</ele></trkpt><trkpt lat="37.2457760665566" lon="-118.869789764285"><ele>2676.6007479386876</ele></trkpt><trkpt lat="37.2454357612878" lon="-118.870106684044"><ele>2661.0117187495343</ele></trkpt><trkpt lat="37.2448962181807" lon="-118.869779454544"><ele>2663.261718758382</ele></trkpt><trkpt lat="37.2445491235703" lon="-118.869831254706"><ele>2658.7967723164584</ele></trkpt><trkpt lat="37.2449296619743" lon="-118.86984131299"><ele>2662.5141340469</ele></trkpt><trkpt lat="37.2455014754087" lon="-118.870553858578"><ele>2652.7461400195343</ele></trkpt><trkpt lat="37.2455433011055" lon="-118.871109914035"><ele>2647.0</ele></trkpt><trkpt lat="37.2453748248517" lon="-118.871538732201"><ele>2640.0</ele></trkpt><trkpt lat="37.2448109742254" lon="-118.871704442427"><ele>2633.1483855560373</ele></trkpt><trkpt lat="37.2442581038922" lon="-118.87139079161"><ele>2624.0</ele></trkpt><trkpt lat="37.2440307866782" lon="-118.871730929241"><ele>2617.723348981476</ele></trkpt><trkpt lat="37.2438075765967" lon="-118.871498499066"><ele>2617.0</ele></trkpt><trkpt lat="37.2436256054789" lon="-118.870816379786"><ele>2610.8751753158867</ele></trkpt><trkpt lat="37.2436877153814" lon="-118.870541537181"><ele>2611.0</ele></trkpt><trkpt lat="37.2434883099049" lon="-118.870201651007"><ele>2604.8376447129995</ele></trkpt><trkpt lat="37.2428584937006" lon="-118.869755230844"><ele>2595.3778341721045</ele></trkpt><trkpt lat="37.2431062627584" lon="-118.870169129223"><ele>2597.0</ele></trkpt><trkpt lat="37.2429326735437" lon="-118.870506417006"><ele>2591.309839218855</ele></trkpt><trkpt lat="37.2428165003657" lon="-118.871485674754"><ele>2578.8753100286194</ele></trkpt><trkpt lat="37.2426266502589" lon="-118.871387690306"><ele>2573.3124999869615</ele></trkpt><trkpt lat="37.2426552325487" lon="-118.871610732749"><ele>2568.9235556776093</ele></trkpt><trkpt lat="37.2424006741494" lon="-118.871781388298"><ele>2562.160166733498</ele></trkpt><trkpt lat="37.2422028612345" lon="-118.871699245647"><ele>2555.0</ele></trkpt><trkpt lat="37.2422073874623" lon="-118.871940644458"><ele>2553.388860244033</ele></trkpt><trkpt lat="37.2417369950563" lon="-118.871680889279"><ele>2538.3137984350324</ele></trkpt><trkpt lat="37.2413818538189" lon="-118.872261084616"><ele>2524.6093750088476</ele></trkpt><trkpt lat="37.2410560492426" lon="-118.871985571459"><ele>2513.4511446617544</ele></trkpt><trkpt lat="37.2407673764974" lon="-118.872115490958"><ele>2498.8867236128053</ele></trkpt><trkpt lat="37.2405451722443" lon="-118.872382622212"><ele>2484.5147956688406</ele></trkpt><trkpt lat="37.2404771950096" lon="-118.873464222997"><ele>2474.5652280841023</ele></trkpt><trkpt lat="37.2399389091879" lon="-118.874056152999"><ele>2451.051854851887</ele></trkpt><trkpt lat="37.2398998495191" lon="-118.87458932586"><ele>2444.0</ele></trkpt><trkpt lat="37.2395649924874" lon="-118.874783366919"><ele>2441.0</ele></trkpt><trkpt lat="37.2395621426404" lon="-118.875134987757"><ele>2436.0</ele></trkpt><trkpt lat="37.2391601465643" lon="-118.875201875344"><ele>2432.764580410758</ele></trkpt><trkpt lat="37.2391091007739" lon="-118.875082014129"><ele>2434.0</ele></trkpt><trkpt lat="37.2385771013796" lon="-118.875782070681"><ele>2416.0</ele></trkpt><trkpt lat="37.2385096270591" lon="-118.876078873873"><ele>2411.687499988824</ele></trkpt><trkpt lat="37.2386428155005" lon="-118.876145342365"><ele>2411.6649174434415</ele></trkpt><trkpt lat="37.2386368643492" lon="-118.876362433657"><ele>2408.0</ele></trkpt><trkpt lat="37.2380259912461" lon="-118.876828635111"><ele>2398.0</ele></trkpt><trkpt lat="37.2373504098505" lon="-118.87706852518"><ele>2381.0</ele></trkpt><trkpt lat="37.2372026368976" lon="-118.877388630062"><ele>2375.5271227355115</ele></trkpt><trkpt lat="37.2370508406311" lon="-118.878799052909"><ele>2361.993015991524</ele></trkpt><trkpt lat="37.2367407940328" lon="-118.879544874653"><ele>2360.9959110040218</ele></trkpt><trkpt lat="37.2369963582605" lon="-118.879894567654"><ele>2360.863281228114</ele></trkpt><trkpt lat="37.2368824481964" lon="-118.880042843521"><ele>2359.0</ele></trkpt><trkpt lat="37.2367350943387" lon="-118.880103863776"><ele>2359.055813241097</ele></trkpt><trkpt lat="37.2364461701363" lon="-118.879848048091"><ele>2357.0</ele></trkpt><trkpt lat="37.236220696941" lon="-118.880038736388"><ele>2353.0</ele></trkpt><trkpt lat="37.2358697466552" lon="-118.879871014506"><ele>2349.0</ele></trkpt><trkpt lat="37.2355218138546" lon="-118.880065307021"><ele>2344.9521559793593</ele></trkpt><trkpt lat="37.2357420064509" lon="-118.880971558392"><ele>2340.2544930507484</ele></trkpt><trkpt lat="37.2359500452876" lon="-118.880924619734"><ele>2342.5565033480525</ele></trkpt><trkpt lat="37.2360425814986" lon="-118.880177205428"><ele>2348.0</ele></trkpt><trkpt lat="37.2360882628709" lon="-118.880817415193"><ele>2343.5536601373915</ele></trkpt><trkpt lat="37.2357915434986" lon="-118.881127461791"><ele>2340.4062500018626</ele></trkpt><trkpt lat="37.2347921691835" lon="-118.88012942858"><ele>2344.0</ele></trkpt><trkpt lat="37.234727460891" lon="-118.880542656407"><ele>2337.0</ele></trkpt><trkpt lat="37.2347764112055" lon="-118.88039438054"><ele>2339.5703124841675</ele></trkpt><trkpt lat="37.2349924966693" lon="-118.880584901199"><ele>2338.0</ele></trkpt><trkpt lat="37.2348988708109" lon="-118.880632007495"><ele>2338.0</ele></trkpt><trkpt lat="37.2348510939628" lon="-118.880227999762"><ele>2346.0</ele></trkpt><trkpt lat="37.2344800271094" lon="-118.879938824102"><ele>2344.902086083732</ele></trkpt><trkpt lat="37.2347469907254" lon="-118.879685187712"><ele>2345.0</ele></trkpt><trkpt lat="37.2349849529564" lon="-118.880064887926"><ele>2344.0</ele></trkpt><trkpt lat="37.234690412879" lon="-118.880268065259"><ele>2343.0</ele></trkpt></trkseg></trk><trk><name>2013-09-19</name><extensions><gpxx:TrackExtension><gpxx:DisplayColor>Red</gpxx:DisplayColor></gpxx:TrackExtension></extensions><trkseg><trkpt lat="37.2346655186266" lon="-118.88027317822"><ele>2343.0</ele></trkpt><trkpt lat="37.2347217611969" lon="-118.880086932331"><ele>2343.3416212219745</ele></trkpt><trkpt lat="37.2349856235087" lon="-118.880141079426"><ele>2344.336160827413</ele></trkpt><trkpt lat="37.2358818165958" lon="-118.880935600027"><ele>2341.1520379032554</ele></trkpt><trkpt lat="37.2361172642559" lon="-118.88061851263"><ele>2348.125000021886</ele></trkpt><trkpt lat="37.2367030754685" lon="-118.880565958098"><ele>2349.6347853129287</ele></trkpt><trkpt lat="37.237333226949" lon="-118.880958566442"><ele>2337.2773437560536</ele></trkpt><trkpt lat="37.2375021222979" lon="-118.881452428177"><ele>2334.0</ele></trkpt><trkpt lat="37.2372938320041" lon="-118.881445638835"><ele>2334.0</ele></trkpt><trkpt lat="37.237481251359" lon="-118.881441364065"><ele>2334.0</ele></trkpt><trkpt lat="37.237349152565" lon="-118.881355784833"><ele>2334.0</ele></trkpt><trkpt lat="37.2373498231173" lon="-118.881477992982"><ele>2334.0</ele></trkpt><trkpt lat="37.2372879646719" lon="-118.880985472351"><ele>2337.1469640785153</ele></trkpt><trkpt lat="37.2368104476482" lon="-118.880791431293"><ele>2345.0</ele></trkpt><trkpt lat="37.2369675245136" lon="-118.880512230098"><ele>2348.0</ele></trkpt><trkpt lat="37.2369337454438" lon="-118.880116185173"><ele>2356.9355496624344</ele></trkpt><trkpt lat="37.2368226852268" lon="-118.880099756643"><ele>2359.0</ele></trkpt><trkpt lat="37.2369902394712" lon="-118.879886101931"><ele>2361.0</ele></trkpt><trkpt lat="37.2367293946445" lon="-118.879302134737"><ele>2358.1766523756087</ele></trkpt><trkpt lat="37.2369887307286" lon="-118.878768207505"><ele>2362.0</ele></trkpt><trkpt lat="37.2370542772114" lon="-118.877861872315"><ele>2369.0</ele></trkpt><trkpt lat="37.2367294784635" lon="-118.877511844039"><ele>2370.0</ele></trkpt><trkpt lat="37.2365029156208" lon="-118.876747246832"><ele>2372.0</ele></trkpt><trkpt lat="37.2352066542953" lon="-118.875902099535"><ele>2370.0</ele></trkpt><trkpt lat="37.2347766626626" lon="-118.875253675506"><ele>2375.2540020611073</ele></trkpt><trkpt lat="37.2338924556971" lon="-118.872784869745"><ele>2406.0</ele></trkpt><trkpt lat="37.2329406067729" lon="-118.872015997767"><ele>2401.0</ele></trkpt><trkpt lat="37.2323604952544" lon="-118.870977982879"><ele>2396.0</ele></trkpt><trkpt lat="37.2318067867309" lon="-118.870620997623"><ele>2387.0</ele></trkpt><trkpt lat="37.2306771576405" lon="-118.869099179283"><ele>2391.0</ele></trkpt><trkpt lat="37.2295795474201" lon="-118.868336677551"><ele>2392.0</ele></trkpt><trkpt lat="37.2296814713627" lon="-118.867832506076"><ele>2386.636588976664</ele></trkpt><trkpt lat="37.2288771439344" lon="-118.867469066754"><ele>2374.4908960433677</ele></trkpt><trkpt lat="37.228691233322" lon="-118.867075955495"><ele>2372.675892200321</ele></trkpt><trkpt lat="37.2276633605361" lon="-118.866261653602"><ele>2368.0</ele></trkpt><trkpt lat="37.2268664930016" lon="-118.864463651553"><ele>2380.0</ele></trkpt><trkpt lat="37.2261859662831" lon="-118.864214876667"><ele>2381.973814425922</ele></trkpt><trkpt lat="37.225813223049" lon="-118.863616995513"><ele>2382.0</ele></trkpt><trkpt lat="37.2257697209716" lon="-118.863085415214"><ele>2386.0</ele></trkpt><trkpt lat="37.2259360179305" lon="-118.862759359181"><ele>2390.4218749967404</ele></trkpt><trkpt lat="37.2257149033248" lon="-118.86267805472"><ele>2390.0999755668117</ele></trkpt><trkpt lat="37.2255939524621" lon="-118.862381335348"><ele>2394.960937505588</ele></trkpt><trkpt lat="37.2257324215025" lon="-118.861272158101"><ele>2400.0</ele></trkpt><trkpt lat="37.2253378015012" lon="-118.86100997217"><ele>2400.94921875</ele></trkpt><trkpt lat="37.2244645748287" lon="-118.859297130257"><ele>2404.0</ele></trkpt><trkpt lat="37.2241122834384" lon="-118.859073249623"><ele>2408.792968741618</ele></trkpt><trkpt lat="37.2238961141557" lon="-118.858394064009"><ele>2407.021689272889</ele></trkpt><trkpt lat="37.2240118682385" lon="-118.857964575291"><ele>2409.0</ele></trkpt><trkpt lat="37.2231398988515" lon="-118.856456419453"><ele>2406.1228070771767</ele></trkpt><trkpt lat="37.2229850012809" lon="-118.855362832546"><ele>2395.0</ele></trkpt><trkpt lat="37.2222307138145" lon="-118.853761469945"><ele>2400.0</ele></trkpt><trkpt lat="37.2224799077958" lon="-118.850673912093"><ele>2421.0</ele></trkpt><trkpt lat="37.2227239049971" lon="-118.849876709282"><ele>2422.0</ele></trkpt><trkpt lat="37.2224977612495" lon="-118.848801478744"><ele>2426.185240453109</ele></trkpt><trkpt lat="37.2227078955621" lon="-118.848203346133"><ele>2424.0</ele></trkpt><trkpt lat="37.2230570856482" lon="-118.847818868235"><ele>2421.920076444745</ele></trkpt><trkpt lat="37.2234300803393" lon="-118.846703404561"><ele>2411.0</ele></trkpt><trkpt lat="37.2240181546658" lon="-118.845900921151"><ele>2410.0</ele></trkpt><trkpt lat="37.2241282928735" lon="-118.84527345188"><ele>2409.0</ele></trkpt><trkpt lat="37.2248460352421" lon="-118.844351358712"><ele>2412.0</ele></trkpt><trkpt lat="37.22521324642" lon="-118.842827863991"><ele>2412.0</ele></trkpt><trkpt lat="37.2248872742057" lon="-118.841706784442"><ele>2423.0</ele></trkpt><trkpt lat="37.223696121946" lon="-118.840135680512"><ele>2431.923654210861</ele></trkpt><trkpt lat="37.2235696390271" lon="-118.839283408597"><ele>2433.0</ele></trkpt><trkpt lat="37.2238050866872" lon="-118.837629240006"><ele>2433.0</ele></trkpt><trkpt lat="37.224372625351" lon="-118.836032822728"><ele>2435.0</ele></trkpt><trkpt lat="37.2247260902077" lon="-118.833954194561"><ele>2448.0</ele></trkpt><trkpt lat="37.2249376494437" lon="-118.83348246105"><ele>2454.0</ele></trkpt><trkpt lat="37.2253387235105" lon="-118.833070574328"><ele>2455.9893941214186</ele></trkpt><trkpt lat="37.2255087085068" lon="-118.833081554621"><ele>2457.0</ele></trkpt><trkpt lat="37.2252735961229" lon="-118.833109801635"><ele>2455.1235005802455</ele></trkpt><trkpt lat="37.2248313669115" lon="-118.832358280197"><ele>2452.762685218826</ele></trkpt><trkpt lat="37.2240647580475" lon="-118.831733409315"><ele>2455.300796054117</ele></trkpt><trkpt lat="37.2240652609617" lon="-118.830928159878"><ele>2452.0</ele></trkpt><trkpt lat="37.2237997222692" lon="-118.830178147182"><ele>2450.886861903631</ele></trkpt><trkpt lat="37.2224996052682" lon="-118.828896051273"><ele>2448.1660490605514</ele></trkpt><trkpt lat="37.2214898373932" lon="-118.826822536066"><ele>2462.039133113094</ele></trkpt><trkpt lat="37.2209848277271" lon="-118.8253375981"><ele>2475.0</ele></trkpt><trkpt lat="37.2204632218927" lon="-118.825004668906"><ele>2478.917968764901</ele></trkpt><trkpt lat="37.2202674206346" lon="-118.824620945379"><ele>2481.5248899581225</ele></trkpt><trkpt lat="37.2193123027682" lon="-118.824198246002"><ele>2483.5000000088476</ele></trkpt><trkpt lat="37.2191462572664" lon="-118.824772909284"><ele>2486.0</ele></trkpt><trkpt lat="37.2186892759055" lon="-118.825189154595"><ele>2477.022780372761</ele></trkpt><trkpt lat="37.217506589368" lon="-118.825320415199"><ele>2473.0</ele></trkpt><trkpt lat="37.2162542492151" lon="-118.824143847451"><ele>2476.0</ele></trkpt><trkpt lat="37.2159295342863" lon="-118.823134331033"><ele>2481.0</ele></trkpt><trkpt lat="37.2156893089414" lon="-118.822945905849"><ele>2481.0</ele></trkpt><trkpt lat="37.2153958585113" lon="-118.822250878438"><ele>2481.673749401689</ele></trkpt><trkpt lat="37.2150997258723" lon="-118.820766527206"><ele>2486.5626216806736</ele></trkpt><trkpt lat="37.214607456699" lon="-118.819769416004"><ele>2486.9416759590795</ele></trkpt><trkpt lat="37.2146635316312" lon="-118.819412095472"><ele>2488.4492187397555</ele></trkpt><trkpt lat="37.2145098075271" lon="-118.818928627297"><ele>2488.023676544357</ele></trkpt><trkpt lat="37.2135225869715" lon="-118.816431993619"><ele>2497.0</ele></trkpt><trkpt lat="37.2128290683031" lon="-118.81523472257"><ele>2501.0</ele></trkpt><trkpt lat="37.2126099653542" lon="-118.814367949963"><ele>2501.5354185439646</ele></trkpt><trkpt lat="37.2116158716381" lon="-118.813162380829"><ele>2506.44495310355</ele></trkpt><trkpt lat="37.2104289103299" lon="-118.812492666766"><ele>2512.0</ele></trkpt><trkpt lat="37.2092391829938" lon="-118.811242422089"><ele>2508.5742675117217</ele></trkpt><trkpt lat="37.208394035697" lon="-118.810699023306"><ele>2512.0</ele></trkpt><trkpt lat="37.2082382999361" lon="-118.810329381377"><ele>2512.9544985331795</ele></trkpt><trkpt lat="37.207115041092" lon="-118.809622954577"><ele>2523.0</ele></trkpt><trkpt lat="37.2063444927335" lon="-118.809379795566"><ele>2525.0</ele></trkpt><trkpt lat="37.2062679659575" lon="-118.808935554698"><ele>2529.431265115738</ele></trkpt><trkpt lat="37.2057873476297" lon="-118.8083225023"><ele>2538.0</ele></trkpt><trkpt lat="37.2055277600884" lon="-118.807317428291"><ele>2545.298678967773</ele></trkpt><trkpt lat="37.2050340659916" lon="-118.806720636785"><ele>2547.2328322771937</ele></trkpt><trkpt lat="37.2040680516511" lon="-118.803362846375"><ele>2542.0</ele></trkpt><trkpt lat="37.2036337014288" lon="-118.802745770663"><ele>2546.477194553766</ele></trkpt><trkpt lat="37.2034383192658" lon="-118.801489239559"><ele>2548.7050745505717</ele></trkpt><trkpt lat="37.2032058890909" lon="-118.800971573219"><ele>2545.0</ele></trkpt><trkpt lat="37.2030297853053" lon="-118.80110300146"><ele>2550.039899852127</ele></trkpt><trkpt lat="37.2018009144813" lon="-118.799817971885"><ele>2554.0</ele></trkpt><trkpt lat="37.2014436777681" lon="-118.799715293571"><ele>2556.431194796449</ele></trkpt><trkpt lat="37.2001079376787" lon="-118.798602428287"><ele>2556.645152226576</ele></trkpt><trkpt lat="37.1996908541769" lon="-118.798607541248"><ele>2565.239300604692</ele></trkpt><trkpt lat="37.1986978501081" lon="-118.798140250146"><ele>2564.0</ele></trkpt><trkpt lat="37.1981963608414" lon="-118.79821870476"><ele>2565.125388108173</ele></trkpt><trkpt lat="37.1978943608701" lon="-118.798597985879"><ele>2566.441406269092</ele></trkpt><trkpt lat="37.1969800628722" lon="-118.798590861261"><ele>2572.109375005588</ele></trkpt><trkpt lat="37.1963659208268" lon="-118.798281401396"><ele>2570.977427260143</ele></trkpt><trkpt lat="37.195142833516" lon="-118.798058023676"><ele>2580.9045566679533</ele></trkpt><trkpt lat="37.1945700142533" lon="-118.797506662086"><ele>2576.998484089526</ele></trkpt><trkpt lat="37.1941613964736" lon="-118.79604770802"><ele>2573.589843768161</ele></trkpt><trkpt lat="37.1939100231975" lon="-118.795799436048"><ele>2574.0118786833227</ele></trkpt><trkpt lat="37.1933870762587" lon="-118.795756185427"><ele>2577.000789829158</ele></trkpt><trkpt lat="37.1928150113672" lon="-118.795197699219"><ele>2580.0</ele></trkpt><trkpt lat="37.192854071036" lon="-118.794681290165"><ele>2580.0</ele></trkpt><trkpt lat="37.1935535408556" lon="-118.794388677925"><ele>2579.0</ele></trkpt><trkpt lat="37.1940562035888" lon="-118.794612390921"><ele>2575.0</ele></trkpt><trkpt lat="37.1955307479948" lon="-118.794571822509"><ele>2582.1914062579162</ele></trkpt><trkpt lat="37.1955771837384" lon="-118.794767037034"><ele>2573.093750001397</ele></trkpt><trkpt lat="37.1955513674766" lon="-118.794599734247"><ele>2580.8906249869615</ele></trkpt><trkpt lat="37.1953491121531" lon="-118.794607194141"><ele>2579.5429687290452</ele></trkpt><trkpt lat="37.1954160835594" lon="-118.794317850843"><ele>2593.538902646622</ele></trkpt><trkpt lat="37.1950233075768" lon="-118.794314162806"><ele>2598.199218734633</ele></trkpt><trkpt lat="37.1950150094926" lon="-118.794175945222"><ele>2601.6406250172295</ele></trkpt><trkpt lat="37.1945780608803" lon="-118.794012079015"><ele>2608.0</ele></trkpt><trkpt lat="37.1947637200355" lon="-118.793688956648"><ele>2617.2230069273746</ele></trkpt><trkpt lat="37.1945437788963" lon="-118.793678060174"><ele>2619.8437499995343</ele></trkpt><trkpt lat="37.1946281846613" lon="-118.793402379379"><ele>2630.691406234633</ele></trkpt><trkpt lat="37.1942235063762" lon="-118.793449820951"><ele>2633.1289355338413</ele></trkpt><trkpt lat="37.1943610534072" lon="-118.793105576187"><ele>2645.5234375172295</ele></trkpt><trkpt lat="37.1941795013845" lon="-118.793203644454"><ele>2643.8032939998893</ele></trkpt><trkpt lat="37.1941651683301" lon="-118.793046232313"><ele>2649.2890624953434</ele></trkpt><trkpt lat="37.1937693748623" lon="-118.793042963371"><ele>2655.8106736145764</ele></trkpt><trkpt lat="37.1939318161458" lon="-118.792710788548"><ele>2669.9218749995343</ele></trkpt><trkpt lat="37.193522695452" lon="-118.79273224622"><ele>2666.18995127175</ele></trkpt><trkpt lat="37.193250451237" lon="-118.792506521568"><ele>2676.0</ele></trkpt><trkpt lat="37.1947529073805" lon="-118.792072506621"><ele>2697.296417530626</ele></trkpt><trkpt lat="37.1947603672743" lon="-118.791603036225"><ele>2703.4703039234982</ele></trkpt><trkpt lat="37.1943198982626" lon="-118.791790539399"><ele>2708.929004437461</ele></trkpt><trkpt lat="37.194143794477" lon="-118.791643101722"><ele>2712.0</ele></trkpt><trkpt lat="37.1941945049912" lon="-118.791223587468"><ele>2728.4259742368013</ele></trkpt><trkpt lat="37.1944877877831" lon="-118.791041281074"><ele>2726.94720779864</ele></trkpt><trkpt lat="37.1949204616249" lon="-118.789950292557"><ele>2732.7825021493554</ele></trkpt><trkpt lat="37.1955962944776" lon="-118.789161890745"><ele>2747.312500006985</ele></trkpt><trkpt lat="37.1957435645163" lon="-118.78909483552"><ele>2747.148177505535</ele></trkpt><trkpt lat="37.1957240346819" lon="-118.789228191599"><ele>2744.0</ele></trkpt><trkpt lat="37.1952925343066" lon="-118.789237914607"><ele>2749.7695312467404</ele></trkpt><trkpt lat="37.1954459231347" lon="-118.788785040379"><ele>2758.75207920745</ele></trkpt><trkpt lat="37.1953149139881" lon="-118.787859678268"><ele>2766.416694192216</ele></trkpt><trkpt lat="37.1953947097063" lon="-118.78752884455"><ele>2766.0</ele></trkpt><trkpt lat="37.1951885987073" lon="-118.787627331913"><ele>2770.138648943348</ele></trkpt><trkpt lat="37.1950922906399" lon="-118.786887209862"><ele>2770.4411149900407</ele></trkpt><trkpt lat="37.1957169938833" lon="-118.78522709012"><ele>2790.0</ele></trkpt><trkpt lat="37.1948486287147" lon="-118.783860588446"><ele>2802.6963387690485</ele></trkpt><trkpt lat="37.1949784643948" lon="-118.783175451681"><ele>2803.3709994134115</ele></trkpt><trkpt lat="37.1947421785444" lon="-118.78261461854"><ele>2810.5198043860996</ele></trkpt><trkpt lat="37.1948433481157" lon="-118.782041128725"><ele>2807.0</ele></trkpt><trkpt lat="37.1956741623581" lon="-118.781467471272"><ele>2801.0</ele></trkpt><trkpt lat="37.1958084404469" lon="-118.780287550762"><ele>2804.0</ele></trkpt><trkpt lat="37.1966445352882" lon="-118.779878932983"><ele>2805.0</ele></trkpt><trkpt lat="37.1965375822037" lon="-118.779205447063"><ele>2810.0</ele></trkpt><trkpt lat="37.1969726867974" lon="-118.777089435607"><ele>2811.0</ele></trkpt><trkpt lat="37.1966587845236" lon="-118.77535094507"><ele>2809.206312282011</ele></trkpt><trkpt lat="37.1967697609216" lon="-118.774553239346"><ele>2810.0</ele></trkpt><trkpt lat="37.1964873746037" lon="-118.773952675983"><ele>2810.0</ele></trkpt><trkpt lat="37.1958267129958" lon="-118.77362058498"><ele>2810.0</ele></trkpt><trkpt lat="37.1953916922212" lon="-118.773156227544"><ele>2809.288314941171</ele></trkpt><trkpt lat="37.1948347147554" lon="-118.773029912263"><ele>2809.0</ele></trkpt><trkpt lat="37.1945853531361" lon="-118.772720871493"><ele>2809.0</ele></trkpt><trkpt lat="37.1944041363895" lon="-118.772262213752"><ele>2811.0</ele></trkpt><trkpt lat="37.1943773981184" lon="-118.771561654285"><ele>2818.0</ele></trkpt><trkpt lat="37.1937875635922" lon="-118.770831674337"><ele>2819.0</ele></trkpt><trkpt lat="37.1937797684223" lon="-118.770065903664"><ele>2824.0</ele></trkpt><trkpt lat="37.1936249546707" lon="-118.769668182358"><ele>2826.224242574185</ele></trkpt><trkpt lat="37.193142324686" lon="-118.769111875445"><ele>2829.0</ele></trkpt><trkpt lat="37.1929514687508" lon="-118.767995657399"><ele>2835.0</ele></trkpt><trkpt lat="37.1928693260998" lon="-118.76582105644"><ele>2850.0</ele></trkpt><trkpt lat="37.1926420088857" lon="-118.765174392611"><ele>2851.0</ele></trkpt><trkpt lat="37.1921955887228" lon="-118.764703245834"><ele>2858.0</ele></trkpt><trkpt lat="37.1923927310854" lon="-118.764382302761"><ele>2862.1250000032596</ele></trkpt><trkpt lat="37.1923301182687" lon="-118.76361200586"><ele>2868.0</ele></trkpt><trkpt lat="37.1915965341032" lon="-118.761617532"><ele>2877.0</ele></trkpt><trkpt lat="37.1914131380618" lon="-118.760364772752"><ele>2879.0</ele></trkpt><trkpt lat="37.1911870781332" lon="-118.759766472504"><ele>2885.0</ele></trkpt><trkpt lat="37.1913035865873" lon="-118.758417740464"><ele>2890.0</ele></trkpt><trkpt lat="37.19059439376" lon="-118.757633361965"><ele>2890.0</ele></trkpt><trkpt lat="37.1899792458862" lon="-118.756439946592"><ele>2890.0</ele></trkpt><trkpt lat="37.1898322273046" lon="-118.755127172917"><ele>2893.4453125060536</ele></trkpt><trkpt lat="37.1896262839436" lon="-118.755109151825"><ele>2898.0</ele></trkpt><trkpt lat="37.1894174069166" lon="-118.754772450775"><ele>2899.0</ele></trkpt><trkpt lat="37.1890282351524" lon="-118.753828145564"><ele>2897.0</ele></trkpt><trkpt lat="37.1892087813467" lon="-118.753003282473"><ele>2899.3622726090252</ele></trkpt><trkpt lat="37.1890773531049" lon="-118.752194764093"><ele>2904.0</ele></trkpt><trkpt lat="37.1887631993741" lon="-118.751681121066"><ele>2903.0</ele></trkpt><trkpt lat="37.1888497006148" lon="-118.750617122278"><ele>2907.3562273345888</ele></trkpt><trkpt lat="37.1883793082088" lon="-118.748956415802"><ele>2927.0</ele></trkpt><trkpt lat="37.1882585249841" lon="-118.747920328751"><ele>2927.308593759313</ele></trkpt><trkpt lat="37.1884373109788" lon="-118.746751220897"><ele>2934.1837790376703</ele></trkpt><trkpt lat="37.1881906315684" lon="-118.745685545728"><ele>2937.0</ele></trkpt><trkpt lat="37.1884911227971" lon="-118.745000492781"><ele>2940.379701970145</ele></trkpt><trkpt lat="37.1883590240032" lon="-118.744192561135"><ele>2937.0</ele></trkpt><trkpt lat="37.1879427786916" lon="-118.743794923648"><ele>2935.0</ele></trkpt><trkpt lat="37.1876477357" lon="-118.742829496041"><ele>2936.0</ele></trkpt><trkpt lat="37.1879572793841" lon="-118.742448538542"><ele>2939.1034406926765</ele></trkpt><trkpt lat="37.1883129235357" lon="-118.742784904316"><ele>2948.347013465887</ele></trkpt><trkpt lat="37.1880848519504" lon="-118.742895545438"><ele>2943.0</ele></trkpt><trkpt lat="37.1879549324512" lon="-118.742778282613"><ele>2942.0</ele></trkpt><trkpt lat="37.1878836862743" lon="-118.742326581851"><ele>2937.8453618586063</ele></trkpt><trkpt lat="37.1880062296987" lon="-118.74189466238"><ele>2939.0017485834164</ele></trkpt><trkpt lat="37.1879151184112" lon="-118.742013517767"><ele>2938.684098813683</ele></trkpt><trkpt lat="37.1879990212619" lon="-118.741878401488"><ele>2939.0</ele></trkpt><trkpt lat="37.1878401841968" lon="-118.741819728166"><ele>2938.3005511704832</ele></trkpt><trkpt lat="37.1875942591578" lon="-118.741227211431"><ele>2941.01974934218</ele></trkpt><trkpt lat="37.1870387066156" lon="-118.738304274157"><ele>2939.0</ele></trkpt><trkpt lat="37.1867033466697" lon="-118.737674038857"><ele>2940.0</ele></trkpt><trkpt lat="37.1862804796547" lon="-118.737364327535"><ele>2940.0</ele></trkpt><trkpt lat="37.1860648132861" lon="-118.736965935677"><ele>2943.820312513504</ele></trkpt><trkpt lat="37.1860269270837" lon="-118.73619438149"><ele>2944.0</ele></trkpt><trkpt lat="37.1862388215959" lon="-118.735515614972"><ele>2953.7782771487996</ele></trkpt><trkpt lat="37.1850822027773" lon="-118.73411340639"><ele>2952.7316589996703</ele></trkpt><trkpt lat="37.1850828733295" lon="-118.733322154731"><ele>2960.0</ele></trkpt><trkpt lat="37.1847756765783" lon="-118.732916554436"><ele>2963.0186398353694</ele></trkpt><trkpt lat="37.1847928594798" lon="-118.732470888644"><ele>2962.0</ele></trkpt><trkpt lat="37.1845972258598" lon="-118.732205601409"><ele>2960.2641208874993</ele></trkpt><trkpt lat="37.1846471820027" lon="-118.731714421883"><ele>2963.269023637594</ele></trkpt><trkpt lat="37.1840932220221" lon="-118.730906322598"><ele>2964.0</ele></trkpt><trkpt lat="37.1841445192695" lon="-118.729989761487"><ele>2972.0</ele></trkpt><trkpt lat="37.1836573630571" lon="-118.728930624202"><ele>2967.1811166530706</ele></trkpt><trkpt lat="37.1829793509096" lon="-118.728188239038"><ele>2964.0</ele></trkpt><trkpt lat="37.1828542929143" lon="-118.726904969662"><ele>2973.8911036235418</ele></trkpt><trkpt lat="37.1826015785336" lon="-118.726582182571"><ele>2975.0</ele></trkpt><trkpt lat="37.1825325116515" lon="-118.726183706895"><ele>2978.4329563866745</ele></trkpt><trkpt lat="37.1826589107513" lon="-118.725405111909"><ele>2983.0</ele></trkpt><trkpt lat="37.1824092976749" lon="-118.724688123912"><ele>2983.0</ele></trkpt><trkpt lat="37.1817130129784" lon="-118.723489260301"><ele>2989.1157525144517</ele></trkpt><trkpt lat="37.1809477452189" lon="-118.722767075524"><ele>2991.529611173087</ele></trkpt><trkpt lat="37.1805248782039" lon="-118.722634473816"><ele>2988.0</ele></trkpt><trkpt lat="37.1794304531068" lon="-118.721325136721"><ele>2990.0</ele></trkpt><trkpt lat="37.1784211043268" lon="-118.72105339542"><ele>2992.60156248603</ele></trkpt><trkpt lat="37.1779821440578" lon="-118.719953689724"><ele>3000.7690968112347</ele></trkpt><trkpt lat="37.176954690367" lon="-118.718454670161"><ele>3003.0</ele></trkpt><trkpt lat="37.1769578754902" lon="-118.717787722126"><ele>3012.8961303613505</ele></trkpt><trkpt lat="37.1761077828705" lon="-118.71727659367"><ele>3018.0</ele></trkpt><trkpt lat="37.1756162680686" lon="-118.71647327207"><ele>3018.0</ele></trkpt><trkpt lat="37.1755228098482" lon="-118.716269675642"><ele>3019.0</ele></trkpt><trkpt lat="37.175670331344" lon="-118.71543022804"><ele>3021.695252546234</ele></trkpt><trkpt lat="37.1755735203624" lon="-118.71522327885"><ele>3022.0</ele></trkpt><trkpt lat="37.1749310474843" lon="-118.714943071827"><ele>3022.8011419549584</ele></trkpt><trkpt lat="37.1746287960559" lon="-118.714241422713"><ele>3026.0</ele></trkpt><trkpt lat="37.1746020577848" lon="-118.713461989537"><ele>3032.183593744412</ele></trkpt><trkpt lat="37.1744349226355" lon="-118.713740017265"><ele>3027.1854841059335</ele></trkpt><trkpt lat="37.1742720622569" lon="-118.71358553879"><ele>3028.6233637030077</ele></trkpt><trkpt lat="37.1743315737695" lon="-118.713736413047"><ele>3027.0</ele></trkpt><trkpt lat="37.1740216109902" lon="-118.713833810762"><ele>3026.855468730442</ele></trkpt><trkpt lat="37.1738048549742" lon="-118.713722079992"><ele>3026.062500013504</ele></trkpt><trkpt lat="37.1734066307545" lon="-118.712974665686"><ele>3033.0</ele></trkpt><trkpt lat="37.1735911164433" lon="-118.712438056245"><ele>3037.7479334980967</ele></trkpt><trkpt lat="37.1734190359712" lon="-118.712106216699"><ele>3041.0</ele></trkpt><trkpt lat="37.1734413318336" lon="-118.711702376604"><ele>3045.0</ele></trkpt><trkpt lat="37.1736901067197" lon="-118.711446309462"><ele>3053.121093758382</ele></trkpt><trkpt lat="37.1734594367445" lon="-118.711068537086"><ele>3059.0</ele></trkpt><trkpt lat="37.1735108178109" lon="-118.710746588185"><ele>3064.1324108392</ele></trkpt><trkpt lat="37.1729972586036" lon="-118.710083914921"><ele>3080.5545750385722</ele></trkpt><trkpt lat="37.1733174473047" lon="-118.709592903033"><ele>3092.408121481054</ele></trkpt><trkpt lat="37.1738022565842" lon="-118.709801109508"><ele>3107.963155561727</ele></trkpt><trkpt lat="37.1736179385334" lon="-118.709066519514"><ele>3115.414108140446</ele></trkpt><trkpt lat="37.1737321000546" lon="-118.708927882835"><ele>3122.5629537100904</ele></trkpt><trkpt lat="37.1744505129755" lon="-118.709010109305"><ele>3141.656250017695</ele></trkpt><trkpt lat="37.17419042252" lon="-118.708846746013"><ele>3147.0</ele></trkpt><trkpt lat="37.174304081127" lon="-118.708696123213"><ele>3150.0</ele></trkpt><trkpt lat="37.1739991474897" lon="-118.708213660866"><ele>3156.536517772672</ele></trkpt><trkpt lat="37.1741455793381" lon="-118.707761289552"><ele>3165.0</ele></trkpt><trkpt lat="37.1745556220412" lon="-118.707413943484"><ele>3173.2734301333307</ele></trkpt><trkpt lat="37.1744593139738" lon="-118.70729140006"><ele>3174.7539062523283</ele></trkpt><trkpt lat="37.1752623002976" lon="-118.706583380699"><ele>3189.750000006985</ele></trkpt><trkpt lat="37.1757459361106" lon="-118.706885967404"><ele>3195.0</ele></trkpt><trkpt lat="37.1761425677687" lon="-118.706863000989"><ele>3199.7354946934142</ele></trkpt><trkpt lat="37.1762929391116" lon="-118.707120325416"><ele>3203.854693973437</ele></trkpt><trkpt lat="37.1766310650855" lon="-118.707087049261"><ele>3215.6316054333</ele></trkpt><trkpt lat="37.1769776567817" lon="-118.708068234846"><ele>3223.956770302306</ele></trkpt><trkpt lat="37.1770909801125" lon="-118.707707058638"><ele>3229.914885556791</ele></trkpt><trkpt lat="37.1769773215056" lon="-118.707225853577"><ele>3231.0</ele></trkpt><trkpt lat="37.177327265963" lon="-118.707430539653"><ele>3242.352515473962</ele></trkpt><trkpt lat="37.1774063073099" lon="-118.707071710378"><ele>3246.0</ele></trkpt><trkpt lat="37.1771261002868" lon="-118.705536397174"><ele>3255.0</ele></trkpt><trkpt lat="37.1763647720218" lon="-118.704421268776"><ele>3258.0</ele></trkpt><trkpt lat="37.1760076191276" lon="-118.704378772527"><ele>3260.4921874990687</ele></trkpt><trkpt lat="37.1758858300745" lon="-118.704145755619"><ele>3267.0</ele></trkpt><trkpt lat="37.1758141648024" lon="-118.704243740067"><ele>3268.1166391164725</ele></trkpt><trkpt lat="37.1757092233747" lon="-118.703351067379"><ele>3278.0</ele></trkpt><trkpt lat="37.175498502329" lon="-118.702906323597"><ele>3286.113281241618</ele></trkpt><trkpt lat="37.1750727016479" lon="-118.702785540372"><ele>3290.875214165649</ele></trkpt><trkpt lat="37.1745046600699" lon="-118.702972205356"><ele>3296.7398693021387</ele></trkpt><trkpt lat="37.1736305113882" lon="-118.702536765486"><ele>3308.5757467722688</ele></trkpt><trkpt lat="37.1731050498784" lon="-118.70197291486"><ele>3309.986591435503</ele></trkpt><trkpt lat="37.1726378425956" lon="-118.701804187149"><ele>3313.4844005618165</ele></trkpt><trkpt lat="37.1720108762383" lon="-118.700749073178"><ele>3315.209015760369</ele></trkpt><trkpt lat="37.1722191665322" lon="-118.700154963881"><ele>3311.7261521858527</ele></trkpt><trkpt lat="37.1727396827191" lon="-118.699592202902"><ele>3310.0</ele></trkpt><trkpt lat="37.173238908872" lon="-118.697386924177"><ele>3311.0</ele></trkpt><trkpt lat="37.1735838241875" lon="-118.696839502081"><ele>3316.402372503653</ele></trkpt><trkpt lat="37.1736231353134" lon="-118.696143385023"><ele>3319.202801719536</ele></trkpt><trkpt lat="37.17304863967" lon="-118.69455694221"><ele>3331.022455966499</ele></trkpt><trkpt lat="37.1720190905035" lon="-118.693262692541"><ele>3335.0</ele></trkpt><trkpt lat="37.1717803739011" lon="-118.693123720586"><ele>3338.0</ele></trkpt><trkpt lat="37.1704661753029" lon="-118.693303596228"><ele>3336.0395540850295</ele></trkpt><trkpt lat="37.1700956113636" lon="-118.693007631227"><ele>3333.390077551827</ele></trkpt><trkpt lat="37.1699165739119" lon="-118.692396003753"><ele>3330.8544872679854</ele></trkpt><trkpt lat="37.169216349721" lon="-118.691926114261"><ele>3326.994310232838</ele></trkpt><trkpt lat="37.1689959056675" lon="-118.69184740819"><ele>3324.533598717422</ele></trkpt><trkpt lat="37.168317977339" lon="-118.692375048995"><ele>3321.90625</ele></trkpt><trkpt lat="37.1666869428009" lon="-118.691854951903"><ele>3314.0</ele></trkpt><trkpt lat="37.1662385109812" lon="-118.691876074299"><ele>3312.1601562602445</ele></trkpt><trkpt lat="37.1660391893238" lon="-118.692201124504"><ele>3308.0018425488183</ele></trkpt><trkpt lat="37.1661318931729" lon="-118.69170290418"><ele>3314.1333753110066</ele></trkpt><trkpt lat="37.1660149656236" lon="-118.691787812859"><ele>3312.0</ele></trkpt><trkpt lat="37.1657884027809" lon="-118.691572900862"><ele>3311.638012100525</ele></trkpt><trkpt lat="37.1650945488364" lon="-118.69043036364"><ele>3321.0</ele></trkpt><trkpt lat="37.1632113866508" lon="-118.69022869505"><ele>3320.0</ele></trkpt><trkpt lat="37.1623968333006" lon="-118.690820625052"><ele>3315.69531248603</ele></trkpt><trkpt lat="37.1614194195718" lon="-118.690823726356"><ele>3315.0</ele></trkpt><trkpt lat="37.1607387252152" lon="-118.691118769348"><ele>3311.0851500142826</ele></trkpt><trkpt lat="37.1605487074703" lon="-118.692211769521"><ele>3313.0761486515403</ele></trkpt><trkpt lat="37.1599732898176" lon="-118.692459119484"><ele>3323.011718758382</ele></trkpt><trkpt lat="37.1589632704854" lon="-118.692563977093"><ele>3331.3277468545084</ele></trkpt><trkpt lat="37.1589705627412" lon="-118.692807974294"><ele>3335.7912201453</ele></trkpt><trkpt lat="37.1585854981095" lon="-118.69296496734"><ele>3336.6994514115504</ele></trkpt><trkpt lat="37.1584999188781" lon="-118.693232517689"><ele>3341.759688233642</ele></trkpt><trkpt lat="37.157685700804" lon="-118.693595789373"><ele>3341.0053442569124</ele></trkpt><trkpt lat="37.1576417796314" lon="-118.693926036358"><ele>3343.0</ele></trkpt><trkpt lat="37.1570185851306" lon="-118.69473958388"><ele>3345.0</ele></trkpt><trkpt lat="37.1543177682906" lon="-118.695655642077"><ele>3347.0</ele></trkpt><trkpt lat="37.1525091212243" lon="-118.695413824171"><ele>3347.0</ele></trkpt><trkpt lat="37.1517526544631" lon="-118.696149922907"><ele>3352.0</ele></trkpt><trkpt lat="37.1504247095436" lon="-118.696575053036"><ele>3362.828124990221</ele></trkpt><trkpt lat="37.1484220214188" lon="-118.69668032974"><ele>3366.73563777723</ele></trkpt><trkpt lat="37.147389287129" lon="-118.696310268715"><ele>3382.976562497206</ele></trkpt><trkpt lat="37.1451669931412" lon="-118.695878684521"><ele>3398.5724442434284</ele></trkpt><trkpt lat="37.1444034017623" lon="-118.696347400546"><ele>3412.2187499962747</ele></trkpt><trkpt lat="37.1444859635085" lon="-118.696457287297"><ele>3415.3398437658325</ele></trkpt><trkpt lat="37.1441529504955" lon="-118.696883255616"><ele>3427.0</ele></trkpt><trkpt lat="37.1426960919052" lon="-118.697211993858"><ele>3429.0</ele></trkpt><trkpt lat="37.1422204189003" lon="-118.697570320219"><ele>3433.210937509313</ele></trkpt><trkpt lat="37.1417183429003" lon="-118.697718679905"><ele>3437.1787311535477</ele></trkpt><trkpt lat="37.1401148848236" lon="-118.697657072917"><ele>3440.0</ele></trkpt><trkpt lat="37.1379733085632" lon="-118.698177505285"><ele>3452.0</ele></trkpt><trkpt lat="37.1364432759583" lon="-118.698828360066"><ele>3452.0</ele></trkpt><trkpt lat="37.13389207609" lon="-118.699331274256"><ele>3455.0</ele></trkpt><trkpt lat="37.1309595834464" lon="-118.698797095567"><ele>3478.927248026503</ele></trkpt><trkpt lat="37.1304576750845" lon="-118.697393210605"><ele>3477.220870964229</ele></trkpt><trkpt lat="37.1299614664167" lon="-118.696843190119"><ele>3482.0</ele></trkpt><trkpt lat="37.1285130735487" lon="-118.697339734063"><ele>3493.4648437709548</ele></trkpt><trkpt lat="37.1281124185771" lon="-118.696692064404"><ele>3494.0</ele></trkpt><trkpt lat="37.1278831735253" lon="-118.695619180799"><ele>3494.0</ele></trkpt><trkpt lat="37.1265153307468" lon="-118.69389988482"><ele>3492.0</ele></trkpt><trkpt lat="37.1260637976229" lon="-118.692722730339"><ele>3492.0</ele></trkpt><trkpt lat="37.1257657371461" lon="-118.692361554131"><ele>3495.0</ele></trkpt><trkpt lat="37.1253020502627" lon="-118.692268934101"><ele>3493.8515624934807</ele></trkpt><trkpt lat="37.1248264610767" lon="-118.691873643547"><ele>3492.0</ele></trkpt><trkpt lat="37.1245190966874" lon="-118.691342147067"><ele>3494.0</ele></trkpt><trkpt lat="37.1236790623516" lon="-118.690685424954"><ele>3492.0</ele></trkpt><trkpt lat="37.1227211784571" lon="-118.689177436754"><ele>3495.0</ele></trkpt><trkpt lat="37.1220353711396" lon="-118.688522055745"><ele>3498.0</ele></trkpt><trkpt lat="37.1208081766963" lon="-118.686756407842"><ele>3508.9412832911553</ele></trkpt><trkpt lat="37.1207342483103" lon="-118.686132207513"><ele>3514.0</ele></trkpt><trkpt lat="37.1191058959812" lon="-118.683492830023"><ele>3514.0</ele></trkpt><trkpt lat="37.1192127652466" lon="-118.683227123693"><ele>3518.1115972883736</ele></trkpt><trkpt lat="37.1180486027151" lon="-118.682641647756"><ele>3520.0</ele></trkpt><trkpt lat="37.1174707543105" lon="-118.681636573747"><ele>3517.7496686270492</ele></trkpt><trkpt lat="37.11640692316" lon="-118.680678270757"><ele>3523.4700614567846</ele></trkpt><trkpt lat="37.1162946056575" lon="-118.679987601936"><ele>3524.0</ele></trkpt><trkpt lat="37.1157767716795" lon="-118.678791420534"><ele>3534.0</ele></trkpt><trkpt lat="37.1156804636121" lon="-118.677803110331"><ele>3537.0</ele></trkpt><trkpt lat="37.1150048822165" lon="-118.676324794069"><ele>3551.0</ele></trkpt><trkpt lat="37.1154226362705" lon="-118.675756249577"><ele>3562.398437490687</ele></trkpt><trkpt lat="37.1143437176943" lon="-118.674946893007"><ele>3581.117187479511</ele></trkpt><trkpt lat="37.1144648361951" lon="-118.674649000168"><ele>3587.0</ele></trkpt><trkpt lat="37.1142096072435" lon="-118.673863867298"><ele>3596.58984373929</ele></trkpt><trkpt lat="37.1133379731327" lon="-118.672554614022"><ele>3615.1052671451585</ele></trkpt><trkpt lat="37.1128963306546" lon="-118.672103667632"><ele>3621.621093737893</ele></trkpt><trkpt lat="37.1122883912176" lon="-118.671827819198"><ele>3631.5625678544125</ele></trkpt><trkpt lat="37.1124640759081" lon="-118.671494806185"><ele>3638.0</ele></trkpt><trkpt lat="37.1120234392583" lon="-118.671267740428"><ele>3642.0</ele></trkpt><trkpt lat="37.1119652688503" lon="-118.670479087159"><ele>3644.0</ele></trkpt><trkpt lat="37.1121485810727" lon="-118.669825298712"><ele>3636.132514422279</ele></trkpt><trkpt lat="37.1116822119802" lon="-118.669809205458"><ele>3628.449218769558</ele></trkpt><trkpt lat="37.1115497779101" lon="-118.669569902122"><ele>3625.5280515991476</ele></trkpt><trkpt lat="37.1124626509845" lon="-118.66885509342"><ele>3606.0191689176613</ele></trkpt><trkpt lat="37.1119793504477" lon="-118.668793486431"><ele>3598.113281238824</ele></trkpt><trkpt lat="37.1130221430212" lon="-118.667719596997"><ele>3573.0475786360735</ele></trkpt><trkpt lat="37.1128736995161" lon="-118.667719596997"><ele>3571.0027451811943</ele></trkpt><trkpt lat="37.1128850989044" lon="-118.667479036376"><ele>3566.0</ele></trkpt><trkpt lat="37.1130885276944" lon="-118.667055163532"><ele>3562.0</ele></trkpt><trkpt lat="37.1128607075661" lon="-118.666903786361"><ele>3561.0</ele></trkpt><trkpt lat="37.1131645515561" lon="-118.666126029566"><ele>3561.191460071222</ele></trkpt><trkpt lat="37.1141029894352" lon="-118.665167810395"><ele>3568.0</ele></trkpt><trkpt lat="37.1132590156049" lon="-118.664923561737"><ele>3558.761718752794</ele></trkpt><trkpt lat="37.1135429106653" lon="-118.664538664743"><ele>3549.1506267637014</ele></trkpt><trkpt lat="37.1135229617357" lon="-118.66427924484"><ele>3550.004040477176</ele></trkpt><trkpt lat="37.1142053324729" lon="-118.663652278483"><ele>3542.0661270468363</ele></trkpt><trkpt lat="37.1156448405236" lon="-118.663257155567"><ele>3543.0076345956936</ele></trkpt><trkpt lat="37.1156130731106" lon="-118.662949120626"><ele>3545.219647312657</ele></trkpt><trkpt lat="37.1162202581763" lon="-118.662522314116"><ele>3541.910300211967</ele></trkpt><trkpt lat="37.1169229131192" lon="-118.661259999499"><ele>3545.9812361144664</ele></trkpt><trkpt lat="37.1175002586097" lon="-118.661027820781"><ele>3547.0</ele></trkpt><trkpt lat="37.1175853349268" lon="-118.660360286012"><ele>3546.0</ele></trkpt><trkpt lat="37.118085147813" lon="-118.6601241678"><ele>3549.554708485935</ele></trkpt><trkpt lat="37.1183584816754" lon="-118.660210669041"><ele>3543.0</ele></trkpt><trkpt lat="37.1186896506697" lon="-118.659924762323"><ele>3536.0115174746315</ele></trkpt><trkpt lat="37.1189546026289" lon="-118.65945068188"><ele>3532.259594624791</ele></trkpt><trkpt lat="37.1193550061434" lon="-118.657389655709"><ele>3503.829131277278</ele></trkpt><trkpt lat="37.119205724448" lon="-118.656832426786"><ele>3492.791778127663</ele></trkpt><trkpt lat="37.1194283477962" lon="-118.656666297466"><ele>3491.8843680359423</ele></trkpt><trkpt lat="37.1196203771979" lon="-118.655865574256"><ele>3480.7546829742323</ele></trkpt><trkpt lat="37.1194875240326" lon="-118.655388560146"><ele>3475.0</ele></trkpt><trkpt lat="37.1195726003498" lon="-118.654863769189"><ele>3472.0</ele></trkpt><trkpt lat="37.119874432683" lon="-118.654680205509"><ele>3472.314230918004</ele></trkpt><trkpt lat="37.1201082039624" lon="-118.654972985387"><ele>3462.176110831128</ele></trkpt><trkpt lat="37.120508691296" lon="-118.654971728101"><ele>3458.0</ele></trkpt><trkpt lat="37.1205803565681" lon="-118.654761677608"><ele>3454.63581735978</ele></trkpt><trkpt lat="37.1204203460366" lon="-118.654619855806"><ele>3451.5742187397555</ele></trkpt><trkpt lat="37.1205294784159" lon="-118.654500665143"><ele>3451.0</ele></trkpt><trkpt lat="37.1209358330816" lon="-118.65463335067"><ele>3442.157927313106</ele></trkpt><trkpt lat="37.1209309715778" lon="-118.654316598549"><ele>3442.0</ele></trkpt><trkpt lat="37.1212690975517" lon="-118.653762470931"><ele>3444.0</ele></trkpt><trkpt lat="37.121452325955" lon="-118.653716454282"><ele>3441.3111365782943</ele></trkpt><trkpt lat="37.1215356420726" lon="-118.653338011354"><ele>3442.0</ele></trkpt></trkseg></trk></gpx>