<?xml version="1.0"?>
<gpx xmlns="http://www.topografix.com/GPX/1/1" xmlns:gpxx="http://www.garmin.com/xmlschemas/GpxExtensions/v3" creator="CALTOPO" version="1.1"><metadata><name><![CDATA[Footram Trail Thru Hike (Foothills + Bartram)]]></name></metadata><trk><name>4 - AT Cheoah to NOX</name><extensions><gpxx:TrackExtension><gpxx:DisplayColor>Red</gpxx:DisplayColor></gpxx:TrackExtension></extensions><trkseg><trkpt lat="35.325668097444925" lon="-83.68086979123076"><ele>1541.3233724534512</ele></trkpt><trkpt lat="35.32584316581714" lon="-83.68082687588652"><ele>1533.3233724553138</ele></trkpt><trkpt lat="35.32581494454261" lon="-83.68074679415828"><ele>1535.8938334802144</ele></trkpt><trkpt lat="35.32596" lon="-83.68067"><ele>1529.4049710281733</ele></trkpt><trkpt lat="35.32601" lon="-83.68063"><ele>1528.38686815534</ele></trkpt><trkpt lat="35.32621" lon="-83.68032"><ele>1517.065525333397</ele></trkpt><trkpt lat="35.32714" lon="-83.67967"><ele>1486.7733297785744</ele></trkpt><trkpt lat="35.32751" lon="-83.6792"><ele>1472.7724886842805</ele></trkpt><trkpt lat="35.3276" lon="-83.67898"><ele>1467.6169991111383</ele></trkpt><trkpt lat="35.32775" lon="-83.6788"><ele>1467.6893724096371</ele></trkpt><trkpt lat="35.32788" lon="-83.67848"><ele>1466.0073429762851</ele></trkpt><trkpt lat="35.32795" lon="-83.67823"><ele>1466.0</ele></trkpt><trkpt lat="35.32805" lon="-83.67759"><ele>1460.8383039999753</ele></trkpt><trkpt lat="35.32799" lon="-83.67725"><ele>1455.0</ele></trkpt><trkpt lat="35.32789" lon="-83.67691"><ele>1454.0</ele></trkpt><trkpt lat="35.32798" lon="-83.67653"><ele>1450.0</ele></trkpt><trkpt lat="35.32814" lon="-83.67627"><ele>1446.0</ele></trkpt><trkpt lat="35.32825" lon="-83.67574"><ele>1440.3180437441279</ele></trkpt><trkpt lat="35.32815" lon="-83.67528"><ele>1443.5537349954247</ele></trkpt><trkpt lat="35.3282" lon="-83.67486"><ele>1439.3952450193465</ele></trkpt><trkpt lat="35.3282" lon="-83.6747"><ele>1439.6976225096732</ele></trkpt><trkpt lat="35.3283" lon="-83.67435"><ele>1437.9853922352195</ele></trkpt><trkpt lat="35.32805" lon="-83.67393"><ele>1434.2699413336813</ele></trkpt><trkpt lat="35.32801" lon="-83.67368"><ele>1427.6190968891606</ele></trkpt><trkpt lat="35.32809" lon="-83.67272"><ele>1414.0</ele></trkpt><trkpt lat="35.32809" lon="-83.67238"><ele>1413.0</ele></trkpt><trkpt lat="35.32804" lon="-83.67188"><ele>1414.1628237497061</ele></trkpt><trkpt lat="35.32804" lon="-83.67188"><ele>1414.1628237497061</ele></trkpt><trkpt lat="35.32792" lon="-83.67042"><ele>1408.3081703186035</ele></trkpt><trkpt lat="35.32748" lon="-83.66948"><ele>1406.1745281163603</ele></trkpt><trkpt lat="35.32742" lon="-83.66895"><ele>1402.747223868966</ele></trkpt><trkpt lat="35.32743" lon="-83.66869"><ele>1399.3866828428581</ele></trkpt><trkpt lat="35.32778" lon="-83.66796"><ele>1392.3440009878323</ele></trkpt><trkpt lat="35.32787" lon="-83.66783"><ele>1390.0</ele></trkpt><trkpt lat="35.32833" lon="-83.66798"><ele>1385.2460883877377</ele></trkpt><trkpt lat="35.32895" lon="-83.66794"><ele>1376.0166940425208</ele></trkpt><trkpt lat="35.32915" lon="-83.66787"><ele>1371.8534719990566</ele></trkpt><trkpt lat="35.32936" lon="-83.66786"><ele>1371.387438222766</ele></trkpt><trkpt lat="35.32964" lon="-83.66779"><ele>1365.125201777555</ele></trkpt><trkpt lat="35.33034" lon="-83.66779"><ele>1355.125201777555</ele></trkpt><trkpt lat="35.33113" lon="-83.66765"><ele>1345.0054124978099</ele></trkpt><trkpt lat="35.33126" lon="-83.66738"><ele>1339.001778557096</ele></trkpt><trkpt lat="35.33133" lon="-83.66729"><ele>1338.0811457086486</ele></trkpt><trkpt lat="35.33142" lon="-83.66701"><ele>1340.0</ele></trkpt><trkpt lat="35.33141" lon="-83.66684"><ele>1342.0</ele></trkpt><trkpt lat="35.33152" lon="-83.66657"><ele>1345.73091911152</ele></trkpt><trkpt lat="35.33158" lon="-83.66633"><ele>1349.0</ele></trkpt><trkpt lat="35.33183" lon="-83.66582"><ele>1357.892647347644</ele></trkpt><trkpt lat="35.33202" lon="-83.66552"><ele>1363.664465777576</ele></trkpt><trkpt lat="35.33207" lon="-83.66536"><ele>1366.0</ele></trkpt><trkpt lat="35.33226" lon="-83.66518"><ele>1371.0</ele></trkpt><trkpt lat="35.3324" lon="-83.66499"><ele>1376.364255999215</ele></trkpt><trkpt lat="35.33247" lon="-83.66478"><ele>1379.8823831718591</ele></trkpt><trkpt lat="35.33275" lon="-83.66421"><ele>1384.5604676643827</ele></trkpt><trkpt lat="35.33288" lon="-83.66402"><ele>1385.2037058002472</ele></trkpt><trkpt lat="35.33357" lon="-83.66337"><ele>1386.8107629076817</ele></trkpt><trkpt lat="35.33372" lon="-83.66303"><ele>1383.37193977274</ele></trkpt><trkpt lat="35.33393" lon="-83.66278"><ele>1376.3754287920892</ele></trkpt><trkpt lat="35.334" lon="-83.6624"><ele>1377.0252328599122</ele></trkpt><trkpt lat="35.3341" lon="-83.66207"><ele>1377.4461191110313</ele></trkpt><trkpt lat="35.33492" lon="-83.66109"><ele>1391.0</ele></trkpt><trkpt lat="35.33503" lon="-83.66078"><ele>1392.0</ele></trkpt><trkpt lat="35.33486" lon="-83.65972"><ele>1396.75235167332</ele></trkpt><trkpt lat="35.33492" lon="-83.65932"><ele>1404.179971408099</ele></trkpt><trkpt lat="35.33494" lon="-83.65863"><ele>1398.560773218982</ele></trkpt><trkpt lat="35.33527" lon="-83.65829"><ele>1402.0685866297172</ele></trkpt><trkpt lat="35.33529" lon="-83.65822"><ele>1400.4478924386203</ele></trkpt><trkpt lat="35.33529" lon="-83.65822"><ele>1400.4478924386203</ele></trkpt><trkpt lat="35.33538" lon="-83.65801"><ele>1402.3006822660489</ele></trkpt><trkpt lat="35.33542" lon="-83.6576"><ele>1402.8042866506548</ele></trkpt><trkpt lat="35.33563" lon="-83.65742"><ele>1406.9605756245992</ele></trkpt><trkpt lat="35.33596" lon="-83.65664"><ele>1413.5924511197954</ele></trkpt><trkpt lat="35.33603" lon="-83.65641"><ele>1416.9096014269026</ele></trkpt><trkpt lat="35.33647" lon="-83.65604"><ele>1422.464487111196</ele></trkpt><trkpt lat="35.33671" lon="-83.65561"><ele>1426.0</ele></trkpt><trkpt lat="35.33671" lon="-83.65518"><ele>1429.7435981150857</ele></trkpt><trkpt lat="35.33684" lon="-83.65414"><ele>1428.99056567346</ele></trkpt><trkpt lat="35.33757" lon="-83.65454"><ele>1421.0</ele></trkpt><trkpt lat="35.33726" lon="-83.6539"><ele>1414.1133027969513</ele></trkpt><trkpt lat="35.33689" lon="-83.6536"><ele>1410.8232711115852</ele></trkpt><trkpt lat="35.33641" lon="-83.6538"><ele>1406.40077213596</ele></trkpt><trkpt lat="35.33687" lon="-83.65294"><ele>1394.0</ele></trkpt><trkpt lat="35.33691" lon="-83.6521"><ele>1383.0</ele></trkpt><trkpt lat="35.33731" lon="-83.65044"><ele>1381.0</ele></trkpt><trkpt lat="35.33761" lon="-83.6499"><ele>1382.0</ele></trkpt><trkpt lat="35.33761" lon="-83.6499"><ele>1382.0</ele></trkpt><trkpt lat="35.33798" lon="-83.64929"><ele>1380.0</ele></trkpt><trkpt lat="35.3383" lon="-83.64848"><ele>1366.2139768898487</ele></trkpt><trkpt lat="35.3387" lon="-83.64762"><ele>1345.0</ele></trkpt><trkpt lat="35.33965" lon="-83.64617"><ele>1333.0</ele></trkpt><trkpt lat="35.3398" lon="-83.64582"><ele>1329.0</ele></trkpt><trkpt lat="35.34015" lon="-83.6446"><ele>1314.3928711107</ele></trkpt><trkpt lat="35.34004" lon="-83.64353"><ele>1295.3583043003796</ele></trkpt><trkpt lat="35.33985" lon="-83.64283"><ele>1290.0</ele></trkpt><trkpt lat="35.33943" lon="-83.64185"><ele>1277.8300064057112</ele></trkpt><trkpt lat="35.33899" lon="-83.64038"><ele>1246.726616888307</ele></trkpt><trkpt lat="35.33878" lon="-83.63926"><ele>1230.8571494207538</ele></trkpt><trkpt lat="35.33905" lon="-83.63742"><ele>1179.9011981859803</ele></trkpt><trkpt lat="35.33937" lon="-83.63686"><ele>1168.4081374271314</ele></trkpt><trkpt lat="35.33971" lon="-83.63662"><ele>1153.6755920136347</ele></trkpt><trkpt lat="35.33957" lon="-83.63718"><ele>1143.3435159102082</ele></trkpt><trkpt lat="35.33977" lon="-83.63813"><ele>1140.8357056579428</ele></trkpt><trkpt lat="35.34014" lon="-83.63826"><ele>1132.4907647452742</ele></trkpt><trkpt lat="35.34027" lon="-83.63846"><ele>1130.1803718842566</ele></trkpt><trkpt lat="35.34022" lon="-83.63869"><ele>1128.0700025046244</ele></trkpt><trkpt lat="35.34075" lon="-83.63978"><ele>1119.9429147557782</ele></trkpt><trkpt lat="35.34116" lon="-83.63993"><ele>1121.0887776324525</ele></trkpt><trkpt lat="35.34161" lon="-83.64021"><ele>1118.126564067254</ele></trkpt><trkpt lat="35.34177" lon="-83.64054"><ele>1113.4833779316396</ele></trkpt><trkpt lat="35.3421" lon="-83.64155"><ele>1111.252568888478</ele></trkpt><trkpt lat="35.3422" lon="-83.64145"><ele>1105.5922311106697</ele></trkpt><trkpt lat="35.34227" lon="-83.64149"><ele>1106.4563662223518</ele></trkpt><trkpt lat="35.34208" lon="-83.64119"><ele>1102.2478203624487</ele></trkpt><trkpt lat="35.34209" lon="-83.64092"><ele>1095.4022933021188</ele></trkpt><trkpt lat="35.34182" lon="-83.63976"><ele>1087.459306734614</ele></trkpt><trkpt lat="35.34174" lon="-83.63979"><ele>1092.4279574034736</ele></trkpt><trkpt lat="35.34172" lon="-83.63972"><ele>1089.2976103014626</ele></trkpt><trkpt lat="35.34141" lon="-83.63948"><ele>1095.0508015751839</ele></trkpt><trkpt lat="35.34145" lon="-83.63935"><ele>1090.7251377776265</ele></trkpt><trkpt lat="35.34149" lon="-83.6393"><ele>1088.3949688896537</ele></trkpt><trkpt lat="35.3414" lon="-83.6393"><ele>1087.7728512994945</ele></trkpt><trkpt lat="35.34137" lon="-83.63924"><ele>1083.5987662225962</ele></trkpt><trkpt lat="35.3413" lon="-83.63927"><ele>1083.995817329599</ele></trkpt><trkpt lat="35.34109" lon="-83.63925"><ele>1083.3976789880544</ele></trkpt><trkpt lat="35.34095" lon="-83.63909"><ele>1081.9395246468484</ele></trkpt><trkpt lat="35.34082" lon="-83.63867"><ele>1079.516650982201</ele></trkpt><trkpt lat="35.34099" lon="-83.63812"><ele>1072.66157281763</ele></trkpt><trkpt lat="35.34082" lon="-83.63758"><ele>1061.9954846026376</ele></trkpt><trkpt lat="35.34077" lon="-83.63772"><ele>1069.9082006698577</ele></trkpt><trkpt lat="35.34072" lon="-83.63758"><ele>1066.7085998570547</ele></trkpt><trkpt lat="35.34055" lon="-83.63747"><ele>1074.183720447123</ele></trkpt><trkpt lat="35.34061" lon="-83.63715"><ele>1076.3140120450407</ele></trkpt><trkpt lat="35.34136" lon="-83.6367"><ele>1053.6811942756176</ele></trkpt><trkpt lat="35.34142" lon="-83.63651"><ele>1057.107940598391</ele></trkpt><trkpt lat="35.3413" lon="-83.63637"><ele>1067.3352738525718</ele></trkpt><trkpt lat="35.34137" lon="-83.636"><ele>1067.0683081978932</ele></trkpt><trkpt lat="35.34162" lon="-83.63593"><ele>1051.7115631392226</ele></trkpt><trkpt lat="35.34187" lon="-83.63563"><ele>1041.4096159897745</ele></trkpt><trkpt lat="35.34193" lon="-83.63536"><ele>1043.3422713428736</ele></trkpt><trkpt lat="35.34148" lon="-83.63505"><ele>1045.3476688452845</ele></trkpt><trkpt lat="35.34132" lon="-83.63506"><ele>1049.950115732265</ele></trkpt><trkpt lat="35.34119" lon="-83.63486"><ele>1047.095709130168</ele></trkpt><trkpt lat="35.34103" lon="-83.63473"><ele>1046.1782928900793</ele></trkpt><trkpt lat="35.34091" lon="-83.63451"><ele>1043.6165157184005</ele></trkpt><trkpt lat="35.34143" lon="-83.63389"><ele>1049.0</ele></trkpt><trkpt lat="35.34159" lon="-83.63359"><ele>1049.7671012096107</ele></trkpt><trkpt lat="35.34171" lon="-83.63322"><ele>1046.9112882353365</ele></trkpt><trkpt lat="35.34185" lon="-83.63264"><ele>1041.0</ele></trkpt><trkpt lat="35.3421" lon="-83.63202"><ele>1033.0</ele></trkpt><trkpt lat="35.34213" lon="-83.63188"><ele>1033.0338311424694</ele></trkpt><trkpt lat="35.34214" lon="-83.63154"><ele>1033.0</ele></trkpt><trkpt lat="35.34237" lon="-83.63126"><ele>1029.1436724872895</ele></trkpt><trkpt lat="35.3426" lon="-83.63077"><ele>1024.9916027673814</ele></trkpt><trkpt lat="35.34267" lon="-83.63043"><ele>1024.9355821050704</ele></trkpt><trkpt lat="35.34259" lon="-83.62995"><ele>1017.6034608125515</ele></trkpt><trkpt lat="35.34317" lon="-83.62878"><ele>1006.5653913585697</ele></trkpt><trkpt lat="35.34366" lon="-83.62799"><ele>1000.4970997106284</ele></trkpt><trkpt lat="35.34365" lon="-83.62793"><ele>999.9257677830756</ele></trkpt><trkpt lat="35.34365" lon="-83.62793"><ele>999.9257677830756</ele></trkpt><trkpt lat="35.34362" lon="-83.62771"><ele>995.055446352007</ele></trkpt><trkpt lat="35.34404" lon="-83.62722"><ele>979.3376229695903</ele></trkpt><trkpt lat="35.34405" lon="-83.62723"><ele>979.1970868078197</ele></trkpt><trkpt lat="35.34405" lon="-83.62719"><ele>978.028063999489</ele></trkpt><trkpt lat="35.34415" lon="-83.6271"><ele>974.0</ele></trkpt><trkpt lat="35.3442" lon="-83.62701"><ele>970.8741237377344</ele></trkpt><trkpt lat="35.34431" lon="-83.62696"><ele>966.366173427552</ele></trkpt><trkpt lat="35.34435" lon="-83.62685"><ele>964.0808266326785</ele></trkpt><trkpt lat="35.3444" lon="-83.6268"><ele>962.2241415437311</ele></trkpt><trkpt lat="35.3446" lon="-83.62636"><ele>958.7973835170269</ele></trkpt><trkpt lat="35.34455" lon="-83.6262"><ele>960.0</ele></trkpt><trkpt lat="35.34461" lon="-83.62604"><ele>960.4341795556247</ele></trkpt><trkpt lat="35.34472" lon="-83.62589"><ele>960.0</ele></trkpt><trkpt lat="35.34478" lon="-83.62562"><ele>958.4189520341616</ele></trkpt><trkpt lat="35.34485" lon="-83.62545"><ele>954.9381866669282</ele></trkpt><trkpt lat="35.34484" lon="-83.62447"><ele>937.2668764451519</ele></trkpt><trkpt lat="35.34488" lon="-83.62393"><ele>927.0</ele></trkpt><trkpt lat="35.345" lon="-83.62372"><ele>925.6294394806027</ele></trkpt><trkpt lat="35.34502" lon="-83.62355"><ele>928.0</ele></trkpt><trkpt lat="35.34506" lon="-83.62349"><ele>928.0</ele></trkpt><trkpt lat="35.34511" lon="-83.62301"><ele>930.9229578768536</ele></trkpt><trkpt lat="35.34511" lon="-83.62285"><ele>932.0</ele></trkpt><trkpt lat="35.34506" lon="-83.62265"><ele>933.0</ele></trkpt><trkpt lat="35.34507" lon="-83.62245"><ele>929.0724441315979</ele></trkpt><trkpt lat="35.34513" lon="-83.62241"><ele>925.780256152153</ele></trkpt><trkpt lat="35.34506" lon="-83.6223"><ele>926.0</ele></trkpt><trkpt lat="35.34508" lon="-83.62224"><ele>924.1273379793975</ele></trkpt><trkpt lat="35.345" lon="-83.62193"><ele>919.0</ele></trkpt><trkpt lat="35.34506" lon="-83.62113"><ele>924.0</ele></trkpt><trkpt lat="35.34519" lon="-83.62028"><ele>931.9117174856365</ele></trkpt><trkpt lat="35.34549" lon="-83.61907"><ele>919.6290001657904</ele></trkpt><trkpt lat="35.34564" lon="-83.61881"><ele>917.8079934978152</ele></trkpt><trkpt lat="35.34584" lon="-83.61833"><ele>912.1652818148294</ele></trkpt><trkpt lat="35.34577" lon="-83.61756"><ele>905.011809756006</ele></trkpt><trkpt lat="35.34595" lon="-83.61676"><ele>898.3188888059799</ele></trkpt><trkpt lat="35.34594" lon="-83.61642"><ele>892.0</ele></trkpt><trkpt lat="35.34589" lon="-83.6162"><ele>894.0</ele></trkpt><trkpt lat="35.34582" lon="-83.61608"><ele>894.0</ele></trkpt><trkpt lat="35.34574" lon="-83.61518"><ele>895.2277581755168</ele></trkpt><trkpt lat="35.34543" lon="-83.6142"><ele>902.5943065354612</ele></trkpt><trkpt lat="35.34509" lon="-83.61352"><ele>918.0</ele></trkpt><trkpt lat="35.34462" lon="-83.61305"><ele>917.0</ele></trkpt><trkpt lat="35.34446" lon="-83.61311"><ele>915.3213062741498</ele></trkpt><trkpt lat="35.34425" lon="-83.61305"><ele>914.0</ele></trkpt><trkpt lat="35.34406" lon="-83.61304"><ele>913.0</ele></trkpt><trkpt lat="35.34396" lon="-83.61298"><ele>910.7940657781437</ele></trkpt><trkpt lat="35.34389" lon="-83.61286"><ele>905.710804306133</ele></trkpt><trkpt lat="35.34383" lon="-83.6127"><ele>900.0</ele></trkpt><trkpt lat="35.34378" lon="-83.61246"><ele>896.0</ele></trkpt><trkpt lat="35.34355" lon="-83.61212"><ele>890.715160889551</ele></trkpt><trkpt lat="35.34325" lon="-83.61205"><ele>886.0396896430548</ele></trkpt><trkpt lat="35.34288" lon="-83.61182"><ele>885.0</ele></trkpt><trkpt lat="35.34252" lon="-83.6117"><ele>885.0</ele></trkpt><trkpt lat="35.34203" lon="-83.61165"><ele>881.0</ele></trkpt><trkpt lat="35.34172" lon="-83.61151"><ele>880.9023944532855</ele></trkpt><trkpt lat="35.34165" lon="-83.61137"><ele>881.0</ele></trkpt><trkpt lat="35.34133" lon="-83.61101"><ele>878.0</ele></trkpt><trkpt lat="35.3409" lon="-83.6107"><ele>877.0</ele></trkpt><trkpt lat="35.34075" lon="-83.61039"><ele>871.091317333281</ele></trkpt><trkpt lat="35.34069" lon="-83.61034"><ele>870.0</ele></trkpt><trkpt lat="35.34062" lon="-83.61008"><ele>861.5253708452454</ele></trkpt><trkpt lat="35.34061" lon="-83.60973"><ele>854.4959083251528</ele></trkpt><trkpt lat="35.34073" lon="-83.60943"><ele>848.0</ele></trkpt><trkpt lat="35.34076" lon="-83.60896"><ele>837.0</ele></trkpt><trkpt lat="35.34083" lon="-83.60868"><ele>835.0</ele></trkpt><trkpt lat="35.34111" lon="-83.60808"><ele>821.5445282185522</ele></trkpt><trkpt lat="35.34159" lon="-83.60761"><ele>805.8914521879083</ele></trkpt><trkpt lat="35.34143" lon="-83.60752"><ele>802.3396231113002</ele></trkpt><trkpt lat="35.34122" lon="-83.6076"><ele>800.0742893086683</ele></trkpt><trkpt lat="35.34148" lon="-83.60719"><ele>790.9109582260174</ele></trkpt><trkpt lat="35.3416" lon="-83.60717"><ele>789.2186564702323</ele></trkpt><trkpt lat="35.3416" lon="-83.60714"><ele>787.8261234033853</ele></trkpt><trkpt lat="35.34148" lon="-83.60705"><ele>785.0</ele></trkpt><trkpt lat="35.3412" lon="-83.60704"><ele>779.998547394747</ele></trkpt><trkpt lat="35.34065" lon="-83.60727"><ele>769.218161450699</ele></trkpt><trkpt lat="35.34082" lon="-83.60669"><ele>763.2416745088995</ele></trkpt><trkpt lat="35.34078" lon="-83.60636"><ele>757.0</ele></trkpt><trkpt lat="35.34092" lon="-83.60605"><ele>751.8402221762831</ele></trkpt><trkpt lat="35.34078" lon="-83.606"><ele>750.9783222256614</ele></trkpt><trkpt lat="35.34056" lon="-83.60625"><ele>746.3875895608217</ele></trkpt><trkpt lat="35.34057" lon="-83.6061"><ele>745.1217262987047</ele></trkpt><trkpt lat="35.34062" lon="-83.60601"><ele>744.8154510743916</ele></trkpt><trkpt lat="35.34062" lon="-83.60596"><ele>744.8154510743916</ele></trkpt><trkpt lat="35.34062" lon="-83.60596"><ele>744.8154510743916</ele></trkpt><trkpt lat="35.34063" lon="-83.60572"><ele>740.8403046857566</ele></trkpt><trkpt lat="35.34073" lon="-83.60545"><ele>733.8706311108544</ele></trkpt><trkpt lat="35.34062" lon="-83.60541"><ele>732.006496001035</ele></trkpt><trkpt lat="35.340567498258046" lon="-83.60532250043627"><ele>728.0</ele></trkpt><trkpt lat="35.340567498258046" lon="-83.60532250043627"><ele>728.0</ele></trkpt><trkpt lat="35.34056" lon="-83.60531"><ele>728.0</ele></trkpt><trkpt lat="35.34049" lon="-83.60509"><ele>735.3521366166345</ele></trkpt><trkpt lat="35.3405" lon="-83.60496"><ele>738.9597305878997</ele></trkpt><trkpt lat="35.34077" lon="-83.60449"><ele>742.0505997918938</ele></trkpt><trkpt lat="35.34076" lon="-83.60435"><ele>740.0</ele></trkpt><trkpt lat="35.34072" lon="-83.60414"><ele>739.4714407455176</ele></trkpt><trkpt lat="35.34053" lon="-83.6038"><ele>739.673659754917</ele></trkpt><trkpt lat="35.34015" lon="-83.60365"><ele>737.9793862178922</ele></trkpt><trkpt lat="35.34013" lon="-83.60354"><ele>738.795983160958</ele></trkpt><trkpt lat="35.34019" lon="-83.60336"><ele>737.3661679431245</ele></trkpt><trkpt lat="35.34028" lon="-83.60317"><ele>736.6313344165756</ele></trkpt><trkpt lat="35.34028" lon="-83.60307"><ele>734.3909361418337</ele></trkpt><trkpt lat="35.34011" lon="-83.60287"><ele>735.6145478801049</ele></trkpt><trkpt lat="35.34004" lon="-83.60267"><ele>735.6795630510896</ele></trkpt><trkpt lat="35.34024" lon="-83.60222"><ele>737.1418258899672</ele></trkpt><trkpt lat="35.34018" lon="-83.602"><ele>733.9110222216696</ele></trkpt><trkpt lat="35.33985" lon="-83.60201"><ele>737.2697433428839</ele></trkpt><trkpt lat="35.33979" lon="-83.60199"><ele>737.3770559998229</ele></trkpt><trkpt lat="35.33967" lon="-83.60187"><ele>737.9694613330066</ele></trkpt><trkpt lat="35.33953" lon="-83.60188"><ele>734.5034275557846</ele></trkpt><trkpt lat="35.33938" lon="-83.60199"><ele>737.3935658628678</ele></trkpt><trkpt lat="35.33931" lon="-83.60196"><ele>737.9942410790936</ele></trkpt><trkpt lat="35.33924" lon="-83.60183"><ele>738.9958865372603</ele></trkpt><trkpt lat="35.3392" lon="-83.60158"><ele>738.6900779362768</ele></trkpt><trkpt lat="35.33912" lon="-83.60147"><ele>739.7304892446846</ele></trkpt><trkpt lat="35.33908" lon="-83.60137"><ele>738.0607468052491</ele></trkpt><trkpt lat="35.33825" lon="-83.60131"><ele>730.0673528891057</ele></trkpt><trkpt lat="35.33817" lon="-83.60139"><ele>729.3390826666728</ele></trkpt><trkpt lat="35.33813" lon="-83.60147"><ele>728.0</ele></trkpt><trkpt lat="35.33811" lon="-83.60158"><ele>726.202860415666</ele></trkpt><trkpt lat="35.33813" lon="-83.60168"><ele>724.3615033652939</ele></trkpt><trkpt lat="35.3381" lon="-83.6018"><ele>722.2316977782175</ele></trkpt><trkpt lat="35.33801" lon="-83.60197"><ele>719.0</ele></trkpt><trkpt lat="35.33784" lon="-83.60158"><ele>715.4783148979768</ele></trkpt><trkpt lat="35.33778" lon="-83.60148"><ele>714.5661304239184</ele></trkpt><trkpt lat="35.33763" lon="-83.60145"><ele>710.0</ele></trkpt><trkpt lat="35.33743" lon="-83.60156"><ele>709.4165084445849</ele></trkpt><trkpt lat="35.33721" lon="-83.60162"><ele>708.0</ele></trkpt><trkpt lat="35.33704" lon="-83.6018"><ele>703.0</ele></trkpt><trkpt lat="35.33678" lon="-83.60192"><ele>696.2796555129111</ele></trkpt><trkpt lat="35.33674" lon="-83.60192"><ele>695.694232771636</ele></trkpt><trkpt lat="35.33661" lon="-83.60203"><ele>690.5129208890721</ele></trkpt><trkpt lat="35.33656" lon="-83.60195"><ele>690.8692295160145</ele></trkpt><trkpt lat="35.33657" lon="-83.6018"><ele>689.2088135322556</ele></trkpt><trkpt lat="35.33676" lon="-83.60129"><ele>682.0001708989503</ele></trkpt><trkpt lat="35.3367" lon="-83.60122"><ele>680.9652470183826</ele></trkpt><trkpt lat="35.33634" lon="-83.60118"><ele>675.5147624725216</ele></trkpt><trkpt lat="35.336" lon="-83.60124"><ele>671.3295893333852</ele></trkpt><trkpt lat="35.33529" lon="-83.60144"><ele>660.0089137777686</ele></trkpt><trkpt lat="35.33529" lon="-83.60144"><ele>660.0089137777686</ele></trkpt><trkpt lat="35.3349" lon="-83.60155"><ele>655.7650844454765</ele></trkpt><trkpt lat="35.33473" lon="-83.60144"><ele>658.3318601967464</ele></trkpt><trkpt lat="35.33468" lon="-83.60131"><ele>656.4021548535675</ele></trkpt><trkpt lat="35.33481" lon="-83.60102"><ele>652.3136713961139</ele></trkpt><trkpt lat="35.33487" lon="-83.60086"><ele>650.3110413513015</ele></trkpt><trkpt lat="35.33486" lon="-83.60078"><ele>648.7523516733199</ele></trkpt><trkpt lat="35.33469" lon="-83.6007"><ele>648.0114018179344</ele></trkpt><trkpt lat="35.33432" lon="-83.60071"><ele>642.0293795550242</ele></trkpt><trkpt lat="35.33414" lon="-83.60068"><ele>640.6929949802607</ele></trkpt><trkpt lat="35.33385" lon="-83.60057"><ele>634.6083205556497</ele></trkpt><trkpt lat="35.33383" lon="-83.6005"><ele>637.7280319351703</ele></trkpt><trkpt lat="35.33375" lon="-83.60049"><ele>633.9060909375548</ele></trkpt><trkpt lat="35.33357" lon="-83.60032"><ele>633.2046968890354</ele></trkpt><trkpt lat="35.33323" lon="-83.6002"><ele>627.6363224945962</ele></trkpt><trkpt lat="35.33323" lon="-83.60016"><ele>626.0982855232958</ele></trkpt><trkpt lat="35.33326" lon="-83.60013"><ele>623.94066133257</ele></trkpt><trkpt lat="35.3337" lon="-83.59994"><ele>616.1277852330579</ele></trkpt><trkpt lat="35.33391" lon="-83.59976"><ele>613.6974115557969</ele></trkpt><trkpt lat="35.33398" lon="-83.59955"><ele>609.4808879401535</ele></trkpt><trkpt lat="35.33401" lon="-83.59931"><ele>605.9205703837797</ele></trkpt><trkpt lat="35.33417" lon="-83.59891"><ele>600.4194480841979</ele></trkpt><trkpt lat="35.33428" lon="-83.59849"><ele>595.6188254468143</ele></trkpt><trkpt lat="35.33457" lon="-83.5979"><ele>590.1855588350445</ele></trkpt><trkpt lat="35.33451" lon="-83.59773"><ele>586.75795394741</ele></trkpt><trkpt lat="35.33458" lon="-83.59728"><ele>583.5430855485822</ele></trkpt><trkpt lat="35.33454" lon="-83.59683"><ele>579.0224923636318</ele></trkpt><trkpt lat="35.33458" lon="-83.59674"><ele>578.7120372336358</ele></trkpt><trkpt lat="35.33474" lon="-83.59651"><ele>575.2364337770268</ele></trkpt><trkpt lat="35.33485" lon="-83.59647"><ele>574.5533806346357</ele></trkpt><trkpt lat="35.33485" lon="-83.59639"><ele>578.009647015739</ele></trkpt><trkpt lat="35.33478" lon="-83.59632"><ele>575.9130390070543</ele></trkpt><trkpt lat="35.33468" lon="-83.59628"><ele>574.9646862223744</ele></trkpt><trkpt lat="35.33391" lon="-83.59585"><ele>561.2515289443688</ele></trkpt><trkpt lat="35.33374" lon="-83.59571"><ele>559.8274669175305</ele></trkpt><trkpt lat="35.33359" lon="-83.59553"><ele>561.0876990492332</ele></trkpt><trkpt lat="35.33347" lon="-83.59544"><ele>561.6291804444045</ele></trkpt><trkpt lat="35.33328" lon="-83.59521"><ele>566.8405718225986</ele></trkpt><trkpt lat="35.33307" lon="-83.5951"><ele>565.9705288764089</ele></trkpt><trkpt lat="35.333" lon="-83.59501"><ele>562.4974020831287</ele></trkpt><trkpt lat="35.33298" lon="-83.59495"><ele>561.354889029637</ele></trkpt><trkpt lat="35.33296" lon="-83.59476"><ele>557.21237626113</ele></trkpt><trkpt lat="35.33301" lon="-83.59455"><ele>554.9624720467255</ele></trkpt><trkpt lat="35.333" lon="-83.59441"><ele>550.4974020831287</ele></trkpt><trkpt lat="35.3331" lon="-83.5942"><ele>548.2099715806544</ele></trkpt><trkpt lat="35.33303" lon="-83.59406"><ele>546.9541231766186</ele></trkpt><trkpt lat="35.33303" lon="-83.5938"><ele>544.1524521894753</ele></trkpt><trkpt lat="35.333" lon="-83.59364"><ele>541.4974020831287</ele></trkpt><trkpt lat="35.33255" lon="-83.59268"><ele>528.7909268066287</ele></trkpt><trkpt lat="35.33246" lon="-83.59254"><ele>525.0</ele></trkpt><trkpt lat="35.33242" lon="-83.59251"><ele>525.3000691812555</ele></trkpt><trkpt lat="35.33242" lon="-83.59251"><ele>525.3000691812555</ele></trkpt><trkpt lat="35.33238" lon="-83.59249"><ele>524.0796289499849</ele></trkpt><trkpt lat="35.33238" lon="-83.59249"><ele>524.0796289499849</ele></trkpt><trkpt lat="35.33226" lon="-83.59243"><ele>524.0</ele></trkpt><trkpt lat="35.33226" lon="-83.59243"><ele>524.0</ele></trkpt><trkpt lat="35.33217" lon="-83.59256"><ele>524.0</ele></trkpt><trkpt lat="35.33199337434437" lon="-83.59243383881741"><ele>525.0</ele></trkpt><trkpt lat="35.33199337434437" lon="-83.59243383881741"><ele>525.0</ele></trkpt><trkpt lat="35.33196" lon="-83.59241"><ele>524.1625848887488</ele></trkpt><trkpt lat="35.33175" lon="-83.59218"><ele>524.0403331408199</ele></trkpt><trkpt lat="35.33175" lon="-83.59218"><ele>524.0403331408199</ele></trkpt><trkpt lat="35.33168" lon="-83.59216"><ele>524.0</ele></trkpt><trkpt lat="35.33168" lon="-83.59216"><ele>524.0</ele></trkpt><trkpt lat="35.33129" lon="-83.59207"><ele>525.1864425577223</ele></trkpt><trkpt lat="35.33127" lon="-83.59206"><ele>526.3289314378053</ele></trkpt><trkpt lat="35.33126" lon="-83.59191"><ele>526.0392797729</ele></trkpt><trkpt lat="35.331192927896986" lon="-83.59181243831779"><ele>526.0</ele></trkpt><trkpt lat="35.331192927896986" lon="-83.59181243831779"><ele>526.0</ele></trkpt><trkpt lat="35.33119588530903" lon="-83.59179469285817"><ele>526.0</ele></trkpt><trkpt lat="35.33127065921642" lon="-83.59182045193633"><ele>526.2912740726024</ele></trkpt></trkseg></trk><trk><name>Matt's Roadwalk Part 1</name><extensions><gpxx:TrackExtension><gpxx:DisplayColor>Red</gpxx:DisplayColor></gpxx:TrackExtension></extensions><trkseg><trkpt lat="34.86354590877202" lon="-83.09817969482428"><ele>533.0</ele></trkpt><trkpt lat="34.863827610011064" lon="-83.09852301757819"><ele>531.9093611333519</ele></trkpt><trkpt lat="34.863751785446674" lon="-83.09852606152293"><ele>530.8002240057027</ele></trkpt><trkpt lat="34.86376" lon="-83.09883"><ele>531.0</ele></trkpt><trkpt lat="34.86347" lon="-83.09932"><ele>527.0</ele></trkpt><trkpt lat="34.86345" lon="-83.09963"><ele>526.0</ele></trkpt><trkpt lat="34.8635" lon="-83.1002"><ele>524.6411451089272</ele></trkpt><trkpt lat="34.86364" lon="-83.10059"><ele>524.0</ele></trkpt><trkpt lat="34.86364" lon="-83.10059"><ele>524.0</ele></trkpt><trkpt lat="34.8637" lon="-83.10073"><ele>523.0</ele></trkpt><trkpt lat="34.86371" lon="-83.10115"><ele>523.0</ele></trkpt><trkpt lat="34.86366" lon="-83.10173"><ele>521.0</ele></trkpt><trkpt lat="34.86366" lon="-83.10173"><ele>521.0</ele></trkpt><trkpt lat="34.86366" lon="-83.10173"><ele>521.0</ele></trkpt><trkpt lat="34.86361" lon="-83.10208"><ele>519.9421863689612</ele></trkpt><trkpt lat="34.86354" lon="-83.10225"><ele>519.0</ele></trkpt><trkpt lat="34.863181749872815" lon="-83.10259267403468"><ele>516.9792991736904</ele></trkpt><trkpt lat="34.863181749872815" lon="-83.10259267403468"><ele>516.9792991736904</ele></trkpt><trkpt lat="34.86308" lon="-83.10269"><ele>516.2453417959312</ele></trkpt><trkpt lat="34.86302" lon="-83.10292"><ele>516.0</ele></trkpt><trkpt lat="34.86312" lon="-83.1032"><ele>517.0</ele></trkpt><trkpt lat="34.86335" lon="-83.10353"><ele>519.7032568892464</ele></trkpt><trkpt lat="34.8635" lon="-83.10357"><ele>521.0</ele></trkpt><trkpt lat="34.86363" lon="-83.10352"><ele>522.0</ele></trkpt><trkpt lat="34.86377" lon="-83.10355"><ele>524.0</ele></trkpt><trkpt lat="34.86387" lon="-83.1037"><ele>525.0</ele></trkpt><trkpt lat="34.86398" lon="-83.10395"><ele>526.0</ele></trkpt><trkpt lat="34.86399" lon="-83.10409"><ele>526.8275507643854</ele></trkpt><trkpt lat="34.8639" lon="-83.10443"><ele>528.0</ele></trkpt><trkpt lat="34.86367" lon="-83.10489"><ele>531.0</ele></trkpt><trkpt lat="34.86363" lon="-83.10512"><ele>532.0</ele></trkpt><trkpt lat="34.86384" lon="-83.10539"><ele>533.0</ele></trkpt><trkpt lat="34.86384" lon="-83.10539"><ele>533.0</ele></trkpt><trkpt lat="34.86384" lon="-83.10539"><ele>533.0</ele></trkpt><trkpt lat="34.86388240379473" lon="-83.10545784607157"><ele>534.0</ele></trkpt><trkpt lat="34.86388240379473" lon="-83.10545784607157"><ele>534.0</ele></trkpt><trkpt lat="34.86409" lon="-83.10579"><ele>534.0</ele></trkpt><trkpt lat="34.86413" lon="-83.10595"><ele>534.0</ele></trkpt><trkpt lat="34.86424" lon="-83.10606"><ele>534.0</ele></trkpt><trkpt lat="34.86424" lon="-83.10606"><ele>534.0</ele></trkpt><trkpt lat="34.86424" lon="-83.10606"><ele>534.0</ele></trkpt><trkpt lat="34.86456" lon="-83.10626"><ele>532.4580464560054</ele></trkpt><trkpt lat="34.864669712356346" lon="-83.10630114213363"><ele>532.0</ele></trkpt><trkpt lat="34.86467" lon="-83.1063"><ele>532.0</ele></trkpt><trkpt lat="34.86477" lon="-83.10624"><ele>531.0</ele></trkpt><trkpt lat="34.86504421440228" lon="-83.10619577187059"><ele>531.0</ele></trkpt><trkpt lat="34.86508" lon="-83.10619"><ele>531.0</ele></trkpt><trkpt lat="34.86535" lon="-83.10614"><ele>531.0</ele></trkpt><trkpt lat="34.86544" lon="-83.10616"><ele>531.3580391575772</ele></trkpt><trkpt lat="34.86554" lon="-83.10625"><ele>532.0</ele></trkpt><trkpt lat="34.86554" lon="-83.10625"><ele>532.0</ele></trkpt><trkpt lat="34.86554" lon="-83.10625"><ele>532.0</ele></trkpt><trkpt lat="34.86581" lon="-83.10632"><ele>534.0</ele></trkpt><trkpt lat="34.86589" lon="-83.10632"><ele>535.0</ele></trkpt><trkpt lat="34.86589" lon="-83.10632"><ele>535.0</ele></trkpt><trkpt lat="34.86589" lon="-83.10632"><ele>535.0</ele></trkpt><trkpt lat="34.86643" lon="-83.10608"><ele>541.0</ele></trkpt><trkpt lat="34.86679" lon="-83.10598"><ele>544.0</ele></trkpt><trkpt lat="34.86679" lon="-83.10598"><ele>544.0</ele></trkpt><trkpt lat="34.86685" lon="-83.10596"><ele>545.0</ele></trkpt><trkpt lat="34.86716" lon="-83.10602"><ele>547.0</ele></trkpt><trkpt lat="34.86736" lon="-83.10614"><ele>547.0</ele></trkpt><trkpt lat="34.86742170143857" lon="-83.1062788282368"><ele>547.0</ele></trkpt><trkpt lat="34.86742170143857" lon="-83.1062788282368"><ele>547.0</ele></trkpt><trkpt lat="34.86744" lon="-83.10632"><ele>547.0</ele></trkpt><trkpt lat="34.86745" lon="-83.10661"><ele>547.0</ele></trkpt><trkpt lat="34.86743352415809" lon="-83.10663422917928"><ele>547.0</ele></trkpt><trkpt lat="34.86743352415809" lon="-83.10663422917928"><ele>547.0</ele></trkpt><trkpt lat="34.86728" lon="-83.10686"><ele>545.0</ele></trkpt><trkpt lat="34.86716" lon="-83.10732"><ele>541.1244847463618</ele></trkpt><trkpt lat="34.86707" lon="-83.10785"><ele>537.0</ele></trkpt><trkpt lat="34.86707" lon="-83.10785"><ele>537.0</ele></trkpt><trkpt lat="34.8668" lon="-83.10787"><ele>535.0</ele></trkpt><trkpt lat="34.86657" lon="-83.10795"><ele>533.0</ele></trkpt><trkpt lat="34.86640690426088" lon="-83.10802675093606"><ele>532.0</ele></trkpt><trkpt lat="34.866404593098714" lon="-83.10802783854395"><ele>532.0</ele></trkpt><trkpt lat="34.8664" lon="-83.10803"><ele>532.0</ele></trkpt><trkpt lat="34.86597" lon="-83.10841"><ele>530.3540399208131</ele></trkpt><trkpt lat="34.86577" lon="-83.10871"><ele>530.0</ele></trkpt><trkpt lat="34.86562" lon="-83.10905"><ele>530.0</ele></trkpt><trkpt lat="34.86557" lon="-83.10922"><ele>530.0</ele></trkpt><trkpt lat="34.86551" lon="-83.1096"><ele>530.0</ele></trkpt><trkpt lat="34.86549" lon="-83.11017"><ele>529.0</ele></trkpt><trkpt lat="34.86543" lon="-83.11063"><ele>529.0</ele></trkpt><trkpt lat="34.86543" lon="-83.11063"><ele>529.0</ele></trkpt><trkpt lat="34.86543" lon="-83.11063"><ele>529.0</ele></trkpt><trkpt lat="34.86526" lon="-83.11111"><ele>529.0</ele></trkpt><trkpt lat="34.86508" lon="-83.11145"><ele>532.0</ele></trkpt><trkpt lat="34.86441" lon="-83.1125"><ele>542.0</ele></trkpt><trkpt lat="34.8638" lon="-83.11337"><ele>539.0</ele></trkpt><trkpt lat="34.86362" lon="-83.11375"><ele>537.0</ele></trkpt><trkpt lat="34.86358892245464" lon="-83.11388318948012"><ele>536.9306198595818</ele></trkpt><trkpt lat="34.86358892245464" lon="-83.11388318948012"><ele>536.9306198595818</ele></trkpt><trkpt lat="34.86355" lon="-83.11405"><ele>536.025069015194</ele></trkpt><trkpt lat="34.86351" lon="-83.11433"><ele>536.0</ele></trkpt><trkpt lat="34.86337" lon="-83.116"><ele>530.0</ele></trkpt><trkpt lat="34.86324" lon="-83.11666"><ele>531.0</ele></trkpt><trkpt lat="34.863083791851395" lon="-83.11719735603118"><ele>535.0</ele></trkpt><trkpt lat="34.863083791851395" lon="-83.11719735603118"><ele>535.0</ele></trkpt><trkpt lat="34.86265516662714" lon="-83.11867182680261"><ele>539.0</ele></trkpt><trkpt lat="34.862649897995226" lon="-83.11868995089641"><ele>539.0</ele></trkpt><trkpt lat="34.86233528181466" lon="-83.11977223055756"><ele>539.0</ele></trkpt><trkpt lat="34.86233528181466" lon="-83.11977223055756"><ele>539.0</ele></trkpt><trkpt lat="34.86224" lon="-83.1201"><ele>539.0</ele></trkpt><trkpt lat="34.86208" lon="-83.12055"><ele>536.6499078124762</ele></trkpt><trkpt lat="34.86193" lon="-83.12083"><ele>534.0</ele></trkpt><trkpt lat="34.86151" lon="-83.12128"><ele>534.0</ele></trkpt><trkpt lat="34.860207549773286" lon="-83.12244582957356"><ele>542.0</ele></trkpt><trkpt lat="34.860207549773286" lon="-83.12244582957356"><ele>542.0</ele></trkpt><trkpt lat="34.86008" lon="-83.12256"><ele>542.0</ele></trkpt><trkpt lat="34.86008" lon="-83.12256"><ele>542.0</ele></trkpt><trkpt lat="34.859803900429156" lon="-83.1228163074869"><ele>543.0</ele></trkpt><trkpt lat="34.859803900429156" lon="-83.1228163074869"><ele>543.0</ele></trkpt><trkpt lat="34.85917582784106" lon="-83.12339935695042"><ele>546.0</ele></trkpt><trkpt lat="34.85917582784106" lon="-83.12339935695042"><ele>546.0</ele></trkpt><trkpt lat="34.858782683258006" lon="-83.12376431912608"><ele>546.0</ele></trkpt><trkpt lat="34.858782683258006" lon="-83.12376431912608"><ele>546.0</ele></trkpt><trkpt lat="34.85768317856571" lon="-83.12478500627772"><ele>540.931842526421</ele></trkpt><trkpt lat="34.85768317856571" lon="-83.12478500627772"><ele>540.931842526421</ele></trkpt><trkpt lat="34.85746086861343" lon="-83.1249913800327"><ele>539.0</ele></trkpt><trkpt lat="34.85746086861343" lon="-83.1249913800327"><ele>539.0</ele></trkpt><trkpt lat="34.85729" lon="-83.12515"><ele>539.0</ele></trkpt><trkpt lat="34.85681" lon="-83.12549"><ele>537.0</ele></trkpt><trkpt lat="34.85599873662271" lon="-83.12587604946918"><ele>538.0</ele></trkpt><trkpt lat="34.85599873662271" lon="-83.12587604946918"><ele>538.0</ele></trkpt><trkpt lat="34.85536" lon="-83.12618"><ele>536.0</ele></trkpt><trkpt lat="34.85304124664966" lon="-83.12723397879562"><ele>522.0</ele></trkpt><trkpt lat="34.85304124664966" lon="-83.12723397879562"><ele>522.0</ele></trkpt><trkpt lat="34.85284417714425" lon="-83.12732355584353"><ele>522.0</ele></trkpt><trkpt lat="34.85284417714425" lon="-83.12732355584353"><ele>522.0</ele></trkpt><trkpt lat="34.85151" lon="-83.12793"><ele>518.0</ele></trkpt><trkpt lat="34.85081918872429" lon="-83.12814614340529"><ele>518.0</ele></trkpt><trkpt lat="34.85081918872429" lon="-83.12814614340529"><ele>518.0</ele></trkpt><trkpt lat="34.8502207240881" lon="-83.12833339307673"><ele>519.0</ele></trkpt><trkpt lat="34.8502207240881" lon="-83.12833339307673"><ele>519.0</ele></trkpt><trkpt lat="34.84988" lon="-83.12844"><ele>521.0</ele></trkpt><trkpt lat="34.84988" lon="-83.12844"><ele>521.0</ele></trkpt><trkpt lat="34.8488273743054" lon="-83.12876290691598"><ele>525.0</ele></trkpt><trkpt lat="34.848799473976946" lon="-83.12877146571239"><ele>525.0</ele></trkpt><trkpt lat="34.848410182822846" lon="-83.12889088594565"><ele>524.0</ele></trkpt><trkpt lat="34.848410182822846" lon="-83.12889088594565"><ele>524.0</ele></trkpt><trkpt lat="34.84574" lon="-83.12971"><ele>510.0</ele></trkpt><trkpt lat="34.84574" lon="-83.12971"><ele>510.0</ele></trkpt><trkpt lat="34.84574" lon="-83.12971"><ele>510.0</ele></trkpt><trkpt lat="34.84562031711821" lon="-83.1297611145641"><ele>510.0</ele></trkpt><trkpt lat="34.84562031711821" lon="-83.1297611145641"><ele>510.0</ele></trkpt><trkpt lat="34.84382" lon="-83.13053"><ele>512.0</ele></trkpt><trkpt lat="34.84209" lon="-83.13114"><ele>511.0</ele></trkpt><trkpt lat="34.84209" lon="-83.13114"><ele>511.0</ele></trkpt><trkpt lat="34.84201" lon="-83.13135"><ele>511.0</ele></trkpt><trkpt lat="34.84200968087109" lon="-83.13135176911473"><ele>511.0</ele></trkpt><trkpt lat="34.84208" lon="-83.13137"><ele>511.0</ele></trkpt><trkpt lat="34.84233" lon="-83.13153"><ele>510.0</ele></trkpt><trkpt lat="34.8425" lon="-83.13167"><ele>509.87769244425</ele></trkpt><trkpt lat="34.84267151154245" lon="-83.13189026900434"><ele>508.0</ele></trkpt><trkpt lat="34.84267151154245" lon="-83.13189026900434"><ele>508.0</ele></trkpt><trkpt lat="34.84292502614003" lon="-83.13221585296914"><ele>507.0</ele></trkpt><trkpt lat="34.84292502614003" lon="-83.13221585296914"><ele>507.0</ele></trkpt><trkpt lat="34.84452708884235" lon="-83.13427335155673"><ele>501.0</ele></trkpt><trkpt lat="34.84452708884235" lon="-83.13427335155673"><ele>501.0</ele></trkpt><trkpt lat="34.84490790198251" lon="-83.134762422613"><ele>499.0</ele></trkpt><trkpt lat="34.84490790198251" lon="-83.134762422613"><ele>499.0</ele></trkpt><trkpt lat="34.845323384566925" lon="-83.13529601897558"><ele>497.0</ele></trkpt><trkpt lat="34.845323384566925" lon="-83.13529601897558"><ele>497.0</ele></trkpt><trkpt lat="34.84549" lon="-83.13551"><ele>497.0</ele></trkpt><trkpt lat="34.84598" lon="-83.13613"><ele>496.0</ele></trkpt><trkpt lat="34.8462" lon="-83.13635"><ele>496.0</ele></trkpt><trkpt lat="34.84649" lon="-83.13656"><ele>495.0</ele></trkpt><trkpt lat="34.84667" lon="-83.13665"><ele>495.0</ele></trkpt><trkpt lat="34.846761300827886" lon="-83.13668729972846"><ele>494.9628829907657</ele></trkpt><trkpt lat="34.847164178519776" lon="-83.1368142334748"><ele>494.0</ele></trkpt><trkpt lat="34.84715486433107" lon="-83.1368480841546"><ele>494.0</ele></trkpt><trkpt lat="34.84770622206456" lon="-83.13707333462393"><ele>493.0</ele></trkpt><trkpt lat="34.84770622206456" lon="-83.13707333462393"><ele>493.0</ele></trkpt><trkpt lat="34.84809172360665" lon="-83.1372308261076"><ele>492.0</ele></trkpt><trkpt lat="34.84811775674315" lon="-83.13724146159629"><ele>492.0</ele></trkpt><trkpt lat="34.84831" lon="-83.13732"><ele>491.0</ele></trkpt><trkpt lat="34.84851" lon="-83.13751"><ele>490.0</ele></trkpt><trkpt lat="34.84875" lon="-83.13786"><ele>488.0</ele></trkpt><trkpt lat="34.84895" lon="-83.13803"><ele>487.0</ele></trkpt><trkpt lat="34.84906" lon="-83.13807"><ele>486.86692193588766</ele></trkpt><trkpt lat="34.84988" lon="-83.13819"><ele>484.0</ele></trkpt><trkpt lat="34.84988" lon="-83.13819"><ele>484.0</ele></trkpt><trkpt lat="34.85004" lon="-83.13823"><ele>483.0</ele></trkpt><trkpt lat="34.85029" lon="-83.13835"><ele>482.0</ele></trkpt><trkpt lat="34.85067" lon="-83.13872"><ele>480.0</ele></trkpt><trkpt lat="34.85082680824656" lon="-83.13890407924596"><ele>480.0</ele></trkpt><trkpt lat="34.85082680824656" lon="-83.13890407924596"><ele>480.0</ele></trkpt><trkpt lat="34.85113" lon="-83.13926"><ele>479.0</ele></trkpt><trkpt lat="34.8515" lon="-83.13985"><ele>478.77996536530554</ele></trkpt><trkpt lat="34.851672815964875" lon="-83.14022443459058"><ele>478.0</ele></trkpt><trkpt lat="34.85168477860452" lon="-83.14025035364314"><ele>478.0</ele></trkpt><trkpt lat="34.8518" lon="-83.1405"><ele>478.0</ele></trkpt><trkpt lat="34.8523" lon="-83.14235"><ele>476.0</ele></trkpt><trkpt lat="34.85246" lon="-83.14283"><ele>476.0</ele></trkpt><trkpt lat="34.85246" lon="-83.14283"><ele>476.0</ele></trkpt><trkpt lat="34.85253" lon="-83.14299"><ele>476.0</ele></trkpt><trkpt lat="34.85253" lon="-83.14299"><ele>476.0</ele></trkpt><trkpt lat="34.85282" lon="-83.14353"><ele>477.0</ele></trkpt><trkpt lat="34.85282" lon="-83.14353"><ele>477.0</ele></trkpt><trkpt lat="34.85282" lon="-83.14353"><ele>477.0</ele></trkpt><trkpt lat="34.85327" lon="-83.1441"><ele>478.0</ele></trkpt><trkpt lat="34.85348" lon="-83.14432"><ele>478.0</ele></trkpt><trkpt lat="34.85373" lon="-83.14453"><ele>478.0</ele></trkpt><trkpt lat="34.85373" lon="-83.14453"><ele>478.0</ele></trkpt><trkpt lat="34.854" lon="-83.14473"><ele>477.18641700630076</ele></trkpt><trkpt lat="34.85437255784528" lon="-83.14493247708982"><ele>477.0</ele></trkpt><trkpt lat="34.85437255784528" lon="-83.14493247708982"><ele>477.0</ele></trkpt><trkpt lat="34.85446" lon="-83.14498"><ele>477.0</ele></trkpt><trkpt lat="34.85446" lon="-83.14498"><ele>477.0</ele></trkpt><trkpt lat="34.85456" lon="-83.14505"><ele>477.0</ele></trkpt><trkpt lat="34.85456" lon="-83.14505"><ele>477.0</ele></trkpt><trkpt lat="34.854747758437206" lon="-83.14515672580657"><ele>477.0</ele></trkpt><trkpt lat="34.85475" lon="-83.14515"><ele>477.0</ele></trkpt><trkpt lat="34.85468" lon="-83.14536"><ele>475.9542176027496</ele></trkpt><trkpt lat="34.85468" lon="-83.14558"><ele>476.0</ele></trkpt><trkpt lat="34.85516" lon="-83.1463"><ele>482.0890537157705</ele></trkpt><trkpt lat="34.85573" lon="-83.14728"><ele>489.0</ele></trkpt><trkpt lat="34.85604" lon="-83.14823"><ele>491.0</ele></trkpt><trkpt lat="34.85618" lon="-83.14883"><ele>489.0</ele></trkpt><trkpt lat="34.85617" lon="-83.14898"><ele>488.0</ele></trkpt><trkpt lat="34.85609" lon="-83.14921"><ele>487.0</ele></trkpt><trkpt lat="34.85588" lon="-83.14947"><ele>484.337567999959</ele></trkpt><trkpt lat="34.8557" lon="-83.14963"><ele>482.9168759547567</ele></trkpt><trkpt lat="34.85556" lon="-83.14982"><ele>480.0</ele></trkpt><trkpt lat="34.85532" lon="-83.15039"><ele>477.0</ele></trkpt><trkpt lat="34.85516" lon="-83.15068"><ele>479.0</ele></trkpt><trkpt lat="34.85512" lon="-83.15084"><ele>479.50905955582857</ele></trkpt><trkpt lat="34.8551" lon="-83.15109"><ele>482.0</ele></trkpt><trkpt lat="34.85521" lon="-83.15153"><ele>485.82372703028113</ele></trkpt><trkpt lat="34.85526" lon="-83.15214"><ele>492.0</ele></trkpt><trkpt lat="34.85536" lon="-83.15256"><ele>496.0</ele></trkpt><trkpt lat="34.85551" lon="-83.15298"><ele>499.0</ele></trkpt><trkpt lat="34.85556" lon="-83.15325"><ele>499.0</ele></trkpt><trkpt lat="34.85557" lon="-83.15354"><ele>500.0</ele></trkpt><trkpt lat="34.85555" lon="-83.15372"><ele>500.0</ele></trkpt><trkpt lat="34.85544" lon="-83.15404"><ele>501.0</ele></trkpt><trkpt lat="34.85542" lon="-83.15419"><ele>501.0</ele></trkpt><trkpt lat="34.85542" lon="-83.15419"><ele>501.0</ele></trkpt><trkpt lat="34.85449" lon="-83.15426"><ele>496.627961830155</ele></trkpt><trkpt lat="34.85257" lon="-83.15422"><ele>484.0</ele></trkpt><trkpt lat="34.85237" lon="-83.15425"><ele>483.0</ele></trkpt><trkpt lat="34.85218" lon="-83.15433"><ele>482.0</ele></trkpt><trkpt lat="34.85203" lon="-83.15446"><ele>481.0</ele></trkpt><trkpt lat="34.85194" lon="-83.15457"><ele>481.0</ele></trkpt><trkpt lat="34.85185" lon="-83.15478"><ele>480.0</ele></trkpt><trkpt lat="34.85178" lon="-83.15503"><ele>479.0</ele></trkpt><trkpt lat="34.85159" lon="-83.156"><ele>474.0</ele></trkpt><trkpt lat="34.85145" lon="-83.1565"><ele>473.0</ele></trkpt><trkpt lat="34.85145" lon="-83.1565"><ele>473.0</ele></trkpt><trkpt lat="34.85139" lon="-83.1566"><ele>472.0</ele></trkpt><trkpt lat="34.85139" lon="-83.1566"><ele>472.0</ele></trkpt><trkpt lat="34.85117" lon="-83.15684"><ele>472.0</ele></trkpt><trkpt lat="34.85097" lon="-83.15694"><ele>472.0</ele></trkpt><trkpt lat="34.85077" lon="-83.15698"><ele>472.0</ele></trkpt><trkpt lat="34.850710090112095" lon="-83.15696922968307"><ele>472.139976804842</ele></trkpt><trkpt lat="34.850710090112095" lon="-83.15696922968307"><ele>472.139976804842</ele></trkpt><trkpt lat="34.84988" lon="-83.15682"><ele>474.8027413338423</ele></trkpt><trkpt lat="34.84988" lon="-83.15682"><ele>474.8027413338423</ele></trkpt><trkpt lat="34.84955" lon="-83.15676"><ele>476.0</ele></trkpt><trkpt lat="34.84936" lon="-83.15678"><ele>477.0</ele></trkpt><trkpt lat="34.8493" lon="-83.15683"><ele>478.0</ele></trkpt><trkpt lat="34.84926" lon="-83.15691"><ele>478.42644366808236</ele></trkpt><trkpt lat="34.84925" lon="-83.15702"><ele>479.0</ele></trkpt><trkpt lat="34.84988" lon="-83.15889"><ele>488.0</ele></trkpt><trkpt lat="34.84988" lon="-83.15889"><ele>488.0</ele></trkpt><trkpt lat="34.85118" lon="-83.16277"><ele>507.0</ele></trkpt><trkpt lat="34.85138" lon="-83.16317"><ele>510.0</ele></trkpt><trkpt lat="34.8514" lon="-83.1633"><ele>511.0</ele></trkpt><trkpt lat="34.8514" lon="-83.1633"><ele>511.0</ele></trkpt><trkpt lat="34.8514" lon="-83.1633"><ele>511.0</ele></trkpt><trkpt lat="34.85224" lon="-83.16381"><ele>515.0</ele></trkpt><trkpt lat="34.85309" lon="-83.16427"><ele>518.0</ele></trkpt><trkpt lat="34.85341" lon="-83.16452"><ele>518.9675008695299</ele></trkpt><trkpt lat="34.85369" lon="-83.16486"><ele>519.0</ele></trkpt><trkpt lat="34.85386" lon="-83.16514"><ele>520.0</ele></trkpt><trkpt lat="34.85454" lon="-83.1665"><ele>524.0</ele></trkpt><trkpt lat="34.85454" lon="-83.1665"><ele>524.0</ele></trkpt><trkpt lat="34.85481" lon="-83.16718"><ele>522.9979904462557</ele></trkpt><trkpt lat="34.85515" lon="-83.16826"><ele>522.0</ele></trkpt><trkpt lat="34.85524" lon="-83.16838"><ele>522.0</ele></trkpt><trkpt lat="34.85523279561815" lon="-83.16837039402621"><ele>522.0</ele></trkpt><trkpt lat="34.855" lon="-83.16894"><ele>522.4530873466283</ele></trkpt><trkpt lat="34.85468" lon="-83.16943"><ele>525.0</ele></trkpt><trkpt lat="34.85463200565308" lon="-83.1694936069658"><ele>525.0</ele></trkpt><trkpt lat="34.854626474266446" lon="-83.16950093787798"><ele>525.0</ele></trkpt><trkpt lat="34.8542581308006" lon="-83.16998910375824"><ele>528.0</ele></trkpt><trkpt lat="34.8542581308006" lon="-83.16998910375824"><ele>528.0</ele></trkpt><trkpt lat="34.854038792526595" lon="-83.17027979303705"><ele>529.0</ele></trkpt><trkpt lat="34.854038792526595" lon="-83.17027979303705"><ele>529.0</ele></trkpt><trkpt lat="34.85385" lon="-83.17053"><ele>529.0</ele></trkpt><trkpt lat="34.85369" lon="-83.17082"><ele>529.0</ele></trkpt><trkpt lat="34.85360334111483" lon="-83.17104195285896"><ele>528.0</ele></trkpt><trkpt lat="34.85360334111483" lon="-83.17104195285896"><ele>528.0</ele></trkpt><trkpt lat="34.853470893313684" lon="-83.17138118141087"><ele>526.0</ele></trkpt><trkpt lat="34.85345793362581" lon="-83.17141437408084"><ele>526.0</ele></trkpt><trkpt lat="34.85334840419828" lon="-83.17169490353298"><ele>525.0</ele></trkpt><trkpt lat="34.85334840419828" lon="-83.17169490353298"><ele>525.0</ele></trkpt><trkpt lat="34.85271" lon="-83.17333"><ele>522.0</ele></trkpt><trkpt lat="34.85219418640153" lon="-83.17470676717826"><ele>522.0</ele></trkpt><trkpt lat="34.8522" lon="-83.17471"><ele>522.0</ele></trkpt><trkpt lat="34.85228" lon="-83.17479"><ele>522.0</ele></trkpt><trkpt lat="34.85235" lon="-83.17495"><ele>521.0</ele></trkpt><trkpt lat="34.85237" lon="-83.17574"><ele>518.0</ele></trkpt><trkpt lat="34.85255" lon="-83.17819"><ele>515.0</ele></trkpt><trkpt lat="34.85265" lon="-83.17858"><ele>515.0</ele></trkpt><trkpt lat="34.85322" lon="-83.17934"><ele>514.0</ele></trkpt><trkpt lat="34.85381" lon="-83.18"><ele>515.0</ele></trkpt><trkpt lat="34.85472" lon="-83.18118"><ele>517.8068509433032</ele></trkpt><trkpt lat="34.8550358213761" lon="-83.18174515404144"><ele>520.0</ele></trkpt><trkpt lat="34.85503" lon="-83.18175"><ele>520.0</ele></trkpt><trkpt lat="34.85513" lon="-83.18171"><ele>520.7854131380238</ele></trkpt><trkpt lat="34.8554" lon="-83.18174"><ele>522.0</ele></trkpt><trkpt lat="34.85646" lon="-83.1817"><ele>521.3107022214681</ele></trkpt><trkpt lat="34.85646" lon="-83.1817"><ele>521.3107022214681</ele></trkpt><trkpt lat="34.85759" lon="-83.18182"><ele>521.0</ele></trkpt><trkpt lat="34.85783" lon="-83.18188"><ele>521.0</ele></trkpt><trkpt lat="34.85788804687069" lon="-83.18192042549924"><ele>522.0</ele></trkpt><trkpt lat="34.85797592455557" lon="-83.18183242958075"><ele>520.8609635587782</ele></trkpt></trkseg></trk><trk><name>Matt's Roadwalk Part 2</name><extensions><gpxx:TrackExtension><gpxx:DisplayColor>Red</gpxx:DisplayColor></gpxx:TrackExtension></extensions><trkseg><trkpt lat="34.85766" lon="-83.18275"><ele>536.0</ele></trkpt><trkpt lat="34.85797592455557" lon="-83.18202043914795"><ele>523.0</ele></trkpt><trkpt lat="34.857989644767905" lon="-83.18199118052864"><ele>522.1718602997607</ele></trkpt><trkpt lat="34.85783" lon="-83.18188"><ele>521.0</ele></trkpt><trkpt lat="34.85759" lon="-83.18182"><ele>521.0</ele></trkpt><trkpt lat="34.85646" lon="-83.1817"><ele>521.3107022214681</ele></trkpt><trkpt lat="34.85646" lon="-83.1817"><ele>521.3107022214681</ele></trkpt><trkpt lat="34.8554" lon="-83.18174"><ele>522.0</ele></trkpt><trkpt lat="34.85513" lon="-83.18171"><ele>520.7854131380238</ele></trkpt><trkpt lat="34.85503" lon="-83.18175"><ele>520.0</ele></trkpt><trkpt lat="34.8550358213761" lon="-83.18174515404144"><ele>520.0</ele></trkpt><trkpt lat="34.85472" lon="-83.18118"><ele>517.8068509433032</ele></trkpt><trkpt lat="34.85381" lon="-83.18"><ele>515.0</ele></trkpt><trkpt lat="34.85322" lon="-83.17934"><ele>514.0</ele></trkpt><trkpt lat="34.85265" lon="-83.17858"><ele>515.0</ele></trkpt><trkpt lat="34.85255" lon="-83.17819"><ele>515.0</ele></trkpt><trkpt lat="34.85237" lon="-83.17574"><ele>518.0</ele></trkpt><trkpt lat="34.85235" lon="-83.17495"><ele>521.0</ele></trkpt><trkpt lat="34.85228" lon="-83.17479"><ele>522.0</ele></trkpt><trkpt lat="34.8522" lon="-83.17471"><ele>522.0</ele></trkpt><trkpt lat="34.85219418640153" lon="-83.17470676717826"><ele>522.0</ele></trkpt><trkpt lat="34.85271" lon="-83.17333"><ele>522.0</ele></trkpt><trkpt lat="34.85334840419828" lon="-83.17169490353298"><ele>525.0</ele></trkpt><trkpt lat="34.85334840419828" lon="-83.17169490353298"><ele>525.0</ele></trkpt><trkpt lat="34.85345793362581" lon="-83.17141437408084"><ele>526.0</ele></trkpt><trkpt lat="34.853470893313684" lon="-83.17138118141087"><ele>526.0</ele></trkpt><trkpt lat="34.85360334111483" lon="-83.17104195285896"><ele>528.0</ele></trkpt><trkpt lat="34.85360334111483" lon="-83.17104195285896"><ele>528.0</ele></trkpt><trkpt lat="34.85369" lon="-83.17082"><ele>529.0</ele></trkpt><trkpt lat="34.85385" lon="-83.17053"><ele>529.0</ele></trkpt><trkpt lat="34.854038792526595" lon="-83.17027979303705"><ele>529.0</ele></trkpt><trkpt lat="34.854038792526595" lon="-83.17027979303705"><ele>529.0</ele></trkpt><trkpt lat="34.8542581308006" lon="-83.16998910375824"><ele>528.0</ele></trkpt><trkpt lat="34.8542581308006" lon="-83.16998910375824"><ele>528.0</ele></trkpt><trkpt lat="34.85468" lon="-83.16943"><ele>525.0</ele></trkpt><trkpt lat="34.855" lon="-83.16894"><ele>522.4530873466283</ele></trkpt><trkpt lat="34.85523279561815" lon="-83.16837039402621"><ele>522.0</ele></trkpt><trkpt lat="34.85523279561815" lon="-83.16837039402621"><ele>522.0</ele></trkpt><trkpt lat="34.85547" lon="-83.16779"><ele>522.0</ele></trkpt><trkpt lat="34.85562" lon="-83.16757"><ele>522.0</ele></trkpt><trkpt lat="34.85586" lon="-83.16741"><ele>522.0</ele></trkpt><trkpt lat="34.85621" lon="-83.16729"><ele>521.0</ele></trkpt><trkpt lat="34.85845" lon="-83.16682"><ele>511.0</ele></trkpt><trkpt lat="34.85887" lon="-83.16679"><ele>505.11089593204633</ele></trkpt><trkpt lat="34.85914" lon="-83.16686"><ele>501.29792983453683</ele></trkpt><trkpt lat="34.85939" lon="-83.16696"><ele>498.0</ele></trkpt><trkpt lat="34.85952" lon="-83.16705"><ele>496.0</ele></trkpt><trkpt lat="34.86074" lon="-83.16805"><ele>487.0</ele></trkpt><trkpt lat="34.86293" lon="-83.16962"><ele>507.0</ele></trkpt><trkpt lat="34.86317" lon="-83.16973"><ele>507.0</ele></trkpt><trkpt lat="34.86344" lon="-83.16973"><ele>507.0</ele></trkpt><trkpt lat="34.86352759241352" lon="-83.16969934265526"><ele>507.0</ele></trkpt><trkpt lat="34.86352759241352" lon="-83.16969934265526"><ele>507.0</ele></trkpt><trkpt lat="34.86364" lon="-83.16966"><ele>507.0</ele></trkpt><trkpt lat="34.86382" lon="-83.16951"><ele>506.5941226668656</ele></trkpt><trkpt lat="34.86396" lon="-83.16928"><ele>506.0</ele></trkpt><trkpt lat="34.86402" lon="-83.16912"><ele>506.0</ele></trkpt><trkpt lat="34.86443" lon="-83.1665"><ele>508.0</ele></trkpt><trkpt lat="34.86443" lon="-83.1665"><ele>508.0</ele></trkpt><trkpt lat="34.8646" lon="-83.16578"><ele>504.16823078850274</ele></trkpt><trkpt lat="34.86472" lon="-83.16541"><ele>501.0</ele></trkpt><trkpt lat="34.865332004292576" lon="-83.16391121397737"><ele>486.0</ele></trkpt><trkpt lat="34.865332004292576" lon="-83.16391121397737"><ele>486.0</ele></trkpt><trkpt lat="34.8657" lon="-83.16301"><ele>482.0</ele></trkpt><trkpt lat="34.8657" lon="-83.16301"><ele>482.0</ele></trkpt><trkpt lat="34.86581" lon="-83.16275"><ele>482.0</ele></trkpt><trkpt lat="34.86581" lon="-83.16275"><ele>482.0</ele></trkpt><trkpt lat="34.86603426661052" lon="-83.16207720016844"><ele>483.0</ele></trkpt><trkpt lat="34.86603426661052" lon="-83.16207720016844"><ele>483.0</ele></trkpt><trkpt lat="34.86615" lon="-83.16173"><ele>484.0</ele></trkpt><trkpt lat="34.86703" lon="-83.15836"><ele>498.0</ele></trkpt><trkpt lat="34.86723" lon="-83.15764"><ele>500.0</ele></trkpt><trkpt lat="34.86770726065616" lon="-83.15638353827256"><ele>502.0</ele></trkpt><trkpt lat="34.86777841157073" lon="-83.15622993185998"><ele>502.0</ele></trkpt><trkpt lat="34.8679" lon="-83.15598"><ele>502.0</ele></trkpt><trkpt lat="34.8679" lon="-83.15598"><ele>502.0</ele></trkpt><trkpt lat="34.8681" lon="-83.15569"><ele>502.0</ele></trkpt><trkpt lat="34.86841" lon="-83.15542"><ele>502.0</ele></trkpt><trkpt lat="34.86914" lon="-83.15488"><ele>504.0</ele></trkpt><trkpt lat="34.86953" lon="-83.15463"><ele>507.0</ele></trkpt><trkpt lat="34.86988" lon="-83.15449"><ele>511.0</ele></trkpt><trkpt lat="34.87102" lon="-83.15427"><ele>524.2819282548564</ele></trkpt><trkpt lat="34.87113" lon="-83.15422"><ele>525.9911124352714</ele></trkpt><trkpt lat="34.87121" lon="-83.15414"><ele>527.0</ele></trkpt><trkpt lat="34.87121" lon="-83.15414"><ele>527.0</ele></trkpt><trkpt lat="34.87121" lon="-83.15414"><ele>527.0</ele></trkpt><trkpt lat="34.87158" lon="-83.15443"><ele>527.0</ele></trkpt><trkpt lat="34.87169363807252" lon="-83.15454008688276"><ele>527.0383087033051</ele></trkpt><trkpt lat="34.87169363807252" lon="-83.15454008688276"><ele>527.0383087033051</ele></trkpt><trkpt lat="34.8719" lon="-83.15474"><ele>528.0</ele></trkpt><trkpt lat="34.87255598796121" lon="-83.15553229714796"><ele>533.0</ele></trkpt><trkpt lat="34.87255598796121" lon="-83.15553229714796"><ele>533.0</ele></trkpt><trkpt lat="34.87267" lon="-83.15567"><ele>534.0</ele></trkpt><trkpt lat="34.87291" lon="-83.15589"><ele>535.6833190841496</ele></trkpt><trkpt lat="34.8734626857097" lon="-83.15614122077713"><ele>537.0</ele></trkpt><trkpt lat="34.8734626857097" lon="-83.15614122077713"><ele>537.0</ele></trkpt><trkpt lat="34.87401" lon="-83.15639"><ele>538.0</ele></trkpt><trkpt lat="34.87437" lon="-83.15653"><ele>538.0</ele></trkpt><trkpt lat="34.87437" lon="-83.15653"><ele>538.0</ele></trkpt><trkpt lat="34.87437" lon="-83.15653"><ele>538.0</ele></trkpt><trkpt lat="34.87464" lon="-83.15658"><ele>539.0</ele></trkpt><trkpt lat="34.87477" lon="-83.15659"><ele>539.0</ele></trkpt><trkpt lat="34.87506" lon="-83.15653"><ele>539.0</ele></trkpt><trkpt lat="34.87531" lon="-83.15641"><ele>539.0</ele></trkpt><trkpt lat="34.87554" lon="-83.15623"><ele>539.0</ele></trkpt><trkpt lat="34.87569" lon="-83.15606"><ele>539.0</ele></trkpt><trkpt lat="34.87661" lon="-83.15466"><ele>541.455870148679</ele></trkpt><trkpt lat="34.87683" lon="-83.15439"><ele>542.0</ele></trkpt><trkpt lat="34.87716" lon="-83.15408"><ele>543.0</ele></trkpt><trkpt lat="34.87748" lon="-83.15384"><ele>543.0</ele></trkpt><trkpt lat="34.87797" lon="-83.15351"><ele>544.0</ele></trkpt><trkpt lat="34.87815" lon="-83.15342"><ele>545.0</ele></trkpt><trkpt lat="34.87833" lon="-83.15336"><ele>545.0</ele></trkpt><trkpt lat="34.87863" lon="-83.1533"><ele>546.0</ele></trkpt><trkpt lat="34.87887" lon="-83.15329"><ele>546.3126648887992</ele></trkpt><trkpt lat="34.87917" lon="-83.15331"><ele>547.0</ele></trkpt><trkpt lat="34.87957" lon="-83.15348"><ele>548.0</ele></trkpt><trkpt lat="34.88008571660212" lon="-83.1538293564079"><ele>548.0</ele></trkpt><trkpt lat="34.88008571660212" lon="-83.1538293564079"><ele>548.0</ele></trkpt><trkpt lat="34.8805" lon="-83.15411"><ele>548.0</ele></trkpt><trkpt lat="34.88084" lon="-83.15438"><ele>547.0</ele></trkpt><trkpt lat="34.8818" lon="-83.15534"><ele>545.6316179808614</ele></trkpt><trkpt lat="34.8818" lon="-83.15534"><ele>545.6316179808614</ele></trkpt><trkpt lat="34.8818" lon="-83.15534"><ele>545.6316179808614</ele></trkpt><trkpt lat="34.88208" lon="-83.15569"><ele>546.0</ele></trkpt><trkpt lat="34.88225" lon="-83.15596"><ele>546.3789077028632</ele></trkpt><trkpt lat="34.88257527329515" lon="-83.15675285365693"><ele>547.0</ele></trkpt><trkpt lat="34.88257527329515" lon="-83.15675285365693"><ele>547.0</ele></trkpt><trkpt lat="34.88273" lon="-83.15713"><ele>548.0</ele></trkpt><trkpt lat="34.88297" lon="-83.15782"><ele>548.2827103305608</ele></trkpt><trkpt lat="34.88306" lon="-83.15815"><ele>548.0</ele></trkpt><trkpt lat="34.88312776758805" lon="-83.15849066949669"><ele>547.2318849177075</ele></trkpt><trkpt lat="34.88312776758805" lon="-83.15849066949669"><ele>547.2318849177075</ele></trkpt><trkpt lat="34.883280761790665" lon="-83.15925977548821"><ele>546.0</ele></trkpt><trkpt lat="34.883280761790665" lon="-83.15925977548821"><ele>546.0</ele></trkpt><trkpt lat="34.88343" lon="-83.16001"><ele>544.0</ele></trkpt><trkpt lat="34.88349" lon="-83.16038"><ele>542.7377549280732</ele></trkpt><trkpt lat="34.88349287221907" lon="-83.16048052766749"><ele>542.0</ele></trkpt><trkpt lat="34.88349287221907" lon="-83.16048052766749"><ele>542.0</ele></trkpt><trkpt lat="34.8835" lon="-83.16073"><ele>541.0</ele></trkpt><trkpt lat="34.88333" lon="-83.16175"><ele>536.0</ele></trkpt><trkpt lat="34.88332" lon="-83.16198"><ele>535.0</ele></trkpt><trkpt lat="34.88335" lon="-83.16228"><ele>534.1290271431208</ele></trkpt><trkpt lat="34.8834" lon="-83.16242"><ele>534.0</ele></trkpt><trkpt lat="34.8834" lon="-83.16242"><ele>534.0</ele></trkpt><trkpt lat="34.8834" lon="-83.16242"><ele>534.0</ele></trkpt><trkpt lat="34.8837" lon="-83.16296"><ele>532.0</ele></trkpt><trkpt lat="34.88436379722805" lon="-83.16396611418422"><ele>525.0</ele></trkpt><trkpt lat="34.88436379722805" lon="-83.16396611418422"><ele>525.0</ele></trkpt><trkpt lat="34.884562602944655" lon="-83.16426744302822"><ele>522.7267404105514</ele></trkpt><trkpt lat="34.884562602944655" lon="-83.16426744302822"><ele>522.7267404105514</ele></trkpt><trkpt lat="34.88573125668766" lon="-83.16603876574183"><ele>521.0</ele></trkpt><trkpt lat="34.88573125668766" lon="-83.16603876574183"><ele>521.0</ele></trkpt><trkpt lat="34.88593" lon="-83.16634"><ele>521.0</ele></trkpt><trkpt lat="34.88593" lon="-83.16634"><ele>521.0</ele></trkpt><trkpt lat="34.88604" lon="-83.1665"><ele>521.0</ele></trkpt><trkpt lat="34.88604" lon="-83.1665"><ele>521.0</ele></trkpt><trkpt lat="34.886486538582176" lon="-83.16718333934546"><ele>523.0</ele></trkpt><trkpt lat="34.886486538582176" lon="-83.16718333934546"><ele>523.0</ele></trkpt><trkpt lat="34.8867" lon="-83.16751"><ele>525.0</ele></trkpt><trkpt lat="34.88691" lon="-83.16776"><ele>525.8809744797202</ele></trkpt><trkpt lat="34.88711" lon="-83.16795"><ele>526.8928533336148</ele></trkpt><trkpt lat="34.88711" lon="-83.16795"><ele>526.8928533336148</ele></trkpt><trkpt lat="34.88711" lon="-83.16795"><ele>526.8928533336148</ele></trkpt><trkpt lat="34.88728" lon="-83.16807"><ele>528.0</ele></trkpt><trkpt lat="34.88728" lon="-83.16807"><ele>528.0</ele></trkpt><trkpt lat="34.88728" lon="-83.16807"><ele>528.0</ele></trkpt><trkpt lat="34.88743056556294" lon="-83.16812547152318"><ele>528.720345678151</ele></trkpt><trkpt lat="34.88745965074024" lon="-83.16813618711483"><ele>529.0</ele></trkpt><trkpt lat="34.88766" lon="-83.16821"><ele>529.9974143851839</ele></trkpt><trkpt lat="34.88811980374891" lon="-83.1682272426406"><ele>532.0</ele></trkpt><trkpt lat="34.88811980374891" lon="-83.1682272426406"><ele>532.0</ele></trkpt><trkpt lat="34.88846" lon="-83.16824"><ele>535.0</ele></trkpt><trkpt lat="34.88871" lon="-83.16831"><ele>536.128584520907</ele></trkpt><trkpt lat="34.88907" lon="-83.16847"><ele>539.0</ele></trkpt><trkpt lat="34.88952" lon="-83.16876"><ele>543.0</ele></trkpt><trkpt lat="34.88971" lon="-83.169"><ele>544.2051319722086</ele></trkpt><trkpt lat="34.88977" lon="-83.16917"><ele>545.4599285663553</ele></trkpt><trkpt lat="34.88981" lon="-83.16938"><ele>547.0</ele></trkpt><trkpt lat="34.88979" lon="-83.16959"><ele>547.2419216410478</ele></trkpt><trkpt lat="34.88974" lon="-83.1698"><ele>548.9194669901854</ele></trkpt><trkpt lat="34.8896" lon="-83.17006"><ele>550.0</ele></trkpt><trkpt lat="34.88921" lon="-83.17071"><ele>553.0</ele></trkpt><trkpt lat="34.88899" lon="-83.17099"><ele>554.0</ele></trkpt><trkpt lat="34.88877" lon="-83.1712"><ele>555.0</ele></trkpt><trkpt lat="34.88806" lon="-83.17176"><ele>559.0</ele></trkpt><trkpt lat="34.88791" lon="-83.17195"><ele>560.0</ele></trkpt><trkpt lat="34.88786" lon="-83.17207"><ele>560.9028144106269</ele></trkpt><trkpt lat="34.88782" lon="-83.17224"><ele>561.1440575922068</ele></trkpt><trkpt lat="34.88779" lon="-83.17298"><ele>564.9168203595387</ele></trkpt><trkpt lat="34.88781" lon="-83.17322"><ele>566.3663065805573</ele></trkpt><trkpt lat="34.88786" lon="-83.1734"><ele>567.9884603990938</ele></trkpt><trkpt lat="34.88799" lon="-83.17362"><ele>569.5816621504919</ele></trkpt><trkpt lat="34.8882" lon="-83.17374"><ele>571.0</ele></trkpt><trkpt lat="34.88831" lon="-83.17374"><ele>571.7264106664807</ele></trkpt><trkpt lat="34.8884" lon="-83.1737"><ele>572.0</ele></trkpt><trkpt lat="34.88845" lon="-83.17364"><ele>573.0</ele></trkpt><trkpt lat="34.8885" lon="-83.17345"><ele>574.0</ele></trkpt><trkpt lat="34.88849" lon="-83.17313"><ele>575.0768750405165</ele></trkpt><trkpt lat="34.88851" lon="-83.17296"><ele>576.6075354208491</ele></trkpt><trkpt lat="34.88864" lon="-83.17277"><ele>578.0</ele></trkpt><trkpt lat="34.88881" lon="-83.17268"><ele>579.0</ele></trkpt><trkpt lat="34.88891" lon="-83.17269"><ele>580.0</ele></trkpt><trkpt lat="34.8901" lon="-83.17311"><ele>588.0</ele></trkpt><trkpt lat="34.89029935751134" lon="-83.17320201115908"><ele>590.0</ele></trkpt><trkpt lat="34.89029935751134" lon="-83.17320201115908"><ele>590.0</ele></trkpt><trkpt lat="34.89036" lon="-83.17323"><ele>590.1355128083378</ele></trkpt><trkpt lat="34.89054" lon="-83.17342"><ele>592.0</ele></trkpt><trkpt lat="34.89088" lon="-83.17394"><ele>596.0</ele></trkpt><trkpt lat="34.89111" lon="-83.1741"><ele>596.0</ele></trkpt><trkpt lat="34.89133" lon="-83.17418"><ele>596.0</ele></trkpt><trkpt lat="34.89243" lon="-83.17439"><ele>593.0</ele></trkpt><trkpt lat="34.89288" lon="-83.17436"><ele>590.6205048887059</ele></trkpt><trkpt lat="34.89327" lon="-83.17421"><ele>589.0</ele></trkpt><trkpt lat="34.89398" lon="-83.17379"><ele>585.1748432725761</ele></trkpt><trkpt lat="34.89424" lon="-83.17367"><ele>583.5358257777989</ele></trkpt><trkpt lat="34.89483" lon="-83.17356"><ele>580.0</ele></trkpt><trkpt lat="34.89522" lon="-83.1734"><ele>578.0</ele></trkpt><trkpt lat="34.89542" lon="-83.17322"><ele>577.0</ele></trkpt><trkpt lat="34.89556" lon="-83.17304"><ele>576.0</ele></trkpt><trkpt lat="34.89602" lon="-83.17237"><ele>572.0</ele></trkpt><trkpt lat="34.89633" lon="-83.17198"><ele>570.1948980447081</ele></trkpt><trkpt lat="34.8965" lon="-83.17191"><ele>569.0</ele></trkpt><trkpt lat="34.89662" lon="-83.17195"><ele>568.9443783237323</ele></trkpt><trkpt lat="34.89672" lon="-83.17209"><ele>568.0846662509182</ele></trkpt><trkpt lat="34.89674" lon="-83.17221"><ele>568.0</ele></trkpt><trkpt lat="34.89665" lon="-83.1734"><ele>563.4769378975034</ele></trkpt><trkpt lat="34.89666" lon="-83.17355"><ele>563.0</ele></trkpt><trkpt lat="34.89676" lon="-83.17376"><ele>562.0</ele></trkpt><trkpt lat="34.89684" lon="-83.17383"><ele>561.9747097031005</ele></trkpt><trkpt lat="34.89696" lon="-83.17387"><ele>561.0</ele></trkpt><trkpt lat="34.89714" lon="-83.17388"><ele>560.0</ele></trkpt><trkpt lat="34.89776" lon="-83.17385"><ele>557.0</ele></trkpt><trkpt lat="34.8979" lon="-83.17388"><ele>556.0</ele></trkpt><trkpt lat="34.89809" lon="-83.17399"><ele>554.7530355931083</ele></trkpt><trkpt lat="34.8982" lon="-83.17421"><ele>554.0</ele></trkpt><trkpt lat="34.89822" lon="-83.17434"><ele>553.7321712579578</ele></trkpt><trkpt lat="34.89822" lon="-83.17448"><ele>553.0</ele></trkpt><trkpt lat="34.89818007444073" lon="-83.17468483547798"><ele>552.0</ele></trkpt><trkpt lat="34.898175434764525" lon="-83.17470863929233"><ele>552.0</ele></trkpt><trkpt lat="34.89799" lon="-83.17566"><ele>548.0</ele></trkpt><trkpt lat="34.89786" lon="-83.17593"><ele>547.0</ele></trkpt><trkpt lat="34.89738" lon="-83.17655"><ele>544.3173837412938</ele></trkpt><trkpt lat="34.8973" lon="-83.17682"><ele>544.0</ele></trkpt><trkpt lat="34.89732" lon="-83.17698"><ele>543.4070170801133</ele></trkpt><trkpt lat="34.89737" lon="-83.17712"><ele>543.0</ele></trkpt><trkpt lat="34.89754" lon="-83.17733"><ele>542.9094245029823</ele></trkpt><trkpt lat="34.89779" lon="-83.17739"><ele>541.0</ele></trkpt><trkpt lat="34.89844" lon="-83.17728"><ele>537.2282995295302</ele></trkpt><trkpt lat="34.89868" lon="-83.1773"><ele>536.0</ele></trkpt><trkpt lat="34.89883" lon="-83.17741"><ele>535.0941212742667</ele></trkpt><trkpt lat="34.89889" lon="-83.1775"><ele>535.0</ele></trkpt><trkpt lat="34.89896" lon="-83.17771"><ele>534.0</ele></trkpt><trkpt lat="34.89894" lon="-83.17795"><ele>533.0</ele></trkpt><trkpt lat="34.89885" lon="-83.17811"><ele>532.0</ele></trkpt><trkpt lat="34.89874" lon="-83.17824"><ele>531.597687888916</ele></trkpt><trkpt lat="34.89802" lon="-83.17886"><ele>527.0</ele></trkpt><trkpt lat="34.89791" lon="-83.17908"><ele>526.0</ele></trkpt><trkpt lat="34.8979" lon="-83.17919"><ele>525.0</ele></trkpt><trkpt lat="34.89791" lon="-83.17931"><ele>525.0</ele></trkpt><trkpt lat="34.89801" lon="-83.17948"><ele>524.0</ele></trkpt><trkpt lat="34.89827" lon="-83.17962"><ele>522.0</ele></trkpt><trkpt lat="34.89945" lon="-83.17995"><ele>517.0</ele></trkpt><trkpt lat="34.89954" lon="-83.18"><ele>516.0</ele></trkpt><trkpt lat="34.89965" lon="-83.18018"><ele>515.0</ele></trkpt><trkpt lat="34.89968" lon="-83.1803"><ele>515.0</ele></trkpt><trkpt lat="34.89963" lon="-83.18051"><ele>514.0</ele></trkpt><trkpt lat="34.89951" lon="-83.18069"><ele>513.0</ele></trkpt><trkpt lat="34.89947" lon="-83.18081"><ele>512.2402486782521</ele></trkpt><trkpt lat="34.89945" lon="-83.18106"><ele>511.3766984678805</ele></trkpt><trkpt lat="34.89948" lon="-83.18116"><ele>511.0</ele></trkpt><trkpt lat="34.89953" lon="-83.18129"><ele>511.0</ele></trkpt><trkpt lat="34.89995" lon="-83.18191"><ele>507.0</ele></trkpt><trkpt lat="34.90015" lon="-83.18214"><ele>506.6785506429118</ele></trkpt><trkpt lat="34.90034" lon="-83.1823"><ele>505.93180427284364</ele></trkpt><trkpt lat="34.9005" lon="-83.18238"><ele>505.0</ele></trkpt><trkpt lat="34.90074" lon="-83.18246"><ele>504.00810283843066</ele></trkpt><trkpt lat="34.90137" lon="-83.18254"><ele>502.0</ele></trkpt><trkpt lat="34.90162" lon="-83.18255"><ele>501.0212371163451</ele></trkpt><trkpt lat="34.901829999987456" lon="-83.18251000019251"><ele>501.0</ele></trkpt><trkpt lat="34.901829999987456" lon="-83.18251000019251"><ele>501.0</ele></trkpt><trkpt lat="34.90183" lon="-83.18251"><ele>501.0</ele></trkpt><trkpt lat="34.90194" lon="-83.18245"><ele>500.0</ele></trkpt><trkpt lat="34.90207" lon="-83.18227"><ele>500.0</ele></trkpt><trkpt lat="34.9022" lon="-83.18186"><ele>498.1122551970184</ele></trkpt><trkpt lat="34.90231" lon="-83.18166"><ele>497.8615686316043</ele></trkpt><trkpt lat="34.9025" lon="-83.18153"><ele>497.0</ele></trkpt><trkpt lat="34.90281" lon="-83.18152"><ele>496.0</ele></trkpt><trkpt lat="34.90307" lon="-83.18144"><ele>495.0</ele></trkpt><trkpt lat="34.90331" lon="-83.18125"><ele>494.0</ele></trkpt><trkpt lat="34.90395" lon="-83.18063"><ele>490.11787132086016</ele></trkpt><trkpt lat="34.90395" lon="-83.18063"><ele>490.11787132086016</ele></trkpt><trkpt lat="34.90408" lon="-83.18053"><ele>490.0</ele></trkpt><trkpt lat="34.9043" lon="-83.18043"><ele>489.0</ele></trkpt><trkpt lat="34.90504" lon="-83.1802"><ele>486.0</ele></trkpt><trkpt lat="34.9057" lon="-83.18016"><ele>485.0</ele></trkpt><trkpt lat="34.9068696584137" lon="-83.18024683053726"><ele>485.0</ele></trkpt><trkpt lat="34.9068696584137" lon="-83.18024683053726"><ele>485.0</ele></trkpt><trkpt lat="34.90799" lon="-83.18033"><ele>485.0</ele></trkpt><trkpt lat="34.90824" lon="-83.18032"><ele>485.376636444591</ele></trkpt><trkpt lat="34.90911" lon="-83.18016"><ele>485.0</ele></trkpt><trkpt lat="34.90922" lon="-83.1801"><ele>485.0</ele></trkpt><trkpt lat="34.9094" lon="-83.17994"><ele>485.0</ele></trkpt><trkpt lat="34.90947" lon="-83.17984"><ele>485.0</ele></trkpt><trkpt lat="34.90952" lon="-83.17961"><ele>484.8607847839594</ele></trkpt><trkpt lat="34.90943" lon="-83.17883"><ele>484.0</ele></trkpt><trkpt lat="34.90972" lon="-83.176"><ele>483.0</ele></trkpt><trkpt lat="34.90977" lon="-83.17546"><ele>484.0</ele></trkpt><trkpt lat="34.90977" lon="-83.1752"><ele>484.06816918589175</ele></trkpt><trkpt lat="34.90971" lon="-83.1747"><ele>485.0</ele></trkpt><trkpt lat="34.90933" lon="-83.17291"><ele>490.0</ele></trkpt><trkpt lat="34.90933" lon="-83.17291"><ele>490.0</ele></trkpt><trkpt lat="34.90933" lon="-83.17291"><ele>490.0</ele></trkpt><trkpt lat="34.90929" lon="-83.17256"><ele>491.0</ele></trkpt><trkpt lat="34.90934" lon="-83.17222"><ele>493.0</ele></trkpt><trkpt lat="34.90942" lon="-83.17198"><ele>494.0</ele></trkpt><trkpt lat="34.90955" lon="-83.17174"><ele>495.0</ele></trkpt><trkpt lat="34.90963" lon="-83.17163"><ele>496.0</ele></trkpt><trkpt lat="34.90977" lon="-83.17151"><ele>496.94540478360096</ele></trkpt><trkpt lat="34.90997" lon="-83.17137"><ele>497.0</ele></trkpt><trkpt lat="34.91431" lon="-83.16906"><ele>497.0</ele></trkpt><trkpt lat="34.91462" lon="-83.16881"><ele>497.0</ele></trkpt><trkpt lat="34.91546" lon="-83.16798"><ele>496.0</ele></trkpt><trkpt lat="34.91573" lon="-83.16778"><ele>495.0</ele></trkpt><trkpt lat="34.91609" lon="-83.1676"><ele>493.0</ele></trkpt><trkpt lat="34.91663" lon="-83.16745"><ele>490.0</ele></trkpt><trkpt lat="34.91696" lon="-83.16742"><ele>488.0</ele></trkpt><trkpt lat="34.91721" lon="-83.16742"><ele>487.0</ele></trkpt><trkpt lat="34.91721" lon="-83.16742"><ele>487.0</ele></trkpt><trkpt lat="34.91721" lon="-83.16742"><ele>487.0</ele></trkpt><trkpt lat="34.91782" lon="-83.16755"><ele>485.89162118874503</ele></trkpt><trkpt lat="34.91817" lon="-83.16772"><ele>485.0</ele></trkpt><trkpt lat="34.91845" lon="-83.16789"><ele>485.3391045879223</ele></trkpt><trkpt lat="34.91914" lon="-83.16847"><ele>483.3562227609458</ele></trkpt><trkpt lat="34.91914" lon="-83.16847"><ele>483.3562227609458</ele></trkpt><trkpt lat="34.91958" lon="-83.16886"><ele>486.0</ele></trkpt><trkpt lat="34.91958" lon="-83.16886"><ele>486.0</ele></trkpt><trkpt lat="34.91991" lon="-83.16913"><ele>486.0</ele></trkpt><trkpt lat="34.91991" lon="-83.16913"><ele>486.0</ele></trkpt><trkpt lat="34.91983058522199" lon="-83.16922075974631"><ele>486.0</ele></trkpt><trkpt lat="34.91983058522199" lon="-83.16922075974631"><ele>486.0</ele></trkpt><trkpt lat="34.91983058522199" lon="-83.16922075974631"><ele>486.0</ele></trkpt><trkpt lat="34.919991745737434" lon="-83.16914583587646"><ele>485.62140894899767</ele></trkpt></trkseg></trk><trk><name>3 - Bartram Trail</name><extensions><gpxx:TrackExtension><gpxx:DisplayColor>Magenta</gpxx:DisplayColor></gpxx:TrackExtension></extensions><trkseg><trkpt lat="34.91990744122983" lon="-83.16912600148902"><ele>486.0</ele></trkpt><trkpt lat="34.919909999999994" lon="-83.16913"><ele>486.0</ele></trkpt><trkpt lat="34.91985347398373" lon="-83.16919460116145"><ele>485.0</ele></trkpt><trkpt lat="34.91985349179281" lon="-83.16919458081725"><ele>485.0</ele></trkpt><trkpt lat="34.91983058522199" lon="-83.16922075974628"><ele>486.0</ele></trkpt><trkpt lat="34.91983058522199" lon="-83.16922075974628"><ele>486.0</ele></trkpt><trkpt lat="34.91977" lon="-83.16928999999999"><ele>488.47759871329146</ele></trkpt><trkpt lat="34.91956" lon="-83.16943000000003"><ele>490.32921823021024</ele></trkpt><trkpt lat="34.91927314138805" lon="-83.1694463919207"><ele>490.4703885046765</ele></trkpt><trkpt lat="34.91927419172014" lon="-83.16944633190809"><ele>490.40789482649416</ele></trkpt><trkpt lat="34.91921" lon="-83.16944999999998"><ele>491.6825995301841</ele></trkpt><trkpt lat="34.91891" lon="-83.16957000000002"><ele>490.0</ele></trkpt><trkpt lat="34.91876" lon="-83.16973999999999"><ele>490.62406738917247</ele></trkpt><trkpt lat="34.91844" lon="-83.16989999999998"><ele>487.3904008402235</ele></trkpt><trkpt lat="34.91817" lon="-83.17007999999998"><ele>485.07292897707407</ele></trkpt><trkpt lat="34.91792" lon="-83.17018999999999"><ele>483.8214364480227</ele></trkpt><trkpt lat="34.91777" lon="-83.17032"><ele>485.0701738037169</ele></trkpt><trkpt lat="34.91764" lon="-83.17048999999997"><ele>483.3387498371303</ele></trkpt><trkpt lat="34.91758" lon="-83.17063000000002"><ele>482.7185524990782</ele></trkpt><trkpt lat="34.91756" lon="-83.17077"><ele>481.7919462379068</ele></trkpt><trkpt lat="34.91765" lon="-83.17108999999999"><ele>481.978869143602</ele></trkpt><trkpt lat="34.91782" lon="-83.17126000000002"><ele>482.9353465650954</ele></trkpt><trkpt lat="34.91805" lon="-83.17156999999997"><ele>484.0</ele></trkpt><trkpt lat="34.9181" lon="-83.17167999999998"><ele>483.0</ele></trkpt><trkpt lat="34.91816" lon="-83.17174"><ele>483.94443912974225</ele></trkpt><trkpt lat="34.91819" lon="-83.17185"><ele>483.0</ele></trkpt><trkpt lat="34.91816" lon="-83.17192999999997"><ele>481.959980647992</ele></trkpt><trkpt lat="34.91816" lon="-83.17192999999997"><ele>481.959980647992</ele></trkpt><trkpt lat="34.9179" lon="-83.17223000000001"><ele>481.0</ele></trkpt><trkpt lat="34.9179" lon="-83.17223000000001"><ele>481.0</ele></trkpt><trkpt lat="34.91777" lon="-83.17234000000002"><ele>482.0</ele></trkpt><trkpt lat="34.91764" lon="-83.17234000000002"><ele>482.0</ele></trkpt><trkpt lat="34.91751" lon="-83.17223999999999"><ele>482.0</ele></trkpt><trkpt lat="34.91728" lon="-83.17210999999998"><ele>482.0</ele></trkpt><trkpt lat="34.91695" lon="-83.17207000000002"><ele>482.8987697791308</ele></trkpt><trkpt lat="34.91682" lon="-83.17209000000003"><ele>482.61001990250486</ele></trkpt><trkpt lat="34.9167" lon="-83.17212999999998"><ele>482.0</ele></trkpt><trkpt lat="34.91652" lon="-83.1723"><ele>483.422341843217</ele></trkpt><trkpt lat="34.91633" lon="-83.17273999999998"><ele>486.0</ele></trkpt><trkpt lat="34.9161" lon="-83.17291"><ele>489.04560711141676</ele></trkpt><trkpt lat="34.91559" lon="-83.17297000000002"><ele>486.0</ele></trkpt><trkpt lat="34.91493" lon="-83.17298"><ele>489.3078435556963</ele></trkpt><trkpt lat="34.91432" lon="-83.17320000000001"><ele>483.56058666761965</ele></trkpt><trkpt lat="34.91421166217663" lon="-83.17321911843942"><ele>482.6741900811635</ele></trkpt><trkpt lat="34.91421089430055" lon="-83.17321925395413"><ele>482.6636366125478</ele></trkpt><trkpt lat="34.91415" lon="-83.17322999999999"><ele>482.95868799928576</ele></trkpt><trkpt lat="34.91394" lon="-83.17320000000001"><ele>480.56058666761965</ele></trkpt><trkpt lat="34.91367" lon="-83.17327"><ele>485.1151458798637</ele></trkpt><trkpt lat="34.91309" lon="-83.1739"><ele>487.0</ele></trkpt><trkpt lat="34.9127" lon="-83.17412999999999"><ele>486.52475089414156</ele></trkpt><trkpt lat="34.91233" lon="-83.17457000000002"><ele>485.5542752277106</ele></trkpt><trkpt lat="34.91199" lon="-83.17485999999997"><ele>486.1538342954591</ele></trkpt><trkpt lat="34.91183" lon="-83.17527000000001"><ele>487.13866363838315</ele></trkpt><trkpt lat="34.91177" lon="-83.17606999999998"><ele>487.0</ele></trkpt><trkpt lat="34.91199" lon="-83.17687000000001"><ele>490.0</ele></trkpt><trkpt lat="34.912" lon="-83.17764999999997"><ele>488.7999521624297</ele></trkpt><trkpt lat="34.91193" lon="-83.17831999999999"><ele>486.8217721115798</ele></trkpt><trkpt lat="34.91167" lon="-83.17935999999997"><ele>486.0291317536854</ele></trkpt><trkpt lat="34.91153" lon="-83.17973"><ele>485.0787117059552</ele></trkpt><trkpt lat="34.91134" lon="-83.18006000000003"><ele>483.29153218865395</ele></trkpt><trkpt lat="34.91134" lon="-83.18006000000003"><ele>483.29153218865395</ele></trkpt><trkpt lat="34.91134" lon="-83.18006000000003"><ele>483.29153218865395</ele></trkpt><trkpt lat="34.91104" lon="-83.18043"><ele>479.0</ele></trkpt><trkpt lat="34.91094838656682" lon="-83.18049543816653"><ele>478.0</ele></trkpt><trkpt lat="34.910973384100444" lon="-83.18047758280665"><ele>478.0</ele></trkpt><trkpt lat="34.9109" lon="-83.18052999999998"><ele>478.0</ele></trkpt><trkpt lat="34.91071" lon="-83.18059"><ele>478.0</ele></trkpt><trkpt lat="34.91035" lon="-83.18054000000001"><ele>477.38916675727944</ele></trkpt><trkpt lat="34.91035" lon="-83.18054000000001"><ele>477.38916675727944</ele></trkpt><trkpt lat="34.91025" lon="-83.18058000000002"><ele>476.0</ele></trkpt><trkpt lat="34.91025" lon="-83.18058000000002"><ele>476.0</ele></trkpt><trkpt lat="34.91022" lon="-83.18061"><ele>476.0</ele></trkpt><trkpt lat="34.91022" lon="-83.18061"><ele>476.0</ele></trkpt><trkpt lat="34.9102" lon="-83.18077"><ele>479.0</ele></trkpt><trkpt lat="34.91012" lon="-83.18094000000002"><ele>481.0</ele></trkpt><trkpt lat="34.91006" lon="-83.18097999999998"><ele>481.13486577756703</ele></trkpt><trkpt lat="34.91009" lon="-83.18101999999999"><ele>482.0</ele></trkpt><trkpt lat="34.9099" lon="-83.18112000000002"><ele>482.6593386679888</ele></trkpt><trkpt lat="34.90959" lon="-83.18135000000001"><ele>482.37811555620283</ele></trkpt><trkpt lat="34.90924" lon="-83.18149"><ele>480.0</ele></trkpt><trkpt lat="34.9084" lon="-83.18159000000003"><ele>479.0</ele></trkpt><trkpt lat="34.90775" lon="-83.18155000000002"><ele>478.5075036286593</ele></trkpt><trkpt lat="34.90743" lon="-83.18146000000002"><ele>478.5044871121645</ele></trkpt><trkpt lat="34.90682" lon="-83.18133"><ele>478.4460479998961</ele></trkpt><trkpt lat="34.90637" lon="-83.18129999999996"><ele>478.00712258596946</ele></trkpt><trkpt lat="34.90599" lon="-83.18135000000001"><ele>479.0</ele></trkpt><trkpt lat="34.90573" lon="-83.18146000000002"><ele>479.0</ele></trkpt><trkpt lat="34.90573" lon="-83.18146000000002"><ele>479.0</ele></trkpt><trkpt lat="34.90563" lon="-83.18153000000001"><ele>478.0</ele></trkpt><trkpt lat="34.90563" lon="-83.18153000000001"><ele>478.0</ele></trkpt><trkpt lat="34.9055" lon="-83.18156999999997"><ele>478.0</ele></trkpt><trkpt lat="34.90525" lon="-83.18178"><ele>479.0</ele></trkpt><trkpt lat="34.9051" lon="-83.18185"><ele>479.0</ele></trkpt><trkpt lat="34.904918651333666" lon="-83.18203719749175"><ele>480.0</ele></trkpt><trkpt lat="34.904918651333666" lon="-83.18203719749175"><ele>480.0</ele></trkpt><trkpt lat="34.90479" lon="-83.18216999999999"><ele>480.0</ele></trkpt><trkpt lat="34.90475" lon="-83.18228999999997"><ele>481.0</ele></trkpt><trkpt lat="34.90464" lon="-83.18245000000002"><ele>481.0</ele></trkpt><trkpt lat="34.90463391010155" lon="-83.18246522474612"><ele>481.06859857366953</ele></trkpt><trkpt lat="34.904628723124524" lon="-83.18247819220045"><ele>481.0</ele></trkpt><trkpt lat="34.90456" lon="-83.18264999999997"><ele>482.0</ele></trkpt><trkpt lat="34.90446" lon="-83.18294000000003"><ele>483.3126226272434</ele></trkpt><trkpt lat="34.90432" lon="-83.18362000000002"><ele>486.0</ele></trkpt><trkpt lat="34.90427" lon="-83.18376999999998"><ele>486.0</ele></trkpt><trkpt lat="34.90428" lon="-83.18387999999999"><ele>486.3447233117231</ele></trkpt><trkpt lat="34.90415" lon="-83.18439000000001"><ele>488.71250434921194</ele></trkpt><trkpt lat="34.90395" lon="-83.18479000000002"><ele>489.0</ele></trkpt><trkpt lat="34.90395" lon="-83.18479000000002"><ele>489.0</ele></trkpt><trkpt lat="34.90385" lon="-83.18511999999998"><ele>489.60164856012534</ele></trkpt><trkpt lat="34.90384" lon="-83.18564000000003"><ele>485.05593411991566</ele></trkpt><trkpt lat="34.90377" lon="-83.18574999999998"><ele>484.0</ele></trkpt><trkpt lat="34.90377" lon="-83.18574999999998"><ele>484.0</ele></trkpt><trkpt lat="34.90373" lon="-83.18576000000002"><ele>484.0691473996267</ele></trkpt><trkpt lat="34.90343" lon="-83.18561999999997"><ele>485.0</ele></trkpt><trkpt lat="34.90324" lon="-83.18560000000002"><ele>486.0</ele></trkpt><trkpt lat="34.90241" lon="-83.18569000000002"><ele>482.0650604908412</ele></trkpt><trkpt lat="34.90201" lon="-83.18583000000001"><ele>482.0</ele></trkpt><trkpt lat="34.90186" lon="-83.18591000000004"><ele>481.88951822463423</ele></trkpt><trkpt lat="34.90155" lon="-83.18615"><ele>481.95204054377973</ele></trkpt><trkpt lat="34.9013" lon="-83.18650000000002"><ele>479.2876214686601</ele></trkpt><trkpt lat="34.90114" lon="-83.18664000000001"><ele>479.0</ele></trkpt><trkpt lat="34.90095" lon="-83.18687"><ele>479.0</ele></trkpt><trkpt lat="34.90095" lon="-83.18687"><ele>479.0</ele></trkpt><trkpt lat="34.9009" lon="-83.18693999999999"><ele>479.0</ele></trkpt><trkpt lat="34.9009" lon="-83.18693999999999"><ele>479.0</ele></trkpt><trkpt lat="34.90003" lon="-83.18831"><ele>479.0</ele></trkpt><trkpt lat="34.90003" lon="-83.18831"><ele>479.0</ele></trkpt><trkpt lat="34.89996" lon="-83.18848000000003"><ele>479.0</ele></trkpt><trkpt lat="34.89996" lon="-83.18848000000003"><ele>479.0</ele></trkpt><trkpt lat="34.8998" lon="-83.18883"><ele>478.0</ele></trkpt><trkpt lat="34.89969" lon="-83.18898999999999"><ele>479.0</ele></trkpt><trkpt lat="34.899614483280075" lon="-83.18916699231232"><ele>481.6460205838084</ele></trkpt><trkpt lat="34.899612833302385" lon="-83.18917085971486"><ele>481.73249859083444</ele></trkpt><trkpt lat="34.89937" lon="-83.18974000000003"><ele>486.0</ele></trkpt><trkpt lat="34.89932" lon="-83.18982"><ele>485.3194089743167</ele></trkpt><trkpt lat="34.89926" lon="-83.19009"><ele>488.8270423244685</ele></trkpt><trkpt lat="34.89921" lon="-83.19016999999997"><ele>488.98592563159764</ele></trkpt><trkpt lat="34.8991" lon="-83.19076999999999"><ele>495.2809030703782</ele></trkpt><trkpt lat="34.89913" lon="-83.19094999999999"><ele>497.0</ele></trkpt><trkpt lat="34.89917" lon="-83.19110999999998"><ele>497.7130335215479</ele></trkpt><trkpt lat="34.89945" lon="-83.19142"><ele>499.0</ele></trkpt><trkpt lat="34.89963" lon="-83.19155999999998"><ele>496.80139733385295</ele></trkpt><trkpt lat="34.90002005528124" lon="-83.19153213890849"><ele>493.09828407449413</ele></trkpt><trkpt lat="34.90002005528124" lon="-83.19153213890849"><ele>493.09828407449413</ele></trkpt><trkpt lat="34.90005" lon="-83.19153"><ele>493.0</ele></trkpt><trkpt lat="34.90021" lon="-83.19148999999999"><ele>492.0</ele></trkpt><trkpt lat="34.90057" lon="-83.19145000000003"><ele>489.0</ele></trkpt><trkpt lat="34.90072" lon="-83.19139999999999"><ele>488.4149489579445</ele></trkpt><trkpt lat="34.90084" lon="-83.19142999999997"><ele>489.66227405219655</ele></trkpt><trkpt lat="34.90087" lon="-83.19151"><ele>491.27088564268234</ele></trkpt><trkpt lat="34.90084" lon="-83.19184000000001"><ele>493.0</ele></trkpt><trkpt lat="34.90086" lon="-83.19196"><ele>492.119024732806</ele></trkpt><trkpt lat="34.90121" lon="-83.19241"><ele>486.1885262224823</ele></trkpt><trkpt lat="34.901461999805406" lon="-83.1925780002453"><ele>481.3591473232955</ele></trkpt><trkpt lat="34.901461999805406" lon="-83.1925780002453"><ele>481.3591473232955</ele></trkpt><trkpt lat="34.90148" lon="-83.19259"><ele>480.7999182222411</ele></trkpt><trkpt lat="34.90176" lon="-83.19268"><ele>479.0</ele></trkpt><trkpt lat="34.90198" lon="-83.1927"><ele>480.38639678806067</ele></trkpt><trkpt lat="34.90217" lon="-83.19277"><ele>482.07527534656333</ele></trkpt><trkpt lat="34.90217239770128" lon="-83.19277254755764"><ele>482.09341123724505</ele></trkpt><trkpt lat="34.90218952232977" lon="-83.19279074245765"><ele>482.0</ele></trkpt><trkpt lat="34.90233" lon="-83.19294000000002"><ele>480.0</ele></trkpt><trkpt lat="34.90237" lon="-83.19307000000003"><ele>479.5697031132877</ele></trkpt><trkpt lat="34.90235" lon="-83.19317999999998"><ele>480.0</ele></trkpt><trkpt lat="34.90226" lon="-83.19337999999999"><ele>481.0</ele></trkpt><trkpt lat="34.90226" lon="-83.19337999999999"><ele>481.0</ele></trkpt><trkpt lat="34.90221" lon="-83.19349999999997"><ele>482.0</ele></trkpt><trkpt lat="34.90221" lon="-83.19349999999997"><ele>482.0</ele></trkpt><trkpt lat="34.90215" lon="-83.19357000000002"><ele>482.8713920013979</ele></trkpt><trkpt lat="34.90207" lon="-83.1936"><ele>483.0</ele></trkpt><trkpt lat="34.90194" lon="-83.19358999999997"><ele>483.97770680666264</ele></trkpt><trkpt lat="34.90173" lon="-83.19344000000001"><ele>484.63259273953736</ele></trkpt><trkpt lat="34.90164" lon="-83.19342"><ele>485.8146877894178</ele></trkpt><trkpt lat="34.90158" lon="-83.19334000000003"><ele>484.49585619196296</ele></trkpt><trkpt lat="34.90103" lon="-83.19333"><ele>495.0</ele></trkpt><trkpt lat="34.90091" lon="-83.19380000000001"><ele>496.0</ele></trkpt><trkpt lat="34.90091" lon="-83.19405999999998"><ele>497.0</ele></trkpt><trkpt lat="34.90108" lon="-83.19436999999999"><ele>499.0377326310155</ele></trkpt><trkpt lat="34.90111" lon="-83.19472000000002"><ele>502.0</ele></trkpt><trkpt lat="34.90106" lon="-83.19526000000002"><ele>503.0</ele></trkpt><trkpt lat="34.90109" lon="-83.19560000000001"><ele>505.90211270036554</ele></trkpt><trkpt lat="34.90124" lon="-83.19596000000001"><ele>508.0</ele></trkpt><trkpt lat="34.90172" lon="-83.19668000000001"><ele>506.0</ele></trkpt><trkpt lat="34.90171" lon="-83.19682"><ele>507.0</ele></trkpt><trkpt lat="34.9015" lon="-83.19698"><ele>509.0874464622775</ele></trkpt><trkpt lat="34.90136" lon="-83.19714999999997"><ele>510.0</ele></trkpt><trkpt lat="34.90129" lon="-83.19720000000001"><ele>511.0</ele></trkpt><trkpt lat="34.90095" lon="-83.19722000000002"><ele>515.0</ele></trkpt><trkpt lat="34.90087" lon="-83.19725"><ele>516.0</ele></trkpt><trkpt lat="34.90079" lon="-83.19729999999998"><ele>517.0</ele></trkpt><trkpt lat="34.90075" lon="-83.19738999999998"><ele>518.0</ele></trkpt><trkpt lat="34.90075" lon="-83.19798000000003"><ele>514.0</ele></trkpt><trkpt lat="34.90087" lon="-83.19819999999999"><ele>511.0</ele></trkpt><trkpt lat="34.90099" lon="-83.19835"><ele>508.0</ele></trkpt><trkpt lat="34.90116" lon="-83.19848999999999"><ele>506.0</ele></trkpt><trkpt lat="34.90122" lon="-83.19862"><ele>504.15645032725206</ele></trkpt><trkpt lat="34.90124" lon="-83.19878"><ele>503.5522477847909</ele></trkpt><trkpt lat="34.90124" lon="-83.19878"><ele>503.5522477847909</ele></trkpt><trkpt lat="34.90125" lon="-83.19888000000003"><ele>504.0</ele></trkpt><trkpt lat="34.90111" lon="-83.19903999999997"><ele>505.0</ele></trkpt><trkpt lat="34.9008" lon="-83.19902000000002"><ele>504.0</ele></trkpt><trkpt lat="34.9006" lon="-83.19918000000001"><ele>503.0</ele></trkpt><trkpt lat="34.90042" lon="-83.19961999999998"><ele>499.1781724449247</ele></trkpt><trkpt lat="34.90028" lon="-83.19975999999997"><ele>500.2722615468135</ele></trkpt><trkpt lat="34.90019" lon="-83.19979000000001"><ele>500.74440177809447</ele></trkpt><trkpt lat="34.90006" lon="-83.19975999999997"><ele>501.0</ele></trkpt><trkpt lat="34.89989" lon="-83.19965000000002"><ele>504.0</ele></trkpt><trkpt lat="34.89975" lon="-83.19951000000003"><ele>505.79593193587255</ele></trkpt><trkpt lat="34.89947" lon="-83.19912"><ele>510.1249626270224</ele></trkpt><trkpt lat="34.89947" lon="-83.19912"><ele>510.1249626270224</ele></trkpt><trkpt lat="34.89933" lon="-83.19916999999998"><ele>513.8503075549379</ele></trkpt><trkpt lat="34.89927" lon="-83.19932"><ele>515.0</ele></trkpt><trkpt lat="34.89933" lon="-83.19968"><ele>516.0</ele></trkpt><trkpt lat="34.89924" lon="-83.19999999999999"><ele>518.0</ele></trkpt><trkpt lat="34.89918" lon="-83.20076"><ele>525.0</ele></trkpt><trkpt lat="34.89918" lon="-83.20105000000001"><ele>527.0</ele></trkpt><trkpt lat="34.89913" lon="-83.20128"><ele>529.0</ele></trkpt><trkpt lat="34.898878260848285" lon="-83.20178347857149"><ele>532.0</ele></trkpt><trkpt lat="34.898878260848285" lon="-83.20178347857149"><ele>532.0</ele></trkpt><trkpt lat="34.89885" lon="-83.20222999999999"><ele>536.0</ele></trkpt><trkpt lat="34.89876" lon="-83.20240999999999"><ele>538.9096196694679</ele></trkpt><trkpt lat="34.89862" lon="-83.20251999999999"><ele>541.0</ele></trkpt><trkpt lat="34.89849" lon="-83.2027"><ele>545.0</ele></trkpt><trkpt lat="34.89828" lon="-83.20319999999998"><ele>554.0</ele></trkpt><trkpt lat="34.8982" lon="-83.20335"><ele>554.0</ele></trkpt><trkpt lat="34.8982" lon="-83.20335"><ele>554.0</ele></trkpt><trkpt lat="34.89799" lon="-83.2036"><ele>553.0</ele></trkpt><trkpt lat="34.89775" lon="-83.2038"><ele>550.9837269867456</ele></trkpt><trkpt lat="34.89775" lon="-83.2038"><ele>550.9837269867456</ele></trkpt><trkpt lat="34.89807" lon="-83.20398999999998"><ele>544.0999935349698</ele></trkpt><trkpt lat="34.89785" lon="-83.20427000000001"><ele>538.862141519674</ele></trkpt><trkpt lat="34.89763" lon="-83.20441"><ele>535.2075289711356</ele></trkpt><trkpt lat="34.89752" lon="-83.20452999999998"><ele>533.6168306707723</ele></trkpt><trkpt lat="34.89752" lon="-83.20461"><ele>534.9731499219852</ele></trkpt><trkpt lat="34.89751776143115" lon="-83.20461596951691"><ele>534.9406501756195</ele></trkpt><trkpt lat="34.8975095027333" lon="-83.20463799272483"><ele>535.2443014012197</ele></trkpt><trkpt lat="34.89743" lon="-83.20484999999996"><ele>536.5574933318421</ele></trkpt><trkpt lat="34.89735" lon="-83.20483999999999"><ele>534.3890730561689</ele></trkpt><trkpt lat="34.89723" lon="-83.20488999999998"><ele>533.2020000386385</ele></trkpt><trkpt lat="34.89696" lon="-83.20515"><ele>532.074025537223</ele></trkpt><trkpt lat="34.89694" lon="-83.20528999999999"><ele>532.0010494142771</ele></trkpt><trkpt lat="34.89696" lon="-83.2054"><ele>531.8366779406377</ele></trkpt><trkpt lat="34.89714" lon="-83.20576"><ele>529.0122101086544</ele></trkpt><trkpt lat="34.8971" lon="-83.20585"><ele>528.0684934463352</ele></trkpt><trkpt lat="34.89673" lon="-83.20568000000003"><ele>530.2382968906313</ele></trkpt><trkpt lat="34.89636" lon="-83.20555000000002"><ele>532.0</ele></trkpt><trkpt lat="34.89583" lon="-83.20553999999998"><ele>525.0</ele></trkpt><trkpt lat="34.89559" lon="-83.20569"><ele>525.704330666922</ele></trkpt><trkpt lat="34.89542" lon="-83.20573000000002"><ele>522.8421940895078</ele></trkpt><trkpt lat="34.8953" lon="-83.20580999999999"><ele>521.242123478665</ele></trkpt><trkpt lat="34.89519" lon="-83.20594"><ele>520.2009590558414</ele></trkpt><trkpt lat="34.89507" lon="-83.20613000000003"><ele>518.0</ele></trkpt><trkpt lat="34.89501" lon="-83.20628999999997"><ele>517.0</ele></trkpt><trkpt lat="34.89498" lon="-83.20645000000002"><ele>514.954984449646</ele></trkpt><trkpt lat="34.89501" lon="-83.20655"><ele>513.0733308770987</ele></trkpt><trkpt lat="34.89504" lon="-83.20661999999999"><ele>510.9545280011371</ele></trkpt><trkpt lat="34.8953" lon="-83.20682999999997"><ele>504.30475129482977</ele></trkpt><trkpt lat="34.8954" lon="-83.20685000000003"><ele>505.6162863024326</ele></trkpt><trkpt lat="34.89551" lon="-83.20703000000003"><ele>506.74808959290385</ele></trkpt><trkpt lat="34.89551" lon="-83.20703000000003"><ele>506.74808959290385</ele></trkpt><trkpt lat="34.89546" lon="-83.20712000000003"><ele>503.03225034163125</ele></trkpt><trkpt lat="34.89546" lon="-83.20712000000003"><ele>503.03225034163125</ele></trkpt><trkpt lat="34.89531" lon="-83.20704"><ele>505.2347386498004</ele></trkpt><trkpt lat="34.89512" lon="-83.20704"><ele>506.6188906673342</ele></trkpt><trkpt lat="34.89491" lon="-83.20697999999999"><ele>507.7063075176486</ele></trkpt><trkpt lat="34.89467" lon="-83.20704999999998"><ele>512.066862955111</ele></trkpt><trkpt lat="34.89419" lon="-83.20682999999997"><ele>517.87470441943</ele></trkpt><trkpt lat="34.89407" lon="-83.20682999999997"><ele>520.0</ele></trkpt><trkpt lat="34.894" lon="-83.20702"><ele>518.0</ele></trkpt><trkpt lat="34.89389" lon="-83.20713999999998"><ele>518.784482673587</ele></trkpt><trkpt lat="34.8936" lon="-83.20731"><ele>518.0451261609484</ele></trkpt><trkpt lat="34.89354" lon="-83.20742999999999"><ele>520.6468906542149</ele></trkpt><trkpt lat="34.89329" lon="-83.20769000000001"><ele>516.6099333707243</ele></trkpt><trkpt lat="34.8932" lon="-83.20789000000002"><ele>513.496296228841</ele></trkpt><trkpt lat="34.89314" lon="-83.20794000000001"><ele>511.60013378164274</ele></trkpt><trkpt lat="34.89297" lon="-83.20796999999999"><ele>509.4281378798187</ele></trkpt><trkpt lat="34.89297" lon="-83.20796999999999"><ele>509.4281378798187</ele></trkpt><trkpt lat="34.89283" lon="-83.20794000000001"><ele>508.5263753756881</ele></trkpt><trkpt lat="34.89283" lon="-83.20794000000001"><ele>508.5263753756881</ele></trkpt><trkpt lat="34.89273" lon="-83.20776000000001"><ele>510.20816226117313</ele></trkpt><trkpt lat="34.89259" lon="-83.20767000000001"><ele>514.162652278319</ele></trkpt><trkpt lat="34.89255" lon="-83.20758000000001"><ele>515.5569196688298</ele></trkpt><trkpt lat="34.89274" lon="-83.20717000000002"><ele>519.0</ele></trkpt><trkpt lat="34.89271" lon="-83.20704999999998"><ele>521.9443336243596</ele></trkpt><trkpt lat="34.89266" lon="-83.207"><ele>523.0</ele></trkpt><trkpt lat="34.89261" lon="-83.20702"><ele>524.0</ele></trkpt><trkpt lat="34.89226" lon="-83.20731"><ele>526.0</ele></trkpt><trkpt lat="34.89223" lon="-83.20744000000002"><ele>526.0</ele></trkpt><trkpt lat="34.89224" lon="-83.20802000000003"><ele>529.9511819817126</ele></trkpt><trkpt lat="34.8922" lon="-83.20817999999997"><ele>532.0</ele></trkpt><trkpt lat="34.89212" lon="-83.20829000000003"><ele>533.0</ele></trkpt><trkpt lat="34.89204" lon="-83.20850999999999"><ele>536.0518908397426</ele></trkpt><trkpt lat="34.89192" lon="-83.20877000000002"><ele>540.0559213847936</ele></trkpt><trkpt lat="34.89183" lon="-83.20924000000002"><ele>548.0</ele></trkpt><trkpt lat="34.89183" lon="-83.20924000000002"><ele>548.0</ele></trkpt><trkpt lat="34.8918" lon="-83.20952999999997"><ele>551.0</ele></trkpt><trkpt lat="34.89176" lon="-83.2097"><ele>552.0</ele></trkpt><trkpt lat="34.89179" lon="-83.20983000000001"><ele>551.0</ele></trkpt><trkpt lat="34.89186" lon="-83.20992999999999"><ele>549.8908684709625</ele></trkpt><trkpt lat="34.89197" lon="-83.20999999999998"><ele>548.2200335787593</ele></trkpt><trkpt lat="34.89258" lon="-83.21019000000001"><ele>549.0</ele></trkpt><trkpt lat="34.89274" lon="-83.21032000000002"><ele>549.6941070458992</ele></trkpt><trkpt lat="34.89278" lon="-83.21044999999998"><ele>549.6327303182334</ele></trkpt><trkpt lat="34.89278" lon="-83.21044999999998"><ele>549.6327303182334</ele></trkpt><trkpt lat="34.89278412081034" lon="-83.21046854364653"><ele>549.8135317727213</ele></trkpt><trkpt lat="34.892788802941155" lon="-83.21048961323248"><ele>549.6683154649785</ele></trkpt><trkpt lat="34.8928" lon="-83.21053999999998"><ele>550.7690878324211</ele></trkpt><trkpt lat="34.89273" lon="-83.21069999999997"><ele>549.7918377388269</ele></trkpt><trkpt lat="34.89271" lon="-83.21082999999999"><ele>548.1499156100501</ele></trkpt><trkpt lat="34.89257" lon="-83.21082000000001"><ele>547.7796586668119</ele></trkpt><trkpt lat="34.89242" lon="-83.21089"><ele>548.2202374627814</ele></trkpt><trkpt lat="34.89214" lon="-83.21114"><ele>545.962175456807</ele></trkpt><trkpt lat="34.89194" lon="-83.21140000000003"><ele>543.9059644881636</ele></trkpt><trkpt lat="34.89178" lon="-83.21148"><ele>543.4384902113655</ele></trkpt><trkpt lat="34.89166" lon="-83.21159999999998"><ele>543.1299221256226</ele></trkpt><trkpt lat="34.89161" lon="-83.21159"><ele>541.6642595557496</ele></trkpt><trkpt lat="34.89125" lon="-83.21208000000001"><ele>543.3510403110483</ele></trkpt><trkpt lat="34.89103" lon="-83.21230000000003"><ele>542.8027492393823</ele></trkpt><trkpt lat="34.89097" lon="-83.21242000000001"><ele>541.793520571664</ele></trkpt><trkpt lat="34.89094" lon="-83.21253999999999"><ele>541.0</ele></trkpt><trkpt lat="34.89096" lon="-83.21266000000003"><ele>540.0</ele></trkpt><trkpt lat="34.89103" lon="-83.21274"><ele>539.0</ele></trkpt><trkpt lat="34.89115" lon="-83.21278000000001"><ele>537.9974904841855</ele></trkpt><trkpt lat="34.89139" lon="-83.21278000000001"><ele>535.8777208887041</ele></trkpt><trkpt lat="34.89151" lon="-83.21280999999999"><ele>535.4796195551753</ele></trkpt><trkpt lat="34.89156" lon="-83.21289000000002"><ele>536.5640956871212</ele></trkpt><trkpt lat="34.8915" lon="-83.21326999999997"><ele>536.0</ele></trkpt><trkpt lat="34.89151" lon="-83.21339"><ele>533.9242550702766</ele></trkpt><trkpt lat="34.89156" lon="-83.21348999999998"><ele>530.7893226677552</ele></trkpt><trkpt lat="34.89177" lon="-83.21366"><ele>528.1137839807197</ele></trkpt><trkpt lat="34.89178" lon="-83.21371999999997"><ele>526.0575094320486</ele></trkpt><trkpt lat="34.89175" lon="-83.21380999999997"><ele>528.1237582210451</ele></trkpt><trkpt lat="34.89153" lon="-83.21384"><ele>528.1327941315249</ele></trkpt><trkpt lat="34.89144" lon="-83.21395000000001"><ele>529.8232034137566</ele></trkpt><trkpt lat="34.89138" lon="-83.21398999999997"><ele>530.5123662212864</ele></trkpt><trkpt lat="34.89121" lon="-83.21398999999997"><ele>532.5123662212864</ele></trkpt><trkpt lat="34.89074" lon="-83.21415000000002"><ele>535.6720586388623</ele></trkpt><trkpt lat="34.89062" lon="-83.21422999999999"><ele>536.6971768885851</ele></trkpt><trkpt lat="34.89035" lon="-83.21433999999999"><ele>539.8235484436154</ele></trkpt><trkpt lat="34.89004" lon="-83.21461999999997"><ele>542.9601843634068</ele></trkpt><trkpt lat="34.89012" lon="-83.21483999999998"><ele>540.37440852914</ele></trkpt><trkpt lat="34.89019" lon="-83.21491000000003"><ele>541.089295825921</ele></trkpt><trkpt lat="34.89021" lon="-83.21524999999997"><ele>541.6130912993103</ele></trkpt><trkpt lat="34.89026" lon="-83.21533999999997"><ele>541.2601163189418</ele></trkpt><trkpt lat="34.89039" lon="-83.21539999999999"><ele>541.0</ele></trkpt><trkpt lat="34.89079" lon="-83.21535"><ele>544.0</ele></trkpt><trkpt lat="34.8909" lon="-83.21533"><ele>545.0</ele></trkpt><trkpt lat="34.89118" lon="-83.21519"><ele>547.5635804440826</ele></trkpt><trkpt lat="34.89135" lon="-83.21515999999997"><ele>550.3838849961758</ele></trkpt><trkpt lat="34.89151" lon="-83.21560999999997"><ele>554.9953308333381</ele></trkpt><trkpt lat="34.89201" lon="-83.21564999999998"><ele>550.8978992331339</ele></trkpt><trkpt lat="34.89213" lon="-83.21573000000001"><ele>552.2789313497061</ele></trkpt><trkpt lat="34.89219" lon="-83.21582000000001"><ele>551.203452443704</ele></trkpt><trkpt lat="34.8922" lon="-83.21590000000003"><ele>551.8472207044255</ele></trkpt><trkpt lat="34.89217" lon="-83.21608000000003"><ele>554.0</ele></trkpt><trkpt lat="34.89222" lon="-83.21617000000003"><ele>554.0</ele></trkpt><trkpt lat="34.89232" lon="-83.21625"><ele>556.496583821252</ele></trkpt><trkpt lat="34.89241" lon="-83.21638000000002"><ele>557.6101661883295</ele></trkpt><trkpt lat="34.89246" lon="-83.21645999999998"><ele>559.1701760879793</ele></trkpt><trkpt lat="34.89251" lon="-83.21667000000002"><ele>559.2919309400022</ele></trkpt><trkpt lat="34.89273" lon="-83.21698000000004"><ele>562.0</ele></trkpt><trkpt lat="34.89272" lon="-83.21713"><ele>564.2236594315618</ele></trkpt><trkpt lat="34.89262" lon="-83.21719999999999"><ele>561.0</ele></trkpt><trkpt lat="34.89252" lon="-83.21716000000004"><ele>562.3849659832194</ele></trkpt><trkpt lat="34.89239" lon="-83.21715"><ele>564.0</ele></trkpt><trkpt lat="34.8923" lon="-83.21699000000001"><ele>565.6397670507431</ele></trkpt><trkpt lat="34.89211" lon="-83.21680000000003"><ele>568.6993857155596</ele></trkpt><trkpt lat="34.89199" lon="-83.21688"><ele>570.7964835234357</ele></trkpt><trkpt lat="34.89183" lon="-83.21707000000004"><ele>572.6735284048009</ele></trkpt><trkpt lat="34.89147" lon="-83.21742999999998"><ele>575.0</ele></trkpt><trkpt lat="34.89135" lon="-83.21749"><ele>574.3838849961758</ele></trkpt><trkpt lat="34.89116" lon="-83.21771000000001"><ele>572.0</ele></trkpt><trkpt lat="34.89099" lon="-83.21778"><ele>567.990237789213</ele></trkpt><trkpt lat="34.89081" lon="-83.21778999999998"><ele>566.2774920990976</ele></trkpt><trkpt lat="34.89068" lon="-83.21785"><ele>564.5985955549404</ele></trkpt><trkpt lat="34.89061" lon="-83.21802000000002"><ele>561.0</ele></trkpt><trkpt lat="34.89053" lon="-83.21809999999999"><ele>561.0</ele></trkpt><trkpt lat="34.89048" lon="-83.21832"><ele>558.0323448279281</ele></trkpt><trkpt lat="34.89049" lon="-83.21847000000002"><ele>555.3370165067074</ele></trkpt><trkpt lat="34.89043" lon="-83.21868"><ele>553.9907394193435</ele></trkpt><trkpt lat="34.89034" lon="-83.21886999999998"><ele>551.0639099695827</ele></trkpt><trkpt lat="34.89015" lon="-83.21902999999998"><ele>548.6066097784787</ele></trkpt><trkpt lat="34.88993" lon="-83.21909"><ele>544.8104071114212</ele></trkpt><trkpt lat="34.88977" lon="-83.21928000000003"><ele>538.9728364651596</ele></trkpt><trkpt lat="34.8895" lon="-83.21949999999998"><ele>536.0</ele></trkpt><trkpt lat="34.8893" lon="-83.21947999999998"><ele>534.5783980621861</ele></trkpt><trkpt lat="34.88917" lon="-83.21951000000001"><ele>530.6373635564855</ele></trkpt><trkpt lat="34.88897" lon="-83.21992"><ele>525.129603555426</ele></trkpt><trkpt lat="34.88869" lon="-83.22028999999998"><ele>524.8863537786528</ele></trkpt><trkpt lat="34.88865" lon="-83.22032000000002"><ele>523.4882524441928</ele></trkpt><trkpt lat="34.88854" lon="-83.22024999999996"><ele>522.5487445001619</ele></trkpt><trkpt lat="34.88839" lon="-83.22021000000001"><ele>519.6146239992231</ele></trkpt><trkpt lat="34.88829" lon="-83.22021000000001"><ele>518.6146239992231</ele></trkpt><trkpt lat="34.88815118888681" lon="-83.22039838651074"><ele>517.1942200949416</ele></trkpt><trkpt lat="34.88816730875504" lon="-83.22037650956423"><ele>517.2979146502912</ele></trkpt><trkpt lat="34.88815" lon="-83.22039999999998"><ele>517.1865722555667</ele></trkpt><trkpt lat="34.88808" lon="-83.22055"><ele>516.403615033254</ele></trkpt><trkpt lat="34.88807" lon="-83.22082"><ele>513.9770295207845</ele></trkpt><trkpt lat="34.88793" lon="-83.22099000000003"><ele>512.2639893312007</ele></trkpt><trkpt lat="34.88787" lon="-83.22100999999998"><ele>512.3319217786193</ele></trkpt><trkpt lat="34.88782" lon="-83.22107"><ele>512.0</ele></trkpt><trkpt lat="34.88782" lon="-83.22113999999999"><ele>513.0</ele></trkpt><trkpt lat="34.8881" lon="-83.22165000000001"><ele>515.2673225235194</ele></trkpt><trkpt lat="34.88808000047519" lon="-83.22196999744347"><ele>512.4035880379379</ele></trkpt><trkpt lat="34.88808000047519" lon="-83.22196999744347"><ele>512.4035880379379</ele></trkpt><trkpt lat="34.88808" lon="-83.22197"><ele>512.403615033254</ele></trkpt><trkpt lat="34.88821" lon="-83.22210999999999"><ele>511.0</ele></trkpt><trkpt lat="34.88846" lon="-83.22248000000002"><ele>510.81401001662016</ele></trkpt><trkpt lat="34.88838" lon="-83.22264000000001"><ele>511.0</ele></trkpt><trkpt lat="34.88814" lon="-83.22258999999997"><ele>504.7001713373091</ele></trkpt><trkpt lat="34.88796" lon="-83.22262"><ele>500.0</ele></trkpt><trkpt lat="34.88788" lon="-83.22266000000002"><ele>497.1018764787908</ele></trkpt><trkpt lat="34.88779" lon="-83.22266000000002"><ele>495.4363484438509</ele></trkpt><trkpt lat="34.8877" lon="-83.22270000000003"><ele>493.0</ele></trkpt><trkpt lat="34.88762" lon="-83.22280999999998"><ele>492.0</ele></trkpt><trkpt lat="34.88768" lon="-83.22306000000003"><ele>494.33440985623747</ele></trkpt><trkpt lat="34.8879" lon="-83.22329000000002"><ele>489.554014749825</ele></trkpt><trkpt lat="34.88802" lon="-83.22357"><ele>480.8124909102917</ele></trkpt><trkpt lat="34.88804" lon="-83.2242"><ele>474.892221834879</ele></trkpt><trkpt lat="34.88798" lon="-83.22447999999997"><ele>472.0525924793916</ele></trkpt><trkpt lat="34.88781" lon="-83.22468000000003"><ele>467.22122105502257</ele></trkpt><trkpt lat="34.8877" lon="-83.22477000000003"><ele>466.10251119027805</ele></trkpt><trkpt lat="34.88675" lon="-83.22521"><ele>462.5977351106703</ele></trkpt><trkpt lat="34.88646" lon="-83.22534999999999"><ele>463.0732622221112</ele></trkpt><trkpt lat="34.88605" lon="-83.22564999999997"><ele>463.0</ele></trkpt><trkpt lat="34.88593" lon="-83.22566"><ele>463.0</ele></trkpt><trkpt lat="34.88593" lon="-83.22566"><ele>463.0</ele></trkpt><trkpt lat="34.88588" lon="-83.22568000000001"><ele>463.0</ele></trkpt><trkpt lat="34.88584" lon="-83.22573"><ele>463.0</ele></trkpt><trkpt lat="34.88584" lon="-83.22573"><ele>463.0</ele></trkpt><trkpt lat="34.88593" lon="-83.22597000000002"><ele>462.82083200104535</ele></trkpt><trkpt lat="34.88593" lon="-83.22597000000002"><ele>462.82083200104535</ele></trkpt><trkpt lat="34.88597" lon="-83.22606999999999"><ele>464.0</ele></trkpt><trkpt lat="34.88597" lon="-83.22606999999999"><ele>464.0</ele></trkpt><trkpt lat="34.88593" lon="-83.22613999999999"><ele>464.0</ele></trkpt><trkpt lat="34.88593" lon="-83.22613999999999"><ele>464.0</ele></trkpt><trkpt lat="34.88561" lon="-83.22634"><ele>464.0</ele></trkpt><trkpt lat="34.88542" lon="-83.22656"><ele>463.0</ele></trkpt><trkpt lat="34.88529" lon="-83.22665999999998"><ele>463.0</ele></trkpt><trkpt lat="34.88502" lon="-83.22712000000001"><ele>464.0</ele></trkpt><trkpt lat="34.88477" lon="-83.22739000000001"><ele>462.9989180602938</ele></trkpt><trkpt lat="34.88469" lon="-83.22755000000001"><ele>463.0</ele></trkpt><trkpt lat="34.88469" lon="-83.22755000000001"><ele>463.0</ele></trkpt><trkpt lat="34.88462" lon="-83.22771999999998"><ele>462.0082668646417</ele></trkpt><trkpt lat="34.88464" lon="-83.22784999999999"><ele>463.0</ele></trkpt><trkpt lat="34.88468" lon="-83.22793000000001"><ele>462.9069428955577</ele></trkpt><trkpt lat="34.88497" lon="-83.22803999999996"><ele>463.9728332276034</ele></trkpt><trkpt lat="34.88504" lon="-83.22811999999999"><ele>463.9978854924182</ele></trkpt><trkpt lat="34.88504" lon="-83.22811999999999"><ele>463.9978854924182</ele></trkpt><trkpt lat="34.88511" lon="-83.22818000000001"><ele>464.0</ele></trkpt><trkpt lat="34.88518" lon="-83.22833000000003"><ele>461.19519644323736</ele></trkpt><trkpt lat="34.88518" lon="-83.22833000000003"><ele>461.19519644323736</ele></trkpt><trkpt lat="34.88528" lon="-83.22847999999999"><ele>460.0</ele></trkpt><trkpt lat="34.88535" lon="-83.22852999999998"><ele>460.4329337621492</ele></trkpt><trkpt lat="34.88536149656325" lon="-83.22856449777544"><ele>460.03954194004075</ele></trkpt><trkpt lat="34.88536149656325" lon="-83.22856449777544"><ele>460.03954194004075</ele></trkpt><trkpt lat="34.88538" lon="-83.22861999999998"><ele>461.0</ele></trkpt><trkpt lat="34.88538" lon="-83.22881000000001"><ele>463.0</ele></trkpt><trkpt lat="34.88551" lon="-83.22913"><ele>463.0</ele></trkpt><trkpt lat="34.8857" lon="-83.22933999999998"><ele>462.04774175059515</ele></trkpt><trkpt lat="34.88593" lon="-83.22950000000003"><ele>462.0</ele></trkpt><trkpt lat="34.88593" lon="-83.22950000000003"><ele>462.0</ele></trkpt><trkpt lat="34.8862" lon="-83.22971000000001"><ele>462.0</ele></trkpt><trkpt lat="34.88637" lon="-83.22989000000001"><ele>462.0</ele></trkpt><trkpt lat="34.88657" lon="-83.23000000000002"><ele>463.0</ele></trkpt><trkpt lat="34.88688" lon="-83.23025999999999"><ele>463.0</ele></trkpt><trkpt lat="34.887022162694535" lon="-83.23046929507808"><ele>462.7503477682553</ele></trkpt><trkpt lat="34.88703562045037" lon="-83.2304891076003"><ele>462.14952940976036</ele></trkpt><trkpt lat="34.88724" lon="-83.23079000000001"><ele>461.9426703890946</ele></trkpt><trkpt lat="34.88748" lon="-83.23106999999999"><ele>463.75482475547057</ele></trkpt><trkpt lat="34.88759" lon="-83.23129"><ele>464.0</ele></trkpt><trkpt lat="34.88762" lon="-83.23142999999999"><ele>463.33462998761075</ele></trkpt><trkpt lat="34.88762" lon="-83.23172999999997"><ele>461.0</ele></trkpt><trkpt lat="34.88762" lon="-83.23172999999997"><ele>461.0</ele></trkpt><trkpt lat="34.88759" lon="-83.23185000000001"><ele>460.88541473175366</ele></trkpt><trkpt lat="34.88759" lon="-83.23185000000001"><ele>460.88541473175366</ele></trkpt><trkpt lat="34.88753" lon="-83.23230000000001"><ele>462.0</ele></trkpt><trkpt lat="34.88743" lon="-83.23238000000003"><ele>463.0</ele></trkpt><trkpt lat="34.88743" lon="-83.23238000000003"><ele>463.0</ele></trkpt><trkpt lat="34.88733" lon="-83.23241999999999"><ele>463.8336865606874</ele></trkpt><trkpt lat="34.88733" lon="-83.23241999999999"><ele>463.8336865606874</ele></trkpt><trkpt lat="34.88709" lon="-83.23257999999998"><ele>468.0427423449125</ele></trkpt><trkpt lat="34.88683" lon="-83.23261000000002"><ele>467.2672604462132</ele></trkpt><trkpt lat="34.8867" lon="-83.23255"><ele>467.0</ele></trkpt><trkpt lat="34.88655" lon="-83.23255"><ele>466.9421155564487</ele></trkpt><trkpt lat="34.88618" lon="-83.23247000000003"><ele>467.0</ele></trkpt><trkpt lat="34.88614" lon="-83.23241999999999"><ele>467.0</ele></trkpt><trkpt lat="34.88614" lon="-83.23241999999999"><ele>467.0</ele></trkpt><trkpt lat="34.88593" lon="-83.23219"><ele>470.6938417777419</ele></trkpt><trkpt lat="34.88593" lon="-83.23219"><ele>470.6938417777419</ele></trkpt><trkpt lat="34.88561" lon="-83.23201"><ele>469.0</ele></trkpt><trkpt lat="34.88525" lon="-83.23190999999997"><ele>469.12009069355366</ele></trkpt><trkpt lat="34.88516" lon="-83.23181"><ele>469.0</ele></trkpt><trkpt lat="34.88494" lon="-83.23180000000002"><ele>471.51852444559336</ele></trkpt><trkpt lat="34.88457" lon="-83.23199999999997"><ele>471.0</ele></trkpt><trkpt lat="34.88428" lon="-83.23241999999999"><ele>472.29123695382407</ele></trkpt><trkpt lat="34.88428" lon="-83.23241999999999"><ele>472.29123695382407</ele></trkpt><trkpt lat="34.8841" lon="-83.23268999999999"><ele>470.0</ele></trkpt><trkpt lat="34.88405" lon="-83.23282"><ele>470.0</ele></trkpt><trkpt lat="34.88412" lon="-83.23311999999999"><ele>470.0</ele></trkpt><trkpt lat="34.88415" lon="-83.23338999999999"><ele>472.0</ele></trkpt><trkpt lat="34.8843" lon="-83.23383999999999"><ele>476.8420658968389</ele></trkpt><trkpt lat="34.88429" lon="-83.23399999999998"><ele>476.3073120989696</ele></trkpt><trkpt lat="34.88422" lon="-83.23410999999999"><ele>475.41823509158814</ele></trkpt><trkpt lat="34.88422" lon="-83.23419000000001"><ele>476.93013063050444</ele></trkpt><trkpt lat="34.88414" lon="-83.23431"><ele>476.0</ele></trkpt><trkpt lat="34.88424" lon="-83.23442999999997"><ele>476.3479388291016</ele></trkpt><trkpt lat="34.88425" lon="-83.23453"><ele>476.7457457780838</ele></trkpt><trkpt lat="34.88413" lon="-83.23478999999998"><ele>479.0</ele></trkpt><trkpt lat="34.88411" lon="-83.23498000000001"><ele>482.7172657782212</ele></trkpt><trkpt lat="34.88408" lon="-83.23500999999999"><ele>483.1153671108186</ele></trkpt><trkpt lat="34.88398" lon="-83.23503"><ele>483.03141406364006</ele></trkpt><trkpt lat="34.88383" lon="-83.23498000000001"><ele>483.85950021632016</ele></trkpt><trkpt lat="34.88356" lon="-83.23478"><ele>492.5164447286417</ele></trkpt><trkpt lat="34.883502233849384" lon="-83.23477555644996"><ele>494.0910402563064</ele></trkpt><trkpt lat="34.88350732330027" lon="-83.23477594794429"><ele>494.0397364311916</ele></trkpt><trkpt lat="34.88343" lon="-83.23477000000003"><ele>495.5435538851317</ele></trkpt><trkpt lat="34.88335" lon="-83.23482999999999"><ele>497.0</ele></trkpt><trkpt lat="34.8832" lon="-83.23507999999998"><ele>500.0</ele></trkpt><trkpt lat="34.88316" lon="-83.23529000000002"><ele>500.24114200565964</ele></trkpt><trkpt lat="34.88311" lon="-83.23534000000001"><ele>499.1168307745531</ele></trkpt><trkpt lat="34.88288" lon="-83.23536000000001"><ele>501.426549334079</ele></trkpt><trkpt lat="34.88283" lon="-83.23548"><ele>501.32916508615017</ele></trkpt><trkpt lat="34.88272" lon="-83.23557"><ele>500.2132586669177</ele></trkpt><trkpt lat="34.88239" lon="-83.23548"><ele>501.0189546663314</ele></trkpt><trkpt lat="34.88208" lon="-83.23554999999999"><ele>499.2811911115423</ele></trkpt><trkpt lat="34.8819" lon="-83.23554000000001"><ele>497.81515733432025</ele></trkpt><trkpt lat="34.8818" lon="-83.23566"><ele>498.0</ele></trkpt><trkpt lat="34.88151" lon="-83.23586999999998"><ele>497.46762468860493</ele></trkpt><trkpt lat="34.88135" lon="-83.23608999999999"><ele>497.0</ele></trkpt><trkpt lat="34.88131" lon="-83.23624000000001"><ele>494.9872093851411</ele></trkpt><trkpt lat="34.88115" lon="-83.23651999999998"><ele>491.4558519456445</ele></trkpt><trkpt lat="34.88097" lon="-83.23741000000001"><ele>481.0</ele></trkpt><trkpt lat="34.88082" lon="-83.23766999999998"><ele>476.91964800003916</ele></trkpt><trkpt lat="34.88069" lon="-83.2378"><ele>471.8612088896334</ele></trkpt><trkpt lat="34.88044" lon="-83.23792000000003"><ele>469.0</ele></trkpt><trkpt lat="34.87971" lon="-83.23789999999997"><ele>468.0</ele></trkpt><trkpt lat="34.87959" lon="-83.23797000000002"><ele>467.983726609193</ele></trkpt><trkpt lat="34.87928" lon="-83.23843999999997"><ele>459.6545095127076</ele></trkpt><trkpt lat="34.87927" lon="-83.23865"><ele>457.086424196139</ele></trkpt><trkpt lat="34.87933" lon="-83.23876999999999"><ele>455.82622425748946</ele></trkpt><trkpt lat="34.87939" lon="-83.23879"><ele>455.31936226750133</ele></trkpt><trkpt lat="34.87948" lon="-83.23892999999998"><ele>454.0</ele></trkpt><trkpt lat="34.87947" lon="-83.23900000000003"><ele>454.06284444592893</ele></trkpt><trkpt lat="34.87931" lon="-83.23915999999997"><ele>455.0</ele></trkpt><trkpt lat="34.87924" lon="-83.23930999999999"><ele>454.0</ele></trkpt><trkpt lat="34.87922" lon="-83.23966999999999"><ele>454.0</ele></trkpt><trkpt lat="34.87926" lon="-83.24000999999998"><ele>455.0</ele></trkpt><trkpt lat="34.87924" lon="-83.24027000000001"><ele>455.3821686562151</ele></trkpt><trkpt lat="34.87909" lon="-83.24063999999998"><ele>457.0</ele></trkpt><trkpt lat="34.879" lon="-83.24077"><ele>459.5508231110871</ele></trkpt><trkpt lat="34.87878" lon="-83.24097"><ele>458.37215519696474</ele></trkpt><trkpt lat="34.87864" lon="-83.24128000000002"><ele>454.0946681348905</ele></trkpt><trkpt lat="34.87857" lon="-83.24149"><ele>453.3921314975709</ele></trkpt><trkpt lat="34.87851" lon="-83.24183"><ele>454.0</ele></trkpt><trkpt lat="34.87845" lon="-83.24196"><ele>453.0</ele></trkpt><trkpt lat="34.87843" lon="-83.24247000000003"><ele>454.0821131774778</ele></trkpt><trkpt lat="34.87837" lon="-83.24266"><ele>452.01510997134415</ele></trkpt><trkpt lat="34.8782" lon="-83.24292000000003"><ele>454.8240865980281</ele></trkpt><trkpt lat="34.87791" lon="-83.24328000000003"><ele>455.3527661031112</ele></trkpt><trkpt lat="34.87758" lon="-83.24362000000002"><ele>454.3704497786239</ele></trkpt><trkpt lat="34.87721" lon="-83.24376999999998"><ele>455.3211298612077</ele></trkpt><trkpt lat="34.87707" lon="-83.24376999999998"><ele>454.360956444405</ele></trkpt><trkpt lat="34.87673" lon="-83.24365999999998"><ele>457.04809188701404</ele></trkpt><trkpt lat="34.8765" lon="-83.24347999999998"><ele>459.22887732757397</ele></trkpt><trkpt lat="34.87637" lon="-83.24342999999999"><ele>459.5158080002293</ele></trkpt><trkpt lat="34.87611" lon="-83.24319000000003"><ele>459.0</ele></trkpt><trkpt lat="34.87588" lon="-83.24286000000001"><ele>459.46691353637664</ele></trkpt><trkpt lat="34.87578" lon="-83.24279000000001"><ele>459.7427573610061</ele></trkpt><trkpt lat="34.87578" lon="-83.24279000000001"><ele>459.7427573610061</ele></trkpt><trkpt lat="34.87578" lon="-83.24279000000001"><ele>459.7427573610061</ele></trkpt><trkpt lat="34.87559" lon="-83.24279000000001"><ele>461.68964622262865</ele></trkpt><trkpt lat="34.87525" lon="-83.24270999999999"><ele>464.96137600019574</ele></trkpt><trkpt lat="34.87507" lon="-83.24263000000002"><ele>467.23310577869415</ele></trkpt><trkpt lat="34.87469" lon="-83.24256000000003"><ele>471.9708693344146</ele></trkpt><trkpt lat="34.87445" lon="-83.24245000000002"><ele>475.5671524964273</ele></trkpt><trkpt lat="34.87415" lon="-83.24246"><ele>476.31053155567497</ele></trkpt><trkpt lat="34.87395" lon="-83.24255"><ele>473.3796684872359</ele></trkpt><trkpt lat="34.87374" lon="-83.24286999999998"><ele>481.363745697774</ele></trkpt><trkpt lat="34.87361" lon="-83.24302"><ele>482.96964631136507</ele></trkpt><trkpt lat="34.8735" lon="-83.24310000000003"><ele>487.3745609857142</ele></trkpt><trkpt lat="34.87347" lon="-83.24309"><ele>489.78283283114433</ele></trkpt><trkpt lat="34.8734" lon="-83.24277999999998"><ele>489.5091143269268</ele></trkpt><trkpt lat="34.87331" lon="-83.24273"><ele>489.89344355557114</ele></trkpt><trkpt lat="34.87308" lon="-83.24283000000003"><ele>496.310535586196</ele></trkpt><trkpt lat="34.87283" lon="-83.24286000000001"><ele>497.24161836940044</ele></trkpt><trkpt lat="34.87275" lon="-83.24290000000002"><ele>496.94655464646564</ele></trkpt><trkpt lat="34.87261" lon="-83.24315000000001"><ele>498.8704217324033</ele></trkpt><trkpt lat="34.87251" lon="-83.24344000000002"><ele>502.07656247355044</ele></trkpt><trkpt lat="34.87257" lon="-83.24356"><ele>504.9105480266735</ele></trkpt><trkpt lat="34.87255" lon="-83.24362000000002"><ele>503.3704497786239</ele></trkpt><trkpt lat="34.87227" lon="-83.24374999999998"><ele>507.1902794218413</ele></trkpt><trkpt lat="34.87211" lon="-83.24385999999998"><ele>507.55526044405997</ele></trkpt><trkpt lat="34.87195" lon="-83.24405000000002"><ele>509.1092434011014</ele></trkpt><trkpt lat="34.87205" lon="-83.24448000000001"><ele>507.5213847795684</ele></trkpt><trkpt lat="34.87205" lon="-83.24457999999998"><ele>507.9526902525702</ele></trkpt><trkpt lat="34.87192" lon="-83.24466999999999"><ele>506.3039964437485</ele></trkpt><trkpt lat="34.8718" lon="-83.24481000000003"><ele>505.74599813483655</ele></trkpt><trkpt lat="34.87179" lon="-83.24498"><ele>504.0</ele></trkpt><trkpt lat="34.87167" lon="-83.24535000000003"><ele>500.3652096546736</ele></trkpt><trkpt lat="34.87166" lon="-83.24545"><ele>500.0</ele></trkpt><trkpt lat="34.87171" lon="-83.24554999999998"><ele>499.0</ele></trkpt><trkpt lat="34.87186" lon="-83.2457"><ele>496.69452444370836</ele></trkpt><trkpt lat="34.87191" lon="-83.24581"><ele>494.564955681378</ele></trkpt><trkpt lat="34.8721" lon="-83.24599999999998"><ele>493.0</ele></trkpt><trkpt lat="34.87222" lon="-83.24606"><ele>491.3637375754786</ele></trkpt><trkpt lat="34.87229" lon="-83.24613"><ele>491.92465865053236</ele></trkpt><trkpt lat="34.87225" lon="-83.24621000000002"><ele>492.3075830023736</ele></trkpt><trkpt lat="34.87214" lon="-83.24631999999997"><ele>490.01181107185545</ele></trkpt><trkpt lat="34.87208" lon="-83.24649"><ele>488.0</ele></trkpt><trkpt lat="34.87207" lon="-83.24662000000001"><ele>486.0</ele></trkpt><trkpt lat="34.87222" lon="-83.24700000000001"><ele>481.0</ele></trkpt><trkpt lat="34.87222" lon="-83.24700000000001"><ele>481.0</ele></trkpt><trkpt lat="34.87224" lon="-83.24706000000003"><ele>481.50738001256843</ele></trkpt><trkpt lat="34.87224" lon="-83.24706000000003"><ele>481.50738001256843</ele></trkpt><trkpt lat="34.87224" lon="-83.24709999999999"><ele>482.0</ele></trkpt><trkpt lat="34.87218" lon="-83.24712999999997"><ele>481.94830577634275</ele></trkpt><trkpt lat="34.872" lon="-83.24714"><ele>481.0</ele></trkpt><trkpt lat="34.87187" lon="-83.24700999999999"><ele>479.0</ele></trkpt><trkpt lat="34.8718" lon="-83.24689999999998"><ele>478.0</ele></trkpt><trkpt lat="34.87165" lon="-83.24691000000001"><ele>477.6955626681447</ele></trkpt><trkpt lat="34.87153" lon="-83.24697000000003"><ele>477.4917653342709</ele></trkpt><trkpt lat="34.87143" lon="-83.24698000000001"><ele>476.95779911149293</ele></trkpt><trkpt lat="34.87138" lon="-83.24689999999998"><ele>475.0</ele></trkpt><trkpt lat="34.87109" lon="-83.24662999999998"><ele>473.3777651776749</ele></trkpt><trkpt lat="34.87082" lon="-83.24655000000001"><ele>472.0</ele></trkpt><trkpt lat="34.87052" lon="-83.24651"><ele>469.0020738636053</ele></trkpt><trkpt lat="34.87008" lon="-83.24653999999998"><ele>467.0</ele></trkpt><trkpt lat="34.86995" lon="-83.2466"><ele>466.0</ele></trkpt><trkpt lat="34.86974" lon="-83.24662000000001"><ele>465.0</ele></trkpt><trkpt lat="34.8694" lon="-83.24673000000001"><ele>464.1288928043938</ele></trkpt><trkpt lat="34.86908" lon="-83.24694999999997"><ele>463.0</ele></trkpt><trkpt lat="34.86908" lon="-83.24694999999997"><ele>463.0</ele></trkpt><trkpt lat="34.86908" lon="-83.24694999999997"><ele>463.0</ele></trkpt><trkpt lat="34.86897" lon="-83.24697000000003"><ele>463.0</ele></trkpt><trkpt lat="34.86897" lon="-83.24697000000003"><ele>463.0</ele></trkpt><trkpt lat="34.86897" lon="-83.24697000000003"><ele>463.0</ele></trkpt><trkpt lat="34.86888" lon="-83.24707000000001"><ele>462.9822211662268</ele></trkpt><trkpt lat="34.86878" lon="-83.24707999999998"><ele>461.6956481542981</ele></trkpt><trkpt lat="34.86871" lon="-83.24715000000003"><ele>461.1997513345821</ele></trkpt><trkpt lat="34.86861" lon="-83.24716000000001"><ele>461.65359288826585</ele></trkpt><trkpt lat="34.86852" lon="-83.24725000000001"><ele>463.02461656648666</ele></trkpt><trkpt lat="34.86848" lon="-83.24736000000001"><ele>465.8373711463064</ele></trkpt><trkpt lat="34.86859" lon="-83.24757"><ele>464.0</ele></trkpt><trkpt lat="34.86867" lon="-83.24761000000001"><ele>463.30357116881896</ele></trkpt><trkpt lat="34.8688" lon="-83.24788999999998"><ele>469.0</ele></trkpt><trkpt lat="34.86875" lon="-83.24799000000002"><ele>470.0</ele></trkpt><trkpt lat="34.86857" lon="-83.24823000000004"><ele>468.2120213350281</ele></trkpt><trkpt lat="34.86837" lon="-83.24846000000002"><ele>472.0</ele></trkpt><trkpt lat="34.86821" lon="-83.24858999999998"><ele>474.0</ele></trkpt><trkpt lat="34.86811" lon="-83.24878999999999"><ele>477.0</ele></trkpt><trkpt lat="34.86808" lon="-83.24896999999999"><ele>479.30892432150523</ele></trkpt><trkpt lat="34.86808" lon="-83.24928"><ele>482.5234447825692</ele></trkpt><trkpt lat="34.86793" lon="-83.24963000000002"><ele>485.42118912641945</ele></trkpt><trkpt lat="34.86792" lon="-83.24973999999997"><ele>486.35413633286953</ele></trkpt><trkpt lat="34.86792" lon="-83.24973999999997"><ele>486.35413633286953</ele></trkpt><trkpt lat="34.8679" lon="-83.24977999999999"><ele>486.2181227505207</ele></trkpt><trkpt lat="34.8679" lon="-83.24977999999999"><ele>486.2181227505207</ele></trkpt><trkpt lat="34.8678" lon="-83.25009999999997"><ele>487.5380589775741</ele></trkpt><trkpt lat="34.86766" lon="-83.25027"><ele>487.70311215856077</ele></trkpt><trkpt lat="34.86762" lon="-83.25042000000002"><ele>490.2734186677262</ele></trkpt><trkpt lat="34.8674" lon="-83.25069000000002"><ele>492.0</ele></trkpt><trkpt lat="34.86740338123017" lon="-83.25074748091288"><ele>493.0</ele></trkpt><trkpt lat="34.86740300894416" lon="-83.25074115204819"><ele>493.0</ele></trkpt><trkpt lat="34.86741" lon="-83.25085999999999"><ele>493.3858762662858</ele></trkpt><trkpt lat="34.86739" lon="-83.25106"><ele>492.24986972659826</ele></trkpt><trkpt lat="34.86731" lon="-83.25130000000001"><ele>494.0</ele></trkpt><trkpt lat="34.86729" lon="-83.25149999999996"><ele>495.0</ele></trkpt><trkpt lat="34.86724" lon="-83.25153999999998"><ele>493.72982950136065</ele></trkpt><trkpt lat="34.86719" lon="-83.25173999999998"><ele>494.0</ele></trkpt><trkpt lat="34.86719" lon="-83.25173999999998"><ele>494.0</ele></trkpt><trkpt lat="34.86719" lon="-83.25173999999998"><ele>494.0</ele></trkpt><trkpt lat="34.86686" lon="-83.25216999999998"><ele>497.0</ele></trkpt><trkpt lat="34.8668444732638" lon="-83.25217352744892"><ele>497.0</ele></trkpt><trkpt lat="34.8668444732638" lon="-83.25217352744892"><ele>497.0</ele></trkpt><trkpt lat="34.86664" lon="-83.25221999999997"><ele>498.1594986654818</ele></trkpt><trkpt lat="34.86643" lon="-83.25229000000002"><ele>503.4217351125553</ele></trkpt><trkpt lat="34.86635" lon="-83.25236000000001"><ele>505.943775226012</ele></trkpt><trkpt lat="34.86604" lon="-83.25245999999999"><ele>509.196279446007</ele></trkpt><trkpt lat="34.86599" lon="-83.25254999999999"><ele>511.5386133333668</ele></trkpt><trkpt lat="34.86602" lon="-83.25259"><ele>513.1748248649694</ele></trkpt><trkpt lat="34.86625" lon="-83.25270999999998"><ele>515.9951537773013</ele></trkpt><trkpt lat="34.86635" lon="-83.25290999999999"><ele>518.2596399827308</ele></trkpt><trkpt lat="34.86651" lon="-83.25315999999998"><ele>520.0</ele></trkpt><trkpt lat="34.8666" lon="-83.25347999999997"><ele>521.5473547785209</ele></trkpt><trkpt lat="34.86649" lon="-83.25439"><ele>526.8701385166496</ele></trkpt><trkpt lat="34.86649" lon="-83.25439"><ele>526.8701385166496</ele></trkpt><trkpt lat="34.86642" lon="-83.25470000000001"><ele>527.0</ele></trkpt><trkpt lat="34.86641" lon="-83.255"><ele>528.0</ele></trkpt><trkpt lat="34.86645" lon="-83.25512000000003"><ele>529.0</ele></trkpt><trkpt lat="34.86667" lon="-83.25540000000001"><ele>533.0</ele></trkpt><trkpt lat="34.86675" lon="-83.25563999999997"><ele>538.4875543611402</ele></trkpt><trkpt lat="34.86664" lon="-83.25621000000001"><ele>548.0</ele></trkpt><trkpt lat="34.86659" lon="-83.25662"><ele>547.8264030985374</ele></trkpt><trkpt lat="34.86647" lon="-83.25698"><ele>547.0</ele></trkpt><trkpt lat="34.86625" lon="-83.25740000000002"><ele>544.0</ele></trkpt><trkpt lat="34.86617" lon="-83.25745"><ele>543.1000124254252</ele></trkpt><trkpt lat="34.86593" lon="-83.25779"><ele>543.761516555694</ele></trkpt><trkpt lat="34.86576" lon="-83.25808"><ele>538.0784418201074</ele></trkpt><trkpt lat="34.86568" lon="-83.25817"><ele>539.8776675853878</ele></trkpt><trkpt lat="34.86554" lon="-83.25844999999998"><ele>540.9150186217237</ele></trkpt><trkpt lat="34.86546" lon="-83.25871000000001"><ele>539.0</ele></trkpt><trkpt lat="34.86549" lon="-83.25887"><ele>536.0</ele></trkpt><trkpt lat="34.8656" lon="-83.25918000000001"><ele>533.4809919986874</ele></trkpt><trkpt lat="34.86559" lon="-83.25931000000003"><ele>531.00439992216</ele></trkpt><trkpt lat="34.86551" lon="-83.25937999999996"><ele>528.1603164458647</ele></trkpt><trkpt lat="34.86518" lon="-83.25954000000002"><ele>523.1950520015353</ele></trkpt><trkpt lat="34.86489" lon="-83.25961999999998"><ele>526.7242775503546</ele></trkpt><trkpt lat="34.86462" lon="-83.25981999999999"><ele>521.6548302229494</ele></trkpt><trkpt lat="34.86456" lon="-83.25988000000001"><ele>520.4226765323431</ele></trkpt><trkpt lat="34.86454" lon="-83.25999000000002"><ele>517.7277743892305</ele></trkpt><trkpt lat="34.86444" lon="-83.26011"><ele>522.0</ele></trkpt><trkpt lat="34.86441" lon="-83.2602"><ele>523.0537989689058</ele></trkpt><trkpt lat="34.86444" lon="-83.26026000000002"><ele>524.0</ele></trkpt><trkpt lat="34.86463" lon="-83.26042999999999"><ele>528.7732302220538</ele></trkpt><trkpt lat="34.86482" lon="-83.26056"><ele>531.8316693333909</ele></trkpt><trkpt lat="34.86489" lon="-83.26076999999998"><ele>536.0</ele></trkpt><trkpt lat="34.86499" lon="-83.26090999999997"><ele>530.0689089931548</ele></trkpt><trkpt lat="34.865" lon="-83.26105000000001"><ele>529.5009223353118</ele></trkpt><trkpt lat="34.86504" lon="-83.26114000000001"><ele>529.8933120734871</ele></trkpt><trkpt lat="34.86512" lon="-83.26121"><ele>529.1238648891449</ele></trkpt><trkpt lat="34.86527" lon="-83.26125000000002"><ele>529.8247266078938</ele></trkpt><trkpt lat="34.86556" lon="-83.26123999999999"><ele>539.5219662217423</ele></trkpt><trkpt lat="34.86561" lon="-83.26129000000003"><ele>542.8521351125091</ele></trkpt><trkpt lat="34.86569" lon="-83.2613"><ele>543.0</ele></trkpt><trkpt lat="34.86578" lon="-83.26139"><ele>545.613814528454</ele></trkpt><trkpt lat="34.86593" lon="-83.26147000000003"><ele>547.7554139601657</ele></trkpt><trkpt lat="34.86599" lon="-83.26166"><ele>550.025744510045</ele></trkpt><trkpt lat="34.866" lon="-83.26175999999998"><ele>552.4576304480433</ele></trkpt><trkpt lat="34.86606" lon="-83.26189"><ele>553.8687879833468</ele></trkpt><trkpt lat="34.86621" lon="-83.26192000000003"><ele>553.2122631128877</ele></trkpt><trkpt lat="34.8664" lon="-83.26207999999997"><ele>553.9821085687727</ele></trkpt><trkpt lat="34.86643" lon="-83.26219000000003"><ele>551.425978331895</ele></trkpt><trkpt lat="34.86636" lon="-83.26238000000001"><ele>550.9039103519171</ele></trkpt><trkpt lat="34.86637" lon="-83.26256999999998"><ele>556.8444482583188</ele></trkpt><trkpt lat="34.8666" lon="-83.26282000000003"><ele>561.622167520225</ele></trkpt><trkpt lat="34.8666" lon="-83.26309000000003"><ele>558.7850415741657</ele></trkpt><trkpt lat="34.866522032869256" lon="-83.26341919455206"><ele>566.1264300482267</ele></trkpt><trkpt lat="34.86652034732736" lon="-83.2634263113057"><ele>566.4976317745877</ele></trkpt><trkpt lat="34.86651" lon="-83.26346999999998"><ele>568.181643076241</ele></trkpt><trkpt lat="34.86665" lon="-83.26369"><ele>571.5477136727659</ele></trkpt><trkpt lat="34.86673" lon="-83.26396"><ele>570.784290911462</ele></trkpt><trkpt lat="34.86673" lon="-83.26409999999998"><ele>568.3847427572779</ele></trkpt><trkpt lat="34.86679" lon="-83.26431000000002"><ele>562.8301979321986</ele></trkpt><trkpt lat="34.86664" lon="-83.26458000000002"><ele>574.4653560027971</ele></trkpt><trkpt lat="34.86667" lon="-83.26472000000001"><ele>577.4534391443424</ele></trkpt><trkpt lat="34.86689" lon="-83.26499999999999"><ele>576.1502039264888</ele></trkpt><trkpt lat="34.86698" lon="-83.26506999999998"><ele>575.0</ele></trkpt><trkpt lat="34.86709" lon="-83.26510999999999"><ele>572.693031382908</ele></trkpt><trkpt lat="34.86719" lon="-83.26521000000002"><ele>573.5373760014772</ele></trkpt><trkpt lat="34.86728" lon="-83.26538"><ele>573.9981612935662</ele></trkpt><trkpt lat="34.86729" lon="-83.26583"><ele>571.0</ele></trkpt><trkpt lat="34.86719" lon="-83.26609000000002"><ele>571.2203609123826</ele></trkpt><trkpt lat="34.86716" lon="-83.26623000000001"><ele>573.8141856007278</ele></trkpt><trkpt lat="34.86711" lon="-83.26686999999998"><ele>579.5881082730332</ele></trkpt><trkpt lat="34.86712" lon="-83.26713999999998"><ele>587.0415352586423</ele></trkpt><trkpt lat="34.86716" lon="-83.26742000000002"><ele>592.9128234817288</ele></trkpt><trkpt lat="34.86728" lon="-83.26773000000003"><ele>594.9981612935662</ele></trkpt><trkpt lat="34.86728" lon="-83.26828999999998"><ele>598.9981612935662</ele></trkpt><trkpt lat="34.86733" lon="-83.26839000000001"><ele>596.1581482291222</ele></trkpt><trkpt lat="34.86735" lon="-83.26864"><ele>596.6437490514492</ele></trkpt><trkpt lat="34.86724" lon="-83.26909999999998"><ele>589.175484444946</ele></trkpt><trkpt lat="34.8671" lon="-83.26917000000003"><ele>589.9132479978725</ele></trkpt><trkpt lat="34.86687" lon="-83.26947000000001"><ele>594.305597938881</ele></trkpt><trkpt lat="34.86684" lon="-83.26977999999997"><ele>600.5050142370164</ele></trkpt><trkpt lat="34.86686" lon="-83.26994000000002"><ele>599.8542028535157</ele></trkpt><trkpt lat="34.86723" lon="-83.27042"><ele>613.2857952609652</ele></trkpt><trkpt lat="34.86749" lon="-83.27052000000003"><ele>604.0701867864938</ele></trkpt><trkpt lat="34.86759" lon="-83.27062000000001"><ele>603.323299555108</ele></trkpt><trkpt lat="34.8679" lon="-83.27053000000001"><ele>596.1019387465196</ele></trkpt><trkpt lat="34.8679" lon="-83.27053000000001"><ele>596.1019387465196</ele></trkpt><trkpt lat="34.86827" lon="-83.27046999999999"><ele>603.2344187740237</ele></trkpt><trkpt lat="34.86841" lon="-83.27040999999997"><ele>609.061495885253</ele></trkpt><trkpt lat="34.86856" lon="-83.2704"><ele>614.2889812505414</ele></trkpt><trkpt lat="34.86888" lon="-83.27025000000003"><ele>619.9320186838124</ele></trkpt><trkpt lat="34.86903" lon="-83.27035000000001"><ele>626.0317567914159</ele></trkpt><trkpt lat="34.86915" lon="-83.27062000000001"><ele>629.7804972492158</ele></trkpt><trkpt lat="34.86915" lon="-83.27109999999999"><ele>627.749226138927</ele></trkpt><trkpt lat="34.8691" lon="-83.2713"><ele>626.268626505509</ele></trkpt><trkpt lat="34.86891" lon="-83.27166999999997"><ele>633.167121502632</ele></trkpt><trkpt lat="34.86887" lon="-83.27190000000002"><ele>630.3709268439561</ele></trkpt><trkpt lat="34.86875" lon="-83.27222999999998"><ele>626.8079682812095</ele></trkpt><trkpt lat="34.86868" lon="-83.27231999999998"><ele>625.5897507481277</ele></trkpt><trkpt lat="34.86863" lon="-83.27235000000002"><ele>628.6344048753381</ele></trkpt><trkpt lat="34.86843" lon="-83.27269999999999"><ele>641.0</ele></trkpt><trkpt lat="34.86846" lon="-83.27289000000002"><ele>639.0</ele></trkpt><trkpt lat="34.86869" lon="-83.27316000000002"><ele>634.8780116694081</ele></trkpt><trkpt lat="34.86892" lon="-83.27309000000002"><ele>625.4241973395001</ele></trkpt><trkpt lat="34.86901" lon="-83.2731"><ele>624.238026666455</ele></trkpt><trkpt lat="34.8691" lon="-83.27316000000002"><ele>627.0342293344438</ele></trkpt><trkpt lat="34.86915" lon="-83.27323000000001"><ele>628.2313907247802</ele></trkpt><trkpt lat="34.86919" lon="-83.27350000000001"><ele>626.0</ele></trkpt><trkpt lat="34.86915" lon="-83.27368999999999"><ele>626.0</ele></trkpt><trkpt lat="34.86924" lon="-83.27402999999998"><ele>621.6683562360704</ele></trkpt><trkpt lat="34.86922" lon="-83.27456000000001"><ele>614.1410443840421</ele></trkpt><trkpt lat="34.86924" lon="-83.27465999999998"><ele>615.3316437639296</ele></trkpt><trkpt lat="34.86928" lon="-83.27472999999998"><ele>617.603708235547</ele></trkpt><trkpt lat="34.86946" lon="-83.27488"><ele>625.0</ele></trkpt><trkpt lat="34.86948" lon="-83.27494000000002"><ele>625.9640471599996</ele></trkpt><trkpt lat="34.86961" lon="-83.27499"><ele>629.0</ele></trkpt><trkpt lat="34.86969" lon="-83.27490999999998"><ele>626.9559125426981</ele></trkpt><trkpt lat="34.86975" lon="-83.27494999999999"><ele>628.4542755559087</ele></trkpt><trkpt lat="34.86998" lon="-83.27492999999998"><ele>629.5222079986706</ele></trkpt><trkpt lat="34.87017" lon="-83.27495999999996"><ele>630.9203093321994</ele></trkpt><trkpt lat="34.87038" lon="-83.27507000000003"><ele>635.0466808900237</ele></trkpt><trkpt lat="34.87043" lon="-83.27515"><ele>636.0573197135759</ele></trkpt><trkpt lat="34.87041" lon="-83.27519999999998"><ele>638.293057193388</ele></trkpt><trkpt lat="34.87045" lon="-83.27539000000002"><ele>640.8976788287982</ele></trkpt><trkpt lat="34.87054" lon="-83.27553"><ele>641.3099298784509</ele></trkpt><trkpt lat="34.87056" lon="-83.27569"><ele>639.7488700412214</ele></trkpt><trkpt lat="34.87057" lon="-83.27597000000003"><ele>636.2419898942692</ele></trkpt><trkpt lat="34.87054" lon="-83.27616999999998"><ele>642.7054940088015</ele></trkpt><trkpt lat="34.8706" lon="-83.27636999999999"><ele>643.4175442066044</ele></trkpt><trkpt lat="34.8706" lon="-83.27636999999999"><ele>643.4175442066044</ele></trkpt><trkpt lat="34.87066" lon="-83.27656000000002"><ele>643.004561201727</ele></trkpt><trkpt lat="34.87072" lon="-83.27665999999999"><ele>644.7472862955183</ele></trkpt><trkpt lat="34.87069" lon="-83.27672999999999"><ele>648.305313039571</ele></trkpt><trkpt lat="34.8706" lon="-83.27681000000001"><ele>653.0</ele></trkpt><trkpt lat="34.87043" lon="-83.27708000000001"><ele>654.0</ele></trkpt><trkpt lat="34.87037" lon="-83.27729"><ele>653.0</ele></trkpt><trkpt lat="34.87036" lon="-83.27744999999999"><ele>651.0855443268151</ele></trkpt><trkpt lat="34.8703" lon="-83.27762000000001"><ele>651.520413409464</ele></trkpt><trkpt lat="34.87021" lon="-83.27769999999998"><ele>652.0</ele></trkpt><trkpt lat="34.8701" lon="-83.27791000000002"><ele>650.1812734324485</ele></trkpt><trkpt lat="34.87003" lon="-83.27846"><ele>658.0</ele></trkpt><trkpt lat="34.8698" lon="-83.27876000000003"><ele>659.1406469140202</ele></trkpt><trkpt lat="34.8698" lon="-83.27882999999997"><ele>659.1406469140202</ele></trkpt><trkpt lat="34.86985" lon="-83.27909999999997"><ele>661.0</ele></trkpt><trkpt lat="34.86987" lon="-83.27944000000002"><ele>660.116787539795</ele></trkpt><trkpt lat="34.86983" lon="-83.28008999999997"><ele>663.9993225072088</ele></trkpt><trkpt lat="34.86979" lon="-83.28021999999999"><ele>665.5957379078811</ele></trkpt><trkpt lat="34.86971" lon="-83.28037999999998"><ele>666.5245501543098</ele></trkpt><trkpt lat="34.8697" lon="-83.28066999999999"><ele>672.0</ele></trkpt><trkpt lat="34.8696" lon="-83.28134999999997"><ele>679.5585856343445</ele></trkpt><trkpt lat="34.86938" lon="-83.28161"><ele>676.2838742434978</ele></trkpt><trkpt lat="34.86934" lon="-83.28178000000003"><ele>675.2535725939747</ele></trkpt><trkpt lat="34.86941" lon="-83.28195"><ele>673.9918143815071</ele></trkpt><trkpt lat="34.86948" lon="-83.28204"><ele>673.1231820896437</ele></trkpt><trkpt lat="34.86965" lon="-83.28213"><ele>672.9334720000625</ele></trkpt><trkpt lat="34.86994" lon="-83.2824"><ele>664.3505600001663</ele></trkpt><trkpt lat="34.87009" lon="-83.28242"><ele>668.7751028508216</ele></trkpt><trkpt lat="34.87014" lon="-83.28253000000001"><ele>666.2921208888292</ele></trkpt><trkpt lat="34.8702" lon="-83.28255000000001"><ele>667.2215494196862</ele></trkpt><trkpt lat="34.87054" lon="-83.28287"><ele>661.4469724446535</ele></trkpt><trkpt lat="34.87063" lon="-83.28292999999996"><ele>661.18646651414</ele></trkpt><trkpt lat="34.8708" lon="-83.28312"><ele>659.988374626324</ele></trkpt><trkpt lat="34.87099" lon="-83.28352000000001"><ele>657.1138380812667</ele></trkpt><trkpt lat="34.87104" lon="-83.28358000000003"><ele>658.2064093547656</ele></trkpt><trkpt lat="34.87112" lon="-83.28384"><ele>655.2416960000992</ele></trkpt><trkpt lat="34.87136" lon="-83.28415000000001"><ele>655.7525837607682</ele></trkpt><trkpt lat="34.8714" lon="-83.28426000000002"><ele>658.0</ele></trkpt><trkpt lat="34.87162" lon="-83.28451999999999"><ele>659.7853011226803</ele></trkpt><trkpt lat="34.87168" lon="-83.28463999999997"><ele>660.9295991305262</ele></trkpt><trkpt lat="34.87175" lon="-83.28498000000002"><ele>663.0</ele></trkpt><trkpt lat="34.87203" lon="-83.28552000000002"><ele>671.8107906971127</ele></trkpt><trkpt lat="34.87215" lon="-83.2858"><ele>675.0</ele></trkpt><trkpt lat="34.87255" lon="-83.28613000000001"><ele>674.1813193592517</ele></trkpt><trkpt lat="34.87263" lon="-83.28622000000001"><ele>675.0</ele></trkpt><trkpt lat="34.87273" lon="-83.28647999999998"><ele>671.0</ele></trkpt><trkpt lat="34.87282" lon="-83.28665000000001"><ele>667.2862044442445</ele></trkpt><trkpt lat="34.87296" lon="-83.28679999999997"><ele>666.9340658662841</ele></trkpt><trkpt lat="34.87328" lon="-83.28727000000003"><ele>663.3921102201566</ele></trkpt><trkpt lat="34.87338" lon="-83.28739000000002"><ele>665.4961795564741</ele></trkpt><trkpt lat="34.87347" lon="-83.28751999999997"><ele>668.6085835844278</ele></trkpt><trkpt lat="34.8735" lon="-83.28771999999998"><ele>668.6017829627688</ele></trkpt><trkpt lat="34.87359" lon="-83.28787999999997"><ele>668.4098474435107</ele></trkpt><trkpt lat="34.87376" lon="-83.28811000000002"><ele>669.0819235295057</ele></trkpt><trkpt lat="34.87379" lon="-83.28823"><ele>669.4389330148697</ele></trkpt><trkpt lat="34.87384" lon="-83.28834"><ele>670.6263033952564</ele></trkpt><trkpt lat="34.87386" lon="-83.28847999999999"><ele>671.0</ele></trkpt><trkpt lat="34.87384" lon="-83.28856999999999"><ele>671.0</ele></trkpt><trkpt lat="34.8739" lon="-83.28888"><ele>675.0345911961049</ele></trkpt><trkpt lat="34.8739" lon="-83.28888"><ele>675.0345911961049</ele></trkpt><trkpt lat="34.87398" lon="-83.28901000000002"><ele>678.0</ele></trkpt><trkpt lat="34.87399" lon="-83.28910000000002"><ele>678.0</ele></trkpt><trkpt lat="34.87409" lon="-83.28915999999998"><ele>680.2579593656017</ele></trkpt><trkpt lat="34.8747" lon="-83.28931"><ele>685.1537569561692</ele></trkpt><trkpt lat="34.87475" lon="-83.28935000000001"><ele>686.3189356159419</ele></trkpt><trkpt lat="34.87479" lon="-83.28946000000002"><ele>686.0</ele></trkpt><trkpt lat="34.87481" lon="-83.28969000000001"><ele>684.7272611446679</ele></trkpt><trkpt lat="34.87471" lon="-83.28989000000001"><ele>682.0</ele></trkpt><trkpt lat="34.87469" lon="-83.28998000000001"><ele>682.0</ele></trkpt><trkpt lat="34.87452" lon="-83.29005000000001"><ele>680.2117774779961</ele></trkpt><trkpt lat="34.87445523955377" lon="-83.29015253737322"><ele>680.0</ele></trkpt><trkpt lat="34.874453121052284" lon="-83.29015589170143"><ele>680.0</ele></trkpt><trkpt lat="34.8744" lon="-83.29023999999998"><ele>679.4283787432718</ele></trkpt><trkpt lat="34.87422" lon="-83.29039"><ele>679.0</ele></trkpt><trkpt lat="34.87418" lon="-83.29039999999998"><ele>678.4478588409929</ele></trkpt><trkpt lat="34.87404" lon="-83.29057999999998"><ele>678.0</ele></trkpt><trkpt lat="34.87375" lon="-83.29079000000002"><ele>674.0</ele></trkpt><trkpt lat="34.87369" lon="-83.29092000000003"><ele>672.0</ele></trkpt><trkpt lat="34.87354" lon="-83.29109"><ele>668.0</ele></trkpt><trkpt lat="34.8735" lon="-83.29124000000002"><ele>666.0</ele></trkpt><trkpt lat="34.87345" lon="-83.29129"><ele>665.0</ele></trkpt><trkpt lat="34.87342" lon="-83.29147"><ele>662.0</ele></trkpt><trkpt lat="34.87337" lon="-83.29154"><ele>661.0</ele></trkpt><trkpt lat="34.87329" lon="-83.29163"><ele>660.0</ele></trkpt><trkpt lat="34.87321" lon="-83.29164000000003"><ele>660.0</ele></trkpt><trkpt lat="34.87304" lon="-83.29192"><ele>657.0</ele></trkpt><trkpt lat="34.87297" lon="-83.29221000000001"><ele>653.206409798935</ele></trkpt><trkpt lat="34.87298" lon="-83.29237"><ele>653.0</ele></trkpt><trkpt lat="34.87295" lon="-83.29257999999999"><ele>650.0703264400363</ele></trkpt><trkpt lat="34.87298" lon="-83.2928"><ele>650.0</ele></trkpt><trkpt lat="34.87293" lon="-83.293"><ele>652.9766724655315</ele></trkpt><trkpt lat="34.87294" lon="-83.29311000000001"><ele>654.0</ele></trkpt><trkpt lat="34.87285" lon="-83.29334"><ele>653.0</ele></trkpt><trkpt lat="34.87273" lon="-83.29352"><ele>648.5734277348965</ele></trkpt><trkpt lat="34.87273" lon="-83.29379"><ele>648.0</ele></trkpt><trkpt lat="34.87267" lon="-83.29390999999998"><ele>646.0</ele></trkpt><trkpt lat="34.8727" lon="-83.29406"><ele>646.8751660412969</ele></trkpt><trkpt lat="34.87278" lon="-83.29426999999998"><ele>647.5124124900495</ele></trkpt><trkpt lat="34.8728" lon="-83.29446000000002"><ele>644.6910218493211</ele></trkpt><trkpt lat="34.87295" lon="-83.29469"><ele>640.6235260057791</ele></trkpt><trkpt lat="34.87297" lon="-83.29479000000003"><ele>637.934709331952</ele></trkpt><trkpt lat="34.87296" lon="-83.29482000000002"><ele>636.5366079993546</ele></trkpt><trkpt lat="34.87266" lon="-83.29485"><ele>627.652946375538</ele></trkpt><trkpt lat="34.87253" lon="-83.29480999999998"><ele>626.2147197822428</ele></trkpt><trkpt lat="34.87234" lon="-83.29470000000003"><ele>627.0</ele></trkpt><trkpt lat="34.87218" lon="-83.29469"><ele>625.0</ele></trkpt><trkpt lat="34.872145861104926" lon="-83.29471793058258"><ele>626.4295393848147</ele></trkpt><trkpt lat="34.872145861104926" lon="-83.29471793058258"><ele>626.4295393848147</ele></trkpt><trkpt lat="34.87207" lon="-83.29478"><ele>629.9667654659281</ele></trkpt><trkpt lat="34.87207" lon="-83.29484000000002"><ele>631.9498640914866</ele></trkpt><trkpt lat="34.87211" lon="-83.29498000000001"><ele>635.5648575061932</ele></trkpt><trkpt lat="34.87232" lon="-83.29536000000002"><ele>638.0</ele></trkpt><trkpt lat="34.87236" lon="-83.29539"><ele>637.0</ele></trkpt><trkpt lat="34.87237" lon="-83.29547000000002"><ele>636.0</ele></trkpt><trkpt lat="34.87232" lon="-83.29559"><ele>633.3681649994105</ele></trkpt><trkpt lat="34.87207" lon="-83.29570999999999"><ele>639.9170677345246</ele></trkpt><trkpt lat="34.872" lon="-83.29572999999999"><ele>644.76578053087</ele></trkpt><trkpt lat="34.87198" lon="-83.29581999999999"><ele>649.0941924754032</ele></trkpt><trkpt lat="34.87198" lon="-83.29604"><ele>657.0093887929495</ele></trkpt><trkpt lat="34.87204" lon="-83.29610000000002"><ele>654.4018996467516</ele></trkpt><trkpt lat="34.87204" lon="-83.29617000000002"><ele>656.9991260161623</ele></trkpt><trkpt lat="34.8721" lon="-83.29629"><ele>656.2129608336836</ele></trkpt><trkpt lat="34.87214" lon="-83.29645"><ele>653.9408173318952</ele></trkpt><trkpt lat="34.87216" lon="-83.29712"><ele>657.0</ele></trkpt><trkpt lat="34.87229" lon="-83.29734000000002"><ele>650.0</ele></trkpt><trkpt lat="34.87211" lon="-83.29730999999998"><ele>653.0</ele></trkpt><trkpt lat="34.87172" lon="-83.29737"><ele>659.4962636400014</ele></trkpt><trkpt lat="34.87148" lon="-83.29752000000002"><ele>670.0285140563251</ele></trkpt><trkpt lat="34.87137" lon="-83.29775000000001"><ele>679.66809669137</ele></trkpt><trkpt lat="34.87134" lon="-83.29788000000002"><ele>679.4532053517178</ele></trkpt><trkpt lat="34.87134" lon="-83.29802999999998"><ele>682.8040907371762</ele></trkpt><trkpt lat="34.8714" lon="-83.29834"><ele>684.9752931874245</ele></trkpt><trkpt lat="34.8714" lon="-83.29834"><ele>684.9752931874245</ele></trkpt><trkpt lat="34.87144" lon="-83.29847000000001"><ele>682.8320765183295</ele></trkpt><trkpt lat="34.87144" lon="-83.29852"><ele>682.0</ele></trkpt><trkpt lat="34.8714" lon="-83.29854999999998"><ele>681.9927364167393</ele></trkpt><trkpt lat="34.87124" lon="-83.29849999999999"><ele>687.0637787617743</ele></trkpt><trkpt lat="34.87115" lon="-83.29853000000003"><ele>688.7017909598084</ele></trkpt><trkpt lat="34.87071" lon="-83.29852"><ele>694.1041102223098</ele></trkpt><trkpt lat="34.87058" lon="-83.29844000000003"><ele>697.9251737611539</ele></trkpt><trkpt lat="34.8703" lon="-83.29836999999998"><ele>705.414913854182</ele></trkpt><trkpt lat="34.87012" lon="-83.29854999999998"><ele>710.2007026122249</ele></trkpt><trkpt lat="34.87011" lon="-83.29862000000003"><ele>711.5562275564298</ele></trkpt><trkpt lat="34.86992" lon="-83.29889000000003"><ele>712.956890059635</ele></trkpt><trkpt lat="34.86991" lon="-83.29895999999997"><ele>712.3888694178313</ele></trkpt><trkpt lat="34.86989" lon="-83.29940999999997"><ele>713.0</ele></trkpt><trkpt lat="34.86985" lon="-83.29964000000001"><ele>713.9825119928156</ele></trkpt><trkpt lat="34.86985" lon="-83.29994999999997"><ele>715.0</ele></trkpt><trkpt lat="34.86978" lon="-83.3003"><ele>711.1540135810906</ele></trkpt><trkpt lat="34.8698" lon="-83.30045000000001"><ele>709.2777920272573</ele></trkpt><trkpt lat="34.87032" lon="-83.30092000000002"><ele>721.6777723897249</ele></trkpt><trkpt lat="34.8704" lon="-83.30108999999999"><ele>725.0</ele></trkpt><trkpt lat="34.87052" lon="-83.30150000000003"><ele>732.0</ele></trkpt><trkpt lat="34.87049" lon="-83.30159000000003"><ele>732.0</ele></trkpt><trkpt lat="34.87053" lon="-83.30182000000002"><ele>737.0</ele></trkpt><trkpt lat="34.8705" lon="-83.30212"><ele>741.9675370948686</ele></trkpt><trkpt lat="34.87053" lon="-83.30225999999999"><ele>745.6820799151374</ele></trkpt><trkpt lat="34.87031" lon="-83.30315999999999"><ele>748.0</ele></trkpt><trkpt lat="34.87035" lon="-83.30336999999997"><ele>747.0</ele></trkpt><trkpt lat="34.87033" lon="-83.30363999999997"><ele>745.2457958683372</ele></trkpt><trkpt lat="34.87043" lon="-83.3039"><ele>750.0</ele></trkpt><trkpt lat="34.87046" lon="-83.3041"><ele>753.0</ele></trkpt><trkpt lat="34.87049" lon="-83.30439000000001"><ele>757.0</ele></trkpt><trkpt lat="34.87046" lon="-83.30452000000002"><ele>758.8210298124902</ele></trkpt><trkpt lat="34.87048" lon="-83.30507999999998"><ele>754.8564087283623</ele></trkpt><trkpt lat="34.87054" lon="-83.30525999999998"><ele>752.9978069545072</ele></trkpt><trkpt lat="34.87059" lon="-83.30552999999998"><ele>750.422882012279</ele></trkpt><trkpt lat="34.87067" lon="-83.30574000000001"><ele>750.3506679168993</ele></trkpt><trkpt lat="34.87074" lon="-83.30614000000003"><ele>751.5348178036511</ele></trkpt><trkpt lat="34.87071" lon="-83.30637999999999"><ele>751.0</ele></trkpt><trkpt lat="34.87067" lon="-83.30647999999997"><ele>750.0</ele></trkpt><trkpt lat="34.87069" lon="-83.30692999999997"><ele>749.694686960429</ele></trkpt><trkpt lat="34.8706" lon="-83.30718000000002"><ele>750.2802435576632</ele></trkpt><trkpt lat="34.8706" lon="-83.30728999999997"><ele>752.5824557933956</ele></trkpt><trkpt lat="34.87055" lon="-83.30734999999999"><ele>751.7423297856003</ele></trkpt><trkpt lat="34.87053" lon="-83.30766"><ele>756.5158002743337</ele></trkpt><trkpt lat="34.87065" lon="-83.30794000000003"><ele>763.8997084461153</ele></trkpt><trkpt lat="34.87061" lon="-83.30833999999999"><ele>767.1504812017083</ele></trkpt><trkpt lat="34.87074" lon="-83.30860000000001"><ele>774.0</ele></trkpt><trkpt lat="34.871" lon="-83.30892"><ele>784.7012256698861</ele></trkpt><trkpt lat="34.87104" lon="-83.30903"><ele>787.4014451049361</ele></trkpt><trkpt lat="34.87105" lon="-83.30925000000002"><ele>792.136503362602</ele></trkpt><trkpt lat="34.87098" lon="-83.30977000000001"><ele>800.3205636748809</ele></trkpt><trkpt lat="34.871" lon="-83.30991"><ele>804.2150065113246</ele></trkpt><trkpt lat="34.87099" lon="-83.31006000000002"><ele>806.6988693345338</ele></trkpt><trkpt lat="34.87096" lon="-83.31016999999997"><ele>807.0</ele></trkpt><trkpt lat="34.87082" lon="-83.31040999999999"><ele>808.0</ele></trkpt><trkpt lat="34.87084" lon="-83.31058999999999"><ele>809.0</ele></trkpt><trkpt lat="34.8708" lon="-83.31067999999999"><ele>809.5591510513289</ele></trkpt><trkpt lat="34.87079" lon="-83.31083000000001"><ele>810.7396482187736</ele></trkpt><trkpt lat="34.87075" lon="-83.31096000000002"><ele>810.1028441805393</ele></trkpt><trkpt lat="34.87081" lon="-83.31124999999997"><ele>816.0767180560117</ele></trkpt><trkpt lat="34.87077" lon="-83.31139000000002"><ele>817.0</ele></trkpt><trkpt lat="34.87069" lon="-83.31144"><ele>818.0035204628716</ele></trkpt><trkpt lat="34.8706" lon="-83.31155000000001"><ele>821.4978661550646</ele></trkpt><trkpt lat="34.87066" lon="-83.31175000000002"><ele>822.009390719235</ele></trkpt><trkpt lat="34.87058" lon="-83.31187999999997"><ele>827.5535948183388</ele></trkpt><trkpt lat="34.87061" lon="-83.31239"><ele>832.2418916052617</ele></trkpt><trkpt lat="34.87044" lon="-83.31279999999998"><ele>837.0</ele></trkpt><trkpt lat="34.87035" lon="-83.31292000000002"><ele>837.0</ele></trkpt><trkpt lat="34.86977" lon="-83.31310000000002"><ele>834.2736803237628</ele></trkpt><trkpt lat="34.86969" lon="-83.31319000000002"><ele>831.0</ele></trkpt><trkpt lat="34.86956" lon="-83.31347"><ele>826.1949481877465</ele></trkpt><trkpt lat="34.8695" lon="-83.31353000000001"><ele>826.0</ele></trkpt><trkpt lat="34.86945" lon="-83.31376"><ele>825.2258398263673</ele></trkpt><trkpt lat="34.86929" lon="-83.31396999999998"><ele>823.0</ele></trkpt><trkpt lat="34.86924" lon="-83.31412"><ele>821.0303178411117</ele></trkpt><trkpt lat="34.86922" lon="-83.31423999999998"><ele>820.0976126208791</ele></trkpt><trkpt lat="34.86914" lon="-83.31434999999999"><ele>818.0</ele></trkpt><trkpt lat="34.86912620364739" lon="-83.31438334118548"><ele>817.8678335752338</ele></trkpt><trkpt lat="34.86911877283114" lon="-83.31440129902228"><ele>817.4457519389689</ele></trkpt><trkpt lat="34.86902" lon="-83.31464"><ele>813.716411439261</ele></trkpt><trkpt lat="34.869" lon="-83.31495999999999"><ele>809.6992801614106</ele></trkpt><trkpt lat="34.86902" lon="-83.31504000000001"><ele>810.0</ele></trkpt><trkpt lat="34.86903" lon="-83.31543999999997"><ele>815.4033234361559</ele></trkpt><trkpt lat="34.86908" lon="-83.31554"><ele>818.0207811225331</ele></trkpt><trkpt lat="34.86908" lon="-83.31567999999999"><ele>818.0949607220264</ele></trkpt><trkpt lat="34.86897" lon="-83.31603000000001"><ele>816.0785892605106</ele></trkpt><trkpt lat="34.86882" lon="-83.31619"><ele>812.8017857423533</ele></trkpt><trkpt lat="34.8686" lon="-83.31646999999998"><ele>805.0</ele></trkpt><trkpt lat="34.86851" lon="-83.31654000000003"><ele>804.4030806362772</ele></trkpt><trkpt lat="34.86833" lon="-83.31678999999997"><ele>800.6424756869674</ele></trkpt><trkpt lat="34.86804" lon="-83.31731000000002"><ele>801.0</ele></trkpt><trkpt lat="34.8679" lon="-83.31741"><ele>800.0</ele></trkpt><trkpt lat="34.8679" lon="-83.31741"><ele>800.0</ele></trkpt><trkpt lat="34.86775" lon="-83.31759"><ele>798.8120826632643</ele></trkpt><trkpt lat="34.86775" lon="-83.31759"><ele>798.8120826632643</ele></trkpt><trkpt lat="34.86765" lon="-83.31774000000001"><ele>797.0</ele></trkpt><trkpt lat="34.86765" lon="-83.31786"><ele>796.0</ele></trkpt><trkpt lat="34.86742" lon="-83.31816000000003"><ele>796.0</ele></trkpt><trkpt lat="34.86738" lon="-83.31830000000002"><ele>794.515395918122</ele></trkpt><trkpt lat="34.86729" lon="-83.31833"><ele>795.0</ele></trkpt><trkpt lat="34.86704" lon="-83.31864000000002"><ele>797.0</ele></trkpt><trkpt lat="34.86696" lon="-83.31879000000004"><ele>798.0</ele></trkpt><trkpt lat="34.86674" lon="-83.31893000000002"><ele>794.0</ele></trkpt><trkpt lat="34.86669" lon="-83.31907999999999"><ele>793.0</ele></trkpt><trkpt lat="34.86648" lon="-83.31936000000002"><ele>788.8897173320875</ele></trkpt><trkpt lat="34.86622" lon="-83.3195"><ele>796.0</ele></trkpt><trkpt lat="34.86602" lon="-83.31954000000002"><ele>800.782478684761</ele></trkpt><trkpt lat="34.86594" lon="-83.31957999999997"><ele>803.3630257770419</ele></trkpt><trkpt lat="34.86588" lon="-83.31957999999997"><ele>804.1879841847531</ele></trkpt><trkpt lat="34.86571" lon="-83.31970000000001"><ele>808.9554311120883</ele></trkpt><trkpt lat="34.86562" lon="-83.31966999999997"><ele>806.5573297766969</ele></trkpt><trkpt lat="34.86561" lon="-83.31970000000001"><ele>807.9554311120883</ele></trkpt><trkpt lat="34.86563" lon="-83.31974000000002"><ele>809.8195662228391</ele></trkpt><trkpt lat="34.8657" lon="-83.31983000000002"><ele>813.0138702234253</ele></trkpt><trkpt lat="34.86592" lon="-83.31997999999999"><ele>816.0</ele></trkpt><trkpt lat="34.86597" lon="-83.32006999999999"><ele>815.4058882687241</ele></trkpt><trkpt lat="34.86597" lon="-83.32031"><ele>817.7893798248842</ele></trkpt><trkpt lat="34.86597" lon="-83.32031"><ele>817.7893798248842</ele></trkpt><trkpt lat="34.86608" lon="-83.32062000000002"><ele>822.8305386677384</ele></trkpt><trkpt lat="34.86622" lon="-83.32078999999999"><ele>826.9082781600955</ele></trkpt><trkpt lat="34.86637" lon="-83.32082000000003"><ele>825.7335638890808</ele></trkpt><trkpt lat="34.86644" lon="-83.32094000000001"><ele>826.4537421260029</ele></trkpt><trkpt lat="34.8666" lon="-83.32108"><ele>827.2680924441665</ele></trkpt><trkpt lat="34.86688" lon="-83.32116000000002"><ele>824.0026123454111</ele></trkpt><trkpt lat="34.86693" lon="-83.32119999999998"><ele>824.0</ele></trkpt><trkpt lat="34.86698" lon="-83.32128"><ele>821.4112320002168</ele></trkpt><trkpt lat="34.86687" lon="-83.32139999999998"><ele>817.8706790688559</ele></trkpt><trkpt lat="34.86654" lon="-83.32150999999999"><ele>818.7226078473032</ele></trkpt><trkpt lat="34.86646" lon="-83.32163000000003"><ele>817.1000497760251</ele></trkpt><trkpt lat="34.86636" lon="-83.32184999999998"><ele>810.2152950848767</ele></trkpt><trkpt lat="34.8663" lon="-83.32187999999996"><ele>811.1112740673125</ele></trkpt><trkpt lat="34.86621" lon="-83.32199000000003"><ele>808.322833776474</ele></trkpt><trkpt lat="34.86611" lon="-83.32202999999998"><ele>806.4586986675858</ele></trkpt><trkpt lat="34.86601" lon="-83.32202999999998"><ele>803.3247845191509</ele></trkpt><trkpt lat="34.86591" lon="-83.322"><ele>804.5274473745376</ele></trkpt><trkpt lat="34.86583" lon="-83.32193999999998"><ele>811.0107916509733</ele></trkpt><trkpt lat="34.86574" lon="-83.32205999999996"><ele>811.5303153432906</ele></trkpt><trkpt lat="34.8657" lon="-83.32222000000002"><ele>805.5017787118052</ele></trkpt><trkpt lat="34.86559" lon="-83.32232999999997"><ele>797.488098048605</ele></trkpt><trkpt lat="34.86551" lon="-83.32235000000003"><ele>793.0121065620333</ele></trkpt><trkpt lat="34.86538" lon="-83.32234"><ele>792.0233031120151</ele></trkpt><trkpt lat="34.86523" lon="-83.32240999999999"><ele>797.2961835137371</ele></trkpt><trkpt lat="34.86517" lon="-83.32258000000002"><ele>792.6719794748351</ele></trkpt><trkpt lat="34.86507" lon="-83.32265000000001"><ele>791.3577975613055</ele></trkpt><trkpt lat="34.86493" lon="-83.32268999999997"><ele>790.5437631237818</ele></trkpt><trkpt lat="34.86466" lon="-83.32288"><ele>808.8124299496412</ele></trkpt><trkpt lat="34.86467" lon="-83.32299"><ele>805.9639015719295</ele></trkpt><trkpt lat="34.86463" lon="-83.32312999999999"><ele>802.1949831116945</ele></trkpt><trkpt lat="34.86434" lon="-83.32337999999999"><ele>806.4382360877876</ele></trkpt><trkpt lat="34.86452" lon="-83.32358999999997"><ele>808.0067746620625</ele></trkpt><trkpt lat="34.86458" lon="-83.32362"><ele>806.768701462041</ele></trkpt><trkpt lat="34.86461" lon="-83.32357000000002"><ele>804.2025569553848</ele></trkpt><trkpt lat="34.86464" lon="-83.32357000000002"><ele>803.2589016109705</ele></trkpt><trkpt lat="34.86476" lon="-83.32366000000002"><ele>798.1325830575079</ele></trkpt><trkpt lat="34.86494" lon="-83.32403999999997"><ele>791.623108065855</ele></trkpt><trkpt lat="34.86496" lon="-83.32412"><ele>789.7728685513139</ele></trkpt><trkpt lat="34.86493" lon="-83.32420000000002"><ele>791.8276832510667</ele></trkpt><trkpt lat="34.86496" lon="-83.32427000000001"><ele>790.7728685513139</ele></trkpt><trkpt lat="34.86514" lon="-83.32452999999998"><ele>782.5491018779576</ele></trkpt><trkpt lat="34.86516" lon="-83.32461"><ele>780.2219839999452</ele></trkpt><trkpt lat="34.86504" lon="-83.32483000000002"><ele>774.9692408880219</ele></trkpt><trkpt lat="34.86483" lon="-83.32499000000001"><ele>775.6439856793731</ele></trkpt><trkpt lat="34.86483" lon="-83.32510000000002"><ele>778.2528398710598</ele></trkpt><trkpt lat="34.86498" lon="-83.32526000000001"><ele>770.6368955820799</ele></trkpt><trkpt lat="34.86507" lon="-83.32550000000003"><ele>763.5250137969851</ele></trkpt><trkpt lat="34.86486" lon="-83.32565"><ele>776.6982581457123</ele></trkpt><trkpt lat="34.86501" lon="-83.32571000000002"><ele>773.9746671654284</ele></trkpt><trkpt lat="34.86513" lon="-83.32571999999999"><ele>768.6248548356816</ele></trkpt><trkpt lat="34.86523" lon="-83.32592999999997"><ele>767.4372101463377</ele></trkpt><trkpt lat="34.86518" lon="-83.32609000000002"><ele>769.7342799284095</ele></trkpt><trkpt lat="34.86519" lon="-83.32623000000001"><ele>766.2229596131309</ele></trkpt><trkpt lat="34.86523" lon="-83.32622000000003"><ele>763.4372101463377</ele></trkpt><trkpt lat="34.86525" lon="-83.32628"><ele>763.6056568892673</ele></trkpt><trkpt lat="34.8653" lon="-83.32632999999998"><ele>766.4399640215096</ele></trkpt><trkpt lat="34.86545" lon="-83.32622000000003"><ele>761.8094542240724</ele></trkpt><trkpt lat="34.86555" lon="-83.32610999999997"><ele>756.6830826653168</ele></trkpt><trkpt lat="34.86594" lon="-83.32595000000003"><ele>752.2265422241762</ele></trkpt><trkpt lat="34.86638" lon="-83.32595000000003"><ele>747.2265422241762</ele></trkpt><trkpt lat="34.86666" lon="-83.32609000000002"><ele>744.2141798175871</ele></trkpt><trkpt lat="34.86679" lon="-83.32634999999999"><ele>743.6980912657455</ele></trkpt><trkpt lat="34.86691" lon="-83.32641999999998"><ele>739.1424856704621</ele></trkpt><trkpt lat="34.86698" lon="-83.32654000000002"><ele>737.0382034108043</ele></trkpt><trkpt lat="34.86707" lon="-83.32661999999999"><ele>733.5086626192392</ele></trkpt><trkpt lat="34.86707" lon="-83.32670999999999"><ele>731.9523891916537</ele></trkpt><trkpt lat="34.86703" lon="-83.32681000000002"><ele>731.0</ele></trkpt><trkpt lat="34.86707" lon="-83.32693"><ele>733.8978524450213</ele></trkpt><trkpt lat="34.86711" lon="-83.32695000000001"><ele>733.8299200003967</ele></trkpt><trkpt lat="34.86722" lon="-83.32691"><ele>729.9657848887146</ele></trkpt><trkpt lat="34.86741" lon="-83.32726000000002"><ele>726.720998768767</ele></trkpt><trkpt lat="34.86758" lon="-83.32733000000002"><ele>727.5392035562545</ele></trkpt><trkpt lat="34.86769" lon="-83.32747999999998"><ele>731.8636174659755</ele></trkpt><trkpt lat="34.8679" lon="-83.32763999999997"><ele>730.9862506650388</ele></trkpt><trkpt lat="34.8679" lon="-83.32763999999997"><ele>730.9862506650388</ele></trkpt><trkpt lat="34.86804" lon="-83.32776999999999"><ele>731.0</ele></trkpt><trkpt lat="34.86805" lon="-83.32785000000001"><ele>731.8323919518913</ele></trkpt><trkpt lat="34.86803" lon="-83.32794999999999"><ele>732.0</ele></trkpt><trkpt lat="34.8679" lon="-83.32812999999999"><ele>731.1392478213381</ele></trkpt><trkpt lat="34.8679" lon="-83.32812999999999"><ele>731.1392478213381</ele></trkpt><trkpt lat="34.86755" lon="-83.32825000000003"><ele>738.8599919434156</ele></trkpt><trkpt lat="34.86752" lon="-83.32828999999998"><ele>740.1895709996963</ele></trkpt><trkpt lat="34.86753" lon="-83.32841000000002"><ele>740.7980787046254</ele></trkpt><trkpt lat="34.86763" lon="-83.32859000000002"><ele>740.1180335823447</ele></trkpt><trkpt lat="34.86763" lon="-83.32871"><ele>741.8693498070553</ele></trkpt><trkpt lat="34.86749" lon="-83.32902999999999"><ele>744.0</ele></trkpt><trkpt lat="34.86724" lon="-83.32914"><ele>745.1086826669052</ele></trkpt><trkpt lat="34.86706" lon="-83.32914"><ele>743.1086826669052</ele></trkpt><trkpt lat="34.86701" lon="-83.32911000000001"><ele>744.334201997146</ele></trkpt><trkpt lat="34.86689" lon="-83.32909999999998"><ele>747.1733032715146</ele></trkpt><trkpt lat="34.86655" lon="-83.32911000000001"><ele>755.9553713751957</ele></trkpt><trkpt lat="34.86651" lon="-83.32914"><ele>758.6254617432132</ele></trkpt><trkpt lat="34.8665" lon="-83.32922000000002"><ele>762.1872031129304</ele></trkpt><trkpt lat="34.86668" lon="-83.32932"><ele>759.3362231945368</ele></trkpt><trkpt lat="34.86672" lon="-83.32938999999999"><ele>758.806189628318</ele></trkpt><trkpt lat="34.86666" lon="-83.32965999999999"><ele>753.8749262224883</ele></trkpt><trkpt lat="34.86659" lon="-83.32974000000002"><ele>751.3368212282658</ele></trkpt><trkpt lat="34.86632" lon="-83.32974999999999"><ele>759.2066994765773</ele></trkpt><trkpt lat="34.86629" lon="-83.32977"><ele>760.402280127307</ele></trkpt><trkpt lat="34.86611" lon="-83.33004"><ele>770.8343573333696</ele></trkpt><trkpt lat="34.86615" lon="-83.33019999999999"><ele>776.4728938043118</ele></trkpt><trkpt lat="34.86629" lon="-83.33029999999997"><ele>776.951235554181</ele></trkpt><trkpt lat="34.86652" lon="-83.33033999999998"><ele>774.1354715974575</ele></trkpt><trkpt lat="34.86657" lon="-83.3304"><ele>775.0</ele></trkpt><trkpt lat="34.86664" lon="-83.33051"><ele>774.0</ele></trkpt><trkpt lat="34.86667" lon="-83.33060999999998"><ele>773.0</ele></trkpt><trkpt lat="34.86671" lon="-83.33064999999999"><ele>772.0</ele></trkpt><trkpt lat="34.86672" lon="-83.33098000000001"><ele>768.3584675546736</ele></trkpt><trkpt lat="34.86684" lon="-83.33109000000002"><ele>766.0</ele></trkpt><trkpt lat="34.86698" lon="-83.33128999999997"><ele>761.9966159589054</ele></trkpt><trkpt lat="34.86711" lon="-83.33134999999999"><ele>763.0</ele></trkpt><trkpt lat="34.86755" lon="-83.33116000000001"><ele>768.0</ele></trkpt><trkpt lat="34.86776" lon="-83.33098999999999"><ele>768.0</ele></trkpt><trkpt lat="34.8679" lon="-83.33096"><ele>767.0</ele></trkpt><trkpt lat="34.8679" lon="-83.33096"><ele>767.0</ele></trkpt><trkpt lat="34.86803" lon="-83.33092999999997"><ele>766.0</ele></trkpt><trkpt lat="34.86831" lon="-83.33103"><ele>761.0282986667007</ele></trkpt><trkpt lat="34.86854" lon="-83.33116999999999"><ele>758.2162951913822</ele></trkpt><trkpt lat="34.86866" lon="-83.33118999999999"><ele>757.0</ele></trkpt><trkpt lat="34.86878" lon="-83.33116999999999"><ele>759.0</ele></trkpt><trkpt lat="34.86893" lon="-83.33123999999998"><ele>760.0</ele></trkpt><trkpt lat="34.86909" lon="-83.33136000000002"><ele>759.649183999747</ele></trkpt><trkpt lat="34.86917" lon="-83.33134000000001"><ele>759.5812515551224</ele></trkpt><trkpt lat="34.8692" lon="-83.33109000000002"><ele>761.0</ele></trkpt><trkpt lat="34.86932" lon="-83.33087"><ele>760.4511644138053</ele></trkpt><trkpt lat="34.86941" lon="-83.33080000000001"><ele>760.2498704814673</ele></trkpt><trkpt lat="34.8695" lon="-83.33067"><ele>760.0</ele></trkpt><trkpt lat="34.86961" lon="-83.33060999999998"><ele>760.0</ele></trkpt><trkpt lat="34.86987" lon="-83.3306"><ele>759.9920875144827</ele></trkpt><trkpt lat="34.86996" lon="-83.33065999999997"><ele>760.0</ele></trkpt><trkpt lat="34.87011" lon="-83.33068000000003"><ele>759.0</ele></trkpt><trkpt lat="34.87022" lon="-83.33073000000002"><ele>757.9907108948563</ele></trkpt><trkpt lat="34.87034" lon="-83.33085"><ele>757.1085606606109</ele></trkpt><trkpt lat="34.87049" lon="-83.33091000000002"><ele>753.7925726085429</ele></trkpt><trkpt lat="34.87056" lon="-83.33096999999998"><ele>755.1754986653104</ele></trkpt><trkpt lat="34.87059" lon="-83.33096"><ele>755.0102378991247</ele></trkpt><trkpt lat="34.87074" lon="-83.33101999999997"><ele>760.0</ele></trkpt><trkpt lat="34.87084" lon="-83.33121"><ele>763.8624123414478</ele></trkpt><trkpt lat="34.87088" lon="-83.33136000000002"><ele>767.1799007759839</ele></trkpt><trkpt lat="34.87093" lon="-83.33137999999997"><ele>766.7652657268382</ele></trkpt><trkpt lat="34.87106" lon="-83.33139"><ele>765.7489173337817</ele></trkpt><trkpt lat="34.87126" lon="-83.33132999999998"><ele>760.9527146657929</ele></trkpt><trkpt lat="34.87149" lon="-83.33136999999999"><ele>767.816849777475</ele></trkpt><trkpt lat="34.87161" lon="-83.33140000000003"><ele>771.2049281521219</ele></trkpt><trkpt lat="34.87185" lon="-83.33155999999997"><ele>773.8074390838028</ele></trkpt><trkpt lat="34.87206" lon="-83.33161999999999"><ele>775.4676942210644</ele></trkpt><trkpt lat="34.87227" lon="-83.33161999999999"><ele>775.4676942210644</ele></trkpt><trkpt lat="34.87249" lon="-83.33172000000002"><ele>775.1799267663894</ele></trkpt><trkpt lat="34.87255" lon="-83.33182"><ele>774.0</ele></trkpt><trkpt lat="34.8726" lon="-83.33212000000003"><ele>772.1870504972524</ele></trkpt><trkpt lat="34.87272" lon="-83.33227999999997"><ele>765.7699059693048</ele></trkpt><trkpt lat="34.87291" lon="-83.3322"><ele>768.0</ele></trkpt><trkpt lat="34.87311" lon="-83.33206999999999"><ele>767.3693787010482</ele></trkpt><trkpt lat="34.8732" lon="-83.33197000000001"><ele>765.8388867883444</ele></trkpt><trkpt lat="34.87345" lon="-83.33163000000002"><ele>761.9650410776727</ele></trkpt><trkpt lat="34.87353" lon="-83.33155999999997"><ele>761.660172859969</ele></trkpt><trkpt lat="34.87365" lon="-83.33136999999999"><ele>759.0</ele></trkpt><trkpt lat="34.87369" lon="-83.33136999999999"><ele>759.0</ele></trkpt><trkpt lat="34.87384" lon="-83.33152999999999"><ele>756.0</ele></trkpt><trkpt lat="34.87388" lon="-83.33170999999999"><ele>753.0343088749671</ele></trkpt><trkpt lat="34.87381" lon="-83.33206000000001"><ele>748.0</ele></trkpt><trkpt lat="34.87377" lon="-83.33212000000003"><ele>746.2306168871</ele></trkpt><trkpt lat="34.87364" lon="-83.33222"><ele>746.0</ele></trkpt><trkpt lat="34.8736" lon="-83.33230000000003"><ele>747.1648140484467</ele></trkpt><trkpt lat="34.87367" lon="-83.33263"><ele>746.0</ele></trkpt><trkpt lat="34.87372" lon="-83.33272"><ele>743.1902647446841</ele></trkpt><trkpt lat="34.87374" lon="-83.33281999999997"><ele>741.0541707463562</ele></trkpt><trkpt lat="34.87372" lon="-83.33292"><ele>740.1902647446841</ele></trkpt><trkpt lat="34.87372" lon="-83.33292"><ele>740.1902647446841</ele></trkpt><trkpt lat="34.87368" lon="-83.33332000000001"><ele>740.8352073471597</ele></trkpt><trkpt lat="34.8737" lon="-83.33341000000001"><ele>741.0</ele></trkpt><trkpt lat="34.87381" lon="-83.33350999999999"><ele>739.0</ele></trkpt><trkpt lat="34.8739" lon="-83.33370000000002"><ele>736.0</ele></trkpt><trkpt lat="34.87416" lon="-83.33386999999999"><ele>731.738506683436</ele></trkpt><trkpt lat="34.87421" lon="-83.33398999999997"><ele>730.0</ele></trkpt><trkpt lat="34.87425" lon="-83.33401000000003"><ele>729.0125715459238</ele></trkpt><trkpt lat="34.87427" lon="-83.33437000000004"><ele>723.3730168864131</ele></trkpt><trkpt lat="34.87425" lon="-83.33449999999999"><ele>720.0263239897922</ele></trkpt><trkpt lat="34.87421" lon="-83.33454999999998"><ele>717.9844088898972</ele></trkpt><trkpt lat="34.87387" lon="-83.33458999999999"><ele>716.0</ele></trkpt><trkpt lat="34.87372" lon="-83.33463999999998"><ele>723.1902647446841</ele></trkpt><trkpt lat="34.87369" lon="-83.33478000000002"><ele>728.6287732264027</ele></trkpt><trkpt lat="34.8737" lon="-83.33488"><ele>731.3263584692031</ele></trkpt><trkpt lat="34.87387" lon="-83.33494000000002"><ele>728.1278233253975</ele></trkpt><trkpt lat="34.87417" lon="-83.33512999999999"><ele>727.0455502225086</ele></trkpt><trkpt lat="34.87429" lon="-83.33517"><ele>724.7211627969518</ele></trkpt><trkpt lat="34.87458" lon="-83.33503000000002"><ele>722.3852124456316</ele></trkpt><trkpt lat="34.87466" lon="-83.33501000000001"><ele>723.0191891033134</ele></trkpt><trkpt lat="34.87484" lon="-83.33501999999999"><ele>722.9191786656156</ele></trkpt><trkpt lat="34.87504" lon="-83.33521999999999"><ele>722.0497620639824</ele></trkpt><trkpt lat="34.87509" lon="-83.33535"><ele>721.3671868313104</ele></trkpt><trkpt lat="34.87518" lon="-83.33542999999997"><ele>720.0265635540709</ele></trkpt><trkpt lat="34.87538" lon="-83.33535"><ele>721.0</ele></trkpt><trkpt lat="34.87543" lon="-83.33530000000002"><ele>719.9681244455278</ele></trkpt><trkpt lat="34.87545" lon="-83.33521999999999"><ele>717.0198810925434</ele></trkpt><trkpt lat="34.87555" lon="-83.33521000000002"><ele>718.5907968449537</ele></trkpt><trkpt lat="34.87562" lon="-83.33512999999999"><ele>718.0337025756296</ele></trkpt><trkpt lat="34.87574" lon="-83.33508"><ele>718.7153813336045</ele></trkpt><trkpt lat="34.87581" lon="-83.33508999999998"><ele>719.0</ele></trkpt><trkpt lat="34.87595" lon="-83.33519000000001"><ele>717.5140811651945</ele></trkpt><trkpt lat="34.87608" lon="-83.33539000000002"><ele>715.0</ele></trkpt><trkpt lat="34.8761" lon="-83.33546999999999"><ele>714.8845869565521</ele></trkpt><trkpt lat="34.87624" lon="-83.33564000000001"><ele>713.0402442589402</ele></trkpt><trkpt lat="34.87629" lon="-83.3356"><ele>711.1897532159946</ele></trkpt><trkpt lat="34.87648" lon="-83.33578"><ele>710.0</ele></trkpt><trkpt lat="34.87662" lon="-83.33575000000002"><ele>707.0</ele></trkpt><trkpt lat="34.87689" lon="-83.33578999999997"><ele>704.0</ele></trkpt><trkpt lat="34.87707" lon="-83.33598"><ele>699.9280119709213</ele></trkpt><trkpt lat="34.8771" lon="-83.33609000000001"><ele>696.361535794299</ele></trkpt><trkpt lat="34.87705" lon="-83.33618999999999"><ele>694.5548693332821</ele></trkpt><trkpt lat="34.87694" lon="-83.33625"><ele>694.2090664554411</ele></trkpt><trkpt lat="34.87677" lon="-83.33656000000002"><ele>695.2906590857292</ele></trkpt><trkpt lat="34.8768" lon="-83.33663999999999"><ele>693.67856762014</ele></trkpt><trkpt lat="34.8768" lon="-83.33675"><ele>691.5810760916227</ele></trkpt><trkpt lat="34.87671" lon="-83.33695"><ele>689.9101964333413</ele></trkpt><trkpt lat="34.87664" lon="-83.33702"><ele>693.4035508262759</ele></trkpt><trkpt lat="34.87665" lon="-83.33706999999998"><ele>694.0</ele></trkpt><trkpt lat="34.87686" lon="-83.33724999999998"><ele>688.8480551710765</ele></trkpt><trkpt lat="34.87686" lon="-83.33724999999998"><ele>688.8480551710765</ele></trkpt><trkpt lat="34.87686" lon="-83.33724999999998"><ele>688.8480551710765</ele></trkpt><trkpt lat="34.87689" lon="-83.33731"><ele>686.433378345738</ele></trkpt><trkpt lat="34.87688" lon="-83.33751999999998"><ele>681.5723768891767</ele></trkpt><trkpt lat="34.87678" lon="-83.33767999999998"><ele>678.0</ele></trkpt><trkpt lat="34.87667" lon="-83.33776"><ele>677.2377383900541</ele></trkpt><trkpt lat="34.87647" lon="-83.33796999999998"><ele>671.6008568890393</ele></trkpt><trkpt lat="34.87647" lon="-83.33803"><ele>669.5889877707068</ele></trkpt><trkpt lat="34.87653" lon="-83.33807999999999"><ele>666.4744853340089</ele></trkpt><trkpt lat="34.87675" lon="-83.33807999999999"><ele>666.4744853340089</ele></trkpt><trkpt lat="34.87679" lon="-83.33814000000001"><ele>664.6782826660201</ele></trkpt><trkpt lat="34.8767" lon="-83.33825999999999"><ele>661.0858773337677</ele></trkpt><trkpt lat="34.87667" lon="-83.33835999999997"><ele>658.3865864034742</ele></trkpt><trkpt lat="34.87658" lon="-83.33841999999999"><ele>654.5430909477424</ele></trkpt><trkpt lat="34.87656" lon="-83.33861999999999"><ele>655.0425490008877</ele></trkpt><trkpt lat="34.87659" lon="-83.33898999999997"><ele>653.9074616506696</ele></trkpt><trkpt lat="34.87673" lon="-83.33907999999997"><ele>660.0</ele></trkpt><trkpt lat="34.87669" lon="-83.3392"><ele>662.2440189495683</ele></trkpt><trkpt lat="34.87674" lon="-83.33928000000003"><ele>665.1632198443642</ele></trkpt><trkpt lat="34.87679" lon="-83.33933000000002"><ele>667.0</ele></trkpt><trkpt lat="34.87684" lon="-83.33931999999999"><ele>667.3137031104416</ele></trkpt><trkpt lat="34.87692" lon="-83.33938999999998"><ele>669.5759395547211</ele></trkpt><trkpt lat="34.87707" lon="-83.33945"><ele>672.4407886070283</ele></trkpt><trkpt lat="34.87718" lon="-83.33946000000003"><ele>674.8381760017946</ele></trkpt><trkpt lat="34.87743" lon="-83.33961"><ele>681.8286826666445</ele></trkpt><trkpt lat="34.87768" lon="-83.33988999999997"><ele>688.8776284428313</ele></trkpt><trkpt lat="34.87787" lon="-83.34000000000003"><ele>694.556941138899</ele></trkpt><trkpt lat="34.87837" lon="-83.33982000000003"><ele>698.5744205741212</ele></trkpt><trkpt lat="34.87865" lon="-83.34000000000003"><ele>710.004000001587</ele></trkpt><trkpt lat="34.87878" lon="-83.34003999999999"><ele>710.8681351104751</ele></trkpt><trkpt lat="34.87891" lon="-83.34001"><ele>709.470033778809</ele></trkpt><trkpt lat="34.87904" lon="-83.34012999999999"><ele>712.0</ele></trkpt><trkpt lat="34.87906" lon="-83.34019999999998"><ele>712.2738156231171</ele></trkpt><trkpt lat="34.87903" lon="-83.34028"><ele>714.0</ele></trkpt><trkpt lat="34.87895" lon="-83.34037999999998"><ele>717.0</ele></trkpt><trkpt lat="34.87879" lon="-83.34042999999997"><ele>721.2171517256289</ele></trkpt><trkpt lat="34.87871" lon="-83.34048999999999"><ele>724.6097939143381</ele></trkpt><trkpt lat="34.87857" lon="-83.34068000000002"><ele>729.0</ele></trkpt><trkpt lat="34.87845" lon="-83.34100000000001"><ele>727.5036632921547</ele></trkpt><trkpt lat="34.87844" lon="-83.34129999999999"><ele>727.9355837106705</ele></trkpt><trkpt lat="34.87834" lon="-83.34159"><ele>730.331824373062</ele></trkpt><trkpt lat="34.87833301195955" lon="-83.34160339374421"><ele>730.5853802943602</ele></trkpt><trkpt lat="34.878316217806265" lon="-83.34163558256466"><ele>731.1314478935674</ele></trkpt><trkpt lat="34.87822" lon="-83.34181999999998"><ele>733.0</ele></trkpt><trkpt lat="34.87808" lon="-83.34194000000002"><ele>731.4847647901624</ele></trkpt><trkpt lat="34.87796" lon="-83.34217000000001"><ele>731.0</ele></trkpt><trkpt lat="34.87799" lon="-83.34228999999999"><ele>732.0</ele></trkpt><trkpt lat="34.87799" lon="-83.34228999999999"><ele>732.0</ele></trkpt><trkpt lat="34.87796" lon="-83.34251999999998"><ele>735.1476468593277</ele></trkpt><trkpt lat="34.87798" lon="-83.34276999999997"><ele>740.0</ele></trkpt><trkpt lat="34.8781" lon="-83.34309000000002"><ele>739.0</ele></trkpt><trkpt lat="34.87826" lon="-83.34325000000001"><ele>732.669789960323</ele></trkpt><trkpt lat="34.87839" lon="-83.34366"><ele>722.9455186081061</ele></trkpt><trkpt lat="34.87845" lon="-83.344"><ele>717.0</ele></trkpt><trkpt lat="34.87837" lon="-83.3449"><ele>699.6394488885999</ele></trkpt><trkpt lat="34.87828" lon="-83.34537"><ele>697.9594071164132</ele></trkpt><trkpt lat="34.87813" lon="-83.34573999999998"><ele>678.4926115563139</ele></trkpt><trkpt lat="34.87803" lon="-83.34609"><ele>677.701661168522</ele></trkpt><trkpt lat="34.878" lon="-83.34638000000001"><ele>687.0598494727165</ele></trkpt><trkpt lat="34.87826" lon="-83.34672999999998"><ele>690.934569388628</ele></trkpt><trkpt lat="34.87841" lon="-83.34699"><ele>691.9448497292859</ele></trkpt><trkpt lat="34.87853" lon="-83.34728000000001"><ele>686.9866400189266</ele></trkpt><trkpt lat="34.87862" lon="-83.34761000000003"><ele>674.8944139678154</ele></trkpt><trkpt lat="34.8785" lon="-83.34789999999998"><ele>686.2826428156934</ele></trkpt><trkpt lat="34.87871" lon="-83.34800000000001"><ele>682.9537412044743</ele></trkpt><trkpt lat="34.87895" lon="-83.34794"><ele>676.1586958250613</ele></trkpt><trkpt lat="34.87925" lon="-83.34793000000002"><ele>673.0</ele></trkpt><trkpt lat="34.87963" lon="-83.34825999999998"><ele>654.4624608047307</ele></trkpt><trkpt lat="34.87977" lon="-83.34857"><ele>657.5887778522869</ele></trkpt><trkpt lat="34.87995" lon="-83.3485"><ele>656.1327111106366</ele></trkpt><trkpt lat="34.88021" lon="-83.34848"><ele>654.713897340931</ele></trkpt><trkpt lat="34.88039" lon="-83.3485"><ele>650.0381664596031</ele></trkpt><trkpt lat="34.88051" lon="-83.34868"><ele>651.4704692643136</ele></trkpt><trkpt lat="34.88062" lon="-83.34902999999997"><ele>648.8695910124584</ele></trkpt><trkpt lat="34.88064" lon="-83.34944999999999"><ele>652.0852433200926</ele></trkpt><trkpt lat="34.88093" lon="-83.34959000000003"><ele>639.0</ele></trkpt><trkpt lat="34.88098" lon="-83.34986000000004"><ele>644.0</ele></trkpt><trkpt lat="34.88104124781343" lon="-83.35061028571448"><ele>636.2905099447817</ele></trkpt><trkpt lat="34.881046318783184" lon="-83.3506724050265"><ele>634.6283061532304</ele></trkpt><trkpt lat="34.88106" lon="-83.35084"><ele>633.0</ele></trkpt><trkpt lat="34.88125" lon="-83.35201999999998"><ele>598.9630963983443</ele></trkpt><trkpt lat="34.88136" lon="-83.35214000000002"><ele>593.1822419669479</ele></trkpt><trkpt lat="34.88136" lon="-83.35214000000002"><ele>593.1822419669479</ele></trkpt><trkpt lat="34.88153" lon="-83.35217999999998"><ele>585.52453658171</ele></trkpt><trkpt lat="34.88169" lon="-83.35181999999998"><ele>583.4975732484635</ele></trkpt><trkpt lat="34.88188" lon="-83.35154999999997"><ele>580.0</ele></trkpt><trkpt lat="34.88188" lon="-83.35154999999997"><ele>580.0</ele></trkpt><trkpt lat="34.88188" lon="-83.35154999999997"><ele>580.0</ele></trkpt><trkpt lat="34.88225" lon="-83.35109999999997"><ele>578.1142381457771</ele></trkpt><trkpt lat="34.882352856710625" lon="-83.35116171375864"><ele>580.1775629417971</ele></trkpt><trkpt lat="34.882352856710625" lon="-83.35116171375864"><ele>580.1775629417971</ele></trkpt><trkpt lat="34.88255" lon="-83.35127999999997"><ele>586.3987990360397</ele></trkpt><trkpt lat="34.88268" lon="-83.35129999999998"><ele>585.0</ele></trkpt><trkpt lat="34.88278" lon="-83.35136"><ele>583.5113835018128</ele></trkpt><trkpt lat="34.882961393681825" lon="-83.35164342755286"><ele>594.0</ele></trkpt><trkpt lat="34.882961393681825" lon="-83.35164342755286"><ele>594.0</ele></trkpt><trkpt lat="34.8831" lon="-83.35185999999999"><ele>602.8129563340544</ele></trkpt><trkpt lat="34.88316" lon="-83.35199999999998"><ele>606.2257460525916</ele></trkpt><trkpt lat="34.88348844087997" lon="-83.35223720730221"><ele>618.0</ele></trkpt><trkpt lat="34.88349347182355" lon="-83.35224084072257"><ele>618.0</ele></trkpt><trkpt lat="34.88352" lon="-83.35226"><ele>618.3614115556702</ele></trkpt><trkpt lat="34.88358" lon="-83.35235"><ele>621.0</ele></trkpt><trkpt lat="34.88363" lon="-83.35257999999999"><ele>631.2744924435392</ele></trkpt><trkpt lat="34.88371" lon="-83.35266000000001"><ele>633.0027626678348</ele></trkpt><trkpt lat="34.88384" lon="-83.35264999999998"><ele>626.6931227653328</ele></trkpt><trkpt lat="34.88392" lon="-83.35251"><ele>616.012256000191</ele></trkpt><trkpt lat="34.88396" lon="-83.35230000000001"><ele>613.4073810937833</ele></trkpt><trkpt lat="34.88396" lon="-83.35230000000001"><ele>613.4073810937833</ele></trkpt><trkpt lat="34.88396" lon="-83.35230000000001"><ele>613.4073810937833</ele></trkpt><trkpt lat="34.88396" lon="-83.35199"><ele>619.5260240696371</ele></trkpt><trkpt lat="34.88376" lon="-83.35068999999999"><ele>632.1636838521808</ele></trkpt><trkpt lat="34.88364" lon="-83.35030999999998"><ele>632.8614681093022</ele></trkpt><trkpt lat="34.88371" lon="-83.35005999999998"><ele>639.3231031205505</ele></trkpt><trkpt lat="34.88369" lon="-83.35001"><ele>637.373742621392</ele></trkpt><trkpt lat="34.88381" lon="-83.34980999999999"><ele>644.1874023135751</ele></trkpt><trkpt lat="34.88396" lon="-83.34965"><ele>645.7265955554321</ele></trkpt><trkpt lat="34.88399" lon="-83.34935999999999"><ele>646.0</ele></trkpt><trkpt lat="34.88402" lon="-83.34929999999997"><ele>646.9347315263003</ele></trkpt><trkpt lat="34.88417" lon="-83.3492"><ele>649.7550755552948</ele></trkpt><trkpt lat="34.88419" lon="-83.34914000000003"><ele>646.9588728900999</ele></trkpt><trkpt lat="34.88416" lon="-83.34906999999998"><ele>642.6627786254047</ele></trkpt><trkpt lat="34.88427" lon="-83.34886"><ele>636.1377060525119</ele></trkpt><trkpt lat="34.88427" lon="-83.34861000000001"><ele>633.2397348536041</ele></trkpt><trkpt lat="34.88421" lon="-83.3485"><ele>629.6930219530468</ele></trkpt><trkpt lat="34.8841" lon="-83.34812"><ele>630.7562481760846</ele></trkpt><trkpt lat="34.88418" lon="-83.34780999999998"><ele>634.0010106889531</ele></trkpt><trkpt lat="34.88423" lon="-83.34776999999997"><ele>633.9926001707111</ele></trkpt><trkpt lat="34.88432" lon="-83.34776999999997"><ele>637.9783061407506</ele></trkpt><trkpt lat="34.88444" lon="-83.34762999999998"><ele>635.5877724429592</ele></trkpt><trkpt lat="34.88447" lon="-83.34749"><ele>628.0632995553315</ele></trkpt><trkpt lat="34.88435" lon="-83.34731999999997"><ele>616.7273238128738</ele></trkpt><trkpt lat="34.88439" lon="-83.34710000000001"><ele>620.9153224302863</ele></trkpt><trkpt lat="34.88438" lon="-83.34701999999999"><ele>620.3870285302401</ele></trkpt><trkpt lat="34.88428" lon="-83.34681999999998"><ele>615.8194381826601</ele></trkpt><trkpt lat="34.88425" lon="-83.34681"><ele>614.0014664996415</ele></trkpt><trkpt lat="34.88424" lon="-83.34672999999998"><ele>615.068007144467</ele></trkpt><trkpt lat="34.88444" lon="-83.34638000000001"><ele>623.1293036304414</ele></trkpt><trkpt lat="34.88443" lon="-83.34618999999998"><ele>613.7065408676863</ele></trkpt><trkpt lat="34.88436" lon="-83.34609999999998"><ele>610.1794122338514</ele></trkpt><trkpt lat="34.88434242187172" lon="-83.34596816403786"><ele>610.2521381191909</ele></trkpt><trkpt lat="34.884343305840474" lon="-83.34597479380102"><ele>610.3023581821471</ele></trkpt><trkpt lat="34.88434" lon="-83.34595000000002"><ele>610.1145466621965</ele></trkpt><trkpt lat="34.88436" lon="-83.34575999999998"><ele>611.0</ele></trkpt><trkpt lat="34.88437" lon="-83.34571"><ele>610.8189079593867</ele></trkpt><trkpt lat="34.88454" lon="-83.34568999999999"><ele>612.5696587336852</ele></trkpt><trkpt lat="34.88465" lon="-83.34560999999997"><ele>609.8978986628354</ele></trkpt><trkpt lat="34.88483" lon="-83.34559999999999"><ele>607.9829155560583</ele></trkpt><trkpt lat="34.88503" lon="-83.34564"><ele>604.532036729157</ele></trkpt><trkpt lat="34.88507" lon="-83.34572000000003"><ele>604.2373113036774</ele></trkpt><trkpt lat="34.88505" lon="-83.34584000000001"><ele>605.5487357247621</ele></trkpt><trkpt lat="34.88511" lon="-83.34591999999998"><ele>604.0359794991091</ele></trkpt><trkpt lat="34.8852" lon="-83.34593000000001"><ele>598.3888796083629</ele></trkpt><trkpt lat="34.88524" lon="-83.34590000000003"><ele>596.7271337195218</ele></trkpt><trkpt lat="34.88529" lon="-83.34546"><ele>586.5914634708546</ele></trkpt><trkpt lat="34.88528" lon="-83.34535"><ele>586.5181630235165</ele></trkpt><trkpt lat="34.88531" lon="-83.34523999999999"><ele>587.6050100220049</ele></trkpt><trkpt lat="34.88525" lon="-83.34505999999999"><ele>585.813782852143</ele></trkpt><trkpt lat="34.88522" lon="-83.34480000000002"><ele>588.109403302893</ele></trkpt><trkpt lat="34.88530312975862" lon="-83.34475381909414"><ele>591.8322268482298</ele></trkpt><trkpt lat="34.88530312975862" lon="-83.34475381909414"><ele>591.8322268482298</ele></trkpt><trkpt lat="34.88531" lon="-83.34474999999998"><ele>592.082351102289</ele></trkpt><trkpt lat="34.88537" lon="-83.34465999999998"><ele>592.6961014956105</ele></trkpt><trkpt lat="34.88539" lon="-83.34455000000003"><ele>592.0</ele></trkpt><trkpt lat="34.88557" lon="-83.34462000000002"><ele>591.0061299055815</ele></trkpt><trkpt lat="34.88579" lon="-83.34453000000002"><ele>582.0</ele></trkpt><trkpt lat="34.88588" lon="-83.34438"><ele>581.0</ele></trkpt><trkpt lat="34.88589" lon="-83.34409"><ele>581.8935269579341</ele></trkpt><trkpt lat="34.88593" lon="-83.344"><ele>582.904865694386</ele></trkpt><trkpt lat="34.88593" lon="-83.344"><ele>582.904865694386</ele></trkpt><trkpt lat="34.88602" lon="-83.34384999999997"><ele>587.0</ele></trkpt><trkpt lat="34.88602" lon="-83.34377999999998"><ele>584.2569948372508</ele></trkpt><trkpt lat="34.88593" lon="-83.3435"><ele>573.8841777769849</ele></trkpt><trkpt lat="34.88593" lon="-83.3435"><ele>573.8841777769849</ele></trkpt><trkpt lat="34.88582" lon="-83.34329000000002"><ele>575.1971125137061</ele></trkpt><trkpt lat="34.88558" lon="-83.34303"><ele>575.9070409960301</ele></trkpt><trkpt lat="34.88566" lon="-83.34298000000001"><ele>579.2123438292857</ele></trkpt><trkpt lat="34.88567" lon="-83.34291999999999"><ele>581.5892987642437</ele></trkpt><trkpt lat="34.88565" lon="-83.34284000000002"><ele>582.8351149797988</ele></trkpt><trkpt lat="34.88537" lon="-83.34228999999999"><ele>581.2742648888379</ele></trkpt><trkpt lat="34.88537" lon="-83.34228999999999"><ele>581.2742648888379</ele></trkpt><trkpt lat="34.88532" lon="-83.34199000000001"><ele>586.0</ele></trkpt><trkpt lat="34.88538" lon="-83.34185000000002"><ele>588.0</ele></trkpt><trkpt lat="34.88555" lon="-83.34159999999997"><ele>589.5694044427946</ele></trkpt><trkpt lat="34.88557" lon="-83.34150999999997"><ele>585.3689705375582</ele></trkpt><trkpt lat="34.88563" lon="-83.34135000000003"><ele>592.402644334361</ele></trkpt><trkpt lat="34.88567" lon="-83.34134"><ele>594.0</ele></trkpt><trkpt lat="34.88582" lon="-83.34118999999998"><ele>593.4620195543393</ele></trkpt><trkpt lat="34.88593" lon="-83.34116"><ele>595.0285428655927</ele></trkpt><trkpt lat="34.88593" lon="-83.34116"><ele>595.0285428655927</ele></trkpt><trkpt lat="34.88608" lon="-83.34120999999999"><ele>598.0</ele></trkpt><trkpt lat="34.88631" lon="-83.34136999999998"><ele>596.8203511686179</ele></trkpt><trkpt lat="34.88634" lon="-83.34144000000003"><ele>595.2600048445165</ele></trkpt><trkpt lat="34.88629" lon="-83.34161"><ele>596.1006747595966</ele></trkpt><trkpt lat="34.88629" lon="-83.34161"><ele>596.1006747595966</ele></trkpt><trkpt lat="34.88629" lon="-83.34188"><ele>598.2751229449927</ele></trkpt><trkpt lat="34.88634" lon="-83.34195"><ele>600.8805866669863</ele></trkpt><trkpt lat="34.88651" lon="-83.34201999999999"><ele>599.1428231103346</ele></trkpt><trkpt lat="34.88681" lon="-83.34203000000002"><ele>597.6088568903506</ele></trkpt><trkpt lat="34.8869" lon="-83.34210999999999"><ele>597.7815108029172</ele></trkpt><trkpt lat="34.88697" lon="-83.34228999999999"><ele>599.4674158040434</ele></trkpt><trkpt lat="34.88697" lon="-83.34228999999999"><ele>599.4674158040434</ele></trkpt><trkpt lat="34.88707" lon="-83.34237999999999"><ele>600.7060663392767</ele></trkpt><trkpt lat="34.88715" lon="-83.3424"><ele>599.8877358546298</ele></trkpt><trkpt lat="34.88723" lon="-83.34237999999999"><ele>597.6158302342519</ele></trkpt><trkpt lat="34.88731" lon="-83.34228999999999"><ele>589.8764015473425</ele></trkpt><trkpt lat="34.88731" lon="-83.34228999999999"><ele>589.8764015473425</ele></trkpt><trkpt lat="34.88739" lon="-83.34194000000002"><ele>589.3944626785815</ele></trkpt><trkpt lat="34.88744" lon="-83.34188"><ele>592.2351706214249</ele></trkpt><trkpt lat="34.88766" lon="-83.34183000000002"><ele>594.8108741283268</ele></trkpt><trkpt lat="34.88791" lon="-83.34190999999998"><ele>594.0164515553042</ele></trkpt><trkpt lat="34.88796" lon="-83.34199999999998"><ele>596.0</ele></trkpt><trkpt lat="34.88828" lon="-83.34228999999999"><ele>595.7368915132478</ele></trkpt><trkpt lat="34.88828" lon="-83.34228999999999"><ele>595.7368915132478</ele></trkpt><trkpt lat="34.88832" lon="-83.34233"><ele>595.453071436882</ele></trkpt><trkpt lat="34.8884" lon="-83.34235999999999"><ele>593.99065271569</ele></trkpt><trkpt lat="34.88848" lon="-83.34262000000001"><ele>597.0710579790914</ele></trkpt><trkpt lat="34.8886" lon="-83.34276"><ele>594.85991984047</ele></trkpt><trkpt lat="34.88868" lon="-83.34300000000002"><ele>590.3147193714976</ele></trkpt><trkpt lat="34.88882" lon="-83.34318000000002"><ele>596.2027413342148</ele></trkpt><trkpt lat="34.88891" lon="-83.34316999999999"><ele>596.4734151102602</ele></trkpt><trkpt lat="34.8891" lon="-83.34282000000002"><ele>590.0953114107251</ele></trkpt><trkpt lat="34.88929" lon="-83.34276999999997"><ele>599.0953564438969</ele></trkpt><trkpt lat="34.88934" lon="-83.34278999999998"><ele>599.8216749108199</ele></trkpt><trkpt lat="34.88949" lon="-83.34296"><ele>599.2795990710248</ele></trkpt><trkpt lat="34.88959" lon="-83.34318000000002"><ele>603.1242302675106</ele></trkpt><trkpt lat="34.8897" lon="-83.34325999999999"><ele>602.3379808865054</ele></trkpt><trkpt lat="34.88983" lon="-83.34339999999997"><ele>600.9874617420036</ele></trkpt><trkpt lat="34.88994" lon="-83.34361000000001"><ele>602.1761301475301</ele></trkpt><trkpt lat="34.89002" lon="-83.34364"><ele>600.1165040073926</ele></trkpt><trkpt lat="34.89019" lon="-83.34379999999999"><ele>598.0</ele></trkpt><trkpt lat="34.89017" lon="-83.34390000000002"><ele>599.6595518104732</ele></trkpt><trkpt lat="34.89022" lon="-83.34401000000003"><ele>597.0</ele></trkpt><trkpt lat="34.89017" lon="-83.34420999999998"><ele>592.4553313674405</ele></trkpt><trkpt lat="34.890152358407036" lon="-83.3442452831859"><ele>591.1514639137313</ele></trkpt><trkpt lat="34.89014219349413" lon="-83.34426561301586"><ele>590.4434329234064</ele></trkpt><trkpt lat="34.89013" lon="-83.34429"><ele>589.999703145586</ele></trkpt><trkpt lat="34.89005" lon="-83.34437000000003"><ele>590.8167136032134</ele></trkpt><trkpt lat="34.88985" lon="-83.34442999999999"><ele>605.6813136823475</ele></trkpt><trkpt lat="34.88982" lon="-83.34449999999998"><ele>606.5451318081468</ele></trkpt><trkpt lat="34.8899" lon="-83.34465"><ele>598.7097066668794</ele></trkpt><trkpt lat="34.89019" lon="-83.34465999999998"><ele>605.1757404431701</ele></trkpt><trkpt lat="34.89052" lon="-83.34449999999998"><ele>597.8818203956201</ele></trkpt><trkpt lat="34.89079" lon="-83.34442000000001"><ele>598.9909297786653</ele></trkpt><trkpt lat="34.89104" lon="-83.34447999999998"><ele>595.0164469815791</ele></trkpt><trkpt lat="34.8911" lon="-83.34462000000002"><ele>596.2556140206689</ele></trkpt><trkpt lat="34.89111" lon="-83.34476999999998"><ele>598.4780818477169</ele></trkpt><trkpt lat="34.8912" lon="-83.34480000000002"><ele>594.1386392079294</ele></trkpt><trkpt lat="34.89121" lon="-83.3449"><ele>594.5704714097083</ele></trkpt><trkpt lat="34.89132" lon="-83.34500000000003"><ele>588.3206210918725</ele></trkpt><trkpt lat="34.8913" lon="-83.34516000000002"><ele>587.9139162711799</ele></trkpt><trkpt lat="34.89121" lon="-83.34527000000003"><ele>593.2260202642551</ele></trkpt><trkpt lat="34.89124" lon="-83.34541999999999"><ele>588.8659676089883</ele></trkpt><trkpt lat="34.89119" lon="-83.34550000000002"><ele>591.1856136598766</ele></trkpt><trkpt lat="34.89117" lon="-83.34562"><ele>591.8431421816349</ele></trkpt><trkpt lat="34.89112" lon="-83.34573"><ele>594.6709101471076</ele></trkpt><trkpt lat="34.89113" lon="-83.34591"><ele>593.06601707439</ele></trkpt><trkpt lat="34.89104" lon="-83.34609999999998"><ele>599.2293145377189</ele></trkpt><trkpt lat="34.89101" lon="-83.34620999999999"><ele>602.8676283881068</ele></trkpt><trkpt lat="34.89106" lon="-83.34661"><ele>600.0929810907692</ele></trkpt><trkpt lat="34.89116" lon="-83.34681"><ele>596.1534196152261</ele></trkpt><trkpt lat="34.8912" lon="-83.34701999999999"><ele>593.1386392079294</ele></trkpt><trkpt lat="34.89121" lon="-83.34735999999998"><ele>595.0</ele></trkpt><trkpt lat="34.89124" lon="-83.34746999999999"><ele>596.0</ele></trkpt><trkpt lat="34.89131" lon="-83.34748000000002"><ele>595.0</ele></trkpt><trkpt lat="34.89142" lon="-83.34757000000002"><ele>595.0</ele></trkpt><trkpt lat="34.89144" lon="-83.34767"><ele>595.0</ele></trkpt><trkpt lat="34.89152" lon="-83.34782999999999"><ele>596.0</ele></trkpt><trkpt lat="34.89154" lon="-83.34791999999999"><ele>596.0</ele></trkpt><trkpt lat="34.89148" lon="-83.34807"><ele>596.021441545754</ele></trkpt><trkpt lat="34.89153" lon="-83.34821"><ele>597.0</ele></trkpt><trkpt lat="34.89161" lon="-83.34836000000001"><ele>598.0</ele></trkpt><trkpt lat="34.89166" lon="-83.34839"><ele>598.0</ele></trkpt><trkpt lat="34.89175" lon="-83.34836999999999"><ele>598.0</ele></trkpt><trkpt lat="34.8918" lon="-83.34843999999998"><ele>598.0</ele></trkpt><trkpt lat="34.89191" lon="-83.34848"><ele>599.0</ele></trkpt><trkpt lat="34.89195" lon="-83.34852999999998"><ele>599.0</ele></trkpt><trkpt lat="34.8919" lon="-83.34870999999998"><ele>602.9194204444066</ele></trkpt><trkpt lat="34.89188" lon="-83.34892000000002"><ele>613.5582920342395</ele></trkpt><trkpt lat="34.89197" lon="-83.34905000000003"><ele>621.7645688904449</ele></trkpt><trkpt lat="34.89209" lon="-83.34933000000001"><ele>625.571434546262</ele></trkpt><trkpt lat="34.89207" lon="-83.34965999999997"><ele>627.7077822405845</ele></trkpt><trkpt lat="34.89198" lon="-83.35009000000002"><ele>627.8213434424251</ele></trkpt><trkpt lat="34.89203" lon="-83.35014000000001"><ele>624.0</ele></trkpt><trkpt lat="34.8921" lon="-83.35012999999998"><ele>624.095903163972</ele></trkpt><trkpt lat="34.89237" lon="-83.34983"><ele>627.4137889299736</ele></trkpt><trkpt lat="34.89245" lon="-83.34978000000001"><ele>631.8576926401647</ele></trkpt><trkpt lat="34.89261" lon="-83.34974999999997"><ele>637.3606359409168</ele></trkpt><trkpt lat="34.89286" lon="-83.34980000000002"><ele>639.5893418293244</ele></trkpt><trkpt lat="34.89308" lon="-83.34989000000002"><ele>636.9114062236622</ele></trkpt><trkpt lat="34.89334" lon="-83.34983999999997"><ele>634.3191892070927</ele></trkpt><trkpt lat="34.89347" lon="-83.34991000000002"><ele>634.8689524201669</ele></trkpt><trkpt lat="34.89354" lon="-83.35001"><ele>636.5038115559146</ele></trkpt><trkpt lat="34.8937" lon="-83.35041999999999"><ele>638.0577810808057</ele></trkpt><trkpt lat="34.89377" lon="-83.35075"><ele>643.0</ele></trkpt><trkpt lat="34.89379" lon="-83.35115000000002"><ele>646.0</ele></trkpt><trkpt lat="34.89371" lon="-83.35136999999997"><ele>650.5263525731862</ele></trkpt><trkpt lat="34.89371" lon="-83.35163"><ele>649.5263525731862</ele></trkpt><trkpt lat="34.89378" lon="-83.35178000000002"><ele>654.9917902229354</ele></trkpt><trkpt lat="34.89383" lon="-83.35203999999999"><ele>663.0769509667048</ele></trkpt><trkpt lat="34.89395" lon="-83.35210999999998"><ele>662.2607946535572</ele></trkpt><trkpt lat="34.89403" lon="-83.35223000000002"><ele>663.9759459366944</ele></trkpt><trkpt lat="34.89409" lon="-83.35237999999998"><ele>667.9538168879226</ele></trkpt><trkpt lat="34.89423" lon="-83.35246999999998"><ele>667.0</ele></trkpt><trkpt lat="34.89426" lon="-83.35257999999999"><ele>666.2760663367808</ele></trkpt><trkpt lat="34.89427" lon="-83.35268000000002"><ele>665.0461322106569</ele></trkpt><trkpt lat="34.89422" lon="-83.35273999999998"><ele>665.6701736658106</ele></trkpt><trkpt lat="34.89417" lon="-83.35273000000001"><ele>667.0</ele></trkpt><trkpt lat="34.89412" lon="-83.35280999999998"><ele>667.2307045031339</ele></trkpt><trkpt lat="34.89417" lon="-83.35341"><ele>662.4344678577036</ele></trkpt><trkpt lat="34.8941" lon="-83.35361999999998"><ele>670.8367100863868</ele></trkpt><trkpt lat="34.894" lon="-83.35378000000003"><ele>678.0</ele></trkpt><trkpt lat="34.89399" lon="-83.35383000000002"><ele>678.5287146670744</ele></trkpt><trkpt lat="34.89411759555456" lon="-83.35388582305512"><ele>677.4497332835992</ele></trkpt><trkpt lat="34.89415673833225" lon="-83.35392358415811"><ele>677.1275233837598</ele></trkpt><trkpt lat="34.89419" lon="-83.35404"><ele>678.0</ele></trkpt><trkpt lat="34.89436" lon="-83.35426000000001"><ele>680.1623407443985</ele></trkpt><trkpt lat="34.89461" lon="-83.35423000000003"><ele>685.0</ele></trkpt><trkpt lat="34.89473" lon="-83.35428000000002"><ele>686.0713451588526</ele></trkpt><trkpt lat="34.89482" lon="-83.3544"><ele>687.507646605409</ele></trkpt><trkpt lat="34.8949" lon="-83.35465999999997"><ele>690.0</ele></trkpt><trkpt lat="34.89494" lon="-83.35507999999999"><ele>685.6390595585108</ele></trkpt><trkpt lat="34.89506" lon="-83.35545000000002"><ele>696.0261866673827</ele></trkpt><trkpt lat="34.89511" lon="-83.35552000000001"><ele>700.0</ele></trkpt><trkpt lat="34.89526" lon="-83.35559"><ele>704.5506595559418</ele></trkpt><trkpt lat="34.89539" lon="-83.35570999999999"><ele>709.1430648881942</ele></trkpt><trkpt lat="34.89544" lon="-83.35577999999998"><ele>711.4053013324738</ele></trkpt><trkpt lat="34.89554" lon="-83.35585000000003"><ele>713.0</ele></trkpt><trkpt lat="34.89561" lon="-83.35608000000002"><ele>711.569931242615</ele></trkpt><trkpt lat="34.89574" lon="-83.35640000000001"><ele>715.2445019833883</ele></trkpt><trkpt lat="34.89582" lon="-83.35653000000002"><ele>720.2282099485035</ele></trkpt><trkpt lat="34.89608" lon="-83.35663"><ele>726.0024617024477</ele></trkpt><trkpt lat="34.89612" lon="-83.35667999999998"><ele>727.3483413327485</ele></trkpt><trkpt lat="34.8962" lon="-83.35669000000001"><ele>727.8143751118332</ele></trkpt><trkpt lat="34.89635" lon="-83.35683"><ele>730.0</ele></trkpt><trkpt lat="34.89646" lon="-83.3571"><ele>735.0</ele></trkpt><trkpt lat="34.89667" lon="-83.35729000000003"><ele>738.8525429770514</ele></trkpt><trkpt lat="34.89687" lon="-83.35762999999997"><ele>743.606882334496</ele></trkpt><trkpt lat="34.89698" lon="-83.35795999999999"><ele>744.7261201832443</ele></trkpt><trkpt lat="34.89706" lon="-83.35840000000002"><ele>746.5952691350099</ele></trkpt><trkpt lat="34.89702" lon="-83.35942"><ele>753.4344334772493</ele></trkpt><trkpt lat="34.89696" lon="-83.36004000000003"><ele>750.9356906684116</ele></trkpt><trkpt lat="34.89682" lon="-83.36056000000002"><ele>762.817435150966</ele></trkpt><trkpt lat="34.89675" lon="-83.36090000000002"><ele>764.8064815936593</ele></trkpt><trkpt lat="34.89666" lon="-83.36113999999998"><ele>773.9087324086577</ele></trkpt><trkpt lat="34.89662" lon="-83.36169999999998"><ele>778.2355295413756</ele></trkpt><trkpt lat="34.89681" lon="-83.36225000000002"><ele>786.3856417480856</ele></trkpt><trkpt lat="34.89683" lon="-83.36244999999997"><ele>792.0</ele></trkpt><trkpt lat="34.89697" lon="-83.36259000000001"><ele>794.2278992616782</ele></trkpt><trkpt lat="34.89706" lon="-83.36295000000001"><ele>796.0995251247002</ele></trkpt><trkpt lat="34.89698" lon="-83.36338"><ele>801.7261201832443</ele></trkpt><trkpt lat="34.89693" lon="-83.36345"><ele>804.5671580135822</ele></trkpt><trkpt lat="34.89694" lon="-83.36352999999997"><ele>803.9989505857229</ele></trkpt><trkpt lat="34.89689" lon="-83.36365"><ele>803.693926353338</ele></trkpt><trkpt lat="34.89641" lon="-83.36426"><ele>808.601944888942</ele></trkpt><trkpt lat="34.89641" lon="-83.36426"><ele>808.601944888942</ele></trkpt><trkpt lat="34.89634" lon="-83.36437999999998"><ele>816.1943502221256</ele></trkpt><trkpt lat="34.89638" lon="-83.36442999999997"><ele>817.5245191100985</ele></trkpt><trkpt lat="34.89648" lon="-83.36450000000002"><ele>819.7867555562407</ele></trkpt><trkpt lat="34.89665" lon="-83.36453"><ele>821.0</ele></trkpt><trkpt lat="34.89676" lon="-83.36464999999998"><ele>821.0</ele></trkpt><trkpt lat="34.89676" lon="-83.36464999999998"><ele>821.0</ele></trkpt><trkpt lat="34.89676" lon="-83.36464999999998"><ele>821.0</ele></trkpt><trkpt lat="34.89701" lon="-83.36469"><ele>818.0</ele></trkpt><trkpt lat="34.89709" lon="-83.36478999999997"><ele>817.0</ele></trkpt><trkpt lat="34.89711" lon="-83.36487"><ele>817.0</ele></trkpt><trkpt lat="34.89709" lon="-83.36496999999997"><ele>817.0</ele></trkpt><trkpt lat="34.89703" lon="-83.36505999999997"><ele>817.0</ele></trkpt><trkpt lat="34.89698" lon="-83.36509000000001"><ele>817.0</ele></trkpt><trkpt lat="34.89677" lon="-83.36504000000002"><ele>814.3727573742431</ele></trkpt><trkpt lat="34.89671" lon="-83.36505999999997"><ele>814.0</ele></trkpt><trkpt lat="34.8966" lon="-83.36518000000001"><ele>812.3566688942939</ele></trkpt><trkpt lat="34.89646" lon="-83.36525"><ele>809.260711110197</ele></trkpt><trkpt lat="34.89646" lon="-83.36535000000003"><ele>810.1090297763221</ele></trkpt><trkpt lat="34.89668" lon="-83.36553000000004"><ele>806.5605558864772</ele></trkpt><trkpt lat="34.89682" lon="-83.36554000000001"><ele>800.0717035960406</ele></trkpt><trkpt lat="34.897" lon="-83.36563999999998"><ele>794.0853937789798</ele></trkpt><trkpt lat="34.89708" lon="-83.36574999999999"><ele>792.0</ele></trkpt><trkpt lat="34.89725" lon="-83.36583000000002"><ele>785.6152380201966</ele></trkpt><trkpt lat="34.89736" lon="-83.36592000000002"><ele>781.9684424536644</ele></trkpt><trkpt lat="34.89741" lon="-83.36592999999999"><ele>779.2931234613061</ele></trkpt><trkpt lat="34.89743" lon="-83.36601000000002"><ele>781.1578560005873</ele></trkpt><trkpt lat="34.89761" lon="-83.36604999999997"><ele>775.95245013926</ele></trkpt><trkpt lat="34.89792" lon="-83.36621000000002"><ele>778.0</ele></trkpt><trkpt lat="34.89837" lon="-83.36707000000001"><ele>773.7445762101561</ele></trkpt><trkpt lat="34.89846" lon="-83.36714"><ele>771.0</ele></trkpt><trkpt lat="34.89861" lon="-83.36732999999998"><ele>768.1073397807777</ele></trkpt><trkpt lat="34.89866" lon="-83.36781000000002"><ele>770.2662438414991</ele></trkpt><trkpt lat="34.89879" lon="-83.36809"><ele>771.0</ele></trkpt><trkpt lat="34.89881" lon="-83.36822999999998"><ele>770.2842846859891</ele></trkpt><trkpt lat="34.8988" lon="-83.36833000000001"><ele>770.0</ele></trkpt><trkpt lat="34.89875" lon="-83.36842999999999"><ele>769.0619697775692</ele></trkpt><trkpt lat="34.89877324936539" lon="-83.36845841589104"><ele>768.0</ele></trkpt><trkpt lat="34.89877324936539" lon="-83.36845841589104"><ele>768.0</ele></trkpt><trkpt lat="34.89884" lon="-83.36854"><ele>768.9617158584297</ele></trkpt><trkpt lat="34.89884" lon="-83.36856999999998"><ele>768.9617158584297</ele></trkpt><trkpt lat="34.89894" lon="-83.36865999999998"><ele>773.4229347664605</ele></trkpt><trkpt lat="34.89897" lon="-83.36883999999998"><ele>776.7267630374458</ele></trkpt><trkpt lat="34.8989" lon="-83.36921999999998"><ele>775.371040739119</ele></trkpt><trkpt lat="34.89898" lon="-83.36950000000002"><ele>776.916811119765</ele></trkpt><trkpt lat="34.8991" lon="-83.36957999999998"><ele>782.7354749962687</ele></trkpt><trkpt lat="34.89917" lon="-83.36962"><ele>785.4306367536486</ele></trkpt><trkpt lat="34.89919" lon="-83.36955"><ele>788.7156661050394</ele></trkpt><trkpt lat="34.89913" lon="-83.36936000000003"><ele>787.7574097669245</ele></trkpt><trkpt lat="34.89915" lon="-83.36927000000003"><ele>789.5765878818929</ele></trkpt><trkpt lat="34.89927" lon="-83.36901"><ele>795.3952658716589</ele></trkpt><trkpt lat="34.89937" lon="-83.36891000000003"><ele>798.3851566947997</ele></trkpt><trkpt lat="34.89949" lon="-83.36888999999996"><ele>803.3365989021295</ele></trkpt><trkpt lat="34.89968" lon="-83.36894000000001"><ele>811.7057528896257</ele></trkpt><trkpt lat="34.89986" lon="-83.36883999999998"><ele>810.0418081313572</ele></trkpt><trkpt lat="34.89992" lon="-83.36887000000002"><ele>814.1463359310721</ele></trkpt><trkpt lat="34.89997" lon="-83.36896999999999"><ele>818.2571722365988</ele></trkpt><trkpt lat="34.90031" lon="-83.36896999999999"><ele>828.5947466334328</ele></trkpt><trkpt lat="34.90048" lon="-83.36879999999996"><ele>825.1812799982727</ele></trkpt><trkpt lat="34.90067" lon="-83.36846000000003"><ele>823.9649777401829</ele></trkpt><trkpt lat="34.90071" lon="-83.36833999999999"><ele>820.9639050234109</ele></trkpt><trkpt lat="34.90097" lon="-83.36801000000003"><ele>824.3588858712465</ele></trkpt><trkpt lat="34.90104" lon="-83.36788000000001"><ele>823.2975761657596</ele></trkpt><trkpt lat="34.90116" lon="-83.36782"><ele>827.3007280854508</ele></trkpt><trkpt lat="34.90122" lon="-83.36781000000002"><ele>829.0087950864345</ele></trkpt><trkpt lat="34.90137" lon="-83.36792000000003"><ele>834.1703075570986</ele></trkpt><trkpt lat="34.90158" lon="-83.36795000000001"><ele>831.568408889696</ele></trkpt><trkpt lat="34.90168" lon="-83.36799000000002"><ele>835.4325440004468</ele></trkpt><trkpt lat="34.90176" lon="-83.36799000000002"><ele>835.8650880008936</ele></trkpt><trkpt lat="34.90186" lon="-83.36786999999998"><ele>830.9308589823578</ele></trkpt><trkpt lat="34.90191" lon="-83.36775999999998"><ele>831.0</ele></trkpt><trkpt lat="34.90195" lon="-83.36755"><ele>829.6816701069474</ele></trkpt><trkpt lat="34.90205" lon="-83.36748999999998"><ele>834.3640947956592</ele></trkpt><trkpt lat="34.90217" lon="-83.36745000000002"><ele>839.0488133760866</ele></trkpt><trkpt lat="34.90221" lon="-83.36746"><ele>840.33412743409</ele></trkpt><trkpt lat="34.90226" lon="-83.36752999999999"><ele>842.994990222156</ele></trkpt><trkpt lat="34.90236" lon="-83.36756000000003"><ele>844.3850942280275</ele></trkpt><trkpt lat="34.90244" lon="-83.36766"><ele>847.0534293334931</ele></trkpt><trkpt lat="34.90252" lon="-83.36782"><ele>852.4734643472488</ele></trkpt><trkpt lat="34.90269" lon="-83.368"><ele>856.1668011229485</ele></trkpt><trkpt lat="34.90291" lon="-83.36811"><ele>861.0440796656235</ele></trkpt><trkpt lat="34.90291" lon="-83.36811"><ele>861.0440796656235</ele></trkpt><trkpt lat="34.90302" lon="-83.36817000000002"><ele>863.2448883132586</ele></trkpt><trkpt lat="34.90331" lon="-83.36810000000003"><ele>864.5221542827785</ele></trkpt><trkpt lat="34.90376" lon="-83.36813999999998"><ele>869.4230506662279</ele></trkpt><trkpt lat="34.90391" lon="-83.36822999999998"><ele>871.581267025437</ele></trkpt><trkpt lat="34.90395" lon="-83.36833000000001"><ele>874.9462138703093</ele></trkpt><trkpt lat="34.90395" lon="-83.36833000000001"><ele>874.9462138703093</ele></trkpt><trkpt lat="34.904" lon="-83.36833999999999"><ele>873.5709669720381</ele></trkpt><trkpt lat="34.90408" lon="-83.36827"><ele>869.3356908874761</ele></trkpt><trkpt lat="34.9041242784273" lon="-83.36826114431454"><ele>870.3563724435221</ele></trkpt><trkpt lat="34.90407999999999" lon="-83.36827"><ele>869.3356908874761</ele></trkpt><trkpt lat="34.90408" lon="-83.36827"><ele>869.3356908874761</ele></trkpt><trkpt lat="34.90413" lon="-83.36826000000002"><ele>870.582352243101</ele></trkpt><trkpt lat="34.90423" lon="-83.36817000000002"><ele>870.0638246368617</ele></trkpt><trkpt lat="34.90437" lon="-83.36811999999998"><ele>871.5883401552317</ele></trkpt><trkpt lat="34.90462" lon="-83.36829"><ele>877.4135573338717</ele></trkpt><trkpt lat="34.90467" lon="-83.36833999999999"><ele>878.5607047162601</ele></trkpt><trkpt lat="34.9047" lon="-83.36845"><ele>881.8764798290003</ele></trkpt><trkpt lat="34.90481" lon="-83.36856"><ele>881.79543443256</ele></trkpt><trkpt lat="34.9049" lon="-83.36858000000001"><ele>879.977409994655</ele></trkpt><trkpt lat="34.90495" lon="-83.36856999999998"><ele>879.4625031100586</ele></trkpt><trkpt lat="34.90502" lon="-83.36840999999998"><ele>877.1352626401931</ele></trkpt><trkpt lat="34.90509" lon="-83.36815999999999"><ele>879.0</ele></trkpt><trkpt lat="34.90508" lon="-83.36795000000001"><ele>876.7799939490897</ele></trkpt><trkpt lat="34.90516" lon="-83.36736000000002"><ele>880.0909565519542</ele></trkpt><trkpt lat="34.90527" lon="-83.36716000000001"><ele>882.093608870171</ele></trkpt><trkpt lat="34.90533" lon="-83.3671"><ele>881.7069980297238</ele></trkpt><trkpt lat="34.90555" lon="-83.36701"><ele>884.192834412808</ele></trkpt><trkpt lat="34.90583" lon="-83.36693000000002"><ele>883.0329635562375</ele></trkpt><trkpt lat="34.90591" lon="-83.36684000000002"><ele>881.0</ele></trkpt><trkpt lat="34.90628" lon="-83.36674"><ele>882.9153179274872</ele></trkpt><trkpt lat="34.90658" lon="-83.36678999999998"><ele>884.7233007894829</ele></trkpt><trkpt lat="34.90676" lon="-83.36685999999997"><ele>884.7707271100953</ele></trkpt><trkpt lat="34.90699" lon="-83.36698999999999"><ele>883.7591110413191</ele></trkpt><trkpt lat="34.90722" lon="-83.36707999999999"><ele>880.848757012149</ele></trkpt><trkpt lat="34.90731" lon="-83.36707000000001"><ele>878.4072696781839</ele></trkpt><trkpt lat="34.90741" lon="-83.36682000000002"><ele>877.0</ele></trkpt><trkpt lat="34.90776" lon="-83.36568999999997"><ele>888.0</ele></trkpt><trkpt lat="34.90784" lon="-83.36549000000002"><ele>892.0</ele></trkpt><trkpt lat="34.90787" lon="-83.36525"><ele>895.0</ele></trkpt><trkpt lat="34.90795" lon="-83.36513000000002"><ele>895.6393996216357</ele></trkpt><trkpt lat="34.90804" lon="-83.36484000000002"><ele>897.0</ele></trkpt><trkpt lat="34.90815" lon="-83.36469"><ele>898.3618650359957</ele></trkpt><trkpt lat="34.90813" lon="-83.36446999999998"><ele>898.0</ele></trkpt><trkpt lat="34.90819" lon="-83.36426"><ele>899.0</ele></trkpt><trkpt lat="34.90819" lon="-83.36426"><ele>899.0</ele></trkpt><trkpt lat="34.90826" lon="-83.36403999999999"><ele>898.0894745212271</ele></trkpt><trkpt lat="34.90827" lon="-83.36379"><ele>896.8245116695762</ele></trkpt><trkpt lat="34.9085" lon="-83.36343"><ele>900.8951047342271</ele></trkpt><trkpt lat="34.90853" lon="-83.36324000000002"><ele>899.0398975658137</ele></trkpt><trkpt lat="34.90847" lon="-83.36318"><ele>896.7297031106427</ele></trkpt><trkpt lat="34.90834" lon="-83.36315000000002"><ele>895.9303188212216</ele></trkpt><trkpt lat="34.90832" lon="-83.36304999999999"><ele>896.6659418307245</ele></trkpt><trkpt lat="34.9082" lon="-83.36288000000002"><ele>895.5572287971154</ele></trkpt><trkpt lat="34.90809" lon="-83.36259000000001"><ele>895.5953774210066</ele></trkpt><trkpt lat="34.90806" lon="-83.36243000000002"><ele>894.2082874486223</ele></trkpt><trkpt lat="34.90821" lon="-83.36225999999999"><ele>901.8099870979786</ele></trkpt><trkpt lat="34.90825" lon="-83.36207999999999"><ele>898.9979462299798</ele></trkpt><trkpt lat="34.9082" lon="-83.36176"><ele>888.9400127977133</ele></trkpt><trkpt lat="34.90822" lon="-83.36165"><ele>888.9830832406878</ele></trkpt><trkpt lat="34.90804" lon="-83.36126999999999"><ele>890.4961098879576</ele></trkpt><trkpt lat="34.908" lon="-83.36097999999998"><ele>893.4808187056333</ele></trkpt><trkpt lat="34.90794" lon="-83.36077"><ele>894.1149595668539</ele></trkpt><trkpt lat="34.90795" lon="-83.36061999999998"><ele>895.6517863250132</ele></trkpt><trkpt lat="34.90806" lon="-83.36039"><ele>897.9175505749668</ele></trkpt><trkpt lat="34.90802" lon="-83.36020000000002"><ele>893.2421583199621</ele></trkpt><trkpt lat="34.90805" lon="-83.36009999999999"><ele>893.3222395218909</ele></trkpt><trkpt lat="34.90804" lon="-83.35994"><ele>892.7539552208036</ele></trkpt><trkpt lat="34.90789" lon="-83.35941000000003"><ele>887.2296990007162</ele></trkpt><trkpt lat="34.90791" lon="-83.35923000000003"><ele>889.3662655968219</ele></trkpt><trkpt lat="34.90778" lon="-83.35890999999998"><ele>881.9785876721144</ele></trkpt><trkpt lat="34.90772" lon="-83.35867999999999"><ele>885.56889411062</ele></trkpt><trkpt lat="34.90769" lon="-83.35863"><ele>884.5337478817003</ele></trkpt><trkpt lat="34.90775" lon="-83.35847000000001"><ele>889.5053530223668</ele></trkpt><trkpt lat="34.90783" lon="-83.35840000000002"><ele>893.820000872016</ele></trkpt><trkpt lat="34.90786" lon="-83.35825999999997"><ele>891.5065278457478</ele></trkpt><trkpt lat="34.90782" lon="-83.35811999999999"><ele>885.2517180945724</ele></trkpt><trkpt lat="34.90782" lon="-83.35777999999999"><ele>887.5420089051385</ele></trkpt><trkpt lat="34.9077" lon="-83.35732000000002"><ele>888.0</ele></trkpt><trkpt lat="34.90773" lon="-83.35729000000003"><ele>889.1371761970222</ele></trkpt><trkpt lat="34.90777" lon="-83.35730999999998"><ele>891.0</ele></trkpt><trkpt lat="34.90787" lon="-83.35741000000002"><ele>893.0</ele></trkpt><trkpt lat="34.90797" lon="-83.35747000000003"><ele>894.1650097798556</ele></trkpt><trkpt lat="34.90802" lon="-83.35747000000003"><ele>893.4844880403148</ele></trkpt><trkpt lat="34.90808" lon="-83.35730000000001"><ele>887.2629601299856</ele></trkpt><trkpt lat="34.90807" lon="-83.35678999999999"><ele>881.4588083345443</ele></trkpt><trkpt lat="34.9081" lon="-83.35663"><ele>882.0029741397501</ele></trkpt><trkpt lat="34.90813" lon="-83.35654999999997"><ele>881.8685164265335</ele></trkpt><trkpt lat="34.90825" lon="-83.35642999999999"><ele>883.9056009069998</ele></trkpt><trkpt lat="34.90837" lon="-83.35618999999997"><ele>879.7599364251143</ele></trkpt><trkpt lat="34.90859" lon="-83.35597000000001"><ele>881.2599431117997</ele></trkpt><trkpt lat="34.90875" lon="-83.35597000000001"><ele>881.1576304761693</ele></trkpt><trkpt lat="34.90891" lon="-83.35579999999999"><ele>876.1949483938515</ele></trkpt><trkpt lat="34.90903" lon="-83.35575"><ele>882.0144368447363</ele></trkpt><trkpt lat="34.90917" lon="-83.35576000000003"><ele>887.4437530767173</ele></trkpt><trkpt lat="34.90937" lon="-83.35568999999998"><ele>882.0146455506477</ele></trkpt><trkpt lat="34.90949" lon="-83.35570000000001"><ele>886.8329326724634</ele></trkpt><trkpt lat="34.90958" lon="-83.35567000000003"><ele>888.278929779306</ele></trkpt><trkpt lat="34.91019" lon="-83.35567000000003"><ele>892.2332661158304</ele></trkpt><trkpt lat="34.91037" lon="-83.35557"><ele>889.7846602648497</ele></trkpt><trkpt lat="34.91042" lon="-83.35554000000002"><ele>889.2263924134512</ele></trkpt><trkpt lat="34.91053" lon="-83.35537999999997"><ele>886.0</ele></trkpt><trkpt lat="34.91061" lon="-83.35510999999997"><ele>881.8405462325336</ele></trkpt><trkpt lat="34.9106" lon="-83.35501"><ele>881.0</ele></trkpt><trkpt lat="34.91063" lon="-83.35489000000001"><ele>881.9419019185007</ele></trkpt><trkpt lat="34.91062" lon="-83.35480999999999"><ele>882.3735997602344</ele></trkpt><trkpt lat="34.91052" lon="-83.35460999999998"><ele>879.4184954317607</ele></trkpt><trkpt lat="34.91053" lon="-83.35453999999999"><ele>880.5426474168424</ele></trkpt><trkpt lat="34.91063" lon="-83.35449"><ele>886.9419019185007</ele></trkpt><trkpt lat="34.91078" lon="-83.35451999999998"><ele>892.4664426222444</ele></trkpt><trkpt lat="34.911" lon="-83.35444000000001"><ele>896.9691304918379</ele></trkpt><trkpt lat="34.91114" lon="-83.35442"><ele>900.9025393865481</ele></trkpt><trkpt lat="34.91144" lon="-83.35444000000001"><ele>905.0</ele></trkpt><trkpt lat="34.91166" lon="-83.35424"><ele>906.0</ele></trkpt><trkpt lat="34.91168" lon="-83.35408000000001"><ele>906.9306926806443</ele></trkpt><trkpt lat="34.91173" lon="-83.35397999999998"><ele>908.0</ele></trkpt><trkpt lat="34.91189" lon="-83.35383999999999"><ele>911.5508988235993</ele></trkpt><trkpt lat="34.91197" lon="-83.35381000000001"><ele>913.0</ele></trkpt><trkpt lat="34.91206" lon="-83.35372999999998"><ele>916.0</ele></trkpt><trkpt lat="34.91231" lon="-83.35374000000002"><ele>917.6655893325806</ele></trkpt><trkpt lat="34.91252" lon="-83.3537"><ele>921.0</ele></trkpt><trkpt lat="34.9128" lon="-83.3535"><ele>926.8503999998793</ele></trkpt><trkpt lat="34.91287" lon="-83.35342000000003"><ele>928.5786702204496</ele></trkpt><trkpt lat="34.91272" lon="-83.35338000000002"><ele>933.5674229692147</ele></trkpt><trkpt lat="34.91255" lon="-83.35321999999996"><ele>935.8993457797915</ele></trkpt><trkpt lat="34.91247" lon="-83.35307999999998"><ele>936.7180615032742</ele></trkpt><trkpt lat="34.91242" lon="-83.35275999999999"><ele>940.6691036950797</ele></trkpt><trkpt lat="34.91287" lon="-83.35295000000002"><ele>947.1173478504104</ele></trkpt><trkpt lat="34.91319" lon="-83.35298999999998"><ele>949.6181226680055</ele></trkpt><trkpt lat="34.91358" lon="-83.35288000000003"><ele>956.0</ele></trkpt><trkpt lat="34.91358" lon="-83.35280999999998"><ele>959.0067306682467</ele></trkpt><trkpt lat="34.91351" lon="-83.35271999999998"><ele>961.6930413282641</ele></trkpt><trkpt lat="34.91343" lon="-83.35264999999998"><ele>964.4632711121812</ele></trkpt><trkpt lat="34.91327" lon="-83.35259000000002"><ele>965.2594737764448</ele></trkpt><trkpt lat="34.91325" lon="-83.35253999999998"><ele>967.0</ele></trkpt><trkpt lat="34.91308" lon="-83.35237999999998"><ele>969.00822138447</ele></trkpt><trkpt lat="34.91297" lon="-83.35212999999999"><ele>972.0</ele></trkpt><trkpt lat="34.91298" lon="-83.35206"><ele>973.4948290325701</ele></trkpt><trkpt lat="34.91302" lon="-83.35201999999998"><ele>975.6324556850075</ele></trkpt><trkpt lat="34.91329" lon="-83.35217"><ele>978.8328924449161</ele></trkpt><trkpt lat="34.91341" lon="-83.35219000000001"><ele>979.9008248886093</ele></trkpt><trkpt lat="34.91347" lon="-83.35217"><ele>981.0</ele></trkpt><trkpt lat="34.9137" lon="-83.35224"><ele>981.5706560006365</ele></trkpt><trkpt lat="34.91405" lon="-83.35216000000003"><ele>987.5129646113987</ele></trkpt><trkpt lat="34.91405" lon="-83.35210999999998"><ele>989.6290951119736</ele></trkpt><trkpt lat="34.91399" lon="-83.35203999999999"><ele>991.8913315562531</ele></trkpt><trkpt lat="34.91385" lon="-83.35196000000002"><ele>994.6196017768234</ele></trkpt><trkpt lat="34.91373" lon="-83.35183999999998"><ele>996.3057060969269</ele></trkpt><trkpt lat="34.91363" lon="-83.35156"><ele>1000.5829374814016</ele></trkpt><trkpt lat="34.91366" lon="-83.35153000000003"><ele>1002.0</ele></trkpt><trkpt lat="34.91385" lon="-83.35161"><ele>1005.995763790746</ele></trkpt><trkpt lat="34.91392" lon="-83.35160000000002"><ele>1007.3968177763745</ele></trkpt><trkpt lat="34.91406" lon="-83.35154999999997"><ele>1009.9654984076526</ele></trkpt><trkpt lat="34.91414" lon="-83.35145999999997"><ele>1011.9212906677276</ele></trkpt><trkpt lat="34.91431" lon="-83.35136999999997"><ele>1013.1879362213408</ele></trkpt><trkpt lat="34.91438" lon="-83.35129"><ele>1015.0</ele></trkpt><trkpt lat="34.91446" lon="-83.35127"><ele>1015.4707734771575</ele></trkpt><trkpt lat="34.91458" lon="-83.35099000000002"><ele>1019.0</ele></trkpt><trkpt lat="34.91463" lon="-83.35091999999997"><ele>1020.0</ele></trkpt><trkpt lat="34.91468" lon="-83.35088000000002"><ele>1020.9512497764081</ele></trkpt><trkpt lat="34.91482" lon="-83.35088000000002"><ele>1021.0</ele></trkpt><trkpt lat="34.91494" lon="-83.35081000000002"><ele>1023.0</ele></trkpt><trkpt lat="34.91493" lon="-83.35075"><ele>1024.0096888886765</ele></trkpt><trkpt lat="34.91495" lon="-83.35066"><ele>1026.2039928883314</ele></trkpt><trkpt lat="34.91501" lon="-83.35061000000002"><ele>1027.9370668224706</ele></trkpt><trkpt lat="34.91513" lon="-83.35059000000001"><ele>1029.8318080865847</ele></trkpt><trkpt lat="34.91514" lon="-83.35046999999997"><ele>1032.0148481700332</ele></trkpt><trkpt lat="34.9152" lon="-83.35043000000002"><ele>1033.973991461617</ele></trkpt><trkpt lat="34.91523" lon="-83.35030999999998"><ele>1036.6937048395048</ele></trkpt><trkpt lat="34.91528" lon="-83.35025999999999"><ele>1037.8778073075198</ele></trkpt><trkpt lat="34.91529" lon="-83.35001"><ele>1040.0</ele></trkpt><trkpt lat="34.91532" lon="-83.34995000000004"><ele>1041.0</ele></trkpt><trkpt lat="34.91544" lon="-83.34995000000004"><ele>1042.0</ele></trkpt><trkpt lat="34.91551" lon="-83.34987999999998"><ele>1043.0</ele></trkpt><trkpt lat="34.91551" lon="-83.34976"><ele>1045.0</ele></trkpt><trkpt lat="34.91556" lon="-83.34951000000001"><ele>1049.0</ele></trkpt><trkpt lat="34.91553" lon="-83.3494"><ele>1050.9242488890886</ele></trkpt><trkpt lat="34.91554" lon="-83.34929999999997"><ele>1052.5767672281956</ele></trkpt><trkpt lat="34.91547" lon="-83.34901000000002"><ele>1052.0082723796368</ele></trkpt><trkpt lat="34.91548" lon="-83.34888000000001"><ele>1053.0</ele></trkpt><trkpt lat="34.91544" lon="-83.34878000000003"><ele>1053.0</ele></trkpt><trkpt lat="34.91536" lon="-83.34833000000003"><ele>1052.9488492873377</ele></trkpt><trkpt lat="34.91548" lon="-83.34816999999998"><ele>1056.0</ele></trkpt><trkpt lat="34.91554" lon="-83.34815000000003"><ele>1057.0</ele></trkpt><trkpt lat="34.91561" lon="-83.34802000000002"><ele>1055.771386614685</ele></trkpt><trkpt lat="34.91561" lon="-83.34794"><ele>1055.0</ele></trkpt><trkpt lat="34.91555" lon="-83.34782000000001"><ele>1054.6905620823693</ele></trkpt><trkpt lat="34.91553" lon="-83.34771"><ele>1053.58171216771</ele></trkpt><trkpt lat="34.91551" lon="-83.34740999999997"><ele>1049.2406797994522</ele></trkpt><trkpt lat="34.91556" lon="-83.34724"><ele>1046.876703504473</ele></trkpt><trkpt lat="34.91575" lon="-83.34701000000001"><ele>1041.3606373631378</ele></trkpt><trkpt lat="34.91579" lon="-83.34689000000003"><ele>1040.8247030268058</ele></trkpt><trkpt lat="34.91576" lon="-83.34677999999997"><ele>1041.5099631622434</ele></trkpt><trkpt lat="34.91581" lon="-83.34665000000001"><ele>1038.6682737506926</ele></trkpt><trkpt lat="34.91583" lon="-83.34652"><ele>1038.0</ele></trkpt><trkpt lat="34.91589" lon="-83.34645"><ele>1036.0491390390864</ele></trkpt><trkpt lat="34.91611" lon="-83.34631999999999"><ele>1028.7947874654176</ele></trkpt><trkpt lat="34.91615" lon="-83.34626000000003"><ele>1029.0</ele></trkpt><trkpt lat="34.91709" lon="-83.34604999999999"><ele>1014.0455644447356</ele></trkpt><trkpt lat="34.91777" lon="-83.34598"><ele>1009.2238682458129</ele></trkpt><trkpt lat="34.91788" lon="-83.34591"><ele>1011.5700373332947</ele></trkpt><trkpt lat="34.91798" lon="-83.34587999999997"><ele>1010.9681386677548</ele></trkpt><trkpt lat="34.91806" lon="-83.34577999999999"><ele>1010.9221504178265</ele></trkpt><trkpt lat="34.91812" lon="-83.34573999999998"><ele>1009.6855893930277</ele></trkpt><trkpt lat="34.91812" lon="-83.34573999999998"><ele>1009.6855893930277</ele></trkpt><trkpt lat="34.91818" lon="-83.34571"><ele>1006.9702099487185</ele></trkpt><trkpt lat="34.91826" lon="-83.34559999999999"><ele>1003.4404564443976</ele></trkpt><trkpt lat="34.91829" lon="-83.34550000000002"><ele>1004.3957288507372</ele></trkpt><trkpt lat="34.9184" lon="-83.34535"><ele>1002.466394931078</ele></trkpt><trkpt lat="34.91847" lon="-83.34521000000001"><ele>1001.5864300045582</ele></trkpt><trkpt lat="34.91859" lon="-83.34510999999998"><ele>1000.9510533718992</ele></trkpt><trkpt lat="34.91885" lon="-83.34463"><ele>1000.9146970959355</ele></trkpt><trkpt lat="34.91891" lon="-83.34458999999998"><ele>999.5666454005986</ele></trkpt><trkpt lat="34.91901" lon="-83.34440000000001"><ele>1002.0</ele></trkpt><trkpt lat="34.91906" lon="-83.34427"><ele>998.9551718980074</ele></trkpt><trkpt lat="34.91918" lon="-83.34359999999998"><ele>998.0300879191901</ele></trkpt><trkpt lat="34.91919" lon="-83.34336000000002"><ele>998.5660556536168</ele></trkpt><trkpt lat="34.91898" lon="-83.34269999999998"><ele>998.4184632409525</ele></trkpt><trkpt lat="34.91902" lon="-83.34228999999999"><ele>996.2281904723495</ele></trkpt><trkpt lat="34.91902" lon="-83.34228999999999"><ele>996.2281904723495</ele></trkpt><trkpt lat="34.91919779071288" lon="-83.34202091135353"><ele>994.8375445157232</ele></trkpt><trkpt lat="34.91916327218835" lon="-83.34207315590635"><ele>995.0</ele></trkpt><trkpt lat="34.91939" lon="-83.34172999999998"><ele>991.4969796523148</ele></trkpt><trkpt lat="34.91947" lon="-83.34144000000003"><ele>991.5783307131849</ele></trkpt><trkpt lat="34.9197" lon="-83.34127999999998"><ele>991.0</ele></trkpt><trkpt lat="34.91977" lon="-83.34118999999998"><ele>991.0</ele></trkpt><trkpt lat="34.92004" lon="-83.34105999999997"><ele>993.0</ele></trkpt><trkpt lat="34.92011" lon="-83.34109000000001"><ele>994.0</ele></trkpt><trkpt lat="34.92024" lon="-83.34109000000001"><ele>994.0</ele></trkpt><trkpt lat="34.92047" lon="-83.34113000000002"><ele>995.0</ele></trkpt><trkpt lat="34.92088" lon="-83.34129000000001"><ele>999.4283072777042</ele></trkpt><trkpt lat="34.92105" lon="-83.34141"><ele>999.0</ele></trkpt><trkpt lat="34.92119" lon="-83.34144000000003"><ele>999.8992825900586</ele></trkpt><trkpt lat="34.9213" lon="-83.34144000000003"><ele>1001.9277392859435</ele></trkpt><trkpt lat="34.92139526854579" lon="-83.34147297757352"><ele>1002.2713165980878</ele></trkpt><trkpt lat="34.92144853536808" lon="-83.34149141605405"><ele>1003.0</ele></trkpt><trkpt lat="34.92156" lon="-83.34153000000003"><ele>1005.0</ele></trkpt><trkpt lat="34.92161" lon="-83.34152"><ele>1005.9827110290863</ele></trkpt><trkpt lat="34.92171" lon="-83.34144000000003"><ele>1007.0</ele></trkpt><trkpt lat="34.92196097804413" lon="-83.3414110409949"><ele>1009.0</ele></trkpt><trkpt lat="34.92221405998864" lon="-83.34123371977489"><ele>1004.4995087413117</ele></trkpt><trkpt lat="34.922469169530466" lon="-83.3413249148814"><ele>1002.0</ele></trkpt><trkpt lat="34.922900214885274" lon="-83.34128199953716"><ele>996.5148929260525</ele></trkpt><trkpt lat="34.9231641190871" lon="-83.34156094927471"><ele>991.6869738791138</ele></trkpt><trkpt lat="34.92318171267037" lon="-83.34164141554515"><ele>990.6869738772511</ele></trkpt><trkpt lat="34.92331806281291" lon="-83.3418291701762"><ele>982.9369738772511</ele></trkpt><trkpt lat="34.92335512053104" lon="-83.342054313375"><ele>981.8306495733559</ele></trkpt><trkpt lat="34.92336391730266" lon="-83.34231180544043"><ele>979.5033806135035</ele></trkpt><trkpt lat="34.92336850240052" lon="-83.34230870527637"><ele>979.4443804382272</ele></trkpt><trkpt lat="34.92341" lon="-83.3424"><ele>977.0</ele></trkpt><trkpt lat="34.9236" lon="-83.34248000000002"><ele>979.088082851842</ele></trkpt><trkpt lat="34.92381" lon="-83.34233"><ele>982.5898702219129</ele></trkpt><trkpt lat="34.92389" lon="-83.34231999999997"><ele>984.0707700596225</ele></trkpt><trkpt lat="34.923911288922355" lon="-83.3423072266466"><ele>984.4130815221658</ele></trkpt><trkpt lat="34.92417761470236" lon="-83.34189874525214"><ele>985.9590282865541</ele></trkpt><trkpt lat="34.9242369889077" lon="-83.34183973665381"><ele>988.2941635102034</ele></trkpt><trkpt lat="34.924393129786054" lon="-83.34181291456366"><ele>995.0</ele></trkpt><trkpt lat="34.9245580670109" lon="-83.34168953294898"><ele>996.4037379218878</ele></trkpt><trkpt lat="34.924751592932004" lon="-83.34173513050223"><ele>999.0</ele></trkpt><trkpt lat="34.92486155063839" lon="-83.34172708387518"><ele>1001.0</ele></trkpt><trkpt lat="34.92507046653276" lon="-83.34180755014563"><ele>1004.1618529949108</ele></trkpt><trkpt lat="34.92519581781915" lon="-83.34209991092825"><ele>1008.6883292585464</ele></trkpt><trkpt lat="34.92535415601245" lon="-83.34230375881339"><ele>1010.0</ele></trkpt><trkpt lat="34.92535086695346" lon="-83.34230690414171"><ele>1010.0</ele></trkpt><trkpt lat="34.92543" lon="-83.34242999999998"><ele>1012.0</ele></trkpt><trkpt lat="34.92552" lon="-83.34246000000002"><ele>1012.6483093341812</ele></trkpt><trkpt lat="34.92607" lon="-83.34251"><ele>1020.0</ele></trkpt><trkpt lat="34.92644" lon="-83.34267999999997"><ele>1028.0</ele></trkpt><trkpt lat="34.92653" lon="-83.34264999999999"><ele>1028.5029511107132</ele></trkpt><trkpt lat="34.9267" lon="-83.34280999999999"><ele>1033.0</ele></trkpt><trkpt lat="34.92672" lon="-83.34287999999998"><ele>1035.0</ele></trkpt><trkpt lat="34.92681" lon="-83.34294"><ele>1036.017930666916</ele></trkpt><trkpt lat="34.92707" lon="-83.34303999999997"><ele>1039.678268443793</ele></trkpt><trkpt lat="34.92717" lon="-83.34305"><ele>1040.1443022219464</ele></trkpt><trkpt lat="34.9273" lon="-83.34311000000002"><ele>1043.3383705001324</ele></trkpt><trkpt lat="34.92739" lon="-83.34307999999999"><ele>1043.5424035545439</ele></trkpt><trkpt lat="34.92741" lon="-83.34296"><ele>1036.9499982222915</ele></trkpt><trkpt lat="34.92757" lon="-83.34284000000002"><ele>1042.2664664138433</ele></trkpt><trkpt lat="34.92762" lon="-83.34278"><ele>1043.1486555915326</ele></trkpt><trkpt lat="34.92764" lon="-83.34269999999998"><ele>1040.5572252087295</ele></trkpt><trkpt lat="34.92762" lon="-83.3426"><ele>1036.587265368551</ele></trkpt><trkpt lat="34.92763" lon="-83.34248000000002"><ele>1037.5753083638847</ele></trkpt><trkpt lat="34.92765299341194" lon="-83.34237078129325"><ele>1040.4626767747104</ele></trkpt><trkpt lat="34.92770161403703" lon="-83.34205480045034"><ele>1045.0</ele></trkpt><trkpt lat="34.92800948417442" lon="-83.34184022372915"><ele>1052.0</ele></trkpt><trkpt lat="34.928361334345375" lon="-83.3416149181719"><ele>1056.9910131981596</ele></trkpt><trkpt lat="34.92856364751046" lon="-83.34151835864736"><ele>1061.173093116593</ele></trkpt><trkpt lat="34.92902104934899" lon="-83.341453985631"><ele>1068.7646416453645</ele></trkpt><trkpt lat="34.9291266032573" lon="-83.34147544330312"><ele>1071.9910131981596</ele></trkpt><trkpt lat="34.92946085640431" lon="-83.34136815494253"><ele>1074.173093116593</ele></trkpt><trkpt lat="34.92989186503107" lon="-83.34136815494253"><ele>1076.529283290729</ele></trkpt><trkpt lat="34.930076582320794" lon="-83.34131451076223"><ele>1077.2646416453645</ele></trkpt><trkpt lat="34.93020852298741" lon="-83.34134669727041"><ele>1081.7646416453645</ele></trkpt><trkpt lat="34.93038693680845" lon="-83.34133889259033"><ele>1082.8018343821168</ele></trkpt><trkpt lat="34.93053207098101" lon="-83.34138180793457"><ele>1086.4009171910584</ele></trkpt><trkpt lat="34.93068160289025" lon="-83.34130134166412"><ele>1083.5176018767668</ele></trkpt><trkpt lat="34.93091029822423" lon="-83.34134425700836"><ele>1086.8666846850583</ele></trkpt><trkpt lat="34.93132810536119" lon="-83.34101166309051"><ele>1081.1509171910584</ele></trkpt><trkpt lat="34.93144245220675" lon="-83.34081317962341"><ele>1077.9009171910584</ele></trkpt><trkpt lat="34.93160957423278" lon="-83.3407219845169"><ele>1077.779413982823</ele></trkpt><trkpt lat="34.931816277320344" lon="-83.34071662009887"><ele>1078.0473476431655</ele></trkpt><trkpt lat="34.932080152845494" lon="-83.34042157710724"><ele>1075.0</ele></trkpt><trkpt lat="34.93228624572189" lon="-83.34041194583801"><ele>1076.2020675130188</ele></trkpt><trkpt lat="34.93244566970649" lon="-83.34051118757156"><ele>1075.8450562742732</ele></trkpt><trkpt lat="34.93256001420014" lon="-83.34053935076622"><ele>1074.0</ele></trkpt><trkpt lat="34.93266226523269" lon="-83.34065602685837"><ele>1073.0</ele></trkpt><trkpt lat="34.93281289272886" lon="-83.34069089557556"><ele>1071.0</ele></trkpt><trkpt lat="34.93289425345119" lon="-83.34096045758156"><ele>1068.6040617376566</ele></trkpt><trkpt lat="34.932923938468484" lon="-83.34140168096451"><ele>1065.027278203028</ele></trkpt><trkpt lat="34.93304048202306" lon="-83.34137217666535"><ele>1064.9520675130188</ele></trkpt><trkpt lat="34.93307566494038" lon="-83.34129707481293"><ele>1062.840223868555</ele></trkpt><trkpt lat="34.93308775906816" lon="-83.34101276065735"><ele>1061.6040982101113</ele></trkpt><trkpt lat="34.933263672698914" lon="-83.34089072014717"><ele>1058.0</ele></trkpt><trkpt lat="34.93343518886051" lon="-83.34076197411446"><ele>1056.0</ele></trkpt><trkpt lat="34.93365288108062" lon="-83.34064798023132"><ele>1056.1052388722837</ele></trkpt><trkpt lat="34.93379471110542" lon="-83.34060238267807"><ele>1058.6154236768543</ele></trkpt><trkpt lat="34.93387387194287" lon="-83.34052057530312"><ele>1058.0220412384317</ele></trkpt><trkpt lat="34.93398051906141" lon="-83.34051386978058"><ele>1059.9520675130188</ele></trkpt><trkpt lat="34.93409486135466" lon="-83.34044949676422"><ele>1058.0</ele></trkpt><trkpt lat="34.93417622080547" lon="-83.34044681455521"><ele>1060.2239383232072</ele></trkpt><trkpt lat="34.93451485116618" lon="-83.34031404520897"><ele>1059.6395675130188</ele></trkpt><trkpt lat="34.93463708409352" lon="-83.34028462208903"><ele>1060.268350739032</ele></trkpt><trkpt lat="34.93491854161136" lon="-83.34012368954814"><ele>1052.768350739032</ele></trkpt><trkpt lat="34.93497791143316" lon="-83.34006736315882"><ele>1050.143350739032</ele></trkpt><trkpt lat="34.935050474490374" lon="-83.33989301957286"><ele>1044.018350739032</ele></trkpt><trkpt lat="34.93513842962518" lon="-83.33978573121226"><ele>1043.9698763497813</ele></trkpt><trkpt lat="34.935202197038926" lon="-83.33971331156886"><ele>1043.3823518535755</ele></trkpt><trkpt lat="34.93537810688881" lon="-83.33957383670008"><ele>1041.7958194628532</ele></trkpt><trkpt lat="34.93546425836597" lon="-83.33943988860779"><ele>1038.443070994817</ele></trkpt><trkpt lat="34.93553022439312" lon="-83.33927895606689"><ele>1036.0969417413103</ele></trkpt><trkpt lat="34.935556610789114" lon="-83.33911265910797"><ele>1033.7417999114841</ele></trkpt><trkpt lat="34.935978791970854" lon="-83.33899464191131"><ele>1034.1509171910584</ele></trkpt><trkpt lat="34.93615030245521" lon="-83.33894636214904"><ele>1032.3927171025425</ele></trkpt><trkpt lat="34.93636139178979" lon="-83.33874787868194"><ele>1027.6509171910584</ele></trkpt><trkpt lat="34.93646692275597" lon="-83.33861913264923"><ele>1024.6509171910584</ele></trkpt><trkpt lat="34.93655047869331" lon="-83.33856548846893"><ele>1024.036375964693</ele></trkpt><trkpt lat="34.936638432219624" lon="-83.33837236941986"><ele>1020.0</ele></trkpt><trkpt lat="34.936774759999" lon="-83.33825971664123"><ele>1018.0</ele></trkpt><trkpt lat="34.936963859446855" lon="-83.3381631571167"><ele>1016.4009171910584</ele></trkpt><trkpt lat="34.93709578903601" lon="-83.33809341968231"><ele>1015.0</ele></trkpt><trkpt lat="34.937276092464664" lon="-83.3379110294693"><ele>1012.0</ele></trkpt><trkpt lat="34.9372585019037" lon="-83.33773936809234"><ele>1010.0</ele></trkpt><trkpt lat="34.9372497066218" lon="-83.33743896068268"><ele>1006.6509171910584</ele></trkpt><trkpt lat="34.9372628995443" lon="-83.33722438396148"><ele>1004.4823508660115</ele></trkpt><trkpt lat="34.937328864124886" lon="-83.33697762073211"><ele>1002.0</ele></trkpt><trkpt lat="34.93737284000404" lon="-83.33670939983062"><ele>999.0</ele></trkpt><trkpt lat="34.93722771793451" lon="-83.3364519077652"><ele>994.9095894421512</ele></trkpt><trkpt lat="34.93727348601168" lon="-83.33637664355433"><ele>995.0</ele></trkpt><trkpt lat="34.93740321628632" lon="-83.336317634956"><ele>995.0</ele></trkpt><trkpt lat="34.93749336771227" lon="-83.33618888892329"><ele>992.0</ele></trkpt><trkpt lat="34.93773083928683" lon="-83.33599040545619"><ele>988.0</ele></trkpt><trkpt lat="34.93808264776305" lon="-83.33584288396037"><ele>985.0</ele></trkpt><trkpt lat="34.938150810480806" lon="-83.3357221845547"><ele>981.643350739032</ele></trkpt><trkpt lat="34.93849381871087" lon="-83.33498994149363"><ele>984.0</ele></trkpt><trkpt lat="34.93858616772283" lon="-83.33494166173136"><ele>985.0</ele></trkpt><trkpt lat="34.938680715413064" lon="-83.3349121574322"><ele>987.0</ele></trkpt><trkpt lat="34.938847822692026" lon="-83.33481023348963"><ele>989.0</ele></trkpt><trkpt lat="34.93892258110134" lon="-83.33475658930934"><ele>991.0</ele></trkpt><trkpt lat="34.93926558649651" lon="-83.33450982607997"><ele>996.0</ele></trkpt><trkpt lat="34.93938431980403" lon="-83.33445349969065"><ele>997.3425067737699</ele></trkpt><trkpt lat="34.93964157471399" lon="-83.33441326655543"><ele>1000.9675067737699</ele></trkpt><trkpt lat="34.94000876291443" lon="-83.33430597819483"><ele>1001.356649260968</ele></trkpt><trkpt lat="34.94000856995402" lon="-83.33431105112618"><ele>1001.120233525522</ele></trkpt><trkpt lat="34.94052" lon="-83.33434"><ele>1005.7711182218045</ele></trkpt><trkpt lat="34.94075" lon="-83.33431000000002"><ele>1010.1544818914844</ele></trkpt><trkpt lat="34.94091" lon="-83.33433000000002"><ele>1011.3155948445201</ele></trkpt><trkpt lat="34.941" lon="-83.33429000000001"><ele>1015.1012871107087</ele></trkpt><trkpt lat="34.94102" lon="-83.33424000000002"><ele>1017.0</ele></trkpt><trkpt lat="34.94098" lon="-83.33409"><ele>1020.4555051434687</ele></trkpt><trkpt lat="34.9409" lon="-83.33406000000002"><ele>1020.0</ele></trkpt><trkpt lat="34.94085" lon="-83.33398999999997"><ele>1021.054925043708</ele></trkpt><trkpt lat="34.94061" lon="-83.33352000000002"><ele>1029.0</ele></trkpt><trkpt lat="34.9402" lon="-83.33303999999998"><ele>1026.1841510481818</ele></trkpt><trkpt lat="34.94012" lon="-83.33267000000001"><ele>1025.0</ele></trkpt><trkpt lat="34.94012" lon="-83.33251999999999"><ele>1025.0</ele></trkpt><trkpt lat="34.940096348243344" lon="-83.33248283295381"><ele>1025.1784026622772</ele></trkpt><trkpt lat="34.93957018066372" lon="-83.33204804527963"><ele>1024.0</ele></trkpt><trkpt lat="34.939315124295064" lon="-83.3317369090339"><ele>1023.0</ele></trkpt><trkpt lat="34.93908645239361" lon="-83.33152233231272"><ele>1020.0</ele></trkpt><trkpt lat="34.938998501492506" lon="-83.33130775559152"><ele>1022.0</ele></trkpt><trkpt lat="34.93875223846765" lon="-83.33102880585398"><ele>1022.9160500951111</ele></trkpt><trkpt lat="34.93865549207699" lon="-83.33082495796884"><ele>1020.0</ele></trkpt><trkpt lat="34.93864669694493" lon="-83.33058892357553"><ele>1018.0</ele></trkpt><trkpt lat="34.93875223846765" lon="-83.33014904129709"><ele>1021.6255789813799</ele></trkpt><trkpt lat="34.938919345600866" lon="-83.32970915901865"><ele>1027.0532946451353</ele></trkpt><trkpt lat="34.939125262983445" lon="-83.32929040969543"><ele>1028.961864424118</ele></trkpt><trkpt lat="34.93925279156216" lon="-83.32918312133484"><ele>1029.0</ele></trkpt><trkpt lat="34.93917803345386" lon="-83.32887734950714"><ele>1029.61511410214</ele></trkpt><trkpt lat="34.939283574292816" lon="-83.32878615440063"><ele>1031.3685042852455</ele></trkpt><trkpt lat="34.9397541088806" lon="-83.3285286623352"><ele>1040.5990828089416</ele></trkpt><trkpt lat="34.93999157390922" lon="-83.32850184024505"><ele>1042.0</ele></trkpt><trkpt lat="34.93999305052307" lon="-83.32850907326326"><ele>1042.0</ele></trkpt><trkpt lat="34.94078" lon="-83.32826999999997"><ele>1046.2040649565577</ele></trkpt><trkpt lat="34.94175" lon="-83.32803999999999"><ele>1048.3723982227966</ele></trkpt><trkpt lat="34.94249" lon="-83.32772"><ele>1047.3128289057522</ele></trkpt><trkpt lat="34.94325" lon="-83.32749000000001"><ele>1048.0037787394103</ele></trkpt><trkpt lat="34.94366" lon="-83.32711999999998"><ele>1048.1430950745116</ele></trkpt><trkpt lat="34.9438" lon="-83.32695000000001"><ele>1049.1052297463953</ele></trkpt><trkpt lat="34.9439" lon="-83.32670000000002"><ele>1047.9333839863539</ele></trkpt><trkpt lat="34.94393" lon="-83.32643000000002"><ele>1046.2277856245637</ele></trkpt><trkpt lat="34.94393" lon="-83.32613000000003"><ele>1045.2277856245637</ele></trkpt><trkpt lat="34.94367" lon="-83.32568000000003"><ele>1043.6470575628077</ele></trkpt><trkpt lat="34.94345" lon="-83.32547999999997"><ele>1039.3229546658695</ele></trkpt><trkpt lat="34.94302" lon="-83.32533000000001"><ele>1036.296439666301</ele></trkpt><trkpt lat="34.94274" lon="-83.32508000000001"><ele>1035.601657445389</ele></trkpt><trkpt lat="34.94257" lon="-83.32466"><ele>1034.5476176552474</ele></trkpt><trkpt lat="34.94257" lon="-83.32445000000001"><ele>1031.5476176552474</ele></trkpt><trkpt lat="34.94263" lon="-83.32418999999999"><ele>1031.8233252185012</ele></trkpt><trkpt lat="34.94318" lon="-83.32378"><ele>1032.7832200919952</ele></trkpt><trkpt lat="34.94415" lon="-83.32339000000002"><ele>1023.078104888089</ele></trkpt><trkpt lat="34.94431" lon="-83.32316000000003"><ele>1023.4203674662858</ele></trkpt><trkpt lat="34.94443" lon="-83.32292999999999"><ele>1021.8010543845594</ele></trkpt><trkpt lat="34.94455" lon="-83.32166999999998"><ele>1020.9786130934954</ele></trkpt><trkpt lat="34.94451" lon="-83.32110999999998"><ele>1020.2527612969279</ele></trkpt><trkpt lat="34.9444" lon="-83.32056999999998"><ele>1025.5066631454974</ele></trkpt><trkpt lat="34.94431" lon="-83.32031"><ele>1026.6234856899828</ele></trkpt><trkpt lat="34.94431" lon="-83.32031"><ele>1026.6234856899828</ele></trkpt><trkpt lat="34.94391" lon="-83.31909000000002"><ele>1032.172439411412</ele></trkpt><trkpt lat="34.94396" lon="-83.31884000000002"><ele>1035.1234737765044</ele></trkpt><trkpt lat="34.94413" lon="-83.31844000000001"><ele>1041.6555420642553</ele></trkpt><trkpt lat="34.94466" lon="-83.31753000000003"><ele>1048.7725741410852</ele></trkpt><trkpt lat="34.945" lon="-83.31732999999997"><ele>1048.605630673468</ele></trkpt><trkpt lat="34.94536" lon="-83.31741"><ele>1052.0</ele></trkpt><trkpt lat="34.94553" lon="-83.31732999999997"><ele>1055.0</ele></trkpt><trkpt lat="34.94534" lon="-83.31708000000003"><ele>1059.1361178772238</ele></trkpt><trkpt lat="34.94537" lon="-83.31705"><ele>1060.83642935055</ele></trkpt><trkpt lat="34.94545" lon="-83.31702999999999"><ele>1063.4755875561386</ele></trkpt><trkpt lat="34.94553" lon="-83.31709000000001"><ele>1062.9161157105748</ele></trkpt><trkpt lat="34.94574" lon="-83.31705"><ele>1065.8529237431549</ele></trkpt><trkpt lat="34.94584" lon="-83.31700999999998"><ele>1068.4076551124454</ele></trkpt><trkpt lat="34.94575" lon="-83.31686000000002"><ele>1074.3981617763638</ele></trkpt><trkpt lat="34.94582" lon="-83.31682"><ele>1077.2622968889773</ele></trkpt><trkpt lat="34.94583" lon="-83.31673999999998"><ele>1080.9905671123415</ele></trkpt><trkpt lat="34.94576" lon="-83.31664999999998"><ele>1084.335521569055</ele></trkpt><trkpt lat="34.94585" lon="-83.31660999999997"><ele>1088.0490062236786</ele></trkpt><trkpt lat="34.94573" lon="-83.31650000000002"><ele>1091.1753777768463</ele></trkpt><trkpt lat="34.94562" lon="-83.31632000000002"><ele>1097.4192489730194</ele></trkpt><trkpt lat="34.94611" lon="-83.31621000000001"><ele>1110.9114522018476</ele></trkpt><trkpt lat="34.94637" lon="-83.31621999999999"><ele>1114.6092948299392</ele></trkpt><trkpt lat="34.94663" lon="-83.31632000000002"><ele>1117.1571390949484</ele></trkpt><trkpt lat="34.94786" lon="-83.31648999999999"><ele>1131.7170720809295</ele></trkpt><trkpt lat="34.94809" lon="-83.31639000000001"><ele>1137.0</ele></trkpt><trkpt lat="34.94814" lon="-83.31639999999999"><ele>1137.0</ele></trkpt><trkpt lat="34.9483" lon="-83.31615999999997"><ele>1139.004674002821</ele></trkpt><trkpt lat="34.94857" lon="-83.31558999999999"><ele>1147.5844515562057</ele></trkpt><trkpt lat="34.94861" lon="-83.31486999999998"><ele>1151.0</ele></trkpt><trkpt lat="34.94858" lon="-83.31435999999997"><ele>1152.1337293818144</ele></trkpt><trkpt lat="34.94841" lon="-83.31331999999998"><ele>1158.4819081835449</ele></trkpt><trkpt lat="34.94838" lon="-83.31302"><ele>1159.7762166243047</ele></trkpt><trkpt lat="34.94844" lon="-83.31268999999998"><ele>1164.1876003686339</ele></trkpt><trkpt lat="34.94872" lon="-83.31209000000001"><ele>1176.3785228613517</ele></trkpt><trkpt lat="34.94886" lon="-83.31205999999997"><ele>1179.905624887906</ele></trkpt><trkpt lat="34.94897" lon="-83.31211000000002"><ele>1182.2357937786728</ele></trkpt><trkpt lat="34.94898" lon="-83.31221"><ele>1185.8961315546185</ele></trkpt><trkpt lat="34.94894" lon="-83.3123"><ele>1188.0</ele></trkpt><trkpt lat="34.94905" lon="-83.31243"><ele>1194.129542318854</ele></trkpt><trkpt lat="34.94899" lon="-83.31258000000003"><ele>1196.0</ele></trkpt><trkpt lat="34.94916" lon="-83.31259999999997"><ele>1202.0</ele></trkpt><trkpt lat="34.94916" lon="-83.31275"><ele>1205.0077072721863</ele></trkpt><trkpt lat="34.9491" lon="-83.31292000000002"><ele>1205.0</ele></trkpt><trkpt lat="34.94916" lon="-83.31308999999999"><ele>1206.124400017783</ele></trkpt><trkpt lat="34.94935" lon="-83.31329"><ele>1209.983423695217</ele></trkpt><trkpt lat="34.94944" lon="-83.31330000000003"><ele>1213.01358355566</ele></trkpt><trkpt lat="34.94946" lon="-83.31321000000003"><ele>1215.0</ele></trkpt><trkpt lat="34.94944" lon="-83.31313"><ele>1215.0</ele></trkpt><trkpt lat="34.94949" lon="-83.31304999999998"><ele>1215.8920660426775</ele></trkpt><trkpt lat="34.94958" lon="-83.31304"><ele>1217.0025188079967</ele></trkpt><trkpt lat="34.95034" lon="-83.31331"><ele>1225.125313171563</ele></trkpt><trkpt lat="34.95061" lon="-83.31333999999998"><ele>1222.5579484431073</ele></trkpt><trkpt lat="34.95081" lon="-83.31324999999998"><ele>1221.341554957612</ele></trkpt><trkpt lat="34.95096" lon="-83.31313999999998"><ele>1218.237272888422</ele></trkpt><trkpt lat="34.95148" lon="-83.31286999999998"><ele>1213.6662202123464</ele></trkpt><trkpt lat="34.95179" lon="-83.31258000000003"><ele>1209.0</ele></trkpt><trkpt lat="34.95186" lon="-83.31254999999999"><ele>1206.2664154012161</ele></trkpt><trkpt lat="34.95186882355379" lon="-83.31255686276404"><ele>1206.052412474085</ele></trkpt><trkpt lat="34.951922914423164" lon="-83.31259893337841"><ele>1205.0170047190531</ele></trkpt><trkpt lat="34.95213" lon="-83.31276000000003"><ele>1200.5315298717373</ele></trkpt><trkpt lat="34.95211" lon="-83.3123"><ele>1193.013084247501</ele></trkpt><trkpt lat="34.95204" lon="-83.31193000000002"><ele>1189.1248059812933</ele></trkpt><trkpt lat="34.95208" lon="-83.31187999999997"><ele>1186.778218231694</ele></trkpt><trkpt lat="34.95222" lon="-83.31193000000002"><ele>1181.7373761171475</ele></trkpt><trkpt lat="34.95222" lon="-83.31175999999999"><ele>1177.991721620435</ele></trkpt><trkpt lat="34.95208" lon="-83.31153999999998"><ele>1176.671868443489</ele></trkpt><trkpt lat="34.95186" lon="-83.31148999999999"><ele>1173.3416995555162</ele></trkpt><trkpt lat="34.9517" lon="-83.31155999999999"><ele>1172.1471395650879</ele></trkpt><trkpt lat="34.95144" lon="-83.31171999999998"><ele>1165.8204472949728</ele></trkpt><trkpt lat="34.95135" lon="-83.31182999999999"><ele>1165.8295569121838</ele></trkpt><trkpt lat="34.95125" lon="-83.31189"><ele>1163.9406506165076</ele></trkpt><trkpt lat="34.95121" lon="-83.31189"><ele>1162.9830506676808</ele></trkpt><trkpt lat="34.95123" lon="-83.31178"><ele>1159.7022213533915</ele></trkpt><trkpt lat="34.95145" lon="-83.31137999999999"><ele>1156.473136583185</ele></trkpt><trkpt lat="34.95161" lon="-83.31115"><ele>1152.7109827782665</ele></trkpt><trkpt lat="34.95184" lon="-83.31097999999997"><ele>1154.0</ele></trkpt><trkpt lat="34.95232" lon="-83.31101000000001"><ele>1148.176361270249</ele></trkpt><trkpt lat="34.95279" lon="-83.31085000000002"><ele>1142.0</ele></trkpt><trkpt lat="34.95351" lon="-83.31040999999999"><ele>1138.0</ele></trkpt><trkpt lat="34.95351" lon="-83.31040999999999"><ele>1138.0</ele></trkpt><trkpt lat="34.95351" lon="-83.31040999999999"><ele>1138.0</ele></trkpt><trkpt lat="34.95367" lon="-83.31038000000001"><ele>1139.0</ele></trkpt><trkpt lat="34.95394" lon="-83.31045"><ele>1142.1142864989674</ele></trkpt><trkpt lat="34.95456" lon="-83.31052999999997"><ele>1143.0</ele></trkpt><trkpt lat="34.95475" lon="-83.31049000000002"><ele>1144.0</ele></trkpt><trkpt lat="34.95489" lon="-83.31038000000001"><ele>1146.0</ele></trkpt><trkpt lat="34.95489" lon="-83.31027"><ele>1147.0</ele></trkpt><trkpt lat="34.95503" lon="-83.31027"><ele>1149.9448604548766</ele></trkpt><trkpt lat="34.95563" lon="-83.31038999999998"><ele>1157.9222626686037</ele></trkpt><trkpt lat="34.9559" lon="-83.31052"><ele>1161.3072324651075</ele></trkpt><trkpt lat="34.95625" lon="-83.31051000000002"><ele>1166.0</ele></trkpt><trkpt lat="34.95624" lon="-83.31040999999999"><ele>1168.9899484449998</ele></trkpt><trkpt lat="34.95608" lon="-83.31025999999997"><ele>1171.5793165892785</ele></trkpt><trkpt lat="34.95595" lon="-83.31007999999997"><ele>1174.0733873777435</ele></trkpt><trkpt lat="34.95585" lon="-83.30973"><ele>1178.5126886684448</ele></trkpt><trkpt lat="34.95592" lon="-83.30928"><ele>1183.4929993115366</ele></trkpt><trkpt lat="34.95603" lon="-83.30894999999998"><ele>1188.7477800510824</ele></trkpt><trkpt lat="34.95615" lon="-83.30898000000002"><ele>1193.571186793968</ele></trkpt><trkpt lat="34.95648" lon="-83.30937"><ele>1199.6395410253306</ele></trkpt><trkpt lat="34.95667" lon="-83.30948000000001"><ele>1202.0</ele></trkpt><trkpt lat="34.95701" lon="-83.30935999999997"><ele>1206.0</ele></trkpt><trkpt lat="34.95725" lon="-83.30932000000001"><ele>1208.8130184898143</ele></trkpt><trkpt lat="34.95785" lon="-83.30935999999997"><ele>1213.0</ele></trkpt><trkpt lat="34.958" lon="-83.30932000000001"><ele>1216.0</ele></trkpt><trkpt lat="34.958" lon="-83.30932000000001"><ele>1216.0</ele></trkpt><trkpt lat="34.95823" lon="-83.30923000000001"><ele>1217.0</ele></trkpt><trkpt lat="34.95834" lon="-83.30902000000003"><ele>1218.7686435543</ele></trkpt><trkpt lat="34.95843" lon="-83.3084"><ele>1223.0</ele></trkpt><trkpt lat="34.95856" lon="-83.30804999999998"><ele>1226.0</ele></trkpt><trkpt lat="34.95867" lon="-83.30764999999997"><ele>1228.6671955701263</ele></trkpt><trkpt lat="34.95895" lon="-83.30734000000001"><ele>1231.062318221666</ele></trkpt><trkpt lat="34.95895" lon="-83.30734000000001"><ele>1231.062318221666</ele></trkpt><trkpt lat="34.95904" lon="-83.30716000000001"><ele>1234.0</ele></trkpt><trkpt lat="34.95913" lon="-83.30705999999998"><ele>1234.0</ele></trkpt><trkpt lat="34.95937" lon="-83.30695000000003"><ele>1234.0</ele></trkpt><trkpt lat="34.95952" lon="-83.30683999999997"><ele>1235.0</ele></trkpt><trkpt lat="34.95997" lon="-83.30665999999997"><ele>1238.1594119146973</ele></trkpt><trkpt lat="34.9602" lon="-83.30650000000003"><ele>1242.0</ele></trkpt><trkpt lat="34.96024" lon="-83.30641000000003"><ele>1244.0</ele></trkpt><trkpt lat="34.96056" lon="-83.30612000000002"><ele>1247.9184391098097</ele></trkpt><trkpt lat="34.96063" lon="-83.30601999999999"><ele>1249.865691191977</ele></trkpt><trkpt lat="34.96096" lon="-83.30579"><ele>1254.940783665548</ele></trkpt><trkpt lat="34.96102" lon="-83.30569000000003"><ele>1256.4825785507933</ele></trkpt><trkpt lat="34.96111" lon="-83.30560000000003"><ele>1257.0587363335553</ele></trkpt><trkpt lat="34.96143" lon="-83.30541"><ele>1258.0068373335525</ele></trkpt><trkpt lat="34.96164" lon="-83.30534"><ele>1260.819263810976</ele></trkpt><trkpt lat="34.96217" lon="-83.30531000000002"><ele>1269.6671751094982</ele></trkpt><trkpt lat="34.96244" lon="-83.30520000000001"><ele>1272.949334074941</ele></trkpt><trkpt lat="34.96259" lon="-83.30518999999998"><ele>1272.0583178142558</ele></trkpt><trkpt lat="34.96313" lon="-83.30520000000001"><ele>1280.383445903125</ele></trkpt><trkpt lat="34.9634" lon="-83.30525"><ele>1286.3879466632052</ele></trkpt><trkpt lat="34.9638" lon="-83.30542000000003"><ele>1292.1247918149456</ele></trkpt><trkpt lat="34.96399" lon="-83.30545000000001"><ele>1295.1427022218704</ele></trkpt><trkpt lat="34.9645" lon="-83.30524000000003"><ele>1302.3635014925453</ele></trkpt><trkpt lat="34.9645" lon="-83.30524000000003"><ele>1302.3635014925453</ele></trkpt><trkpt lat="34.9645" lon="-83.30524000000003"><ele>1302.3635014925453</ele></trkpt><trkpt lat="34.96457" lon="-83.30520000000001"><ele>1303.8703142939885</ele></trkpt><trkpt lat="34.96458" lon="-83.30516"><ele>1304.657681777142</ele></trkpt><trkpt lat="34.96457" lon="-83.30513000000002"><ele>1305.0</ele></trkpt><trkpt lat="34.96436" lon="-83.30504000000002"><ele>1306.2500871103257</ele></trkpt><trkpt lat="34.9643" lon="-83.30498"><ele>1308.0462897783145</ele></trkpt><trkpt lat="34.96431" lon="-83.30495000000002"><ele>1309.4443911099806</ele></trkpt><trkpt lat="34.96433" lon="-83.30491999999998"><ele>1310.8424924444407</ele></trkpt><trkpt lat="34.96454" lon="-83.30484999999999"><ele>1314.1047288887203</ele></trkpt><trkpt lat="34.96463" lon="-83.30475000000001"><ele>1316.165332603549</ele></trkpt><trkpt lat="34.96478" lon="-83.30441000000002"><ele>1319.4185752699664</ele></trkpt><trkpt lat="34.96483" lon="-83.30417"><ele>1321.8425585571676</ele></trkpt><trkpt lat="34.9648" lon="-83.30412000000001"><ele>1323.5485918764025</ele></trkpt><trkpt lat="34.96463" lon="-83.30430999999999"><ele>1328.2161022182554</ele></trkpt><trkpt lat="34.96446" lon="-83.30435999999997"><ele>1330.8309162512032</ele></trkpt><trkpt lat="34.96438" lon="-83.30435999999997"><ele>1331.9661972962476</ele></trkpt><trkpt lat="34.96433" lon="-83.30430999999999"><ele>1334.0747715268835</ele></trkpt><trkpt lat="34.96432" lon="-83.30426"><ele>1335.507633948158</ele></trkpt><trkpt lat="34.96445" lon="-83.30385999999999"><ele>1338.1094817668131</ele></trkpt><trkpt lat="34.96443" lon="-83.30378000000002"><ele>1340.5721318770802</ele></trkpt><trkpt lat="34.96419" lon="-83.30394000000001"><ele>1343.6294206585553</ele></trkpt><trkpt lat="34.96408" lon="-83.30398000000002"><ele>1344.0</ele></trkpt><trkpt lat="34.96408" lon="-83.30398000000002"><ele>1344.0</ele></trkpt><trkpt lat="34.96381" lon="-83.30392999999998"><ele>1346.0</ele></trkpt><trkpt lat="34.96369" lon="-83.30385999999999"><ele>1348.24207288865</ele></trkpt><trkpt lat="34.96365" lon="-83.30380000000002"><ele>1351.002064397491</ele></trkpt><trkpt lat="34.96398" lon="-83.30363999999997"><ele>1355.0890309487825</ele></trkpt><trkpt lat="34.96409" lon="-83.30354999999997"><ele>1356.6136514311656</ele></trkpt><trkpt lat="34.9642" lon="-83.30340999999999"><ele>1357.739799183576</ele></trkpt><trkpt lat="34.9642" lon="-83.30335000000002"><ele>1359.006554470439</ele></trkpt><trkpt lat="34.964" lon="-83.30342000000002"><ele>1362.0318335253723</ele></trkpt><trkpt lat="34.9639" lon="-83.30342999999999"><ele>1363.281525333412</ele></trkpt><trkpt lat="34.96388" lon="-83.30340999999999"><ele>1365.0802365792915</ele></trkpt><trkpt lat="34.96408" lon="-83.30315999999999"><ele>1368.3576414706185</ele></trkpt><trkpt lat="34.96411" lon="-83.30303000000004"><ele>1370.9228764427826</ele></trkpt><trkpt lat="34.96405" lon="-83.303"><ele>1373.4562538346943</ele></trkpt><trkpt lat="34.96396" lon="-83.30300999999997"><ele>1375.0</ele></trkpt><trkpt lat="34.96386" lon="-83.30306999999999"><ele>1375.0624933023462</ele></trkpt><trkpt lat="34.96363" lon="-83.30313000000001"><ele>1379.0218967995647</ele></trkpt><trkpt lat="34.96344" lon="-83.30309999999997"><ele>1381.660640001297</ele></trkpt><trkpt lat="34.96332" lon="-83.30304999999998"><ele>1382.9973541250533</ele></trkpt><trkpt lat="34.96323" lon="-83.30297000000002"><ele>1385.0</ele></trkpt><trkpt lat="34.96314" lon="-83.30288000000002"><ele>1387.0</ele></trkpt><trkpt lat="34.9631" lon="-83.30277000000001"><ele>1389.0</ele></trkpt><trkpt lat="34.9631" lon="-83.30277000000001"><ele>1389.0</ele></trkpt><trkpt lat="34.9631" lon="-83.30277000000001"><ele>1389.0</ele></trkpt><trkpt lat="34.96317" lon="-83.30267000000003"><ele>1390.0</ele></trkpt><trkpt lat="34.96349" lon="-83.30257"><ele>1394.0</ele></trkpt><trkpt lat="34.96383" lon="-83.30219"><ele>1401.0</ele></trkpt><trkpt lat="34.96391" lon="-83.30203"><ele>1404.526254221797</ele></trkpt><trkpt lat="34.96395" lon="-83.30169000000001"><ele>1408.3714026659727</ele></trkpt><trkpt lat="34.96403" lon="-83.30155000000002"><ele>1412.0</ele></trkpt><trkpt lat="34.96457" lon="-83.30111999999997"><ele>1413.58753554647</ele></trkpt><trkpt lat="34.96479" lon="-83.30081999999999"><ele>1415.0</ele></trkpt><trkpt lat="34.9653" lon="-83.30027999999999"><ele>1423.0</ele></trkpt><trkpt lat="34.9654" lon="-83.30002999999999"><ele>1428.0</ele></trkpt><trkpt lat="34.9654" lon="-83.30002999999999"><ele>1428.0</ele></trkpt><trkpt lat="34.9654" lon="-83.30002999999999"><ele>1428.0</ele></trkpt><trkpt lat="34.96555" lon="-83.29994999999997"><ele>1428.4140317820325</ele></trkpt><trkpt lat="34.96583" lon="-83.29997000000003"><ele>1422.9744238052517</ele></trkpt><trkpt lat="34.96773" lon="-83.29991999999999"><ele>1400.0</ele></trkpt><trkpt lat="34.9687" lon="-83.29993999999999"><ele>1391.0</ele></trkpt><trkpt lat="34.968894999501195" lon="-83.29992518991128"><ele>1388.0</ele></trkpt><trkpt lat="34.968916596726054" lon="-83.29992354967334"><ele>1387.4410475082695</ele></trkpt><trkpt lat="34.96949" lon="-83.29988000000003"><ele>1377.6013370673202</ele></trkpt><trkpt lat="34.96978" lon="-83.29976999999997"><ele>1373.0</ele></trkpt><trkpt lat="34.96985" lon="-83.2998"><ele>1371.0</ele></trkpt><trkpt lat="34.96987" lon="-83.29991999999999"><ele>1369.1891433987234</ele></trkpt><trkpt lat="34.96982" lon="-83.30014"><ele>1366.6316780441207</ele></trkpt><trkpt lat="34.96965" lon="-83.30054000000001"><ele>1360.9652871107683</ele></trkpt><trkpt lat="34.96936" lon="-83.30083000000002"><ele>1355.0</ele></trkpt><trkpt lat="34.96926" lon="-83.30088999999998"><ele>1352.0</ele></trkpt><trkpt lat="34.96924" lon="-83.30092000000002"><ele>1351.256003553979</ele></trkpt><trkpt lat="34.96925" lon="-83.30093999999997"><ele>1351.0</ele></trkpt><trkpt lat="34.96941" lon="-83.30101000000002"><ele>1348.0616995543242</ele></trkpt><trkpt lat="34.96967" lon="-83.30108000000001"><ele>1344.7994631100446</ele></trkpt><trkpt lat="34.96994" lon="-83.30097"><ele>1342.9435676548237</ele></trkpt><trkpt lat="34.97024" lon="-83.30090000000001"><ele>1338.1776690799743</ele></trkpt><trkpt lat="34.97032" lon="-83.30084"><ele>1335.9941489555358</ele></trkpt><trkpt lat="34.97038" lon="-83.30088"><ele>1333.1201386665925</ele></trkpt><trkpt lat="34.97029" lon="-83.30104"><ele>1329.9976892741397</ele></trkpt><trkpt lat="34.97005" lon="-83.30126999999999"><ele>1328.9990757431299</ele></trkpt><trkpt lat="34.97002" lon="-83.30132000000003"><ele>1327.6146524427459</ele></trkpt><trkpt lat="34.97003" lon="-83.30138"><ele>1325.8403588642122</ele></trkpt><trkpt lat="34.97008" lon="-83.3014"><ele>1323.9178665143565</ele></trkpt><trkpt lat="34.97015" lon="-83.3014"><ele>1322.182487372309</ele></trkpt><trkpt lat="34.97039" lon="-83.30126999999999"><ele>1318.6469298005104</ele></trkpt><trkpt lat="34.97047" lon="-83.30128000000002"><ele>1314.0971957966685</ele></trkpt><trkpt lat="34.9705" lon="-83.30131"><ele>1312.0315518951047</ele></trkpt><trkpt lat="34.97044" lon="-83.30153999999999"><ele>1310.0</ele></trkpt><trkpt lat="34.97034" lon="-83.30174"><ele>1305.0412337770686</ele></trkpt><trkpt lat="34.97006" lon="-83.30187000000001"><ele>1300.9827946666628</ele></trkpt><trkpt lat="34.97004" lon="-83.30191000000002"><ele>1300.0</ele></trkpt><trkpt lat="34.97006" lon="-83.30195000000003"><ele>1298.2545244432986</ele></trkpt><trkpt lat="34.97038" lon="-83.30201"><ele>1294.4583217781037</ele></trkpt><trkpt lat="34.97066" lon="-83.30210999999997"><ele>1290.0</ele></trkpt><trkpt lat="34.97085" lon="-83.3021"><ele>1286.1282858687061</ele></trkpt><trkpt lat="34.97104" lon="-83.30195000000003"><ele>1281.761606168443</ele></trkpt><trkpt lat="34.97107" lon="-83.30196000000001"><ele>1280.9740491416305</ele></trkpt><trkpt lat="34.9711" lon="-83.30198999999999"><ele>1280.0</ele></trkpt><trkpt lat="34.97112" lon="-83.3023"><ele>1277.0</ele></trkpt><trkpt lat="34.97118" lon="-83.30239"><ele>1277.0</ele></trkpt><trkpt lat="34.97118" lon="-83.30239"><ele>1277.0</ele></trkpt><trkpt lat="34.97118" lon="-83.30239"><ele>1277.0</ele></trkpt><trkpt lat="34.97154" lon="-83.30268999999998"><ele>1269.0566196387954</ele></trkpt><trkpt lat="34.97221" lon="-83.30304000000001"><ele>1261.6068329333627</ele></trkpt><trkpt lat="34.97257" lon="-83.30345"><ele>1256.3156312154606</ele></trkpt><trkpt lat="34.97273" lon="-83.30324000000002"><ele>1250.565374372527</ele></trkpt><trkpt lat="34.9728" lon="-83.30309"><ele>1248.0</ele></trkpt><trkpt lat="34.97298" lon="-83.30249000000003"><ele>1241.347034689039</ele></trkpt><trkpt lat="34.97317" lon="-83.30237"><ele>1238.0</ele></trkpt><trkpt lat="34.97365" lon="-83.30237"><ele>1232.0</ele></trkpt><trkpt lat="34.97371" lon="-83.3023"><ele>1231.0</ele></trkpt><trkpt lat="34.9742" lon="-83.30205000000001"><ele>1226.0</ele></trkpt><trkpt lat="34.97438" lon="-83.30212"><ele>1223.0</ele></trkpt><trkpt lat="34.9747" lon="-83.30236000000002"><ele>1218.5937666133348</ele></trkpt><trkpt lat="34.97498" lon="-83.30243999999999"><ele>1215.0</ele></trkpt><trkpt lat="34.97524" lon="-83.30239"><ele>1211.8112745285034</ele></trkpt><trkpt lat="34.97567" lon="-83.30221"><ele>1204.0488580701553</ele></trkpt><trkpt lat="34.97572" lon="-83.30201999999997"><ele>1205.5111874081194</ele></trkpt><trkpt lat="34.976" lon="-83.30153000000001"><ele>1198.586062701419</ele></trkpt><trkpt lat="34.976" lon="-83.30153000000001"><ele>1198.586062701419</ele></trkpt><trkpt lat="34.97604" lon="-83.30146000000002"><ele>1197.3731705088323</ele></trkpt><trkpt lat="34.97605" lon="-83.30111"><ele>1196.4845694042742</ele></trkpt><trkpt lat="34.97616" lon="-83.30081000000001"><ele>1190.4859669934958</ele></trkpt><trkpt lat="34.97624" lon="-83.3003"><ele>1186.9359124731272</ele></trkpt><trkpt lat="34.97633" lon="-83.30036999999999"><ele>1184.817095829174</ele></trkpt><trkpt lat="34.9763" lon="-83.30060000000003"><ele>1184.5233686678112</ele></trkpt><trkpt lat="34.97635" lon="-83.30105000000003"><ele>1179.6795802526176</ele></trkpt><trkpt lat="34.97663" lon="-83.30168000000003"><ele>1168.754333043471</ele></trkpt><trkpt lat="34.97674" lon="-83.30266"><ele>1156.0</ele></trkpt><trkpt lat="34.9769" lon="-83.30291"><ele>1149.2049755344474</ele></trkpt><trkpt lat="34.97702" lon="-83.30295000000001"><ele>1148.0</ele></trkpt><trkpt lat="34.9772" lon="-83.30270999999999"><ele>1147.0</ele></trkpt><trkpt lat="34.9772" lon="-83.30270999999999"><ele>1147.0</ele></trkpt><trkpt lat="34.9772" lon="-83.30270999999999"><ele>1147.0</ele></trkpt><trkpt lat="34.97713" lon="-83.30252999999999"><ele>1146.316256172955</ele></trkpt><trkpt lat="34.97717" lon="-83.30225999999999"><ele>1148.033270104763</ele></trkpt><trkpt lat="34.97744" lon="-83.30218000000002"><ele>1145.8535568211325</ele></trkpt><trkpt lat="34.97737" lon="-83.30187000000001"><ele>1149.6544602726203</ele></trkpt><trkpt lat="34.97742" lon="-83.30135999999999"><ele>1145.0</ele></trkpt><trkpt lat="34.97768" lon="-83.30093999999997"><ele>1138.9889307557044</ele></trkpt><trkpt lat="34.97775" lon="-83.30074000000002"><ele>1135.3366240317087</ele></trkpt><trkpt lat="34.97777" lon="-83.30063999999999"><ele>1133.6950506661087</ele></trkpt><trkpt lat="34.97771" lon="-83.30039"><ele>1126.6721305120736</ele></trkpt><trkpt lat="34.9778" lon="-83.30036000000001"><ele>1128.7910390384495</ele></trkpt><trkpt lat="34.97787" lon="-83.30024000000003"><ele>1128.0536995567381</ele></trkpt><trkpt lat="34.97792" lon="-83.30025999999998"><ele>1128.985767110251</ele></trkpt><trkpt lat="34.97798" lon="-83.30021999999997"><ele>1127.0</ele></trkpt><trkpt lat="34.978" lon="-83.30015000000003"><ele>1125.0</ele></trkpt><trkpt lat="34.97827" lon="-83.30002999999999"><ele>1120.0</ele></trkpt><trkpt lat="34.97843" lon="-83.29984999999999"><ele>1117.3764437455684</ele></trkpt><trkpt lat="34.97883" lon="-83.29897"><ele>1110.0</ele></trkpt><trkpt lat="34.97896559594567" lon="-83.29882642782223"><ele>1106.9131302181631</ele></trkpt><trkpt lat="34.97897133336914" lon="-83.29882035292945"><ele>1106.5867993161082</ele></trkpt><trkpt lat="34.979" lon="-83.29879"><ele>1106.0</ele></trkpt><trkpt lat="34.97916" lon="-83.29874999999998"><ele>1102.0</ele></trkpt><trkpt lat="34.97922" lon="-83.29867000000002"><ele>1100.443215135485</ele></trkpt><trkpt lat="34.97919" lon="-83.29838999999998"><ele>1099.125239230989</ele></trkpt><trkpt lat="34.97924" lon="-83.29834"><ele>1098.0</ele></trkpt><trkpt lat="34.97924" lon="-83.29834"><ele>1098.0</ele></trkpt><trkpt lat="34.97929" lon="-83.29827999999998"><ele>1096.7110791103914</ele></trkpt><trkpt lat="34.97929" lon="-83.29788000000002"><ele>1092.0</ele></trkpt><trkpt lat="34.97916" lon="-83.29746"><ele>1088.5689009210107</ele></trkpt><trkpt lat="34.97902" lon="-83.29726"><ele>1086.0</ele></trkpt><trkpt lat="34.97894" lon="-83.2969"><ele>1083.6310339942575</ele></trkpt><trkpt lat="34.97894" lon="-83.2969"><ele>1083.6310339942575</ele></trkpt><trkpt lat="34.97905" lon="-83.29665"><ele>1084.6635255209144</ele></trkpt><trkpt lat="34.97912" lon="-83.29660999999999"><ele>1084.984731624648</ele></trkpt><trkpt lat="34.97932" lon="-83.2964"><ele>1081.0967288892716</ele></trkpt><trkpt lat="34.97935" lon="-83.29631"><ele>1079.9024248896167</ele></trkpt><trkpt lat="34.97933" lon="-83.29624000000001"><ele>1078.1194945351497</ele></trkpt><trkpt lat="34.97932" lon="-83.29606000000001"><ele>1074.0615280810248</ele></trkpt><trkpt lat="34.97929" lon="-83.29599999999999"><ele>1072.245098478552</ele></trkpt><trkpt lat="34.9793" lon="-83.29590000000002"><ele>1070.0</ele></trkpt><trkpt lat="34.97933" lon="-83.29581999999999"><ele>1068.8258076783454</ele></trkpt><trkpt lat="34.97946" lon="-83.29572999999999"><ele>1067.0</ele></trkpt><trkpt lat="34.97954" lon="-83.29543000000001"><ele>1060.0</ele></trkpt><trkpt lat="34.97948" lon="-83.29534000000001"><ele>1058.6971484450623</ele></trkpt><trkpt lat="34.9795" lon="-83.29527000000002"><ele>1056.4349120007828</ele></trkpt><trkpt lat="34.97959" lon="-83.29520000000002"><ele>1053.068792109578</ele></trkpt><trkpt lat="34.97966" lon="-83.29521"><ele>1051.7893405074865</ele></trkpt><trkpt lat="34.98016" lon="-83.29566999999997"><ele>1044.0745697705515</ele></trkpt><trkpt lat="34.98046" lon="-83.29590000000002"><ele>1042.0</ele></trkpt><trkpt lat="34.9808" lon="-83.29599000000002"><ele>1040.9893440008163</ele></trkpt><trkpt lat="34.98126" lon="-83.29572000000002"><ele>1036.0</ele></trkpt><trkpt lat="34.98135" lon="-83.29577"><ele>1035.813505631778</ele></trkpt><trkpt lat="34.98161" lon="-83.29581000000002"><ele>1031.0</ele></trkpt><trkpt lat="34.98176" lon="-83.29579000000001"><ele>1031.0191131787967</ele></trkpt><trkpt lat="34.98187" lon="-83.29563999999999"><ele>1033.2853378970176</ele></trkpt><trkpt lat="34.98189" lon="-83.29552000000001"><ele>1034.0</ele></trkpt><trkpt lat="34.98201" lon="-83.29520000000002"><ele>1035.3782586095758</ele></trkpt><trkpt lat="34.98209" lon="-83.29514"><ele>1034.3764728885144</ele></trkpt><trkpt lat="34.98224" lon="-83.29525999999998"><ele>1031.6691552903503</ele></trkpt><trkpt lat="34.98242" lon="-83.29548"><ele>1030.2216213326901</ele></trkpt><trkpt lat="34.98273" lon="-83.29561999999999"><ele>1026.595332702138</ele></trkpt><trkpt lat="34.98297" lon="-83.29577"><ele>1024.775231063878</ele></trkpt><trkpt lat="34.98303" lon="-83.29584999999997"><ele>1025.1987070664763</ele></trkpt><trkpt lat="34.98347" lon="-83.29610000000002"><ele>1015.8220970658585</ele></trkpt><trkpt lat="34.98364" lon="-83.29631999999998"><ele>1015.4051058460027</ele></trkpt><trkpt lat="34.98376" lon="-83.2964"><ele>1013.3076691608876</ele></trkpt><trkpt lat="34.98382" lon="-83.29647999999997"><ele>1013.8249991107732</ele></trkpt><trkpt lat="34.98416" lon="-83.29667999999998"><ele>1011.1456746654585</ele></trkpt><trkpt lat="34.98429" lon="-83.29658999999998"><ele>1012.0</ele></trkpt><trkpt lat="34.98436" lon="-83.29649999999998"><ele>1014.9177443347871</ele></trkpt><trkpt lat="34.98436" lon="-83.29631"><ele>1014.0</ele></trkpt><trkpt lat="34.98444" lon="-83.29613999999998"><ele>1012.9798506656662</ele></trkpt><trkpt lat="34.9846" lon="-83.29606999999999"><ele>1008.7176142223179</ele></trkpt><trkpt lat="34.98469" lon="-83.29606000000001"><ele>1007.2515804450959</ele></trkpt><trkpt lat="34.98483" lon="-83.29610000000002"><ele>1007.115715556778</ele></trkpt><trkpt lat="34.98489" lon="-83.29615999999999"><ele>1007.9119182219729</ele></trkpt><trkpt lat="34.98515" lon="-83.29624000000001"><ele>999.692639191121</ele></trkpt><trkpt lat="34.98527" lon="-83.29631"><ele>1001.8048497792333</ele></trkpt><trkpt lat="34.98563" lon="-83.29638999999997"><ele>996.5312859632633</ele></trkpt><trkpt lat="34.98579" lon="-83.29649999999998"><ele>996.7570666661486</ele></trkpt><trkpt lat="34.98597" lon="-83.29654"><ele>996.3120809931527</ele></trkpt><trkpt lat="34.98606" lon="-83.29645"><ele>996.6170422863215</ele></trkpt><trkpt lat="34.98603" lon="-83.29622999999998"><ele>997.910566681996</ele></trkpt><trkpt lat="34.98597" lon="-83.29611999999997"><ele>997.4738396479047</ele></trkpt><trkpt lat="34.98589" lon="-83.29579000000001"><ele>998.9470221344382</ele></trkpt><trkpt lat="34.98591" lon="-83.29545000000002"><ele>1002.0149426535156</ele></trkpt><trkpt lat="34.98588" lon="-83.29539999999997"><ele>1002.1916136205812</ele></trkpt><trkpt lat="34.98587" lon="-83.29523"><ele>1006.3474020377304</ele></trkpt><trkpt lat="34.98579" lon="-83.29500999999999"><ele>1010.0</ele></trkpt><trkpt lat="34.98571" lon="-83.29453999999998"><ele>1016.4146886907815</ele></trkpt><trkpt lat="34.98568" lon="-83.29421000000002"><ele>1018.0</ele></trkpt><trkpt lat="34.9857" lon="-83.29390000000001"><ele>1019.0</ele></trkpt><trkpt lat="34.985692385296666" lon="-83.29387567649798"><ele>1018.7062346469611</ele></trkpt><trkpt lat="34.98572205182619" lon="-83.29384885440783"><ele>1019.3937346469611</ele></trkpt><trkpt lat="34.985723231345474" lon="-83.29384966542943"><ele>1019.4608284123242</ele></trkpt><trkpt lat="34.98576" lon="-83.29377"><ele>1020.2926412024598</ele></trkpt><trkpt lat="34.98589" lon="-83.29368999999997"><ele>1021.8015751093626</ele></trkpt><trkpt lat="34.98591" lon="-83.29359999999997"><ele>1020.0</ele></trkpt><trkpt lat="34.98606" lon="-83.2935"><ele>1016.9469333328307</ele></trkpt><trkpt lat="34.98626" lon="-83.29344000000003"><ele>1017.0</ele></trkpt><trkpt lat="34.98645" lon="-83.29320999999999"><ele>1014.4319537766278</ele></trkpt><trkpt lat="34.98658" lon="-83.29311999999999"><ele>1011.0465917379611</ele></trkpt><trkpt lat="34.98665" lon="-83.29296"><ele>1013.1389251620577</ele></trkpt><trkpt lat="34.98669" lon="-83.29266999999999"><ele>1014.0</ele></trkpt><trkpt lat="34.98676" lon="-83.2926"><ele>1012.0038933334872</ele></trkpt><trkpt lat="34.9869" lon="-83.29255"><ele>1008.2751113828272</ele></trkpt><trkpt lat="34.98695" lon="-83.29255999999998"><ele>1007.8969885809347</ele></trkpt><trkpt lat="34.98701" lon="-83.29251"><ele>1005.9344529985293</ele></trkpt><trkpt lat="34.98703" lon="-83.29230999999999"><ele>1004.7934237755835</ele></trkpt><trkpt lat="34.98701" lon="-83.29200000000003"><ele>1004.0</ele></trkpt><trkpt lat="34.98707" lon="-83.29169999999999"><ele>1000.0</ele></trkpt><trkpt lat="34.98704" lon="-83.29160999999999"><ele>998.3139125709362</ele></trkpt><trkpt lat="34.98702882716001" lon="-83.29152620370007"><ele>997.0</ele></trkpt><trkpt lat="34.987029271386646" lon="-83.2915295353755"><ele>997.0</ele></trkpt><trkpt lat="34.98698" lon="-83.29115999999999"><ele>996.054235085845</ele></trkpt><trkpt lat="34.9867" lon="-83.29066"><ele>992.0</ele></trkpt><trkpt lat="34.9867" lon="-83.29052999999999"><ele>991.0220041237772</ele></trkpt><trkpt lat="34.98665" lon="-83.29039999999998"><ele>988.1778562311083</ele></trkpt><trkpt lat="34.98668" lon="-83.29019"><ele>988.0</ele></trkpt><trkpt lat="34.98679" lon="-83.28993000000003"><ele>986.5728746680543</ele></trkpt><trkpt lat="34.98717" lon="-83.28971999999999"><ele>988.7570792157203</ele></trkpt><trkpt lat="34.98727" lon="-83.28958"><ele>989.1165611825354</ele></trkpt><trkpt lat="34.98733" lon="-83.28956"><ele>989.2829554087492</ele></trkpt><trkpt lat="34.98746" lon="-83.28942"><ele>989.2532659489661</ele></trkpt><trkpt lat="34.98754" lon="-83.28917000000001"><ele>989.9280037545034</ele></trkpt><trkpt lat="34.98755" lon="-83.28902"><ele>994.8972614712366</ele></trkpt><trkpt lat="34.98753" lon="-83.28890999999999"><ele>998.1976835457608</ele></trkpt><trkpt lat="34.98745" lon="-83.28877"><ele>998.1714745070785</ele></trkpt><trkpt lat="34.98741" lon="-83.28865000000002"><ele>999.4885405404493</ele></trkpt><trkpt lat="34.98739" lon="-83.28841999999997"><ele>1002.0</ele></trkpt><trkpt lat="34.98739718265209" lon="-83.2883302168488"><ele>1001.679996503517</ele></trkpt><trkpt lat="34.987397510377505" lon="-83.28832612028845"><ele>1001.6986386608332</ele></trkpt><trkpt lat="34.98741" lon="-83.28816999999998"><ele>1003.8581618769094</ele></trkpt><trkpt lat="34.98756" lon="-83.28773000000001"><ele>1009.0</ele></trkpt><trkpt lat="34.98774" lon="-83.28773999999999"><ele>1006.5114773325622</ele></trkpt><trkpt lat="34.98783" lon="-83.28769"><ele>1005.4270876115247</ele></trkpt><trkpt lat="34.98791" lon="-83.28757999999999"><ele>1006.8509127795696</ele></trkpt><trkpt lat="34.98798" lon="-83.28739000000002"><ele>1006.0</ele></trkpt><trkpt lat="34.988" lon="-83.28728000000001"><ele>1007.9704590309411</ele></trkpt><trkpt lat="34.98808" lon="-83.28715999999997"><ele>1013.521171534434</ele></trkpt><trkpt lat="34.9881" lon="-83.28697"><ele>1014.6588503569365</ele></trkpt><trkpt lat="34.98815" lon="-83.28682000000003"><ele>1016.3201249413876</ele></trkpt><trkpt lat="34.9883" lon="-83.28649999999999"><ele>1014.7331547060195</ele></trkpt><trkpt lat="34.98844" lon="-83.28625"><ele>1014.0</ele></trkpt><trkpt lat="34.98865" lon="-83.28607"><ele>1011.683836444281</ele></trkpt><trkpt lat="34.98872" lon="-83.28595000000001"><ele>1010.0184627762064</ele></trkpt><trkpt lat="34.98878" lon="-83.28559999999999"><ele>1010.0747363958735</ele></trkpt><trkpt lat="34.9887" lon="-83.28508999999997"><ele>1008.7893442288041</ele></trkpt><trkpt lat="34.98862" lon="-83.28426999999999"><ele>1015.392586057033</ele></trkpt><trkpt lat="34.9886263563959" lon="-83.28423186162456"><ele>1016.0</ele></trkpt><trkpt lat="34.98862915101326" lon="-83.28421509392751"><ele>1016.0</ele></trkpt><trkpt lat="34.98865" lon="-83.28408999999999"><ele>1015.3866971812853</ele></trkpt><trkpt lat="34.98872" lon="-83.28395"><ele>1014.8201222528086</ele></trkpt><trkpt lat="34.98888" lon="-83.28393"><ele>1013.9526079995558</ele></trkpt><trkpt lat="34.98924" lon="-83.28395999999998"><ele>1009.3507093330845</ele></trkpt><trkpt lat="34.98934" lon="-83.28388999999999"><ele>1010.2666582902058</ele></trkpt><trkpt lat="34.98945" lon="-83.28368"><ele>1013.0</ele></trkpt><trkpt lat="34.98942" lon="-83.28318999999999"><ele>1015.0</ele></trkpt><trkpt lat="34.98947" lon="-83.28291999999999"><ele>1015.5905112177134</ele></trkpt><trkpt lat="34.98966" lon="-83.28267"><ele>1015.0</ele></trkpt><trkpt lat="34.98982" lon="-83.28271000000001"><ele>1013.596218331717</ele></trkpt><trkpt lat="34.98996" lon="-83.28280000000001"><ele>1008.8265954721719</ele></trkpt><trkpt lat="34.99058" lon="-83.28359999999998"><ele>995.9541162442849</ele></trkpt><trkpt lat="34.99078" lon="-83.28379000000001"><ele>990.5384616032243</ele></trkpt><trkpt lat="34.991217093756696" lon="-83.28390141605564"><ele>998.6300534022429</ele></trkpt><trkpt lat="34.991223341420266" lon="-83.2839030085513"><ele>998.3644845755771</ele></trkpt><trkpt lat="34.99129" lon="-83.28391999999997"><ele>996.3643940677866</ele></trkpt><trkpt lat="34.99154" lon="-83.28408000000002"><ele>992.3241891302139</ele></trkpt><trkpt lat="34.99184" lon="-83.28377"><ele>993.9057434592396</ele></trkpt><trkpt lat="34.99202" lon="-83.28343000000001"><ele>996.3001847397536</ele></trkpt><trkpt lat="34.99223" lon="-83.28319999999997"><ele>996.9321422204375</ele></trkpt><trkpt lat="34.99248" lon="-83.28300000000002"><ele>995.4996956629242</ele></trkpt><trkpt lat="34.99263" lon="-83.28278999999998"><ele>999.6391485147522</ele></trkpt><trkpt lat="34.99277" lon="-83.28255000000001"><ele>998.3144652023911</ele></trkpt><trkpt lat="34.9928" lon="-83.28241000000003"><ele>1002.0210813190788</ele></trkpt><trkpt lat="34.99287" lon="-83.28228999999999"><ele>1006.0016675514865</ele></trkpt><trkpt lat="34.99296" lon="-83.28219999999999"><ele>1003.780573381111</ele></trkpt><trkpt lat="34.99305" lon="-83.28203000000002"><ele>999.3415728837508</ele></trkpt><trkpt lat="34.99318" lon="-83.28188999999998"><ele>1004.2010492001663</ele></trkpt><trkpt lat="34.99326" lon="-83.28183999999999"><ele>1005.7408218476921</ele></trkpt><trkpt lat="34.9937" lon="-83.28183999999999"><ele>1009.0</ele></trkpt><trkpt lat="34.994" lon="-83.28188999999998"><ele>1006.8817173326388</ele></trkpt><trkpt lat="34.994" lon="-83.28188999999998"><ele>1006.8817173326388</ele></trkpt><trkpt lat="34.99406" lon="-83.28186"><ele>1006.0</ele></trkpt><trkpt lat="34.99429" lon="-83.28185000000002"><ele>1007.0137809835626</ele></trkpt><trkpt lat="34.99436" lon="-83.28165000000001"><ele>1006.0</ele></trkpt><trkpt lat="34.9945" lon="-83.28145"><ele>1005.0</ele></trkpt><trkpt lat="34.99465" lon="-83.28134"><ele>1002.1839923101651</ele></trkpt><trkpt lat="34.99484" lon="-83.28141"><ele>1000.4749973875865</ele></trkpt><trkpt lat="34.99501" lon="-83.28154"><ele>999.680683338371</ele></trkpt><trkpt lat="34.99524" lon="-83.28179999999998"><ele>1002.1182673172929</ele></trkpt><trkpt lat="34.995356434871965" lon="-83.28186269570028"><ele>1003.78579219083</ele></trkpt><trkpt lat="34.99537" lon="-83.28187000000003"><ele>1004.2235173247755</ele></trkpt><trkpt lat="34.99537" lon="-83.28187000000003"><ele>1004.2235173247755</ele></trkpt><trkpt lat="34.99545" lon="-83.28185000000002"><ele>1006.77860193236</ele></trkpt><trkpt lat="34.99554" lon="-83.28172"><ele>1007.0</ele></trkpt><trkpt lat="34.99565" lon="-83.28176000000002"><ele>1006.6708134869114</ele></trkpt><trkpt lat="34.99571" lon="-83.28188"><ele>1008.5843164445832</ele></trkpt><trkpt lat="34.99571" lon="-83.28188"><ele>1008.5843164445832</ele></trkpt><trkpt lat="34.99587" lon="-83.28192999999999"><ele>1008.0</ele></trkpt><trkpt lat="34.99596" lon="-83.28190999999998"><ele>1007.0</ele></trkpt><trkpt lat="34.99604" lon="-83.28183000000001"><ele>1006.4538338512255</ele></trkpt><trkpt lat="34.99608" lon="-83.28172"><ele>1006.0</ele></trkpt><trkpt lat="34.99608" lon="-83.28172"><ele>1006.0</ele></trkpt><trkpt lat="34.9963" lon="-83.28151000000003"><ele>1010.1305884756148</ele></trkpt><trkpt lat="34.99655" lon="-83.28145"><ele>1015.3530219625682</ele></trkpt><trkpt lat="34.99681" lon="-83.28145"><ele>1019.0</ele></trkpt><trkpt lat="34.99681" lon="-83.28145"><ele>1019.0</ele></trkpt><trkpt lat="34.99735" lon="-83.28158000000002"><ele>1018.4346702229232</ele></trkpt><trkpt lat="34.99812" lon="-83.28197999999998"><ele>1038.0760213322937</ele></trkpt><trkpt lat="34.99865" lon="-83.28210000000001"><ele>1041.0</ele></trkpt><trkpt lat="34.99906" lon="-83.28233999999998"><ele>1045.0</ele></trkpt><trkpt lat="34.99916" lon="-83.28230000000002"><ele>1046.8378222100437</ele></trkpt><trkpt lat="34.99926" lon="-83.28213"><ele>1049.5269892178476</ele></trkpt><trkpt lat="34.999627772163706" lon="-83.28134475673153"><ele>1056.4502216242254</ele></trkpt><trkpt lat="34.999637808546716" lon="-83.28133219145627"><ele>1057.0212111659348</ele></trkpt><trkpt lat="34.9997" lon="-83.28127"><ele>1059.5524829378703</ele></trkpt><trkpt lat="34.99983" lon="-83.28125"><ele>1062.9578531523935</ele></trkpt><trkpt lat="35.00063" lon="-83.28131000000002"><ele>1069.9304334944695</ele></trkpt><trkpt lat="35.00117" lon="-83.28143"><ele>1061.2527498686686</ele></trkpt><trkpt lat="35.00171" lon="-83.28167000000002"><ele>1062.6289742235094</ele></trkpt><trkpt lat="35.00233" lon="-83.28223000000003"><ele>1085.9146653749049</ele></trkpt><trkpt lat="35.00259" lon="-83.28259000000003"><ele>1103.5040817791596</ele></trkpt><trkpt lat="35.00273" lon="-83.28264000000001"><ele>1103.8888596715406</ele></trkpt><trkpt lat="35.0029" lon="-83.28246999999999"><ele>1108.5290774758905</ele></trkpt><trkpt lat="35.00349" lon="-83.28163999999998"><ele>1093.230872888118</ele></trkpt><trkpt lat="35.00418" lon="-83.28109999999998"><ele>1104.5861976503143</ele></trkpt><trkpt lat="35.00431995541912" lon="-83.28090406241324"><ele>1092.3390760133043</ele></trkpt><trkpt lat="35.00432403496288" lon="-83.28089835149063"><ele>1092.3050342863426</ele></trkpt><trkpt lat="35.00468" lon="-83.28039999999999"><ele>1095.8902423735708</ele></trkpt><trkpt lat="35.00475" lon="-83.27987999999999"><ele>1085.8994762909513</ele></trkpt><trkpt lat="35.00508" lon="-83.27926000000002"><ele>1091.6484874542803</ele></trkpt><trkpt lat="35.00518" lon="-83.27884"><ele>1097.1669000069028</ele></trkpt><trkpt lat="35.00544" lon="-83.27877999999998"><ele>1105.8976022316112</ele></trkpt><trkpt lat="35.00555" lon="-83.27895000000001"><ele>1112.8677866673097</ele></trkpt><trkpt lat="35.00583" lon="-83.27899000000002"><ele>1108.7319217789918</ele></trkpt><trkpt lat="35.00626" lon="-83.27909999999997"><ele>1116.8279622582825</ele></trkpt><trkpt lat="35.00648" lon="-83.27909"><ele>1118.3922595558688</ele></trkpt><trkpt lat="35.00678" lon="-83.27877999999998"><ele>1114.9656082317983</ele></trkpt><trkpt lat="35.00707" lon="-83.27834999999999"><ele>1116.7781705744565</ele></trkpt><trkpt lat="35.00743" lon="-83.27798999999999"><ele>1102.4382808415253</ele></trkpt><trkpt lat="35.007887075317214" lon="-83.27808456730702"><ele>1102.3418365413659</ele></trkpt><trkpt lat="35.00789210212992" lon="-83.27808560709889"><ele>1102.2056806938833</ele></trkpt><trkpt lat="35.0083" lon="-83.27816999999999"><ele>1086.2178421775948</ele></trkpt><trkpt lat="35.00881" lon="-83.27884"><ele>1065.0930625948122</ele></trkpt><trkpt lat="35.0093" lon="-83.27930000000003"><ele>1061.4242160497233</ele></trkpt><trkpt lat="35.00963" lon="-83.27983999999998"><ele>1060.468642609194</ele></trkpt><trkpt lat="35.01002" lon="-83.28021999999999"><ele>1057.0150339165662</ele></trkpt><trkpt lat="35.01068" lon="-83.28097000000002"><ele>1050.0047881032438</ele></trkpt><trkpt lat="35.011" lon="-83.28127999999998"><ele>1045.7358290549716</ele></trkpt><trkpt lat="35.01115794435247" lon="-83.28149613437705"><ele>1043.0557014849037</ele></trkpt><trkpt lat="35.01116498304244" lon="-83.28150576544738"><ele>1043.104040561244</ele></trkpt><trkpt lat="35.01176" lon="-83.28232000000003"><ele>1055.9211697792634</ele></trkpt><trkpt lat="35.012" lon="-83.2826"><ele>1059.988532053561</ele></trkpt><trkpt lat="35.012" lon="-83.2826"><ele>1059.988532053561</ele></trkpt><trkpt lat="35.01213" lon="-83.28271000000001"><ele>1058.2191776558757</ele></trkpt><trkpt lat="35.01244" lon="-83.28318000000002"><ele>1038.5800156705081</ele></trkpt><trkpt lat="35.01279" lon="-83.2833"><ele>1034.1987216646257</ele></trkpt><trkpt lat="35.01324" lon="-83.28354000000002"><ele>1040.823167445237</ele></trkpt><trkpt lat="35.01373" lon="-83.28336999999999"><ele>1034.703227998235</ele></trkpt><trkpt lat="35.01396" lon="-83.28318999999999"><ele>1040.3762954017147</ele></trkpt><trkpt lat="35.01526" lon="-83.28345000000002"><ele>1009.582986666821</ele></trkpt><trkpt lat="35.0156" lon="-83.28377999999998"><ele>1013.740543097273</ele></trkpt><trkpt lat="35.01634" lon="-83.28393"><ele>1005.9526079995558</ele></trkpt><trkpt lat="35.01761" lon="-83.28390999999999"><ele>992.0205404441804</ele></trkpt><trkpt lat="35.01764015671145" lon="-83.28393638712254"><ele>992.4197235318547</ele></trkpt><trkpt lat="35.01764733719589" lon="-83.28394266998998"><ele>992.6888788394771</ele></trkpt><trkpt lat="35.01793" lon="-83.28418999999997"><ele>999.2531589632854</ele></trkpt><trkpt lat="35.01864" lon="-83.28448000000003"><ele>1003.2598643157321</ele></trkpt><trkpt lat="35.01886" lon="-83.28449999999998"><ele>1010.737990969792</ele></trkpt><trkpt lat="35.0193" lon="-83.28427999999997"><ele>1033.0</ele></trkpt><trkpt lat="35.01985" lon="-83.28412000000003"><ele>1021.7470152407966</ele></trkpt><trkpt lat="35.02013" lon="-83.28399000000002"><ele>1011.7425716432288</ele></trkpt><trkpt lat="35.0204" lon="-83.28408000000002"><ele>1006.5912977453172</ele></trkpt><trkpt lat="35.02055" lon="-83.28494999999998"><ele>1024.9534162413486</ele></trkpt><trkpt lat="35.02062" lon="-83.28494"><ele>1024.0023678874709</ele></trkpt><trkpt lat="35.02092" lon="-83.28442999999999"><ele>1022.9644646253437</ele></trkpt><trkpt lat="35.02121" lon="-83.28388999999999"><ele>1028.5559306675568</ele></trkpt><trkpt lat="35.02138" lon="-83.28341"><ele>1026.860504948534</ele></trkpt><trkpt lat="35.02146" lon="-83.28276"><ele>1030.6942229941487</ele></trkpt><trkpt lat="35.02144" lon="-83.28253999999998"><ele>1026.5560801774263</ele></trkpt><trkpt lat="35.02146" lon="-83.28246999999999"><ele>1027.6942229941487</ele></trkpt><trkpt lat="35.02162" lon="-83.28239000000002"><ele>1030.3472348902767</ele></trkpt><trkpt lat="35.02162" lon="-83.28239000000002"><ele>1030.3472348902767</ele></trkpt><trkpt lat="35.02162" lon="-83.28239000000002"><ele>1030.3472348902767</ele></trkpt><trkpt lat="35.02182" lon="-83.2824"><ele>1023.8191586732864</ele></trkpt><trkpt lat="35.02186" lon="-83.28242"><ele>1022.8086912752283</ele></trkpt><trkpt lat="35.02228" lon="-83.28305999999998"><ele>1027.2615939723237</ele></trkpt><trkpt lat="35.02281" lon="-83.28433999999999"><ele>1006.5116598528782</ele></trkpt><trkpt lat="35.02306" lon="-83.28458"><ele>1010.9913540519774</ele></trkpt><trkpt lat="35.02344" lon="-83.28476"><ele>1020.6334115564823</ele></trkpt><trkpt lat="35.02371" lon="-83.28508"><ele>1022.6901830495644</ele></trkpt><trkpt lat="35.02401" lon="-83.28526"><ele>1029.9351004445925</ele></trkpt><trkpt lat="35.02423" lon="-83.28562999999997"><ele>1035.0270075257868</ele></trkpt><trkpt lat="35.02471" lon="-83.28601000000003"><ele>1031.2415042137727</ele></trkpt><trkpt lat="35.02496" lon="-83.28616999999997"><ele>1024.4706703796983</ele></trkpt><trkpt lat="35.02527" lon="-83.28616"><ele>1020.9409600651065</ele></trkpt><trkpt lat="35.02547" lon="-83.28598999999997"><ele>1026.9419160513207</ele></trkpt><trkpt lat="35.02551" lon="-83.28591"><ele>1029.9465843960643</ele></trkpt><trkpt lat="35.02551" lon="-83.28591"><ele>1029.9465843960643</ele></trkpt><trkpt lat="35.02551" lon="-83.28591"><ele>1029.9465843960643</ele></trkpt><trkpt lat="35.02528" lon="-83.28409999999997"><ele>1038.0</ele></trkpt><trkpt lat="35.02537" lon="-83.28343000000001"><ele>1048.2064918410033</ele></trkpt><trkpt lat="35.02559" lon="-83.28226000000001"><ele>1049.7266799826175</ele></trkpt><trkpt lat="35.02562" lon="-83.28226999999998"><ele>1051.4339809790254</ele></trkpt><trkpt lat="35.02578" lon="-83.28255999999999"><ele>1056.4824101447543</ele></trkpt><trkpt lat="35.02585" lon="-83.28233999999998"><ele>1064.5233094133437</ele></trkpt><trkpt lat="35.02589" lon="-83.28228999999999"><ele>1065.9044792500395</ele></trkpt><trkpt lat="35.02596" lon="-83.28235000000001"><ele>1069.2501284930124</ele></trkpt><trkpt lat="35.02604" lon="-83.28235999999998"><ele>1071.7853048881516</ele></trkpt><trkpt lat="35.02627" lon="-83.28223000000003"><ele>1070.8793879244477</ele></trkpt><trkpt lat="35.02647846221509" lon="-83.28206466789834"><ele>1072.6223819069564</ele></trkpt><trkpt lat="35.02648052331265" lon="-83.28206303331598"><ele>1072.7368701312641</ele></trkpt><trkpt lat="35.02656" lon="-83.28199999999998"><ele>1074.0075204775246</ele></trkpt><trkpt lat="35.02693" lon="-83.28179"><ele>1076.2081149630249</ele></trkpt><trkpt lat="35.02705" lon="-83.28161999999998"><ele>1072.1698241422453</ele></trkpt><trkpt lat="35.02712" lon="-83.28156999999999"><ele>1071.7684659771621</ele></trkpt><trkpt lat="35.02733" lon="-83.28156000000001"><ele>1079.2537759998813</ele></trkpt><trkpt lat="35.0274" lon="-83.28160000000003"><ele>1082.0</ele></trkpt><trkpt lat="35.02751" lon="-83.28178000000003"><ele>1087.755345779471</ele></trkpt><trkpt lat="35.02772" lon="-83.28230000000002"><ele>1094.0</ele></trkpt><trkpt lat="35.02784" lon="-83.28264999999999"><ele>1098.4570254574758</ele></trkpt><trkpt lat="35.02799" lon="-83.28298999999998"><ele>1102.0</ele></trkpt><trkpt lat="35.02813" lon="-83.28339"><ele>1109.0</ele></trkpt><trkpt lat="35.02822" lon="-83.28350999999998"><ele>1111.7501563754286</ele></trkpt><trkpt lat="35.0284" lon="-83.28354999999999"><ele>1113.2433244446293</ele></trkpt><trkpt lat="35.02846" lon="-83.28354999999999"><ele>1113.2897179739693</ele></trkpt><trkpt lat="35.02848" lon="-83.28352000000001"><ele>1113.368219566548</ele></trkpt><trkpt lat="35.02852" lon="-83.28332999999998"><ele>1115.4760348144919</ele></trkpt><trkpt lat="35.02866" lon="-83.28307000000001"><ele>1117.513985518565</ele></trkpt><trkpt lat="35.02863" lon="-83.28291999999999"><ele>1119.0</ele></trkpt><trkpt lat="35.02867" lon="-83.28287999999998"><ele>1120.0</ele></trkpt><trkpt lat="35.02889" lon="-83.28282999999999"><ele>1123.0</ele></trkpt><trkpt lat="35.02892" lon="-83.28253000000001"><ele>1120.240915544331</ele></trkpt><trkpt lat="35.02887" lon="-83.28217999999998"><ele>1124.395299360156</ele></trkpt><trkpt lat="35.02894" lon="-83.28213"><ele>1125.0</ele></trkpt><trkpt lat="35.02894" lon="-83.28213"><ele>1125.0</ele></trkpt><trkpt lat="35.02913" lon="-83.28230000000002"><ele>1127.9912002904982</ele></trkpt><trkpt lat="35.02913" lon="-83.28230000000002"><ele>1127.9912002904982</ele></trkpt><trkpt lat="35.02918" lon="-83.28233"><ele>1129.0381477586925</ele></trkpt><trkpt lat="35.02918" lon="-83.28233"><ele>1129.0381477586925</ele></trkpt><trkpt lat="35.02924" lon="-83.28235000000001"><ele>1132.3083023428815</ele></trkpt><trkpt lat="35.02924" lon="-83.28235000000001"><ele>1132.3083023428815</ele></trkpt><trkpt lat="35.02935" lon="-83.28253000000001"><ele>1133.71328657493</ele></trkpt><trkpt lat="35.02944" lon="-83.28282999999999"><ele>1138.8354270402342</ele></trkpt><trkpt lat="35.02962" lon="-83.28298000000001"><ele>1145.7049589807177</ele></trkpt><trkpt lat="35.02964" lon="-83.28304000000003"><ele>1147.1036724338098</ele></trkpt><trkpt lat="35.02963" lon="-83.28313000000003"><ele>1151.3398115597665</ele></trkpt><trkpt lat="35.02951" lon="-83.28319999999997"><ele>1154.7514601852745</ele></trkpt><trkpt lat="35.02948" lon="-83.28341"><ele>1156.8622578317595</ele></trkpt><trkpt lat="35.02941" lon="-83.28367000000003"><ele>1159.9637760361657</ele></trkpt><trkpt lat="35.02937" lon="-83.28399999999999"><ele>1164.851539524272</ele></trkpt><trkpt lat="35.02946" lon="-83.28418999999997"><ele>1167.9981712089314</ele></trkpt><trkpt lat="35.02962" lon="-83.28440999999998"><ele>1172.0797248836607</ele></trkpt><trkpt lat="35.02978" lon="-83.28442999999999"><ele>1174.792948003307</ele></trkpt><trkpt lat="35.03" lon="-83.28440999999998"><ele>1178.3844206435606</ele></trkpt><trkpt lat="35.03" lon="-83.28440999999998"><ele>1178.3844206435606</ele></trkpt><trkpt lat="35.0304" lon="-83.28436999999997"><ele>1181.7976543673362</ele></trkpt><trkpt lat="35.03048" lon="-83.28439000000003"><ele>1185.050029721111</ele></trkpt><trkpt lat="35.03047" lon="-83.28444999999999"><ele>1186.4558806233108</ele></trkpt><trkpt lat="35.03052" lon="-83.28453000000002"><ele>1188.301552509889</ele></trkpt><trkpt lat="35.03064" lon="-83.28465"><ele>1191.1311721429229</ele></trkpt><trkpt lat="35.03071" lon="-83.28480000000002"><ele>1195.1723999031824</ele></trkpt><trkpt lat="35.0307" lon="-83.28484000000003"><ele>1195.5459857173264</ele></trkpt><trkpt lat="35.03073" lon="-83.28494999999998"><ele>1197.1297239296878</ele></trkpt><trkpt lat="35.03102" lon="-83.28523000000001"><ele>1205.7583671268076</ele></trkpt><trkpt lat="35.03114" lon="-83.28550999999999"><ele>1206.5880285371095</ele></trkpt><trkpt lat="35.03114" lon="-83.28568000000001"><ele>1210.0</ele></trkpt><trkpt lat="35.03127" lon="-83.28579000000002"><ele>1212.9868397153914</ele></trkpt><trkpt lat="35.03137" lon="-83.28593000000001"><ele>1215.9487233318118</ele></trkpt><trkpt lat="35.03147" lon="-83.28618"><ele>1220.3696491234004</ele></trkpt><trkpt lat="35.03151" lon="-83.28652"><ele>1224.6462143473327</ele></trkpt><trkpt lat="35.03155" lon="-83.28661"><ele>1225.9227806851268</ele></trkpt><trkpt lat="35.03158" lon="-83.28658000000001"><ele>1227.0</ele></trkpt><trkpt lat="35.03164" lon="-83.28636"><ele>1229.0450590215623</ele></trkpt><trkpt lat="35.03166" lon="-83.28619000000003"><ele>1230.1833438593894</ele></trkpt><trkpt lat="35.03163" lon="-83.28609"><ele>1229.475916704163</ele></trkpt><trkpt lat="35.03164" lon="-83.28598"><ele>1230.0450590215623</ele></trkpt><trkpt lat="35.03167" lon="-83.28588000000002"><ele>1230.9577233548225</ele></trkpt><trkpt lat="35.03172" lon="-83.28582"><ele>1232.6114562353055</ele></trkpt><trkpt lat="35.03178" lon="-83.28611999999998"><ele>1236.0130587518215</ele></trkpt><trkpt lat="35.03177" lon="-83.28634999999997"><ele>1235.7692088173405</ele></trkpt><trkpt lat="35.03174" lon="-83.28649999999999"><ele>1235.7364860065281</ele></trkpt><trkpt lat="35.03175" lon="-83.28692000000001"><ele>1238.0</ele></trkpt><trkpt lat="35.03179" lon="-83.28694000000002"><ele>1239.5822021123022</ele></trkpt><trkpt lat="35.03186" lon="-83.28692000000001"><ele>1241.566207582131</ele></trkpt><trkpt lat="35.03191" lon="-83.28685999999999"><ele>1243.7062608447527</ele></trkpt><trkpt lat="35.03196" lon="-83.28642000000002"><ele>1247.2576498910785</ele></trkpt><trkpt lat="35.03205" lon="-83.28616999999997"><ele>1249.3799539208412</ele></trkpt><trkpt lat="35.03214" lon="-83.28609"><ele>1251.6159040005878</ele></trkpt><trkpt lat="35.03246" lon="-83.28602000000001"><ele>1253.3536675563082</ele></trkpt><trkpt lat="35.03254" lon="-83.28611999999998"><ele>1255.01024976602</ele></trkpt><trkpt lat="35.03253" lon="-83.28634999999997"><ele>1262.0</ele></trkpt><trkpt lat="35.03248" lon="-83.28649000000001"><ele>1264.0</ele></trkpt><trkpt lat="35.03253" lon="-83.2867"><ele>1266.712237136001</ele></trkpt><trkpt lat="35.03258" lon="-83.28676999999999"><ele>1268.1668022069466</ele></trkpt><trkpt lat="35.03265" lon="-83.28676000000002"><ele>1269.4442733166716</ele></trkpt><trkpt lat="35.03285" lon="-83.28682000000003"><ele>1272.0</ele></trkpt><trkpt lat="35.03289" lon="-83.28685000000002"><ele>1272.034471111372</ele></trkpt><trkpt lat="35.03308" lon="-83.28719000000001"><ele>1275.8796195555478</ele></trkpt><trkpt lat="35.0332" lon="-83.28728000000001"><ele>1275.2293996989317</ele></trkpt><trkpt lat="35.03325" lon="-83.28742"><ele>1277.1927554625713</ele></trkpt><trkpt lat="35.03339" lon="-83.28748999999999"><ele>1278.8606328889728</ele></trkpt><trkpt lat="35.0336" lon="-83.28746999999998"><ele>1283.5268626734614</ele></trkpt><trkpt lat="35.03367" lon="-83.28737999999998"><ele>1285.3166523789987</ele></trkpt><trkpt lat="35.03371" lon="-83.28726"><ele>1285.8590175509453</ele></trkpt><trkpt lat="35.03375061467379" lon="-83.28721667768127"><ele>1287.1706297658384</ele></trkpt><trkpt lat="35.03375605968614" lon="-83.28721086969938"><ele>1287.4095218659145</ele></trkpt><trkpt lat="35.03386" lon="-83.28710000000001"><ele>1290.081692433916</ele></trkpt><trkpt lat="35.03404" lon="-83.28703000000002"><ele>1294.7930173722573</ele></trkpt><trkpt lat="35.03412" lon="-83.28708"><ele>1298.0</ele></trkpt><trkpt lat="35.0342" lon="-83.28726"><ele>1300.0</ele></trkpt><trkpt lat="35.0343" lon="-83.28733999999997"><ele>1301.0</ele></trkpt><trkpt lat="35.03444" lon="-83.28733"><ele>1304.164727086364</ele></trkpt><trkpt lat="35.03487" lon="-83.28764000000001"><ele>1312.0</ele></trkpt><trkpt lat="35.03491" lon="-83.28764000000001"><ele>1313.0</ele></trkpt><trkpt lat="35.03494" lon="-83.28762"><ele>1313.865826593712</ele></trkpt><trkpt lat="35.03494" lon="-83.28754000000004"><ele>1314.8091982202604</ele></trkpt><trkpt lat="35.03478" lon="-83.28710999999998"><ele>1322.6442872622383</ele></trkpt><trkpt lat="35.03477" lon="-83.28679999999997"><ele>1327.2462162784784</ele></trkpt><trkpt lat="35.03469" lon="-83.28611999999998"><ele>1332.0</ele></trkpt><trkpt lat="35.03459" lon="-83.28577000000001"><ele>1332.2808567126053</ele></trkpt><trkpt lat="35.03448" lon="-83.28550000000001"><ele>1333.0</ele></trkpt><trkpt lat="35.0344" lon="-83.28521"><ele>1333.131000192836</ele></trkpt><trkpt lat="35.03437" lon="-83.28494999999998"><ele>1335.4235157910734</ele></trkpt><trkpt lat="35.03428" lon="-83.28472"><ele>1337.4623268059424</ele></trkpt><trkpt lat="35.03405" lon="-83.28390000000002"><ele>1343.5621547968453</ele></trkpt><trkpt lat="35.03396" lon="-83.28364999999997"><ele>1347.175822521516</ele></trkpt><trkpt lat="35.03393" lon="-83.28336000000002"><ele>1351.759204580566</ele></trkpt><trkpt lat="35.03398" lon="-83.28316999999998"><ele>1354.2262756191194</ele></trkpt><trkpt lat="35.03411" lon="-83.28305999999998"><ele>1358.6253439057618</ele></trkpt><trkpt lat="35.03435" lon="-83.28277000000003"><ele>1365.2851932048798</ele></trkpt><trkpt lat="35.03437" lon="-83.28269"><ele>1366.0</ele></trkpt><trkpt lat="35.03448" lon="-83.28253999999998"><ele>1367.6842949930578</ele></trkpt><trkpt lat="35.03466" lon="-83.28239000000002"><ele>1371.0</ele></trkpt><trkpt lat="35.03479" lon="-83.28233"><ele>1374.0</ele></trkpt><trkpt lat="35.03501" lon="-83.28210999999999"><ele>1379.0</ele></trkpt><trkpt lat="35.03513" lon="-83.28190000000001"><ele>1381.679980482906</ele></trkpt><trkpt lat="35.03528" lon="-83.28174999999999"><ele>1384.1397917186273</ele></trkpt><trkpt lat="35.03541" lon="-83.28145999999998"><ele>1388.6166741419584</ele></trkpt><trkpt lat="35.03546" lon="-83.28091"><ele>1392.4625180419534</ele></trkpt><trkpt lat="35.0357" lon="-83.27981"><ele>1396.1225929986686</ele></trkpt><trkpt lat="35.0357" lon="-83.27981"><ele>1396.1225929986686</ele></trkpt><trkpt lat="35.0357" lon="-83.27981"><ele>1396.1225929986686</ele></trkpt><trkpt lat="35.03582" lon="-83.27994999999999"><ele>1398.4488526970713</ele></trkpt><trkpt lat="35.0359" lon="-83.28012000000001"><ele>1401.1992394208426</ele></trkpt><trkpt lat="35.03593" lon="-83.28028"><ele>1403.2135358136147</ele></trkpt><trkpt lat="35.0361" lon="-83.28055999999998"><ele>1407.0</ele></trkpt><trkpt lat="35.03637" lon="-83.28078"><ele>1409.0</ele></trkpt><trkpt lat="35.0364" lon="-83.28088000000002"><ele>1408.0</ele></trkpt><trkpt lat="35.03656" lon="-83.28105"><ele>1407.0</ele></trkpt><trkpt lat="35.03683" lon="-83.28127"><ele>1406.005437394395</ele></trkpt><trkpt lat="35.03708" lon="-83.28176000000002"><ele>1403.0</ele></trkpt><trkpt lat="35.03734" lon="-83.28253000000001"><ele>1406.0</ele></trkpt><trkpt lat="35.03748" lon="-83.28273999999999"><ele>1409.0</ele></trkpt><trkpt lat="35.03771" lon="-83.28298999999998"><ele>1413.1454328885302</ele></trkpt><trkpt lat="35.03787" lon="-83.28323999999998"><ele>1415.0</ele></trkpt><trkpt lat="35.03784" lon="-83.2833"><ele>1416.0</ele></trkpt><trkpt lat="35.03779" lon="-83.28334000000001"><ele>1416.9561080784858</ele></trkpt><trkpt lat="35.03678" lon="-83.28354999999999"><ele>1432.2433244446293</ele></trkpt><trkpt lat="35.03652" lon="-83.28372999999999"><ele>1438.134204023512</ele></trkpt><trkpt lat="35.03644" lon="-83.28375"><ele>1437.0</ele></trkpt><trkpt lat="35.0363" lon="-83.28395"><ele>1439.9161540448144</ele></trkpt><trkpt lat="35.03609" lon="-83.28413"><ele>1441.2732835561037</ele></trkpt><trkpt lat="35.03605" lon="-83.28422"><ele>1442.511195112951</ele></trkpt><trkpt lat="35.036" lon="-83.28444999999999"><ele>1444.197743114084</ele></trkpt><trkpt lat="35.03613" lon="-83.28472"><ele>1448.0</ele></trkpt><trkpt lat="35.03619" lon="-83.28490999999997"><ele>1448.0045269999387</ele></trkpt><trkpt lat="35.03632" lon="-83.28496000000001"><ele>1451.0</ele></trkpt><trkpt lat="35.03637" lon="-83.28496000000001"><ele>1452.0118079339668</ele></trkpt><trkpt lat="35.03656" lon="-83.28484000000003"><ele>1457.0</ele></trkpt><trkpt lat="35.03661" lon="-83.28487000000001"><ele>1457.220376973698</ele></trkpt><trkpt lat="35.03667" lon="-83.28496999999999"><ele>1458.0</ele></trkpt><trkpt lat="35.03672" lon="-83.28499999999997"><ele>1458.0324217296377</ele></trkpt><trkpt lat="35.03684" lon="-83.28523999999999"><ele>1460.0084711531529</ele></trkpt><trkpt lat="35.03704" lon="-83.28546"><ele>1462.0</ele></trkpt><trkpt lat="35.03711" lon="-83.28559000000001"><ele>1463.0</ele></trkpt><trkpt lat="35.03724" lon="-83.28574000000003"><ele>1464.0</ele></trkpt><trkpt lat="35.03729" lon="-83.28591"><ele>1463.0</ele></trkpt><trkpt lat="35.03735" lon="-83.28595999999999"><ele>1462.4425351116806</ele></trkpt><trkpt lat="35.03738" lon="-83.28604999999999"><ele>1462.0</ele></trkpt><trkpt lat="35.03749" lon="-83.28607"><ele>1461.996409271838</ele></trkpt><trkpt lat="35.03759" lon="-83.28615000000002"><ele>1460.0</ele></trkpt><trkpt lat="35.03767" lon="-83.28631000000001"><ele>1456.7494421694428</ele></trkpt><trkpt lat="35.03775" lon="-83.28637000000003"><ele>1453.465437614889</ele></trkpt><trkpt lat="35.03797" lon="-83.28667999999999"><ele>1445.888103111647</ele></trkpt><trkpt lat="35.03808" lon="-83.28691000000003"><ele>1443.0</ele></trkpt><trkpt lat="35.03831899395465" lon="-83.28718882628044"><ele>1440.0</ele></trkpt><trkpt lat="35.03832704969732" lon="-83.28719822455349"><ele>1439.8293839540306</ele></trkpt><trkpt lat="35.03838" lon="-83.28726"><ele>1438.8581440001726</ele></trkpt><trkpt lat="35.03843" lon="-83.28745000000004"><ele>1436.0035022199154</ele></trkpt><trkpt lat="35.03849" lon="-83.28755999999998"><ele>1435.0</ele></trkpt><trkpt lat="35.03874" lon="-83.28793999999999"><ele>1432.0</ele></trkpt><trkpt lat="35.03879" lon="-83.28800000000001"><ele>1431.0</ele></trkpt><trkpt lat="35.03885" lon="-83.28802999999999"><ele>1431.0</ele></trkpt><trkpt lat="35.03898" lon="-83.28825"><ele>1429.0</ele></trkpt><trkpt lat="35.03915" lon="-83.28827000000001"><ele>1428.509395847097</ele></trkpt><trkpt lat="35.03932" lon="-83.28841"><ele>1426.8330766092986</ele></trkpt><trkpt lat="35.03937" lon="-83.28859"><ele>1425.0</ele></trkpt><trkpt lat="35.03947" lon="-83.28863999999999"><ele>1424.0</ele></trkpt><trkpt lat="35.0396" lon="-83.28879999999998"><ele>1422.0</ele></trkpt><trkpt lat="35.0396" lon="-83.28879999999998"><ele>1422.0</ele></trkpt><trkpt lat="35.0397" lon="-83.28919000000002"><ele>1415.6412500537638</ele></trkpt><trkpt lat="35.0399" lon="-83.28926000000001"><ele>1413.6513884440064</ele></trkpt><trkpt lat="35.04011" lon="-83.28944999999999"><ele>1407.823903800088</ele></trkpt><trkpt lat="35.04016" lon="-83.28946000000002"><ele>1408.0</ele></trkpt><trkpt lat="35.04024" lon="-83.28942999999998"><ele>1408.72881422285</ele></trkpt><trkpt lat="35.04037" lon="-83.28929"><ele>1409.0170029739795</ele></trkpt><trkpt lat="35.04041" lon="-83.28912000000003"><ele>1408.0</ele></trkpt><trkpt lat="35.04047" lon="-83.28856000000002"><ele>1401.375094205141</ele></trkpt><trkpt lat="35.04061" lon="-83.28861"><ele>1398.0</ele></trkpt><trkpt lat="35.04063" lon="-83.28841"><ele>1396.1970486882747</ele></trkpt><trkpt lat="35.0406" lon="-83.28818000000001"><ele>1394.0</ele></trkpt><trkpt lat="35.04084" lon="-83.28818999999999"><ele>1388.151904578452</ele></trkpt><trkpt lat="35.04114" lon="-83.28836999999999"><ele>1383.0</ele></trkpt><trkpt lat="35.04128" lon="-83.28849000000002"><ele>1381.0</ele></trkpt><trkpt lat="35.04146" lon="-83.28850999999997"><ele>1378.0</ele></trkpt><trkpt lat="35.04167" lon="-83.28859"><ele>1376.0</ele></trkpt><trkpt lat="35.04196" lon="-83.28856000000002"><ele>1373.0</ele></trkpt><trkpt lat="35.04212" lon="-83.28861"><ele>1373.0</ele></trkpt><trkpt lat="35.04227" lon="-83.28854999999999"><ele>1370.9387989876152</ele></trkpt><trkpt lat="35.04244" lon="-83.28840000000002"><ele>1368.0</ele></trkpt><trkpt lat="35.04249" lon="-83.28813000000002"><ele>1363.6867946675047</ele></trkpt><trkpt lat="35.04251" lon="-83.28807999999998"><ele>1362.8352585140215</ele></trkpt><trkpt lat="35.04259" lon="-83.28802999999999"><ele>1362.0078759029818</ele></trkpt><trkpt lat="35.0426" lon="-83.28791000000001"><ele>1359.0</ele></trkpt><trkpt lat="35.04266" lon="-83.28775000000002"><ele>1354.977511111647</ele></trkpt><trkpt lat="35.04285" lon="-83.28742"><ele>1348.058281374044</ele></trkpt><trkpt lat="35.04325" lon="-83.28721000000002"><ele>1346.8116871118546</ele></trkpt><trkpt lat="35.0435" lon="-83.28714000000002"><ele>1345.0</ele></trkpt><trkpt lat="35.04348" lon="-83.28700000000003"><ele>1340.024977779016</ele></trkpt><trkpt lat="35.04342" lon="-83.2869"><ele>1337.3646400002763</ele></trkpt><trkpt lat="35.04325" lon="-83.28681"><ele>1335.1703360006213</ele></trkpt><trkpt lat="35.04344" lon="-83.28667000000002"><ele>1332.0</ele></trkpt><trkpt lat="35.04359" lon="-83.28658999999999"><ele>1329.917592888698</ele></trkpt><trkpt lat="35.04360718656805" lon="-83.2865556268639"><ele>1328.451320778409</ele></trkpt><trkpt lat="35.04361349390711" lon="-83.28654301222213"><ele>1328.4055557764518</ele></trkpt><trkpt lat="35.04374" lon="-83.28629000000001"><ele>1318.9365795562044</ele></trkpt><trkpt lat="35.04385" lon="-83.28618"><ele>1316.0</ele></trkpt><trkpt lat="35.04398" lon="-83.28611000000001"><ele>1313.5479715559632</ele></trkpt><trkpt lat="35.0443" lon="-83.286"><ele>1309.0</ele></trkpt><trkpt lat="35.04519" lon="-83.28556000000003"><ele>1294.0</ele></trkpt><trkpt lat="35.04534" lon="-83.28548"><ele>1292.8430672055274</ele></trkpt><trkpt lat="35.0455" lon="-83.28532999999999"><ele>1291.0</ele></trkpt><trkpt lat="35.0463" lon="-83.28485999999998"><ele>1288.0</ele></trkpt><trkpt lat="35.04642" lon="-83.28476999999998"><ele>1287.068266113222</ele></trkpt><trkpt lat="35.0467" lon="-83.28429"><ele>1278.798023786274</ele></trkpt><trkpt lat="35.04676" lon="-83.28426000000002"><ele>1279.778073172483</ele></trkpt><trkpt lat="35.04713" lon="-83.28418999999997"><ele>1278.26987606287</ele></trkpt><trkpt lat="35.04721" lon="-83.28422999999998"><ele>1276.7347318178922</ele></trkpt><trkpt lat="35.04726" lon="-83.28426999999999"><ele>1275.1758743974224</ele></trkpt><trkpt lat="35.04729" lon="-83.28449"><ele>1273.161863008514</ele></trkpt><trkpt lat="35.04733" lon="-83.28456"><ele>1272.0</ele></trkpt><trkpt lat="35.04743" lon="-83.28460000000001"><ele>1268.8571477389441</ele></trkpt><trkpt lat="35.04779" lon="-83.28449999999998"><ele>1261.699207227677</ele></trkpt><trkpt lat="35.04786" lon="-83.28426999999999"><ele>1261.1444871477515</ele></trkpt><trkpt lat="35.04799" lon="-83.28426000000002"><ele>1258.7724701387785</ele></trkpt><trkpt lat="35.04799" lon="-83.28426000000002"><ele>1258.7724701387785</ele></trkpt><trkpt lat="35.04821" lon="-83.28433999999999"><ele>1254.0</ele></trkpt><trkpt lat="35.04846" lon="-83.28449999999998"><ele>1248.0</ele></trkpt><trkpt lat="35.04856" lon="-83.28449999999998"><ele>1247.0</ele></trkpt><trkpt lat="35.04867" lon="-83.28467999999998"><ele>1242.0948586678132</ele></trkpt><trkpt lat="35.04878" lon="-83.28469999999999"><ele>1240.1627911115065</ele></trkpt><trkpt lat="35.04887" lon="-83.2849"><ele>1234.8767358446366</ele></trkpt><trkpt lat="35.04935" lon="-83.28512999999998"><ele>1224.0</ele></trkpt><trkpt lat="35.04951" lon="-83.28526"><ele>1221.0</ele></trkpt><trkpt lat="35.04983" lon="-83.28544999999997"><ele>1221.0</ele></trkpt><trkpt lat="35.05002" lon="-83.28559999999999"><ele>1218.0</ele></trkpt><trkpt lat="35.05035" lon="-83.28570000000002"><ele>1217.0</ele></trkpt><trkpt lat="35.05052" lon="-83.28559000000001"><ele>1215.0911330240547</ele></trkpt><trkpt lat="35.05056" lon="-83.28561000000002"><ele>1214.2560340902128</ele></trkpt><trkpt lat="35.05064" lon="-83.28575999999998"><ele>1213.458742229268</ele></trkpt><trkpt lat="35.05064" lon="-83.28582"><ele>1213.0</ele></trkpt><trkpt lat="35.05059" lon="-83.28593000000001"><ele>1212.840636444278</ele></trkpt><trkpt lat="35.05067" lon="-83.286"><ele>1210.4343308262978</ele></trkpt><trkpt lat="35.05099" lon="-83.28609"><ele>1202.3840959994122</ele></trkpt><trkpt lat="35.05104" lon="-83.28607999999997"><ele>1201.9531951713386</ele></trkpt><trkpt lat="35.05119" lon="-83.28597000000002"><ele>1201.9765013316646</ele></trkpt><trkpt lat="35.05131" lon="-83.28583000000003"><ele>1200.1588987233524</ele></trkpt><trkpt lat="35.05151" lon="-83.28584999999998"><ele>1192.9315776713192</ele></trkpt><trkpt lat="35.05158" lon="-83.28629999999998"><ele>1185.9785046609034</ele></trkpt><trkpt lat="35.05151" lon="-83.28651000000002"><ele>1181.7552089018845</ele></trkpt><trkpt lat="35.05152" lon="-83.28655000000003"><ele>1179.9465422201902</ele></trkpt><trkpt lat="35.05165" lon="-83.28663"><ele>1175.21827199962</ele></trkpt><trkpt lat="35.05176" lon="-83.28658999999999"><ele>1174.057646761381</ele></trkpt><trkpt lat="35.0519" lon="-83.28649999999999"><ele>1171.006285131909</ele></trkpt><trkpt lat="35.05192" lon="-83.28651000000002"><ele>1170.0</ele></trkpt><trkpt lat="35.05196" lon="-83.28685999999999"><ele>1160.6565894513833</ele></trkpt><trkpt lat="35.05193" lon="-83.28694999999999"><ele>1158.3202845787623</ele></trkpt><trkpt lat="35.05176" lon="-83.28706"><ele>1157.1788195557892</ele></trkpt><trkpt lat="35.05148" lon="-83.28709000000003"><ele>1154.1412985045463</ele></trkpt><trkpt lat="35.05154" lon="-83.28721999999999"><ele>1148.4985441118479</ele></trkpt><trkpt lat="35.05158" lon="-83.28724999999997"><ele>1147.3241777792573</ele></trkpt><trkpt lat="35.05178" lon="-83.28728999999998"><ele>1147.4600426666439</ele></trkpt><trkpt lat="35.05201" lon="-83.28728999999998"><ele>1146.2150475222297</ele></trkpt><trkpt lat="35.05213" lon="-83.28737000000001"><ele>1141.9023745535642</ele></trkpt><trkpt lat="35.05226" lon="-83.28753"><ele>1135.2752319993451</ele></trkpt><trkpt lat="35.05248" lon="-83.28755000000001"><ele>1132.8101834133777</ele></trkpt><trkpt lat="35.05254" lon="-83.28771999999998"><ele>1129.4205902228132</ele></trkpt><trkpt lat="35.05276" lon="-83.28784000000002"><ele>1123.6384766215137</ele></trkpt><trkpt lat="35.05282" lon="-83.28789999999998"><ele>1122.0</ele></trkpt><trkpt lat="35.05279" lon="-83.28816"><ele>1116.0</ele></trkpt><trkpt lat="35.05283" lon="-83.28823"><ele>1115.1397745789013</ele></trkpt><trkpt lat="35.05305" lon="-83.28841"><ele>1109.4566631141536</ele></trkpt><trkpt lat="35.05311" lon="-83.28847999999999"><ele>1108.0</ele></trkpt><trkpt lat="35.053118868123036" lon="-83.28851103843061"><ele>1107.0</ele></trkpt><trkpt lat="35.053129076409455" lon="-83.28854676743265"><ele>1106.890435224399</ele></trkpt><trkpt lat="35.05313" lon="-83.28854999999999"><ele>1106.739786666818</ele></trkpt><trkpt lat="35.05312" lon="-83.28859"><ele>1105.8756515551358</ele></trkpt><trkpt lat="35.05297" lon="-83.28867000000002"><ele>1102.0</ele></trkpt><trkpt lat="35.05282" lon="-83.28859999999997"><ele>1102.4096177788451</ele></trkpt><trkpt lat="35.05282" lon="-83.28868999999997"><ele>1099.2153137782589</ele></trkpt><trkpt lat="35.05303" lon="-83.28911"><ele>1084.2418021075428</ele></trkpt><trkpt lat="35.05309" lon="-83.28928000000002"><ele>1073.7193208876997</ele></trkpt><trkpt lat="35.05325" lon="-83.28953999999999"><ele>1071.6024426668882</ele></trkpt><trkpt lat="35.05362" lon="-83.29002000000003"><ele>1065.3772195581478</ele></trkpt><trkpt lat="35.05398" lon="-83.29030999999998"><ele>1067.0</ele></trkpt><trkpt lat="35.05427" lon="-83.29066"><ele>1063.1925741974264</ele></trkpt><trkpt lat="35.05461" lon="-83.29097000000002"><ele>1071.5266500456441</ele></trkpt><trkpt lat="35.05496" lon="-83.29158000000001"><ele>1073.4744419064373</ele></trkpt><trkpt lat="35.05506" lon="-83.29163"><ele>1075.0337304130908</ele></trkpt><trkpt lat="35.05523" lon="-83.29161999999997"><ele>1083.8456978853792</ele></trkpt><trkpt lat="35.05534" lon="-83.29169999999999"><ele>1086.9457234518902</ele></trkpt><trkpt lat="35.05548" lon="-83.29173000000003"><ele>1088.0</ele></trkpt><trkpt lat="35.05552" lon="-83.29164000000003"><ele>1091.0</ele></trkpt><trkpt lat="35.05551" lon="-83.29158999999999"><ele>1092.8003136945863</ele></trkpt><trkpt lat="35.05542" lon="-83.29151999999999"><ele>1093.2171499586439</ele></trkpt><trkpt lat="35.05518" lon="-83.29106999999999"><ele>1095.2990248231067</ele></trkpt><trkpt lat="35.0549" lon="-83.2903"><ele>1101.2317119955471</ele></trkpt><trkpt lat="35.05491" lon="-83.29019"><ele>1103.6279186028987</ele></trkpt><trkpt lat="35.05505" lon="-83.29019"><ele>1108.7228491880937</ele></trkpt><trkpt lat="35.05532" lon="-83.29050999999998"><ele>1115.9694611728191</ele></trkpt><trkpt lat="35.05555" lon="-83.29059999999998"><ele>1124.2664107838646</ele></trkpt><trkpt lat="35.05576" lon="-83.29056000000003"><ele>1132.066997331567</ele></trkpt><trkpt lat="35.05599" lon="-83.29034000000001"><ele>1148.036197755487</ele></trkpt><trkpt lat="35.05622" lon="-83.29023000000001"><ele>1149.7996983012802</ele></trkpt><trkpt lat="35.05716" lon="-83.2903"><ele>1147.1838755551726</ele></trkpt><trkpt lat="35.05737" lon="-83.29037"><ele>1148.6005711238831</ele></trkpt><trkpt lat="35.05781" lon="-83.29021999999998"><ele>1154.9121457785368</ele></trkpt><trkpt lat="35.05792" lon="-83.29014000000001"><ele>1154.6486884122714</ele></trkpt><trkpt lat="35.05801" lon="-83.29003"><ele>1154.3292290447152</ele></trkpt><trkpt lat="35.05817" lon="-83.29002000000003"><ele>1148.1804630246831</ele></trkpt><trkpt lat="35.05873" lon="-83.28974"><ele>1139.9229194822058</ele></trkpt><trkpt lat="35.05885" lon="-83.28971999999999"><ele>1139.2138346675783</ele></trkpt><trkpt lat="35.05894" lon="-83.28976999999998"><ele>1136.8836657786742</ele></trkpt><trkpt lat="35.05902" lon="-83.28987000000001"><ele>1134.7032736369647</ele></trkpt><trkpt lat="35.05945" lon="-83.28996999999998"><ele>1144.5629902221262</ele></trkpt><trkpt lat="35.05959" lon="-83.28994"><ele>1144.961091555655</ele></trkpt><trkpt lat="35.05985898671807" lon="-83.28979410889866"><ele>1145.3756181783974</ele></trkpt><trkpt lat="35.0598679226318" lon="-83.28978926258947"><ele>1145.0927161155269</ele></trkpt><trkpt lat="35.06018" lon="-83.28962000000001"><ele>1144.8741724444553</ele></trkpt><trkpt lat="35.06032" lon="-83.28949999999998"><ele>1147.3013061564416</ele></trkpt><trkpt lat="35.06043" lon="-83.28949999999998"><ele>1142.5719598615542</ele></trkpt><trkpt lat="35.06059" lon="-83.28955000000002"><ele>1135.1328556797603</ele></trkpt><trkpt lat="35.06077" lon="-83.28946000000002"><ele>1136.661425774917</ele></trkpt><trkpt lat="35.06093" lon="-83.28948000000003"><ele>1131.7972906641662</ele></trkpt><trkpt lat="35.061" lon="-83.28953000000001"><ele>1127.0446958880093</ele></trkpt><trkpt lat="35.06107" lon="-83.28962999999999"><ele>1120.2112197789022</ele></trkpt><trkpt lat="35.06113" lon="-83.28965"><ele>1117.9521422218531</ele></trkpt><trkpt lat="35.06127" lon="-83.28962000000001"><ele>1120.8741724444553</ele></trkpt><trkpt lat="35.06198" lon="-83.28958999999998"><ele>1113.2722737789154</ele></trkpt><trkpt lat="35.0621" lon="-83.28969000000001"><ele>1109.6119360001758</ele></trkpt><trkpt lat="35.0626" lon="-83.28978000000001"><ele>1115.232334688826</ele></trkpt><trkpt lat="35.06309" lon="-83.28967999999998"><ele>1107.0779697783291</ele></trkpt><trkpt lat="35.06344" lon="-83.28947"><ele>1115.4958837560757</ele></trkpt><trkpt lat="35.06348" lon="-83.28937000000002"><ele>1120.264978228956</ele></trkpt><trkpt lat="35.06353" lon="-83.28933999999998"><ele>1120.5288268439472</ele></trkpt><trkpt lat="35.06399" lon="-83.28931"><ele>1112.3212195551023</ele></trkpt><trkpt lat="35.06418" lon="-83.2892"><ele>1112.447591111064</ele></trkpt><trkpt lat="35.06474" lon="-83.28899999999999"><ele>1109.5470688548712</ele></trkpt><trkpt lat="35.06484" lon="-83.28893"><ele>1111.0604465462661</ele></trkpt><trkpt lat="35.06491" lon="-83.28892000000002"><ele>1112.4965368881822</ele></trkpt><trkpt lat="35.06514" lon="-83.28899000000001"><ele>1113.0</ele></trkpt><trkpt lat="35.06523" lon="-83.28895"><ele>1116.0184350562477</ele></trkpt><trkpt lat="35.0653" lon="-83.28888999999998"><ele>1118.9128571014894</ele></trkpt><trkpt lat="35.06537" lon="-83.28870999999998"><ele>1122.2832462228835</ele></trkpt><trkpt lat="35.06542" lon="-83.28845000000001"><ele>1123.99455434829</ele></trkpt><trkpt lat="35.06546" lon="-83.28834"><ele>1123.3775201010785</ele></trkpt><trkpt lat="35.06569" lon="-83.28798999999998"><ele>1114.4590071393177</ele></trkpt><trkpt lat="35.06571" lon="-83.28762"><ele>1122.4825694542378</ele></trkpt><trkpt lat="35.06577" lon="-83.28741000000002"><ele>1121.9427009666733</ele></trkpt><trkpt lat="35.06592" lon="-83.28705000000002"><ele>1121.5255782548338</ele></trkpt><trkpt lat="35.06596" lon="-83.28688"><ele>1121.9227809238805</ele></trkpt><trkpt lat="35.06592" lon="-83.28652999999997"><ele>1127.5255782548338</ele></trkpt><trkpt lat="35.06597" lon="-83.28631000000001"><ele>1130.7208785393618</ele></trkpt><trkpt lat="35.06597" lon="-83.28631000000001"><ele>1130.7208785393618</ele></trkpt><trkpt lat="35.06605" lon="-83.28602999999998"><ele>1133.022287783057</ele></trkpt><trkpt lat="35.06624" lon="-83.28550000000001"><ele>1133.3053420372307</ele></trkpt><trkpt lat="35.06627" lon="-83.28532000000001"><ele>1136.5971912313253</ele></trkpt><trkpt lat="35.06623" lon="-83.28514999999999"><ele>1140.8986868929396</ele></trkpt><trkpt lat="35.06632" lon="-83.28503999999998"><ele>1142.3855571579188</ele></trkpt><trkpt lat="35.06633" lon="-83.28480000000002"><ele>1147.592453420366</ele></trkpt><trkpt lat="35.0663" lon="-83.28462000000002"><ele>1152.987912143167</ele></trkpt><trkpt lat="35.06625" lon="-83.28460000000001"><ele>1155.6057887064644</ele></trkpt><trkpt lat="35.06607" lon="-83.28462999999999"><ele>1161.9848514199257</ele></trkpt><trkpt lat="35.06597" lon="-83.28472"><ele>1162.1565853991472</ele></trkpt><trkpt lat="35.06597" lon="-83.28472"><ele>1162.1565853991472</ele></trkpt><trkpt lat="35.06597" lon="-83.28472"><ele>1162.1565853991472</ele></trkpt><trkpt lat="35.06596850013868" lon="-83.28472199981542"><ele>1162.1050790888005</ele></trkpt><trkpt lat="35.06594" lon="-83.28476"><ele>1162.3868155833334</ele></trkpt><trkpt lat="35.06592" lon="-83.28472999999997"><ele>1164.290268033743</ele></trkpt><trkpt lat="35.06592" lon="-83.28460999999999"><ele>1168.5255782548338</ele></trkpt><trkpt lat="35.06597" lon="-83.28453000000002"><ele>1168.7640363872051</ele></trkpt><trkpt lat="35.06597" lon="-83.28453000000002"><ele>1168.7640363872051</ele></trkpt><trkpt lat="35.06604" lon="-83.28442999999999"><ele>1169.4387011565268</ele></trkpt><trkpt lat="35.06625" lon="-83.28390000000002"><ele>1179.3278646068752</ele></trkpt><trkpt lat="35.066272912083356" lon="-83.28370907772415"><ele>1184.7744982251897</ele></trkpt><trkpt lat="35.066272912083356" lon="-83.28370907772415"><ele>1184.7744982251897</ele></trkpt><trkpt lat="35.06628" lon="-83.28364999999997"><ele>1186.0963377784938</ele></trkpt><trkpt lat="35.06652" lon="-83.28327000000002"><ele>1199.805621332489</ele></trkpt><trkpt lat="35.06672" lon="-83.28300999999999"><ele>1207.9224995560944</ele></trkpt><trkpt lat="35.06693" lon="-83.28264000000001"><ele>1217.1805277754409</ele></trkpt><trkpt lat="35.06703" lon="-83.28255999999999"><ele>1219.8940195562318</ele></trkpt><trkpt lat="35.06698" lon="-83.28251"><ele>1221.2241884442046</ele></trkpt><trkpt lat="35.06676" lon="-83.28242999999998"><ele>1225.6641549890123</ele></trkpt><trkpt lat="35.06676" lon="-83.28237999999999"><ele>1227.0</ele></trkpt><trkpt lat="35.06682" lon="-83.28217000000001"><ele>1233.0693368883803</ele></trkpt><trkpt lat="35.06678" lon="-83.28205000000003"><ele>1234.6303961573924</ele></trkpt><trkpt lat="35.06689" lon="-83.28194000000002"><ele>1236.7672957593443</ele></trkpt><trkpt lat="35.06711" lon="-83.28179999999998"><ele>1243.7597103361218</ele></trkpt><trkpt lat="35.0672" lon="-83.28169000000003"><ele>1245.717221004089</ele></trkpt><trkpt lat="35.06725" lon="-83.28167000000002"><ele>1247.2027470376343</ele></trkpt><trkpt lat="35.06773" lon="-83.28159"><ele>1261.5798877683874</ele></trkpt><trkpt lat="35.06793" lon="-83.28143999999998"><ele>1272.0827500399641</ele></trkpt><trkpt lat="35.06843" lon="-83.28134999999997"><ele>1283.2841066680849</ele></trkpt><trkpt lat="35.06875" lon="-83.28165999999999"><ele>1274.9367975761731</ele></trkpt><trkpt lat="35.06906" lon="-83.28203000000002"><ele>1273.8573878733441</ele></trkpt><trkpt lat="35.06935" lon="-83.28226000000001"><ele>1276.67928747829</ele></trkpt><trkpt lat="35.06944" lon="-83.28235999999998"><ele>1276.2146951118484</ele></trkpt><trkpt lat="35.06986" lon="-83.28262999999998"><ele>1280.5155697461335</ele></trkpt><trkpt lat="35.07009" lon="-83.28285"><ele>1279.9456502916046</ele></trkpt><trkpt lat="35.07038" lon="-83.28296"><ele>1292.5705865536738</ele></trkpt><trkpt lat="35.07073" lon="-83.28327000000002"><ele>1300.1605017194524</ele></trkpt><trkpt lat="35.07085" lon="-83.28341999999998"><ele>1301.1878632698208</ele></trkpt><trkpt lat="35.07095" lon="-83.28373999999997"><ele>1295.7840571245179</ele></trkpt><trkpt lat="35.07111" lon="-83.28399999999999"><ele>1299.9926939774305</ele></trkpt><trkpt lat="35.07134" lon="-83.28412000000003"><ele>1306.2648491741647</ele></trkpt><trkpt lat="35.07153" lon="-83.28415999999999"><ele>1309.3286151112989</ele></trkpt><trkpt lat="35.07241" lon="-83.2842"><ele>1316.4644799996167</ele></trkpt><trkpt lat="35.07258" lon="-83.28415000000001"><ele>1319.0</ele></trkpt><trkpt lat="35.07285" lon="-83.28421000000003"><ele>1319.0</ele></trkpt><trkpt lat="35.07316" lon="-83.2844"><ele>1321.0</ele></trkpt><trkpt lat="35.07338" lon="-83.28463999999997"><ele>1326.0</ele></trkpt><trkpt lat="35.07372" lon="-83.28476999999998"><ele>1333.6515132118814</ele></trkpt><trkpt lat="35.07432" lon="-83.28517999999997"><ele>1345.8249455419216</ele></trkpt><trkpt lat="35.0746" lon="-83.28546"><ele>1355.0</ele></trkpt><trkpt lat="35.07484" lon="-83.28575000000001"><ele>1355.0</ele></trkpt><trkpt lat="35.07484" lon="-83.28575000000001"><ele>1355.0</ele></trkpt><trkpt lat="35.07522" lon="-83.28611000000001"><ele>1346.0</ele></trkpt><trkpt lat="35.07535" lon="-83.28627"><ele>1344.0</ele></trkpt><trkpt lat="35.07536" lon="-83.28631999999999"><ele>1343.9985783621669</ele></trkpt><trkpt lat="35.0753" lon="-83.28652"><ele>1342.6167867946674</ele></trkpt><trkpt lat="35.07531" lon="-83.28661999999997"><ele>1341.0</ele></trkpt><trkpt lat="35.07562" lon="-83.28715"><ele>1330.1929294206202</ele></trkpt><trkpt lat="35.0758616919643" lon="-83.28745936571431"><ele>1328.0</ele></trkpt><trkpt lat="35.07587801176501" lon="-83.28749403529332"><ele>1328.0</ele></trkpt><trkpt lat="35.07589" lon="-83.28753"><ele>1328.0</ele></trkpt><trkpt lat="35.07581" lon="-83.28769999999997"><ele>1328.1316777942093</ele></trkpt><trkpt lat="35.07589" lon="-83.28784000000002"><ele>1326.8281848877668</ele></trkpt><trkpt lat="35.07592505481133" lon="-83.28800826309441"><ele>1326.0</ele></trkpt><trkpt lat="35.07592505481133" lon="-83.28800826309441"><ele>1326.0</ele></trkpt><trkpt lat="35.07594" lon="-83.28807999999998"><ele>1326.0</ele></trkpt><trkpt lat="35.07624" lon="-83.28847000000002"><ele>1332.0</ele></trkpt><trkpt lat="35.07634" lon="-83.28893"><ele>1333.0</ele></trkpt><trkpt lat="35.0765" lon="-83.28924999999998"><ele>1333.0</ele></trkpt><trkpt lat="35.07671" lon="-83.28982000000002"><ele>1334.4856492387619</ele></trkpt><trkpt lat="35.07679" lon="-83.28994999999998"><ele>1335.0</ele></trkpt><trkpt lat="35.07699" lon="-83.29019"><ele>1335.0</ele></trkpt><trkpt lat="35.07702" lon="-83.29025999999999"><ele>1336.0</ele></trkpt><trkpt lat="35.07707" lon="-83.29064"><ele>1335.0</ele></trkpt><trkpt lat="35.07733" lon="-83.29110000000003"><ele>1334.0</ele></trkpt><trkpt lat="35.07744" lon="-83.29136"><ele>1330.7842951109633</ele></trkpt><trkpt lat="35.07755" lon="-83.29187999999999"><ele>1328.0</ele></trkpt><trkpt lat="35.07755" lon="-83.29187999999999"><ele>1328.0</ele></trkpt><trkpt lat="35.07823" lon="-83.29194000000001"><ele>1316.0</ele></trkpt><trkpt lat="35.07832" lon="-83.29188999999997"><ele>1312.4020587301106</ele></trkpt><trkpt lat="35.07847" lon="-83.29191000000003"><ele>1309.7603875816433</ele></trkpt><trkpt lat="35.07854" lon="-83.29194000000001"><ele>1308.2456640005112</ele></trkpt><trkpt lat="35.07917" lon="-83.29250000000002"><ele>1313.3435555566102</ele></trkpt><trkpt lat="35.07949" lon="-83.29266000000001"><ele>1311.4489434152802</ele></trkpt><trkpt lat="35.0799" lon="-83.29275999999999"><ele>1308.4604337774217</ele></trkpt><trkpt lat="35.08156" lon="-83.29262"><ele>1312.0080168861896</ele></trkpt><trkpt lat="35.0818" lon="-83.29254000000003"><ele>1312.9475364526734</ele></trkpt><trkpt lat="35.08219" lon="-83.29228"><ele>1308.0409023929387</ele></trkpt><trkpt lat="35.08248" lon="-83.29212999999999"><ele>1308.5190851358338</ele></trkpt><trkpt lat="35.08287" lon="-83.2921"><ele>1316.4746184688354</ele></trkpt><trkpt lat="35.08318" lon="-83.29230000000001"><ele>1319.015320050095</ele></trkpt><trkpt lat="35.08326" lon="-83.29248999999999"><ele>1319.1135666687042</ele></trkpt><trkpt lat="35.08354" lon="-83.29291999999998"><ele>1312.0</ele></trkpt><trkpt lat="35.08365" lon="-83.29305999999997"><ele>1309.3443721048534</ele></trkpt><trkpt lat="35.08378" lon="-83.29313000000002"><ele>1307.203037733212</ele></trkpt><trkpt lat="35.08392" lon="-83.29336"><ele>1306.9487251546234</ele></trkpt><trkpt lat="35.08395" lon="-83.29354999999998"><ele>1308.8177437596023</ele></trkpt><trkpt lat="35.08396" lon="-83.29374000000001"><ele>1309.2482366356999</ele></trkpt><trkpt lat="35.08396" lon="-83.29374000000001"><ele>1309.2482366356999</ele></trkpt><trkpt lat="35.08409" lon="-83.29386999999997"><ele>1302.8446376752108</ele></trkpt><trkpt lat="35.08407" lon="-83.29397"><ele>1302.9836536701769</ele></trkpt><trkpt lat="35.08396" lon="-83.29422999999997"><ele>1305.2808375256136</ele></trkpt><trkpt lat="35.08396" lon="-83.29422999999997"><ele>1305.2808375256136</ele></trkpt><trkpt lat="35.08375" lon="-83.29471000000001"><ele>1306.207871567458</ele></trkpt><trkpt lat="35.08355" lon="-83.29557999999997"><ele>1304.5979714468122</ele></trkpt><trkpt lat="35.08353" lon="-83.29579999999999"><ele>1305.736979899928</ele></trkpt><trkpt lat="35.08356" lon="-83.29610000000002"><ele>1303.1693556987439</ele></trkpt><trkpt lat="35.08355" lon="-83.29631"><ele>1305.5396243168834</ele></trkpt><trkpt lat="35.0836" lon="-83.29642999999999"><ele>1303.8739344246492</ele></trkpt><trkpt lat="35.08377" lon="-83.29656"><ele>1298.0688600409776</ele></trkpt><trkpt lat="35.08386" lon="-83.29705000000001"><ele>1303.9433047287166</ele></trkpt><trkpt lat="35.08396" lon="-83.29719999999998"><ele>1299.6276677455753</ele></trkpt><trkpt lat="35.08396" lon="-83.29719999999998"><ele>1299.6276677455753</ele></trkpt><trkpt lat="35.084029368994734" lon="-83.2973803593863"><ele>1300.2335693464192</ele></trkpt><trkpt lat="35.084033947989155" lon="-83.29739226474112"><ele>1300.0368438102305</ele></trkpt><trkpt lat="35.08406" lon="-83.29746"><ele>1301.0</ele></trkpt><trkpt lat="35.08417" lon="-83.29813999999999"><ele>1305.9461508715822</ele></trkpt><trkpt lat="35.08425" lon="-83.29834"><ele>1305.0</ele></trkpt><trkpt lat="35.08425" lon="-83.29834"><ele>1305.0</ele></trkpt><trkpt lat="35.08441" lon="-83.29863999999998"><ele>1303.0</ele></trkpt><trkpt lat="35.08452" lon="-83.29877999999997"><ele>1302.0</ele></trkpt><trkpt lat="35.08459" lon="-83.29890999999998"><ele>1299.92879288923</ele></trkpt><trkpt lat="35.08467" lon="-83.29895999999997"><ele>1298.5986240012571</ele></trkpt><trkpt lat="35.08505" lon="-83.29901000000001"><ele>1292.1715416274965</ele></trkpt><trkpt lat="35.08508" lon="-83.29915"><ele>1287.3444615428448</ele></trkpt><trkpt lat="35.08508" lon="-83.29975999999999"><ele>1277.0</ele></trkpt><trkpt lat="35.08526" lon="-83.30033000000003"><ele>1265.751996443607</ele></trkpt><trkpt lat="35.08536" lon="-83.30059"><ele>1263.3070477446247</ele></trkpt><trkpt lat="35.08551" lon="-83.30081999999999"><ele>1266.0</ele></trkpt><trkpt lat="35.0858" lon="-83.30106"><ele>1272.2684693336487</ele></trkpt><trkpt lat="35.0864" lon="-83.30138"><ele>1275.181550222449</ele></trkpt><trkpt lat="35.08659" lon="-83.30151000000001"><ele>1277.239989333786</ele></trkpt><trkpt lat="35.08721" lon="-83.30183"><ele>1284.1530702225864</ele></trkpt><trkpt lat="35.08739" lon="-83.30183999999997"><ele>1284.0</ele></trkpt><trkpt lat="35.08782" lon="-83.30204000000003"><ele>1287.9397795572877</ele></trkpt><trkpt lat="35.08823" lon="-83.30239"><ele>1294.2509617786855</ele></trkpt><trkpt lat="35.08836" lon="-83.30270000000002"><ele>1301.0</ele></trkpt><trkpt lat="35.08838" lon="-83.30277000000001"><ele>1302.0</ele></trkpt><trkpt lat="35.08835" lon="-83.30315999999999"><ele>1309.0</ele></trkpt><trkpt lat="35.08836" lon="-83.30365999999998"><ele>1309.807724760237</ele></trkpt><trkpt lat="35.08846" lon="-83.30398000000002"><ele>1311.0</ele></trkpt><trkpt lat="35.08867" lon="-83.30430000000001"><ele>1316.2634133342654</ele></trkpt><trkpt lat="35.08868" lon="-83.30444"><ele>1319.0</ele></trkpt><trkpt lat="35.0885" lon="-83.3046"><ele>1322.0</ele></trkpt><trkpt lat="35.08822" lon="-83.30473"><ele>1325.0</ele></trkpt><trkpt lat="35.08798" lon="-83.30489999999998"><ele>1329.0</ele></trkpt><trkpt lat="35.08782" lon="-83.30488000000003"><ele>1331.0</ele></trkpt><trkpt lat="35.08768" lon="-83.30495000000002"><ele>1333.0</ele></trkpt><trkpt lat="35.08732" lon="-83.30534"><ele>1339.0</ele></trkpt><trkpt lat="35.08716" lon="-83.30543999999998"><ele>1343.0</ele></trkpt><trkpt lat="35.08711" lon="-83.3055"><ele>1344.0</ele></trkpt><trkpt lat="35.08705" lon="-83.30563000000001"><ele>1346.0</ele></trkpt><trkpt lat="35.08706" lon="-83.3057"><ele>1347.0</ele></trkpt><trkpt lat="35.08714" lon="-83.30583000000001"><ele>1350.5665813339874</ele></trkpt><trkpt lat="35.08723" lon="-83.30590000000001"><ele>1352.8158360333405</ele></trkpt><trkpt lat="35.08735" lon="-83.30595"><ele>1354.0</ele></trkpt><trkpt lat="35.08788" lon="-83.30599999999998"><ele>1351.0</ele></trkpt><trkpt lat="35.08833" lon="-83.30619999999999"><ele>1350.0</ele></trkpt><trkpt lat="35.08853" lon="-83.30635999999998"><ele>1351.0063465163926</ele></trkpt><trkpt lat="35.08896" lon="-83.30649"><ele>1357.0</ele></trkpt><trkpt lat="35.08936" lon="-83.30650000000003"><ele>1364.2339388950072</ele></trkpt><trkpt lat="35.09014" lon="-83.30622"><ele>1377.9278660546013</ele></trkpt><trkpt lat="35.09043" lon="-83.30619000000002"><ele>1384.4996515248956</ele></trkpt><trkpt lat="35.09044" lon="-83.30624"><ele>1386.5439322600498</ele></trkpt><trkpt lat="35.09039" lon="-83.30637999999999"><ele>1389.1577395545319</ele></trkpt><trkpt lat="35.09039" lon="-83.3066"><ele>1392.4328193056715</ele></trkpt><trkpt lat="35.09052" lon="-83.30659000000003"><ele>1395.9905467345495</ele></trkpt><trkpt lat="35.09065" lon="-83.30683999999997"><ele>1402.0</ele></trkpt><trkpt lat="35.09102" lon="-83.30712"><ele>1407.2650354704035</ele></trkpt><trkpt lat="35.09118" lon="-83.30718000000002"><ele>1407.0237995756213</ele></trkpt><trkpt lat="35.09122" lon="-83.30732"><ele>1402.0</ele></trkpt><trkpt lat="35.09129" lon="-83.30734999999999"><ele>1401.0</ele></trkpt><trkpt lat="35.09171" lon="-83.30732999999998"><ele>1395.4539703620117</ele></trkpt><trkpt lat="35.09252" lon="-83.30719999999997"><ele>1387.5867911120877</ele></trkpt><trkpt lat="35.09306" lon="-83.30705999999998"><ele>1383.1112640006468</ele></trkpt><trkpt lat="35.0932" lon="-83.30705"><ele>1381.9973851856757</ele></trkpt><trkpt lat="35.09368" lon="-83.30713000000003"><ele>1375.947807735989</ele></trkpt><trkpt lat="35.09377" lon="-83.30727000000002"><ele>1373.681267229822</ele></trkpt><trkpt lat="35.09389365744656" lon="-83.30737304787215"><ele>1371.5221757516265</ele></trkpt><trkpt lat="35.093924190872364" lon="-83.3073984923733"><ele>1371.0</ele></trkpt><trkpt lat="35.09395" lon="-83.30741999999998"><ele>1370.3340480010957</ele></trkpt><trkpt lat="35.09414" lon="-83.30752000000001"><ele>1368.0</ele></trkpt><trkpt lat="35.09428" lon="-83.30772000000002"><ele>1365.353034665808</ele></trkpt><trkpt lat="35.09492" lon="-83.30818"><ele>1361.0</ele></trkpt><trkpt lat="35.09506" lon="-83.30824999999999"><ele>1359.0341468361562</ele></trkpt><trkpt lat="35.09551" lon="-83.30824999999999"><ele>1355.0</ele></trkpt><trkpt lat="35.09577" lon="-83.30836999999997"><ele>1353.0</ele></trkpt><trkpt lat="35.09603" lon="-83.30854999999997"><ele>1350.6722311126068</ele></trkpt><trkpt lat="35.09624" lon="-83.30876999999998"><ele>1352.0</ele></trkpt><trkpt lat="35.09641" lon="-83.30920000000003"><ele>1355.3201020874799</ele></trkpt><trkpt lat="35.09655" lon="-83.30939999999998"><ele>1358.0</ele></trkpt><trkpt lat="35.09661" lon="-83.30961000000002"><ele>1357.2341912072152</ele></trkpt><trkpt lat="35.09662" lon="-83.30975999999998"><ele>1355.0</ele></trkpt><trkpt lat="35.09633" lon="-83.31040999999999"><ele>1351.292725879291</ele></trkpt><trkpt lat="35.09602" lon="-83.31146999999999"><ele>1359.0378100853413</ele></trkpt><trkpt lat="35.09585" lon="-83.31182000000001"><ele>1361.6812665262619</ele></trkpt><trkpt lat="35.09567" lon="-83.31203"><ele>1359.3514714840203</ele></trkpt><trkpt lat="35.09557" lon="-83.31223"><ele>1360.8248357428238</ele></trkpt><trkpt lat="35.09561" lon="-83.31276000000003"><ele>1363.4720106655732</ele></trkpt><trkpt lat="35.09568" lon="-83.31285000000003"><ele>1361.4670280382545</ele></trkpt><trkpt lat="35.09583" lon="-83.31286999999998"><ele>1363.3456391124055</ele></trkpt><trkpt lat="35.09617" lon="-83.31306000000001"><ele>1357.4909973330796</ele></trkpt><trkpt lat="35.09648" lon="-83.31319000000002"><ele>1360.8651164416224</ele></trkpt><trkpt lat="35.09687" lon="-83.31324999999998"><ele>1364.6363555565476</ele></trkpt><trkpt lat="35.09732" lon="-83.31342000000001"><ele>1359.3894293783233</ele></trkpt><trkpt lat="35.09747" lon="-83.31351999999998"><ele>1357.0534435566515</ele></trkpt><trkpt lat="35.09759" lon="-83.31366000000003"><ele>1353.5289706652984</ele></trkpt><trkpt lat="35.09778" lon="-83.31405000000001"><ele>1352.8773432932794</ele></trkpt><trkpt lat="35.0979" lon="-83.31407000000002"><ele>1357.7125924527645</ele></trkpt><trkpt lat="35.09831" lon="-83.31403999999998"><ele>1368.8196871122345</ele></trkpt><trkpt lat="35.09843" lon="-83.31408999999996"><ele>1366.4895182242617</ele></trkpt><trkpt lat="35.09853" lon="-83.31416999999999"><ele>1362.0</ele></trkpt><trkpt lat="35.09897" lon="-83.31425999999999"><ele>1358.3745660613329</ele></trkpt><trkpt lat="35.09914" lon="-83.31438000000003"><ele>1355.9832996442146</ele></trkpt><trkpt lat="35.09925" lon="-83.31456000000003"><ele>1351.8384461861397</ele></trkpt><trkpt lat="35.09945" lon="-83.31515000000002"><ele>1350.0918777276215</ele></trkpt><trkpt lat="35.09978" lon="-83.31578999999999"><ele>1338.0632521053776</ele></trkpt><trkpt lat="35.09996413510454" lon="-83.3159833418598"><ele>1341.0730146063856</ele></trkpt><trkpt lat="35.099973676791684" lon="-83.3159933606234"><ele>1340.9640569629678</ele></trkpt><trkpt lat="35.09998" lon="-83.31600000000003"><ele>1341.0915219469719</ele></trkpt><trkpt lat="35.10014" lon="-83.3161"><ele>1343.8167288890108</ele></trkpt><trkpt lat="35.10053" lon="-83.31619999999998"><ele>1343.1563911121339</ele></trkpt><trkpt lat="35.10109" lon="-83.31641000000002"><ele>1338.3696817774326</ele></trkpt><trkpt lat="35.1014" lon="-83.31642"><ele>1341.9036480002105</ele></trkpt><trkpt lat="35.10184" lon="-83.31635"><ele>1340.16588444449</ele></trkpt><trkpt lat="35.10193" lon="-83.31639999999999"><ele>1336.9558262125868</ele></trkpt><trkpt lat="35.10193" lon="-83.31639999999999"><ele>1336.9558262125868</ele></trkpt><trkpt lat="35.10203" lon="-83.31651999999997"><ele>1332.0084632458268</ele></trkpt><trkpt lat="35.1023" lon="-83.31702999999999"><ele>1320.0</ele></trkpt><trkpt lat="35.10242" lon="-83.31714999999997"><ele>1322.0</ele></trkpt><trkpt lat="35.10247" lon="-83.31723"><ele>1322.9954839623174</ele></trkpt><trkpt lat="35.10265" lon="-83.31789000000003"><ele>1330.0</ele></trkpt><trkpt lat="35.10278" lon="-83.31812000000002"><ele>1333.0</ele></trkpt><trkpt lat="35.1028" lon="-83.31819999999999"><ele>1333.0087033238185</ele></trkpt><trkpt lat="35.10276" lon="-83.31870000000004"><ele>1339.5486386399716</ele></trkpt><trkpt lat="35.10284" lon="-83.31900000000002"><ele>1344.0</ele></trkpt><trkpt lat="35.10298" lon="-83.31997999999999"><ele>1350.0807019788772</ele></trkpt><trkpt lat="35.10294" lon="-83.32026000000002"><ele>1348.8021424934268</ele></trkpt><trkpt lat="35.1029" lon="-83.32031"><ele>1347.5235841237009</ele></trkpt><trkpt lat="35.1029" lon="-83.32031"><ele>1347.5235841237009</ele></trkpt><trkpt lat="35.10267" lon="-83.32072"><ele>1337.4218952059746</ele></trkpt><trkpt lat="35.10252" lon="-83.32116000000002"><ele>1334.877335390076</ele></trkpt><trkpt lat="35.1023" lon="-83.32152000000002"><ele>1324.3453427702188</ele></trkpt><trkpt lat="35.10206" lon="-83.32202000000001"><ele>1314.9492608859057</ele></trkpt><trkpt lat="35.10198" lon="-83.32211000000001"><ele>1313.6449316169358</ele></trkpt><trkpt lat="35.10193" lon="-83.32229000000001"><ele>1309.823024730728</ele></trkpt><trkpt lat="35.10193" lon="-83.32229000000001"><ele>1309.823024730728</ele></trkpt><trkpt lat="35.10191" lon="-83.32238999999998"><ele>1308.5518618747592</ele></trkpt><trkpt lat="35.10185" lon="-83.32247999999998"><ele>1307.0</ele></trkpt><trkpt lat="35.10168" lon="-83.32292000000001"><ele>1297.981692444533</ele></trkpt><trkpt lat="35.10153" lon="-83.32319000000001"><ele>1294.7092292129555</ele></trkpt><trkpt lat="35.10141" lon="-83.32348999999999"><ele>1293.0</ele></trkpt><trkpt lat="35.10138" lon="-83.32351"><ele>1292.0</ele></trkpt><trkpt lat="35.10135" lon="-83.32348999999999"><ele>1291.2303084451705</ele></trkpt><trkpt lat="35.10131" lon="-83.32313999999997"><ele>1286.222845185548</ele></trkpt><trkpt lat="35.10133" lon="-83.32286999999997"><ele>1284.0910513438284</ele></trkpt><trkpt lat="35.10132" lon="-83.32276000000002"><ele>1283.5214228965342</ele></trkpt><trkpt lat="35.10129" lon="-83.32271000000003"><ele>1281.8125379793346</ele></trkpt><trkpt lat="35.10125" lon="-83.32272"><ele>1279.5340257287025</ele></trkpt><trkpt lat="35.10112" lon="-83.32312999999999"><ele>1276.8301440973555</ele></trkpt><trkpt lat="35.10102" lon="-83.32328999999999"><ele>1273.4326019976288</ele></trkpt><trkpt lat="35.10088" lon="-83.3236"><ele>1269.4578404314816</ele></trkpt><trkpt lat="35.10094" lon="-83.32400000000001"><ele>1268.8755937125534</ele></trkpt><trkpt lat="35.10108" lon="-83.3243"><ele>1267.5689180627267</ele></trkpt><trkpt lat="35.10117" lon="-83.32472000000001"><ele>1257.0726170288399</ele></trkpt><trkpt lat="35.10121" lon="-83.32568000000003"><ele>1241.0</ele></trkpt><trkpt lat="35.10118" lon="-83.32664"><ele>1218.33734141742</ele></trkpt><trkpt lat="35.10123" lon="-83.32697000000002"><ele>1212.093960178402</ele></trkpt><trkpt lat="35.10124" lon="-83.32727"><ele>1205.9735475649966</ele></trkpt><trkpt lat="35.10123123352988" lon="-83.32734539164306"><ele>1203.3457509118973</ele></trkpt><trkpt lat="35.10123020763382" lon="-83.3273542143956"><ele>1203.1351220090005</ele></trkpt><trkpt lat="35.10114" lon="-83.32812999999999"><ele>1195.0</ele></trkpt><trkpt lat="35.1011" lon="-83.32956000000001"><ele>1181.0</ele></trkpt><trkpt lat="35.10097" lon="-83.33031"><ele>1176.7561180517887</ele></trkpt><trkpt lat="35.10091" lon="-83.33112"><ele>1181.0</ele></trkpt><trkpt lat="35.10067" lon="-83.33208000000002"><ele>1188.0</ele></trkpt><trkpt lat="35.10064" lon="-83.33227"><ele>1190.0</ele></trkpt><trkpt lat="35.10062" lon="-83.33258999999998"><ele>1194.6729706656188</ele></trkpt><trkpt lat="35.10067" lon="-83.33292"><ele>1198.0258199376435</ele></trkpt><trkpt lat="35.10071" lon="-83.33308"><ele>1200.7742198016495</ele></trkpt><trkpt lat="35.10067" lon="-83.33344"><ele>1196.4957237653434</ele></trkpt><trkpt lat="35.10062" lon="-83.33433000000002"><ele>1189.5640341785602</ele></trkpt><trkpt lat="35.10053" lon="-83.33488"><ele>1184.5209964383394</ele></trkpt><trkpt lat="35.1004" lon="-83.33528999999999"><ele>1173.7916102379852</ele></trkpt><trkpt lat="35.10033" lon="-83.33566000000002"><ele>1174.8738930309191</ele></trkpt><trkpt lat="35.10034" lon="-83.33575000000002"><ele>1177.6560354288708</ele></trkpt><trkpt lat="35.10043" lon="-83.33586000000003"><ele>1181.8247710186988</ele></trkpt><trkpt lat="35.10046" lon="-83.33598999999998"><ele>1180.467223944436</ele></trkpt><trkpt lat="35.10042" lon="-83.33612"><ele>1177.2084836073948</ele></trkpt><trkpt lat="35.10033" lon="-83.33623999999998"><ele>1173.2247004453093</ele></trkpt><trkpt lat="35.10027" lon="-83.33627999999999"><ele>1168.525916287901</ele></trkpt><trkpt lat="35.10016" lon="-83.33629000000002"><ele>1164.8945315545425</ele></trkpt><trkpt lat="35.09991" lon="-83.33618000000001"><ele>1160.0042749258796</ele></trkpt><trkpt lat="35.09981" lon="-83.33620000000002"><ele>1156.508329372853</ele></trkpt><trkpt lat="35.09975" lon="-83.33627000000001"><ele>1154.07490927504</ele></trkpt><trkpt lat="35.09975" lon="-83.33643000000001"><ele>1150.3700586659834</ele></trkpt><trkpt lat="35.09978" lon="-83.33650999999998"><ele>1148.0</ele></trkpt><trkpt lat="35.10001" lon="-83.33672999999999"><ele>1144.9393325414687</ele></trkpt><trkpt lat="35.10001" lon="-83.33681999999999"><ele>1141.1947413338348</ele></trkpt><trkpt lat="35.09995" lon="-83.33686999999998"><ele>1138.4175766182952</ele></trkpt><trkpt lat="35.09933" lon="-83.33710000000002"><ele>1127.2882363313092</ele></trkpt><trkpt lat="35.09925" lon="-83.33721000000003"><ele>1122.6174172309384</ele></trkpt><trkpt lat="35.09926" lon="-83.33731"><ele>1118.5385389430448</ele></trkpt><trkpt lat="35.09929" lon="-83.3374"><ele>1116.164782221429</ele></trkpt><trkpt lat="35.09925" lon="-83.33748000000003"><ele>1113.2662019264744</ele></trkpt><trkpt lat="35.09911" lon="-83.33757000000003"><ele>1107.7235956061777</ele></trkpt><trkpt lat="35.09882" lon="-83.33767999999998"><ele>1102.0134953600807</ele></trkpt><trkpt lat="35.09864" lon="-83.33787999999998"><ele>1095.8635179121047</ele></trkpt><trkpt lat="35.0983" lon="-83.33852999999999"><ele>1088.0</ele></trkpt><trkpt lat="35.09809" lon="-83.33884"><ele>1088.494830466159</ele></trkpt><trkpt lat="35.09792" lon="-83.33891"><ele>1085.8823776483732</ele></trkpt><trkpt lat="35.09784" lon="-83.33897999999999"><ele>1084.1567586295607</ele></trkpt><trkpt lat="35.09779" lon="-83.33910000000003"><ele>1082.4197011146564</ele></trkpt><trkpt lat="35.09781" lon="-83.33922999999999"><ele>1080.5161682969547</ele></trkpt><trkpt lat="35.0979" lon="-83.33956999999998"><ele>1073.0252631447659</ele></trkpt><trkpt lat="35.09789" lon="-83.33967000000001"><ele>1070.464465751013</ele></trkpt><trkpt lat="35.09784" lon="-83.3397"><ele>1068.9837936327804</ele></trkpt><trkpt lat="35.09771" lon="-83.33967000000001"><ele>1065.2652339274064</ele></trkpt><trkpt lat="35.09753" lon="-83.33958000000001"><ele>1061.362875248946</ele></trkpt><trkpt lat="35.09745" lon="-83.33960000000002"><ele>1058.0512812553482</ele></trkpt><trkpt lat="35.09743" lon="-83.33969000000002"><ele>1054.9085404963448</ele></trkpt><trkpt lat="35.09752" lon="-83.34028999999998"><ele>1038.5486917365342</ele></trkpt><trkpt lat="35.09743" lon="-83.34060999999997"><ele>1028.9412573724985</ele></trkpt><trkpt lat="35.09721" lon="-83.34102999999999"><ele>1021.4100471697748</ele></trkpt><trkpt lat="35.09691" lon="-83.34171000000003"><ele>1022.0178637551144</ele></trkpt><trkpt lat="35.09677" lon="-83.34210999999999"><ele>1025.3477282039821</ele></trkpt><trkpt lat="35.09666" lon="-83.34228999999999"><ele>1022.0821695979685</ele></trkpt><trkpt lat="35.09666" lon="-83.34228999999999"><ele>1022.0821695979685</ele></trkpt><trkpt lat="35.09656" lon="-83.34244000000001"><ele>1021.1024563387036</ele></trkpt><trkpt lat="35.0965" lon="-83.34249999999997"><ele>1020.9686448927969</ele></trkpt><trkpt lat="35.0965" lon="-83.34249999999997"><ele>1020.9686448927969</ele></trkpt><trkpt lat="35.09646" lon="-83.34255000000002"><ele>1019.951252078977</ele></trkpt><trkpt lat="35.09638" lon="-83.34276"><ele>1023.0</ele></trkpt><trkpt lat="35.09614" lon="-83.34300000000002"><ele>1023.9002415873866</ele></trkpt><trkpt lat="35.09591" lon="-83.34332999999998"><ele>1031.0</ele></trkpt><trkpt lat="35.09575" lon="-83.34343000000001"><ele>1033.8535857787356</ele></trkpt><trkpt lat="35.09576" lon="-83.34347000000002"><ele>1036.5365466587245</ele></trkpt><trkpt lat="35.09582" lon="-83.34348"><ele>1038.0</ele></trkpt><trkpt lat="35.09584" lon="-83.34352999999999"><ele>1039.320922376144</ele></trkpt><trkpt lat="35.09569" lon="-83.34386"><ele>1040.16829947941</ele></trkpt><trkpt lat="35.09549" lon="-83.34402999999998"><ele>1043.6411852056292</ele></trkpt><trkpt lat="35.09511" lon="-83.34419000000003"><ele>1044.72784711048</ele></trkpt><trkpt lat="35.09484" lon="-83.34453000000002"><ele>1050.5831186380237</ele></trkpt><trkpt lat="35.09465" lon="-83.34501999999998"><ele>1047.452229226008</ele></trkpt><trkpt lat="35.09458" lon="-83.34541000000002"><ele>1049.3922566380352</ele></trkpt><trkpt lat="35.09435" lon="-83.34613000000002"><ele>1054.6536009498584</ele></trkpt><trkpt lat="35.09412" lon="-83.34659999999997"><ele>1055.8315897706652</ele></trkpt><trkpt lat="35.09414" lon="-83.34694000000002"><ele>1061.453767221421</ele></trkpt><trkpt lat="35.0941342976595" lon="-83.34698561872398"><ele>1061.778560122475</ele></trkpt><trkpt lat="35.0941315810217" lon="-83.34700735182724"><ele>1061.4010695838936</ele></trkpt><trkpt lat="35.09413" lon="-83.34701999999999"><ele>1061.0233454369009</ele></trkpt><trkpt lat="35.09409" lon="-83.34708999999998"><ele>1060.8797091506422</ele></trkpt><trkpt lat="35.09393" lon="-83.34721000000002"><ele>1060.4005412748083</ele></trkpt><trkpt lat="35.09361" lon="-83.34739000000002"><ele>1058.8554641886233</ele></trkpt><trkpt lat="35.09319" lon="-83.34776999999997"><ele>1049.8877546684816</ele></trkpt><trkpt lat="35.0928" lon="-83.34803999999997"><ele>1041.0814681751654</ele></trkpt><trkpt lat="35.0924" lon="-83.34839999999997"><ele>1034.0</ele></trkpt><trkpt lat="35.09223" lon="-83.34869000000003"><ele>1029.251526023479</ele></trkpt><trkpt lat="35.09191" lon="-83.34892000000002"><ele>1030.1375253983451</ele></trkpt><trkpt lat="35.09187" lon="-83.34906000000001"><ele>1028.7462301775813</ele></trkpt><trkpt lat="35.09187" lon="-83.34924999999998"><ele>1027.7462301775813</ele></trkpt><trkpt lat="35.09159" lon="-83.34994"><ele>1015.6939498260617</ele></trkpt><trkpt lat="35.09151" lon="-83.35032999999999"><ele>1009.8335386542603</ele></trkpt><trkpt lat="35.09134" lon="-83.35088000000002"><ele>1004.9512497764081</ele></trkpt><trkpt lat="35.09119" lon="-83.35116"><ele>998.4297777543205</ele></trkpt><trkpt lat="35.09113" lon="-83.35154999999997"><ele>989.7269866671413</ele></trkpt><trkpt lat="35.09113" lon="-83.35154999999997"><ele>989.7269866671413</ele></trkpt><trkpt lat="35.09113" lon="-83.35154999999997"><ele>989.7269866671413</ele></trkpt><trkpt lat="35.09094" lon="-83.35199"><ele>992.1584239333697</ele></trkpt><trkpt lat="35.09021" lon="-83.35303999999996"><ele>997.5805790536106</ele></trkpt><trkpt lat="35.08973" lon="-83.35354000000001"><ele>1007.6259147487945</ele></trkpt><trkpt lat="35.08937" lon="-83.35419999999999"><ele>1013.1346461120993</ele></trkpt><trkpt lat="35.08924" lon="-83.35449"><ele>1014.3841406339367</ele></trkpt><trkpt lat="35.08912" lon="-83.35462999999999"><ele>1014.1885831113905</ele></trkpt><trkpt lat="35.08903" lon="-83.35469"><ele>1012.6967167210528</ele></trkpt><trkpt lat="35.08893" lon="-83.35468000000003"><ele>1009.8054443895817</ele></trkpt><trkpt lat="35.08896" lon="-83.35482000000002"><ele>1007.1716693176322</ele></trkpt><trkpt lat="35.08901" lon="-83.35489999999999"><ele>1006.0</ele></trkpt><trkpt lat="35.08912" lon="-83.35500000000002"><ele>1003.3528434338994</ele></trkpt><trkpt lat="35.08909" lon="-83.35516000000001"><ele>999.4887928888202</ele></trkpt><trkpt lat="35.08916" lon="-83.35518000000002"><ele>999.0</ele></trkpt><trkpt lat="35.08929" lon="-83.35513000000003"><ele>996.9650506930958</ele></trkpt><trkpt lat="35.0893" lon="-83.35514999999998"><ele>996.1159722333875</ele></trkpt><trkpt lat="35.08936" lon="-83.35541"><ele>992.0</ele></trkpt><trkpt lat="35.08951" lon="-83.35577"><ele>989.0</ele></trkpt><trkpt lat="35.08955" lon="-83.35600999999997"><ele>991.0</ele></trkpt><trkpt lat="35.08973" lon="-83.35633000000001"><ele>990.2756788060219</ele></trkpt><trkpt lat="35.08984" lon="-83.35660000000001"><ele>991.3659570794553</ele></trkpt><trkpt lat="35.08988" lon="-83.3571"><ele>989.0095236580819</ele></trkpt><trkpt lat="35.08993" lon="-83.35732000000002"><ele>989.2400203049183</ele></trkpt><trkpt lat="35.09" lon="-83.35795000000002"><ele>986.3709972323769</ele></trkpt><trkpt lat="35.08991" lon="-83.35856999999999"><ele>983.1129299518063</ele></trkpt><trkpt lat="35.08987" lon="-83.35872"><ele>981.3817458434738</ele></trkpt><trkpt lat="35.08976" lon="-83.35885999999999"><ele>980.9267124232678</ele></trkpt><trkpt lat="35.08964" lon="-83.35892999999999"><ele>979.395087579657</ele></trkpt><trkpt lat="35.08911" lon="-83.35896000000002"><ele>974.7692622593343</ele></trkpt><trkpt lat="35.08875" lon="-83.35908999999998"><ele>970.9707006051519</ele></trkpt><trkpt lat="35.08856" lon="-83.35908999999998"><ele>969.33751822263</ele></trkpt><trkpt lat="35.08832" lon="-83.35901000000001"><ele>969.0657884432003</ele></trkpt><trkpt lat="35.08774" lon="-83.35897"><ele>956.0283229980816</ele></trkpt><trkpt lat="35.08776" lon="-83.35906999999997"><ele>953.4391103629023</ele></trkpt><trkpt lat="35.08774" lon="-83.35908999999998"><ele>952.0102799073239</ele></trkpt><trkpt lat="35.08759" lon="-83.35899999999998"><ele>948.4874619264156</ele></trkpt><trkpt lat="35.08757" lon="-83.35906"><ele>946.827728925347</ele></trkpt><trkpt lat="35.08773" lon="-83.35926"><ele>941.4149439996108</ele></trkpt><trkpt lat="35.08731" lon="-83.35928999999999"><ele>931.5574218556285</ele></trkpt><trkpt lat="35.08732" lon="-83.35937000000001"><ele>928.2885724436492</ele></trkpt><trkpt lat="35.08747" lon="-83.35948000000002"><ele>922.1622008876875</ele></trkpt><trkpt lat="35.08729" lon="-83.35957000000002"><ele>917.9678968880326</ele></trkpt><trkpt lat="35.08717" lon="-83.35959000000003"><ele>916.0358293317258</ele></trkpt><trkpt lat="35.08705" lon="-83.35955999999999"><ele>914.7328085228801</ele></trkpt><trkpt lat="35.08698" lon="-83.35935999999998"><ele>912.5545214503356</ele></trkpt><trkpt lat="35.08691" lon="-83.35953"><ele>907.759413100779</ele></trkpt><trkpt lat="35.08687" lon="-83.35991999999999"><ele>900.8219388036746</ele></trkpt><trkpt lat="35.08681" lon="-83.36018000000001"><ele>896.5398364439607</ele></trkpt><trkpt lat="35.0867" lon="-83.36041"><ele>890.7993456292897</ele></trkpt><trkpt lat="35.08648" lon="-83.36077999999998"><ele>880.269784161821</ele></trkpt><trkpt lat="35.0863" lon="-83.3612"><ele>874.0183499176055</ele></trkpt><trkpt lat="35.08614" lon="-83.36145999999997"><ele>872.1019114001331</ele></trkpt><trkpt lat="35.08581" lon="-83.36160000000001"><ele>867.636960000731</ele></trkpt><trkpt lat="35.08572" lon="-83.36160000000001"><ele>864.636960000731</ele></trkpt><trkpt lat="35.08588" lon="-83.36140999999998"><ele>860.8593176263915</ele></trkpt><trkpt lat="35.08596" lon="-83.36106999999998"><ele>851.268054680464</ele></trkpt><trkpt lat="35.08597" lon="-83.36090999999999"><ele>848.5970268225368</ele></trkpt><trkpt lat="35.08595" lon="-83.36090000000002"><ele>847.0996658718213</ele></trkpt><trkpt lat="35.08563" lon="-83.36111"><ele>833.6617372753099</ele></trkpt><trkpt lat="35.08533" lon="-83.36115999999998"><ele>831.1314737768844</ele></trkpt><trkpt lat="35.08507" lon="-83.36130000000003"><ele>830.6559466682374</ele></trkpt><trkpt lat="35.08502" lon="-83.36133999999998"><ele>831.5776308745662</ele></trkpt><trkpt lat="35.08495269392643" lon="-83.36147835137342"><ele>831.2867370806634</ele></trkpt><trkpt lat="35.08492952920866" lon="-83.36152596783984"><ele>830.967473955825</ele></trkpt><trkpt lat="35.08484" lon="-83.36171000000002"><ele>829.6319951880723</ele></trkpt><trkpt lat="35.08453" lon="-83.36187000000001"><ele>835.2668772937208</ele></trkpt><trkpt lat="35.08439" lon="-83.36201"><ele>837.1791159677052</ele></trkpt><trkpt lat="35.08396" lon="-83.36286000000001"><ele>849.1089793648571</ele></trkpt><trkpt lat="35.08396" lon="-83.36286000000001"><ele>849.1089793648571</ele></trkpt><trkpt lat="35.08381" lon="-83.36315000000002"><ele>852.8989276254631</ele></trkpt><trkpt lat="35.08369" lon="-83.36327"><ele>849.3750955369323</ele></trkpt><trkpt lat="35.08365" lon="-83.36338"><ele>847.4090275550261</ele></trkpt><trkpt lat="35.08367" lon="-83.36343"><ele>846.0186173586551</ele></trkpt><trkpt lat="35.08386" lon="-83.36356"><ele>841.0771148260683</ele></trkpt><trkpt lat="35.08396" lon="-83.36379999999997"><ele>837.5873722545803</ele></trkpt><trkpt lat="35.08396" lon="-83.36379999999997"><ele>837.5873722545803</ele></trkpt><trkpt lat="35.08428" lon="-83.36412999999999"><ele>831.4564942223951</ele></trkpt><trkpt lat="35.08453" lon="-83.36426"><ele>823.7961102221161</ele></trkpt><trkpt lat="35.08453" lon="-83.36426"><ele>823.7961102221161</ele></trkpt><trkpt lat="35.08475" lon="-83.36433999999997"><ele>820.4128316268325</ele></trkpt><trkpt lat="35.08485" lon="-83.36446000000001"><ele>818.0773795545101</ele></trkpt><trkpt lat="35.08495" lon="-83.36448999999999"><ele>815.6365214617554</ele></trkpt><trkpt lat="35.08491" lon="-83.36454000000003"><ele>812.7924295835178</ele></trkpt><trkpt lat="35.08484" lon="-83.36457000000001"><ele>811.9445735680399</ele></trkpt><trkpt lat="35.08467" lon="-83.36446999999998"><ele>809.6113457782194</ele></trkpt><trkpt lat="35.08411" lon="-83.36466999999999"><ele>800.376237314465</ele></trkpt><trkpt lat="35.08396" lon="-83.36464999999998"><ele>799.2227377789095</ele></trkpt><trkpt lat="35.08396" lon="-83.36464999999998"><ele>799.2227377789095</ele></trkpt><trkpt lat="35.08383" lon="-83.36455000000001"><ele>796.2312517603859</ele></trkpt><trkpt lat="35.08364" lon="-83.36445000000003"><ele>794.0709833744913</ele></trkpt><trkpt lat="35.08359" lon="-83.36444"><ele>793.0094471108168</ele></trkpt><trkpt lat="35.08347" lon="-83.36448999999999"><ele>790.358556445688</ele></trkpt><trkpt lat="35.08342" lon="-83.36457999999999"><ele>790.0015213936567</ele></trkpt><trkpt lat="35.08341" lon="-83.36471"><ele>791.5710247475654</ele></trkpt><trkpt lat="35.08345" lon="-83.36487999999997"><ele>785.2930109165609</ele></trkpt><trkpt lat="35.08345" lon="-83.36496999999997"><ele>783.3837437657512</ele></trkpt><trkpt lat="35.08339" lon="-83.36518000000001"><ele>782.8616696953674</ele></trkpt><trkpt lat="35.0833" lon="-83.36526000000003"><ele>779.6231185323643</ele></trkpt><trkpt lat="35.083" lon="-83.36536999999998"><ele>770.6683057779446</ele></trkpt><trkpt lat="35.08289" lon="-83.36554000000001"><ele>771.0</ele></trkpt><trkpt lat="35.08285" lon="-83.36586"><ele>777.4631011132151</ele></trkpt><trkpt lat="35.08279" lon="-83.36601000000002"><ele>779.880096308887</ele></trkpt><trkpt lat="35.08276" lon="-83.36617000000001"><ele>784.5885929651558</ele></trkpt><trkpt lat="35.08272" lon="-83.36624"><ele>784.1233671102673</ele></trkpt><trkpt lat="35.08257" lon="-83.36635999999999"><ele>782.9400189761072</ele></trkpt><trkpt lat="35.08256" lon="-83.36642999999998"><ele>782.715592200055</ele></trkpt><trkpt lat="35.08261" lon="-83.36680000000001"><ele>788.105591266416</ele></trkpt><trkpt lat="35.0827" lon="-83.36705999999998"><ele>794.0055843945593</ele></trkpt><trkpt lat="35.08266" lon="-83.36736000000002"><ele>797.2835772819817</ele></trkpt><trkpt lat="35.08262" lon="-83.36746"><ele>799.5615690536797</ele></trkpt><trkpt lat="35.08249" lon="-83.36743999999999"><ele>802.0</ele></trkpt><trkpt lat="35.08235" lon="-83.36732"><ele>804.049099018661</ele></trkpt><trkpt lat="35.08231" lon="-83.36727000000002"><ele>805.0955641633595</ele></trkpt><trkpt lat="35.08222" lon="-83.36703999999997"><ele>808.0</ele></trkpt><trkpt lat="35.0821" lon="-83.36691000000002"><ele>808.9823068331486</ele></trkpt><trkpt lat="35.08114" lon="-83.36642999999998"><ele>804.2687253337353</ele></trkpt><trkpt lat="35.0811" lon="-83.36644999999999"><ele>802.33665777836</ele></trkpt><trkpt lat="35.08094" lon="-83.36685"><ele>801.2362148426473</ele></trkpt><trkpt lat="35.08062" lon="-83.36720000000003"><ele>808.1765948792926</ele></trkpt><trkpt lat="35.08061" lon="-83.36736000000002"><ele>806.9296998003083</ele></trkpt><trkpt lat="35.0808" lon="-83.36786000000001"><ele>799.1308202498689</ele></trkpt><trkpt lat="35.0808" lon="-83.36801000000003"><ele>796.7115970189801</ele></trkpt><trkpt lat="35.08073" lon="-83.36811"><ele>795.9750506663695</ele></trkpt><trkpt lat="35.08067" lon="-83.36813000000001"><ele>795.0</ele></trkpt><trkpt lat="35.08061" lon="-83.36811"><ele>793.9992710473929</ele></trkpt><trkpt lat="35.08034" lon="-83.36777999999998"><ele>790.5947462860495</ele></trkpt><trkpt lat="35.08028" lon="-83.36761000000001"><ele>790.0492198505501</ele></trkpt><trkpt lat="35.08014" lon="-83.36755"><ele>786.0729422224686</ele></trkpt><trkpt lat="35.08001" lon="-83.36757999999998"><ele>785.5411427767104</ele></trkpt><trkpt lat="35.07989" lon="-83.36756000000003"><ele>784.5750404885039</ele></trkpt><trkpt lat="35.07968" lon="-83.36766999999998"><ele>780.4805368902162</ele></trkpt><trkpt lat="35.07947" lon="-83.36772000000002"><ele>780.100281720981</ele></trkpt><trkpt lat="35.07919" lon="-83.36786000000001"><ele>781.0</ele></trkpt><trkpt lat="35.07915" lon="-83.36793"><ele>783.173104038462</ele></trkpt><trkpt lat="35.07915" lon="-83.36860000000001"><ele>789.0</ele></trkpt><trkpt lat="35.07908" lon="-83.36878999999999"><ele>785.0453947048492</ele></trkpt><trkpt lat="35.07907" lon="-83.36888999999996"><ele>784.8307148605</ele></trkpt><trkpt lat="35.07915" lon="-83.36926"><ele>783.173104038462</ele></trkpt><trkpt lat="35.07934" lon="-83.36960999999997"><ele>787.3530934080482</ele></trkpt><trkpt lat="35.07935" lon="-83.36968000000002"><ele>786.6329659006873</ele></trkpt><trkpt lat="35.07929" lon="-83.36986000000002"><ele>782.5355829465955</ele></trkpt><trkpt lat="35.07929" lon="-83.36996999999997"><ele>781.2004670705646</ele></trkpt><trkpt lat="35.07937" lon="-83.37022999999999"><ele>776.0</ele></trkpt><trkpt lat="35.07952" lon="-83.37047999999999"><ele>772.9513011035745</ele></trkpt><trkpt lat="35.0795" lon="-83.37110000000001"><ele>766.7585140354931</ele></trkpt><trkpt lat="35.07955" lon="-83.37124"><ele>763.1064782226458</ele></trkpt><trkpt lat="35.07962" lon="-83.37128000000001"><ele>761.2423431100324</ele></trkpt><trkpt lat="35.07953" lon="-83.37130000000002"><ele>759.6323371577414</ele></trkpt><trkpt lat="35.07941" lon="-83.37124"><ele>759.0674254870311</ele></trkpt><trkpt lat="35.07928" lon="-83.37095"><ele>757.2300584092736</ele></trkpt><trkpt lat="35.07918" lon="-83.37088"><ele>753.5353170186281</ele></trkpt><trkpt lat="35.07891" lon="-83.37103000000002"><ele>749.8931875545532</ele></trkpt><trkpt lat="35.07858" lon="-83.37110999999999"><ele>745.1649173330516</ele></trkpt><trkpt lat="35.07853" lon="-83.37119999999999"><ele>742.4803318846971</ele></trkpt><trkpt lat="35.07854" lon="-83.37134000000003"><ele>741.9108625967056</ele></trkpt><trkpt lat="35.07859" lon="-83.37158"><ele>741.7552686111404</ele></trkpt><trkpt lat="35.07868" lon="-83.37182000000001"><ele>740.9952776411177</ele></trkpt><trkpt lat="35.07873" lon="-83.37188000000003"><ele>740.8106164196506</ele></trkpt><trkpt lat="35.07901" lon="-83.37200999999999"><ele>732.1133937363096</ele></trkpt><trkpt lat="35.07906" lon="-83.37207999999998"><ele>730.2983634378761</ele></trkpt><trkpt lat="35.07922" lon="-83.37241"><ele>723.6062610447407</ele></trkpt><trkpt lat="35.07938" lon="-83.37290000000002"><ele>717.3111381494468</ele></trkpt><trkpt lat="35.07948" lon="-83.37310000000002"><ele>720.7371844997851</ele></trkpt><trkpt lat="35.07967" lon="-83.37338"><ele>718.5603834763169</ele></trkpt><trkpt lat="35.07974" lon="-83.37355000000002"><ele>715.5740412920713</ele></trkpt><trkpt lat="35.07979" lon="-83.37376999999998"><ele>715.5267194798216</ele></trkpt><trkpt lat="35.07999" lon="-83.37403999999998"><ele>715.1290936027578</ele></trkpt><trkpt lat="35.08004" lon="-83.37416999999999"><ele>715.4896789137274</ele></trkpt><trkpt lat="35.08004" lon="-83.37434000000002"><ele>713.8142467528046</ele></trkpt><trkpt lat="35.07997" lon="-83.37443000000002"><ele>713.7074723926576</ele></trkpt><trkpt lat="35.07976" lon="-83.37446999999997"><ele>713.5775680011138</ele></trkpt><trkpt lat="35.0797" lon="-83.37450999999999"><ele>710.8614813592285</ele></trkpt><trkpt lat="35.07971" lon="-83.37453"><ele>710.5606498823388</ele></trkpt><trkpt lat="35.0799" lon="-83.37466"><ele>706.7229262217879</ele></trkpt><trkpt lat="35.08004" lon="-83.37471"><ele>704.6901112629614</ele></trkpt><trkpt lat="35.0802" lon="-83.37463000000002"><ele>702.0457476040642</ele></trkpt><trkpt lat="35.08027" lon="-83.37464"><ele>699.0466189906001</ele></trkpt><trkpt lat="35.08027" lon="-83.37473999999997"><ele>696.9967488458765</ele></trkpt><trkpt lat="35.08022" lon="-83.37486999999999"><ele>694.9362168889493</ele></trkpt><trkpt lat="35.07999" lon="-83.37516"><ele>691.616324921908</ele></trkpt><trkpt lat="35.07987" lon="-83.37518999999998"><ele>690.0231360010803</ele></trkpt><trkpt lat="35.0799" lon="-83.37526000000003"><ele>688.8894425420713</ele></trkpt><trkpt lat="35.07999" lon="-83.37531000000001"><ele>687.4307306660339</ele></trkpt><trkpt lat="35.08013" lon="-83.37522000000001"><ele>684.7616562675721</ele></trkpt><trkpt lat="35.08015" lon="-83.37522999999999"><ele>683.3843978578225</ele></trkpt><trkpt lat="35.07999" lon="-83.37562000000003"><ele>678.0</ele></trkpt><trkpt lat="35.07999" lon="-83.37562000000003"><ele>678.0</ele></trkpt><trkpt lat="35.07989" lon="-83.37569000000002"><ele>675.0</ele></trkpt><trkpt lat="35.07983" lon="-83.37578000000002"><ele>670.787810588758</ele></trkpt><trkpt lat="35.07987" lon="-83.37601000000001"><ele>662.8083662213758</ele></trkpt><trkpt lat="35.07985" lon="-83.37612999999999"><ele>658.2159608900547</ele></trkpt><trkpt lat="35.07991" lon="-83.37630000000001"><ele>652.2933866651729</ele></trkpt><trkpt lat="35.07992" lon="-83.37649999999996"><ele>645.9727111123502</ele></trkpt><trkpt lat="35.07997" lon="-83.37661000000003"><ele>642.8463395535946</ele></trkpt><trkpt lat="35.07997" lon="-83.37661000000003"><ele>642.8463395535946</ele></trkpt><trkpt lat="35.07996" lon="-83.37676999999996"><ele>641.0</ele></trkpt><trkpt lat="35.07996" lon="-83.37676999999996"><ele>641.0</ele></trkpt><trkpt lat="35.0812504880707" lon="-83.37648231157658"><ele>638.0</ele></trkpt><trkpt lat="35.08128607105128" lon="-83.37647437950693"><ele>638.0</ele></trkpt><trkpt lat="35.08153" lon="-83.37642"><ele>637.0</ele></trkpt><trkpt lat="35.08234" lon="-83.37628999999998"><ele>636.0</ele></trkpt><trkpt lat="35.08323" lon="-83.37630000000001"><ele>634.0</ele></trkpt><trkpt lat="35.08396" lon="-83.37635"><ele>633.0</ele></trkpt><trkpt lat="35.08396" lon="-83.37635"><ele>633.0</ele></trkpt><trkpt lat="35.08459" lon="-83.37637000000001"><ele>635.0</ele></trkpt><trkpt lat="35.08488" lon="-83.37635"><ele>636.0</ele></trkpt><trkpt lat="35.08674" lon="-83.37606"><ele>636.0</ele></trkpt><trkpt lat="35.08674" lon="-83.37606"><ele>636.0</ele></trkpt><trkpt lat="35.08674" lon="-83.37606"><ele>636.0</ele></trkpt><trkpt lat="35.0871" lon="-83.37588"><ele>636.0</ele></trkpt><trkpt lat="35.087742967886186" lon="-83.37539596799581"><ele>636.0</ele></trkpt><trkpt lat="35.087742967886186" lon="-83.37539596799581"><ele>636.0</ele></trkpt><trkpt lat="35.08799" lon="-83.37520999999998"><ele>636.0</ele></trkpt><trkpt lat="35.08827" lon="-83.37509"><ele>635.9316829932268</ele></trkpt><trkpt lat="35.08839" lon="-83.37508000000003"><ele>635.149507554248</ele></trkpt><trkpt lat="35.08863" lon="-83.37508000000003"><ele>636.0</ele></trkpt><trkpt lat="35.08925" lon="-83.37524000000002"><ele>635.0</ele></trkpt><trkpt lat="35.08952" lon="-83.37527999999998"><ele>634.0</ele></trkpt><trkpt lat="35.08952" lon="-83.37527999999998"><ele>634.0</ele></trkpt><trkpt lat="35.08952" lon="-83.37527999999998"><ele>634.0</ele></trkpt><trkpt lat="35.08973" lon="-83.37527"><ele>634.0</ele></trkpt><trkpt lat="35.09077" lon="-83.37515000000002"><ele>631.0</ele></trkpt><trkpt lat="35.09102" lon="-83.37515000000002"><ele>630.0</ele></trkpt><trkpt lat="35.09127" lon="-83.37518"><ele>629.489169777371</ele></trkpt><trkpt lat="35.09127" lon="-83.37518"><ele>629.489169777371</ele></trkpt><trkpt lat="35.09127" lon="-83.37518"><ele>629.489169777371</ele></trkpt><trkpt lat="35.09212070067096" lon="-83.37542575797158"><ele>632.0</ele></trkpt><trkpt lat="35.09212070067096" lon="-83.37542575797158"><ele>632.0</ele></trkpt><trkpt lat="35.09217" lon="-83.37544000000003"><ele>632.0</ele></trkpt><trkpt lat="35.09247" lon="-83.37543"><ele>633.0</ele></trkpt><trkpt lat="35.09266" lon="-83.37534"><ele>634.0</ele></trkpt><trkpt lat="35.09306" lon="-83.37500999999997"><ele>635.9810644937176</ele></trkpt><trkpt lat="35.09341" lon="-83.37459999999999"><ele>636.0</ele></trkpt><trkpt lat="35.09378" lon="-83.37405999999999"><ele>638.0</ele></trkpt><trkpt lat="35.09378" lon="-83.37405999999999"><ele>638.0</ele></trkpt><trkpt lat="35.09376" lon="-83.37401999999997"><ele>638.0</ele></trkpt><trkpt lat="35.09379" lon="-83.37391000000002"><ele>637.7372711153029</ele></trkpt><trkpt lat="35.09400228653486" lon="-83.37366079406775"><ele>637.4991830129733</ele></trkpt><trkpt lat="35.09402879780062" lon="-83.37363310444181"><ele>637.1785330278452</ele></trkpt><trkpt lat="35.09402" lon="-83.37364000000002"><ele>637.0</ele></trkpt><trkpt lat="35.09379" lon="-83.37391000000002"><ele>637.7372711153029</ele></trkpt><trkpt lat="35.09376" lon="-83.37401999999997"><ele>638.0</ele></trkpt><trkpt lat="35.09378" lon="-83.37405999999999"><ele>638.0</ele></trkpt><trkpt lat="35.09378" lon="-83.37405999999999"><ele>638.0</ele></trkpt><trkpt lat="35.09378" lon="-83.37405999999999"><ele>638.0</ele></trkpt><trkpt lat="35.09406" lon="-83.37376999999998"><ele>640.0</ele></trkpt><trkpt lat="35.09417" lon="-83.37367999999998"><ele>640.3942364454269</ele></trkpt><trkpt lat="35.0943" lon="-83.37362999999999"><ele>641.4777407587817</ele></trkpt><trkpt lat="35.09447" lon="-83.37360000000001"><ele>643.0</ele></trkpt><trkpt lat="35.09533" lon="-83.37371000000002"><ele>648.0</ele></trkpt><trkpt lat="35.09598" lon="-83.37369999999999"><ele>653.0</ele></trkpt><trkpt lat="35.09698" lon="-83.37356999999997"><ele>660.0</ele></trkpt><trkpt lat="35.09756" lon="-83.37346000000002"><ele>664.0</ele></trkpt><trkpt lat="35.09776" lon="-83.37335999999999"><ele>665.0</ele></trkpt><trkpt lat="35.09776" lon="-83.37335999999999"><ele>665.0</ele></trkpt><trkpt lat="35.09776" lon="-83.37335999999999"><ele>665.0</ele></trkpt><trkpt lat="35.09787" lon="-83.37326999999999"><ele>666.0</ele></trkpt><trkpt lat="35.09829" lon="-83.37266999999997"><ele>670.4636480007321</ele></trkpt><trkpt lat="35.09845" lon="-83.37251000000003"><ele>671.0</ele></trkpt><trkpt lat="35.09859497696452" lon="-83.37244657257804"><ele>672.0</ele></trkpt><trkpt lat="35.098607552838835" lon="-83.37244107063304"><ele>672.0</ele></trkpt><trkpt lat="35.09877" lon="-83.37236999999999"><ele>672.0</ele></trkpt><trkpt lat="35.09877" lon="-83.37236999999999"><ele>672.0</ele></trkpt><trkpt lat="35.09949" lon="-83.37227999999999"><ele>668.0</ele></trkpt><trkpt lat="35.09963" lon="-83.37229000000002"><ele>667.0</ele></trkpt><trkpt lat="35.09982" lon="-83.37233000000003"><ele>665.3087964430451</ele></trkpt><trkpt lat="35.09995" lon="-83.37241"><ele>664.5805262215436</ele></trkpt><trkpt lat="35.10008" lon="-83.37254000000001"><ele>664.0</ele></trkpt><trkpt lat="35.10069" lon="-83.37317000000002"><ele>658.3650283552706</ele></trkpt><trkpt lat="35.10146" lon="-83.37389999999999"><ele>653.0</ele></trkpt><trkpt lat="35.101613685177384" lon="-83.37401230839885"><ele>652.0</ele></trkpt><trkpt lat="35.101613685177384" lon="-83.37401230839885"><ele>652.0</ele></trkpt><trkpt lat="35.10172" lon="-83.37409000000002"><ele>651.6933847423643</ele></trkpt><trkpt lat="35.10193" lon="-83.37419"><ele>650.0</ele></trkpt><trkpt lat="35.10193" lon="-83.37419"><ele>650.0</ele></trkpt><trkpt lat="35.10217" lon="-83.37425000000002"><ele>648.0</ele></trkpt><trkpt lat="35.10236" lon="-83.37425999999999"><ele>647.0</ele></trkpt><trkpt lat="35.102529284715075" lon="-83.37423956908611"><ele>645.8714588512485</ele></trkpt><trkpt lat="35.102529284715075" lon="-83.37423956908611"><ele>645.8714588512485</ele></trkpt><trkpt lat="35.10294" lon="-83.37419"><ele>643.0</ele></trkpt><trkpt lat="35.1033" lon="-83.37403"><ele>641.0</ele></trkpt><trkpt lat="35.10374" lon="-83.37374"><ele>638.8498476620302</ele></trkpt><trkpt lat="35.10397" lon="-83.37364000000002"><ele>638.0</ele></trkpt><trkpt lat="35.10417" lon="-83.37360000000001"><ele>637.0</ele></trkpt><trkpt lat="35.10439" lon="-83.37360000000001"><ele>637.0</ele></trkpt><trkpt lat="35.10478" lon="-83.37371000000002"><ele>636.0</ele></trkpt><trkpt lat="35.10487873242299" lon="-83.37378316764216"><ele>636.0</ele></trkpt><trkpt lat="35.10487873242299" lon="-83.37378316764216"><ele>636.0</ele></trkpt><trkpt lat="35.10517035694488" lon="-83.37399928228189"><ele>636.0</ele></trkpt><trkpt lat="35.10517035694488" lon="-83.37399928228189"><ele>636.0</ele></trkpt><trkpt lat="35.10574644060475" lon="-83.3744262014992"><ele>638.0</ele></trkpt><trkpt lat="35.10574644060475" lon="-83.3744262014992"><ele>638.0</ele></trkpt><trkpt lat="35.1059" lon="-83.37454000000002"><ele>639.0</ele></trkpt><trkpt lat="35.10617" lon="-83.37471"><ele>639.0</ele></trkpt><trkpt lat="35.10668" lon="-83.37493999999998"><ele>640.0</ele></trkpt><trkpt lat="35.10695" lon="-83.375"><ele>640.0</ele></trkpt><trkpt lat="35.1071" lon="-83.37499000000003"><ele>640.0</ele></trkpt><trkpt lat="35.10737" lon="-83.37490000000003"><ele>639.0</ele></trkpt><trkpt lat="35.10784" lon="-83.37466999999998"><ele>636.0490442927586</ele></trkpt><trkpt lat="35.10828" lon="-83.37439"><ele>635.0</ele></trkpt><trkpt lat="35.10828" lon="-83.37439"><ele>635.0</ele></trkpt><trkpt lat="35.10828" lon="-83.37439"><ele>635.0</ele></trkpt><trkpt lat="35.10869" lon="-83.37407999999999"><ele>634.0</ele></trkpt><trkpt lat="35.10892" lon="-83.37385999999998"><ele>635.0</ele></trkpt><trkpt lat="35.10914" lon="-83.37350000000004"><ele>636.0</ele></trkpt><trkpt lat="35.10935" lon="-83.37283000000002"><ele>639.0</ele></trkpt><trkpt lat="35.10959" lon="-83.37225000000001"><ele>642.0</ele></trkpt><trkpt lat="35.10972" lon="-83.37198000000001"><ele>644.0</ele></trkpt><trkpt lat="35.109829412922394" lon="-83.37179946867809"><ele>645.0</ele></trkpt><trkpt lat="35.109829412922394" lon="-83.37179946867809"><ele>645.0</ele></trkpt><trkpt lat="35.10992" lon="-83.37164999999999"><ele>646.0</ele></trkpt><trkpt lat="35.110042454791575" lon="-83.37150305425013"><ele>647.0</ele></trkpt><trkpt lat="35.110042454791575" lon="-83.37150305425013"><ele>647.0</ele></trkpt><trkpt lat="35.11017" lon="-83.37135"><ele>648.3234985039625</ele></trkpt><trkpt lat="35.11044" lon="-83.37110999999999"><ele>650.0</ele></trkpt><trkpt lat="35.11088689381977" lon="-83.37077380464933"><ele>652.8327562678605</ele></trkpt><trkpt lat="35.11088689381977" lon="-83.37077380464933"><ele>652.8327562678605</ele></trkpt><trkpt lat="35.11153" lon="-83.37029000000001"><ele>655.0</ele></trkpt><trkpt lat="35.111695745946804" lon="-83.37020488714512"><ele>655.0</ele></trkpt><trkpt lat="35.111695745946804" lon="-83.37020488714512"><ele>655.0</ele></trkpt><trkpt lat="35.1119" lon="-83.37009999999998"><ele>655.0</ele></trkpt><trkpt lat="35.11217" lon="-83.37000999999998"><ele>655.0</ele></trkpt><trkpt lat="35.1125" lon="-83.36995000000002"><ele>654.0</ele></trkpt><trkpt lat="35.113169989405435" lon="-83.36992949012023"><ele>653.0</ele></trkpt><trkpt lat="35.113169989405435" lon="-83.36992949012023"><ele>653.0</ele></trkpt><trkpt lat="35.11348" lon="-83.36991999999998"><ele>652.0</ele></trkpt><trkpt lat="35.11369" lon="-83.36989"><ele>652.0</ele></trkpt><trkpt lat="35.11404" lon="-83.36977000000002"><ele>650.6134435553104</ele></trkpt><trkpt lat="35.1163" lon="-83.36885000000001"><ele>646.4885511109605</ele></trkpt><trkpt lat="35.11647" lon="-83.36883"><ele>647.0</ele></trkpt><trkpt lat="35.11647" lon="-83.36883"><ele>647.0</ele></trkpt><trkpt lat="35.11647" lon="-83.36883"><ele>647.0</ele></trkpt><trkpt lat="35.11659" lon="-83.36885999999998"><ele>647.0</ele></trkpt><trkpt lat="35.11659" lon="-83.36885999999998"><ele>647.0</ele></trkpt><trkpt lat="35.11659" lon="-83.36885999999998"><ele>647.0</ele></trkpt><trkpt lat="35.11689" lon="-83.36897999999997"><ele>648.0</ele></trkpt><trkpt lat="35.11706" lon="-83.36901999999998"><ele>649.0</ele></trkpt><trkpt lat="35.11721" lon="-83.36901999999998"><ele>648.434023110196</ele></trkpt><trkpt lat="35.1172563967266" lon="-83.3690006680306"><ele>648.0</ele></trkpt><trkpt lat="35.1172610338173" lon="-83.36899873598111"><ele>648.0</ele></trkpt><trkpt lat="35.11781" lon="-83.36876999999998"><ele>646.0</ele></trkpt><trkpt lat="35.118" lon="-83.36876000000001"><ele>646.9235190853414</ele></trkpt><trkpt lat="35.11811" lon="-83.36881"><ele>647.0</ele></trkpt><trkpt lat="35.11826" lon="-83.36894000000001"><ele>648.0</ele></trkpt><trkpt lat="35.11844" lon="-83.36918000000003"><ele>650.0</ele></trkpt><trkpt lat="35.11844" lon="-83.36918000000003"><ele>650.0</ele></trkpt><trkpt lat="35.11844" lon="-83.36918000000003"><ele>650.0</ele></trkpt><trkpt lat="35.11879" lon="-83.37011000000001"><ele>655.4092427043975</ele></trkpt><trkpt lat="35.11889" lon="-83.37031000000002"><ele>657.0</ele></trkpt><trkpt lat="35.11904" lon="-83.37050999999997"><ele>657.9983871681669</ele></trkpt><trkpt lat="35.11923" lon="-83.37067000000002"><ele>658.0</ele></trkpt><trkpt lat="35.11991" lon="-83.37103000000002"><ele>655.5193159040296</ele></trkpt><trkpt lat="35.11991" lon="-83.37103000000002"><ele>655.5193159040296</ele></trkpt><trkpt lat="35.12001" lon="-83.37117"><ele>654.5448469735837</ele></trkpt><trkpt lat="35.12001" lon="-83.37117"><ele>654.5448469735837</ele></trkpt><trkpt lat="35.12001" lon="-83.37117"><ele>654.5448469735837</ele></trkpt><trkpt lat="35.12007" lon="-83.37131"><ele>654.0</ele></trkpt><trkpt lat="35.1201" lon="-83.37176"><ele>652.0</ele></trkpt><trkpt lat="35.12008" lon="-83.37198000000001"><ele>651.0</ele></trkpt><trkpt lat="35.12008" lon="-83.37198000000001"><ele>651.0</ele></trkpt><trkpt lat="35.12008" lon="-83.37198000000001"><ele>651.0</ele></trkpt><trkpt lat="35.12004" lon="-83.37215000000003"><ele>650.6892332227196</ele></trkpt><trkpt lat="35.11991" lon="-83.37252000000001"><ele>649.0</ele></trkpt><trkpt lat="35.11991" lon="-83.37252000000001"><ele>649.0</ele></trkpt><trkpt lat="35.1198" lon="-83.37284999999997"><ele>647.7094878211593</ele></trkpt><trkpt lat="35.11973" lon="-83.37331"><ele>646.0</ele></trkpt><trkpt lat="35.11974" lon="-83.37362000000002"><ele>645.0</ele></trkpt><trkpt lat="35.11977" lon="-83.37374999999997"><ele>644.0</ele></trkpt><trkpt lat="35.11983" lon="-83.37385999999998"><ele>643.0</ele></trkpt><trkpt lat="35.11991" lon="-83.37396999999999"><ele>643.0</ele></trkpt><trkpt lat="35.11991" lon="-83.37396999999999"><ele>643.0</ele></trkpt><trkpt lat="35.12006" lon="-83.37405000000001"><ele>641.0</ele></trkpt><trkpt lat="35.1202" lon="-83.37407000000002"><ele>639.8955591805279</ele></trkpt><trkpt lat="35.12127" lon="-83.37392"><ele>632.0</ele></trkpt><trkpt lat="35.12145" lon="-83.37385"><ele>631.0</ele></trkpt><trkpt lat="35.12226" lon="-83.3734"><ele>623.5234328750521</ele></trkpt><trkpt lat="35.12241" lon="-83.37335999999999"><ele>622.0</ele></trkpt><trkpt lat="35.12251870231706" lon="-83.37338090429176"><ele>621.3331067273393</ele></trkpt><trkpt lat="35.12251870231706" lon="-83.37338090429176"><ele>621.3331067273393</ele></trkpt><trkpt lat="35.12267" lon="-83.37341000000004"><ele>621.0</ele></trkpt><trkpt lat="35.12267" lon="-83.37341000000004"><ele>621.0</ele></trkpt><trkpt lat="35.12259" lon="-83.37364000000002"><ele>615.53754542768</ele></trkpt><trkpt lat="35.12259" lon="-83.37364000000002"><ele>615.53754542768</ele></trkpt><trkpt lat="35.12248" lon="-83.37394999999998"><ele>618.9905644383088</ele></trkpt><trkpt lat="35.12248" lon="-83.37394999999998"><ele>618.9905644383088</ele></trkpt><trkpt lat="35.1222663812248" lon="-83.37455315889474"><ele>619.0</ele></trkpt><trkpt lat="35.1222663812248" lon="-83.37455315889474"><ele>619.0</ele></trkpt><trkpt lat="35.122221229379576" lon="-83.3746806464577"><ele>619.0</ele></trkpt><trkpt lat="35.122221229379576" lon="-83.3746806464577"><ele>619.0</ele></trkpt><trkpt lat="35.12214" lon="-83.37491"><ele>619.0</ele></trkpt><trkpt lat="35.12206" lon="-83.37518999999998"><ele>619.0</ele></trkpt><trkpt lat="35.12203" lon="-83.37547"><ele>619.0</ele></trkpt><trkpt lat="35.12211" lon="-83.37779999999998"><ele>619.0</ele></trkpt><trkpt lat="35.12211" lon="-83.37779999999998"><ele>619.0</ele></trkpt><trkpt lat="35.12213" lon="-83.37822"><ele>619.0</ele></trkpt><trkpt lat="35.12213" lon="-83.37822"><ele>619.0</ele></trkpt><trkpt lat="35.12215" lon="-83.37873000000002"><ele>619.7909515295178</ele></trkpt><trkpt lat="35.12214" lon="-83.37883"><ele>620.0</ele></trkpt><trkpt lat="35.12209" lon="-83.37891000000002"><ele>620.0</ele></trkpt><trkpt lat="35.12209" lon="-83.37891000000002"><ele>620.0</ele></trkpt><trkpt lat="35.12238" lon="-83.37912"><ele>621.0</ele></trkpt><trkpt lat="35.12317" lon="-83.37949000000003"><ele>623.0</ele></trkpt><trkpt lat="35.12398" lon="-83.38013000000001"><ele>623.0</ele></trkpt><trkpt lat="35.12461" lon="-83.38072"><ele>625.0</ele></trkpt><trkpt lat="35.1249" lon="-83.38090999999997"><ele>626.0</ele></trkpt><trkpt lat="35.12502" lon="-83.38094999999998"><ele>627.0</ele></trkpt><trkpt lat="35.12557" lon="-83.38094000000001"><ele>627.0</ele></trkpt><trkpt lat="35.12582" lon="-83.38089000000002"><ele>627.0</ele></trkpt><trkpt lat="35.12595" lon="-83.38078999999999"><ele>627.0</ele></trkpt><trkpt lat="35.12612" lon="-83.38062000000002"><ele>628.0137753762276</ele></trkpt><trkpt lat="35.12655" lon="-83.38008000000002"><ele>629.2051344752541</ele></trkpt><trkpt lat="35.12669" lon="-83.38000999999997"><ele>629.0</ele></trkpt><trkpt lat="35.12686" lon="-83.37997999999999"><ele>628.7929564444348</ele></trkpt><trkpt lat="35.12704" lon="-83.38000999999997"><ele>628.0</ele></trkpt><trkpt lat="35.12712" lon="-83.38004999999998"><ele>628.0</ele></trkpt><trkpt lat="35.12726" lon="-83.38015999999999"><ele>627.0</ele></trkpt><trkpt lat="35.12732" lon="-83.38024000000001"><ele>626.0</ele></trkpt><trkpt lat="35.12772" lon="-83.3811"><ele>621.4159604590386</ele></trkpt><trkpt lat="35.12796" lon="-83.38146"><ele>620.0</ele></trkpt><trkpt lat="35.12821" lon="-83.38171"><ele>619.0</ele></trkpt><trkpt lat="35.12847" lon="-83.38179000000002"><ele>620.0</ele></trkpt><trkpt lat="35.1287" lon="-83.38175000000001"><ele>620.4260500092059</ele></trkpt><trkpt lat="35.12882" lon="-83.38171"><ele>621.0</ele></trkpt><trkpt lat="35.12882" lon="-83.38171"><ele>621.0</ele></trkpt><trkpt lat="35.12882" lon="-83.38171"><ele>621.0</ele></trkpt><trkpt lat="35.12924" lon="-83.38150000000002"><ele>621.0</ele></trkpt><trkpt lat="35.12936" lon="-83.38141000000002"><ele>621.0</ele></trkpt><trkpt lat="35.12997" lon="-83.38075000000003"><ele>622.0</ele></trkpt><trkpt lat="35.13082" lon="-83.37968999999998"><ele>625.0</ele></trkpt><trkpt lat="35.13106" lon="-83.37954000000002"><ele>624.364749635308</ele></trkpt><trkpt lat="35.1313" lon="-83.37949000000003"><ele>623.7840082038791</ele></trkpt><trkpt lat="35.13197" lon="-83.37950000000001"><ele>621.0</ele></trkpt><trkpt lat="35.13299" lon="-83.37925000000001"><ele>626.8134222216904</ele></trkpt><trkpt lat="35.1332" lon="-83.37923"><ele>628.0</ele></trkpt><trkpt lat="35.13365993338976" lon="-83.37927106548125"><ele>629.0</ele></trkpt><trkpt lat="35.13365993338976" lon="-83.37927106548125"><ele>629.0</ele></trkpt><trkpt lat="35.13365993338976" lon="-83.37927106548125"><ele>629.0</ele></trkpt><trkpt lat="35.133659933389765" lon="-83.37927106548125"><ele>629.0</ele></trkpt><trkpt lat="35.13365993338976" lon="-83.37927106548125"><ele>629.0</ele></trkpt><trkpt lat="35.13365993338976" lon="-83.37927106548125"><ele>629.0</ele></trkpt><trkpt lat="35.13376" lon="-83.37928"><ele>630.0</ele></trkpt><trkpt lat="35.13398" lon="-83.37925000000001"><ele>630.0</ele></trkpt><trkpt lat="35.1343" lon="-83.37916999999999"><ele>631.0</ele></trkpt><trkpt lat="35.13536" lon="-83.37877000000003"><ele>634.0</ele></trkpt><trkpt lat="35.13561" lon="-83.37878999999998"><ele>635.0</ele></trkpt><trkpt lat="35.13575" lon="-83.37885"><ele>635.6209206106388</ele></trkpt><trkpt lat="35.1359" lon="-83.37898000000001"><ele>636.0</ele></trkpt><trkpt lat="35.13608" lon="-83.37925999999999"><ele>637.0</ele></trkpt><trkpt lat="35.13614" lon="-83.37943999999999"><ele>637.0</ele></trkpt><trkpt lat="35.13631" lon="-83.38017000000002"><ele>638.9256590406794</ele></trkpt><trkpt lat="35.13642138550196" lon="-83.3804910523292"><ele>640.0</ele></trkpt><trkpt lat="35.13643173574215" lon="-83.38052088537444"><ele>640.0</ele></trkpt><trkpt lat="35.13648" lon="-83.38066000000003"><ele>641.0</ele></trkpt><trkpt lat="35.1365" lon="-83.38099"><ele>641.0</ele></trkpt><trkpt lat="35.13646" lon="-83.38152000000002"><ele>640.0</ele></trkpt><trkpt lat="35.13633" lon="-83.38259"><ele>636.0</ele></trkpt><trkpt lat="35.13634" lon="-83.38287000000003"><ele>635.0</ele></trkpt><trkpt lat="35.13639" lon="-83.38315999999998"><ele>633.3617846295238</ele></trkpt><trkpt lat="35.13648" lon="-83.38328000000001"><ele>633.0</ele></trkpt><trkpt lat="35.1366" lon="-83.38333"><ele>634.0</ele></trkpt><trkpt lat="35.1366" lon="-83.38333"><ele>634.0</ele></trkpt><trkpt lat="35.1366" lon="-83.38333"><ele>634.0</ele></trkpt><trkpt lat="35.13715" lon="-83.38323000000003"><ele>635.0</ele></trkpt><trkpt lat="35.13729587402854" lon="-83.38323799309745"><ele>635.0</ele></trkpt><trkpt lat="35.13732474820832" lon="-83.38323957524426"><ele>635.0</ele></trkpt><trkpt lat="35.13788" lon="-83.38326999999998"><ele>634.0</ele></trkpt><trkpt lat="35.13788" lon="-83.38326999999998"><ele>634.0</ele></trkpt><trkpt lat="35.13806" lon="-83.38324"><ele>634.0</ele></trkpt><trkpt lat="35.13806" lon="-83.38324"><ele>634.0</ele></trkpt><trkpt lat="35.13806" lon="-83.38324"><ele>634.0</ele></trkpt><trkpt lat="35.13824" lon="-83.38310000000001"><ele>635.0</ele></trkpt><trkpt lat="35.13856" lon="-83.38231999999999"><ele>642.0</ele></trkpt><trkpt lat="35.13856" lon="-83.38231999999999"><ele>642.0</ele></trkpt><trkpt lat="35.13856" lon="-83.38231999999999"><ele>642.0</ele></trkpt><trkpt lat="35.13865" lon="-83.38218999999998"><ele>643.0</ele></trkpt><trkpt lat="35.13869080186854" lon="-83.38215123822488"><ele>643.9041248989743</ele></trkpt><trkpt lat="35.13869080186854" lon="-83.38215123822488"><ele>643.9041248989743</ele></trkpt><trkpt lat="35.13885" lon="-83.382"><ele>645.0</ele></trkpt><trkpt lat="35.13913" lon="-83.38184000000001"><ele>646.0</ele></trkpt><trkpt lat="35.13975" lon="-83.38155999999998"><ele>647.0</ele></trkpt><trkpt lat="35.13992" lon="-83.38148999999999"><ele>647.0</ele></trkpt><trkpt lat="35.14015" lon="-83.38144999999997"><ele>647.0</ele></trkpt><trkpt lat="35.1414" lon="-83.38144999999997"><ele>655.0</ele></trkpt><trkpt lat="35.14168" lon="-83.38150000000002"><ele>657.0</ele></trkpt><trkpt lat="35.14182" lon="-83.38161000000002"><ele>656.0</ele></trkpt><trkpt lat="35.14191" lon="-83.38177999999999"><ele>654.0</ele></trkpt><trkpt lat="35.14198225745217" lon="-83.38215935162395"><ele>651.0</ele></trkpt><trkpt lat="35.14198225745217" lon="-83.38215935162395"><ele>651.0</ele></trkpt><trkpt lat="35.14203" lon="-83.38241"><ele>649.0</ele></trkpt><trkpt lat="35.14212" lon="-83.38252"><ele>649.0</ele></trkpt><trkpt lat="35.14231" lon="-83.38259"><ele>649.0</ele></trkpt><trkpt lat="35.14282" lon="-83.38252"><ele>649.4203768884763</ele></trkpt><trkpt lat="35.14316" lon="-83.38251000000002"><ele>647.0</ele></trkpt><trkpt lat="35.14405" lon="-83.38265000000001"><ele>640.8180078417063</ele></trkpt><trkpt lat="35.14509" lon="-83.38265000000001"><ele>634.0</ele></trkpt><trkpt lat="35.14533" lon="-83.38269000000003"><ele>632.0</ele></trkpt><trkpt lat="35.14614" lon="-83.38292000000001"><ele>628.0</ele></trkpt><trkpt lat="35.14632" lon="-83.3829"><ele>627.0</ele></trkpt><trkpt lat="35.14635332216784" lon="-83.38288889261071"><ele>627.0</ele></trkpt><trkpt lat="35.146363769524925" lon="-83.38288541017869"><ele>627.0</ele></trkpt><trkpt lat="35.14659" lon="-83.38281"><ele>625.1436867805846</ele></trkpt><trkpt lat="35.14659" lon="-83.38281"><ele>625.1436867805846</ele></trkpt><trkpt lat="35.14659" lon="-83.38281"><ele>625.1436867805846</ele></trkpt><trkpt lat="35.14737" lon="-83.38245"><ele>622.0</ele></trkpt><trkpt lat="35.14751" lon="-83.38245"><ele>621.0</ele></trkpt><trkpt lat="35.14768" lon="-83.38254"><ele>620.0</ele></trkpt><trkpt lat="35.14827201971554" lon="-83.38308268473924"><ele>621.0</ele></trkpt><trkpt lat="35.148288220733754" lon="-83.38309583406908"><ele>621.0</ele></trkpt><trkpt lat="35.148390690358326" lon="-83.38316855444782"><ele>621.0</ele></trkpt><trkpt lat="35.148390690358326" lon="-83.38316855444782"><ele>621.0</ele></trkpt><trkpt lat="35.14859" lon="-83.38331"><ele>623.0</ele></trkpt><trkpt lat="35.14859" lon="-83.38331"><ele>623.0</ele></trkpt><trkpt lat="35.14859" lon="-83.38331"><ele>623.0</ele></trkpt><trkpt lat="35.14886" lon="-83.38342"><ele>625.0</ele></trkpt><trkpt lat="35.14953" lon="-83.38358"><ele>628.0</ele></trkpt><trkpt lat="35.14971" lon="-83.38368000000003"><ele>629.0</ele></trkpt><trkpt lat="35.14988" lon="-83.38385"><ele>631.0</ele></trkpt><trkpt lat="35.15002" lon="-83.38407000000001"><ele>632.0</ele></trkpt><trkpt lat="35.15008" lon="-83.38423"><ele>633.0</ele></trkpt><trkpt lat="35.15015" lon="-83.38457"><ele>635.0</ele></trkpt><trkpt lat="35.15016" lon="-83.38565"><ele>638.0</ele></trkpt><trkpt lat="35.15018" lon="-83.38574"><ele>638.7995890301407</ele></trkpt><trkpt lat="35.15025534027919" lon="-83.38588529910987"><ele>639.0</ele></trkpt><trkpt lat="35.15026989727469" lon="-83.38591337331547"><ele>639.0</ele></trkpt><trkpt lat="35.15032" lon="-83.38601"><ele>640.0</ele></trkpt><trkpt lat="35.15047" lon="-83.38616000000002"><ele>641.0</ele></trkpt><trkpt lat="35.15064" lon="-83.38623000000001"><ele>642.0</ele></trkpt><trkpt lat="35.15073" lon="-83.38621999999998"><ele>642.0</ele></trkpt><trkpt lat="35.15087" lon="-83.38616000000002"><ele>642.0</ele></trkpt><trkpt lat="35.15121" lon="-83.38565"><ele>644.0</ele></trkpt><trkpt lat="35.15172" lon="-83.38524999999998"><ele>645.0</ele></trkpt><trkpt lat="35.15184" lon="-83.38522"><ele>645.0</ele></trkpt><trkpt lat="35.151858375764675" lon="-83.3852337818235"><ele>645.0</ele></trkpt><trkpt lat="35.15196" lon="-83.38531"><ele>645.0</ele></trkpt><trkpt lat="35.15203" lon="-83.38542000000001"><ele>644.0</ele></trkpt><trkpt lat="35.15229375128091" lon="-83.38599740145276"><ele>643.0</ele></trkpt><trkpt lat="35.15229375128091" lon="-83.38599740145276"><ele>643.0</ele></trkpt><trkpt lat="35.1524" lon="-83.38623000000001"><ele>641.0</ele></trkpt><trkpt lat="35.15241220397866" lon="-83.38624806188841"><ele>641.0</ele></trkpt><trkpt lat="35.15265" lon="-83.38659999999999"><ele>638.0</ele></trkpt><trkpt lat="35.15287" lon="-83.38677000000001"><ele>636.0</ele></trkpt><trkpt lat="35.15304" lon="-83.38684999999998"><ele>635.0</ele></trkpt><trkpt lat="35.15304" lon="-83.38684999999998"><ele>635.0</ele></trkpt><trkpt lat="35.15304" lon="-83.38684999999998"><ele>635.0</ele></trkpt><trkpt lat="35.15378" lon="-83.38702"><ele>630.0</ele></trkpt><trkpt lat="35.15403" lon="-83.38716999999997"><ele>629.0</ele></trkpt><trkpt lat="35.15468" lon="-83.38788"><ele>626.0</ele></trkpt><trkpt lat="35.15477" lon="-83.38799"><ele>626.0</ele></trkpt><trkpt lat="35.15477" lon="-83.38799"><ele>626.0</ele></trkpt><trkpt lat="35.15477" lon="-83.38799"><ele>626.0</ele></trkpt><trkpt lat="35.15483" lon="-83.38812000000001"><ele>625.7789994993873</ele></trkpt><trkpt lat="35.15488" lon="-83.38839999999999"><ele>625.0</ele></trkpt><trkpt lat="35.15481" lon="-83.38893000000002"><ele>624.0</ele></trkpt><trkpt lat="35.15474" lon="-83.38920000000002"><ele>624.0</ele></trkpt><trkpt lat="35.15446" lon="-83.38992000000002"><ele>621.4857324138284</ele></trkpt><trkpt lat="35.15439" lon="-83.39021000000002"><ele>621.0</ele></trkpt><trkpt lat="35.15433" lon="-83.39058999999997"><ele>620.0</ele></trkpt><trkpt lat="35.15432" lon="-83.39085"><ele>620.0</ele></trkpt><trkpt lat="35.15435" lon="-83.39116999999999"><ele>620.0</ele></trkpt><trkpt lat="35.15438" lon="-83.39132999999998"><ele>620.1553813330829</ele></trkpt><trkpt lat="35.15454" lon="-83.39177999999998"><ele>621.0</ele></trkpt><trkpt lat="35.15454" lon="-83.39177999999998"><ele>621.0</ele></trkpt><trkpt lat="35.15468" lon="-83.39208000000002"><ele>620.1563454488611</ele></trkpt><trkpt lat="35.15475" lon="-83.39215000000002"><ele>621.0</ele></trkpt><trkpt lat="35.15508793058707" lon="-83.39230596796324"><ele>622.0</ele></trkpt><trkpt lat="35.15508793058707" lon="-83.39230596796324"><ele>622.0</ele></trkpt><trkpt lat="35.15514" lon="-83.39233000000002"><ele>622.0</ele></trkpt><trkpt lat="35.15585" lon="-83.39274999999998"><ele>625.0</ele></trkpt><trkpt lat="35.15585" lon="-83.39274999999998"><ele>625.0</ele></trkpt><trkpt lat="35.15621387898831" lon="-83.39297063250876"><ele>626.0</ele></trkpt><trkpt lat="35.15621387898831" lon="-83.39297063250876"><ele>626.0</ele></trkpt><trkpt lat="35.157652735759704" lon="-83.39384306150134"><ele>623.0</ele></trkpt><trkpt lat="35.157652735759704" lon="-83.39384306150134"><ele>623.0</ele></trkpt><trkpt lat="35.157871665863155" lon="-83.39397580645095"><ele>621.0076293189919</ele></trkpt><trkpt lat="35.157871665863155" lon="-83.39397580645095"><ele>621.0076293189919</ele></trkpt><trkpt lat="35.15806" lon="-83.39409"><ele>621.0</ele></trkpt><trkpt lat="35.15815291956991" lon="-83.39411654844855"><ele>621.0</ele></trkpt><trkpt lat="35.15815291956991" lon="-83.39411654844855"><ele>621.0</ele></trkpt><trkpt lat="35.15834" lon="-83.39417000000003"><ele>620.508974224329</ele></trkpt><trkpt lat="35.15834" lon="-83.39417000000003"><ele>620.508974224329</ele></trkpt><trkpt lat="35.15864" lon="-83.39416"><ele>617.4390380494297</ele></trkpt><trkpt lat="35.15864" lon="-83.39416"><ele>617.4390380494297</ele></trkpt><trkpt lat="35.15884" lon="-83.39413000000002"><ele>620.818914828822</ele></trkpt><trkpt lat="35.15884" lon="-83.39413000000002"><ele>620.818914828822</ele></trkpt><trkpt lat="35.159117973065015" lon="-83.39406290316407"><ele>621.0</ele></trkpt><trkpt lat="35.1591391074093" lon="-83.39405420437589"><ele>621.0</ele></trkpt><trkpt lat="35.15924" lon="-83.39399000000003"><ele>621.9844987908346</ele></trkpt><trkpt lat="35.15924" lon="-83.39399000000003"><ele>621.9844987908346</ele></trkpt><trkpt lat="35.1593" lon="-83.39411999999999"><ele>622.4025812000036</ele></trkpt><trkpt lat="35.1593" lon="-83.39411999999999"><ele>622.4025812000036</ele></trkpt><trkpt lat="35.1593" lon="-83.39411999999999"><ele>622.4025812000036</ele></trkpt><trkpt lat="35.15953" lon="-83.39528999999999"><ele>623.1515731027198</ele></trkpt><trkpt lat="35.15971" lon="-83.39569"><ele>622.0</ele></trkpt><trkpt lat="35.15979" lon="-83.39591000000001"><ele>621.0</ele></trkpt><trkpt lat="35.15982" lon="-83.39620000000002"><ele>620.9555490873754</ele></trkpt><trkpt lat="35.15982" lon="-83.39663996786459"><ele>621.0</ele></trkpt><trkpt lat="35.15982" lon="-83.39663996786459"><ele>621.0</ele></trkpt><trkpt lat="35.15982" lon="-83.39701000000002"><ele>624.0</ele></trkpt><trkpt lat="35.15988" lon="-83.39731999999998"><ele>628.0</ele></trkpt><trkpt lat="35.16007" lon="-83.39776999999998"><ele>634.0</ele></trkpt><trkpt lat="35.16054" lon="-83.39853"><ele>644.0</ele></trkpt><trkpt lat="35.16082402891992" lon="-83.39904308450048"><ele>649.0</ele></trkpt><trkpt lat="35.1608370742756" lon="-83.39906664923899"><ele>649.7093685520813</ele></trkpt><trkpt lat="35.16116" lon="-83.39965000000001"><ele>652.0</ele></trkpt><trkpt lat="35.161218578397495" lon="-83.39974138230008"><ele>652.0</ele></trkpt><trkpt lat="35.161218578397495" lon="-83.39974138230008"><ele>652.0</ele></trkpt><trkpt lat="35.16141" lon="-83.40003999999999"><ele>650.0</ele></trkpt><trkpt lat="35.16160705415534" lon="-83.40024976732661"><ele>649.0</ele></trkpt><trkpt lat="35.16160705415534" lon="-83.40024976732661"><ele>649.0</ele></trkpt><trkpt lat="35.16172" lon="-83.40037000000001"><ele>648.8058789794395</ele></trkpt><trkpt lat="35.16206" lon="-83.40061000000003"><ele>647.0</ele></trkpt><trkpt lat="35.16247" lon="-83.40088000000003"><ele>646.0</ele></trkpt><trkpt lat="35.162569114031704" lon="-83.40093256047135"><ele>646.0</ele></trkpt><trkpt lat="35.162569114031704" lon="-83.40093256047135"><ele>646.0</ele></trkpt><trkpt lat="35.16313" lon="-83.40123"><ele>647.7307945862412</ele></trkpt><trkpt lat="35.16326" lon="-83.40136999999999"><ele>649.0</ele></trkpt><trkpt lat="35.163507165243814" lon="-83.40176321743331"><ele>652.0</ele></trkpt><trkpt lat="35.163507165243814" lon="-83.40176321743331"><ele>652.0</ele></trkpt><trkpt lat="35.1637" lon="-83.40206999999998"><ele>652.0</ele></trkpt><trkpt lat="35.1638" lon="-83.4022"><ele>651.0749627109617</ele></trkpt><trkpt lat="35.16398" lon="-83.40235999999999"><ele>650.0</ele></trkpt><trkpt lat="35.16447" lon="-83.40260999999998"><ele>643.8804053664207</ele></trkpt><trkpt lat="35.16482" lon="-83.40287999999998"><ele>643.0</ele></trkpt><trkpt lat="35.16482" lon="-83.40287999999998"><ele>643.0</ele></trkpt><trkpt lat="35.16482" lon="-83.40287999999998"><ele>643.0</ele></trkpt><trkpt lat="35.16499" lon="-83.40298000000001"><ele>643.0</ele></trkpt><trkpt lat="35.16518" lon="-83.40303"><ele>643.0</ele></trkpt><trkpt lat="35.16541930965543" lon="-83.40304994247128"><ele>643.0</ele></trkpt><trkpt lat="35.16541930965543" lon="-83.40304994247128"><ele>643.0</ele></trkpt><trkpt lat="35.16554" lon="-83.40305999999998"><ele>643.0</ele></trkpt><trkpt lat="35.16605707660834" lon="-83.40329952813477"><ele>639.0</ele></trkpt><trkpt lat="35.16605707660834" lon="-83.40329952813477"><ele>639.0</ele></trkpt><trkpt lat="35.1669" lon="-83.40368999999998"><ele>636.0</ele></trkpt><trkpt lat="35.16707" lon="-83.40373999999997"><ele>636.0</ele></trkpt><trkpt lat="35.16732" lon="-83.40377000000001"><ele>636.0</ele></trkpt><trkpt lat="35.16732" lon="-83.40377000000001"><ele>636.0</ele></trkpt><trkpt lat="35.16713819451664" lon="-83.40575975913703"><ele>646.630897638388</ele></trkpt><trkpt lat="35.16713819451664" lon="-83.40575975913703"><ele>646.630897638388</ele></trkpt><trkpt lat="35.16696" lon="-83.40771000000001"><ele>653.9640589573157</ele></trkpt><trkpt lat="35.16696" lon="-83.40771000000001"><ele>653.9640589573157</ele></trkpt><trkpt lat="35.16761" lon="-83.40759000000003"><ele>654.0</ele></trkpt><trkpt lat="35.16846" lon="-83.40751999999998"><ele>655.0</ele></trkpt><trkpt lat="35.16940032323478" lon="-83.40748135657941"><ele>652.0</ele></trkpt><trkpt lat="35.16940032323478" lon="-83.40748135657941"><ele>652.0</ele></trkpt><trkpt lat="35.1699699440407" lon="-83.40745794750518"><ele>653.0</ele></trkpt><trkpt lat="35.1699699440407" lon="-83.40745794750518"><ele>653.0</ele></trkpt><trkpt lat="35.17065" lon="-83.40742999999998"><ele>653.0</ele></trkpt><trkpt lat="35.17065" lon="-83.40742999999998"><ele>653.0</ele></trkpt><trkpt lat="35.1705" lon="-83.40771000000001"><ele>653.0</ele></trkpt><trkpt lat="35.1705" lon="-83.40771000000001"><ele>653.0</ele></trkpt><trkpt lat="35.17071" lon="-83.40819999999997"><ele>654.0</ele></trkpt><trkpt lat="35.17071" lon="-83.40819999999997"><ele>654.0</ele></trkpt><trkpt lat="35.17075103361971" lon="-83.40825997221339"><ele>654.0</ele></trkpt><trkpt lat="35.17075103361971" lon="-83.40825997221339"><ele>654.0</ele></trkpt><trkpt lat="35.17084" lon="-83.40839"><ele>655.0561477957965</ele></trkpt><trkpt lat="35.17132" lon="-83.40868"><ele>658.0</ele></trkpt><trkpt lat="35.17132" lon="-83.40868"><ele>658.0</ele></trkpt><trkpt lat="35.17132" lon="-83.40868"><ele>658.0</ele></trkpt><trkpt lat="35.17151" lon="-83.40885000000003"><ele>660.0</ele></trkpt><trkpt lat="35.17163" lon="-83.40903000000003"><ele>661.0</ele></trkpt><trkpt lat="35.17179" lon="-83.40944000000002"><ele>663.0</ele></trkpt><trkpt lat="35.171824061436695" lon="-83.40966139933852"><ele>663.371802335605</ele></trkpt><trkpt lat="35.171824061436695" lon="-83.40966139933852"><ele>663.371802335605</ele></trkpt><trkpt lat="35.17187" lon="-83.40996000000001"><ele>664.0</ele></trkpt><trkpt lat="35.17188" lon="-83.41035999999997"><ele>663.0</ele></trkpt><trkpt lat="35.17197" lon="-83.41120999999998"><ele>662.0</ele></trkpt><trkpt lat="35.171951886237935" lon="-83.41217002938947"><ele>663.7857991788338</ele></trkpt><trkpt lat="35.171951886237935" lon="-83.41217002938947"><ele>663.7857991788338</ele></trkpt><trkpt lat="35.17195" lon="-83.41227000000003"><ele>664.0</ele></trkpt><trkpt lat="35.17194051758236" lon="-83.41236008296767"><ele>664.0</ele></trkpt><trkpt lat="35.17194051758236" lon="-83.41236008296767"><ele>664.0</ele></trkpt><trkpt lat="35.17191430849872" lon="-83.4126090692622"><ele>664.0</ele></trkpt><trkpt lat="35.17191430849872" lon="-83.4126090692622"><ele>664.0</ele></trkpt><trkpt lat="35.17189" lon="-83.41284000000002"><ele>664.0</ele></trkpt><trkpt lat="35.171879069104655" lon="-83.41289975556123"><ele>664.0</ele></trkpt><trkpt lat="35.171879069104655" lon="-83.41289975556123"><ele>664.0</ele></trkpt><trkpt lat="35.17179338806177" lon="-83.41336814526233"><ele>665.0</ele></trkpt><trkpt lat="35.17179338806177" lon="-83.41336814526233"><ele>665.0</ele></trkpt><trkpt lat="35.17174" lon="-83.41366"><ele>666.0</ele></trkpt><trkpt lat="35.17175" lon="-83.41386"><ele>666.0</ele></trkpt><trkpt lat="35.17183474848377" lon="-83.4140671629603"><ele>666.7880604317094</ele></trkpt><trkpt lat="35.17183474848377" lon="-83.4140671629603"><ele>666.7880604317094</ele></trkpt><trkpt lat="35.17198549069617" lon="-83.41443564392398"><ele>667.0</ele></trkpt><trkpt lat="35.17198549069617" lon="-83.41443564392398"><ele>667.0</ele></trkpt><trkpt lat="35.171997613505944" lon="-83.41446527745893"><ele>667.0</ele></trkpt><trkpt lat="35.171997613505944" lon="-83.41446527745893"><ele>667.0</ele></trkpt><trkpt lat="35.17211" lon="-83.41474"><ele>667.0</ele></trkpt><trkpt lat="35.17216" lon="-83.41493000000003"><ele>667.0</ele></trkpt><trkpt lat="35.17218" lon="-83.41518000000002"><ele>668.0</ele></trkpt><trkpt lat="35.17216434914491" lon="-83.4152686881788"><ele>668.0</ele></trkpt><trkpt lat="35.17216434914491" lon="-83.4152686881788"><ele>668.0</ele></trkpt><trkpt lat="35.17212" lon="-83.41552000000001"><ele>669.0</ele></trkpt><trkpt lat="35.17201" lon="-83.41577000000001"><ele>670.0</ele></trkpt><trkpt lat="35.17198" lon="-83.41592000000003"><ele>670.3599237876375</ele></trkpt><trkpt lat="35.172002265517655" lon="-83.41600906207066"><ele>671.0</ele></trkpt><trkpt lat="35.172008033070995" lon="-83.41603213228393"><ele>671.0</ele></trkpt><trkpt lat="35.17201" lon="-83.41604000000001"><ele>671.0</ele></trkpt><trkpt lat="35.17201805220395" lon="-83.41605207830594"><ele>671.0</ele></trkpt><trkpt lat="35.172030000002955" lon="-83.41607000000442"><ele>670.9861282471682</ele></trkpt><trkpt lat="35.17207" lon="-83.41613000000001"><ele>670.0</ele></trkpt><trkpt lat="35.17214173981115" lon="-83.41617611845004"><ele>670.0</ele></trkpt><trkpt lat="35.17214173981115" lon="-83.41617611845004"><ele>670.0</ele></trkpt><trkpt lat="35.17249" lon="-83.41640000000001"><ele>667.0</ele></trkpt><trkpt lat="35.17263" lon="-83.41654"><ele>666.0</ele></trkpt><trkpt lat="35.17278" lon="-83.41673000000003"><ele>664.0</ele></trkpt><trkpt lat="35.17278" lon="-83.41673000000003"><ele>664.0</ele></trkpt><trkpt lat="35.17278" lon="-83.41673000000003"><ele>664.0</ele></trkpt><trkpt lat="35.17294" lon="-83.41701999999998"><ele>663.0</ele></trkpt><trkpt lat="35.17294" lon="-83.41701999999998"><ele>663.0</ele></trkpt><trkpt lat="35.17294" lon="-83.41701999999998"><ele>663.0</ele></trkpt><trkpt lat="35.17326" lon="-83.41753"><ele>659.0</ele></trkpt><trkpt lat="35.1737250012624" lon="-83.41811336522011"><ele>655.0</ele></trkpt><trkpt lat="35.17374161379383" lon="-83.41813420614181"><ele>655.0</ele></trkpt><trkpt lat="35.17381" lon="-83.41822000000002"><ele>654.0</ele></trkpt><trkpt lat="35.17381" lon="-83.41822000000002"><ele>654.0</ele></trkpt><trkpt lat="35.17393" lon="-83.41836999999998"><ele>653.0</ele></trkpt><trkpt lat="35.17401" lon="-83.41858000000002"><ele>651.0</ele></trkpt><trkpt lat="35.1740267599733" lon="-83.4186512298865"><ele>651.0</ele></trkpt><trkpt lat="35.1740267599733" lon="-83.4186512298865"><ele>651.0</ele></trkpt><trkpt lat="35.17409" lon="-83.41892000000001"><ele>649.0</ele></trkpt><trkpt lat="35.17411379655084" lon="-83.41987186203357"><ele>643.0</ele></trkpt><trkpt lat="35.17411462897294" lon="-83.41990515891746"><ele>643.0</ele></trkpt><trkpt lat="35.17412" lon="-83.42012"><ele>643.0</ele></trkpt><trkpt lat="35.174177750765956" lon="-83.42032212768083"><ele>643.0</ele></trkpt><trkpt lat="35.174185350013985" lon="-83.42034872504894"><ele>643.0</ele></trkpt><trkpt lat="35.17428" lon="-83.42068"><ele>643.0</ele></trkpt><trkpt lat="35.17439" lon="-83.42084999999997"><ele>643.0</ele></trkpt><trkpt lat="35.17472" lon="-83.42120999999997"><ele>645.0</ele></trkpt><trkpt lat="35.17515" lon="-83.42149999999998"><ele>648.0</ele></trkpt><trkpt lat="35.17571" lon="-83.42180000000002"><ele>653.0</ele></trkpt><trkpt lat="35.1758" lon="-83.4219"><ele>654.0</ele></trkpt><trkpt lat="35.1759" lon="-83.42218000000003"><ele>656.0</ele></trkpt><trkpt lat="35.1759565830519" lon="-83.42242122248445"><ele>658.0</ele></trkpt><trkpt lat="35.1759565830519" lon="-83.42242122248445"><ele>658.0</ele></trkpt><trkpt lat="35.17609" lon="-83.42299000000003"><ele>662.0</ele></trkpt><trkpt lat="35.1761" lon="-83.42320999999998"><ele>663.1383648976091</ele></trkpt><trkpt lat="35.1761" lon="-83.42320999999998"><ele>663.1383648976091</ele></trkpt><trkpt lat="35.17607" lon="-83.4237"><ele>664.0</ele></trkpt><trkpt lat="35.17591" lon="-83.42507"><ele>664.0</ele></trkpt><trkpt lat="35.17592" lon="-83.42518999999999"><ele>664.0</ele></trkpt><trkpt lat="35.17603" lon="-83.42563000000001"><ele>665.0</ele></trkpt><trkpt lat="35.17603" lon="-83.42563000000001"><ele>665.0</ele></trkpt><trkpt lat="35.17603" lon="-83.42563000000001"><ele>665.0</ele></trkpt><trkpt lat="35.17608" lon="-83.42606999999998"><ele>666.0</ele></trkpt><trkpt lat="35.17614" lon="-83.42624"><ele>666.0</ele></trkpt><trkpt lat="35.17655" lon="-83.42678000000001"><ele>664.0</ele></trkpt><trkpt lat="35.17677" lon="-83.42752999999999"><ele>664.0</ele></trkpt><trkpt lat="35.17726721309339" lon="-83.4286717485848"><ele>667.0</ele></trkpt><trkpt lat="35.17726721309339" lon="-83.4286717485848"><ele>667.0</ele></trkpt><trkpt lat="35.17731" lon="-83.42876999999999"><ele>667.0</ele></trkpt><trkpt lat="35.17736" lon="-83.42896000000002"><ele>668.0</ele></trkpt><trkpt lat="35.17740134108672" lon="-83.42925972287878"><ele>670.0</ele></trkpt><trkpt lat="35.17740134108672" lon="-83.42925972287878"><ele>670.0</ele></trkpt><trkpt lat="35.17744" lon="-83.42953999999997"><ele>671.0</ele></trkpt><trkpt lat="35.17744" lon="-83.42953999999997"><ele>671.0</ele></trkpt><trkpt lat="35.17744" lon="-83.42953999999997"><ele>671.0</ele></trkpt><trkpt lat="35.17751" lon="-83.42966999999999"><ele>672.0</ele></trkpt><trkpt lat="35.17751" lon="-83.42966999999999"><ele>672.0</ele></trkpt><trkpt lat="35.17751" lon="-83.42966999999999"><ele>672.0</ele></trkpt><trkpt lat="35.1775479561535" lon="-83.4297223179413"><ele>672.0</ele></trkpt><trkpt lat="35.1775479561535" lon="-83.4297223179413"><ele>672.0</ele></trkpt><trkpt lat="35.17788" lon="-83.43018000000001"><ele>671.3530029840767</ele></trkpt><trkpt lat="35.17788" lon="-83.43018000000001"><ele>671.3530029840767</ele></trkpt><trkpt lat="35.17803" lon="-83.43033000000003"><ele>671.0</ele></trkpt><trkpt lat="35.17832887096171" lon="-83.43055223738179"><ele>670.0</ele></trkpt><trkpt lat="35.17832887096171" lon="-83.43055223738179"><ele>670.0</ele></trkpt><trkpt lat="35.17842" lon="-83.43061999999998"><ele>670.0</ele></trkpt><trkpt lat="35.17852" lon="-83.43074000000001"><ele>670.0</ele></trkpt><trkpt lat="35.17852" lon="-83.43074000000001"><ele>670.0</ele></trkpt><trkpt lat="35.17852" lon="-83.43074000000001"><ele>670.0</ele></trkpt><trkpt lat="35.17859" lon="-83.43087000000003"><ele>670.0</ele></trkpt><trkpt lat="35.17865579782645" lon="-83.4310226509574"><ele>671.0</ele></trkpt><trkpt lat="35.17865579782645" lon="-83.4310226509574"><ele>671.0</ele></trkpt><trkpt lat="35.1786982493798" lon="-83.43112113856114"><ele>671.0</ele></trkpt><trkpt lat="35.1786982493798" lon="-83.43112113856114"><ele>671.0</ele></trkpt><trkpt lat="35.17881879290511" lon="-83.43140079946039"><ele>672.0</ele></trkpt><trkpt lat="35.17881879290511" lon="-83.43140079946039"><ele>672.0</ele></trkpt><trkpt lat="35.1790542515548" lon="-83.43194706360714"><ele>675.0</ele></trkpt><trkpt lat="35.1790542515548" lon="-83.43194706360714"><ele>675.0</ele></trkpt><trkpt lat="35.17909" lon="-83.43203"><ele>675.9128568889573</ele></trkpt><trkpt lat="35.179297756836434" lon="-83.4324118233751"><ele>677.0</ele></trkpt><trkpt lat="35.179297756836434" lon="-83.4324118233751"><ele>677.0</ele></trkpt><trkpt lat="35.17946" lon="-83.43270999999999"><ele>678.0</ele></trkpt><trkpt lat="35.17955" lon="-83.43285000000003"><ele>678.0</ele></trkpt><trkpt lat="35.17968" lon="-83.43299999999999"><ele>679.0</ele></trkpt><trkpt lat="35.17982" lon="-83.43311"><ele>679.0</ele></trkpt><trkpt lat="35.17996" lon="-83.43315000000001"><ele>678.0822721277311</ele></trkpt><trkpt lat="35.17996" lon="-83.43315000000001"><ele>678.0822721277311</ele></trkpt><trkpt lat="35.18006" lon="-83.43318"><ele>678.0</ele></trkpt><trkpt lat="35.18024" lon="-83.43327999999997"><ele>679.0</ele></trkpt><trkpt lat="35.18024" lon="-83.43327999999997"><ele>679.0</ele></trkpt><trkpt lat="35.18038" lon="-83.43333000000001"><ele>678.5929156634921</ele></trkpt><trkpt lat="35.18038" lon="-83.43333000000001"><ele>678.5929156634921</ele></trkpt><trkpt lat="35.18043" lon="-83.43333999999999"><ele>680.0</ele></trkpt><trkpt lat="35.18043" lon="-83.43333999999999"><ele>680.0</ele></trkpt><trkpt lat="35.18051" lon="-83.43338"><ele>681.6712333693182</ele></trkpt><trkpt lat="35.1807" lon="-83.43363999999997"><ele>685.4361457265913</ele></trkpt><trkpt lat="35.18109" lon="-83.43402000000003"><ele>693.6733819786459</ele></trkpt><trkpt lat="35.18124" lon="-83.43432999999999"><ele>695.2261935640126</ele></trkpt><trkpt lat="35.18128" lon="-83.43459999999999"><ele>692.5069459863007</ele></trkpt><trkpt lat="35.18134" lon="-83.43465000000003"><ele>692.9153558838018</ele></trkpt><trkpt lat="35.18154" lon="-83.43474000000003"><ele>693.791989332065</ele></trkpt><trkpt lat="35.18159" lon="-83.43482"><ele>692.0637191105634</ele></trkpt><trkpt lat="35.18159" lon="-83.43486999999999"><ele>691.0</ele></trkpt><trkpt lat="35.18159" lon="-83.43486999999999"><ele>691.0</ele></trkpt><trkpt lat="35.18158" lon="-83.43492000000003"><ele>692.1932373382151</ele></trkpt><trkpt lat="35.18158" lon="-83.43492000000003"><ele>692.1932373382151</ele></trkpt><trkpt lat="35.18144" lon="-83.43493999999998"><ele>692.1586531186476</ele></trkpt><trkpt lat="35.18133" lon="-83.43511999999998"><ele>693.9468936351418</ele></trkpt><trkpt lat="35.18127" lon="-83.43534999999997"><ele>693.9367577731609</ele></trkpt><trkpt lat="35.18128" lon="-83.43555000000003"><ele>695.5069459863007</ele></trkpt><trkpt lat="35.18141" lon="-83.43601000000001"><ele>702.0</ele></trkpt><trkpt lat="35.18156" lon="-83.43666000000002"><ele>716.3067908654255</ele></trkpt><trkpt lat="35.18168" lon="-83.43748"><ele>728.0</ele></trkpt><trkpt lat="35.18187" lon="-83.43779"><ele>729.1481745894998</ele></trkpt><trkpt lat="35.18206" lon="-83.43831"><ele>734.9818425644189</ele></trkpt><trkpt lat="35.18223" lon="-83.43862000000001"><ele>736.0</ele></trkpt><trkpt lat="35.18231" lon="-83.43869000000001"><ele>737.2367074303329</ele></trkpt><trkpt lat="35.18248" lon="-83.43873000000002"><ele>739.9300405867398</ele></trkpt><trkpt lat="35.18254" lon="-83.43876999999998"><ele>741.3512218352407</ele></trkpt><trkpt lat="35.182643399525205" lon="-83.43901909885619"><ele>743.2470363751054</ele></trkpt><trkpt lat="35.18265846195216" lon="-83.43905538543373"><ele>744.0</ele></trkpt><trkpt lat="35.18276" lon="-83.4393"><ele>748.8955746907741</ele></trkpt><trkpt lat="35.18311" lon="-83.43968999999998"><ele>753.0897494413371</ele></trkpt><trkpt lat="35.18331" lon="-83.43984"><ele>755.1147626666352</ele></trkpt><trkpt lat="35.18339" lon="-83.43988000000002"><ele>755.0688550835475</ele></trkpt><trkpt lat="35.18357" lon="-83.43992000000003"><ele>756.0</ele></trkpt><trkpt lat="35.18405" lon="-83.43986999999998"><ele>754.3928869627487</ele></trkpt><trkpt lat="35.18435" lon="-83.43995000000001"><ele>753.0</ele></trkpt><trkpt lat="35.18435" lon="-83.43995000000001"><ele>753.0</ele></trkpt><trkpt lat="35.18446" lon="-83.44001000000003"><ele>752.0</ele></trkpt><trkpt lat="35.18459" lon="-83.44022000000001"><ele>751.0</ele></trkpt><trkpt lat="35.18467" lon="-83.44025999999997"><ele>750.4747973147805</ele></trkpt><trkpt lat="35.185" lon="-83.44029999999998"><ele>757.3227911097929</ele></trkpt><trkpt lat="35.18532" lon="-83.44037000000003"><ele>762.5850275577977</ele></trkpt><trkpt lat="35.18547" lon="-83.44043999999997"><ele>765.847263998352</ele></trkpt><trkpt lat="35.18582" lon="-83.44067000000001"><ele>772.2148917020519</ele></trkpt><trkpt lat="35.18615" lon="-83.44067000000001"><ele>779.762982240878</ele></trkpt><trkpt lat="35.18642" lon="-83.44074"><ele>783.8282773336396</ele></trkpt><trkpt lat="35.18651" lon="-83.44087999999999"><ele>785.0970085222042</ele></trkpt><trkpt lat="35.18652" lon="-83.44126"><ele>789.7230948235413</ele></trkpt><trkpt lat="35.18656" lon="-83.44137999999998"><ele>792.2774041008856</ele></trkpt><trkpt lat="35.18663" lon="-83.44148000000001"><ele>795.3147768890485</ele></trkpt><trkpt lat="35.18691" lon="-83.44172000000003"><ele>798.7327559956674</ele></trkpt><trkpt lat="35.18711" lon="-83.44199000000003"><ele>803.1388189838423</ele></trkpt><trkpt lat="35.18729" lon="-83.44235000000003"><ele>809.8597155567259</ele></trkpt><trkpt lat="35.18738" lon="-83.44267000000002"><ele>815.4379673423246</ele></trkpt><trkpt lat="35.18742" lon="-83.44274999999999"><ele>817.5010666660964</ele></trkpt><trkpt lat="35.18756" lon="-83.44286"><ele>820.7768357609957</ele></trkpt><trkpt lat="35.18773" lon="-83.44307000000003"><ele>824.4141475576907</ele></trkpt><trkpt lat="35.18796" lon="-83.44328000000002"><ele>827.1188374280232</ele></trkpt><trkpt lat="35.18801" lon="-83.44342"><ele>828.5370891355045</ele></trkpt><trkpt lat="35.18808" lon="-83.44378"><ele>830.875052333517</ele></trkpt><trkpt lat="35.18817" lon="-83.44396"><ele>833.9328746067193</ele></trkpt><trkpt lat="35.18832" lon="-83.44409999999999"><ele>837.9631011442688</ele></trkpt><trkpt lat="35.1885" lon="-83.44416000000001"><ele>839.0</ele></trkpt><trkpt lat="35.18875" lon="-83.44416000000001"><ele>842.0968358451319</ele></trkpt><trkpt lat="35.18931" lon="-83.44380000000001"><ele>851.0901389768947</ele></trkpt><trkpt lat="35.18953" lon="-83.44373000000002"><ele>854.1723768897355</ele></trkpt><trkpt lat="35.18977" lon="-83.44371999999998"><ele>858.3283963110298</ele></trkpt><trkpt lat="35.18982" lon="-83.44373999999999"><ele>859.6384106660262</ele></trkpt><trkpt lat="35.18982" lon="-83.44378"><ele>862.0050915554166</ele></trkpt><trkpt lat="35.18968" lon="-83.44394999999997"><ele>867.7067109878999</ele></trkpt><trkpt lat="35.18965" lon="-83.44405"><ele>868.7125056130557</ele></trkpt><trkpt lat="35.18977" lon="-83.44416999999999"><ele>867.9441900895908</ele></trkpt><trkpt lat="35.18995" lon="-83.44423"><ele>872.8865252900869</ele></trkpt><trkpt lat="35.19" lon="-83.44430999999997"><ele>875.7377715725452</ele></trkpt><trkpt lat="35.19001" lon="-83.44438000000002"><ele>876.6160420775414</ele></trkpt><trkpt lat="35.18996" lon="-83.44461000000001"><ele>879.5405236895781</ele></trkpt><trkpt lat="35.18999" lon="-83.44504"><ele>886.1675221752375</ele></trkpt><trkpt lat="35.18997" lon="-83.44533999999999"><ele>888.2308387039229</ele></trkpt><trkpt lat="35.18978" lon="-83.44630000000001"><ele>889.8186489956724</ele></trkpt><trkpt lat="35.18962" lon="-83.44659000000001"><ele>893.0313040254308</ele></trkpt><trkpt lat="35.18955" lon="-83.44678999999996"><ele>896.0766181945801</ele></trkpt><trkpt lat="35.18949" lon="-83.44704999999999"><ele>897.2418810019373</ele></trkpt><trkpt lat="35.18939" lon="-83.44736"><ele>898.2953250184655</ele></trkpt><trkpt lat="35.18937" lon="-83.44780000000003"><ele>897.840719374966</ele></trkpt><trkpt lat="35.18932" lon="-83.44794999999999"><ele>896.9937021689348</ele></trkpt><trkpt lat="35.18909" lon="-83.44835"><ele>900.4799822224304</ele></trkpt><trkpt lat="35.18882" lon="-83.44852000000003"><ele>903.8513836478814</ele></trkpt><trkpt lat="35.18859" lon="-83.44884000000002"><ele>908.3332993015647</ele></trkpt><trkpt lat="35.18855" lon="-83.44894999999997"><ele>910.023135502169</ele></trkpt><trkpt lat="35.18852" lon="-83.44945000000001"><ele>914.341624263674</ele></trkpt><trkpt lat="35.18838" lon="-83.44997000000001"><ele>918.3582845050842</ele></trkpt><trkpt lat="35.18838" lon="-83.4504"><ele>922.3582845050842</ele></trkpt><trkpt lat="35.18835" lon="-83.45056999999997"><ele>922.5870515201241</ele></trkpt><trkpt lat="35.18822" lon="-83.45074999999997"><ele>922.8137305053633</ele></trkpt><trkpt lat="35.18793" lon="-83.45094"><ele>925.1827306672931</ele></trkpt><trkpt lat="35.18728" lon="-83.45127000000002"><ele>933.5618453342468</ele></trkpt><trkpt lat="35.18715" lon="-83.45137"><ele>935.0487766631911</ele></trkpt><trkpt lat="35.18711" lon="-83.45145000000002"><ele>936.0</ele></trkpt><trkpt lat="35.18711735557236" lon="-83.45150148900655"><ele>936.649985043332</ele></trkpt><trkpt lat="35.18713493878246" lon="-83.45152497958998"><ele>936.2002760005225</ele></trkpt><trkpt lat="35.18727" lon="-83.45157"><ele>938.0284761799395</ele></trkpt><trkpt lat="35.18751" lon="-83.45177000000001"><ele>942.7822500202701</ele></trkpt><trkpt lat="35.18766" lon="-83.45215000000002"><ele>946.3013258781284</ele></trkpt><trkpt lat="35.18766" lon="-83.45215000000002"><ele>946.3013258781284</ele></trkpt><trkpt lat="35.1878" lon="-83.45235000000002"><ele>948.2845948990434</ele></trkpt><trkpt lat="35.18797" lon="-83.45244000000002"><ele>951.8907855786383</ele></trkpt><trkpt lat="35.18818" lon="-83.45263"><ele>954.0110981743783</ele></trkpt><trkpt lat="35.18839" lon="-83.45269000000002"><ele>956.2613582210615</ele></trkpt><trkpt lat="35.18882" lon="-83.4527"><ele>960.2441516462713</ele></trkpt><trkpt lat="35.18909" lon="-83.45292999999998"><ele>960.0647105369591</ele></trkpt><trkpt lat="35.18939" lon="-83.45308999999997"><ele>957.5906725887122</ele></trkpt><trkpt lat="35.18942" lon="-83.45325000000003"><ele>953.4450249105785</ele></trkpt><trkpt lat="35.18942" lon="-83.45361000000003"><ele>949.0</ele></trkpt><trkpt lat="35.1895" lon="-83.45407999999998"><ele>956.8912136705135</ele></trkpt><trkpt lat="35.1897089826942" lon="-83.45474874462144"><ele>966.0</ele></trkpt><trkpt lat="35.189717791672884" lon="-83.45477693278627"><ele>966.9967588130385</ele></trkpt><trkpt lat="35.18985" lon="-83.45519999999999"><ele>974.5818788302053</ele></trkpt><trkpt lat="35.18997" lon="-83.45549"><ele>983.2010759627447</ele></trkpt><trkpt lat="35.19009" lon="-83.45598999999999"><ele>994.5909068693301</ele></trkpt><trkpt lat="35.19009" lon="-83.45598999999999"><ele>994.5909068693301</ele></trkpt><trkpt lat="35.19017" lon="-83.45627999999999"><ele>1002.0</ele></trkpt><trkpt lat="35.19057" lon="-83.45666"><ele>1016.0</ele></trkpt><trkpt lat="35.1907" lon="-83.45686999999998"><ele>1021.0</ele></trkpt><trkpt lat="35.19084" lon="-83.45722"><ele>1027.0</ele></trkpt><trkpt lat="35.19092" lon="-83.45762000000002"><ele>1029.0</ele></trkpt><trkpt lat="35.191" lon="-83.45787000000001"><ele>1033.7972170875273</ele></trkpt><trkpt lat="35.19162" lon="-83.45847000000003"><ele>1042.0126443463114</ele></trkpt><trkpt lat="35.19177" lon="-83.45865000000003"><ele>1045.0</ele></trkpt><trkpt lat="35.19177" lon="-83.45865000000003"><ele>1045.0</ele></trkpt><trkpt lat="35.19208" lon="-83.45920999999998"><ele>1058.5926648881286</ele></trkpt><trkpt lat="35.19252" lon="-83.46032000000002"><ele>1081.3000735836047</ele></trkpt><trkpt lat="35.19271" lon="-83.46060999999997"><ele>1082.0</ele></trkpt><trkpt lat="35.19264" lon="-83.46109000000001"><ele>1080.8522051736434</ele></trkpt><trkpt lat="35.19263" lon="-83.46143999999998"><ele>1078.0</ele></trkpt><trkpt lat="35.19269" lon="-83.46202"><ele>1076.8625918626785</ele></trkpt><trkpt lat="35.19269" lon="-83.46239000000003"><ele>1075.8625918626785</ele></trkpt><trkpt lat="35.19277" lon="-83.46280999999999"><ele>1074.3004431203008</ele></trkpt><trkpt lat="35.19278" lon="-83.46319"><ele>1069.7101778404271</ele></trkpt><trkpt lat="35.19277" lon="-83.46352999999999"><ele>1067.3004431203008</ele></trkpt><trkpt lat="35.19268" lon="-83.46401000000003"><ele>1066.4033055047362</ele></trkpt><trkpt lat="35.19268" lon="-83.46456999999998"><ele>1056.347787302876</ele></trkpt><trkpt lat="35.19272" lon="-83.46487000000002"><ele>1050.944175448109</ele></trkpt><trkpt lat="35.19263" lon="-83.46517"><ele>1045.0</ele></trkpt><trkpt lat="35.19274" lon="-83.46533"><ele>1040.1946631111205</ele></trkpt><trkpt lat="35.19284" lon="-83.46539999999999"><ele>1037.932426666841</ele></trkpt><trkpt lat="35.1933" lon="-83.46548000000001"><ele>1027.2041564434767</ele></trkpt><trkpt lat="35.19339" lon="-83.46554000000003"><ele>1024.0229930805558</ele></trkpt><trkpt lat="35.19345" lon="-83.46564999999998"><ele>1021.1345970334385</ele></trkpt><trkpt lat="35.19353" lon="-83.46596"><ele>1014.8411858106501</ele></trkpt><trkpt lat="35.19361" lon="-83.46611000000001"><ele>1011.9379841395554</ele></trkpt><trkpt lat="35.19396" lon="-83.46665999999999"><ele>1024.5620498880744</ele></trkpt><trkpt lat="35.19437" lon="-83.46716000000004"><ele>1045.0844582240084</ele></trkpt><trkpt lat="35.19441" lon="-83.46742"><ele>1049.0</ele></trkpt><trkpt lat="35.19456" lon="-83.46771000000001"><ele>1052.9383711202865</ele></trkpt><trkpt lat="35.19476" lon="-83.46802000000002"><ele>1057.0</ele></trkpt><trkpt lat="35.19508" lon="-83.46838000000002"><ele>1062.0</ele></trkpt><trkpt lat="35.19531" lon="-83.46857"><ele>1067.5501152221113</ele></trkpt><trkpt lat="35.19582" lon="-83.46868999999998"><ele>1074.0</ele></trkpt><trkpt lat="35.1962" lon="-83.46884999999997"><ele>1084.259786852281</ele></trkpt><trkpt lat="35.19648" lon="-83.46909"><ele>1095.2741400822997</ele></trkpt><trkpt lat="35.19685" lon="-83.46956999999998"><ele>1109.0</ele></trkpt><trkpt lat="35.19698" lon="-83.46992999999998"><ele>1108.7889737244695</ele></trkpt><trkpt lat="35.19704" lon="-83.47018000000003"><ele>1108.9645321849698</ele></trkpt><trkpt lat="35.19706" lon="-83.47071"><ele>1113.0</ele></trkpt><trkpt lat="35.19702" lon="-83.47095000000002"><ele>1115.050262741597</ele></trkpt><trkpt lat="35.19669" lon="-83.47194999999999"><ele>1124.250348834321</ele></trkpt><trkpt lat="35.19666" lon="-83.47210999999999"><ele>1125.8969487451138</ele></trkpt><trkpt lat="35.19666" lon="-83.47233"><ele>1129.5394599754363</ele></trkpt><trkpt lat="35.19678" lon="-83.47282000000001"><ele>1134.0518468410867</ele></trkpt><trkpt lat="35.19721" lon="-83.47368"><ele>1130.905856139958</ele></trkpt><trkpt lat="35.19734" lon="-83.47411999999997"><ele>1123.3197626266629</ele></trkpt><trkpt lat="35.19734" lon="-83.47411999999997"><ele>1123.3197626266629</ele></trkpt><trkpt lat="35.19741" lon="-83.47453999999999"><ele>1120.0</ele></trkpt><trkpt lat="35.19739" lon="-83.47462999999999"><ele>1119.1712682805955</ele></trkpt><trkpt lat="35.19731" lon="-83.47477000000003"><ele>1116.8987820283064</ele></trkpt><trkpt lat="35.19711" lon="-83.47496000000001"><ele>1113.2028592210263</ele></trkpt><trkpt lat="35.19691" lon="-83.47510999999997"><ele>1108.9159864570615</ele></trkpt><trkpt lat="35.19675" lon="-83.47518000000002"><ele>1104.570373580567</ele></trkpt><trkpt lat="35.19634" lon="-83.4753"><ele>1096.1279018551727</ele></trkpt><trkpt lat="35.19625" lon="-83.47539999999998"><ele>1094.1573755443096</ele></trkpt><trkpt lat="35.19625" lon="-83.47564"><ele>1087.7588730871566</ele></trkpt><trkpt lat="35.19638" lon="-83.47595999999999"><ele>1079.3719517495483</ele></trkpt><trkpt lat="35.19639" lon="-83.47609"><ele>1075.7787772732052</ele></trkpt><trkpt lat="35.19639" lon="-83.47629"><ele>1070.4216426657513</ele></trkpt><trkpt lat="35.19634" lon="-83.47645"><ele>1065.9651022218168</ele></trkpt><trkpt lat="35.19614" lon="-83.47678000000002"><ele>1055.585987554863</ele></trkpt><trkpt lat="35.19599" lon="-83.4769"><ele>1050.9935822226107</ele></trkpt><trkpt lat="35.19592" lon="-83.47701"><ele>1048.8672106657177</ele></trkpt><trkpt lat="35.19571" lon="-83.47739999999999"><ele>1049.0</ele></trkpt><trkpt lat="35.19568" lon="-83.47755000000001"><ele>1046.8957156594706</ele></trkpt><trkpt lat="35.19569" lon="-83.47764000000001"><ele>1045.8910353708466</ele></trkpt><trkpt lat="35.19568" lon="-83.47784000000001"><ele>1044.3492286801338</ele></trkpt><trkpt lat="35.19561" lon="-83.47802000000001"><ele>1044.8668005825239</ele></trkpt><trkpt lat="35.19539" lon="-83.47825"><ele>1049.8174496523388</ele></trkpt><trkpt lat="35.19523" lon="-83.47845999999998"><ele>1054.012176161632</ele></trkpt><trkpt lat="35.19508" lon="-83.47861"><ele>1058.5664604008198</ele></trkpt><trkpt lat="35.19494" lon="-83.47886"><ele>1065.201406548731</ele></trkpt><trkpt lat="35.19476" lon="-83.47904"><ele>1069.863939173877</ele></trkpt><trkpt lat="35.19462" lon="-83.47928999999999"><ele>1075.7995002362877</ele></trkpt><trkpt lat="35.19432" lon="-83.47989999999999"><ele>1088.9079244490713</ele></trkpt><trkpt lat="35.19419" lon="-83.48031000000003"><ele>1097.2970965400714</ele></trkpt><trkpt lat="35.19415" lon="-83.48068"><ele>1099.0</ele></trkpt><trkpt lat="35.19407" lon="-83.48086999999998"><ele>1099.0</ele></trkpt><trkpt lat="35.19388" lon="-83.48106999999999"><ele>1098.0</ele></trkpt><trkpt lat="35.19347" lon="-83.48133999999999"><ele>1093.0745848892257</ele></trkpt><trkpt lat="35.19322" lon="-83.48158999999998"><ele>1094.0</ele></trkpt><trkpt lat="35.19304" lon="-83.48185999999998"><ele>1092.0</ele></trkpt><trkpt lat="35.1929" lon="-83.48214000000002"><ele>1088.0</ele></trkpt><trkpt lat="35.1927" lon="-83.48241000000002"><ele>1084.0</ele></trkpt><trkpt lat="35.19244" lon="-83.48289999999997"><ele>1075.9252504971662</ele></trkpt><trkpt lat="35.19241" lon="-83.48304999999999"><ele>1072.3828088892624</ele></trkpt><trkpt lat="35.19226" lon="-83.48343999999997"><ele>1063.2074915561825</ele></trkpt><trkpt lat="35.19223" lon="-83.48378000000002"><ele>1055.3623431101441</ele></trkpt><trkpt lat="35.19222" lon="-83.48426"><ele>1055.0</ele></trkpt><trkpt lat="35.19207" lon="-83.48504000000003"><ele>1073.1388205680996</ele></trkpt><trkpt lat="35.19189" lon="-83.48557"><ele>1080.0</ele></trkpt><trkpt lat="35.19177" lon="-83.48570000000001"><ele>1085.0</ele></trkpt><trkpt lat="35.19177" lon="-83.48570000000001"><ele>1085.0</ele></trkpt><trkpt lat="35.19155" lon="-83.48585000000003"><ele>1085.0</ele></trkpt><trkpt lat="35.19125" lon="-83.48597000000001"><ele>1081.300945777446</ele></trkpt><trkpt lat="35.19116" lon="-83.48599000000002"><ele>1081.3688782211393</ele></trkpt><trkpt lat="35.19071" lon="-83.48595"><ele>1076.8195680222752</ele></trkpt><trkpt lat="35.19036" lon="-83.48597999999998"><ele>1071.0</ele></trkpt><trkpt lat="35.18988" lon="-83.48613999999998"><ele>1065.3783715562895</ele></trkpt><trkpt lat="35.18933" lon="-83.48626999999999"><ele>1055.319932444021</ele></trkpt><trkpt lat="35.18903" lon="-83.48635999999999"><ele>1047.1788832012799</ele></trkpt><trkpt lat="35.188993839829024" lon="-83.48639059706773"><ele>1045.2532222142024</ele></trkpt><trkpt lat="35.188989967123526" lon="-83.48639387399118"><ele>1045.0771590251184</ele></trkpt><trkpt lat="35.1889" lon="-83.48647"><ele>1041.99999200513</ele></trkpt><trkpt lat="35.18878" lon="-83.48676999999998"><ele>1036.8503803936765</ele></trkpt><trkpt lat="35.18865" lon="-83.48689999999999"><ele>1032.9598044445738</ele></trkpt><trkpt lat="35.18811" lon="-83.48703999999998"><ele>1026.4353315560147</ele></trkpt><trkpt lat="35.18789" lon="-83.48716000000002"><ele>1022.4262225441635</ele></trkpt><trkpt lat="35.18767" lon="-83.48732999999999"><ele>1018.9691450744867</ele></trkpt><trkpt lat="35.1875" lon="-83.48780999999997"><ele>1008.4529172125069</ele></trkpt><trkpt lat="35.18748" lon="-83.488"><ele>1006.9628569353372</ele></trkpt><trkpt lat="35.18749" lon="-83.48824000000002"><ele>1008.0</ele></trkpt><trkpt lat="35.18743" lon="-83.48845"><ele>1011.0</ele></trkpt><trkpt lat="35.18731" lon="-83.4887"><ele>1014.656786493957</ele></trkpt><trkpt lat="35.18695" lon="-83.48919999999998"><ele>1017.772035555914</ele></trkpt><trkpt lat="35.18689" lon="-83.48935"><ele>1014.3879367597401</ele></trkpt><trkpt lat="35.18685" lon="-83.48963000000003"><ele>1010.6199008487165</ele></trkpt><trkpt lat="35.18686" lon="-83.48999000000003"><ele>1007.3475706081001</ele></trkpt><trkpt lat="35.18688" lon="-83.49009000000001"><ele>1009.0</ele></trkpt><trkpt lat="35.18701" lon="-83.49026000000003"><ele>1012.7636715378612</ele></trkpt><trkpt lat="35.18702" lon="-83.49036999999998"><ele>1014.1458399010935</ele></trkpt><trkpt lat="35.18699" lon="-83.49047999999999"><ele>1014.9041282944381</ele></trkpt><trkpt lat="35.1868" lon="-83.49074999999999"><ele>1020.7384534925222</ele></trkpt><trkpt lat="35.18655" lon="-83.49101000000002"><ele>1024.0</ele></trkpt><trkpt lat="35.18635" lon="-83.49126999999999"><ele>1018.3030435563996</ele></trkpt><trkpt lat="35.18578" lon="-83.49158"><ele>1007.0987600553781</ele></trkpt><trkpt lat="35.18566" lon="-83.49171000000001"><ele>1003.2561272922903</ele></trkpt><trkpt lat="35.1855" lon="-83.49196999999998"><ele>995.2229129407735</ele></trkpt><trkpt lat="35.1855" lon="-83.4921"><ele>992.6723433138973</ele></trkpt><trkpt lat="35.18577" lon="-83.49246"><ele>984.3735642740503</ele></trkpt><trkpt lat="35.18584" lon="-83.49290000000002"><ele>973.6830311213635</ele></trkpt><trkpt lat="35.18605" lon="-83.49347999999998"><ele>962.0</ele></trkpt><trkpt lat="35.18606" lon="-83.49372"><ele>961.9350575339049</ele></trkpt><trkpt lat="35.18603" lon="-83.49387000000002"><ele>965.5114612337202</ele></trkpt><trkpt lat="35.18582" lon="-83.4941"><ele>970.0</ele></trkpt><trkpt lat="35.18563" lon="-83.49426"><ele>971.4545293189585</ele></trkpt><trkpt lat="35.18552" lon="-83.49446"><ele>975.0</ele></trkpt><trkpt lat="35.18554" lon="-83.49457999999998"><ele>976.9810353907758</ele></trkpt><trkpt lat="35.1857" lon="-83.49498"><ele>983.5954879997298</ele></trkpt><trkpt lat="35.18583" lon="-83.49513999999999"><ele>988.0520284445956</ele></trkpt><trkpt lat="35.18594" lon="-83.49541999999997"><ele>992.8001590426827</ele></trkpt><trkpt lat="35.18598" lon="-83.49586999999997"><ele>1001.4968295488507</ele></trkpt><trkpt lat="35.18595" lon="-83.49608999999998"><ele>1006.2074928991497</ele></trkpt><trkpt lat="35.18595" lon="-83.49608999999998"><ele>1006.2074928991497</ele></trkpt><trkpt lat="35.18595" lon="-83.49619999999999"><ele>1008.6591017879546</ele></trkpt><trkpt lat="35.18603" lon="-83.49644999999998"><ele>1013.6457225661725</ele></trkpt><trkpt lat="35.18605" lon="-83.49666000000002"><ele>1017.0</ele></trkpt><trkpt lat="35.18619" lon="-83.49712999999997"><ele>1026.3788010844155</ele></trkpt><trkpt lat="35.18623" lon="-83.49756000000002"><ele>1031.7587229106575</ele></trkpt><trkpt lat="35.1863" lon="-83.49787000000003"><ele>1038.0</ele></trkpt><trkpt lat="35.18638" lon="-83.49804"><ele>1038.8611603124814</ele></trkpt><trkpt lat="35.18686" lon="-83.49855000000002"><ele>1051.6925660812462</ele></trkpt><trkpt lat="35.1869" lon="-83.49862999999999"><ele>1052.9638197701424</ele></trkpt><trkpt lat="35.18691" lon="-83.49874999999997"><ele>1054.6692772557376</ele></trkpt><trkpt lat="35.18669" lon="-83.4993"><ele>1052.9890540260822</ele></trkpt><trkpt lat="35.18667" lon="-83.49939999999998"><ele>1052.8486017566174</ele></trkpt><trkpt lat="35.18666" lon="-83.49979000000002"><ele>1049.0</ele></trkpt><trkpt lat="35.18662" lon="-83.49988000000002"><ele>1046.9975935495404</ele></trkpt><trkpt lat="35.18663" lon="-83.50000999999997"><ele>1044.9895217781886</ele></trkpt><trkpt lat="35.18657" lon="-83.50024000000002"><ele>1038.270744888112</ele></trkpt><trkpt lat="35.18665" lon="-83.50069000000002"><ele>1029.204521376125</ele></trkpt><trkpt lat="35.1866" lon="-83.50092999999998"><ele>1030.1429789643735</ele></trkpt><trkpt lat="35.18634" lon="-83.50119999999998"><ele>1024.0</ele></trkpt><trkpt lat="35.18613" lon="-83.50137000000001"><ele>1021.0</ele></trkpt><trkpt lat="35.18595" lon="-83.50175000000002"><ele>1020.0</ele></trkpt><trkpt lat="35.1859" lon="-83.50236000000001"><ele>1006.4715839987621</ele></trkpt><trkpt lat="35.18597" lon="-83.50265000000002"><ele>1002.0</ele></trkpt><trkpt lat="35.18597" lon="-83.50265000000002"><ele>1002.0</ele></trkpt><trkpt lat="35.18603" lon="-83.50315"><ele>1011.0</ele></trkpt><trkpt lat="35.18601" lon="-83.50351"><ele>1017.3099828300324</ele></trkpt><trkpt lat="35.18604" lon="-83.50356999999997"><ele>1019.9185031093657</ele></trkpt><trkpt lat="35.18618" lon="-83.50374"><ele>1025.8410773333162</ele></trkpt><trkpt lat="35.18623" lon="-83.50385"><ele>1028.2087259786204</ele></trkpt><trkpt lat="35.18627" lon="-83.50434999999999"><ele>1039.2295224033296</ele></trkpt><trkpt lat="35.18645" lon="-83.50466"><ele>1044.6963546462357</ele></trkpt><trkpt lat="35.18639" lon="-83.50499000000002"><ele>1050.1289173059445</ele></trkpt><trkpt lat="35.1864" lon="-83.50511"><ele>1054.235181255266</ele></trkpt><trkpt lat="35.18656" lon="-83.50547"><ele>1061.6209516757829</ele></trkpt><trkpt lat="35.18653" lon="-83.50575000000003"><ele>1065.1345562469214</ele></trkpt><trkpt lat="35.18639" lon="-83.50608999999997"><ele>1071.042256258097</ele></trkpt><trkpt lat="35.18637" lon="-83.50625000000002"><ele>1072.8631696234893</ele></trkpt><trkpt lat="35.18639" lon="-83.50637"><ele>1074.0</ele></trkpt><trkpt lat="35.18649" lon="-83.50668999999999"><ele>1076.32104177773</ele></trkpt><trkpt lat="35.1865" lon="-83.50718999999998"><ele>1085.1547688245773</ele></trkpt><trkpt lat="35.18654" lon="-83.50738000000001"><ele>1086.435668868944</ele></trkpt><trkpt lat="35.18649" lon="-83.50783999999999"><ele>1092.4994702115655</ele></trkpt><trkpt lat="35.1865" lon="-83.50808"><ele>1093.915699272168</ele></trkpt><trkpt lat="35.18658" lon="-83.50823000000003"><ele>1093.7165700327605</ele></trkpt><trkpt lat="35.18666" lon="-83.50833999999998"><ele>1094.2180753421023</ele></trkpt><trkpt lat="35.18685" lon="-83.50851999999998"><ele>1094.5074591506273</ele></trkpt><trkpt lat="35.18695" lon="-83.50868000000003"><ele>1094.814959032461</ele></trkpt><trkpt lat="35.18713" lon="-83.50925000000001"><ele>1096.0</ele></trkpt><trkpt lat="35.18713" lon="-83.50936999999999"><ele>1093.7819057777524</ele></trkpt><trkpt lat="35.18709" lon="-83.50954999999999"><ele>1092.0</ele></trkpt><trkpt lat="35.1872" lon="-83.51000999999997"><ele>1102.0</ele></trkpt><trkpt lat="35.18733" lon="-83.51017000000002"><ele>1105.2422225973799</ele></trkpt><trkpt lat="35.18767" lon="-83.51036999999997"><ele>1106.0</ele></trkpt><trkpt lat="35.18776" lon="-83.51047"><ele>1106.0</ele></trkpt><trkpt lat="35.1878" lon="-83.51062000000002"><ele>1104.0</ele></trkpt><trkpt lat="35.18779" lon="-83.51125000000002"><ele>1103.0</ele></trkpt><trkpt lat="35.18793" lon="-83.51204999999999"><ele>1120.080331234366</ele></trkpt><trkpt lat="35.18793" lon="-83.51249999999999"><ele>1132.7843093965203</ele></trkpt><trkpt lat="35.18798" lon="-83.51274999999998"><ele>1139.8815697734565</ele></trkpt><trkpt lat="35.18798" lon="-83.51285999999999"><ele>1143.4127008020878</ele></trkpt><trkpt lat="35.18788" lon="-83.51319999999998"><ele>1152.555500196293</ele></trkpt><trkpt lat="35.18785" lon="-83.51357000000002"><ele>1159.2650528573738</ele></trkpt><trkpt lat="35.18789" lon="-83.51405"><ele>1162.416703676805</ele></trkpt><trkpt lat="35.18797" lon="-83.51458000000002"><ele>1162.0209524979527</ele></trkpt><trkpt lat="35.1878" lon="-83.51585"><ele>1134.0</ele></trkpt><trkpt lat="35.18774" lon="-83.51650999999998"><ele>1136.9662115545943</ele></trkpt><trkpt lat="35.18768" lon="-83.51682"><ele>1142.5582079607993</ele></trkpt><trkpt lat="35.18756" lon="-83.51715000000002"><ele>1148.0</ele></trkpt><trkpt lat="35.18748" lon="-83.51767999999998"><ele>1155.0</ele></trkpt><trkpt lat="35.18741" lon="-83.5179"><ele>1155.0</ele></trkpt><trkpt lat="35.1874" lon="-83.51806999999997"><ele>1152.6827521183347</ele></trkpt><trkpt lat="35.1874" lon="-83.51806999999997"><ele>1152.6827521183347</ele></trkpt><trkpt lat="35.187416052370416" lon="-83.51836696885266"><ele>1147.8018508108737</ele></trkpt><trkpt lat="35.187418313604645" lon="-83.51840880164082"><ele>1147.0</ele></trkpt><trkpt lat="35.18744" lon="-83.51881000000003"><ele>1139.8835574245172</ele></trkpt><trkpt lat="35.18741" lon="-83.51920999999999"><ele>1133.0</ele></trkpt><trkpt lat="35.18681" lon="-83.52012000000002"><ele>1131.0</ele></trkpt><trkpt lat="35.18667" lon="-83.52075000000002"><ele>1147.0854693551325</ele></trkpt><trkpt lat="35.18651" lon="-83.52087"><ele>1153.0</ele></trkpt><trkpt lat="35.18646" lon="-83.52094"><ele>1155.0</ele></trkpt><trkpt lat="35.18636" lon="-83.52145999999999"><ele>1165.0</ele></trkpt><trkpt lat="35.18619" lon="-83.52184"><ele>1172.189137295019</ele></trkpt><trkpt lat="35.18614" lon="-83.52219000000002"><ele>1173.0</ele></trkpt><trkpt lat="35.18595" lon="-83.52291000000002"><ele>1184.0472729690907</ele></trkpt><trkpt lat="35.18557" lon="-83.52370000000002"><ele>1197.0</ele></trkpt><trkpt lat="35.18538" lon="-83.52386000000001"><ele>1194.2900234740227</ele></trkpt><trkpt lat="35.18528" lon="-83.52402999999998"><ele>1193.2490234861148</ele></trkpt><trkpt lat="35.18524" lon="-83.52427999999998"><ele>1191.0</ele></trkpt><trkpt lat="35.18518" lon="-83.52440000000001"><ele>1190.4093619407897</ele></trkpt><trkpt lat="35.18471" lon="-83.52503000000002"><ele>1174.0</ele></trkpt><trkpt lat="35.1846" lon="-83.52530999999999"><ele>1170.0</ele></trkpt><trkpt lat="35.18447" lon="-83.52593000000002"><ele>1175.581469123331</ele></trkpt><trkpt lat="35.18431" lon="-83.52620000000002"><ele>1184.5529422229156</ele></trkpt><trkpt lat="35.1843" lon="-83.52633000000003"><ele>1188.1791375027692</ele></trkpt><trkpt lat="35.1844" lon="-83.52663000000001"><ele>1193.1833013603464</ele></trkpt><trkpt lat="35.18446" lon="-83.52706"><ele>1201.694302267792</ele></trkpt><trkpt lat="35.18465" lon="-83.52755000000002"><ele>1211.3356313873082</ele></trkpt><trkpt lat="35.18464" lon="-83.52780999999999"><ele>1211.905843243003</ele></trkpt><trkpt lat="35.18435" lon="-83.52857"><ele>1208.9983551355856</ele></trkpt><trkpt lat="35.18421" lon="-83.52885000000003"><ele>1204.9481066651642</ele></trkpt><trkpt lat="35.18414" lon="-83.52891"><ele>1203.5050057915105</ele></trkpt><trkpt lat="35.18387" lon="-83.529"><ele>1198.957599999383</ele></trkpt><trkpt lat="35.18367" lon="-83.52915000000002"><ele>1197.2089498013245</ele></trkpt><trkpt lat="35.18326" lon="-83.52969999999999"><ele>1190.3352355556563</ele></trkpt><trkpt lat="35.1832" lon="-83.52983"><ele>1188.2767964443192</ele></trkpt><trkpt lat="35.18321" lon="-83.53026999999997"><ele>1188.572243676573</ele></trkpt><trkpt lat="35.18317" lon="-83.53046999999998"><ele>1191.0</ele></trkpt><trkpt lat="35.1832" lon="-83.53057000000001"><ele>1190.7779542430146</ele></trkpt><trkpt lat="35.18326" lon="-83.53070000000002"><ele>1188.0</ele></trkpt><trkpt lat="35.1835" lon="-83.53109999999998"><ele>1180.9095346909016</ele></trkpt><trkpt lat="35.1835" lon="-83.53125"><ele>1180.0</ele></trkpt><trkpt lat="35.18352" lon="-83.53131000000002"><ele>1179.2336587033174</ele></trkpt><trkpt lat="35.18382" lon="-83.53163"><ele>1168.2590358253392</ele></trkpt><trkpt lat="35.18388" lon="-83.53179"><ele>1163.0</ele></trkpt><trkpt lat="35.18387" lon="-83.53194000000002"><ele>1159.9436693321913</ele></trkpt><trkpt lat="35.18376" lon="-83.53221000000002"><ele>1155.4145890069296</ele></trkpt><trkpt lat="35.18368" lon="-83.53249"><ele>1149.9576661083847</ele></trkpt><trkpt lat="35.18367" lon="-83.53287999999998"><ele>1141.0</ele></trkpt><trkpt lat="35.18371" lon="-83.53314"><ele>1134.01834564747</ele></trkpt><trkpt lat="35.1838308044221" lon="-83.53331957414099"><ele>1133.0</ele></trkpt><trkpt lat="35.1838308044221" lon="-83.53331957414099"><ele>1133.0</ele></trkpt><trkpt lat="35.18408" lon="-83.53368999999998"><ele>1138.0</ele></trkpt><trkpt lat="35.18414" lon="-83.53384"><ele>1140.0</ele></trkpt><trkpt lat="35.18414" lon="-83.53422"><ele>1144.1821185725885</ele></trkpt><trkpt lat="35.18408" lon="-83.53451000000001"><ele>1146.8270115563646</ele></trkpt><trkpt lat="35.18408" lon="-83.53451000000001"><ele>1146.8270115563646</ele></trkpt><trkpt lat="35.18408" lon="-83.53451000000001"><ele>1146.8270115563646</ele></trkpt><trkpt lat="35.18396" lon="-83.53474"><ele>1149.0</ele></trkpt><trkpt lat="35.18372" lon="-83.53505000000001"><ele>1148.0</ele></trkpt><trkpt lat="35.18249" lon="-83.53638999999998"><ele>1144.1621752233066</ele></trkpt><trkpt lat="35.18233" lon="-83.53647000000001"><ele>1141.716362517327</ele></trkpt><trkpt lat="35.18207" lon="-83.53645"><ele>1142.4751288890839</ele></trkpt><trkpt lat="35.18197" lon="-83.53651000000002"><ele>1144.8838690556586</ele></trkpt><trkpt lat="35.18193" lon="-83.53658999999999"><ele>1147.4338508378758</ele></trkpt><trkpt lat="35.18191" lon="-83.53674999999998"><ele>1151.428944690153</ele></trkpt><trkpt lat="35.18192" lon="-83.53687000000002"><ele>1153.9991373885423</ele></trkpt><trkpt lat="35.18201" lon="-83.53706"><ele>1158.130874849856</ele></trkpt><trkpt lat="35.18199" lon="-83.53715999999997"><ele>1156.3133504497328</ele></trkpt><trkpt lat="35.18193" lon="-83.53721000000002"><ele>1153.225461717695</ele></trkpt><trkpt lat="35.18178" lon="-83.53728999999998"><ele>1152.778927664367</ele></trkpt><trkpt lat="35.18125" lon="-83.53798999999998"><ele>1163.0</ele></trkpt><trkpt lat="35.18107" lon="-83.53809999999999"><ele>1164.1331377774477</ele></trkpt><trkpt lat="35.18082" lon="-83.53811000000002"><ele>1166.5991715565324</ele></trkpt><trkpt lat="35.18058" lon="-83.53807"><ele>1169.0335048623667</ele></trkpt><trkpt lat="35.18027" lon="-83.53811999999999"><ele>1173.065205332823</ele></trkpt><trkpt lat="35.18008" lon="-83.53820999999999"><ele>1173.344370917417</ele></trkpt><trkpt lat="35.17978" lon="-83.53847000000002"><ele>1174.3558858735487</ele></trkpt><trkpt lat="35.17945" lon="-83.53847999999999"><ele>1176.8424213323742</ele></trkpt><trkpt lat="35.1793" lon="-83.53856999999999"><ele>1178.0224409563018</ele></trkpt><trkpt lat="35.17929" lon="-83.53863999999999"><ele>1178.0408740900457</ele></trkpt><trkpt lat="35.17932" lon="-83.53879999999998"><ele>1177.751397261396</ele></trkpt><trkpt lat="35.17979" lon="-83.53955000000002"><ele>1184.6811546495217</ele></trkpt><trkpt lat="35.18036" lon="-83.53998000000001"><ele>1190.0126064737804</ele></trkpt><trkpt lat="35.1805" lon="-83.54001"><ele>1189.8544106669724</ele></trkpt><trkpt lat="35.18074" lon="-83.53998000000001"><ele>1194.0408854365573</ele></trkpt><trkpt lat="35.18093" lon="-83.54003999999998"><ele>1196.0067096864805</ele></trkpt><trkpt lat="35.18093" lon="-83.54003999999998"><ele>1196.0067096864805</ele></trkpt><trkpt lat="35.18121" lon="-83.54025999999999"><ele>1199.7191962087527</ele></trkpt><trkpt lat="35.18171" lon="-83.54059000000001"><ele>1207.0251054111868</ele></trkpt><trkpt lat="35.18179" lon="-83.54068000000001"><ele>1209.586637755856</ele></trkpt><trkpt lat="35.18194" lon="-83.54106000000002"><ele>1214.2680047104056</ele></trkpt><trkpt lat="35.18243" lon="-83.54133999999999"><ele>1226.9611022717609</ele></trkpt><trkpt lat="35.1827" lon="-83.54161999999997"><ele>1235.948768362403</ele></trkpt><trkpt lat="35.18277" lon="-83.54173000000003"><ele>1241.4657733552158</ele></trkpt><trkpt lat="35.18274" lon="-83.54201"><ele>1245.0212605304278</ele></trkpt><trkpt lat="35.18277" lon="-83.54212000000001"><ele>1248.4657733552158</ele></trkpt><trkpt lat="35.18313" lon="-83.54271"><ele>1262.0182626442984</ele></trkpt><trkpt lat="35.18319" lon="-83.54275999999999"><ele>1266.235577007329</ele></trkpt><trkpt lat="35.18322" lon="-83.54273"><ele>1269.1247858386487</ele></trkpt><trkpt lat="35.1832" lon="-83.54221999999999"><ele>1278.9822105564886</ele></trkpt><trkpt lat="35.18324" lon="-83.54218000000003"><ele>1282.4574736699594</ele></trkpt><trkpt lat="35.18328" lon="-83.54221000000001"><ele>1284.545998238027</ele></trkpt><trkpt lat="35.18353" lon="-83.54262"><ele>1294.8010770883411</ele></trkpt><trkpt lat="35.18365" lon="-83.54296999999997"><ele>1300.6435305122286</ele></trkpt><trkpt lat="35.18373" lon="-83.54335000000003"><ele>1309.0468984730999</ele></trkpt><trkpt lat="35.18376" lon="-83.54392999999999"><ele>1317.9157883580774</ele></trkpt><trkpt lat="35.18383" lon="-83.54419000000001"><ele>1322.9477084456012</ele></trkpt><trkpt lat="35.18383" lon="-83.54419000000001"><ele>1322.9477084456012</ele></trkpt><trkpt lat="35.18383" lon="-83.54439000000002"><ele>1324.0</ele></trkpt><trkpt lat="35.18376" lon="-83.5446"><ele>1326.00463950012</ele></trkpt><trkpt lat="35.18373" lon="-83.54485"><ele>1330.0</ele></trkpt><trkpt lat="35.18394" lon="-83.54651000000001"><ele>1350.1795013286173</ele></trkpt><trkpt lat="35.18397" lon="-83.54708"><ele>1351.328036597619</ele></trkpt><trkpt lat="35.18383" lon="-83.54768000000001"><ele>1350.0</ele></trkpt><trkpt lat="35.18369" lon="-83.54807"><ele>1348.0</ele></trkpt><trkpt lat="35.18369" lon="-83.54849999999999"><ele>1358.8839161014184</ele></trkpt><trkpt lat="35.18355" lon="-83.54876000000002"><ele>1370.0541345853878</ele></trkpt><trkpt lat="35.18353" lon="-83.54892000000001"><ele>1374.5806082459167</ele></trkpt><trkpt lat="35.18346" lon="-83.54913999999997"><ele>1383.0</ele></trkpt><trkpt lat="35.18345" lon="-83.54966000000002"><ele>1392.8681848896667</ele></trkpt><trkpt lat="35.1834" lon="-83.55003999999997"><ele>1398.0</ele></trkpt><trkpt lat="35.18348" lon="-83.55048"><ele>1404.0829546665773</ele></trkpt><trkpt lat="35.18347" lon="-83.55072000000001"><ele>1408.5459077215735</ele></trkpt><trkpt lat="35.18337" lon="-83.55093"><ele>1412.6953721353107</ele></trkpt><trkpt lat="35.18322" lon="-83.55115999999998"><ele>1415.0964908437682</ele></trkpt><trkpt lat="35.18303" lon="-83.55142999999998"><ele>1420.4597940560318</ele></trkpt><trkpt lat="35.18289" lon="-83.55156999999997"><ele>1424.1520158269916</ele></trkpt><trkpt lat="35.1827" lon="-83.55169000000001"><ele>1426.0</ele></trkpt><trkpt lat="35.1821" lon="-83.55183999999997"><ele>1436.4635484432802</ele></trkpt><trkpt lat="35.18197" lon="-83.55191000000002"><ele>1438.5758868344128</ele></trkpt><trkpt lat="35.18173" lon="-83.5523"><ele>1445.0665902979672</ele></trkpt><trkpt lat="35.1816" lon="-83.55246"><ele>1448.62694965984</ele></trkpt><trkpt lat="35.18145" lon="-83.55279999999999"><ele>1455.402947413735</ele></trkpt><trkpt lat="35.18131" lon="-83.55299000000002"><ele>1459.2624516415892</ele></trkpt><trkpt lat="35.18129" lon="-83.55308000000002"><ele>1461.0771342664957</ele></trkpt><trkpt lat="35.18134" lon="-83.55365999999998"><ele>1468.9280767235905</ele></trkpt><trkpt lat="35.18142" lon="-83.55417999999997"><ele>1477.7526812588076</ele></trkpt><trkpt lat="35.18154" lon="-83.55392"><ele>1483.9300299261135</ele></trkpt><trkpt lat="35.18166" lon="-83.55349999999999"><ele>1489.1741499770433</ele></trkpt><trkpt lat="35.18182" lon="-83.55329"><ele>1494.0114267379204</ele></trkpt><trkpt lat="35.18195" lon="-83.55318999999997"><ele>1496.8194747765456</ele></trkpt><trkpt lat="35.18213" lon="-83.55318999999997"><ele>1503.3513087490574</ele></trkpt><trkpt lat="35.18226" lon="-83.55322999999999"><ele>1506.7767772241255</ele></trkpt><trkpt lat="35.18263" lon="-83.55342000000002"><ele>1518.096885333769</ele></trkpt><trkpt lat="35.18275943938113" lon="-83.55350413559773"><ele>1522.0178883792832</ele></trkpt><trkpt lat="35.18277816202872" lon="-83.55351630516947"><ele>1522.5850315280259</ele></trkpt><trkpt lat="35.18303" lon="-83.55367999999999"><ele>1529.3653297731314</ele></trkpt><trkpt lat="35.18316" lon="-83.55389000000002"><ele>1531.296564211008</ele></trkpt><trkpt lat="35.1832" lon="-83.55408999999997"><ele>1535.3367661749944</ele></trkpt><trkpt lat="35.18325" lon="-83.55417999999997"><ele>1536.084847737856</ele></trkpt><trkpt lat="35.18328" lon="-83.55428999999998"><ele>1536.454001761973</ele></trkpt><trkpt lat="35.1832" lon="-83.55487"><ele>1542.0</ele></trkpt><trkpt lat="35.1832" lon="-83.55487"><ele>1542.0</ele></trkpt><trkpt lat="35.18328" lon="-83.55493000000001"><ele>1540.2124663678428</ele></trkpt><trkpt lat="35.18331" lon="-83.555"><ele>1540.5428432666158</ele></trkpt><trkpt lat="35.18332" lon="-83.55529999999999"><ele>1540.0</ele></trkpt><trkpt lat="35.18335" lon="-83.55542000000003"><ele>1539.0</ele></trkpt><trkpt lat="35.18339" lon="-83.55547999999999"><ele>1539.0816947454532</ele></trkpt><trkpt lat="35.18345" lon="-83.55552"><ele>1540.0</ele></trkpt><trkpt lat="35.18393" lon="-83.55561"><ele>1539.3288636275465</ele></trkpt><trkpt lat="35.18446" lon="-83.55585000000002"><ele>1531.169644618407</ele></trkpt><trkpt lat="35.18515" lon="-83.55590000000001"><ele>1521.9428042995994</ele></trkpt><trkpt lat="35.18574" lon="-83.55610000000001"><ele>1512.0</ele></trkpt><trkpt lat="35.18588" lon="-83.55619000000002"><ele>1509.199038254097</ele></trkpt><trkpt lat="35.18603" lon="-83.5564"><ele>1506.0</ele></trkpt><trkpt lat="35.18624" lon="-83.55655000000002"><ele>1502.0231796987252</ele></trkpt><trkpt lat="35.1863" lon="-83.55669"><ele>1501.0</ele></trkpt><trkpt lat="35.18633" lon="-83.55705999999998"><ele>1497.0</ele></trkpt><trkpt lat="35.1863" lon="-83.55721"><ele>1496.0</ele></trkpt><trkpt lat="35.18615" lon="-83.55732"><ele>1494.0</ele></trkpt><trkpt lat="35.1858" lon="-83.55741999999998"><ele>1491.0</ele></trkpt><trkpt lat="35.18567" lon="-83.5575"><ele>1491.0</ele></trkpt><trkpt lat="35.18549" lon="-83.55770000000001"><ele>1490.6854176320571</ele></trkpt><trkpt lat="35.18545" lon="-83.55784"><ele>1489.7184557281435</ele></trkpt><trkpt lat="35.18545" lon="-83.55794000000003"><ele>1488.7184557281435</ele></trkpt><trkpt lat="35.18541" lon="-83.55808999999999"><ele>1487.9995042346152</ele></trkpt><trkpt lat="35.18523" lon="-83.55833999999999"><ele>1489.1617499727306</ele></trkpt><trkpt lat="35.18493" lon="-83.55860999999999"><ele>1491.0</ele></trkpt><trkpt lat="35.18482" lon="-83.55867"><ele>1491.0</ele></trkpt><trkpt lat="35.18462" lon="-83.55871000000002"><ele>1490.371246220544</ele></trkpt><trkpt lat="35.18454" lon="-83.55880000000002"><ele>1490.0</ele></trkpt><trkpt lat="35.18451" lon="-83.55903999999998"><ele>1490.3185909613967</ele></trkpt><trkpt lat="35.18451" lon="-83.55946"><ele>1493.0</ele></trkpt><trkpt lat="35.18443" lon="-83.56007999999997"><ele>1493.8802759703249</ele></trkpt><trkpt lat="35.18445520163379" lon="-83.56034041688247"><ele>1491.4432525150478</ele></trkpt><trkpt lat="35.18446436664314" lon="-83.56040940729258"><ele>1490.9206540100276</ele></trkpt><trkpt lat="35.18455" lon="-83.56079"><ele>1490.5802454690047</ele></trkpt><trkpt lat="35.18457" lon="-83.56100000000004"><ele>1491.0</ele></trkpt><trkpt lat="35.18457" lon="-83.56100000000004"><ele>1491.0</ele></trkpt><trkpt lat="35.18452" lon="-83.56100000000004"><ele>1492.7483800202608</ele></trkpt><trkpt lat="35.18439" lon="-83.56110999999999"><ele>1497.0</ele></trkpt><trkpt lat="35.18422" lon="-83.56132000000002"><ele>1501.8546777572483</ele></trkpt><trkpt lat="35.18411" lon="-83.56151999999997"><ele>1503.4899369419222</ele></trkpt><trkpt lat="35.18385" lon="-83.56166999999999"><ele>1508.9523579981178</ele></trkpt><trkpt lat="35.18362" lon="-83.56200999999999"><ele>1517.0</ele></trkpt><trkpt lat="35.18362" lon="-83.56200999999999"><ele>1517.0</ele></trkpt><trkpt lat="35.18347" lon="-83.56222000000002"><ele>1520.6201458349824</ele></trkpt><trkpt lat="35.18322" lon="-83.56315999999998"><ele>1535.8752141613513</ele></trkpt><trkpt lat="35.18313" lon="-83.56338"><ele>1539.0051548579243</ele></trkpt><trkpt lat="35.18305" lon="-83.56346000000002"><ele>1540.570879434952</ele></trkpt><trkpt lat="35.18283" lon="-83.56349"><ele>1544.6515111350598</ele></trkpt><trkpt lat="35.18274" lon="-83.56347"><ele>1546.5391680002213</ele></trkpt><trkpt lat="35.18235" lon="-83.56326000000001"><ele>1557.3258773321286</ele></trkpt><trkpt lat="35.182" lon="-83.56317999999999"><ele>1561.0541475564241</ele></trkpt><trkpt lat="35.18181" lon="-83.56308999999999"><ele>1565.0</ele></trkpt><trkpt lat="35.18134" lon="-83.56279999999998"><ele>1575.0</ele></trkpt><trkpt lat="35.18129" lon="-83.56268999999998"><ele>1578.0</ele></trkpt><trkpt lat="35.18128" lon="-83.56252999999998"><ele>1583.3463431121781</ele></trkpt><trkpt lat="35.18128" lon="-83.56252999999998"><ele>1583.3463431121781</ele></trkpt><trkpt lat="35.18131" lon="-83.56245999999999"><ele>1585.084786339478</ele></trkpt><trkpt lat="35.18152" lon="-83.56223"><ele>1589.3273564446718</ele></trkpt><trkpt lat="35.18163" lon="-83.56200999999999"><ele>1592.0</ele></trkpt><trkpt lat="35.18163" lon="-83.56200999999999"><ele>1592.0</ele></trkpt><trkpt lat="35.18165" lon="-83.56191999999999"><ele>1593.0</ele></trkpt><trkpt lat="35.18164" lon="-83.56178999999997"><ele>1594.9943553823027</ele></trkpt><trkpt lat="35.18157" lon="-83.56141000000002"><ele>1600.0</ele></trkpt><trkpt lat="35.18149" lon="-83.56126"><ele>1603.0</ele></trkpt><trkpt lat="35.18141" lon="-83.56121000000002"><ele>1605.0806008893996</ele></trkpt><trkpt lat="35.18118" lon="-83.56115"><ele>1611.0</ele></trkpt><trkpt lat="35.18081" lon="-83.56119999999999"><ele>1617.5246975038835</ele></trkpt><trkpt lat="35.18076" lon="-83.56117999999998"><ele>1618.0</ele></trkpt><trkpt lat="35.18069" lon="-83.56110000000001"><ele>1620.0</ele></trkpt><trkpt lat="35.18067785896561" lon="-83.56098263666757"><ele>1621.9059768328716</ele></trkpt><trkpt lat="35.18067799143267" lon="-83.56098391716961"><ele>1621.8910720112153</ele></trkpt><trkpt lat="35.18066" lon="-83.56081"><ele>1622.8445904199034</ele></trkpt><trkpt lat="35.18058" lon="-83.56064000000003"><ele>1624.0</ele></trkpt><trkpt lat="35.18047" lon="-83.56056000000001"><ele>1625.0</ele></trkpt><trkpt lat="35.18034" lon="-83.56064000000003"><ele>1628.0</ele></trkpt><trkpt lat="35.18034" lon="-83.56064000000003"><ele>1628.0</ele></trkpt><trkpt lat="35.18031" lon="-83.56067000000002"><ele>1628.0</ele></trkpt><trkpt lat="35.18025" lon="-83.56063"><ele>1628.0</ele></trkpt><trkpt lat="35.18021" lon="-83.5607"><ele>1628.0</ele></trkpt><trkpt lat="35.18023" lon="-83.56078000000002"><ele>1628.0</ele></trkpt><trkpt lat="35.1802" lon="-83.56087000000002"><ele>1628.0</ele></trkpt><trkpt lat="35.18016" lon="-83.56094999999999"><ele>1627.0</ele></trkpt><trkpt lat="35.1801" lon="-83.56097999999997"><ele>1627.0</ele></trkpt><trkpt lat="35.1801" lon="-83.56097999999997"><ele>1627.0</ele></trkpt><trkpt lat="35.17993" lon="-83.56101999999998"><ele>1625.0</ele></trkpt><trkpt lat="35.17993" lon="-83.56101999999998"><ele>1625.0</ele></trkpt><trkpt lat="35.17983" lon="-83.56108999999998"><ele>1624.0</ele></trkpt><trkpt lat="35.17947" lon="-83.56150000000002"><ele>1618.105745816917</ele></trkpt><trkpt lat="35.17947" lon="-83.56150000000002"><ele>1618.105745816917</ele></trkpt><trkpt lat="35.17926" lon="-83.56171"><ele>1617.0</ele></trkpt><trkpt lat="35.17902" lon="-83.56200999999999"><ele>1616.0</ele></trkpt><trkpt lat="35.17902" lon="-83.56200999999999"><ele>1616.0</ele></trkpt><trkpt lat="35.17895" lon="-83.56211000000002"><ele>1615.0</ele></trkpt><trkpt lat="35.17895" lon="-83.56211000000002"><ele>1615.0</ele></trkpt><trkpt lat="35.179" lon="-83.56221"><ele>1613.6253801571388</ele></trkpt><trkpt lat="35.179" lon="-83.56232999999997"><ele>1612.0</ele></trkpt><trkpt lat="35.17892" lon="-83.56266"><ele>1608.3274441855992</ele></trkpt><trkpt lat="35.1788" lon="-83.56286"><ele>1607.8681665713625</ele></trkpt><trkpt lat="35.17878" lon="-83.56326000000001"><ele>1600.3514422724063</ele></trkpt><trkpt lat="35.17857" lon="-83.56399999999996"><ele>1589.8412237615105</ele></trkpt><trkpt lat="35.1782" lon="-83.56461000000002"><ele>1587.4113173326477</ele></trkpt><trkpt lat="35.17777" lon="-83.56511999999998"><ele>1585.2684017624706</ele></trkpt><trkpt lat="35.1777" lon="-83.56529999999998"><ele>1582.1570592284959</ele></trkpt><trkpt lat="35.1777" lon="-83.56529999999998"><ele>1582.1570592284959</ele></trkpt><trkpt lat="35.17758" lon="-83.56567000000001"><ele>1578.4642658261369</ele></trkpt><trkpt lat="35.17747" lon="-83.56673"><ele>1566.8951597828402</ele></trkpt><trkpt lat="35.17741" lon="-83.56686000000002"><ele>1565.620950761971</ele></trkpt><trkpt lat="35.17701" lon="-83.56726000000003"><ele>1557.9962352514353</ele></trkpt><trkpt lat="35.17663" lon="-83.56786"><ele>1551.5920658284367</ele></trkpt><trkpt lat="35.17654" lon="-83.56822"><ele>1544.1306048125223</ele></trkpt><trkpt lat="35.17652" lon="-83.56858"><ele>1534.3959075557068</ele></trkpt><trkpt lat="35.17627" lon="-83.56923999999998"><ele>1522.6376782227308</ele></trkpt><trkpt lat="35.17617" lon="-83.56936000000002"><ele>1521.8568761124425</ele></trkpt><trkpt lat="35.17615" lon="-83.56943999999999"><ele>1520.9903938807547</ele></trkpt><trkpt lat="35.17617" lon="-83.56961999999999"><ele>1517.8500892184675</ele></trkpt><trkpt lat="35.1761" lon="-83.57013999999998"><ele>1519.8896597165792</ele></trkpt><trkpt lat="35.17619" lon="-83.57024999999999"><ele>1521.8350800760163</ele></trkpt><trkpt lat="35.17621" lon="-83.57036"><ele>1523.0</ele></trkpt><trkpt lat="35.17614" lon="-83.57067999999998"><ele>1526.0</ele></trkpt><trkpt lat="35.1763" lon="-83.57096000000001"><ele>1529.5201315563172</ele></trkpt><trkpt lat="35.17672" lon="-83.57123999999999"><ele>1531.2797589912714</ele></trkpt><trkpt lat="35.17678" lon="-83.57130999999998"><ele>1531.070662189275</ele></trkpt><trkpt lat="35.17681" lon="-83.57150000000001"><ele>1534.0</ele></trkpt><trkpt lat="35.17671" lon="-83.57191"><ele>1539.0617572348565</ele></trkpt><trkpt lat="35.17637" lon="-83.57253000000003"><ele>1542.447027143091</ele></trkpt><trkpt lat="35.17617" lon="-83.57283999999999"><ele>1541.9798397317822</ele></trkpt><trkpt lat="35.17606" lon="-83.57299"><ele>1541.9967729579657</ele></trkpt><trkpt lat="35.17569" lon="-83.57334000000003"><ele>1545.781153067015</ele></trkpt><trkpt lat="35.175547710373216" lon="-83.57342237820501"><ele>1546.815552037063</ele></trkpt><trkpt lat="35.17555316964804" lon="-83.57341921759809"><ele>1546.8744131486033</ele></trkpt><trkpt lat="35.1755" lon="-83.57344999999998"><ele>1547.0219353393447</ele></trkpt><trkpt lat="35.17546" lon="-83.57344999999998"><ele>1547.7681907890365</ele></trkpt><trkpt lat="35.17524" lon="-83.57355999999999"><ele>1547.3110862225294</ele></trkpt><trkpt lat="35.17477" lon="-83.57370000000003"><ele>1550.7866133321077</ele></trkpt><trkpt lat="35.17469" lon="-83.57376"><ele>1550.2296531212987</ele></trkpt><trkpt lat="35.17444" lon="-83.57418000000001"><ele>1550.4854053165764</ele></trkpt><trkpt lat="35.17441" lon="-83.57433000000003"><ele>1549.1958258114755</ele></trkpt><trkpt lat="35.17433" lon="-83.57457"><ele>1548.9986187061295</ele></trkpt><trkpt lat="35.17414" lon="-83.57488000000001"><ele>1551.9157114199857</ele></trkpt><trkpt lat="35.1741" lon="-83.57499000000001"><ele>1551.8701339457184</ele></trkpt><trkpt lat="35.17411" lon="-83.57514000000003"><ele>1550.2999960258603</ele></trkpt><trkpt lat="35.17408" lon="-83.57515999999998"><ele>1552.0104095749557</ele></trkpt><trkpt lat="35.17408" lon="-83.57533000000001"><ele>1555.0104095749557</ele></trkpt><trkpt lat="35.17413" lon="-83.57538"><ele>1553.58579348523</ele></trkpt><trkpt lat="35.17411" lon="-83.57560000000001"><ele>1556.2279383137472</ele></trkpt><trkpt lat="35.17416" lon="-83.57601"><ele>1560.9268618793444</ele></trkpt><trkpt lat="35.17432" lon="-83.57607999999999"><ele>1560.1294257771224</ele></trkpt><trkpt lat="35.17452" lon="-83.57623999999998"><ele>1563.5102471364662</ele></trkpt><trkpt lat="35.17454" lon="-83.57634000000002"><ele>1566.1931021186479</ele></trkpt><trkpt lat="35.17466" lon="-83.57648"><ele>1566.7130793044344</ele></trkpt><trkpt lat="35.17467" lon="-83.57661999999999"><ele>1569.557530022721</ele></trkpt><trkpt lat="35.17473" lon="-83.57675999999998"><ele>1569.9513080138713</ele></trkpt><trkpt lat="35.17473" lon="-83.57695000000001"><ele>1572.0</ele></trkpt><trkpt lat="35.17468" lon="-83.57735000000002"><ele>1575.8020186517388</ele></trkpt><trkpt lat="35.17427" lon="-83.57889999999998"><ele>1596.0</ele></trkpt><trkpt lat="35.17425" lon="-83.57909999999998"><ele>1598.3180577792227</ele></trkpt><trkpt lat="35.17432" lon="-83.57990000000001"><ele>1605.3270835019648</ele></trkpt><trkpt lat="35.1745" lon="-83.58028999999999"><ele>1610.021282763747</ele></trkpt><trkpt lat="35.1748" lon="-83.58053000000001"><ele>1612.4951857653853</ele></trkpt><trkpt lat="35.17553" lon="-83.58064000000002"><ele>1608.6408284455538</ele></trkpt><trkpt lat="35.17602" lon="-83.58055000000002"><ele>1609.713382026609</ele></trkpt><trkpt lat="35.17651" lon="-83.58055000000002"><ele>1613.2075744797835</ele></trkpt><trkpt lat="35.17665" lon="-83.58064999999999"><ele>1613.5379736733385</ele></trkpt><trkpt lat="35.17683" lon="-83.58159999999998"><ele>1621.219877909869</ele></trkpt><trkpt lat="35.1768" lon="-83.58167000000003"><ele>1622.930348686874</ele></trkpt><trkpt lat="35.17678" lon="-83.58188999999999"><ele>1624.0632462395924</ele></trkpt><trkpt lat="35.1767" lon="-83.58222999999998"><ele>1625.0</ele></trkpt><trkpt lat="35.17659" lon="-83.58236999999997"><ele>1626.903626460582</ele></trkpt><trkpt lat="35.176545849402984" lon="-83.58240376222125"><ele>1627.0</ele></trkpt><trkpt lat="35.176545849402984" lon="-83.58240376222125"><ele>1627.0</ele></trkpt><trkpt lat="35.17642" lon="-83.58249999999998"><ele>1627.6768888896331</ele></trkpt><trkpt lat="35.1763" lon="-83.58267000000001"><ele>1626.0</ele></trkpt><trkpt lat="35.17619" lon="-83.58275000000003"><ele>1625.0</ele></trkpt><trkpt lat="35.17586" lon="-83.58287999999999"><ele>1621.0</ele></trkpt><trkpt lat="35.17578967641654" lon="-83.5828831965265"><ele>1620.381256187955</ele></trkpt><trkpt lat="35.17578967641654" lon="-83.5828831965265"><ele>1620.381256187955</ele></trkpt><trkpt lat="35.17564" lon="-83.58289000000002"><ele>1618.5015715546906</ele></trkpt><trkpt lat="35.17529" lon="-83.58296000000001"><ele>1616.239335110411</ele></trkpt><trkpt lat="35.17502" lon="-83.58312000000001"><ele>1612.7827946664765</ele></trkpt><trkpt lat="35.17493" lon="-83.58321000000001"><ele>1611.8141821042473</ele></trkpt><trkpt lat="35.17412" lon="-83.58326"><ele>1609.0</ele></trkpt><trkpt lat="35.17385" lon="-83.58337"><ele>1606.1319502219558</ele></trkpt><trkpt lat="35.17385" lon="-83.58398"><ele>1609.0</ele></trkpt><trkpt lat="35.17385" lon="-83.58398"><ele>1609.0</ele></trkpt><trkpt lat="35.17386" lon="-83.58411999999998"><ele>1608.553422993049</ele></trkpt><trkpt lat="35.17386" lon="-83.58411999999998"><ele>1608.553422993049</ele></trkpt><trkpt lat="35.1741" lon="-83.58467000000002"><ele>1606.0</ele></trkpt><trkpt lat="35.17459" lon="-83.58515999999997"><ele>1601.0</ele></trkpt><trkpt lat="35.17486" lon="-83.58549"><ele>1598.5394521448761</ele></trkpt><trkpt lat="35.1749" lon="-83.58585"><ele>1594.670625940966</ele></trkpt><trkpt lat="35.17381" lon="-83.58760999999998"><ele>1569.5336284451187</ele></trkpt><trkpt lat="35.17381" lon="-83.58760999999998"><ele>1569.5336284451187</ele></trkpt><trkpt lat="35.1733" lon="-83.58843999999999"><ele>1561.0</ele></trkpt><trkpt lat="35.17338011889439" lon="-83.58922115922036"><ele>1558.9610549237739</ele></trkpt><trkpt lat="35.17338514046988" lon="-83.58927011940347"><ele>1559.0</ele></trkpt><trkpt lat="35.17342" lon="-83.58961"><ele>1561.0</ele></trkpt><trkpt lat="35.17381" lon="-83.59045000000003"><ele>1559.6686498022748</ele></trkpt><trkpt lat="35.17381" lon="-83.59045000000003"><ele>1559.6686498022748</ele></trkpt><trkpt lat="35.17393" lon="-83.59073000000001"><ele>1563.0</ele></trkpt><trkpt lat="35.17413" lon="-83.59183000000002"><ele>1557.0</ele></trkpt><trkpt lat="35.17381" lon="-83.59264999999999"><ele>1536.0</ele></trkpt><trkpt lat="35.17381" lon="-83.59264999999999"><ele>1536.0</ele></trkpt><trkpt lat="35.17339" lon="-83.59368"><ele>1527.0</ele></trkpt><trkpt lat="35.1727" lon="-83.59577000000002"><ele>1501.0</ele></trkpt><trkpt lat="35.17135" lon="-83.59784000000002"><ele>1480.781073777005</ele></trkpt><trkpt lat="35.17026" lon="-83.59852999999998"><ele>1448.2020882051438</ele></trkpt><trkpt lat="35.16955" lon="-83.5992"><ele>1437.0</ele></trkpt><trkpt lat="35.16953" lon="-83.60005999999998"><ele>1442.4158249590546</ele></trkpt><trkpt lat="35.16926" lon="-83.60088000000002"><ele>1449.829093537349</ele></trkpt><trkpt lat="35.16865" lon="-83.60179"><ele>1452.0</ele></trkpt><trkpt lat="35.16821" lon="-83.60321999999996"><ele>1457.3126527289091</ele></trkpt><trkpt lat="35.16699" lon="-83.60453999999999"><ele>1447.758889512159</ele></trkpt><trkpt lat="35.16633" lon="-83.60595999999998"><ele>1430.361646222882</ele></trkpt><trkpt lat="35.16633" lon="-83.60595999999998"><ele>1430.361646222882</ele></trkpt><trkpt lat="35.16619" lon="-83.60626000000002"><ele>1425.2078980552033</ele></trkpt><trkpt lat="35.16597" lon="-83.60774000000004"><ele>1424.0</ele></trkpt><trkpt lat="35.16564" lon="-83.60825999999997"><ele>1422.1738773351535</ele></trkpt><trkpt lat="35.1653" lon="-83.60942999999997"><ele>1410.0</ele></trkpt><trkpt lat="35.16549" lon="-83.61027000000001"><ele>1399.5010879999027</ele></trkpt><trkpt lat="35.16581" lon="-83.61070999999998"><ele>1387.0</ele></trkpt><trkpt lat="35.16605" lon="-83.61090999999999"><ele>1380.9377198451784</ele></trkpt><trkpt lat="35.16623" lon="-83.61100999999996"><ele>1376.0</ele></trkpt><trkpt lat="35.16623" lon="-83.61100999999996"><ele>1376.0</ele></trkpt><trkpt lat="35.16623" lon="-83.61113"><ele>1375.0</ele></trkpt><trkpt lat="35.16623" lon="-83.61113"><ele>1375.0</ele></trkpt><trkpt lat="35.16591" lon="-83.61115000000001"><ele>1375.0</ele></trkpt><trkpt lat="35.16591" lon="-83.61115000000001"><ele>1375.0</ele></trkpt><trkpt lat="35.16589" lon="-83.61131"><ele>1375.070293629542</ele></trkpt><trkpt lat="35.16592" lon="-83.61142000000001"><ele>1376.0</ele></trkpt><trkpt lat="35.16602" lon="-83.61158"><ele>1377.0</ele></trkpt><trkpt lat="35.16617" lon="-83.61171000000002"><ele>1380.0</ele></trkpt><trkpt lat="35.16641" lon="-83.61198000000002"><ele>1384.0</ele></trkpt><trkpt lat="35.16683" lon="-83.61270000000002"><ele>1381.6581535972655</ele></trkpt><trkpt lat="35.16704" lon="-83.61280999999997"><ele>1387.6775430659004</ele></trkpt><trkpt lat="35.16722" lon="-83.61295999999999"><ele>1388.0</ele></trkpt><trkpt lat="35.16737" lon="-83.61334999999997"><ele>1388.4429490249604</ele></trkpt><trkpt lat="35.16747" lon="-83.61354"><ele>1389.0</ele></trkpt><trkpt lat="35.1675" lon="-83.61403999999999"><ele>1391.145865989849</ele></trkpt><trkpt lat="35.16749" lon="-83.61442"><ele>1396.9029297772795</ele></trkpt><trkpt lat="35.16751" lon="-83.61460999999997"><ele>1399.0</ele></trkpt><trkpt lat="35.16761" lon="-83.61490000000003"><ele>1402.0</ele></trkpt><trkpt lat="35.16777" lon="-83.61526000000003"><ele>1403.7656412224335</ele></trkpt><trkpt lat="35.16794" lon="-83.61599000000001"><ele>1412.070232889615</ele></trkpt><trkpt lat="35.16806" lon="-83.61631999999997"><ele>1417.0</ele></trkpt><trkpt lat="35.16797" lon="-83.61719"><ele>1430.0</ele></trkpt><trkpt lat="35.16791" lon="-83.61759"><ele>1432.490744515445</ele></trkpt><trkpt lat="35.16797" lon="-83.61829999999998"><ele>1436.0755185196176</ele></trkpt><trkpt lat="35.16801" lon="-83.61837000000003"><ele>1436.9872481005798</ele></trkpt><trkpt lat="35.16817" lon="-83.61851999999999"><ele>1435.9483998421929</ele></trkpt><trkpt lat="35.16817" lon="-83.61851999999999"><ele>1435.9483998421929</ele></trkpt><trkpt lat="35.16824" lon="-83.61874"><ele>1437.9588950164616</ele></trkpt><trkpt lat="35.16833" lon="-83.61891000000003"><ele>1439.8541783301935</ele></trkpt><trkpt lat="35.16872" lon="-83.61923000000002"><ele>1443.0651768902317</ele></trkpt><trkpt lat="35.16928" lon="-83.62"><ele>1452.6182268373668</ele></trkpt><trkpt lat="35.16932" lon="-83.62011999999999"><ele>1455.0</ele></trkpt><trkpt lat="35.16933" lon="-83.62036999999998"><ele>1455.1820722538978</ele></trkpt><trkpt lat="35.16937" lon="-83.62050999999997"><ele>1455.4624905679375</ele></trkpt><trkpt lat="35.1698" lon="-83.62090999999998"><ele>1456.9917673308748</ele></trkpt><trkpt lat="35.16996" lon="-83.62097"><ele>1461.0834730347997</ele></trkpt><trkpt lat="35.17006" lon="-83.62108"><ele>1462.5747753451085</ele></trkpt><trkpt lat="35.17015" lon="-83.62130000000002"><ele>1462.9308719020337</ele></trkpt><trkpt lat="35.17017" lon="-83.62149"><ele>1461.0710924174637</ele></trkpt><trkpt lat="35.17024" lon="-83.62176"><ele>1461.061866428703</ele></trkpt><trkpt lat="35.17033" lon="-83.62189000000001"><ele>1462.187049434056</ele></trkpt><trkpt lat="35.17057" lon="-83.62212"><ele>1463.0</ele></trkpt><trkpt lat="35.17067" lon="-83.62216999999998"><ele>1461.9208924444392</ele></trkpt><trkpt lat="35.17099" lon="-83.62225999999998"><ele>1458.9508884517209</ele></trkpt><trkpt lat="35.17145" lon="-83.62252999999998"><ele>1460.0</ele></trkpt><trkpt lat="35.171964051368434" lon="-83.62262009147696"><ele>1457.0</ele></trkpt><trkpt lat="35.1719841138142" lon="-83.62262360732478"><ele>1457.0</ele></trkpt><trkpt lat="35.17242" lon="-83.62270000000001"><ele>1453.221102221869</ele></trkpt><trkpt lat="35.17279" lon="-83.62290999999999"><ele>1448.4343928890303</ele></trkpt><trkpt lat="35.17324" lon="-83.62324000000001"><ele>1446.0552782220766</ele></trkpt><trkpt lat="35.17361" lon="-83.62360000000001"><ele>1449.0</ele></trkpt><trkpt lat="35.17375" lon="-83.62383"><ele>1450.0</ele></trkpt><trkpt lat="35.17381" lon="-83.62405999999999"><ele>1449.3396520920032</ele></trkpt><trkpt lat="35.17381" lon="-83.62405999999999"><ele>1449.3396520920032</ele></trkpt><trkpt lat="35.17381" lon="-83.62437"><ele>1443.638565506083</ele></trkpt><trkpt lat="35.17381" lon="-83.62437"><ele>1443.638565506083</ele></trkpt><trkpt lat="35.17373" lon="-83.62459000000001"><ele>1440.9700864221468</ele></trkpt><trkpt lat="35.17361" lon="-83.62477999999999"><ele>1441.86207434579</ele></trkpt><trkpt lat="35.17359" lon="-83.62511999999998"><ele>1436.9766638362862</ele></trkpt><trkpt lat="35.1736" lon="-83.62554999999998"><ele>1434.3769405446947</ele></trkpt><trkpt lat="35.17364" lon="-83.62581"><ele>1436.0964024662971</ele></trkpt><trkpt lat="35.17372" lon="-83.62601999999998"><ele>1434.497888000682</ele></trkpt><trkpt lat="35.17381" lon="-83.62610999999998"><ele>1433.696415998973</ele></trkpt><trkpt lat="35.17381" lon="-83.62610999999998"><ele>1433.696415998973</ele></trkpt><trkpt lat="35.17406" lon="-83.62639000000001"><ele>1420.038370141673</ele></trkpt><trkpt lat="35.17447" lon="-83.62697000000003"><ele>1400.1741227586856</ele></trkpt><trkpt lat="35.17459" lon="-83.62727999999998"><ele>1395.0</ele></trkpt><trkpt lat="35.17483" lon="-83.62765999999999"><ele>1397.1815330274403</ele></trkpt><trkpt lat="35.17492" lon="-83.62774000000002"><ele>1397.700252196165</ele></trkpt><trkpt lat="35.17516" lon="-83.62783000000002"><ele>1398.0</ele></trkpt><trkpt lat="35.17535" lon="-83.62792999999999"><ele>1397.6023504175246</ele></trkpt><trkpt lat="35.17535" lon="-83.62792999999999"><ele>1397.6023504175246</ele></trkpt><trkpt lat="35.17539" lon="-83.62799000000001"><ele>1395.3217632528394</ele></trkpt><trkpt lat="35.1754" lon="-83.62806"><ele>1393.8576754683952</ele></trkpt><trkpt lat="35.17537" lon="-83.62814000000003"><ele>1392.837932349601</ele></trkpt><trkpt lat="35.17503" lon="-83.62862000000001"><ele>1378.3794565405544</ele></trkpt><trkpt lat="35.17494" lon="-83.62883"><ele>1368.552324529473</ele></trkpt><trkpt lat="35.17504" lon="-83.62903"><ele>1355.9357813111699</ele></trkpt><trkpt lat="35.17497" lon="-83.62923999999998"><ele>1349.435011556372</ele></trkpt><trkpt lat="35.17493" lon="-83.62967000000003"><ele>1337.0</ele></trkpt><trkpt lat="35.17493" lon="-83.62993"><ele>1329.278680888936</ele></trkpt><trkpt lat="35.175" lon="-83.63033000000001"><ele>1326.2021669831659</ele></trkpt><trkpt lat="35.17509" lon="-83.63058000000001"><ele>1328.8600348294513</ele></trkpt><trkpt lat="35.17511" lon="-83.63096000000002"><ele>1330.28584985435</ele></trkpt><trkpt lat="35.17518" lon="-83.63130000000001"><ele>1337.0</ele></trkpt><trkpt lat="35.17561" lon="-83.63202000000001"><ele>1330.0</ele></trkpt><trkpt lat="35.17572" lon="-83.63225"><ele>1330.0</ele></trkpt><trkpt lat="35.17574" lon="-83.63238999999999"><ele>1333.3656284445897</ele></trkpt><trkpt lat="35.17573" lon="-83.63263999999998"><ele>1336.0</ele></trkpt><trkpt lat="35.17575" lon="-83.63270999999997"><ele>1333.7212906684726</ele></trkpt><trkpt lat="35.17594" lon="-83.63288"><ele>1328.7987164445221</ele></trkpt><trkpt lat="35.17615" lon="-83.63292000000001"><ele>1327.93458133284</ele></trkpt><trkpt lat="35.1763" lon="-83.63303000000002"><ele>1322.8922334688941</ele></trkpt><trkpt lat="35.17659" lon="-83.63342"><ele>1309.0</ele></trkpt><trkpt lat="35.17694" lon="-83.63380000000001"><ele>1298.9960388398358</ele></trkpt><trkpt lat="35.17709" lon="-83.63402000000002"><ele>1295.0</ele></trkpt><trkpt lat="35.17766" lon="-83.63436999999999"><ele>1283.8966027181596</ele></trkpt><trkpt lat="35.17802" lon="-83.63479999999998"><ele>1272.3202311117202</ele></trkpt><trkpt lat="35.17813" lon="-83.63488999999998"><ele>1271.0</ele></trkpt><trkpt lat="35.17842" lon="-83.63502"><ele>1268.5640233382583</ele></trkpt><trkpt lat="35.17892" lon="-83.63544000000002"><ele>1269.0</ele></trkpt><trkpt lat="35.17953" lon="-83.63589000000002"><ele>1260.5225493321195</ele></trkpt><trkpt lat="35.18034" lon="-83.63620000000003"><ele>1258.916389172107</ele></trkpt><trkpt lat="35.18045" lon="-83.63626"><ele>1260.0507105280792</ele></trkpt><trkpt lat="35.18049" lon="-83.63634000000002"><ele>1260.0</ele></trkpt><trkpt lat="35.18052" lon="-83.63648999999998"><ele>1257.5605226671323</ele></trkpt><trkpt lat="35.18054" lon="-83.63693999999998"><ele>1249.589002666995</ele></trkpt><trkpt lat="35.18058" lon="-83.63711"><ele>1248.0</ele></trkpt><trkpt lat="35.18068" lon="-83.63738999999998"><ele>1247.704222485423</ele></trkpt><trkpt lat="35.18085" lon="-83.63765000000001"><ele>1239.0055485624137</ele></trkpt><trkpt lat="35.18092" lon="-83.63772"><ele>1236.2383679999039</ele></trkpt><trkpt lat="35.18112" lon="-83.63783999999998"><ele>1230.0</ele></trkpt><trkpt lat="35.18117" lon="-83.63791000000003"><ele>1226.8552499060384</ele></trkpt><trkpt lat="35.18119" lon="-83.63799"><ele>1224.4094931097454</ele></trkpt><trkpt lat="35.18116" lon="-83.63808"><ele>1222.4611519994214</ele></trkpt><trkpt lat="35.18116" lon="-83.63814000000002"><ele>1220.0</ele></trkpt><trkpt lat="35.18125" lon="-83.63824"><ele>1216.004611555487</ele></trkpt><trkpt lat="35.18239" lon="-83.63898"><ele>1205.0</ele></trkpt><trkpt lat="35.18268" lon="-83.63911999999999"><ele>1204.0</ele></trkpt><trkpt lat="35.18275" lon="-83.63922000000002"><ele>1202.0</ele></trkpt><trkpt lat="35.1828" lon="-83.63954000000001"><ele>1196.3461062619185</ele></trkpt><trkpt lat="35.18282" lon="-83.63997"><ele>1194.0</ele></trkpt><trkpt lat="35.1828" lon="-83.64051999999998"><ele>1200.0</ele></trkpt><trkpt lat="35.18291" lon="-83.64080999999999"><ele>1198.0</ele></trkpt><trkpt lat="35.18301" lon="-83.64098000000001"><ele>1193.849437667057</ele></trkpt><trkpt lat="35.18318" lon="-83.64118000000002"><ele>1188.0</ele></trkpt><trkpt lat="35.18336" lon="-83.64132999999998"><ele>1184.89240005075</ele></trkpt><trkpt lat="35.18357" lon="-83.64143999999999"><ele>1177.8022436711587</ele></trkpt><trkpt lat="35.18395" lon="-83.64150999999998"><ele>1169.250291729346</ele></trkpt><trkpt lat="35.18438" lon="-83.64143999999999"><ele>1163.9660941614068</ele></trkpt><trkpt lat="35.18489" lon="-83.64123000000001"><ele>1144.8813577167894</ele></trkpt><trkpt lat="35.18513" lon="-83.64119"><ele>1135.98354322541</ele></trkpt><trkpt lat="35.18543" lon="-83.64118000000002"><ele>1126.9986849856741</ele></trkpt><trkpt lat="35.1862" lon="-83.64109000000002"><ele>1111.1760955689476</ele></trkpt><trkpt lat="35.18644" lon="-83.64111000000003"><ele>1110.0</ele></trkpt><trkpt lat="35.18694" lon="-83.64127000000002"><ele>1105.0</ele></trkpt><trkpt lat="35.18712" lon="-83.64128"><ele>1105.0</ele></trkpt><trkpt lat="35.18732" lon="-83.64121999999998"><ele>1103.0756026210986</ele></trkpt><trkpt lat="35.18756" lon="-83.6411"><ele>1096.4010007139295</ele></trkpt><trkpt lat="35.18812" lon="-83.64071999999999"><ele>1076.6957530371546</ele></trkpt><trkpt lat="35.18845" lon="-83.64047"><ele>1071.598642168568</ele></trkpt><trkpt lat="35.18874" lon="-83.64015"><ele>1064.1130997557193</ele></trkpt><trkpt lat="35.18888" lon="-83.64008000000001"><ele>1061.129724631086</ele></trkpt><trkpt lat="35.18905" lon="-83.63992999999999"><ele>1057.0</ele></trkpt><trkpt lat="35.18919" lon="-83.63988"><ele>1053.6849768156085</ele></trkpt><trkpt lat="35.18929" lon="-83.63988"><ele>1052.0</ele></trkpt><trkpt lat="35.18948" lon="-83.63995999999997"><ele>1049.0</ele></trkpt><trkpt lat="35.18986" lon="-83.64026000000001"><ele>1035.8987660481644</ele></trkpt><trkpt lat="35.18995" lon="-83.64029"><ele>1031.1134747099131</ele></trkpt><trkpt lat="35.19009" lon="-83.64056"><ele>1022.1299806963652</ele></trkpt><trkpt lat="35.19031" lon="-83.64084000000003"><ele>1014.0</ele></trkpt><trkpt lat="35.19054" lon="-83.64098000000001"><ele>1006.6340939099867</ele></trkpt><trkpt lat="35.19071" lon="-83.64103999999998"><ele>998.8905905039004</ele></trkpt><trkpt lat="35.19076" lon="-83.64101"><ele>996.9933266209109</ele></trkpt><trkpt lat="35.19088" lon="-83.64085999999998"><ele>989.1762448819354</ele></trkpt><trkpt lat="35.19092" lon="-83.64087"><ele>987.2482298086742</ele></trkpt><trkpt lat="35.19096" lon="-83.64098000000001"><ele>986.5179595500231</ele></trkpt><trkpt lat="35.19098" lon="-83.64098000000001"><ele>985.3774470705539</ele></trkpt><trkpt lat="35.19099" lon="-83.64085"><ele>982.7358907103371</ele></trkpt><trkpt lat="35.19097" lon="-83.64067"><ele>979.1370031340048</ele></trkpt><trkpt lat="35.19102" lon="-83.64062000000001"><ele>974.0878809988454</ele></trkpt><trkpt lat="35.19111" lon="-83.64069999999998"><ele>972.6038068849593</ele></trkpt><trkpt lat="35.19119" lon="-83.64085999999998"><ele>968.4407415697655</ele></trkpt><trkpt lat="35.19123" lon="-83.64085999999998"><ele>966.1210173852742</ele></trkpt><trkpt lat="35.19123" lon="-83.64076999999997"><ele>966.1210173852742</ele></trkpt><trkpt lat="35.19117" lon="-83.64060999999998"><ele>966.7463034305194</ele></trkpt><trkpt lat="35.19116" lon="-83.64051999999998"><ele>964.3639118978754</ele></trkpt><trkpt lat="35.19118" lon="-83.64038"><ele>959.9723068308085</ele></trkpt><trkpt lat="35.19125" lon="-83.64029"><ele>956.9805011153221</ele></trkpt><trkpt lat="35.19136" lon="-83.64024999999998"><ele>951.7076566126198</ele></trkpt><trkpt lat="35.19156" lon="-83.64024999999998"><ele>941.3024630304426</ele></trkpt><trkpt lat="35.19168" lon="-83.64028000000002"><ele>935.4593334086239</ele></trkpt><trkpt lat="35.19177" lon="-83.64035000000001"><ele>930.6554951136932</ele></trkpt><trkpt lat="35.19177" lon="-83.64035000000001"><ele>930.6554951136932</ele></trkpt><trkpt lat="35.19181" lon="-83.64038"><ele>929.0459315739572</ele></trkpt><trkpt lat="35.19185" lon="-83.64038"><ele>927.5297649428248</ele></trkpt><trkpt lat="35.19189" lon="-83.64029"><ele>922.4353515990078</ele></trkpt><trkpt lat="35.19196" lon="-83.64021000000002"><ele>921.0</ele></trkpt><trkpt lat="35.19196" lon="-83.64021000000002"><ele>921.0</ele></trkpt><trkpt lat="35.192" lon="-83.63940000000002"><ele>921.0</ele></trkpt><trkpt lat="35.19205" lon="-83.63925999999998"><ele>921.0</ele></trkpt><trkpt lat="35.19211" lon="-83.63918999999999"><ele>921.0</ele></trkpt><trkpt lat="35.19211" lon="-83.63918999999999"><ele>921.0</ele></trkpt><trkpt lat="35.19222" lon="-83.63914"><ele>921.0</ele></trkpt><trkpt lat="35.19222" lon="-83.63914"><ele>921.0</ele></trkpt><trkpt lat="35.19222" lon="-83.63914"><ele>921.0</ele></trkpt><trkpt lat="35.1923" lon="-83.63914"><ele>921.0</ele></trkpt><trkpt lat="35.19243" lon="-83.63922000000002"><ele>922.0</ele></trkpt><trkpt lat="35.19262" lon="-83.63943"><ele>923.0</ele></trkpt><trkpt lat="35.19271" lon="-83.63963000000001"><ele>924.0</ele></trkpt><trkpt lat="35.19273" lon="-83.63988999999998"><ele>924.0</ele></trkpt><trkpt lat="35.19264" lon="-83.64056"><ele>925.0</ele></trkpt><trkpt lat="35.19267" lon="-83.64083"><ele>925.0</ele></trkpt><trkpt lat="35.1928" lon="-83.64136000000002"><ele>926.2346322224251</ele></trkpt><trkpt lat="35.1928" lon="-83.64136000000002"><ele>926.2346322224251</ele></trkpt><trkpt lat="35.19285" lon="-83.64152000000001"><ele>927.0</ele></trkpt><trkpt lat="35.19295" lon="-83.64166"><ele>927.0</ele></trkpt><trkpt lat="35.19306" lon="-83.64170999999999"><ele>927.0</ele></trkpt><trkpt lat="35.19318" lon="-83.64170000000001"><ele>926.22347401361</ele></trkpt><trkpt lat="35.19332" lon="-83.64161999999999"><ele>926.0</ele></trkpt><trkpt lat="35.19417" lon="-83.64096999999998"><ele>922.8802610647087</ele></trkpt><trkpt lat="35.19453" lon="-83.64062000000001"><ele>923.0</ele></trkpt><trkpt lat="35.19475" lon="-83.64035000000001"><ele>924.0</ele></trkpt><trkpt lat="35.194928012459485" lon="-83.64011770005288"><ele>924.0</ele></trkpt><trkpt lat="35.194928012459485" lon="-83.64011770005288"><ele>924.0</ele></trkpt><trkpt lat="35.195656319100145" lon="-83.63916728571326"><ele>926.0</ele></trkpt><trkpt lat="35.195656319100145" lon="-83.63916728571326"><ele>926.0</ele></trkpt><trkpt lat="35.19616" lon="-83.63851"><ele>928.0</ele></trkpt><trkpt lat="35.19637068606395" lon="-83.6383060236833"><ele>929.0</ele></trkpt><trkpt lat="35.19637277931056" lon="-83.63830399831801"><ele>929.0</ele></trkpt><trkpt lat="35.1973328772224" lon="-83.63737447555536"><ele>933.0</ele></trkpt><trkpt lat="35.1973328772224" lon="-83.63737447555536"><ele>933.0</ele></trkpt><trkpt lat="35.19773" lon="-83.63698999999997"><ele>934.2588337790221</ele></trkpt><trkpt lat="35.19773" lon="-83.63698999999997"><ele>934.2588337790221</ele></trkpt><trkpt lat="35.19783" lon="-83.63701000000003"><ele>934.0</ele></trkpt><trkpt lat="35.198" lon="-83.63692000000003"><ele>932.0</ele></trkpt><trkpt lat="35.19806" lon="-83.63693"><ele>931.0</ele></trkpt><trkpt lat="35.19806" lon="-83.63693"><ele>931.0</ele></trkpt><trkpt lat="35.19821" lon="-83.63693999999998"><ele>930.0</ele></trkpt><trkpt lat="35.19828" lon="-83.63697000000002"><ele>929.0</ele></trkpt><trkpt lat="35.19858" lon="-83.63737000000003"><ele>928.0</ele></trkpt><trkpt lat="35.19868" lon="-83.63740999999999"><ele>929.0</ele></trkpt><trkpt lat="35.19879" lon="-83.63736"><ele>931.0002203460921</ele></trkpt><trkpt lat="35.19909" lon="-83.63691"><ele>940.1250976487473</ele></trkpt><trkpt lat="35.19923" lon="-83.63675999999998"><ele>945.0024157464333</ele></trkpt><trkpt lat="35.19931" lon="-83.63673"><ele>946.0</ele></trkpt><trkpt lat="35.19933" lon="-83.63679000000002"><ele>947.3410360003775</ele></trkpt><trkpt lat="35.19923" lon="-83.63695000000001"><ele>949.0946292059366</ele></trkpt><trkpt lat="35.1992" lon="-83.63707"><ele>951.1863450704259</ele></trkpt><trkpt lat="35.19922" lon="-83.63727"><ele>952.4247507888609</ele></trkpt><trkpt lat="35.19927" lon="-83.63743"><ele>955.095985950039</ele></trkpt><trkpt lat="35.19927" lon="-83.63743"><ele>955.095985950039</ele></trkpt><trkpt lat="35.19911" lon="-83.63781"><ele>957.4841991066933</ele></trkpt><trkpt lat="35.19901" lon="-83.63794999999999"><ele>955.3329013824346</ele></trkpt><trkpt lat="35.19899" lon="-83.63815"><ele>958.8847037730442</ele></trkpt><trkpt lat="35.19908" lon="-83.63833999999997"><ele>959.051289875645</ele></trkpt><trkpt lat="35.19933" lon="-83.63873000000001"><ele>957.8110429700464</ele></trkpt><trkpt lat="35.19954" lon="-83.63896"><ele>961.3545937989418</ele></trkpt><trkpt lat="35.19971" lon="-83.63927999999999"><ele>955.259451373821</ele></trkpt><trkpt lat="35.19995" lon="-83.64015999999998"><ele>950.0808918815352</ele></trkpt><trkpt lat="35.19997" lon="-83.64035999999999"><ele>951.0639654497197</ele></trkpt><trkpt lat="35.19988" lon="-83.64073000000002"><ele>952.0</ele></trkpt><trkpt lat="35.19982" lon="-83.64125999999999"><ele>961.7565587162971</ele></trkpt><trkpt lat="35.19994" lon="-83.64147000000003"><ele>967.600384188816</ele></trkpt><trkpt lat="35.19989" lon="-83.64163000000002"><ele>964.7487890124321</ele></trkpt><trkpt lat="35.19987" lon="-83.64166"><ele>963.6081514339894</ele></trkpt><trkpt lat="35.19979" lon="-83.64164"><ele>959.4720976575775</ele></trkpt><trkpt lat="35.19966" lon="-83.64168999999998"><ele>958.7770417770371</ele></trkpt><trkpt lat="35.19947" lon="-83.64182"><ele>969.0400220528245</ele></trkpt><trkpt lat="35.19943" lon="-83.642"><ele>979.0</ele></trkpt><trkpt lat="35.19952" lon="-83.64229"><ele>984.0</ele></trkpt><trkpt lat="35.19947" lon="-83.64252999999997"><ele>980.0</ele></trkpt><trkpt lat="35.19963" lon="-83.64308"><ele>991.0</ele></trkpt><trkpt lat="35.19963" lon="-83.64308"><ele>991.0</ele></trkpt><trkpt lat="35.19957" lon="-83.64317"><ele>992.3739864774759</ele></trkpt><trkpt lat="35.19955" lon="-83.64321999999999"><ele>992.0</ele></trkpt><trkpt lat="35.19957" lon="-83.64330000000001"><ele>992.0</ele></trkpt><trkpt lat="35.19987" lon="-83.64346999999998"><ele>995.0</ele></trkpt><trkpt lat="35.19991" lon="-83.64357999999999"><ele>995.0</ele></trkpt><trkpt lat="35.19988" lon="-83.64368000000002"><ele>995.2708755484828</ele></trkpt><trkpt lat="35.19984" lon="-83.64375999999999"><ele>996.1432293700054</ele></trkpt><trkpt lat="35.19948" lon="-83.64399000000003"><ele>997.352903414097</ele></trkpt><trkpt lat="35.19935" lon="-83.64418999999998"><ele>998.2716895194244</ele></trkpt><trkpt lat="35.19928" lon="-83.64425"><ele>998.962780125545</ele></trkpt><trkpt lat="35.19901" lon="-83.64431000000002"><ele>999.8778915572912</ele></trkpt><trkpt lat="35.19889" lon="-83.64438000000001"><ele>1001.1401280006394</ele></trkpt><trkpt lat="35.19885" lon="-83.64445999999998"><ele>1002.0</ele></trkpt><trkpt lat="35.1988" lon="-83.6447"><ele>999.5844504237175</ele></trkpt><trkpt lat="35.1988" lon="-83.6447"><ele>999.5844504237175</ele></trkpt><trkpt lat="35.19874" lon="-83.6449"><ele>999.0607877968989</ele></trkpt><trkpt lat="35.19872" lon="-83.64517999999998"><ele>995.5864564076952</ele></trkpt><trkpt lat="35.19884578698434" lon="-83.64572754334358"><ele>990.1840291864445</ele></trkpt><trkpt lat="35.1988517346152" lon="-83.64575343289573"><ele>990.5349344424903</ele></trkpt><trkpt lat="35.19889" lon="-83.64591999999999"><ele>992.7172541245818</ele></trkpt><trkpt lat="35.19903" lon="-83.64620000000002"><ele>994.7016267385334</ele></trkpt><trkpt lat="35.19917" lon="-83.64636999999999"><ele>996.0</ele></trkpt><trkpt lat="35.19947" lon="-83.64659"><ele>998.0</ele></trkpt><trkpt lat="35.19952" lon="-83.64666999999997"><ele>998.9512431019593</ele></trkpt><trkpt lat="35.19956" lon="-83.64688000000001"><ele>999.6020729625808</ele></trkpt><trkpt lat="35.19949" lon="-83.64706000000001"><ele>1000.037180445157</ele></trkpt><trkpt lat="35.19929" lon="-83.64713999999998"><ele>999.0</ele></trkpt><trkpt lat="35.1986" lon="-83.64701000000002"><ele>997.0</ele></trkpt><trkpt lat="35.1986" lon="-83.64701000000002"><ele>997.0</ele></trkpt><trkpt lat="35.19842" lon="-83.64719000000002"><ele>1008.1745943253846</ele></trkpt><trkpt lat="35.19846" lon="-83.64753999999999"><ele>1016.1150270646166</ele></trkpt><trkpt lat="35.19843" lon="-83.64765"><ele>1013.0</ele></trkpt><trkpt lat="35.19846" lon="-83.64789999999999"><ele>1018.3779277727008</ele></trkpt><trkpt lat="35.19827" lon="-83.64846"><ele>1002.6399644389749</ele></trkpt><trkpt lat="35.19837" lon="-83.64871"><ele>1018.9897762500569</ele></trkpt><trkpt lat="35.19837" lon="-83.64893999999998"><ele>1027.0398303282086</ele></trkpt><trkpt lat="35.19841" lon="-83.64916"><ele>1026.3423667754978</ele></trkpt><trkpt lat="35.1986" lon="-83.64933000000002"><ele>1035.2091030135578</ele></trkpt><trkpt lat="35.19886" lon="-83.64944000000003"><ele>1049.0528037656604</ele></trkpt><trkpt lat="35.19916" lon="-83.64947000000001"><ele>1045.6486791102216</ele></trkpt><trkpt lat="35.19977" lon="-83.64931999999999"><ele>1039.6391857778654</ele></trkpt><trkpt lat="35.20004" lon="-83.64951000000002"><ele>1026.934591908599</ele></trkpt><trkpt lat="35.20029" lon="-83.64949999999999"><ele>1027.1407243739368</ele></trkpt><trkpt lat="35.20044" lon="-83.64956000000001"><ele>1028.5708076097071</ele></trkpt><trkpt lat="35.20065" lon="-83.64958999999999"><ele>1027.0562737789005</ele></trkpt><trkpt lat="35.2009" lon="-83.64911000000001"><ele>1037.7982871039333</ele></trkpt><trkpt lat="35.20109" lon="-83.64891"><ele>1024.8124422505498</ele></trkpt><trkpt lat="35.20143" lon="-83.64884"><ele>1003.4300810499117</ele></trkpt><trkpt lat="35.20176" lon="-83.64886000000001"><ele>995.0306684660217</ele></trkpt><trkpt lat="35.20194" lon="-83.64862"><ele>1004.2615502225235</ele></trkpt><trkpt lat="35.20202" lon="-83.64823000000001"><ele>1012.7717009782791</ele></trkpt><trkpt lat="35.20204" lon="-83.64801999999997"><ele>1007.4074563141912</ele></trkpt><trkpt lat="35.20217" lon="-83.64774999999997"><ele>996.2166858278215</ele></trkpt><trkpt lat="35.20235" lon="-83.64753999999999"><ele>988.9799230263693</ele></trkpt><trkpt lat="35.2026" lon="-83.64696000000004"><ele>989.6922214906663</ele></trkpt><trkpt lat="35.20272" lon="-83.64623"><ele>991.3940582655217</ele></trkpt><trkpt lat="35.20285" lon="-83.64654999999999"><ele>981.0</ele></trkpt><trkpt lat="35.20294" lon="-83.64666999999997"><ele>976.0415367471568</ele></trkpt><trkpt lat="35.20318" lon="-83.6472"><ele>969.0</ele></trkpt><trkpt lat="35.20314" lon="-83.64747"><ele>966.8938730508089</ele></trkpt><trkpt lat="35.20324" lon="-83.64832000000001"><ele>957.0</ele></trkpt><trkpt lat="35.2032" lon="-83.64859000000001"><ele>952.0</ele></trkpt><trkpt lat="35.20307" lon="-83.64909999999998"><ele>951.9877083273941</ele></trkpt><trkpt lat="35.20308" lon="-83.64958999999999"><ele>946.3159218784422</ele></trkpt><trkpt lat="35.20318" lon="-83.64980000000003"><ele>939.6125057600439</ele></trkpt><trkpt lat="35.20318" lon="-83.6499"><ele>939.6125057600439</ele></trkpt><trkpt lat="35.20318" lon="-83.6499"><ele>939.6125057600439</ele></trkpt><trkpt lat="35.20318" lon="-83.65003000000002"><ele>938.9498663100748</ele></trkpt><trkpt lat="35.20302" lon="-83.65026"><ele>940.6139973955848</ele></trkpt><trkpt lat="35.20286" lon="-83.65037000000001"><ele>943.8634126186371</ele></trkpt><trkpt lat="35.20284" lon="-83.65067999999997"><ele>945.0</ele></trkpt><trkpt lat="35.20276" lon="-83.65089"><ele>945.0</ele></trkpt><trkpt lat="35.20266" lon="-83.65133000000003"><ele>945.0</ele></trkpt><trkpt lat="35.20267" lon="-83.65188999999998"><ele>944.0</ele></trkpt><trkpt lat="35.20298" lon="-83.65235000000001"><ele>938.0</ele></trkpt><trkpt lat="35.20305" lon="-83.65251"><ele>937.0</ele></trkpt><trkpt lat="35.20318" lon="-83.65264000000002"><ele>936.0</ele></trkpt><trkpt lat="35.2032" lon="-83.65287000000001"><ele>935.0</ele></trkpt><trkpt lat="35.20297" lon="-83.65331000000003"><ele>935.716172309689</ele></trkpt><trkpt lat="35.20288" lon="-83.65361000000001"><ele>929.5016049052905</ele></trkpt><trkpt lat="35.20284" lon="-83.65444000000002"><ele>910.0</ele></trkpt><trkpt lat="35.20278" lon="-83.65453000000002"><ele>905.9299392375433</ele></trkpt><trkpt lat="35.20312" lon="-83.65582999999998"><ele>891.974124139651</ele></trkpt><trkpt lat="35.20313" lon="-83.65627999999998"><ele>884.0</ele></trkpt><trkpt lat="35.20342" lon="-83.65726000000001"><ele>878.0</ele></trkpt><trkpt lat="35.2034" lon="-83.65733999999998"><ele>875.7579544776269</ele></trkpt><trkpt lat="35.20333" lon="-83.65739000000002"><ele>871.5183786624582</ele></trkpt><trkpt lat="35.20326" lon="-83.65739000000002"><ele>870.950232192874</ele></trkpt><trkpt lat="35.20286" lon="-83.65697999999998"><ele>860.1365873813629</ele></trkpt><trkpt lat="35.20261" lon="-83.65660000000003"><ele>853.9227984077002</ele></trkpt><trkpt lat="35.20236" lon="-83.65636"><ele>851.1710956022143</ele></trkpt><trkpt lat="35.20236" lon="-83.65651000000003"><ele>849.0</ele></trkpt><trkpt lat="35.20268" lon="-83.65737999999999"><ele>847.0138936972952</ele></trkpt><trkpt lat="35.20268" lon="-83.65737999999999"><ele>847.0138936972952</ele></trkpt><trkpt lat="35.20254" lon="-83.6574"><ele>846.0</ele></trkpt><trkpt lat="35.20254" lon="-83.6574"><ele>846.0</ele></trkpt><trkpt lat="35.20233" lon="-83.65755000000001"><ele>846.0</ele></trkpt><trkpt lat="35.20226" lon="-83.65769999999998"><ele>846.0750612696522</ele></trkpt><trkpt lat="35.20225" lon="-83.65776"><ele>847.0</ele></trkpt><trkpt lat="35.20225" lon="-83.65776"><ele>847.0</ele></trkpt><trkpt lat="35.20228" lon="-83.65791000000002"><ele>849.0</ele></trkpt><trkpt lat="35.20225" lon="-83.65805999999998"><ele>850.6743359994143</ele></trkpt><trkpt lat="35.20221" lon="-83.65813000000003"><ele>851.0</ele></trkpt><trkpt lat="35.20221" lon="-83.65813000000003"><ele>851.0</ele></trkpt><trkpt lat="35.20237" lon="-83.65841"><ele>849.0</ele></trkpt><trkpt lat="35.20265" lon="-83.65904999999998"><ele>850.0</ele></trkpt><trkpt lat="35.20298" lon="-83.65948000000003"><ele>853.0</ele></trkpt><trkpt lat="35.20304" lon="-83.65972"><ele>853.0</ele></trkpt><trkpt lat="35.20313" lon="-83.65990999999997"><ele>853.0</ele></trkpt><trkpt lat="35.20326" lon="-83.66005000000001"><ele>854.0</ele></trkpt><trkpt lat="35.20339" lon="-83.66011000000003"><ele>854.0</ele></trkpt><trkpt lat="35.20372" lon="-83.66012999999998"><ele>855.0</ele></trkpt><trkpt lat="35.20395" lon="-83.66021"><ele>854.871598222293</ele></trkpt><trkpt lat="35.20401" lon="-83.66020000000003"><ele>854.2944880788613</ele></trkpt><trkpt lat="35.20406" lon="-83.66017999999997"><ele>854.2736143954747</ele></trkpt><trkpt lat="35.20425" lon="-83.65999999999997"><ele>854.0848888875917</ele></trkpt><trkpt lat="35.20459" lon="-83.65972999999997"><ele>851.5952012482321</ele></trkpt><trkpt lat="35.20459" lon="-83.65972999999997"><ele>851.5952012482321</ele></trkpt><trkpt lat="35.20462" lon="-83.65962000000002"><ele>852.3231024199033</ele></trkpt><trkpt lat="35.2046" lon="-83.65890999999999"><ele>850.3767610415816</ele></trkpt><trkpt lat="35.20463" lon="-83.65877999999998"><ele>850.1079069233019</ele></trkpt><trkpt lat="35.20475" lon="-83.65855999999997"><ele>850.0</ele></trkpt><trkpt lat="35.20519" lon="-83.65809999999999"><ele>853.5810059867288</ele></trkpt><trkpt lat="35.20543" lon="-83.65796999999998"><ele>853.480031998828</ele></trkpt><trkpt lat="35.20559" lon="-83.65778"><ele>853.5265453402462</ele></trkpt><trkpt lat="35.20608" lon="-83.65703000000002"><ele>849.0</ele></trkpt><trkpt lat="35.20681" lon="-83.656"><ele>846.0</ele></trkpt><trkpt lat="35.20705" lon="-83.65559999999999"><ele>845.0034558671739</ele></trkpt><trkpt lat="35.20746" lon="-83.65505999999999"><ele>843.0</ele></trkpt><trkpt lat="35.20762" lon="-83.65476999999998"><ele>843.7567712180728</ele></trkpt><trkpt lat="35.20783" lon="-83.65449000000001"><ele>844.0</ele></trkpt><trkpt lat="35.20796" lon="-83.65433000000002"><ele>843.0</ele></trkpt><trkpt lat="35.20825" lon="-83.65412000000003"><ele>842.0319295182094</ele></trkpt><trkpt lat="35.20916" lon="-83.65364999999997"><ele>843.0</ele></trkpt><trkpt lat="35.20954" lon="-83.65343000000001"><ele>843.9145186657792</ele></trkpt><trkpt lat="35.20972" lon="-83.65328999999997"><ele>844.529030597812</ele></trkpt><trkpt lat="35.20972" lon="-83.65328999999997"><ele>844.529030597812</ele></trkpt><trkpt lat="35.21065" lon="-83.65249"><ele>843.5897850188921</ele></trkpt><trkpt lat="35.21166" lon="-83.65224"><ele>843.5054104849696</ele></trkpt><trkpt lat="35.21188" lon="-83.65206"><ele>844.6656531309709</ele></trkpt><trkpt lat="35.2123" lon="-83.65163000000001"><ele>844.5831918008626</ele></trkpt><trkpt lat="35.21251" lon="-83.65154000000001"><ele>844.0</ele></trkpt><trkpt lat="35.21264" lon="-83.65156000000002"><ele>843.0</ele></trkpt><trkpt lat="35.21286" lon="-83.6517"><ele>843.1352643037385</ele></trkpt><trkpt lat="35.21296" lon="-83.65183999999999"><ele>842.4130942413829</ele></trkpt><trkpt lat="35.21336" lon="-83.65256"><ele>841.9473705062875</ele></trkpt><trkpt lat="35.21354" lon="-83.65278999999998"><ele>843.7228581800845</ele></trkpt><trkpt lat="35.21369" lon="-83.65289999999999"><ele>843.0</ele></trkpt><trkpt lat="35.2141" lon="-83.65298999999999"><ele>839.3952106656507</ele></trkpt><trkpt lat="35.21441" lon="-83.65298000000001"><ele>839.0</ele></trkpt><trkpt lat="35.2147" lon="-83.65301"><ele>839.0</ele></trkpt><trkpt lat="35.21515" lon="-83.65295000000003"><ele>840.0</ele></trkpt><trkpt lat="35.21571" lon="-83.65273000000002"><ele>840.0225769020325</ele></trkpt><trkpt lat="35.21598" lon="-83.65256"><ele>841.0</ele></trkpt><trkpt lat="35.21638" lon="-83.65253999999999"><ele>843.0</ele></trkpt><trkpt lat="35.21707" lon="-83.65241000000003"><ele>849.0</ele></trkpt><trkpt lat="35.21748" lon="-83.65214000000003"><ele>850.782339557074</ele></trkpt><trkpt lat="35.21785" lon="-83.65202999999997"><ele>855.0</ele></trkpt><trkpt lat="35.218" lon="-83.65205000000003"><ele>856.0</ele></trkpt><trkpt lat="35.21839" lon="-83.65220999999997"><ele>858.0</ele></trkpt><trkpt lat="35.21878" lon="-83.65255000000002"><ele>859.6832920340821</ele></trkpt><trkpt lat="35.21912" lon="-83.65316000000001"><ele>855.71595876012</ele></trkpt><trkpt lat="35.21981" lon="-83.65393"><ele>855.0</ele></trkpt><trkpt lat="35.21993" lon="-83.65413999999998"><ele>853.9911798336825</ele></trkpt><trkpt lat="35.22018" lon="-83.65519"><ele>845.8593203686178</ele></trkpt><trkpt lat="35.22018" lon="-83.65530000000001"><ele>844.926212595406</ele></trkpt><trkpt lat="35.22013" lon="-83.65541000000002"><ele>845.0</ele></trkpt><trkpt lat="35.21996" lon="-83.65564999999998"><ele>842.8126241136708</ele></trkpt><trkpt lat="35.21996" lon="-83.65580999999997"><ele>843.9046649681992</ele></trkpt><trkpt lat="35.22001" lon="-83.65587"><ele>844.0</ele></trkpt><trkpt lat="35.22014" lon="-83.65589999999997"><ele>843.2225452261046</ele></trkpt><trkpt lat="35.22022" lon="-83.65605"><ele>844.0</ele></trkpt><trkpt lat="35.22037" lon="-83.65681999999998"><ele>839.1817617379129</ele></trkpt><trkpt lat="35.22061" lon="-83.65780000000001"><ele>839.9572127182037</ele></trkpt><trkpt lat="35.22065" lon="-83.65789000000001"><ele>841.8696584599093</ele></trkpt><trkpt lat="35.22078" lon="-83.65805"><ele>844.0</ele></trkpt><trkpt lat="35.22096833202491" lon="-83.65836388670817"><ele>836.9581425990909</ele></trkpt><trkpt lat="35.221005922605585" lon="-83.65843980650322"><ele>834.8137237410992</ele></trkpt><trkpt lat="35.22105" lon="-83.65854999999999"><ele>831.2992522511631</ele></trkpt><trkpt lat="35.22114" lon="-83.65956"><ele>839.5162229658318</ele></trkpt><trkpt lat="35.22113" lon="-83.66008"><ele>839.4710197336972</ele></trkpt><trkpt lat="35.2209" lon="-83.66057"><ele>840.8562570922077</ele></trkpt><trkpt lat="35.22065" lon="-83.66140000000001"><ele>835.0</ele></trkpt><trkpt lat="35.22067" lon="-83.66152"><ele>834.0</ele></trkpt><trkpt lat="35.22067" lon="-83.66152"><ele>834.0</ele></trkpt><trkpt lat="35.22076" lon="-83.66149000000001"><ele>834.0</ele></trkpt><trkpt lat="35.22104" lon="-83.66125999999997"><ele>833.0</ele></trkpt><trkpt lat="35.2213" lon="-83.66095000000001"><ele>832.0</ele></trkpt><trkpt lat="35.22137" lon="-83.66093999999998"><ele>832.0</ele></trkpt><trkpt lat="35.22142" lon="-83.66097000000002"><ele>830.1362215454618</ele></trkpt><trkpt lat="35.22142" lon="-83.66097000000002"><ele>830.1362215454618</ele></trkpt><trkpt lat="35.22149" lon="-83.66102999999998"><ele>833.0</ele></trkpt><trkpt lat="35.22149" lon="-83.66102999999998"><ele>833.0</ele></trkpt><trkpt lat="35.22158" lon="-83.66113000000001"><ele>834.0</ele></trkpt><trkpt lat="35.22158" lon="-83.66113000000001"><ele>834.0</ele></trkpt><trkpt lat="35.22184" lon="-83.66075999999998"><ele>831.8847525866331</ele></trkpt><trkpt lat="35.22199" lon="-83.66039999999998"><ele>831.0</ele></trkpt><trkpt lat="35.22199" lon="-83.66039999999998"><ele>831.0</ele></trkpt><trkpt lat="35.22224" lon="-83.66025000000002"><ele>830.7357333349064</ele></trkpt><trkpt lat="35.22265" lon="-83.66021999999998"><ele>829.322033329309</ele></trkpt><trkpt lat="35.22309" lon="-83.66008999999997"><ele>831.0216608422849</ele></trkpt><trkpt lat="35.2236" lon="-83.65981999999997"><ele>828.0</ele></trkpt><trkpt lat="35.22446" lon="-83.65926999999999"><ele>827.0150916203071</ele></trkpt><trkpt lat="35.22456" lon="-83.65924000000001"><ele>827.0</ele></trkpt><trkpt lat="35.22482" lon="-83.65921000000003"><ele>828.0</ele></trkpt><trkpt lat="35.22482" lon="-83.65921000000003"><ele>828.0</ele></trkpt><trkpt lat="35.2251" lon="-83.65834000000001"><ele>827.0</ele></trkpt><trkpt lat="35.22538" lon="-83.65762999999998"><ele>827.0</ele></trkpt><trkpt lat="35.22547" lon="-83.65732000000003"><ele>827.1604605418232</ele></trkpt><trkpt lat="35.22556" lon="-83.65663"><ele>826.9887468386441</ele></trkpt><trkpt lat="35.22575" lon="-83.65604000000002"><ele>826.0</ele></trkpt><trkpt lat="35.22577" lon="-83.65571999999997"><ele>825.0</ele></trkpt><trkpt lat="35.22574" lon="-83.65557000000001"><ele>825.2577442098409</ele></trkpt><trkpt lat="35.22558" lon="-83.65512000000001"><ele>826.0</ele></trkpt><trkpt lat="35.22547" lon="-83.65492999999998"><ele>828.0</ele></trkpt><trkpt lat="35.22503" lon="-83.65478999999999"><ele>833.0</ele></trkpt><trkpt lat="35.2247" lon="-83.65476000000001"><ele>836.0</ele></trkpt><trkpt lat="35.22439" lon="-83.65467000000001"><ele>835.0</ele></trkpt><trkpt lat="35.22439" lon="-83.65467000000001"><ele>835.0</ele></trkpt><trkpt lat="35.2242" lon="-83.65485000000001"><ele>828.5521175214219</ele></trkpt><trkpt lat="35.22386" lon="-83.65496000000002"><ele>828.7961351098493</ele></trkpt><trkpt lat="35.22367" lon="-83.65492999999998"><ele>824.0</ele></trkpt><trkpt lat="35.22361" lon="-83.65481"><ele>824.0</ele></trkpt><trkpt lat="35.2236" lon="-83.65467999999998"><ele>823.0</ele></trkpt><trkpt lat="35.22365" lon="-83.65430000000003"><ele>822.0246779844165</ele></trkpt><trkpt lat="35.224" lon="-83.65292999999997"><ele>825.9917238075286</ele></trkpt><trkpt lat="35.2241" lon="-83.65264000000002"><ele>829.6966098602861</ele></trkpt><trkpt lat="35.22416" lon="-83.65229999999997"><ele>824.1195448655635</ele></trkpt><trkpt lat="35.22435" lon="-83.65179999999998"><ele>822.9588557500392</ele></trkpt><trkpt lat="35.22448" lon="-83.65161999999998"><ele>824.3752409778535</ele></trkpt><trkpt lat="35.22459" lon="-83.65138000000002"><ele>824.0144255859777</ele></trkpt><trkpt lat="35.22471" lon="-83.65102000000002"><ele>821.7878316091549</ele></trkpt><trkpt lat="35.22471" lon="-83.65035"><ele>822.4965670220554</ele></trkpt><trkpt lat="35.22457" lon="-83.6499"><ele>819.5096684787422</ele></trkpt><trkpt lat="35.22457" lon="-83.6499"><ele>819.5096684787422</ele></trkpt><trkpt lat="35.22454" lon="-83.64965000000001"><ele>820.8506764390324</ele></trkpt><trkpt lat="35.22438" lon="-83.64891"><ele>823.9164514977188</ele></trkpt><trkpt lat="35.22421" lon="-83.64850999999999"><ele>820.9828573047946</ele></trkpt><trkpt lat="35.22418" lon="-83.64835"><ele>821.2200024770923</ele></trkpt><trkpt lat="35.22415" lon="-83.64785999999998"><ele>822.0</ele></trkpt><trkpt lat="35.22416" lon="-83.64760999999999"><ele>822.0</ele></trkpt><trkpt lat="35.22404" lon="-83.64744000000002"><ele>819.2736773863435</ele></trkpt><trkpt lat="35.22413" lon="-83.64726999999999"><ele>820.0718665395425</ele></trkpt><trkpt lat="35.22431" lon="-83.64715999999999"><ele>826.6768934540451</ele></trkpt><trkpt lat="35.22438" lon="-83.64697000000001"><ele>827.6703282091767</ele></trkpt><trkpt lat="35.22441" lon="-83.64677"><ele>831.0</ele></trkpt><trkpt lat="35.22435" lon="-83.64643999999998"><ele>826.1019419720396</ele></trkpt><trkpt lat="35.22412" lon="-83.64616999999998"><ele>818.0714330216173</ele></trkpt><trkpt lat="35.22408" lon="-83.64598000000001"><ele>818.0</ele></trkpt><trkpt lat="35.22408" lon="-83.64589999999998"><ele>818.0</ele></trkpt><trkpt lat="35.22419" lon="-83.64558"><ele>818.0</ele></trkpt><trkpt lat="35.2245" lon="-83.64512000000002"><ele>820.0</ele></trkpt><trkpt lat="35.22472" lon="-83.64486"><ele>820.0</ele></trkpt><trkpt lat="35.22492" lon="-83.64471000000003"><ele>821.0</ele></trkpt><trkpt lat="35.22511" lon="-83.64447999999999"><ele>821.3163530752063</ele></trkpt><trkpt lat="35.22516" lon="-83.64423"><ele>820.025261203931</ele></trkpt><trkpt lat="35.22538" lon="-83.64399000000003"><ele>824.0</ele></trkpt><trkpt lat="35.22535" lon="-83.64375999999999"><ele>819.2522756373413</ele></trkpt><trkpt lat="35.22581" lon="-83.64301999999998"><ele>836.010783560574</ele></trkpt><trkpt lat="35.22589" lon="-83.64283"><ele>833.7377220873105</ele></trkpt><trkpt lat="35.22599" lon="-83.64269000000002"><ele>830.3804195569828</ele></trkpt><trkpt lat="35.22611" lon="-83.64260999999999"><ele>827.7795706293464</ele></trkpt><trkpt lat="35.22624" lon="-83.64258000000001"><ele>829.1988831087242</ele></trkpt><trkpt lat="35.22675" lon="-83.64264000000003"><ele>821.0060978199018</ele></trkpt><trkpt lat="35.2271" lon="-83.64276000000001"><ele>814.0986730146551</ele></trkpt><trkpt lat="35.22767" lon="-83.64318000000003"><ele>812.0</ele></trkpt><trkpt lat="35.22767" lon="-83.64318000000003"><ele>812.0</ele></trkpt><trkpt lat="35.22802" lon="-83.64357000000001"><ele>813.1883100750168</ele></trkpt><trkpt lat="35.2287" lon="-83.64395000000002"><ele>822.1006755568087</ele></trkpt><trkpt lat="35.22897" lon="-83.64400999999998"><ele>821.8968782220036</ele></trkpt><trkpt lat="35.22943" lon="-83.64420000000001"><ele>825.5030400007963</ele></trkpt><trkpt lat="35.23014" lon="-83.64456000000001"><ele>835.1505652470391</ele></trkpt><trkpt lat="35.23018" lon="-83.64454999999998"><ele>836.629592991434</ele></trkpt><trkpt lat="35.23033" lon="-83.64435000000003"><ele>829.742026668042</ele></trkpt><trkpt lat="35.23041" lon="-83.64417000000003"><ele>822.353418668732</ele></trkpt><trkpt lat="35.23056" lon="-83.64408000000003"><ele>821.0</ele></trkpt><trkpt lat="35.23074" lon="-83.64404000000002"><ele>818.2949795564637</ele></trkpt><trkpt lat="35.23115" lon="-83.64422000000002"><ele>827.6835875557736</ele></trkpt><trkpt lat="35.23151" lon="-83.64423999999997"><ele>832.8916100006654</ele></trkpt><trkpt lat="35.23168" lon="-83.64418"><ele>831.6655244333766</ele></trkpt><trkpt lat="35.23183" lon="-83.64427"><ele>839.0137564446777</ele></trkpt><trkpt lat="35.23199" lon="-83.64429000000001"><ele>839.1115424567834</ele></trkpt><trkpt lat="35.23236" lon="-83.64414"><ele>832.8997911196202</ele></trkpt><trkpt lat="35.23256" lon="-83.64414999999997"><ele>835.4213511096314</ele></trkpt><trkpt lat="35.2329" lon="-83.64411000000001"><ele>825.5572160007432</ele></trkpt><trkpt lat="35.23312" lon="-83.64393000000001"><ele>817.168608000502</ele></trkpt><trkpt lat="35.23339" lon="-83.64393999999999"><ele>811.9234500844032</ele></trkpt><trkpt lat="35.23368" lon="-83.64411000000001"><ele>810.4432897013872</ele></trkpt><trkpt lat="35.23395" lon="-83.64447999999999"><ele>815.138124040328</ele></trkpt><trkpt lat="35.23411" lon="-83.64481"><ele>817.0</ele></trkpt><trkpt lat="35.23423" lon="-83.64499"><ele>820.0</ele></trkpt><trkpt lat="35.2344" lon="-83.64562000000001"><ele>827.3850208572234</ele></trkpt><trkpt lat="35.23446" lon="-83.64611000000002"><ele>827.7609024364501</ele></trkpt><trkpt lat="35.23452" lon="-83.64616999999998"><ele>830.1842745449394</ele></trkpt><trkpt lat="35.23457" lon="-83.64616999999998"><ele>833.0370865687728</ele></trkpt><trkpt lat="35.23464" lon="-83.64596"><ele>838.0310263596475</ele></trkpt><trkpt lat="35.2347" lon="-83.64535000000001"><ele>843.0</ele></trkpt><trkpt lat="35.23472" lon="-83.64530000000002"><ele>843.0</ele></trkpt><trkpt lat="35.23485" lon="-83.64530000000002"><ele>846.0</ele></trkpt><trkpt lat="35.23488" lon="-83.64530000000002"><ele>846.0</ele></trkpt><trkpt lat="35.23519" lon="-83.64562999999998"><ele>845.750410647955</ele></trkpt><trkpt lat="35.23541" lon="-83.64562999999998"><ele>841.4157953547679</ele></trkpt><trkpt lat="35.23558" lon="-83.64575000000002"><ele>843.0</ele></trkpt><trkpt lat="35.23598" lon="-83.64579000000003"><ele>837.8508906681091</ele></trkpt><trkpt lat="35.2361" lon="-83.64594"><ele>844.0</ele></trkpt><trkpt lat="35.23634" lon="-83.64600000000002"><ele>841.0</ele></trkpt><trkpt lat="35.23639" lon="-83.64624000000003"><ele>843.8224106682464</ele></trkpt><trkpt lat="35.23649" lon="-83.64641"><ele>847.4136013798416</ele></trkpt><trkpt lat="35.23713" lon="-83.64648999999997"><ele>841.5277269656152</ele></trkpt><trkpt lat="35.23735" lon="-83.64642000000003"><ele>844.138470911134</ele></trkpt><trkpt lat="35.23749" lon="-83.64647000000002"><ele>847.0</ele></trkpt><trkpt lat="35.23764" lon="-83.64638000000002"><ele>842.7968862839043</ele></trkpt><trkpt lat="35.23777" lon="-83.64639"><ele>840.3792860507965</ele></trkpt><trkpt lat="35.23799" lon="-83.64633000000003"><ele>834.8292987458402</ele></trkpt><trkpt lat="35.23819" lon="-83.64620000000002"><ele>828.9582755565643</ele></trkpt><trkpt lat="35.23824" lon="-83.64588000000003"><ele>828.561709087342</ele></trkpt><trkpt lat="35.23822" lon="-83.64578"><ele>828.9733961585509</ele></trkpt><trkpt lat="35.23848" lon="-83.64567"><ele>819.3909180397168</ele></trkpt><trkpt lat="35.23888" lon="-83.64558999999997"><ele>817.5302151096985</ele></trkpt><trkpt lat="35.2396" lon="-83.64537999999999"><ele>803.7145361638003</ele></trkpt><trkpt lat="35.23968" lon="-83.64542"><ele>802.0</ele></trkpt><trkpt lat="35.23988" lon="-83.64530000000002"><ele>806.0152355572209</ele></trkpt><trkpt lat="35.23999" lon="-83.64515"><ele>802.0247288895771</ele></trkpt><trkpt lat="35.24024" lon="-83.64503000000002"><ele>798.4323235563934</ele></trkpt><trkpt lat="35.24056" lon="-83.64483999999999"><ele>800.5776817770675</ele></trkpt><trkpt lat="35.24065" lon="-83.6447"><ele>797.0506621890859</ele></trkpt><trkpt lat="35.24096" lon="-83.64444000000003"><ele>803.6001293847264</ele></trkpt><trkpt lat="35.24107" lon="-83.64409"><ele>798.8867460125913</ele></trkpt><trkpt lat="35.24119" lon="-83.64393000000001"><ele>806.9335373286158</ele></trkpt><trkpt lat="35.24133" lon="-83.64364"><ele>810.7534643504769</ele></trkpt><trkpt lat="35.24155" lon="-83.64336000000003"><ele>825.4924841561295</ele></trkpt><trkpt lat="35.24169" lon="-83.64327000000003"><ele>833.7058535441756</ele></trkpt><trkpt lat="35.24182" lon="-83.6431"><ele>839.3480219007909</ele></trkpt><trkpt lat="35.24206" lon="-83.64292999999998"><ele>842.7426996921627</ele></trkpt><trkpt lat="35.24218" lon="-83.64276999999998"><ele>843.0277789522023</ele></trkpt><trkpt lat="35.24235" lon="-83.64274"><ele>846.9872845138558</ele></trkpt><trkpt lat="35.24233" lon="-83.64279999999997"><ele>847.9086724398408</ele></trkpt><trkpt lat="35.24205" lon="-83.64306999999997"><ele>847.0751332250682</ele></trkpt><trkpt lat="35.24198" lon="-83.64324999999997"><ele>850.3215830018744</ele></trkpt><trkpt lat="35.24182" lon="-83.64336000000003"><ele>843.0</ele></trkpt><trkpt lat="35.24185" lon="-83.64357999999999"><ele>849.4252866022289</ele></trkpt><trkpt lat="35.24176" lon="-83.64378999999997"><ele>842.1031172926915</ele></trkpt><trkpt lat="35.2418" lon="-83.64408000000003"><ele>851.6632668611426</ele></trkpt><trkpt lat="35.24163" lon="-83.64472999999998"><ele>847.8718001209199</ele></trkpt><trkpt lat="35.2413" lon="-83.64508000000001"><ele>840.8041267013177</ele></trkpt><trkpt lat="35.24111" lon="-83.64566000000002"><ele>843.99250992015</ele></trkpt><trkpt lat="35.24108" lon="-83.64598999999998"><ele>845.4882329124957</ele></trkpt><trkpt lat="35.24097" lon="-83.64616000000001"><ele>843.2857705161473</ele></trkpt><trkpt lat="35.24079" lon="-83.64620000000002"><ele>840.9975223832557</ele></trkpt><trkpt lat="35.24066" lon="-83.6463"><ele>841.6186133334413</ele></trkpt><trkpt lat="35.24054" lon="-83.64648"><ele>848.004877888153</ele></trkpt><trkpt lat="35.24036" lon="-83.64666"><ele>845.4046120718122</ele></trkpt><trkpt lat="35.24025" lon="-83.64695"><ele>849.2331304487977</ele></trkpt><trkpt lat="35.24029" lon="-83.64715000000001"><ele>860.6418750546873</ele></trkpt><trkpt lat="35.24006" lon="-83.64764000000002"><ele>857.3057828297385</ele></trkpt><trkpt lat="35.23999519151749" lon="-83.64783442544751"><ele>854.5885660443455</ele></trkpt><trkpt lat="35.23997591241791" lon="-83.64789226294204"><ele>852.5788074519535</ele></trkpt><trkpt lat="35.23985" lon="-83.64827000000002"><ele>855.0</ele></trkpt><trkpt lat="35.23986" lon="-83.64871"><ele>859.0</ele></trkpt><trkpt lat="35.23974" lon="-83.64891"><ele>861.0</ele></trkpt><trkpt lat="35.23973" lon="-83.64915000000002"><ele>862.5432569719851</ele></trkpt><trkpt lat="35.23983" lon="-83.64945999999998"><ele>861.8852871106938</ele></trkpt><trkpt lat="35.23981" lon="-83.64976000000001"><ele>867.0</ele></trkpt><trkpt lat="35.23976" lon="-83.6499"><ele>870.3907733336091</ele></trkpt><trkpt lat="35.23976" lon="-83.6499"><ele>870.3907733336091</ele></trkpt><trkpt lat="35.23968" lon="-83.65010999999998"><ele>874.0</ele></trkpt><trkpt lat="35.23984" lon="-83.65053"><ele>869.7509013339877</ele></trkpt><trkpt lat="35.23986" lon="-83.65075999999999"><ele>871.0</ele></trkpt><trkpt lat="35.23996" lon="-83.65091000000001"><ele>871.1930310544374</ele></trkpt><trkpt lat="35.23999" lon="-83.65109999999999"><ele>873.0</ele></trkpt><trkpt lat="35.24009" lon="-83.65124000000003"><ele>875.9997345691878</ele></trkpt><trkpt lat="35.24016" lon="-83.65152999999998"><ele>880.9925598986447</ele></trkpt><trkpt lat="35.24025" lon="-83.65168"><ele>882.1279798932374</ele></trkpt><trkpt lat="35.24026" lon="-83.65192000000002"><ele>884.3014175333083</ele></trkpt><trkpt lat="35.24022" lon="-83.65213"><ele>886.0</ele></trkpt><trkpt lat="35.24025" lon="-83.65231"><ele>888.0</ele></trkpt><trkpt lat="35.24065" lon="-83.65337999999997"><ele>900.0</ele></trkpt><trkpt lat="35.24068" lon="-83.65406000000002"><ele>908.5092216690493</ele></trkpt><trkpt lat="35.24079" lon="-83.65465"><ele>920.044940189639</ele></trkpt><trkpt lat="35.24107" lon="-83.65514000000002"><ele>929.5924728894606</ele></trkpt><trkpt lat="35.24118" lon="-83.65525000000002"><ele>930.0</ele></trkpt><trkpt lat="35.24132" lon="-83.65523999999999"><ele>930.2528106663376</ele></trkpt><trkpt lat="35.24129" lon="-83.65508"><ele>926.0</ele></trkpt><trkpt lat="35.24142" lon="-83.65487000000002"><ele>928.8878967755061</ele></trkpt><trkpt lat="35.24157" lon="-83.65469999999999"><ele>932.5351145677269</ele></trkpt><trkpt lat="35.24203" lon="-83.65463"><ele>932.6495004445314</ele></trkpt><trkpt lat="35.24254" lon="-83.65431000000001"><ele>932.9116693343967</ele></trkpt><trkpt lat="35.24256" lon="-83.65409"><ele>928.2801172304899</ele></trkpt><trkpt lat="35.24272" lon="-83.65390000000002"><ele>940.01349519939</ele></trkpt><trkpt lat="35.24293" lon="-83.65357"><ele>941.0519869085401</ele></trkpt><trkpt lat="35.2431" lon="-83.65355999999997"><ele>949.0</ele></trkpt><trkpt lat="35.24331" lon="-83.65373"><ele>953.2330794540744</ele></trkpt><trkpt lat="35.24333" lon="-83.65391"><ele>954.1231009904295</ele></trkpt><trkpt lat="35.24348" lon="-83.65411"><ele>952.3331608792109</ele></trkpt><trkpt lat="35.24362" lon="-83.65442999999999"><ele>956.5749693159014</ele></trkpt><trkpt lat="35.24362" lon="-83.65463"><ele>961.049175386987</ele></trkpt><trkpt lat="35.24379" lon="-83.65490999999997"><ele>955.6223217770457</ele></trkpt><trkpt lat="35.24383" lon="-83.65514999999999"><ele>965.6503092041239</ele></trkpt><trkpt lat="35.24383" lon="-83.65532000000002"><ele>970.5728834271431</ele></trkpt><trkpt lat="35.24379" lon="-83.65564"><ele>968.7619282779731</ele></trkpt><trkpt lat="35.24369" lon="-83.65573999999998"><ele>971.3480177613069</ele></trkpt><trkpt lat="35.2438" lon="-83.656"><ele>955.6323076281697</ele></trkpt><trkpt lat="35.24387" lon="-83.65634"><ele>948.6660603405714</ele></trkpt><trkpt lat="35.24389" lon="-83.65656000000001"><ele>955.7453443772274</ele></trkpt><trkpt lat="35.24383" lon="-83.65676000000002"><ele>966.2203203506563</ele></trkpt><trkpt lat="35.24367" lon="-83.65690999999998"><ele>973.7218371834606</ele></trkpt><trkpt lat="35.24358" lon="-83.65708999999998"><ele>978.3127412525665</ele></trkpt><trkpt lat="35.24356" lon="-83.65726999999998"><ele>979.9974511042237</ele></trkpt><trkpt lat="35.24296" lon="-83.6574"><ele>1016.3200419209898</ele></trkpt><trkpt lat="35.24288" lon="-83.65746000000001"><ele>1020.230474513101</ele></trkpt><trkpt lat="35.24335" lon="-83.65805"><ele>978.978072251852</ele></trkpt><trkpt lat="35.24368" lon="-83.65841"><ele>967.1367287691683</ele></trkpt><trkpt lat="35.24373" lon="-83.65859"><ele>967.0</ele></trkpt><trkpt lat="35.24349" lon="-83.65866"><ele>969.3636373337358</ele></trkpt><trkpt lat="35.24342" lon="-83.65885000000003"><ele>964.5026230569673</ele></trkpt><trkpt lat="35.24325" lon="-83.65899999999999"><ele>973.1811371763338</ele></trkpt><trkpt lat="35.24325" lon="-83.65922"><ele>969.6880924161524</ele></trkpt><trkpt lat="35.24321" lon="-83.65951000000001"><ele>963.0</ele></trkpt><trkpt lat="35.24311" lon="-83.65972999999997"><ele>964.6768165789545</ele></trkpt><trkpt lat="35.24311" lon="-83.65992"><ele>962.4354511527497</ele></trkpt><trkpt lat="35.24299" lon="-83.66005999999999"><ele>964.0623417304171</ele></trkpt><trkpt lat="35.24277" lon="-83.66012"><ele>969.3754984277249</ele></trkpt><trkpt lat="35.24293" lon="-83.66039"><ele>962.0</ele></trkpt><trkpt lat="35.2431" lon="-83.66062"><ele>959.0</ele></trkpt><trkpt lat="35.24316" lon="-83.66104000000001"><ele>955.0</ele></trkpt><trkpt lat="35.24343" lon="-83.66156000000001"><ele>953.0</ele></trkpt><trkpt lat="35.24361" lon="-83.66155000000003"><ele>949.4191112892718</ele></trkpt><trkpt lat="35.24382" lon="-83.66167999999999"><ele>945.1624302305281</ele></trkpt><trkpt lat="35.24404" lon="-83.66203000000002"><ele>953.0283872691473</ele></trkpt><trkpt lat="35.24408" lon="-83.66235"><ele>957.7232606736943</ele></trkpt><trkpt lat="35.24416" lon="-83.66255000000001"><ele>950.0</ele></trkpt><trkpt lat="35.24437" lon="-83.66264999999999"><ele>944.9075303351647</ele></trkpt><trkpt lat="35.24449" lon="-83.66278999999997"><ele>947.0075581594278</ele></trkpt><trkpt lat="35.24476" lon="-83.66271"><ele>940.5231194924563</ele></trkpt><trkpt lat="35.24486" lon="-83.66230999999999"><ele>940.1832267548889</ele></trkpt><trkpt lat="35.24525" lon="-83.66215"><ele>946.1262578628957</ele></trkpt><trkpt lat="35.24538" lon="-83.66192000000001"><ele>938.0</ele></trkpt><trkpt lat="35.24556" lon="-83.66182000000003"><ele>943.9030364463106</ele></trkpt><trkpt lat="35.24562" lon="-83.66183999999998"><ele>945.835103998892</ele></trkpt><trkpt lat="35.24562" lon="-83.66183999999998"><ele>945.835103998892</ele></trkpt><trkpt lat="35.24579" lon="-83.66205000000002"><ele>949.7474160958081</ele></trkpt><trkpt lat="35.24626" lon="-83.66212000000002"><ele>937.8840497788042</ele></trkpt><trkpt lat="35.24642" lon="-83.66224999999997"><ele>939.5020644922347</ele></trkpt><trkpt lat="35.24655" lon="-83.66245000000004"><ele>945.3627609308637</ele></trkpt><trkpt lat="35.24689" lon="-83.6626"><ele>935.9824037738978</ele></trkpt><trkpt lat="35.24711" lon="-83.66275000000002"><ele>934.5632270749192</ele></trkpt><trkpt lat="35.24717" lon="-83.66296999999997"><ele>942.9982160069048</ele></trkpt><trkpt lat="35.24715" lon="-83.66327000000001"><ele>942.139518333599</ele></trkpt><trkpt lat="35.2472" lon="-83.66352"><ele>936.1574833234772</ele></trkpt><trkpt lat="35.24684" lon="-83.66385000000002"><ele>931.0</ele></trkpt><trkpt lat="35.24682" lon="-83.66388999999998"><ele>929.617170112299</ele></trkpt><trkpt lat="35.24693" lon="-83.66395999999997"><ele>926.9256660581214</ele></trkpt><trkpt lat="35.24712" lon="-83.66413"><ele>922.0</ele></trkpt><trkpt lat="35.24712" lon="-83.66417999999999"><ele>920.1129920007661</ele></trkpt><trkpt lat="35.24688" lon="-83.66449"><ele>914.2130170753226</ele></trkpt><trkpt lat="35.24663" lon="-83.66467"><ele>924.0906168976799</ele></trkpt><trkpt lat="35.24618" lon="-83.66518000000002"><ele>920.0</ele></trkpt><trkpt lat="35.24615" lon="-83.66527000000002"><ele>919.4551757185912</ele></trkpt><trkpt lat="35.24618" lon="-83.66530999999998"><ele>917.2221330163541</ele></trkpt><trkpt lat="35.24622" lon="-83.66534999999999"><ele>916.0</ele></trkpt><trkpt lat="35.2463" lon="-83.66536000000002"><ele>913.6446069814265</ele></trkpt><trkpt lat="35.24682" lon="-83.66537"><ele>904.3550450587343</ele></trkpt><trkpt lat="35.24714" lon="-83.66539999999998"><ele>908.743128888309</ele></trkpt><trkpt lat="35.24722" lon="-83.66548999999998"><ele>912.0198247358203</ele></trkpt><trkpt lat="35.24725" lon="-83.66557"><ele>913.9539551452369</ele></trkpt><trkpt lat="35.24734" lon="-83.66606999999999"><ele>913.0</ele></trkpt><trkpt lat="35.24726" lon="-83.66615000000002"><ele>916.8623520545661</ele></trkpt><trkpt lat="35.24725" lon="-83.66636"><ele>914.9506323300302</ele></trkpt><trkpt lat="35.2473" lon="-83.66651000000002"><ele>910.0</ele></trkpt><trkpt lat="35.24734" lon="-83.66685000000001"><ele>909.0</ele></trkpt><trkpt lat="35.2475" lon="-83.66694999999999"><ele>910.0</ele></trkpt><trkpt lat="35.24756" lon="-83.66706999999997"><ele>906.8531776774679</ele></trkpt><trkpt lat="35.24771" lon="-83.66768000000002"><ele>896.8170532248914</ele></trkpt><trkpt lat="35.24773" lon="-83.66771"><ele>896.9583634342998</ele></trkpt><trkpt lat="35.24791" lon="-83.66768000000002"><ele>899.0009005321488</ele></trkpt><trkpt lat="35.24796" lon="-83.66760999999997"><ele>898.1799551462755</ele></trkpt><trkpt lat="35.24814" lon="-83.66757000000001"><ele>890.1275413325056</ele></trkpt><trkpt lat="35.24837" lon="-83.66766999999999"><ele>887.4672035556287</ele></trkpt><trkpt lat="35.24844" lon="-83.66784999999999"><ele>884.4750582631677</ele></trkpt><trkpt lat="35.2486" lon="-83.66809"><ele>885.89378488902</ele></trkpt><trkpt lat="35.24864" lon="-83.66820999999999"><ele>883.0</ele></trkpt><trkpt lat="35.24864" lon="-83.66827"><ele>880.4487363985726</ele></trkpt><trkpt lat="35.24862" lon="-83.66829000000001"><ele>880.0</ele></trkpt><trkpt lat="35.24838" lon="-83.66827"><ele>874.5051768887788</ele></trkpt><trkpt lat="35.24832" lon="-83.66832"><ele>872.1097547387873</ele></trkpt><trkpt lat="35.24827" lon="-83.66845"><ele>869.0263625781236</ele></trkpt><trkpt lat="35.2482" lon="-83.66876000000002"><ele>863.1478073765851</ele></trkpt><trkpt lat="35.24821" lon="-83.66892000000001"><ele>861.1384606723234</ele></trkpt><trkpt lat="35.24819" lon="-83.66904999999997"><ele>861.7914240472019</ele></trkpt><trkpt lat="35.24809" lon="-83.66922"><ele>867.0</ele></trkpt><trkpt lat="35.24783" lon="-83.66928000000001"><ele>864.1006840365008</ele></trkpt><trkpt lat="35.24777" lon="-83.66944000000001"><ele>857.2359782129731</ele></trkpt><trkpt lat="35.24782" lon="-83.66962000000001"><ele>853.5906168883666</ele></trkpt><trkpt lat="35.24781" lon="-83.66984000000002"><ele>849.0</ele></trkpt><trkpt lat="35.24753" lon="-83.67024000000004"><ele>846.0</ele></trkpt><trkpt lat="35.24747" lon="-83.67056000000002"><ele>846.0</ele></trkpt><trkpt lat="35.24722" lon="-83.67088999999999"><ele>847.1449589598924</ele></trkpt><trkpt lat="35.24711" lon="-83.67108000000002"><ele>850.0</ele></trkpt><trkpt lat="35.24713" lon="-83.67129"><ele>852.0</ele></trkpt><trkpt lat="35.24708" lon="-83.67145"><ele>853.0</ele></trkpt><trkpt lat="35.24688" lon="-83.67167"><ele>855.0</ele></trkpt><trkpt lat="35.2467" lon="-83.67174999999997"><ele>853.5523080260532</ele></trkpt><trkpt lat="35.2466" lon="-83.67187999999999"><ele>855.0</ele></trkpt><trkpt lat="35.2466" lon="-83.67187999999999"><ele>855.0</ele></trkpt><trkpt lat="35.24632" lon="-83.67205000000001"><ele>854.0</ele></trkpt><trkpt lat="35.2462" lon="-83.67230999999998"><ele>861.0</ele></trkpt><trkpt lat="35.24619" lon="-83.67284999999998"><ele>866.0</ele></trkpt><trkpt lat="35.24624" lon="-83.67311999999998"><ele>868.5212053330615</ele></trkpt><trkpt lat="35.24612" lon="-83.67347999999998"><ele>872.0</ele></trkpt><trkpt lat="35.24609" lon="-83.67368999999997"><ele>876.0534738727049</ele></trkpt><trkpt lat="35.246067687916636" lon="-83.67377785382826"><ele>878.0</ele></trkpt><trkpt lat="35.24606509262267" lon="-83.67378807287992"><ele>878.0</ele></trkpt><trkpt lat="35.24593" lon="-83.67431999999997"><ele>883.1075620720751</ele></trkpt><trkpt lat="35.24593" lon="-83.67473999999999"><ele>888.2557375125035</ele></trkpt><trkpt lat="35.24598" lon="-83.67497000000003"><ele>891.094785515219</ele></trkpt><trkpt lat="35.24593" lon="-83.67527999999999"><ele>889.2415721025318</ele></trkpt><trkpt lat="35.24595" lon="-83.67554000000001"><ele>896.1153853490914</ele></trkpt><trkpt lat="35.24603" lon="-83.67584999999997"><ele>903.0</ele></trkpt><trkpt lat="35.24619" lon="-83.67617999999999"><ele>911.0783010609448</ele></trkpt><trkpt lat="35.24635" lon="-83.67641000000003"><ele>911.1536817764863</ele></trkpt><trkpt lat="35.24637" lon="-83.67664000000002"><ele>907.0</ele></trkpt><trkpt lat="35.24649" lon="-83.67725000000002"><ele>910.1976628229022</ele></trkpt><trkpt lat="35.24666" lon="-83.67750999999998"><ele>919.8986626062542</ele></trkpt><trkpt lat="35.24665" lon="-83.67754000000002"><ele>919.3280149977654</ele></trkpt><trkpt lat="35.2465" lon="-83.67758000000003"><ele>909.768309308216</ele></trkpt><trkpt lat="35.24645" lon="-83.67768999999998"><ele>904.9574234558116</ele></trkpt><trkpt lat="35.24634" lon="-83.67827"><ele>920.3372336372988</ele></trkpt><trkpt lat="35.2463" lon="-83.67883"><ele>926.5780440595115</ele></trkpt><trkpt lat="35.24654" lon="-83.67989999999998"><ele>940.583835512689</ele></trkpt><trkpt lat="35.24666" lon="-83.68018000000001"><ele>937.4862236001983</ele></trkpt><trkpt lat="35.24687" lon="-83.68056000000001"><ele>948.8528087662804</ele></trkpt><trkpt lat="35.2469" lon="-83.68054000000001"><ele>950.8708550474335</ele></trkpt><trkpt lat="35.24685" lon="-83.68036999999998"><ele>950.7409805525094</ele></trkpt><trkpt lat="35.24689" lon="-83.68022000000002"><ele>953.0235770400614</ele></trkpt><trkpt lat="35.24689" lon="-83.68011999999999"><ele>950.7684268169105</ele></trkpt><trkpt lat="35.24681" lon="-83.67978"><ele>957.1002986673266</ele></trkpt><trkpt lat="35.24681" lon="-83.67957000000001"><ele>963.8649765202513</ele></trkpt><trkpt lat="35.24687" lon="-83.67939000000001"><ele>969.5213871994232</ele></trkpt><trkpt lat="35.24704" lon="-83.67930000000001"><ele>975.5300800008699</ele></trkpt><trkpt lat="35.24711" lon="-83.67935"><ele>974.0</ele></trkpt><trkpt lat="35.2473" lon="-83.67962999999997"><ele>975.0</ele></trkpt><trkpt lat="35.2475" lon="-83.67982999999998"><ele>978.6417591757112</ele></trkpt><trkpt lat="35.2476" lon="-83.67987"><ele>980.9567436441396</ele></trkpt><trkpt lat="35.2476" lon="-83.67977000000002"><ele>984.1061845524237</ele></trkpt><trkpt lat="35.24763" lon="-83.67970000000003"><ele>986.0</ele></trkpt><trkpt lat="35.24768" lon="-83.67970000000003"><ele>987.0870730108994</ele></trkpt><trkpt lat="35.24784" lon="-83.67980999999997"><ele>988.0</ele></trkpt><trkpt lat="35.24811" lon="-83.68016"><ele>995.0</ele></trkpt><trkpt lat="35.24817" lon="-83.68034999999998"><ele>993.603632600978</ele></trkpt><trkpt lat="35.24813" lon="-83.68054000000001"><ele>991.0343486764207</ele></trkpt><trkpt lat="35.24817" lon="-83.68061"><ele>995.0672592669725</ele></trkpt><trkpt lat="35.24831" lon="-83.68068"><ele>1004.0564819741994</ele></trkpt><trkpt lat="35.24852" lon="-83.68058000000002"><ele>1008.9926414948799</ele></trkpt><trkpt lat="35.24879" lon="-83.68058000000002"><ele>1005.8175964439288</ele></trkpt><trkpt lat="35.24894" lon="-83.68065000000001"><ele>1003.1143459778043</ele></trkpt><trkpt lat="35.24931" lon="-83.68072000000001"><ele>1006.2931235544384</ele></trkpt><trkpt lat="35.24935" lon="-83.68079999999998"><ele>1006.0</ele></trkpt><trkpt lat="35.24943" lon="-83.68088999999998"><ele>1007.9707602523267</ele></trkpt><trkpt lat="35.24949" lon="-83.68087000000003"><ele>1010.0</ele></trkpt><trkpt lat="35.24948" lon="-83.68072999999998"><ele>1009.8240968380123</ele></trkpt><trkpt lat="35.24953" lon="-83.68061999999998"><ele>1014.6459082506597</ele></trkpt><trkpt lat="35.24963" lon="-83.68054999999998"><ele>1020.082853215195</ele></trkpt><trkpt lat="35.24974" lon="-83.68047999999999"><ele>1025.8232679097748</ele></trkpt><trkpt lat="35.25012" lon="-83.68034999999998"><ele>1038.8105871900916</ele></trkpt><trkpt lat="35.25032" lon="-83.68024000000003"><ele>1041.0976696647704</ele></trkpt><trkpt lat="35.25058" lon="-83.67964"><ele>1040.222718441859</ele></trkpt><trkpt lat="35.25081" lon="-83.67937999999998"><ele>1055.723495926708</ele></trkpt><trkpt lat="35.25103" lon="-83.67926999999997"><ele>1063.4103824263439</ele></trkpt><trkpt lat="35.2511" lon="-83.67919999999998"><ele>1061.01263875328</ele></trkpt><trkpt lat="35.25132" lon="-83.67923000000002"><ele>1075.0959506137297</ele></trkpt><trkpt lat="35.25185" lon="-83.67975000000001"><ele>1088.9659464181227</ele></trkpt><trkpt lat="35.25241" lon="-83.67986000000002"><ele>1091.0205307352592</ele></trkpt><trkpt lat="35.2526" lon="-83.68000999999998"><ele>1106.6184782218188</ele></trkpt><trkpt lat="35.25269" lon="-83.67997000000003"><ele>1105.7543431129307</ele></trkpt><trkpt lat="35.25278" lon="-83.67987"><ele>1099.1740788604366</ele></trkpt><trkpt lat="35.2529" lon="-83.67970000000003"><ele>1087.1749350754544</ele></trkpt><trkpt lat="35.25324" lon="-83.67955999999998"><ele>1092.6588656903696</ele></trkpt><trkpt lat="35.25335" lon="-83.67944"><ele>1096.6776878647506</ele></trkpt><trkpt lat="35.25351" lon="-83.67948000000001"><ele>1105.9844541744028</ele></trkpt><trkpt lat="35.25352" lon="-83.67943000000002"><ele>1104.8118671456477</ele></trkpt><trkpt lat="35.25335" lon="-83.67914000000002"><ele>1087.926460443996</ele></trkpt><trkpt lat="35.25324" lon="-83.67907000000002"><ele>1089.7019556115852</ele></trkpt><trkpt lat="35.25315" lon="-83.67894000000001"><ele>1095.2471359996125</ele></trkpt><trkpt lat="35.25319" lon="-83.67880000000002"><ele>1104.5432177763432</ele></trkpt><trkpt lat="35.2533" lon="-83.67865"><ele>1113.7621155558154</ele></trkpt><trkpt lat="35.25366" lon="-83.67836999999997"><ele>1131.369258504361</ele></trkpt><trkpt lat="35.25381" lon="-83.67815000000002"><ele>1132.8659157566726</ele></trkpt><trkpt lat="35.25395" lon="-83.67803000000004"><ele>1137.263288963586</ele></trkpt><trkpt lat="35.25401" lon="-83.678"><ele>1139.2893826551735</ele></trkpt><trkpt lat="35.2544" lon="-83.67806000000002"><ele>1146.7418915564194</ele></trkpt><trkpt lat="35.25476" lon="-83.67806999999999"><ele>1153.092008794646</ele></trkpt><trkpt lat="35.25497" lon="-83.67797999999999"><ele>1140.8824624186382</ele></trkpt><trkpt lat="35.25503" lon="-83.67793"><ele>1137.366904888302</ele></trkpt><trkpt lat="35.25509" lon="-83.67770999999999"><ele>1124.410347015597</ele></trkpt><trkpt lat="35.25516" lon="-83.67725999999999"><ele>1106.4337776452303</ele></trkpt><trkpt lat="35.25527" lon="-83.67696000000001"><ele>1112.8622460931076</ele></trkpt><trkpt lat="35.25543" lon="-83.67683999999997"><ele>1123.3837159145623</ele></trkpt><trkpt lat="35.2556" lon="-83.67664000000002"><ele>1127.0</ele></trkpt><trkpt lat="35.25571" lon="-83.67668000000003"><ele>1122.636393835768</ele></trkpt><trkpt lat="35.25568" lon="-83.67683999999997"><ele>1127.3087155019682</ele></trkpt><trkpt lat="35.25571" lon="-83.67689999999999"><ele>1126.636393835768</ele></trkpt><trkpt lat="35.25583" lon="-83.67700000000002"><ele>1122.8604729758379</ele></trkpt><trkpt lat="35.25594" lon="-83.67707000000001"><ele>1120.1145616751164</ele></trkpt><trkpt lat="35.25611" lon="-83.67709000000002"><ele>1114.4475911984193</ele></trkpt><trkpt lat="35.25635" lon="-83.67718000000002"><ele>1120.7309191124514</ele></trkpt><trkpt lat="35.25676" lon="-83.67716000000001"><ele>1111.5977031122893</ele></trkpt><trkpt lat="35.25696" lon="-83.67710999999997"><ele>1112.1717578992248</ele></trkpt><trkpt lat="35.25711" lon="-83.67712"><ele>1117.8866602696955</ele></trkpt><trkpt lat="35.25761" lon="-83.67728999999997"><ele>1116.0572567051277</ele></trkpt><trkpt lat="35.25773" lon="-83.6773"><ele>1112.6745886495337</ele></trkpt><trkpt lat="35.25782" lon="-83.67725999999999"><ele>1106.5577915974013</ele></trkpt><trkpt lat="35.25793" lon="-83.6771"><ele>1091.9393875012174</ele></trkpt><trkpt lat="35.2583" lon="-83.67701"><ele>1099.0230906610482</ele></trkpt><trkpt lat="35.25869" lon="-83.67707999999999"><ele>1112.0705813327804</ele></trkpt><trkpt lat="35.25904326834997" lon="-83.67723330513303"><ele>1107.3009663961661</ele></trkpt><trkpt lat="35.2590681228518" lon="-83.67724409089516"><ele>1106.6983115933836</ele></trkpt><trkpt lat="35.25922" lon="-83.67731000000003"><ele>1105.0359314463135</ele></trkpt><trkpt lat="35.25925" lon="-83.6773"><ele>1102.9234876884148</ele></trkpt><trkpt lat="35.25934" lon="-83.67709000000002"><ele>1089.536615111865</ele></trkpt><trkpt lat="35.25935" lon="-83.67692999999997"><ele>1085.1872777370736</ele></trkpt><trkpt lat="35.25942" lon="-83.67680000000001"><ele>1087.1239992380142</ele></trkpt><trkpt lat="35.2596" lon="-83.67644000000001"><ele>1091.9039027674903</ele></trkpt><trkpt lat="35.2597" lon="-83.67632000000003"><ele>1095.763951815051</ele></trkpt><trkpt lat="35.25998" lon="-83.67633000000001"><ele>1111.2360960021615</ele></trkpt><trkpt lat="35.26022" lon="-83.67629"><ele>1116.0155000537634</ele></trkpt><trkpt lat="35.26036" lon="-83.67622"><ele>1118.989612182504</ele></trkpt><trkpt lat="35.26045" lon="-83.67606999999998"><ele>1112.001169776544</ele></trkpt><trkpt lat="35.26048" lon="-83.67579999999998"><ele>1097.0191896222532</ele></trkpt><trkpt lat="35.26038" lon="-83.67527999999999"><ele>1072.077987285331</ele></trkpt><trkpt lat="35.26039" lon="-83.67512999999997"><ele>1073.2702355589718</ele></trkpt><trkpt lat="35.26056" lon="-83.67507"><ele>1083.6685969525624</ele></trkpt><trkpt lat="35.2607" lon="-83.67491000000001"><ele>1090.0985891660675</ele></trkpt><trkpt lat="35.26082" lon="-83.67433"><ele>1071.9112924439833</ele></trkpt><trkpt lat="35.2609" lon="-83.67433"><ele>1069.3390109287575</ele></trkpt><trkpt lat="35.26155" lon="-83.67462"><ele>1054.3289562221617</ele></trkpt><trkpt lat="35.26187" lon="-83.67464999999999"><ele>1048.8243733327836</ele></trkpt><trkpt lat="35.26206" lon="-83.67475000000002"><ele>1053.4847111115232</ele></trkpt><trkpt lat="35.26226" lon="-83.67467999999997"><ele>1040.250302117318</ele></trkpt><trkpt lat="35.26244" lon="-83.67467999999997"><ele>1043.222474665381</ele></trkpt><trkpt lat="35.2625" lon="-83.67473999999999"><ele>1046.0186773324385</ele></trkpt><trkpt lat="35.26265" lon="-83.67518999999999"><ele>1044.0861652555998</ele></trkpt><trkpt lat="35.26265" lon="-83.67539"><ele>1044.54575756751</ele></trkpt><trkpt lat="35.2626" lon="-83.67551000000003"><ele>1047.399557814002</ele></trkpt><trkpt lat="35.2626" lon="-83.67561"><ele>1045.399557814002</ele></trkpt><trkpt lat="35.26278" lon="-83.67633000000001"><ele>1016.1336893737316</ele></trkpt><trkpt lat="35.26277" lon="-83.67641000000003"><ele>1013.4398820573327</ele></trkpt><trkpt lat="35.26267" lon="-83.67662999999999"><ele>1012.4042369760573</ele></trkpt><trkpt lat="35.26287" lon="-83.67700000000002"><ele>998.3313266802579</ele></trkpt><trkpt lat="35.26293" lon="-83.67719"><ele>999.7613965384662</ele></trkpt><trkpt lat="35.2629" lon="-83.67731000000003"><ele>1007.1243790312423</ele></trkpt><trkpt lat="35.26252" lon="-83.67770999999999"><ele>1002.5349252121523</ele></trkpt><trkpt lat="35.26248" lon="-83.67776000000003"><ele>1000.2985844795609</ele></trkpt><trkpt lat="35.26249" lon="-83.67781000000002"><ele>996.5868650469929</ele></trkpt><trkpt lat="35.26262" lon="-83.67793"><ele>984.316547555849</ele></trkpt><trkpt lat="35.2628" lon="-83.67804000000001"><ele>978.6069712317574</ele></trkpt><trkpt lat="35.26285" lon="-83.67813999999998"><ele>982.5315362138276</ele></trkpt><trkpt lat="35.26356" lon="-83.67863"><ele>994.6116337776184</ele></trkpt><trkpt lat="35.26356" lon="-83.67863"><ele>994.6116337776184</ele></trkpt><trkpt lat="35.26374" lon="-83.67874999999998"><ele>1002.8302829673805</ele></trkpt><trkpt lat="35.26395" lon="-83.67865999999998"><ele>992.7039182214066</ele></trkpt><trkpt lat="35.26432" lon="-83.67863"><ele>988.5336346309632</ele></trkpt><trkpt lat="35.26446" lon="-83.67874999999998"><ele>992.7964444421232</ele></trkpt><trkpt lat="35.26473" lon="-83.67881"><ele>992.2680941605707</ele></trkpt><trkpt lat="35.26493" lon="-83.67863999999997"><ele>989.9063229337503</ele></trkpt><trkpt lat="35.26504" lon="-83.67847999999998"><ele>991.273672877409</ele></trkpt><trkpt lat="35.26585" lon="-83.67867999999999"><ele>968.2628932520747</ele></trkpt><trkpt lat="35.26575" lon="-83.67874"><ele>968.3978332089793</ele></trkpt><trkpt lat="35.26569" lon="-83.67883"><ele>962.3852335523659</ele></trkpt><trkpt lat="35.26591" lon="-83.67892999999998"><ele>953.5623490450839</ele></trkpt><trkpt lat="35.26613" lon="-83.67863"><ele>949.9169339574873</ele></trkpt><trkpt lat="35.26615" lon="-83.67863999999997"><ele>948.6019791550659</ele></trkpt><trkpt lat="35.26616" lon="-83.67869999999999"><ele>945.0684727597982</ele></trkpt><trkpt lat="35.26603" lon="-83.67894999999999"><ele>947.4058800442144</ele></trkpt><trkpt lat="35.26602" lon="-83.67908"><ele>940.8639884274534</ele></trkpt><trkpt lat="35.26618" lon="-83.67907000000002"><ele>931.3028259791828</ele></trkpt><trkpt lat="35.26639" lon="-83.67892999999998"><ele>919.7131697786972</ele></trkpt><trkpt lat="35.26677" lon="-83.67880000000002"><ele>911.1416267013003</ele></trkpt><trkpt lat="35.26691" lon="-83.67876000000001"><ele>903.0</ele></trkpt><trkpt lat="35.267" lon="-83.67878999999999"><ele>903.0</ele></trkpt><trkpt lat="35.267" lon="-83.67878999999999"><ele>903.0</ele></trkpt><trkpt lat="35.26706" lon="-83.67887999999999"><ele>903.0</ele></trkpt><trkpt lat="35.26702" lon="-83.67899999999997"><ele>903.0</ele></trkpt><trkpt lat="35.26692" lon="-83.67908999999997"><ele>903.0</ele></trkpt><trkpt lat="35.26672" lon="-83.67910999999998"><ele>900.649123556912</ele></trkpt><trkpt lat="35.2666" lon="-83.67917999999997"><ele>896.2146240994334</ele></trkpt><trkpt lat="35.26648" lon="-83.67935999999997"><ele>897.5525672426447</ele></trkpt><trkpt lat="35.26638" lon="-83.67962999999997"><ele>894.6472934745252</ele></trkpt><trkpt lat="35.26632" lon="-83.67970000000003"><ele>894.0</ele></trkpt><trkpt lat="35.26623" lon="-83.67973"><ele>892.8809204210363</ele></trkpt><trkpt lat="35.2657" lon="-83.67971"><ele>889.3438405330648</ele></trkpt><trkpt lat="35.26564" lon="-83.67971999999997"><ele>888.8965013343841</ele></trkpt><trkpt lat="35.26556" lon="-83.67979000000003"><ele>887.7994124408144</ele></trkpt><trkpt lat="35.26552" lon="-83.67989999999998"><ele>886.7346719522029</ele></trkpt><trkpt lat="35.26553" lon="-83.68022000000002"><ele>882.6612192307867</ele></trkpt><trkpt lat="35.26546" lon="-83.68043"><ele>881.0</ele></trkpt><trkpt lat="35.26533" lon="-83.68059"><ele>879.4205123726279</ele></trkpt><trkpt lat="35.26494" lon="-83.68065000000001"><ele>877.0</ele></trkpt><trkpt lat="35.26481" lon="-83.68074000000001"><ele>875.5271212176009</ele></trkpt><trkpt lat="35.26474" lon="-83.68132000000003"><ele>871.586428988725</ele></trkpt><trkpt lat="35.26465" lon="-83.68149"><ele>868.193130207248</ele></trkpt><trkpt lat="35.26451" lon="-83.68162999999998"><ele>866.267187028192</ele></trkpt><trkpt lat="35.26436" lon="-83.68173000000002"><ele>866.4350592628564</ele></trkpt><trkpt lat="35.26424" lon="-83.68176"><ele>867.48113843405</ele></trkpt><trkpt lat="35.26411" lon="-83.68174999999997"><ele>867.1400464629116</ele></trkpt><trkpt lat="35.26392" lon="-83.68167"><ele>868.0</ele></trkpt><trkpt lat="35.26366" lon="-83.68144000000001"><ele>866.0</ele></trkpt><trkpt lat="35.26361" lon="-83.68144999999998"><ele>865.0</ele></trkpt><trkpt lat="35.26361" lon="-83.68151999999998"><ele>863.0104213347659</ele></trkpt><trkpt lat="35.26378" lon="-83.68169999999998"><ele>861.0</ele></trkpt><trkpt lat="35.26406" lon="-83.68187999999998"><ele>856.9479609964613</ele></trkpt><trkpt lat="35.26421" lon="-83.68194"><ele>855.2212567895331</ele></trkpt><trkpt lat="35.26442" lon="-83.68194"><ele>852.9570970032364</ele></trkpt><trkpt lat="35.26463" lon="-83.68183999999997"><ele>850.6311927009374</ele></trkpt><trkpt lat="35.26475" lon="-83.68173999999999"><ele>848.4422353422269</ele></trkpt><trkpt lat="35.26513" lon="-83.68115"><ele>839.5011435710308</ele></trkpt><trkpt lat="35.2653" lon="-83.68110999999999"><ele>841.0</ele></trkpt><trkpt lat="35.26552" lon="-83.68117000000001"><ele>838.7346719522029</ele></trkpt><trkpt lat="35.26568" lon="-83.68117000000001"><ele>837.0</ele></trkpt><trkpt lat="35.26573" lon="-83.68114000000003"><ele>836.7482671495527</ele></trkpt><trkpt lat="35.26581" lon="-83.68101000000001"><ele>834.8185239050425</ele></trkpt><trkpt lat="35.26589" lon="-83.68061"><ele>831.0</ele></trkpt><trkpt lat="35.26597" lon="-83.68051000000003"><ele>830.0</ele></trkpt><trkpt lat="35.26609" lon="-83.68051000000003"><ele>829.0</ele></trkpt><trkpt lat="35.26646" lon="-83.68070999999998"><ele>824.0809992216527</ele></trkpt><trkpt lat="35.26656" lon="-83.68074000000001"><ele>824.0</ele></trkpt><trkpt lat="35.2667" lon="-83.68063999999998"><ele>821.395308851842</ele></trkpt><trkpt lat="35.26691" lon="-83.68036000000001"><ele>818.438029591485</ele></trkpt><trkpt lat="35.26702" lon="-83.68033000000003"><ele>817.0</ele></trkpt><trkpt lat="35.26733" lon="-83.68054999999998"><ele>813.0</ele></trkpt><trkpt lat="35.26745" lon="-83.68058000000002"><ele>811.1044688457198</ele></trkpt><trkpt lat="35.26756" lon="-83.68056999999999"><ele>809.4942400837945</ele></trkpt><trkpt lat="35.26764" lon="-83.68054000000001"><ele>805.4093668134883</ele></trkpt><trkpt lat="35.26774" lon="-83.68043999999998"><ele>805.3617473049089</ele></trkpt><trkpt lat="35.26782" lon="-83.68015000000003"><ele>804.4533070661128</ele></trkpt><trkpt lat="35.26787" lon="-83.68005"><ele>804.1167096309364</ele></trkpt><trkpt lat="35.26793" lon="-83.67998999999998"><ele>803.4333952551763</ele></trkpt><trkpt lat="35.2683" lon="-83.67986000000002"><ele>799.0</ele></trkpt><trkpt lat="35.26855" lon="-83.67980999999997"><ele>795.0</ele></trkpt><trkpt lat="35.26887" lon="-83.67988000000003"><ele>789.0</ele></trkpt><trkpt lat="35.26894" lon="-83.67995000000002"><ele>787.5694228347077</ele></trkpt><trkpt lat="35.26894" lon="-83.68004000000002"><ele>786.0</ele></trkpt><trkpt lat="35.26891" lon="-83.68007999999998"><ele>785.7639457471669</ele></trkpt><trkpt lat="35.26854" lon="-83.68013000000002"><ele>781.0</ele></trkpt><trkpt lat="35.26839" lon="-83.68020999999999"><ele>780.0050025414324</ele></trkpt><trkpt lat="35.2682" lon="-83.68051000000003"><ele>777.0</ele></trkpt><trkpt lat="35.26812" lon="-83.68067000000002"><ele>774.6232924433425</ele></trkpt><trkpt lat="35.26812" lon="-83.68074999999999"><ele>773.2947988571343</ele></trkpt><trkpt lat="35.26817" lon="-83.68083999999999"><ele>771.6323901505541</ele></trkpt><trkpt lat="35.26838" lon="-83.68101999999999"><ele>769.0</ele></trkpt><trkpt lat="35.26858" lon="-83.68135000000001"><ele>766.0774203432474</ele></trkpt><trkpt lat="35.26874" lon="-83.68155000000002"><ele>763.0</ele></trkpt><trkpt lat="35.26884" lon="-83.68182000000002"><ele>760.0</ele></trkpt><trkpt lat="35.2689" lon="-83.68209000000002"><ele>758.0</ele></trkpt><trkpt lat="35.2689" lon="-83.68234000000001"><ele>756.8068585433066</ele></trkpt><trkpt lat="35.26884" lon="-83.68254000000002"><ele>755.7683172021061</ele></trkpt><trkpt lat="35.26874" lon="-83.68263999999999"><ele>753.8146382225677</ele></trkpt><trkpt lat="35.26838" lon="-83.68284"><ele>747.4939626660198</ele></trkpt><trkpt lat="35.26815" lon="-83.68291999999997"><ele>745.0</ele></trkpt><trkpt lat="35.26797" lon="-83.68294000000003"><ele>742.090573784069</ele></trkpt><trkpt lat="35.26789" lon="-83.68293"><ele>741.3797749149255</ele></trkpt><trkpt lat="35.26777" lon="-83.68282999999997"><ele>739.0400035539642</ele></trkpt><trkpt lat="35.26756" lon="-83.68241999999998"><ele>735.9801901560107</ele></trkpt><trkpt lat="35.26748" lon="-83.68243000000001"><ele>734.1396477315575</ele></trkpt><trkpt lat="35.26745" lon="-83.68250999999998"><ele>733.0</ele></trkpt><trkpt lat="35.26774" lon="-83.68299000000002"><ele>729.0</ele></trkpt><trkpt lat="35.26783" lon="-83.68309999999997"><ele>728.0</ele></trkpt><trkpt lat="35.26794" lon="-83.68317000000002"><ele>727.0</ele></trkpt><trkpt lat="35.26823" lon="-83.68324000000001"><ele>722.8957412643019</ele></trkpt><trkpt lat="35.26902" lon="-83.6832"><ele>712.7167466664687</ele></trkpt><trkpt lat="35.26917" lon="-83.68308999999999"><ele>712.0</ele></trkpt><trkpt lat="35.26932" lon="-83.68284"><ele>707.7485184801228</ele></trkpt><trkpt lat="35.26938" lon="-83.68263000000002"><ele>707.6888451902196</ele></trkpt><trkpt lat="35.26947" lon="-83.68209999999999"><ele>705.9857550379087</ele></trkpt><trkpt lat="35.26953" lon="-83.68200999999999"><ele>704.4496714506581</ele></trkpt><trkpt lat="35.26959" lon="-83.68200000000002"><ele>705.0</ele></trkpt><trkpt lat="35.26998" lon="-83.68212"><ele>700.0077232183816</ele></trkpt><trkpt lat="35.27024" lon="-83.6823"><ele>697.0</ele></trkpt><trkpt lat="35.27033" lon="-83.68228999999997"><ele>696.0</ele></trkpt><trkpt lat="35.27054" lon="-83.68200999999999"><ele>693.0</ele></trkpt><trkpt lat="35.27066" lon="-83.68196999999998"><ele>692.0</ele></trkpt><trkpt lat="35.27087" lon="-83.68200000000002"><ele>689.5879997613329</ele></trkpt><trkpt lat="35.27096" lon="-83.68196"><ele>688.4950648890808</ele></trkpt><trkpt lat="35.27124" lon="-83.68164000000002"><ele>683.5557914569736</ele></trkpt><trkpt lat="35.27151" lon="-83.68144999999998"><ele>680.872386633267</ele></trkpt><trkpt lat="35.27184" lon="-83.68108999999998"><ele>674.9507564883538</ele></trkpt><trkpt lat="35.27189" lon="-83.68097999999998"><ele>673.0</ele></trkpt><trkpt lat="35.27205" lon="-83.68036000000001"><ele>665.0</ele></trkpt><trkpt lat="35.27211" lon="-83.67998"><ele>660.1267305715389</ele></trkpt><trkpt lat="35.27211" lon="-83.67982999999998"><ele>658.2298702215776</ele></trkpt><trkpt lat="35.27204" lon="-83.67970000000003"><ele>657.0</ele></trkpt><trkpt lat="35.27185" lon="-83.67957000000001"><ele>655.0659265667307</ele></trkpt><trkpt lat="35.27166" lon="-83.67926"><ele>652.0</ele></trkpt><trkpt lat="35.27166" lon="-83.67926"><ele>652.0</ele></trkpt><trkpt lat="35.27153" lon="-83.67894999999999"><ele>649.0</ele></trkpt><trkpt lat="35.27138" lon="-83.67826000000002"><ele>641.0</ele></trkpt><trkpt lat="35.27138" lon="-83.67826000000002"><ele>641.0</ele></trkpt><trkpt lat="35.27141" lon="-83.67824000000002"><ele>641.0695264194923</ele></trkpt><trkpt lat="35.27144" lon="-83.67812000000004"><ele>636.820305172354</ele></trkpt><trkpt lat="35.27147" lon="-83.67811"><ele>636.0</ele></trkpt><trkpt lat="35.2715" lon="-83.67813999999998"><ele>635.6796444437289</ele></trkpt><trkpt lat="35.27163" lon="-83.67831999999999"><ele>632.9746715836227</ele></trkpt><trkpt lat="35.27173" lon="-83.67856"><ele>632.0116112756642</ele></trkpt><trkpt lat="35.27188" lon="-83.67874999999998"><ele>629.7040623147041</ele></trkpt><trkpt lat="35.27196" lon="-83.67896000000002"><ele>628.8223896054551</ele></trkpt><trkpt lat="35.27201" lon="-83.67899"><ele>628.0</ele></trkpt><trkpt lat="35.27203" lon="-83.67892"><ele>627.0</ele></trkpt><trkpt lat="35.27203" lon="-83.67892"><ele>627.0</ele></trkpt><trkpt lat="35.27241" lon="-83.67898000000002"><ele>620.1724365802222</ele></trkpt><trkpt lat="35.27244963299564" lon="-83.67897603670042"><ele>620.0</ele></trkpt><trkpt lat="35.27244963299564" lon="-83.67897603670042"><ele>620.0</ele></trkpt><trkpt lat="35.27251" lon="-83.67896999999999"><ele>619.0</ele></trkpt><trkpt lat="35.27258" lon="-83.67887999999999"><ele>617.9889972687598</ele></trkpt><trkpt lat="35.27263" lon="-83.67862000000002"><ele>616.0</ele></trkpt><trkpt lat="35.27263" lon="-83.67862000000002"><ele>616.0</ele></trkpt><trkpt lat="35.2726" lon="-83.67845"><ele>616.0</ele></trkpt><trkpt lat="35.27261" lon="-83.67829"><ele>616.554824384516</ele></trkpt><trkpt lat="35.27265286660567" lon="-83.678161400183"><ele>617.0</ele></trkpt><trkpt lat="35.27265286660567" lon="-83.678161400183"><ele>617.0</ele></trkpt><trkpt lat="35.27276" lon="-83.67784"><ele>616.7298450077753</ele></trkpt><trkpt lat="35.27276" lon="-83.67784"><ele>616.7298450077753</ele></trkpt><trkpt lat="35.27288" lon="-83.67748"><ele>617.5577583694624</ele></trkpt><trkpt lat="35.27288" lon="-83.67748"><ele>617.5577583694624</ele></trkpt><trkpt lat="35.27288" lon="-83.67732999999998"><ele>618.0</ele></trkpt><trkpt lat="35.27281" lon="-83.67716999999999"><ele>619.0</ele></trkpt><trkpt lat="35.27281" lon="-83.67716999999999"><ele>619.0</ele></trkpt><trkpt lat="35.27295232367993" lon="-83.67698273200006"><ele>619.0</ele></trkpt><trkpt lat="35.27295232367993" lon="-83.67698273200006"><ele>619.0</ele></trkpt><trkpt lat="35.273" lon="-83.67692"><ele>619.0</ele></trkpt><trkpt lat="35.273" lon="-83.67692"><ele>619.0</ele></trkpt><trkpt lat="35.27305" lon="-83.67701999999997"><ele>618.665413316192</ele></trkpt><trkpt lat="35.27313" lon="-83.67749000000003"><ele>616.2880039247407</ele></trkpt><trkpt lat="35.27321" lon="-83.67768999999998"><ele>615.0</ele></trkpt><trkpt lat="35.27332" lon="-83.67777999999998"><ele>613.5044954791665</ele></trkpt><trkpt lat="35.27332" lon="-83.67777999999998"><ele>613.5044954791665</ele></trkpt><trkpt lat="35.27363" lon="-83.67797000000002"><ele>615.0</ele></trkpt><trkpt lat="35.27363" lon="-83.67797000000002"><ele>615.0</ele></trkpt><trkpt lat="35.27370785652324" lon="-83.67803370079173"><ele>615.0</ele></trkpt><trkpt lat="35.27370785652324" lon="-83.67803370079173"><ele>615.0</ele></trkpt><trkpt lat="35.27374" lon="-83.67806000000002"><ele>615.0</ele></trkpt><trkpt lat="35.27381" lon="-83.67818"><ele>614.8440425850049</ele></trkpt><trkpt lat="35.27392" lon="-83.67869000000002"><ele>613.0</ele></trkpt><trkpt lat="35.27403" lon="-83.67881"><ele>613.0076379987693</ele></trkpt><trkpt lat="35.27439" lon="-83.67905999999999"><ele>611.0</ele></trkpt><trkpt lat="35.27469" lon="-83.67944999999997"><ele>611.0</ele></trkpt><trkpt lat="35.2748" lon="-83.67964"><ele>611.0</ele></trkpt><trkpt lat="35.27491" lon="-83.68002000000001"><ele>611.0</ele></trkpt><trkpt lat="35.27506" lon="-83.68016999999998"><ele>611.0</ele></trkpt><trkpt lat="35.27518" lon="-83.68022000000002"><ele>611.0</ele></trkpt><trkpt lat="35.27544" lon="-83.68023"><ele>610.0</ele></trkpt><trkpt lat="35.2761" lon="-83.68009"><ele>608.8095312155783</ele></trkpt><trkpt lat="35.2762" lon="-83.68009"><ele>608.0</ele></trkpt><trkpt lat="35.27644" lon="-83.68016999999998"><ele>609.0</ele></trkpt><trkpt lat="35.27682" lon="-83.68043"><ele>608.0</ele></trkpt><trkpt lat="35.27696" lon="-83.68045000000001"><ele>608.0</ele></trkpt><trkpt lat="35.27709" lon="-83.68040000000002"><ele>607.4400102855592</ele></trkpt><trkpt lat="35.27744" lon="-83.68004000000002"><ele>607.0</ele></trkpt><trkpt lat="35.27847" lon="-83.67842999999999"><ele>605.0</ele></trkpt><trkpt lat="35.27854" lon="-83.67836"><ele>605.0</ele></trkpt><trkpt lat="35.278837336302956" lon="-83.6781815982182"><ele>604.0</ele></trkpt><trkpt lat="35.27885219856181" lon="-83.67816754192955"><ele>604.0</ele></trkpt><trkpt lat="35.27931" lon="-83.67770000000002"><ele>603.0</ele></trkpt><trkpt lat="35.27942" lon="-83.67754000000002"><ele>603.0</ele></trkpt><trkpt lat="35.27971" lon="-83.67700000000002"><ele>602.0</ele></trkpt><trkpt lat="35.27982" lon="-83.67669999999998"><ele>602.0</ele></trkpt><trkpt lat="35.27983" lon="-83.67653999999999"><ele>602.0</ele></trkpt><trkpt lat="35.27977" lon="-83.67615999999998"><ele>601.4376381175578</ele></trkpt><trkpt lat="35.27973" lon="-83.67574000000002"><ele>601.0</ele></trkpt><trkpt lat="35.27977" lon="-83.67559"><ele>601.0</ele></trkpt><trkpt lat="35.27983" lon="-83.6755"><ele>600.9456575061495</ele></trkpt><trkpt lat="35.28006" lon="-83.6753"><ele>600.6585341233356</ele></trkpt><trkpt lat="35.28021" lon="-83.67520999999999"><ele>600.0</ele></trkpt><trkpt lat="35.28045" lon="-83.67516"><ele>600.0</ele></trkpt><trkpt lat="35.28064" lon="-83.67496"><ele>600.0</ele></trkpt><trkpt lat="35.28075" lon="-83.67476999999997"><ele>600.0</ele></trkpt><trkpt lat="35.28078" lon="-83.67467999999997"><ele>600.0</ele></trkpt><trkpt lat="35.28071" lon="-83.67422999999997"><ele>599.0</ele></trkpt><trkpt lat="35.28075" lon="-83.67403999999999"><ele>599.0</ele></trkpt><trkpt lat="35.28083" lon="-83.67392000000001"><ele>599.0</ele></trkpt><trkpt lat="35.28123" lon="-83.67352"><ele>599.0</ele></trkpt><trkpt lat="35.2815" lon="-83.67320000000001"><ele>598.0</ele></trkpt><trkpt lat="35.2815" lon="-83.67320000000001"><ele>598.0</ele></trkpt><trkpt lat="35.2817" lon="-83.67293999999998"><ele>597.0</ele></trkpt><trkpt lat="35.28189" lon="-83.67277999999999"><ele>597.0</ele></trkpt><trkpt lat="35.28223" lon="-83.67259999999999"><ele>596.9603830890743</ele></trkpt><trkpt lat="35.28232" lon="-83.67252000000002"><ele>596.8457174941905</ele></trkpt><trkpt lat="35.28236" lon="-83.67244"><ele>597.0</ele></trkpt><trkpt lat="35.28239" lon="-83.67219"><ele>596.9509860872062</ele></trkpt><trkpt lat="35.28244" lon="-83.67208"><ele>597.1267002727836</ele></trkpt><trkpt lat="35.28264" lon="-83.67187999999999"><ele>597.0</ele></trkpt><trkpt lat="35.28264" lon="-83.67187999999999"><ele>597.0</ele></trkpt><trkpt lat="35.28296" lon="-83.67156999999997"><ele>597.0</ele></trkpt><trkpt lat="35.2834" lon="-83.67095999999998"><ele>597.1992318626988</ele></trkpt><trkpt lat="35.2835" lon="-83.67079000000001"><ele>596.334417017426</ele></trkpt><trkpt lat="35.28375" lon="-83.67021999999997"><ele>596.0533271683661</ele></trkpt><trkpt lat="35.28405" lon="-83.66919000000001"><ele>595.9575367979705</ele></trkpt><trkpt lat="35.28405" lon="-83.66919000000001"><ele>595.9575367979705</ele></trkpt><trkpt lat="35.28409" lon="-83.66921000000002"><ele>593.470377877574</ele></trkpt><trkpt lat="35.28409" lon="-83.66921000000002"><ele>593.470377877574</ele></trkpt><trkpt lat="35.28427" lon="-83.66931"><ele>596.5798296212424</ele></trkpt><trkpt lat="35.28427" lon="-83.66931"><ele>596.5798296212424</ele></trkpt><trkpt lat="35.2845" lon="-83.66943000000003"><ele>592.6733888791543</ele></trkpt><trkpt lat="35.2845" lon="-83.66943000000003"><ele>592.6733888791543</ele></trkpt><trkpt lat="35.28465" lon="-83.66952000000003"><ele>595.9254031585615</ele></trkpt><trkpt lat="35.28465" lon="-83.66952000000003"><ele>595.9254031585615</ele></trkpt><trkpt lat="35.28473" lon="-83.6696"><ele>595.0</ele></trkpt><trkpt lat="35.2849" lon="-83.66989000000001"><ele>595.0</ele></trkpt><trkpt lat="35.28512" lon="-83.67014"><ele>596.916168267652</ele></trkpt><trkpt lat="35.28512" lon="-83.67014"><ele>596.916168267652</ele></trkpt><trkpt lat="35.28528" lon="-83.67030999999997"><ele>597.0</ele></trkpt><trkpt lat="35.28534" lon="-83.67043999999999"><ele>598.0</ele></trkpt><trkpt lat="35.28541" lon="-83.67061000000001"><ele>600.5467271115631</ele></trkpt><trkpt lat="35.28542" lon="-83.67088999999999"><ele>608.6999637283809</ele></trkpt><trkpt lat="35.28531" lon="-83.67115999999999"><ele>616.1563982963562</ele></trkpt><trkpt lat="35.28481" lon="-83.67187999999999"><ele>616.1649224339053</ele></trkpt><trkpt lat="35.28481" lon="-83.67187999999999"><ele>616.1649224339053</ele></trkpt><trkpt lat="35.28425" lon="-83.67250999999999"><ele>615.5109312394206</ele></trkpt><trkpt lat="35.2837" lon="-83.67331999999999"><ele>617.0510349375743</ele></trkpt><trkpt lat="35.28346" lon="-83.67379"><ele>619.2675000321116</ele></trkpt><trkpt lat="35.28339" lon="-83.67410999999998"><ele>621.0</ele></trkpt><trkpt lat="35.28342" lon="-83.67430000000002"><ele>621.0752078797668</ele></trkpt><trkpt lat="35.28352" lon="-83.67453"><ele>619.602350095314</ele></trkpt><trkpt lat="35.28349" lon="-83.67470000000003"><ele>612.071555763483</ele></trkpt><trkpt lat="35.28342" lon="-83.67482999999999"><ele>609.0</ele></trkpt><trkpt lat="35.28331" lon="-83.67491999999999"><ele>607.3238894308795</ele></trkpt><trkpt lat="35.28313" lon="-83.67516999999998"><ele>609.5391834648326</ele></trkpt><trkpt lat="35.28306" lon="-83.67534"><ele>615.980704001151</ele></trkpt><trkpt lat="35.28294" lon="-83.67543999999998"><ele>620.6410417770967</ele></trkpt><trkpt lat="35.28242" lon="-83.67572000000001"><ele>633.6899875560775</ele></trkpt><trkpt lat="35.28231" lon="-83.67577"><ele>636.0201564449817</ele></trkpt><trkpt lat="35.28201" lon="-83.67575999999997"><ele>644.2337959682184</ele></trkpt><trkpt lat="35.28196" lon="-83.67581999999999"><ele>645.0</ele></trkpt><trkpt lat="35.28191" lon="-83.67608999999999"><ele>647.9912618376154</ele></trkpt><trkpt lat="35.28191" lon="-83.67617999999999"><ele>649.127541333437</ele></trkpt><trkpt lat="35.28209" lon="-83.67646000000002"><ele>656.0256355491449</ele></trkpt><trkpt lat="35.28209" lon="-83.67653000000001"><ele>657.438723555766</ele></trkpt><trkpt lat="35.28205" lon="-83.67660999999998"><ele>660.0</ele></trkpt><trkpt lat="35.28189" lon="-83.67674999999997"><ele>665.6914666658267</ele></trkpt><trkpt lat="35.28179" lon="-83.67701999999997"><ele>671.0</ele></trkpt><trkpt lat="35.28179" lon="-83.67737"><ele>677.585560888052</ele></trkpt><trkpt lat="35.28182" lon="-83.67748"><ele>680.0</ele></trkpt><trkpt lat="35.28187" lon="-83.67755"><ele>682.0</ele></trkpt><trkpt lat="35.282" lon="-83.67759000000001"><ele>686.8454864174128</ele></trkpt><trkpt lat="35.28229" lon="-83.67752000000002"><ele>693.3244487030254</ele></trkpt><trkpt lat="35.28343" lon="-83.67746"><ele>724.9220973784807</ele></trkpt><trkpt lat="35.28361" lon="-83.67752999999999"><ele>728.0421013329178</ele></trkpt><trkpt lat="35.28367" lon="-83.67761000000002"><ele>731.7703715572134</ele></trkpt><trkpt lat="35.28365" lon="-83.67770000000002"><ele>734.971955153921</ele></trkpt><trkpt lat="35.28341" lon="-83.67797999999999"><ele>744.0136213330552</ele></trkpt><trkpt lat="35.2827" lon="-83.67928"><ele>783.1482697106127</ele></trkpt><trkpt lat="35.28229" lon="-83.67973999999998"><ele>792.5987791642547</ele></trkpt><trkpt lat="35.28231" lon="-83.67982999999998"><ele>799.1620608821261</ele></trkpt><trkpt lat="35.28245" lon="-83.67984999999999"><ele>807.3878733602141</ele></trkpt><trkpt lat="35.28288" lon="-83.67979000000003"><ele>821.6120897326618</ele></trkpt><trkpt lat="35.28322" lon="-83.67962"><ele>829.2522152497037</ele></trkpt><trkpt lat="35.28343" lon="-83.67944999999997"><ele>839.5030597734736</ele></trkpt><trkpt lat="35.28351" lon="-83.67942"><ele>842.4583407454193</ele></trkpt><trkpt lat="35.28411" lon="-83.67939999999999"><ele>861.84876623936</ele></trkpt><trkpt lat="35.28423" lon="-83.67950000000002"><ele>860.5318822907284</ele></trkpt><trkpt lat="35.2844" lon="-83.67988000000003"><ele>875.0136608315323</ele></trkpt><trkpt lat="35.28456" lon="-83.68013000000002"><ele>882.125483495602</ele></trkpt><trkpt lat="35.28465" lon="-83.68024000000003"><ele>885.0</ele></trkpt><trkpt lat="35.28476" lon="-83.68032"><ele>887.5117991203442</ele></trkpt><trkpt lat="35.28499" lon="-83.68038000000001"><ele>890.1382719986141</ele></trkpt><trkpt lat="35.28561" lon="-83.68038999999999"><ele>899.6722382223234</ele></trkpt><trkpt lat="35.28592" lon="-83.68052999999998"><ele>906.1477653346956</ele></trkpt><trkpt lat="35.28633" lon="-83.68047999999999"><ele>914.212012078613</ele></trkpt><trkpt lat="35.28644" lon="-83.6805"><ele>917.0</ele></trkpt><trkpt lat="35.28672" lon="-83.68065999999999"><ele>918.0466083590668</ele></trkpt><trkpt lat="35.28687" lon="-83.68063000000001"><ele>918.0</ele></trkpt><trkpt lat="35.28695" lon="-83.68056000000001"><ele>920.0</ele></trkpt><trkpt lat="35.2872" lon="-83.68027999999998"><ele>925.201390221715</ele></trkpt><trkpt lat="35.28726" lon="-83.68016"><ele>924.1878952946602</ele></trkpt><trkpt lat="35.28728" lon="-83.68000999999998"><ele>920.7289723020058</ele></trkpt><trkpt lat="35.28715" lon="-83.67970000000003"><ele>923.0282724034041</ele></trkpt><trkpt lat="35.2872" lon="-83.67953999999997"><ele>924.6312039634627</ele></trkpt><trkpt lat="35.28726" lon="-83.67948999999999"><ele>924.5034232628341</ele></trkpt><trkpt lat="35.28754" lon="-83.67935999999997"><ele>925.6525653321296</ele></trkpt><trkpt lat="35.28794" lon="-83.67924"><ele>924.7338773328811</ele></trkpt><trkpt lat="35.28808" lon="-83.67924"><ele>917.6085407026112</ele></trkpt><trkpt lat="35.28843" lon="-83.67941000000002"><ele>917.5481908489019</ele></trkpt><trkpt lat="35.28864" lon="-83.6796"><ele>908.3149800859392</ele></trkpt><trkpt lat="35.28919" lon="-83.68016999999998"><ele>903.5749682011083</ele></trkpt><trkpt lat="35.2894" lon="-83.68027999999998"><ele>899.8101042227014</ele></trkpt><trkpt lat="35.28951" lon="-83.68031000000002"><ele>902.1989831142128</ele></trkpt><trkpt lat="35.29011" lon="-83.68024000000003"><ele>892.7020091172308</ele></trkpt><trkpt lat="35.29095" lon="-83.67997000000003"><ele>882.7543431129307</ele></trkpt><trkpt lat="35.29138" lon="-83.67975000000001"><ele>875.7327389966183</ele></trkpt><trkpt lat="35.29173" lon="-83.6798"><ele>871.4349612942349</ele></trkpt><trkpt lat="35.29187" lon="-83.67978"><ele>872.05179974303</ele></trkpt><trkpt lat="35.29203" lon="-83.67971999999997"><ele>874.0</ele></trkpt><trkpt lat="35.29209" lon="-83.67973999999998"><ele>874.0027644941961</ele></trkpt><trkpt lat="35.29222298267567" lon="-83.67980518758611"><ele>877.1470558475703</ele></trkpt><trkpt lat="35.2923188543805" lon="-83.67985218332501"><ele>878.2636880986392</ele></trkpt><trkpt lat="35.2926" lon="-83.67998999999998"><ele>881.0</ele></trkpt><trkpt lat="35.29279" lon="-83.68005"><ele>883.0</ele></trkpt><trkpt lat="35.29365" lon="-83.68020000000001"><ele>893.0</ele></trkpt><trkpt lat="35.29395" lon="-83.68029000000001"><ele>898.2789472527802</ele></trkpt><trkpt lat="35.2946" lon="-83.68052999999998"><ele>913.0</ele></trkpt><trkpt lat="35.29486" lon="-83.68065000000001"><ele>912.5553599996492</ele></trkpt><trkpt lat="35.29492" lon="-83.68072999999998"><ele>911.6644222587347</ele></trkpt><trkpt lat="35.29492" lon="-83.68078000000003"><ele>912.0</ele></trkpt><trkpt lat="35.29479" lon="-83.68105000000003"><ele>912.0</ele></trkpt><trkpt lat="35.29479" lon="-83.68115999999998"><ele>912.0</ele></trkpt><trkpt lat="35.29483" lon="-83.68135999999998"><ele>912.525535820052</ele></trkpt><trkpt lat="35.29509" lon="-83.68191999999999"><ele>919.7679372628696</ele></trkpt><trkpt lat="35.29516" lon="-83.68216000000001"><ele>923.0</ele></trkpt><trkpt lat="35.29517" lon="-83.68241"><ele>926.0</ele></trkpt><trkpt lat="35.29516" lon="-83.68290000000002"><ele>931.0</ele></trkpt><trkpt lat="35.29513" lon="-83.68315000000001"><ele>935.6244414052535</ele></trkpt><trkpt lat="35.29507" lon="-83.68331999999998"><ele>937.9041633817462</ele></trkpt><trkpt lat="35.2949" lon="-83.68358"><ele>940.9925368893892</ele></trkpt><trkpt lat="35.29465" lon="-83.68405000000001"><ele>948.0</ele></trkpt><trkpt lat="35.29464" lon="-83.68450999999999"><ele>949.0</ele></trkpt><trkpt lat="35.29471" lon="-83.68462"><ele>953.82381214727</ele></trkpt><trkpt lat="35.29486" lon="-83.68471999999997"><ele>957.3301727754634</ele></trkpt><trkpt lat="35.29553" lon="-83.68501000000003"><ele>967.6353671131656</ele></trkpt><trkpt lat="35.29609" lon="-83.68520000000001"><ele>974.0</ele></trkpt><trkpt lat="35.29673" lon="-83.68531000000002"><ele>990.6163804447278</ele></trkpt><trkpt lat="35.29706" lon="-83.68529999999998"><ele>998.0</ele></trkpt><trkpt lat="35.29771" lon="-83.68498999999997"><ele>1010.6841250747659</ele></trkpt><trkpt lat="35.29848" lon="-83.68495999999999"><ele>1025.9405141342431</ele></trkpt><trkpt lat="35.29866" lon="-83.68486000000001"><ele>1030.218756267801</ele></trkpt><trkpt lat="35.29885" lon="-83.68474000000003"><ele>1033.056023982815</ele></trkpt><trkpt lat="35.29899" lon="-83.68459999999999"><ele>1033.0293876193884</ele></trkpt><trkpt lat="35.29944" lon="-83.68402000000003"><ele>1048.2560928147286</ele></trkpt><trkpt lat="35.29944" lon="-83.68402000000003"><ele>1048.2560928147286</ele></trkpt><trkpt lat="35.29967" lon="-83.68378000000001"><ele>1052.204751400277</ele></trkpt><trkpt lat="35.29985" lon="-83.68363999999997"><ele>1053.9586717868224</ele></trkpt><trkpt lat="35.30003" lon="-83.68357000000003"><ele>1058.2652977860243</ele></trkpt><trkpt lat="35.30056" lon="-83.68356"><ele>1066.0430968846267</ele></trkpt><trkpt lat="35.30126" lon="-83.68331999999998"><ele>1084.5996544965801</ele></trkpt><trkpt lat="35.30149" lon="-83.68327"><ele>1084.5454897778109</ele></trkpt><trkpt lat="35.30261" lon="-83.68336"><ele>1099.9649681970477</ele></trkpt><trkpt lat="35.30285" lon="-83.68351999999999"><ele>1102.5819756327028</ele></trkpt><trkpt lat="35.30295" lon="-83.68353000000002"><ele>1104.5792780706945</ele></trkpt><trkpt lat="35.30304" lon="-83.68349999999998"><ele>1109.9236569665372</ele></trkpt><trkpt lat="35.30309" lon="-83.68345"><ele>1112.1849210113287</ele></trkpt><trkpt lat="35.30314" lon="-83.68330000000003"><ele>1111.096557523124</ele></trkpt><trkpt lat="35.30316" lon="-83.68312000000003"><ele>1116.1822401788086</ele></trkpt><trkpt lat="35.30323" lon="-83.68295999999998"><ele>1120.1795628070831</ele></trkpt><trkpt lat="35.30339" lon="-83.68272999999999"><ele>1132.6959790065885</ele></trkpt><trkpt lat="35.30357" lon="-83.68254000000002"><ele>1135.5951790492982</ele></trkpt><trkpt lat="35.30387" lon="-83.68228999999997"><ele>1148.6008524512872</ele></trkpt><trkpt lat="35.30424" lon="-83.68207000000001"><ele>1155.531702758296</ele></trkpt><trkpt lat="35.30443" lon="-83.68191000000002"><ele>1155.116355790467</ele></trkpt><trkpt lat="35.30457" lon="-83.68173999999999"><ele>1157.7576782228425</ele></trkpt><trkpt lat="35.30493" lon="-83.68168000000003"><ele>1164.1431559984576</ele></trkpt><trkpt lat="35.30507" lon="-83.68171000000001"><ele>1167.253283508122</ele></trkpt><trkpt lat="35.30528" lon="-83.68204000000003"><ele>1173.2455448620021</ele></trkpt><trkpt lat="35.30539" lon="-83.68216000000001"><ele>1173.5272179935127</ele></trkpt><trkpt lat="35.30589" lon="-83.68248"><ele>1182.7288213334978</ele></trkpt><trkpt lat="35.30598" lon="-83.68263999999999"><ele>1188.3299487497438</ele></trkpt><trkpt lat="35.30616" lon="-83.68281999999999"><ele>1192.0748007241637</ele></trkpt><trkpt lat="35.30672" lon="-83.68365"><ele>1211.2547733336687</ele></trkpt><trkpt lat="35.30687" lon="-83.68381999999997"><ele>1212.1693482624737</ele></trkpt><trkpt lat="35.30735" lon="-83.68464"><ele>1218.1790579774784</ele></trkpt><trkpt lat="35.30749" lon="-83.68477000000001"><ele>1223.2481872957987</ele></trkpt><trkpt lat="35.3079" lon="-83.68498"><ele>1231.968182322131</ele></trkpt><trkpt lat="35.30808" lon="-83.68511999999998"><ele>1233.0346282843152</ele></trkpt><trkpt lat="35.30834034584948" lon="-83.68546910011634"><ele>1233.0132069475949</ele></trkpt><trkpt lat="35.30836623818812" lon="-83.68550381902384"><ele>1233.8428714601323</ele></trkpt><trkpt lat="35.30852" lon="-83.68570999999997"><ele>1237.0152192777023</ele></trkpt><trkpt lat="35.30871" lon="-83.68576000000002"><ele>1238.824199108407</ele></trkpt><trkpt lat="35.30895" lon="-83.68574999999998"><ele>1245.7077475143597</ele></trkpt><trkpt lat="35.30904" lon="-83.68578000000002"><ele>1249.4494294468313</ele></trkpt><trkpt lat="35.30931" lon="-83.68596000000002"><ele>1255.035543964867</ele></trkpt><trkpt lat="35.30972" lon="-83.68599"><ele>1258.2504076259668</ele></trkpt><trkpt lat="35.3104" lon="-83.68646000000001"><ele>1258.4276646841317</ele></trkpt><trkpt lat="35.31092" lon="-83.68671999999998"><ele>1254.3457137793303</ele></trkpt><trkpt lat="35.31116" lon="-83.68675000000002"><ele>1255.2861583433248</ele></trkpt><trkpt lat="35.31143" lon="-83.68671"><ele>1260.1388906668872</ele></trkpt><trkpt lat="35.31268" lon="-83.68603000000002"><ele>1270.8291875552386</ele></trkpt><trkpt lat="35.31306" lon="-83.68563"><ele>1278.7076230961632</ele></trkpt><trkpt lat="35.31325" lon="-83.68536"><ele>1283.6181360689393</ele></trkpt><trkpt lat="35.31338" lon="-83.68522999999999"><ele>1285.1311398230785</ele></trkpt><trkpt lat="35.31351" lon="-83.68513999999999"><ele>1288.0536986570805</ele></trkpt><trkpt lat="35.31363" lon="-83.68511000000001"><ele>1290.8102222038433</ele></trkpt><trkpt lat="35.31375" lon="-83.68513999999999"><ele>1292.2655630148947</ele></trkpt><trkpt lat="35.31392" lon="-83.68522999999999"><ele>1293.1118897786364</ele></trkpt><trkpt lat="35.3144" lon="-83.68540000000002"><ele>1291.3786311093718</ele></trkpt><trkpt lat="35.31498" lon="-83.68565000000001"><ele>1295.0</ele></trkpt><trkpt lat="35.31553" lon="-83.68574000000001"><ele>1297.0</ele></trkpt><trkpt lat="35.31564" lon="-83.68573000000004"><ele>1298.1712793226945</ele></trkpt><trkpt lat="35.3167" lon="-83.68529000000001"><ele>1314.1273324359208</ele></trkpt><trkpt lat="35.31694" lon="-83.68516999999997"><ele>1316.3204233704396</ele></trkpt><trkpt lat="35.3172" lon="-83.68507"><ele>1319.0</ele></trkpt><trkpt lat="35.31737" lon="-83.68504999999999"><ele>1321.0</ele></trkpt><trkpt lat="35.31737" lon="-83.68504999999999"><ele>1321.0</ele></trkpt><trkpt lat="35.3176" lon="-83.68502000000001"><ele>1325.085788668074</ele></trkpt><trkpt lat="35.31787" lon="-83.68504000000001"><ele>1330.0089377736863</ele></trkpt><trkpt lat="35.31787" lon="-83.68504000000001"><ele>1330.0089377736863</ele></trkpt><trkpt lat="35.31801" lon="-83.68506000000002"><ele>1333.9655360011384</ele></trkpt><trkpt lat="35.31814" lon="-83.68513000000002"><ele>1337.7591563872866</ele></trkpt><trkpt lat="35.31832" lon="-83.68534"><ele>1346.0144817782566</ele></trkpt><trkpt lat="35.31873" lon="-83.68606999999997"><ele>1375.0214512999755</ele></trkpt><trkpt lat="35.31876" lon="-83.68621000000002"><ele>1377.9560946761248</ele></trkpt><trkpt lat="35.31879" lon="-83.68660999999997"><ele>1388.0375198197116</ele></trkpt><trkpt lat="35.31885" lon="-83.68677000000002"><ele>1390.9177342233245</ele></trkpt><trkpt lat="35.31897" lon="-83.68700000000001"><ele>1394.3760888893157</ele></trkpt><trkpt lat="35.31907" lon="-83.68705"><ele>1396.5689068794875</ele></trkpt><trkpt lat="35.31911" lon="-83.68703"><ele>1397.7945483850722</ele></trkpt><trkpt lat="35.31922" lon="-83.68686000000002"><ele>1400.3729035351425</ele></trkpt><trkpt lat="35.31956" lon="-83.68646000000001"><ele>1412.7923582680523</ele></trkpt><trkpt lat="35.31987" lon="-83.68601999999998"><ele>1427.0</ele></trkpt><trkpt lat="35.32" lon="-83.68587000000002"><ele>1429.978152819362</ele></trkpt><trkpt lat="35.32005" lon="-83.68585000000002"><ele>1430.9519462707951</ele></trkpt><trkpt lat="35.32016" lon="-83.68587000000002"><ele>1433.0</ele></trkpt><trkpt lat="35.32033" lon="-83.68614000000002"><ele>1438.0</ele></trkpt><trkpt lat="35.32046" lon="-83.68626999999998"><ele>1441.0</ele></trkpt><trkpt lat="35.32063" lon="-83.68633"><ele>1443.1518257781863</ele></trkpt><trkpt lat="35.32086" lon="-83.68633999999997"><ele>1444.617859554477</ele></trkpt><trkpt lat="35.3212" lon="-83.68623000000002"><ele>1443.4914880013093</ele></trkpt><trkpt lat="35.32137" lon="-83.68621999999999"><ele>1445.0254542212933</ele></trkpt><trkpt lat="35.32176" lon="-83.68621999999999"><ele>1445.5618177681977</ele></trkpt><trkpt lat="35.32212" lon="-83.68628999999999"><ele>1445.2876906655729</ele></trkpt><trkpt lat="35.32228" lon="-83.68628000000001"><ele>1445.8759826390612</ele></trkpt><trkpt lat="35.32239" lon="-83.68619999999999"><ele>1446.906613334082</ele></trkpt><trkpt lat="35.3225" lon="-83.68606999999997"><ele>1449.9650524463505</ele></trkpt><trkpt lat="35.32263" lon="-83.68588"><ele>1454.8453532915585</ele></trkpt><trkpt lat="35.32287" lon="-83.68558000000002"><ele>1465.0</ele></trkpt><trkpt lat="35.32318" lon="-83.68484000000001"><ele>1471.2702909791842</ele></trkpt><trkpt lat="35.32329030199795" lon="-83.68471499106897"><ele>1473.857811383903</ele></trkpt><trkpt lat="35.323322049384494" lon="-83.68467901070551"><ele>1474.6711843144149</ele></trkpt><trkpt lat="35.32333" lon="-83.68466999999998"><ele>1475.1253141202033</ele></trkpt><trkpt lat="35.32376" lon="-83.68401"><ele>1485.0</ele></trkpt><trkpt lat="35.32383" lon="-83.68380000000002"><ele>1487.0</ele></trkpt><trkpt lat="35.32389" lon="-83.68378000000001"><ele>1489.1119677443057</ele></trkpt><trkpt lat="35.32392" lon="-83.68381"><ele>1489.875907560102</ele></trkpt><trkpt lat="35.32406" lon="-83.68426999999997"><ele>1497.8487075639555</ele></trkpt><trkpt lat="35.32413" lon="-83.68426999999997"><ele>1500.0</ele></trkpt><trkpt lat="35.32422" lon="-83.68411000000003"><ele>1500.6655683382367</ele></trkpt><trkpt lat="35.32430009192716" lon="-83.68408597242183"><ele>1500.0</ele></trkpt><trkpt lat="35.32432167972138" lon="-83.68408013584258"><ele>1499.7687988729945</ele></trkpt><trkpt lat="35.32432" lon="-83.68408"><ele>1499.801898201094</ele></trkpt><trkpt lat="35.32432" lon="-83.68408"><ele>1499.801898201094</ele></trkpt><trkpt lat="35.32432" lon="-83.68408"><ele>1499.801898201094</ele></trkpt><trkpt lat="35.32429" lon="-83.68348000000003"><ele>1503.9866167342225</ele></trkpt><trkpt lat="35.3243" lon="-83.68317000000002"><ele>1507.5309082027525</ele></trkpt><trkpt lat="35.32438" lon="-83.68281999999999"><ele>1515.0</ele></trkpt><trkpt lat="35.32451" lon="-83.68243999999999"><ele>1527.5260212626308</ele></trkpt><trkpt lat="35.32489" lon="-83.68180000000001"><ele>1537.9614755548537</ele></trkpt><trkpt lat="35.32518" lon="-83.6816"><ele>1538.7104906039767</ele></trkpt><trkpt lat="35.32541" lon="-83.68117999999998"><ele>1541.0</ele></trkpt><trkpt lat="35.32544" lon="-83.68106"><ele>1541.647610751912</ele></trkpt><trkpt lat="35.32545869731099" lon="-83.68103818647052"><ele>1541.8678826937205</ele></trkpt><trkpt lat="35.325320780169" lon="-83.68086378080875"><ele>1537.3414195781488</ele></trkpt></trkseg></trk></gpx>