<?xml version="1.0"?>
<gpx xmlns="http://www.topografix.com/GPX/1/1" xmlns:gpxx="http://www.garmin.com/xmlschemas/GpxExtensions/v3" creator="CALTOPO" version="1.1"><metadata><name><![CDATA[Matt's Roadwalk Part 1]]></name></metadata><trk><name>Matt's Roadwalk Part 1</name><extensions><gpxx:TrackExtension><gpxx:DisplayColor>Red</gpxx:DisplayColor></gpxx:TrackExtension></extensions><trkseg><trkpt lat="34.86354590877202" lon="-83.09817969482428"><ele>533.0</ele></trkpt><trkpt lat="34.863827610011064" lon="-83.09852301757819"><ele>531.0</ele></trkpt><trkpt lat="34.863751785446674" lon="-83.09852606152293"><ele>530.0</ele></trkpt><trkpt lat="34.86376" lon="-83.09883"><ele>531.0</ele></trkpt><trkpt lat="34.86347" lon="-83.09932"><ele>527.0</ele></trkpt><trkpt lat="34.86345" lon="-83.09963"><ele>526.0</ele></trkpt><trkpt lat="34.8635" lon="-83.1002"><ele>524.0</ele></trkpt><trkpt lat="34.86364" lon="-83.10059"><ele>524.0</ele></trkpt><trkpt lat="34.86364" lon="-83.10059"><ele>524.0</ele></trkpt><trkpt lat="34.8637" lon="-83.10073"><ele>523.0</ele></trkpt><trkpt lat="34.86371" lon="-83.10115"><ele>523.0</ele></trkpt><trkpt lat="34.86366" lon="-83.10173"><ele>521.0</ele></trkpt><trkpt lat="34.86366" lon="-83.10173"><ele>521.0</ele></trkpt><trkpt lat="34.86366" lon="-83.10173"><ele>521.0</ele></trkpt><trkpt lat="34.86361" lon="-83.10208"><ele>519.0</ele></trkpt><trkpt lat="34.86354" lon="-83.10225"><ele>519.0</ele></trkpt><trkpt lat="34.863181749872815" lon="-83.10259267403468"><ele>516.0</ele></trkpt><trkpt lat="34.863181749872815" lon="-83.10259267403468"><ele>516.0</ele></trkpt><trkpt lat="34.86308" lon="-83.10269"><ele>516.0</ele></trkpt><trkpt lat="34.86302" lon="-83.10292"><ele>516.0</ele></trkpt><trkpt lat="34.86312" lon="-83.1032"><ele>517.0</ele></trkpt><trkpt lat="34.86335" lon="-83.10353"><ele>519.0</ele></trkpt><trkpt lat="34.8635" lon="-83.10357"><ele>521.0</ele></trkpt><trkpt lat="34.86363" lon="-83.10352"><ele>522.0</ele></trkpt><trkpt lat="34.86377" lon="-83.10355"><ele>524.0</ele></trkpt><trkpt lat="34.86387" lon="-83.1037"><ele>525.0</ele></trkpt><trkpt lat="34.86398" lon="-83.10395"><ele>526.0</ele></trkpt><trkpt lat="34.86399" lon="-83.10409"><ele>526.0</ele></trkpt><trkpt lat="34.8639" lon="-83.10443"><ele>528.0</ele></trkpt><trkpt lat="34.86367" lon="-83.10489"><ele>531.0</ele></trkpt><trkpt lat="34.86363" lon="-83.10512"><ele>532.0</ele></trkpt><trkpt lat="34.86384" lon="-83.10539"><ele>533.0</ele></trkpt><trkpt lat="34.86384" lon="-83.10539"><ele>533.0</ele></trkpt><trkpt lat="34.86384" lon="-83.10539"><ele>533.0</ele></trkpt><trkpt lat="34.86388240379473" lon="-83.10545784607157"><ele>534.0</ele></trkpt><trkpt lat="34.86388240379473" lon="-83.10545784607157"><ele>534.0</ele></trkpt><trkpt lat="34.86409" lon="-83.10579"><ele>534.0</ele></trkpt><trkpt lat="34.86413" lon="-83.10595"><ele>534.0</ele></trkpt><trkpt lat="34.86424" lon="-83.10606"><ele>534.0</ele></trkpt><trkpt lat="34.86424" lon="-83.10606"><ele>534.0</ele></trkpt><trkpt lat="34.86424" lon="-83.10606"><ele>534.0</ele></trkpt><trkpt lat="34.86456" lon="-83.10626"><ele>532.0</ele></trkpt><trkpt lat="34.864669712356346" lon="-83.10630114213363"><ele>532.0</ele></trkpt><trkpt lat="34.86467" lon="-83.1063"><ele>532.0</ele></trkpt><trkpt lat="34.86477" lon="-83.10624"><ele>531.0</ele></trkpt><trkpt lat="34.86504421440228" lon="-83.10619577187059"><ele>531.0</ele></trkpt><trkpt lat="34.86508" lon="-83.10619"><ele>531.0</ele></trkpt><trkpt lat="34.86535" lon="-83.10614"><ele>531.0</ele></trkpt><trkpt lat="34.86544" lon="-83.10616"><ele>531.0</ele></trkpt><trkpt lat="34.86554" lon="-83.10625"><ele>532.0</ele></trkpt><trkpt lat="34.86554" lon="-83.10625"><ele>532.0</ele></trkpt><trkpt lat="34.86554" lon="-83.10625"><ele>532.0</ele></trkpt><trkpt lat="34.86581" lon="-83.10632"><ele>534.0</ele></trkpt><trkpt lat="34.86589" lon="-83.10632"><ele>535.0</ele></trkpt><trkpt lat="34.86589" lon="-83.10632"><ele>535.0</ele></trkpt><trkpt lat="34.86589" lon="-83.10632"><ele>535.0</ele></trkpt><trkpt lat="34.86643" lon="-83.10608"><ele>541.0</ele></trkpt><trkpt lat="34.86679" lon="-83.10598"><ele>544.0</ele></trkpt><trkpt lat="34.86679" lon="-83.10598"><ele>544.0</ele></trkpt><trkpt lat="34.86685" lon="-83.10596"><ele>545.0</ele></trkpt><trkpt lat="34.86716" lon="-83.10602"><ele>547.0</ele></trkpt><trkpt lat="34.86736" lon="-83.10614"><ele>547.0</ele></trkpt><trkpt lat="34.86742170143857" lon="-83.1062788282368"><ele>547.0</ele></trkpt><trkpt lat="34.86742170143857" lon="-83.1062788282368"><ele>547.0</ele></trkpt><trkpt lat="34.86744" lon="-83.10632"><ele>547.0</ele></trkpt><trkpt lat="34.86745" lon="-83.10661"><ele>547.0</ele></trkpt><trkpt lat="34.86743352415809" lon="-83.10663422917928"><ele>547.0</ele></trkpt><trkpt lat="34.86743352415809" lon="-83.10663422917928"><ele>547.0</ele></trkpt><trkpt lat="34.86728" lon="-83.10686"><ele>545.0</ele></trkpt><trkpt lat="34.86716" lon="-83.10732"><ele>541.0</ele></trkpt><trkpt lat="34.86707" lon="-83.10785"><ele>537.0</ele></trkpt><trkpt lat="34.86707" lon="-83.10785"><ele>537.0</ele></trkpt><trkpt lat="34.8668" lon="-83.10787"><ele>535.0</ele></trkpt><trkpt lat="34.86657" lon="-83.10795"><ele>533.0</ele></trkpt><trkpt lat="34.86640690426088" lon="-83.10802675093606"><ele>532.0</ele></trkpt><trkpt lat="34.866404593098714" lon="-83.10802783854395"><ele>532.0</ele></trkpt><trkpt lat="34.8664" lon="-83.10803"><ele>532.0</ele></trkpt><trkpt lat="34.86597" lon="-83.10841"><ele>530.0</ele></trkpt><trkpt lat="34.86577" lon="-83.10871"><ele>530.0</ele></trkpt><trkpt lat="34.86562" lon="-83.10905"><ele>530.0</ele></trkpt><trkpt lat="34.86557" lon="-83.10922"><ele>530.0</ele></trkpt><trkpt lat="34.86551" lon="-83.1096"><ele>530.0</ele></trkpt><trkpt lat="34.86549" lon="-83.11017"><ele>529.0</ele></trkpt><trkpt lat="34.86543" lon="-83.11063"><ele>529.0</ele></trkpt><trkpt lat="34.86543" lon="-83.11063"><ele>529.0</ele></trkpt><trkpt lat="34.86543" lon="-83.11063"><ele>529.0</ele></trkpt><trkpt lat="34.86526" lon="-83.11111"><ele>529.0</ele></trkpt><trkpt lat="34.86508" lon="-83.11145"><ele>532.0</ele></trkpt><trkpt lat="34.86441" lon="-83.1125"><ele>542.0</ele></trkpt><trkpt lat="34.8638" lon="-83.11337"><ele>539.0</ele></trkpt><trkpt lat="34.86362" lon="-83.11375"><ele>537.0</ele></trkpt><trkpt lat="34.86358892245464" lon="-83.11388318948012"><ele>536.0</ele></trkpt><trkpt lat="34.86358892245464" lon="-83.11388318948012"><ele>536.0</ele></trkpt><trkpt lat="34.86355" lon="-83.11405"><ele>536.0</ele></trkpt><trkpt lat="34.86351" lon="-83.11433"><ele>536.0</ele></trkpt><trkpt lat="34.86337" lon="-83.116"><ele>530.0</ele></trkpt><trkpt lat="34.86324" lon="-83.11666"><ele>531.0</ele></trkpt><trkpt lat="34.863083791851395" lon="-83.11719735603118"><ele>535.0</ele></trkpt><trkpt lat="34.863083791851395" lon="-83.11719735603118"><ele>535.0</ele></trkpt><trkpt lat="34.86265516662714" lon="-83.11867182680261"><ele>539.0</ele></trkpt><trkpt lat="34.862649897995226" lon="-83.11868995089641"><ele>539.0</ele></trkpt><trkpt lat="34.86233528181466" lon="-83.11977223055756"><ele>539.0</ele></trkpt><trkpt lat="34.86233528181466" lon="-83.11977223055756"><ele>539.0</ele></trkpt><trkpt lat="34.86224" lon="-83.1201"><ele>539.0</ele></trkpt><trkpt lat="34.86208" lon="-83.12055"><ele>536.0</ele></trkpt><trkpt lat="34.86193" lon="-83.12083"><ele>534.0</ele></trkpt><trkpt lat="34.86151" lon="-83.12128"><ele>534.0</ele></trkpt><trkpt lat="34.860207549773286" lon="-83.12244582957356"><ele>542.0</ele></trkpt><trkpt lat="34.860207549773286" lon="-83.12244582957356"><ele>542.0</ele></trkpt><trkpt lat="34.86008" lon="-83.12256"><ele>542.0</ele></trkpt><trkpt lat="34.86008" lon="-83.12256"><ele>542.0</ele></trkpt><trkpt lat="34.859803900429156" lon="-83.1228163074869"><ele>543.0</ele></trkpt><trkpt lat="34.859803900429156" lon="-83.1228163074869"><ele>543.0</ele></trkpt><trkpt lat="34.85917582784106" lon="-83.12339935695042"><ele>546.0</ele></trkpt><trkpt lat="34.85917582784106" lon="-83.12339935695042"><ele>546.0</ele></trkpt><trkpt lat="34.858782683258006" lon="-83.12376431912608"><ele>546.0</ele></trkpt><trkpt lat="34.858782683258006" lon="-83.12376431912608"><ele>546.0</ele></trkpt><trkpt lat="34.85768317856571" lon="-83.12478500627772"><ele>540.0</ele></trkpt><trkpt lat="34.85768317856571" lon="-83.12478500627772"><ele>540.0</ele></trkpt><trkpt lat="34.85746086861343" lon="-83.1249913800327"><ele>539.0</ele></trkpt><trkpt lat="34.85746086861343" lon="-83.1249913800327"><ele>539.0</ele></trkpt><trkpt lat="34.85729" lon="-83.12515"><ele>539.0</ele></trkpt><trkpt lat="34.85681" lon="-83.12549"><ele>537.0</ele></trkpt><trkpt lat="34.85599873662271" lon="-83.12587604946918"><ele>538.0</ele></trkpt><trkpt lat="34.85599873662271" lon="-83.12587604946918"><ele>538.0</ele></trkpt><trkpt lat="34.85536" lon="-83.12618"><ele>536.0</ele></trkpt><trkpt lat="34.85304124664966" lon="-83.12723397879562"><ele>522.0</ele></trkpt><trkpt lat="34.85304124664966" lon="-83.12723397879562"><ele>522.0</ele></trkpt><trkpt lat="34.85284417714425" lon="-83.12732355584353"><ele>522.0</ele></trkpt><trkpt lat="34.85284417714425" lon="-83.12732355584353"><ele>522.0</ele></trkpt><trkpt lat="34.85151" lon="-83.12793"><ele>518.0</ele></trkpt><trkpt lat="34.85081918872429" lon="-83.12814614340529"><ele>518.0</ele></trkpt><trkpt lat="34.85081918872429" lon="-83.12814614340529"><ele>518.0</ele></trkpt><trkpt lat="34.8502207240881" lon="-83.12833339307673"><ele>519.0</ele></trkpt><trkpt lat="34.8502207240881" lon="-83.12833339307673"><ele>519.0</ele></trkpt><trkpt lat="34.84988" lon="-83.12844"><ele>521.0</ele></trkpt><trkpt lat="34.84988" lon="-83.12844"><ele>521.0</ele></trkpt><trkpt lat="34.8488273743054" lon="-83.12876290691598"><ele>525.0</ele></trkpt><trkpt lat="34.848799473976946" lon="-83.12877146571239"><ele>525.0</ele></trkpt><trkpt lat="34.848410182822846" lon="-83.12889088594565"><ele>524.0</ele></trkpt><trkpt lat="34.848410182822846" lon="-83.12889088594565"><ele>524.0</ele></trkpt><trkpt lat="34.84574" lon="-83.12971"><ele>510.0</ele></trkpt><trkpt lat="34.84574" lon="-83.12971"><ele>510.0</ele></trkpt><trkpt lat="34.84574" lon="-83.12971"><ele>510.0</ele></trkpt><trkpt lat="34.84562031711821" lon="-83.1297611145641"><ele>510.0</ele></trkpt><trkpt lat="34.84562031711821" lon="-83.1297611145641"><ele>510.0</ele></trkpt><trkpt lat="34.84382" lon="-83.13053"><ele>512.0</ele></trkpt><trkpt lat="34.84209" lon="-83.13114"><ele>511.0</ele></trkpt><trkpt lat="34.84209" lon="-83.13114"><ele>511.0</ele></trkpt><trkpt lat="34.84201" lon="-83.13135"><ele>511.0</ele></trkpt><trkpt lat="34.84200968087109" lon="-83.13135176911473"><ele>511.0</ele></trkpt><trkpt lat="34.84208" lon="-83.13137"><ele>511.0</ele></trkpt><trkpt lat="34.84233" lon="-83.13153"><ele>510.0</ele></trkpt><trkpt lat="34.8425" lon="-83.13167"><ele>509.0</ele></trkpt><trkpt lat="34.84267151154245" lon="-83.13189026900434"><ele>508.0</ele></trkpt><trkpt lat="34.84267151154245" lon="-83.13189026900434"><ele>508.0</ele></trkpt><trkpt lat="34.84292502614003" lon="-83.13221585296914"><ele>507.0</ele></trkpt><trkpt lat="34.84292502614003" lon="-83.13221585296914"><ele>507.0</ele></trkpt><trkpt lat="34.84452708884235" lon="-83.13427335155673"><ele>501.0</ele></trkpt><trkpt lat="34.84452708884235" lon="-83.13427335155673"><ele>501.0</ele></trkpt><trkpt lat="34.84490790198251" lon="-83.134762422613"><ele>499.0</ele></trkpt><trkpt lat="34.84490790198251" lon="-83.134762422613"><ele>499.0</ele></trkpt><trkpt lat="34.845323384566925" lon="-83.13529601897558"><ele>497.0</ele></trkpt><trkpt lat="34.845323384566925" lon="-83.13529601897558"><ele>497.0</ele></trkpt><trkpt lat="34.84549" lon="-83.13551"><ele>497.0</ele></trkpt><trkpt lat="34.84598" lon="-83.13613"><ele>496.0</ele></trkpt><trkpt lat="34.8462" lon="-83.13635"><ele>496.0</ele></trkpt><trkpt lat="34.84649" lon="-83.13656"><ele>495.0</ele></trkpt><trkpt lat="34.84667" lon="-83.13665"><ele>495.0</ele></trkpt><trkpt lat="34.846761300827886" lon="-83.13668729972846"><ele>494.0</ele></trkpt><trkpt lat="34.847164178519776" lon="-83.1368142334748"><ele>494.0</ele></trkpt><trkpt lat="34.84715486433107" lon="-83.1368480841546"><ele>494.0</ele></trkpt><trkpt lat="34.84770622206456" lon="-83.13707333462393"><ele>493.0</ele></trkpt><trkpt lat="34.84770622206456" lon="-83.13707333462393"><ele>493.0</ele></trkpt><trkpt lat="34.84809172360665" lon="-83.1372308261076"><ele>492.0</ele></trkpt><trkpt lat="34.84811775674315" lon="-83.13724146159629"><ele>492.0</ele></trkpt><trkpt lat="34.84831" lon="-83.13732"><ele>491.0</ele></trkpt><trkpt lat="34.84851" lon="-83.13751"><ele>490.0</ele></trkpt><trkpt lat="34.84875" lon="-83.13786"><ele>488.0</ele></trkpt><trkpt lat="34.84895" lon="-83.13803"><ele>487.0</ele></trkpt><trkpt lat="34.84906" lon="-83.13807"><ele>486.0</ele></trkpt><trkpt lat="34.84988" lon="-83.13819"><ele>484.0</ele></trkpt><trkpt lat="34.84988" lon="-83.13819"><ele>484.0</ele></trkpt><trkpt lat="34.85004" lon="-83.13823"><ele>483.0</ele></trkpt><trkpt lat="34.85029" lon="-83.13835"><ele>482.0</ele></trkpt><trkpt lat="34.85067" lon="-83.13872"><ele>480.0</ele></trkpt><trkpt lat="34.85082680824656" lon="-83.13890407924596"><ele>480.0</ele></trkpt><trkpt lat="34.85082680824656" lon="-83.13890407924596"><ele>480.0</ele></trkpt><trkpt lat="34.85113" lon="-83.13926"><ele>479.0</ele></trkpt><trkpt lat="34.8515" lon="-83.13985"><ele>478.0</ele></trkpt><trkpt lat="34.851672815964875" lon="-83.14022443459058"><ele>478.0</ele></trkpt><trkpt lat="34.85168477860452" lon="-83.14025035364314"><ele>478.0</ele></trkpt><trkpt lat="34.8518" lon="-83.1405"><ele>478.0</ele></trkpt><trkpt lat="34.8523" lon="-83.14235"><ele>476.0</ele></trkpt><trkpt lat="34.85246" lon="-83.14283"><ele>476.0</ele></trkpt><trkpt lat="34.85246" lon="-83.14283"><ele>476.0</ele></trkpt><trkpt lat="34.85253" lon="-83.14299"><ele>476.0</ele></trkpt><trkpt lat="34.85253" lon="-83.14299"><ele>476.0</ele></trkpt><trkpt lat="34.85282" lon="-83.14353"><ele>477.0</ele></trkpt><trkpt lat="34.85282" lon="-83.14353"><ele>477.0</ele></trkpt><trkpt lat="34.85282" lon="-83.14353"><ele>477.0</ele></trkpt><trkpt lat="34.85327" lon="-83.1441"><ele>478.0</ele></trkpt><trkpt lat="34.85348" lon="-83.14432"><ele>478.0</ele></trkpt><trkpt lat="34.85373" lon="-83.14453"><ele>478.0</ele></trkpt><trkpt lat="34.85373" lon="-83.14453"><ele>478.0</ele></trkpt><trkpt lat="34.854" lon="-83.14473"><ele>477.0</ele></trkpt><trkpt lat="34.85437255784528" lon="-83.14493247708982"><ele>477.0</ele></trkpt><trkpt lat="34.85437255784528" lon="-83.14493247708982"><ele>477.0</ele></trkpt><trkpt lat="34.85446" lon="-83.14498"><ele>477.0</ele></trkpt><trkpt lat="34.85446" lon="-83.14498"><ele>477.0</ele></trkpt><trkpt lat="34.85456" lon="-83.14505"><ele>477.0</ele></trkpt><trkpt lat="34.85456" lon="-83.14505"><ele>477.0</ele></trkpt><trkpt lat="34.854747758437206" lon="-83.14515672580657"><ele>477.0</ele></trkpt><trkpt lat="34.85475" lon="-83.14515"><ele>477.0</ele></trkpt><trkpt lat="34.85468" lon="-83.14536"><ele>475.0</ele></trkpt><trkpt lat="34.85468" lon="-83.14558"><ele>476.0</ele></trkpt><trkpt lat="34.85516" lon="-83.1463"><ele>482.0</ele></trkpt><trkpt lat="34.85573" lon="-83.14728"><ele>489.0</ele></trkpt><trkpt lat="34.85604" lon="-83.14823"><ele>491.0</ele></trkpt><trkpt lat="34.85618" lon="-83.14883"><ele>489.0</ele></trkpt><trkpt lat="34.85617" lon="-83.14898"><ele>488.0</ele></trkpt><trkpt lat="34.85609" lon="-83.14921"><ele>487.0</ele></trkpt><trkpt lat="34.85588" lon="-83.14947"><ele>484.0</ele></trkpt><trkpt lat="34.8557" lon="-83.14963"><ele>482.0</ele></trkpt><trkpt lat="34.85556" lon="-83.14982"><ele>480.0</ele></trkpt><trkpt lat="34.85532" lon="-83.15039"><ele>477.0</ele></trkpt><trkpt lat="34.85516" lon="-83.15068"><ele>479.0</ele></trkpt><trkpt lat="34.85512" lon="-83.15084"><ele>479.0</ele></trkpt><trkpt lat="34.8551" lon="-83.15109"><ele>482.0</ele></trkpt><trkpt lat="34.85521" lon="-83.15153"><ele>485.0</ele></trkpt><trkpt lat="34.85526" lon="-83.15214"><ele>492.0</ele></trkpt><trkpt lat="34.85536" lon="-83.15256"><ele>496.0</ele></trkpt><trkpt lat="34.85551" lon="-83.15298"><ele>499.0</ele></trkpt><trkpt lat="34.85556" lon="-83.15325"><ele>499.0</ele></trkpt><trkpt lat="34.85557" lon="-83.15354"><ele>500.0</ele></trkpt><trkpt lat="34.85555" lon="-83.15372"><ele>500.0</ele></trkpt><trkpt lat="34.85544" lon="-83.15404"><ele>501.0</ele></trkpt><trkpt lat="34.85542" lon="-83.15419"><ele>501.0</ele></trkpt><trkpt lat="34.85542" lon="-83.15419"><ele>501.0</ele></trkpt><trkpt lat="34.85449" lon="-83.15426"><ele>496.0</ele></trkpt><trkpt lat="34.85257" lon="-83.15422"><ele>484.0</ele></trkpt><trkpt lat="34.85237" lon="-83.15425"><ele>483.0</ele></trkpt><trkpt lat="34.85218" lon="-83.15433"><ele>482.0</ele></trkpt><trkpt lat="34.85203" lon="-83.15446"><ele>481.0</ele></trkpt><trkpt lat="34.85194" lon="-83.15457"><ele>481.0</ele></trkpt><trkpt lat="34.85185" lon="-83.15478"><ele>480.0</ele></trkpt><trkpt lat="34.85178" lon="-83.15503"><ele>479.0</ele></trkpt><trkpt lat="34.85159" lon="-83.156"><ele>474.0</ele></trkpt><trkpt lat="34.85145" lon="-83.1565"><ele>473.0</ele></trkpt><trkpt lat="34.85145" lon="-83.1565"><ele>473.0</ele></trkpt><trkpt lat="34.85139" lon="-83.1566"><ele>472.0</ele></trkpt><trkpt lat="34.85139" lon="-83.1566"><ele>472.0</ele></trkpt><trkpt lat="34.85117" lon="-83.15684"><ele>472.0</ele></trkpt><trkpt lat="34.85097" lon="-83.15694"><ele>472.0</ele></trkpt><trkpt lat="34.85077" lon="-83.15698"><ele>472.0</ele></trkpt><trkpt lat="34.850710090112095" lon="-83.15696922968307"><ele>472.0</ele></trkpt><trkpt lat="34.850710090112095" lon="-83.15696922968307"><ele>472.0</ele></trkpt><trkpt lat="34.84988" lon="-83.15682"><ele>474.0</ele></trkpt><trkpt lat="34.84988" lon="-83.15682"><ele>474.0</ele></trkpt><trkpt lat="34.84955" lon="-83.15676"><ele>476.0</ele></trkpt><trkpt lat="34.84936" lon="-83.15678"><ele>477.0</ele></trkpt><trkpt lat="34.8493" lon="-83.15683"><ele>478.0</ele></trkpt><trkpt lat="34.84926" lon="-83.15691"><ele>478.0</ele></trkpt><trkpt lat="34.84925" lon="-83.15702"><ele>479.0</ele></trkpt><trkpt lat="34.84988" lon="-83.15889"><ele>488.0</ele></trkpt><trkpt lat="34.84988" lon="-83.15889"><ele>488.0</ele></trkpt><trkpt lat="34.85118" lon="-83.16277"><ele>507.0</ele></trkpt><trkpt lat="34.85138" lon="-83.16317"><ele>510.0</ele></trkpt><trkpt lat="34.8514" lon="-83.1633"><ele>511.0</ele></trkpt><trkpt lat="34.8514" lon="-83.1633"><ele>511.0</ele></trkpt><trkpt lat="34.8514" lon="-83.1633"><ele>511.0</ele></trkpt><trkpt lat="34.85224" lon="-83.16381"><ele>515.0</ele></trkpt><trkpt lat="34.85309" lon="-83.16427"><ele>518.0</ele></trkpt><trkpt lat="34.85341" lon="-83.16452"><ele>518.0</ele></trkpt><trkpt lat="34.85369" lon="-83.16486"><ele>519.0</ele></trkpt><trkpt lat="34.85386" lon="-83.16514"><ele>520.0</ele></trkpt><trkpt lat="34.85454" lon="-83.1665"><ele>524.0</ele></trkpt><trkpt lat="34.85454" lon="-83.1665"><ele>524.0</ele></trkpt><trkpt lat="34.85481" lon="-83.16718"><ele>522.0</ele></trkpt><trkpt lat="34.85515" lon="-83.16826"><ele>522.0</ele></trkpt><trkpt lat="34.85524" lon="-83.16838"><ele>522.0</ele></trkpt><trkpt lat="34.85523279561815" lon="-83.16837039402621"><ele>522.0</ele></trkpt><trkpt lat="34.855" lon="-83.16894"><ele>522.0</ele></trkpt><trkpt lat="34.85468" lon="-83.16943"><ele>525.0</ele></trkpt><trkpt lat="34.85463200565308" lon="-83.1694936069658"><ele>525.0</ele></trkpt><trkpt lat="34.854626474266446" lon="-83.16950093787798"><ele>525.0</ele></trkpt><trkpt lat="34.8542581308006" lon="-83.16998910375824"><ele>528.0</ele></trkpt><trkpt lat="34.8542581308006" lon="-83.16998910375824"><ele>528.0</ele></trkpt><trkpt lat="34.854038792526595" lon="-83.17027979303705"><ele>529.0</ele></trkpt><trkpt lat="34.854038792526595" lon="-83.17027979303705"><ele>529.0</ele></trkpt><trkpt lat="34.85385" lon="-83.17053"><ele>529.0</ele></trkpt><trkpt lat="34.85369" lon="-83.17082"><ele>529.0</ele></trkpt><trkpt lat="34.85360334111483" lon="-83.17104195285896"><ele>528.0</ele></trkpt><trkpt lat="34.85360334111483" lon="-83.17104195285896"><ele>528.0</ele></trkpt><trkpt lat="34.853470893313684" lon="-83.17138118141087"><ele>526.0</ele></trkpt><trkpt lat="34.85345793362581" lon="-83.17141437408084"><ele>526.0</ele></trkpt><trkpt lat="34.85334840419828" lon="-83.17169490353298"><ele>525.0</ele></trkpt><trkpt lat="34.85334840419828" lon="-83.17169490353298"><ele>525.0</ele></trkpt><trkpt lat="34.85271" lon="-83.17333"><ele>522.0</ele></trkpt><trkpt lat="34.85219418640153" lon="-83.17470676717826"><ele>522.0</ele></trkpt><trkpt lat="34.8522" lon="-83.17471"><ele>522.0</ele></trkpt><trkpt lat="34.85228" lon="-83.17479"><ele>522.0</ele></trkpt><trkpt lat="34.85235" lon="-83.17495"><ele>521.0</ele></trkpt><trkpt lat="34.85237" lon="-83.17574"><ele>518.0</ele></trkpt><trkpt lat="34.85255" lon="-83.17819"><ele>515.0</ele></trkpt><trkpt lat="34.85265" lon="-83.17858"><ele>515.0</ele></trkpt><trkpt lat="34.85322" lon="-83.17934"><ele>514.0</ele></trkpt><trkpt lat="34.85381" lon="-83.18"><ele>515.0</ele></trkpt><trkpt lat="34.85472" lon="-83.18118"><ele>517.0</ele></trkpt><trkpt lat="34.8550358213761" lon="-83.18174515404144"><ele>520.0</ele></trkpt><trkpt lat="34.85503" lon="-83.18175"><ele>520.0</ele></trkpt><trkpt lat="34.85513" lon="-83.18171"><ele>520.0</ele></trkpt><trkpt lat="34.8554" lon="-83.18174"><ele>522.0</ele></trkpt><trkpt lat="34.85646" lon="-83.1817"><ele>521.0</ele></trkpt><trkpt lat="34.85646" lon="-83.1817"><ele>521.0</ele></trkpt><trkpt lat="34.85759" lon="-83.18182"><ele>521.0</ele></trkpt><trkpt lat="34.85783" lon="-83.18188"><ele>521.0</ele></trkpt><trkpt lat="34.85788804687069" lon="-83.18192042549924"><ele>522.0</ele></trkpt><trkpt lat="34.85797592455557" lon="-83.18183242958075"><ele>520.0</ele></trkpt><trkpt lat="34.85766" lon="-83.18275"><ele>536.0</ele></trkpt><trkpt lat="34.85797592455557" lon="-83.18202043914795"><ele>523.0</ele></trkpt><trkpt lat="34.857989644767905" lon="-83.18199118052864"><ele>522.0</ele></trkpt><trkpt lat="34.85783" lon="-83.18188"><ele>521.0</ele></trkpt><trkpt lat="34.85759" lon="-83.18182"><ele>521.0</ele></trkpt><trkpt lat="34.85646" lon="-83.1817"><ele>521.0</ele></trkpt><trkpt lat="34.85646" lon="-83.1817"><ele>521.0</ele></trkpt><trkpt lat="34.8554" lon="-83.18174"><ele>522.0</ele></trkpt><trkpt lat="34.85513" lon="-83.18171"><ele>520.0</ele></trkpt><trkpt lat="34.85503" lon="-83.18175"><ele>520.0</ele></trkpt><trkpt lat="34.8550358213761" lon="-83.18174515404144"><ele>520.0</ele></trkpt><trkpt lat="34.85472" lon="-83.18118"><ele>517.0</ele></trkpt><trkpt lat="34.85381" lon="-83.18"><ele>515.0</ele></trkpt><trkpt lat="34.85322" lon="-83.17934"><ele>514.0</ele></trkpt><trkpt lat="34.85265" lon="-83.17858"><ele>515.0</ele></trkpt><trkpt lat="34.85255" lon="-83.17819"><ele>515.0</ele></trkpt><trkpt lat="34.85237" lon="-83.17574"><ele>518.0</ele></trkpt><trkpt lat="34.85235" lon="-83.17495"><ele>521.0</ele></trkpt><trkpt lat="34.85228" lon="-83.17479"><ele>522.0</ele></trkpt><trkpt lat="34.8522" lon="-83.17471"><ele>522.0</ele></trkpt><trkpt lat="34.85219418640153" lon="-83.17470676717826"><ele>522.0</ele></trkpt><trkpt lat="34.85271" lon="-83.17333"><ele>522.0</ele></trkpt><trkpt lat="34.85334840419828" lon="-83.17169490353298"><ele>525.0</ele></trkpt><trkpt lat="34.85334840419828" lon="-83.17169490353298"><ele>525.0</ele></trkpt><trkpt lat="34.85345793362581" lon="-83.17141437408084"><ele>526.0</ele></trkpt><trkpt lat="34.853470893313684" lon="-83.17138118141087"><ele>526.0</ele></trkpt><trkpt lat="34.85360334111483" lon="-83.17104195285896"><ele>528.0</ele></trkpt><trkpt lat="34.85360334111483" lon="-83.17104195285896"><ele>528.0</ele></trkpt><trkpt lat="34.85369" lon="-83.17082"><ele>529.0</ele></trkpt><trkpt lat="34.85385" lon="-83.17053"><ele>529.0</ele></trkpt><trkpt lat="34.854038792526595" lon="-83.17027979303705"><ele>529.0</ele></trkpt><trkpt lat="34.854038792526595" lon="-83.17027979303705"><ele>529.0</ele></trkpt><trkpt lat="34.8542581308006" lon="-83.16998910375824"><ele>528.0</ele></trkpt><trkpt lat="34.8542581308006" lon="-83.16998910375824"><ele>528.0</ele></trkpt><trkpt lat="34.85468" lon="-83.16943"><ele>525.0</ele></trkpt><trkpt lat="34.855" lon="-83.16894"><ele>522.0</ele></trkpt><trkpt lat="34.85523279561815" lon="-83.16837039402621"><ele>522.0</ele></trkpt><trkpt lat="34.85523279561815" lon="-83.16837039402621"><ele>522.0</ele></trkpt><trkpt lat="34.85547" lon="-83.16779"><ele>522.0</ele></trkpt><trkpt lat="34.85562" lon="-83.16757"><ele>522.0</ele></trkpt><trkpt lat="34.85586" lon="-83.16741"><ele>522.0</ele></trkpt><trkpt lat="34.85621" lon="-83.16729"><ele>521.0</ele></trkpt><trkpt lat="34.85845" lon="-83.16682"><ele>511.0</ele></trkpt><trkpt lat="34.85887" lon="-83.16679"><ele>505.0</ele></trkpt><trkpt lat="34.85914" lon="-83.16686"><ele>501.0</ele></trkpt><trkpt lat="34.85939" lon="-83.16696"><ele>498.0</ele></trkpt><trkpt lat="34.85952" lon="-83.16705"><ele>496.0</ele></trkpt><trkpt lat="34.86074" lon="-83.16805"><ele>487.0</ele></trkpt><trkpt lat="34.86293" lon="-83.16962"><ele>507.0</ele></trkpt><trkpt lat="34.86317" lon="-83.16973"><ele>507.0</ele></trkpt><trkpt lat="34.86344" lon="-83.16973"><ele>507.0</ele></trkpt><trkpt lat="34.86352759241352" lon="-83.16969934265526"><ele>507.0</ele></trkpt><trkpt lat="34.86352759241352" lon="-83.16969934265526"><ele>507.0</ele></trkpt><trkpt lat="34.86364" lon="-83.16966"><ele>507.0</ele></trkpt><trkpt lat="34.86382" lon="-83.16951"><ele>506.0</ele></trkpt><trkpt lat="34.86396" lon="-83.16928"><ele>506.0</ele></trkpt><trkpt lat="34.86402" lon="-83.16912"><ele>506.0</ele></trkpt><trkpt lat="34.86443" lon="-83.1665"><ele>508.0</ele></trkpt><trkpt lat="34.86443" lon="-83.1665"><ele>508.0</ele></trkpt><trkpt lat="34.8646" lon="-83.16578"><ele>504.0</ele></trkpt><trkpt lat="34.86472" lon="-83.16541"><ele>501.0</ele></trkpt><trkpt lat="34.865332004292576" lon="-83.16391121397737"><ele>486.0</ele></trkpt><trkpt lat="34.865332004292576" lon="-83.16391121397737"><ele>486.0</ele></trkpt><trkpt lat="34.8657" lon="-83.16301"><ele>482.0</ele></trkpt><trkpt lat="34.8657" lon="-83.16301"><ele>482.0</ele></trkpt><trkpt lat="34.86581" lon="-83.16275"><ele>482.0</ele></trkpt><trkpt lat="34.86581" lon="-83.16275"><ele>482.0</ele></trkpt><trkpt lat="34.86603426661052" lon="-83.16207720016844"><ele>483.0</ele></trkpt><trkpt lat="34.86603426661052" lon="-83.16207720016844"><ele>483.0</ele></trkpt><trkpt lat="34.86615" lon="-83.16173"><ele>484.0</ele></trkpt><trkpt lat="34.86703" lon="-83.15836"><ele>498.0</ele></trkpt><trkpt lat="34.86723" lon="-83.15764"><ele>500.0</ele></trkpt><trkpt lat="34.86770726065616" lon="-83.15638353827256"><ele>502.0</ele></trkpt><trkpt lat="34.86777841157073" lon="-83.15622993185998"><ele>502.0</ele></trkpt><trkpt lat="34.8679" lon="-83.15598"><ele>502.0</ele></trkpt><trkpt lat="34.8679" lon="-83.15598"><ele>502.0</ele></trkpt><trkpt lat="34.8681" lon="-83.15569"><ele>502.0</ele></trkpt><trkpt lat="34.86841" lon="-83.15542"><ele>502.0</ele></trkpt><trkpt lat="34.86914" lon="-83.15488"><ele>504.0</ele></trkpt><trkpt lat="34.86953" lon="-83.15463"><ele>507.0</ele></trkpt><trkpt lat="34.86988" lon="-83.15449"><ele>511.0</ele></trkpt><trkpt lat="34.87102" lon="-83.15427"><ele>524.0</ele></trkpt><trkpt lat="34.87113" lon="-83.15422"><ele>525.0</ele></trkpt><trkpt lat="34.87121" lon="-83.15414"><ele>527.0</ele></trkpt><trkpt lat="34.87121" lon="-83.15414"><ele>527.0</ele></trkpt><trkpt lat="34.87121" lon="-83.15414"><ele>527.0</ele></trkpt><trkpt lat="34.87158" lon="-83.15443"><ele>527.0</ele></trkpt><trkpt lat="34.87169363807252" lon="-83.15454008688276"><ele>527.0</ele></trkpt><trkpt lat="34.87169363807252" lon="-83.15454008688276"><ele>527.0</ele></trkpt><trkpt lat="34.8719" lon="-83.15474"><ele>528.0</ele></trkpt><trkpt lat="34.87255598796121" lon="-83.15553229714796"><ele>533.0</ele></trkpt><trkpt lat="34.87255598796121" lon="-83.15553229714796"><ele>533.0</ele></trkpt><trkpt lat="34.87267" lon="-83.15567"><ele>534.0</ele></trkpt><trkpt lat="34.87291" lon="-83.15589"><ele>535.0</ele></trkpt><trkpt lat="34.8734626857097" lon="-83.15614122077713"><ele>537.0</ele></trkpt><trkpt lat="34.8734626857097" lon="-83.15614122077713"><ele>537.0</ele></trkpt><trkpt lat="34.87401" lon="-83.15639"><ele>538.0</ele></trkpt><trkpt lat="34.87437" lon="-83.15653"><ele>538.0</ele></trkpt><trkpt lat="34.87437" lon="-83.15653"><ele>538.0</ele></trkpt><trkpt lat="34.87437" lon="-83.15653"><ele>538.0</ele></trkpt><trkpt lat="34.87464" lon="-83.15658"><ele>539.0</ele></trkpt><trkpt lat="34.87477" lon="-83.15659"><ele>539.0</ele></trkpt><trkpt lat="34.87506" lon="-83.15653"><ele>539.0</ele></trkpt><trkpt lat="34.87531" lon="-83.15641"><ele>539.0</ele></trkpt><trkpt lat="34.87554" lon="-83.15623"><ele>539.0</ele></trkpt><trkpt lat="34.87569" lon="-83.15606"><ele>539.0</ele></trkpt><trkpt lat="34.87661" lon="-83.15466"><ele>541.0</ele></trkpt><trkpt lat="34.87683" lon="-83.15439"><ele>542.0</ele></trkpt><trkpt lat="34.87716" lon="-83.15408"><ele>543.0</ele></trkpt><trkpt lat="34.87748" lon="-83.15384"><ele>543.0</ele></trkpt><trkpt lat="34.87797" lon="-83.15351"><ele>544.0</ele></trkpt><trkpt lat="34.87815" lon="-83.15342"><ele>545.0</ele></trkpt><trkpt lat="34.87833" lon="-83.15336"><ele>545.0</ele></trkpt><trkpt lat="34.87863" lon="-83.1533"><ele>546.0</ele></trkpt><trkpt lat="34.87887" lon="-83.15329"><ele>546.0</ele></trkpt><trkpt lat="34.87917" lon="-83.15331"><ele>547.0</ele></trkpt><trkpt lat="34.87957" lon="-83.15348"><ele>548.0</ele></trkpt><trkpt lat="34.88008571660212" lon="-83.1538293564079"><ele>548.0</ele></trkpt><trkpt lat="34.88008571660212" lon="-83.1538293564079"><ele>548.0</ele></trkpt><trkpt lat="34.8805" lon="-83.15411"><ele>548.0</ele></trkpt><trkpt lat="34.88084" lon="-83.15438"><ele>547.0</ele></trkpt><trkpt lat="34.8818" lon="-83.15534"><ele>545.0</ele></trkpt><trkpt lat="34.8818" lon="-83.15534"><ele>545.0</ele></trkpt><trkpt lat="34.8818" lon="-83.15534"><ele>545.0</ele></trkpt><trkpt lat="34.88208" lon="-83.15569"><ele>546.0</ele></trkpt><trkpt lat="34.88225" lon="-83.15596"><ele>546.0</ele></trkpt><trkpt lat="34.88257527329515" lon="-83.15675285365693"><ele>547.0</ele></trkpt><trkpt lat="34.88257527329515" lon="-83.15675285365693"><ele>547.0</ele></trkpt><trkpt lat="34.88273" lon="-83.15713"><ele>548.0</ele></trkpt><trkpt lat="34.88297" lon="-83.15782"><ele>548.0</ele></trkpt><trkpt lat="34.88306" lon="-83.15815"><ele>548.0</ele></trkpt><trkpt lat="34.88312776758805" lon="-83.15849066949669"><ele>547.0</ele></trkpt><trkpt lat="34.88312776758805" lon="-83.15849066949669"><ele>547.0</ele></trkpt><trkpt lat="34.883280761790665" lon="-83.15925977548821"><ele>546.0</ele></trkpt><trkpt lat="34.883280761790665" lon="-83.15925977548821"><ele>546.0</ele></trkpt><trkpt lat="34.88343" lon="-83.16001"><ele>544.0</ele></trkpt><trkpt lat="34.88349" lon="-83.16038"><ele>542.0</ele></trkpt><trkpt lat="34.88349287221907" lon="-83.16048052766749"><ele>542.0</ele></trkpt><trkpt lat="34.88349287221907" lon="-83.16048052766749"><ele>542.0</ele></trkpt><trkpt lat="34.8835" lon="-83.16073"><ele>541.0</ele></trkpt><trkpt lat="34.88333" lon="-83.16175"><ele>536.0</ele></trkpt><trkpt lat="34.88332" lon="-83.16198"><ele>535.0</ele></trkpt><trkpt lat="34.88335" lon="-83.16228"><ele>534.0</ele></trkpt><trkpt lat="34.8834" lon="-83.16242"><ele>534.0</ele></trkpt><trkpt lat="34.8834" lon="-83.16242"><ele>534.0</ele></trkpt><trkpt lat="34.8834" lon="-83.16242"><ele>534.0</ele></trkpt><trkpt lat="34.8837" lon="-83.16296"><ele>532.0</ele></trkpt><trkpt lat="34.88436379722805" lon="-83.16396611418422"><ele>525.0</ele></trkpt><trkpt lat="34.88436379722805" lon="-83.16396611418422"><ele>525.0</ele></trkpt><trkpt lat="34.884562602944655" lon="-83.16426744302822"><ele>522.0</ele></trkpt><trkpt lat="34.884562602944655" lon="-83.16426744302822"><ele>522.0</ele></trkpt><trkpt lat="34.88573125668766" lon="-83.16603876574183"><ele>521.0</ele></trkpt><trkpt lat="34.88573125668766" lon="-83.16603876574183"><ele>521.0</ele></trkpt><trkpt lat="34.88593" lon="-83.16634"><ele>521.0</ele></trkpt><trkpt lat="34.88593" lon="-83.16634"><ele>521.0</ele></trkpt><trkpt lat="34.88604" lon="-83.1665"><ele>521.0</ele></trkpt><trkpt lat="34.88604" lon="-83.1665"><ele>521.0</ele></trkpt><trkpt lat="34.886486538582176" lon="-83.16718333934546"><ele>523.0</ele></trkpt><trkpt lat="34.886486538582176" lon="-83.16718333934546"><ele>523.0</ele></trkpt><trkpt lat="34.8867" lon="-83.16751"><ele>525.0</ele></trkpt><trkpt lat="34.88691" lon="-83.16776"><ele>525.0</ele></trkpt><trkpt lat="34.88711" lon="-83.16795"><ele>526.0</ele></trkpt><trkpt lat="34.88711" lon="-83.16795"><ele>526.0</ele></trkpt><trkpt lat="34.88711" lon="-83.16795"><ele>526.0</ele></trkpt><trkpt lat="34.88728" lon="-83.16807"><ele>528.0</ele></trkpt><trkpt lat="34.88728" lon="-83.16807"><ele>528.0</ele></trkpt><trkpt lat="34.88728" lon="-83.16807"><ele>528.0</ele></trkpt><trkpt lat="34.88743056556294" lon="-83.16812547152318"><ele>528.0</ele></trkpt><trkpt lat="34.88745965074024" lon="-83.16813618711483"><ele>529.0</ele></trkpt><trkpt lat="34.88766" lon="-83.16821"><ele>529.0</ele></trkpt><trkpt lat="34.88811980374891" lon="-83.1682272426406"><ele>532.0</ele></trkpt><trkpt lat="34.88811980374891" lon="-83.1682272426406"><ele>532.0</ele></trkpt><trkpt lat="34.88846" lon="-83.16824"><ele>535.0</ele></trkpt><trkpt lat="34.88871" lon="-83.16831"><ele>536.0</ele></trkpt><trkpt lat="34.88907" lon="-83.16847"><ele>539.0</ele></trkpt><trkpt lat="34.88952" lon="-83.16876"><ele>543.0</ele></trkpt><trkpt lat="34.88971" lon="-83.169"><ele>544.0</ele></trkpt><trkpt lat="34.88977" lon="-83.16917"><ele>545.0</ele></trkpt><trkpt lat="34.88981" lon="-83.16938"><ele>547.0</ele></trkpt><trkpt lat="34.88979" lon="-83.16959"><ele>547.0</ele></trkpt><trkpt lat="34.88974" lon="-83.1698"><ele>548.0</ele></trkpt><trkpt lat="34.8896" lon="-83.17006"><ele>550.0</ele></trkpt><trkpt lat="34.88921" lon="-83.17071"><ele>553.0</ele></trkpt><trkpt lat="34.88899" lon="-83.17099"><ele>554.0</ele></trkpt><trkpt lat="34.88877" lon="-83.1712"><ele>555.0</ele></trkpt><trkpt lat="34.88806" lon="-83.17176"><ele>559.0</ele></trkpt><trkpt lat="34.88791" lon="-83.17195"><ele>560.0</ele></trkpt><trkpt lat="34.88786" lon="-83.17207"><ele>560.0</ele></trkpt><trkpt lat="34.88782" lon="-83.17224"><ele>561.0</ele></trkpt><trkpt lat="34.88779" lon="-83.17298"><ele>564.0</ele></trkpt><trkpt lat="34.88781" lon="-83.17322"><ele>566.0</ele></trkpt><trkpt lat="34.88786" lon="-83.1734"><ele>567.0</ele></trkpt><trkpt lat="34.88799" lon="-83.17362"><ele>569.0</ele></trkpt><trkpt lat="34.8882" lon="-83.17374"><ele>571.0</ele></trkpt><trkpt lat="34.88831" lon="-83.17374"><ele>571.0</ele></trkpt><trkpt lat="34.8884" lon="-83.1737"><ele>572.0</ele></trkpt><trkpt lat="34.88845" lon="-83.17364"><ele>573.0</ele></trkpt><trkpt lat="34.8885" lon="-83.17345"><ele>574.0</ele></trkpt><trkpt lat="34.88849" lon="-83.17313"><ele>575.0</ele></trkpt><trkpt lat="34.88851" lon="-83.17296"><ele>576.0</ele></trkpt><trkpt lat="34.88864" lon="-83.17277"><ele>578.0</ele></trkpt><trkpt lat="34.88881" lon="-83.17268"><ele>579.0</ele></trkpt><trkpt lat="34.88891" lon="-83.17269"><ele>580.0</ele></trkpt><trkpt lat="34.8901" lon="-83.17311"><ele>588.0</ele></trkpt><trkpt lat="34.89029935751134" lon="-83.17320201115908"><ele>590.0</ele></trkpt><trkpt lat="34.89029935751134" lon="-83.17320201115908"><ele>590.0</ele></trkpt><trkpt lat="34.89036" lon="-83.17323"><ele>590.0</ele></trkpt><trkpt lat="34.89054" lon="-83.17342"><ele>592.0</ele></trkpt><trkpt lat="34.89088" lon="-83.17394"><ele>596.0</ele></trkpt><trkpt lat="34.89111" lon="-83.1741"><ele>596.0</ele></trkpt><trkpt lat="34.89133" lon="-83.17418"><ele>596.0</ele></trkpt><trkpt lat="34.89243" lon="-83.17439"><ele>593.0</ele></trkpt><trkpt lat="34.89288" lon="-83.17436"><ele>590.0</ele></trkpt><trkpt lat="34.89327" lon="-83.17421"><ele>589.0</ele></trkpt><trkpt lat="34.89398" lon="-83.17379"><ele>585.0</ele></trkpt><trkpt lat="34.89424" lon="-83.17367"><ele>583.0</ele></trkpt><trkpt lat="34.89483" lon="-83.17356"><ele>580.0</ele></trkpt><trkpt lat="34.89522" lon="-83.1734"><ele>578.0</ele></trkpt><trkpt lat="34.89542" lon="-83.17322"><ele>577.0</ele></trkpt><trkpt lat="34.89556" lon="-83.17304"><ele>576.0</ele></trkpt><trkpt lat="34.89602" lon="-83.17237"><ele>572.0</ele></trkpt><trkpt lat="34.89633" lon="-83.17198"><ele>570.0</ele></trkpt><trkpt lat="34.8965" lon="-83.17191"><ele>569.0</ele></trkpt><trkpt lat="34.89662" lon="-83.17195"><ele>568.0</ele></trkpt><trkpt lat="34.89672" lon="-83.17209"><ele>568.0</ele></trkpt><trkpt lat="34.89674" lon="-83.17221"><ele>568.0</ele></trkpt><trkpt lat="34.89665" lon="-83.1734"><ele>563.0</ele></trkpt><trkpt lat="34.89666" lon="-83.17355"><ele>563.0</ele></trkpt><trkpt lat="34.89676" lon="-83.17376"><ele>562.0</ele></trkpt><trkpt lat="34.89684" lon="-83.17383"><ele>561.0</ele></trkpt><trkpt lat="34.89696" lon="-83.17387"><ele>561.0</ele></trkpt><trkpt lat="34.89714" lon="-83.17388"><ele>560.0</ele></trkpt><trkpt lat="34.89776" lon="-83.17385"><ele>557.0</ele></trkpt><trkpt lat="34.8979" lon="-83.17388"><ele>556.0</ele></trkpt><trkpt lat="34.89809" lon="-83.17399"><ele>554.0</ele></trkpt><trkpt lat="34.8982" lon="-83.17421"><ele>554.0</ele></trkpt><trkpt lat="34.89822" lon="-83.17434"><ele>553.0</ele></trkpt><trkpt lat="34.89822" lon="-83.17448"><ele>553.0</ele></trkpt><trkpt lat="34.89818007444073" lon="-83.17468483547798"><ele>552.0</ele></trkpt><trkpt lat="34.898175434764525" lon="-83.17470863929233"><ele>552.0</ele></trkpt><trkpt lat="34.89799" lon="-83.17566"><ele>548.0</ele></trkpt><trkpt lat="34.89786" lon="-83.17593"><ele>547.0</ele></trkpt><trkpt lat="34.89738" lon="-83.17655"><ele>544.0</ele></trkpt><trkpt lat="34.8973" lon="-83.17682"><ele>544.0</ele></trkpt><trkpt lat="34.89732" lon="-83.17698"><ele>543.0</ele></trkpt><trkpt lat="34.89737" lon="-83.17712"><ele>543.0</ele></trkpt><trkpt lat="34.89754" lon="-83.17733"><ele>542.0</ele></trkpt><trkpt lat="34.89779" lon="-83.17739"><ele>541.0</ele></trkpt><trkpt lat="34.89844" lon="-83.17728"><ele>537.0</ele></trkpt><trkpt lat="34.89868" lon="-83.1773"><ele>536.0</ele></trkpt><trkpt lat="34.89883" lon="-83.17741"><ele>535.0</ele></trkpt><trkpt lat="34.89889" lon="-83.1775"><ele>535.0</ele></trkpt><trkpt lat="34.89896" lon="-83.17771"><ele>534.0</ele></trkpt><trkpt lat="34.89894" lon="-83.17795"><ele>533.0</ele></trkpt><trkpt lat="34.89885" lon="-83.17811"><ele>532.0</ele></trkpt><trkpt lat="34.89874" lon="-83.17824"><ele>531.0</ele></trkpt><trkpt lat="34.89802" lon="-83.17886"><ele>527.0</ele></trkpt><trkpt lat="34.89791" lon="-83.17908"><ele>526.0</ele></trkpt><trkpt lat="34.8979" lon="-83.17919"><ele>525.0</ele></trkpt><trkpt lat="34.89791" lon="-83.17931"><ele>525.0</ele></trkpt><trkpt lat="34.89801" lon="-83.17948"><ele>524.0</ele></trkpt><trkpt lat="34.89827" lon="-83.17962"><ele>522.0</ele></trkpt><trkpt lat="34.89945" lon="-83.17995"><ele>517.0</ele></trkpt><trkpt lat="34.89954" lon="-83.18"><ele>516.0</ele></trkpt><trkpt lat="34.89965" lon="-83.18018"><ele>515.0</ele></trkpt><trkpt lat="34.89968" lon="-83.1803"><ele>515.0</ele></trkpt><trkpt lat="34.89963" lon="-83.18051"><ele>514.0</ele></trkpt><trkpt lat="34.89951" lon="-83.18069"><ele>513.0</ele></trkpt><trkpt lat="34.89947" lon="-83.18081"><ele>512.0</ele></trkpt><trkpt lat="34.89945" lon="-83.18106"><ele>511.0</ele></trkpt><trkpt lat="34.89948" lon="-83.18116"><ele>511.0</ele></trkpt><trkpt lat="34.89953" lon="-83.18129"><ele>511.0</ele></trkpt><trkpt lat="34.89995" lon="-83.18191"><ele>507.0</ele></trkpt><trkpt lat="34.90015" lon="-83.18214"><ele>506.0</ele></trkpt><trkpt lat="34.90034" lon="-83.1823"><ele>505.0</ele></trkpt><trkpt lat="34.9005" lon="-83.18238"><ele>505.0</ele></trkpt><trkpt lat="34.90074" lon="-83.18246"><ele>504.0</ele></trkpt><trkpt lat="34.90137" lon="-83.18254"><ele>502.0</ele></trkpt><trkpt lat="34.90162" lon="-83.18255"><ele>501.0</ele></trkpt><trkpt lat="34.901829999987456" lon="-83.18251000019251"><ele>501.0</ele></trkpt><trkpt lat="34.901829999987456" lon="-83.18251000019251"><ele>501.0</ele></trkpt><trkpt lat="34.90183" lon="-83.18251"><ele>501.0</ele></trkpt><trkpt lat="34.90194" lon="-83.18245"><ele>500.0</ele></trkpt><trkpt lat="34.90207" lon="-83.18227"><ele>500.0</ele></trkpt><trkpt lat="34.9022" lon="-83.18186"><ele>498.0</ele></trkpt><trkpt lat="34.90231" lon="-83.18166"><ele>497.0</ele></trkpt><trkpt lat="34.9025" lon="-83.18153"><ele>497.0</ele></trkpt><trkpt lat="34.90281" lon="-83.18152"><ele>496.0</ele></trkpt><trkpt lat="34.90307" lon="-83.18144"><ele>495.0</ele></trkpt><trkpt lat="34.90331" lon="-83.18125"><ele>494.0</ele></trkpt><trkpt lat="34.90395" lon="-83.18063"><ele>490.0</ele></trkpt><trkpt lat="34.90395" lon="-83.18063"><ele>490.0</ele></trkpt><trkpt lat="34.90408" lon="-83.18053"><ele>490.0</ele></trkpt><trkpt lat="34.9043" lon="-83.18043"><ele>489.0</ele></trkpt><trkpt lat="34.90504" lon="-83.1802"><ele>486.0</ele></trkpt><trkpt lat="34.9057" lon="-83.18016"><ele>485.0</ele></trkpt><trkpt lat="34.9068696584137" lon="-83.18024683053726"><ele>485.0</ele></trkpt><trkpt lat="34.9068696584137" lon="-83.18024683053726"><ele>485.0</ele></trkpt><trkpt lat="34.90799" lon="-83.18033"><ele>485.0</ele></trkpt><trkpt lat="34.90824" lon="-83.18032"><ele>485.0</ele></trkpt><trkpt lat="34.90911" lon="-83.18016"><ele>485.0</ele></trkpt><trkpt lat="34.90922" lon="-83.1801"><ele>485.0</ele></trkpt><trkpt lat="34.9094" lon="-83.17994"><ele>485.0</ele></trkpt><trkpt lat="34.90947" lon="-83.17984"><ele>485.0</ele></trkpt><trkpt lat="34.90952" lon="-83.17961"><ele>484.0</ele></trkpt><trkpt lat="34.90943" lon="-83.17883"><ele>484.0</ele></trkpt><trkpt lat="34.90972" lon="-83.176"><ele>483.0</ele></trkpt><trkpt lat="34.90977" lon="-83.17546"><ele>484.0</ele></trkpt><trkpt lat="34.90977" lon="-83.1752"><ele>484.0</ele></trkpt><trkpt lat="34.90971" lon="-83.1747"><ele>485.0</ele></trkpt><trkpt lat="34.90933" lon="-83.17291"><ele>490.0</ele></trkpt><trkpt lat="34.90933" lon="-83.17291"><ele>490.0</ele></trkpt><trkpt lat="34.90933" lon="-83.17291"><ele>490.0</ele></trkpt><trkpt lat="34.90929" lon="-83.17256"><ele>491.0</ele></trkpt><trkpt lat="34.90934" lon="-83.17222"><ele>493.0</ele></trkpt><trkpt lat="34.90942" lon="-83.17198"><ele>494.0</ele></trkpt><trkpt lat="34.90955" lon="-83.17174"><ele>495.0</ele></trkpt><trkpt lat="34.90963" lon="-83.17163"><ele>496.0</ele></trkpt><trkpt lat="34.90977" lon="-83.17151"><ele>496.0</ele></trkpt><trkpt lat="34.90997" lon="-83.17137"><ele>497.0</ele></trkpt><trkpt lat="34.91431" lon="-83.16906"><ele>497.0</ele></trkpt><trkpt lat="34.91462" lon="-83.16881"><ele>497.0</ele></trkpt><trkpt lat="34.91546" lon="-83.16798"><ele>496.0</ele></trkpt><trkpt lat="34.91573" lon="-83.16778"><ele>495.0</ele></trkpt><trkpt lat="34.91609" lon="-83.1676"><ele>493.0</ele></trkpt><trkpt lat="34.91663" lon="-83.16745"><ele>490.0</ele></trkpt><trkpt lat="34.91696" lon="-83.16742"><ele>488.0</ele></trkpt><trkpt lat="34.91721" lon="-83.16742"><ele>487.0</ele></trkpt><trkpt lat="34.91721" lon="-83.16742"><ele>487.0</ele></trkpt><trkpt lat="34.91721" lon="-83.16742"><ele>487.0</ele></trkpt><trkpt lat="34.91782" lon="-83.16755"><ele>485.0</ele></trkpt><trkpt lat="34.91817" lon="-83.16772"><ele>485.0</ele></trkpt><trkpt lat="34.91845" lon="-83.16789"><ele>485.0</ele></trkpt><trkpt lat="34.91914" lon="-83.16847"><ele>483.0</ele></trkpt><trkpt lat="34.91914" lon="-83.16847"><ele>483.0</ele></trkpt><trkpt lat="34.91958" lon="-83.16886"><ele>486.0</ele></trkpt><trkpt lat="34.91958" lon="-83.16886"><ele>486.0</ele></trkpt><trkpt lat="34.91991" lon="-83.16913"><ele>486.0</ele></trkpt><trkpt lat="34.91991" lon="-83.16913"><ele>486.0</ele></trkpt><trkpt lat="34.91983058522199" lon="-83.16922075974631"><ele>486.0</ele></trkpt><trkpt lat="34.91983058522199" lon="-83.16922075974631"><ele>486.0</ele></trkpt><trkpt lat="34.91983058522199" lon="-83.16922075974631"><ele>486.0</ele></trkpt><trkpt lat="34.919991745737434" lon="-83.16914583587646"><ele>485.0</ele></trkpt><trkpt lat="34.91990744122983" lon="-83.16912600148902"><ele>486.0</ele></trkpt><trkpt lat="34.919909999999994" lon="-83.16913"><ele>486.0</ele></trkpt><trkpt lat="34.91985347398373" lon="-83.16919460116145"><ele>485.0</ele></trkpt><trkpt lat="34.91985349179281" lon="-83.16919458081725"><ele>485.0</ele></trkpt><trkpt lat="34.91983058522199" lon="-83.16922075974628"><ele>486.0</ele></trkpt><trkpt lat="34.91983058522199" lon="-83.16922075974628"><ele>486.0</ele></trkpt><trkpt lat="34.91977" lon="-83.16928999999999"><ele>488.0</ele></trkpt><trkpt lat="34.91956" lon="-83.16943000000003"><ele>490.0</ele></trkpt><trkpt lat="34.91927314138805" lon="-83.1694463919207"><ele>490.0</ele></trkpt><trkpt lat="34.91927419172014" lon="-83.16944633190809"><ele>490.0</ele></trkpt><trkpt lat="34.91921" lon="-83.16944999999998"><ele>491.0</ele></trkpt><trkpt lat="34.91891" lon="-83.16957000000002"><ele>490.0</ele></trkpt><trkpt lat="34.91876" lon="-83.16973999999999"><ele>490.0</ele></trkpt><trkpt lat="34.91844" lon="-83.16989999999998"><ele>487.0</ele></trkpt><trkpt lat="34.91817" lon="-83.17007999999998"><ele>485.0</ele></trkpt><trkpt lat="34.91792" lon="-83.17018999999999"><ele>483.0</ele></trkpt><trkpt lat="34.91777" lon="-83.17032"><ele>485.0</ele></trkpt><trkpt lat="34.91764" lon="-83.17048999999997"><ele>483.0</ele></trkpt><trkpt lat="34.91758" lon="-83.17063000000002"><ele>482.0</ele></trkpt><trkpt lat="34.91756" lon="-83.17077"><ele>481.0</ele></trkpt><trkpt lat="34.91765" lon="-83.17108999999999"><ele>481.0</ele></trkpt><trkpt lat="34.91782" lon="-83.17126000000002"><ele>482.0</ele></trkpt><trkpt lat="34.91805" lon="-83.17156999999997"><ele>484.0</ele></trkpt><trkpt lat="34.9181" lon="-83.17167999999998"><ele>483.0</ele></trkpt><trkpt lat="34.91816" lon="-83.17174"><ele>483.0</ele></trkpt><trkpt lat="34.91819" lon="-83.17185"><ele>483.0</ele></trkpt><trkpt lat="34.91816" lon="-83.17192999999997"><ele>481.0</ele></trkpt><trkpt lat="34.91816" lon="-83.17192999999997"><ele>481.0</ele></trkpt><trkpt lat="34.9179" lon="-83.17223000000001"><ele>481.0</ele></trkpt><trkpt lat="34.9179" lon="-83.17223000000001"><ele>481.0</ele></trkpt><trkpt lat="34.91777" lon="-83.17234000000002"><ele>482.0</ele></trkpt><trkpt lat="34.91764" lon="-83.17234000000002"><ele>482.0</ele></trkpt><trkpt lat="34.91751" lon="-83.17223999999999"><ele>482.0</ele></trkpt><trkpt lat="34.91728" lon="-83.17210999999998"><ele>482.0</ele></trkpt><trkpt lat="34.91695" lon="-83.17207000000002"><ele>482.0</ele></trkpt><trkpt lat="34.91682" lon="-83.17209000000003"><ele>482.0</ele></trkpt><trkpt lat="34.9167" lon="-83.17212999999998"><ele>482.0</ele></trkpt><trkpt lat="34.91652" lon="-83.1723"><ele>483.0</ele></trkpt><trkpt lat="34.91633" lon="-83.17273999999998"><ele>486.0</ele></trkpt><trkpt lat="34.9161" lon="-83.17291"><ele>489.0</ele></trkpt><trkpt lat="34.91559" lon="-83.17297000000002"><ele>486.0</ele></trkpt><trkpt lat="34.91493" lon="-83.17298"><ele>489.0</ele></trkpt><trkpt lat="34.91432" lon="-83.17320000000001"><ele>483.0</ele></trkpt><trkpt lat="34.91421166217663" lon="-83.17321911843942"><ele>482.0</ele></trkpt><trkpt lat="34.91421089430055" lon="-83.17321925395413"><ele>482.0</ele></trkpt><trkpt lat="34.91415" lon="-83.17322999999999"><ele>482.0</ele></trkpt><trkpt lat="34.91394" lon="-83.17320000000001"><ele>480.0</ele></trkpt><trkpt lat="34.91367" lon="-83.17327"><ele>485.0</ele></trkpt><trkpt lat="34.91309" lon="-83.1739"><ele>487.0</ele></trkpt><trkpt lat="34.9127" lon="-83.17412999999999"><ele>486.0</ele></trkpt><trkpt lat="34.91233" lon="-83.17457000000002"><ele>485.0</ele></trkpt><trkpt lat="34.91199" lon="-83.17485999999997"><ele>486.0</ele></trkpt><trkpt lat="34.91183" lon="-83.17527000000001"><ele>487.0</ele></trkpt><trkpt lat="34.91177" lon="-83.17606999999998"><ele>487.0</ele></trkpt><trkpt lat="34.91199" lon="-83.17687000000001"><ele>490.0</ele></trkpt><trkpt lat="34.912" lon="-83.17764999999997"><ele>488.0</ele></trkpt><trkpt lat="34.91193" lon="-83.17831999999999"><ele>486.0</ele></trkpt><trkpt lat="34.91167" lon="-83.17935999999997"><ele>486.0</ele></trkpt><trkpt lat="34.91153" lon="-83.17973"><ele>485.0</ele></trkpt><trkpt lat="34.91134" lon="-83.18006000000003"><ele>483.0</ele></trkpt><trkpt lat="34.91134" lon="-83.18006000000003"><ele>483.0</ele></trkpt><trkpt lat="34.91134" lon="-83.18006000000003"><ele>483.0</ele></trkpt><trkpt lat="34.91104" lon="-83.18043"><ele>479.0</ele></trkpt><trkpt lat="34.91094838656682" lon="-83.18049543816653"><ele>478.0</ele></trkpt><trkpt lat="34.910973384100444" lon="-83.18047758280665"><ele>478.0</ele></trkpt><trkpt lat="34.9109" lon="-83.18052999999998"><ele>478.0</ele></trkpt><trkpt lat="34.91071" lon="-83.18059"><ele>478.0</ele></trkpt><trkpt lat="34.91035" lon="-83.18054000000001"><ele>477.0</ele></trkpt><trkpt lat="34.91035" lon="-83.18054000000001"><ele>477.0</ele></trkpt><trkpt lat="34.91025" lon="-83.18058000000002"><ele>476.0</ele></trkpt><trkpt lat="34.91025" lon="-83.18058000000002"><ele>476.0</ele></trkpt><trkpt lat="34.91022" lon="-83.18061"><ele>476.0</ele></trkpt><trkpt lat="34.91022" lon="-83.18061"><ele>476.0</ele></trkpt><trkpt lat="34.9102" lon="-83.18077"><ele>479.0</ele></trkpt><trkpt lat="34.91012" lon="-83.18094000000002"><ele>481.0</ele></trkpt><trkpt lat="34.91006" lon="-83.18097999999998"><ele>481.0</ele></trkpt><trkpt lat="34.91009" lon="-83.18101999999999"><ele>482.0</ele></trkpt><trkpt lat="34.9099" lon="-83.18112000000002"><ele>482.0</ele></trkpt><trkpt lat="34.90959" lon="-83.18135000000001"><ele>482.0</ele></trkpt><trkpt lat="34.90924" lon="-83.18149"><ele>480.0</ele></trkpt><trkpt lat="34.9084" lon="-83.18159000000003"><ele>479.0</ele></trkpt><trkpt lat="34.90775" lon="-83.18155000000002"><ele>478.0</ele></trkpt><trkpt lat="34.90743" lon="-83.18146000000002"><ele>478.0</ele></trkpt><trkpt lat="34.90682" lon="-83.18133"><ele>478.0</ele></trkpt><trkpt lat="34.90637" lon="-83.18129999999996"><ele>478.0</ele></trkpt><trkpt lat="34.90599" lon="-83.18135000000001"><ele>479.0</ele></trkpt><trkpt lat="34.90573" lon="-83.18146000000002"><ele>479.0</ele></trkpt><trkpt lat="34.90573" lon="-83.18146000000002"><ele>479.0</ele></trkpt><trkpt lat="34.90563" lon="-83.18153000000001"><ele>478.0</ele></trkpt><trkpt lat="34.90563" lon="-83.18153000000001"><ele>478.0</ele></trkpt><trkpt lat="34.9055" lon="-83.18156999999997"><ele>478.0</ele></trkpt><trkpt lat="34.90525" lon="-83.18178"><ele>479.0</ele></trkpt><trkpt lat="34.9051" lon="-83.18185"><ele>479.0</ele></trkpt><trkpt lat="34.904918651333666" lon="-83.18203719749175"><ele>480.0</ele></trkpt><trkpt lat="34.904918651333666" lon="-83.18203719749175"><ele>480.0</ele></trkpt><trkpt lat="34.90479" lon="-83.18216999999999"><ele>480.0</ele></trkpt><trkpt lat="34.90475" lon="-83.18228999999997"><ele>481.0</ele></trkpt><trkpt lat="34.90464" lon="-83.18245000000002"><ele>481.0</ele></trkpt><trkpt lat="34.90463391010155" lon="-83.18246522474612"><ele>481.0</ele></trkpt><trkpt lat="34.904628723124524" lon="-83.18247819220045"><ele>481.0</ele></trkpt><trkpt lat="34.90456" lon="-83.18264999999997"><ele>482.0</ele></trkpt><trkpt lat="34.90446" lon="-83.18294000000003"><ele>483.0</ele></trkpt><trkpt lat="34.90432" lon="-83.18362000000002"><ele>486.0</ele></trkpt><trkpt lat="34.90427" lon="-83.18376999999998"><ele>486.0</ele></trkpt><trkpt lat="34.90428" lon="-83.18387999999999"><ele>486.0</ele></trkpt><trkpt lat="34.90415" lon="-83.18439000000001"><ele>488.0</ele></trkpt><trkpt lat="34.90395" lon="-83.18479000000002"><ele>489.0</ele></trkpt><trkpt lat="34.90395" lon="-83.18479000000002"><ele>489.0</ele></trkpt><trkpt lat="34.90385" lon="-83.18511999999998"><ele>489.0</ele></trkpt><trkpt lat="34.90384" lon="-83.18564000000003"><ele>485.0</ele></trkpt><trkpt lat="34.90377" lon="-83.18574999999998"><ele>484.0</ele></trkpt><trkpt lat="34.90377" lon="-83.18574999999998"><ele>484.0</ele></trkpt><trkpt lat="34.90373" lon="-83.18576000000002"><ele>484.0</ele></trkpt><trkpt lat="34.90343" lon="-83.18561999999997"><ele>485.0</ele></trkpt><trkpt lat="34.90324" lon="-83.18560000000002"><ele>486.0</ele></trkpt><trkpt lat="34.90241" lon="-83.18569000000002"><ele>482.0</ele></trkpt><trkpt lat="34.90201" lon="-83.18583000000001"><ele>482.0</ele></trkpt><trkpt lat="34.90186" lon="-83.18591000000004"><ele>481.0</ele></trkpt><trkpt lat="34.90155" lon="-83.18615"><ele>481.0</ele></trkpt><trkpt lat="34.9013" lon="-83.18650000000002"><ele>479.0</ele></trkpt><trkpt lat="34.90114" lon="-83.18664000000001"><ele>479.0</ele></trkpt><trkpt lat="34.90095" lon="-83.18687"><ele>479.0</ele></trkpt><trkpt lat="34.90095" lon="-83.18687"><ele>479.0</ele></trkpt><trkpt lat="34.9009" lon="-83.18693999999999"><ele>479.0</ele></trkpt><trkpt lat="34.9009" lon="-83.18693999999999"><ele>479.0</ele></trkpt><trkpt lat="34.90003" lon="-83.18831"><ele>479.0</ele></trkpt><trkpt lat="34.90003" lon="-83.18831"><ele>479.0</ele></trkpt><trkpt lat="34.89996" lon="-83.18848000000003"><ele>479.0</ele></trkpt><trkpt lat="34.89996" lon="-83.18848000000003"><ele>479.0</ele></trkpt><trkpt lat="34.8998" lon="-83.18883"><ele>478.0</ele></trkpt><trkpt lat="34.89969" lon="-83.18898999999999"><ele>479.0</ele></trkpt><trkpt lat="34.899614483280075" lon="-83.18916699231232"><ele>481.0</ele></trkpt><trkpt lat="34.899612833302385" lon="-83.18917085971486"><ele>481.0</ele></trkpt><trkpt lat="34.89937" lon="-83.18974000000003"><ele>486.0</ele></trkpt><trkpt lat="34.89932" lon="-83.18982"><ele>485.0</ele></trkpt><trkpt lat="34.89926" lon="-83.19009"><ele>488.0</ele></trkpt><trkpt lat="34.89921" lon="-83.19016999999997"><ele>488.0</ele></trkpt><trkpt lat="34.8991" lon="-83.19076999999999"><ele>495.0</ele></trkpt><trkpt lat="34.89913" lon="-83.19094999999999"><ele>497.0</ele></trkpt><trkpt lat="34.89917" lon="-83.19110999999998"><ele>497.0</ele></trkpt><trkpt lat="34.89945" lon="-83.19142"><ele>499.0</ele></trkpt><trkpt lat="34.89963" lon="-83.19155999999998"><ele>496.0</ele></trkpt><trkpt lat="34.90002005528124" lon="-83.19153213890849"><ele>493.0</ele></trkpt><trkpt lat="34.90002005528124" lon="-83.19153213890849"><ele>493.0</ele></trkpt><trkpt lat="34.90005" lon="-83.19153"><ele>493.0</ele></trkpt><trkpt lat="34.90021" lon="-83.19148999999999"><ele>492.0</ele></trkpt><trkpt lat="34.90057" lon="-83.19145000000003"><ele>489.0</ele></trkpt><trkpt lat="34.90072" lon="-83.19139999999999"><ele>488.0</ele></trkpt><trkpt lat="34.90084" lon="-83.19142999999997"><ele>489.0</ele></trkpt><trkpt lat="34.90087" lon="-83.19151"><ele>491.0</ele></trkpt><trkpt lat="34.90084" lon="-83.19184000000001"><ele>493.0</ele></trkpt><trkpt lat="34.90086" lon="-83.19196"><ele>492.0</ele></trkpt><trkpt lat="34.90121" lon="-83.19241"><ele>486.0</ele></trkpt><trkpt lat="34.901461999805406" lon="-83.1925780002453"><ele>481.0</ele></trkpt><trkpt lat="34.901461999805406" lon="-83.1925780002453"><ele>481.0</ele></trkpt><trkpt lat="34.90148" lon="-83.19259"><ele>480.0</ele></trkpt><trkpt lat="34.90176" lon="-83.19268"><ele>479.0</ele></trkpt><trkpt lat="34.90198" lon="-83.1927"><ele>480.0</ele></trkpt><trkpt lat="34.90217" lon="-83.19277"><ele>482.0</ele></trkpt><trkpt lat="34.90217239770128" lon="-83.19277254755764"><ele>482.0</ele></trkpt><trkpt lat="34.90218952232977" lon="-83.19279074245765"><ele>482.0</ele></trkpt><trkpt lat="34.90233" lon="-83.19294000000002"><ele>480.0</ele></trkpt><trkpt lat="34.90237" lon="-83.19307000000003"><ele>479.0</ele></trkpt><trkpt lat="34.90235" lon="-83.19317999999998"><ele>480.0</ele></trkpt><trkpt lat="34.90226" lon="-83.19337999999999"><ele>481.0</ele></trkpt><trkpt lat="34.90226" lon="-83.19337999999999"><ele>481.0</ele></trkpt><trkpt lat="34.90221" lon="-83.19349999999997"><ele>482.0</ele></trkpt><trkpt lat="34.90221" lon="-83.19349999999997"><ele>482.0</ele></trkpt><trkpt lat="34.90215" lon="-83.19357000000002"><ele>482.0</ele></trkpt><trkpt lat="34.90207" lon="-83.1936"><ele>483.0</ele></trkpt><trkpt lat="34.90194" lon="-83.19358999999997"><ele>483.0</ele></trkpt><trkpt lat="34.90173" lon="-83.19344000000001"><ele>484.0</ele></trkpt><trkpt lat="34.90164" lon="-83.19342"><ele>485.0</ele></trkpt><trkpt lat="34.90158" lon="-83.19334000000003"><ele>484.0</ele></trkpt><trkpt lat="34.90103" lon="-83.19333"><ele>495.0</ele></trkpt><trkpt lat="34.90091" lon="-83.19380000000001"><ele>496.0</ele></trkpt><trkpt lat="34.90091" lon="-83.19405999999998"><ele>497.0</ele></trkpt><trkpt lat="34.90108" lon="-83.19436999999999"><ele>499.0</ele></trkpt><trkpt lat="34.90111" lon="-83.19472000000002"><ele>502.0</ele></trkpt><trkpt lat="34.90106" lon="-83.19526000000002"><ele>503.0</ele></trkpt><trkpt lat="34.90109" lon="-83.19560000000001"><ele>505.0</ele></trkpt><trkpt lat="34.90124" lon="-83.19596000000001"><ele>508.0</ele></trkpt><trkpt lat="34.90172" lon="-83.19668000000001"><ele>506.0</ele></trkpt><trkpt lat="34.90171" lon="-83.19682"><ele>507.0</ele></trkpt><trkpt lat="34.9015" lon="-83.19698"><ele>509.0</ele></trkpt><trkpt lat="34.90136" lon="-83.19714999999997"><ele>510.0</ele></trkpt><trkpt lat="34.90129" lon="-83.19720000000001"><ele>511.0</ele></trkpt><trkpt lat="34.90095" lon="-83.19722000000002"><ele>515.0</ele></trkpt><trkpt lat="34.90087" lon="-83.19725"><ele>516.0</ele></trkpt><trkpt lat="34.90079" lon="-83.19729999999998"><ele>517.0</ele></trkpt><trkpt lat="34.90075" lon="-83.19738999999998"><ele>518.0</ele></trkpt><trkpt lat="34.90075" lon="-83.19798000000003"><ele>514.0</ele></trkpt><trkpt lat="34.90087" lon="-83.19819999999999"><ele>511.0</ele></trkpt><trkpt lat="34.90099" lon="-83.19835"><ele>508.0</ele></trkpt><trkpt lat="34.90116" lon="-83.19848999999999"><ele>506.0</ele></trkpt><trkpt lat="34.90122" lon="-83.19862"><ele>504.0</ele></trkpt><trkpt lat="34.90124" lon="-83.19878"><ele>503.0</ele></trkpt><trkpt lat="34.90124" lon="-83.19878"><ele>503.0</ele></trkpt><trkpt lat="34.90125" lon="-83.19888000000003"><ele>504.0</ele></trkpt><trkpt lat="34.90111" lon="-83.19903999999997"><ele>505.0</ele></trkpt><trkpt lat="34.9008" lon="-83.19902000000002"><ele>504.0</ele></trkpt><trkpt lat="34.9006" lon="-83.19918000000001"><ele>503.0</ele></trkpt><trkpt lat="34.90042" lon="-83.19961999999998"><ele>499.0</ele></trkpt><trkpt lat="34.90028" lon="-83.19975999999997"><ele>500.0</ele></trkpt><trkpt lat="34.90019" lon="-83.19979000000001"><ele>500.0</ele></trkpt><trkpt lat="34.90006" lon="-83.19975999999997"><ele>501.0</ele></trkpt><trkpt lat="34.89989" lon="-83.19965000000002"><ele>504.0</ele></trkpt><trkpt lat="34.89975" lon="-83.19951000000003"><ele>505.0</ele></trkpt><trkpt lat="34.89947" lon="-83.19912"><ele>510.0</ele></trkpt><trkpt lat="34.89947" lon="-83.19912"><ele>510.0</ele></trkpt><trkpt lat="34.89933" lon="-83.19916999999998"><ele>513.0</ele></trkpt><trkpt lat="34.89927" lon="-83.19932"><ele>515.0</ele></trkpt><trkpt lat="34.89933" lon="-83.19968"><ele>516.0</ele></trkpt><trkpt lat="34.89924" lon="-83.19999999999999"><ele>518.0</ele></trkpt><trkpt lat="34.89918" lon="-83.20076"><ele>525.0</ele></trkpt><trkpt lat="34.89918" lon="-83.20105000000001"><ele>527.0</ele></trkpt><trkpt lat="34.89913" lon="-83.20128"><ele>529.0</ele></trkpt><trkpt lat="34.898878260848285" lon="-83.20178347857149"><ele>532.0</ele></trkpt><trkpt lat="34.898878260848285" lon="-83.20178347857149"><ele>532.0</ele></trkpt><trkpt lat="34.89885" lon="-83.20222999999999"><ele>536.0</ele></trkpt><trkpt lat="34.89876" lon="-83.20240999999999"><ele>538.0</ele></trkpt><trkpt lat="34.89862" lon="-83.20251999999999"><ele>541.0</ele></trkpt><trkpt lat="34.89849" lon="-83.2027"><ele>545.0</ele></trkpt><trkpt lat="34.89828" lon="-83.20319999999998"><ele>554.0</ele></trkpt><trkpt lat="34.8982" lon="-83.20335"><ele>554.0</ele></trkpt><trkpt lat="34.8982" lon="-83.20335"><ele>554.0</ele></trkpt><trkpt lat="34.89799" lon="-83.2036"><ele>553.0</ele></trkpt><trkpt lat="34.89775" lon="-83.2038"><ele>550.0</ele></trkpt><trkpt lat="34.89775" lon="-83.2038"><ele>550.0</ele></trkpt><trkpt lat="34.89807" lon="-83.20398999999998"><ele>544.0</ele></trkpt><trkpt lat="34.89785" lon="-83.20427000000001"><ele>538.0</ele></trkpt><trkpt lat="34.89763" lon="-83.20441"><ele>535.0</ele></trkpt><trkpt lat="34.89752" lon="-83.20452999999998"><ele>533.0</ele></trkpt><trkpt lat="34.89752" lon="-83.20461"><ele>534.0</ele></trkpt><trkpt lat="34.89751776143115" lon="-83.20461596951691"><ele>534.0</ele></trkpt><trkpt lat="34.8975095027333" lon="-83.20463799272483"><ele>535.0</ele></trkpt><trkpt lat="34.89743" lon="-83.20484999999996"><ele>536.0</ele></trkpt><trkpt lat="34.89735" lon="-83.20483999999999"><ele>534.0</ele></trkpt><trkpt lat="34.89723" lon="-83.20488999999998"><ele>533.0</ele></trkpt><trkpt lat="34.89696" lon="-83.20515"><ele>532.0</ele></trkpt><trkpt lat="34.89694" lon="-83.20528999999999"><ele>532.0</ele></trkpt><trkpt lat="34.89696" lon="-83.2054"><ele>531.0</ele></trkpt><trkpt lat="34.89714" lon="-83.20576"><ele>529.0</ele></trkpt><trkpt lat="34.8971" lon="-83.20585"><ele>528.0</ele></trkpt><trkpt lat="34.89673" lon="-83.20568000000003"><ele>530.0</ele></trkpt><trkpt lat="34.89636" lon="-83.20555000000002"><ele>532.0</ele></trkpt><trkpt lat="34.89583" lon="-83.20553999999998"><ele>525.0</ele></trkpt><trkpt lat="34.89559" lon="-83.20569"><ele>525.0</ele></trkpt><trkpt lat="34.89542" lon="-83.20573000000002"><ele>522.0</ele></trkpt><trkpt lat="34.8953" lon="-83.20580999999999"><ele>521.0</ele></trkpt><trkpt lat="34.89519" lon="-83.20594"><ele>520.0</ele></trkpt><trkpt lat="34.89507" lon="-83.20613000000003"><ele>518.0</ele></trkpt><trkpt lat="34.89501" lon="-83.20628999999997"><ele>517.0</ele></trkpt><trkpt lat="34.89498" lon="-83.20645000000002"><ele>514.0</ele></trkpt><trkpt lat="34.89501" lon="-83.20655"><ele>513.0</ele></trkpt><trkpt lat="34.89504" lon="-83.20661999999999"><ele>510.0</ele></trkpt><trkpt lat="34.8953" lon="-83.20682999999997"><ele>504.0</ele></trkpt><trkpt lat="34.8954" lon="-83.20685000000003"><ele>505.0</ele></trkpt><trkpt lat="34.89551" lon="-83.20703000000003"><ele>506.0</ele></trkpt><trkpt lat="34.89551" lon="-83.20703000000003"><ele>506.0</ele></trkpt><trkpt lat="34.89546" lon="-83.20712000000003"><ele>503.0</ele></trkpt><trkpt lat="34.89546" lon="-83.20712000000003"><ele>503.0</ele></trkpt><trkpt lat="34.89531" lon="-83.20704"><ele>505.0</ele></trkpt><trkpt lat="34.89512" lon="-83.20704"><ele>506.0</ele></trkpt><trkpt lat="34.89491" lon="-83.20697999999999"><ele>507.0</ele></trkpt><trkpt lat="34.89467" lon="-83.20704999999998"><ele>512.0</ele></trkpt><trkpt lat="34.89419" lon="-83.20682999999997"><ele>517.0</ele></trkpt><trkpt lat="34.89407" lon="-83.20682999999997"><ele>520.0</ele></trkpt><trkpt lat="34.894" lon="-83.20702"><ele>518.0</ele></trkpt><trkpt lat="34.89389" lon="-83.20713999999998"><ele>518.0</ele></trkpt><trkpt lat="34.8936" lon="-83.20731"><ele>518.0</ele></trkpt><trkpt lat="34.89354" lon="-83.20742999999999"><ele>520.0</ele></trkpt><trkpt lat="34.89329" lon="-83.20769000000001"><ele>516.0</ele></trkpt><trkpt lat="34.8932" lon="-83.20789000000002"><ele>513.0</ele></trkpt><trkpt lat="34.89314" lon="-83.20794000000001"><ele>511.0</ele></trkpt><trkpt lat="34.89297" lon="-83.20796999999999"><ele>509.0</ele></trkpt><trkpt lat="34.89297" lon="-83.20796999999999"><ele>509.0</ele></trkpt><trkpt lat="34.89283" lon="-83.20794000000001"><ele>508.0</ele></trkpt><trkpt lat="34.89283" lon="-83.20794000000001"><ele>508.0</ele></trkpt><trkpt lat="34.89273" lon="-83.20776000000001"><ele>510.0</ele></trkpt><trkpt lat="34.89259" lon="-83.20767000000001"><ele>514.0</ele></trkpt><trkpt lat="34.89255" lon="-83.20758000000001"><ele>515.0</ele></trkpt><trkpt lat="34.89274" lon="-83.20717000000002"><ele>519.0</ele></trkpt><trkpt lat="34.89271" lon="-83.20704999999998"><ele>521.0</ele></trkpt><trkpt lat="34.89266" lon="-83.207"><ele>523.0</ele></trkpt><trkpt lat="34.89261" lon="-83.20702"><ele>524.0</ele></trkpt><trkpt lat="34.89226" lon="-83.20731"><ele>526.0</ele></trkpt><trkpt lat="34.89223" lon="-83.20744000000002"><ele>526.0</ele></trkpt><trkpt lat="34.89224" lon="-83.20802000000003"><ele>529.0</ele></trkpt><trkpt lat="34.8922" lon="-83.20817999999997"><ele>532.0</ele></trkpt><trkpt lat="34.89212" lon="-83.20829000000003"><ele>533.0</ele></trkpt><trkpt lat="34.89204" lon="-83.20850999999999"><ele>536.0</ele></trkpt><trkpt lat="34.89192" lon="-83.20877000000002"><ele>540.0</ele></trkpt><trkpt lat="34.89183" lon="-83.20924000000002"><ele>548.0</ele></trkpt><trkpt lat="34.89183" lon="-83.20924000000002"><ele>548.0</ele></trkpt><trkpt lat="34.8918" lon="-83.20952999999997"><ele>551.0</ele></trkpt><trkpt lat="34.89176" lon="-83.2097"><ele>552.0</ele></trkpt><trkpt lat="34.89179" lon="-83.20983000000001"><ele>551.0</ele></trkpt><trkpt lat="34.89186" lon="-83.20992999999999"><ele>549.0</ele></trkpt><trkpt lat="34.89197" lon="-83.20999999999998"><ele>548.0</ele></trkpt><trkpt lat="34.89258" lon="-83.21019000000001"><ele>549.0</ele></trkpt><trkpt lat="34.89274" lon="-83.21032000000002"><ele>549.0</ele></trkpt><trkpt lat="34.89278" lon="-83.21044999999998"><ele>549.0</ele></trkpt><trkpt lat="34.89278" lon="-83.21044999999998"><ele>549.0</ele></trkpt><trkpt lat="34.89278412081034" lon="-83.21046854364653"><ele>549.0</ele></trkpt><trkpt lat="34.892788802941155" lon="-83.21048961323248"><ele>549.0</ele></trkpt><trkpt lat="34.8928" lon="-83.21053999999998"><ele>550.0</ele></trkpt><trkpt lat="34.89273" lon="-83.21069999999997"><ele>549.0</ele></trkpt><trkpt lat="34.89271" lon="-83.21082999999999"><ele>548.0</ele></trkpt><trkpt lat="34.89257" lon="-83.21082000000001"><ele>547.0</ele></trkpt><trkpt lat="34.89242" lon="-83.21089"><ele>548.0</ele></trkpt><trkpt lat="34.89214" lon="-83.21114"><ele>545.0</ele></trkpt><trkpt lat="34.89194" lon="-83.21140000000003"><ele>543.0</ele></trkpt><trkpt lat="34.89178" lon="-83.21148"><ele>543.0</ele></trkpt><trkpt lat="34.89166" lon="-83.21159999999998"><ele>543.0</ele></trkpt><trkpt lat="34.89161" lon="-83.21159"><ele>541.0</ele></trkpt><trkpt lat="34.89125" lon="-83.21208000000001"><ele>543.0</ele></trkpt><trkpt lat="34.89103" lon="-83.21230000000003"><ele>542.0</ele></trkpt><trkpt lat="34.89097" lon="-83.21242000000001"><ele>541.0</ele></trkpt><trkpt lat="34.89094" lon="-83.21253999999999"><ele>541.0</ele></trkpt><trkpt lat="34.89096" lon="-83.21266000000003"><ele>540.0</ele></trkpt><trkpt lat="34.89103" lon="-83.21274"><ele>539.0</ele></trkpt><trkpt lat="34.89115" lon="-83.21278000000001"><ele>537.0</ele></trkpt><trkpt lat="34.89139" lon="-83.21278000000001"><ele>535.0</ele></trkpt><trkpt lat="34.89151" lon="-83.21280999999999"><ele>535.0</ele></trkpt><trkpt lat="34.89156" lon="-83.21289000000002"><ele>536.0</ele></trkpt><trkpt lat="34.8915" lon="-83.21326999999997"><ele>536.0</ele></trkpt><trkpt lat="34.89151" lon="-83.21339"><ele>533.0</ele></trkpt><trkpt lat="34.89156" lon="-83.21348999999998"><ele>530.0</ele></trkpt><trkpt lat="34.89177" lon="-83.21366"><ele>528.0</ele></trkpt><trkpt lat="34.89178" lon="-83.21371999999997"><ele>526.0</ele></trkpt><trkpt lat="34.89175" lon="-83.21380999999997"><ele>528.0</ele></trkpt><trkpt lat="34.89153" lon="-83.21384"><ele>528.0</ele></trkpt><trkpt lat="34.89144" lon="-83.21395000000001"><ele>529.0</ele></trkpt><trkpt lat="34.89138" lon="-83.21398999999997"><ele>530.0</ele></trkpt><trkpt lat="34.89121" lon="-83.21398999999997"><ele>532.0</ele></trkpt><trkpt lat="34.89074" lon="-83.21415000000002"><ele>535.0</ele></trkpt><trkpt lat="34.89062" lon="-83.21422999999999"><ele>536.0</ele></trkpt><trkpt lat="34.89035" lon="-83.21433999999999"><ele>539.0</ele></trkpt><trkpt lat="34.89004" lon="-83.21461999999997"><ele>542.0</ele></trkpt><trkpt lat="34.89012" lon="-83.21483999999998"><ele>540.0</ele></trkpt><trkpt lat="34.89019" lon="-83.21491000000003"><ele>541.0</ele></trkpt><trkpt lat="34.89021" lon="-83.21524999999997"><ele>541.0</ele></trkpt><trkpt lat="34.89026" lon="-83.21533999999997"><ele>541.0</ele></trkpt><trkpt lat="34.89039" lon="-83.21539999999999"><ele>541.0</ele></trkpt><trkpt lat="34.89079" lon="-83.21535"><ele>544.0</ele></trkpt><trkpt lat="34.8909" lon="-83.21533"><ele>545.0</ele></trkpt><trkpt lat="34.89118" lon="-83.21519"><ele>547.0</ele></trkpt><trkpt lat="34.89135" lon="-83.21515999999997"><ele>550.0</ele></trkpt><trkpt lat="34.89151" lon="-83.21560999999997"><ele>554.0</ele></trkpt><trkpt lat="34.89201" lon="-83.21564999999998"><ele>550.0</ele></trkpt><trkpt lat="34.89213" lon="-83.21573000000001"><ele>552.0</ele></trkpt><trkpt lat="34.89219" lon="-83.21582000000001"><ele>551.0</ele></trkpt><trkpt lat="34.8922" lon="-83.21590000000003"><ele>551.0</ele></trkpt><trkpt lat="34.89217" lon="-83.21608000000003"><ele>554.0</ele></trkpt><trkpt lat="34.89222" lon="-83.21617000000003"><ele>554.0</ele></trkpt><trkpt lat="34.89232" lon="-83.21625"><ele>556.0</ele></trkpt><trkpt lat="34.89241" lon="-83.21638000000002"><ele>557.0</ele></trkpt><trkpt lat="34.89246" lon="-83.21645999999998"><ele>559.0</ele></trkpt><trkpt lat="34.89251" lon="-83.21667000000002"><ele>559.0</ele></trkpt><trkpt lat="34.89273" lon="-83.21698000000004"><ele>562.0</ele></trkpt><trkpt lat="34.89272" lon="-83.21713"><ele>564.0</ele></trkpt><trkpt lat="34.89262" lon="-83.21719999999999"><ele>561.0</ele></trkpt><trkpt lat="34.89252" lon="-83.21716000000004"><ele>562.0</ele></trkpt><trkpt lat="34.89239" lon="-83.21715"><ele>564.0</ele></trkpt><trkpt lat="34.8923" lon="-83.21699000000001"><ele>565.0</ele></trkpt><trkpt lat="34.89211" lon="-83.21680000000003"><ele>568.0</ele></trkpt><trkpt lat="34.89199" lon="-83.21688"><ele>570.0</ele></trkpt><trkpt lat="34.89183" lon="-83.21707000000004"><ele>572.0</ele></trkpt><trkpt lat="34.89147" lon="-83.21742999999998"><ele>575.0</ele></trkpt><trkpt lat="34.89135" lon="-83.21749"><ele>574.0</ele></trkpt><trkpt lat="34.89116" lon="-83.21771000000001"><ele>572.0</ele></trkpt><trkpt lat="34.89099" lon="-83.21778"><ele>567.0</ele></trkpt><trkpt lat="34.89081" lon="-83.21778999999998"><ele>566.0</ele></trkpt><trkpt lat="34.89068" lon="-83.21785"><ele>564.0</ele></trkpt><trkpt lat="34.89061" lon="-83.21802000000002"><ele>561.0</ele></trkpt><trkpt lat="34.89053" lon="-83.21809999999999"><ele>561.0</ele></trkpt><trkpt lat="34.89048" lon="-83.21832"><ele>558.0</ele></trkpt><trkpt lat="34.89049" lon="-83.21847000000002"><ele>555.0</ele></trkpt><trkpt lat="34.89043" lon="-83.21868"><ele>553.0</ele></trkpt><trkpt lat="34.89034" lon="-83.21886999999998"><ele>551.0</ele></trkpt><trkpt lat="34.89015" lon="-83.21902999999998"><ele>548.0</ele></trkpt><trkpt lat="34.88993" lon="-83.21909"><ele>544.0</ele></trkpt><trkpt lat="34.88977" lon="-83.21928000000003"><ele>538.0</ele></trkpt><trkpt lat="34.8895" lon="-83.21949999999998"><ele>536.0</ele></trkpt><trkpt lat="34.8893" lon="-83.21947999999998"><ele>534.0</ele></trkpt><trkpt lat="34.88917" lon="-83.21951000000001"><ele>530.0</ele></trkpt><trkpt lat="34.88897" lon="-83.21992"><ele>525.0</ele></trkpt><trkpt lat="34.88869" lon="-83.22028999999998"><ele>524.0</ele></trkpt><trkpt lat="34.88865" lon="-83.22032000000002"><ele>523.0</ele></trkpt><trkpt lat="34.88854" lon="-83.22024999999996"><ele>522.0</ele></trkpt><trkpt lat="34.88839" lon="-83.22021000000001"><ele>519.0</ele></trkpt><trkpt lat="34.88829" lon="-83.22021000000001"><ele>518.0</ele></trkpt><trkpt lat="34.88815118888681" lon="-83.22039838651074"><ele>517.0</ele></trkpt><trkpt lat="34.88816730875504" lon="-83.22037650956423"><ele>517.0</ele></trkpt><trkpt lat="34.88815" lon="-83.22039999999998"><ele>517.0</ele></trkpt><trkpt lat="34.88808" lon="-83.22055"><ele>516.0</ele></trkpt><trkpt lat="34.88807" lon="-83.22082"><ele>513.0</ele></trkpt><trkpt lat="34.88793" lon="-83.22099000000003"><ele>512.0</ele></trkpt><trkpt lat="34.88787" lon="-83.22100999999998"><ele>512.0</ele></trkpt><trkpt lat="34.88782" lon="-83.22107"><ele>512.0</ele></trkpt><trkpt lat="34.88782" lon="-83.22113999999999"><ele>513.0</ele></trkpt><trkpt lat="34.8881" lon="-83.22165000000001"><ele>515.0</ele></trkpt><trkpt lat="34.88808000047519" lon="-83.22196999744347"><ele>512.0</ele></trkpt><trkpt lat="34.88808000047519" lon="-83.22196999744347"><ele>512.0</ele></trkpt><trkpt lat="34.88808" lon="-83.22197"><ele>512.0</ele></trkpt><trkpt lat="34.88821" lon="-83.22210999999999"><ele>511.0</ele></trkpt><trkpt lat="34.88846" lon="-83.22248000000002"><ele>510.0</ele></trkpt><trkpt lat="34.88838" lon="-83.22264000000001"><ele>511.0</ele></trkpt><trkpt lat="34.88814" lon="-83.22258999999997"><ele>504.0</ele></trkpt><trkpt lat="34.88796" lon="-83.22262"><ele>500.0</ele></trkpt><trkpt lat="34.88788" lon="-83.22266000000002"><ele>497.0</ele></trkpt><trkpt lat="34.88779" lon="-83.22266000000002"><ele>495.0</ele></trkpt><trkpt lat="34.8877" lon="-83.22270000000003"><ele>493.0</ele></trkpt><trkpt lat="34.88762" lon="-83.22280999999998"><ele>492.0</ele></trkpt><trkpt lat="34.88768" lon="-83.22306000000003"><ele>494.0</ele></trkpt><trkpt lat="34.8879" lon="-83.22329000000002"><ele>489.0</ele></trkpt><trkpt lat="34.88802" lon="-83.22357"><ele>480.0</ele></trkpt><trkpt lat="34.88804" lon="-83.2242"><ele>474.0</ele></trkpt><trkpt lat="34.88798" lon="-83.22447999999997"><ele>472.0</ele></trkpt><trkpt lat="34.88781" lon="-83.22468000000003"><ele>467.0</ele></trkpt><trkpt lat="34.8877" lon="-83.22477000000003"><ele>466.0</ele></trkpt><trkpt lat="34.88675" lon="-83.22521"><ele>462.0</ele></trkpt><trkpt lat="34.88646" lon="-83.22534999999999"><ele>463.0</ele></trkpt><trkpt lat="34.88605" lon="-83.22564999999997"><ele>463.0</ele></trkpt><trkpt lat="34.88593" lon="-83.22566"><ele>463.0</ele></trkpt><trkpt lat="34.88593" lon="-83.22566"><ele>463.0</ele></trkpt><trkpt lat="34.88588" lon="-83.22568000000001"><ele>463.0</ele></trkpt><trkpt lat="34.88584" lon="-83.22573"><ele>463.0</ele></trkpt><trkpt lat="34.88584" lon="-83.22573"><ele>463.0</ele></trkpt><trkpt lat="34.88593" lon="-83.22597000000002"><ele>462.0</ele></trkpt><trkpt lat="34.88593" lon="-83.22597000000002"><ele>462.0</ele></trkpt><trkpt lat="34.88597" lon="-83.22606999999999"><ele>464.0</ele></trkpt><trkpt lat="34.88597" lon="-83.22606999999999"><ele>464.0</ele></trkpt><trkpt lat="34.88593" lon="-83.22613999999999"><ele>464.0</ele></trkpt><trkpt lat="34.88593" lon="-83.22613999999999"><ele>464.0</ele></trkpt><trkpt lat="34.88561" lon="-83.22634"><ele>464.0</ele></trkpt><trkpt lat="34.88542" lon="-83.22656"><ele>463.0</ele></trkpt><trkpt lat="34.88529" lon="-83.22665999999998"><ele>463.0</ele></trkpt><trkpt lat="34.88502" lon="-83.22712000000001"><ele>464.0</ele></trkpt><trkpt lat="34.88477" lon="-83.22739000000001"><ele>462.0</ele></trkpt><trkpt lat="34.88469" lon="-83.22755000000001"><ele>463.0</ele></trkpt><trkpt lat="34.88469" lon="-83.22755000000001"><ele>463.0</ele></trkpt><trkpt lat="34.88462" lon="-83.22771999999998"><ele>462.0</ele></trkpt><trkpt lat="34.88464" lon="-83.22784999999999"><ele>463.0</ele></trkpt><trkpt lat="34.88468" lon="-83.22793000000001"><ele>462.0</ele></trkpt><trkpt lat="34.88497" lon="-83.22803999999996"><ele>463.0</ele></trkpt><trkpt lat="34.88504" lon="-83.22811999999999"><ele>463.0</ele></trkpt><trkpt lat="34.88504" lon="-83.22811999999999"><ele>463.0</ele></trkpt><trkpt lat="34.88511" lon="-83.22818000000001"><ele>464.0</ele></trkpt><trkpt lat="34.88518" lon="-83.22833000000003"><ele>461.0</ele></trkpt><trkpt lat="34.88518" lon="-83.22833000000003"><ele>461.0</ele></trkpt><trkpt lat="34.88528" lon="-83.22847999999999"><ele>460.0</ele></trkpt><trkpt lat="34.88535" lon="-83.22852999999998"><ele>460.0</ele></trkpt><trkpt lat="34.88536149656325" lon="-83.22856449777544"><ele>460.0</ele></trkpt><trkpt lat="34.88536149656325" lon="-83.22856449777544"><ele>460.0</ele></trkpt><trkpt lat="34.88538" lon="-83.22861999999998"><ele>461.0</ele></trkpt><trkpt lat="34.88538" lon="-83.22881000000001"><ele>463.0</ele></trkpt><trkpt lat="34.88551" lon="-83.22913"><ele>463.0</ele></trkpt><trkpt lat="34.8857" lon="-83.22933999999998"><ele>462.0</ele></trkpt><trkpt lat="34.88593" lon="-83.22950000000003"><ele>462.0</ele></trkpt><trkpt lat="34.88593" lon="-83.22950000000003"><ele>462.0</ele></trkpt><trkpt lat="34.8862" lon="-83.22971000000001"><ele>462.0</ele></trkpt><trkpt lat="34.88637" lon="-83.22989000000001"><ele>462.0</ele></trkpt><trkpt lat="34.88657" lon="-83.23000000000002"><ele>463.0</ele></trkpt><trkpt lat="34.88688" lon="-83.23025999999999"><ele>463.0</ele></trkpt><trkpt lat="34.887022162694535" lon="-83.23046929507808"><ele>462.0</ele></trkpt><trkpt lat="34.88703562045037" lon="-83.2304891076003"><ele>462.0</ele></trkpt><trkpt lat="34.88724" lon="-83.23079000000001"><ele>461.0</ele></trkpt><trkpt lat="34.88748" lon="-83.23106999999999"><ele>463.0</ele></trkpt><trkpt lat="34.88759" lon="-83.23129"><ele>464.0</ele></trkpt><trkpt lat="34.88762" lon="-83.23142999999999"><ele>463.0</ele></trkpt><trkpt lat="34.88762" lon="-83.23172999999997"><ele>461.0</ele></trkpt><trkpt lat="34.88762" lon="-83.23172999999997"><ele>461.0</ele></trkpt><trkpt lat="34.88759" lon="-83.23185000000001"><ele>460.0</ele></trkpt><trkpt lat="34.88759" lon="-83.23185000000001"><ele>460.0</ele></trkpt><trkpt lat="34.88753" lon="-83.23230000000001"><ele>462.0</ele></trkpt><trkpt lat="34.88743" lon="-83.23238000000003"><ele>463.0</ele></trkpt><trkpt lat="34.88743" lon="-83.23238000000003"><ele>463.0</ele></trkpt><trkpt lat="34.88733" lon="-83.23241999999999"><ele>463.0</ele></trkpt><trkpt lat="34.88733" lon="-83.23241999999999"><ele>463.0</ele></trkpt><trkpt lat="34.88709" lon="-83.23257999999998"><ele>468.0</ele></trkpt><trkpt lat="34.88683" lon="-83.23261000000002"><ele>467.0</ele></trkpt><trkpt lat="34.8867" lon="-83.23255"><ele>467.0</ele></trkpt><trkpt lat="34.88655" lon="-83.23255"><ele>466.0</ele></trkpt><trkpt lat="34.88618" lon="-83.23247000000003"><ele>467.0</ele></trkpt><trkpt lat="34.88614" lon="-83.23241999999999"><ele>467.0</ele></trkpt><trkpt lat="34.88614" lon="-83.23241999999999"><ele>467.0</ele></trkpt><trkpt lat="34.88593" lon="-83.23219"><ele>470.0</ele></trkpt><trkpt lat="34.88593" lon="-83.23219"><ele>470.0</ele></trkpt><trkpt lat="34.88561" lon="-83.23201"><ele>469.0</ele></trkpt><trkpt lat="34.88525" lon="-83.23190999999997"><ele>469.0</ele></trkpt><trkpt lat="34.88516" lon="-83.23181"><ele>469.0</ele></trkpt><trkpt lat="34.88494" lon="-83.23180000000002"><ele>471.0</ele></trkpt><trkpt lat="34.88457" lon="-83.23199999999997"><ele>471.0</ele></trkpt><trkpt lat="34.88428" lon="-83.23241999999999"><ele>472.0</ele></trkpt><trkpt lat="34.88428" lon="-83.23241999999999"><ele>472.0</ele></trkpt><trkpt lat="34.8841" lon="-83.23268999999999"><ele>470.0</ele></trkpt><trkpt lat="34.88405" lon="-83.23282"><ele>470.0</ele></trkpt><trkpt lat="34.88412" lon="-83.23311999999999"><ele>470.0</ele></trkpt><trkpt lat="34.88415" lon="-83.23338999999999"><ele>472.0</ele></trkpt><trkpt lat="34.8843" lon="-83.23383999999999"><ele>476.0</ele></trkpt><trkpt lat="34.88429" lon="-83.23399999999998"><ele>476.0</ele></trkpt><trkpt lat="34.88422" lon="-83.23410999999999"><ele>475.0</ele></trkpt><trkpt lat="34.88422" lon="-83.23419000000001"><ele>476.0</ele></trkpt><trkpt lat="34.88414" lon="-83.23431"><ele>476.0</ele></trkpt><trkpt lat="34.88424" lon="-83.23442999999997"><ele>476.0</ele></trkpt><trkpt lat="34.88425" lon="-83.23453"><ele>476.0</ele></trkpt><trkpt lat="34.88413" lon="-83.23478999999998"><ele>479.0</ele></trkpt><trkpt lat="34.88411" lon="-83.23498000000001"><ele>482.0</ele></trkpt><trkpt lat="34.88408" lon="-83.23500999999999"><ele>483.0</ele></trkpt><trkpt lat="34.88398" lon="-83.23503"><ele>483.0</ele></trkpt><trkpt lat="34.88383" lon="-83.23498000000001"><ele>483.0</ele></trkpt><trkpt lat="34.88356" lon="-83.23478"><ele>492.0</ele></trkpt><trkpt lat="34.883502233849384" lon="-83.23477555644996"><ele>494.0</ele></trkpt><trkpt lat="34.88350732330027" lon="-83.23477594794429"><ele>494.0</ele></trkpt><trkpt lat="34.88343" lon="-83.23477000000003"><ele>495.0</ele></trkpt><trkpt lat="34.88335" lon="-83.23482999999999"><ele>497.0</ele></trkpt><trkpt lat="34.8832" lon="-83.23507999999998"><ele>500.0</ele></trkpt><trkpt lat="34.88316" lon="-83.23529000000002"><ele>500.0</ele></trkpt><trkpt lat="34.88311" lon="-83.23534000000001"><ele>499.0</ele></trkpt><trkpt lat="34.88288" lon="-83.23536000000001"><ele>501.0</ele></trkpt><trkpt lat="34.88283" lon="-83.23548"><ele>501.0</ele></trkpt><trkpt lat="34.88272" lon="-83.23557"><ele>500.0</ele></trkpt><trkpt lat="34.88239" lon="-83.23548"><ele>501.0</ele></trkpt><trkpt lat="34.88208" lon="-83.23554999999999"><ele>499.0</ele></trkpt><trkpt lat="34.8819" lon="-83.23554000000001"><ele>497.0</ele></trkpt><trkpt lat="34.8818" lon="-83.23566"><ele>498.0</ele></trkpt><trkpt lat="34.88151" lon="-83.23586999999998"><ele>497.0</ele></trkpt><trkpt lat="34.88135" lon="-83.23608999999999"><ele>497.0</ele></trkpt><trkpt lat="34.88131" lon="-83.23624000000001"><ele>494.0</ele></trkpt><trkpt lat="34.88115" lon="-83.23651999999998"><ele>491.0</ele></trkpt><trkpt lat="34.88097" lon="-83.23741000000001"><ele>481.0</ele></trkpt><trkpt lat="34.88082" lon="-83.23766999999998"><ele>476.0</ele></trkpt><trkpt lat="34.88069" lon="-83.2378"><ele>471.0</ele></trkpt><trkpt lat="34.88044" lon="-83.23792000000003"><ele>469.0</ele></trkpt><trkpt lat="34.87971" lon="-83.23789999999997"><ele>468.0</ele></trkpt><trkpt lat="34.87959" lon="-83.23797000000002"><ele>467.0</ele></trkpt><trkpt lat="34.87928" lon="-83.23843999999997"><ele>459.0</ele></trkpt><trkpt lat="34.87927" lon="-83.23865"><ele>457.0</ele></trkpt><trkpt lat="34.87933" lon="-83.23876999999999"><ele>455.0</ele></trkpt><trkpt lat="34.87939" lon="-83.23879"><ele>455.0</ele></trkpt><trkpt lat="34.87948" lon="-83.23892999999998"><ele>454.0</ele></trkpt><trkpt lat="34.87947" lon="-83.23900000000003"><ele>454.0</ele></trkpt><trkpt lat="34.87931" lon="-83.23915999999997"><ele>455.0</ele></trkpt><trkpt lat="34.87924" lon="-83.23930999999999"><ele>454.0</ele></trkpt><trkpt lat="34.87922" lon="-83.23966999999999"><ele>454.0</ele></trkpt><trkpt lat="34.87926" lon="-83.24000999999998"><ele>455.0</ele></trkpt><trkpt lat="34.87924" lon="-83.24027000000001"><ele>455.0</ele></trkpt><trkpt lat="34.87909" lon="-83.24063999999998"><ele>457.0</ele></trkpt><trkpt lat="34.879" lon="-83.24077"><ele>459.0</ele></trkpt><trkpt lat="34.87878" lon="-83.24097"><ele>458.0</ele></trkpt><trkpt lat="34.87864" lon="-83.24128000000002"><ele>454.0</ele></trkpt><trkpt lat="34.87857" lon="-83.24149"><ele>453.0</ele></trkpt><trkpt lat="34.87851" lon="-83.24183"><ele>454.0</ele></trkpt><trkpt lat="34.87845" lon="-83.24196"><ele>453.0</ele></trkpt><trkpt lat="34.87843" lon="-83.24247000000003"><ele>454.0</ele></trkpt><trkpt lat="34.87837" lon="-83.24266"><ele>452.0</ele></trkpt><trkpt lat="34.8782" lon="-83.24292000000003"><ele>454.0</ele></trkpt><trkpt lat="34.87791" lon="-83.24328000000003"><ele>455.0</ele></trkpt><trkpt lat="34.87758" lon="-83.24362000000002"><ele>454.0</ele></trkpt><trkpt lat="34.87721" lon="-83.24376999999998"><ele>455.0</ele></trkpt><trkpt lat="34.87707" lon="-83.24376999999998"><ele>454.0</ele></trkpt><trkpt lat="34.87673" lon="-83.24365999999998"><ele>457.0</ele></trkpt><trkpt lat="34.8765" lon="-83.24347999999998"><ele>459.0</ele></trkpt><trkpt lat="34.87637" lon="-83.24342999999999"><ele>459.0</ele></trkpt><trkpt lat="34.87611" lon="-83.24319000000003"><ele>459.0</ele></trkpt><trkpt lat="34.87588" lon="-83.24286000000001"><ele>459.0</ele></trkpt><trkpt lat="34.87578" lon="-83.24279000000001"><ele>459.0</ele></trkpt><trkpt lat="34.87578" lon="-83.24279000000001"><ele>459.0</ele></trkpt><trkpt lat="34.87578" lon="-83.24279000000001"><ele>459.0</ele></trkpt><trkpt lat="34.87559" lon="-83.24279000000001"><ele>461.0</ele></trkpt><trkpt lat="34.87525" lon="-83.24270999999999"><ele>464.0</ele></trkpt><trkpt lat="34.87507" lon="-83.24263000000002"><ele>467.0</ele></trkpt><trkpt lat="34.87469" lon="-83.24256000000003"><ele>471.0</ele></trkpt><trkpt lat="34.87445" lon="-83.24245000000002"><ele>475.0</ele></trkpt><trkpt lat="34.87415" lon="-83.24246"><ele>476.0</ele></trkpt><trkpt lat="34.87395" lon="-83.24255"><ele>473.0</ele></trkpt><trkpt lat="34.87374" lon="-83.24286999999998"><ele>481.0</ele></trkpt><trkpt lat="34.87361" lon="-83.24302"><ele>482.0</ele></trkpt><trkpt lat="34.8735" lon="-83.24310000000003"><ele>487.0</ele></trkpt><trkpt lat="34.87347" lon="-83.24309"><ele>489.0</ele></trkpt><trkpt lat="34.8734" lon="-83.24277999999998"><ele>489.0</ele></trkpt><trkpt lat="34.87331" lon="-83.24273"><ele>489.0</ele></trkpt><trkpt lat="34.87308" lon="-83.24283000000003"><ele>496.0</ele></trkpt><trkpt lat="34.87283" lon="-83.24286000000001"><ele>497.0</ele></trkpt><trkpt lat="34.87275" lon="-83.24290000000002"><ele>496.0</ele></trkpt><trkpt lat="34.87261" lon="-83.24315000000001"><ele>498.0</ele></trkpt><trkpt lat="34.87251" lon="-83.24344000000002"><ele>502.0</ele></trkpt><trkpt lat="34.87257" lon="-83.24356"><ele>504.0</ele></trkpt><trkpt lat="34.87255" lon="-83.24362000000002"><ele>503.0</ele></trkpt><trkpt lat="34.87227" lon="-83.24374999999998"><ele>507.0</ele></trkpt><trkpt lat="34.87211" lon="-83.24385999999998"><ele>507.0</ele></trkpt><trkpt lat="34.87195" lon="-83.24405000000002"><ele>509.0</ele></trkpt><trkpt lat="34.87205" lon="-83.24448000000001"><ele>507.0</ele></trkpt><trkpt lat="34.87205" lon="-83.24457999999998"><ele>507.0</ele></trkpt><trkpt lat="34.87192" lon="-83.24466999999999"><ele>506.0</ele></trkpt><trkpt lat="34.8718" lon="-83.24481000000003"><ele>505.0</ele></trkpt><trkpt lat="34.87179" lon="-83.24498"><ele>504.0</ele></trkpt><trkpt lat="34.87167" lon="-83.24535000000003"><ele>500.0</ele></trkpt><trkpt lat="34.87166" lon="-83.24545"><ele>500.0</ele></trkpt><trkpt lat="34.87171" lon="-83.24554999999998"><ele>499.0</ele></trkpt><trkpt lat="34.87186" lon="-83.2457"><ele>496.0</ele></trkpt><trkpt lat="34.87191" lon="-83.24581"><ele>494.0</ele></trkpt><trkpt lat="34.8721" lon="-83.24599999999998"><ele>493.0</ele></trkpt><trkpt lat="34.87222" lon="-83.24606"><ele>491.0</ele></trkpt><trkpt lat="34.87229" lon="-83.24613"><ele>491.0</ele></trkpt><trkpt lat="34.87225" lon="-83.24621000000002"><ele>492.0</ele></trkpt><trkpt lat="34.87214" lon="-83.24631999999997"><ele>490.0</ele></trkpt><trkpt lat="34.87208" lon="-83.24649"><ele>488.0</ele></trkpt><trkpt lat="34.87207" lon="-83.24662000000001"><ele>486.0</ele></trkpt><trkpt lat="34.87222" lon="-83.24700000000001"><ele>481.0</ele></trkpt><trkpt lat="34.87222" lon="-83.24700000000001"><ele>481.0</ele></trkpt><trkpt lat="34.87224" lon="-83.24706000000003"><ele>481.0</ele></trkpt><trkpt lat="34.87224" lon="-83.24706000000003"><ele>481.0</ele></trkpt><trkpt lat="34.87224" lon="-83.24709999999999"><ele>482.0</ele></trkpt><trkpt lat="34.87218" lon="-83.24712999999997"><ele>481.0</ele></trkpt><trkpt lat="34.872" lon="-83.24714"><ele>481.0</ele></trkpt><trkpt lat="34.87187" lon="-83.24700999999999"><ele>479.0</ele></trkpt><trkpt lat="34.8718" lon="-83.24689999999998"><ele>478.0</ele></trkpt><trkpt lat="34.87165" lon="-83.24691000000001"><ele>477.0</ele></trkpt><trkpt lat="34.87153" lon="-83.24697000000003"><ele>477.0</ele></trkpt><trkpt lat="34.87143" lon="-83.24698000000001"><ele>476.0</ele></trkpt><trkpt lat="34.87138" lon="-83.24689999999998"><ele>475.0</ele></trkpt><trkpt lat="34.87109" lon="-83.24662999999998"><ele>473.0</ele></trkpt><trkpt lat="34.87082" lon="-83.24655000000001"><ele>472.0</ele></trkpt><trkpt lat="34.87052" lon="-83.24651"><ele>469.0</ele></trkpt><trkpt lat="34.87008" lon="-83.24653999999998"><ele>467.0</ele></trkpt><trkpt lat="34.86995" lon="-83.2466"><ele>466.0</ele></trkpt><trkpt lat="34.86974" lon="-83.24662000000001"><ele>465.0</ele></trkpt><trkpt lat="34.8694" lon="-83.24673000000001"><ele>464.0</ele></trkpt><trkpt lat="34.86908" lon="-83.24694999999997"><ele>463.0</ele></trkpt><trkpt lat="34.86908" lon="-83.24694999999997"><ele>463.0</ele></trkpt><trkpt lat="34.86908" lon="-83.24694999999997"><ele>463.0</ele></trkpt><trkpt lat="34.86897" lon="-83.24697000000003"><ele>463.0</ele></trkpt><trkpt lat="34.86897" lon="-83.24697000000003"><ele>463.0</ele></trkpt><trkpt lat="34.86897" lon="-83.24697000000003"><ele>463.0</ele></trkpt><trkpt lat="34.86888" lon="-83.24707000000001"><ele>462.0</ele></trkpt><trkpt lat="34.86878" lon="-83.24707999999998"><ele>461.0</ele></trkpt><trkpt lat="34.86871" lon="-83.24715000000003"><ele>461.0</ele></trkpt><trkpt lat="34.86861" lon="-83.24716000000001"><ele>461.0</ele></trkpt><trkpt lat="34.86852" lon="-83.24725000000001"><ele>463.0</ele></trkpt><trkpt lat="34.86848" lon="-83.24736000000001"><ele>465.0</ele></trkpt><trkpt lat="34.86859" lon="-83.24757"><ele>464.0</ele></trkpt><trkpt lat="34.86867" lon="-83.24761000000001"><ele>463.0</ele></trkpt><trkpt lat="34.8688" lon="-83.24788999999998"><ele>469.0</ele></trkpt><trkpt lat="34.86875" lon="-83.24799000000002"><ele>470.0</ele></trkpt><trkpt lat="34.86857" lon="-83.24823000000004"><ele>468.0</ele></trkpt><trkpt lat="34.86837" lon="-83.24846000000002"><ele>472.0</ele></trkpt><trkpt lat="34.86821" lon="-83.24858999999998"><ele>474.0</ele></trkpt><trkpt lat="34.86811" lon="-83.24878999999999"><ele>477.0</ele></trkpt><trkpt lat="34.86808" lon="-83.24896999999999"><ele>479.0</ele></trkpt><trkpt lat="34.86808" lon="-83.24928"><ele>482.0</ele></trkpt><trkpt lat="34.86793" lon="-83.24963000000002"><ele>485.0</ele></trkpt><trkpt lat="34.86792" lon="-83.24973999999997"><ele>486.0</ele></trkpt><trkpt lat="34.86792" lon="-83.24973999999997"><ele>486.0</ele></trkpt><trkpt lat="34.8679" lon="-83.24977999999999"><ele>486.0</ele></trkpt><trkpt lat="34.8679" lon="-83.24977999999999"><ele>486.0</ele></trkpt><trkpt lat="34.8678" lon="-83.25009999999997"><ele>487.0</ele></trkpt><trkpt lat="34.86766" lon="-83.25027"><ele>487.0</ele></trkpt><trkpt lat="34.86762" lon="-83.25042000000002"><ele>490.0</ele></trkpt><trkpt lat="34.8674" lon="-83.25069000000002"><ele>492.0</ele></trkpt><trkpt lat="34.86740338123017" lon="-83.25074748091288"><ele>493.0</ele></trkpt><trkpt lat="34.86740300894416" lon="-83.25074115204819"><ele>493.0</ele></trkpt><trkpt lat="34.86741" lon="-83.25085999999999"><ele>493.0</ele></trkpt><trkpt lat="34.86739" lon="-83.25106"><ele>492.0</ele></trkpt><trkpt lat="34.86731" lon="-83.25130000000001"><ele>494.0</ele></trkpt><trkpt lat="34.86729" lon="-83.25149999999996"><ele>495.0</ele></trkpt><trkpt lat="34.86724" lon="-83.25153999999998"><ele>493.0</ele></trkpt><trkpt lat="34.86719" lon="-83.25173999999998"><ele>494.0</ele></trkpt><trkpt lat="34.86719" lon="-83.25173999999998"><ele>494.0</ele></trkpt><trkpt lat="34.86719" lon="-83.25173999999998"><ele>494.0</ele></trkpt><trkpt lat="34.86686" lon="-83.25216999999998"><ele>497.0</ele></trkpt><trkpt lat="34.8668444732638" lon="-83.25217352744892"><ele>497.0</ele></trkpt><trkpt lat="34.8668444732638" lon="-83.25217352744892"><ele>497.0</ele></trkpt><trkpt lat="34.86664" lon="-83.25221999999997"><ele>498.0</ele></trkpt><trkpt lat="34.86643" lon="-83.25229000000002"><ele>503.0</ele></trkpt><trkpt lat="34.86635" lon="-83.25236000000001"><ele>505.0</ele></trkpt><trkpt lat="34.86604" lon="-83.25245999999999"><ele>509.0</ele></trkpt><trkpt lat="34.86599" lon="-83.25254999999999"><ele>511.0</ele></trkpt><trkpt lat="34.86602" lon="-83.25259"><ele>513.0</ele></trkpt><trkpt lat="34.86625" lon="-83.25270999999998"><ele>515.0</ele></trkpt><trkpt lat="34.86635" lon="-83.25290999999999"><ele>518.0</ele></trkpt><trkpt lat="34.86651" lon="-83.25315999999998"><ele>520.0</ele></trkpt><trkpt lat="34.8666" lon="-83.25347999999997"><ele>521.0</ele></trkpt><trkpt lat="34.86649" lon="-83.25439"><ele>526.0</ele></trkpt><trkpt lat="34.86649" lon="-83.25439"><ele>526.0</ele></trkpt><trkpt lat="34.86642" lon="-83.25470000000001"><ele>527.0</ele></trkpt><trkpt lat="34.86641" lon="-83.255"><ele>528.0</ele></trkpt><trkpt lat="34.86645" lon="-83.25512000000003"><ele>529.0</ele></trkpt><trkpt lat="34.86667" lon="-83.25540000000001"><ele>533.0</ele></trkpt><trkpt lat="34.86675" lon="-83.25563999999997"><ele>538.0</ele></trkpt><trkpt lat="34.86664" lon="-83.25621000000001"><ele>548.0</ele></trkpt><trkpt lat="34.86659" lon="-83.25662"><ele>547.0</ele></trkpt><trkpt lat="34.86647" lon="-83.25698"><ele>547.0</ele></trkpt><trkpt lat="34.86625" lon="-83.25740000000002"><ele>544.0</ele></trkpt><trkpt lat="34.86617" lon="-83.25745"><ele>543.0</ele></trkpt><trkpt lat="34.86593" lon="-83.25779"><ele>543.0</ele></trkpt><trkpt lat="34.86576" lon="-83.25808"><ele>538.0</ele></trkpt><trkpt lat="34.86568" lon="-83.25817"><ele>539.0</ele></trkpt><trkpt lat="34.86554" lon="-83.25844999999998"><ele>540.0</ele></trkpt><trkpt lat="34.86546" lon="-83.25871000000001"><ele>539.0</ele></trkpt><trkpt lat="34.86549" lon="-83.25887"><ele>536.0</ele></trkpt><trkpt lat="34.8656" lon="-83.25918000000001"><ele>533.0</ele></trkpt><trkpt lat="34.86559" lon="-83.25931000000003"><ele>531.0</ele></trkpt><trkpt lat="34.86551" lon="-83.25937999999996"><ele>528.0</ele></trkpt><trkpt lat="34.86518" lon="-83.25954000000002"><ele>523.0</ele></trkpt><trkpt lat="34.86489" lon="-83.25961999999998"><ele>526.0</ele></trkpt><trkpt lat="34.86462" lon="-83.25981999999999"><ele>521.0</ele></trkpt><trkpt lat="34.86456" lon="-83.25988000000001"><ele>520.0</ele></trkpt><trkpt lat="34.86454" lon="-83.25999000000002"><ele>517.0</ele></trkpt><trkpt lat="34.86444" lon="-83.26011"><ele>522.0</ele></trkpt><trkpt lat="34.86441" lon="-83.2602"><ele>523.0</ele></trkpt><trkpt lat="34.86444" lon="-83.26026000000002"><ele>524.0</ele></trkpt><trkpt lat="34.86463" lon="-83.26042999999999"><ele>528.0</ele></trkpt><trkpt lat="34.86482" lon="-83.26056"><ele>531.0</ele></trkpt><trkpt lat="34.86489" lon="-83.26076999999998"><ele>536.0</ele></trkpt><trkpt lat="34.86499" lon="-83.26090999999997"><ele>530.0</ele></trkpt><trkpt lat="34.865" lon="-83.26105000000001"><ele>529.0</ele></trkpt><trkpt lat="34.86504" lon="-83.26114000000001"><ele>529.0</ele></trkpt><trkpt lat="34.86512" lon="-83.26121"><ele>529.0</ele></trkpt><trkpt lat="34.86527" lon="-83.26125000000002"><ele>529.0</ele></trkpt><trkpt lat="34.86556" lon="-83.26123999999999"><ele>539.0</ele></trkpt><trkpt lat="34.86561" lon="-83.26129000000003"><ele>542.0</ele></trkpt><trkpt lat="34.86569" lon="-83.2613"><ele>543.0</ele></trkpt><trkpt lat="34.86578" lon="-83.26139"><ele>545.0</ele></trkpt><trkpt lat="34.86593" lon="-83.26147000000003"><ele>547.0</ele></trkpt><trkpt lat="34.86599" lon="-83.26166"><ele>550.0</ele></trkpt><trkpt lat="34.866" lon="-83.26175999999998"><ele>552.0</ele></trkpt><trkpt lat="34.86606" lon="-83.26189"><ele>553.0</ele></trkpt><trkpt lat="34.86621" lon="-83.26192000000003"><ele>553.0</ele></trkpt><trkpt lat="34.8664" lon="-83.26207999999997"><ele>553.0</ele></trkpt><trkpt lat="34.86643" lon="-83.26219000000003"><ele>551.0</ele></trkpt><trkpt lat="34.86636" lon="-83.26238000000001"><ele>550.0</ele></trkpt><trkpt lat="34.86637" lon="-83.26256999999998"><ele>556.0</ele></trkpt><trkpt lat="34.8666" lon="-83.26282000000003"><ele>561.0</ele></trkpt><trkpt lat="34.8666" lon="-83.26309000000003"><ele>558.0</ele></trkpt><trkpt lat="34.866522032869256" lon="-83.26341919455206"><ele>566.0</ele></trkpt><trkpt lat="34.86652034732736" lon="-83.2634263113057"><ele>566.0</ele></trkpt><trkpt lat="34.86651" lon="-83.26346999999998"><ele>568.0</ele></trkpt><trkpt lat="34.86665" lon="-83.26369"><ele>571.0</ele></trkpt><trkpt lat="34.86673" lon="-83.26396"><ele>570.0</ele></trkpt><trkpt lat="34.86673" lon="-83.26409999999998"><ele>568.0</ele></trkpt><trkpt lat="34.86679" lon="-83.26431000000002"><ele>562.0</ele></trkpt><trkpt lat="34.86664" lon="-83.26458000000002"><ele>574.0</ele></trkpt><trkpt lat="34.86667" lon="-83.26472000000001"><ele>577.0</ele></trkpt><trkpt lat="34.86689" lon="-83.26499999999999"><ele>576.0</ele></trkpt><trkpt lat="34.86698" lon="-83.26506999999998"><ele>575.0</ele></trkpt><trkpt lat="34.86709" lon="-83.26510999999999"><ele>572.0</ele></trkpt><trkpt lat="34.86719" lon="-83.26521000000002"><ele>573.0</ele></trkpt><trkpt lat="34.86728" lon="-83.26538"><ele>573.0</ele></trkpt><trkpt lat="34.86729" lon="-83.26583"><ele>571.0</ele></trkpt><trkpt lat="34.86719" lon="-83.26609000000002"><ele>571.0</ele></trkpt><trkpt lat="34.86716" lon="-83.26623000000001"><ele>573.0</ele></trkpt><trkpt lat="34.86711" lon="-83.26686999999998"><ele>579.0</ele></trkpt><trkpt lat="34.86712" lon="-83.26713999999998"><ele>587.0</ele></trkpt><trkpt lat="34.86716" lon="-83.26742000000002"><ele>592.0</ele></trkpt><trkpt lat="34.86728" lon="-83.26773000000003"><ele>594.0</ele></trkpt><trkpt lat="34.86728" lon="-83.26828999999998"><ele>598.0</ele></trkpt><trkpt lat="34.86733" lon="-83.26839000000001"><ele>596.0</ele></trkpt><trkpt lat="34.86735" lon="-83.26864"><ele>596.0</ele></trkpt><trkpt lat="34.86724" lon="-83.26909999999998"><ele>589.0</ele></trkpt><trkpt lat="34.8671" lon="-83.26917000000003"><ele>589.0</ele></trkpt><trkpt lat="34.86687" lon="-83.26947000000001"><ele>594.0</ele></trkpt><trkpt lat="34.86684" lon="-83.26977999999997"><ele>600.0</ele></trkpt><trkpt lat="34.86686" lon="-83.26994000000002"><ele>599.0</ele></trkpt><trkpt lat="34.86723" lon="-83.27042"><ele>613.0</ele></trkpt><trkpt lat="34.86749" lon="-83.27052000000003"><ele>604.0</ele></trkpt><trkpt lat="34.86759" lon="-83.27062000000001"><ele>603.0</ele></trkpt><trkpt lat="34.8679" lon="-83.27053000000001"><ele>596.0</ele></trkpt><trkpt lat="34.8679" lon="-83.27053000000001"><ele>596.0</ele></trkpt><trkpt lat="34.86827" lon="-83.27046999999999"><ele>603.0</ele></trkpt><trkpt lat="34.86841" lon="-83.27040999999997"><ele>609.0</ele></trkpt><trkpt lat="34.86856" lon="-83.2704"><ele>614.0</ele></trkpt><trkpt lat="34.86888" lon="-83.27025000000003"><ele>619.0</ele></trkpt><trkpt lat="34.86903" lon="-83.27035000000001"><ele>626.0</ele></trkpt><trkpt lat="34.86915" lon="-83.27062000000001"><ele>629.0</ele></trkpt><trkpt lat="34.86915" lon="-83.27109999999999"><ele>627.0</ele></trkpt><trkpt lat="34.8691" lon="-83.2713"><ele>626.0</ele></trkpt><trkpt lat="34.86891" lon="-83.27166999999997"><ele>633.0</ele></trkpt><trkpt lat="34.86887" lon="-83.27190000000002"><ele>630.0</ele></trkpt><trkpt lat="34.86875" lon="-83.27222999999998"><ele>626.0</ele></trkpt><trkpt lat="34.86868" lon="-83.27231999999998"><ele>625.0</ele></trkpt><trkpt lat="34.86863" lon="-83.27235000000002"><ele>628.0</ele></trkpt><trkpt lat="34.86843" lon="-83.27269999999999"><ele>641.0</ele></trkpt><trkpt lat="34.86846" lon="-83.27289000000002"><ele>639.0</ele></trkpt><trkpt lat="34.86869" lon="-83.27316000000002"><ele>634.0</ele></trkpt><trkpt lat="34.86892" lon="-83.27309000000002"><ele>625.0</ele></trkpt><trkpt lat="34.86901" lon="-83.2731"><ele>624.0</ele></trkpt><trkpt lat="34.8691" lon="-83.27316000000002"><ele>627.0</ele></trkpt><trkpt lat="34.86915" lon="-83.27323000000001"><ele>628.0</ele></trkpt><trkpt lat="34.86919" lon="-83.27350000000001"><ele>626.0</ele></trkpt><trkpt lat="34.86915" lon="-83.27368999999999"><ele>626.0</ele></trkpt><trkpt lat="34.86924" lon="-83.27402999999998"><ele>621.0</ele></trkpt><trkpt lat="34.86922" lon="-83.27456000000001"><ele>614.0</ele></trkpt><trkpt lat="34.86924" lon="-83.27465999999998"><ele>615.0</ele></trkpt><trkpt lat="34.86928" lon="-83.27472999999998"><ele>617.0</ele></trkpt><trkpt lat="34.86946" lon="-83.27488"><ele>625.0</ele></trkpt><trkpt lat="34.86948" lon="-83.27494000000002"><ele>625.0</ele></trkpt><trkpt lat="34.86961" lon="-83.27499"><ele>629.0</ele></trkpt><trkpt lat="34.86969" lon="-83.27490999999998"><ele>626.0</ele></trkpt><trkpt lat="34.86975" lon="-83.27494999999999"><ele>628.0</ele></trkpt><trkpt lat="34.86998" lon="-83.27492999999998"><ele>629.0</ele></trkpt><trkpt lat="34.87017" lon="-83.27495999999996"><ele>630.0</ele></trkpt><trkpt lat="34.87038" lon="-83.27507000000003"><ele>635.0</ele></trkpt><trkpt lat="34.87043" lon="-83.27515"><ele>636.0</ele></trkpt><trkpt lat="34.87041" lon="-83.27519999999998"><ele>638.0</ele></trkpt><trkpt lat="34.87045" lon="-83.27539000000002"><ele>640.0</ele></trkpt><trkpt lat="34.87054" lon="-83.27553"><ele>641.0</ele></trkpt><trkpt lat="34.87056" lon="-83.27569"><ele>639.0</ele></trkpt><trkpt lat="34.87057" lon="-83.27597000000003"><ele>636.0</ele></trkpt><trkpt lat="34.87054" lon="-83.27616999999998"><ele>642.0</ele></trkpt><trkpt lat="34.8706" lon="-83.27636999999999"><ele>643.0</ele></trkpt><trkpt lat="34.8706" lon="-83.27636999999999"><ele>643.0</ele></trkpt><trkpt lat="34.87066" lon="-83.27656000000002"><ele>643.0</ele></trkpt><trkpt lat="34.87072" lon="-83.27665999999999"><ele>644.0</ele></trkpt><trkpt lat="34.87069" lon="-83.27672999999999"><ele>648.0</ele></trkpt><trkpt lat="34.8706" lon="-83.27681000000001"><ele>653.0</ele></trkpt><trkpt lat="34.87043" lon="-83.27708000000001"><ele>654.0</ele></trkpt><trkpt lat="34.87037" lon="-83.27729"><ele>653.0</ele></trkpt><trkpt lat="34.87036" lon="-83.27744999999999"><ele>651.0</ele></trkpt><trkpt lat="34.8703" lon="-83.27762000000001"><ele>651.0</ele></trkpt><trkpt lat="34.87021" lon="-83.27769999999998"><ele>652.0</ele></trkpt><trkpt lat="34.8701" lon="-83.27791000000002"><ele>650.0</ele></trkpt><trkpt lat="34.87003" lon="-83.27846"><ele>658.0</ele></trkpt><trkpt lat="34.8698" lon="-83.27876000000003"><ele>659.0</ele></trkpt><trkpt lat="34.8698" lon="-83.27882999999997"><ele>659.0</ele></trkpt><trkpt lat="34.86985" lon="-83.27909999999997"><ele>661.0</ele></trkpt><trkpt lat="34.86987" lon="-83.27944000000002"><ele>660.0</ele></trkpt><trkpt lat="34.86983" lon="-83.28008999999997"><ele>663.0</ele></trkpt><trkpt lat="34.86979" lon="-83.28021999999999"><ele>665.0</ele></trkpt><trkpt lat="34.86971" lon="-83.28037999999998"><ele>666.0</ele></trkpt><trkpt lat="34.8697" lon="-83.28066999999999"><ele>672.0</ele></trkpt><trkpt lat="34.8696" lon="-83.28134999999997"><ele>679.0</ele></trkpt><trkpt lat="34.86938" lon="-83.28161"><ele>676.0</ele></trkpt><trkpt lat="34.86934" lon="-83.28178000000003"><ele>675.0</ele></trkpt><trkpt lat="34.86941" lon="-83.28195"><ele>673.0</ele></trkpt><trkpt lat="34.86948" lon="-83.28204"><ele>673.0</ele></trkpt><trkpt lat="34.86965" lon="-83.28213"><ele>672.0</ele></trkpt><trkpt lat="34.86994" lon="-83.2824"><ele>664.0</ele></trkpt><trkpt lat="34.87009" lon="-83.28242"><ele>668.0</ele></trkpt><trkpt lat="34.87014" lon="-83.28253000000001"><ele>666.0</ele></trkpt><trkpt lat="34.8702" lon="-83.28255000000001"><ele>667.0</ele></trkpt><trkpt lat="34.87054" lon="-83.28287"><ele>661.0</ele></trkpt><trkpt lat="34.87063" lon="-83.28292999999996"><ele>661.0</ele></trkpt><trkpt lat="34.8708" lon="-83.28312"><ele>659.0</ele></trkpt><trkpt lat="34.87099" lon="-83.28352000000001"><ele>657.0</ele></trkpt><trkpt lat="34.87104" lon="-83.28358000000003"><ele>658.0</ele></trkpt><trkpt lat="34.87112" lon="-83.28384"><ele>655.0</ele></trkpt><trkpt lat="34.87136" lon="-83.28415000000001"><ele>655.0</ele></trkpt><trkpt lat="34.8714" lon="-83.28426000000002"><ele>658.0</ele></trkpt><trkpt lat="34.87162" lon="-83.28451999999999"><ele>659.0</ele></trkpt><trkpt lat="34.87168" lon="-83.28463999999997"><ele>660.0</ele></trkpt><trkpt lat="34.87175" lon="-83.28498000000002"><ele>663.0</ele></trkpt><trkpt lat="34.87203" lon="-83.28552000000002"><ele>671.0</ele></trkpt><trkpt lat="34.87215" lon="-83.2858"><ele>675.0</ele></trkpt><trkpt lat="34.87255" lon="-83.28613000000001"><ele>674.0</ele></trkpt><trkpt lat="34.87263" lon="-83.28622000000001"><ele>675.0</ele></trkpt><trkpt lat="34.87273" lon="-83.28647999999998"><ele>671.0</ele></trkpt><trkpt lat="34.87282" lon="-83.28665000000001"><ele>667.0</ele></trkpt><trkpt lat="34.87296" lon="-83.28679999999997"><ele>666.0</ele></trkpt><trkpt lat="34.87328" lon="-83.28727000000003"><ele>663.0</ele></trkpt><trkpt lat="34.87338" lon="-83.28739000000002"><ele>665.0</ele></trkpt><trkpt lat="34.87347" lon="-83.28751999999997"><ele>668.0</ele></trkpt><trkpt lat="34.8735" lon="-83.28771999999998"><ele>668.0</ele></trkpt><trkpt lat="34.87359" lon="-83.28787999999997"><ele>668.0</ele></trkpt><trkpt lat="34.87376" lon="-83.28811000000002"><ele>669.0</ele></trkpt><trkpt lat="34.87379" lon="-83.28823"><ele>669.0</ele></trkpt><trkpt lat="34.87384" lon="-83.28834"><ele>670.0</ele></trkpt><trkpt lat="34.87386" lon="-83.28847999999999"><ele>671.0</ele></trkpt><trkpt lat="34.87384" lon="-83.28856999999999"><ele>671.0</ele></trkpt><trkpt lat="34.8739" lon="-83.28888"><ele>675.0</ele></trkpt><trkpt lat="34.8739" lon="-83.28888"><ele>675.0</ele></trkpt><trkpt lat="34.87398" lon="-83.28901000000002"><ele>678.0</ele></trkpt><trkpt lat="34.87399" lon="-83.28910000000002"><ele>678.0</ele></trkpt><trkpt lat="34.87409" lon="-83.28915999999998"><ele>680.0</ele></trkpt><trkpt lat="34.8747" lon="-83.28931"><ele>685.0</ele></trkpt><trkpt lat="34.87475" lon="-83.28935000000001"><ele>686.0</ele></trkpt><trkpt lat="34.87479" lon="-83.28946000000002"><ele>686.0</ele></trkpt><trkpt lat="34.87481" lon="-83.28969000000001"><ele>684.0</ele></trkpt><trkpt lat="34.87471" lon="-83.28989000000001"><ele>682.0</ele></trkpt><trkpt lat="34.87469" lon="-83.28998000000001"><ele>682.0</ele></trkpt><trkpt lat="34.87452" lon="-83.29005000000001"><ele>680.0</ele></trkpt><trkpt lat="34.87445523955377" lon="-83.29015253737322"><ele>680.0</ele></trkpt><trkpt lat="34.874453121052284" lon="-83.29015589170143"><ele>680.0</ele></trkpt><trkpt lat="34.8744" lon="-83.29023999999998"><ele>679.0</ele></trkpt><trkpt lat="34.87422" lon="-83.29039"><ele>679.0</ele></trkpt><trkpt lat="34.87418" lon="-83.29039999999998"><ele>678.0</ele></trkpt><trkpt lat="34.87404" lon="-83.29057999999998"><ele>678.0</ele></trkpt><trkpt lat="34.87375" lon="-83.29079000000002"><ele>674.0</ele></trkpt><trkpt lat="34.87369" lon="-83.29092000000003"><ele>672.0</ele></trkpt><trkpt lat="34.87354" lon="-83.29109"><ele>668.0</ele></trkpt><trkpt lat="34.8735" lon="-83.29124000000002"><ele>666.0</ele></trkpt><trkpt lat="34.87345" lon="-83.29129"><ele>665.0</ele></trkpt><trkpt lat="34.87342" lon="-83.29147"><ele>662.0</ele></trkpt><trkpt lat="34.87337" lon="-83.29154"><ele>661.0</ele></trkpt><trkpt lat="34.87329" lon="-83.29163"><ele>660.0</ele></trkpt><trkpt lat="34.87321" lon="-83.29164000000003"><ele>660.0</ele></trkpt><trkpt lat="34.87304" lon="-83.29192"><ele>657.0</ele></trkpt><trkpt lat="34.87297" lon="-83.29221000000001"><ele>653.0</ele></trkpt><trkpt lat="34.87298" lon="-83.29237"><ele>653.0</ele></trkpt><trkpt lat="34.87295" lon="-83.29257999999999"><ele>650.0</ele></trkpt><trkpt lat="34.87298" lon="-83.2928"><ele>650.0</ele></trkpt><trkpt lat="34.87293" lon="-83.293"><ele>652.0</ele></trkpt><trkpt lat="34.87294" lon="-83.29311000000001"><ele>654.0</ele></trkpt><trkpt lat="34.87285" lon="-83.29334"><ele>653.0</ele></trkpt><trkpt lat="34.87273" lon="-83.29352"><ele>648.0</ele></trkpt><trkpt lat="34.87273" lon="-83.29379"><ele>648.0</ele></trkpt><trkpt lat="34.87267" lon="-83.29390999999998"><ele>646.0</ele></trkpt><trkpt lat="34.8727" lon="-83.29406"><ele>646.0</ele></trkpt><trkpt lat="34.87278" lon="-83.29426999999998"><ele>647.0</ele></trkpt><trkpt lat="34.8728" lon="-83.29446000000002"><ele>644.0</ele></trkpt><trkpt lat="34.87295" lon="-83.29469"><ele>640.0</ele></trkpt><trkpt lat="34.87297" lon="-83.29479000000003"><ele>637.0</ele></trkpt><trkpt lat="34.87296" lon="-83.29482000000002"><ele>636.0</ele></trkpt><trkpt lat="34.87266" lon="-83.29485"><ele>627.0</ele></trkpt><trkpt lat="34.87253" lon="-83.29480999999998"><ele>626.0</ele></trkpt><trkpt lat="34.87234" lon="-83.29470000000003"><ele>627.0</ele></trkpt><trkpt lat="34.87218" lon="-83.29469"><ele>625.0</ele></trkpt><trkpt lat="34.872145861104926" lon="-83.29471793058258"><ele>626.0</ele></trkpt><trkpt lat="34.872145861104926" lon="-83.29471793058258"><ele>626.0</ele></trkpt><trkpt lat="34.87207" lon="-83.29478"><ele>629.0</ele></trkpt><trkpt lat="34.87207" lon="-83.29484000000002"><ele>631.0</ele></trkpt><trkpt lat="34.87211" lon="-83.29498000000001"><ele>635.0</ele></trkpt><trkpt lat="34.87232" lon="-83.29536000000002"><ele>638.0</ele></trkpt><trkpt lat="34.87236" lon="-83.29539"><ele>637.0</ele></trkpt><trkpt lat="34.87237" lon="-83.29547000000002"><ele>636.0</ele></trkpt><trkpt lat="34.87232" lon="-83.29559"><ele>633.0</ele></trkpt><trkpt lat="34.87207" lon="-83.29570999999999"><ele>639.0</ele></trkpt><trkpt lat="34.872" lon="-83.29572999999999"><ele>644.0</ele></trkpt><trkpt lat="34.87198" lon="-83.29581999999999"><ele>649.0</ele></trkpt><trkpt lat="34.87198" lon="-83.29604"><ele>657.0</ele></trkpt><trkpt lat="34.87204" lon="-83.29610000000002"><ele>654.0</ele></trkpt><trkpt lat="34.87204" lon="-83.29617000000002"><ele>656.0</ele></trkpt><trkpt lat="34.8721" lon="-83.29629"><ele>656.0</ele></trkpt><trkpt lat="34.87214" lon="-83.29645"><ele>653.0</ele></trkpt><trkpt lat="34.87216" lon="-83.29712"><ele>657.0</ele></trkpt><trkpt lat="34.87229" lon="-83.29734000000002"><ele>650.0</ele></trkpt><trkpt lat="34.87211" lon="-83.29730999999998"><ele>653.0</ele></trkpt><trkpt lat="34.87172" lon="-83.29737"><ele>659.0</ele></trkpt><trkpt lat="34.87148" lon="-83.29752000000002"><ele>670.0</ele></trkpt><trkpt lat="34.87137" lon="-83.29775000000001"><ele>679.0</ele></trkpt><trkpt lat="34.87134" lon="-83.29788000000002"><ele>679.0</ele></trkpt><trkpt lat="34.87134" lon="-83.29802999999998"><ele>682.0</ele></trkpt><trkpt lat="34.8714" lon="-83.29834"><ele>684.0</ele></trkpt><trkpt lat="34.8714" lon="-83.29834"><ele>684.0</ele></trkpt><trkpt lat="34.87144" lon="-83.29847000000001"><ele>682.0</ele></trkpt><trkpt lat="34.87144" lon="-83.29852"><ele>682.0</ele></trkpt><trkpt lat="34.8714" lon="-83.29854999999998"><ele>681.0</ele></trkpt><trkpt lat="34.87124" lon="-83.29849999999999"><ele>687.0</ele></trkpt><trkpt lat="34.87115" lon="-83.29853000000003"><ele>688.0</ele></trkpt><trkpt lat="34.87071" lon="-83.29852"><ele>694.0</ele></trkpt><trkpt lat="34.87058" lon="-83.29844000000003"><ele>697.0</ele></trkpt><trkpt lat="34.8703" lon="-83.29836999999998"><ele>705.0</ele></trkpt><trkpt lat="34.87012" lon="-83.29854999999998"><ele>710.0</ele></trkpt><trkpt lat="34.87011" lon="-83.29862000000003"><ele>711.0</ele></trkpt><trkpt lat="34.86992" lon="-83.29889000000003"><ele>712.0</ele></trkpt><trkpt lat="34.86991" lon="-83.29895999999997"><ele>712.0</ele></trkpt><trkpt lat="34.86989" lon="-83.29940999999997"><ele>713.0</ele></trkpt><trkpt lat="34.86985" lon="-83.29964000000001"><ele>713.0</ele></trkpt><trkpt lat="34.86985" lon="-83.29994999999997"><ele>715.0</ele></trkpt><trkpt lat="34.86978" lon="-83.3003"><ele>711.0</ele></trkpt><trkpt lat="34.8698" lon="-83.30045000000001"><ele>709.0</ele></trkpt><trkpt lat="34.87032" lon="-83.30092000000002"><ele>721.0</ele></trkpt><trkpt lat="34.8704" lon="-83.30108999999999"><ele>725.0</ele></trkpt><trkpt lat="34.87052" lon="-83.30150000000003"><ele>732.0</ele></trkpt><trkpt lat="34.87049" lon="-83.30159000000003"><ele>732.0</ele></trkpt><trkpt lat="34.87053" lon="-83.30182000000002"><ele>737.0</ele></trkpt><trkpt lat="34.8705" lon="-83.30212"><ele>741.0</ele></trkpt><trkpt lat="34.87053" lon="-83.30225999999999"><ele>745.0</ele></trkpt><trkpt lat="34.87031" lon="-83.30315999999999"><ele>748.0</ele></trkpt><trkpt lat="34.87035" lon="-83.30336999999997"><ele>747.0</ele></trkpt><trkpt lat="34.87033" lon="-83.30363999999997"><ele>745.0</ele></trkpt><trkpt lat="34.87043" lon="-83.3039"><ele>750.0</ele></trkpt><trkpt lat="34.87046" lon="-83.3041"><ele>753.0</ele></trkpt><trkpt lat="34.87049" lon="-83.30439000000001"><ele>757.0</ele></trkpt><trkpt lat="34.87046" lon="-83.30452000000002"><ele>758.0</ele></trkpt><trkpt lat="34.87048" lon="-83.30507999999998"><ele>754.0</ele></trkpt><trkpt lat="34.87054" lon="-83.30525999999998"><ele>752.0</ele></trkpt><trkpt lat="34.87059" lon="-83.30552999999998"><ele>750.0</ele></trkpt><trkpt lat="34.87067" lon="-83.30574000000001"><ele>750.0</ele></trkpt><trkpt lat="34.87074" lon="-83.30614000000003"><ele>751.0</ele></trkpt><trkpt lat="34.87071" lon="-83.30637999999999"><ele>751.0</ele></trkpt><trkpt lat="34.87067" lon="-83.30647999999997"><ele>750.0</ele></trkpt><trkpt lat="34.87069" lon="-83.30692999999997"><ele>749.0</ele></trkpt><trkpt lat="34.8706" lon="-83.30718000000002"><ele>750.0</ele></trkpt><trkpt lat="34.8706" lon="-83.30728999999997"><ele>752.0</ele></trkpt><trkpt lat="34.87055" lon="-83.30734999999999"><ele>751.0</ele></trkpt><trkpt lat="34.87053" lon="-83.30766"><ele>756.0</ele></trkpt><trkpt lat="34.87065" lon="-83.30794000000003"><ele>763.0</ele></trkpt><trkpt lat="34.87061" lon="-83.30833999999999"><ele>767.0</ele></trkpt><trkpt lat="34.87074" lon="-83.30860000000001"><ele>774.0</ele></trkpt><trkpt lat="34.871" lon="-83.30892"><ele>784.0</ele></trkpt><trkpt lat="34.87104" lon="-83.30903"><ele>787.0</ele></trkpt><trkpt lat="34.87105" lon="-83.30925000000002"><ele>792.0</ele></trkpt><trkpt lat="34.87098" lon="-83.30977000000001"><ele>800.0</ele></trkpt><trkpt lat="34.871" lon="-83.30991"><ele>804.0</ele></trkpt><trkpt lat="34.87099" lon="-83.31006000000002"><ele>806.0</ele></trkpt><trkpt lat="34.87096" lon="-83.31016999999997"><ele>807.0</ele></trkpt><trkpt lat="34.87082" lon="-83.31040999999999"><ele>808.0</ele></trkpt><trkpt lat="34.87084" lon="-83.31058999999999"><ele>809.0</ele></trkpt><trkpt lat="34.8708" lon="-83.31067999999999"><ele>809.0</ele></trkpt><trkpt lat="34.87079" lon="-83.31083000000001"><ele>810.0</ele></trkpt><trkpt lat="34.87075" lon="-83.31096000000002"><ele>810.0</ele></trkpt><trkpt lat="34.87081" lon="-83.31124999999997"><ele>816.0</ele></trkpt><trkpt lat="34.87077" lon="-83.31139000000002"><ele>817.0</ele></trkpt><trkpt lat="34.87069" lon="-83.31144"><ele>818.0</ele></trkpt><trkpt lat="34.8706" lon="-83.31155000000001"><ele>821.0</ele></trkpt><trkpt lat="34.87066" lon="-83.31175000000002"><ele>822.0</ele></trkpt><trkpt lat="34.87058" lon="-83.31187999999997"><ele>827.0</ele></trkpt><trkpt lat="34.87061" lon="-83.31239"><ele>832.0</ele></trkpt><trkpt lat="34.87044" lon="-83.31279999999998"><ele>837.0</ele></trkpt><trkpt lat="34.87035" lon="-83.31292000000002"><ele>837.0</ele></trkpt><trkpt lat="34.86977" lon="-83.31310000000002"><ele>834.0</ele></trkpt><trkpt lat="34.86969" lon="-83.31319000000002"><ele>831.0</ele></trkpt><trkpt lat="34.86956" lon="-83.31347"><ele>826.0</ele></trkpt><trkpt lat="34.8695" lon="-83.31353000000001"><ele>826.0</ele></trkpt><trkpt lat="34.86945" lon="-83.31376"><ele>825.0</ele></trkpt><trkpt lat="34.86929" lon="-83.31396999999998"><ele>823.0</ele></trkpt><trkpt lat="34.86924" lon="-83.31412"><ele>821.0</ele></trkpt><trkpt lat="34.86922" lon="-83.31423999999998"><ele>820.0</ele></trkpt><trkpt lat="34.86914" lon="-83.31434999999999"><ele>818.0</ele></trkpt><trkpt lat="34.86912620364739" lon="-83.31438334118548"><ele>817.0</ele></trkpt><trkpt lat="34.86911877283114" lon="-83.31440129902228"><ele>817.0</ele></trkpt><trkpt lat="34.86902" lon="-83.31464"><ele>813.0</ele></trkpt><trkpt lat="34.869" lon="-83.31495999999999"><ele>809.0</ele></trkpt><trkpt lat="34.86902" lon="-83.31504000000001"><ele>810.0</ele></trkpt><trkpt lat="34.86903" lon="-83.31543999999997"><ele>815.0</ele></trkpt><trkpt lat="34.86908" lon="-83.31554"><ele>818.0</ele></trkpt><trkpt lat="34.86908" lon="-83.31567999999999"><ele>818.0</ele></trkpt><trkpt lat="34.86897" lon="-83.31603000000001"><ele>816.0</ele></trkpt><trkpt lat="34.86882" lon="-83.31619"><ele>812.0</ele></trkpt><trkpt lat="34.8686" lon="-83.31646999999998"><ele>805.0</ele></trkpt><trkpt lat="34.86851" lon="-83.31654000000003"><ele>804.0</ele></trkpt><trkpt lat="34.86833" lon="-83.31678999999997"><ele>800.0</ele></trkpt><trkpt lat="34.86804" lon="-83.31731000000002"><ele>801.0</ele></trkpt><trkpt lat="34.8679" lon="-83.31741"><ele>800.0</ele></trkpt><trkpt lat="34.8679" lon="-83.31741"><ele>800.0</ele></trkpt><trkpt lat="34.86775" lon="-83.31759"><ele>798.0</ele></trkpt><trkpt lat="34.86775" lon="-83.31759"><ele>798.0</ele></trkpt><trkpt lat="34.86765" lon="-83.31774000000001"><ele>797.0</ele></trkpt><trkpt lat="34.86765" lon="-83.31786"><ele>796.0</ele></trkpt><trkpt lat="34.86742" lon="-83.31816000000003"><ele>796.0</ele></trkpt><trkpt lat="34.86738" lon="-83.31830000000002"><ele>794.0</ele></trkpt><trkpt lat="34.86729" lon="-83.31833"><ele>795.0</ele></trkpt><trkpt lat="34.86704" lon="-83.31864000000002"><ele>797.0</ele></trkpt><trkpt lat="34.86696" lon="-83.31879000000004"><ele>798.0</ele></trkpt><trkpt lat="34.86674" lon="-83.31893000000002"><ele>794.0</ele></trkpt><trkpt lat="34.86669" lon="-83.31907999999999"><ele>793.0</ele></trkpt><trkpt lat="34.86648" lon="-83.31936000000002"><ele>788.0</ele></trkpt><trkpt lat="34.86622" lon="-83.3195"><ele>796.0</ele></trkpt><trkpt lat="34.86602" lon="-83.31954000000002"><ele>800.0</ele></trkpt><trkpt lat="34.86594" lon="-83.31957999999997"><ele>803.0</ele></trkpt><trkpt lat="34.86588" lon="-83.31957999999997"><ele>804.0</ele></trkpt><trkpt lat="34.86571" lon="-83.31970000000001"><ele>808.0</ele></trkpt><trkpt lat="34.86562" lon="-83.31966999999997"><ele>806.0</ele></trkpt><trkpt lat="34.86561" lon="-83.31970000000001"><ele>807.0</ele></trkpt><trkpt lat="34.86563" lon="-83.31974000000002"><ele>809.0</ele></trkpt><trkpt lat="34.8657" lon="-83.31983000000002"><ele>813.0</ele></trkpt><trkpt lat="34.86592" lon="-83.31997999999999"><ele>816.0</ele></trkpt><trkpt lat="34.86597" lon="-83.32006999999999"><ele>815.0</ele></trkpt><trkpt lat="34.86597" lon="-83.32031"><ele>817.0</ele></trkpt><trkpt lat="34.86597" lon="-83.32031"><ele>817.0</ele></trkpt><trkpt lat="34.86608" lon="-83.32062000000002"><ele>822.0</ele></trkpt><trkpt lat="34.86622" lon="-83.32078999999999"><ele>826.0</ele></trkpt><trkpt lat="34.86637" lon="-83.32082000000003"><ele>825.0</ele></trkpt><trkpt lat="34.86644" lon="-83.32094000000001"><ele>826.0</ele></trkpt><trkpt lat="34.8666" lon="-83.32108"><ele>827.0</ele></trkpt><trkpt lat="34.86688" lon="-83.32116000000002"><ele>824.0</ele></trkpt><trkpt lat="34.86693" lon="-83.32119999999998"><ele>824.0</ele></trkpt><trkpt lat="34.86698" lon="-83.32128"><ele>821.0</ele></trkpt><trkpt lat="34.86687" lon="-83.32139999999998"><ele>817.0</ele></trkpt><trkpt lat="34.86654" lon="-83.32150999999999"><ele>818.0</ele></trkpt><trkpt lat="34.86646" lon="-83.32163000000003"><ele>817.0</ele></trkpt><trkpt lat="34.86636" lon="-83.32184999999998"><ele>810.0</ele></trkpt><trkpt lat="34.8663" lon="-83.32187999999996"><ele>811.0</ele></trkpt><trkpt lat="34.86621" lon="-83.32199000000003"><ele>808.0</ele></trkpt><trkpt lat="34.86611" lon="-83.32202999999998"><ele>806.0</ele></trkpt><trkpt lat="34.86601" lon="-83.32202999999998"><ele>803.0</ele></trkpt><trkpt lat="34.86591" lon="-83.322"><ele>804.0</ele></trkpt><trkpt lat="34.86583" lon="-83.32193999999998"><ele>811.0</ele></trkpt><trkpt lat="34.86574" lon="-83.32205999999996"><ele>811.0</ele></trkpt><trkpt lat="34.8657" lon="-83.32222000000002"><ele>805.0</ele></trkpt><trkpt lat="34.86559" lon="-83.32232999999997"><ele>797.0</ele></trkpt><trkpt lat="34.86551" lon="-83.32235000000003"><ele>793.0</ele></trkpt><trkpt lat="34.86538" lon="-83.32234"><ele>792.0</ele></trkpt><trkpt lat="34.86523" lon="-83.32240999999999"><ele>797.0</ele></trkpt><trkpt lat="34.86517" lon="-83.32258000000002"><ele>792.0</ele></trkpt><trkpt lat="34.86507" lon="-83.32265000000001"><ele>791.0</ele></trkpt><trkpt lat="34.86493" lon="-83.32268999999997"><ele>790.0</ele></trkpt><trkpt lat="34.86466" lon="-83.32288"><ele>808.0</ele></trkpt><trkpt lat="34.86467" lon="-83.32299"><ele>805.0</ele></trkpt><trkpt lat="34.86463" lon="-83.32312999999999"><ele>802.0</ele></trkpt><trkpt lat="34.86434" lon="-83.32337999999999"><ele>806.0</ele></trkpt><trkpt lat="34.86452" lon="-83.32358999999997"><ele>808.0</ele></trkpt><trkpt lat="34.86458" lon="-83.32362"><ele>806.0</ele></trkpt><trkpt lat="34.86461" lon="-83.32357000000002"><ele>804.0</ele></trkpt><trkpt lat="34.86464" lon="-83.32357000000002"><ele>803.0</ele></trkpt><trkpt lat="34.86476" lon="-83.32366000000002"><ele>798.0</ele></trkpt><trkpt lat="34.86494" lon="-83.32403999999997"><ele>791.0</ele></trkpt><trkpt lat="34.86496" lon="-83.32412"><ele>789.0</ele></trkpt><trkpt lat="34.86493" lon="-83.32420000000002"><ele>791.0</ele></trkpt><trkpt lat="34.86496" lon="-83.32427000000001"><ele>790.0</ele></trkpt><trkpt lat="34.86514" lon="-83.32452999999998"><ele>782.0</ele></trkpt><trkpt lat="34.86516" lon="-83.32461"><ele>780.0</ele></trkpt><trkpt lat="34.86504" lon="-83.32483000000002"><ele>774.0</ele></trkpt><trkpt lat="34.86483" lon="-83.32499000000001"><ele>775.0</ele></trkpt><trkpt lat="34.86483" lon="-83.32510000000002"><ele>778.0</ele></trkpt><trkpt lat="34.86498" lon="-83.32526000000001"><ele>770.0</ele></trkpt><trkpt lat="34.86507" lon="-83.32550000000003"><ele>763.0</ele></trkpt><trkpt lat="34.86486" lon="-83.32565"><ele>776.0</ele></trkpt><trkpt lat="34.86501" lon="-83.32571000000002"><ele>773.0</ele></trkpt><trkpt lat="34.86513" lon="-83.32571999999999"><ele>768.0</ele></trkpt><trkpt lat="34.86523" lon="-83.32592999999997"><ele>767.0</ele></trkpt><trkpt lat="34.86518" lon="-83.32609000000002"><ele>769.0</ele></trkpt><trkpt lat="34.86519" lon="-83.32623000000001"><ele>766.0</ele></trkpt><trkpt lat="34.86523" lon="-83.32622000000003"><ele>763.0</ele></trkpt><trkpt lat="34.86525" lon="-83.32628"><ele>763.0</ele></trkpt><trkpt lat="34.8653" lon="-83.32632999999998"><ele>766.0</ele></trkpt><trkpt lat="34.86545" lon="-83.32622000000003"><ele>761.0</ele></trkpt><trkpt lat="34.86555" lon="-83.32610999999997"><ele>756.0</ele></trkpt><trkpt lat="34.86594" lon="-83.32595000000003"><ele>752.0</ele></trkpt><trkpt lat="34.86638" lon="-83.32595000000003"><ele>747.0</ele></trkpt><trkpt lat="34.86666" lon="-83.32609000000002"><ele>744.0</ele></trkpt><trkpt lat="34.86679" lon="-83.32634999999999"><ele>743.0</ele></trkpt><trkpt lat="34.86691" lon="-83.32641999999998"><ele>739.0</ele></trkpt><trkpt lat="34.86698" lon="-83.32654000000002"><ele>737.0</ele></trkpt><trkpt lat="34.86707" lon="-83.32661999999999"><ele>733.0</ele></trkpt><trkpt lat="34.86707" lon="-83.32670999999999"><ele>731.0</ele></trkpt><trkpt lat="34.86703" lon="-83.32681000000002"><ele>731.0</ele></trkpt><trkpt lat="34.86707" lon="-83.32693"><ele>733.0</ele></trkpt><trkpt lat="34.86711" lon="-83.32695000000001"><ele>733.0</ele></trkpt><trkpt lat="34.86722" lon="-83.32691"><ele>729.0</ele></trkpt><trkpt lat="34.86741" lon="-83.32726000000002"><ele>726.0</ele></trkpt><trkpt lat="34.86758" lon="-83.32733000000002"><ele>727.0</ele></trkpt><trkpt lat="34.86769" lon="-83.32747999999998"><ele>731.0</ele></trkpt><trkpt lat="34.8679" lon="-83.32763999999997"><ele>730.0</ele></trkpt><trkpt lat="34.8679" lon="-83.32763999999997"><ele>730.0</ele></trkpt><trkpt lat="34.86804" lon="-83.32776999999999"><ele>731.0</ele></trkpt><trkpt lat="34.86805" lon="-83.32785000000001"><ele>731.0</ele></trkpt><trkpt lat="34.86803" lon="-83.32794999999999"><ele>732.0</ele></trkpt><trkpt lat="34.8679" lon="-83.32812999999999"><ele>731.0</ele></trkpt><trkpt lat="34.8679" lon="-83.32812999999999"><ele>731.0</ele></trkpt><trkpt lat="34.86755" lon="-83.32825000000003"><ele>738.0</ele></trkpt><trkpt lat="34.86752" lon="-83.32828999999998"><ele>740.0</ele></trkpt><trkpt lat="34.86753" lon="-83.32841000000002"><ele>740.0</ele></trkpt><trkpt lat="34.86763" lon="-83.32859000000002"><ele>740.0</ele></trkpt><trkpt lat="34.86763" lon="-83.32871"><ele>741.0</ele></trkpt><trkpt lat="34.86749" lon="-83.32902999999999"><ele>744.0</ele></trkpt><trkpt lat="34.86724" lon="-83.32914"><ele>745.0</ele></trkpt><trkpt lat="34.86706" lon="-83.32914"><ele>743.0</ele></trkpt><trkpt lat="34.86701" lon="-83.32911000000001"><ele>744.0</ele></trkpt><trkpt lat="34.86689" lon="-83.32909999999998"><ele>747.0</ele></trkpt><trkpt lat="34.86655" lon="-83.32911000000001"><ele>755.0</ele></trkpt><trkpt lat="34.86651" lon="-83.32914"><ele>758.0</ele></trkpt><trkpt lat="34.8665" lon="-83.32922000000002"><ele>762.0</ele></trkpt><trkpt lat="34.86668" lon="-83.32932"><ele>759.0</ele></trkpt><trkpt lat="34.86672" lon="-83.32938999999999"><ele>758.0</ele></trkpt><trkpt lat="34.86666" lon="-83.32965999999999"><ele>753.0</ele></trkpt><trkpt lat="34.86659" lon="-83.32974000000002"><ele>751.0</ele></trkpt><trkpt lat="34.86632" lon="-83.32974999999999"><ele>759.0</ele></trkpt><trkpt lat="34.86629" lon="-83.32977"><ele>760.0</ele></trkpt><trkpt lat="34.86611" lon="-83.33004"><ele>770.0</ele></trkpt><trkpt lat="34.86615" lon="-83.33019999999999"><ele>776.0</ele></trkpt><trkpt lat="34.86629" lon="-83.33029999999997"><ele>776.0</ele></trkpt><trkpt lat="34.86652" lon="-83.33033999999998"><ele>774.0</ele></trkpt><trkpt lat="34.86657" lon="-83.3304"><ele>775.0</ele></trkpt><trkpt lat="34.86664" lon="-83.33051"><ele>774.0</ele></trkpt><trkpt lat="34.86667" lon="-83.33060999999998"><ele>773.0</ele></trkpt><trkpt lat="34.86671" lon="-83.33064999999999"><ele>772.0</ele></trkpt><trkpt lat="34.86672" lon="-83.33098000000001"><ele>768.0</ele></trkpt><trkpt lat="34.86684" lon="-83.33109000000002"><ele>766.0</ele></trkpt><trkpt lat="34.86698" lon="-83.33128999999997"><ele>761.0</ele></trkpt><trkpt lat="34.86711" lon="-83.33134999999999"><ele>763.0</ele></trkpt><trkpt lat="34.86755" lon="-83.33116000000001"><ele>768.0</ele></trkpt><trkpt lat="34.86776" lon="-83.33098999999999"><ele>768.0</ele></trkpt><trkpt lat="34.8679" lon="-83.33096"><ele>767.0</ele></trkpt><trkpt lat="34.8679" lon="-83.33096"><ele>767.0</ele></trkpt><trkpt lat="34.86803" lon="-83.33092999999997"><ele>766.0</ele></trkpt><trkpt lat="34.86831" lon="-83.33103"><ele>761.0</ele></trkpt><trkpt lat="34.86854" lon="-83.33116999999999"><ele>758.0</ele></trkpt><trkpt lat="34.86866" lon="-83.33118999999999"><ele>757.0</ele></trkpt><trkpt lat="34.86878" lon="-83.33116999999999"><ele>759.0</ele></trkpt><trkpt lat="34.86893" lon="-83.33123999999998"><ele>760.0</ele></trkpt><trkpt lat="34.86909" lon="-83.33136000000002"><ele>759.0</ele></trkpt><trkpt lat="34.86917" lon="-83.33134000000001"><ele>759.0</ele></trkpt><trkpt lat="34.8692" lon="-83.33109000000002"><ele>761.0</ele></trkpt><trkpt lat="34.86932" lon="-83.33087"><ele>760.0</ele></trkpt><trkpt lat="34.86941" lon="-83.33080000000001"><ele>760.0</ele></trkpt><trkpt lat="34.8695" lon="-83.33067"><ele>760.0</ele></trkpt><trkpt lat="34.86961" lon="-83.33060999999998"><ele>760.0</ele></trkpt><trkpt lat="34.86987" lon="-83.3306"><ele>759.0</ele></trkpt><trkpt lat="34.86996" lon="-83.33065999999997"><ele>760.0</ele></trkpt><trkpt lat="34.87011" lon="-83.33068000000003"><ele>759.0</ele></trkpt><trkpt lat="34.87022" lon="-83.33073000000002"><ele>757.0</ele></trkpt><trkpt lat="34.87034" lon="-83.33085"><ele>757.0</ele></trkpt><trkpt lat="34.87049" lon="-83.33091000000002"><ele>753.0</ele></trkpt><trkpt lat="34.87056" lon="-83.33096999999998"><ele>755.0</ele></trkpt><trkpt lat="34.87059" lon="-83.33096"><ele>755.0</ele></trkpt><trkpt lat="34.87074" lon="-83.33101999999997"><ele>760.0</ele></trkpt><trkpt lat="34.87084" lon="-83.33121"><ele>763.0</ele></trkpt><trkpt lat="34.87088" lon="-83.33136000000002"><ele>767.0</ele></trkpt><trkpt lat="34.87093" lon="-83.33137999999997"><ele>766.0</ele></trkpt><trkpt lat="34.87106" lon="-83.33139"><ele>765.0</ele></trkpt><trkpt lat="34.87126" lon="-83.33132999999998"><ele>760.0</ele></trkpt><trkpt lat="34.87149" lon="-83.33136999999999"><ele>767.0</ele></trkpt><trkpt lat="34.87161" lon="-83.33140000000003"><ele>771.0</ele></trkpt><trkpt lat="34.87185" lon="-83.33155999999997"><ele>773.0</ele></trkpt><trkpt lat="34.87206" lon="-83.33161999999999"><ele>775.0</ele></trkpt><trkpt lat="34.87227" lon="-83.33161999999999"><ele>775.0</ele></trkpt><trkpt lat="34.87249" lon="-83.33172000000002"><ele>775.0</ele></trkpt><trkpt lat="34.87255" lon="-83.33182"><ele>774.0</ele></trkpt><trkpt lat="34.8726" lon="-83.33212000000003"><ele>772.0</ele></trkpt><trkpt lat="34.87272" lon="-83.33227999999997"><ele>765.0</ele></trkpt><trkpt lat="34.87291" lon="-83.3322"><ele>768.0</ele></trkpt><trkpt lat="34.87311" lon="-83.33206999999999"><ele>767.0</ele></trkpt><trkpt lat="34.8732" lon="-83.33197000000001"><ele>765.0</ele></trkpt><trkpt lat="34.87345" lon="-83.33163000000002"><ele>761.0</ele></trkpt><trkpt lat="34.87353" lon="-83.33155999999997"><ele>761.0</ele></trkpt><trkpt lat="34.87365" lon="-83.33136999999999"><ele>759.0</ele></trkpt><trkpt lat="34.87369" lon="-83.33136999999999"><ele>759.0</ele></trkpt><trkpt lat="34.87384" lon="-83.33152999999999"><ele>756.0</ele></trkpt><trkpt lat="34.87388" lon="-83.33170999999999"><ele>753.0</ele></trkpt><trkpt lat="34.87381" lon="-83.33206000000001"><ele>748.0</ele></trkpt><trkpt lat="34.87377" lon="-83.33212000000003"><ele>746.0</ele></trkpt><trkpt lat="34.87364" lon="-83.33222"><ele>746.0</ele></trkpt><trkpt lat="34.8736" lon="-83.33230000000003"><ele>747.0</ele></trkpt><trkpt lat="34.87367" lon="-83.33263"><ele>746.0</ele></trkpt><trkpt lat="34.87372" lon="-83.33272"><ele>743.0</ele></trkpt><trkpt lat="34.87374" lon="-83.33281999999997"><ele>741.0</ele></trkpt><trkpt lat="34.87372" lon="-83.33292"><ele>740.0</ele></trkpt><trkpt lat="34.87372" lon="-83.33292"><ele>740.0</ele></trkpt><trkpt lat="34.87368" lon="-83.33332000000001"><ele>740.0</ele></trkpt><trkpt lat="34.8737" lon="-83.33341000000001"><ele>741.0</ele></trkpt><trkpt lat="34.87381" lon="-83.33350999999999"><ele>739.0</ele></trkpt><trkpt lat="34.8739" lon="-83.33370000000002"><ele>736.0</ele></trkpt><trkpt lat="34.87416" lon="-83.33386999999999"><ele>731.0</ele></trkpt><trkpt lat="34.87421" lon="-83.33398999999997"><ele>730.0</ele></trkpt><trkpt lat="34.87425" lon="-83.33401000000003"><ele>729.0</ele></trkpt><trkpt lat="34.87427" lon="-83.33437000000004"><ele>723.0</ele></trkpt><trkpt lat="34.87425" lon="-83.33449999999999"><ele>720.0</ele></trkpt><trkpt lat="34.87421" lon="-83.33454999999998"><ele>717.0</ele></trkpt><trkpt lat="34.87387" lon="-83.33458999999999"><ele>716.0</ele></trkpt><trkpt lat="34.87372" lon="-83.33463999999998"><ele>723.0</ele></trkpt><trkpt lat="34.87369" lon="-83.33478000000002"><ele>728.0</ele></trkpt><trkpt lat="34.8737" lon="-83.33488"><ele>731.0</ele></trkpt><trkpt lat="34.87387" lon="-83.33494000000002"><ele>728.0</ele></trkpt><trkpt lat="34.87417" lon="-83.33512999999999"><ele>727.0</ele></trkpt><trkpt lat="34.87429" lon="-83.33517"><ele>724.0</ele></trkpt><trkpt lat="34.87458" lon="-83.33503000000002"><ele>722.0</ele></trkpt><trkpt lat="34.87466" lon="-83.33501000000001"><ele>723.0</ele></trkpt><trkpt lat="34.87484" lon="-83.33501999999999"><ele>722.0</ele></trkpt><trkpt lat="34.87504" lon="-83.33521999999999"><ele>722.0</ele></trkpt><trkpt lat="34.87509" lon="-83.33535"><ele>721.0</ele></trkpt><trkpt lat="34.87518" lon="-83.33542999999997"><ele>720.0</ele></trkpt><trkpt lat="34.87538" lon="-83.33535"><ele>721.0</ele></trkpt><trkpt lat="34.87543" lon="-83.33530000000002"><ele>719.0</ele></trkpt><trkpt lat="34.87545" lon="-83.33521999999999"><ele>717.0</ele></trkpt><trkpt lat="34.87555" lon="-83.33521000000002"><ele>718.0</ele></trkpt><trkpt lat="34.87562" lon="-83.33512999999999"><ele>718.0</ele></trkpt><trkpt lat="34.87574" lon="-83.33508"><ele>718.0</ele></trkpt><trkpt lat="34.87581" lon="-83.33508999999998"><ele>719.0</ele></trkpt><trkpt lat="34.87595" lon="-83.33519000000001"><ele>717.0</ele></trkpt><trkpt lat="34.87608" lon="-83.33539000000002"><ele>715.0</ele></trkpt><trkpt lat="34.8761" lon="-83.33546999999999"><ele>714.0</ele></trkpt><trkpt lat="34.87624" lon="-83.33564000000001"><ele>713.0</ele></trkpt><trkpt lat="34.87629" lon="-83.3356"><ele>711.0</ele></trkpt><trkpt lat="34.87648" lon="-83.33578"><ele>710.0</ele></trkpt><trkpt lat="34.87662" lon="-83.33575000000002"><ele>707.0</ele></trkpt><trkpt lat="34.87689" lon="-83.33578999999997"><ele>704.0</ele></trkpt><trkpt lat="34.87707" lon="-83.33598"><ele>699.0</ele></trkpt><trkpt lat="34.8771" lon="-83.33609000000001"><ele>696.0</ele></trkpt><trkpt lat="34.87705" lon="-83.33618999999999"><ele>694.0</ele></trkpt><trkpt lat="34.87694" lon="-83.33625"><ele>694.0</ele></trkpt><trkpt lat="34.87677" lon="-83.33656000000002"><ele>695.0</ele></trkpt><trkpt lat="34.8768" lon="-83.33663999999999"><ele>693.0</ele></trkpt><trkpt lat="34.8768" lon="-83.33675"><ele>691.0</ele></trkpt><trkpt lat="34.87671" lon="-83.33695"><ele>689.0</ele></trkpt><trkpt lat="34.87664" lon="-83.33702"><ele>693.0</ele></trkpt><trkpt lat="34.87665" lon="-83.33706999999998"><ele>694.0</ele></trkpt><trkpt lat="34.87686" lon="-83.33724999999998"><ele>688.0</ele></trkpt><trkpt lat="34.87686" lon="-83.33724999999998"><ele>688.0</ele></trkpt><trkpt lat="34.87686" lon="-83.33724999999998"><ele>688.0</ele></trkpt><trkpt lat="34.87689" lon="-83.33731"><ele>686.0</ele></trkpt><trkpt lat="34.87688" lon="-83.33751999999998"><ele>681.0</ele></trkpt><trkpt lat="34.87678" lon="-83.33767999999998"><ele>678.0</ele></trkpt><trkpt lat="34.87667" lon="-83.33776"><ele>677.0</ele></trkpt><trkpt lat="34.87647" lon="-83.33796999999998"><ele>671.0</ele></trkpt><trkpt lat="34.87647" lon="-83.33803"><ele>669.0</ele></trkpt><trkpt lat="34.87653" lon="-83.33807999999999"><ele>666.0</ele></trkpt><trkpt lat="34.87675" lon="-83.33807999999999"><ele>666.0</ele></trkpt><trkpt lat="34.87679" lon="-83.33814000000001"><ele>664.0</ele></trkpt><trkpt lat="34.8767" lon="-83.33825999999999"><ele>661.0</ele></trkpt><trkpt lat="34.87667" lon="-83.33835999999997"><ele>658.0</ele></trkpt><trkpt lat="34.87658" lon="-83.33841999999999"><ele>654.0</ele></trkpt><trkpt lat="34.87656" lon="-83.33861999999999"><ele>655.0</ele></trkpt><trkpt lat="34.87659" lon="-83.33898999999997"><ele>653.0</ele></trkpt><trkpt lat="34.87673" lon="-83.33907999999997"><ele>660.0</ele></trkpt><trkpt lat="34.87669" lon="-83.3392"><ele>662.0</ele></trkpt><trkpt lat="34.87674" lon="-83.33928000000003"><ele>665.0</ele></trkpt><trkpt lat="34.87679" lon="-83.33933000000002"><ele>667.0</ele></trkpt><trkpt lat="34.87684" lon="-83.33931999999999"><ele>667.0</ele></trkpt><trkpt lat="34.87692" lon="-83.33938999999998"><ele>669.0</ele></trkpt><trkpt lat="34.87707" lon="-83.33945"><ele>672.0</ele></trkpt><trkpt lat="34.87718" lon="-83.33946000000003"><ele>674.0</ele></trkpt><trkpt lat="34.87743" lon="-83.33961"><ele>681.0</ele></trkpt><trkpt lat="34.87768" lon="-83.33988999999997"><ele>688.0</ele></trkpt><trkpt lat="34.87787" lon="-83.34000000000003"><ele>694.0</ele></trkpt><trkpt lat="34.87837" lon="-83.33982000000003"><ele>698.0</ele></trkpt><trkpt lat="34.87865" lon="-83.34000000000003"><ele>710.0</ele></trkpt><trkpt lat="34.87878" lon="-83.34003999999999"><ele>710.0</ele></trkpt><trkpt lat="34.87891" lon="-83.34001"><ele>709.0</ele></trkpt><trkpt lat="34.87904" lon="-83.34012999999999"><ele>712.0</ele></trkpt><trkpt lat="34.87906" lon="-83.34019999999998"><ele>712.0</ele></trkpt><trkpt lat="34.87903" lon="-83.34028"><ele>714.0</ele></trkpt><trkpt lat="34.87895" lon="-83.34037999999998"><ele>717.0</ele></trkpt><trkpt lat="34.87879" lon="-83.34042999999997"><ele>721.0</ele></trkpt><trkpt lat="34.87871" lon="-83.34048999999999"><ele>724.0</ele></trkpt><trkpt lat="34.87857" lon="-83.34068000000002"><ele>729.0</ele></trkpt><trkpt lat="34.87845" lon="-83.34100000000001"><ele>727.0</ele></trkpt><trkpt lat="34.87844" lon="-83.34129999999999"><ele>727.0</ele></trkpt><trkpt lat="34.87834" lon="-83.34159"><ele>730.0</ele></trkpt><trkpt lat="34.87833301195955" lon="-83.34160339374421"><ele>730.0</ele></trkpt><trkpt lat="34.878316217806265" lon="-83.34163558256466"><ele>731.0</ele></trkpt><trkpt lat="34.87822" lon="-83.34181999999998"><ele>733.0</ele></trkpt><trkpt lat="34.87808" lon="-83.34194000000002"><ele>731.0</ele></trkpt><trkpt lat="34.87796" lon="-83.34217000000001"><ele>731.0</ele></trkpt><trkpt lat="34.87799" lon="-83.34228999999999"><ele>732.0</ele></trkpt><trkpt lat="34.87799" lon="-83.34228999999999"><ele>732.0</ele></trkpt><trkpt lat="34.87796" lon="-83.34251999999998"><ele>735.0</ele></trkpt><trkpt lat="34.87798" lon="-83.34276999999997"><ele>740.0</ele></trkpt><trkpt lat="34.8781" lon="-83.34309000000002"><ele>739.0</ele></trkpt><trkpt lat="34.87826" lon="-83.34325000000001"><ele>732.0</ele></trkpt><trkpt lat="34.87839" lon="-83.34366"><ele>722.0</ele></trkpt><trkpt lat="34.87845" lon="-83.344"><ele>717.0</ele></trkpt><trkpt lat="34.87837" lon="-83.3449"><ele>699.0</ele></trkpt><trkpt lat="34.87828" lon="-83.34537"><ele>697.0</ele></trkpt><trkpt lat="34.87813" lon="-83.34573999999998"><ele>678.0</ele></trkpt><trkpt lat="34.87803" lon="-83.34609"><ele>677.0</ele></trkpt><trkpt lat="34.878" lon="-83.34638000000001"><ele>687.0</ele></trkpt><trkpt lat="34.87826" lon="-83.34672999999998"><ele>690.0</ele></trkpt><trkpt lat="34.87841" lon="-83.34699"><ele>691.0</ele></trkpt><trkpt lat="34.87853" lon="-83.34728000000001"><ele>686.0</ele></trkpt><trkpt lat="34.87862" lon="-83.34761000000003"><ele>674.0</ele></trkpt><trkpt lat="34.8785" lon="-83.34789999999998"><ele>686.0</ele></trkpt><trkpt lat="34.87871" lon="-83.34800000000001"><ele>682.0</ele></trkpt><trkpt lat="34.87895" lon="-83.34794"><ele>676.0</ele></trkpt><trkpt lat="34.87925" lon="-83.34793000000002"><ele>673.0</ele></trkpt><trkpt lat="34.87963" lon="-83.34825999999998"><ele>654.0</ele></trkpt><trkpt lat="34.87977" lon="-83.34857"><ele>657.0</ele></trkpt><trkpt lat="34.87995" lon="-83.3485"><ele>656.0</ele></trkpt><trkpt lat="34.88021" lon="-83.34848"><ele>654.0</ele></trkpt><trkpt lat="34.88039" lon="-83.3485"><ele>650.0</ele></trkpt><trkpt lat="34.88051" lon="-83.34868"><ele>651.0</ele></trkpt><trkpt lat="34.88062" lon="-83.34902999999997"><ele>648.0</ele></trkpt><trkpt lat="34.88064" lon="-83.34944999999999"><ele>652.0</ele></trkpt><trkpt lat="34.88093" lon="-83.34959000000003"><ele>639.0</ele></trkpt><trkpt lat="34.88098" lon="-83.34986000000004"><ele>644.0</ele></trkpt><trkpt lat="34.88104124781343" lon="-83.35061028571448"><ele>636.0</ele></trkpt><trkpt lat="34.881046318783184" lon="-83.3506724050265"><ele>634.0</ele></trkpt><trkpt lat="34.88106" lon="-83.35084"><ele>633.0</ele></trkpt><trkpt lat="34.88125" lon="-83.35201999999998"><ele>598.0</ele></trkpt><trkpt lat="34.88136" lon="-83.35214000000002"><ele>593.0</ele></trkpt><trkpt lat="34.88136" lon="-83.35214000000002"><ele>593.0</ele></trkpt><trkpt lat="34.88153" lon="-83.35217999999998"><ele>585.0</ele></trkpt><trkpt lat="34.88169" lon="-83.35181999999998"><ele>583.0</ele></trkpt><trkpt lat="34.88188" lon="-83.35154999999997"><ele>580.0</ele></trkpt><trkpt lat="34.88188" lon="-83.35154999999997"><ele>580.0</ele></trkpt><trkpt lat="34.88188" lon="-83.35154999999997"><ele>580.0</ele></trkpt><trkpt lat="34.88225" lon="-83.35109999999997"><ele>578.0</ele></trkpt><trkpt lat="34.882352856710625" lon="-83.35116171375864"><ele>580.0</ele></trkpt><trkpt lat="34.882352856710625" lon="-83.35116171375864"><ele>580.0</ele></trkpt><trkpt lat="34.88255" lon="-83.35127999999997"><ele>586.0</ele></trkpt><trkpt lat="34.88268" lon="-83.35129999999998"><ele>585.0</ele></trkpt><trkpt lat="34.88278" lon="-83.35136"><ele>583.0</ele></trkpt><trkpt lat="34.882961393681825" lon="-83.35164342755286"><ele>594.0</ele></trkpt><trkpt lat="34.882961393681825" lon="-83.35164342755286"><ele>594.0</ele></trkpt><trkpt lat="34.8831" lon="-83.35185999999999"><ele>602.0</ele></trkpt><trkpt lat="34.88316" lon="-83.35199999999998"><ele>606.0</ele></trkpt><trkpt lat="34.88348844087997" lon="-83.35223720730221"><ele>618.0</ele></trkpt><trkpt lat="34.88349347182355" lon="-83.35224084072257"><ele>618.0</ele></trkpt><trkpt lat="34.88352" lon="-83.35226"><ele>618.0</ele></trkpt><trkpt lat="34.88358" lon="-83.35235"><ele>621.0</ele></trkpt><trkpt lat="34.88363" lon="-83.35257999999999"><ele>631.0</ele></trkpt><trkpt lat="34.88371" lon="-83.35266000000001"><ele>633.0</ele></trkpt><trkpt lat="34.88384" lon="-83.35264999999998"><ele>626.0</ele></trkpt><trkpt lat="34.88392" lon="-83.35251"><ele>616.0</ele></trkpt><trkpt lat="34.88396" lon="-83.35230000000001"><ele>613.0</ele></trkpt><trkpt lat="34.88396" lon="-83.35230000000001"><ele>613.0</ele></trkpt><trkpt lat="34.88396" lon="-83.35230000000001"><ele>613.0</ele></trkpt><trkpt lat="34.88396" lon="-83.35199"><ele>619.0</ele></trkpt><trkpt lat="34.88376" lon="-83.35068999999999"><ele>632.0</ele></trkpt><trkpt lat="34.88364" lon="-83.35030999999998"><ele>632.0</ele></trkpt><trkpt lat="34.88371" lon="-83.35005999999998"><ele>639.0</ele></trkpt><trkpt lat="34.88369" lon="-83.35001"><ele>637.0</ele></trkpt><trkpt lat="34.88381" lon="-83.34980999999999"><ele>644.0</ele></trkpt><trkpt lat="34.88396" lon="-83.34965"><ele>645.0</ele></trkpt><trkpt lat="34.88399" lon="-83.34935999999999"><ele>646.0</ele></trkpt><trkpt lat="34.88402" lon="-83.34929999999997"><ele>646.0</ele></trkpt><trkpt lat="34.88417" lon="-83.3492"><ele>649.0</ele></trkpt><trkpt lat="34.88419" lon="-83.34914000000003"><ele>646.0</ele></trkpt><trkpt lat="34.88416" lon="-83.34906999999998"><ele>642.0</ele></trkpt><trkpt lat="34.88427" lon="-83.34886"><ele>636.0</ele></trkpt><trkpt lat="34.88427" lon="-83.34861000000001"><ele>633.0</ele></trkpt><trkpt lat="34.88421" lon="-83.3485"><ele>629.0</ele></trkpt><trkpt lat="34.8841" lon="-83.34812"><ele>630.0</ele></trkpt><trkpt lat="34.88418" lon="-83.34780999999998"><ele>634.0</ele></trkpt><trkpt lat="34.88423" lon="-83.34776999999997"><ele>633.0</ele></trkpt><trkpt lat="34.88432" lon="-83.34776999999997"><ele>637.0</ele></trkpt><trkpt lat="34.88444" lon="-83.34762999999998"><ele>635.0</ele></trkpt><trkpt lat="34.88447" lon="-83.34749"><ele>628.0</ele></trkpt><trkpt lat="34.88435" lon="-83.34731999999997"><ele>616.0</ele></trkpt><trkpt lat="34.88439" lon="-83.34710000000001"><ele>620.0</ele></trkpt><trkpt lat="34.88438" lon="-83.34701999999999"><ele>620.0</ele></trkpt><trkpt lat="34.88428" lon="-83.34681999999998"><ele>615.0</ele></trkpt><trkpt lat="34.88425" lon="-83.34681"><ele>614.0</ele></trkpt><trkpt lat="34.88424" lon="-83.34672999999998"><ele>615.0</ele></trkpt><trkpt lat="34.88444" lon="-83.34638000000001"><ele>623.0</ele></trkpt><trkpt lat="34.88443" lon="-83.34618999999998"><ele>613.0</ele></trkpt><trkpt lat="34.88436" lon="-83.34609999999998"><ele>610.0</ele></trkpt><trkpt lat="34.88434242187172" lon="-83.34596816403786"><ele>610.0</ele></trkpt><trkpt lat="34.884343305840474" lon="-83.34597479380102"><ele>610.0</ele></trkpt><trkpt lat="34.88434" lon="-83.34595000000002"><ele>610.0</ele></trkpt><trkpt lat="34.88436" lon="-83.34575999999998"><ele>611.0</ele></trkpt><trkpt lat="34.88437" lon="-83.34571"><ele>610.0</ele></trkpt><trkpt lat="34.88454" lon="-83.34568999999999"><ele>612.0</ele></trkpt><trkpt lat="34.88465" lon="-83.34560999999997"><ele>609.0</ele></trkpt><trkpt lat="34.88483" lon="-83.34559999999999"><ele>607.0</ele></trkpt><trkpt lat="34.88503" lon="-83.34564"><ele>604.0</ele></trkpt><trkpt lat="34.88507" lon="-83.34572000000003"><ele>604.0</ele></trkpt><trkpt lat="34.88505" lon="-83.34584000000001"><ele>605.0</ele></trkpt><trkpt lat="34.88511" lon="-83.34591999999998"><ele>604.0</ele></trkpt><trkpt lat="34.8852" lon="-83.34593000000001"><ele>598.0</ele></trkpt><trkpt lat="34.88524" lon="-83.34590000000003"><ele>596.0</ele></trkpt><trkpt lat="34.88529" lon="-83.34546"><ele>586.0</ele></trkpt><trkpt lat="34.88528" lon="-83.34535"><ele>586.0</ele></trkpt><trkpt lat="34.88531" lon="-83.34523999999999"><ele>587.0</ele></trkpt><trkpt lat="34.88525" lon="-83.34505999999999"><ele>585.0</ele></trkpt><trkpt lat="34.88522" lon="-83.34480000000002"><ele>588.0</ele></trkpt><trkpt lat="34.88530312975862" lon="-83.34475381909414"><ele>591.0</ele></trkpt><trkpt lat="34.88530312975862" lon="-83.34475381909414"><ele>591.0</ele></trkpt><trkpt lat="34.88531" lon="-83.34474999999998"><ele>592.0</ele></trkpt><trkpt lat="34.88537" lon="-83.34465999999998"><ele>592.0</ele></trkpt><trkpt lat="34.88539" lon="-83.34455000000003"><ele>592.0</ele></trkpt><trkpt lat="34.88557" lon="-83.34462000000002"><ele>591.0</ele></trkpt><trkpt lat="34.88579" lon="-83.34453000000002"><ele>582.0</ele></trkpt><trkpt lat="34.88588" lon="-83.34438"><ele>581.0</ele></trkpt><trkpt lat="34.88589" lon="-83.34409"><ele>581.0</ele></trkpt><trkpt lat="34.88593" lon="-83.344"><ele>582.0</ele></trkpt><trkpt lat="34.88593" lon="-83.344"><ele>582.0</ele></trkpt><trkpt lat="34.88602" lon="-83.34384999999997"><ele>587.0</ele></trkpt><trkpt lat="34.88602" lon="-83.34377999999998"><ele>584.0</ele></trkpt><trkpt lat="34.88593" lon="-83.3435"><ele>573.0</ele></trkpt><trkpt lat="34.88593" lon="-83.3435"><ele>573.0</ele></trkpt><trkpt lat="34.88582" lon="-83.34329000000002"><ele>575.0</ele></trkpt><trkpt lat="34.88558" lon="-83.34303"><ele>575.0</ele></trkpt><trkpt lat="34.88566" lon="-83.34298000000001"><ele>579.0</ele></trkpt><trkpt lat="34.88567" lon="-83.34291999999999"><ele>581.0</ele></trkpt><trkpt lat="34.88565" lon="-83.34284000000002"><ele>582.0</ele></trkpt><trkpt lat="34.88537" lon="-83.34228999999999"><ele>581.0</ele></trkpt><trkpt lat="34.88537" lon="-83.34228999999999"><ele>581.0</ele></trkpt><trkpt lat="34.88532" lon="-83.34199000000001"><ele>586.0</ele></trkpt><trkpt lat="34.88538" lon="-83.34185000000002"><ele>588.0</ele></trkpt><trkpt lat="34.88555" lon="-83.34159999999997"><ele>589.0</ele></trkpt><trkpt lat="34.88557" lon="-83.34150999999997"><ele>585.0</ele></trkpt><trkpt lat="34.88563" lon="-83.34135000000003"><ele>592.0</ele></trkpt><trkpt lat="34.88567" lon="-83.34134"><ele>594.0</ele></trkpt><trkpt lat="34.88582" lon="-83.34118999999998"><ele>593.0</ele></trkpt><trkpt lat="34.88593" lon="-83.34116"><ele>595.0</ele></trkpt><trkpt lat="34.88593" lon="-83.34116"><ele>595.0</ele></trkpt><trkpt lat="34.88608" lon="-83.34120999999999"><ele>598.0</ele></trkpt><trkpt lat="34.88631" lon="-83.34136999999998"><ele>596.0</ele></trkpt><trkpt lat="34.88634" lon="-83.34144000000003"><ele>595.0</ele></trkpt><trkpt lat="34.88629" lon="-83.34161"><ele>596.0</ele></trkpt><trkpt lat="34.88629" lon="-83.34161"><ele>596.0</ele></trkpt><trkpt lat="34.88629" lon="-83.34188"><ele>598.0</ele></trkpt><trkpt lat="34.88634" lon="-83.34195"><ele>600.0</ele></trkpt><trkpt lat="34.88651" lon="-83.34201999999999"><ele>599.0</ele></trkpt><trkpt lat="34.88681" lon="-83.34203000000002"><ele>597.0</ele></trkpt><trkpt lat="34.8869" lon="-83.34210999999999"><ele>597.0</ele></trkpt><trkpt lat="34.88697" lon="-83.34228999999999"><ele>599.0</ele></trkpt><trkpt lat="34.88697" lon="-83.34228999999999"><ele>599.0</ele></trkpt><trkpt lat="34.88707" lon="-83.34237999999999"><ele>600.0</ele></trkpt><trkpt lat="34.88715" lon="-83.3424"><ele>599.0</ele></trkpt><trkpt lat="34.88723" lon="-83.34237999999999"><ele>597.0</ele></trkpt><trkpt lat="34.88731" lon="-83.34228999999999"><ele>589.0</ele></trkpt><trkpt lat="34.88731" lon="-83.34228999999999"><ele>589.0</ele></trkpt><trkpt lat="34.88739" lon="-83.34194000000002"><ele>589.0</ele></trkpt><trkpt lat="34.88744" lon="-83.34188"><ele>592.0</ele></trkpt><trkpt lat="34.88766" lon="-83.34183000000002"><ele>594.0</ele></trkpt><trkpt lat="34.88791" lon="-83.34190999999998"><ele>594.0</ele></trkpt><trkpt lat="34.88796" lon="-83.34199999999998"><ele>596.0</ele></trkpt><trkpt lat="34.88828" lon="-83.34228999999999"><ele>595.0</ele></trkpt><trkpt lat="34.88828" lon="-83.34228999999999"><ele>595.0</ele></trkpt><trkpt lat="34.88832" lon="-83.34233"><ele>595.0</ele></trkpt><trkpt lat="34.8884" lon="-83.34235999999999"><ele>593.0</ele></trkpt><trkpt lat="34.88848" lon="-83.34262000000001"><ele>597.0</ele></trkpt><trkpt lat="34.8886" lon="-83.34276"><ele>594.0</ele></trkpt><trkpt lat="34.88868" lon="-83.34300000000002"><ele>590.0</ele></trkpt><trkpt lat="34.88882" lon="-83.34318000000002"><ele>596.0</ele></trkpt><trkpt lat="34.88891" lon="-83.34316999999999"><ele>596.0</ele></trkpt><trkpt lat="34.8891" lon="-83.34282000000002"><ele>590.0</ele></trkpt><trkpt lat="34.88929" lon="-83.34276999999997"><ele>599.0</ele></trkpt><trkpt lat="34.88934" lon="-83.34278999999998"><ele>599.0</ele></trkpt><trkpt lat="34.88949" lon="-83.34296"><ele>599.0</ele></trkpt><trkpt lat="34.88959" lon="-83.34318000000002"><ele>603.0</ele></trkpt><trkpt lat="34.8897" lon="-83.34325999999999"><ele>602.0</ele></trkpt><trkpt lat="34.88983" lon="-83.34339999999997"><ele>600.0</ele></trkpt><trkpt lat="34.88994" lon="-83.34361000000001"><ele>602.0</ele></trkpt><trkpt lat="34.89002" lon="-83.34364"><ele>600.0</ele></trkpt><trkpt lat="34.89019" lon="-83.34379999999999"><ele>598.0</ele></trkpt><trkpt lat="34.89017" lon="-83.34390000000002"><ele>599.0</ele></trkpt><trkpt lat="34.89022" lon="-83.34401000000003"><ele>597.0</ele></trkpt><trkpt lat="34.89017" lon="-83.34420999999998"><ele>592.0</ele></trkpt><trkpt lat="34.890152358407036" lon="-83.3442452831859"><ele>591.0</ele></trkpt><trkpt lat="34.89014219349413" lon="-83.34426561301586"><ele>590.0</ele></trkpt><trkpt lat="34.89013" lon="-83.34429"><ele>589.0</ele></trkpt><trkpt lat="34.89005" lon="-83.34437000000003"><ele>590.0</ele></trkpt><trkpt lat="34.88985" lon="-83.34442999999999"><ele>605.0</ele></trkpt><trkpt lat="34.88982" lon="-83.34449999999998"><ele>606.0</ele></trkpt><trkpt lat="34.8899" lon="-83.34465"><ele>598.0</ele></trkpt><trkpt lat="34.89019" lon="-83.34465999999998"><ele>605.0</ele></trkpt><trkpt lat="34.89052" lon="-83.34449999999998"><ele>597.0</ele></trkpt><trkpt lat="34.89079" lon="-83.34442000000001"><ele>598.0</ele></trkpt><trkpt lat="34.89104" lon="-83.34447999999998"><ele>595.0</ele></trkpt><trkpt lat="34.8911" lon="-83.34462000000002"><ele>596.0</ele></trkpt><trkpt lat="34.89111" lon="-83.34476999999998"><ele>598.0</ele></trkpt><trkpt lat="34.8912" lon="-83.34480000000002"><ele>594.0</ele></trkpt><trkpt lat="34.89121" lon="-83.3449"><ele>594.0</ele></trkpt><trkpt lat="34.89132" lon="-83.34500000000003"><ele>588.0</ele></trkpt><trkpt lat="34.8913" lon="-83.34516000000002"><ele>587.0</ele></trkpt><trkpt lat="34.89121" lon="-83.34527000000003"><ele>593.0</ele></trkpt><trkpt lat="34.89124" lon="-83.34541999999999"><ele>588.0</ele></trkpt><trkpt lat="34.89119" lon="-83.34550000000002"><ele>591.0</ele></trkpt><trkpt lat="34.89117" lon="-83.34562"><ele>591.0</ele></trkpt><trkpt lat="34.89112" lon="-83.34573"><ele>594.0</ele></trkpt><trkpt lat="34.89113" lon="-83.34591"><ele>593.0</ele></trkpt><trkpt lat="34.89104" lon="-83.34609999999998"><ele>599.0</ele></trkpt><trkpt lat="34.89101" lon="-83.34620999999999"><ele>602.0</ele></trkpt><trkpt lat="34.89106" lon="-83.34661"><ele>600.0</ele></trkpt><trkpt lat="34.89116" lon="-83.34681"><ele>596.0</ele></trkpt><trkpt lat="34.8912" lon="-83.34701999999999"><ele>593.0</ele></trkpt><trkpt lat="34.89121" lon="-83.34735999999998"><ele>595.0</ele></trkpt><trkpt lat="34.89124" lon="-83.34746999999999"><ele>596.0</ele></trkpt><trkpt lat="34.89131" lon="-83.34748000000002"><ele>595.0</ele></trkpt><trkpt lat="34.89142" lon="-83.34757000000002"><ele>595.0</ele></trkpt><trkpt lat="34.89144" lon="-83.34767"><ele>595.0</ele></trkpt><trkpt lat="34.89152" lon="-83.34782999999999"><ele>596.0</ele></trkpt><trkpt lat="34.89154" lon="-83.34791999999999"><ele>596.0</ele></trkpt><trkpt lat="34.89148" lon="-83.34807"><ele>596.0</ele></trkpt><trkpt lat="34.89153" lon="-83.34821"><ele>597.0</ele></trkpt><trkpt lat="34.89161" lon="-83.34836000000001"><ele>598.0</ele></trkpt><trkpt lat="34.89166" lon="-83.34839"><ele>598.0</ele></trkpt><trkpt lat="34.89175" lon="-83.34836999999999"><ele>598.0</ele></trkpt><trkpt lat="34.8918" lon="-83.34843999999998"><ele>598.0</ele></trkpt><trkpt lat="34.89191" lon="-83.34848"><ele>599.0</ele></trkpt><trkpt lat="34.89195" lon="-83.34852999999998"><ele>599.0</ele></trkpt><trkpt lat="34.8919" lon="-83.34870999999998"><ele>602.0</ele></trkpt><trkpt lat="34.89188" lon="-83.34892000000002"><ele>613.0</ele></trkpt><trkpt lat="34.89197" lon="-83.34905000000003"><ele>621.0</ele></trkpt><trkpt lat="34.89209" lon="-83.34933000000001"><ele>625.0</ele></trkpt><trkpt lat="34.89207" lon="-83.34965999999997"><ele>627.0</ele></trkpt><trkpt lat="34.89198" lon="-83.35009000000002"><ele>627.0</ele></trkpt><trkpt lat="34.89203" lon="-83.35014000000001"><ele>624.0</ele></trkpt><trkpt lat="34.8921" lon="-83.35012999999998"><ele>624.0</ele></trkpt><trkpt lat="34.89237" lon="-83.34983"><ele>627.0</ele></trkpt><trkpt lat="34.89245" lon="-83.34978000000001"><ele>631.0</ele></trkpt><trkpt lat="34.89261" lon="-83.34974999999997"><ele>637.0</ele></trkpt><trkpt lat="34.89286" lon="-83.34980000000002"><ele>639.0</ele></trkpt><trkpt lat="34.89308" lon="-83.34989000000002"><ele>636.0</ele></trkpt><trkpt lat="34.89334" lon="-83.34983999999997"><ele>634.0</ele></trkpt><trkpt lat="34.89347" lon="-83.34991000000002"><ele>634.0</ele></trkpt><trkpt lat="34.89354" lon="-83.35001"><ele>636.0</ele></trkpt><trkpt lat="34.8937" lon="-83.35041999999999"><ele>638.0</ele></trkpt><trkpt lat="34.89377" lon="-83.35075"><ele>643.0</ele></trkpt><trkpt lat="34.89379" lon="-83.35115000000002"><ele>646.0</ele></trkpt><trkpt lat="34.89371" lon="-83.35136999999997"><ele>650.0</ele></trkpt><trkpt lat="34.89371" lon="-83.35163"><ele>649.0</ele></trkpt><trkpt lat="34.89378" lon="-83.35178000000002"><ele>654.0</ele></trkpt><trkpt lat="34.89383" lon="-83.35203999999999"><ele>663.0</ele></trkpt><trkpt lat="34.89395" lon="-83.35210999999998"><ele>662.0</ele></trkpt><trkpt lat="34.89403" lon="-83.35223000000002"><ele>663.0</ele></trkpt><trkpt lat="34.89409" lon="-83.35237999999998"><ele>667.0</ele></trkpt><trkpt lat="34.89423" lon="-83.35246999999998"><ele>667.0</ele></trkpt><trkpt lat="34.89426" lon="-83.35257999999999"><ele>666.0</ele></trkpt><trkpt lat="34.89427" lon="-83.35268000000002"><ele>665.0</ele></trkpt><trkpt lat="34.89422" lon="-83.35273999999998"><ele>665.0</ele></trkpt><trkpt lat="34.89417" lon="-83.35273000000001"><ele>667.0</ele></trkpt><trkpt lat="34.89412" lon="-83.35280999999998"><ele>667.0</ele></trkpt><trkpt lat="34.89417" lon="-83.35341"><ele>662.0</ele></trkpt><trkpt lat="34.8941" lon="-83.35361999999998"><ele>670.0</ele></trkpt><trkpt lat="34.894" lon="-83.35378000000003"><ele>678.0</ele></trkpt><trkpt lat="34.89399" lon="-83.35383000000002"><ele>678.0</ele></trkpt><trkpt lat="34.89411759555456" lon="-83.35388582305512"><ele>677.0</ele></trkpt><trkpt lat="34.89415673833225" lon="-83.35392358415811"><ele>677.0</ele></trkpt><trkpt lat="34.89419" lon="-83.35404"><ele>678.0</ele></trkpt><trkpt lat="34.89436" lon="-83.35426000000001"><ele>680.0</ele></trkpt><trkpt lat="34.89461" lon="-83.35423000000003"><ele>685.0</ele></trkpt><trkpt lat="34.89473" lon="-83.35428000000002"><ele>686.0</ele></trkpt><trkpt lat="34.89482" lon="-83.3544"><ele>687.0</ele></trkpt><trkpt lat="34.8949" lon="-83.35465999999997"><ele>690.0</ele></trkpt><trkpt lat="34.89494" lon="-83.35507999999999"><ele>685.0</ele></trkpt><trkpt lat="34.89506" lon="-83.35545000000002"><ele>696.0</ele></trkpt><trkpt lat="34.89511" lon="-83.35552000000001"><ele>700.0</ele></trkpt><trkpt lat="34.89526" lon="-83.35559"><ele>704.0</ele></trkpt><trkpt lat="34.89539" lon="-83.35570999999999"><ele>709.0</ele></trkpt><trkpt lat="34.89544" lon="-83.35577999999998"><ele>711.0</ele></trkpt><trkpt lat="34.89554" lon="-83.35585000000003"><ele>713.0</ele></trkpt><trkpt lat="34.89561" lon="-83.35608000000002"><ele>711.0</ele></trkpt><trkpt lat="34.89574" lon="-83.35640000000001"><ele>715.0</ele></trkpt><trkpt lat="34.89582" lon="-83.35653000000002"><ele>720.0</ele></trkpt><trkpt lat="34.89608" lon="-83.35663"><ele>726.0</ele></trkpt><trkpt lat="34.89612" lon="-83.35667999999998"><ele>727.0</ele></trkpt><trkpt lat="34.8962" lon="-83.35669000000001"><ele>727.0</ele></trkpt><trkpt lat="34.89635" lon="-83.35683"><ele>730.0</ele></trkpt><trkpt lat="34.89646" lon="-83.3571"><ele>735.0</ele></trkpt><trkpt lat="34.89667" lon="-83.35729000000003"><ele>738.0</ele></trkpt><trkpt lat="34.89687" lon="-83.35762999999997"><ele>743.0</ele></trkpt><trkpt lat="34.89698" lon="-83.35795999999999"><ele>744.0</ele></trkpt><trkpt lat="34.89706" lon="-83.35840000000002"><ele>746.0</ele></trkpt><trkpt lat="34.89702" lon="-83.35942"><ele>753.0</ele></trkpt><trkpt lat="34.89696" lon="-83.36004000000003"><ele>750.0</ele></trkpt><trkpt lat="34.89682" lon="-83.36056000000002"><ele>762.0</ele></trkpt><trkpt lat="34.89675" lon="-83.36090000000002"><ele>764.0</ele></trkpt><trkpt lat="34.89666" lon="-83.36113999999998"><ele>773.0</ele></trkpt><trkpt lat="34.89662" lon="-83.36169999999998"><ele>778.0</ele></trkpt><trkpt lat="34.89681" lon="-83.36225000000002"><ele>786.0</ele></trkpt><trkpt lat="34.89683" lon="-83.36244999999997"><ele>792.0</ele></trkpt><trkpt lat="34.89697" lon="-83.36259000000001"><ele>794.0</ele></trkpt><trkpt lat="34.89706" lon="-83.36295000000001"><ele>796.0</ele></trkpt><trkpt lat="34.89698" lon="-83.36338"><ele>801.0</ele></trkpt><trkpt lat="34.89693" lon="-83.36345"><ele>804.0</ele></trkpt><trkpt lat="34.89694" lon="-83.36352999999997"><ele>803.0</ele></trkpt><trkpt lat="34.89689" lon="-83.36365"><ele>803.0</ele></trkpt><trkpt lat="34.89641" lon="-83.36426"><ele>808.0</ele></trkpt><trkpt lat="34.89641" lon="-83.36426"><ele>808.0</ele></trkpt><trkpt lat="34.89634" lon="-83.36437999999998"><ele>816.0</ele></trkpt><trkpt lat="34.89638" lon="-83.36442999999997"><ele>817.0</ele></trkpt><trkpt lat="34.89648" lon="-83.36450000000002"><ele>819.0</ele></trkpt><trkpt lat="34.89665" lon="-83.36453"><ele>821.0</ele></trkpt><trkpt lat="34.89676" lon="-83.36464999999998"><ele>821.0</ele></trkpt><trkpt lat="34.89676" lon="-83.36464999999998"><ele>821.0</ele></trkpt><trkpt lat="34.89676" lon="-83.36464999999998"><ele>821.0</ele></trkpt><trkpt lat="34.89701" lon="-83.36469"><ele>818.0</ele></trkpt><trkpt lat="34.89709" lon="-83.36478999999997"><ele>817.0</ele></trkpt><trkpt lat="34.89711" lon="-83.36487"><ele>817.0</ele></trkpt><trkpt lat="34.89709" lon="-83.36496999999997"><ele>817.0</ele></trkpt><trkpt lat="34.89703" lon="-83.36505999999997"><ele>817.0</ele></trkpt><trkpt lat="34.89698" lon="-83.36509000000001"><ele>817.0</ele></trkpt><trkpt lat="34.89677" lon="-83.36504000000002"><ele>814.0</ele></trkpt><trkpt lat="34.89671" lon="-83.36505999999997"><ele>814.0</ele></trkpt><trkpt lat="34.8966" lon="-83.36518000000001"><ele>812.0</ele></trkpt><trkpt lat="34.89646" lon="-83.36525"><ele>809.0</ele></trkpt><trkpt lat="34.89646" lon="-83.36535000000003"><ele>810.0</ele></trkpt><trkpt lat="34.89668" lon="-83.36553000000004"><ele>806.0</ele></trkpt><trkpt lat="34.89682" lon="-83.36554000000001"><ele>800.0</ele></trkpt><trkpt lat="34.897" lon="-83.36563999999998"><ele>794.0</ele></trkpt><trkpt lat="34.89708" lon="-83.36574999999999"><ele>792.0</ele></trkpt><trkpt lat="34.89725" lon="-83.36583000000002"><ele>785.0</ele></trkpt><trkpt lat="34.89736" lon="-83.36592000000002"><ele>781.0</ele></trkpt><trkpt lat="34.89741" lon="-83.36592999999999"><ele>779.0</ele></trkpt><trkpt lat="34.89743" lon="-83.36601000000002"><ele>781.0</ele></trkpt><trkpt lat="34.89761" lon="-83.36604999999997"><ele>775.0</ele></trkpt><trkpt lat="34.89792" lon="-83.36621000000002"><ele>778.0</ele></trkpt><trkpt lat="34.89837" lon="-83.36707000000001"><ele>773.0</ele></trkpt><trkpt lat="34.89846" lon="-83.36714"><ele>771.0</ele></trkpt><trkpt lat="34.89861" lon="-83.36732999999998"><ele>768.0</ele></trkpt><trkpt lat="34.89866" lon="-83.36781000000002"><ele>770.0</ele></trkpt><trkpt lat="34.89879" lon="-83.36809"><ele>771.0</ele></trkpt><trkpt lat="34.89881" lon="-83.36822999999998"><ele>770.0</ele></trkpt><trkpt lat="34.8988" lon="-83.36833000000001"><ele>770.0</ele></trkpt><trkpt lat="34.89875" lon="-83.36842999999999"><ele>769.0</ele></trkpt><trkpt lat="34.89877324936539" lon="-83.36845841589104"><ele>768.0</ele></trkpt><trkpt lat="34.89877324936539" lon="-83.36845841589104"><ele>768.0</ele></trkpt><trkpt lat="34.89884" lon="-83.36854"><ele>768.0</ele></trkpt><trkpt lat="34.89884" lon="-83.36856999999998"><ele>768.0</ele></trkpt><trkpt lat="34.89894" lon="-83.36865999999998"><ele>773.0</ele></trkpt><trkpt lat="34.89897" lon="-83.36883999999998"><ele>776.0</ele></trkpt><trkpt lat="34.8989" lon="-83.36921999999998"><ele>775.0</ele></trkpt><trkpt lat="34.89898" lon="-83.36950000000002"><ele>776.0</ele></trkpt><trkpt lat="34.8991" lon="-83.36957999999998"><ele>782.0</ele></trkpt><trkpt lat="34.89917" lon="-83.36962"><ele>785.0</ele></trkpt><trkpt lat="34.89919" lon="-83.36955"><ele>788.0</ele></trkpt><trkpt lat="34.89913" lon="-83.36936000000003"><ele>787.0</ele></trkpt><trkpt lat="34.89915" lon="-83.36927000000003"><ele>789.0</ele></trkpt><trkpt lat="34.89927" lon="-83.36901"><ele>795.0</ele></trkpt><trkpt lat="34.89937" lon="-83.36891000000003"><ele>798.0</ele></trkpt><trkpt lat="34.89949" lon="-83.36888999999996"><ele>803.0</ele></trkpt><trkpt lat="34.89968" lon="-83.36894000000001"><ele>811.0</ele></trkpt><trkpt lat="34.89986" lon="-83.36883999999998"><ele>810.0</ele></trkpt><trkpt lat="34.89992" lon="-83.36887000000002"><ele>814.0</ele></trkpt><trkpt lat="34.89997" lon="-83.36896999999999"><ele>818.0</ele></trkpt><trkpt lat="34.90031" lon="-83.36896999999999"><ele>828.0</ele></trkpt><trkpt lat="34.90048" lon="-83.36879999999996"><ele>825.0</ele></trkpt><trkpt lat="34.90067" lon="-83.36846000000003"><ele>823.0</ele></trkpt><trkpt lat="34.90071" lon="-83.36833999999999"><ele>820.0</ele></trkpt><trkpt lat="34.90097" lon="-83.36801000000003"><ele>824.0</ele></trkpt><trkpt lat="34.90104" lon="-83.36788000000001"><ele>823.0</ele></trkpt><trkpt lat="34.90116" lon="-83.36782"><ele>827.0</ele></trkpt><trkpt lat="34.90122" lon="-83.36781000000002"><ele>829.0</ele></trkpt><trkpt lat="34.90137" lon="-83.36792000000003"><ele>834.0</ele></trkpt><trkpt lat="34.90158" lon="-83.36795000000001"><ele>831.0</ele></trkpt><trkpt lat="34.90168" lon="-83.36799000000002"><ele>835.0</ele></trkpt><trkpt lat="34.90176" lon="-83.36799000000002"><ele>835.0</ele></trkpt><trkpt lat="34.90186" lon="-83.36786999999998"><ele>830.0</ele></trkpt><trkpt lat="34.90191" lon="-83.36775999999998"><ele>831.0</ele></trkpt><trkpt lat="34.90195" lon="-83.36755"><ele>829.0</ele></trkpt><trkpt lat="34.90205" lon="-83.36748999999998"><ele>834.0</ele></trkpt><trkpt lat="34.90217" lon="-83.36745000000002"><ele>839.0</ele></trkpt><trkpt lat="34.90221" lon="-83.36746"><ele>840.0</ele></trkpt><trkpt lat="34.90226" lon="-83.36752999999999"><ele>842.0</ele></trkpt><trkpt lat="34.90236" lon="-83.36756000000003"><ele>844.0</ele></trkpt><trkpt lat="34.90244" lon="-83.36766"><ele>847.0</ele></trkpt><trkpt lat="34.90252" lon="-83.36782"><ele>852.0</ele></trkpt><trkpt lat="34.90269" lon="-83.368"><ele>856.0</ele></trkpt><trkpt lat="34.90291" lon="-83.36811"><ele>861.0</ele></trkpt><trkpt lat="34.90291" lon="-83.36811"><ele>861.0</ele></trkpt><trkpt lat="34.90302" lon="-83.36817000000002"><ele>863.0</ele></trkpt><trkpt lat="34.90331" lon="-83.36810000000003"><ele>864.0</ele></trkpt><trkpt lat="34.90376" lon="-83.36813999999998"><ele>869.0</ele></trkpt><trkpt lat="34.90391" lon="-83.36822999999998"><ele>871.0</ele></trkpt><trkpt lat="34.90395" lon="-83.36833000000001"><ele>874.0</ele></trkpt><trkpt lat="34.90395" lon="-83.36833000000001"><ele>874.0</ele></trkpt><trkpt lat="34.904" lon="-83.36833999999999"><ele>873.0</ele></trkpt><trkpt lat="34.90408" lon="-83.36827"><ele>869.0</ele></trkpt><trkpt lat="34.9041242784273" lon="-83.36826114431454"><ele>870.0</ele></trkpt><trkpt lat="34.90407999999999" lon="-83.36827"><ele>869.0</ele></trkpt><trkpt lat="34.90408" lon="-83.36827"><ele>869.0</ele></trkpt><trkpt lat="34.90413" lon="-83.36826000000002"><ele>870.0</ele></trkpt><trkpt lat="34.90423" lon="-83.36817000000002"><ele>870.0</ele></trkpt><trkpt lat="34.90437" lon="-83.36811999999998"><ele>871.0</ele></trkpt><trkpt lat="34.90462" lon="-83.36829"><ele>877.0</ele></trkpt><trkpt lat="34.90467" lon="-83.36833999999999"><ele>878.0</ele></trkpt><trkpt lat="34.9047" lon="-83.36845"><ele>881.0</ele></trkpt><trkpt lat="34.90481" lon="-83.36856"><ele>881.0</ele></trkpt><trkpt lat="34.9049" lon="-83.36858000000001"><ele>879.0</ele></trkpt><trkpt lat="34.90495" lon="-83.36856999999998"><ele>879.0</ele></trkpt><trkpt lat="34.90502" lon="-83.36840999999998"><ele>877.0</ele></trkpt><trkpt lat="34.90509" lon="-83.36815999999999"><ele>879.0</ele></trkpt><trkpt lat="34.90508" lon="-83.36795000000001"><ele>876.0</ele></trkpt><trkpt lat="34.90516" lon="-83.36736000000002"><ele>880.0</ele></trkpt><trkpt lat="34.90527" lon="-83.36716000000001"><ele>882.0</ele></trkpt><trkpt lat="34.90533" lon="-83.3671"><ele>881.0</ele></trkpt><trkpt lat="34.90555" lon="-83.36701"><ele>884.0</ele></trkpt><trkpt lat="34.90583" lon="-83.36693000000002"><ele>883.0</ele></trkpt><trkpt lat="34.90591" lon="-83.36684000000002"><ele>881.0</ele></trkpt><trkpt lat="34.90628" lon="-83.36674"><ele>882.0</ele></trkpt><trkpt lat="34.90658" lon="-83.36678999999998"><ele>884.0</ele></trkpt><trkpt lat="34.90676" lon="-83.36685999999997"><ele>884.0</ele></trkpt><trkpt lat="34.90699" lon="-83.36698999999999"><ele>883.0</ele></trkpt><trkpt lat="34.90722" lon="-83.36707999999999"><ele>880.0</ele></trkpt><trkpt lat="34.90731" lon="-83.36707000000001"><ele>878.0</ele></trkpt><trkpt lat="34.90741" lon="-83.36682000000002"><ele>877.0</ele></trkpt><trkpt lat="34.90776" lon="-83.36568999999997"><ele>888.0</ele></trkpt><trkpt lat="34.90784" lon="-83.36549000000002"><ele>892.0</ele></trkpt><trkpt lat="34.90787" lon="-83.36525"><ele>895.0</ele></trkpt><trkpt lat="34.90795" lon="-83.36513000000002"><ele>895.0</ele></trkpt><trkpt lat="34.90804" lon="-83.36484000000002"><ele>897.0</ele></trkpt><trkpt lat="34.90815" lon="-83.36469"><ele>898.0</ele></trkpt><trkpt lat="34.90813" lon="-83.36446999999998"><ele>898.0</ele></trkpt><trkpt lat="34.90819" lon="-83.36426"><ele>899.0</ele></trkpt><trkpt lat="34.90819" lon="-83.36426"><ele>899.0</ele></trkpt><trkpt lat="34.90826" lon="-83.36403999999999"><ele>898.0</ele></trkpt><trkpt lat="34.90827" lon="-83.36379"><ele>896.0</ele></trkpt><trkpt lat="34.9085" lon="-83.36343"><ele>900.0</ele></trkpt><trkpt lat="34.90853" lon="-83.36324000000002"><ele>899.0</ele></trkpt><trkpt lat="34.90847" lon="-83.36318"><ele>896.0</ele></trkpt><trkpt lat="34.90834" lon="-83.36315000000002"><ele>895.0</ele></trkpt><trkpt lat="34.90832" lon="-83.36304999999999"><ele>896.0</ele></trkpt><trkpt lat="34.9082" lon="-83.36288000000002"><ele>895.0</ele></trkpt><trkpt lat="34.90809" lon="-83.36259000000001"><ele>895.0</ele></trkpt><trkpt lat="34.90806" lon="-83.36243000000002"><ele>894.0</ele></trkpt><trkpt lat="34.90821" lon="-83.36225999999999"><ele>901.0</ele></trkpt><trkpt lat="34.90825" lon="-83.36207999999999"><ele>898.0</ele></trkpt><trkpt lat="34.9082" lon="-83.36176"><ele>888.0</ele></trkpt><trkpt lat="34.90822" lon="-83.36165"><ele>888.0</ele></trkpt><trkpt lat="34.90804" lon="-83.36126999999999"><ele>890.0</ele></trkpt><trkpt lat="34.908" lon="-83.36097999999998"><ele>893.0</ele></trkpt><trkpt lat="34.90794" lon="-83.36077"><ele>894.0</ele></trkpt><trkpt lat="34.90795" lon="-83.36061999999998"><ele>895.0</ele></trkpt><trkpt lat="34.90806" lon="-83.36039"><ele>897.0</ele></trkpt><trkpt lat="34.90802" lon="-83.36020000000002"><ele>893.0</ele></trkpt><trkpt lat="34.90805" lon="-83.36009999999999"><ele>893.0</ele></trkpt><trkpt lat="34.90804" lon="-83.35994"><ele>892.0</ele></trkpt><trkpt lat="34.90789" lon="-83.35941000000003"><ele>887.0</ele></trkpt><trkpt lat="34.90791" lon="-83.35923000000003"><ele>889.0</ele></trkpt><trkpt lat="34.90778" lon="-83.35890999999998"><ele>881.0</ele></trkpt><trkpt lat="34.90772" lon="-83.35867999999999"><ele>885.0</ele></trkpt><trkpt lat="34.90769" lon="-83.35863"><ele>884.0</ele></trkpt><trkpt lat="34.90775" lon="-83.35847000000001"><ele>889.0</ele></trkpt><trkpt lat="34.90783" lon="-83.35840000000002"><ele>893.0</ele></trkpt><trkpt lat="34.90786" lon="-83.35825999999997"><ele>891.0</ele></trkpt><trkpt lat="34.90782" lon="-83.35811999999999"><ele>885.0</ele></trkpt><trkpt lat="34.90782" lon="-83.35777999999999"><ele>887.0</ele></trkpt><trkpt lat="34.9077" lon="-83.35732000000002"><ele>888.0</ele></trkpt><trkpt lat="34.90773" lon="-83.35729000000003"><ele>889.0</ele></trkpt><trkpt lat="34.90777" lon="-83.35730999999998"><ele>891.0</ele></trkpt><trkpt lat="34.90787" lon="-83.35741000000002"><ele>893.0</ele></trkpt><trkpt lat="34.90797" lon="-83.35747000000003"><ele>894.0</ele></trkpt><trkpt lat="34.90802" lon="-83.35747000000003"><ele>893.0</ele></trkpt><trkpt lat="34.90808" lon="-83.35730000000001"><ele>887.0</ele></trkpt><trkpt lat="34.90807" lon="-83.35678999999999"><ele>881.0</ele></trkpt><trkpt lat="34.9081" lon="-83.35663"><ele>882.0</ele></trkpt><trkpt lat="34.90813" lon="-83.35654999999997"><ele>881.0</ele></trkpt><trkpt lat="34.90825" lon="-83.35642999999999"><ele>883.0</ele></trkpt><trkpt lat="34.90837" lon="-83.35618999999997"><ele>879.0</ele></trkpt><trkpt lat="34.90859" lon="-83.35597000000001"><ele>881.0</ele></trkpt><trkpt lat="34.90875" lon="-83.35597000000001"><ele>881.0</ele></trkpt><trkpt lat="34.90891" lon="-83.35579999999999"><ele>876.0</ele></trkpt><trkpt lat="34.90903" lon="-83.35575"><ele>882.0</ele></trkpt><trkpt lat="34.90917" lon="-83.35576000000003"><ele>887.0</ele></trkpt><trkpt lat="34.90937" lon="-83.35568999999998"><ele>882.0</ele></trkpt><trkpt lat="34.90949" lon="-83.35570000000001"><ele>886.0</ele></trkpt><trkpt lat="34.90958" lon="-83.35567000000003"><ele>888.0</ele></trkpt><trkpt lat="34.91019" lon="-83.35567000000003"><ele>892.0</ele></trkpt><trkpt lat="34.91037" lon="-83.35557"><ele>889.0</ele></trkpt><trkpt lat="34.91042" lon="-83.35554000000002"><ele>889.0</ele></trkpt><trkpt lat="34.91053" lon="-83.35537999999997"><ele>886.0</ele></trkpt><trkpt lat="34.91061" lon="-83.35510999999997"><ele>881.0</ele></trkpt><trkpt lat="34.9106" lon="-83.35501"><ele>881.0</ele></trkpt><trkpt lat="34.91063" lon="-83.35489000000001"><ele>881.0</ele></trkpt><trkpt lat="34.91062" lon="-83.35480999999999"><ele>882.0</ele></trkpt><trkpt lat="34.91052" lon="-83.35460999999998"><ele>879.0</ele></trkpt><trkpt lat="34.91053" lon="-83.35453999999999"><ele>880.0</ele></trkpt><trkpt lat="34.91063" lon="-83.35449"><ele>886.0</ele></trkpt><trkpt lat="34.91078" lon="-83.35451999999998"><ele>892.0</ele></trkpt><trkpt lat="34.911" lon="-83.35444000000001"><ele>896.0</ele></trkpt><trkpt lat="34.91114" lon="-83.35442"><ele>900.0</ele></trkpt><trkpt lat="34.91144" lon="-83.35444000000001"><ele>905.0</ele></trkpt><trkpt lat="34.91166" lon="-83.35424"><ele>906.0</ele></trkpt><trkpt lat="34.91168" lon="-83.35408000000001"><ele>906.0</ele></trkpt><trkpt lat="34.91173" lon="-83.35397999999998"><ele>908.0</ele></trkpt><trkpt lat="34.91189" lon="-83.35383999999999"><ele>911.0</ele></trkpt><trkpt lat="34.91197" lon="-83.35381000000001"><ele>913.0</ele></trkpt><trkpt lat="34.91206" lon="-83.35372999999998"><ele>916.0</ele></trkpt><trkpt lat="34.91231" lon="-83.35374000000002"><ele>917.0</ele></trkpt><trkpt lat="34.91252" lon="-83.3537"><ele>921.0</ele></trkpt><trkpt lat="34.9128" lon="-83.3535"><ele>926.0</ele></trkpt><trkpt lat="34.91287" lon="-83.35342000000003"><ele>928.0</ele></trkpt><trkpt lat="34.91272" lon="-83.35338000000002"><ele>933.0</ele></trkpt><trkpt lat="34.91255" lon="-83.35321999999996"><ele>935.0</ele></trkpt><trkpt lat="34.91247" lon="-83.35307999999998"><ele>936.0</ele></trkpt><trkpt lat="34.91242" lon="-83.35275999999999"><ele>940.0</ele></trkpt><trkpt lat="34.91287" lon="-83.35295000000002"><ele>947.0</ele></trkpt><trkpt lat="34.91319" lon="-83.35298999999998"><ele>949.0</ele></trkpt><trkpt lat="34.91358" lon="-83.35288000000003"><ele>956.0</ele></trkpt><trkpt lat="34.91358" lon="-83.35280999999998"><ele>959.0</ele></trkpt><trkpt lat="34.91351" lon="-83.35271999999998"><ele>961.0</ele></trkpt><trkpt lat="34.91343" lon="-83.35264999999998"><ele>964.0</ele></trkpt><trkpt lat="34.91327" lon="-83.35259000000002"><ele>965.0</ele></trkpt><trkpt lat="34.91325" lon="-83.35253999999998"><ele>967.0</ele></trkpt><trkpt lat="34.91308" lon="-83.35237999999998"><ele>969.0</ele></trkpt><trkpt lat="34.91297" lon="-83.35212999999999"><ele>972.0</ele></trkpt><trkpt lat="34.91298" lon="-83.35206"><ele>973.0</ele></trkpt><trkpt lat="34.91302" lon="-83.35201999999998"><ele>975.0</ele></trkpt><trkpt lat="34.91329" lon="-83.35217"><ele>978.0</ele></trkpt><trkpt lat="34.91341" lon="-83.35219000000001"><ele>979.0</ele></trkpt><trkpt lat="34.91347" lon="-83.35217"><ele>981.0</ele></trkpt><trkpt lat="34.9137" lon="-83.35224"><ele>981.0</ele></trkpt><trkpt lat="34.91405" lon="-83.35216000000003"><ele>987.0</ele></trkpt><trkpt lat="34.91405" lon="-83.35210999999998"><ele>989.0</ele></trkpt><trkpt lat="34.91399" lon="-83.35203999999999"><ele>991.0</ele></trkpt><trkpt lat="34.91385" lon="-83.35196000000002"><ele>994.0</ele></trkpt><trkpt lat="34.91373" lon="-83.35183999999998"><ele>996.0</ele></trkpt><trkpt lat="34.91363" lon="-83.35156"><ele>1000.0</ele></trkpt><trkpt lat="34.91366" lon="-83.35153000000003"><ele>1002.0</ele></trkpt><trkpt lat="34.91385" lon="-83.35161"><ele>1005.0</ele></trkpt><trkpt lat="34.91392" lon="-83.35160000000002"><ele>1007.0</ele></trkpt><trkpt lat="34.91406" lon="-83.35154999999997"><ele>1009.0</ele></trkpt><trkpt lat="34.91414" lon="-83.35145999999997"><ele>1011.0</ele></trkpt><trkpt lat="34.91431" lon="-83.35136999999997"><ele>1013.0</ele></trkpt><trkpt lat="34.91438" lon="-83.35129"><ele>1015.0</ele></trkpt><trkpt lat="34.91446" lon="-83.35127"><ele>1015.0</ele></trkpt><trkpt lat="34.91458" lon="-83.35099000000002"><ele>1019.0</ele></trkpt><trkpt lat="34.91463" lon="-83.35091999999997"><ele>1020.0</ele></trkpt><trkpt lat="34.91468" lon="-83.35088000000002"><ele>1020.0</ele></trkpt><trkpt lat="34.91482" lon="-83.35088000000002"><ele>1021.0</ele></trkpt><trkpt lat="34.91494" lon="-83.35081000000002"><ele>1023.0</ele></trkpt><trkpt lat="34.91493" lon="-83.35075"><ele>1024.0</ele></trkpt><trkpt lat="34.91495" lon="-83.35066"><ele>1026.0</ele></trkpt><trkpt lat="34.91501" lon="-83.35061000000002"><ele>1027.0</ele></trkpt><trkpt lat="34.91513" lon="-83.35059000000001"><ele>1029.0</ele></trkpt><trkpt lat="34.91514" lon="-83.35046999999997"><ele>1032.0</ele></trkpt><trkpt lat="34.9152" lon="-83.35043000000002"><ele>1033.0</ele></trkpt><trkpt lat="34.91523" lon="-83.35030999999998"><ele>1036.0</ele></trkpt><trkpt lat="34.91528" lon="-83.35025999999999"><ele>1037.0</ele></trkpt><trkpt lat="34.91529" lon="-83.35001"><ele>1040.0</ele></trkpt><trkpt lat="34.91532" lon="-83.34995000000004"><ele>1041.0</ele></trkpt><trkpt lat="34.91544" lon="-83.34995000000004"><ele>1042.0</ele></trkpt><trkpt lat="34.91551" lon="-83.34987999999998"><ele>1043.0</ele></trkpt><trkpt lat="34.91551" lon="-83.34976"><ele>1045.0</ele></trkpt><trkpt lat="34.91556" lon="-83.34951000000001"><ele>1049.0</ele></trkpt><trkpt lat="34.91553" lon="-83.3494"><ele>1050.0</ele></trkpt><trkpt lat="34.91554" lon="-83.34929999999997"><ele>1052.0</ele></trkpt><trkpt lat="34.91547" lon="-83.34901000000002"><ele>1052.0</ele></trkpt><trkpt lat="34.91548" lon="-83.34888000000001"><ele>1053.0</ele></trkpt><trkpt lat="34.91544" lon="-83.34878000000003"><ele>1053.0</ele></trkpt><trkpt lat="34.91536" lon="-83.34833000000003"><ele>1052.0</ele></trkpt><trkpt lat="34.91548" lon="-83.34816999999998"><ele>1056.0</ele></trkpt><trkpt lat="34.91554" lon="-83.34815000000003"><ele>1057.0</ele></trkpt><trkpt lat="34.91561" lon="-83.34802000000002"><ele>1055.0</ele></trkpt><trkpt lat="34.91561" lon="-83.34794"><ele>1055.0</ele></trkpt><trkpt lat="34.91555" lon="-83.34782000000001"><ele>1054.0</ele></trkpt><trkpt lat="34.91553" lon="-83.34771"><ele>1053.0</ele></trkpt><trkpt lat="34.91551" lon="-83.34740999999997"><ele>1049.0</ele></trkpt><trkpt lat="34.91556" lon="-83.34724"><ele>1046.0</ele></trkpt><trkpt lat="34.91575" lon="-83.34701000000001"><ele>1041.0</ele></trkpt><trkpt lat="34.91579" lon="-83.34689000000003"><ele>1040.0</ele></trkpt><trkpt lat="34.91576" lon="-83.34677999999997"><ele>1041.0</ele></trkpt><trkpt lat="34.91581" lon="-83.34665000000001"><ele>1038.0</ele></trkpt><trkpt lat="34.91583" lon="-83.34652"><ele>1038.0</ele></trkpt><trkpt lat="34.91589" lon="-83.34645"><ele>1036.0</ele></trkpt><trkpt lat="34.91611" lon="-83.34631999999999"><ele>1028.0</ele></trkpt><trkpt lat="34.91615" lon="-83.34626000000003"><ele>1029.0</ele></trkpt><trkpt lat="34.91709" lon="-83.34604999999999"><ele>1014.0</ele></trkpt><trkpt lat="34.91777" lon="-83.34598"><ele>1009.0</ele></trkpt><trkpt lat="34.91788" lon="-83.34591"><ele>1011.0</ele></trkpt><trkpt lat="34.91798" lon="-83.34587999999997"><ele>1010.0</ele></trkpt><trkpt lat="34.91806" lon="-83.34577999999999"><ele>1010.0</ele></trkpt><trkpt lat="34.91812" lon="-83.34573999999998"><ele>1009.0</ele></trkpt><trkpt lat="34.91812" lon="-83.34573999999998"><ele>1009.0</ele></trkpt><trkpt lat="34.91818" lon="-83.34571"><ele>1006.0</ele></trkpt><trkpt lat="34.91826" lon="-83.34559999999999"><ele>1003.0</ele></trkpt><trkpt lat="34.91829" lon="-83.34550000000002"><ele>1004.0</ele></trkpt><trkpt lat="34.9184" lon="-83.34535"><ele>1002.0</ele></trkpt><trkpt lat="34.91847" lon="-83.34521000000001"><ele>1001.0</ele></trkpt><trkpt lat="34.91859" lon="-83.34510999999998"><ele>1000.0</ele></trkpt><trkpt lat="34.91885" lon="-83.34463"><ele>1000.0</ele></trkpt><trkpt lat="34.91891" lon="-83.34458999999998"><ele>999.0</ele></trkpt><trkpt lat="34.91901" lon="-83.34440000000001"><ele>1002.0</ele></trkpt><trkpt lat="34.91906" lon="-83.34427"><ele>998.0</ele></trkpt><trkpt lat="34.91918" lon="-83.34359999999998"><ele>998.0</ele></trkpt><trkpt lat="34.91919" lon="-83.34336000000002"><ele>998.0</ele></trkpt><trkpt lat="34.91898" lon="-83.34269999999998"><ele>998.0</ele></trkpt><trkpt lat="34.91902" lon="-83.34228999999999"><ele>996.0</ele></trkpt><trkpt lat="34.91902" lon="-83.34228999999999"><ele>996.0</ele></trkpt><trkpt lat="34.91919779071288" lon="-83.34202091135353"><ele>994.0</ele></trkpt><trkpt lat="34.91916327218835" lon="-83.34207315590635"><ele>995.0</ele></trkpt><trkpt lat="34.91939" lon="-83.34172999999998"><ele>991.0</ele></trkpt><trkpt lat="34.91947" lon="-83.34144000000003"><ele>991.0</ele></trkpt><trkpt lat="34.9197" lon="-83.34127999999998"><ele>991.0</ele></trkpt><trkpt lat="34.91977" lon="-83.34118999999998"><ele>991.0</ele></trkpt><trkpt lat="34.92004" lon="-83.34105999999997"><ele>993.0</ele></trkpt><trkpt lat="34.92011" lon="-83.34109000000001"><ele>994.0</ele></trkpt><trkpt lat="34.92024" lon="-83.34109000000001"><ele>994.0</ele></trkpt><trkpt lat="34.92047" lon="-83.34113000000002"><ele>995.0</ele></trkpt><trkpt lat="34.92088" lon="-83.34129000000001"><ele>999.0</ele></trkpt><trkpt lat="34.92105" lon="-83.34141"><ele>999.0</ele></trkpt><trkpt lat="34.92119" lon="-83.34144000000003"><ele>999.0</ele></trkpt><trkpt lat="34.9213" lon="-83.34144000000003"><ele>1001.0</ele></trkpt><trkpt lat="34.92139526854579" lon="-83.34147297757352"><ele>1002.0</ele></trkpt><trkpt lat="34.92144853536808" lon="-83.34149141605405"><ele>1003.0</ele></trkpt><trkpt lat="34.92156" lon="-83.34153000000003"><ele>1005.0</ele></trkpt><trkpt lat="34.92161" lon="-83.34152"><ele>1005.0</ele></trkpt><trkpt lat="34.92171" lon="-83.34144000000003"><ele>1007.0</ele></trkpt><trkpt lat="34.92196097804413" lon="-83.3414110409949"><ele>1009.0</ele></trkpt><trkpt lat="34.92221405998864" lon="-83.34123371977489"><ele>1004.0</ele></trkpt><trkpt lat="34.922469169530466" lon="-83.3413249148814"><ele>1002.0</ele></trkpt><trkpt lat="34.922900214885274" lon="-83.34128199953716"><ele>996.0</ele></trkpt><trkpt lat="34.9231641190871" lon="-83.34156094927471"><ele>991.0</ele></trkpt><trkpt lat="34.92318171267037" lon="-83.34164141554515"><ele>990.0</ele></trkpt><trkpt lat="34.92331806281291" lon="-83.3418291701762"><ele>982.0</ele></trkpt><trkpt lat="34.92335512053104" lon="-83.342054313375"><ele>981.0</ele></trkpt><trkpt lat="34.92336391730266" lon="-83.34231180544043"><ele>979.0</ele></trkpt><trkpt lat="34.92336850240052" lon="-83.34230870527637"><ele>979.0</ele></trkpt><trkpt lat="34.92341" lon="-83.3424"><ele>977.0</ele></trkpt><trkpt lat="34.9236" lon="-83.34248000000002"><ele>979.0</ele></trkpt><trkpt lat="34.92381" lon="-83.34233"><ele>982.0</ele></trkpt><trkpt lat="34.92389" lon="-83.34231999999997"><ele>984.0</ele></trkpt><trkpt lat="34.923911288922355" lon="-83.3423072266466"><ele>984.0</ele></trkpt><trkpt lat="34.92417761470236" lon="-83.34189874525214"><ele>985.0</ele></trkpt><trkpt lat="34.9242369889077" lon="-83.34183973665381"><ele>988.0</ele></trkpt><trkpt lat="34.924393129786054" lon="-83.34181291456366"><ele>995.0</ele></trkpt><trkpt lat="34.9245580670109" lon="-83.34168953294898"><ele>996.0</ele></trkpt><trkpt lat="34.924751592932004" lon="-83.34173513050223"><ele>999.0</ele></trkpt><trkpt lat="34.92486155063839" lon="-83.34172708387518"><ele>1001.0</ele></trkpt><trkpt lat="34.92507046653276" lon="-83.34180755014563"><ele>1004.0</ele></trkpt><trkpt lat="34.92519581781915" lon="-83.34209991092825"><ele>1008.0</ele></trkpt><trkpt lat="34.92535415601245" lon="-83.34230375881339"><ele>1010.0</ele></trkpt><trkpt lat="34.92535086695346" lon="-83.34230690414171"><ele>1010.0</ele></trkpt><trkpt lat="34.92543" lon="-83.34242999999998"><ele>1012.0</ele></trkpt><trkpt lat="34.92552" lon="-83.34246000000002"><ele>1012.0</ele></trkpt><trkpt lat="34.92607" lon="-83.34251"><ele>1020.0</ele></trkpt><trkpt lat="34.92644" lon="-83.34267999999997"><ele>1028.0</ele></trkpt><trkpt lat="34.92653" lon="-83.34264999999999"><ele>1028.0</ele></trkpt><trkpt lat="34.9267" lon="-83.34280999999999"><ele>1033.0</ele></trkpt><trkpt lat="34.92672" lon="-83.34287999999998"><ele>1035.0</ele></trkpt><trkpt lat="34.92681" lon="-83.34294"><ele>1036.0</ele></trkpt><trkpt lat="34.92707" lon="-83.34303999999997"><ele>1039.0</ele></trkpt><trkpt lat="34.92717" lon="-83.34305"><ele>1040.0</ele></trkpt><trkpt lat="34.9273" lon="-83.34311000000002"><ele>1043.0</ele></trkpt><trkpt lat="34.92739" lon="-83.34307999999999"><ele>1043.0</ele></trkpt><trkpt lat="34.92741" lon="-83.34296"><ele>1036.0</ele></trkpt><trkpt lat="34.92757" lon="-83.34284000000002"><ele>1042.0</ele></trkpt><trkpt lat="34.92762" lon="-83.34278"><ele>1043.0</ele></trkpt><trkpt lat="34.92764" lon="-83.34269999999998"><ele>1040.0</ele></trkpt><trkpt lat="34.92762" lon="-83.3426"><ele>1036.0</ele></trkpt><trkpt lat="34.92763" lon="-83.34248000000002"><ele>1037.0</ele></trkpt><trkpt lat="34.92765299341194" lon="-83.34237078129325"><ele>1040.0</ele></trkpt><trkpt lat="34.92770161403703" lon="-83.34205480045034"><ele>1045.0</ele></trkpt><trkpt lat="34.92800948417442" lon="-83.34184022372915"><ele>1052.0</ele></trkpt><trkpt lat="34.928361334345375" lon="-83.3416149181719"><ele>1056.0</ele></trkpt><trkpt lat="34.92856364751046" lon="-83.34151835864736"><ele>1061.0</ele></trkpt><trkpt lat="34.92902104934899" lon="-83.341453985631"><ele>1068.0</ele></trkpt><trkpt lat="34.9291266032573" lon="-83.34147544330312"><ele>1071.0</ele></trkpt><trkpt lat="34.92946085640431" lon="-83.34136815494253"><ele>1074.0</ele></trkpt><trkpt lat="34.92989186503107" lon="-83.34136815494253"><ele>1076.0</ele></trkpt><trkpt lat="34.930076582320794" lon="-83.34131451076223"><ele>1077.0</ele></trkpt><trkpt lat="34.93020852298741" lon="-83.34134669727041"><ele>1081.0</ele></trkpt><trkpt lat="34.93038693680845" lon="-83.34133889259033"><ele>1082.0</ele></trkpt><trkpt lat="34.93053207098101" lon="-83.34138180793457"><ele>1086.0</ele></trkpt><trkpt lat="34.93068160289025" lon="-83.34130134166412"><ele>1083.0</ele></trkpt><trkpt lat="34.93091029822423" lon="-83.34134425700836"><ele>1086.0</ele></trkpt><trkpt lat="34.93132810536119" lon="-83.34101166309051"><ele>1081.0</ele></trkpt><trkpt lat="34.93144245220675" lon="-83.34081317962341"><ele>1077.0</ele></trkpt><trkpt lat="34.93160957423278" lon="-83.3407219845169"><ele>1077.0</ele></trkpt><trkpt lat="34.931816277320344" lon="-83.34071662009887"><ele>1078.0</ele></trkpt><trkpt lat="34.932080152845494" lon="-83.34042157710724"><ele>1075.0</ele></trkpt><trkpt lat="34.93228624572189" lon="-83.34041194583801"><ele>1076.0</ele></trkpt><trkpt lat="34.93244566970649" lon="-83.34051118757156"><ele>1075.0</ele></trkpt><trkpt lat="34.93256001420014" lon="-83.34053935076622"><ele>1074.0</ele></trkpt><trkpt lat="34.93266226523269" lon="-83.34065602685837"><ele>1073.0</ele></trkpt><trkpt lat="34.93281289272886" lon="-83.34069089557556"><ele>1071.0</ele></trkpt><trkpt lat="34.93289425345119" lon="-83.34096045758156"><ele>1068.0</ele></trkpt><trkpt lat="34.932923938468484" lon="-83.34140168096451"><ele>1065.0</ele></trkpt><trkpt lat="34.93304048202306" lon="-83.34137217666535"><ele>1064.0</ele></trkpt><trkpt lat="34.93307566494038" lon="-83.34129707481293"><ele>1062.0</ele></trkpt><trkpt lat="34.93308775906816" lon="-83.34101276065735"><ele>1061.0</ele></trkpt><trkpt lat="34.933263672698914" lon="-83.34089072014717"><ele>1058.0</ele></trkpt><trkpt lat="34.93343518886051" lon="-83.34076197411446"><ele>1056.0</ele></trkpt><trkpt lat="34.93365288108062" lon="-83.34064798023132"><ele>1056.0</ele></trkpt><trkpt lat="34.93379471110542" lon="-83.34060238267807"><ele>1058.0</ele></trkpt><trkpt lat="34.93387387194287" lon="-83.34052057530312"><ele>1058.0</ele></trkpt><trkpt lat="34.93398051906141" lon="-83.34051386978058"><ele>1059.0</ele></trkpt><trkpt lat="34.93409486135466" lon="-83.34044949676422"><ele>1058.0</ele></trkpt><trkpt lat="34.93417622080547" lon="-83.34044681455521"><ele>1060.0</ele></trkpt><trkpt lat="34.93451485116618" lon="-83.34031404520897"><ele>1059.0</ele></trkpt><trkpt lat="34.93463708409352" lon="-83.34028462208903"><ele>1060.0</ele></trkpt><trkpt lat="34.93491854161136" lon="-83.34012368954814"><ele>1052.0</ele></trkpt><trkpt lat="34.93497791143316" lon="-83.34006736315882"><ele>1050.0</ele></trkpt><trkpt lat="34.935050474490374" lon="-83.33989301957286"><ele>1044.0</ele></trkpt><trkpt lat="34.93513842962518" lon="-83.33978573121226"><ele>1043.0</ele></trkpt><trkpt lat="34.935202197038926" lon="-83.33971331156886"><ele>1043.0</ele></trkpt><trkpt lat="34.93537810688881" lon="-83.33957383670008"><ele>1041.0</ele></trkpt><trkpt lat="34.93546425836597" lon="-83.33943988860779"><ele>1038.0</ele></trkpt><trkpt lat="34.93553022439312" lon="-83.33927895606689"><ele>1036.0</ele></trkpt><trkpt lat="34.935556610789114" lon="-83.33911265910797"><ele>1033.0</ele></trkpt><trkpt lat="34.935978791970854" lon="-83.33899464191131"><ele>1034.0</ele></trkpt><trkpt lat="34.93615030245521" lon="-83.33894636214904"><ele>1032.0</ele></trkpt><trkpt lat="34.93636139178979" lon="-83.33874787868194"><ele>1027.0</ele></trkpt><trkpt lat="34.93646692275597" lon="-83.33861913264923"><ele>1024.0</ele></trkpt><trkpt lat="34.93655047869331" lon="-83.33856548846893"><ele>1024.0</ele></trkpt><trkpt lat="34.936638432219624" lon="-83.33837236941986"><ele>1020.0</ele></trkpt><trkpt lat="34.936774759999" lon="-83.33825971664123"><ele>1018.0</ele></trkpt><trkpt lat="34.936963859446855" lon="-83.3381631571167"><ele>1016.0</ele></trkpt><trkpt lat="34.93709578903601" lon="-83.33809341968231"><ele>1015.0</ele></trkpt><trkpt lat="34.937276092464664" lon="-83.3379110294693"><ele>1012.0</ele></trkpt><trkpt lat="34.9372585019037" lon="-83.33773936809234"><ele>1010.0</ele></trkpt><trkpt lat="34.9372497066218" lon="-83.33743896068268"><ele>1006.0</ele></trkpt><trkpt lat="34.9372628995443" lon="-83.33722438396148"><ele>1004.0</ele></trkpt><trkpt lat="34.937328864124886" lon="-83.33697762073211"><ele>1002.0</ele></trkpt><trkpt lat="34.93737284000404" lon="-83.33670939983062"><ele>999.0</ele></trkpt><trkpt lat="34.93722771793451" lon="-83.3364519077652"><ele>994.0</ele></trkpt><trkpt lat="34.93727348601168" lon="-83.33637664355433"><ele>995.0</ele></trkpt><trkpt lat="34.93740321628632" lon="-83.336317634956"><ele>995.0</ele></trkpt><trkpt lat="34.93749336771227" lon="-83.33618888892329"><ele>992.0</ele></trkpt><trkpt lat="34.93773083928683" lon="-83.33599040545619"><ele>988.0</ele></trkpt><trkpt lat="34.93808264776305" lon="-83.33584288396037"><ele>985.0</ele></trkpt><trkpt lat="34.938150810480806" lon="-83.3357221845547"><ele>981.0</ele></trkpt><trkpt lat="34.93849381871087" lon="-83.33498994149363"><ele>984.0</ele></trkpt><trkpt lat="34.93858616772283" lon="-83.33494166173136"><ele>985.0</ele></trkpt><trkpt lat="34.938680715413064" lon="-83.3349121574322"><ele>987.0</ele></trkpt><trkpt lat="34.938847822692026" lon="-83.33481023348963"><ele>989.0</ele></trkpt><trkpt lat="34.93892258110134" lon="-83.33475658930934"><ele>991.0</ele></trkpt><trkpt lat="34.93926558649651" lon="-83.33450982607997"><ele>996.0</ele></trkpt><trkpt lat="34.93938431980403" lon="-83.33445349969065"><ele>997.0</ele></trkpt><trkpt lat="34.93964157471399" lon="-83.33441326655543"><ele>1000.0</ele></trkpt><trkpt lat="34.94000876291443" lon="-83.33430597819483"><ele>1001.0</ele></trkpt><trkpt lat="34.94000856995402" lon="-83.33431105112618"><ele>1001.0</ele></trkpt><trkpt lat="34.94052" lon="-83.33434"><ele>1005.0</ele></trkpt><trkpt lat="34.94075" lon="-83.33431000000002"><ele>1010.0</ele></trkpt><trkpt lat="34.94091" lon="-83.33433000000002"><ele>1011.0</ele></trkpt><trkpt lat="34.941" lon="-83.33429000000001"><ele>1015.0</ele></trkpt><trkpt lat="34.94102" lon="-83.33424000000002"><ele>1017.0</ele></trkpt><trkpt lat="34.94098" lon="-83.33409"><ele>1020.0</ele></trkpt><trkpt lat="34.9409" lon="-83.33406000000002"><ele>1020.0</ele></trkpt><trkpt lat="34.94085" lon="-83.33398999999997"><ele>1021.0</ele></trkpt><trkpt lat="34.94061" lon="-83.33352000000002"><ele>1029.0</ele></trkpt><trkpt lat="34.9402" lon="-83.33303999999998"><ele>1026.0</ele></trkpt><trkpt lat="34.94012" lon="-83.33267000000001"><ele>1025.0</ele></trkpt><trkpt lat="34.94012" lon="-83.33251999999999"><ele>1025.0</ele></trkpt><trkpt lat="34.940096348243344" lon="-83.33248283295381"><ele>1025.0</ele></trkpt><trkpt lat="34.93957018066372" lon="-83.33204804527963"><ele>1024.0</ele></trkpt><trkpt lat="34.939315124295064" lon="-83.3317369090339"><ele>1023.0</ele></trkpt><trkpt lat="34.93908645239361" lon="-83.33152233231272"><ele>1020.0</ele></trkpt><trkpt lat="34.938998501492506" lon="-83.33130775559152"><ele>1022.0</ele></trkpt><trkpt lat="34.93875223846765" lon="-83.33102880585398"><ele>1022.0</ele></trkpt><trkpt lat="34.93865549207699" lon="-83.33082495796884"><ele>1020.0</ele></trkpt><trkpt lat="34.93864669694493" lon="-83.33058892357553"><ele>1018.0</ele></trkpt><trkpt lat="34.93875223846765" lon="-83.33014904129709"><ele>1021.0</ele></trkpt><trkpt lat="34.938919345600866" lon="-83.32970915901865"><ele>1027.0</ele></trkpt><trkpt lat="34.939125262983445" lon="-83.32929040969543"><ele>1028.0</ele></trkpt><trkpt lat="34.93925279156216" lon="-83.32918312133484"><ele>1029.0</ele></trkpt><trkpt lat="34.93917803345386" lon="-83.32887734950714"><ele>1029.0</ele></trkpt><trkpt lat="34.939283574292816" lon="-83.32878615440063"><ele>1031.0</ele></trkpt><trkpt lat="34.9397541088806" lon="-83.3285286623352"><ele>1040.0</ele></trkpt><trkpt lat="34.93999157390922" lon="-83.32850184024505"><ele>1042.0</ele></trkpt><trkpt lat="34.93999305052307" lon="-83.32850907326326"><ele>1042.0</ele></trkpt><trkpt lat="34.94078" lon="-83.32826999999997"><ele>1046.0</ele></trkpt><trkpt lat="34.94175" lon="-83.32803999999999"><ele>1048.0</ele></trkpt><trkpt lat="34.94249" lon="-83.32772"><ele>1047.0</ele></trkpt><trkpt lat="34.94325" lon="-83.32749000000001"><ele>1048.0</ele></trkpt><trkpt lat="34.94366" lon="-83.32711999999998"><ele>1048.0</ele></trkpt><trkpt lat="34.9438" lon="-83.32695000000001"><ele>1049.0</ele></trkpt><trkpt lat="34.9439" lon="-83.32670000000002"><ele>1047.0</ele></trkpt><trkpt lat="34.94393" lon="-83.32643000000002"><ele>1046.0</ele></trkpt><trkpt lat="34.94393" lon="-83.32613000000003"><ele>1045.0</ele></trkpt><trkpt lat="34.94367" lon="-83.32568000000003"><ele>1043.0</ele></trkpt><trkpt lat="34.94345" lon="-83.32547999999997"><ele>1039.0</ele></trkpt><trkpt lat="34.94302" lon="-83.32533000000001"><ele>1036.0</ele></trkpt><trkpt lat="34.94274" lon="-83.32508000000001"><ele>1035.0</ele></trkpt><trkpt lat="34.94257" lon="-83.32466"><ele>1034.0</ele></trkpt><trkpt lat="34.94257" lon="-83.32445000000001"><ele>1031.0</ele></trkpt><trkpt lat="34.94263" lon="-83.32418999999999"><ele>1031.0</ele></trkpt><trkpt lat="34.94318" lon="-83.32378"><ele>1032.0</ele></trkpt><trkpt lat="34.94415" lon="-83.32339000000002"><ele>1023.0</ele></trkpt><trkpt lat="34.94431" lon="-83.32316000000003"><ele>1023.0</ele></trkpt><trkpt lat="34.94443" lon="-83.32292999999999"><ele>1021.0</ele></trkpt><trkpt lat="34.94455" lon="-83.32166999999998"><ele>1020.0</ele></trkpt><trkpt lat="34.94451" lon="-83.32110999999998"><ele>1020.0</ele></trkpt><trkpt lat="34.9444" lon="-83.32056999999998"><ele>1025.0</ele></trkpt><trkpt lat="34.94431" lon="-83.32031"><ele>1026.0</ele></trkpt><trkpt lat="34.94431" lon="-83.32031"><ele>1026.0</ele></trkpt><trkpt lat="34.94391" lon="-83.31909000000002"><ele>1032.0</ele></trkpt><trkpt lat="34.94396" lon="-83.31884000000002"><ele>1035.0</ele></trkpt><trkpt lat="34.94413" lon="-83.31844000000001"><ele>1041.0</ele></trkpt><trkpt lat="34.94466" lon="-83.31753000000003"><ele>1048.0</ele></trkpt><trkpt lat="34.945" lon="-83.31732999999997"><ele>1048.0</ele></trkpt><trkpt lat="34.94536" lon="-83.31741"><ele>1052.0</ele></trkpt><trkpt lat="34.94553" lon="-83.31732999999997"><ele>1055.0</ele></trkpt><trkpt lat="34.94534" lon="-83.31708000000003"><ele>1059.0</ele></trkpt><trkpt lat="34.94537" lon="-83.31705"><ele>1060.0</ele></trkpt><trkpt lat="34.94545" lon="-83.31702999999999"><ele>1063.0</ele></trkpt><trkpt lat="34.94553" lon="-83.31709000000001"><ele>1062.0</ele></trkpt><trkpt lat="34.94574" lon="-83.31705"><ele>1065.0</ele></trkpt><trkpt lat="34.94584" lon="-83.31700999999998"><ele>1068.0</ele></trkpt><trkpt lat="34.94575" lon="-83.31686000000002"><ele>1074.0</ele></trkpt><trkpt lat="34.94582" lon="-83.31682"><ele>1077.0</ele></trkpt><trkpt lat="34.94583" lon="-83.31673999999998"><ele>1080.0</ele></trkpt><trkpt lat="34.94576" lon="-83.31664999999998"><ele>1084.0</ele></trkpt><trkpt lat="34.94585" lon="-83.31660999999997"><ele>1088.0</ele></trkpt><trkpt lat="34.94573" lon="-83.31650000000002"><ele>1091.0</ele></trkpt><trkpt lat="34.94562" lon="-83.31632000000002"><ele>1097.0</ele></trkpt><trkpt lat="34.94611" lon="-83.31621000000001"><ele>1110.0</ele></trkpt><trkpt lat="34.94637" lon="-83.31621999999999"><ele>1114.0</ele></trkpt><trkpt lat="34.94663" lon="-83.31632000000002"><ele>1117.0</ele></trkpt><trkpt lat="34.94786" lon="-83.31648999999999"><ele>1131.0</ele></trkpt><trkpt lat="34.94809" lon="-83.31639000000001"><ele>1137.0</ele></trkpt><trkpt lat="34.94814" lon="-83.31639999999999"><ele>1137.0</ele></trkpt><trkpt lat="34.9483" lon="-83.31615999999997"><ele>1139.0</ele></trkpt><trkpt lat="34.94857" lon="-83.31558999999999"><ele>1147.0</ele></trkpt><trkpt lat="34.94861" lon="-83.31486999999998"><ele>1151.0</ele></trkpt><trkpt lat="34.94858" lon="-83.31435999999997"><ele>1152.0</ele></trkpt><trkpt lat="34.94841" lon="-83.31331999999998"><ele>1158.0</ele></trkpt><trkpt lat="34.94838" lon="-83.31302"><ele>1159.0</ele></trkpt><trkpt lat="34.94844" lon="-83.31268999999998"><ele>1164.0</ele></trkpt><trkpt lat="34.94872" lon="-83.31209000000001"><ele>1176.0</ele></trkpt><trkpt lat="34.94886" lon="-83.31205999999997"><ele>1179.0</ele></trkpt><trkpt lat="34.94897" lon="-83.31211000000002"><ele>1182.0</ele></trkpt><trkpt lat="34.94898" lon="-83.31221"><ele>1185.0</ele></trkpt><trkpt lat="34.94894" lon="-83.3123"><ele>1188.0</ele></trkpt><trkpt lat="34.94905" lon="-83.31243"><ele>1194.0</ele></trkpt><trkpt lat="34.94899" lon="-83.31258000000003"><ele>1196.0</ele></trkpt><trkpt lat="34.94916" lon="-83.31259999999997"><ele>1202.0</ele></trkpt><trkpt lat="34.94916" lon="-83.31275"><ele>1205.0</ele></trkpt><trkpt lat="34.9491" lon="-83.31292000000002"><ele>1205.0</ele></trkpt><trkpt lat="34.94916" lon="-83.31308999999999"><ele>1206.0</ele></trkpt><trkpt lat="34.94935" lon="-83.31329"><ele>1209.0</ele></trkpt><trkpt lat="34.94944" lon="-83.31330000000003"><ele>1213.0</ele></trkpt><trkpt lat="34.94946" lon="-83.31321000000003"><ele>1215.0</ele></trkpt><trkpt lat="34.94944" lon="-83.31313"><ele>1215.0</ele></trkpt><trkpt lat="34.94949" lon="-83.31304999999998"><ele>1215.0</ele></trkpt><trkpt lat="34.94958" lon="-83.31304"><ele>1217.0</ele></trkpt><trkpt lat="34.95034" lon="-83.31331"><ele>1225.0</ele></trkpt><trkpt lat="34.95061" lon="-83.31333999999998"><ele>1222.0</ele></trkpt><trkpt lat="34.95081" lon="-83.31324999999998"><ele>1221.0</ele></trkpt><trkpt lat="34.95096" lon="-83.31313999999998"><ele>1218.0</ele></trkpt><trkpt lat="34.95148" lon="-83.31286999999998"><ele>1213.0</ele></trkpt><trkpt lat="34.95179" lon="-83.31258000000003"><ele>1209.0</ele></trkpt><trkpt lat="34.95186" lon="-83.31254999999999"><ele>1206.0</ele></trkpt><trkpt lat="34.95186882355379" lon="-83.31255686276404"><ele>1206.0</ele></trkpt><trkpt lat="34.951922914423164" lon="-83.31259893337841"><ele>1205.0</ele></trkpt><trkpt lat="34.95213" lon="-83.31276000000003"><ele>1200.0</ele></trkpt><trkpt lat="34.95211" lon="-83.3123"><ele>1193.0</ele></trkpt><trkpt lat="34.95204" lon="-83.31193000000002"><ele>1189.0</ele></trkpt><trkpt lat="34.95208" lon="-83.31187999999997"><ele>1186.0</ele></trkpt><trkpt lat="34.95222" lon="-83.31193000000002"><ele>1181.0</ele></trkpt><trkpt lat="34.95222" lon="-83.31175999999999"><ele>1177.0</ele></trkpt><trkpt lat="34.95208" lon="-83.31153999999998"><ele>1176.0</ele></trkpt><trkpt lat="34.95186" lon="-83.31148999999999"><ele>1173.0</ele></trkpt><trkpt lat="34.9517" lon="-83.31155999999999"><ele>1172.0</ele></trkpt><trkpt lat="34.95144" lon="-83.31171999999998"><ele>1165.0</ele></trkpt><trkpt lat="34.95135" lon="-83.31182999999999"><ele>1165.0</ele></trkpt><trkpt lat="34.95125" lon="-83.31189"><ele>1163.0</ele></trkpt><trkpt lat="34.95121" lon="-83.31189"><ele>1162.0</ele></trkpt><trkpt lat="34.95123" lon="-83.31178"><ele>1159.0</ele></trkpt><trkpt lat="34.95145" lon="-83.31137999999999"><ele>1156.0</ele></trkpt><trkpt lat="34.95161" lon="-83.31115"><ele>1152.0</ele></trkpt><trkpt lat="34.95184" lon="-83.31097999999997"><ele>1154.0</ele></trkpt><trkpt lat="34.95232" lon="-83.31101000000001"><ele>1148.0</ele></trkpt><trkpt lat="34.95279" lon="-83.31085000000002"><ele>1142.0</ele></trkpt><trkpt lat="34.95351" lon="-83.31040999999999"><ele>1138.0</ele></trkpt><trkpt lat="34.95351" lon="-83.31040999999999"><ele>1138.0</ele></trkpt><trkpt lat="34.95351" lon="-83.31040999999999"><ele>1138.0</ele></trkpt><trkpt lat="34.95367" lon="-83.31038000000001"><ele>1139.0</ele></trkpt><trkpt lat="34.95394" lon="-83.31045"><ele>1142.0</ele></trkpt><trkpt lat="34.95456" lon="-83.31052999999997"><ele>1143.0</ele></trkpt><trkpt lat="34.95475" lon="-83.31049000000002"><ele>1144.0</ele></trkpt><trkpt lat="34.95489" lon="-83.31038000000001"><ele>1146.0</ele></trkpt><trkpt lat="34.95489" lon="-83.31027"><ele>1147.0</ele></trkpt><trkpt lat="34.95503" lon="-83.31027"><ele>1149.0</ele></trkpt><trkpt lat="34.95563" lon="-83.31038999999998"><ele>1157.0</ele></trkpt><trkpt lat="34.9559" lon="-83.31052"><ele>1161.0</ele></trkpt><trkpt lat="34.95625" lon="-83.31051000000002"><ele>1166.0</ele></trkpt><trkpt lat="34.95624" lon="-83.31040999999999"><ele>1168.0</ele></trkpt><trkpt lat="34.95608" lon="-83.31025999999997"><ele>1171.0</ele></trkpt><trkpt lat="34.95595" lon="-83.31007999999997"><ele>1174.0</ele></trkpt><trkpt lat="34.95585" lon="-83.30973"><ele>1178.0</ele></trkpt><trkpt lat="34.95592" lon="-83.30928"><ele>1183.0</ele></trkpt><trkpt lat="34.95603" lon="-83.30894999999998"><ele>1188.0</ele></trkpt><trkpt lat="34.95615" lon="-83.30898000000002"><ele>1193.0</ele></trkpt><trkpt lat="34.95648" lon="-83.30937"><ele>1199.0</ele></trkpt><trkpt lat="34.95667" lon="-83.30948000000001"><ele>1202.0</ele></trkpt><trkpt lat="34.95701" lon="-83.30935999999997"><ele>1206.0</ele></trkpt><trkpt lat="34.95725" lon="-83.30932000000001"><ele>1208.0</ele></trkpt><trkpt lat="34.95785" lon="-83.30935999999997"><ele>1213.0</ele></trkpt><trkpt lat="34.958" lon="-83.30932000000001"><ele>1216.0</ele></trkpt><trkpt lat="34.958" lon="-83.30932000000001"><ele>1216.0</ele></trkpt><trkpt lat="34.95823" lon="-83.30923000000001"><ele>1217.0</ele></trkpt><trkpt lat="34.95834" lon="-83.30902000000003"><ele>1218.0</ele></trkpt><trkpt lat="34.95843" lon="-83.3084"><ele>1223.0</ele></trkpt><trkpt lat="34.95856" lon="-83.30804999999998"><ele>1226.0</ele></trkpt><trkpt lat="34.95867" lon="-83.30764999999997"><ele>1228.0</ele></trkpt><trkpt lat="34.95895" lon="-83.30734000000001"><ele>1231.0</ele></trkpt><trkpt lat="34.95895" lon="-83.30734000000001"><ele>1231.0</ele></trkpt><trkpt lat="34.95904" lon="-83.30716000000001"><ele>1234.0</ele></trkpt><trkpt lat="34.95913" lon="-83.30705999999998"><ele>1234.0</ele></trkpt><trkpt lat="34.95937" lon="-83.30695000000003"><ele>1234.0</ele></trkpt><trkpt lat="34.95952" lon="-83.30683999999997"><ele>1235.0</ele></trkpt><trkpt lat="34.95997" lon="-83.30665999999997"><ele>1238.0</ele></trkpt><trkpt lat="34.9602" lon="-83.30650000000003"><ele>1242.0</ele></trkpt><trkpt lat="34.96024" lon="-83.30641000000003"><ele>1244.0</ele></trkpt><trkpt lat="34.96056" lon="-83.30612000000002"><ele>1247.0</ele></trkpt><trkpt lat="34.96063" lon="-83.30601999999999"><ele>1249.0</ele></trkpt><trkpt lat="34.96096" lon="-83.30579"><ele>1254.0</ele></trkpt><trkpt lat="34.96102" lon="-83.30569000000003"><ele>1256.0</ele></trkpt><trkpt lat="34.96111" lon="-83.30560000000003"><ele>1257.0</ele></trkpt><trkpt lat="34.96143" lon="-83.30541"><ele>1258.0</ele></trkpt><trkpt lat="34.96164" lon="-83.30534"><ele>1260.0</ele></trkpt><trkpt lat="34.96217" lon="-83.30531000000002"><ele>1269.0</ele></trkpt><trkpt lat="34.96244" lon="-83.30520000000001"><ele>1272.0</ele></trkpt><trkpt lat="34.96259" lon="-83.30518999999998"><ele>1272.0</ele></trkpt><trkpt lat="34.96313" lon="-83.30520000000001"><ele>1280.0</ele></trkpt><trkpt lat="34.9634" lon="-83.30525"><ele>1286.0</ele></trkpt><trkpt lat="34.9638" lon="-83.30542000000003"><ele>1292.0</ele></trkpt><trkpt lat="34.96399" lon="-83.30545000000001"><ele>1295.0</ele></trkpt><trkpt lat="34.9645" lon="-83.30524000000003"><ele>1302.0</ele></trkpt><trkpt lat="34.9645" lon="-83.30524000000003"><ele>1302.0</ele></trkpt><trkpt lat="34.9645" lon="-83.30524000000003"><ele>1302.0</ele></trkpt><trkpt lat="34.96457" lon="-83.30520000000001"><ele>1303.0</ele></trkpt><trkpt lat="34.96458" lon="-83.30516"><ele>1304.0</ele></trkpt><trkpt lat="34.96457" lon="-83.30513000000002"><ele>1305.0</ele></trkpt><trkpt lat="34.96436" lon="-83.30504000000002"><ele>1306.0</ele></trkpt><trkpt lat="34.9643" lon="-83.30498"><ele>1308.0</ele></trkpt><trkpt lat="34.96431" lon="-83.30495000000002"><ele>1309.0</ele></trkpt><trkpt lat="34.96433" lon="-83.30491999999998"><ele>1310.0</ele></trkpt><trkpt lat="34.96454" lon="-83.30484999999999"><ele>1314.0</ele></trkpt><trkpt lat="34.96463" lon="-83.30475000000001"><ele>1316.0</ele></trkpt><trkpt lat="34.96478" lon="-83.30441000000002"><ele>1319.0</ele></trkpt><trkpt lat="34.96483" lon="-83.30417"><ele>1321.0</ele></trkpt><trkpt lat="34.9648" lon="-83.30412000000001"><ele>1323.0</ele></trkpt><trkpt lat="34.96463" lon="-83.30430999999999"><ele>1328.0</ele></trkpt><trkpt lat="34.96446" lon="-83.30435999999997"><ele>1330.0</ele></trkpt><trkpt lat="34.96438" lon="-83.30435999999997"><ele>1331.0</ele></trkpt><trkpt lat="34.96433" lon="-83.30430999999999"><ele>1334.0</ele></trkpt><trkpt lat="34.96432" lon="-83.30426"><ele>1335.0</ele></trkpt><trkpt lat="34.96445" lon="-83.30385999999999"><ele>1338.0</ele></trkpt><trkpt lat="34.96443" lon="-83.30378000000002"><ele>1340.0</ele></trkpt><trkpt lat="34.96419" lon="-83.30394000000001"><ele>1343.0</ele></trkpt><trkpt lat="34.96408" lon="-83.30398000000002"><ele>1344.0</ele></trkpt><trkpt lat="34.96408" lon="-83.30398000000002"><ele>1344.0</ele></trkpt><trkpt lat="34.96381" lon="-83.30392999999998"><ele>1346.0</ele></trkpt><trkpt lat="34.96369" lon="-83.30385999999999"><ele>1348.0</ele></trkpt><trkpt lat="34.96365" lon="-83.30380000000002"><ele>1351.0</ele></trkpt><trkpt lat="34.96398" lon="-83.30363999999997"><ele>1355.0</ele></trkpt><trkpt lat="34.96409" lon="-83.30354999999997"><ele>1356.0</ele></trkpt><trkpt lat="34.9642" lon="-83.30340999999999"><ele>1357.0</ele></trkpt><trkpt lat="34.9642" lon="-83.30335000000002"><ele>1359.0</ele></trkpt><trkpt lat="34.964" lon="-83.30342000000002"><ele>1362.0</ele></trkpt><trkpt lat="34.9639" lon="-83.30342999999999"><ele>1363.0</ele></trkpt><trkpt lat="34.96388" lon="-83.30340999999999"><ele>1365.0</ele></trkpt><trkpt lat="34.96408" lon="-83.30315999999999"><ele>1368.0</ele></trkpt><trkpt lat="34.96411" lon="-83.30303000000004"><ele>1370.0</ele></trkpt><trkpt lat="34.96405" lon="-83.303"><ele>1373.0</ele></trkpt><trkpt lat="34.96396" lon="-83.30300999999997"><ele>1375.0</ele></trkpt><trkpt lat="34.96386" lon="-83.30306999999999"><ele>1375.0</ele></trkpt><trkpt lat="34.96363" lon="-83.30313000000001"><ele>1379.0</ele></trkpt><trkpt lat="34.96344" lon="-83.30309999999997"><ele>1381.0</ele></trkpt><trkpt lat="34.96332" lon="-83.30304999999998"><ele>1382.0</ele></trkpt><trkpt lat="34.96323" lon="-83.30297000000002"><ele>1385.0</ele></trkpt><trkpt lat="34.96314" lon="-83.30288000000002"><ele>1387.0</ele></trkpt><trkpt lat="34.9631" lon="-83.30277000000001"><ele>1389.0</ele></trkpt><trkpt lat="34.9631" lon="-83.30277000000001"><ele>1389.0</ele></trkpt><trkpt lat="34.9631" lon="-83.30277000000001"><ele>1389.0</ele></trkpt><trkpt lat="34.96317" lon="-83.30267000000003"><ele>1390.0</ele></trkpt><trkpt lat="34.96349" lon="-83.30257"><ele>1394.0</ele></trkpt><trkpt lat="34.96383" lon="-83.30219"><ele>1401.0</ele></trkpt><trkpt lat="34.96391" lon="-83.30203"><ele>1404.0</ele></trkpt><trkpt lat="34.96395" lon="-83.30169000000001"><ele>1408.0</ele></trkpt><trkpt lat="34.96403" lon="-83.30155000000002"><ele>1412.0</ele></trkpt><trkpt lat="34.96457" lon="-83.30111999999997"><ele>1413.0</ele></trkpt><trkpt lat="34.96479" lon="-83.30081999999999"><ele>1415.0</ele></trkpt><trkpt lat="34.9653" lon="-83.30027999999999"><ele>1423.0</ele></trkpt><trkpt lat="34.9654" lon="-83.30002999999999"><ele>1428.0</ele></trkpt><trkpt lat="34.9654" lon="-83.30002999999999"><ele>1428.0</ele></trkpt><trkpt lat="34.9654" lon="-83.30002999999999"><ele>1428.0</ele></trkpt><trkpt lat="34.96555" lon="-83.29994999999997"><ele>1428.0</ele></trkpt><trkpt lat="34.96583" lon="-83.29997000000003"><ele>1422.0</ele></trkpt><trkpt lat="34.96773" lon="-83.29991999999999"><ele>1400.0</ele></trkpt><trkpt lat="34.9687" lon="-83.29993999999999"><ele>1391.0</ele></trkpt><trkpt lat="34.968894999501195" lon="-83.29992518991128"><ele>1388.0</ele></trkpt><trkpt lat="34.968916596726054" lon="-83.29992354967334"><ele>1387.0</ele></trkpt><trkpt lat="34.96949" lon="-83.29988000000003"><ele>1377.0</ele></trkpt><trkpt lat="34.96978" lon="-83.29976999999997"><ele>1373.0</ele></trkpt><trkpt lat="34.96985" lon="-83.2998"><ele>1371.0</ele></trkpt><trkpt lat="34.96987" lon="-83.29991999999999"><ele>1369.0</ele></trkpt><trkpt lat="34.96982" lon="-83.30014"><ele>1366.0</ele></trkpt><trkpt lat="34.96965" lon="-83.30054000000001"><ele>1360.0</ele></trkpt><trkpt lat="34.96936" lon="-83.30083000000002"><ele>1355.0</ele></trkpt><trkpt lat="34.96926" lon="-83.30088999999998"><ele>1352.0</ele></trkpt><trkpt lat="34.96924" lon="-83.30092000000002"><ele>1351.0</ele></trkpt><trkpt lat="34.96925" lon="-83.30093999999997"><ele>1351.0</ele></trkpt><trkpt lat="34.96941" lon="-83.30101000000002"><ele>1348.0</ele></trkpt><trkpt lat="34.96967" lon="-83.30108000000001"><ele>1344.0</ele></trkpt><trkpt lat="34.96994" lon="-83.30097"><ele>1342.0</ele></trkpt><trkpt lat="34.97024" lon="-83.30090000000001"><ele>1338.0</ele></trkpt><trkpt lat="34.97032" lon="-83.30084"><ele>1335.0</ele></trkpt><trkpt lat="34.97038" lon="-83.30088"><ele>1333.0</ele></trkpt><trkpt lat="34.97029" lon="-83.30104"><ele>1329.0</ele></trkpt><trkpt lat="34.97005" lon="-83.30126999999999"><ele>1328.0</ele></trkpt><trkpt lat="34.97002" lon="-83.30132000000003"><ele>1327.0</ele></trkpt><trkpt lat="34.97003" lon="-83.30138"><ele>1325.0</ele></trkpt><trkpt lat="34.97008" lon="-83.3014"><ele>1323.0</ele></trkpt><trkpt lat="34.97015" lon="-83.3014"><ele>1322.0</ele></trkpt><trkpt lat="34.97039" lon="-83.30126999999999"><ele>1318.0</ele></trkpt><trkpt lat="34.97047" lon="-83.30128000000002"><ele>1314.0</ele></trkpt><trkpt lat="34.9705" lon="-83.30131"><ele>1312.0</ele></trkpt><trkpt lat="34.97044" lon="-83.30153999999999"><ele>1310.0</ele></trkpt><trkpt lat="34.97034" lon="-83.30174"><ele>1305.0</ele></trkpt><trkpt lat="34.97006" lon="-83.30187000000001"><ele>1300.0</ele></trkpt><trkpt lat="34.97004" lon="-83.30191000000002"><ele>1300.0</ele></trkpt><trkpt lat="34.97006" lon="-83.30195000000003"><ele>1298.0</ele></trkpt><trkpt lat="34.97038" lon="-83.30201"><ele>1294.0</ele></trkpt><trkpt lat="34.97066" lon="-83.30210999999997"><ele>1290.0</ele></trkpt><trkpt lat="34.97085" lon="-83.3021"><ele>1286.0</ele></trkpt><trkpt lat="34.97104" lon="-83.30195000000003"><ele>1281.0</ele></trkpt><trkpt lat="34.97107" lon="-83.30196000000001"><ele>1280.0</ele></trkpt><trkpt lat="34.9711" lon="-83.30198999999999"><ele>1280.0</ele></trkpt><trkpt lat="34.97112" lon="-83.3023"><ele>1277.0</ele></trkpt><trkpt lat="34.97118" lon="-83.30239"><ele>1277.0</ele></trkpt><trkpt lat="34.97118" lon="-83.30239"><ele>1277.0</ele></trkpt><trkpt lat="34.97118" lon="-83.30239"><ele>1277.0</ele></trkpt><trkpt lat="34.97154" lon="-83.30268999999998"><ele>1269.0</ele></trkpt><trkpt lat="34.97221" lon="-83.30304000000001"><ele>1261.0</ele></trkpt><trkpt lat="34.97257" lon="-83.30345"><ele>1256.0</ele></trkpt><trkpt lat="34.97273" lon="-83.30324000000002"><ele>1250.0</ele></trkpt><trkpt lat="34.9728" lon="-83.30309"><ele>1248.0</ele></trkpt><trkpt lat="34.97298" lon="-83.30249000000003"><ele>1241.0</ele></trkpt><trkpt lat="34.97317" lon="-83.30237"><ele>1238.0</ele></trkpt><trkpt lat="34.97365" lon="-83.30237"><ele>1232.0</ele></trkpt><trkpt lat="34.97371" lon="-83.3023"><ele>1231.0</ele></trkpt><trkpt lat="34.9742" lon="-83.30205000000001"><ele>1226.0</ele></trkpt><trkpt lat="34.97438" lon="-83.30212"><ele>1223.0</ele></trkpt><trkpt lat="34.9747" lon="-83.30236000000002"><ele>1218.0</ele></trkpt><trkpt lat="34.97498" lon="-83.30243999999999"><ele>1215.0</ele></trkpt><trkpt lat="34.97524" lon="-83.30239"><ele>1211.0</ele></trkpt><trkpt lat="34.97567" lon="-83.30221"><ele>1204.0</ele></trkpt><trkpt lat="34.97572" lon="-83.30201999999997"><ele>1205.0</ele></trkpt><trkpt lat="34.976" lon="-83.30153000000001"><ele>1198.0</ele></trkpt><trkpt lat="34.976" lon="-83.30153000000001"><ele>1198.0</ele></trkpt><trkpt lat="34.97604" lon="-83.30146000000002"><ele>1197.0</ele></trkpt><trkpt lat="34.97605" lon="-83.30111"><ele>1196.0</ele></trkpt><trkpt lat="34.97616" lon="-83.30081000000001"><ele>1190.0</ele></trkpt><trkpt lat="34.97624" lon="-83.3003"><ele>1186.0</ele></trkpt><trkpt lat="34.97633" lon="-83.30036999999999"><ele>1184.0</ele></trkpt><trkpt lat="34.9763" lon="-83.30060000000003"><ele>1184.0</ele></trkpt><trkpt lat="34.97635" lon="-83.30105000000003"><ele>1179.0</ele></trkpt><trkpt lat="34.97663" lon="-83.30168000000003"><ele>1168.0</ele></trkpt><trkpt lat="34.97674" lon="-83.30266"><ele>1156.0</ele></trkpt><trkpt lat="34.9769" lon="-83.30291"><ele>1149.0</ele></trkpt><trkpt lat="34.97702" lon="-83.30295000000001"><ele>1148.0</ele></trkpt><trkpt lat="34.9772" lon="-83.30270999999999"><ele>1147.0</ele></trkpt><trkpt lat="34.9772" lon="-83.30270999999999"><ele>1147.0</ele></trkpt><trkpt lat="34.9772" lon="-83.30270999999999"><ele>1147.0</ele></trkpt><trkpt lat="34.97713" lon="-83.30252999999999"><ele>1146.0</ele></trkpt><trkpt lat="34.97717" lon="-83.30225999999999"><ele>1148.0</ele></trkpt><trkpt lat="34.97744" lon="-83.30218000000002"><ele>1145.0</ele></trkpt><trkpt lat="34.97737" lon="-83.30187000000001"><ele>1149.0</ele></trkpt><trkpt lat="34.97742" lon="-83.30135999999999"><ele>1145.0</ele></trkpt><trkpt lat="34.97768" lon="-83.30093999999997"><ele>1138.0</ele></trkpt><trkpt lat="34.97775" lon="-83.30074000000002"><ele>1135.0</ele></trkpt><trkpt lat="34.97777" lon="-83.30063999999999"><ele>1133.0</ele></trkpt><trkpt lat="34.97771" lon="-83.30039"><ele>1126.0</ele></trkpt><trkpt lat="34.9778" lon="-83.30036000000001"><ele>1128.0</ele></trkpt><trkpt lat="34.97787" lon="-83.30024000000003"><ele>1128.0</ele></trkpt><trkpt lat="34.97792" lon="-83.30025999999998"><ele>1128.0</ele></trkpt><trkpt lat="34.97798" lon="-83.30021999999997"><ele>1127.0</ele></trkpt><trkpt lat="34.978" lon="-83.30015000000003"><ele>1125.0</ele></trkpt><trkpt lat="34.97827" lon="-83.30002999999999"><ele>1120.0</ele></trkpt><trkpt lat="34.97843" lon="-83.29984999999999"><ele>1117.0</ele></trkpt><trkpt lat="34.97883" lon="-83.29897"><ele>1110.0</ele></trkpt><trkpt lat="34.97896559594567" lon="-83.29882642782223"><ele>1106.0</ele></trkpt><trkpt lat="34.97897133336914" lon="-83.29882035292945"><ele>1106.0</ele></trkpt><trkpt lat="34.979" lon="-83.29879"><ele>1106.0</ele></trkpt><trkpt lat="34.97916" lon="-83.29874999999998"><ele>1102.0</ele></trkpt><trkpt lat="34.97922" lon="-83.29867000000002"><ele>1100.0</ele></trkpt><trkpt lat="34.97919" lon="-83.29838999999998"><ele>1099.0</ele></trkpt><trkpt lat="34.97924" lon="-83.29834"><ele>1098.0</ele></trkpt><trkpt lat="34.97924" lon="-83.29834"><ele>1098.0</ele></trkpt><trkpt lat="34.97929" lon="-83.29827999999998"><ele>1096.0</ele></trkpt><trkpt lat="34.97929" lon="-83.29788000000002"><ele>1092.0</ele></trkpt><trkpt lat="34.97916" lon="-83.29746"><ele>1088.0</ele></trkpt><trkpt lat="34.97902" lon="-83.29726"><ele>1086.0</ele></trkpt><trkpt lat="34.97894" lon="-83.2969"><ele>1083.0</ele></trkpt><trkpt lat="34.97894" lon="-83.2969"><ele>1083.0</ele></trkpt><trkpt lat="34.97905" lon="-83.29665"><ele>1084.0</ele></trkpt><trkpt lat="34.97912" lon="-83.29660999999999"><ele>1084.0</ele></trkpt><trkpt lat="34.97932" lon="-83.2964"><ele>1081.0</ele></trkpt><trkpt lat="34.97935" lon="-83.29631"><ele>1079.0</ele></trkpt><trkpt lat="34.97933" lon="-83.29624000000001"><ele>1078.0</ele></trkpt><trkpt lat="34.97932" lon="-83.29606000000001"><ele>1074.0</ele></trkpt><trkpt lat="34.97929" lon="-83.29599999999999"><ele>1072.0</ele></trkpt><trkpt lat="34.9793" lon="-83.29590000000002"><ele>1070.0</ele></trkpt><trkpt lat="34.97933" lon="-83.29581999999999"><ele>1068.0</ele></trkpt><trkpt lat="34.97946" lon="-83.29572999999999"><ele>1067.0</ele></trkpt><trkpt lat="34.97954" lon="-83.29543000000001"><ele>1060.0</ele></trkpt><trkpt lat="34.97948" lon="-83.29534000000001"><ele>1058.0</ele></trkpt><trkpt lat="34.9795" lon="-83.29527000000002"><ele>1056.0</ele></trkpt><trkpt lat="34.97959" lon="-83.29520000000002"><ele>1053.0</ele></trkpt><trkpt lat="34.97966" lon="-83.29521"><ele>1051.0</ele></trkpt><trkpt lat="34.98016" lon="-83.29566999999997"><ele>1044.0</ele></trkpt><trkpt lat="34.98046" lon="-83.29590000000002"><ele>1042.0</ele></trkpt><trkpt lat="34.9808" lon="-83.29599000000002"><ele>1040.0</ele></trkpt><trkpt lat="34.98126" lon="-83.29572000000002"><ele>1036.0</ele></trkpt><trkpt lat="34.98135" lon="-83.29577"><ele>1035.0</ele></trkpt><trkpt lat="34.98161" lon="-83.29581000000002"><ele>1031.0</ele></trkpt><trkpt lat="34.98176" lon="-83.29579000000001"><ele>1031.0</ele></trkpt><trkpt lat="34.98187" lon="-83.29563999999999"><ele>1033.0</ele></trkpt><trkpt lat="34.98189" lon="-83.29552000000001"><ele>1034.0</ele></trkpt><trkpt lat="34.98201" lon="-83.29520000000002"><ele>1035.0</ele></trkpt><trkpt lat="34.98209" lon="-83.29514"><ele>1034.0</ele></trkpt><trkpt lat="34.98224" lon="-83.29525999999998"><ele>1031.0</ele></trkpt><trkpt lat="34.98242" lon="-83.29548"><ele>1030.0</ele></trkpt><trkpt lat="34.98273" lon="-83.29561999999999"><ele>1026.0</ele></trkpt><trkpt lat="34.98297" lon="-83.29577"><ele>1024.0</ele></trkpt><trkpt lat="34.98303" lon="-83.29584999999997"><ele>1025.0</ele></trkpt><trkpt lat="34.98347" lon="-83.29610000000002"><ele>1015.0</ele></trkpt><trkpt lat="34.98364" lon="-83.29631999999998"><ele>1015.0</ele></trkpt><trkpt lat="34.98376" lon="-83.2964"><ele>1013.0</ele></trkpt><trkpt lat="34.98382" lon="-83.29647999999997"><ele>1013.0</ele></trkpt><trkpt lat="34.98416" lon="-83.29667999999998"><ele>1011.0</ele></trkpt><trkpt lat="34.98429" lon="-83.29658999999998"><ele>1012.0</ele></trkpt><trkpt lat="34.98436" lon="-83.29649999999998"><ele>1014.0</ele></trkpt><trkpt lat="34.98436" lon="-83.29631"><ele>1014.0</ele></trkpt><trkpt lat="34.98444" lon="-83.29613999999998"><ele>1012.0</ele></trkpt><trkpt lat="34.9846" lon="-83.29606999999999"><ele>1008.0</ele></trkpt><trkpt lat="34.98469" lon="-83.29606000000001"><ele>1007.0</ele></trkpt><trkpt lat="34.98483" lon="-83.29610000000002"><ele>1007.0</ele></trkpt><trkpt lat="34.98489" lon="-83.29615999999999"><ele>1007.0</ele></trkpt><trkpt lat="34.98515" lon="-83.29624000000001"><ele>999.0</ele></trkpt><trkpt lat="34.98527" lon="-83.29631"><ele>1001.0</ele></trkpt><trkpt lat="34.98563" lon="-83.29638999999997"><ele>996.0</ele></trkpt><trkpt lat="34.98579" lon="-83.29649999999998"><ele>996.0</ele></trkpt><trkpt lat="34.98597" lon="-83.29654"><ele>996.0</ele></trkpt><trkpt lat="34.98606" lon="-83.29645"><ele>996.0</ele></trkpt><trkpt lat="34.98603" lon="-83.29622999999998"><ele>997.0</ele></trkpt><trkpt lat="34.98597" lon="-83.29611999999997"><ele>997.0</ele></trkpt><trkpt lat="34.98589" lon="-83.29579000000001"><ele>998.0</ele></trkpt><trkpt lat="34.98591" lon="-83.29545000000002"><ele>1002.0</ele></trkpt><trkpt lat="34.98588" lon="-83.29539999999997"><ele>1002.0</ele></trkpt><trkpt lat="34.98587" lon="-83.29523"><ele>1006.0</ele></trkpt><trkpt lat="34.98579" lon="-83.29500999999999"><ele>1010.0</ele></trkpt><trkpt lat="34.98571" lon="-83.29453999999998"><ele>1016.0</ele></trkpt><trkpt lat="34.98568" lon="-83.29421000000002"><ele>1018.0</ele></trkpt><trkpt lat="34.9857" lon="-83.29390000000001"><ele>1019.0</ele></trkpt><trkpt lat="34.985692385296666" lon="-83.29387567649798"><ele>1018.0</ele></trkpt><trkpt lat="34.98572205182619" lon="-83.29384885440783"><ele>1019.0</ele></trkpt><trkpt lat="34.985723231345474" lon="-83.29384966542943"><ele>1019.0</ele></trkpt><trkpt lat="34.98576" lon="-83.29377"><ele>1020.0</ele></trkpt><trkpt lat="34.98589" lon="-83.29368999999997"><ele>1021.0</ele></trkpt><trkpt lat="34.98591" lon="-83.29359999999997"><ele>1020.0</ele></trkpt><trkpt lat="34.98606" lon="-83.2935"><ele>1016.0</ele></trkpt><trkpt lat="34.98626" lon="-83.29344000000003"><ele>1017.0</ele></trkpt><trkpt lat="34.98645" lon="-83.29320999999999"><ele>1014.0</ele></trkpt><trkpt lat="34.98658" lon="-83.29311999999999"><ele>1011.0</ele></trkpt><trkpt lat="34.98665" lon="-83.29296"><ele>1013.0</ele></trkpt><trkpt lat="34.98669" lon="-83.29266999999999"><ele>1014.0</ele></trkpt><trkpt lat="34.98676" lon="-83.2926"><ele>1012.0</ele></trkpt><trkpt lat="34.9869" lon="-83.29255"><ele>1008.0</ele></trkpt><trkpt lat="34.98695" lon="-83.29255999999998"><ele>1007.0</ele></trkpt><trkpt lat="34.98701" lon="-83.29251"><ele>1005.0</ele></trkpt><trkpt lat="34.98703" lon="-83.29230999999999"><ele>1004.0</ele></trkpt><trkpt lat="34.98701" lon="-83.29200000000003"><ele>1004.0</ele></trkpt><trkpt lat="34.98707" lon="-83.29169999999999"><ele>1000.0</ele></trkpt><trkpt lat="34.98704" lon="-83.29160999999999"><ele>998.0</ele></trkpt><trkpt lat="34.98702882716001" lon="-83.29152620370007"><ele>997.0</ele></trkpt><trkpt lat="34.987029271386646" lon="-83.2915295353755"><ele>997.0</ele></trkpt><trkpt lat="34.98698" lon="-83.29115999999999"><ele>996.0</ele></trkpt><trkpt lat="34.9867" lon="-83.29066"><ele>992.0</ele></trkpt><trkpt lat="34.9867" lon="-83.29052999999999"><ele>991.0</ele></trkpt><trkpt lat="34.98665" lon="-83.29039999999998"><ele>988.0</ele></trkpt><trkpt lat="34.98668" lon="-83.29019"><ele>988.0</ele></trkpt><trkpt lat="34.98679" lon="-83.28993000000003"><ele>986.0</ele></trkpt><trkpt lat="34.98717" lon="-83.28971999999999"><ele>988.0</ele></trkpt><trkpt lat="34.98727" lon="-83.28958"><ele>989.0</ele></trkpt><trkpt lat="34.98733" lon="-83.28956"><ele>989.0</ele></trkpt><trkpt lat="34.98746" lon="-83.28942"><ele>989.0</ele></trkpt><trkpt lat="34.98754" lon="-83.28917000000001"><ele>989.0</ele></trkpt><trkpt lat="34.98755" lon="-83.28902"><ele>994.0</ele></trkpt><trkpt lat="34.98753" lon="-83.28890999999999"><ele>998.0</ele></trkpt><trkpt lat="34.98745" lon="-83.28877"><ele>998.0</ele></trkpt><trkpt lat="34.98741" lon="-83.28865000000002"><ele>999.0</ele></trkpt><trkpt lat="34.98739" lon="-83.28841999999997"><ele>1002.0</ele></trkpt><trkpt lat="34.98739718265209" lon="-83.2883302168488"><ele>1001.0</ele></trkpt><trkpt lat="34.987397510377505" lon="-83.28832612028845"><ele>1001.0</ele></trkpt><trkpt lat="34.98741" lon="-83.28816999999998"><ele>1003.0</ele></trkpt><trkpt lat="34.98756" lon="-83.28773000000001"><ele>1009.0</ele></trkpt><trkpt lat="34.98774" lon="-83.28773999999999"><ele>1006.0</ele></trkpt><trkpt lat="34.98783" lon="-83.28769"><ele>1005.0</ele></trkpt><trkpt lat="34.98791" lon="-83.28757999999999"><ele>1006.0</ele></trkpt><trkpt lat="34.98798" lon="-83.28739000000002"><ele>1006.0</ele></trkpt><trkpt lat="34.988" lon="-83.28728000000001"><ele>1007.0</ele></trkpt><trkpt lat="34.98808" lon="-83.28715999999997"><ele>1013.0</ele></trkpt><trkpt lat="34.9881" lon="-83.28697"><ele>1014.0</ele></trkpt><trkpt lat="34.98815" lon="-83.28682000000003"><ele>1016.0</ele></trkpt><trkpt lat="34.9883" lon="-83.28649999999999"><ele>1014.0</ele></trkpt><trkpt lat="34.98844" lon="-83.28625"><ele>1014.0</ele></trkpt><trkpt lat="34.98865" lon="-83.28607"><ele>1011.0</ele></trkpt><trkpt lat="34.98872" lon="-83.28595000000001"><ele>1010.0</ele></trkpt><trkpt lat="34.98878" lon="-83.28559999999999"><ele>1010.0</ele></trkpt><trkpt lat="34.9887" lon="-83.28508999999997"><ele>1008.0</ele></trkpt><trkpt lat="34.98862" lon="-83.28426999999999"><ele>1015.0</ele></trkpt><trkpt lat="34.9886263563959" lon="-83.28423186162456"><ele>1016.0</ele></trkpt><trkpt lat="34.98862915101326" lon="-83.28421509392751"><ele>1016.0</ele></trkpt><trkpt lat="34.98865" lon="-83.28408999999999"><ele>1015.0</ele></trkpt><trkpt lat="34.98872" lon="-83.28395"><ele>1014.0</ele></trkpt><trkpt lat="34.98888" lon="-83.28393"><ele>1013.0</ele></trkpt><trkpt lat="34.98924" lon="-83.28395999999998"><ele>1009.0</ele></trkpt><trkpt lat="34.98934" lon="-83.28388999999999"><ele>1010.0</ele></trkpt><trkpt lat="34.98945" lon="-83.28368"><ele>1013.0</ele></trkpt><trkpt lat="34.98942" lon="-83.28318999999999"><ele>1015.0</ele></trkpt><trkpt lat="34.98947" lon="-83.28291999999999"><ele>1015.0</ele></trkpt><trkpt lat="34.98966" lon="-83.28267"><ele>1015.0</ele></trkpt><trkpt lat="34.98982" lon="-83.28271000000001"><ele>1013.0</ele></trkpt><trkpt lat="34.98996" lon="-83.28280000000001"><ele>1008.0</ele></trkpt><trkpt lat="34.99058" lon="-83.28359999999998"><ele>995.0</ele></trkpt><trkpt lat="34.99078" lon="-83.28379000000001"><ele>990.0</ele></trkpt><trkpt lat="34.991217093756696" lon="-83.28390141605564"><ele>998.0</ele></trkpt><trkpt lat="34.991223341420266" lon="-83.2839030085513"><ele>998.0</ele></trkpt><trkpt lat="34.99129" lon="-83.28391999999997"><ele>996.0</ele></trkpt><trkpt lat="34.99154" lon="-83.28408000000002"><ele>992.0</ele></trkpt><trkpt lat="34.99184" lon="-83.28377"><ele>993.0</ele></trkpt><trkpt lat="34.99202" lon="-83.28343000000001"><ele>996.0</ele></trkpt><trkpt lat="34.99223" lon="-83.28319999999997"><ele>996.0</ele></trkpt><trkpt lat="34.99248" lon="-83.28300000000002"><ele>995.0</ele></trkpt><trkpt lat="34.99263" lon="-83.28278999999998"><ele>999.0</ele></trkpt><trkpt lat="34.99277" lon="-83.28255000000001"><ele>998.0</ele></trkpt><trkpt lat="34.9928" lon="-83.28241000000003"><ele>1002.0</ele></trkpt><trkpt lat="34.99287" lon="-83.28228999999999"><ele>1006.0</ele></trkpt><trkpt lat="34.99296" lon="-83.28219999999999"><ele>1003.0</ele></trkpt><trkpt lat="34.99305" lon="-83.28203000000002"><ele>999.0</ele></trkpt><trkpt lat="34.99318" lon="-83.28188999999998"><ele>1004.0</ele></trkpt><trkpt lat="34.99326" lon="-83.28183999999999"><ele>1005.0</ele></trkpt><trkpt lat="34.9937" lon="-83.28183999999999"><ele>1009.0</ele></trkpt><trkpt lat="34.994" lon="-83.28188999999998"><ele>1006.0</ele></trkpt><trkpt lat="34.994" lon="-83.28188999999998"><ele>1006.0</ele></trkpt><trkpt lat="34.99406" lon="-83.28186"><ele>1006.0</ele></trkpt><trkpt lat="34.99429" lon="-83.28185000000002"><ele>1007.0</ele></trkpt><trkpt lat="34.99436" lon="-83.28165000000001"><ele>1006.0</ele></trkpt><trkpt lat="34.9945" lon="-83.28145"><ele>1005.0</ele></trkpt><trkpt lat="34.99465" lon="-83.28134"><ele>1002.0</ele></trkpt><trkpt lat="34.99484" lon="-83.28141"><ele>1000.0</ele></trkpt><trkpt lat="34.99501" lon="-83.28154"><ele>999.0</ele></trkpt><trkpt lat="34.99524" lon="-83.28179999999998"><ele>1002.0</ele></trkpt><trkpt lat="34.995356434871965" lon="-83.28186269570028"><ele>1003.0</ele></trkpt><trkpt lat="34.99537" lon="-83.28187000000003"><ele>1004.0</ele></trkpt><trkpt lat="34.99537" lon="-83.28187000000003"><ele>1004.0</ele></trkpt><trkpt lat="34.99545" lon="-83.28185000000002"><ele>1006.0</ele></trkpt><trkpt lat="34.99554" lon="-83.28172"><ele>1007.0</ele></trkpt><trkpt lat="34.99565" lon="-83.28176000000002"><ele>1006.0</ele></trkpt><trkpt lat="34.99571" lon="-83.28188"><ele>1008.0</ele></trkpt><trkpt lat="34.99571" lon="-83.28188"><ele>1008.0</ele></trkpt><trkpt lat="34.99587" lon="-83.28192999999999"><ele>1008.0</ele></trkpt><trkpt lat="34.99596" lon="-83.28190999999998"><ele>1007.0</ele></trkpt><trkpt lat="34.99604" lon="-83.28183000000001"><ele>1006.0</ele></trkpt><trkpt lat="34.99608" lon="-83.28172"><ele>1006.0</ele></trkpt><trkpt lat="34.99608" lon="-83.28172"><ele>1006.0</ele></trkpt><trkpt lat="34.9963" lon="-83.28151000000003"><ele>1010.0</ele></trkpt><trkpt lat="34.99655" lon="-83.28145"><ele>1015.0</ele></trkpt><trkpt lat="34.99681" lon="-83.28145"><ele>1019.0</ele></trkpt><trkpt lat="34.99681" lon="-83.28145"><ele>1019.0</ele></trkpt><trkpt lat="34.99735" lon="-83.28158000000002"><ele>1018.0</ele></trkpt><trkpt lat="34.99812" lon="-83.28197999999998"><ele>1038.0</ele></trkpt><trkpt lat="34.99865" lon="-83.28210000000001"><ele>1041.0</ele></trkpt><trkpt lat="34.99906" lon="-83.28233999999998"><ele>1045.0</ele></trkpt><trkpt lat="34.99916" lon="-83.28230000000002"><ele>1046.0</ele></trkpt><trkpt lat="34.99926" lon="-83.28213"><ele>1049.0</ele></trkpt><trkpt lat="34.999627772163706" lon="-83.28134475673153"><ele>1056.0</ele></trkpt><trkpt lat="34.999637808546716" lon="-83.28133219145627"><ele>1057.0</ele></trkpt><trkpt lat="34.9997" lon="-83.28127"><ele>1059.0</ele></trkpt><trkpt lat="34.99983" lon="-83.28125"><ele>1062.0</ele></trkpt><trkpt lat="35.00063" lon="-83.28131000000002"><ele>1069.0</ele></trkpt><trkpt lat="35.00117" lon="-83.28143"><ele>1061.0</ele></trkpt><trkpt lat="35.00171" lon="-83.28167000000002"><ele>1062.0</ele></trkpt><trkpt lat="35.00233" lon="-83.28223000000003"><ele>1085.0</ele></trkpt><trkpt lat="35.00259" lon="-83.28259000000003"><ele>1103.0</ele></trkpt><trkpt lat="35.00273" lon="-83.28264000000001"><ele>1103.0</ele></trkpt><trkpt lat="35.0029" lon="-83.28246999999999"><ele>1108.0</ele></trkpt><trkpt lat="35.00349" lon="-83.28163999999998"><ele>1093.0</ele></trkpt><trkpt lat="35.00418" lon="-83.28109999999998"><ele>1104.0</ele></trkpt><trkpt lat="35.00431995541912" lon="-83.28090406241324"><ele>1092.0</ele></trkpt><trkpt lat="35.00432403496288" lon="-83.28089835149063"><ele>1092.0</ele></trkpt><trkpt lat="35.00468" lon="-83.28039999999999"><ele>1095.0</ele></trkpt><trkpt lat="35.00475" lon="-83.27987999999999"><ele>1085.0</ele></trkpt><trkpt lat="35.00508" lon="-83.27926000000002"><ele>1091.0</ele></trkpt><trkpt lat="35.00518" lon="-83.27884"><ele>1097.0</ele></trkpt><trkpt lat="35.00544" lon="-83.27877999999998"><ele>1105.0</ele></trkpt><trkpt lat="35.00555" lon="-83.27895000000001"><ele>1112.0</ele></trkpt><trkpt lat="35.00583" lon="-83.27899000000002"><ele>1108.0</ele></trkpt><trkpt lat="35.00626" lon="-83.27909999999997"><ele>1116.0</ele></trkpt><trkpt lat="35.00648" lon="-83.27909"><ele>1118.0</ele></trkpt><trkpt lat="35.00678" lon="-83.27877999999998"><ele>1114.0</ele></trkpt><trkpt lat="35.00707" lon="-83.27834999999999"><ele>1116.0</ele></trkpt><trkpt lat="35.00743" lon="-83.27798999999999"><ele>1102.0</ele></trkpt><trkpt lat="35.007887075317214" lon="-83.27808456730702"><ele>1102.0</ele></trkpt><trkpt lat="35.00789210212992" lon="-83.27808560709889"><ele>1102.0</ele></trkpt><trkpt lat="35.0083" lon="-83.27816999999999"><ele>1086.0</ele></trkpt><trkpt lat="35.00881" lon="-83.27884"><ele>1065.0</ele></trkpt><trkpt lat="35.0093" lon="-83.27930000000003"><ele>1061.0</ele></trkpt><trkpt lat="35.00963" lon="-83.27983999999998"><ele>1060.0</ele></trkpt><trkpt lat="35.01002" lon="-83.28021999999999"><ele>1057.0</ele></trkpt><trkpt lat="35.01068" lon="-83.28097000000002"><ele>1050.0</ele></trkpt><trkpt lat="35.011" lon="-83.28127999999998"><ele>1045.0</ele></trkpt><trkpt lat="35.01115794435247" lon="-83.28149613437705"><ele>1043.0</ele></trkpt><trkpt lat="35.01116498304244" lon="-83.28150576544738"><ele>1043.0</ele></trkpt><trkpt lat="35.01176" lon="-83.28232000000003"><ele>1055.0</ele></trkpt><trkpt lat="35.012" lon="-83.2826"><ele>1059.0</ele></trkpt><trkpt lat="35.012" lon="-83.2826"><ele>1059.0</ele></trkpt><trkpt lat="35.01213" lon="-83.28271000000001"><ele>1058.0</ele></trkpt><trkpt lat="35.01244" lon="-83.28318000000002"><ele>1038.0</ele></trkpt><trkpt lat="35.01279" lon="-83.2833"><ele>1034.0</ele></trkpt><trkpt lat="35.01324" lon="-83.28354000000002"><ele>1040.0</ele></trkpt><trkpt lat="35.01373" lon="-83.28336999999999"><ele>1034.0</ele></trkpt><trkpt lat="35.01396" lon="-83.28318999999999"><ele>1040.0</ele></trkpt><trkpt lat="35.01526" lon="-83.28345000000002"><ele>1009.0</ele></trkpt><trkpt lat="35.0156" lon="-83.28377999999998"><ele>1013.0</ele></trkpt><trkpt lat="35.01634" lon="-83.28393"><ele>1005.0</ele></trkpt><trkpt lat="35.01761" lon="-83.28390999999999"><ele>992.0</ele></trkpt><trkpt lat="35.01764015671145" lon="-83.28393638712254"><ele>992.0</ele></trkpt><trkpt lat="35.01764733719589" lon="-83.28394266998998"><ele>992.0</ele></trkpt><trkpt lat="35.01793" lon="-83.28418999999997"><ele>999.0</ele></trkpt><trkpt lat="35.01864" lon="-83.28448000000003"><ele>1003.0</ele></trkpt><trkpt lat="35.01886" lon="-83.28449999999998"><ele>1010.0</ele></trkpt><trkpt lat="35.0193" lon="-83.28427999999997"><ele>1033.0</ele></trkpt><trkpt lat="35.01985" lon="-83.28412000000003"><ele>1021.0</ele></trkpt><trkpt lat="35.02013" lon="-83.28399000000002"><ele>1011.0</ele></trkpt><trkpt lat="35.0204" lon="-83.28408000000002"><ele>1006.0</ele></trkpt><trkpt lat="35.02055" lon="-83.28494999999998"><ele>1024.0</ele></trkpt><trkpt lat="35.02062" lon="-83.28494"><ele>1024.0</ele></trkpt><trkpt lat="35.02092" lon="-83.28442999999999"><ele>1022.0</ele></trkpt><trkpt lat="35.02121" lon="-83.28388999999999"><ele>1028.0</ele></trkpt><trkpt lat="35.02138" lon="-83.28341"><ele>1026.0</ele></trkpt><trkpt lat="35.02146" lon="-83.28276"><ele>1030.0</ele></trkpt><trkpt lat="35.02144" lon="-83.28253999999998"><ele>1026.0</ele></trkpt><trkpt lat="35.02146" lon="-83.28246999999999"><ele>1027.0</ele></trkpt><trkpt lat="35.02162" lon="-83.28239000000002"><ele>1030.0</ele></trkpt><trkpt lat="35.02162" lon="-83.28239000000002"><ele>1030.0</ele></trkpt><trkpt lat="35.02162" lon="-83.28239000000002"><ele>1030.0</ele></trkpt><trkpt lat="35.02182" lon="-83.2824"><ele>1023.0</ele></trkpt><trkpt lat="35.02186" lon="-83.28242"><ele>1022.0</ele></trkpt><trkpt lat="35.02228" lon="-83.28305999999998"><ele>1027.0</ele></trkpt><trkpt lat="35.02281" lon="-83.28433999999999"><ele>1006.0</ele></trkpt><trkpt lat="35.02306" lon="-83.28458"><ele>1010.0</ele></trkpt><trkpt lat="35.02344" lon="-83.28476"><ele>1020.0</ele></trkpt><trkpt lat="35.02371" lon="-83.28508"><ele>1022.0</ele></trkpt><trkpt lat="35.02401" lon="-83.28526"><ele>1029.0</ele></trkpt><trkpt lat="35.02423" lon="-83.28562999999997"><ele>1035.0</ele></trkpt><trkpt lat="35.02471" lon="-83.28601000000003"><ele>1031.0</ele></trkpt><trkpt lat="35.02496" lon="-83.28616999999997"><ele>1024.0</ele></trkpt><trkpt lat="35.02527" lon="-83.28616"><ele>1020.0</ele></trkpt><trkpt lat="35.02547" lon="-83.28598999999997"><ele>1026.0</ele></trkpt><trkpt lat="35.02551" lon="-83.28591"><ele>1029.0</ele></trkpt><trkpt lat="35.02551" lon="-83.28591"><ele>1029.0</ele></trkpt><trkpt lat="35.02551" lon="-83.28591"><ele>1029.0</ele></trkpt><trkpt lat="35.02528" lon="-83.28409999999997"><ele>1038.0</ele></trkpt><trkpt lat="35.02537" lon="-83.28343000000001"><ele>1048.0</ele></trkpt><trkpt lat="35.02559" lon="-83.28226000000001"><ele>1049.0</ele></trkpt><trkpt lat="35.02562" lon="-83.28226999999998"><ele>1051.0</ele></trkpt><trkpt lat="35.02578" lon="-83.28255999999999"><ele>1056.0</ele></trkpt><trkpt lat="35.02585" lon="-83.28233999999998"><ele>1064.0</ele></trkpt><trkpt lat="35.02589" lon="-83.28228999999999"><ele>1065.0</ele></trkpt><trkpt lat="35.02596" lon="-83.28235000000001"><ele>1069.0</ele></trkpt><trkpt lat="35.02604" lon="-83.28235999999998"><ele>1071.0</ele></trkpt><trkpt lat="35.02627" lon="-83.28223000000003"><ele>1070.0</ele></trkpt><trkpt lat="35.02647846221509" lon="-83.28206466789834"><ele>1072.0</ele></trkpt><trkpt lat="35.02648052331265" lon="-83.28206303331598"><ele>1072.0</ele></trkpt><trkpt lat="35.02656" lon="-83.28199999999998"><ele>1074.0</ele></trkpt><trkpt lat="35.02693" lon="-83.28179"><ele>1076.0</ele></trkpt><trkpt lat="35.02705" lon="-83.28161999999998"><ele>1072.0</ele></trkpt><trkpt lat="35.02712" lon="-83.28156999999999"><ele>1071.0</ele></trkpt><trkpt lat="35.02733" lon="-83.28156000000001"><ele>1079.0</ele></trkpt><trkpt lat="35.0274" lon="-83.28160000000003"><ele>1082.0</ele></trkpt><trkpt lat="35.02751" lon="-83.28178000000003"><ele>1087.0</ele></trkpt><trkpt lat="35.02772" lon="-83.28230000000002"><ele>1094.0</ele></trkpt><trkpt lat="35.02784" lon="-83.28264999999999"><ele>1098.0</ele></trkpt><trkpt lat="35.02799" lon="-83.28298999999998"><ele>1102.0</ele></trkpt><trkpt lat="35.02813" lon="-83.28339"><ele>1109.0</ele></trkpt><trkpt lat="35.02822" lon="-83.28350999999998"><ele>1111.0</ele></trkpt><trkpt lat="35.0284" lon="-83.28354999999999"><ele>1113.0</ele></trkpt><trkpt lat="35.02846" lon="-83.28354999999999"><ele>1113.0</ele></trkpt><trkpt lat="35.02848" lon="-83.28352000000001"><ele>1113.0</ele></trkpt><trkpt lat="35.02852" lon="-83.28332999999998"><ele>1115.0</ele></trkpt><trkpt lat="35.02866" lon="-83.28307000000001"><ele>1117.0</ele></trkpt><trkpt lat="35.02863" lon="-83.28291999999999"><ele>1119.0</ele></trkpt><trkpt lat="35.02867" lon="-83.28287999999998"><ele>1120.0</ele></trkpt><trkpt lat="35.02889" lon="-83.28282999999999"><ele>1123.0</ele></trkpt><trkpt lat="35.02892" lon="-83.28253000000001"><ele>1120.0</ele></trkpt><trkpt lat="35.02887" lon="-83.28217999999998"><ele>1124.0</ele></trkpt><trkpt lat="35.02894" lon="-83.28213"><ele>1125.0</ele></trkpt><trkpt lat="35.02894" lon="-83.28213"><ele>1125.0</ele></trkpt><trkpt lat="35.02913" lon="-83.28230000000002"><ele>1127.0</ele></trkpt><trkpt lat="35.02913" lon="-83.28230000000002"><ele>1127.0</ele></trkpt><trkpt lat="35.02918" lon="-83.28233"><ele>1129.0</ele></trkpt><trkpt lat="35.02918" lon="-83.28233"><ele>1129.0</ele></trkpt><trkpt lat="35.02924" lon="-83.28235000000001"><ele>1132.0</ele></trkpt><trkpt lat="35.02924" lon="-83.28235000000001"><ele>1132.0</ele></trkpt><trkpt lat="35.02935" lon="-83.28253000000001"><ele>1133.0</ele></trkpt><trkpt lat="35.02944" lon="-83.28282999999999"><ele>1138.0</ele></trkpt><trkpt lat="35.02962" lon="-83.28298000000001"><ele>1145.0</ele></trkpt><trkpt lat="35.02964" lon="-83.28304000000003"><ele>1147.0</ele></trkpt><trkpt lat="35.02963" lon="-83.28313000000003"><ele>1151.0</ele></trkpt><trkpt lat="35.02951" lon="-83.28319999999997"><ele>1154.0</ele></trkpt><trkpt lat="35.02948" lon="-83.28341"><ele>1156.0</ele></trkpt><trkpt lat="35.02941" lon="-83.28367000000003"><ele>1159.0</ele></trkpt><trkpt lat="35.02937" lon="-83.28399999999999"><ele>1164.0</ele></trkpt><trkpt lat="35.02946" lon="-83.28418999999997"><ele>1167.0</ele></trkpt><trkpt lat="35.02962" lon="-83.28440999999998"><ele>1172.0</ele></trkpt><trkpt lat="35.02978" lon="-83.28442999999999"><ele>1174.0</ele></trkpt><trkpt lat="35.03" lon="-83.28440999999998"><ele>1178.0</ele></trkpt><trkpt lat="35.03" lon="-83.28440999999998"><ele>1178.0</ele></trkpt><trkpt lat="35.0304" lon="-83.28436999999997"><ele>1181.0</ele></trkpt><trkpt lat="35.03048" lon="-83.28439000000003"><ele>1185.0</ele></trkpt><trkpt lat="35.03047" lon="-83.28444999999999"><ele>1186.0</ele></trkpt><trkpt lat="35.03052" lon="-83.28453000000002"><ele>1188.0</ele></trkpt><trkpt lat="35.03064" lon="-83.28465"><ele>1191.0</ele></trkpt><trkpt lat="35.03071" lon="-83.28480000000002"><ele>1195.0</ele></trkpt><trkpt lat="35.0307" lon="-83.28484000000003"><ele>1195.0</ele></trkpt><trkpt lat="35.03073" lon="-83.28494999999998"><ele>1197.0</ele></trkpt><trkpt lat="35.03102" lon="-83.28523000000001"><ele>1205.0</ele></trkpt><trkpt lat="35.03114" lon="-83.28550999999999"><ele>1206.0</ele></trkpt><trkpt lat="35.03114" lon="-83.28568000000001"><ele>1210.0</ele></trkpt><trkpt lat="35.03127" lon="-83.28579000000002"><ele>1212.0</ele></trkpt><trkpt lat="35.03137" lon="-83.28593000000001"><ele>1215.0</ele></trkpt><trkpt lat="35.03147" lon="-83.28618"><ele>1220.0</ele></trkpt><trkpt lat="35.03151" lon="-83.28652"><ele>1224.0</ele></trkpt><trkpt lat="35.03155" lon="-83.28661"><ele>1225.0</ele></trkpt><trkpt lat="35.03158" lon="-83.28658000000001"><ele>1227.0</ele></trkpt><trkpt lat="35.03164" lon="-83.28636"><ele>1229.0</ele></trkpt><trkpt lat="35.03166" lon="-83.28619000000003"><ele>1230.0</ele></trkpt><trkpt lat="35.03163" lon="-83.28609"><ele>1229.0</ele></trkpt><trkpt lat="35.03164" lon="-83.28598"><ele>1230.0</ele></trkpt><trkpt lat="35.03167" lon="-83.28588000000002"><ele>1230.0</ele></trkpt><trkpt lat="35.03172" lon="-83.28582"><ele>1232.0</ele></trkpt><trkpt lat="35.03178" lon="-83.28611999999998"><ele>1236.0</ele></trkpt><trkpt lat="35.03177" lon="-83.28634999999997"><ele>1235.0</ele></trkpt><trkpt lat="35.03174" lon="-83.28649999999999"><ele>1235.0</ele></trkpt><trkpt lat="35.03175" lon="-83.28692000000001"><ele>1238.0</ele></trkpt><trkpt lat="35.03179" lon="-83.28694000000002"><ele>1239.0</ele></trkpt><trkpt lat="35.03186" lon="-83.28692000000001"><ele>1241.0</ele></trkpt><trkpt lat="35.03191" lon="-83.28685999999999"><ele>1243.0</ele></trkpt><trkpt lat="35.03196" lon="-83.28642000000002"><ele>1247.0</ele></trkpt><trkpt lat="35.03205" lon="-83.28616999999997"><ele>1249.0</ele></trkpt><trkpt lat="35.03214" lon="-83.28609"><ele>1251.0</ele></trkpt><trkpt lat="35.03246" lon="-83.28602000000001"><ele>1253.0</ele></trkpt><trkpt lat="35.03254" lon="-83.28611999999998"><ele>1255.0</ele></trkpt><trkpt lat="35.03253" lon="-83.28634999999997"><ele>1262.0</ele></trkpt><trkpt lat="35.03248" lon="-83.28649000000001"><ele>1264.0</ele></trkpt><trkpt lat="35.03253" lon="-83.2867"><ele>1266.0</ele></trkpt><trkpt lat="35.03258" lon="-83.28676999999999"><ele>1268.0</ele></trkpt><trkpt lat="35.03265" lon="-83.28676000000002"><ele>1269.0</ele></trkpt><trkpt lat="35.03285" lon="-83.28682000000003"><ele>1272.0</ele></trkpt><trkpt lat="35.03289" lon="-83.28685000000002"><ele>1272.0</ele></trkpt><trkpt lat="35.03308" lon="-83.28719000000001"><ele>1275.0</ele></trkpt><trkpt lat="35.0332" lon="-83.28728000000001"><ele>1275.0</ele></trkpt><trkpt lat="35.03325" lon="-83.28742"><ele>1277.0</ele></trkpt><trkpt lat="35.03339" lon="-83.28748999999999"><ele>1278.0</ele></trkpt><trkpt lat="35.0336" lon="-83.28746999999998"><ele>1283.0</ele></trkpt><trkpt lat="35.03367" lon="-83.28737999999998"><ele>1285.0</ele></trkpt><trkpt lat="35.03371" lon="-83.28726"><ele>1285.0</ele></trkpt><trkpt lat="35.03375061467379" lon="-83.28721667768127"><ele>1287.0</ele></trkpt><trkpt lat="35.03375605968614" lon="-83.28721086969938"><ele>1287.0</ele></trkpt><trkpt lat="35.03386" lon="-83.28710000000001"><ele>1290.0</ele></trkpt><trkpt lat="35.03404" lon="-83.28703000000002"><ele>1294.0</ele></trkpt><trkpt lat="35.03412" lon="-83.28708"><ele>1298.0</ele></trkpt><trkpt lat="35.0342" lon="-83.28726"><ele>1300.0</ele></trkpt><trkpt lat="35.0343" lon="-83.28733999999997"><ele>1301.0</ele></trkpt><trkpt lat="35.03444" lon="-83.28733"><ele>1304.0</ele></trkpt><trkpt lat="35.03487" lon="-83.28764000000001"><ele>1312.0</ele></trkpt><trkpt lat="35.03491" lon="-83.28764000000001"><ele>1313.0</ele></trkpt><trkpt lat="35.03494" lon="-83.28762"><ele>1313.0</ele></trkpt><trkpt lat="35.03494" lon="-83.28754000000004"><ele>1314.0</ele></trkpt><trkpt lat="35.03478" lon="-83.28710999999998"><ele>1322.0</ele></trkpt><trkpt lat="35.03477" lon="-83.28679999999997"><ele>1327.0</ele></trkpt><trkpt lat="35.03469" lon="-83.28611999999998"><ele>1332.0</ele></trkpt><trkpt lat="35.03459" lon="-83.28577000000001"><ele>1332.0</ele></trkpt><trkpt lat="35.03448" lon="-83.28550000000001"><ele>1333.0</ele></trkpt><trkpt lat="35.0344" lon="-83.28521"><ele>1333.0</ele></trkpt><trkpt lat="35.03437" lon="-83.28494999999998"><ele>1335.0</ele></trkpt><trkpt lat="35.03428" lon="-83.28472"><ele>1337.0</ele></trkpt><trkpt lat="35.03405" lon="-83.28390000000002"><ele>1343.0</ele></trkpt><trkpt lat="35.03396" lon="-83.28364999999997"><ele>1347.0</ele></trkpt><trkpt lat="35.03393" lon="-83.28336000000002"><ele>1351.0</ele></trkpt><trkpt lat="35.03398" lon="-83.28316999999998"><ele>1354.0</ele></trkpt><trkpt lat="35.03411" lon="-83.28305999999998"><ele>1358.0</ele></trkpt><trkpt lat="35.03435" lon="-83.28277000000003"><ele>1365.0</ele></trkpt><trkpt lat="35.03437" lon="-83.28269"><ele>1366.0</ele></trkpt><trkpt lat="35.03448" lon="-83.28253999999998"><ele>1367.0</ele></trkpt><trkpt lat="35.03466" lon="-83.28239000000002"><ele>1371.0</ele></trkpt><trkpt lat="35.03479" lon="-83.28233"><ele>1374.0</ele></trkpt><trkpt lat="35.03501" lon="-83.28210999999999"><ele>1379.0</ele></trkpt><trkpt lat="35.03513" lon="-83.28190000000001"><ele>1381.0</ele></trkpt><trkpt lat="35.03528" lon="-83.28174999999999"><ele>1384.0</ele></trkpt><trkpt lat="35.03541" lon="-83.28145999999998"><ele>1388.0</ele></trkpt><trkpt lat="35.03546" lon="-83.28091"><ele>1392.0</ele></trkpt><trkpt lat="35.0357" lon="-83.27981"><ele>1396.0</ele></trkpt><trkpt lat="35.0357" lon="-83.27981"><ele>1396.0</ele></trkpt><trkpt lat="35.0357" lon="-83.27981"><ele>1396.0</ele></trkpt><trkpt lat="35.03582" lon="-83.27994999999999"><ele>1398.0</ele></trkpt><trkpt lat="35.0359" lon="-83.28012000000001"><ele>1401.0</ele></trkpt><trkpt lat="35.03593" lon="-83.28028"><ele>1403.0</ele></trkpt><trkpt lat="35.0361" lon="-83.28055999999998"><ele>1407.0</ele></trkpt><trkpt lat="35.03637" lon="-83.28078"><ele>1409.0</ele></trkpt><trkpt lat="35.0364" lon="-83.28088000000002"><ele>1408.0</ele></trkpt><trkpt lat="35.03656" lon="-83.28105"><ele>1407.0</ele></trkpt><trkpt lat="35.03683" lon="-83.28127"><ele>1406.0</ele></trkpt><trkpt lat="35.03708" lon="-83.28176000000002"><ele>1403.0</ele></trkpt><trkpt lat="35.03734" lon="-83.28253000000001"><ele>1406.0</ele></trkpt><trkpt lat="35.03748" lon="-83.28273999999999"><ele>1409.0</ele></trkpt><trkpt lat="35.03771" lon="-83.28298999999998"><ele>1413.0</ele></trkpt><trkpt lat="35.03787" lon="-83.28323999999998"><ele>1415.0</ele></trkpt><trkpt lat="35.03784" lon="-83.2833"><ele>1416.0</ele></trkpt><trkpt lat="35.03779" lon="-83.28334000000001"><ele>1416.0</ele></trkpt><trkpt lat="35.03678" lon="-83.28354999999999"><ele>1432.0</ele></trkpt><trkpt lat="35.03652" lon="-83.28372999999999"><ele>1438.0</ele></trkpt><trkpt lat="35.03644" lon="-83.28375"><ele>1437.0</ele></trkpt><trkpt lat="35.0363" lon="-83.28395"><ele>1439.0</ele></trkpt><trkpt lat="35.03609" lon="-83.28413"><ele>1441.0</ele></trkpt><trkpt lat="35.03605" lon="-83.28422"><ele>1442.0</ele></trkpt><trkpt lat="35.036" lon="-83.28444999999999"><ele>1444.0</ele></trkpt><trkpt lat="35.03613" lon="-83.28472"><ele>1448.0</ele></trkpt><trkpt lat="35.03619" lon="-83.28490999999997"><ele>1448.0</ele></trkpt><trkpt lat="35.03632" lon="-83.28496000000001"><ele>1451.0</ele></trkpt><trkpt lat="35.03637" lon="-83.28496000000001"><ele>1452.0</ele></trkpt><trkpt lat="35.03656" lon="-83.28484000000003"><ele>1457.0</ele></trkpt><trkpt lat="35.03661" lon="-83.28487000000001"><ele>1457.0</ele></trkpt><trkpt lat="35.03667" lon="-83.28496999999999"><ele>1458.0</ele></trkpt><trkpt lat="35.03672" lon="-83.28499999999997"><ele>1458.0</ele></trkpt><trkpt lat="35.03684" lon="-83.28523999999999"><ele>1460.0</ele></trkpt><trkpt lat="35.03704" lon="-83.28546"><ele>1462.0</ele></trkpt><trkpt lat="35.03711" lon="-83.28559000000001"><ele>1463.0</ele></trkpt><trkpt lat="35.03724" lon="-83.28574000000003"><ele>1464.0</ele></trkpt><trkpt lat="35.03729" lon="-83.28591"><ele>1463.0</ele></trkpt><trkpt lat="35.03735" lon="-83.28595999999999"><ele>1462.0</ele></trkpt><trkpt lat="35.03738" lon="-83.28604999999999"><ele>1462.0</ele></trkpt><trkpt lat="35.03749" lon="-83.28607"><ele>1461.0</ele></trkpt><trkpt lat="35.03759" lon="-83.28615000000002"><ele>1460.0</ele></trkpt><trkpt lat="35.03767" lon="-83.28631000000001"><ele>1456.0</ele></trkpt><trkpt lat="35.03775" lon="-83.28637000000003"><ele>1453.0</ele></trkpt><trkpt lat="35.03797" lon="-83.28667999999999"><ele>1445.0</ele></trkpt><trkpt lat="35.03808" lon="-83.28691000000003"><ele>1443.0</ele></trkpt><trkpt lat="35.03831899395465" lon="-83.28718882628044"><ele>1440.0</ele></trkpt><trkpt lat="35.03832704969732" lon="-83.28719822455349"><ele>1439.0</ele></trkpt><trkpt lat="35.03838" lon="-83.28726"><ele>1438.0</ele></trkpt><trkpt lat="35.03843" lon="-83.28745000000004"><ele>1436.0</ele></trkpt><trkpt lat="35.03849" lon="-83.28755999999998"><ele>1435.0</ele></trkpt><trkpt lat="35.03874" lon="-83.28793999999999"><ele>1432.0</ele></trkpt><trkpt lat="35.03879" lon="-83.28800000000001"><ele>1431.0</ele></trkpt><trkpt lat="35.03885" lon="-83.28802999999999"><ele>1431.0</ele></trkpt><trkpt lat="35.03898" lon="-83.28825"><ele>1429.0</ele></trkpt><trkpt lat="35.03915" lon="-83.28827000000001"><ele>1428.0</ele></trkpt><trkpt lat="35.03932" lon="-83.28841"><ele>1426.0</ele></trkpt><trkpt lat="35.03937" lon="-83.28859"><ele>1425.0</ele></trkpt><trkpt lat="35.03947" lon="-83.28863999999999"><ele>1424.0</ele></trkpt><trkpt lat="35.0396" lon="-83.28879999999998"><ele>1422.0</ele></trkpt><trkpt lat="35.0396" lon="-83.28879999999998"><ele>1422.0</ele></trkpt><trkpt lat="35.0397" lon="-83.28919000000002"><ele>1415.0</ele></trkpt><trkpt lat="35.0399" lon="-83.28926000000001"><ele>1413.0</ele></trkpt><trkpt lat="35.04011" lon="-83.28944999999999"><ele>1407.0</ele></trkpt><trkpt lat="35.04016" lon="-83.28946000000002"><ele>1408.0</ele></trkpt><trkpt lat="35.04024" lon="-83.28942999999998"><ele>1408.0</ele></trkpt><trkpt lat="35.04037" lon="-83.28929"><ele>1409.0</ele></trkpt><trkpt lat="35.04041" lon="-83.28912000000003"><ele>1408.0</ele></trkpt><trkpt lat="35.04047" lon="-83.28856000000002"><ele>1401.0</ele></trkpt><trkpt lat="35.04061" lon="-83.28861"><ele>1398.0</ele></trkpt><trkpt lat="35.04063" lon="-83.28841"><ele>1396.0</ele></trkpt><trkpt lat="35.0406" lon="-83.28818000000001"><ele>1394.0</ele></trkpt><trkpt lat="35.04084" lon="-83.28818999999999"><ele>1388.0</ele></trkpt><trkpt lat="35.04114" lon="-83.28836999999999"><ele>1383.0</ele></trkpt><trkpt lat="35.04128" lon="-83.28849000000002"><ele>1381.0</ele></trkpt><trkpt lat="35.04146" lon="-83.28850999999997"><ele>1378.0</ele></trkpt><trkpt lat="35.04167" lon="-83.28859"><ele>1376.0</ele></trkpt><trkpt lat="35.04196" lon="-83.28856000000002"><ele>1373.0</ele></trkpt><trkpt lat="35.04212" lon="-83.28861"><ele>1373.0</ele></trkpt><trkpt lat="35.04227" lon="-83.28854999999999"><ele>1370.0</ele></trkpt><trkpt lat="35.04244" lon="-83.28840000000002"><ele>1368.0</ele></trkpt><trkpt lat="35.04249" lon="-83.28813000000002"><ele>1363.0</ele></trkpt><trkpt lat="35.04251" lon="-83.28807999999998"><ele>1362.0</ele></trkpt><trkpt lat="35.04259" lon="-83.28802999999999"><ele>1362.0</ele></trkpt><trkpt lat="35.0426" lon="-83.28791000000001"><ele>1359.0</ele></trkpt><trkpt lat="35.04266" lon="-83.28775000000002"><ele>1354.0</ele></trkpt><trkpt lat="35.04285" lon="-83.28742"><ele>1348.0</ele></trkpt><trkpt lat="35.04325" lon="-83.28721000000002"><ele>1346.0</ele></trkpt><trkpt lat="35.0435" lon="-83.28714000000002"><ele>1345.0</ele></trkpt><trkpt lat="35.04348" lon="-83.28700000000003"><ele>1340.0</ele></trkpt><trkpt lat="35.04342" lon="-83.2869"><ele>1337.0</ele></trkpt><trkpt lat="35.04325" lon="-83.28681"><ele>1335.0</ele></trkpt><trkpt lat="35.04344" lon="-83.28667000000002"><ele>1332.0</ele></trkpt><trkpt lat="35.04359" lon="-83.28658999999999"><ele>1329.0</ele></trkpt><trkpt lat="35.04360718656805" lon="-83.2865556268639"><ele>1328.0</ele></trkpt><trkpt lat="35.04361349390711" lon="-83.28654301222213"><ele>1328.0</ele></trkpt><trkpt lat="35.04374" lon="-83.28629000000001"><ele>1318.0</ele></trkpt><trkpt lat="35.04385" lon="-83.28618"><ele>1316.0</ele></trkpt><trkpt lat="35.04398" lon="-83.28611000000001"><ele>1313.0</ele></trkpt><trkpt lat="35.0443" lon="-83.286"><ele>1309.0</ele></trkpt><trkpt lat="35.04519" lon="-83.28556000000003"><ele>1294.0</ele></trkpt><trkpt lat="35.04534" lon="-83.28548"><ele>1292.0</ele></trkpt><trkpt lat="35.0455" lon="-83.28532999999999"><ele>1291.0</ele></trkpt><trkpt lat="35.0463" lon="-83.28485999999998"><ele>1288.0</ele></trkpt><trkpt lat="35.04642" lon="-83.28476999999998"><ele>1287.0</ele></trkpt><trkpt lat="35.0467" lon="-83.28429"><ele>1278.0</ele></trkpt><trkpt lat="35.04676" lon="-83.28426000000002"><ele>1279.0</ele></trkpt><trkpt lat="35.04713" lon="-83.28418999999997"><ele>1278.0</ele></trkpt><trkpt lat="35.04721" lon="-83.28422999999998"><ele>1276.0</ele></trkpt><trkpt lat="35.04726" lon="-83.28426999999999"><ele>1275.0</ele></trkpt><trkpt lat="35.04729" lon="-83.28449"><ele>1273.0</ele></trkpt><trkpt lat="35.04733" lon="-83.28456"><ele>1272.0</ele></trkpt><trkpt lat="35.04743" lon="-83.28460000000001"><ele>1268.0</ele></trkpt><trkpt lat="35.04779" lon="-83.28449999999998"><ele>1261.0</ele></trkpt><trkpt lat="35.04786" lon="-83.28426999999999"><ele>1261.0</ele></trkpt><trkpt lat="35.04799" lon="-83.28426000000002"><ele>1258.0</ele></trkpt><trkpt lat="35.04799" lon="-83.28426000000002"><ele>1258.0</ele></trkpt><trkpt lat="35.04821" lon="-83.28433999999999"><ele>1254.0</ele></trkpt><trkpt lat="35.04846" lon="-83.28449999999998"><ele>1248.0</ele></trkpt><trkpt lat="35.04856" lon="-83.28449999999998"><ele>1247.0</ele></trkpt><trkpt lat="35.04867" lon="-83.28467999999998"><ele>1242.0</ele></trkpt><trkpt lat="35.04878" lon="-83.28469999999999"><ele>1240.0</ele></trkpt><trkpt lat="35.04887" lon="-83.2849"><ele>1234.0</ele></trkpt><trkpt lat="35.04935" lon="-83.28512999999998"><ele>1224.0</ele></trkpt><trkpt lat="35.04951" lon="-83.28526"><ele>1221.0</ele></trkpt><trkpt lat="35.04983" lon="-83.28544999999997"><ele>1221.0</ele></trkpt><trkpt lat="35.05002" lon="-83.28559999999999"><ele>1218.0</ele></trkpt><trkpt lat="35.05035" lon="-83.28570000000002"><ele>1217.0</ele></trkpt><trkpt lat="35.05052" lon="-83.28559000000001"><ele>1215.0</ele></trkpt><trkpt lat="35.05056" lon="-83.28561000000002"><ele>1214.0</ele></trkpt><trkpt lat="35.05064" lon="-83.28575999999998"><ele>1213.0</ele></trkpt><trkpt lat="35.05064" lon="-83.28582"><ele>1213.0</ele></trkpt><trkpt lat="35.05059" lon="-83.28593000000001"><ele>1212.0</ele></trkpt><trkpt lat="35.05067" lon="-83.286"><ele>1210.0</ele></trkpt><trkpt lat="35.05099" lon="-83.28609"><ele>1202.0</ele></trkpt><trkpt lat="35.05104" lon="-83.28607999999997"><ele>1201.0</ele></trkpt><trkpt lat="35.05119" lon="-83.28597000000002"><ele>1201.0</ele></trkpt><trkpt lat="35.05131" lon="-83.28583000000003"><ele>1200.0</ele></trkpt><trkpt lat="35.05151" lon="-83.28584999999998"><ele>1192.0</ele></trkpt><trkpt lat="35.05158" lon="-83.28629999999998"><ele>1185.0</ele></trkpt><trkpt lat="35.05151" lon="-83.28651000000002"><ele>1181.0</ele></trkpt><trkpt lat="35.05152" lon="-83.28655000000003"><ele>1179.0</ele></trkpt><trkpt lat="35.05165" lon="-83.28663"><ele>1175.0</ele></trkpt><trkpt lat="35.05176" lon="-83.28658999999999"><ele>1174.0</ele></trkpt><trkpt lat="35.0519" lon="-83.28649999999999"><ele>1171.0</ele></trkpt><trkpt lat="35.05192" lon="-83.28651000000002"><ele>1170.0</ele></trkpt><trkpt lat="35.05196" lon="-83.28685999999999"><ele>1160.0</ele></trkpt><trkpt lat="35.05193" lon="-83.28694999999999"><ele>1158.0</ele></trkpt><trkpt lat="35.05176" lon="-83.28706"><ele>1157.0</ele></trkpt><trkpt lat="35.05148" lon="-83.28709000000003"><ele>1154.0</ele></trkpt><trkpt lat="35.05154" lon="-83.28721999999999"><ele>1148.0</ele></trkpt><trkpt lat="35.05158" lon="-83.28724999999997"><ele>1147.0</ele></trkpt><trkpt lat="35.05178" lon="-83.28728999999998"><ele>1147.0</ele></trkpt><trkpt lat="35.05201" lon="-83.28728999999998"><ele>1146.0</ele></trkpt><trkpt lat="35.05213" lon="-83.28737000000001"><ele>1141.0</ele></trkpt><trkpt lat="35.05226" lon="-83.28753"><ele>1135.0</ele></trkpt><trkpt lat="35.05248" lon="-83.28755000000001"><ele>1132.0</ele></trkpt><trkpt lat="35.05254" lon="-83.28771999999998"><ele>1129.0</ele></trkpt><trkpt lat="35.05276" lon="-83.28784000000002"><ele>1123.0</ele></trkpt><trkpt lat="35.05282" lon="-83.28789999999998"><ele>1122.0</ele></trkpt><trkpt lat="35.05279" lon="-83.28816"><ele>1116.0</ele></trkpt><trkpt lat="35.05283" lon="-83.28823"><ele>1115.0</ele></trkpt><trkpt lat="35.05305" lon="-83.28841"><ele>1109.0</ele></trkpt><trkpt lat="35.05311" lon="-83.28847999999999"><ele>1108.0</ele></trkpt><trkpt lat="35.053118868123036" lon="-83.28851103843061"><ele>1107.0</ele></trkpt><trkpt lat="35.053129076409455" lon="-83.28854676743265"><ele>1106.0</ele></trkpt><trkpt lat="35.05313" lon="-83.28854999999999"><ele>1106.0</ele></trkpt><trkpt lat="35.05312" lon="-83.28859"><ele>1105.0</ele></trkpt><trkpt lat="35.05297" lon="-83.28867000000002"><ele>1102.0</ele></trkpt><trkpt lat="35.05282" lon="-83.28859999999997"><ele>1102.0</ele></trkpt><trkpt lat="35.05282" lon="-83.28868999999997"><ele>1099.0</ele></trkpt><trkpt lat="35.05303" lon="-83.28911"><ele>1084.0</ele></trkpt><trkpt lat="35.05309" lon="-83.28928000000002"><ele>1073.0</ele></trkpt><trkpt lat="35.05325" lon="-83.28953999999999"><ele>1071.0</ele></trkpt><trkpt lat="35.05362" lon="-83.29002000000003"><ele>1065.0</ele></trkpt><trkpt lat="35.05398" lon="-83.29030999999998"><ele>1067.0</ele></trkpt><trkpt lat="35.05427" lon="-83.29066"><ele>1063.0</ele></trkpt><trkpt lat="35.05461" lon="-83.29097000000002"><ele>1071.0</ele></trkpt><trkpt lat="35.05496" lon="-83.29158000000001"><ele>1073.0</ele></trkpt><trkpt lat="35.05506" lon="-83.29163"><ele>1075.0</ele></trkpt><trkpt lat="35.05523" lon="-83.29161999999997"><ele>1083.0</ele></trkpt><trkpt lat="35.05534" lon="-83.29169999999999"><ele>1086.0</ele></trkpt><trkpt lat="35.05548" lon="-83.29173000000003"><ele>1088.0</ele></trkpt><trkpt lat="35.05552" lon="-83.29164000000003"><ele>1091.0</ele></trkpt><trkpt lat="35.05551" lon="-83.29158999999999"><ele>1092.0</ele></trkpt><trkpt lat="35.05542" lon="-83.29151999999999"><ele>1093.0</ele></trkpt><trkpt lat="35.05518" lon="-83.29106999999999"><ele>1095.0</ele></trkpt><trkpt lat="35.0549" lon="-83.2903"><ele>1101.0</ele></trkpt><trkpt lat="35.05491" lon="-83.29019"><ele>1103.0</ele></trkpt><trkpt lat="35.05505" lon="-83.29019"><ele>1108.0</ele></trkpt><trkpt lat="35.05532" lon="-83.29050999999998"><ele>1115.0</ele></trkpt><trkpt lat="35.05555" lon="-83.29059999999998"><ele>1124.0</ele></trkpt><trkpt lat="35.05576" lon="-83.29056000000003"><ele>1132.0</ele></trkpt><trkpt lat="35.05599" lon="-83.29034000000001"><ele>1148.0</ele></trkpt><trkpt lat="35.05622" lon="-83.29023000000001"><ele>1149.0</ele></trkpt><trkpt lat="35.05716" lon="-83.2903"><ele>1147.0</ele></trkpt><trkpt lat="35.05737" lon="-83.29037"><ele>1148.0</ele></trkpt><trkpt lat="35.05781" lon="-83.29021999999998"><ele>1154.0</ele></trkpt><trkpt lat="35.05792" lon="-83.29014000000001"><ele>1154.0</ele></trkpt><trkpt lat="35.05801" lon="-83.29003"><ele>1154.0</ele></trkpt><trkpt lat="35.05817" lon="-83.29002000000003"><ele>1148.0</ele></trkpt><trkpt lat="35.05873" lon="-83.28974"><ele>1139.0</ele></trkpt><trkpt lat="35.05885" lon="-83.28971999999999"><ele>1139.0</ele></trkpt><trkpt lat="35.05894" lon="-83.28976999999998"><ele>1136.0</ele></trkpt><trkpt lat="35.05902" lon="-83.28987000000001"><ele>1134.0</ele></trkpt><trkpt lat="35.05945" lon="-83.28996999999998"><ele>1144.0</ele></trkpt><trkpt lat="35.05959" lon="-83.28994"><ele>1144.0</ele></trkpt><trkpt lat="35.05985898671807" lon="-83.28979410889866"><ele>1145.0</ele></trkpt><trkpt lat="35.0598679226318" lon="-83.28978926258947"><ele>1145.0</ele></trkpt><trkpt lat="35.06018" lon="-83.28962000000001"><ele>1144.0</ele></trkpt><trkpt lat="35.06032" lon="-83.28949999999998"><ele>1147.0</ele></trkpt><trkpt lat="35.06043" lon="-83.28949999999998"><ele>1142.0</ele></trkpt><trkpt lat="35.06059" lon="-83.28955000000002"><ele>1135.0</ele></trkpt><trkpt lat="35.06077" lon="-83.28946000000002"><ele>1136.0</ele></trkpt><trkpt lat="35.06093" lon="-83.28948000000003"><ele>1131.0</ele></trkpt><trkpt lat="35.061" lon="-83.28953000000001"><ele>1127.0</ele></trkpt><trkpt lat="35.06107" lon="-83.28962999999999"><ele>1120.0</ele></trkpt><trkpt lat="35.06113" lon="-83.28965"><ele>1117.0</ele></trkpt><trkpt lat="35.06127" lon="-83.28962000000001"><ele>1120.0</ele></trkpt><trkpt lat="35.06198" lon="-83.28958999999998"><ele>1113.0</ele></trkpt><trkpt lat="35.0621" lon="-83.28969000000001"><ele>1109.0</ele></trkpt><trkpt lat="35.0626" lon="-83.28978000000001"><ele>1115.0</ele></trkpt><trkpt lat="35.06309" lon="-83.28967999999998"><ele>1107.0</ele></trkpt><trkpt lat="35.06344" lon="-83.28947"><ele>1115.0</ele></trkpt><trkpt lat="35.06348" lon="-83.28937000000002"><ele>1120.0</ele></trkpt><trkpt lat="35.06353" lon="-83.28933999999998"><ele>1120.0</ele></trkpt><trkpt lat="35.06399" lon="-83.28931"><ele>1112.0</ele></trkpt><trkpt lat="35.06418" lon="-83.2892"><ele>1112.0</ele></trkpt><trkpt lat="35.06474" lon="-83.28899999999999"><ele>1109.0</ele></trkpt><trkpt lat="35.06484" lon="-83.28893"><ele>1111.0</ele></trkpt><trkpt lat="35.06491" lon="-83.28892000000002"><ele>1112.0</ele></trkpt><trkpt lat="35.06514" lon="-83.28899000000001"><ele>1113.0</ele></trkpt><trkpt lat="35.06523" lon="-83.28895"><ele>1116.0</ele></trkpt><trkpt lat="35.0653" lon="-83.28888999999998"><ele>1118.0</ele></trkpt><trkpt lat="35.06537" lon="-83.28870999999998"><ele>1122.0</ele></trkpt><trkpt lat="35.06542" lon="-83.28845000000001"><ele>1123.0</ele></trkpt><trkpt lat="35.06546" lon="-83.28834"><ele>1123.0</ele></trkpt><trkpt lat="35.06569" lon="-83.28798999999998"><ele>1114.0</ele></trkpt><trkpt lat="35.06571" lon="-83.28762"><ele>1122.0</ele></trkpt><trkpt lat="35.06577" lon="-83.28741000000002"><ele>1121.0</ele></trkpt><trkpt lat="35.06592" lon="-83.28705000000002"><ele>1121.0</ele></trkpt><trkpt lat="35.06596" lon="-83.28688"><ele>1121.0</ele></trkpt><trkpt lat="35.06592" lon="-83.28652999999997"><ele>1127.0</ele></trkpt><trkpt lat="35.06597" lon="-83.28631000000001"><ele>1130.0</ele></trkpt><trkpt lat="35.06597" lon="-83.28631000000001"><ele>1130.0</ele></trkpt><trkpt lat="35.06605" lon="-83.28602999999998"><ele>1133.0</ele></trkpt><trkpt lat="35.06624" lon="-83.28550000000001"><ele>1133.0</ele></trkpt><trkpt lat="35.06627" lon="-83.28532000000001"><ele>1136.0</ele></trkpt><trkpt lat="35.06623" lon="-83.28514999999999"><ele>1140.0</ele></trkpt><trkpt lat="35.06632" lon="-83.28503999999998"><ele>1142.0</ele></trkpt><trkpt lat="35.06633" lon="-83.28480000000002"><ele>1147.0</ele></trkpt><trkpt lat="35.0663" lon="-83.28462000000002"><ele>1152.0</ele></trkpt><trkpt lat="35.06625" lon="-83.28460000000001"><ele>1155.0</ele></trkpt><trkpt lat="35.06607" lon="-83.28462999999999"><ele>1161.0</ele></trkpt><trkpt lat="35.06597" lon="-83.28472"><ele>1162.0</ele></trkpt><trkpt lat="35.06597" lon="-83.28472"><ele>1162.0</ele></trkpt><trkpt lat="35.06597" lon="-83.28472"><ele>1162.0</ele></trkpt><trkpt lat="35.06596850013868" lon="-83.28472199981542"><ele>1162.0</ele></trkpt><trkpt lat="35.06594" lon="-83.28476"><ele>1162.0</ele></trkpt><trkpt lat="35.06592" lon="-83.28472999999997"><ele>1164.0</ele></trkpt><trkpt lat="35.06592" lon="-83.28460999999999"><ele>1168.0</ele></trkpt><trkpt lat="35.06597" lon="-83.28453000000002"><ele>1168.0</ele></trkpt><trkpt lat="35.06597" lon="-83.28453000000002"><ele>1168.0</ele></trkpt><trkpt lat="35.06604" lon="-83.28442999999999"><ele>1169.0</ele></trkpt><trkpt lat="35.06625" lon="-83.28390000000002"><ele>1179.0</ele></trkpt><trkpt lat="35.066272912083356" lon="-83.28370907772415"><ele>1184.0</ele></trkpt><trkpt lat="35.066272912083356" lon="-83.28370907772415"><ele>1184.0</ele></trkpt><trkpt lat="35.06628" lon="-83.28364999999997"><ele>1186.0</ele></trkpt><trkpt lat="35.06652" lon="-83.28327000000002"><ele>1199.0</ele></trkpt><trkpt lat="35.06672" lon="-83.28300999999999"><ele>1207.0</ele></trkpt><trkpt lat="35.06693" lon="-83.28264000000001"><ele>1217.0</ele></trkpt><trkpt lat="35.06703" lon="-83.28255999999999"><ele>1219.0</ele></trkpt><trkpt lat="35.06698" lon="-83.28251"><ele>1221.0</ele></trkpt><trkpt lat="35.06676" lon="-83.28242999999998"><ele>1225.0</ele></trkpt><trkpt lat="35.06676" lon="-83.28237999999999"><ele>1227.0</ele></trkpt><trkpt lat="35.06682" lon="-83.28217000000001"><ele>1233.0</ele></trkpt><trkpt lat="35.06678" lon="-83.28205000000003"><ele>1234.0</ele></trkpt><trkpt lat="35.06689" lon="-83.28194000000002"><ele>1236.0</ele></trkpt><trkpt lat="35.06711" lon="-83.28179999999998"><ele>1243.0</ele></trkpt><trkpt lat="35.0672" lon="-83.28169000000003"><ele>1245.0</ele></trkpt><trkpt lat="35.06725" lon="-83.28167000000002"><ele>1247.0</ele></trkpt><trkpt lat="35.06773" lon="-83.28159"><ele>1261.0</ele></trkpt><trkpt lat="35.06793" lon="-83.28143999999998"><ele>1272.0</ele></trkpt><trkpt lat="35.06843" lon="-83.28134999999997"><ele>1283.0</ele></trkpt><trkpt lat="35.06875" lon="-83.28165999999999"><ele>1274.0</ele></trkpt><trkpt lat="35.06906" lon="-83.28203000000002"><ele>1273.0</ele></trkpt><trkpt lat="35.06935" lon="-83.28226000000001"><ele>1276.0</ele></trkpt><trkpt lat="35.06944" lon="-83.28235999999998"><ele>1276.0</ele></trkpt><trkpt lat="35.06986" lon="-83.28262999999998"><ele>1280.0</ele></trkpt><trkpt lat="35.07009" lon="-83.28285"><ele>1279.0</ele></trkpt><trkpt lat="35.07038" lon="-83.28296"><ele>1292.0</ele></trkpt><trkpt lat="35.07073" lon="-83.28327000000002"><ele>1300.0</ele></trkpt><trkpt lat="35.07085" lon="-83.28341999999998"><ele>1301.0</ele></trkpt><trkpt lat="35.07095" lon="-83.28373999999997"><ele>1295.0</ele></trkpt><trkpt lat="35.07111" lon="-83.28399999999999"><ele>1299.0</ele></trkpt><trkpt lat="35.07134" lon="-83.28412000000003"><ele>1306.0</ele></trkpt><trkpt lat="35.07153" lon="-83.28415999999999"><ele>1309.0</ele></trkpt><trkpt lat="35.07241" lon="-83.2842"><ele>1316.0</ele></trkpt><trkpt lat="35.07258" lon="-83.28415000000001"><ele>1319.0</ele></trkpt><trkpt lat="35.07285" lon="-83.28421000000003"><ele>1319.0</ele></trkpt><trkpt lat="35.07316" lon="-83.2844"><ele>1321.0</ele></trkpt><trkpt lat="35.07338" lon="-83.28463999999997"><ele>1326.0</ele></trkpt><trkpt lat="35.07372" lon="-83.28476999999998"><ele>1333.0</ele></trkpt><trkpt lat="35.07432" lon="-83.28517999999997"><ele>1345.0</ele></trkpt><trkpt lat="35.0746" lon="-83.28546"><ele>1355.0</ele></trkpt><trkpt lat="35.07484" lon="-83.28575000000001"><ele>1355.0</ele></trkpt><trkpt lat="35.07484" lon="-83.28575000000001"><ele>1355.0</ele></trkpt><trkpt lat="35.07522" lon="-83.28611000000001"><ele>1346.0</ele></trkpt><trkpt lat="35.07535" lon="-83.28627"><ele>1344.0</ele></trkpt><trkpt lat="35.07536" lon="-83.28631999999999"><ele>1343.0</ele></trkpt><trkpt lat="35.0753" lon="-83.28652"><ele>1342.0</ele></trkpt><trkpt lat="35.07531" lon="-83.28661999999997"><ele>1341.0</ele></trkpt><trkpt lat="35.07562" lon="-83.28715"><ele>1330.0</ele></trkpt><trkpt lat="35.0758616919643" lon="-83.28745936571431"><ele>1328.0</ele></trkpt><trkpt lat="35.07587801176501" lon="-83.28749403529332"><ele>1328.0</ele></trkpt><trkpt lat="35.07589" lon="-83.28753"><ele>1328.0</ele></trkpt><trkpt lat="35.07581" lon="-83.28769999999997"><ele>1328.0</ele></trkpt><trkpt lat="35.07589" lon="-83.28784000000002"><ele>1326.0</ele></trkpt><trkpt lat="35.07592505481133" lon="-83.28800826309441"><ele>1326.0</ele></trkpt><trkpt lat="35.07592505481133" lon="-83.28800826309441"><ele>1326.0</ele></trkpt><trkpt lat="35.07594" lon="-83.28807999999998"><ele>1326.0</ele></trkpt><trkpt lat="35.07624" lon="-83.28847000000002"><ele>1332.0</ele></trkpt><trkpt lat="35.07634" lon="-83.28893"><ele>1333.0</ele></trkpt><trkpt lat="35.0765" lon="-83.28924999999998"><ele>1333.0</ele></trkpt><trkpt lat="35.07671" lon="-83.28982000000002"><ele>1334.0</ele></trkpt><trkpt lat="35.07679" lon="-83.28994999999998"><ele>1335.0</ele></trkpt><trkpt lat="35.07699" lon="-83.29019"><ele>1335.0</ele></trkpt><trkpt lat="35.07702" lon="-83.29025999999999"><ele>1336.0</ele></trkpt><trkpt lat="35.07707" lon="-83.29064"><ele>1335.0</ele></trkpt><trkpt lat="35.07733" lon="-83.29110000000003"><ele>1334.0</ele></trkpt><trkpt lat="35.07744" lon="-83.29136"><ele>1330.0</ele></trkpt><trkpt lat="35.07755" lon="-83.29187999999999"><ele>1328.0</ele></trkpt><trkpt lat="35.07755" lon="-83.29187999999999"><ele>1328.0</ele></trkpt><trkpt lat="35.07823" lon="-83.29194000000001"><ele>1316.0</ele></trkpt><trkpt lat="35.07832" lon="-83.29188999999997"><ele>1312.0</ele></trkpt><trkpt lat="35.07847" lon="-83.29191000000003"><ele>1309.0</ele></trkpt><trkpt lat="35.07854" lon="-83.29194000000001"><ele>1308.0</ele></trkpt><trkpt lat="35.07917" lon="-83.29250000000002"><ele>1313.0</ele></trkpt><trkpt lat="35.07949" lon="-83.29266000000001"><ele>1311.0</ele></trkpt><trkpt lat="35.0799" lon="-83.29275999999999"><ele>1308.0</ele></trkpt><trkpt lat="35.08156" lon="-83.29262"><ele>1312.0</ele></trkpt><trkpt lat="35.0818" lon="-83.29254000000003"><ele>1312.0</ele></trkpt><trkpt lat="35.08219" lon="-83.29228"><ele>1308.0</ele></trkpt><trkpt lat="35.08248" lon="-83.29212999999999"><ele>1308.0</ele></trkpt><trkpt lat="35.08287" lon="-83.2921"><ele>1316.0</ele></trkpt><trkpt lat="35.08318" lon="-83.29230000000001"><ele>1319.0</ele></trkpt><trkpt lat="35.08326" lon="-83.29248999999999"><ele>1319.0</ele></trkpt><trkpt lat="35.08354" lon="-83.29291999999998"><ele>1312.0</ele></trkpt><trkpt lat="35.08365" lon="-83.29305999999997"><ele>1309.0</ele></trkpt><trkpt lat="35.08378" lon="-83.29313000000002"><ele>1307.0</ele></trkpt><trkpt lat="35.08392" lon="-83.29336"><ele>1306.0</ele></trkpt><trkpt lat="35.08395" lon="-83.29354999999998"><ele>1308.0</ele></trkpt><trkpt lat="35.08396" lon="-83.29374000000001"><ele>1309.0</ele></trkpt><trkpt lat="35.08396" lon="-83.29374000000001"><ele>1309.0</ele></trkpt><trkpt lat="35.08409" lon="-83.29386999999997"><ele>1302.0</ele></trkpt><trkpt lat="35.08407" lon="-83.29397"><ele>1302.0</ele></trkpt><trkpt lat="35.08396" lon="-83.29422999999997"><ele>1305.0</ele></trkpt><trkpt lat="35.08396" lon="-83.29422999999997"><ele>1305.0</ele></trkpt><trkpt lat="35.08375" lon="-83.29471000000001"><ele>1306.0</ele></trkpt><trkpt lat="35.08355" lon="-83.29557999999997"><ele>1304.0</ele></trkpt><trkpt lat="35.08353" lon="-83.29579999999999"><ele>1305.0</ele></trkpt><trkpt lat="35.08356" lon="-83.29610000000002"><ele>1303.0</ele></trkpt><trkpt lat="35.08355" lon="-83.29631"><ele>1305.0</ele></trkpt><trkpt lat="35.0836" lon="-83.29642999999999"><ele>1303.0</ele></trkpt><trkpt lat="35.08377" lon="-83.29656"><ele>1298.0</ele></trkpt><trkpt lat="35.08386" lon="-83.29705000000001"><ele>1303.0</ele></trkpt><trkpt lat="35.08396" lon="-83.29719999999998"><ele>1299.0</ele></trkpt><trkpt lat="35.08396" lon="-83.29719999999998"><ele>1299.0</ele></trkpt><trkpt lat="35.084029368994734" lon="-83.2973803593863"><ele>1300.0</ele></trkpt><trkpt lat="35.084033947989155" lon="-83.29739226474112"><ele>1300.0</ele></trkpt><trkpt lat="35.08406" lon="-83.29746"><ele>1301.0</ele></trkpt><trkpt lat="35.08417" lon="-83.29813999999999"><ele>1305.0</ele></trkpt><trkpt lat="35.08425" lon="-83.29834"><ele>1305.0</ele></trkpt><trkpt lat="35.08425" lon="-83.29834"><ele>1305.0</ele></trkpt><trkpt lat="35.08441" lon="-83.29863999999998"><ele>1303.0</ele></trkpt><trkpt lat="35.08452" lon="-83.29877999999997"><ele>1302.0</ele></trkpt><trkpt lat="35.08459" lon="-83.29890999999998"><ele>1299.0</ele></trkpt><trkpt lat="35.08467" lon="-83.29895999999997"><ele>1298.0</ele></trkpt><trkpt lat="35.08505" lon="-83.29901000000001"><ele>1292.0</ele></trkpt><trkpt lat="35.08508" lon="-83.29915"><ele>1287.0</ele></trkpt><trkpt lat="35.08508" lon="-83.29975999999999"><ele>1277.0</ele></trkpt><trkpt lat="35.08526" lon="-83.30033000000003"><ele>1265.0</ele></trkpt><trkpt lat="35.08536" lon="-83.30059"><ele>1263.0</ele></trkpt><trkpt lat="35.08551" lon="-83.30081999999999"><ele>1266.0</ele></trkpt><trkpt lat="35.0858" lon="-83.30106"><ele>1272.0</ele></trkpt><trkpt lat="35.0864" lon="-83.30138"><ele>1275.0</ele></trkpt><trkpt lat="35.08659" lon="-83.30151000000001"><ele>1277.0</ele></trkpt><trkpt lat="35.08721" lon="-83.30183"><ele>1284.0</ele></trkpt><trkpt lat="35.08739" lon="-83.30183999999997"><ele>1284.0</ele></trkpt><trkpt lat="35.08782" lon="-83.30204000000003"><ele>1287.0</ele></trkpt><trkpt lat="35.08823" lon="-83.30239"><ele>1294.0</ele></trkpt><trkpt lat="35.08836" lon="-83.30270000000002"><ele>1301.0</ele></trkpt><trkpt lat="35.08838" lon="-83.30277000000001"><ele>1302.0</ele></trkpt><trkpt lat="35.08835" lon="-83.30315999999999"><ele>1309.0</ele></trkpt><trkpt lat="35.08836" lon="-83.30365999999998"><ele>1309.0</ele></trkpt><trkpt lat="35.08846" lon="-83.30398000000002"><ele>1311.0</ele></trkpt><trkpt lat="35.08867" lon="-83.30430000000001"><ele>1316.0</ele></trkpt><trkpt lat="35.08868" lon="-83.30444"><ele>1319.0</ele></trkpt><trkpt lat="35.0885" lon="-83.3046"><ele>1322.0</ele></trkpt><trkpt lat="35.08822" lon="-83.30473"><ele>1325.0</ele></trkpt><trkpt lat="35.08798" lon="-83.30489999999998"><ele>1329.0</ele></trkpt><trkpt lat="35.08782" lon="-83.30488000000003"><ele>1331.0</ele></trkpt><trkpt lat="35.08768" lon="-83.30495000000002"><ele>1333.0</ele></trkpt><trkpt lat="35.08732" lon="-83.30534"><ele>1339.0</ele></trkpt><trkpt lat="35.08716" lon="-83.30543999999998"><ele>1343.0</ele></trkpt><trkpt lat="35.08711" lon="-83.3055"><ele>1344.0</ele></trkpt><trkpt lat="35.08705" lon="-83.30563000000001"><ele>1346.0</ele></trkpt><trkpt lat="35.08706" lon="-83.3057"><ele>1347.0</ele></trkpt><trkpt lat="35.08714" lon="-83.30583000000001"><ele>1350.0</ele></trkpt><trkpt lat="35.08723" lon="-83.30590000000001"><ele>1352.0</ele></trkpt><trkpt lat="35.08735" lon="-83.30595"><ele>1354.0</ele></trkpt><trkpt lat="35.08788" lon="-83.30599999999998"><ele>1351.0</ele></trkpt><trkpt lat="35.08833" lon="-83.30619999999999"><ele>1350.0</ele></trkpt><trkpt lat="35.08853" lon="-83.30635999999998"><ele>1351.0</ele></trkpt><trkpt lat="35.08896" lon="-83.30649"><ele>1357.0</ele></trkpt><trkpt lat="35.08936" lon="-83.30650000000003"><ele>1364.0</ele></trkpt><trkpt lat="35.09014" lon="-83.30622"><ele>1377.0</ele></trkpt><trkpt lat="35.09043" lon="-83.30619000000002"><ele>1384.0</ele></trkpt><trkpt lat="35.09044" lon="-83.30624"><ele>1386.0</ele></trkpt><trkpt lat="35.09039" lon="-83.30637999999999"><ele>1389.0</ele></trkpt><trkpt lat="35.09039" lon="-83.3066"><ele>1392.0</ele></trkpt><trkpt lat="35.09052" lon="-83.30659000000003"><ele>1395.0</ele></trkpt><trkpt lat="35.09065" lon="-83.30683999999997"><ele>1402.0</ele></trkpt><trkpt lat="35.09102" lon="-83.30712"><ele>1407.0</ele></trkpt><trkpt lat="35.09118" lon="-83.30718000000002"><ele>1407.0</ele></trkpt><trkpt lat="35.09122" lon="-83.30732"><ele>1402.0</ele></trkpt><trkpt lat="35.09129" lon="-83.30734999999999"><ele>1401.0</ele></trkpt><trkpt lat="35.09171" lon="-83.30732999999998"><ele>1395.0</ele></trkpt><trkpt lat="35.09252" lon="-83.30719999999997"><ele>1387.0</ele></trkpt><trkpt lat="35.09306" lon="-83.30705999999998"><ele>1383.0</ele></trkpt><trkpt lat="35.0932" lon="-83.30705"><ele>1381.0</ele></trkpt><trkpt lat="35.09368" lon="-83.30713000000003"><ele>1375.0</ele></trkpt><trkpt lat="35.09377" lon="-83.30727000000002"><ele>1373.0</ele></trkpt><trkpt lat="35.09389365744656" lon="-83.30737304787215"><ele>1371.0</ele></trkpt><trkpt lat="35.093924190872364" lon="-83.3073984923733"><ele>1371.0</ele></trkpt><trkpt lat="35.09395" lon="-83.30741999999998"><ele>1370.0</ele></trkpt><trkpt lat="35.09414" lon="-83.30752000000001"><ele>1368.0</ele></trkpt><trkpt lat="35.09428" lon="-83.30772000000002"><ele>1365.0</ele></trkpt><trkpt lat="35.09492" lon="-83.30818"><ele>1361.0</ele></trkpt><trkpt lat="35.09506" lon="-83.30824999999999"><ele>1359.0</ele></trkpt><trkpt lat="35.09551" lon="-83.30824999999999"><ele>1355.0</ele></trkpt><trkpt lat="35.09577" lon="-83.30836999999997"><ele>1353.0</ele></trkpt><trkpt lat="35.09603" lon="-83.30854999999997"><ele>1350.0</ele></trkpt><trkpt lat="35.09624" lon="-83.30876999999998"><ele>1352.0</ele></trkpt><trkpt lat="35.09641" lon="-83.30920000000003"><ele>1355.0</ele></trkpt><trkpt lat="35.09655" lon="-83.30939999999998"><ele>1358.0</ele></trkpt><trkpt lat="35.09661" lon="-83.30961000000002"><ele>1357.0</ele></trkpt><trkpt lat="35.09662" lon="-83.30975999999998"><ele>1355.0</ele></trkpt><trkpt lat="35.09633" lon="-83.31040999999999"><ele>1351.0</ele></trkpt><trkpt lat="35.09602" lon="-83.31146999999999"><ele>1359.0</ele></trkpt><trkpt lat="35.09585" lon="-83.31182000000001"><ele>1361.0</ele></trkpt><trkpt lat="35.09567" lon="-83.31203"><ele>1359.0</ele></trkpt><trkpt lat="35.09557" lon="-83.31223"><ele>1360.0</ele></trkpt><trkpt lat="35.09561" lon="-83.31276000000003"><ele>1363.0</ele></trkpt><trkpt lat="35.09568" lon="-83.31285000000003"><ele>1361.0</ele></trkpt><trkpt lat="35.09583" lon="-83.31286999999998"><ele>1363.0</ele></trkpt><trkpt lat="35.09617" lon="-83.31306000000001"><ele>1357.0</ele></trkpt><trkpt lat="35.09648" lon="-83.31319000000002"><ele>1360.0</ele></trkpt><trkpt lat="35.09687" lon="-83.31324999999998"><ele>1364.0</ele></trkpt><trkpt lat="35.09732" lon="-83.31342000000001"><ele>1359.0</ele></trkpt><trkpt lat="35.09747" lon="-83.31351999999998"><ele>1357.0</ele></trkpt><trkpt lat="35.09759" lon="-83.31366000000003"><ele>1353.0</ele></trkpt><trkpt lat="35.09778" lon="-83.31405000000001"><ele>1352.0</ele></trkpt><trkpt lat="35.0979" lon="-83.31407000000002"><ele>1357.0</ele></trkpt><trkpt lat="35.09831" lon="-83.31403999999998"><ele>1368.0</ele></trkpt><trkpt lat="35.09843" lon="-83.31408999999996"><ele>1366.0</ele></trkpt><trkpt lat="35.09853" lon="-83.31416999999999"><ele>1362.0</ele></trkpt><trkpt lat="35.09897" lon="-83.31425999999999"><ele>1358.0</ele></trkpt><trkpt lat="35.09914" lon="-83.31438000000003"><ele>1355.0</ele></trkpt><trkpt lat="35.09925" lon="-83.31456000000003"><ele>1351.0</ele></trkpt><trkpt lat="35.09945" lon="-83.31515000000002"><ele>1350.0</ele></trkpt><trkpt lat="35.09978" lon="-83.31578999999999"><ele>1338.0</ele></trkpt><trkpt lat="35.09996413510454" lon="-83.3159833418598"><ele>1341.0</ele></trkpt><trkpt lat="35.099973676791684" lon="-83.3159933606234"><ele>1340.0</ele></trkpt><trkpt lat="35.09998" lon="-83.31600000000003"><ele>1341.0</ele></trkpt><trkpt lat="35.10014" lon="-83.3161"><ele>1343.0</ele></trkpt><trkpt lat="35.10053" lon="-83.31619999999998"><ele>1343.0</ele></trkpt><trkpt lat="35.10109" lon="-83.31641000000002"><ele>1338.0</ele></trkpt><trkpt lat="35.1014" lon="-83.31642"><ele>1341.0</ele></trkpt><trkpt lat="35.10184" lon="-83.31635"><ele>1340.0</ele></trkpt><trkpt lat="35.10193" lon="-83.31639999999999"><ele>1336.0</ele></trkpt><trkpt lat="35.10193" lon="-83.31639999999999"><ele>1336.0</ele></trkpt><trkpt lat="35.10203" lon="-83.31651999999997"><ele>1332.0</ele></trkpt><trkpt lat="35.1023" lon="-83.31702999999999"><ele>1320.0</ele></trkpt><trkpt lat="35.10242" lon="-83.31714999999997"><ele>1322.0</ele></trkpt><trkpt lat="35.10247" lon="-83.31723"><ele>1322.0</ele></trkpt><trkpt lat="35.10265" lon="-83.31789000000003"><ele>1330.0</ele></trkpt><trkpt lat="35.10278" lon="-83.31812000000002"><ele>1333.0</ele></trkpt><trkpt lat="35.1028" lon="-83.31819999999999"><ele>1333.0</ele></trkpt><trkpt lat="35.10276" lon="-83.31870000000004"><ele>1339.0</ele></trkpt><trkpt lat="35.10284" lon="-83.31900000000002"><ele>1344.0</ele></trkpt><trkpt lat="35.10298" lon="-83.31997999999999"><ele>1350.0</ele></trkpt><trkpt lat="35.10294" lon="-83.32026000000002"><ele>1348.0</ele></trkpt><trkpt lat="35.1029" lon="-83.32031"><ele>1347.0</ele></trkpt><trkpt lat="35.1029" lon="-83.32031"><ele>1347.0</ele></trkpt><trkpt lat="35.10267" lon="-83.32072"><ele>1337.0</ele></trkpt><trkpt lat="35.10252" lon="-83.32116000000002"><ele>1334.0</ele></trkpt><trkpt lat="35.1023" lon="-83.32152000000002"><ele>1324.0</ele></trkpt><trkpt lat="35.10206" lon="-83.32202000000001"><ele>1314.0</ele></trkpt><trkpt lat="35.10198" lon="-83.32211000000001"><ele>1313.0</ele></trkpt><trkpt lat="35.10193" lon="-83.32229000000001"><ele>1309.0</ele></trkpt><trkpt lat="35.10193" lon="-83.32229000000001"><ele>1309.0</ele></trkpt><trkpt lat="35.10191" lon="-83.32238999999998"><ele>1308.0</ele></trkpt><trkpt lat="35.10185" lon="-83.32247999999998"><ele>1307.0</ele></trkpt><trkpt lat="35.10168" lon="-83.32292000000001"><ele>1297.0</ele></trkpt><trkpt lat="35.10153" lon="-83.32319000000001"><ele>1294.0</ele></trkpt><trkpt lat="35.10141" lon="-83.32348999999999"><ele>1293.0</ele></trkpt><trkpt lat="35.10138" lon="-83.32351"><ele>1292.0</ele></trkpt><trkpt lat="35.10135" lon="-83.32348999999999"><ele>1291.0</ele></trkpt><trkpt lat="35.10131" lon="-83.32313999999997"><ele>1286.0</ele></trkpt><trkpt lat="35.10133" lon="-83.32286999999997"><ele>1284.0</ele></trkpt><trkpt lat="35.10132" lon="-83.32276000000002"><ele>1283.0</ele></trkpt><trkpt lat="35.10129" lon="-83.32271000000003"><ele>1281.0</ele></trkpt><trkpt lat="35.10125" lon="-83.32272"><ele>1279.0</ele></trkpt><trkpt lat="35.10112" lon="-83.32312999999999"><ele>1276.0</ele></trkpt><trkpt lat="35.10102" lon="-83.32328999999999"><ele>1273.0</ele></trkpt><trkpt lat="35.10088" lon="-83.3236"><ele>1269.0</ele></trkpt><trkpt lat="35.10094" lon="-83.32400000000001"><ele>1268.0</ele></trkpt><trkpt lat="35.10108" lon="-83.3243"><ele>1267.0</ele></trkpt><trkpt lat="35.10117" lon="-83.32472000000001"><ele>1257.0</ele></trkpt><trkpt lat="35.10121" lon="-83.32568000000003"><ele>1241.0</ele></trkpt><trkpt lat="35.10118" lon="-83.32664"><ele>1218.0</ele></trkpt><trkpt lat="35.10123" lon="-83.32697000000002"><ele>1212.0</ele></trkpt><trkpt lat="35.10124" lon="-83.32727"><ele>1205.0</ele></trkpt><trkpt lat="35.10123123352988" lon="-83.32734539164306"><ele>1203.0</ele></trkpt><trkpt lat="35.10123020763382" lon="-83.3273542143956"><ele>1203.0</ele></trkpt><trkpt lat="35.10114" lon="-83.32812999999999"><ele>1195.0</ele></trkpt><trkpt lat="35.1011" lon="-83.32956000000001"><ele>1181.0</ele></trkpt><trkpt lat="35.10097" lon="-83.33031"><ele>1176.0</ele></trkpt><trkpt lat="35.10091" lon="-83.33112"><ele>1181.0</ele></trkpt><trkpt lat="35.10067" lon="-83.33208000000002"><ele>1188.0</ele></trkpt><trkpt lat="35.10064" lon="-83.33227"><ele>1190.0</ele></trkpt><trkpt lat="35.10062" lon="-83.33258999999998"><ele>1194.0</ele></trkpt><trkpt lat="35.10067" lon="-83.33292"><ele>1198.0</ele></trkpt><trkpt lat="35.10071" lon="-83.33308"><ele>1200.0</ele></trkpt><trkpt lat="35.10067" lon="-83.33344"><ele>1196.0</ele></trkpt><trkpt lat="35.10062" lon="-83.33433000000002"><ele>1189.0</ele></trkpt><trkpt lat="35.10053" lon="-83.33488"><ele>1184.0</ele></trkpt><trkpt lat="35.1004" lon="-83.33528999999999"><ele>1173.0</ele></trkpt><trkpt lat="35.10033" lon="-83.33566000000002"><ele>1174.0</ele></trkpt><trkpt lat="35.10034" lon="-83.33575000000002"><ele>1177.0</ele></trkpt><trkpt lat="35.10043" lon="-83.33586000000003"><ele>1181.0</ele></trkpt><trkpt lat="35.10046" lon="-83.33598999999998"><ele>1180.0</ele></trkpt><trkpt lat="35.10042" lon="-83.33612"><ele>1177.0</ele></trkpt><trkpt lat="35.10033" lon="-83.33623999999998"><ele>1173.0</ele></trkpt><trkpt lat="35.10027" lon="-83.33627999999999"><ele>1168.0</ele></trkpt><trkpt lat="35.10016" lon="-83.33629000000002"><ele>1164.0</ele></trkpt><trkpt lat="35.09991" lon="-83.33618000000001"><ele>1160.0</ele></trkpt><trkpt lat="35.09981" lon="-83.33620000000002"><ele>1156.0</ele></trkpt><trkpt lat="35.09975" lon="-83.33627000000001"><ele>1154.0</ele></trkpt><trkpt lat="35.09975" lon="-83.33643000000001"><ele>1150.0</ele></trkpt><trkpt lat="35.09978" lon="-83.33650999999998"><ele>1148.0</ele></trkpt><trkpt lat="35.10001" lon="-83.33672999999999"><ele>1144.0</ele></trkpt><trkpt lat="35.10001" lon="-83.33681999999999"><ele>1141.0</ele></trkpt><trkpt lat="35.09995" lon="-83.33686999999998"><ele>1138.0</ele></trkpt><trkpt lat="35.09933" lon="-83.33710000000002"><ele>1127.0</ele></trkpt><trkpt lat="35.09925" lon="-83.33721000000003"><ele>1122.0</ele></trkpt><trkpt lat="35.09926" lon="-83.33731"><ele>1118.0</ele></trkpt><trkpt lat="35.09929" lon="-83.3374"><ele>1116.0</ele></trkpt><trkpt lat="35.09925" lon="-83.33748000000003"><ele>1113.0</ele></trkpt><trkpt lat="35.09911" lon="-83.33757000000003"><ele>1107.0</ele></trkpt><trkpt lat="35.09882" lon="-83.33767999999998"><ele>1102.0</ele></trkpt><trkpt lat="35.09864" lon="-83.33787999999998"><ele>1095.0</ele></trkpt><trkpt lat="35.0983" lon="-83.33852999999999"><ele>1088.0</ele></trkpt><trkpt lat="35.09809" lon="-83.33884"><ele>1088.0</ele></trkpt><trkpt lat="35.09792" lon="-83.33891"><ele>1085.0</ele></trkpt><trkpt lat="35.09784" lon="-83.33897999999999"><ele>1084.0</ele></trkpt><trkpt lat="35.09779" lon="-83.33910000000003"><ele>1082.0</ele></trkpt><trkpt lat="35.09781" lon="-83.33922999999999"><ele>1080.0</ele></trkpt><trkpt lat="35.0979" lon="-83.33956999999998"><ele>1073.0</ele></trkpt><trkpt lat="35.09789" lon="-83.33967000000001"><ele>1070.0</ele></trkpt><trkpt lat="35.09784" lon="-83.3397"><ele>1068.0</ele></trkpt><trkpt lat="35.09771" lon="-83.33967000000001"><ele>1065.0</ele></trkpt><trkpt lat="35.09753" lon="-83.33958000000001"><ele>1061.0</ele></trkpt><trkpt lat="35.09745" lon="-83.33960000000002"><ele>1058.0</ele></trkpt><trkpt lat="35.09743" lon="-83.33969000000002"><ele>1054.0</ele></trkpt><trkpt lat="35.09752" lon="-83.34028999999998"><ele>1038.0</ele></trkpt><trkpt lat="35.09743" lon="-83.34060999999997"><ele>1028.0</ele></trkpt><trkpt lat="35.09721" lon="-83.34102999999999"><ele>1021.0</ele></trkpt><trkpt lat="35.09691" lon="-83.34171000000003"><ele>1022.0</ele></trkpt><trkpt lat="35.09677" lon="-83.34210999999999"><ele>1025.0</ele></trkpt><trkpt lat="35.09666" lon="-83.34228999999999"><ele>1022.0</ele></trkpt><trkpt lat="35.09666" lon="-83.34228999999999"><ele>1022.0</ele></trkpt><trkpt lat="35.09656" lon="-83.34244000000001"><ele>1021.0</ele></trkpt><trkpt lat="35.0965" lon="-83.34249999999997"><ele>1020.0</ele></trkpt><trkpt lat="35.0965" lon="-83.34249999999997"><ele>1020.0</ele></trkpt><trkpt lat="35.09646" lon="-83.34255000000002"><ele>1019.0</ele></trkpt><trkpt lat="35.09638" lon="-83.34276"><ele>1023.0</ele></trkpt><trkpt lat="35.09614" lon="-83.34300000000002"><ele>1023.0</ele></trkpt><trkpt lat="35.09591" lon="-83.34332999999998"><ele>1031.0</ele></trkpt><trkpt lat="35.09575" lon="-83.34343000000001"><ele>1033.0</ele></trkpt><trkpt lat="35.09576" lon="-83.34347000000002"><ele>1036.0</ele></trkpt><trkpt lat="35.09582" lon="-83.34348"><ele>1038.0</ele></trkpt><trkpt lat="35.09584" lon="-83.34352999999999"><ele>1039.0</ele></trkpt><trkpt lat="35.09569" lon="-83.34386"><ele>1040.0</ele></trkpt><trkpt lat="35.09549" lon="-83.34402999999998"><ele>1043.0</ele></trkpt><trkpt lat="35.09511" lon="-83.34419000000003"><ele>1044.0</ele></trkpt><trkpt lat="35.09484" lon="-83.34453000000002"><ele>1050.0</ele></trkpt><trkpt lat="35.09465" lon="-83.34501999999998"><ele>1047.0</ele></trkpt><trkpt lat="35.09458" lon="-83.34541000000002"><ele>1049.0</ele></trkpt><trkpt lat="35.09435" lon="-83.34613000000002"><ele>1054.0</ele></trkpt><trkpt lat="35.09412" lon="-83.34659999999997"><ele>1055.0</ele></trkpt><trkpt lat="35.09414" lon="-83.34694000000002"><ele>1061.0</ele></trkpt><trkpt lat="35.0941342976595" lon="-83.34698561872398"><ele>1061.0</ele></trkpt><trkpt lat="35.0941315810217" lon="-83.34700735182724"><ele>1061.0</ele></trkpt><trkpt lat="35.09413" lon="-83.34701999999999"><ele>1061.0</ele></trkpt><trkpt lat="35.09409" lon="-83.34708999999998"><ele>1060.0</ele></trkpt><trkpt lat="35.09393" lon="-83.34721000000002"><ele>1060.0</ele></trkpt><trkpt lat="35.09361" lon="-83.34739000000002"><ele>1058.0</ele></trkpt><trkpt lat="35.09319" lon="-83.34776999999997"><ele>1049.0</ele></trkpt><trkpt lat="35.0928" lon="-83.34803999999997"><ele>1041.0</ele></trkpt><trkpt lat="35.0924" lon="-83.34839999999997"><ele>1034.0</ele></trkpt><trkpt lat="35.09223" lon="-83.34869000000003"><ele>1029.0</ele></trkpt><trkpt lat="35.09191" lon="-83.34892000000002"><ele>1030.0</ele></trkpt><trkpt lat="35.09187" lon="-83.34906000000001"><ele>1028.0</ele></trkpt><trkpt lat="35.09187" lon="-83.34924999999998"><ele>1027.0</ele></trkpt><trkpt lat="35.09159" lon="-83.34994"><ele>1015.0</ele></trkpt><trkpt lat="35.09151" lon="-83.35032999999999"><ele>1009.0</ele></trkpt><trkpt lat="35.09134" lon="-83.35088000000002"><ele>1004.0</ele></trkpt><trkpt lat="35.09119" lon="-83.35116"><ele>998.0</ele></trkpt><trkpt lat="35.09113" lon="-83.35154999999997"><ele>989.0</ele></trkpt><trkpt lat="35.09113" lon="-83.35154999999997"><ele>989.0</ele></trkpt><trkpt lat="35.09113" lon="-83.35154999999997"><ele>989.0</ele></trkpt><trkpt lat="35.09094" lon="-83.35199"><ele>992.0</ele></trkpt><trkpt lat="35.09021" lon="-83.35303999999996"><ele>997.0</ele></trkpt><trkpt lat="35.08973" lon="-83.35354000000001"><ele>1007.0</ele></trkpt><trkpt lat="35.08937" lon="-83.35419999999999"><ele>1013.0</ele></trkpt><trkpt lat="35.08924" lon="-83.35449"><ele>1014.0</ele></trkpt><trkpt lat="35.08912" lon="-83.35462999999999"><ele>1014.0</ele></trkpt><trkpt lat="35.08903" lon="-83.35469"><ele>1012.0</ele></trkpt><trkpt lat="35.08893" lon="-83.35468000000003"><ele>1009.0</ele></trkpt><trkpt lat="35.08896" lon="-83.35482000000002"><ele>1007.0</ele></trkpt><trkpt lat="35.08901" lon="-83.35489999999999"><ele>1006.0</ele></trkpt><trkpt lat="35.08912" lon="-83.35500000000002"><ele>1003.0</ele></trkpt><trkpt lat="35.08909" lon="-83.35516000000001"><ele>999.0</ele></trkpt><trkpt lat="35.08916" lon="-83.35518000000002"><ele>999.0</ele></trkpt><trkpt lat="35.08929" lon="-83.35513000000003"><ele>996.0</ele></trkpt><trkpt lat="35.0893" lon="-83.35514999999998"><ele>996.0</ele></trkpt><trkpt lat="35.08936" lon="-83.35541"><ele>992.0</ele></trkpt><trkpt lat="35.08951" lon="-83.35577"><ele>989.0</ele></trkpt><trkpt lat="35.08955" lon="-83.35600999999997"><ele>991.0</ele></trkpt><trkpt lat="35.08973" lon="-83.35633000000001"><ele>990.0</ele></trkpt><trkpt lat="35.08984" lon="-83.35660000000001"><ele>991.0</ele></trkpt><trkpt lat="35.08988" lon="-83.3571"><ele>989.0</ele></trkpt><trkpt lat="35.08993" lon="-83.35732000000002"><ele>989.0</ele></trkpt><trkpt lat="35.09" lon="-83.35795000000002"><ele>986.0</ele></trkpt><trkpt lat="35.08991" lon="-83.35856999999999"><ele>983.0</ele></trkpt><trkpt lat="35.08987" lon="-83.35872"><ele>981.0</ele></trkpt><trkpt lat="35.08976" lon="-83.35885999999999"><ele>980.0</ele></trkpt><trkpt lat="35.08964" lon="-83.35892999999999"><ele>979.0</ele></trkpt><trkpt lat="35.08911" lon="-83.35896000000002"><ele>974.0</ele></trkpt><trkpt lat="35.08875" lon="-83.35908999999998"><ele>970.0</ele></trkpt><trkpt lat="35.08856" lon="-83.35908999999998"><ele>969.0</ele></trkpt><trkpt lat="35.08832" lon="-83.35901000000001"><ele>969.0</ele></trkpt><trkpt lat="35.08774" lon="-83.35897"><ele>956.0</ele></trkpt><trkpt lat="35.08776" lon="-83.35906999999997"><ele>953.0</ele></trkpt><trkpt lat="35.08774" lon="-83.35908999999998"><ele>952.0</ele></trkpt><trkpt lat="35.08759" lon="-83.35899999999998"><ele>948.0</ele></trkpt><trkpt lat="35.08757" lon="-83.35906"><ele>946.0</ele></trkpt><trkpt lat="35.08773" lon="-83.35926"><ele>941.0</ele></trkpt><trkpt lat="35.08731" lon="-83.35928999999999"><ele>931.0</ele></trkpt><trkpt lat="35.08732" lon="-83.35937000000001"><ele>928.0</ele></trkpt><trkpt lat="35.08747" lon="-83.35948000000002"><ele>922.0</ele></trkpt><trkpt lat="35.08729" lon="-83.35957000000002"><ele>917.0</ele></trkpt><trkpt lat="35.08717" lon="-83.35959000000003"><ele>916.0</ele></trkpt><trkpt lat="35.08705" lon="-83.35955999999999"><ele>914.0</ele></trkpt><trkpt lat="35.08698" lon="-83.35935999999998"><ele>912.0</ele></trkpt><trkpt lat="35.08691" lon="-83.35953"><ele>907.0</ele></trkpt><trkpt lat="35.08687" lon="-83.35991999999999"><ele>900.0</ele></trkpt><trkpt lat="35.08681" lon="-83.36018000000001"><ele>896.0</ele></trkpt><trkpt lat="35.0867" lon="-83.36041"><ele>890.0</ele></trkpt><trkpt lat="35.08648" lon="-83.36077999999998"><ele>880.0</ele></trkpt><trkpt lat="35.0863" lon="-83.3612"><ele>874.0</ele></trkpt><trkpt lat="35.08614" lon="-83.36145999999997"><ele>872.0</ele></trkpt><trkpt lat="35.08581" lon="-83.36160000000001"><ele>867.0</ele></trkpt><trkpt lat="35.08572" lon="-83.36160000000001"><ele>864.0</ele></trkpt><trkpt lat="35.08588" lon="-83.36140999999998"><ele>860.0</ele></trkpt><trkpt lat="35.08596" lon="-83.36106999999998"><ele>851.0</ele></trkpt><trkpt lat="35.08597" lon="-83.36090999999999"><ele>848.0</ele></trkpt><trkpt lat="35.08595" lon="-83.36090000000002"><ele>847.0</ele></trkpt><trkpt lat="35.08563" lon="-83.36111"><ele>833.0</ele></trkpt><trkpt lat="35.08533" lon="-83.36115999999998"><ele>831.0</ele></trkpt><trkpt lat="35.08507" lon="-83.36130000000003"><ele>830.0</ele></trkpt><trkpt lat="35.08502" lon="-83.36133999999998"><ele>831.0</ele></trkpt><trkpt lat="35.08495269392643" lon="-83.36147835137342"><ele>831.0</ele></trkpt><trkpt lat="35.08492952920866" lon="-83.36152596783984"><ele>830.0</ele></trkpt><trkpt lat="35.08484" lon="-83.36171000000002"><ele>829.0</ele></trkpt><trkpt lat="35.08453" lon="-83.36187000000001"><ele>835.0</ele></trkpt><trkpt lat="35.08439" lon="-83.36201"><ele>837.0</ele></trkpt><trkpt lat="35.08396" lon="-83.36286000000001"><ele>849.0</ele></trkpt><trkpt lat="35.08396" lon="-83.36286000000001"><ele>849.0</ele></trkpt><trkpt lat="35.08381" lon="-83.36315000000002"><ele>852.0</ele></trkpt><trkpt lat="35.08369" lon="-83.36327"><ele>849.0</ele></trkpt><trkpt lat="35.08365" lon="-83.36338"><ele>847.0</ele></trkpt><trkpt lat="35.08367" lon="-83.36343"><ele>846.0</ele></trkpt><trkpt lat="35.08386" lon="-83.36356"><ele>841.0</ele></trkpt><trkpt lat="35.08396" lon="-83.36379999999997"><ele>837.0</ele></trkpt><trkpt lat="35.08396" lon="-83.36379999999997"><ele>837.0</ele></trkpt><trkpt lat="35.08428" lon="-83.36412999999999"><ele>831.0</ele></trkpt><trkpt lat="35.08453" lon="-83.36426"><ele>823.0</ele></trkpt><trkpt lat="35.08453" lon="-83.36426"><ele>823.0</ele></trkpt><trkpt lat="35.08475" lon="-83.36433999999997"><ele>820.0</ele></trkpt><trkpt lat="35.08485" lon="-83.36446000000001"><ele>818.0</ele></trkpt><trkpt lat="35.08495" lon="-83.36448999999999"><ele>815.0</ele></trkpt><trkpt lat="35.08491" lon="-83.36454000000003"><ele>812.0</ele></trkpt><trkpt lat="35.08484" lon="-83.36457000000001"><ele>811.0</ele></trkpt><trkpt lat="35.08467" lon="-83.36446999999998"><ele>809.0</ele></trkpt><trkpt lat="35.08411" lon="-83.36466999999999"><ele>800.0</ele></trkpt><trkpt lat="35.08396" lon="-83.36464999999998"><ele>799.0</ele></trkpt><trkpt lat="35.08396" lon="-83.36464999999998"><ele>799.0</ele></trkpt><trkpt lat="35.08383" lon="-83.36455000000001"><ele>796.0</ele></trkpt><trkpt lat="35.08364" lon="-83.36445000000003"><ele>794.0</ele></trkpt><trkpt lat="35.08359" lon="-83.36444"><ele>793.0</ele></trkpt><trkpt lat="35.08347" lon="-83.36448999999999"><ele>790.0</ele></trkpt><trkpt lat="35.08342" lon="-83.36457999999999"><ele>790.0</ele></trkpt><trkpt lat="35.08341" lon="-83.36471"><ele>791.0</ele></trkpt><trkpt lat="35.08345" lon="-83.36487999999997"><ele>785.0</ele></trkpt><trkpt lat="35.08345" lon="-83.36496999999997"><ele>783.0</ele></trkpt><trkpt lat="35.08339" lon="-83.36518000000001"><ele>782.0</ele></trkpt><trkpt lat="35.0833" lon="-83.36526000000003"><ele>779.0</ele></trkpt><trkpt lat="35.083" lon="-83.36536999999998"><ele>770.0</ele></trkpt><trkpt lat="35.08289" lon="-83.36554000000001"><ele>771.0</ele></trkpt><trkpt lat="35.08285" lon="-83.36586"><ele>777.0</ele></trkpt><trkpt lat="35.08279" lon="-83.36601000000002"><ele>779.0</ele></trkpt><trkpt lat="35.08276" lon="-83.36617000000001"><ele>784.0</ele></trkpt><trkpt lat="35.08272" lon="-83.36624"><ele>784.0</ele></trkpt><trkpt lat="35.08257" lon="-83.36635999999999"><ele>782.0</ele></trkpt><trkpt lat="35.08256" lon="-83.36642999999998"><ele>782.0</ele></trkpt><trkpt lat="35.08261" lon="-83.36680000000001"><ele>788.0</ele></trkpt><trkpt lat="35.0827" lon="-83.36705999999998"><ele>794.0</ele></trkpt><trkpt lat="35.08266" lon="-83.36736000000002"><ele>797.0</ele></trkpt><trkpt lat="35.08262" lon="-83.36746"><ele>799.0</ele></trkpt><trkpt lat="35.08249" lon="-83.36743999999999"><ele>802.0</ele></trkpt><trkpt lat="35.08235" lon="-83.36732"><ele>804.0</ele></trkpt><trkpt lat="35.08231" lon="-83.36727000000002"><ele>805.0</ele></trkpt><trkpt lat="35.08222" lon="-83.36703999999997"><ele>808.0</ele></trkpt><trkpt lat="35.0821" lon="-83.36691000000002"><ele>808.0</ele></trkpt><trkpt lat="35.08114" lon="-83.36642999999998"><ele>804.0</ele></trkpt><trkpt lat="35.0811" lon="-83.36644999999999"><ele>802.0</ele></trkpt><trkpt lat="35.08094" lon="-83.36685"><ele>801.0</ele></trkpt><trkpt lat="35.08062" lon="-83.36720000000003"><ele>808.0</ele></trkpt><trkpt lat="35.08061" lon="-83.36736000000002"><ele>806.0</ele></trkpt><trkpt lat="35.0808" lon="-83.36786000000001"><ele>799.0</ele></trkpt><trkpt lat="35.0808" lon="-83.36801000000003"><ele>796.0</ele></trkpt><trkpt lat="35.08073" lon="-83.36811"><ele>795.0</ele></trkpt><trkpt lat="35.08067" lon="-83.36813000000001"><ele>795.0</ele></trkpt><trkpt lat="35.08061" lon="-83.36811"><ele>793.0</ele></trkpt><trkpt lat="35.08034" lon="-83.36777999999998"><ele>790.0</ele></trkpt><trkpt lat="35.08028" lon="-83.36761000000001"><ele>790.0</ele></trkpt><trkpt lat="35.08014" lon="-83.36755"><ele>786.0</ele></trkpt><trkpt lat="35.08001" lon="-83.36757999999998"><ele>785.0</ele></trkpt><trkpt lat="35.07989" lon="-83.36756000000003"><ele>784.0</ele></trkpt><trkpt lat="35.07968" lon="-83.36766999999998"><ele>780.0</ele></trkpt><trkpt lat="35.07947" lon="-83.36772000000002"><ele>780.0</ele></trkpt><trkpt lat="35.07919" lon="-83.36786000000001"><ele>781.0</ele></trkpt><trkpt lat="35.07915" lon="-83.36793"><ele>783.0</ele></trkpt><trkpt lat="35.07915" lon="-83.36860000000001"><ele>789.0</ele></trkpt><trkpt lat="35.07908" lon="-83.36878999999999"><ele>785.0</ele></trkpt><trkpt lat="35.07907" lon="-83.36888999999996"><ele>784.0</ele></trkpt><trkpt lat="35.07915" lon="-83.36926"><ele>783.0</ele></trkpt><trkpt lat="35.07934" lon="-83.36960999999997"><ele>787.0</ele></trkpt><trkpt lat="35.07935" lon="-83.36968000000002"><ele>786.0</ele></trkpt><trkpt lat="35.07929" lon="-83.36986000000002"><ele>782.0</ele></trkpt><trkpt lat="35.07929" lon="-83.36996999999997"><ele>781.0</ele></trkpt><trkpt lat="35.07937" lon="-83.37022999999999"><ele>776.0</ele></trkpt><trkpt lat="35.07952" lon="-83.37047999999999"><ele>772.0</ele></trkpt><trkpt lat="35.0795" lon="-83.37110000000001"><ele>766.0</ele></trkpt><trkpt lat="35.07955" lon="-83.37124"><ele>763.0</ele></trkpt><trkpt lat="35.07962" lon="-83.37128000000001"><ele>761.0</ele></trkpt><trkpt lat="35.07953" lon="-83.37130000000002"><ele>759.0</ele></trkpt><trkpt lat="35.07941" lon="-83.37124"><ele>759.0</ele></trkpt><trkpt lat="35.07928" lon="-83.37095"><ele>757.0</ele></trkpt><trkpt lat="35.07918" lon="-83.37088"><ele>753.0</ele></trkpt><trkpt lat="35.07891" lon="-83.37103000000002"><ele>749.0</ele></trkpt><trkpt lat="35.07858" lon="-83.37110999999999"><ele>745.0</ele></trkpt><trkpt lat="35.07853" lon="-83.37119999999999"><ele>742.0</ele></trkpt><trkpt lat="35.07854" lon="-83.37134000000003"><ele>741.0</ele></trkpt><trkpt lat="35.07859" lon="-83.37158"><ele>741.0</ele></trkpt><trkpt lat="35.07868" lon="-83.37182000000001"><ele>740.0</ele></trkpt><trkpt lat="35.07873" lon="-83.37188000000003"><ele>740.0</ele></trkpt><trkpt lat="35.07901" lon="-83.37200999999999"><ele>732.0</ele></trkpt><trkpt lat="35.07906" lon="-83.37207999999998"><ele>730.0</ele></trkpt><trkpt lat="35.07922" lon="-83.37241"><ele>723.0</ele></trkpt><trkpt lat="35.07938" lon="-83.37290000000002"><ele>717.0</ele></trkpt><trkpt lat="35.07948" lon="-83.37310000000002"><ele>720.0</ele></trkpt><trkpt lat="35.07967" lon="-83.37338"><ele>718.0</ele></trkpt><trkpt lat="35.07974" lon="-83.37355000000002"><ele>715.0</ele></trkpt><trkpt lat="35.07979" lon="-83.37376999999998"><ele>715.0</ele></trkpt><trkpt lat="35.07999" lon="-83.37403999999998"><ele>715.0</ele></trkpt><trkpt lat="35.08004" lon="-83.37416999999999"><ele>715.0</ele></trkpt><trkpt lat="35.08004" lon="-83.37434000000002"><ele>713.0</ele></trkpt><trkpt lat="35.07997" lon="-83.37443000000002"><ele>713.0</ele></trkpt><trkpt lat="35.07976" lon="-83.37446999999997"><ele>713.0</ele></trkpt><trkpt lat="35.0797" lon="-83.37450999999999"><ele>710.0</ele></trkpt><trkpt lat="35.07971" lon="-83.37453"><ele>710.0</ele></trkpt><trkpt lat="35.0799" lon="-83.37466"><ele>706.0</ele></trkpt><trkpt lat="35.08004" lon="-83.37471"><ele>704.0</ele></trkpt><trkpt lat="35.0802" lon="-83.37463000000002"><ele>702.0</ele></trkpt><trkpt lat="35.08027" lon="-83.37464"><ele>699.0</ele></trkpt><trkpt lat="35.08027" lon="-83.37473999999997"><ele>696.0</ele></trkpt><trkpt lat="35.08022" lon="-83.37486999999999"><ele>694.0</ele></trkpt><trkpt lat="35.07999" lon="-83.37516"><ele>691.0</ele></trkpt><trkpt lat="35.07987" lon="-83.37518999999998"><ele>690.0</ele></trkpt><trkpt lat="35.0799" lon="-83.37526000000003"><ele>688.0</ele></trkpt><trkpt lat="35.07999" lon="-83.37531000000001"><ele>687.0</ele></trkpt><trkpt lat="35.08013" lon="-83.37522000000001"><ele>684.0</ele></trkpt><trkpt lat="35.08015" lon="-83.37522999999999"><ele>683.0</ele></trkpt><trkpt lat="35.07999" lon="-83.37562000000003"><ele>678.0</ele></trkpt><trkpt lat="35.07999" lon="-83.37562000000003"><ele>678.0</ele></trkpt><trkpt lat="35.07989" lon="-83.37569000000002"><ele>675.0</ele></trkpt><trkpt lat="35.07983" lon="-83.37578000000002"><ele>670.0</ele></trkpt><trkpt lat="35.07987" lon="-83.37601000000001"><ele>662.0</ele></trkpt><trkpt lat="35.07985" lon="-83.37612999999999"><ele>658.0</ele></trkpt><trkpt lat="35.07991" lon="-83.37630000000001"><ele>652.0</ele></trkpt><trkpt lat="35.07992" lon="-83.37649999999996"><ele>645.0</ele></trkpt><trkpt lat="35.07997" lon="-83.37661000000003"><ele>642.0</ele></trkpt><trkpt lat="35.07997" lon="-83.37661000000003"><ele>642.0</ele></trkpt><trkpt lat="35.07996" lon="-83.37676999999996"><ele>641.0</ele></trkpt><trkpt lat="35.07996" lon="-83.37676999999996"><ele>641.0</ele></trkpt><trkpt lat="35.0812504880707" lon="-83.37648231157658"><ele>638.0</ele></trkpt><trkpt lat="35.08128607105128" lon="-83.37647437950693"><ele>638.0</ele></trkpt><trkpt lat="35.08153" lon="-83.37642"><ele>637.0</ele></trkpt><trkpt lat="35.08234" lon="-83.37628999999998"><ele>636.0</ele></trkpt><trkpt lat="35.08323" lon="-83.37630000000001"><ele>634.0</ele></trkpt><trkpt lat="35.08396" lon="-83.37635"><ele>633.0</ele></trkpt><trkpt lat="35.08396" lon="-83.37635"><ele>633.0</ele></trkpt><trkpt lat="35.08459" lon="-83.37637000000001"><ele>635.0</ele></trkpt><trkpt lat="35.08488" lon="-83.37635"><ele>636.0</ele></trkpt><trkpt lat="35.08674" lon="-83.37606"><ele>636.0</ele></trkpt><trkpt lat="35.08674" lon="-83.37606"><ele>636.0</ele></trkpt><trkpt lat="35.08674" lon="-83.37606"><ele>636.0</ele></trkpt><trkpt lat="35.0871" lon="-83.37588"><ele>636.0</ele></trkpt><trkpt lat="35.087742967886186" lon="-83.37539596799581"><ele>636.0</ele></trkpt><trkpt lat="35.087742967886186" lon="-83.37539596799581"><ele>636.0</ele></trkpt><trkpt lat="35.08799" lon="-83.37520999999998"><ele>636.0</ele></trkpt><trkpt lat="35.08827" lon="-83.37509"><ele>635.0</ele></trkpt><trkpt lat="35.08839" lon="-83.37508000000003"><ele>635.0</ele></trkpt><trkpt lat="35.08863" lon="-83.37508000000003"><ele>636.0</ele></trkpt><trkpt lat="35.08925" lon="-83.37524000000002"><ele>635.0</ele></trkpt><trkpt lat="35.08952" lon="-83.37527999999998"><ele>634.0</ele></trkpt><trkpt lat="35.08952" lon="-83.37527999999998"><ele>634.0</ele></trkpt><trkpt lat="35.08952" lon="-83.37527999999998"><ele>634.0</ele></trkpt><trkpt lat="35.08973" lon="-83.37527"><ele>634.0</ele></trkpt><trkpt lat="35.09077" lon="-83.37515000000002"><ele>631.0</ele></trkpt><trkpt lat="35.09102" lon="-83.37515000000002"><ele>630.0</ele></trkpt><trkpt lat="35.09127" lon="-83.37518"><ele>629.0</ele></trkpt><trkpt lat="35.09127" lon="-83.37518"><ele>629.0</ele></trkpt><trkpt lat="35.09127" lon="-83.37518"><ele>629.0</ele></trkpt><trkpt lat="35.09212070067096" lon="-83.37542575797158"><ele>632.0</ele></trkpt><trkpt lat="35.09212070067096" lon="-83.37542575797158"><ele>632.0</ele></trkpt><trkpt lat="35.09217" lon="-83.37544000000003"><ele>632.0</ele></trkpt><trkpt lat="35.09247" lon="-83.37543"><ele>633.0</ele></trkpt><trkpt lat="35.09266" lon="-83.37534"><ele>634.0</ele></trkpt><trkpt lat="35.09306" lon="-83.37500999999997"><ele>635.0</ele></trkpt><trkpt lat="35.09341" lon="-83.37459999999999"><ele>636.0</ele></trkpt><trkpt lat="35.09378" lon="-83.37405999999999"><ele>638.0</ele></trkpt><trkpt lat="35.09378" lon="-83.37405999999999"><ele>638.0</ele></trkpt><trkpt lat="35.09376" lon="-83.37401999999997"><ele>638.0</ele></trkpt><trkpt lat="35.09379" lon="-83.37391000000002"><ele>637.0</ele></trkpt><trkpt lat="35.09400228653486" lon="-83.37366079406775"><ele>637.0</ele></trkpt><trkpt lat="35.09402879780062" lon="-83.37363310444181"><ele>637.0</ele></trkpt><trkpt lat="35.09402" lon="-83.37364000000002"><ele>637.0</ele></trkpt><trkpt lat="35.09379" lon="-83.37391000000002"><ele>637.0</ele></trkpt><trkpt lat="35.09376" lon="-83.37401999999997"><ele>638.0</ele></trkpt><trkpt lat="35.09378" lon="-83.37405999999999"><ele>638.0</ele></trkpt><trkpt lat="35.09378" lon="-83.37405999999999"><ele>638.0</ele></trkpt><trkpt lat="35.09378" lon="-83.37405999999999"><ele>638.0</ele></trkpt><trkpt lat="35.09406" lon="-83.37376999999998"><ele>640.0</ele></trkpt><trkpt lat="35.09417" lon="-83.37367999999998"><ele>640.0</ele></trkpt><trkpt lat="35.0943" lon="-83.37362999999999"><ele>641.0</ele></trkpt><trkpt lat="35.09447" lon="-83.37360000000001"><ele>643.0</ele></trkpt><trkpt lat="35.09533" lon="-83.37371000000002"><ele>648.0</ele></trkpt><trkpt lat="35.09598" lon="-83.37369999999999"><ele>653.0</ele></trkpt><trkpt lat="35.09698" lon="-83.37356999999997"><ele>660.0</ele></trkpt><trkpt lat="35.09756" lon="-83.37346000000002"><ele>664.0</ele></trkpt><trkpt lat="35.09776" lon="-83.37335999999999"><ele>665.0</ele></trkpt><trkpt lat="35.09776" lon="-83.37335999999999"><ele>665.0</ele></trkpt><trkpt lat="35.09776" lon="-83.37335999999999"><ele>665.0</ele></trkpt><trkpt lat="35.09787" lon="-83.37326999999999"><ele>666.0</ele></trkpt><trkpt lat="35.09829" lon="-83.37266999999997"><ele>670.0</ele></trkpt><trkpt lat="35.09845" lon="-83.37251000000003"><ele>671.0</ele></trkpt><trkpt lat="35.09859497696452" lon="-83.37244657257804"><ele>672.0</ele></trkpt><trkpt lat="35.098607552838835" lon="-83.37244107063304"><ele>672.0</ele></trkpt><trkpt lat="35.09877" lon="-83.37236999999999"><ele>672.0</ele></trkpt><trkpt lat="35.09877" lon="-83.37236999999999"><ele>672.0</ele></trkpt><trkpt lat="35.09949" lon="-83.37227999999999"><ele>668.0</ele></trkpt><trkpt lat="35.09963" lon="-83.37229000000002"><ele>667.0</ele></trkpt><trkpt lat="35.09982" lon="-83.37233000000003"><ele>665.0</ele></trkpt><trkpt lat="35.09995" lon="-83.37241"><ele>664.0</ele></trkpt><trkpt lat="35.10008" lon="-83.37254000000001"><ele>664.0</ele></trkpt><trkpt lat="35.10069" lon="-83.37317000000002"><ele>658.0</ele></trkpt><trkpt lat="35.10146" lon="-83.37389999999999"><ele>653.0</ele></trkpt><trkpt lat="35.101613685177384" lon="-83.37401230839885"><ele>652.0</ele></trkpt><trkpt lat="35.101613685177384" lon="-83.37401230839885"><ele>652.0</ele></trkpt><trkpt lat="35.10172" lon="-83.37409000000002"><ele>651.0</ele></trkpt><trkpt lat="35.10193" lon="-83.37419"><ele>650.0</ele></trkpt><trkpt lat="35.10193" lon="-83.37419"><ele>650.0</ele></trkpt><trkpt lat="35.10217" lon="-83.37425000000002"><ele>648.0</ele></trkpt><trkpt lat="35.10236" lon="-83.37425999999999"><ele>647.0</ele></trkpt><trkpt lat="35.102529284715075" lon="-83.37423956908611"><ele>645.0</ele></trkpt><trkpt lat="35.102529284715075" lon="-83.37423956908611"><ele>645.0</ele></trkpt><trkpt lat="35.10294" lon="-83.37419"><ele>643.0</ele></trkpt><trkpt lat="35.1033" lon="-83.37403"><ele>641.0</ele></trkpt><trkpt lat="35.10374" lon="-83.37374"><ele>638.0</ele></trkpt><trkpt lat="35.10397" lon="-83.37364000000002"><ele>638.0</ele></trkpt><trkpt lat="35.10417" lon="-83.37360000000001"><ele>637.0</ele></trkpt><trkpt lat="35.10439" lon="-83.37360000000001"><ele>637.0</ele></trkpt><trkpt lat="35.10478" lon="-83.37371000000002"><ele>636.0</ele></trkpt><trkpt lat="35.10487873242299" lon="-83.37378316764216"><ele>636.0</ele></trkpt><trkpt lat="35.10487873242299" lon="-83.37378316764216"><ele>636.0</ele></trkpt><trkpt lat="35.10517035694488" lon="-83.37399928228189"><ele>636.0</ele></trkpt><trkpt lat="35.10517035694488" lon="-83.37399928228189"><ele>636.0</ele></trkpt><trkpt lat="35.10574644060475" lon="-83.3744262014992"><ele>638.0</ele></trkpt><trkpt lat="35.10574644060475" lon="-83.3744262014992"><ele>638.0</ele></trkpt><trkpt lat="35.1059" lon="-83.37454000000002"><ele>639.0</ele></trkpt><trkpt lat="35.10617" lon="-83.37471"><ele>639.0</ele></trkpt><trkpt lat="35.10668" lon="-83.37493999999998"><ele>640.0</ele></trkpt><trkpt lat="35.10695" lon="-83.375"><ele>640.0</ele></trkpt><trkpt lat="35.1071" lon="-83.37499000000003"><ele>640.0</ele></trkpt><trkpt lat="35.10737" lon="-83.37490000000003"><ele>639.0</ele></trkpt><trkpt lat="35.10784" lon="-83.37466999999998"><ele>636.0</ele></trkpt><trkpt lat="35.10828" lon="-83.37439"><ele>635.0</ele></trkpt><trkpt lat="35.10828" lon="-83.37439"><ele>635.0</ele></trkpt><trkpt lat="35.10828" lon="-83.37439"><ele>635.0</ele></trkpt><trkpt lat="35.10869" lon="-83.37407999999999"><ele>634.0</ele></trkpt><trkpt lat="35.10892" lon="-83.37385999999998"><ele>635.0</ele></trkpt><trkpt lat="35.10914" lon="-83.37350000000004"><ele>636.0</ele></trkpt><trkpt lat="35.10935" lon="-83.37283000000002"><ele>639.0</ele></trkpt><trkpt lat="35.10959" lon="-83.37225000000001"><ele>642.0</ele></trkpt><trkpt lat="35.10972" lon="-83.37198000000001"><ele>644.0</ele></trkpt><trkpt lat="35.109829412922394" lon="-83.37179946867809"><ele>645.0</ele></trkpt><trkpt lat="35.109829412922394" lon="-83.37179946867809"><ele>645.0</ele></trkpt><trkpt lat="35.10992" lon="-83.37164999999999"><ele>646.0</ele></trkpt><trkpt lat="35.110042454791575" lon="-83.37150305425013"><ele>647.0</ele></trkpt><trkpt lat="35.110042454791575" lon="-83.37150305425013"><ele>647.0</ele></trkpt><trkpt lat="35.11017" lon="-83.37135"><ele>648.0</ele></trkpt><trkpt lat="35.11044" lon="-83.37110999999999"><ele>650.0</ele></trkpt><trkpt lat="35.11088689381977" lon="-83.37077380464933"><ele>652.0</ele></trkpt><trkpt lat="35.11088689381977" lon="-83.37077380464933"><ele>652.0</ele></trkpt><trkpt lat="35.11153" lon="-83.37029000000001"><ele>655.0</ele></trkpt><trkpt lat="35.111695745946804" lon="-83.37020488714512"><ele>655.0</ele></trkpt><trkpt lat="35.111695745946804" lon="-83.37020488714512"><ele>655.0</ele></trkpt><trkpt lat="35.1119" lon="-83.37009999999998"><ele>655.0</ele></trkpt><trkpt lat="35.11217" lon="-83.37000999999998"><ele>655.0</ele></trkpt><trkpt lat="35.1125" lon="-83.36995000000002"><ele>654.0</ele></trkpt><trkpt lat="35.113169989405435" lon="-83.36992949012023"><ele>653.0</ele></trkpt><trkpt lat="35.113169989405435" lon="-83.36992949012023"><ele>653.0</ele></trkpt><trkpt lat="35.11348" lon="-83.36991999999998"><ele>652.0</ele></trkpt><trkpt lat="35.11369" lon="-83.36989"><ele>652.0</ele></trkpt><trkpt lat="35.11404" lon="-83.36977000000002"><ele>650.0</ele></trkpt><trkpt lat="35.1163" lon="-83.36885000000001"><ele>646.0</ele></trkpt><trkpt lat="35.11647" lon="-83.36883"><ele>647.0</ele></trkpt><trkpt lat="35.11647" lon="-83.36883"><ele>647.0</ele></trkpt><trkpt lat="35.11647" lon="-83.36883"><ele>647.0</ele></trkpt><trkpt lat="35.11659" lon="-83.36885999999998"><ele>647.0</ele></trkpt><trkpt lat="35.11659" lon="-83.36885999999998"><ele>647.0</ele></trkpt><trkpt lat="35.11659" lon="-83.36885999999998"><ele>647.0</ele></trkpt><trkpt lat="35.11689" lon="-83.36897999999997"><ele>648.0</ele></trkpt><trkpt lat="35.11706" lon="-83.36901999999998"><ele>649.0</ele></trkpt><trkpt lat="35.11721" lon="-83.36901999999998"><ele>648.0</ele></trkpt><trkpt lat="35.1172563967266" lon="-83.3690006680306"><ele>648.0</ele></trkpt><trkpt lat="35.1172610338173" lon="-83.36899873598111"><ele>648.0</ele></trkpt><trkpt lat="35.11781" lon="-83.36876999999998"><ele>646.0</ele></trkpt><trkpt lat="35.118" lon="-83.36876000000001"><ele>646.0</ele></trkpt><trkpt lat="35.11811" lon="-83.36881"><ele>647.0</ele></trkpt><trkpt lat="35.11826" lon="-83.36894000000001"><ele>648.0</ele></trkpt><trkpt lat="35.11844" lon="-83.36918000000003"><ele>650.0</ele></trkpt><trkpt lat="35.11844" lon="-83.36918000000003"><ele>650.0</ele></trkpt><trkpt lat="35.11844" lon="-83.36918000000003"><ele>650.0</ele></trkpt><trkpt lat="35.11879" lon="-83.37011000000001"><ele>655.0</ele></trkpt><trkpt lat="35.11889" lon="-83.37031000000002"><ele>657.0</ele></trkpt><trkpt lat="35.11904" lon="-83.37050999999997"><ele>657.0</ele></trkpt><trkpt lat="35.11923" lon="-83.37067000000002"><ele>658.0</ele></trkpt><trkpt lat="35.11991" lon="-83.37103000000002"><ele>655.0</ele></trkpt><trkpt lat="35.11991" lon="-83.37103000000002"><ele>655.0</ele></trkpt><trkpt lat="35.12001" lon="-83.37117"><ele>654.0</ele></trkpt><trkpt lat="35.12001" lon="-83.37117"><ele>654.0</ele></trkpt><trkpt lat="35.12001" lon="-83.37117"><ele>654.0</ele></trkpt><trkpt lat="35.12007" lon="-83.37131"><ele>654.0</ele></trkpt><trkpt lat="35.1201" lon="-83.37176"><ele>652.0</ele></trkpt><trkpt lat="35.12008" lon="-83.37198000000001"><ele>651.0</ele></trkpt><trkpt lat="35.12008" lon="-83.37198000000001"><ele>651.0</ele></trkpt><trkpt lat="35.12008" lon="-83.37198000000001"><ele>651.0</ele></trkpt><trkpt lat="35.12004" lon="-83.37215000000003"><ele>650.0</ele></trkpt><trkpt lat="35.11991" lon="-83.37252000000001"><ele>649.0</ele></trkpt><trkpt lat="35.11991" lon="-83.37252000000001"><ele>649.0</ele></trkpt><trkpt lat="35.1198" lon="-83.37284999999997"><ele>647.0</ele></trkpt><trkpt lat="35.11973" lon="-83.37331"><ele>646.0</ele></trkpt><trkpt lat="35.11974" lon="-83.37362000000002"><ele>645.0</ele></trkpt><trkpt lat="35.11977" lon="-83.37374999999997"><ele>644.0</ele></trkpt><trkpt lat="35.11983" lon="-83.37385999999998"><ele>643.0</ele></trkpt><trkpt lat="35.11991" lon="-83.37396999999999"><ele>643.0</ele></trkpt><trkpt lat="35.11991" lon="-83.37396999999999"><ele>643.0</ele></trkpt><trkpt lat="35.12006" lon="-83.37405000000001"><ele>641.0</ele></trkpt><trkpt lat="35.1202" lon="-83.37407000000002"><ele>639.0</ele></trkpt><trkpt lat="35.12127" lon="-83.37392"><ele>632.0</ele></trkpt><trkpt lat="35.12145" lon="-83.37385"><ele>631.0</ele></trkpt><trkpt lat="35.12226" lon="-83.3734"><ele>623.0</ele></trkpt><trkpt lat="35.12241" lon="-83.37335999999999"><ele>622.0</ele></trkpt><trkpt lat="35.12251870231706" lon="-83.37338090429176"><ele>621.0</ele></trkpt><trkpt lat="35.12251870231706" lon="-83.37338090429176"><ele>621.0</ele></trkpt><trkpt lat="35.12267" lon="-83.37341000000004"><ele>621.0</ele></trkpt><trkpt lat="35.12267" lon="-83.37341000000004"><ele>621.0</ele></trkpt><trkpt lat="35.12259" lon="-83.37364000000002"><ele>615.0</ele></trkpt><trkpt lat="35.12259" lon="-83.37364000000002"><ele>615.0</ele></trkpt><trkpt lat="35.12248" lon="-83.37394999999998"><ele>618.0</ele></trkpt><trkpt lat="35.12248" lon="-83.37394999999998"><ele>618.0</ele></trkpt><trkpt lat="35.1222663812248" lon="-83.37455315889474"><ele>619.0</ele></trkpt><trkpt lat="35.1222663812248" lon="-83.37455315889474"><ele>619.0</ele></trkpt><trkpt lat="35.122221229379576" lon="-83.3746806464577"><ele>619.0</ele></trkpt><trkpt lat="35.122221229379576" lon="-83.3746806464577"><ele>619.0</ele></trkpt><trkpt lat="35.12214" lon="-83.37491"><ele>619.0</ele></trkpt><trkpt lat="35.12206" lon="-83.37518999999998"><ele>619.0</ele></trkpt><trkpt lat="35.12203" lon="-83.37547"><ele>619.0</ele></trkpt><trkpt lat="35.12211" lon="-83.37779999999998"><ele>619.0</ele></trkpt><trkpt lat="35.12211" lon="-83.37779999999998"><ele>619.0</ele></trkpt><trkpt lat="35.12213" lon="-83.37822"><ele>619.0</ele></trkpt><trkpt lat="35.12213" lon="-83.37822"><ele>619.0</ele></trkpt><trkpt lat="35.12215" lon="-83.37873000000002"><ele>619.0</ele></trkpt><trkpt lat="35.12214" lon="-83.37883"><ele>620.0</ele></trkpt><trkpt lat="35.12209" lon="-83.37891000000002"><ele>620.0</ele></trkpt><trkpt lat="35.12209" lon="-83.37891000000002"><ele>620.0</ele></trkpt><trkpt lat="35.12238" lon="-83.37912"><ele>621.0</ele></trkpt><trkpt lat="35.12317" lon="-83.37949000000003"><ele>623.0</ele></trkpt><trkpt lat="35.12398" lon="-83.38013000000001"><ele>623.0</ele></trkpt><trkpt lat="35.12461" lon="-83.38072"><ele>625.0</ele></trkpt><trkpt lat="35.1249" lon="-83.38090999999997"><ele>626.0</ele></trkpt><trkpt lat="35.12502" lon="-83.38094999999998"><ele>627.0</ele></trkpt><trkpt lat="35.12557" lon="-83.38094000000001"><ele>627.0</ele></trkpt><trkpt lat="35.12582" lon="-83.38089000000002"><ele>627.0</ele></trkpt><trkpt lat="35.12595" lon="-83.38078999999999"><ele>627.0</ele></trkpt><trkpt lat="35.12612" lon="-83.38062000000002"><ele>628.0</ele></trkpt><trkpt lat="35.12655" lon="-83.38008000000002"><ele>629.0</ele></trkpt><trkpt lat="35.12669" lon="-83.38000999999997"><ele>629.0</ele></trkpt><trkpt lat="35.12686" lon="-83.37997999999999"><ele>628.0</ele></trkpt><trkpt lat="35.12704" lon="-83.38000999999997"><ele>628.0</ele></trkpt><trkpt lat="35.12712" lon="-83.38004999999998"><ele>628.0</ele></trkpt><trkpt lat="35.12726" lon="-83.38015999999999"><ele>627.0</ele></trkpt><trkpt lat="35.12732" lon="-83.38024000000001"><ele>626.0</ele></trkpt><trkpt lat="35.12772" lon="-83.3811"><ele>621.0</ele></trkpt><trkpt lat="35.12796" lon="-83.38146"><ele>620.0</ele></trkpt><trkpt lat="35.12821" lon="-83.38171"><ele>619.0</ele></trkpt><trkpt lat="35.12847" lon="-83.38179000000002"><ele>620.0</ele></trkpt><trkpt lat="35.1287" lon="-83.38175000000001"><ele>620.0</ele></trkpt><trkpt lat="35.12882" lon="-83.38171"><ele>621.0</ele></trkpt><trkpt lat="35.12882" lon="-83.38171"><ele>621.0</ele></trkpt><trkpt lat="35.12882" lon="-83.38171"><ele>621.0</ele></trkpt><trkpt lat="35.12924" lon="-83.38150000000002"><ele>621.0</ele></trkpt><trkpt lat="35.12936" lon="-83.38141000000002"><ele>621.0</ele></trkpt><trkpt lat="35.12997" lon="-83.38075000000003"><ele>622.0</ele></trkpt><trkpt lat="35.13082" lon="-83.37968999999998"><ele>625.0</ele></trkpt><trkpt lat="35.13106" lon="-83.37954000000002"><ele>624.0</ele></trkpt><trkpt lat="35.1313" lon="-83.37949000000003"><ele>623.0</ele></trkpt><trkpt lat="35.13197" lon="-83.37950000000001"><ele>621.0</ele></trkpt><trkpt lat="35.13299" lon="-83.37925000000001"><ele>626.0</ele></trkpt><trkpt lat="35.1332" lon="-83.37923"><ele>628.0</ele></trkpt><trkpt lat="35.13365993338976" lon="-83.37927106548125"><ele>629.0</ele></trkpt><trkpt lat="35.13365993338976" lon="-83.37927106548125"><ele>629.0</ele></trkpt><trkpt lat="35.13365993338976" lon="-83.37927106548125"><ele>629.0</ele></trkpt><trkpt lat="35.133659933389765" lon="-83.37927106548125"><ele>629.0</ele></trkpt><trkpt lat="35.13365993338976" lon="-83.37927106548125"><ele>629.0</ele></trkpt><trkpt lat="35.13365993338976" lon="-83.37927106548125"><ele>629.0</ele></trkpt><trkpt lat="35.13376" lon="-83.37928"><ele>630.0</ele></trkpt><trkpt lat="35.13398" lon="-83.37925000000001"><ele>630.0</ele></trkpt><trkpt lat="35.1343" lon="-83.37916999999999"><ele>631.0</ele></trkpt><trkpt lat="35.13536" lon="-83.37877000000003"><ele>634.0</ele></trkpt><trkpt lat="35.13561" lon="-83.37878999999998"><ele>635.0</ele></trkpt><trkpt lat="35.13575" lon="-83.37885"><ele>635.0</ele></trkpt><trkpt lat="35.1359" lon="-83.37898000000001"><ele>636.0</ele></trkpt><trkpt lat="35.13608" lon="-83.37925999999999"><ele>637.0</ele></trkpt><trkpt lat="35.13614" lon="-83.37943999999999"><ele>637.0</ele></trkpt><trkpt lat="35.13631" lon="-83.38017000000002"><ele>638.0</ele></trkpt><trkpt lat="35.13642138550196" lon="-83.3804910523292"><ele>640.0</ele></trkpt><trkpt lat="35.13643173574215" lon="-83.38052088537444"><ele>640.0</ele></trkpt><trkpt lat="35.13648" lon="-83.38066000000003"><ele>641.0</ele></trkpt><trkpt lat="35.1365" lon="-83.38099"><ele>641.0</ele></trkpt><trkpt lat="35.13646" lon="-83.38152000000002"><ele>640.0</ele></trkpt><trkpt lat="35.13633" lon="-83.38259"><ele>636.0</ele></trkpt><trkpt lat="35.13634" lon="-83.38287000000003"><ele>635.0</ele></trkpt><trkpt lat="35.13639" lon="-83.38315999999998"><ele>633.0</ele></trkpt><trkpt lat="35.13648" lon="-83.38328000000001"><ele>633.0</ele></trkpt><trkpt lat="35.1366" lon="-83.38333"><ele>634.0</ele></trkpt><trkpt lat="35.1366" lon="-83.38333"><ele>634.0</ele></trkpt><trkpt lat="35.1366" lon="-83.38333"><ele>634.0</ele></trkpt><trkpt lat="35.13715" lon="-83.38323000000003"><ele>635.0</ele></trkpt><trkpt lat="35.13729587402854" lon="-83.38323799309745"><ele>635.0</ele></trkpt><trkpt lat="35.13732474820832" lon="-83.38323957524426"><ele>635.0</ele></trkpt><trkpt lat="35.13788" lon="-83.38326999999998"><ele>634.0</ele></trkpt><trkpt lat="35.13788" lon="-83.38326999999998"><ele>634.0</ele></trkpt><trkpt lat="35.13806" lon="-83.38324"><ele>634.0</ele></trkpt><trkpt lat="35.13806" lon="-83.38324"><ele>634.0</ele></trkpt><trkpt lat="35.13806" lon="-83.38324"><ele>634.0</ele></trkpt><trkpt lat="35.13824" lon="-83.38310000000001"><ele>635.0</ele></trkpt><trkpt lat="35.13856" lon="-83.38231999999999"><ele>642.0</ele></trkpt><trkpt lat="35.13856" lon="-83.38231999999999"><ele>642.0</ele></trkpt><trkpt lat="35.13856" lon="-83.38231999999999"><ele>642.0</ele></trkpt><trkpt lat="35.13865" lon="-83.38218999999998"><ele>643.0</ele></trkpt><trkpt lat="35.13869080186854" lon="-83.38215123822488"><ele>643.0</ele></trkpt><trkpt lat="35.13869080186854" lon="-83.38215123822488"><ele>643.0</ele></trkpt><trkpt lat="35.13885" lon="-83.382"><ele>645.0</ele></trkpt><trkpt lat="35.13913" lon="-83.38184000000001"><ele>646.0</ele></trkpt><trkpt lat="35.13975" lon="-83.38155999999998"><ele>647.0</ele></trkpt><trkpt lat="35.13992" lon="-83.38148999999999"><ele>647.0</ele></trkpt><trkpt lat="35.14015" lon="-83.38144999999997"><ele>647.0</ele></trkpt><trkpt lat="35.1414" lon="-83.38144999999997"><ele>655.0</ele></trkpt><trkpt lat="35.14168" lon="-83.38150000000002"><ele>657.0</ele></trkpt><trkpt lat="35.14182" lon="-83.38161000000002"><ele>656.0</ele></trkpt><trkpt lat="35.14191" lon="-83.38177999999999"><ele>654.0</ele></trkpt><trkpt lat="35.14198225745217" lon="-83.38215935162395"><ele>651.0</ele></trkpt><trkpt lat="35.14198225745217" lon="-83.38215935162395"><ele>651.0</ele></trkpt><trkpt lat="35.14203" lon="-83.38241"><ele>649.0</ele></trkpt><trkpt lat="35.14212" lon="-83.38252"><ele>649.0</ele></trkpt><trkpt lat="35.14231" lon="-83.38259"><ele>649.0</ele></trkpt><trkpt lat="35.14282" lon="-83.38252"><ele>649.0</ele></trkpt><trkpt lat="35.14316" lon="-83.38251000000002"><ele>647.0</ele></trkpt><trkpt lat="35.14405" lon="-83.38265000000001"><ele>640.0</ele></trkpt><trkpt lat="35.14509" lon="-83.38265000000001"><ele>634.0</ele></trkpt><trkpt lat="35.14533" lon="-83.38269000000003"><ele>632.0</ele></trkpt><trkpt lat="35.14614" lon="-83.38292000000001"><ele>628.0</ele></trkpt><trkpt lat="35.14632" lon="-83.3829"><ele>627.0</ele></trkpt><trkpt lat="35.14635332216784" lon="-83.38288889261071"><ele>627.0</ele></trkpt><trkpt lat="35.146363769524925" lon="-83.38288541017869"><ele>627.0</ele></trkpt><trkpt lat="35.14659" lon="-83.38281"><ele>625.0</ele></trkpt><trkpt lat="35.14659" lon="-83.38281"><ele>625.0</ele></trkpt><trkpt lat="35.14659" lon="-83.38281"><ele>625.0</ele></trkpt><trkpt lat="35.14737" lon="-83.38245"><ele>622.0</ele></trkpt><trkpt lat="35.14751" lon="-83.38245"><ele>621.0</ele></trkpt><trkpt lat="35.14768" lon="-83.38254"><ele>620.0</ele></trkpt><trkpt lat="35.14827201971554" lon="-83.38308268473924"><ele>621.0</ele></trkpt><trkpt lat="35.148288220733754" lon="-83.38309583406908"><ele>621.0</ele></trkpt><trkpt lat="35.148390690358326" lon="-83.38316855444782"><ele>621.0</ele></trkpt><trkpt lat="35.148390690358326" lon="-83.38316855444782"><ele>621.0</ele></trkpt><trkpt lat="35.14859" lon="-83.38331"><ele>623.0</ele></trkpt><trkpt lat="35.14859" lon="-83.38331"><ele>623.0</ele></trkpt><trkpt lat="35.14859" lon="-83.38331"><ele>623.0</ele></trkpt><trkpt lat="35.14886" lon="-83.38342"><ele>625.0</ele></trkpt><trkpt lat="35.14953" lon="-83.38358"><ele>628.0</ele></trkpt><trkpt lat="35.14971" lon="-83.38368000000003"><ele>629.0</ele></trkpt><trkpt lat="35.14988" lon="-83.38385"><ele>631.0</ele></trkpt><trkpt lat="35.15002" lon="-83.38407000000001"><ele>632.0</ele></trkpt><trkpt lat="35.15008" lon="-83.38423"><ele>633.0</ele></trkpt><trkpt lat="35.15015" lon="-83.38457"><ele>635.0</ele></trkpt><trkpt lat="35.15016" lon="-83.38565"><ele>638.0</ele></trkpt><trkpt lat="35.15018" lon="-83.38574"><ele>638.0</ele></trkpt><trkpt lat="35.15025534027919" lon="-83.38588529910987"><ele>639.0</ele></trkpt><trkpt lat="35.15026989727469" lon="-83.38591337331547"><ele>639.0</ele></trkpt><trkpt lat="35.15032" lon="-83.38601"><ele>640.0</ele></trkpt><trkpt lat="35.15047" lon="-83.38616000000002"><ele>641.0</ele></trkpt><trkpt lat="35.15064" lon="-83.38623000000001"><ele>642.0</ele></trkpt><trkpt lat="35.15073" lon="-83.38621999999998"><ele>642.0</ele></trkpt><trkpt lat="35.15087" lon="-83.38616000000002"><ele>642.0</ele></trkpt><trkpt lat="35.15121" lon="-83.38565"><ele>644.0</ele></trkpt><trkpt lat="35.15172" lon="-83.38524999999998"><ele>645.0</ele></trkpt><trkpt lat="35.15184" lon="-83.38522"><ele>645.0</ele></trkpt><trkpt lat="35.151858375764675" lon="-83.3852337818235"><ele>645.0</ele></trkpt><trkpt lat="35.15196" lon="-83.38531"><ele>645.0</ele></trkpt><trkpt lat="35.15203" lon="-83.38542000000001"><ele>644.0</ele></trkpt><trkpt lat="35.15229375128091" lon="-83.38599740145276"><ele>643.0</ele></trkpt><trkpt lat="35.15229375128091" lon="-83.38599740145276"><ele>643.0</ele></trkpt><trkpt lat="35.1524" lon="-83.38623000000001"><ele>641.0</ele></trkpt><trkpt lat="35.15241220397866" lon="-83.38624806188841"><ele>641.0</ele></trkpt><trkpt lat="35.15265" lon="-83.38659999999999"><ele>638.0</ele></trkpt><trkpt lat="35.15287" lon="-83.38677000000001"><ele>636.0</ele></trkpt><trkpt lat="35.15304" lon="-83.38684999999998"><ele>635.0</ele></trkpt><trkpt lat="35.15304" lon="-83.38684999999998"><ele>635.0</ele></trkpt><trkpt lat="35.15304" lon="-83.38684999999998"><ele>635.0</ele></trkpt><trkpt lat="35.15378" lon="-83.38702"><ele>630.0</ele></trkpt><trkpt lat="35.15403" lon="-83.38716999999997"><ele>629.0</ele></trkpt><trkpt lat="35.15468" lon="-83.38788"><ele>626.0</ele></trkpt><trkpt lat="35.15477" lon="-83.38799"><ele>626.0</ele></trkpt><trkpt lat="35.15477" lon="-83.38799"><ele>626.0</ele></trkpt><trkpt lat="35.15477" lon="-83.38799"><ele>626.0</ele></trkpt><trkpt lat="35.15483" lon="-83.38812000000001"><ele>625.0</ele></trkpt><trkpt lat="35.15488" lon="-83.38839999999999"><ele>625.0</ele></trkpt><trkpt lat="35.15481" lon="-83.38893000000002"><ele>624.0</ele></trkpt><trkpt lat="35.15474" lon="-83.38920000000002"><ele>624.0</ele></trkpt><trkpt lat="35.15446" lon="-83.38992000000002"><ele>621.0</ele></trkpt><trkpt lat="35.15439" lon="-83.39021000000002"><ele>621.0</ele></trkpt><trkpt lat="35.15433" lon="-83.39058999999997"><ele>620.0</ele></trkpt><trkpt lat="35.15432" lon="-83.39085"><ele>620.0</ele></trkpt><trkpt lat="35.15435" lon="-83.39116999999999"><ele>620.0</ele></trkpt><trkpt lat="35.15438" lon="-83.39132999999998"><ele>620.0</ele></trkpt><trkpt lat="35.15454" lon="-83.39177999999998"><ele>621.0</ele></trkpt><trkpt lat="35.15454" lon="-83.39177999999998"><ele>621.0</ele></trkpt><trkpt lat="35.15468" lon="-83.39208000000002"><ele>620.0</ele></trkpt><trkpt lat="35.15475" lon="-83.39215000000002"><ele>621.0</ele></trkpt><trkpt lat="35.15508793058707" lon="-83.39230596796324"><ele>622.0</ele></trkpt><trkpt lat="35.15508793058707" lon="-83.39230596796324"><ele>622.0</ele></trkpt><trkpt lat="35.15514" lon="-83.39233000000002"><ele>622.0</ele></trkpt><trkpt lat="35.15585" lon="-83.39274999999998"><ele>625.0</ele></trkpt><trkpt lat="35.15585" lon="-83.39274999999998"><ele>625.0</ele></trkpt><trkpt lat="35.15621387898831" lon="-83.39297063250876"><ele>626.0</ele></trkpt><trkpt lat="35.15621387898831" lon="-83.39297063250876"><ele>626.0</ele></trkpt><trkpt lat="35.157652735759704" lon="-83.39384306150134"><ele>623.0</ele></trkpt><trkpt lat="35.157652735759704" lon="-83.39384306150134"><ele>623.0</ele></trkpt><trkpt lat="35.157871665863155" lon="-83.39397580645095"><ele>621.0</ele></trkpt><trkpt lat="35.157871665863155" lon="-83.39397580645095"><ele>621.0</ele></trkpt><trkpt lat="35.15806" lon="-83.39409"><ele>621.0</ele></trkpt><trkpt lat="35.15815291956991" lon="-83.39411654844855"><ele>621.0</ele></trkpt><trkpt lat="35.15815291956991" lon="-83.39411654844855"><ele>621.0</ele></trkpt><trkpt lat="35.15834" lon="-83.39417000000003"><ele>620.0</ele></trkpt><trkpt lat="35.15834" lon="-83.39417000000003"><ele>620.0</ele></trkpt><trkpt lat="35.15864" lon="-83.39416"><ele>617.0</ele></trkpt><trkpt lat="35.15864" lon="-83.39416"><ele>617.0</ele></trkpt><trkpt lat="35.15884" lon="-83.39413000000002"><ele>620.0</ele></trkpt><trkpt lat="35.15884" lon="-83.39413000000002"><ele>620.0</ele></trkpt><trkpt lat="35.159117973065015" lon="-83.39406290316407"><ele>621.0</ele></trkpt><trkpt lat="35.1591391074093" lon="-83.39405420437589"><ele>621.0</ele></trkpt><trkpt lat="35.15924" lon="-83.39399000000003"><ele>621.0</ele></trkpt><trkpt lat="35.15924" lon="-83.39399000000003"><ele>621.0</ele></trkpt><trkpt lat="35.1593" lon="-83.39411999999999"><ele>622.0</ele></trkpt><trkpt lat="35.1593" lon="-83.39411999999999"><ele>622.0</ele></trkpt><trkpt lat="35.1593" lon="-83.39411999999999"><ele>622.0</ele></trkpt><trkpt lat="35.15953" lon="-83.39528999999999"><ele>623.0</ele></trkpt><trkpt lat="35.15971" lon="-83.39569"><ele>622.0</ele></trkpt><trkpt lat="35.15979" lon="-83.39591000000001"><ele>621.0</ele></trkpt><trkpt lat="35.15982" lon="-83.39620000000002"><ele>620.0</ele></trkpt><trkpt lat="35.15982" lon="-83.39663996786459"><ele>621.0</ele></trkpt><trkpt lat="35.15982" lon="-83.39663996786459"><ele>621.0</ele></trkpt><trkpt lat="35.15982" lon="-83.39701000000002"><ele>624.0</ele></trkpt><trkpt lat="35.15988" lon="-83.39731999999998"><ele>628.0</ele></trkpt><trkpt lat="35.16007" lon="-83.39776999999998"><ele>634.0</ele></trkpt><trkpt lat="35.16054" lon="-83.39853"><ele>644.0</ele></trkpt><trkpt lat="35.16082402891992" lon="-83.39904308450048"><ele>649.0</ele></trkpt><trkpt lat="35.1608370742756" lon="-83.39906664923899"><ele>649.0</ele></trkpt><trkpt lat="35.16116" lon="-83.39965000000001"><ele>652.0</ele></trkpt><trkpt lat="35.161218578397495" lon="-83.39974138230008"><ele>652.0</ele></trkpt><trkpt lat="35.161218578397495" lon="-83.39974138230008"><ele>652.0</ele></trkpt><trkpt lat="35.16141" lon="-83.40003999999999"><ele>650.0</ele></trkpt><trkpt lat="35.16160705415534" lon="-83.40024976732661"><ele>649.0</ele></trkpt><trkpt lat="35.16160705415534" lon="-83.40024976732661"><ele>649.0</ele></trkpt><trkpt lat="35.16172" lon="-83.40037000000001"><ele>648.0</ele></trkpt><trkpt lat="35.16206" lon="-83.40061000000003"><ele>647.0</ele></trkpt><trkpt lat="35.16247" lon="-83.40088000000003"><ele>646.0</ele></trkpt><trkpt lat="35.162569114031704" lon="-83.40093256047135"><ele>646.0</ele></trkpt><trkpt lat="35.162569114031704" lon="-83.40093256047135"><ele>646.0</ele></trkpt><trkpt lat="35.16313" lon="-83.40123"><ele>647.0</ele></trkpt><trkpt lat="35.16326" lon="-83.40136999999999"><ele>649.0</ele></trkpt><trkpt lat="35.163507165243814" lon="-83.40176321743331"><ele>652.0</ele></trkpt><trkpt lat="35.163507165243814" lon="-83.40176321743331"><ele>652.0</ele></trkpt><trkpt lat="35.1637" lon="-83.40206999999998"><ele>652.0</ele></trkpt><trkpt lat="35.1638" lon="-83.4022"><ele>651.0</ele></trkpt><trkpt lat="35.16398" lon="-83.40235999999999"><ele>650.0</ele></trkpt><trkpt lat="35.16447" lon="-83.40260999999998"><ele>643.0</ele></trkpt><trkpt lat="35.16482" lon="-83.40287999999998"><ele>643.0</ele></trkpt><trkpt lat="35.16482" lon="-83.40287999999998"><ele>643.0</ele></trkpt><trkpt lat="35.16482" lon="-83.40287999999998"><ele>643.0</ele></trkpt><trkpt lat="35.16499" lon="-83.40298000000001"><ele>643.0</ele></trkpt><trkpt lat="35.16518" lon="-83.40303"><ele>643.0</ele></trkpt><trkpt lat="35.16541930965543" lon="-83.40304994247128"><ele>643.0</ele></trkpt><trkpt lat="35.16541930965543" lon="-83.40304994247128"><ele>643.0</ele></trkpt><trkpt lat="35.16554" lon="-83.40305999999998"><ele>643.0</ele></trkpt><trkpt lat="35.16605707660834" lon="-83.40329952813477"><ele>639.0</ele></trkpt><trkpt lat="35.16605707660834" lon="-83.40329952813477"><ele>639.0</ele></trkpt><trkpt lat="35.1669" lon="-83.40368999999998"><ele>636.0</ele></trkpt><trkpt lat="35.16707" lon="-83.40373999999997"><ele>636.0</ele></trkpt><trkpt lat="35.16732" lon="-83.40377000000001"><ele>636.0</ele></trkpt><trkpt lat="35.16732" lon="-83.40377000000001"><ele>636.0</ele></trkpt><trkpt lat="35.16713819451664" lon="-83.40575975913703"><ele>646.0</ele></trkpt><trkpt lat="35.16713819451664" lon="-83.40575975913703"><ele>646.0</ele></trkpt><trkpt lat="35.16696" lon="-83.40771000000001"><ele>653.0</ele></trkpt><trkpt lat="35.16696" lon="-83.40771000000001"><ele>653.0</ele></trkpt><trkpt lat="35.16761" lon="-83.40759000000003"><ele>654.0</ele></trkpt><trkpt lat="35.16846" lon="-83.40751999999998"><ele>655.0</ele></trkpt><trkpt lat="35.16940032323478" lon="-83.40748135657941"><ele>652.0</ele></trkpt><trkpt lat="35.16940032323478" lon="-83.40748135657941"><ele>652.0</ele></trkpt><trkpt lat="35.1699699440407" lon="-83.40745794750518"><ele>653.0</ele></trkpt><trkpt lat="35.1699699440407" lon="-83.40745794750518"><ele>653.0</ele></trkpt><trkpt lat="35.17065" lon="-83.40742999999998"><ele>653.0</ele></trkpt><trkpt lat="35.17065" lon="-83.40742999999998"><ele>653.0</ele></trkpt><trkpt lat="35.1705" lon="-83.40771000000001"><ele>653.0</ele></trkpt><trkpt lat="35.1705" lon="-83.40771000000001"><ele>653.0</ele></trkpt><trkpt lat="35.17071" lon="-83.40819999999997"><ele>654.0</ele></trkpt><trkpt lat="35.17071" lon="-83.40819999999997"><ele>654.0</ele></trkpt><trkpt lat="35.17075103361971" lon="-83.40825997221339"><ele>654.0</ele></trkpt><trkpt lat="35.17075103361971" lon="-83.40825997221339"><ele>654.0</ele></trkpt><trkpt lat="35.17084" lon="-83.40839"><ele>655.0</ele></trkpt><trkpt lat="35.17132" lon="-83.40868"><ele>658.0</ele></trkpt><trkpt lat="35.17132" lon="-83.40868"><ele>658.0</ele></trkpt><trkpt lat="35.17132" lon="-83.40868"><ele>658.0</ele></trkpt><trkpt lat="35.17151" lon="-83.40885000000003"><ele>660.0</ele></trkpt><trkpt lat="35.17163" lon="-83.40903000000003"><ele>661.0</ele></trkpt><trkpt lat="35.17179" lon="-83.40944000000002"><ele>663.0</ele></trkpt><trkpt lat="35.171824061436695" lon="-83.40966139933852"><ele>663.0</ele></trkpt><trkpt lat="35.171824061436695" lon="-83.40966139933852"><ele>663.0</ele></trkpt><trkpt lat="35.17187" lon="-83.40996000000001"><ele>664.0</ele></trkpt><trkpt lat="35.17188" lon="-83.41035999999997"><ele>663.0</ele></trkpt><trkpt lat="35.17197" lon="-83.41120999999998"><ele>662.0</ele></trkpt><trkpt lat="35.171951886237935" lon="-83.41217002938947"><ele>663.0</ele></trkpt><trkpt lat="35.171951886237935" lon="-83.41217002938947"><ele>663.0</ele></trkpt><trkpt lat="35.17195" lon="-83.41227000000003"><ele>664.0</ele></trkpt><trkpt lat="35.17194051758236" lon="-83.41236008296767"><ele>664.0</ele></trkpt><trkpt lat="35.17194051758236" lon="-83.41236008296767"><ele>664.0</ele></trkpt><trkpt lat="35.17191430849872" lon="-83.4126090692622"><ele>664.0</ele></trkpt><trkpt lat="35.17191430849872" lon="-83.4126090692622"><ele>664.0</ele></trkpt><trkpt lat="35.17189" lon="-83.41284000000002"><ele>664.0</ele></trkpt><trkpt lat="35.171879069104655" lon="-83.41289975556123"><ele>664.0</ele></trkpt><trkpt lat="35.171879069104655" lon="-83.41289975556123"><ele>664.0</ele></trkpt><trkpt lat="35.17179338806177" lon="-83.41336814526233"><ele>665.0</ele></trkpt><trkpt lat="35.17179338806177" lon="-83.41336814526233"><ele>665.0</ele></trkpt><trkpt lat="35.17174" lon="-83.41366"><ele>666.0</ele></trkpt><trkpt lat="35.17175" lon="-83.41386"><ele>666.0</ele></trkpt><trkpt lat="35.17183474848377" lon="-83.4140671629603"><ele>666.0</ele></trkpt><trkpt lat="35.17183474848377" lon="-83.4140671629603"><ele>666.0</ele></trkpt><trkpt lat="35.17198549069617" lon="-83.41443564392398"><ele>667.0</ele></trkpt><trkpt lat="35.17198549069617" lon="-83.41443564392398"><ele>667.0</ele></trkpt><trkpt lat="35.171997613505944" lon="-83.41446527745893"><ele>667.0</ele></trkpt><trkpt lat="35.171997613505944" lon="-83.41446527745893"><ele>667.0</ele></trkpt><trkpt lat="35.17211" lon="-83.41474"><ele>667.0</ele></trkpt><trkpt lat="35.17216" lon="-83.41493000000003"><ele>667.0</ele></trkpt><trkpt lat="35.17218" lon="-83.41518000000002"><ele>668.0</ele></trkpt><trkpt lat="35.17216434914491" lon="-83.4152686881788"><ele>668.0</ele></trkpt><trkpt lat="35.17216434914491" lon="-83.4152686881788"><ele>668.0</ele></trkpt><trkpt lat="35.17212" lon="-83.41552000000001"><ele>669.0</ele></trkpt><trkpt lat="35.17201" lon="-83.41577000000001"><ele>670.0</ele></trkpt><trkpt lat="35.17198" lon="-83.41592000000003"><ele>670.0</ele></trkpt><trkpt lat="35.172002265517655" lon="-83.41600906207066"><ele>671.0</ele></trkpt><trkpt lat="35.172008033070995" lon="-83.41603213228393"><ele>671.0</ele></trkpt><trkpt lat="35.17201" lon="-83.41604000000001"><ele>671.0</ele></trkpt><trkpt lat="35.17201805220395" lon="-83.41605207830594"><ele>671.0</ele></trkpt><trkpt lat="35.172030000002955" lon="-83.41607000000442"><ele>670.0</ele></trkpt><trkpt lat="35.17207" lon="-83.41613000000001"><ele>670.0</ele></trkpt><trkpt lat="35.17214173981115" lon="-83.41617611845004"><ele>670.0</ele></trkpt><trkpt lat="35.17214173981115" lon="-83.41617611845004"><ele>670.0</ele></trkpt><trkpt lat="35.17249" lon="-83.41640000000001"><ele>667.0</ele></trkpt><trkpt lat="35.17263" lon="-83.41654"><ele>666.0</ele></trkpt><trkpt lat="35.17278" lon="-83.41673000000003"><ele>664.0</ele></trkpt><trkpt lat="35.17278" lon="-83.41673000000003"><ele>664.0</ele></trkpt><trkpt lat="35.17278" lon="-83.41673000000003"><ele>664.0</ele></trkpt><trkpt lat="35.17294" lon="-83.41701999999998"><ele>663.0</ele></trkpt><trkpt lat="35.17294" lon="-83.41701999999998"><ele>663.0</ele></trkpt><trkpt lat="35.17294" lon="-83.41701999999998"><ele>663.0</ele></trkpt><trkpt lat="35.17326" lon="-83.41753"><ele>659.0</ele></trkpt><trkpt lat="35.1737250012624" lon="-83.41811336522011"><ele>655.0</ele></trkpt><trkpt lat="35.17374161379383" lon="-83.41813420614181"><ele>655.0</ele></trkpt><trkpt lat="35.17381" lon="-83.41822000000002"><ele>654.0</ele></trkpt><trkpt lat="35.17381" lon="-83.41822000000002"><ele>654.0</ele></trkpt><trkpt lat="35.17393" lon="-83.41836999999998"><ele>653.0</ele></trkpt><trkpt lat="35.17401" lon="-83.41858000000002"><ele>651.0</ele></trkpt><trkpt lat="35.1740267599733" lon="-83.4186512298865"><ele>651.0</ele></trkpt><trkpt lat="35.1740267599733" lon="-83.4186512298865"><ele>651.0</ele></trkpt><trkpt lat="35.17409" lon="-83.41892000000001"><ele>649.0</ele></trkpt><trkpt lat="35.17411379655084" lon="-83.41987186203357"><ele>643.0</ele></trkpt><trkpt lat="35.17411462897294" lon="-83.41990515891746"><ele>643.0</ele></trkpt><trkpt lat="35.17412" lon="-83.42012"><ele>643.0</ele></trkpt><trkpt lat="35.174177750765956" lon="-83.42032212768083"><ele>643.0</ele></trkpt><trkpt lat="35.174185350013985" lon="-83.42034872504894"><ele>643.0</ele></trkpt><trkpt lat="35.17428" lon="-83.42068"><ele>643.0</ele></trkpt><trkpt lat="35.17439" lon="-83.42084999999997"><ele>643.0</ele></trkpt><trkpt lat="35.17472" lon="-83.42120999999997"><ele>645.0</ele></trkpt><trkpt lat="35.17515" lon="-83.42149999999998"><ele>648.0</ele></trkpt><trkpt lat="35.17571" lon="-83.42180000000002"><ele>653.0</ele></trkpt><trkpt lat="35.1758" lon="-83.4219"><ele>654.0</ele></trkpt><trkpt lat="35.1759" lon="-83.42218000000003"><ele>656.0</ele></trkpt><trkpt lat="35.1759565830519" lon="-83.42242122248445"><ele>658.0</ele></trkpt><trkpt lat="35.1759565830519" lon="-83.42242122248445"><ele>658.0</ele></trkpt><trkpt lat="35.17609" lon="-83.42299000000003"><ele>662.0</ele></trkpt><trkpt lat="35.1761" lon="-83.42320999999998"><ele>663.0</ele></trkpt><trkpt lat="35.1761" lon="-83.42320999999998"><ele>663.0</ele></trkpt><trkpt lat="35.17607" lon="-83.4237"><ele>664.0</ele></trkpt><trkpt lat="35.17591" lon="-83.42507"><ele>664.0</ele></trkpt><trkpt lat="35.17592" lon="-83.42518999999999"><ele>664.0</ele></trkpt><trkpt lat="35.17603" lon="-83.42563000000001"><ele>665.0</ele></trkpt><trkpt lat="35.17603" lon="-83.42563000000001"><ele>665.0</ele></trkpt><trkpt lat="35.17603" lon="-83.42563000000001"><ele>665.0</ele></trkpt><trkpt lat="35.17608" lon="-83.42606999999998"><ele>666.0</ele></trkpt><trkpt lat="35.17614" lon="-83.42624"><ele>666.0</ele></trkpt><trkpt lat="35.17655" lon="-83.42678000000001"><ele>664.0</ele></trkpt><trkpt lat="35.17677" lon="-83.42752999999999"><ele>664.0</ele></trkpt><trkpt lat="35.17726721309339" lon="-83.4286717485848"><ele>667.0</ele></trkpt><trkpt lat="35.17726721309339" lon="-83.4286717485848"><ele>667.0</ele></trkpt><trkpt lat="35.17731" lon="-83.42876999999999"><ele>667.0</ele></trkpt><trkpt lat="35.17736" lon="-83.42896000000002"><ele>668.0</ele></trkpt><trkpt lat="35.17740134108672" lon="-83.42925972287878"><ele>670.0</ele></trkpt><trkpt lat="35.17740134108672" lon="-83.42925972287878"><ele>670.0</ele></trkpt><trkpt lat="35.17744" lon="-83.42953999999997"><ele>671.0</ele></trkpt><trkpt lat="35.17744" lon="-83.42953999999997"><ele>671.0</ele></trkpt><trkpt lat="35.17744" lon="-83.42953999999997"><ele>671.0</ele></trkpt><trkpt lat="35.17751" lon="-83.42966999999999"><ele>672.0</ele></trkpt><trkpt lat="35.17751" lon="-83.42966999999999"><ele>672.0</ele></trkpt><trkpt lat="35.17751" lon="-83.42966999999999"><ele>672.0</ele></trkpt><trkpt lat="35.1775479561535" lon="-83.4297223179413"><ele>672.0</ele></trkpt><trkpt lat="35.1775479561535" lon="-83.4297223179413"><ele>672.0</ele></trkpt><trkpt lat="35.17788" lon="-83.43018000000001"><ele>671.0</ele></trkpt><trkpt lat="35.17788" lon="-83.43018000000001"><ele>671.0</ele></trkpt><trkpt lat="35.17803" lon="-83.43033000000003"><ele>671.0</ele></trkpt><trkpt lat="35.17832887096171" lon="-83.43055223738179"><ele>670.0</ele></trkpt><trkpt lat="35.17832887096171" lon="-83.43055223738179"><ele>670.0</ele></trkpt><trkpt lat="35.17842" lon="-83.43061999999998"><ele>670.0</ele></trkpt><trkpt lat="35.17852" lon="-83.43074000000001"><ele>670.0</ele></trkpt><trkpt lat="35.17852" lon="-83.43074000000001"><ele>670.0</ele></trkpt><trkpt lat="35.17852" lon="-83.43074000000001"><ele>670.0</ele></trkpt><trkpt lat="35.17859" lon="-83.43087000000003"><ele>670.0</ele></trkpt><trkpt lat="35.17865579782645" lon="-83.4310226509574"><ele>671.0</ele></trkpt><trkpt lat="35.17865579782645" lon="-83.4310226509574"><ele>671.0</ele></trkpt><trkpt lat="35.1786982493798" lon="-83.43112113856114"><ele>671.0</ele></trkpt><trkpt lat="35.1786982493798" lon="-83.43112113856114"><ele>671.0</ele></trkpt><trkpt lat="35.17881879290511" lon="-83.43140079946039"><ele>672.0</ele></trkpt><trkpt lat="35.17881879290511" lon="-83.43140079946039"><ele>672.0</ele></trkpt><trkpt lat="35.1790542515548" lon="-83.43194706360714"><ele>675.0</ele></trkpt><trkpt lat="35.1790542515548" lon="-83.43194706360714"><ele>675.0</ele></trkpt><trkpt lat="35.17909" lon="-83.43203"><ele>675.0</ele></trkpt><trkpt lat="35.179297756836434" lon="-83.4324118233751"><ele>677.0</ele></trkpt><trkpt lat="35.179297756836434" lon="-83.4324118233751"><ele>677.0</ele></trkpt><trkpt lat="35.17946" lon="-83.43270999999999"><ele>678.0</ele></trkpt><trkpt lat="35.17955" lon="-83.43285000000003"><ele>678.0</ele></trkpt><trkpt lat="35.17968" lon="-83.43299999999999"><ele>679.0</ele></trkpt><trkpt lat="35.17982" lon="-83.43311"><ele>679.0</ele></trkpt><trkpt lat="35.17996" lon="-83.43315000000001"><ele>678.0</ele></trkpt><trkpt lat="35.17996" lon="-83.43315000000001"><ele>678.0</ele></trkpt><trkpt lat="35.18006" lon="-83.43318"><ele>678.0</ele></trkpt><trkpt lat="35.18024" lon="-83.43327999999997"><ele>679.0</ele></trkpt><trkpt lat="35.18024" lon="-83.43327999999997"><ele>679.0</ele></trkpt><trkpt lat="35.18038" lon="-83.43333000000001"><ele>678.0</ele></trkpt><trkpt lat="35.18038" lon="-83.43333000000001"><ele>678.0</ele></trkpt><trkpt lat="35.18043" lon="-83.43333999999999"><ele>680.0</ele></trkpt><trkpt lat="35.18043" lon="-83.43333999999999"><ele>680.0</ele></trkpt><trkpt lat="35.18051" lon="-83.43338"><ele>681.0</ele></trkpt><trkpt lat="35.1807" lon="-83.43363999999997"><ele>685.0</ele></trkpt><trkpt lat="35.18109" lon="-83.43402000000003"><ele>693.0</ele></trkpt><trkpt lat="35.18124" lon="-83.43432999999999"><ele>695.0</ele></trkpt><trkpt lat="35.18128" lon="-83.43459999999999"><ele>692.0</ele></trkpt><trkpt lat="35.18134" lon="-83.43465000000003"><ele>692.0</ele></trkpt><trkpt lat="35.18154" lon="-83.43474000000003"><ele>693.0</ele></trkpt><trkpt lat="35.18159" lon="-83.43482"><ele>692.0</ele></trkpt><trkpt lat="35.18159" lon="-83.43486999999999"><ele>691.0</ele></trkpt><trkpt lat="35.18159" lon="-83.43486999999999"><ele>691.0</ele></trkpt><trkpt lat="35.18158" lon="-83.43492000000003"><ele>692.0</ele></trkpt><trkpt lat="35.18158" lon="-83.43492000000003"><ele>692.0</ele></trkpt><trkpt lat="35.18144" lon="-83.43493999999998"><ele>692.0</ele></trkpt><trkpt lat="35.18133" lon="-83.43511999999998"><ele>693.0</ele></trkpt><trkpt lat="35.18127" lon="-83.43534999999997"><ele>693.0</ele></trkpt><trkpt lat="35.18128" lon="-83.43555000000003"><ele>695.0</ele></trkpt><trkpt lat="35.18141" lon="-83.43601000000001"><ele>702.0</ele></trkpt><trkpt lat="35.18156" lon="-83.43666000000002"><ele>716.0</ele></trkpt><trkpt lat="35.18168" lon="-83.43748"><ele>728.0</ele></trkpt><trkpt lat="35.18187" lon="-83.43779"><ele>729.0</ele></trkpt><trkpt lat="35.18206" lon="-83.43831"><ele>734.0</ele></trkpt><trkpt lat="35.18223" lon="-83.43862000000001"><ele>736.0</ele></trkpt><trkpt lat="35.18231" lon="-83.43869000000001"><ele>737.0</ele></trkpt><trkpt lat="35.18248" lon="-83.43873000000002"><ele>739.0</ele></trkpt><trkpt lat="35.18254" lon="-83.43876999999998"><ele>741.0</ele></trkpt><trkpt lat="35.182643399525205" lon="-83.43901909885619"><ele>743.0</ele></trkpt><trkpt lat="35.18265846195216" lon="-83.43905538543373"><ele>744.0</ele></trkpt><trkpt lat="35.18276" lon="-83.4393"><ele>748.0</ele></trkpt><trkpt lat="35.18311" lon="-83.43968999999998"><ele>753.0</ele></trkpt><trkpt lat="35.18331" lon="-83.43984"><ele>755.0</ele></trkpt><trkpt lat="35.18339" lon="-83.43988000000002"><ele>755.0</ele></trkpt><trkpt lat="35.18357" lon="-83.43992000000003"><ele>756.0</ele></trkpt><trkpt lat="35.18405" lon="-83.43986999999998"><ele>754.0</ele></trkpt><trkpt lat="35.18435" lon="-83.43995000000001"><ele>753.0</ele></trkpt><trkpt lat="35.18435" lon="-83.43995000000001"><ele>753.0</ele></trkpt><trkpt lat="35.18446" lon="-83.44001000000003"><ele>752.0</ele></trkpt><trkpt lat="35.18459" lon="-83.44022000000001"><ele>751.0</ele></trkpt><trkpt lat="35.18467" lon="-83.44025999999997"><ele>750.0</ele></trkpt><trkpt lat="35.185" lon="-83.44029999999998"><ele>757.0</ele></trkpt><trkpt lat="35.18532" lon="-83.44037000000003"><ele>762.0</ele></trkpt><trkpt lat="35.18547" lon="-83.44043999999997"><ele>765.0</ele></trkpt><trkpt lat="35.18582" lon="-83.44067000000001"><ele>772.0</ele></trkpt><trkpt lat="35.18615" lon="-83.44067000000001"><ele>779.0</ele></trkpt><trkpt lat="35.18642" lon="-83.44074"><ele>783.0</ele></trkpt><trkpt lat="35.18651" lon="-83.44087999999999"><ele>785.0</ele></trkpt><trkpt lat="35.18652" lon="-83.44126"><ele>789.0</ele></trkpt><trkpt lat="35.18656" lon="-83.44137999999998"><ele>792.0</ele></trkpt><trkpt lat="35.18663" lon="-83.44148000000001"><ele>795.0</ele></trkpt><trkpt lat="35.18691" lon="-83.44172000000003"><ele>798.0</ele></trkpt><trkpt lat="35.18711" lon="-83.44199000000003"><ele>803.0</ele></trkpt><trkpt lat="35.18729" lon="-83.44235000000003"><ele>809.0</ele></trkpt><trkpt lat="35.18738" lon="-83.44267000000002"><ele>815.0</ele></trkpt><trkpt lat="35.18742" lon="-83.44274999999999"><ele>817.0</ele></trkpt><trkpt lat="35.18756" lon="-83.44286"><ele>820.0</ele></trkpt><trkpt lat="35.18773" lon="-83.44307000000003"><ele>824.0</ele></trkpt><trkpt lat="35.18796" lon="-83.44328000000002"><ele>827.0</ele></trkpt><trkpt lat="35.18801" lon="-83.44342"><ele>828.0</ele></trkpt><trkpt lat="35.18808" lon="-83.44378"><ele>830.0</ele></trkpt><trkpt lat="35.18817" lon="-83.44396"><ele>833.0</ele></trkpt><trkpt lat="35.18832" lon="-83.44409999999999"><ele>837.0</ele></trkpt><trkpt lat="35.1885" lon="-83.44416000000001"><ele>839.0</ele></trkpt><trkpt lat="35.18875" lon="-83.44416000000001"><ele>842.0</ele></trkpt><trkpt lat="35.18931" lon="-83.44380000000001"><ele>851.0</ele></trkpt><trkpt lat="35.18953" lon="-83.44373000000002"><ele>854.0</ele></trkpt><trkpt lat="35.18977" lon="-83.44371999999998"><ele>858.0</ele></trkpt><trkpt lat="35.18982" lon="-83.44373999999999"><ele>859.0</ele></trkpt><trkpt lat="35.18982" lon="-83.44378"><ele>862.0</ele></trkpt><trkpt lat="35.18968" lon="-83.44394999999997"><ele>867.0</ele></trkpt><trkpt lat="35.18965" lon="-83.44405"><ele>868.0</ele></trkpt><trkpt lat="35.18977" lon="-83.44416999999999"><ele>867.0</ele></trkpt><trkpt lat="35.18995" lon="-83.44423"><ele>872.0</ele></trkpt><trkpt lat="35.19" lon="-83.44430999999997"><ele>875.0</ele></trkpt><trkpt lat="35.19001" lon="-83.44438000000002"><ele>876.0</ele></trkpt><trkpt lat="35.18996" lon="-83.44461000000001"><ele>879.0</ele></trkpt><trkpt lat="35.18999" lon="-83.44504"><ele>886.0</ele></trkpt><trkpt lat="35.18997" lon="-83.44533999999999"><ele>888.0</ele></trkpt><trkpt lat="35.18978" lon="-83.44630000000001"><ele>889.0</ele></trkpt><trkpt lat="35.18962" lon="-83.44659000000001"><ele>893.0</ele></trkpt><trkpt lat="35.18955" lon="-83.44678999999996"><ele>896.0</ele></trkpt><trkpt lat="35.18949" lon="-83.44704999999999"><ele>897.0</ele></trkpt><trkpt lat="35.18939" lon="-83.44736"><ele>898.0</ele></trkpt><trkpt lat="35.18937" lon="-83.44780000000003"><ele>897.0</ele></trkpt><trkpt lat="35.18932" lon="-83.44794999999999"><ele>896.0</ele></trkpt><trkpt lat="35.18909" lon="-83.44835"><ele>900.0</ele></trkpt><trkpt lat="35.18882" lon="-83.44852000000003"><ele>903.0</ele></trkpt><trkpt lat="35.18859" lon="-83.44884000000002"><ele>908.0</ele></trkpt><trkpt lat="35.18855" lon="-83.44894999999997"><ele>910.0</ele></trkpt><trkpt lat="35.18852" lon="-83.44945000000001"><ele>914.0</ele></trkpt><trkpt lat="35.18838" lon="-83.44997000000001"><ele>918.0</ele></trkpt><trkpt lat="35.18838" lon="-83.4504"><ele>922.0</ele></trkpt><trkpt lat="35.18835" lon="-83.45056999999997"><ele>922.0</ele></trkpt><trkpt lat="35.18822" lon="-83.45074999999997"><ele>922.0</ele></trkpt><trkpt lat="35.18793" lon="-83.45094"><ele>925.0</ele></trkpt><trkpt lat="35.18728" lon="-83.45127000000002"><ele>933.0</ele></trkpt><trkpt lat="35.18715" lon="-83.45137"><ele>935.0</ele></trkpt><trkpt lat="35.18711" lon="-83.45145000000002"><ele>936.0</ele></trkpt><trkpt lat="35.18711735557236" lon="-83.45150148900655"><ele>936.0</ele></trkpt><trkpt lat="35.18713493878246" lon="-83.45152497958998"><ele>936.0</ele></trkpt><trkpt lat="35.18727" lon="-83.45157"><ele>938.0</ele></trkpt><trkpt lat="35.18751" lon="-83.45177000000001"><ele>942.0</ele></trkpt><trkpt lat="35.18766" lon="-83.45215000000002"><ele>946.0</ele></trkpt><trkpt lat="35.18766" lon="-83.45215000000002"><ele>946.0</ele></trkpt><trkpt lat="35.1878" lon="-83.45235000000002"><ele>948.0</ele></trkpt><trkpt lat="35.18797" lon="-83.45244000000002"><ele>951.0</ele></trkpt><trkpt lat="35.18818" lon="-83.45263"><ele>954.0</ele></trkpt><trkpt lat="35.18839" lon="-83.45269000000002"><ele>956.0</ele></trkpt><trkpt lat="35.18882" lon="-83.4527"><ele>960.0</ele></trkpt><trkpt lat="35.18909" lon="-83.45292999999998"><ele>960.0</ele></trkpt><trkpt lat="35.18939" lon="-83.45308999999997"><ele>957.0</ele></trkpt><trkpt lat="35.18942" lon="-83.45325000000003"><ele>953.0</ele></trkpt><trkpt lat="35.18942" lon="-83.45361000000003"><ele>949.0</ele></trkpt><trkpt lat="35.1895" lon="-83.45407999999998"><ele>956.0</ele></trkpt><trkpt lat="35.1897089826942" lon="-83.45474874462144"><ele>966.0</ele></trkpt><trkpt lat="35.189717791672884" lon="-83.45477693278627"><ele>966.0</ele></trkpt><trkpt lat="35.18985" lon="-83.45519999999999"><ele>974.0</ele></trkpt><trkpt lat="35.18997" lon="-83.45549"><ele>983.0</ele></trkpt><trkpt lat="35.19009" lon="-83.45598999999999"><ele>994.0</ele></trkpt><trkpt lat="35.19009" lon="-83.45598999999999"><ele>994.0</ele></trkpt><trkpt lat="35.19017" lon="-83.45627999999999"><ele>1002.0</ele></trkpt><trkpt lat="35.19057" lon="-83.45666"><ele>1016.0</ele></trkpt><trkpt lat="35.1907" lon="-83.45686999999998"><ele>1021.0</ele></trkpt><trkpt lat="35.19084" lon="-83.45722"><ele>1027.0</ele></trkpt><trkpt lat="35.19092" lon="-83.45762000000002"><ele>1029.0</ele></trkpt><trkpt lat="35.191" lon="-83.45787000000001"><ele>1033.0</ele></trkpt><trkpt lat="35.19162" lon="-83.45847000000003"><ele>1042.0</ele></trkpt><trkpt lat="35.19177" lon="-83.45865000000003"><ele>1045.0</ele></trkpt><trkpt lat="35.19177" lon="-83.45865000000003"><ele>1045.0</ele></trkpt><trkpt lat="35.19208" lon="-83.45920999999998"><ele>1058.0</ele></trkpt><trkpt lat="35.19252" lon="-83.46032000000002"><ele>1081.0</ele></trkpt><trkpt lat="35.19271" lon="-83.46060999999997"><ele>1082.0</ele></trkpt><trkpt lat="35.19264" lon="-83.46109000000001"><ele>1080.0</ele></trkpt><trkpt lat="35.19263" lon="-83.46143999999998"><ele>1078.0</ele></trkpt><trkpt lat="35.19269" lon="-83.46202"><ele>1076.0</ele></trkpt><trkpt lat="35.19269" lon="-83.46239000000003"><ele>1075.0</ele></trkpt><trkpt lat="35.19277" lon="-83.46280999999999"><ele>1074.0</ele></trkpt><trkpt lat="35.19278" lon="-83.46319"><ele>1069.0</ele></trkpt><trkpt lat="35.19277" lon="-83.46352999999999"><ele>1067.0</ele></trkpt><trkpt lat="35.19268" lon="-83.46401000000003"><ele>1066.0</ele></trkpt><trkpt lat="35.19268" lon="-83.46456999999998"><ele>1056.0</ele></trkpt><trkpt lat="35.19272" lon="-83.46487000000002"><ele>1050.0</ele></trkpt><trkpt lat="35.19263" lon="-83.46517"><ele>1045.0</ele></trkpt><trkpt lat="35.19274" lon="-83.46533"><ele>1040.0</ele></trkpt><trkpt lat="35.19284" lon="-83.46539999999999"><ele>1037.0</ele></trkpt><trkpt lat="35.1933" lon="-83.46548000000001"><ele>1027.0</ele></trkpt><trkpt lat="35.19339" lon="-83.46554000000003"><ele>1024.0</ele></trkpt><trkpt lat="35.19345" lon="-83.46564999999998"><ele>1021.0</ele></trkpt><trkpt lat="35.19353" lon="-83.46596"><ele>1014.0</ele></trkpt><trkpt lat="35.19361" lon="-83.46611000000001"><ele>1011.0</ele></trkpt><trkpt lat="35.19396" lon="-83.46665999999999"><ele>1024.0</ele></trkpt><trkpt lat="35.19437" lon="-83.46716000000004"><ele>1045.0</ele></trkpt><trkpt lat="35.19441" lon="-83.46742"><ele>1049.0</ele></trkpt><trkpt lat="35.19456" lon="-83.46771000000001"><ele>1052.0</ele></trkpt><trkpt lat="35.19476" lon="-83.46802000000002"><ele>1057.0</ele></trkpt><trkpt lat="35.19508" lon="-83.46838000000002"><ele>1062.0</ele></trkpt><trkpt lat="35.19531" lon="-83.46857"><ele>1067.0</ele></trkpt><trkpt lat="35.19582" lon="-83.46868999999998"><ele>1074.0</ele></trkpt><trkpt lat="35.1962" lon="-83.46884999999997"><ele>1084.0</ele></trkpt><trkpt lat="35.19648" lon="-83.46909"><ele>1095.0</ele></trkpt><trkpt lat="35.19685" lon="-83.46956999999998"><ele>1109.0</ele></trkpt><trkpt lat="35.19698" lon="-83.46992999999998"><ele>1108.0</ele></trkpt><trkpt lat="35.19704" lon="-83.47018000000003"><ele>1108.0</ele></trkpt><trkpt lat="35.19706" lon="-83.47071"><ele>1113.0</ele></trkpt><trkpt lat="35.19702" lon="-83.47095000000002"><ele>1115.0</ele></trkpt><trkpt lat="35.19669" lon="-83.47194999999999"><ele>1124.0</ele></trkpt><trkpt lat="35.19666" lon="-83.47210999999999"><ele>1125.0</ele></trkpt><trkpt lat="35.19666" lon="-83.47233"><ele>1129.0</ele></trkpt><trkpt lat="35.19678" lon="-83.47282000000001"><ele>1134.0</ele></trkpt><trkpt lat="35.19721" lon="-83.47368"><ele>1130.0</ele></trkpt><trkpt lat="35.19734" lon="-83.47411999999997"><ele>1123.0</ele></trkpt><trkpt lat="35.19734" lon="-83.47411999999997"><ele>1123.0</ele></trkpt><trkpt lat="35.19741" lon="-83.47453999999999"><ele>1120.0</ele></trkpt><trkpt lat="35.19739" lon="-83.47462999999999"><ele>1119.0</ele></trkpt><trkpt lat="35.19731" lon="-83.47477000000003"><ele>1116.0</ele></trkpt><trkpt lat="35.19711" lon="-83.47496000000001"><ele>1113.0</ele></trkpt><trkpt lat="35.19691" lon="-83.47510999999997"><ele>1108.0</ele></trkpt><trkpt lat="35.19675" lon="-83.47518000000002"><ele>1104.0</ele></trkpt><trkpt lat="35.19634" lon="-83.4753"><ele>1096.0</ele></trkpt><trkpt lat="35.19625" lon="-83.47539999999998"><ele>1094.0</ele></trkpt><trkpt lat="35.19625" lon="-83.47564"><ele>1087.0</ele></trkpt><trkpt lat="35.19638" lon="-83.47595999999999"><ele>1079.0</ele></trkpt><trkpt lat="35.19639" lon="-83.47609"><ele>1075.0</ele></trkpt><trkpt lat="35.19639" lon="-83.47629"><ele>1070.0</ele></trkpt><trkpt lat="35.19634" lon="-83.47645"><ele>1065.0</ele></trkpt><trkpt lat="35.19614" lon="-83.47678000000002"><ele>1055.0</ele></trkpt><trkpt lat="35.19599" lon="-83.4769"><ele>1050.0</ele></trkpt><trkpt lat="35.19592" lon="-83.47701"><ele>1048.0</ele></trkpt><trkpt lat="35.19571" lon="-83.47739999999999"><ele>1049.0</ele></trkpt><trkpt lat="35.19568" lon="-83.47755000000001"><ele>1046.0</ele></trkpt><trkpt lat="35.19569" lon="-83.47764000000001"><ele>1045.0</ele></trkpt><trkpt lat="35.19568" lon="-83.47784000000001"><ele>1044.0</ele></trkpt><trkpt lat="35.19561" lon="-83.47802000000001"><ele>1044.0</ele></trkpt><trkpt lat="35.19539" lon="-83.47825"><ele>1049.0</ele></trkpt><trkpt lat="35.19523" lon="-83.47845999999998"><ele>1054.0</ele></trkpt><trkpt lat="35.19508" lon="-83.47861"><ele>1058.0</ele></trkpt><trkpt lat="35.19494" lon="-83.47886"><ele>1065.0</ele></trkpt><trkpt lat="35.19476" lon="-83.47904"><ele>1069.0</ele></trkpt><trkpt lat="35.19462" lon="-83.47928999999999"><ele>1075.0</ele></trkpt><trkpt lat="35.19432" lon="-83.47989999999999"><ele>1088.0</ele></trkpt><trkpt lat="35.19419" lon="-83.48031000000003"><ele>1097.0</ele></trkpt><trkpt lat="35.19415" lon="-83.48068"><ele>1099.0</ele></trkpt><trkpt lat="35.19407" lon="-83.48086999999998"><ele>1099.0</ele></trkpt><trkpt lat="35.19388" lon="-83.48106999999999"><ele>1098.0</ele></trkpt><trkpt lat="35.19347" lon="-83.48133999999999"><ele>1093.0</ele></trkpt><trkpt lat="35.19322" lon="-83.48158999999998"><ele>1094.0</ele></trkpt><trkpt lat="35.19304" lon="-83.48185999999998"><ele>1092.0</ele></trkpt><trkpt lat="35.1929" lon="-83.48214000000002"><ele>1088.0</ele></trkpt><trkpt lat="35.1927" lon="-83.48241000000002"><ele>1084.0</ele></trkpt><trkpt lat="35.19244" lon="-83.48289999999997"><ele>1075.0</ele></trkpt><trkpt lat="35.19241" lon="-83.48304999999999"><ele>1072.0</ele></trkpt><trkpt lat="35.19226" lon="-83.48343999999997"><ele>1063.0</ele></trkpt><trkpt lat="35.19223" lon="-83.48378000000002"><ele>1055.0</ele></trkpt><trkpt lat="35.19222" lon="-83.48426"><ele>1055.0</ele></trkpt><trkpt lat="35.19207" lon="-83.48504000000003"><ele>1073.0</ele></trkpt><trkpt lat="35.19189" lon="-83.48557"><ele>1080.0</ele></trkpt><trkpt lat="35.19177" lon="-83.48570000000001"><ele>1085.0</ele></trkpt><trkpt lat="35.19177" lon="-83.48570000000001"><ele>1085.0</ele></trkpt><trkpt lat="35.19155" lon="-83.48585000000003"><ele>1085.0</ele></trkpt><trkpt lat="35.19125" lon="-83.48597000000001"><ele>1081.0</ele></trkpt><trkpt lat="35.19116" lon="-83.48599000000002"><ele>1081.0</ele></trkpt><trkpt lat="35.19071" lon="-83.48595"><ele>1076.0</ele></trkpt><trkpt lat="35.19036" lon="-83.48597999999998"><ele>1071.0</ele></trkpt><trkpt lat="35.18988" lon="-83.48613999999998"><ele>1065.0</ele></trkpt><trkpt lat="35.18933" lon="-83.48626999999999"><ele>1055.0</ele></trkpt><trkpt lat="35.18903" lon="-83.48635999999999"><ele>1047.0</ele></trkpt><trkpt lat="35.188993839829024" lon="-83.48639059706773"><ele>1045.0</ele></trkpt><trkpt lat="35.188989967123526" lon="-83.48639387399118"><ele>1045.0</ele></trkpt><trkpt lat="35.1889" lon="-83.48647"><ele>1041.0</ele></trkpt><trkpt lat="35.18878" lon="-83.48676999999998"><ele>1036.0</ele></trkpt><trkpt lat="35.18865" lon="-83.48689999999999"><ele>1032.0</ele></trkpt><trkpt lat="35.18811" lon="-83.48703999999998"><ele>1026.0</ele></trkpt><trkpt lat="35.18789" lon="-83.48716000000002"><ele>1022.0</ele></trkpt><trkpt lat="35.18767" lon="-83.48732999999999"><ele>1018.0</ele></trkpt><trkpt lat="35.1875" lon="-83.48780999999997"><ele>1008.0</ele></trkpt><trkpt lat="35.18748" lon="-83.488"><ele>1006.0</ele></trkpt><trkpt lat="35.18749" lon="-83.48824000000002"><ele>1008.0</ele></trkpt><trkpt lat="35.18743" lon="-83.48845"><ele>1011.0</ele></trkpt><trkpt lat="35.18731" lon="-83.4887"><ele>1014.0</ele></trkpt><trkpt lat="35.18695" lon="-83.48919999999998"><ele>1017.0</ele></trkpt><trkpt lat="35.18689" lon="-83.48935"><ele>1014.0</ele></trkpt><trkpt lat="35.18685" lon="-83.48963000000003"><ele>1010.0</ele></trkpt><trkpt lat="35.18686" lon="-83.48999000000003"><ele>1007.0</ele></trkpt><trkpt lat="35.18688" lon="-83.49009000000001"><ele>1009.0</ele></trkpt><trkpt lat="35.18701" lon="-83.49026000000003"><ele>1012.0</ele></trkpt><trkpt lat="35.18702" lon="-83.49036999999998"><ele>1014.0</ele></trkpt><trkpt lat="35.18699" lon="-83.49047999999999"><ele>1014.0</ele></trkpt><trkpt lat="35.1868" lon="-83.49074999999999"><ele>1020.0</ele></trkpt><trkpt lat="35.18655" lon="-83.49101000000002"><ele>1024.0</ele></trkpt><trkpt lat="35.18635" lon="-83.49126999999999"><ele>1018.0</ele></trkpt><trkpt lat="35.18578" lon="-83.49158"><ele>1007.0</ele></trkpt><trkpt lat="35.18566" lon="-83.49171000000001"><ele>1003.0</ele></trkpt><trkpt lat="35.1855" lon="-83.49196999999998"><ele>995.0</ele></trkpt><trkpt lat="35.1855" lon="-83.4921"><ele>992.0</ele></trkpt><trkpt lat="35.18577" lon="-83.49246"><ele>984.0</ele></trkpt><trkpt lat="35.18584" lon="-83.49290000000002"><ele>973.0</ele></trkpt><trkpt lat="35.18605" lon="-83.49347999999998"><ele>962.0</ele></trkpt><trkpt lat="35.18606" lon="-83.49372"><ele>961.0</ele></trkpt><trkpt lat="35.18603" lon="-83.49387000000002"><ele>965.0</ele></trkpt><trkpt lat="35.18582" lon="-83.4941"><ele>970.0</ele></trkpt><trkpt lat="35.18563" lon="-83.49426"><ele>971.0</ele></trkpt><trkpt lat="35.18552" lon="-83.49446"><ele>975.0</ele></trkpt><trkpt lat="35.18554" lon="-83.49457999999998"><ele>976.0</ele></trkpt><trkpt lat="35.1857" lon="-83.49498"><ele>983.0</ele></trkpt><trkpt lat="35.18583" lon="-83.49513999999999"><ele>988.0</ele></trkpt><trkpt lat="35.18594" lon="-83.49541999999997"><ele>992.0</ele></trkpt><trkpt lat="35.18598" lon="-83.49586999999997"><ele>1001.0</ele></trkpt><trkpt lat="35.18595" lon="-83.49608999999998"><ele>1006.0</ele></trkpt><trkpt lat="35.18595" lon="-83.49608999999998"><ele>1006.0</ele></trkpt><trkpt lat="35.18595" lon="-83.49619999999999"><ele>1008.0</ele></trkpt><trkpt lat="35.18603" lon="-83.49644999999998"><ele>1013.0</ele></trkpt><trkpt lat="35.18605" lon="-83.49666000000002"><ele>1017.0</ele></trkpt><trkpt lat="35.18619" lon="-83.49712999999997"><ele>1026.0</ele></trkpt><trkpt lat="35.18623" lon="-83.49756000000002"><ele>1031.0</ele></trkpt><trkpt lat="35.1863" lon="-83.49787000000003"><ele>1038.0</ele></trkpt><trkpt lat="35.18638" lon="-83.49804"><ele>1038.0</ele></trkpt><trkpt lat="35.18686" lon="-83.49855000000002"><ele>1051.0</ele></trkpt><trkpt lat="35.1869" lon="-83.49862999999999"><ele>1052.0</ele></trkpt><trkpt lat="35.18691" lon="-83.49874999999997"><ele>1054.0</ele></trkpt><trkpt lat="35.18669" lon="-83.4993"><ele>1052.0</ele></trkpt><trkpt lat="35.18667" lon="-83.49939999999998"><ele>1052.0</ele></trkpt><trkpt lat="35.18666" lon="-83.49979000000002"><ele>1049.0</ele></trkpt><trkpt lat="35.18662" lon="-83.49988000000002"><ele>1046.0</ele></trkpt><trkpt lat="35.18663" lon="-83.50000999999997"><ele>1044.0</ele></trkpt><trkpt lat="35.18657" lon="-83.50024000000002"><ele>1038.0</ele></trkpt><trkpt lat="35.18665" lon="-83.50069000000002"><ele>1029.0</ele></trkpt><trkpt lat="35.1866" lon="-83.50092999999998"><ele>1030.0</ele></trkpt><trkpt lat="35.18634" lon="-83.50119999999998"><ele>1024.0</ele></trkpt><trkpt lat="35.18613" lon="-83.50137000000001"><ele>1021.0</ele></trkpt><trkpt lat="35.18595" lon="-83.50175000000002"><ele>1020.0</ele></trkpt><trkpt lat="35.1859" lon="-83.50236000000001"><ele>1006.0</ele></trkpt><trkpt lat="35.18597" lon="-83.50265000000002"><ele>1002.0</ele></trkpt><trkpt lat="35.18597" lon="-83.50265000000002"><ele>1002.0</ele></trkpt><trkpt lat="35.18603" lon="-83.50315"><ele>1011.0</ele></trkpt><trkpt lat="35.18601" lon="-83.50351"><ele>1017.0</ele></trkpt><trkpt lat="35.18604" lon="-83.50356999999997"><ele>1019.0</ele></trkpt><trkpt lat="35.18618" lon="-83.50374"><ele>1025.0</ele></trkpt><trkpt lat="35.18623" lon="-83.50385"><ele>1028.0</ele></trkpt><trkpt lat="35.18627" lon="-83.50434999999999"><ele>1039.0</ele></trkpt><trkpt lat="35.18645" lon="-83.50466"><ele>1044.0</ele></trkpt><trkpt lat="35.18639" lon="-83.50499000000002"><ele>1050.0</ele></trkpt><trkpt lat="35.1864" lon="-83.50511"><ele>1054.0</ele></trkpt><trkpt lat="35.18656" lon="-83.50547"><ele>1061.0</ele></trkpt><trkpt lat="35.18653" lon="-83.50575000000003"><ele>1065.0</ele></trkpt><trkpt lat="35.18639" lon="-83.50608999999997"><ele>1071.0</ele></trkpt><trkpt lat="35.18637" lon="-83.50625000000002"><ele>1072.0</ele></trkpt><trkpt lat="35.18639" lon="-83.50637"><ele>1074.0</ele></trkpt><trkpt lat="35.18649" lon="-83.50668999999999"><ele>1076.0</ele></trkpt><trkpt lat="35.1865" lon="-83.50718999999998"><ele>1085.0</ele></trkpt><trkpt lat="35.18654" lon="-83.50738000000001"><ele>1086.0</ele></trkpt><trkpt lat="35.18649" lon="-83.50783999999999"><ele>1092.0</ele></trkpt><trkpt lat="35.1865" lon="-83.50808"><ele>1093.0</ele></trkpt><trkpt lat="35.18658" lon="-83.50823000000003"><ele>1093.0</ele></trkpt><trkpt lat="35.18666" lon="-83.50833999999998"><ele>1094.0</ele></trkpt><trkpt lat="35.18685" lon="-83.50851999999998"><ele>1094.0</ele></trkpt><trkpt lat="35.18695" lon="-83.50868000000003"><ele>1094.0</ele></trkpt><trkpt lat="35.18713" lon="-83.50925000000001"><ele>1096.0</ele></trkpt><trkpt lat="35.18713" lon="-83.50936999999999"><ele>1093.0</ele></trkpt><trkpt lat="35.18709" lon="-83.50954999999999"><ele>1092.0</ele></trkpt><trkpt lat="35.1872" lon="-83.51000999999997"><ele>1102.0</ele></trkpt><trkpt lat="35.18733" lon="-83.51017000000002"><ele>1105.0</ele></trkpt><trkpt lat="35.18767" lon="-83.51036999999997"><ele>1106.0</ele></trkpt><trkpt lat="35.18776" lon="-83.51047"><ele>1106.0</ele></trkpt><trkpt lat="35.1878" lon="-83.51062000000002"><ele>1104.0</ele></trkpt><trkpt lat="35.18779" lon="-83.51125000000002"><ele>1103.0</ele></trkpt><trkpt lat="35.18793" lon="-83.51204999999999"><ele>1120.0</ele></trkpt><trkpt lat="35.18793" lon="-83.51249999999999"><ele>1132.0</ele></trkpt><trkpt lat="35.18798" lon="-83.51274999999998"><ele>1139.0</ele></trkpt><trkpt lat="35.18798" lon="-83.51285999999999"><ele>1143.0</ele></trkpt><trkpt lat="35.18788" lon="-83.51319999999998"><ele>1152.0</ele></trkpt><trkpt lat="35.18785" lon="-83.51357000000002"><ele>1159.0</ele></trkpt><trkpt lat="35.18789" lon="-83.51405"><ele>1162.0</ele></trkpt><trkpt lat="35.18797" lon="-83.51458000000002"><ele>1162.0</ele></trkpt><trkpt lat="35.1878" lon="-83.51585"><ele>1134.0</ele></trkpt><trkpt lat="35.18774" lon="-83.51650999999998"><ele>1136.0</ele></trkpt><trkpt lat="35.18768" lon="-83.51682"><ele>1142.0</ele></trkpt><trkpt lat="35.18756" lon="-83.51715000000002"><ele>1148.0</ele></trkpt><trkpt lat="35.18748" lon="-83.51767999999998"><ele>1155.0</ele></trkpt><trkpt lat="35.18741" lon="-83.5179"><ele>1155.0</ele></trkpt><trkpt lat="35.1874" lon="-83.51806999999997"><ele>1152.0</ele></trkpt><trkpt lat="35.1874" lon="-83.51806999999997"><ele>1152.0</ele></trkpt><trkpt lat="35.187416052370416" lon="-83.51836696885266"><ele>1147.0</ele></trkpt><trkpt lat="35.187418313604645" lon="-83.51840880164082"><ele>1147.0</ele></trkpt><trkpt lat="35.18744" lon="-83.51881000000003"><ele>1139.0</ele></trkpt><trkpt lat="35.18741" lon="-83.51920999999999"><ele>1133.0</ele></trkpt><trkpt lat="35.18681" lon="-83.52012000000002"><ele>1131.0</ele></trkpt><trkpt lat="35.18667" lon="-83.52075000000002"><ele>1147.0</ele></trkpt><trkpt lat="35.18651" lon="-83.52087"><ele>1153.0</ele></trkpt><trkpt lat="35.18646" lon="-83.52094"><ele>1155.0</ele></trkpt><trkpt lat="35.18636" lon="-83.52145999999999"><ele>1165.0</ele></trkpt><trkpt lat="35.18619" lon="-83.52184"><ele>1172.0</ele></trkpt><trkpt lat="35.18614" lon="-83.52219000000002"><ele>1173.0</ele></trkpt><trkpt lat="35.18595" lon="-83.52291000000002"><ele>1184.0</ele></trkpt><trkpt lat="35.18557" lon="-83.52370000000002"><ele>1197.0</ele></trkpt><trkpt lat="35.18538" lon="-83.52386000000001"><ele>1194.0</ele></trkpt><trkpt lat="35.18528" lon="-83.52402999999998"><ele>1193.0</ele></trkpt><trkpt lat="35.18524" lon="-83.52427999999998"><ele>1191.0</ele></trkpt><trkpt lat="35.18518" lon="-83.52440000000001"><ele>1190.0</ele></trkpt><trkpt lat="35.18471" lon="-83.52503000000002"><ele>1174.0</ele></trkpt><trkpt lat="35.1846" lon="-83.52530999999999"><ele>1170.0</ele></trkpt><trkpt lat="35.18447" lon="-83.52593000000002"><ele>1175.0</ele></trkpt><trkpt lat="35.18431" lon="-83.52620000000002"><ele>1184.0</ele></trkpt><trkpt lat="35.1843" lon="-83.52633000000003"><ele>1188.0</ele></trkpt><trkpt lat="35.1844" lon="-83.52663000000001"><ele>1193.0</ele></trkpt><trkpt lat="35.18446" lon="-83.52706"><ele>1201.0</ele></trkpt><trkpt lat="35.18465" lon="-83.52755000000002"><ele>1211.0</ele></trkpt><trkpt lat="35.18464" lon="-83.52780999999999"><ele>1211.0</ele></trkpt><trkpt lat="35.18435" lon="-83.52857"><ele>1208.0</ele></trkpt><trkpt lat="35.18421" lon="-83.52885000000003"><ele>1204.0</ele></trkpt><trkpt lat="35.18414" lon="-83.52891"><ele>1203.0</ele></trkpt><trkpt lat="35.18387" lon="-83.529"><ele>1198.0</ele></trkpt><trkpt lat="35.18367" lon="-83.52915000000002"><ele>1197.0</ele></trkpt><trkpt lat="35.18326" lon="-83.52969999999999"><ele>1190.0</ele></trkpt><trkpt lat="35.1832" lon="-83.52983"><ele>1188.0</ele></trkpt><trkpt lat="35.18321" lon="-83.53026999999997"><ele>1188.0</ele></trkpt><trkpt lat="35.18317" lon="-83.53046999999998"><ele>1191.0</ele></trkpt><trkpt lat="35.1832" lon="-83.53057000000001"><ele>1190.0</ele></trkpt><trkpt lat="35.18326" lon="-83.53070000000002"><ele>1188.0</ele></trkpt><trkpt lat="35.1835" lon="-83.53109999999998"><ele>1180.0</ele></trkpt><trkpt lat="35.1835" lon="-83.53125"><ele>1180.0</ele></trkpt><trkpt lat="35.18352" lon="-83.53131000000002"><ele>1179.0</ele></trkpt><trkpt lat="35.18382" lon="-83.53163"><ele>1168.0</ele></trkpt><trkpt lat="35.18388" lon="-83.53179"><ele>1163.0</ele></trkpt><trkpt lat="35.18387" lon="-83.53194000000002"><ele>1159.0</ele></trkpt><trkpt lat="35.18376" lon="-83.53221000000002"><ele>1155.0</ele></trkpt><trkpt lat="35.18368" lon="-83.53249"><ele>1149.0</ele></trkpt><trkpt lat="35.18367" lon="-83.53287999999998"><ele>1141.0</ele></trkpt><trkpt lat="35.18371" lon="-83.53314"><ele>1134.0</ele></trkpt><trkpt lat="35.1838308044221" lon="-83.53331957414099"><ele>1133.0</ele></trkpt><trkpt lat="35.1838308044221" lon="-83.53331957414099"><ele>1133.0</ele></trkpt><trkpt lat="35.18408" lon="-83.53368999999998"><ele>1138.0</ele></trkpt><trkpt lat="35.18414" lon="-83.53384"><ele>1140.0</ele></trkpt><trkpt lat="35.18414" lon="-83.53422"><ele>1144.0</ele></trkpt><trkpt lat="35.18408" lon="-83.53451000000001"><ele>1146.0</ele></trkpt><trkpt lat="35.18408" lon="-83.53451000000001"><ele>1146.0</ele></trkpt><trkpt lat="35.18408" lon="-83.53451000000001"><ele>1146.0</ele></trkpt><trkpt lat="35.18396" lon="-83.53474"><ele>1149.0</ele></trkpt><trkpt lat="35.18372" lon="-83.53505000000001"><ele>1148.0</ele></trkpt><trkpt lat="35.18249" lon="-83.53638999999998"><ele>1144.0</ele></trkpt><trkpt lat="35.18233" lon="-83.53647000000001"><ele>1141.0</ele></trkpt><trkpt lat="35.18207" lon="-83.53645"><ele>1142.0</ele></trkpt><trkpt lat="35.18197" lon="-83.53651000000002"><ele>1144.0</ele></trkpt><trkpt lat="35.18193" lon="-83.53658999999999"><ele>1147.0</ele></trkpt><trkpt lat="35.18191" lon="-83.53674999999998"><ele>1151.0</ele></trkpt><trkpt lat="35.18192" lon="-83.53687000000002"><ele>1153.0</ele></trkpt><trkpt lat="35.18201" lon="-83.53706"><ele>1158.0</ele></trkpt><trkpt lat="35.18199" lon="-83.53715999999997"><ele>1156.0</ele></trkpt><trkpt lat="35.18193" lon="-83.53721000000002"><ele>1153.0</ele></trkpt><trkpt lat="35.18178" lon="-83.53728999999998"><ele>1152.0</ele></trkpt><trkpt lat="35.18125" lon="-83.53798999999998"><ele>1163.0</ele></trkpt><trkpt lat="35.18107" lon="-83.53809999999999"><ele>1164.0</ele></trkpt><trkpt lat="35.18082" lon="-83.53811000000002"><ele>1166.0</ele></trkpt><trkpt lat="35.18058" lon="-83.53807"><ele>1169.0</ele></trkpt><trkpt lat="35.18027" lon="-83.53811999999999"><ele>1173.0</ele></trkpt><trkpt lat="35.18008" lon="-83.53820999999999"><ele>1173.0</ele></trkpt><trkpt lat="35.17978" lon="-83.53847000000002"><ele>1174.0</ele></trkpt><trkpt lat="35.17945" lon="-83.53847999999999"><ele>1176.0</ele></trkpt><trkpt lat="35.1793" lon="-83.53856999999999"><ele>1178.0</ele></trkpt><trkpt lat="35.17929" lon="-83.53863999999999"><ele>1178.0</ele></trkpt><trkpt lat="35.17932" lon="-83.53879999999998"><ele>1177.0</ele></trkpt><trkpt lat="35.17979" lon="-83.53955000000002"><ele>1184.0</ele></trkpt><trkpt lat="35.18036" lon="-83.53998000000001"><ele>1190.0</ele></trkpt><trkpt lat="35.1805" lon="-83.54001"><ele>1189.0</ele></trkpt><trkpt lat="35.18074" lon="-83.53998000000001"><ele>1194.0</ele></trkpt><trkpt lat="35.18093" lon="-83.54003999999998"><ele>1196.0</ele></trkpt><trkpt lat="35.18093" lon="-83.54003999999998"><ele>1196.0</ele></trkpt><trkpt lat="35.18121" lon="-83.54025999999999"><ele>1199.0</ele></trkpt><trkpt lat="35.18171" lon="-83.54059000000001"><ele>1207.0</ele></trkpt><trkpt lat="35.18179" lon="-83.54068000000001"><ele>1209.0</ele></trkpt><trkpt lat="35.18194" lon="-83.54106000000002"><ele>1214.0</ele></trkpt><trkpt lat="35.18243" lon="-83.54133999999999"><ele>1226.0</ele></trkpt><trkpt lat="35.1827" lon="-83.54161999999997"><ele>1235.0</ele></trkpt><trkpt lat="35.18277" lon="-83.54173000000003"><ele>1241.0</ele></trkpt><trkpt lat="35.18274" lon="-83.54201"><ele>1245.0</ele></trkpt><trkpt lat="35.18277" lon="-83.54212000000001"><ele>1248.0</ele></trkpt><trkpt lat="35.18313" lon="-83.54271"><ele>1262.0</ele></trkpt><trkpt lat="35.18319" lon="-83.54275999999999"><ele>1266.0</ele></trkpt><trkpt lat="35.18322" lon="-83.54273"><ele>1269.0</ele></trkpt><trkpt lat="35.1832" lon="-83.54221999999999"><ele>1278.0</ele></trkpt><trkpt lat="35.18324" lon="-83.54218000000003"><ele>1282.0</ele></trkpt><trkpt lat="35.18328" lon="-83.54221000000001"><ele>1284.0</ele></trkpt><trkpt lat="35.18353" lon="-83.54262"><ele>1294.0</ele></trkpt><trkpt lat="35.18365" lon="-83.54296999999997"><ele>1300.0</ele></trkpt><trkpt lat="35.18373" lon="-83.54335000000003"><ele>1309.0</ele></trkpt><trkpt lat="35.18376" lon="-83.54392999999999"><ele>1317.0</ele></trkpt><trkpt lat="35.18383" lon="-83.54419000000001"><ele>1322.0</ele></trkpt><trkpt lat="35.18383" lon="-83.54419000000001"><ele>1322.0</ele></trkpt><trkpt lat="35.18383" lon="-83.54439000000002"><ele>1324.0</ele></trkpt><trkpt lat="35.18376" lon="-83.5446"><ele>1326.0</ele></trkpt><trkpt lat="35.18373" lon="-83.54485"><ele>1330.0</ele></trkpt><trkpt lat="35.18394" lon="-83.54651000000001"><ele>1350.0</ele></trkpt><trkpt lat="35.18397" lon="-83.54708"><ele>1351.0</ele></trkpt><trkpt lat="35.18383" lon="-83.54768000000001"><ele>1350.0</ele></trkpt><trkpt lat="35.18369" lon="-83.54807"><ele>1348.0</ele></trkpt><trkpt lat="35.18369" lon="-83.54849999999999"><ele>1358.0</ele></trkpt><trkpt lat="35.18355" lon="-83.54876000000002"><ele>1370.0</ele></trkpt><trkpt lat="35.18353" lon="-83.54892000000001"><ele>1374.0</ele></trkpt><trkpt lat="35.18346" lon="-83.54913999999997"><ele>1383.0</ele></trkpt><trkpt lat="35.18345" lon="-83.54966000000002"><ele>1392.0</ele></trkpt><trkpt lat="35.1834" lon="-83.55003999999997"><ele>1398.0</ele></trkpt><trkpt lat="35.18348" lon="-83.55048"><ele>1404.0</ele></trkpt><trkpt lat="35.18347" lon="-83.55072000000001"><ele>1408.0</ele></trkpt><trkpt lat="35.18337" lon="-83.55093"><ele>1412.0</ele></trkpt><trkpt lat="35.18322" lon="-83.55115999999998"><ele>1415.0</ele></trkpt><trkpt lat="35.18303" lon="-83.55142999999998"><ele>1420.0</ele></trkpt><trkpt lat="35.18289" lon="-83.55156999999997"><ele>1424.0</ele></trkpt><trkpt lat="35.1827" lon="-83.55169000000001"><ele>1426.0</ele></trkpt><trkpt lat="35.1821" lon="-83.55183999999997"><ele>1436.0</ele></trkpt><trkpt lat="35.18197" lon="-83.55191000000002"><ele>1438.0</ele></trkpt><trkpt lat="35.18173" lon="-83.5523"><ele>1445.0</ele></trkpt><trkpt lat="35.1816" lon="-83.55246"><ele>1448.0</ele></trkpt><trkpt lat="35.18145" lon="-83.55279999999999"><ele>1455.0</ele></trkpt><trkpt lat="35.18131" lon="-83.55299000000002"><ele>1459.0</ele></trkpt><trkpt lat="35.18129" lon="-83.55308000000002"><ele>1461.0</ele></trkpt><trkpt lat="35.18134" lon="-83.55365999999998"><ele>1468.0</ele></trkpt><trkpt lat="35.18142" lon="-83.55417999999997"><ele>1477.0</ele></trkpt><trkpt lat="35.18154" lon="-83.55392"><ele>1483.0</ele></trkpt><trkpt lat="35.18166" lon="-83.55349999999999"><ele>1489.0</ele></trkpt><trkpt lat="35.18182" lon="-83.55329"><ele>1494.0</ele></trkpt><trkpt lat="35.18195" lon="-83.55318999999997"><ele>1496.0</ele></trkpt><trkpt lat="35.18213" lon="-83.55318999999997"><ele>1503.0</ele></trkpt><trkpt lat="35.18226" lon="-83.55322999999999"><ele>1506.0</ele></trkpt><trkpt lat="35.18263" lon="-83.55342000000002"><ele>1518.0</ele></trkpt><trkpt lat="35.18275943938113" lon="-83.55350413559773"><ele>1522.0</ele></trkpt><trkpt lat="35.18277816202872" lon="-83.55351630516947"><ele>1522.0</ele></trkpt><trkpt lat="35.18303" lon="-83.55367999999999"><ele>1529.0</ele></trkpt><trkpt lat="35.18316" lon="-83.55389000000002"><ele>1531.0</ele></trkpt><trkpt lat="35.1832" lon="-83.55408999999997"><ele>1535.0</ele></trkpt><trkpt lat="35.18325" lon="-83.55417999999997"><ele>1536.0</ele></trkpt><trkpt lat="35.18328" lon="-83.55428999999998"><ele>1536.0</ele></trkpt><trkpt lat="35.1832" lon="-83.55487"><ele>1542.0</ele></trkpt><trkpt lat="35.1832" lon="-83.55487"><ele>1542.0</ele></trkpt><trkpt lat="35.18328" lon="-83.55493000000001"><ele>1540.0</ele></trkpt><trkpt lat="35.18331" lon="-83.555"><ele>1540.0</ele></trkpt><trkpt lat="35.18332" lon="-83.55529999999999"><ele>1540.0</ele></trkpt><trkpt lat="35.18335" lon="-83.55542000000003"><ele>1539.0</ele></trkpt><trkpt lat="35.18339" lon="-83.55547999999999"><ele>1539.0</ele></trkpt><trkpt lat="35.18345" lon="-83.55552"><ele>1540.0</ele></trkpt><trkpt lat="35.18393" lon="-83.55561"><ele>1539.0</ele></trkpt><trkpt lat="35.18446" lon="-83.55585000000002"><ele>1531.0</ele></trkpt><trkpt lat="35.18515" lon="-83.55590000000001"><ele>1521.0</ele></trkpt><trkpt lat="35.18574" lon="-83.55610000000001"><ele>1512.0</ele></trkpt><trkpt lat="35.18588" lon="-83.55619000000002"><ele>1509.0</ele></trkpt><trkpt lat="35.18603" lon="-83.5564"><ele>1506.0</ele></trkpt><trkpt lat="35.18624" lon="-83.55655000000002"><ele>1502.0</ele></trkpt><trkpt lat="35.1863" lon="-83.55669"><ele>1501.0</ele></trkpt><trkpt lat="35.18633" lon="-83.55705999999998"><ele>1497.0</ele></trkpt><trkpt lat="35.1863" lon="-83.55721"><ele>1496.0</ele></trkpt><trkpt lat="35.18615" lon="-83.55732"><ele>1494.0</ele></trkpt><trkpt lat="35.1858" lon="-83.55741999999998"><ele>1491.0</ele></trkpt><trkpt lat="35.18567" lon="-83.5575"><ele>1491.0</ele></trkpt><trkpt lat="35.18549" lon="-83.55770000000001"><ele>1490.0</ele></trkpt><trkpt lat="35.18545" lon="-83.55784"><ele>1489.0</ele></trkpt><trkpt lat="35.18545" lon="-83.55794000000003"><ele>1488.0</ele></trkpt><trkpt lat="35.18541" lon="-83.55808999999999"><ele>1487.0</ele></trkpt><trkpt lat="35.18523" lon="-83.55833999999999"><ele>1489.0</ele></trkpt><trkpt lat="35.18493" lon="-83.55860999999999"><ele>1491.0</ele></trkpt><trkpt lat="35.18482" lon="-83.55867"><ele>1491.0</ele></trkpt><trkpt lat="35.18462" lon="-83.55871000000002"><ele>1490.0</ele></trkpt><trkpt lat="35.18454" lon="-83.55880000000002"><ele>1490.0</ele></trkpt><trkpt lat="35.18451" lon="-83.55903999999998"><ele>1490.0</ele></trkpt><trkpt lat="35.18451" lon="-83.55946"><ele>1493.0</ele></trkpt><trkpt lat="35.18443" lon="-83.56007999999997"><ele>1493.0</ele></trkpt><trkpt lat="35.18445520163379" lon="-83.56034041688247"><ele>1491.0</ele></trkpt><trkpt lat="35.18446436664314" lon="-83.56040940729258"><ele>1490.0</ele></trkpt><trkpt lat="35.18455" lon="-83.56079"><ele>1490.0</ele></trkpt><trkpt lat="35.18457" lon="-83.56100000000004"><ele>1491.0</ele></trkpt><trkpt lat="35.18457" lon="-83.56100000000004"><ele>1491.0</ele></trkpt><trkpt lat="35.18452" lon="-83.56100000000004"><ele>1492.0</ele></trkpt><trkpt lat="35.18439" lon="-83.56110999999999"><ele>1497.0</ele></trkpt><trkpt lat="35.18422" lon="-83.56132000000002"><ele>1501.0</ele></trkpt><trkpt lat="35.18411" lon="-83.56151999999997"><ele>1503.0</ele></trkpt><trkpt lat="35.18385" lon="-83.56166999999999"><ele>1508.0</ele></trkpt><trkpt lat="35.18362" lon="-83.56200999999999"><ele>1517.0</ele></trkpt><trkpt lat="35.18362" lon="-83.56200999999999"><ele>1517.0</ele></trkpt><trkpt lat="35.18347" lon="-83.56222000000002"><ele>1520.0</ele></trkpt><trkpt lat="35.18322" lon="-83.56315999999998"><ele>1535.0</ele></trkpt><trkpt lat="35.18313" lon="-83.56338"><ele>1539.0</ele></trkpt><trkpt lat="35.18305" lon="-83.56346000000002"><ele>1540.0</ele></trkpt><trkpt lat="35.18283" lon="-83.56349"><ele>1544.0</ele></trkpt><trkpt lat="35.18274" lon="-83.56347"><ele>1546.0</ele></trkpt><trkpt lat="35.18235" lon="-83.56326000000001"><ele>1557.0</ele></trkpt><trkpt lat="35.182" lon="-83.56317999999999"><ele>1561.0</ele></trkpt><trkpt lat="35.18181" lon="-83.56308999999999"><ele>1565.0</ele></trkpt><trkpt lat="35.18134" lon="-83.56279999999998"><ele>1575.0</ele></trkpt><trkpt lat="35.18129" lon="-83.56268999999998"><ele>1578.0</ele></trkpt><trkpt lat="35.18128" lon="-83.56252999999998"><ele>1583.0</ele></trkpt><trkpt lat="35.18128" lon="-83.56252999999998"><ele>1583.0</ele></trkpt><trkpt lat="35.18131" lon="-83.56245999999999"><ele>1585.0</ele></trkpt><trkpt lat="35.18152" lon="-83.56223"><ele>1589.0</ele></trkpt><trkpt lat="35.18163" lon="-83.56200999999999"><ele>1592.0</ele></trkpt><trkpt lat="35.18163" lon="-83.56200999999999"><ele>1592.0</ele></trkpt><trkpt lat="35.18165" lon="-83.56191999999999"><ele>1593.0</ele></trkpt><trkpt lat="35.18164" lon="-83.56178999999997"><ele>1594.0</ele></trkpt><trkpt lat="35.18157" lon="-83.56141000000002"><ele>1600.0</ele></trkpt><trkpt lat="35.18149" lon="-83.56126"><ele>1603.0</ele></trkpt><trkpt lat="35.18141" lon="-83.56121000000002"><ele>1605.0</ele></trkpt><trkpt lat="35.18118" lon="-83.56115"><ele>1611.0</ele></trkpt><trkpt lat="35.18081" lon="-83.56119999999999"><ele>1617.0</ele></trkpt><trkpt lat="35.18076" lon="-83.56117999999998"><ele>1618.0</ele></trkpt><trkpt lat="35.18069" lon="-83.56110000000001"><ele>1620.0</ele></trkpt><trkpt lat="35.18067785896561" lon="-83.56098263666757"><ele>1621.0</ele></trkpt><trkpt lat="35.18067799143267" lon="-83.56098391716961"><ele>1621.0</ele></trkpt><trkpt lat="35.18066" lon="-83.56081"><ele>1622.0</ele></trkpt><trkpt lat="35.18058" lon="-83.56064000000003"><ele>1624.0</ele></trkpt><trkpt lat="35.18047" lon="-83.56056000000001"><ele>1625.0</ele></trkpt><trkpt lat="35.18034" lon="-83.56064000000003"><ele>1628.0</ele></trkpt><trkpt lat="35.18034" lon="-83.56064000000003"><ele>1628.0</ele></trkpt><trkpt lat="35.18031" lon="-83.56067000000002"><ele>1628.0</ele></trkpt><trkpt lat="35.18025" lon="-83.56063"><ele>1628.0</ele></trkpt><trkpt lat="35.18021" lon="-83.5607"><ele>1628.0</ele></trkpt><trkpt lat="35.18023" lon="-83.56078000000002"><ele>1628.0</ele></trkpt><trkpt lat="35.1802" lon="-83.56087000000002"><ele>1628.0</ele></trkpt><trkpt lat="35.18016" lon="-83.56094999999999"><ele>1627.0</ele></trkpt><trkpt lat="35.1801" lon="-83.56097999999997"><ele>1627.0</ele></trkpt><trkpt lat="35.1801" lon="-83.56097999999997"><ele>1627.0</ele></trkpt><trkpt lat="35.17993" lon="-83.56101999999998"><ele>1625.0</ele></trkpt><trkpt lat="35.17993" lon="-83.56101999999998"><ele>1625.0</ele></trkpt><trkpt lat="35.17983" lon="-83.56108999999998"><ele>1624.0</ele></trkpt><trkpt lat="35.17947" lon="-83.56150000000002"><ele>1618.0</ele></trkpt><trkpt lat="35.17947" lon="-83.56150000000002"><ele>1618.0</ele></trkpt><trkpt lat="35.17926" lon="-83.56171"><ele>1617.0</ele></trkpt><trkpt lat="35.17902" lon="-83.56200999999999"><ele>1616.0</ele></trkpt><trkpt lat="35.17902" lon="-83.56200999999999"><ele>1616.0</ele></trkpt><trkpt lat="35.17895" lon="-83.56211000000002"><ele>1615.0</ele></trkpt><trkpt lat="35.17895" lon="-83.56211000000002"><ele>1615.0</ele></trkpt><trkpt lat="35.179" lon="-83.56221"><ele>1613.0</ele></trkpt><trkpt lat="35.179" lon="-83.56232999999997"><ele>1612.0</ele></trkpt><trkpt lat="35.17892" lon="-83.56266"><ele>1608.0</ele></trkpt><trkpt lat="35.1788" lon="-83.56286"><ele>1607.0</ele></trkpt><trkpt lat="35.17878" lon="-83.56326000000001"><ele>1600.0</ele></trkpt><trkpt lat="35.17857" lon="-83.56399999999996"><ele>1589.0</ele></trkpt><trkpt lat="35.1782" lon="-83.56461000000002"><ele>1587.0</ele></trkpt><trkpt lat="35.17777" lon="-83.56511999999998"><ele>1585.0</ele></trkpt><trkpt lat="35.1777" lon="-83.56529999999998"><ele>1582.0</ele></trkpt><trkpt lat="35.1777" lon="-83.56529999999998"><ele>1582.0</ele></trkpt><trkpt lat="35.17758" lon="-83.56567000000001"><ele>1578.0</ele></trkpt><trkpt lat="35.17747" lon="-83.56673"><ele>1566.0</ele></trkpt><trkpt lat="35.17741" lon="-83.56686000000002"><ele>1565.0</ele></trkpt><trkpt lat="35.17701" lon="-83.56726000000003"><ele>1557.0</ele></trkpt><trkpt lat="35.17663" lon="-83.56786"><ele>1551.0</ele></trkpt><trkpt lat="35.17654" lon="-83.56822"><ele>1544.0</ele></trkpt><trkpt lat="35.17652" lon="-83.56858"><ele>1534.0</ele></trkpt><trkpt lat="35.17627" lon="-83.56923999999998"><ele>1522.0</ele></trkpt><trkpt lat="35.17617" lon="-83.56936000000002"><ele>1521.0</ele></trkpt><trkpt lat="35.17615" lon="-83.56943999999999"><ele>1520.0</ele></trkpt><trkpt lat="35.17617" lon="-83.56961999999999"><ele>1517.0</ele></trkpt><trkpt lat="35.1761" lon="-83.57013999999998"><ele>1519.0</ele></trkpt><trkpt lat="35.17619" lon="-83.57024999999999"><ele>1521.0</ele></trkpt><trkpt lat="35.17621" lon="-83.57036"><ele>1523.0</ele></trkpt><trkpt lat="35.17614" lon="-83.57067999999998"><ele>1526.0</ele></trkpt><trkpt lat="35.1763" lon="-83.57096000000001"><ele>1529.0</ele></trkpt><trkpt lat="35.17672" lon="-83.57123999999999"><ele>1531.0</ele></trkpt><trkpt lat="35.17678" lon="-83.57130999999998"><ele>1531.0</ele></trkpt><trkpt lat="35.17681" lon="-83.57150000000001"><ele>1534.0</ele></trkpt><trkpt lat="35.17671" lon="-83.57191"><ele>1539.0</ele></trkpt><trkpt lat="35.17637" lon="-83.57253000000003"><ele>1542.0</ele></trkpt><trkpt lat="35.17617" lon="-83.57283999999999"><ele>1541.0</ele></trkpt><trkpt lat="35.17606" lon="-83.57299"><ele>1541.0</ele></trkpt><trkpt lat="35.17569" lon="-83.57334000000003"><ele>1545.0</ele></trkpt><trkpt lat="35.175547710373216" lon="-83.57342237820501"><ele>1546.0</ele></trkpt><trkpt lat="35.17555316964804" lon="-83.57341921759809"><ele>1546.0</ele></trkpt><trkpt lat="35.1755" lon="-83.57344999999998"><ele>1547.0</ele></trkpt><trkpt lat="35.17546" lon="-83.57344999999998"><ele>1547.0</ele></trkpt><trkpt lat="35.17524" lon="-83.57355999999999"><ele>1547.0</ele></trkpt><trkpt lat="35.17477" lon="-83.57370000000003"><ele>1550.0</ele></trkpt><trkpt lat="35.17469" lon="-83.57376"><ele>1550.0</ele></trkpt><trkpt lat="35.17444" lon="-83.57418000000001"><ele>1550.0</ele></trkpt><trkpt lat="35.17441" lon="-83.57433000000003"><ele>1549.0</ele></trkpt><trkpt lat="35.17433" lon="-83.57457"><ele>1548.0</ele></trkpt><trkpt lat="35.17414" lon="-83.57488000000001"><ele>1551.0</ele></trkpt><trkpt lat="35.1741" lon="-83.57499000000001"><ele>1551.0</ele></trkpt><trkpt lat="35.17411" lon="-83.57514000000003"><ele>1550.0</ele></trkpt><trkpt lat="35.17408" lon="-83.57515999999998"><ele>1552.0</ele></trkpt><trkpt lat="35.17408" lon="-83.57533000000001"><ele>1555.0</ele></trkpt><trkpt lat="35.17413" lon="-83.57538"><ele>1553.0</ele></trkpt><trkpt lat="35.17411" lon="-83.57560000000001"><ele>1556.0</ele></trkpt><trkpt lat="35.17416" lon="-83.57601"><ele>1560.0</ele></trkpt><trkpt lat="35.17432" lon="-83.57607999999999"><ele>1560.0</ele></trkpt><trkpt lat="35.17452" lon="-83.57623999999998"><ele>1563.0</ele></trkpt><trkpt lat="35.17454" lon="-83.57634000000002"><ele>1566.0</ele></trkpt><trkpt lat="35.17466" lon="-83.57648"><ele>1566.0</ele></trkpt><trkpt lat="35.17467" lon="-83.57661999999999"><ele>1569.0</ele></trkpt><trkpt lat="35.17473" lon="-83.57675999999998"><ele>1569.0</ele></trkpt><trkpt lat="35.17473" lon="-83.57695000000001"><ele>1572.0</ele></trkpt><trkpt lat="35.17468" lon="-83.57735000000002"><ele>1575.0</ele></trkpt><trkpt lat="35.17427" lon="-83.57889999999998"><ele>1596.0</ele></trkpt><trkpt lat="35.17425" lon="-83.57909999999998"><ele>1598.0</ele></trkpt><trkpt lat="35.17432" lon="-83.57990000000001"><ele>1605.0</ele></trkpt><trkpt lat="35.1745" lon="-83.58028999999999"><ele>1610.0</ele></trkpt><trkpt lat="35.1748" lon="-83.58053000000001"><ele>1612.0</ele></trkpt><trkpt lat="35.17553" lon="-83.58064000000002"><ele>1608.0</ele></trkpt><trkpt lat="35.17602" lon="-83.58055000000002"><ele>1609.0</ele></trkpt><trkpt lat="35.17651" lon="-83.58055000000002"><ele>1613.0</ele></trkpt><trkpt lat="35.17665" lon="-83.58064999999999"><ele>1613.0</ele></trkpt><trkpt lat="35.17683" lon="-83.58159999999998"><ele>1621.0</ele></trkpt><trkpt lat="35.1768" lon="-83.58167000000003"><ele>1622.0</ele></trkpt><trkpt lat="35.17678" lon="-83.58188999999999"><ele>1624.0</ele></trkpt><trkpt lat="35.1767" lon="-83.58222999999998"><ele>1625.0</ele></trkpt><trkpt lat="35.17659" lon="-83.58236999999997"><ele>1626.0</ele></trkpt><trkpt lat="35.176545849402984" lon="-83.58240376222125"><ele>1627.0</ele></trkpt><trkpt lat="35.176545849402984" lon="-83.58240376222125"><ele>1627.0</ele></trkpt><trkpt lat="35.17642" lon="-83.58249999999998"><ele>1627.0</ele></trkpt><trkpt lat="35.1763" lon="-83.58267000000001"><ele>1626.0</ele></trkpt><trkpt lat="35.17619" lon="-83.58275000000003"><ele>1625.0</ele></trkpt><trkpt lat="35.17586" lon="-83.58287999999999"><ele>1621.0</ele></trkpt><trkpt lat="35.17578967641654" lon="-83.5828831965265"><ele>1620.0</ele></trkpt><trkpt lat="35.17578967641654" lon="-83.5828831965265"><ele>1620.0</ele></trkpt><trkpt lat="35.17564" lon="-83.58289000000002"><ele>1618.0</ele></trkpt><trkpt lat="35.17529" lon="-83.58296000000001"><ele>1616.0</ele></trkpt><trkpt lat="35.17502" lon="-83.58312000000001"><ele>1612.0</ele></trkpt><trkpt lat="35.17493" lon="-83.58321000000001"><ele>1611.0</ele></trkpt><trkpt lat="35.17412" lon="-83.58326"><ele>1609.0</ele></trkpt><trkpt lat="35.17385" lon="-83.58337"><ele>1606.0</ele></trkpt><trkpt lat="35.17385" lon="-83.58398"><ele>1609.0</ele></trkpt><trkpt lat="35.17385" lon="-83.58398"><ele>1609.0</ele></trkpt><trkpt lat="35.17386" lon="-83.58411999999998"><ele>1608.0</ele></trkpt><trkpt lat="35.17386" lon="-83.58411999999998"><ele>1608.0</ele></trkpt><trkpt lat="35.1741" lon="-83.58467000000002"><ele>1606.0</ele></trkpt><trkpt lat="35.17459" lon="-83.58515999999997"><ele>1601.0</ele></trkpt><trkpt lat="35.17486" lon="-83.58549"><ele>1598.0</ele></trkpt><trkpt lat="35.1749" lon="-83.58585"><ele>1594.0</ele></trkpt><trkpt lat="35.17381" lon="-83.58760999999998"><ele>1569.0</ele></trkpt><trkpt lat="35.17381" lon="-83.58760999999998"><ele>1569.0</ele></trkpt><trkpt lat="35.1733" lon="-83.58843999999999"><ele>1561.0</ele></trkpt><trkpt lat="35.17338011889439" lon="-83.58922115922036"><ele>1558.0</ele></trkpt><trkpt lat="35.17338514046988" lon="-83.58927011940347"><ele>1559.0</ele></trkpt><trkpt lat="35.17342" lon="-83.58961"><ele>1561.0</ele></trkpt><trkpt lat="35.17381" lon="-83.59045000000003"><ele>1559.0</ele></trkpt><trkpt lat="35.17381" lon="-83.59045000000003"><ele>1559.0</ele></trkpt><trkpt lat="35.17393" lon="-83.59073000000001"><ele>1563.0</ele></trkpt><trkpt lat="35.17413" lon="-83.59183000000002"><ele>1557.0</ele></trkpt><trkpt lat="35.17381" lon="-83.59264999999999"><ele>1536.0</ele></trkpt><trkpt lat="35.17381" lon="-83.59264999999999"><ele>1536.0</ele></trkpt><trkpt lat="35.17339" lon="-83.59368"><ele>1527.0</ele></trkpt><trkpt lat="35.1727" lon="-83.59577000000002"><ele>1501.0</ele></trkpt><trkpt lat="35.17135" lon="-83.59784000000002"><ele>1480.0</ele></trkpt><trkpt lat="35.17026" lon="-83.59852999999998"><ele>1448.0</ele></trkpt><trkpt lat="35.16955" lon="-83.5992"><ele>1437.0</ele></trkpt><trkpt lat="35.16953" lon="-83.60005999999998"><ele>1442.0</ele></trkpt><trkpt lat="35.16926" lon="-83.60088000000002"><ele>1449.0</ele></trkpt><trkpt lat="35.16865" lon="-83.60179"><ele>1452.0</ele></trkpt><trkpt lat="35.16821" lon="-83.60321999999996"><ele>1457.0</ele></trkpt><trkpt lat="35.16699" lon="-83.60453999999999"><ele>1447.0</ele></trkpt><trkpt lat="35.16633" lon="-83.60595999999998"><ele>1430.0</ele></trkpt><trkpt lat="35.16633" lon="-83.60595999999998"><ele>1430.0</ele></trkpt><trkpt lat="35.16619" lon="-83.60626000000002"><ele>1425.0</ele></trkpt><trkpt lat="35.16597" lon="-83.60774000000004"><ele>1424.0</ele></trkpt><trkpt lat="35.16564" lon="-83.60825999999997"><ele>1422.0</ele></trkpt><trkpt lat="35.1653" lon="-83.60942999999997"><ele>1410.0</ele></trkpt><trkpt lat="35.16549" lon="-83.61027000000001"><ele>1399.0</ele></trkpt><trkpt lat="35.16581" lon="-83.61070999999998"><ele>1387.0</ele></trkpt><trkpt lat="35.16605" lon="-83.61090999999999"><ele>1380.0</ele></trkpt><trkpt lat="35.16623" lon="-83.61100999999996"><ele>1376.0</ele></trkpt><trkpt lat="35.16623" lon="-83.61100999999996"><ele>1376.0</ele></trkpt><trkpt lat="35.16623" lon="-83.61113"><ele>1375.0</ele></trkpt><trkpt lat="35.16623" lon="-83.61113"><ele>1375.0</ele></trkpt><trkpt lat="35.16591" lon="-83.61115000000001"><ele>1375.0</ele></trkpt><trkpt lat="35.16591" lon="-83.61115000000001"><ele>1375.0</ele></trkpt><trkpt lat="35.16589" lon="-83.61131"><ele>1375.0</ele></trkpt><trkpt lat="35.16592" lon="-83.61142000000001"><ele>1376.0</ele></trkpt><trkpt lat="35.16602" lon="-83.61158"><ele>1377.0</ele></trkpt><trkpt lat="35.16617" lon="-83.61171000000002"><ele>1380.0</ele></trkpt><trkpt lat="35.16641" lon="-83.61198000000002"><ele>1384.0</ele></trkpt><trkpt lat="35.16683" lon="-83.61270000000002"><ele>1381.0</ele></trkpt><trkpt lat="35.16704" lon="-83.61280999999997"><ele>1387.0</ele></trkpt><trkpt lat="35.16722" lon="-83.61295999999999"><ele>1388.0</ele></trkpt><trkpt lat="35.16737" lon="-83.61334999999997"><ele>1388.0</ele></trkpt><trkpt lat="35.16747" lon="-83.61354"><ele>1389.0</ele></trkpt><trkpt lat="35.1675" lon="-83.61403999999999"><ele>1391.0</ele></trkpt><trkpt lat="35.16749" lon="-83.61442"><ele>1396.0</ele></trkpt><trkpt lat="35.16751" lon="-83.61460999999997"><ele>1399.0</ele></trkpt><trkpt lat="35.16761" lon="-83.61490000000003"><ele>1402.0</ele></trkpt><trkpt lat="35.16777" lon="-83.61526000000003"><ele>1403.0</ele></trkpt><trkpt lat="35.16794" lon="-83.61599000000001"><ele>1412.0</ele></trkpt><trkpt lat="35.16806" lon="-83.61631999999997"><ele>1417.0</ele></trkpt><trkpt lat="35.16797" lon="-83.61719"><ele>1430.0</ele></trkpt><trkpt lat="35.16791" lon="-83.61759"><ele>1432.0</ele></trkpt><trkpt lat="35.16797" lon="-83.61829999999998"><ele>1436.0</ele></trkpt><trkpt lat="35.16801" lon="-83.61837000000003"><ele>1436.0</ele></trkpt><trkpt lat="35.16817" lon="-83.61851999999999"><ele>1435.0</ele></trkpt><trkpt lat="35.16817" lon="-83.61851999999999"><ele>1435.0</ele></trkpt><trkpt lat="35.16824" lon="-83.61874"><ele>1437.0</ele></trkpt><trkpt lat="35.16833" lon="-83.61891000000003"><ele>1439.0</ele></trkpt><trkpt lat="35.16872" lon="-83.61923000000002"><ele>1443.0</ele></trkpt><trkpt lat="35.16928" lon="-83.62"><ele>1452.0</ele></trkpt><trkpt lat="35.16932" lon="-83.62011999999999"><ele>1455.0</ele></trkpt><trkpt lat="35.16933" lon="-83.62036999999998"><ele>1455.0</ele></trkpt><trkpt lat="35.16937" lon="-83.62050999999997"><ele>1455.0</ele></trkpt><trkpt lat="35.1698" lon="-83.62090999999998"><ele>1456.0</ele></trkpt><trkpt lat="35.16996" lon="-83.62097"><ele>1461.0</ele></trkpt><trkpt lat="35.17006" lon="-83.62108"><ele>1462.0</ele></trkpt><trkpt lat="35.17015" lon="-83.62130000000002"><ele>1462.0</ele></trkpt><trkpt lat="35.17017" lon="-83.62149"><ele>1461.0</ele></trkpt><trkpt lat="35.17024" lon="-83.62176"><ele>1461.0</ele></trkpt><trkpt lat="35.17033" lon="-83.62189000000001"><ele>1462.0</ele></trkpt><trkpt lat="35.17057" lon="-83.62212"><ele>1463.0</ele></trkpt><trkpt lat="35.17067" lon="-83.62216999999998"><ele>1461.0</ele></trkpt><trkpt lat="35.17099" lon="-83.62225999999998"><ele>1458.0</ele></trkpt><trkpt lat="35.17145" lon="-83.62252999999998"><ele>1460.0</ele></trkpt><trkpt lat="35.171964051368434" lon="-83.62262009147696"><ele>1457.0</ele></trkpt><trkpt lat="35.1719841138142" lon="-83.62262360732478"><ele>1457.0</ele></trkpt><trkpt lat="35.17242" lon="-83.62270000000001"><ele>1453.0</ele></trkpt><trkpt lat="35.17279" lon="-83.62290999999999"><ele>1448.0</ele></trkpt><trkpt lat="35.17324" lon="-83.62324000000001"><ele>1446.0</ele></trkpt><trkpt lat="35.17361" lon="-83.62360000000001"><ele>1449.0</ele></trkpt><trkpt lat="35.17375" lon="-83.62383"><ele>1450.0</ele></trkpt><trkpt lat="35.17381" lon="-83.62405999999999"><ele>1449.0</ele></trkpt><trkpt lat="35.17381" lon="-83.62405999999999"><ele>1449.0</ele></trkpt><trkpt lat="35.17381" lon="-83.62437"><ele>1443.0</ele></trkpt><trkpt lat="35.17381" lon="-83.62437"><ele>1443.0</ele></trkpt><trkpt lat="35.17373" lon="-83.62459000000001"><ele>1440.0</ele></trkpt><trkpt lat="35.17361" lon="-83.62477999999999"><ele>1441.0</ele></trkpt><trkpt lat="35.17359" lon="-83.62511999999998"><ele>1436.0</ele></trkpt><trkpt lat="35.1736" lon="-83.62554999999998"><ele>1434.0</ele></trkpt><trkpt lat="35.17364" lon="-83.62581"><ele>1436.0</ele></trkpt><trkpt lat="35.17372" lon="-83.62601999999998"><ele>1434.0</ele></trkpt><trkpt lat="35.17381" lon="-83.62610999999998"><ele>1433.0</ele></trkpt><trkpt lat="35.17381" lon="-83.62610999999998"><ele>1433.0</ele></trkpt><trkpt lat="35.17406" lon="-83.62639000000001"><ele>1420.0</ele></trkpt><trkpt lat="35.17447" lon="-83.62697000000003"><ele>1400.0</ele></trkpt><trkpt lat="35.17459" lon="-83.62727999999998"><ele>1395.0</ele></trkpt><trkpt lat="35.17483" lon="-83.62765999999999"><ele>1397.0</ele></trkpt><trkpt lat="35.17492" lon="-83.62774000000002"><ele>1397.0</ele></trkpt><trkpt lat="35.17516" lon="-83.62783000000002"><ele>1398.0</ele></trkpt><trkpt lat="35.17535" lon="-83.62792999999999"><ele>1397.0</ele></trkpt><trkpt lat="35.17535" lon="-83.62792999999999"><ele>1397.0</ele></trkpt><trkpt lat="35.17539" lon="-83.62799000000001"><ele>1395.0</ele></trkpt><trkpt lat="35.1754" lon="-83.62806"><ele>1393.0</ele></trkpt><trkpt lat="35.17537" lon="-83.62814000000003"><ele>1392.0</ele></trkpt><trkpt lat="35.17503" lon="-83.62862000000001"><ele>1378.0</ele></trkpt><trkpt lat="35.17494" lon="-83.62883"><ele>1368.0</ele></trkpt><trkpt lat="35.17504" lon="-83.62903"><ele>1355.0</ele></trkpt><trkpt lat="35.17497" lon="-83.62923999999998"><ele>1349.0</ele></trkpt><trkpt lat="35.17493" lon="-83.62967000000003"><ele>1337.0</ele></trkpt><trkpt lat="35.17493" lon="-83.62993"><ele>1329.0</ele></trkpt><trkpt lat="35.175" lon="-83.63033000000001"><ele>1326.0</ele></trkpt><trkpt lat="35.17509" lon="-83.63058000000001"><ele>1328.0</ele></trkpt><trkpt lat="35.17511" lon="-83.63096000000002"><ele>1330.0</ele></trkpt><trkpt lat="35.17518" lon="-83.63130000000001"><ele>1337.0</ele></trkpt><trkpt lat="35.17561" lon="-83.63202000000001"><ele>1330.0</ele></trkpt><trkpt lat="35.17572" lon="-83.63225"><ele>1330.0</ele></trkpt><trkpt lat="35.17574" lon="-83.63238999999999"><ele>1333.0</ele></trkpt><trkpt lat="35.17573" lon="-83.63263999999998"><ele>1336.0</ele></trkpt><trkpt lat="35.17575" lon="-83.63270999999997"><ele>1333.0</ele></trkpt><trkpt lat="35.17594" lon="-83.63288"><ele>1328.0</ele></trkpt><trkpt lat="35.17615" lon="-83.63292000000001"><ele>1327.0</ele></trkpt><trkpt lat="35.1763" lon="-83.63303000000002"><ele>1322.0</ele></trkpt><trkpt lat="35.17659" lon="-83.63342"><ele>1309.0</ele></trkpt><trkpt lat="35.17694" lon="-83.63380000000001"><ele>1298.0</ele></trkpt><trkpt lat="35.17709" lon="-83.63402000000002"><ele>1295.0</ele></trkpt><trkpt lat="35.17766" lon="-83.63436999999999"><ele>1283.0</ele></trkpt><trkpt lat="35.17802" lon="-83.63479999999998"><ele>1272.0</ele></trkpt><trkpt lat="35.17813" lon="-83.63488999999998"><ele>1271.0</ele></trkpt><trkpt lat="35.17842" lon="-83.63502"><ele>1268.0</ele></trkpt><trkpt lat="35.17892" lon="-83.63544000000002"><ele>1269.0</ele></trkpt><trkpt lat="35.17953" lon="-83.63589000000002"><ele>1260.0</ele></trkpt><trkpt lat="35.18034" lon="-83.63620000000003"><ele>1258.0</ele></trkpt><trkpt lat="35.18045" lon="-83.63626"><ele>1260.0</ele></trkpt><trkpt lat="35.18049" lon="-83.63634000000002"><ele>1260.0</ele></trkpt><trkpt lat="35.18052" lon="-83.63648999999998"><ele>1257.0</ele></trkpt><trkpt lat="35.18054" lon="-83.63693999999998"><ele>1249.0</ele></trkpt><trkpt lat="35.18058" lon="-83.63711"><ele>1248.0</ele></trkpt><trkpt lat="35.18068" lon="-83.63738999999998"><ele>1247.0</ele></trkpt><trkpt lat="35.18085" lon="-83.63765000000001"><ele>1239.0</ele></trkpt><trkpt lat="35.18092" lon="-83.63772"><ele>1236.0</ele></trkpt><trkpt lat="35.18112" lon="-83.63783999999998"><ele>1230.0</ele></trkpt><trkpt lat="35.18117" lon="-83.63791000000003"><ele>1226.0</ele></trkpt><trkpt lat="35.18119" lon="-83.63799"><ele>1224.0</ele></trkpt><trkpt lat="35.18116" lon="-83.63808"><ele>1222.0</ele></trkpt><trkpt lat="35.18116" lon="-83.63814000000002"><ele>1220.0</ele></trkpt><trkpt lat="35.18125" lon="-83.63824"><ele>1216.0</ele></trkpt><trkpt lat="35.18239" lon="-83.63898"><ele>1205.0</ele></trkpt><trkpt lat="35.18268" lon="-83.63911999999999"><ele>1204.0</ele></trkpt><trkpt lat="35.18275" lon="-83.63922000000002"><ele>1202.0</ele></trkpt><trkpt lat="35.1828" lon="-83.63954000000001"><ele>1196.0</ele></trkpt><trkpt lat="35.18282" lon="-83.63997"><ele>1194.0</ele></trkpt><trkpt lat="35.1828" lon="-83.64051999999998"><ele>1200.0</ele></trkpt><trkpt lat="35.18291" lon="-83.64080999999999"><ele>1198.0</ele></trkpt><trkpt lat="35.18301" lon="-83.64098000000001"><ele>1193.0</ele></trkpt><trkpt lat="35.18318" lon="-83.64118000000002"><ele>1188.0</ele></trkpt><trkpt lat="35.18336" lon="-83.64132999999998"><ele>1184.0</ele></trkpt><trkpt lat="35.18357" lon="-83.64143999999999"><ele>1177.0</ele></trkpt><trkpt lat="35.18395" lon="-83.64150999999998"><ele>1169.0</ele></trkpt><trkpt lat="35.18438" lon="-83.64143999999999"><ele>1163.0</ele></trkpt><trkpt lat="35.18489" lon="-83.64123000000001"><ele>1144.0</ele></trkpt><trkpt lat="35.18513" lon="-83.64119"><ele>1135.0</ele></trkpt><trkpt lat="35.18543" lon="-83.64118000000002"><ele>1126.0</ele></trkpt><trkpt lat="35.1862" lon="-83.64109000000002"><ele>1111.0</ele></trkpt><trkpt lat="35.18644" lon="-83.64111000000003"><ele>1110.0</ele></trkpt><trkpt lat="35.18694" lon="-83.64127000000002"><ele>1105.0</ele></trkpt><trkpt lat="35.18712" lon="-83.64128"><ele>1105.0</ele></trkpt><trkpt lat="35.18732" lon="-83.64121999999998"><ele>1103.0</ele></trkpt><trkpt lat="35.18756" lon="-83.6411"><ele>1096.0</ele></trkpt><trkpt lat="35.18812" lon="-83.64071999999999"><ele>1076.0</ele></trkpt><trkpt lat="35.18845" lon="-83.64047"><ele>1071.0</ele></trkpt><trkpt lat="35.18874" lon="-83.64015"><ele>1064.0</ele></trkpt><trkpt lat="35.18888" lon="-83.64008000000001"><ele>1061.0</ele></trkpt><trkpt lat="35.18905" lon="-83.63992999999999"><ele>1057.0</ele></trkpt><trkpt lat="35.18919" lon="-83.63988"><ele>1053.0</ele></trkpt><trkpt lat="35.18929" lon="-83.63988"><ele>1052.0</ele></trkpt><trkpt lat="35.18948" lon="-83.63995999999997"><ele>1049.0</ele></trkpt><trkpt lat="35.18986" lon="-83.64026000000001"><ele>1035.0</ele></trkpt><trkpt lat="35.18995" lon="-83.64029"><ele>1031.0</ele></trkpt><trkpt lat="35.19009" lon="-83.64056"><ele>1022.0</ele></trkpt><trkpt lat="35.19031" lon="-83.64084000000003"><ele>1014.0</ele></trkpt><trkpt lat="35.19054" lon="-83.64098000000001"><ele>1006.0</ele></trkpt><trkpt lat="35.19071" lon="-83.64103999999998"><ele>998.0</ele></trkpt><trkpt lat="35.19076" lon="-83.64101"><ele>996.0</ele></trkpt><trkpt lat="35.19088" lon="-83.64085999999998"><ele>989.0</ele></trkpt><trkpt lat="35.19092" lon="-83.64087"><ele>987.0</ele></trkpt><trkpt lat="35.19096" lon="-83.64098000000001"><ele>986.0</ele></trkpt><trkpt lat="35.19098" lon="-83.64098000000001"><ele>985.0</ele></trkpt><trkpt lat="35.19099" lon="-83.64085"><ele>982.0</ele></trkpt><trkpt lat="35.19097" lon="-83.64067"><ele>979.0</ele></trkpt><trkpt lat="35.19102" lon="-83.64062000000001"><ele>974.0</ele></trkpt><trkpt lat="35.19111" lon="-83.64069999999998"><ele>972.0</ele></trkpt><trkpt lat="35.19119" lon="-83.64085999999998"><ele>968.0</ele></trkpt><trkpt lat="35.19123" lon="-83.64085999999998"><ele>966.0</ele></trkpt><trkpt lat="35.19123" lon="-83.64076999999997"><ele>966.0</ele></trkpt><trkpt lat="35.19117" lon="-83.64060999999998"><ele>966.0</ele></trkpt><trkpt lat="35.19116" lon="-83.64051999999998"><ele>964.0</ele></trkpt><trkpt lat="35.19118" lon="-83.64038"><ele>959.0</ele></trkpt><trkpt lat="35.19125" lon="-83.64029"><ele>956.0</ele></trkpt><trkpt lat="35.19136" lon="-83.64024999999998"><ele>951.0</ele></trkpt><trkpt lat="35.19156" lon="-83.64024999999998"><ele>941.0</ele></trkpt><trkpt lat="35.19168" lon="-83.64028000000002"><ele>935.0</ele></trkpt><trkpt lat="35.19177" lon="-83.64035000000001"><ele>930.0</ele></trkpt><trkpt lat="35.19177" lon="-83.64035000000001"><ele>930.0</ele></trkpt><trkpt lat="35.19181" lon="-83.64038"><ele>929.0</ele></trkpt><trkpt lat="35.19185" lon="-83.64038"><ele>927.0</ele></trkpt><trkpt lat="35.19189" lon="-83.64029"><ele>922.0</ele></trkpt><trkpt lat="35.19196" lon="-83.64021000000002"><ele>921.0</ele></trkpt><trkpt lat="35.19196" lon="-83.64021000000002"><ele>921.0</ele></trkpt><trkpt lat="35.192" lon="-83.63940000000002"><ele>921.0</ele></trkpt><trkpt lat="35.19205" lon="-83.63925999999998"><ele>921.0</ele></trkpt><trkpt lat="35.19211" lon="-83.63918999999999"><ele>921.0</ele></trkpt><trkpt lat="35.19211" lon="-83.63918999999999"><ele>921.0</ele></trkpt><trkpt lat="35.19222" lon="-83.63914"><ele>921.0</ele></trkpt><trkpt lat="35.19222" lon="-83.63914"><ele>921.0</ele></trkpt><trkpt lat="35.19222" lon="-83.63914"><ele>921.0</ele></trkpt><trkpt lat="35.1923" lon="-83.63914"><ele>921.0</ele></trkpt><trkpt lat="35.19243" lon="-83.63922000000002"><ele>922.0</ele></trkpt><trkpt lat="35.19262" lon="-83.63943"><ele>923.0</ele></trkpt><trkpt lat="35.19271" lon="-83.63963000000001"><ele>924.0</ele></trkpt><trkpt lat="35.19273" lon="-83.63988999999998"><ele>924.0</ele></trkpt><trkpt lat="35.19264" lon="-83.64056"><ele>925.0</ele></trkpt><trkpt lat="35.19267" lon="-83.64083"><ele>925.0</ele></trkpt><trkpt lat="35.1928" lon="-83.64136000000002"><ele>926.0</ele></trkpt><trkpt lat="35.1928" lon="-83.64136000000002"><ele>926.0</ele></trkpt><trkpt lat="35.19285" lon="-83.64152000000001"><ele>927.0</ele></trkpt><trkpt lat="35.19295" lon="-83.64166"><ele>927.0</ele></trkpt><trkpt lat="35.19306" lon="-83.64170999999999"><ele>927.0</ele></trkpt><trkpt lat="35.19318" lon="-83.64170000000001"><ele>926.0</ele></trkpt><trkpt lat="35.19332" lon="-83.64161999999999"><ele>926.0</ele></trkpt><trkpt lat="35.19417" lon="-83.64096999999998"><ele>922.0</ele></trkpt><trkpt lat="35.19453" lon="-83.64062000000001"><ele>923.0</ele></trkpt><trkpt lat="35.19475" lon="-83.64035000000001"><ele>924.0</ele></trkpt><trkpt lat="35.194928012459485" lon="-83.64011770005288"><ele>924.0</ele></trkpt><trkpt lat="35.194928012459485" lon="-83.64011770005288"><ele>924.0</ele></trkpt><trkpt lat="35.195656319100145" lon="-83.63916728571326"><ele>926.0</ele></trkpt><trkpt lat="35.195656319100145" lon="-83.63916728571326"><ele>926.0</ele></trkpt><trkpt lat="35.19616" lon="-83.63851"><ele>928.0</ele></trkpt><trkpt lat="35.19637068606395" lon="-83.6383060236833"><ele>929.0</ele></trkpt><trkpt lat="35.19637277931056" lon="-83.63830399831801"><ele>929.0</ele></trkpt><trkpt lat="35.1973328772224" lon="-83.63737447555536"><ele>933.0</ele></trkpt><trkpt lat="35.1973328772224" lon="-83.63737447555536"><ele>933.0</ele></trkpt><trkpt lat="35.19773" lon="-83.63698999999997"><ele>934.0</ele></trkpt><trkpt lat="35.19773" lon="-83.63698999999997"><ele>934.0</ele></trkpt><trkpt lat="35.19783" lon="-83.63701000000003"><ele>934.0</ele></trkpt><trkpt lat="35.198" lon="-83.63692000000003"><ele>932.0</ele></trkpt><trkpt lat="35.19806" lon="-83.63693"><ele>931.0</ele></trkpt><trkpt lat="35.19806" lon="-83.63693"><ele>931.0</ele></trkpt><trkpt lat="35.19821" lon="-83.63693999999998"><ele>930.0</ele></trkpt><trkpt lat="35.19828" lon="-83.63697000000002"><ele>929.0</ele></trkpt><trkpt lat="35.19858" lon="-83.63737000000003"><ele>928.0</ele></trkpt><trkpt lat="35.19868" lon="-83.63740999999999"><ele>929.0</ele></trkpt><trkpt lat="35.19879" lon="-83.63736"><ele>931.0</ele></trkpt><trkpt lat="35.19909" lon="-83.63691"><ele>940.0</ele></trkpt><trkpt lat="35.19923" lon="-83.63675999999998"><ele>945.0</ele></trkpt><trkpt lat="35.19931" lon="-83.63673"><ele>946.0</ele></trkpt><trkpt lat="35.19933" lon="-83.63679000000002"><ele>947.0</ele></trkpt><trkpt lat="35.19923" lon="-83.63695000000001"><ele>949.0</ele></trkpt><trkpt lat="35.1992" lon="-83.63707"><ele>951.0</ele></trkpt><trkpt lat="35.19922" lon="-83.63727"><ele>952.0</ele></trkpt><trkpt lat="35.19927" lon="-83.63743"><ele>955.0</ele></trkpt><trkpt lat="35.19927" lon="-83.63743"><ele>955.0</ele></trkpt><trkpt lat="35.19911" lon="-83.63781"><ele>957.0</ele></trkpt><trkpt lat="35.19901" lon="-83.63794999999999"><ele>955.0</ele></trkpt><trkpt lat="35.19899" lon="-83.63815"><ele>958.0</ele></trkpt><trkpt lat="35.19908" lon="-83.63833999999997"><ele>959.0</ele></trkpt><trkpt lat="35.19933" lon="-83.63873000000001"><ele>957.0</ele></trkpt><trkpt lat="35.19954" lon="-83.63896"><ele>961.0</ele></trkpt><trkpt lat="35.19971" lon="-83.63927999999999"><ele>955.0</ele></trkpt><trkpt lat="35.19995" lon="-83.64015999999998"><ele>950.0</ele></trkpt><trkpt lat="35.19997" lon="-83.64035999999999"><ele>951.0</ele></trkpt><trkpt lat="35.19988" lon="-83.64073000000002"><ele>952.0</ele></trkpt><trkpt lat="35.19982" lon="-83.64125999999999"><ele>961.0</ele></trkpt><trkpt lat="35.19994" lon="-83.64147000000003"><ele>967.0</ele></trkpt><trkpt lat="35.19989" lon="-83.64163000000002"><ele>964.0</ele></trkpt><trkpt lat="35.19987" lon="-83.64166"><ele>963.0</ele></trkpt><trkpt lat="35.19979" lon="-83.64164"><ele>959.0</ele></trkpt><trkpt lat="35.19966" lon="-83.64168999999998"><ele>958.0</ele></trkpt><trkpt lat="35.19947" lon="-83.64182"><ele>969.0</ele></trkpt><trkpt lat="35.19943" lon="-83.642"><ele>979.0</ele></trkpt><trkpt lat="35.19952" lon="-83.64229"><ele>984.0</ele></trkpt><trkpt lat="35.19947" lon="-83.64252999999997"><ele>980.0</ele></trkpt><trkpt lat="35.19963" lon="-83.64308"><ele>991.0</ele></trkpt><trkpt lat="35.19963" lon="-83.64308"><ele>991.0</ele></trkpt><trkpt lat="35.19957" lon="-83.64317"><ele>992.0</ele></trkpt><trkpt lat="35.19955" lon="-83.64321999999999"><ele>992.0</ele></trkpt><trkpt lat="35.19957" lon="-83.64330000000001"><ele>992.0</ele></trkpt><trkpt lat="35.19987" lon="-83.64346999999998"><ele>995.0</ele></trkpt><trkpt lat="35.19991" lon="-83.64357999999999"><ele>995.0</ele></trkpt><trkpt lat="35.19988" lon="-83.64368000000002"><ele>995.0</ele></trkpt><trkpt lat="35.19984" lon="-83.64375999999999"><ele>996.0</ele></trkpt><trkpt lat="35.19948" lon="-83.64399000000003"><ele>997.0</ele></trkpt><trkpt lat="35.19935" lon="-83.64418999999998"><ele>998.0</ele></trkpt><trkpt lat="35.19928" lon="-83.64425"><ele>998.0</ele></trkpt><trkpt lat="35.19901" lon="-83.64431000000002"><ele>999.0</ele></trkpt><trkpt lat="35.19889" lon="-83.64438000000001"><ele>1001.0</ele></trkpt><trkpt lat="35.19885" lon="-83.64445999999998"><ele>1002.0</ele></trkpt><trkpt lat="35.1988" lon="-83.6447"><ele>999.0</ele></trkpt><trkpt lat="35.1988" lon="-83.6447"><ele>999.0</ele></trkpt><trkpt lat="35.19874" lon="-83.6449"><ele>999.0</ele></trkpt><trkpt lat="35.19872" lon="-83.64517999999998"><ele>995.0</ele></trkpt><trkpt lat="35.19884578698434" lon="-83.64572754334358"><ele>990.0</ele></trkpt><trkpt lat="35.1988517346152" lon="-83.64575343289573"><ele>990.0</ele></trkpt><trkpt lat="35.19889" lon="-83.64591999999999"><ele>992.0</ele></trkpt><trkpt lat="35.19903" lon="-83.64620000000002"><ele>994.0</ele></trkpt><trkpt lat="35.19917" lon="-83.64636999999999"><ele>996.0</ele></trkpt><trkpt lat="35.19947" lon="-83.64659"><ele>998.0</ele></trkpt><trkpt lat="35.19952" lon="-83.64666999999997"><ele>998.0</ele></trkpt><trkpt lat="35.19956" lon="-83.64688000000001"><ele>999.0</ele></trkpt><trkpt lat="35.19949" lon="-83.64706000000001"><ele>1000.0</ele></trkpt><trkpt lat="35.19929" lon="-83.64713999999998"><ele>999.0</ele></trkpt><trkpt lat="35.1986" lon="-83.64701000000002"><ele>997.0</ele></trkpt><trkpt lat="35.1986" lon="-83.64701000000002"><ele>997.0</ele></trkpt><trkpt lat="35.19842" lon="-83.64719000000002"><ele>1008.0</ele></trkpt><trkpt lat="35.19846" lon="-83.64753999999999"><ele>1016.0</ele></trkpt><trkpt lat="35.19843" lon="-83.64765"><ele>1013.0</ele></trkpt><trkpt lat="35.19846" lon="-83.64789999999999"><ele>1018.0</ele></trkpt><trkpt lat="35.19827" lon="-83.64846"><ele>1002.0</ele></trkpt><trkpt lat="35.19837" lon="-83.64871"><ele>1018.0</ele></trkpt><trkpt lat="35.19837" lon="-83.64893999999998"><ele>1027.0</ele></trkpt><trkpt lat="35.19841" lon="-83.64916"><ele>1026.0</ele></trkpt><trkpt lat="35.1986" lon="-83.64933000000002"><ele>1035.0</ele></trkpt><trkpt lat="35.19886" lon="-83.64944000000003"><ele>1049.0</ele></trkpt><trkpt lat="35.19916" lon="-83.64947000000001"><ele>1045.0</ele></trkpt><trkpt lat="35.19977" lon="-83.64931999999999"><ele>1039.0</ele></trkpt><trkpt lat="35.20004" lon="-83.64951000000002"><ele>1026.0</ele></trkpt><trkpt lat="35.20029" lon="-83.64949999999999"><ele>1027.0</ele></trkpt><trkpt lat="35.20044" lon="-83.64956000000001"><ele>1028.0</ele></trkpt><trkpt lat="35.20065" lon="-83.64958999999999"><ele>1027.0</ele></trkpt><trkpt lat="35.2009" lon="-83.64911000000001"><ele>1037.0</ele></trkpt><trkpt lat="35.20109" lon="-83.64891"><ele>1024.0</ele></trkpt><trkpt lat="35.20143" lon="-83.64884"><ele>1003.0</ele></trkpt><trkpt lat="35.20176" lon="-83.64886000000001"><ele>995.0</ele></trkpt><trkpt lat="35.20194" lon="-83.64862"><ele>1004.0</ele></trkpt><trkpt lat="35.20202" lon="-83.64823000000001"><ele>1012.0</ele></trkpt><trkpt lat="35.20204" lon="-83.64801999999997"><ele>1007.0</ele></trkpt><trkpt lat="35.20217" lon="-83.64774999999997"><ele>996.0</ele></trkpt><trkpt lat="35.20235" lon="-83.64753999999999"><ele>988.0</ele></trkpt><trkpt lat="35.2026" lon="-83.64696000000004"><ele>989.0</ele></trkpt><trkpt lat="35.20272" lon="-83.64623"><ele>991.0</ele></trkpt><trkpt lat="35.20285" lon="-83.64654999999999"><ele>981.0</ele></trkpt><trkpt lat="35.20294" lon="-83.64666999999997"><ele>976.0</ele></trkpt><trkpt lat="35.20318" lon="-83.6472"><ele>969.0</ele></trkpt><trkpt lat="35.20314" lon="-83.64747"><ele>966.0</ele></trkpt><trkpt lat="35.20324" lon="-83.64832000000001"><ele>957.0</ele></trkpt><trkpt lat="35.2032" lon="-83.64859000000001"><ele>952.0</ele></trkpt><trkpt lat="35.20307" lon="-83.64909999999998"><ele>951.0</ele></trkpt><trkpt lat="35.20308" lon="-83.64958999999999"><ele>946.0</ele></trkpt><trkpt lat="35.20318" lon="-83.64980000000003"><ele>939.0</ele></trkpt><trkpt lat="35.20318" lon="-83.6499"><ele>939.0</ele></trkpt><trkpt lat="35.20318" lon="-83.6499"><ele>939.0</ele></trkpt><trkpt lat="35.20318" lon="-83.65003000000002"><ele>938.0</ele></trkpt><trkpt lat="35.20302" lon="-83.65026"><ele>940.0</ele></trkpt><trkpt lat="35.20286" lon="-83.65037000000001"><ele>943.0</ele></trkpt><trkpt lat="35.20284" lon="-83.65067999999997"><ele>945.0</ele></trkpt><trkpt lat="35.20276" lon="-83.65089"><ele>945.0</ele></trkpt><trkpt lat="35.20266" lon="-83.65133000000003"><ele>945.0</ele></trkpt><trkpt lat="35.20267" lon="-83.65188999999998"><ele>944.0</ele></trkpt><trkpt lat="35.20298" lon="-83.65235000000001"><ele>938.0</ele></trkpt><trkpt lat="35.20305" lon="-83.65251"><ele>937.0</ele></trkpt><trkpt lat="35.20318" lon="-83.65264000000002"><ele>936.0</ele></trkpt><trkpt lat="35.2032" lon="-83.65287000000001"><ele>935.0</ele></trkpt><trkpt lat="35.20297" lon="-83.65331000000003"><ele>935.0</ele></trkpt><trkpt lat="35.20288" lon="-83.65361000000001"><ele>929.0</ele></trkpt><trkpt lat="35.20284" lon="-83.65444000000002"><ele>910.0</ele></trkpt><trkpt lat="35.20278" lon="-83.65453000000002"><ele>905.0</ele></trkpt><trkpt lat="35.20312" lon="-83.65582999999998"><ele>891.0</ele></trkpt><trkpt lat="35.20313" lon="-83.65627999999998"><ele>884.0</ele></trkpt><trkpt lat="35.20342" lon="-83.65726000000001"><ele>878.0</ele></trkpt><trkpt lat="35.2034" lon="-83.65733999999998"><ele>875.0</ele></trkpt><trkpt lat="35.20333" lon="-83.65739000000002"><ele>871.0</ele></trkpt><trkpt lat="35.20326" lon="-83.65739000000002"><ele>870.0</ele></trkpt><trkpt lat="35.20286" lon="-83.65697999999998"><ele>860.0</ele></trkpt><trkpt lat="35.20261" lon="-83.65660000000003"><ele>853.0</ele></trkpt><trkpt lat="35.20236" lon="-83.65636"><ele>851.0</ele></trkpt><trkpt lat="35.20236" lon="-83.65651000000003"><ele>849.0</ele></trkpt><trkpt lat="35.20268" lon="-83.65737999999999"><ele>847.0</ele></trkpt><trkpt lat="35.20268" lon="-83.65737999999999"><ele>847.0</ele></trkpt><trkpt lat="35.20254" lon="-83.6574"><ele>846.0</ele></trkpt><trkpt lat="35.20254" lon="-83.6574"><ele>846.0</ele></trkpt><trkpt lat="35.20233" lon="-83.65755000000001"><ele>846.0</ele></trkpt><trkpt lat="35.20226" lon="-83.65769999999998"><ele>846.0</ele></trkpt><trkpt lat="35.20225" lon="-83.65776"><ele>847.0</ele></trkpt><trkpt lat="35.20225" lon="-83.65776"><ele>847.0</ele></trkpt><trkpt lat="35.20228" lon="-83.65791000000002"><ele>849.0</ele></trkpt><trkpt lat="35.20225" lon="-83.65805999999998"><ele>850.0</ele></trkpt><trkpt lat="35.20221" lon="-83.65813000000003"><ele>851.0</ele></trkpt><trkpt lat="35.20221" lon="-83.65813000000003"><ele>851.0</ele></trkpt><trkpt lat="35.20237" lon="-83.65841"><ele>849.0</ele></trkpt><trkpt lat="35.20265" lon="-83.65904999999998"><ele>850.0</ele></trkpt><trkpt lat="35.20298" lon="-83.65948000000003"><ele>853.0</ele></trkpt><trkpt lat="35.20304" lon="-83.65972"><ele>853.0</ele></trkpt><trkpt lat="35.20313" lon="-83.65990999999997"><ele>853.0</ele></trkpt><trkpt lat="35.20326" lon="-83.66005000000001"><ele>854.0</ele></trkpt><trkpt lat="35.20339" lon="-83.66011000000003"><ele>854.0</ele></trkpt><trkpt lat="35.20372" lon="-83.66012999999998"><ele>855.0</ele></trkpt><trkpt lat="35.20395" lon="-83.66021"><ele>854.0</ele></trkpt><trkpt lat="35.20401" lon="-83.66020000000003"><ele>854.0</ele></trkpt><trkpt lat="35.20406" lon="-83.66017999999997"><ele>854.0</ele></trkpt><trkpt lat="35.20425" lon="-83.65999999999997"><ele>854.0</ele></trkpt><trkpt lat="35.20459" lon="-83.65972999999997"><ele>851.0</ele></trkpt><trkpt lat="35.20459" lon="-83.65972999999997"><ele>851.0</ele></trkpt><trkpt lat="35.20462" lon="-83.65962000000002"><ele>852.0</ele></trkpt><trkpt lat="35.2046" lon="-83.65890999999999"><ele>850.0</ele></trkpt><trkpt lat="35.20463" lon="-83.65877999999998"><ele>850.0</ele></trkpt><trkpt lat="35.20475" lon="-83.65855999999997"><ele>850.0</ele></trkpt><trkpt lat="35.20519" lon="-83.65809999999999"><ele>853.0</ele></trkpt><trkpt lat="35.20543" lon="-83.65796999999998"><ele>853.0</ele></trkpt><trkpt lat="35.20559" lon="-83.65778"><ele>853.0</ele></trkpt><trkpt lat="35.20608" lon="-83.65703000000002"><ele>849.0</ele></trkpt><trkpt lat="35.20681" lon="-83.656"><ele>846.0</ele></trkpt><trkpt lat="35.20705" lon="-83.65559999999999"><ele>845.0</ele></trkpt><trkpt lat="35.20746" lon="-83.65505999999999"><ele>843.0</ele></trkpt><trkpt lat="35.20762" lon="-83.65476999999998"><ele>843.0</ele></trkpt><trkpt lat="35.20783" lon="-83.65449000000001"><ele>844.0</ele></trkpt><trkpt lat="35.20796" lon="-83.65433000000002"><ele>843.0</ele></trkpt><trkpt lat="35.20825" lon="-83.65412000000003"><ele>842.0</ele></trkpt><trkpt lat="35.20916" lon="-83.65364999999997"><ele>843.0</ele></trkpt><trkpt lat="35.20954" lon="-83.65343000000001"><ele>843.0</ele></trkpt><trkpt lat="35.20972" lon="-83.65328999999997"><ele>844.0</ele></trkpt><trkpt lat="35.20972" lon="-83.65328999999997"><ele>844.0</ele></trkpt><trkpt lat="35.21065" lon="-83.65249"><ele>843.0</ele></trkpt><trkpt lat="35.21166" lon="-83.65224"><ele>843.0</ele></trkpt><trkpt lat="35.21188" lon="-83.65206"><ele>844.0</ele></trkpt><trkpt lat="35.2123" lon="-83.65163000000001"><ele>844.0</ele></trkpt><trkpt lat="35.21251" lon="-83.65154000000001"><ele>844.0</ele></trkpt><trkpt lat="35.21264" lon="-83.65156000000002"><ele>843.0</ele></trkpt><trkpt lat="35.21286" lon="-83.6517"><ele>843.0</ele></trkpt><trkpt lat="35.21296" lon="-83.65183999999999"><ele>842.0</ele></trkpt><trkpt lat="35.21336" lon="-83.65256"><ele>841.0</ele></trkpt><trkpt lat="35.21354" lon="-83.65278999999998"><ele>843.0</ele></trkpt><trkpt lat="35.21369" lon="-83.65289999999999"><ele>843.0</ele></trkpt><trkpt lat="35.2141" lon="-83.65298999999999"><ele>839.0</ele></trkpt><trkpt lat="35.21441" lon="-83.65298000000001"><ele>839.0</ele></trkpt><trkpt lat="35.2147" lon="-83.65301"><ele>839.0</ele></trkpt><trkpt lat="35.21515" lon="-83.65295000000003"><ele>840.0</ele></trkpt><trkpt lat="35.21571" lon="-83.65273000000002"><ele>840.0</ele></trkpt><trkpt lat="35.21598" lon="-83.65256"><ele>841.0</ele></trkpt><trkpt lat="35.21638" lon="-83.65253999999999"><ele>843.0</ele></trkpt><trkpt lat="35.21707" lon="-83.65241000000003"><ele>849.0</ele></trkpt><trkpt lat="35.21748" lon="-83.65214000000003"><ele>850.0</ele></trkpt><trkpt lat="35.21785" lon="-83.65202999999997"><ele>855.0</ele></trkpt><trkpt lat="35.218" lon="-83.65205000000003"><ele>856.0</ele></trkpt><trkpt lat="35.21839" lon="-83.65220999999997"><ele>858.0</ele></trkpt><trkpt lat="35.21878" lon="-83.65255000000002"><ele>859.0</ele></trkpt><trkpt lat="35.21912" lon="-83.65316000000001"><ele>855.0</ele></trkpt><trkpt lat="35.21981" lon="-83.65393"><ele>855.0</ele></trkpt><trkpt lat="35.21993" lon="-83.65413999999998"><ele>853.0</ele></trkpt><trkpt lat="35.22018" lon="-83.65519"><ele>845.0</ele></trkpt><trkpt lat="35.22018" lon="-83.65530000000001"><ele>844.0</ele></trkpt><trkpt lat="35.22013" lon="-83.65541000000002"><ele>845.0</ele></trkpt><trkpt lat="35.21996" lon="-83.65564999999998"><ele>842.0</ele></trkpt><trkpt lat="35.21996" lon="-83.65580999999997"><ele>843.0</ele></trkpt><trkpt lat="35.22001" lon="-83.65587"><ele>844.0</ele></trkpt><trkpt lat="35.22014" lon="-83.65589999999997"><ele>843.0</ele></trkpt><trkpt lat="35.22022" lon="-83.65605"><ele>844.0</ele></trkpt><trkpt lat="35.22037" lon="-83.65681999999998"><ele>839.0</ele></trkpt><trkpt lat="35.22061" lon="-83.65780000000001"><ele>839.0</ele></trkpt><trkpt lat="35.22065" lon="-83.65789000000001"><ele>841.0</ele></trkpt><trkpt lat="35.22078" lon="-83.65805"><ele>844.0</ele></trkpt><trkpt lat="35.22096833202491" lon="-83.65836388670817"><ele>836.0</ele></trkpt><trkpt lat="35.221005922605585" lon="-83.65843980650322"><ele>834.0</ele></trkpt><trkpt lat="35.22105" lon="-83.65854999999999"><ele>831.0</ele></trkpt><trkpt lat="35.22114" lon="-83.65956"><ele>839.0</ele></trkpt><trkpt lat="35.22113" lon="-83.66008"><ele>839.0</ele></trkpt><trkpt lat="35.2209" lon="-83.66057"><ele>840.0</ele></trkpt><trkpt lat="35.22065" lon="-83.66140000000001"><ele>835.0</ele></trkpt><trkpt lat="35.22067" lon="-83.66152"><ele>834.0</ele></trkpt><trkpt lat="35.22067" lon="-83.66152"><ele>834.0</ele></trkpt><trkpt lat="35.22076" lon="-83.66149000000001"><ele>834.0</ele></trkpt><trkpt lat="35.22104" lon="-83.66125999999997"><ele>833.0</ele></trkpt><trkpt lat="35.2213" lon="-83.66095000000001"><ele>832.0</ele></trkpt><trkpt lat="35.22137" lon="-83.66093999999998"><ele>832.0</ele></trkpt><trkpt lat="35.22142" lon="-83.66097000000002"><ele>830.0</ele></trkpt><trkpt lat="35.22142" lon="-83.66097000000002"><ele>830.0</ele></trkpt><trkpt lat="35.22149" lon="-83.66102999999998"><ele>833.0</ele></trkpt><trkpt lat="35.22149" lon="-83.66102999999998"><ele>833.0</ele></trkpt><trkpt lat="35.22158" lon="-83.66113000000001"><ele>834.0</ele></trkpt><trkpt lat="35.22158" lon="-83.66113000000001"><ele>834.0</ele></trkpt><trkpt lat="35.22184" lon="-83.66075999999998"><ele>831.0</ele></trkpt><trkpt lat="35.22199" lon="-83.66039999999998"><ele>831.0</ele></trkpt><trkpt lat="35.22199" lon="-83.66039999999998"><ele>831.0</ele></trkpt><trkpt lat="35.22224" lon="-83.66025000000002"><ele>830.0</ele></trkpt><trkpt lat="35.22265" lon="-83.66021999999998"><ele>829.0</ele></trkpt><trkpt lat="35.22309" lon="-83.66008999999997"><ele>831.0</ele></trkpt><trkpt lat="35.2236" lon="-83.65981999999997"><ele>828.0</ele></trkpt><trkpt lat="35.22446" lon="-83.65926999999999"><ele>827.0</ele></trkpt><trkpt lat="35.22456" lon="-83.65924000000001"><ele>827.0</ele></trkpt><trkpt lat="35.22482" lon="-83.65921000000003"><ele>828.0</ele></trkpt><trkpt lat="35.22482" lon="-83.65921000000003"><ele>828.0</ele></trkpt><trkpt lat="35.2251" lon="-83.65834000000001"><ele>827.0</ele></trkpt><trkpt lat="35.22538" lon="-83.65762999999998"><ele>827.0</ele></trkpt><trkpt lat="35.22547" lon="-83.65732000000003"><ele>827.0</ele></trkpt><trkpt lat="35.22556" lon="-83.65663"><ele>826.0</ele></trkpt><trkpt lat="35.22575" lon="-83.65604000000002"><ele>826.0</ele></trkpt><trkpt lat="35.22577" lon="-83.65571999999997"><ele>825.0</ele></trkpt><trkpt lat="35.22574" lon="-83.65557000000001"><ele>825.0</ele></trkpt><trkpt lat="35.22558" lon="-83.65512000000001"><ele>826.0</ele></trkpt><trkpt lat="35.22547" lon="-83.65492999999998"><ele>828.0</ele></trkpt><trkpt lat="35.22503" lon="-83.65478999999999"><ele>833.0</ele></trkpt><trkpt lat="35.2247" lon="-83.65476000000001"><ele>836.0</ele></trkpt><trkpt lat="35.22439" lon="-83.65467000000001"><ele>835.0</ele></trkpt><trkpt lat="35.22439" lon="-83.65467000000001"><ele>835.0</ele></trkpt><trkpt lat="35.2242" lon="-83.65485000000001"><ele>828.0</ele></trkpt><trkpt lat="35.22386" lon="-83.65496000000002"><ele>828.0</ele></trkpt><trkpt lat="35.22367" lon="-83.65492999999998"><ele>824.0</ele></trkpt><trkpt lat="35.22361" lon="-83.65481"><ele>824.0</ele></trkpt><trkpt lat="35.2236" lon="-83.65467999999998"><ele>823.0</ele></trkpt><trkpt lat="35.22365" lon="-83.65430000000003"><ele>822.0</ele></trkpt><trkpt lat="35.224" lon="-83.65292999999997"><ele>825.0</ele></trkpt><trkpt lat="35.2241" lon="-83.65264000000002"><ele>829.0</ele></trkpt><trkpt lat="35.22416" lon="-83.65229999999997"><ele>824.0</ele></trkpt><trkpt lat="35.22435" lon="-83.65179999999998"><ele>822.0</ele></trkpt><trkpt lat="35.22448" lon="-83.65161999999998"><ele>824.0</ele></trkpt><trkpt lat="35.22459" lon="-83.65138000000002"><ele>824.0</ele></trkpt><trkpt lat="35.22471" lon="-83.65102000000002"><ele>821.0</ele></trkpt><trkpt lat="35.22471" lon="-83.65035"><ele>822.0</ele></trkpt><trkpt lat="35.22457" lon="-83.6499"><ele>819.0</ele></trkpt><trkpt lat="35.22457" lon="-83.6499"><ele>819.0</ele></trkpt><trkpt lat="35.22454" lon="-83.64965000000001"><ele>820.0</ele></trkpt><trkpt lat="35.22438" lon="-83.64891"><ele>823.0</ele></trkpt><trkpt lat="35.22421" lon="-83.64850999999999"><ele>820.0</ele></trkpt><trkpt lat="35.22418" lon="-83.64835"><ele>821.0</ele></trkpt><trkpt lat="35.22415" lon="-83.64785999999998"><ele>822.0</ele></trkpt><trkpt lat="35.22416" lon="-83.64760999999999"><ele>822.0</ele></trkpt><trkpt lat="35.22404" lon="-83.64744000000002"><ele>819.0</ele></trkpt><trkpt lat="35.22413" lon="-83.64726999999999"><ele>820.0</ele></trkpt><trkpt lat="35.22431" lon="-83.64715999999999"><ele>826.0</ele></trkpt><trkpt lat="35.22438" lon="-83.64697000000001"><ele>827.0</ele></trkpt><trkpt lat="35.22441" lon="-83.64677"><ele>831.0</ele></trkpt><trkpt lat="35.22435" lon="-83.64643999999998"><ele>826.0</ele></trkpt><trkpt lat="35.22412" lon="-83.64616999999998"><ele>818.0</ele></trkpt><trkpt lat="35.22408" lon="-83.64598000000001"><ele>818.0</ele></trkpt><trkpt lat="35.22408" lon="-83.64589999999998"><ele>818.0</ele></trkpt><trkpt lat="35.22419" lon="-83.64558"><ele>818.0</ele></trkpt><trkpt lat="35.2245" lon="-83.64512000000002"><ele>820.0</ele></trkpt><trkpt lat="35.22472" lon="-83.64486"><ele>820.0</ele></trkpt><trkpt lat="35.22492" lon="-83.64471000000003"><ele>821.0</ele></trkpt><trkpt lat="35.22511" lon="-83.64447999999999"><ele>821.0</ele></trkpt><trkpt lat="35.22516" lon="-83.64423"><ele>820.0</ele></trkpt><trkpt lat="35.22538" lon="-83.64399000000003"><ele>824.0</ele></trkpt><trkpt lat="35.22535" lon="-83.64375999999999"><ele>819.0</ele></trkpt><trkpt lat="35.22581" lon="-83.64301999999998"><ele>836.0</ele></trkpt><trkpt lat="35.22589" lon="-83.64283"><ele>833.0</ele></trkpt><trkpt lat="35.22599" lon="-83.64269000000002"><ele>830.0</ele></trkpt><trkpt lat="35.22611" lon="-83.64260999999999"><ele>827.0</ele></trkpt><trkpt lat="35.22624" lon="-83.64258000000001"><ele>829.0</ele></trkpt><trkpt lat="35.22675" lon="-83.64264000000003"><ele>821.0</ele></trkpt><trkpt lat="35.2271" lon="-83.64276000000001"><ele>814.0</ele></trkpt><trkpt lat="35.22767" lon="-83.64318000000003"><ele>812.0</ele></trkpt><trkpt lat="35.22767" lon="-83.64318000000003"><ele>812.0</ele></trkpt><trkpt lat="35.22802" lon="-83.64357000000001"><ele>813.0</ele></trkpt><trkpt lat="35.2287" lon="-83.64395000000002"><ele>822.0</ele></trkpt><trkpt lat="35.22897" lon="-83.64400999999998"><ele>821.0</ele></trkpt><trkpt lat="35.22943" lon="-83.64420000000001"><ele>825.0</ele></trkpt><trkpt lat="35.23014" lon="-83.64456000000001"><ele>835.0</ele></trkpt><trkpt lat="35.23018" lon="-83.64454999999998"><ele>836.0</ele></trkpt><trkpt lat="35.23033" lon="-83.64435000000003"><ele>829.0</ele></trkpt><trkpt lat="35.23041" lon="-83.64417000000003"><ele>822.0</ele></trkpt><trkpt lat="35.23056" lon="-83.64408000000003"><ele>821.0</ele></trkpt><trkpt lat="35.23074" lon="-83.64404000000002"><ele>818.0</ele></trkpt><trkpt lat="35.23115" lon="-83.64422000000002"><ele>827.0</ele></trkpt><trkpt lat="35.23151" lon="-83.64423999999997"><ele>832.0</ele></trkpt><trkpt lat="35.23168" lon="-83.64418"><ele>831.0</ele></trkpt><trkpt lat="35.23183" lon="-83.64427"><ele>839.0</ele></trkpt><trkpt lat="35.23199" lon="-83.64429000000001"><ele>839.0</ele></trkpt><trkpt lat="35.23236" lon="-83.64414"><ele>832.0</ele></trkpt><trkpt lat="35.23256" lon="-83.64414999999997"><ele>835.0</ele></trkpt><trkpt lat="35.2329" lon="-83.64411000000001"><ele>825.0</ele></trkpt><trkpt lat="35.23312" lon="-83.64393000000001"><ele>817.0</ele></trkpt><trkpt lat="35.23339" lon="-83.64393999999999"><ele>811.0</ele></trkpt><trkpt lat="35.23368" lon="-83.64411000000001"><ele>810.0</ele></trkpt><trkpt lat="35.23395" lon="-83.64447999999999"><ele>815.0</ele></trkpt><trkpt lat="35.23411" lon="-83.64481"><ele>817.0</ele></trkpt><trkpt lat="35.23423" lon="-83.64499"><ele>820.0</ele></trkpt><trkpt lat="35.2344" lon="-83.64562000000001"><ele>827.0</ele></trkpt><trkpt lat="35.23446" lon="-83.64611000000002"><ele>827.0</ele></trkpt><trkpt lat="35.23452" lon="-83.64616999999998"><ele>830.0</ele></trkpt><trkpt lat="35.23457" lon="-83.64616999999998"><ele>833.0</ele></trkpt><trkpt lat="35.23464" lon="-83.64596"><ele>838.0</ele></trkpt><trkpt lat="35.2347" lon="-83.64535000000001"><ele>843.0</ele></trkpt><trkpt lat="35.23472" lon="-83.64530000000002"><ele>843.0</ele></trkpt><trkpt lat="35.23485" lon="-83.64530000000002"><ele>846.0</ele></trkpt><trkpt lat="35.23488" lon="-83.64530000000002"><ele>846.0</ele></trkpt><trkpt lat="35.23519" lon="-83.64562999999998"><ele>845.0</ele></trkpt><trkpt lat="35.23541" lon="-83.64562999999998"><ele>841.0</ele></trkpt><trkpt lat="35.23558" lon="-83.64575000000002"><ele>843.0</ele></trkpt><trkpt lat="35.23598" lon="-83.64579000000003"><ele>837.0</ele></trkpt><trkpt lat="35.2361" lon="-83.64594"><ele>844.0</ele></trkpt><trkpt lat="35.23634" lon="-83.64600000000002"><ele>841.0</ele></trkpt><trkpt lat="35.23639" lon="-83.64624000000003"><ele>843.0</ele></trkpt><trkpt lat="35.23649" lon="-83.64641"><ele>847.0</ele></trkpt><trkpt lat="35.23713" lon="-83.64648999999997"><ele>841.0</ele></trkpt><trkpt lat="35.23735" lon="-83.64642000000003"><ele>844.0</ele></trkpt><trkpt lat="35.23749" lon="-83.64647000000002"><ele>847.0</ele></trkpt><trkpt lat="35.23764" lon="-83.64638000000002"><ele>842.0</ele></trkpt><trkpt lat="35.23777" lon="-83.64639"><ele>840.0</ele></trkpt><trkpt lat="35.23799" lon="-83.64633000000003"><ele>834.0</ele></trkpt><trkpt lat="35.23819" lon="-83.64620000000002"><ele>828.0</ele></trkpt><trkpt lat="35.23824" lon="-83.64588000000003"><ele>828.0</ele></trkpt><trkpt lat="35.23822" lon="-83.64578"><ele>828.0</ele></trkpt><trkpt lat="35.23848" lon="-83.64567"><ele>819.0</ele></trkpt><trkpt lat="35.23888" lon="-83.64558999999997"><ele>817.0</ele></trkpt><trkpt lat="35.2396" lon="-83.64537999999999"><ele>803.0</ele></trkpt><trkpt lat="35.23968" lon="-83.64542"><ele>802.0</ele></trkpt><trkpt lat="35.23988" lon="-83.64530000000002"><ele>806.0</ele></trkpt><trkpt lat="35.23999" lon="-83.64515"><ele>802.0</ele></trkpt><trkpt lat="35.24024" lon="-83.64503000000002"><ele>798.0</ele></trkpt><trkpt lat="35.24056" lon="-83.64483999999999"><ele>800.0</ele></trkpt><trkpt lat="35.24065" lon="-83.6447"><ele>797.0</ele></trkpt><trkpt lat="35.24096" lon="-83.64444000000003"><ele>803.0</ele></trkpt><trkpt lat="35.24107" lon="-83.64409"><ele>798.0</ele></trkpt><trkpt lat="35.24119" lon="-83.64393000000001"><ele>806.0</ele></trkpt><trkpt lat="35.24133" lon="-83.64364"><ele>810.0</ele></trkpt><trkpt lat="35.24155" lon="-83.64336000000003"><ele>825.0</ele></trkpt><trkpt lat="35.24169" lon="-83.64327000000003"><ele>833.0</ele></trkpt><trkpt lat="35.24182" lon="-83.6431"><ele>839.0</ele></trkpt><trkpt lat="35.24206" lon="-83.64292999999998"><ele>842.0</ele></trkpt><trkpt lat="35.24218" lon="-83.64276999999998"><ele>843.0</ele></trkpt><trkpt lat="35.24235" lon="-83.64274"><ele>846.0</ele></trkpt><trkpt lat="35.24233" lon="-83.64279999999997"><ele>847.0</ele></trkpt><trkpt lat="35.24205" lon="-83.64306999999997"><ele>847.0</ele></trkpt><trkpt lat="35.24198" lon="-83.64324999999997"><ele>850.0</ele></trkpt><trkpt lat="35.24182" lon="-83.64336000000003"><ele>843.0</ele></trkpt><trkpt lat="35.24185" lon="-83.64357999999999"><ele>849.0</ele></trkpt><trkpt lat="35.24176" lon="-83.64378999999997"><ele>842.0</ele></trkpt><trkpt lat="35.2418" lon="-83.64408000000003"><ele>851.0</ele></trkpt><trkpt lat="35.24163" lon="-83.64472999999998"><ele>847.0</ele></trkpt><trkpt lat="35.2413" lon="-83.64508000000001"><ele>840.0</ele></trkpt><trkpt lat="35.24111" lon="-83.64566000000002"><ele>843.0</ele></trkpt><trkpt lat="35.24108" lon="-83.64598999999998"><ele>845.0</ele></trkpt><trkpt lat="35.24097" lon="-83.64616000000001"><ele>843.0</ele></trkpt><trkpt lat="35.24079" lon="-83.64620000000002"><ele>840.0</ele></trkpt><trkpt lat="35.24066" lon="-83.6463"><ele>841.0</ele></trkpt><trkpt lat="35.24054" lon="-83.64648"><ele>848.0</ele></trkpt><trkpt lat="35.24036" lon="-83.64666"><ele>845.0</ele></trkpt><trkpt lat="35.24025" lon="-83.64695"><ele>849.0</ele></trkpt><trkpt lat="35.24029" lon="-83.64715000000001"><ele>860.0</ele></trkpt><trkpt lat="35.24006" lon="-83.64764000000002"><ele>857.0</ele></trkpt><trkpt lat="35.23999519151749" lon="-83.64783442544751"><ele>854.0</ele></trkpt><trkpt lat="35.23997591241791" lon="-83.64789226294204"><ele>852.0</ele></trkpt><trkpt lat="35.23985" lon="-83.64827000000002"><ele>855.0</ele></trkpt><trkpt lat="35.23986" lon="-83.64871"><ele>859.0</ele></trkpt><trkpt lat="35.23974" lon="-83.64891"><ele>861.0</ele></trkpt><trkpt lat="35.23973" lon="-83.64915000000002"><ele>862.0</ele></trkpt><trkpt lat="35.23983" lon="-83.64945999999998"><ele>861.0</ele></trkpt><trkpt lat="35.23981" lon="-83.64976000000001"><ele>867.0</ele></trkpt><trkpt lat="35.23976" lon="-83.6499"><ele>870.0</ele></trkpt><trkpt lat="35.23976" lon="-83.6499"><ele>870.0</ele></trkpt><trkpt lat="35.23968" lon="-83.65010999999998"><ele>874.0</ele></trkpt><trkpt lat="35.23984" lon="-83.65053"><ele>869.0</ele></trkpt><trkpt lat="35.23986" lon="-83.65075999999999"><ele>871.0</ele></trkpt><trkpt lat="35.23996" lon="-83.65091000000001"><ele>871.0</ele></trkpt><trkpt lat="35.23999" lon="-83.65109999999999"><ele>873.0</ele></trkpt><trkpt lat="35.24009" lon="-83.65124000000003"><ele>875.0</ele></trkpt><trkpt lat="35.24016" lon="-83.65152999999998"><ele>880.0</ele></trkpt><trkpt lat="35.24025" lon="-83.65168"><ele>882.0</ele></trkpt><trkpt lat="35.24026" lon="-83.65192000000002"><ele>884.0</ele></trkpt><trkpt lat="35.24022" lon="-83.65213"><ele>886.0</ele></trkpt><trkpt lat="35.24025" lon="-83.65231"><ele>888.0</ele></trkpt><trkpt lat="35.24065" lon="-83.65337999999997"><ele>900.0</ele></trkpt><trkpt lat="35.24068" lon="-83.65406000000002"><ele>908.0</ele></trkpt><trkpt lat="35.24079" lon="-83.65465"><ele>920.0</ele></trkpt><trkpt lat="35.24107" lon="-83.65514000000002"><ele>929.0</ele></trkpt><trkpt lat="35.24118" lon="-83.65525000000002"><ele>930.0</ele></trkpt><trkpt lat="35.24132" lon="-83.65523999999999"><ele>930.0</ele></trkpt><trkpt lat="35.24129" lon="-83.65508"><ele>926.0</ele></trkpt><trkpt lat="35.24142" lon="-83.65487000000002"><ele>928.0</ele></trkpt><trkpt lat="35.24157" lon="-83.65469999999999"><ele>932.0</ele></trkpt><trkpt lat="35.24203" lon="-83.65463"><ele>932.0</ele></trkpt><trkpt lat="35.24254" lon="-83.65431000000001"><ele>932.0</ele></trkpt><trkpt lat="35.24256" lon="-83.65409"><ele>928.0</ele></trkpt><trkpt lat="35.24272" lon="-83.65390000000002"><ele>940.0</ele></trkpt><trkpt lat="35.24293" lon="-83.65357"><ele>941.0</ele></trkpt><trkpt lat="35.2431" lon="-83.65355999999997"><ele>949.0</ele></trkpt><trkpt lat="35.24331" lon="-83.65373"><ele>953.0</ele></trkpt><trkpt lat="35.24333" lon="-83.65391"><ele>954.0</ele></trkpt><trkpt lat="35.24348" lon="-83.65411"><ele>952.0</ele></trkpt><trkpt lat="35.24362" lon="-83.65442999999999"><ele>956.0</ele></trkpt><trkpt lat="35.24362" lon="-83.65463"><ele>961.0</ele></trkpt><trkpt lat="35.24379" lon="-83.65490999999997"><ele>955.0</ele></trkpt><trkpt lat="35.24383" lon="-83.65514999999999"><ele>965.0</ele></trkpt><trkpt lat="35.24383" lon="-83.65532000000002"><ele>970.0</ele></trkpt><trkpt lat="35.24379" lon="-83.65564"><ele>968.0</ele></trkpt><trkpt lat="35.24369" lon="-83.65573999999998"><ele>971.0</ele></trkpt><trkpt lat="35.2438" lon="-83.656"><ele>955.0</ele></trkpt><trkpt lat="35.24387" lon="-83.65634"><ele>948.0</ele></trkpt><trkpt lat="35.24389" lon="-83.65656000000001"><ele>955.0</ele></trkpt><trkpt lat="35.24383" lon="-83.65676000000002"><ele>966.0</ele></trkpt><trkpt lat="35.24367" lon="-83.65690999999998"><ele>973.0</ele></trkpt><trkpt lat="35.24358" lon="-83.65708999999998"><ele>978.0</ele></trkpt><trkpt lat="35.24356" lon="-83.65726999999998"><ele>979.0</ele></trkpt><trkpt lat="35.24296" lon="-83.6574"><ele>1016.0</ele></trkpt><trkpt lat="35.24288" lon="-83.65746000000001"><ele>1020.0</ele></trkpt><trkpt lat="35.24335" lon="-83.65805"><ele>978.0</ele></trkpt><trkpt lat="35.24368" lon="-83.65841"><ele>967.0</ele></trkpt><trkpt lat="35.24373" lon="-83.65859"><ele>967.0</ele></trkpt><trkpt lat="35.24349" lon="-83.65866"><ele>969.0</ele></trkpt><trkpt lat="35.24342" lon="-83.65885000000003"><ele>964.0</ele></trkpt><trkpt lat="35.24325" lon="-83.65899999999999"><ele>973.0</ele></trkpt><trkpt lat="35.24325" lon="-83.65922"><ele>969.0</ele></trkpt><trkpt lat="35.24321" lon="-83.65951000000001"><ele>963.0</ele></trkpt><trkpt lat="35.24311" lon="-83.65972999999997"><ele>964.0</ele></trkpt><trkpt lat="35.24311" lon="-83.65992"><ele>962.0</ele></trkpt><trkpt lat="35.24299" lon="-83.66005999999999"><ele>964.0</ele></trkpt><trkpt lat="35.24277" lon="-83.66012"><ele>969.0</ele></trkpt><trkpt lat="35.24293" lon="-83.66039"><ele>962.0</ele></trkpt><trkpt lat="35.2431" lon="-83.66062"><ele>959.0</ele></trkpt><trkpt lat="35.24316" lon="-83.66104000000001"><ele>955.0</ele></trkpt><trkpt lat="35.24343" lon="-83.66156000000001"><ele>953.0</ele></trkpt><trkpt lat="35.24361" lon="-83.66155000000003"><ele>949.0</ele></trkpt><trkpt lat="35.24382" lon="-83.66167999999999"><ele>945.0</ele></trkpt><trkpt lat="35.24404" lon="-83.66203000000002"><ele>953.0</ele></trkpt><trkpt lat="35.24408" lon="-83.66235"><ele>957.0</ele></trkpt><trkpt lat="35.24416" lon="-83.66255000000001"><ele>950.0</ele></trkpt><trkpt lat="35.24437" lon="-83.66264999999999"><ele>944.0</ele></trkpt><trkpt lat="35.24449" lon="-83.66278999999997"><ele>947.0</ele></trkpt><trkpt lat="35.24476" lon="-83.66271"><ele>940.0</ele></trkpt><trkpt lat="35.24486" lon="-83.66230999999999"><ele>940.0</ele></trkpt><trkpt lat="35.24525" lon="-83.66215"><ele>946.0</ele></trkpt><trkpt lat="35.24538" lon="-83.66192000000001"><ele>938.0</ele></trkpt><trkpt lat="35.24556" lon="-83.66182000000003"><ele>943.0</ele></trkpt><trkpt lat="35.24562" lon="-83.66183999999998"><ele>945.0</ele></trkpt><trkpt lat="35.24562" lon="-83.66183999999998"><ele>945.0</ele></trkpt><trkpt lat="35.24579" lon="-83.66205000000002"><ele>949.0</ele></trkpt><trkpt lat="35.24626" lon="-83.66212000000002"><ele>937.0</ele></trkpt><trkpt lat="35.24642" lon="-83.66224999999997"><ele>939.0</ele></trkpt><trkpt lat="35.24655" lon="-83.66245000000004"><ele>945.0</ele></trkpt><trkpt lat="35.24689" lon="-83.6626"><ele>935.0</ele></trkpt><trkpt lat="35.24711" lon="-83.66275000000002"><ele>934.0</ele></trkpt><trkpt lat="35.24717" lon="-83.66296999999997"><ele>942.0</ele></trkpt><trkpt lat="35.24715" lon="-83.66327000000001"><ele>942.0</ele></trkpt><trkpt lat="35.2472" lon="-83.66352"><ele>936.0</ele></trkpt><trkpt lat="35.24684" lon="-83.66385000000002"><ele>931.0</ele></trkpt><trkpt lat="35.24682" lon="-83.66388999999998"><ele>929.0</ele></trkpt><trkpt lat="35.24693" lon="-83.66395999999997"><ele>926.0</ele></trkpt><trkpt lat="35.24712" lon="-83.66413"><ele>922.0</ele></trkpt><trkpt lat="35.24712" lon="-83.66417999999999"><ele>920.0</ele></trkpt><trkpt lat="35.24688" lon="-83.66449"><ele>914.0</ele></trkpt><trkpt lat="35.24663" lon="-83.66467"><ele>924.0</ele></trkpt><trkpt lat="35.24618" lon="-83.66518000000002"><ele>920.0</ele></trkpt><trkpt lat="35.24615" lon="-83.66527000000002"><ele>919.0</ele></trkpt><trkpt lat="35.24618" lon="-83.66530999999998"><ele>917.0</ele></trkpt><trkpt lat="35.24622" lon="-83.66534999999999"><ele>916.0</ele></trkpt><trkpt lat="35.2463" lon="-83.66536000000002"><ele>913.0</ele></trkpt><trkpt lat="35.24682" lon="-83.66537"><ele>904.0</ele></trkpt><trkpt lat="35.24714" lon="-83.66539999999998"><ele>908.0</ele></trkpt><trkpt lat="35.24722" lon="-83.66548999999998"><ele>912.0</ele></trkpt><trkpt lat="35.24725" lon="-83.66557"><ele>913.0</ele></trkpt><trkpt lat="35.24734" lon="-83.66606999999999"><ele>913.0</ele></trkpt><trkpt lat="35.24726" lon="-83.66615000000002"><ele>916.0</ele></trkpt><trkpt lat="35.24725" lon="-83.66636"><ele>914.0</ele></trkpt><trkpt lat="35.2473" lon="-83.66651000000002"><ele>910.0</ele></trkpt><trkpt lat="35.24734" lon="-83.66685000000001"><ele>909.0</ele></trkpt><trkpt lat="35.2475" lon="-83.66694999999999"><ele>910.0</ele></trkpt><trkpt lat="35.24756" lon="-83.66706999999997"><ele>906.0</ele></trkpt><trkpt lat="35.24771" lon="-83.66768000000002"><ele>896.0</ele></trkpt><trkpt lat="35.24773" lon="-83.66771"><ele>896.0</ele></trkpt><trkpt lat="35.24791" lon="-83.66768000000002"><ele>899.0</ele></trkpt><trkpt lat="35.24796" lon="-83.66760999999997"><ele>898.0</ele></trkpt><trkpt lat="35.24814" lon="-83.66757000000001"><ele>890.0</ele></trkpt><trkpt lat="35.24837" lon="-83.66766999999999"><ele>887.0</ele></trkpt><trkpt lat="35.24844" lon="-83.66784999999999"><ele>884.0</ele></trkpt><trkpt lat="35.2486" lon="-83.66809"><ele>885.0</ele></trkpt><trkpt lat="35.24864" lon="-83.66820999999999"><ele>883.0</ele></trkpt><trkpt lat="35.24864" lon="-83.66827"><ele>880.0</ele></trkpt><trkpt lat="35.24862" lon="-83.66829000000001"><ele>880.0</ele></trkpt><trkpt lat="35.24838" lon="-83.66827"><ele>874.0</ele></trkpt><trkpt lat="35.24832" lon="-83.66832"><ele>872.0</ele></trkpt><trkpt lat="35.24827" lon="-83.66845"><ele>869.0</ele></trkpt><trkpt lat="35.2482" lon="-83.66876000000002"><ele>863.0</ele></trkpt><trkpt lat="35.24821" lon="-83.66892000000001"><ele>861.0</ele></trkpt><trkpt lat="35.24819" lon="-83.66904999999997"><ele>861.0</ele></trkpt><trkpt lat="35.24809" lon="-83.66922"><ele>867.0</ele></trkpt><trkpt lat="35.24783" lon="-83.66928000000001"><ele>864.0</ele></trkpt><trkpt lat="35.24777" lon="-83.66944000000001"><ele>857.0</ele></trkpt><trkpt lat="35.24782" lon="-83.66962000000001"><ele>853.0</ele></trkpt><trkpt lat="35.24781" lon="-83.66984000000002"><ele>849.0</ele></trkpt><trkpt lat="35.24753" lon="-83.67024000000004"><ele>846.0</ele></trkpt><trkpt lat="35.24747" lon="-83.67056000000002"><ele>846.0</ele></trkpt><trkpt lat="35.24722" lon="-83.67088999999999"><ele>847.0</ele></trkpt><trkpt lat="35.24711" lon="-83.67108000000002"><ele>850.0</ele></trkpt><trkpt lat="35.24713" lon="-83.67129"><ele>852.0</ele></trkpt><trkpt lat="35.24708" lon="-83.67145"><ele>853.0</ele></trkpt><trkpt lat="35.24688" lon="-83.67167"><ele>855.0</ele></trkpt><trkpt lat="35.2467" lon="-83.67174999999997"><ele>853.0</ele></trkpt><trkpt lat="35.2466" lon="-83.67187999999999"><ele>855.0</ele></trkpt><trkpt lat="35.2466" lon="-83.67187999999999"><ele>855.0</ele></trkpt><trkpt lat="35.24632" lon="-83.67205000000001"><ele>854.0</ele></trkpt><trkpt lat="35.2462" lon="-83.67230999999998"><ele>861.0</ele></trkpt><trkpt lat="35.24619" lon="-83.67284999999998"><ele>866.0</ele></trkpt><trkpt lat="35.24624" lon="-83.67311999999998"><ele>868.0</ele></trkpt><trkpt lat="35.24612" lon="-83.67347999999998"><ele>872.0</ele></trkpt><trkpt lat="35.24609" lon="-83.67368999999997"><ele>876.0</ele></trkpt><trkpt lat="35.246067687916636" lon="-83.67377785382826"><ele>878.0</ele></trkpt><trkpt lat="35.24606509262267" lon="-83.67378807287992"><ele>878.0</ele></trkpt><trkpt lat="35.24593" lon="-83.67431999999997"><ele>883.0</ele></trkpt><trkpt lat="35.24593" lon="-83.67473999999999"><ele>888.0</ele></trkpt><trkpt lat="35.24598" lon="-83.67497000000003"><ele>891.0</ele></trkpt><trkpt lat="35.24593" lon="-83.67527999999999"><ele>889.0</ele></trkpt><trkpt lat="35.24595" lon="-83.67554000000001"><ele>896.0</ele></trkpt><trkpt lat="35.24603" lon="-83.67584999999997"><ele>903.0</ele></trkpt><trkpt lat="35.24619" lon="-83.67617999999999"><ele>911.0</ele></trkpt><trkpt lat="35.24635" lon="-83.67641000000003"><ele>911.0</ele></trkpt><trkpt lat="35.24637" lon="-83.67664000000002"><ele>907.0</ele></trkpt><trkpt lat="35.24649" lon="-83.67725000000002"><ele>910.0</ele></trkpt><trkpt lat="35.24666" lon="-83.67750999999998"><ele>919.0</ele></trkpt><trkpt lat="35.24665" lon="-83.67754000000002"><ele>919.0</ele></trkpt><trkpt lat="35.2465" lon="-83.67758000000003"><ele>909.0</ele></trkpt><trkpt lat="35.24645" lon="-83.67768999999998"><ele>904.0</ele></trkpt><trkpt lat="35.24634" lon="-83.67827"><ele>920.0</ele></trkpt><trkpt lat="35.2463" lon="-83.67883"><ele>926.0</ele></trkpt><trkpt lat="35.24654" lon="-83.67989999999998"><ele>940.0</ele></trkpt><trkpt lat="35.24666" lon="-83.68018000000001"><ele>937.0</ele></trkpt><trkpt lat="35.24687" lon="-83.68056000000001"><ele>948.0</ele></trkpt><trkpt lat="35.2469" lon="-83.68054000000001"><ele>950.0</ele></trkpt><trkpt lat="35.24685" lon="-83.68036999999998"><ele>950.0</ele></trkpt><trkpt lat="35.24689" lon="-83.68022000000002"><ele>953.0</ele></trkpt><trkpt lat="35.24689" lon="-83.68011999999999"><ele>950.0</ele></trkpt><trkpt lat="35.24681" lon="-83.67978"><ele>957.0</ele></trkpt><trkpt lat="35.24681" lon="-83.67957000000001"><ele>963.0</ele></trkpt><trkpt lat="35.24687" lon="-83.67939000000001"><ele>969.0</ele></trkpt><trkpt lat="35.24704" lon="-83.67930000000001"><ele>975.0</ele></trkpt><trkpt lat="35.24711" lon="-83.67935"><ele>974.0</ele></trkpt><trkpt lat="35.2473" lon="-83.67962999999997"><ele>975.0</ele></trkpt><trkpt lat="35.2475" lon="-83.67982999999998"><ele>978.0</ele></trkpt><trkpt lat="35.2476" lon="-83.67987"><ele>980.0</ele></trkpt><trkpt lat="35.2476" lon="-83.67977000000002"><ele>984.0</ele></trkpt><trkpt lat="35.24763" lon="-83.67970000000003"><ele>986.0</ele></trkpt><trkpt lat="35.24768" lon="-83.67970000000003"><ele>987.0</ele></trkpt><trkpt lat="35.24784" lon="-83.67980999999997"><ele>988.0</ele></trkpt><trkpt lat="35.24811" lon="-83.68016"><ele>995.0</ele></trkpt><trkpt lat="35.24817" lon="-83.68034999999998"><ele>993.0</ele></trkpt><trkpt lat="35.24813" lon="-83.68054000000001"><ele>991.0</ele></trkpt><trkpt lat="35.24817" lon="-83.68061"><ele>995.0</ele></trkpt><trkpt lat="35.24831" lon="-83.68068"><ele>1004.0</ele></trkpt><trkpt lat="35.24852" lon="-83.68058000000002"><ele>1008.0</ele></trkpt><trkpt lat="35.24879" lon="-83.68058000000002"><ele>1005.0</ele></trkpt><trkpt lat="35.24894" lon="-83.68065000000001"><ele>1003.0</ele></trkpt><trkpt lat="35.24931" lon="-83.68072000000001"><ele>1006.0</ele></trkpt><trkpt lat="35.24935" lon="-83.68079999999998"><ele>1006.0</ele></trkpt><trkpt lat="35.24943" lon="-83.68088999999998"><ele>1007.0</ele></trkpt><trkpt lat="35.24949" lon="-83.68087000000003"><ele>1010.0</ele></trkpt><trkpt lat="35.24948" lon="-83.68072999999998"><ele>1009.0</ele></trkpt><trkpt lat="35.24953" lon="-83.68061999999998"><ele>1014.0</ele></trkpt><trkpt lat="35.24963" lon="-83.68054999999998"><ele>1020.0</ele></trkpt><trkpt lat="35.24974" lon="-83.68047999999999"><ele>1025.0</ele></trkpt><trkpt lat="35.25012" lon="-83.68034999999998"><ele>1038.0</ele></trkpt><trkpt lat="35.25032" lon="-83.68024000000003"><ele>1041.0</ele></trkpt><trkpt lat="35.25058" lon="-83.67964"><ele>1040.0</ele></trkpt><trkpt lat="35.25081" lon="-83.67937999999998"><ele>1055.0</ele></trkpt><trkpt lat="35.25103" lon="-83.67926999999997"><ele>1063.0</ele></trkpt><trkpt lat="35.2511" lon="-83.67919999999998"><ele>1061.0</ele></trkpt><trkpt lat="35.25132" lon="-83.67923000000002"><ele>1075.0</ele></trkpt><trkpt lat="35.25185" lon="-83.67975000000001"><ele>1088.0</ele></trkpt><trkpt lat="35.25241" lon="-83.67986000000002"><ele>1091.0</ele></trkpt><trkpt lat="35.2526" lon="-83.68000999999998"><ele>1106.0</ele></trkpt><trkpt lat="35.25269" lon="-83.67997000000003"><ele>1105.0</ele></trkpt><trkpt lat="35.25278" lon="-83.67987"><ele>1099.0</ele></trkpt><trkpt lat="35.2529" lon="-83.67970000000003"><ele>1087.0</ele></trkpt><trkpt lat="35.25324" lon="-83.67955999999998"><ele>1092.0</ele></trkpt><trkpt lat="35.25335" lon="-83.67944"><ele>1096.0</ele></trkpt><trkpt lat="35.25351" lon="-83.67948000000001"><ele>1105.0</ele></trkpt><trkpt lat="35.25352" lon="-83.67943000000002"><ele>1104.0</ele></trkpt><trkpt lat="35.25335" lon="-83.67914000000002"><ele>1087.0</ele></trkpt><trkpt lat="35.25324" lon="-83.67907000000002"><ele>1089.0</ele></trkpt><trkpt lat="35.25315" lon="-83.67894000000001"><ele>1095.0</ele></trkpt><trkpt lat="35.25319" lon="-83.67880000000002"><ele>1104.0</ele></trkpt><trkpt lat="35.2533" lon="-83.67865"><ele>1113.0</ele></trkpt><trkpt lat="35.25366" lon="-83.67836999999997"><ele>1131.0</ele></trkpt><trkpt lat="35.25381" lon="-83.67815000000002"><ele>1132.0</ele></trkpt><trkpt lat="35.25395" lon="-83.67803000000004"><ele>1137.0</ele></trkpt><trkpt lat="35.25401" lon="-83.678"><ele>1139.0</ele></trkpt><trkpt lat="35.2544" lon="-83.67806000000002"><ele>1146.0</ele></trkpt><trkpt lat="35.25476" lon="-83.67806999999999"><ele>1153.0</ele></trkpt><trkpt lat="35.25497" lon="-83.67797999999999"><ele>1140.0</ele></trkpt><trkpt lat="35.25503" lon="-83.67793"><ele>1137.0</ele></trkpt><trkpt lat="35.25509" lon="-83.67770999999999"><ele>1124.0</ele></trkpt><trkpt lat="35.25516" lon="-83.67725999999999"><ele>1106.0</ele></trkpt><trkpt lat="35.25527" lon="-83.67696000000001"><ele>1112.0</ele></trkpt><trkpt lat="35.25543" lon="-83.67683999999997"><ele>1123.0</ele></trkpt><trkpt lat="35.2556" lon="-83.67664000000002"><ele>1127.0</ele></trkpt><trkpt lat="35.25571" lon="-83.67668000000003"><ele>1122.0</ele></trkpt><trkpt lat="35.25568" lon="-83.67683999999997"><ele>1127.0</ele></trkpt><trkpt lat="35.25571" lon="-83.67689999999999"><ele>1126.0</ele></trkpt><trkpt lat="35.25583" lon="-83.67700000000002"><ele>1122.0</ele></trkpt><trkpt lat="35.25594" lon="-83.67707000000001"><ele>1120.0</ele></trkpt><trkpt lat="35.25611" lon="-83.67709000000002"><ele>1114.0</ele></trkpt><trkpt lat="35.25635" lon="-83.67718000000002"><ele>1120.0</ele></trkpt><trkpt lat="35.25676" lon="-83.67716000000001"><ele>1111.0</ele></trkpt><trkpt lat="35.25696" lon="-83.67710999999997"><ele>1112.0</ele></trkpt><trkpt lat="35.25711" lon="-83.67712"><ele>1117.0</ele></trkpt><trkpt lat="35.25761" lon="-83.67728999999997"><ele>1116.0</ele></trkpt><trkpt lat="35.25773" lon="-83.6773"><ele>1112.0</ele></trkpt><trkpt lat="35.25782" lon="-83.67725999999999"><ele>1106.0</ele></trkpt><trkpt lat="35.25793" lon="-83.6771"><ele>1091.0</ele></trkpt><trkpt lat="35.2583" lon="-83.67701"><ele>1099.0</ele></trkpt><trkpt lat="35.25869" lon="-83.67707999999999"><ele>1112.0</ele></trkpt><trkpt lat="35.25904326834997" lon="-83.67723330513303"><ele>1107.0</ele></trkpt><trkpt lat="35.2590681228518" lon="-83.67724409089516"><ele>1106.0</ele></trkpt><trkpt lat="35.25922" lon="-83.67731000000003"><ele>1105.0</ele></trkpt><trkpt lat="35.25925" lon="-83.6773"><ele>1102.0</ele></trkpt><trkpt lat="35.25934" lon="-83.67709000000002"><ele>1089.0</ele></trkpt><trkpt lat="35.25935" lon="-83.67692999999997"><ele>1085.0</ele></trkpt><trkpt lat="35.25942" lon="-83.67680000000001"><ele>1087.0</ele></trkpt><trkpt lat="35.2596" lon="-83.67644000000001"><ele>1091.0</ele></trkpt><trkpt lat="35.2597" lon="-83.67632000000003"><ele>1095.0</ele></trkpt><trkpt lat="35.25998" lon="-83.67633000000001"><ele>1111.0</ele></trkpt><trkpt lat="35.26022" lon="-83.67629"><ele>1116.0</ele></trkpt><trkpt lat="35.26036" lon="-83.67622"><ele>1118.0</ele></trkpt><trkpt lat="35.26045" lon="-83.67606999999998"><ele>1112.0</ele></trkpt><trkpt lat="35.26048" lon="-83.67579999999998"><ele>1097.0</ele></trkpt><trkpt lat="35.26038" lon="-83.67527999999999"><ele>1072.0</ele></trkpt><trkpt lat="35.26039" lon="-83.67512999999997"><ele>1073.0</ele></trkpt><trkpt lat="35.26056" lon="-83.67507"><ele>1083.0</ele></trkpt><trkpt lat="35.2607" lon="-83.67491000000001"><ele>1090.0</ele></trkpt><trkpt lat="35.26082" lon="-83.67433"><ele>1071.0</ele></trkpt><trkpt lat="35.2609" lon="-83.67433"><ele>1069.0</ele></trkpt><trkpt lat="35.26155" lon="-83.67462"><ele>1054.0</ele></trkpt><trkpt lat="35.26187" lon="-83.67464999999999"><ele>1048.0</ele></trkpt><trkpt lat="35.26206" lon="-83.67475000000002"><ele>1053.0</ele></trkpt><trkpt lat="35.26226" lon="-83.67467999999997"><ele>1040.0</ele></trkpt><trkpt lat="35.26244" lon="-83.67467999999997"><ele>1043.0</ele></trkpt><trkpt lat="35.2625" lon="-83.67473999999999"><ele>1046.0</ele></trkpt><trkpt lat="35.26265" lon="-83.67518999999999"><ele>1044.0</ele></trkpt><trkpt lat="35.26265" lon="-83.67539"><ele>1044.0</ele></trkpt><trkpt lat="35.2626" lon="-83.67551000000003"><ele>1047.0</ele></trkpt><trkpt lat="35.2626" lon="-83.67561"><ele>1045.0</ele></trkpt><trkpt lat="35.26278" lon="-83.67633000000001"><ele>1016.0</ele></trkpt><trkpt lat="35.26277" lon="-83.67641000000003"><ele>1013.0</ele></trkpt><trkpt lat="35.26267" lon="-83.67662999999999"><ele>1012.0</ele></trkpt><trkpt lat="35.26287" lon="-83.67700000000002"><ele>998.0</ele></trkpt><trkpt lat="35.26293" lon="-83.67719"><ele>999.0</ele></trkpt><trkpt lat="35.2629" lon="-83.67731000000003"><ele>1007.0</ele></trkpt><trkpt lat="35.26252" lon="-83.67770999999999"><ele>1002.0</ele></trkpt><trkpt lat="35.26248" lon="-83.67776000000003"><ele>1000.0</ele></trkpt><trkpt lat="35.26249" lon="-83.67781000000002"><ele>996.0</ele></trkpt><trkpt lat="35.26262" lon="-83.67793"><ele>984.0</ele></trkpt><trkpt lat="35.2628" lon="-83.67804000000001"><ele>978.0</ele></trkpt><trkpt lat="35.26285" lon="-83.67813999999998"><ele>982.0</ele></trkpt><trkpt lat="35.26356" lon="-83.67863"><ele>994.0</ele></trkpt><trkpt lat="35.26356" lon="-83.67863"><ele>994.0</ele></trkpt><trkpt lat="35.26374" lon="-83.67874999999998"><ele>1002.0</ele></trkpt><trkpt lat="35.26395" lon="-83.67865999999998"><ele>992.0</ele></trkpt><trkpt lat="35.26432" lon="-83.67863"><ele>988.0</ele></trkpt><trkpt lat="35.26446" lon="-83.67874999999998"><ele>992.0</ele></trkpt><trkpt lat="35.26473" lon="-83.67881"><ele>992.0</ele></trkpt><trkpt lat="35.26493" lon="-83.67863999999997"><ele>989.0</ele></trkpt><trkpt lat="35.26504" lon="-83.67847999999998"><ele>991.0</ele></trkpt><trkpt lat="35.26585" lon="-83.67867999999999"><ele>968.0</ele></trkpt><trkpt lat="35.26575" lon="-83.67874"><ele>968.0</ele></trkpt><trkpt lat="35.26569" lon="-83.67883"><ele>962.0</ele></trkpt><trkpt lat="35.26591" lon="-83.67892999999998"><ele>953.0</ele></trkpt><trkpt lat="35.26613" lon="-83.67863"><ele>949.0</ele></trkpt><trkpt lat="35.26615" lon="-83.67863999999997"><ele>948.0</ele></trkpt><trkpt lat="35.26616" lon="-83.67869999999999"><ele>945.0</ele></trkpt><trkpt lat="35.26603" lon="-83.67894999999999"><ele>947.0</ele></trkpt><trkpt lat="35.26602" lon="-83.67908"><ele>940.0</ele></trkpt><trkpt lat="35.26618" lon="-83.67907000000002"><ele>931.0</ele></trkpt><trkpt lat="35.26639" lon="-83.67892999999998"><ele>919.0</ele></trkpt><trkpt lat="35.26677" lon="-83.67880000000002"><ele>911.0</ele></trkpt><trkpt lat="35.26691" lon="-83.67876000000001"><ele>903.0</ele></trkpt><trkpt lat="35.267" lon="-83.67878999999999"><ele>903.0</ele></trkpt><trkpt lat="35.267" lon="-83.67878999999999"><ele>903.0</ele></trkpt><trkpt lat="35.26706" lon="-83.67887999999999"><ele>903.0</ele></trkpt><trkpt lat="35.26702" lon="-83.67899999999997"><ele>903.0</ele></trkpt><trkpt lat="35.26692" lon="-83.67908999999997"><ele>903.0</ele></trkpt><trkpt lat="35.26672" lon="-83.67910999999998"><ele>900.0</ele></trkpt><trkpt lat="35.2666" lon="-83.67917999999997"><ele>896.0</ele></trkpt><trkpt lat="35.26648" lon="-83.67935999999997"><ele>897.0</ele></trkpt><trkpt lat="35.26638" lon="-83.67962999999997"><ele>894.0</ele></trkpt><trkpt lat="35.26632" lon="-83.67970000000003"><ele>894.0</ele></trkpt><trkpt lat="35.26623" lon="-83.67973"><ele>892.0</ele></trkpt><trkpt lat="35.2657" lon="-83.67971"><ele>889.0</ele></trkpt><trkpt lat="35.26564" lon="-83.67971999999997"><ele>888.0</ele></trkpt><trkpt lat="35.26556" lon="-83.67979000000003"><ele>887.0</ele></trkpt><trkpt lat="35.26552" lon="-83.67989999999998"><ele>886.0</ele></trkpt><trkpt lat="35.26553" lon="-83.68022000000002"><ele>882.0</ele></trkpt><trkpt lat="35.26546" lon="-83.68043"><ele>881.0</ele></trkpt><trkpt lat="35.26533" lon="-83.68059"><ele>879.0</ele></trkpt><trkpt lat="35.26494" lon="-83.68065000000001"><ele>877.0</ele></trkpt><trkpt lat="35.26481" lon="-83.68074000000001"><ele>875.0</ele></trkpt><trkpt lat="35.26474" lon="-83.68132000000003"><ele>871.0</ele></trkpt><trkpt lat="35.26465" lon="-83.68149"><ele>868.0</ele></trkpt><trkpt lat="35.26451" lon="-83.68162999999998"><ele>866.0</ele></trkpt><trkpt lat="35.26436" lon="-83.68173000000002"><ele>866.0</ele></trkpt><trkpt lat="35.26424" lon="-83.68176"><ele>867.0</ele></trkpt><trkpt lat="35.26411" lon="-83.68174999999997"><ele>867.0</ele></trkpt><trkpt lat="35.26392" lon="-83.68167"><ele>868.0</ele></trkpt><trkpt lat="35.26366" lon="-83.68144000000001"><ele>866.0</ele></trkpt><trkpt lat="35.26361" lon="-83.68144999999998"><ele>865.0</ele></trkpt><trkpt lat="35.26361" lon="-83.68151999999998"><ele>863.0</ele></trkpt><trkpt lat="35.26378" lon="-83.68169999999998"><ele>861.0</ele></trkpt><trkpt lat="35.26406" lon="-83.68187999999998"><ele>856.0</ele></trkpt><trkpt lat="35.26421" lon="-83.68194"><ele>855.0</ele></trkpt><trkpt lat="35.26442" lon="-83.68194"><ele>852.0</ele></trkpt><trkpt lat="35.26463" lon="-83.68183999999997"><ele>850.0</ele></trkpt><trkpt lat="35.26475" lon="-83.68173999999999"><ele>848.0</ele></trkpt><trkpt lat="35.26513" lon="-83.68115"><ele>839.0</ele></trkpt><trkpt lat="35.2653" lon="-83.68110999999999"><ele>841.0</ele></trkpt><trkpt lat="35.26552" lon="-83.68117000000001"><ele>838.0</ele></trkpt><trkpt lat="35.26568" lon="-83.68117000000001"><ele>837.0</ele></trkpt><trkpt lat="35.26573" lon="-83.68114000000003"><ele>836.0</ele></trkpt><trkpt lat="35.26581" lon="-83.68101000000001"><ele>834.0</ele></trkpt><trkpt lat="35.26589" lon="-83.68061"><ele>831.0</ele></trkpt><trkpt lat="35.26597" lon="-83.68051000000003"><ele>830.0</ele></trkpt><trkpt lat="35.26609" lon="-83.68051000000003"><ele>829.0</ele></trkpt><trkpt lat="35.26646" lon="-83.68070999999998"><ele>824.0</ele></trkpt><trkpt lat="35.26656" lon="-83.68074000000001"><ele>824.0</ele></trkpt><trkpt lat="35.2667" lon="-83.68063999999998"><ele>821.0</ele></trkpt><trkpt lat="35.26691" lon="-83.68036000000001"><ele>818.0</ele></trkpt><trkpt lat="35.26702" lon="-83.68033000000003"><ele>817.0</ele></trkpt><trkpt lat="35.26733" lon="-83.68054999999998"><ele>813.0</ele></trkpt><trkpt lat="35.26745" lon="-83.68058000000002"><ele>811.0</ele></trkpt><trkpt lat="35.26756" lon="-83.68056999999999"><ele>809.0</ele></trkpt><trkpt lat="35.26764" lon="-83.68054000000001"><ele>805.0</ele></trkpt><trkpt lat="35.26774" lon="-83.68043999999998"><ele>805.0</ele></trkpt><trkpt lat="35.26782" lon="-83.68015000000003"><ele>804.0</ele></trkpt><trkpt lat="35.26787" lon="-83.68005"><ele>804.0</ele></trkpt><trkpt lat="35.26793" lon="-83.67998999999998"><ele>803.0</ele></trkpt><trkpt lat="35.2683" lon="-83.67986000000002"><ele>799.0</ele></trkpt><trkpt lat="35.26855" lon="-83.67980999999997"><ele>795.0</ele></trkpt><trkpt lat="35.26887" lon="-83.67988000000003"><ele>789.0</ele></trkpt><trkpt lat="35.26894" lon="-83.67995000000002"><ele>787.0</ele></trkpt><trkpt lat="35.26894" lon="-83.68004000000002"><ele>786.0</ele></trkpt><trkpt lat="35.26891" lon="-83.68007999999998"><ele>785.0</ele></trkpt><trkpt lat="35.26854" lon="-83.68013000000002"><ele>781.0</ele></trkpt><trkpt lat="35.26839" lon="-83.68020999999999"><ele>780.0</ele></trkpt><trkpt lat="35.2682" lon="-83.68051000000003"><ele>777.0</ele></trkpt><trkpt lat="35.26812" lon="-83.68067000000002"><ele>774.0</ele></trkpt><trkpt lat="35.26812" lon="-83.68074999999999"><ele>773.0</ele></trkpt><trkpt lat="35.26817" lon="-83.68083999999999"><ele>771.0</ele></trkpt><trkpt lat="35.26838" lon="-83.68101999999999"><ele>769.0</ele></trkpt><trkpt lat="35.26858" lon="-83.68135000000001"><ele>766.0</ele></trkpt><trkpt lat="35.26874" lon="-83.68155000000002"><ele>763.0</ele></trkpt><trkpt lat="35.26884" lon="-83.68182000000002"><ele>760.0</ele></trkpt><trkpt lat="35.2689" lon="-83.68209000000002"><ele>758.0</ele></trkpt><trkpt lat="35.2689" lon="-83.68234000000001"><ele>756.0</ele></trkpt><trkpt lat="35.26884" lon="-83.68254000000002"><ele>755.0</ele></trkpt><trkpt lat="35.26874" lon="-83.68263999999999"><ele>753.0</ele></trkpt><trkpt lat="35.26838" lon="-83.68284"><ele>747.0</ele></trkpt><trkpt lat="35.26815" lon="-83.68291999999997"><ele>745.0</ele></trkpt><trkpt lat="35.26797" lon="-83.68294000000003"><ele>742.0</ele></trkpt><trkpt lat="35.26789" lon="-83.68293"><ele>741.0</ele></trkpt><trkpt lat="35.26777" lon="-83.68282999999997"><ele>739.0</ele></trkpt><trkpt lat="35.26756" lon="-83.68241999999998"><ele>735.0</ele></trkpt><trkpt lat="35.26748" lon="-83.68243000000001"><ele>734.0</ele></trkpt><trkpt lat="35.26745" lon="-83.68250999999998"><ele>733.0</ele></trkpt><trkpt lat="35.26774" lon="-83.68299000000002"><ele>729.0</ele></trkpt><trkpt lat="35.26783" lon="-83.68309999999997"><ele>728.0</ele></trkpt><trkpt lat="35.26794" lon="-83.68317000000002"><ele>727.0</ele></trkpt><trkpt lat="35.26823" lon="-83.68324000000001"><ele>722.0</ele></trkpt><trkpt lat="35.26902" lon="-83.6832"><ele>712.0</ele></trkpt><trkpt lat="35.26917" lon="-83.68308999999999"><ele>712.0</ele></trkpt><trkpt lat="35.26932" lon="-83.68284"><ele>707.0</ele></trkpt><trkpt lat="35.26938" lon="-83.68263000000002"><ele>707.0</ele></trkpt><trkpt lat="35.26947" lon="-83.68209999999999"><ele>705.0</ele></trkpt><trkpt lat="35.26953" lon="-83.68200999999999"><ele>704.0</ele></trkpt><trkpt lat="35.26959" lon="-83.68200000000002"><ele>705.0</ele></trkpt><trkpt lat="35.26998" lon="-83.68212"><ele>700.0</ele></trkpt><trkpt lat="35.27024" lon="-83.6823"><ele>697.0</ele></trkpt><trkpt lat="35.27033" lon="-83.68228999999997"><ele>696.0</ele></trkpt><trkpt lat="35.27054" lon="-83.68200999999999"><ele>693.0</ele></trkpt><trkpt lat="35.27066" lon="-83.68196999999998"><ele>692.0</ele></trkpt><trkpt lat="35.27087" lon="-83.68200000000002"><ele>689.0</ele></trkpt><trkpt lat="35.27096" lon="-83.68196"><ele>688.0</ele></trkpt><trkpt lat="35.27124" lon="-83.68164000000002"><ele>683.0</ele></trkpt><trkpt lat="35.27151" lon="-83.68144999999998"><ele>680.0</ele></trkpt><trkpt lat="35.27184" lon="-83.68108999999998"><ele>674.0</ele></trkpt><trkpt lat="35.27189" lon="-83.68097999999998"><ele>673.0</ele></trkpt><trkpt lat="35.27205" lon="-83.68036000000001"><ele>665.0</ele></trkpt><trkpt lat="35.27211" lon="-83.67998"><ele>660.0</ele></trkpt><trkpt lat="35.27211" lon="-83.67982999999998"><ele>658.0</ele></trkpt><trkpt lat="35.27204" lon="-83.67970000000003"><ele>657.0</ele></trkpt><trkpt lat="35.27185" lon="-83.67957000000001"><ele>655.0</ele></trkpt><trkpt lat="35.27166" lon="-83.67926"><ele>652.0</ele></trkpt><trkpt lat="35.27166" lon="-83.67926"><ele>652.0</ele></trkpt><trkpt lat="35.27153" lon="-83.67894999999999"><ele>649.0</ele></trkpt><trkpt lat="35.27138" lon="-83.67826000000002"><ele>641.0</ele></trkpt><trkpt lat="35.27138" lon="-83.67826000000002"><ele>641.0</ele></trkpt><trkpt lat="35.27141" lon="-83.67824000000002"><ele>641.0</ele></trkpt><trkpt lat="35.27144" lon="-83.67812000000004"><ele>636.0</ele></trkpt><trkpt lat="35.27147" lon="-83.67811"><ele>636.0</ele></trkpt><trkpt lat="35.2715" lon="-83.67813999999998"><ele>635.0</ele></trkpt><trkpt lat="35.27163" lon="-83.67831999999999"><ele>632.0</ele></trkpt><trkpt lat="35.27173" lon="-83.67856"><ele>632.0</ele></trkpt><trkpt lat="35.27188" lon="-83.67874999999998"><ele>629.0</ele></trkpt><trkpt lat="35.27196" lon="-83.67896000000002"><ele>628.0</ele></trkpt><trkpt lat="35.27201" lon="-83.67899"><ele>628.0</ele></trkpt><trkpt lat="35.27203" lon="-83.67892"><ele>627.0</ele></trkpt><trkpt lat="35.27203" lon="-83.67892"><ele>627.0</ele></trkpt><trkpt lat="35.27241" lon="-83.67898000000002"><ele>620.0</ele></trkpt><trkpt lat="35.27244963299564" lon="-83.67897603670042"><ele>620.0</ele></trkpt><trkpt lat="35.27244963299564" lon="-83.67897603670042"><ele>620.0</ele></trkpt><trkpt lat="35.27251" lon="-83.67896999999999"><ele>619.0</ele></trkpt><trkpt lat="35.27258" lon="-83.67887999999999"><ele>617.0</ele></trkpt><trkpt lat="35.27263" lon="-83.67862000000002"><ele>616.0</ele></trkpt><trkpt lat="35.27263" lon="-83.67862000000002"><ele>616.0</ele></trkpt><trkpt lat="35.2726" lon="-83.67845"><ele>616.0</ele></trkpt><trkpt lat="35.27261" lon="-83.67829"><ele>616.0</ele></trkpt><trkpt lat="35.27265286660567" lon="-83.678161400183"><ele>617.0</ele></trkpt><trkpt lat="35.27265286660567" lon="-83.678161400183"><ele>617.0</ele></trkpt><trkpt lat="35.27276" lon="-83.67784"><ele>616.0</ele></trkpt><trkpt lat="35.27276" lon="-83.67784"><ele>616.0</ele></trkpt><trkpt lat="35.27288" lon="-83.67748"><ele>617.0</ele></trkpt><trkpt lat="35.27288" lon="-83.67748"><ele>617.0</ele></trkpt><trkpt lat="35.27288" lon="-83.67732999999998"><ele>618.0</ele></trkpt><trkpt lat="35.27281" lon="-83.67716999999999"><ele>619.0</ele></trkpt><trkpt lat="35.27281" lon="-83.67716999999999"><ele>619.0</ele></trkpt><trkpt lat="35.27295232367993" lon="-83.67698273200006"><ele>619.0</ele></trkpt><trkpt lat="35.27295232367993" lon="-83.67698273200006"><ele>619.0</ele></trkpt><trkpt lat="35.273" lon="-83.67692"><ele>619.0</ele></trkpt><trkpt lat="35.273" lon="-83.67692"><ele>619.0</ele></trkpt><trkpt lat="35.27305" lon="-83.67701999999997"><ele>618.0</ele></trkpt><trkpt lat="35.27313" lon="-83.67749000000003"><ele>616.0</ele></trkpt><trkpt lat="35.27321" lon="-83.67768999999998"><ele>615.0</ele></trkpt><trkpt lat="35.27332" lon="-83.67777999999998"><ele>613.0</ele></trkpt><trkpt lat="35.27332" lon="-83.67777999999998"><ele>613.0</ele></trkpt><trkpt lat="35.27363" lon="-83.67797000000002"><ele>615.0</ele></trkpt><trkpt lat="35.27363" lon="-83.67797000000002"><ele>615.0</ele></trkpt><trkpt lat="35.27370785652324" lon="-83.67803370079173"><ele>615.0</ele></trkpt><trkpt lat="35.27370785652324" lon="-83.67803370079173"><ele>615.0</ele></trkpt><trkpt lat="35.27374" lon="-83.67806000000002"><ele>615.0</ele></trkpt><trkpt lat="35.27381" lon="-83.67818"><ele>614.0</ele></trkpt><trkpt lat="35.27392" lon="-83.67869000000002"><ele>613.0</ele></trkpt><trkpt lat="35.27403" lon="-83.67881"><ele>613.0</ele></trkpt><trkpt lat="35.27439" lon="-83.67905999999999"><ele>611.0</ele></trkpt><trkpt lat="35.27469" lon="-83.67944999999997"><ele>611.0</ele></trkpt><trkpt lat="35.2748" lon="-83.67964"><ele>611.0</ele></trkpt><trkpt lat="35.27491" lon="-83.68002000000001"><ele>611.0</ele></trkpt><trkpt lat="35.27506" lon="-83.68016999999998"><ele>611.0</ele></trkpt><trkpt lat="35.27518" lon="-83.68022000000002"><ele>611.0</ele></trkpt><trkpt lat="35.27544" lon="-83.68023"><ele>610.0</ele></trkpt><trkpt lat="35.2761" lon="-83.68009"><ele>608.0</ele></trkpt><trkpt lat="35.2762" lon="-83.68009"><ele>608.0</ele></trkpt><trkpt lat="35.27644" lon="-83.68016999999998"><ele>609.0</ele></trkpt><trkpt lat="35.27682" lon="-83.68043"><ele>608.0</ele></trkpt><trkpt lat="35.27696" lon="-83.68045000000001"><ele>608.0</ele></trkpt><trkpt lat="35.27709" lon="-83.68040000000002"><ele>607.0</ele></trkpt><trkpt lat="35.27744" lon="-83.68004000000002"><ele>607.0</ele></trkpt><trkpt lat="35.27847" lon="-83.67842999999999"><ele>605.0</ele></trkpt><trkpt lat="35.27854" lon="-83.67836"><ele>605.0</ele></trkpt><trkpt lat="35.278837336302956" lon="-83.6781815982182"><ele>604.0</ele></trkpt><trkpt lat="35.27885219856181" lon="-83.67816754192955"><ele>604.0</ele></trkpt><trkpt lat="35.27931" lon="-83.67770000000002"><ele>603.0</ele></trkpt><trkpt lat="35.27942" lon="-83.67754000000002"><ele>603.0</ele></trkpt><trkpt lat="35.27971" lon="-83.67700000000002"><ele>602.0</ele></trkpt><trkpt lat="35.27982" lon="-83.67669999999998"><ele>602.0</ele></trkpt><trkpt lat="35.27983" lon="-83.67653999999999"><ele>602.0</ele></trkpt><trkpt lat="35.27977" lon="-83.67615999999998"><ele>601.0</ele></trkpt><trkpt lat="35.27973" lon="-83.67574000000002"><ele>601.0</ele></trkpt><trkpt lat="35.27977" lon="-83.67559"><ele>601.0</ele></trkpt><trkpt lat="35.27983" lon="-83.6755"><ele>600.0</ele></trkpt><trkpt lat="35.28006" lon="-83.6753"><ele>600.0</ele></trkpt><trkpt lat="35.28021" lon="-83.67520999999999"><ele>600.0</ele></trkpt><trkpt lat="35.28045" lon="-83.67516"><ele>600.0</ele></trkpt><trkpt lat="35.28064" lon="-83.67496"><ele>600.0</ele></trkpt><trkpt lat="35.28075" lon="-83.67476999999997"><ele>600.0</ele></trkpt><trkpt lat="35.28078" lon="-83.67467999999997"><ele>600.0</ele></trkpt><trkpt lat="35.28071" lon="-83.67422999999997"><ele>599.0</ele></trkpt><trkpt lat="35.28075" lon="-83.67403999999999"><ele>599.0</ele></trkpt><trkpt lat="35.28083" lon="-83.67392000000001"><ele>599.0</ele></trkpt><trkpt lat="35.28123" lon="-83.67352"><ele>599.0</ele></trkpt><trkpt lat="35.2815" lon="-83.67320000000001"><ele>598.0</ele></trkpt><trkpt lat="35.2815" lon="-83.67320000000001"><ele>598.0</ele></trkpt><trkpt lat="35.2817" lon="-83.67293999999998"><ele>597.0</ele></trkpt><trkpt lat="35.28189" lon="-83.67277999999999"><ele>597.0</ele></trkpt><trkpt lat="35.28223" lon="-83.67259999999999"><ele>596.0</ele></trkpt><trkpt lat="35.28232" lon="-83.67252000000002"><ele>596.0</ele></trkpt><trkpt lat="35.28236" lon="-83.67244"><ele>597.0</ele></trkpt><trkpt lat="35.28239" lon="-83.67219"><ele>596.0</ele></trkpt><trkpt lat="35.28244" lon="-83.67208"><ele>597.0</ele></trkpt><trkpt lat="35.28264" lon="-83.67187999999999"><ele>597.0</ele></trkpt><trkpt lat="35.28264" lon="-83.67187999999999"><ele>597.0</ele></trkpt><trkpt lat="35.28296" lon="-83.67156999999997"><ele>597.0</ele></trkpt><trkpt lat="35.2834" lon="-83.67095999999998"><ele>597.0</ele></trkpt><trkpt lat="35.2835" lon="-83.67079000000001"><ele>596.0</ele></trkpt><trkpt lat="35.28375" lon="-83.67021999999997"><ele>596.0</ele></trkpt><trkpt lat="35.28405" lon="-83.66919000000001"><ele>595.0</ele></trkpt><trkpt lat="35.28405" lon="-83.66919000000001"><ele>595.0</ele></trkpt><trkpt lat="35.28409" lon="-83.66921000000002"><ele>593.0</ele></trkpt><trkpt lat="35.28409" lon="-83.66921000000002"><ele>593.0</ele></trkpt><trkpt lat="35.28427" lon="-83.66931"><ele>596.0</ele></trkpt><trkpt lat="35.28427" lon="-83.66931"><ele>596.0</ele></trkpt><trkpt lat="35.2845" lon="-83.66943000000003"><ele>592.0</ele></trkpt><trkpt lat="35.2845" lon="-83.66943000000003"><ele>592.0</ele></trkpt><trkpt lat="35.28465" lon="-83.66952000000003"><ele>595.0</ele></trkpt><trkpt lat="35.28465" lon="-83.66952000000003"><ele>595.0</ele></trkpt><trkpt lat="35.28473" lon="-83.6696"><ele>595.0</ele></trkpt><trkpt lat="35.2849" lon="-83.66989000000001"><ele>595.0</ele></trkpt><trkpt lat="35.28512" lon="-83.67014"><ele>596.0</ele></trkpt><trkpt lat="35.28512" lon="-83.67014"><ele>596.0</ele></trkpt><trkpt lat="35.28528" lon="-83.67030999999997"><ele>597.0</ele></trkpt><trkpt lat="35.28534" lon="-83.67043999999999"><ele>598.0</ele></trkpt><trkpt lat="35.28541" lon="-83.67061000000001"><ele>600.0</ele></trkpt><trkpt lat="35.28542" lon="-83.67088999999999"><ele>608.0</ele></trkpt><trkpt lat="35.28531" lon="-83.67115999999999"><ele>616.0</ele></trkpt><trkpt lat="35.28481" lon="-83.67187999999999"><ele>616.0</ele></trkpt><trkpt lat="35.28481" lon="-83.67187999999999"><ele>616.0</ele></trkpt><trkpt lat="35.28425" lon="-83.67250999999999"><ele>615.0</ele></trkpt><trkpt lat="35.2837" lon="-83.67331999999999"><ele>617.0</ele></trkpt><trkpt lat="35.28346" lon="-83.67379"><ele>619.0</ele></trkpt><trkpt lat="35.28339" lon="-83.67410999999998"><ele>621.0</ele></trkpt><trkpt lat="35.28342" lon="-83.67430000000002"><ele>621.0</ele></trkpt><trkpt lat="35.28352" lon="-83.67453"><ele>619.0</ele></trkpt><trkpt lat="35.28349" lon="-83.67470000000003"><ele>612.0</ele></trkpt><trkpt lat="35.28342" lon="-83.67482999999999"><ele>609.0</ele></trkpt><trkpt lat="35.28331" lon="-83.67491999999999"><ele>607.0</ele></trkpt><trkpt lat="35.28313" lon="-83.67516999999998"><ele>609.0</ele></trkpt><trkpt lat="35.28306" lon="-83.67534"><ele>615.0</ele></trkpt><trkpt lat="35.28294" lon="-83.67543999999998"><ele>620.0</ele></trkpt><trkpt lat="35.28242" lon="-83.67572000000001"><ele>633.0</ele></trkpt><trkpt lat="35.28231" lon="-83.67577"><ele>636.0</ele></trkpt><trkpt lat="35.28201" lon="-83.67575999999997"><ele>644.0</ele></trkpt><trkpt lat="35.28196" lon="-83.67581999999999"><ele>645.0</ele></trkpt><trkpt lat="35.28191" lon="-83.67608999999999"><ele>647.0</ele></trkpt><trkpt lat="35.28191" lon="-83.67617999999999"><ele>649.0</ele></trkpt><trkpt lat="35.28209" lon="-83.67646000000002"><ele>656.0</ele></trkpt><trkpt lat="35.28209" lon="-83.67653000000001"><ele>657.0</ele></trkpt><trkpt lat="35.28205" lon="-83.67660999999998"><ele>660.0</ele></trkpt><trkpt lat="35.28189" lon="-83.67674999999997"><ele>665.0</ele></trkpt><trkpt lat="35.28179" lon="-83.67701999999997"><ele>671.0</ele></trkpt><trkpt lat="35.28179" lon="-83.67737"><ele>677.0</ele></trkpt><trkpt lat="35.28182" lon="-83.67748"><ele>680.0</ele></trkpt><trkpt lat="35.28187" lon="-83.67755"><ele>682.0</ele></trkpt><trkpt lat="35.282" lon="-83.67759000000001"><ele>686.0</ele></trkpt><trkpt lat="35.28229" lon="-83.67752000000002"><ele>693.0</ele></trkpt><trkpt lat="35.28343" lon="-83.67746"><ele>724.0</ele></trkpt><trkpt lat="35.28361" lon="-83.67752999999999"><ele>728.0</ele></trkpt><trkpt lat="35.28367" lon="-83.67761000000002"><ele>731.0</ele></trkpt><trkpt lat="35.28365" lon="-83.67770000000002"><ele>734.0</ele></trkpt><trkpt lat="35.28341" lon="-83.67797999999999"><ele>744.0</ele></trkpt><trkpt lat="35.2827" lon="-83.67928"><ele>783.0</ele></trkpt><trkpt lat="35.28229" lon="-83.67973999999998"><ele>792.0</ele></trkpt><trkpt lat="35.28231" lon="-83.67982999999998"><ele>799.0</ele></trkpt><trkpt lat="35.28245" lon="-83.67984999999999"><ele>807.0</ele></trkpt><trkpt lat="35.28288" lon="-83.67979000000003"><ele>821.0</ele></trkpt><trkpt lat="35.28322" lon="-83.67962"><ele>829.0</ele></trkpt><trkpt lat="35.28343" lon="-83.67944999999997"><ele>839.0</ele></trkpt><trkpt lat="35.28351" lon="-83.67942"><ele>842.0</ele></trkpt><trkpt lat="35.28411" lon="-83.67939999999999"><ele>861.0</ele></trkpt><trkpt lat="35.28423" lon="-83.67950000000002"><ele>860.0</ele></trkpt><trkpt lat="35.2844" lon="-83.67988000000003"><ele>875.0</ele></trkpt><trkpt lat="35.28456" lon="-83.68013000000002"><ele>882.0</ele></trkpt><trkpt lat="35.28465" lon="-83.68024000000003"><ele>885.0</ele></trkpt><trkpt lat="35.28476" lon="-83.68032"><ele>887.0</ele></trkpt><trkpt lat="35.28499" lon="-83.68038000000001"><ele>890.0</ele></trkpt><trkpt lat="35.28561" lon="-83.68038999999999"><ele>899.0</ele></trkpt><trkpt lat="35.28592" lon="-83.68052999999998"><ele>906.0</ele></trkpt><trkpt lat="35.28633" lon="-83.68047999999999"><ele>914.0</ele></trkpt><trkpt lat="35.28644" lon="-83.6805"><ele>917.0</ele></trkpt><trkpt lat="35.28672" lon="-83.68065999999999"><ele>918.0</ele></trkpt><trkpt lat="35.28687" lon="-83.68063000000001"><ele>918.0</ele></trkpt><trkpt lat="35.28695" lon="-83.68056000000001"><ele>920.0</ele></trkpt><trkpt lat="35.2872" lon="-83.68027999999998"><ele>925.0</ele></trkpt><trkpt lat="35.28726" lon="-83.68016"><ele>924.0</ele></trkpt><trkpt lat="35.28728" lon="-83.68000999999998"><ele>920.0</ele></trkpt><trkpt lat="35.28715" lon="-83.67970000000003"><ele>923.0</ele></trkpt><trkpt lat="35.2872" lon="-83.67953999999997"><ele>924.0</ele></trkpt><trkpt lat="35.28726" lon="-83.67948999999999"><ele>924.0</ele></trkpt><trkpt lat="35.28754" lon="-83.67935999999997"><ele>925.0</ele></trkpt><trkpt lat="35.28794" lon="-83.67924"><ele>924.0</ele></trkpt><trkpt lat="35.28808" lon="-83.67924"><ele>917.0</ele></trkpt><trkpt lat="35.28843" lon="-83.67941000000002"><ele>917.0</ele></trkpt><trkpt lat="35.28864" lon="-83.6796"><ele>908.0</ele></trkpt><trkpt lat="35.28919" lon="-83.68016999999998"><ele>903.0</ele></trkpt><trkpt lat="35.2894" lon="-83.68027999999998"><ele>899.0</ele></trkpt><trkpt lat="35.28951" lon="-83.68031000000002"><ele>902.0</ele></trkpt><trkpt lat="35.29011" lon="-83.68024000000003"><ele>892.0</ele></trkpt><trkpt lat="35.29095" lon="-83.67997000000003"><ele>882.0</ele></trkpt><trkpt lat="35.29138" lon="-83.67975000000001"><ele>875.0</ele></trkpt><trkpt lat="35.29173" lon="-83.6798"><ele>871.0</ele></trkpt><trkpt lat="35.29187" lon="-83.67978"><ele>872.0</ele></trkpt><trkpt lat="35.29203" lon="-83.67971999999997"><ele>874.0</ele></trkpt><trkpt lat="35.29209" lon="-83.67973999999998"><ele>874.0</ele></trkpt><trkpt lat="35.29222298267567" lon="-83.67980518758611"><ele>877.0</ele></trkpt><trkpt lat="35.2923188543805" lon="-83.67985218332501"><ele>878.0</ele></trkpt><trkpt lat="35.2926" lon="-83.67998999999998"><ele>881.0</ele></trkpt><trkpt lat="35.29279" lon="-83.68005"><ele>883.0</ele></trkpt><trkpt lat="35.29365" lon="-83.68020000000001"><ele>893.0</ele></trkpt><trkpt lat="35.29395" lon="-83.68029000000001"><ele>898.0</ele></trkpt><trkpt lat="35.2946" lon="-83.68052999999998"><ele>913.0</ele></trkpt><trkpt lat="35.29486" lon="-83.68065000000001"><ele>912.0</ele></trkpt><trkpt lat="35.29492" lon="-83.68072999999998"><ele>911.0</ele></trkpt><trkpt lat="35.29492" lon="-83.68078000000003"><ele>912.0</ele></trkpt><trkpt lat="35.29479" lon="-83.68105000000003"><ele>912.0</ele></trkpt><trkpt lat="35.29479" lon="-83.68115999999998"><ele>912.0</ele></trkpt><trkpt lat="35.29483" lon="-83.68135999999998"><ele>912.0</ele></trkpt><trkpt lat="35.29509" lon="-83.68191999999999"><ele>919.0</ele></trkpt><trkpt lat="35.29516" lon="-83.68216000000001"><ele>923.0</ele></trkpt><trkpt lat="35.29517" lon="-83.68241"><ele>926.0</ele></trkpt><trkpt lat="35.29516" lon="-83.68290000000002"><ele>931.0</ele></trkpt><trkpt lat="35.29513" lon="-83.68315000000001"><ele>935.0</ele></trkpt><trkpt lat="35.29507" lon="-83.68331999999998"><ele>937.0</ele></trkpt><trkpt lat="35.2949" lon="-83.68358"><ele>940.0</ele></trkpt><trkpt lat="35.29465" lon="-83.68405000000001"><ele>948.0</ele></trkpt><trkpt lat="35.29464" lon="-83.68450999999999"><ele>949.0</ele></trkpt><trkpt lat="35.29471" lon="-83.68462"><ele>953.0</ele></trkpt><trkpt lat="35.29486" lon="-83.68471999999997"><ele>957.0</ele></trkpt><trkpt lat="35.29553" lon="-83.68501000000003"><ele>967.0</ele></trkpt><trkpt lat="35.29609" lon="-83.68520000000001"><ele>974.0</ele></trkpt><trkpt lat="35.29673" lon="-83.68531000000002"><ele>990.0</ele></trkpt><trkpt lat="35.29706" lon="-83.68529999999998"><ele>998.0</ele></trkpt><trkpt lat="35.29771" lon="-83.68498999999997"><ele>1010.0</ele></trkpt><trkpt lat="35.29848" lon="-83.68495999999999"><ele>1025.0</ele></trkpt><trkpt lat="35.29866" lon="-83.68486000000001"><ele>1030.0</ele></trkpt><trkpt lat="35.29885" lon="-83.68474000000003"><ele>1033.0</ele></trkpt><trkpt lat="35.29899" lon="-83.68459999999999"><ele>1033.0</ele></trkpt><trkpt lat="35.29944" lon="-83.68402000000003"><ele>1048.0</ele></trkpt><trkpt lat="35.29944" lon="-83.68402000000003"><ele>1048.0</ele></trkpt><trkpt lat="35.29967" lon="-83.68378000000001"><ele>1052.0</ele></trkpt><trkpt lat="35.29985" lon="-83.68363999999997"><ele>1053.0</ele></trkpt><trkpt lat="35.30003" lon="-83.68357000000003"><ele>1058.0</ele></trkpt><trkpt lat="35.30056" lon="-83.68356"><ele>1066.0</ele></trkpt><trkpt lat="35.30126" lon="-83.68331999999998"><ele>1084.0</ele></trkpt><trkpt lat="35.30149" lon="-83.68327"><ele>1084.0</ele></trkpt><trkpt lat="35.30261" lon="-83.68336"><ele>1099.0</ele></trkpt><trkpt lat="35.30285" lon="-83.68351999999999"><ele>1102.0</ele></trkpt><trkpt lat="35.30295" lon="-83.68353000000002"><ele>1104.0</ele></trkpt><trkpt lat="35.30304" lon="-83.68349999999998"><ele>1109.0</ele></trkpt><trkpt lat="35.30309" lon="-83.68345"><ele>1112.0</ele></trkpt><trkpt lat="35.30314" lon="-83.68330000000003"><ele>1111.0</ele></trkpt><trkpt lat="35.30316" lon="-83.68312000000003"><ele>1116.0</ele></trkpt><trkpt lat="35.30323" lon="-83.68295999999998"><ele>1120.0</ele></trkpt><trkpt lat="35.30339" lon="-83.68272999999999"><ele>1132.0</ele></trkpt><trkpt lat="35.30357" lon="-83.68254000000002"><ele>1135.0</ele></trkpt><trkpt lat="35.30387" lon="-83.68228999999997"><ele>1148.0</ele></trkpt><trkpt lat="35.30424" lon="-83.68207000000001"><ele>1155.0</ele></trkpt><trkpt lat="35.30443" lon="-83.68191000000002"><ele>1155.0</ele></trkpt><trkpt lat="35.30457" lon="-83.68173999999999"><ele>1157.0</ele></trkpt><trkpt lat="35.30493" lon="-83.68168000000003"><ele>1164.0</ele></trkpt><trkpt lat="35.30507" lon="-83.68171000000001"><ele>1167.0</ele></trkpt><trkpt lat="35.30528" lon="-83.68204000000003"><ele>1173.0</ele></trkpt><trkpt lat="35.30539" lon="-83.68216000000001"><ele>1173.0</ele></trkpt><trkpt lat="35.30589" lon="-83.68248"><ele>1182.0</ele></trkpt><trkpt lat="35.30598" lon="-83.68263999999999"><ele>1188.0</ele></trkpt><trkpt lat="35.30616" lon="-83.68281999999999"><ele>1192.0</ele></trkpt><trkpt lat="35.30672" lon="-83.68365"><ele>1211.0</ele></trkpt><trkpt lat="35.30687" lon="-83.68381999999997"><ele>1212.0</ele></trkpt><trkpt lat="35.30735" lon="-83.68464"><ele>1218.0</ele></trkpt><trkpt lat="35.30749" lon="-83.68477000000001"><ele>1223.0</ele></trkpt><trkpt lat="35.3079" lon="-83.68498"><ele>1231.0</ele></trkpt><trkpt lat="35.30808" lon="-83.68511999999998"><ele>1233.0</ele></trkpt><trkpt lat="35.30834034584948" lon="-83.68546910011634"><ele>1233.0</ele></trkpt><trkpt lat="35.30836623818812" lon="-83.68550381902384"><ele>1233.0</ele></trkpt><trkpt lat="35.30852" lon="-83.68570999999997"><ele>1237.0</ele></trkpt><trkpt lat="35.30871" lon="-83.68576000000002"><ele>1238.0</ele></trkpt><trkpt lat="35.30895" lon="-83.68574999999998"><ele>1245.0</ele></trkpt><trkpt lat="35.30904" lon="-83.68578000000002"><ele>1249.0</ele></trkpt><trkpt lat="35.30931" lon="-83.68596000000002"><ele>1255.0</ele></trkpt><trkpt lat="35.30972" lon="-83.68599"><ele>1258.0</ele></trkpt><trkpt lat="35.3104" lon="-83.68646000000001"><ele>1258.0</ele></trkpt><trkpt lat="35.31092" lon="-83.68671999999998"><ele>1254.0</ele></trkpt><trkpt lat="35.31116" lon="-83.68675000000002"><ele>1255.0</ele></trkpt><trkpt lat="35.31143" lon="-83.68671"><ele>1260.0</ele></trkpt><trkpt lat="35.31268" lon="-83.68603000000002"><ele>1270.0</ele></trkpt><trkpt lat="35.31306" lon="-83.68563"><ele>1278.0</ele></trkpt><trkpt lat="35.31325" lon="-83.68536"><ele>1283.0</ele></trkpt><trkpt lat="35.31338" lon="-83.68522999999999"><ele>1285.0</ele></trkpt><trkpt lat="35.31351" lon="-83.68513999999999"><ele>1288.0</ele></trkpt><trkpt lat="35.31363" lon="-83.68511000000001"><ele>1290.0</ele></trkpt><trkpt lat="35.31375" lon="-83.68513999999999"><ele>1292.0</ele></trkpt><trkpt lat="35.31392" lon="-83.68522999999999"><ele>1293.0</ele></trkpt><trkpt lat="35.3144" lon="-83.68540000000002"><ele>1291.0</ele></trkpt><trkpt lat="35.31498" lon="-83.68565000000001"><ele>1295.0</ele></trkpt><trkpt lat="35.31553" lon="-83.68574000000001"><ele>1297.0</ele></trkpt><trkpt lat="35.31564" lon="-83.68573000000004"><ele>1298.0</ele></trkpt><trkpt lat="35.3167" lon="-83.68529000000001"><ele>1314.0</ele></trkpt><trkpt lat="35.31694" lon="-83.68516999999997"><ele>1316.0</ele></trkpt><trkpt lat="35.3172" lon="-83.68507"><ele>1319.0</ele></trkpt><trkpt lat="35.31737" lon="-83.68504999999999"><ele>1321.0</ele></trkpt><trkpt lat="35.31737" lon="-83.68504999999999"><ele>1321.0</ele></trkpt><trkpt lat="35.3176" lon="-83.68502000000001"><ele>1325.0</ele></trkpt><trkpt lat="35.31787" lon="-83.68504000000001"><ele>1330.0</ele></trkpt><trkpt lat="35.31787" lon="-83.68504000000001"><ele>1330.0</ele></trkpt><trkpt lat="35.31801" lon="-83.68506000000002"><ele>1333.0</ele></trkpt><trkpt lat="35.31814" lon="-83.68513000000002"><ele>1337.0</ele></trkpt><trkpt lat="35.31832" lon="-83.68534"><ele>1346.0</ele></trkpt><trkpt lat="35.31873" lon="-83.68606999999997"><ele>1375.0</ele></trkpt><trkpt lat="35.31876" lon="-83.68621000000002"><ele>1377.0</ele></trkpt><trkpt lat="35.31879" lon="-83.68660999999997"><ele>1388.0</ele></trkpt><trkpt lat="35.31885" lon="-83.68677000000002"><ele>1390.0</ele></trkpt><trkpt lat="35.31897" lon="-83.68700000000001"><ele>1394.0</ele></trkpt><trkpt lat="35.31907" lon="-83.68705"><ele>1396.0</ele></trkpt><trkpt lat="35.31911" lon="-83.68703"><ele>1397.0</ele></trkpt><trkpt lat="35.31922" lon="-83.68686000000002"><ele>1400.0</ele></trkpt><trkpt lat="35.31956" lon="-83.68646000000001"><ele>1412.0</ele></trkpt><trkpt lat="35.31987" lon="-83.68601999999998"><ele>1427.0</ele></trkpt><trkpt lat="35.32" lon="-83.68587000000002"><ele>1429.0</ele></trkpt><trkpt lat="35.32005" lon="-83.68585000000002"><ele>1430.0</ele></trkpt><trkpt lat="35.32016" lon="-83.68587000000002"><ele>1433.0</ele></trkpt><trkpt lat="35.32033" lon="-83.68614000000002"><ele>1438.0</ele></trkpt><trkpt lat="35.32046" lon="-83.68626999999998"><ele>1441.0</ele></trkpt><trkpt lat="35.32063" lon="-83.68633"><ele>1443.0</ele></trkpt><trkpt lat="35.32086" lon="-83.68633999999997"><ele>1444.0</ele></trkpt><trkpt lat="35.3212" lon="-83.68623000000002"><ele>1443.0</ele></trkpt><trkpt lat="35.32137" lon="-83.68621999999999"><ele>1445.0</ele></trkpt><trkpt lat="35.32176" lon="-83.68621999999999"><ele>1445.0</ele></trkpt><trkpt lat="35.32212" lon="-83.68628999999999"><ele>1445.0</ele></trkpt><trkpt lat="35.32228" lon="-83.68628000000001"><ele>1445.0</ele></trkpt><trkpt lat="35.32239" lon="-83.68619999999999"><ele>1446.0</ele></trkpt><trkpt lat="35.3225" lon="-83.68606999999997"><ele>1449.0</ele></trkpt><trkpt lat="35.32263" lon="-83.68588"><ele>1454.0</ele></trkpt><trkpt lat="35.32287" lon="-83.68558000000002"><ele>1465.0</ele></trkpt><trkpt lat="35.32318" lon="-83.68484000000001"><ele>1471.0</ele></trkpt><trkpt lat="35.32329030199795" lon="-83.68471499106897"><ele>1473.0</ele></trkpt><trkpt lat="35.323322049384494" lon="-83.68467901070551"><ele>1474.0</ele></trkpt><trkpt lat="35.32333" lon="-83.68466999999998"><ele>1475.0</ele></trkpt><trkpt lat="35.32376" lon="-83.68401"><ele>1485.0</ele></trkpt><trkpt lat="35.32383" lon="-83.68380000000002"><ele>1487.0</ele></trkpt><trkpt lat="35.32389" lon="-83.68378000000001"><ele>1489.0</ele></trkpt><trkpt lat="35.32392" lon="-83.68381"><ele>1489.0</ele></trkpt><trkpt lat="35.32406" lon="-83.68426999999997"><ele>1497.0</ele></trkpt><trkpt lat="35.32413" lon="-83.68426999999997"><ele>1500.0</ele></trkpt><trkpt lat="35.32422" lon="-83.68411000000003"><ele>1500.0</ele></trkpt><trkpt lat="35.32430009192716" lon="-83.68408597242183"><ele>1500.0</ele></trkpt><trkpt lat="35.32432167972138" lon="-83.68408013584258"><ele>1499.0</ele></trkpt><trkpt lat="35.32432" lon="-83.68408"><ele>1499.0</ele></trkpt><trkpt lat="35.32432" lon="-83.68408"><ele>1499.0</ele></trkpt><trkpt lat="35.32432" lon="-83.68408"><ele>1499.0</ele></trkpt><trkpt lat="35.32429" lon="-83.68348000000003"><ele>1503.0</ele></trkpt><trkpt lat="35.3243" lon="-83.68317000000002"><ele>1507.0</ele></trkpt><trkpt lat="35.32438" lon="-83.68281999999999"><ele>1515.0</ele></trkpt><trkpt lat="35.32451" lon="-83.68243999999999"><ele>1527.0</ele></trkpt><trkpt lat="35.32489" lon="-83.68180000000001"><ele>1537.0</ele></trkpt><trkpt lat="35.32518" lon="-83.6816"><ele>1538.0</ele></trkpt><trkpt lat="35.32541" lon="-83.68117999999998"><ele>1541.0</ele></trkpt><trkpt lat="35.32544" lon="-83.68106"><ele>1541.0</ele></trkpt><trkpt lat="35.32545869731099" lon="-83.68103818647052"><ele>1541.0</ele></trkpt><trkpt lat="35.325320780169" lon="-83.68086378080875"><ele>1537.0</ele></trkpt><trkpt lat="35.325668097444925" lon="-83.68086979123076"><ele>1541.0</ele></trkpt><trkpt lat="35.32584316581714" lon="-83.68082687588652"><ele>1533.0</ele></trkpt><trkpt lat="35.32581494454261" lon="-83.68074679415828"><ele>1535.0</ele></trkpt><trkpt lat="35.32596" lon="-83.68067"><ele>1529.0</ele></trkpt><trkpt lat="35.32601" lon="-83.68063"><ele>1528.0</ele></trkpt><trkpt lat="35.32621" lon="-83.68032"><ele>1517.0</ele></trkpt><trkpt lat="35.32714" lon="-83.67967"><ele>1486.0</ele></trkpt><trkpt lat="35.32751" lon="-83.6792"><ele>1472.0</ele></trkpt><trkpt lat="35.3276" lon="-83.67898"><ele>1467.0</ele></trkpt><trkpt lat="35.32775" lon="-83.6788"><ele>1467.0</ele></trkpt><trkpt lat="35.32788" lon="-83.67848"><ele>1466.0</ele></trkpt><trkpt lat="35.32795" lon="-83.67823"><ele>1466.0</ele></trkpt><trkpt lat="35.32805" lon="-83.67759"><ele>1460.0</ele></trkpt><trkpt lat="35.32799" lon="-83.67725"><ele>1455.0</ele></trkpt><trkpt lat="35.32789" lon="-83.67691"><ele>1454.0</ele></trkpt><trkpt lat="35.32798" lon="-83.67653"><ele>1450.0</ele></trkpt><trkpt lat="35.32814" lon="-83.67627"><ele>1446.0</ele></trkpt><trkpt lat="35.32825" lon="-83.67574"><ele>1440.0</ele></trkpt><trkpt lat="35.32815" lon="-83.67528"><ele>1443.0</ele></trkpt><trkpt lat="35.3282" lon="-83.67486"><ele>1439.0</ele></trkpt><trkpt lat="35.3282" lon="-83.6747"><ele>1439.0</ele></trkpt><trkpt lat="35.3283" lon="-83.67435"><ele>1437.0</ele></trkpt><trkpt lat="35.32805" lon="-83.67393"><ele>1434.0</ele></trkpt><trkpt lat="35.32801" lon="-83.67368"><ele>1427.0</ele></trkpt><trkpt lat="35.32809" lon="-83.67272"><ele>1414.0</ele></trkpt><trkpt lat="35.32809" lon="-83.67238"><ele>1413.0</ele></trkpt><trkpt lat="35.32804" lon="-83.67188"><ele>1414.0</ele></trkpt><trkpt lat="35.32804" lon="-83.67188"><ele>1414.0</ele></trkpt><trkpt lat="35.32792" lon="-83.67042"><ele>1408.0</ele></trkpt><trkpt lat="35.32748" lon="-83.66948"><ele>1406.0</ele></trkpt><trkpt lat="35.32742" lon="-83.66895"><ele>1402.0</ele></trkpt><trkpt lat="35.32743" lon="-83.66869"><ele>1399.0</ele></trkpt><trkpt lat="35.32778" lon="-83.66796"><ele>1392.0</ele></trkpt><trkpt lat="35.32787" lon="-83.66783"><ele>1390.0</ele></trkpt><trkpt lat="35.32833" lon="-83.66798"><ele>1385.0</ele></trkpt><trkpt lat="35.32895" lon="-83.66794"><ele>1376.0</ele></trkpt><trkpt lat="35.32915" lon="-83.66787"><ele>1371.0</ele></trkpt><trkpt lat="35.32936" lon="-83.66786"><ele>1371.0</ele></trkpt><trkpt lat="35.32964" lon="-83.66779"><ele>1365.0</ele></trkpt><trkpt lat="35.33034" lon="-83.66779"><ele>1355.0</ele></trkpt><trkpt lat="35.33113" lon="-83.66765"><ele>1345.0</ele></trkpt><trkpt lat="35.33126" lon="-83.66738"><ele>1339.0</ele></trkpt><trkpt lat="35.33133" lon="-83.66729"><ele>1338.0</ele></trkpt><trkpt lat="35.33142" lon="-83.66701"><ele>1340.0</ele></trkpt><trkpt lat="35.33141" lon="-83.66684"><ele>1342.0</ele></trkpt><trkpt lat="35.33152" lon="-83.66657"><ele>1345.0</ele></trkpt><trkpt lat="35.33158" lon="-83.66633"><ele>1349.0</ele></trkpt><trkpt lat="35.33183" lon="-83.66582"><ele>1357.0</ele></trkpt><trkpt lat="35.33202" lon="-83.66552"><ele>1363.0</ele></trkpt><trkpt lat="35.33207" lon="-83.66536"><ele>1366.0</ele></trkpt><trkpt lat="35.33226" lon="-83.66518"><ele>1371.0</ele></trkpt><trkpt lat="35.3324" lon="-83.66499"><ele>1376.0</ele></trkpt><trkpt lat="35.33247" lon="-83.66478"><ele>1379.0</ele></trkpt><trkpt lat="35.33275" lon="-83.66421"><ele>1384.0</ele></trkpt><trkpt lat="35.33288" lon="-83.66402"><ele>1385.0</ele></trkpt><trkpt lat="35.33357" lon="-83.66337"><ele>1386.0</ele></trkpt><trkpt lat="35.33372" lon="-83.66303"><ele>1383.0</ele></trkpt><trkpt lat="35.33393" lon="-83.66278"><ele>1376.0</ele></trkpt><trkpt lat="35.334" lon="-83.6624"><ele>1377.0</ele></trkpt><trkpt lat="35.3341" lon="-83.66207"><ele>1377.0</ele></trkpt><trkpt lat="35.33492" lon="-83.66109"><ele>1391.0</ele></trkpt><trkpt lat="35.33503" lon="-83.66078"><ele>1392.0</ele></trkpt><trkpt lat="35.33486" lon="-83.65972"><ele>1396.0</ele></trkpt><trkpt lat="35.33492" lon="-83.65932"><ele>1404.0</ele></trkpt><trkpt lat="35.33494" lon="-83.65863"><ele>1398.0</ele></trkpt><trkpt lat="35.33527" lon="-83.65829"><ele>1402.0</ele></trkpt><trkpt lat="35.33529" lon="-83.65822"><ele>1400.0</ele></trkpt><trkpt lat="35.33529" lon="-83.65822"><ele>1400.0</ele></trkpt><trkpt lat="35.33538" lon="-83.65801"><ele>1402.0</ele></trkpt><trkpt lat="35.33542" lon="-83.6576"><ele>1402.0</ele></trkpt><trkpt lat="35.33563" lon="-83.65742"><ele>1406.0</ele></trkpt><trkpt lat="35.33596" lon="-83.65664"><ele>1413.0</ele></trkpt><trkpt lat="35.33603" lon="-83.65641"><ele>1416.0</ele></trkpt><trkpt lat="35.33647" lon="-83.65604"><ele>1422.0</ele></trkpt><trkpt lat="35.33671" lon="-83.65561"><ele>1426.0</ele></trkpt><trkpt lat="35.33671" lon="-83.65518"><ele>1429.0</ele></trkpt><trkpt lat="35.33684" lon="-83.65414"><ele>1428.0</ele></trkpt><trkpt lat="35.33757" lon="-83.65454"><ele>1421.0</ele></trkpt><trkpt lat="35.33726" lon="-83.6539"><ele>1414.0</ele></trkpt><trkpt lat="35.33689" lon="-83.6536"><ele>1410.0</ele></trkpt><trkpt lat="35.33641" lon="-83.6538"><ele>1406.0</ele></trkpt><trkpt lat="35.33687" lon="-83.65294"><ele>1394.0</ele></trkpt><trkpt lat="35.33691" lon="-83.6521"><ele>1383.0</ele></trkpt><trkpt lat="35.33731" lon="-83.65044"><ele>1381.0</ele></trkpt><trkpt lat="35.33761" lon="-83.6499"><ele>1382.0</ele></trkpt><trkpt lat="35.33761" lon="-83.6499"><ele>1382.0</ele></trkpt><trkpt lat="35.33798" lon="-83.64929"><ele>1380.0</ele></trkpt><trkpt lat="35.3383" lon="-83.64848"><ele>1366.0</ele></trkpt><trkpt lat="35.3387" lon="-83.64762"><ele>1345.0</ele></trkpt><trkpt lat="35.33965" lon="-83.64617"><ele>1333.0</ele></trkpt><trkpt lat="35.3398" lon="-83.64582"><ele>1329.0</ele></trkpt><trkpt lat="35.34015" lon="-83.6446"><ele>1314.0</ele></trkpt><trkpt lat="35.34004" lon="-83.64353"><ele>1295.0</ele></trkpt><trkpt lat="35.33985" lon="-83.64283"><ele>1290.0</ele></trkpt><trkpt lat="35.33943" lon="-83.64185"><ele>1277.0</ele></trkpt><trkpt lat="35.33899" lon="-83.64038"><ele>1246.0</ele></trkpt><trkpt lat="35.33878" lon="-83.63926"><ele>1230.0</ele></trkpt><trkpt lat="35.33905" lon="-83.63742"><ele>1179.0</ele></trkpt><trkpt lat="35.33937" lon="-83.63686"><ele>1168.0</ele></trkpt><trkpt lat="35.33971" lon="-83.63662"><ele>1153.0</ele></trkpt><trkpt lat="35.33957" lon="-83.63718"><ele>1143.0</ele></trkpt><trkpt lat="35.33977" lon="-83.63813"><ele>1140.0</ele></trkpt><trkpt lat="35.34014" lon="-83.63826"><ele>1132.0</ele></trkpt><trkpt lat="35.34027" lon="-83.63846"><ele>1130.0</ele></trkpt><trkpt lat="35.34022" lon="-83.63869"><ele>1128.0</ele></trkpt><trkpt lat="35.34075" lon="-83.63978"><ele>1119.0</ele></trkpt><trkpt lat="35.34116" lon="-83.63993"><ele>1121.0</ele></trkpt><trkpt lat="35.34161" lon="-83.64021"><ele>1118.0</ele></trkpt><trkpt lat="35.34177" lon="-83.64054"><ele>1113.0</ele></trkpt><trkpt lat="35.3421" lon="-83.64155"><ele>1111.0</ele></trkpt><trkpt lat="35.3422" lon="-83.64145"><ele>1105.0</ele></trkpt><trkpt lat="35.34227" lon="-83.64149"><ele>1106.0</ele></trkpt><trkpt lat="35.34208" lon="-83.64119"><ele>1102.0</ele></trkpt><trkpt lat="35.34209" lon="-83.64092"><ele>1095.0</ele></trkpt><trkpt lat="35.34182" lon="-83.63976"><ele>1087.0</ele></trkpt><trkpt lat="35.34174" lon="-83.63979"><ele>1092.0</ele></trkpt><trkpt lat="35.34172" lon="-83.63972"><ele>1089.0</ele></trkpt><trkpt lat="35.34141" lon="-83.63948"><ele>1095.0</ele></trkpt><trkpt lat="35.34145" lon="-83.63935"><ele>1090.0</ele></trkpt><trkpt lat="35.34149" lon="-83.6393"><ele>1088.0</ele></trkpt><trkpt lat="35.3414" lon="-83.6393"><ele>1087.0</ele></trkpt><trkpt lat="35.34137" lon="-83.63924"><ele>1083.0</ele></trkpt><trkpt lat="35.3413" lon="-83.63927"><ele>1083.0</ele></trkpt><trkpt lat="35.34109" lon="-83.63925"><ele>1083.0</ele></trkpt><trkpt lat="35.34095" lon="-83.63909"><ele>1081.0</ele></trkpt><trkpt lat="35.34082" lon="-83.63867"><ele>1079.0</ele></trkpt><trkpt lat="35.34099" lon="-83.63812"><ele>1072.0</ele></trkpt><trkpt lat="35.34082" lon="-83.63758"><ele>1061.0</ele></trkpt><trkpt lat="35.34077" lon="-83.63772"><ele>1069.0</ele></trkpt><trkpt lat="35.34072" lon="-83.63758"><ele>1066.0</ele></trkpt><trkpt lat="35.34055" lon="-83.63747"><ele>1074.0</ele></trkpt><trkpt lat="35.34061" lon="-83.63715"><ele>1076.0</ele></trkpt><trkpt lat="35.34136" lon="-83.6367"><ele>1053.0</ele></trkpt><trkpt lat="35.34142" lon="-83.63651"><ele>1057.0</ele></trkpt><trkpt lat="35.3413" lon="-83.63637"><ele>1067.0</ele></trkpt><trkpt lat="35.34137" lon="-83.636"><ele>1067.0</ele></trkpt><trkpt lat="35.34162" lon="-83.63593"><ele>1051.0</ele></trkpt><trkpt lat="35.34187" lon="-83.63563"><ele>1041.0</ele></trkpt><trkpt lat="35.34193" lon="-83.63536"><ele>1043.0</ele></trkpt><trkpt lat="35.34148" lon="-83.63505"><ele>1045.0</ele></trkpt><trkpt lat="35.34132" lon="-83.63506"><ele>1049.0</ele></trkpt><trkpt lat="35.34119" lon="-83.63486"><ele>1047.0</ele></trkpt><trkpt lat="35.34103" lon="-83.63473"><ele>1046.0</ele></trkpt><trkpt lat="35.34091" lon="-83.63451"><ele>1043.0</ele></trkpt><trkpt lat="35.34143" lon="-83.63389"><ele>1049.0</ele></trkpt><trkpt lat="35.34159" lon="-83.63359"><ele>1049.0</ele></trkpt><trkpt lat="35.34171" lon="-83.63322"><ele>1046.0</ele></trkpt><trkpt lat="35.34185" lon="-83.63264"><ele>1041.0</ele></trkpt><trkpt lat="35.3421" lon="-83.63202"><ele>1033.0</ele></trkpt><trkpt lat="35.34213" lon="-83.63188"><ele>1033.0</ele></trkpt><trkpt lat="35.34214" lon="-83.63154"><ele>1033.0</ele></trkpt><trkpt lat="35.34237" lon="-83.63126"><ele>1029.0</ele></trkpt><trkpt lat="35.3426" lon="-83.63077"><ele>1024.0</ele></trkpt><trkpt lat="35.34267" lon="-83.63043"><ele>1024.0</ele></trkpt><trkpt lat="35.34259" lon="-83.62995"><ele>1017.0</ele></trkpt><trkpt lat="35.34317" lon="-83.62878"><ele>1006.0</ele></trkpt><trkpt lat="35.34366" lon="-83.62799"><ele>1000.0</ele></trkpt><trkpt lat="35.34365" lon="-83.62793"><ele>999.0</ele></trkpt><trkpt lat="35.34365" lon="-83.62793"><ele>999.0</ele></trkpt><trkpt lat="35.34362" lon="-83.62771"><ele>995.0</ele></trkpt><trkpt lat="35.34404" lon="-83.62722"><ele>979.0</ele></trkpt><trkpt lat="35.34405" lon="-83.62723"><ele>979.0</ele></trkpt><trkpt lat="35.34405" lon="-83.62719"><ele>978.0</ele></trkpt><trkpt lat="35.34415" lon="-83.6271"><ele>974.0</ele></trkpt><trkpt lat="35.3442" lon="-83.62701"><ele>970.0</ele></trkpt><trkpt lat="35.34431" lon="-83.62696"><ele>966.0</ele></trkpt><trkpt lat="35.34435" lon="-83.62685"><ele>964.0</ele></trkpt><trkpt lat="35.3444" lon="-83.6268"><ele>962.0</ele></trkpt><trkpt lat="35.3446" lon="-83.62636"><ele>958.0</ele></trkpt><trkpt lat="35.34455" lon="-83.6262"><ele>960.0</ele></trkpt><trkpt lat="35.34461" lon="-83.62604"><ele>960.0</ele></trkpt><trkpt lat="35.34472" lon="-83.62589"><ele>960.0</ele></trkpt><trkpt lat="35.34478" lon="-83.62562"><ele>958.0</ele></trkpt><trkpt lat="35.34485" lon="-83.62545"><ele>954.0</ele></trkpt><trkpt lat="35.34484" lon="-83.62447"><ele>937.0</ele></trkpt><trkpt lat="35.34488" lon="-83.62393"><ele>927.0</ele></trkpt><trkpt lat="35.345" lon="-83.62372"><ele>925.0</ele></trkpt><trkpt lat="35.34502" lon="-83.62355"><ele>928.0</ele></trkpt><trkpt lat="35.34506" lon="-83.62349"><ele>928.0</ele></trkpt><trkpt lat="35.34511" lon="-83.62301"><ele>930.0</ele></trkpt><trkpt lat="35.34511" lon="-83.62285"><ele>932.0</ele></trkpt><trkpt lat="35.34506" lon="-83.62265"><ele>933.0</ele></trkpt><trkpt lat="35.34507" lon="-83.62245"><ele>929.0</ele></trkpt><trkpt lat="35.34513" lon="-83.62241"><ele>925.0</ele></trkpt><trkpt lat="35.34506" lon="-83.6223"><ele>926.0</ele></trkpt><trkpt lat="35.34508" lon="-83.62224"><ele>924.0</ele></trkpt><trkpt lat="35.345" lon="-83.62193"><ele>919.0</ele></trkpt><trkpt lat="35.34506" lon="-83.62113"><ele>924.0</ele></trkpt><trkpt lat="35.34519" lon="-83.62028"><ele>931.0</ele></trkpt><trkpt lat="35.34549" lon="-83.61907"><ele>919.0</ele></trkpt><trkpt lat="35.34564" lon="-83.61881"><ele>917.0</ele></trkpt><trkpt lat="35.34584" lon="-83.61833"><ele>912.0</ele></trkpt><trkpt lat="35.34577" lon="-83.61756"><ele>905.0</ele></trkpt><trkpt lat="35.34595" lon="-83.61676"><ele>898.0</ele></trkpt><trkpt lat="35.34594" lon="-83.61642"><ele>892.0</ele></trkpt><trkpt lat="35.34589" lon="-83.6162"><ele>894.0</ele></trkpt><trkpt lat="35.34582" lon="-83.61608"><ele>894.0</ele></trkpt><trkpt lat="35.34574" lon="-83.61518"><ele>895.0</ele></trkpt><trkpt lat="35.34543" lon="-83.6142"><ele>902.0</ele></trkpt><trkpt lat="35.34509" lon="-83.61352"><ele>918.0</ele></trkpt><trkpt lat="35.34462" lon="-83.61305"><ele>917.0</ele></trkpt><trkpt lat="35.34446" lon="-83.61311"><ele>915.0</ele></trkpt><trkpt lat="35.34425" lon="-83.61305"><ele>914.0</ele></trkpt><trkpt lat="35.34406" lon="-83.61304"><ele>913.0</ele></trkpt><trkpt lat="35.34396" lon="-83.61298"><ele>910.0</ele></trkpt><trkpt lat="35.34389" lon="-83.61286"><ele>905.0</ele></trkpt><trkpt lat="35.34383" lon="-83.6127"><ele>900.0</ele></trkpt><trkpt lat="35.34378" lon="-83.61246"><ele>896.0</ele></trkpt><trkpt lat="35.34355" lon="-83.61212"><ele>890.0</ele></trkpt><trkpt lat="35.34325" lon="-83.61205"><ele>886.0</ele></trkpt><trkpt lat="35.34288" lon="-83.61182"><ele>885.0</ele></trkpt><trkpt lat="35.34252" lon="-83.6117"><ele>885.0</ele></trkpt><trkpt lat="35.34203" lon="-83.61165"><ele>881.0</ele></trkpt><trkpt lat="35.34172" lon="-83.61151"><ele>880.0</ele></trkpt><trkpt lat="35.34165" lon="-83.61137"><ele>881.0</ele></trkpt><trkpt lat="35.34133" lon="-83.61101"><ele>878.0</ele></trkpt><trkpt lat="35.3409" lon="-83.6107"><ele>877.0</ele></trkpt><trkpt lat="35.34075" lon="-83.61039"><ele>871.0</ele></trkpt><trkpt lat="35.34069" lon="-83.61034"><ele>870.0</ele></trkpt><trkpt lat="35.34062" lon="-83.61008"><ele>861.0</ele></trkpt><trkpt lat="35.34061" lon="-83.60973"><ele>854.0</ele></trkpt><trkpt lat="35.34073" lon="-83.60943"><ele>848.0</ele></trkpt><trkpt lat="35.34076" lon="-83.60896"><ele>837.0</ele></trkpt><trkpt lat="35.34083" lon="-83.60868"><ele>835.0</ele></trkpt><trkpt lat="35.34111" lon="-83.60808"><ele>821.0</ele></trkpt><trkpt lat="35.34159" lon="-83.60761"><ele>805.0</ele></trkpt><trkpt lat="35.34143" lon="-83.60752"><ele>802.0</ele></trkpt><trkpt lat="35.34122" lon="-83.6076"><ele>800.0</ele></trkpt><trkpt lat="35.34148" lon="-83.60719"><ele>790.0</ele></trkpt><trkpt lat="35.3416" lon="-83.60717"><ele>789.0</ele></trkpt><trkpt lat="35.3416" lon="-83.60714"><ele>787.0</ele></trkpt><trkpt lat="35.34148" lon="-83.60705"><ele>785.0</ele></trkpt><trkpt lat="35.3412" lon="-83.60704"><ele>779.0</ele></trkpt><trkpt lat="35.34065" lon="-83.60727"><ele>769.0</ele></trkpt><trkpt lat="35.34082" lon="-83.60669"><ele>763.0</ele></trkpt><trkpt lat="35.34078" lon="-83.60636"><ele>757.0</ele></trkpt><trkpt lat="35.34092" lon="-83.60605"><ele>751.0</ele></trkpt><trkpt lat="35.34078" lon="-83.606"><ele>750.0</ele></trkpt><trkpt lat="35.34056" lon="-83.60625"><ele>746.0</ele></trkpt><trkpt lat="35.34057" lon="-83.6061"><ele>745.0</ele></trkpt><trkpt lat="35.34062" lon="-83.60601"><ele>744.0</ele></trkpt><trkpt lat="35.34062" lon="-83.60596"><ele>744.0</ele></trkpt><trkpt lat="35.34062" lon="-83.60596"><ele>744.0</ele></trkpt><trkpt lat="35.34063" lon="-83.60572"><ele>740.0</ele></trkpt><trkpt lat="35.34073" lon="-83.60545"><ele>733.0</ele></trkpt><trkpt lat="35.34062" lon="-83.60541"><ele>732.0</ele></trkpt><trkpt lat="35.340567498258046" lon="-83.60532250043627"><ele>728.0</ele></trkpt><trkpt lat="35.340567498258046" lon="-83.60532250043627"><ele>728.0</ele></trkpt><trkpt lat="35.34056" lon="-83.60531"><ele>728.0</ele></trkpt><trkpt lat="35.34049" lon="-83.60509"><ele>735.0</ele></trkpt><trkpt lat="35.3405" lon="-83.60496"><ele>738.0</ele></trkpt><trkpt lat="35.34077" lon="-83.60449"><ele>742.0</ele></trkpt><trkpt lat="35.34076" lon="-83.60435"><ele>740.0</ele></trkpt><trkpt lat="35.34072" lon="-83.60414"><ele>739.0</ele></trkpt><trkpt lat="35.34053" lon="-83.6038"><ele>739.0</ele></trkpt><trkpt lat="35.34015" lon="-83.60365"><ele>737.0</ele></trkpt><trkpt lat="35.34013" lon="-83.60354"><ele>738.0</ele></trkpt><trkpt lat="35.34019" lon="-83.60336"><ele>737.0</ele></trkpt><trkpt lat="35.34028" lon="-83.60317"><ele>736.0</ele></trkpt><trkpt lat="35.34028" lon="-83.60307"><ele>734.0</ele></trkpt><trkpt lat="35.34011" lon="-83.60287"><ele>735.0</ele></trkpt><trkpt lat="35.34004" lon="-83.60267"><ele>735.0</ele></trkpt><trkpt lat="35.34024" lon="-83.60222"><ele>737.0</ele></trkpt><trkpt lat="35.34018" lon="-83.602"><ele>733.0</ele></trkpt><trkpt lat="35.33985" lon="-83.60201"><ele>737.0</ele></trkpt><trkpt lat="35.33979" lon="-83.60199"><ele>737.0</ele></trkpt><trkpt lat="35.33967" lon="-83.60187"><ele>737.0</ele></trkpt><trkpt lat="35.33953" lon="-83.60188"><ele>734.0</ele></trkpt><trkpt lat="35.33938" lon="-83.60199"><ele>737.0</ele></trkpt><trkpt lat="35.33931" lon="-83.60196"><ele>737.0</ele></trkpt><trkpt lat="35.33924" lon="-83.60183"><ele>738.0</ele></trkpt><trkpt lat="35.3392" lon="-83.60158"><ele>738.0</ele></trkpt><trkpt lat="35.33912" lon="-83.60147"><ele>739.0</ele></trkpt><trkpt lat="35.33908" lon="-83.60137"><ele>738.0</ele></trkpt><trkpt lat="35.33825" lon="-83.60131"><ele>730.0</ele></trkpt><trkpt lat="35.33817" lon="-83.60139"><ele>729.0</ele></trkpt><trkpt lat="35.33813" lon="-83.60147"><ele>728.0</ele></trkpt><trkpt lat="35.33811" lon="-83.60158"><ele>726.0</ele></trkpt><trkpt lat="35.33813" lon="-83.60168"><ele>724.0</ele></trkpt><trkpt lat="35.3381" lon="-83.6018"><ele>722.0</ele></trkpt><trkpt lat="35.33801" lon="-83.60197"><ele>719.0</ele></trkpt><trkpt lat="35.33784" lon="-83.60158"><ele>715.0</ele></trkpt><trkpt lat="35.33778" lon="-83.60148"><ele>714.0</ele></trkpt><trkpt lat="35.33763" lon="-83.60145"><ele>710.0</ele></trkpt><trkpt lat="35.33743" lon="-83.60156"><ele>709.0</ele></trkpt><trkpt lat="35.33721" lon="-83.60162"><ele>708.0</ele></trkpt><trkpt lat="35.33704" lon="-83.6018"><ele>703.0</ele></trkpt><trkpt lat="35.33678" lon="-83.60192"><ele>696.0</ele></trkpt><trkpt lat="35.33674" lon="-83.60192"><ele>695.0</ele></trkpt><trkpt lat="35.33661" lon="-83.60203"><ele>690.0</ele></trkpt><trkpt lat="35.33656" lon="-83.60195"><ele>690.0</ele></trkpt><trkpt lat="35.33657" lon="-83.6018"><ele>689.0</ele></trkpt><trkpt lat="35.33676" lon="-83.60129"><ele>682.0</ele></trkpt><trkpt lat="35.3367" lon="-83.60122"><ele>680.0</ele></trkpt><trkpt lat="35.33634" lon="-83.60118"><ele>675.0</ele></trkpt><trkpt lat="35.336" lon="-83.60124"><ele>671.0</ele></trkpt><trkpt lat="35.33529" lon="-83.60144"><ele>660.0</ele></trkpt><trkpt lat="35.33529" lon="-83.60144"><ele>660.0</ele></trkpt><trkpt lat="35.3349" lon="-83.60155"><ele>655.0</ele></trkpt><trkpt lat="35.33473" lon="-83.60144"><ele>658.0</ele></trkpt><trkpt lat="35.33468" lon="-83.60131"><ele>656.0</ele></trkpt><trkpt lat="35.33481" lon="-83.60102"><ele>652.0</ele></trkpt><trkpt lat="35.33487" lon="-83.60086"><ele>650.0</ele></trkpt><trkpt lat="35.33486" lon="-83.60078"><ele>648.0</ele></trkpt><trkpt lat="35.33469" lon="-83.6007"><ele>648.0</ele></trkpt><trkpt lat="35.33432" lon="-83.60071"><ele>642.0</ele></trkpt><trkpt lat="35.33414" lon="-83.60068"><ele>640.0</ele></trkpt><trkpt lat="35.33385" lon="-83.60057"><ele>634.0</ele></trkpt><trkpt lat="35.33383" lon="-83.6005"><ele>637.0</ele></trkpt><trkpt lat="35.33375" lon="-83.60049"><ele>633.0</ele></trkpt><trkpt lat="35.33357" lon="-83.60032"><ele>633.0</ele></trkpt><trkpt lat="35.33323" lon="-83.6002"><ele>627.0</ele></trkpt><trkpt lat="35.33323" lon="-83.60016"><ele>626.0</ele></trkpt><trkpt lat="35.33326" lon="-83.60013"><ele>623.0</ele></trkpt><trkpt lat="35.3337" lon="-83.59994"><ele>616.0</ele></trkpt><trkpt lat="35.33391" lon="-83.59976"><ele>613.0</ele></trkpt><trkpt lat="35.33398" lon="-83.59955"><ele>609.0</ele></trkpt><trkpt lat="35.33401" lon="-83.59931"><ele>605.0</ele></trkpt><trkpt lat="35.33417" lon="-83.59891"><ele>600.0</ele></trkpt><trkpt lat="35.33428" lon="-83.59849"><ele>595.0</ele></trkpt><trkpt lat="35.33457" lon="-83.5979"><ele>590.0</ele></trkpt><trkpt lat="35.33451" lon="-83.59773"><ele>586.0</ele></trkpt><trkpt lat="35.33458" lon="-83.59728"><ele>583.0</ele></trkpt><trkpt lat="35.33454" lon="-83.59683"><ele>579.0</ele></trkpt><trkpt lat="35.33458" lon="-83.59674"><ele>578.0</ele></trkpt><trkpt lat="35.33474" lon="-83.59651"><ele>575.0</ele></trkpt><trkpt lat="35.33485" lon="-83.59647"><ele>574.0</ele></trkpt><trkpt lat="35.33485" lon="-83.59639"><ele>578.0</ele></trkpt><trkpt lat="35.33478" lon="-83.59632"><ele>575.0</ele></trkpt><trkpt lat="35.33468" lon="-83.59628"><ele>574.0</ele></trkpt><trkpt lat="35.33391" lon="-83.59585"><ele>561.0</ele></trkpt><trkpt lat="35.33374" lon="-83.59571"><ele>559.0</ele></trkpt><trkpt lat="35.33359" lon="-83.59553"><ele>561.0</ele></trkpt><trkpt lat="35.33347" lon="-83.59544"><ele>561.0</ele></trkpt><trkpt lat="35.33328" lon="-83.59521"><ele>566.0</ele></trkpt><trkpt lat="35.33307" lon="-83.5951"><ele>565.0</ele></trkpt><trkpt lat="35.333" lon="-83.59501"><ele>562.0</ele></trkpt><trkpt lat="35.33298" lon="-83.59495"><ele>561.0</ele></trkpt><trkpt lat="35.33296" lon="-83.59476"><ele>557.0</ele></trkpt><trkpt lat="35.33301" lon="-83.59455"><ele>554.0</ele></trkpt><trkpt lat="35.333" lon="-83.59441"><ele>550.0</ele></trkpt><trkpt lat="35.3331" lon="-83.5942"><ele>548.0</ele></trkpt><trkpt lat="35.33303" lon="-83.59406"><ele>546.0</ele></trkpt><trkpt lat="35.33303" lon="-83.5938"><ele>544.0</ele></trkpt><trkpt lat="35.333" lon="-83.59364"><ele>541.0</ele></trkpt><trkpt lat="35.33255" lon="-83.59268"><ele>528.0</ele></trkpt><trkpt lat="35.33246" lon="-83.59254"><ele>525.0</ele></trkpt><trkpt lat="35.33242" lon="-83.59251"><ele>525.0</ele></trkpt><trkpt lat="35.33242" lon="-83.59251"><ele>525.0</ele></trkpt><trkpt lat="35.33238" lon="-83.59249"><ele>524.0</ele></trkpt><trkpt lat="35.33238" lon="-83.59249"><ele>524.0</ele></trkpt><trkpt lat="35.33226" lon="-83.59243"><ele>524.0</ele></trkpt><trkpt lat="35.33226" lon="-83.59243"><ele>524.0</ele></trkpt><trkpt lat="35.33217" lon="-83.59256"><ele>524.0</ele></trkpt><trkpt lat="35.33199337434437" lon="-83.59243383881741"><ele>525.0</ele></trkpt><trkpt lat="35.33199337434437" lon="-83.59243383881741"><ele>525.0</ele></trkpt><trkpt lat="35.33196" lon="-83.59241"><ele>524.0</ele></trkpt><trkpt lat="35.33175" lon="-83.59218"><ele>524.0</ele></trkpt><trkpt lat="35.33175" lon="-83.59218"><ele>524.0</ele></trkpt><trkpt lat="35.33168" lon="-83.59216"><ele>524.0</ele></trkpt><trkpt lat="35.33168" lon="-83.59216"><ele>524.0</ele></trkpt><trkpt lat="35.33129" lon="-83.59207"><ele>525.0</ele></trkpt><trkpt lat="35.33127" lon="-83.59206"><ele>526.0</ele></trkpt><trkpt lat="35.33126" lon="-83.59191"><ele>526.0</ele></trkpt><trkpt lat="35.331192927896986" lon="-83.59181243831779"><ele>526.0</ele></trkpt><trkpt lat="35.331192927896986" lon="-83.59181243831779"><ele>526.0</ele></trkpt><trkpt lat="35.33119588530903" lon="-83.59179469285817"><ele>526.0</ele></trkpt><trkpt lat="35.33127065921642" lon="-83.59182045193633"><ele>526.0</ele></trkpt></trkseg></trk></gpx>