<?xml version="1.0"?>
<gpx xmlns="http://www.topografix.com/GPX/1/1" xmlns:gpxx="http://www.garmin.com/xmlschemas/GpxExtensions/v3" creator="CALTOPO" version="1.1"><metadata><name><![CDATA[Footram Trail Thru Hike (Foothills + Bartram)]]></name></metadata><trk><name>Foothills Trail</name><extensions><gpxx:TrackExtension><gpxx:DisplayColor>Red</gpxx:DisplayColor></gpxx:TrackExtension></extensions><trkseg><trkpt lat="34.86330347390847" lon="-83.09825277559511"><ele>534.0</ele></trkpt><trkpt lat="34.86330321716191" lon="-83.09824667392954"><ele>534.0</ele></trkpt><trkpt lat="34.86341" lon="-83.09824"><ele>534.0</ele></trkpt><trkpt lat="34.86341" lon="-83.09824"><ele>534.0</ele></trkpt><trkpt lat="34.86341" lon="-83.09824"><ele>534.0</ele></trkpt><trkpt lat="34.86343910069343" lon="-83.09821817447994"><ele>534.0</ele></trkpt><trkpt lat="34.86343910069343" lon="-83.09821817447994"><ele>534.0</ele></trkpt><trkpt lat="34.86349" lon="-83.09818"><ele>533.5414647691282</ele></trkpt><trkpt lat="34.86352" lon="-83.09812"><ele>533.7465191034772</ele></trkpt><trkpt lat="34.86352" lon="-83.09812"><ele>533.7465191034772</ele></trkpt><trkpt lat="34.86355" lon="-83.09811"><ele>533.0</ele></trkpt><trkpt lat="34.86355" lon="-83.09811"><ele>533.0</ele></trkpt><trkpt lat="34.86359686523437" lon="-83.09810375130209"><ele>534.0</ele></trkpt><trkpt lat="34.863598943280785" lon="-83.09810347423324"><ele>534.0</ele></trkpt><trkpt lat="34.8637" lon="-83.09809"><ele>533.8191182222217</ele></trkpt><trkpt lat="34.86385" lon="-83.09818"><ele>532.6248142225668</ele></trkpt><trkpt lat="34.86432" lon="-83.09847"><ele>536.0</ele></trkpt><trkpt lat="34.86476" lon="-83.09881"><ele>541.0</ele></trkpt><trkpt lat="34.86477113730624" lon="-83.09881"><ele>541.0</ele></trkpt><trkpt lat="34.864777997485" lon="-83.09881"><ele>541.0</ele></trkpt><trkpt lat="34.86495" lon="-83.09881"><ele>542.0</ele></trkpt><trkpt lat="34.86527" lon="-83.09887"><ele>543.5315164448693</ele></trkpt><trkpt lat="34.86534" lon="-83.09894"><ele>544.7937528891489</ele></trkpt><trkpt lat="34.86563" lon="-83.09887"><ele>546.0</ele></trkpt><trkpt lat="34.86584" lon="-83.09877"><ele>546.89825735882</ele></trkpt><trkpt lat="34.86596" lon="-83.09856"><ele>547.0</ele></trkpt><trkpt lat="34.86608" lon="-83.09845"><ele>548.0</ele></trkpt><trkpt lat="34.86634" lon="-83.09836"><ele>550.0</ele></trkpt><trkpt lat="34.86658" lon="-83.0982"><ele>550.0</ele></trkpt><trkpt lat="34.86674" lon="-83.09803"><ele>551.6153208892792</ele></trkpt><trkpt lat="34.86684" lon="-83.09775"><ele>554.0</ele></trkpt><trkpt lat="34.86694" lon="-83.09763"><ele>555.0</ele></trkpt><trkpt lat="34.867" lon="-83.0975"><ele>556.0</ele></trkpt><trkpt lat="34.86726" lon="-83.09649"><ele>554.0</ele></trkpt><trkpt lat="34.86726955270895" lon="-83.09634670936586"><ele>555.0</ele></trkpt><trkpt lat="34.86726940919628" lon="-83.0963488620649"><ele>555.0</ele></trkpt><trkpt lat="34.86728" lon="-83.09619"><ele>556.0</ele></trkpt><trkpt lat="34.86732" lon="-83.09599"><ele>557.0</ele></trkpt><trkpt lat="34.86731" lon="-83.09577"><ele>557.0</ele></trkpt><trkpt lat="34.86718" lon="-83.09545"><ele>556.3218177594244</ele></trkpt><trkpt lat="34.86716000290254" lon="-83.09531000299346"><ele>556.0</ele></trkpt><trkpt lat="34.86716000290254" lon="-83.09531000299346"><ele>556.0</ele></trkpt><trkpt lat="34.86716" lon="-83.09531"><ele>556.0</ele></trkpt><trkpt lat="34.8672" lon="-83.09514"><ele>555.0</ele></trkpt><trkpt lat="34.86723" lon="-83.09512"><ele>554.9625935673758</ele></trkpt><trkpt lat="34.86723" lon="-83.09512"><ele>554.9625935673758</ele></trkpt><trkpt lat="34.86723" lon="-83.09512"><ele>554.9625935673758</ele></trkpt><trkpt lat="34.86731" lon="-83.09522"><ele>556.0</ele></trkpt><trkpt lat="34.86753" lon="-83.09532"><ele>557.0</ele></trkpt><trkpt lat="34.8679" lon="-83.09557"><ele>561.7970010355116</ele></trkpt><trkpt lat="34.8679" lon="-83.09557"><ele>561.7970010355116</ele></trkpt><trkpt lat="34.8681" lon="-83.09577"><ele>562.0</ele></trkpt><trkpt lat="34.86889" lon="-83.09605"><ele>558.8900088882074</ele></trkpt><trkpt lat="34.8692" lon="-83.09613"><ele>556.0</ele></trkpt><trkpt lat="34.86931" lon="-83.09625"><ele>555.0</ele></trkpt><trkpt lat="34.86931" lon="-83.09625"><ele>555.0</ele></trkpt><trkpt lat="34.86931" lon="-83.09625"><ele>555.0</ele></trkpt><trkpt lat="34.86951" lon="-83.09637"><ele>557.0</ele></trkpt><trkpt lat="34.86974" lon="-83.0964"><ele>559.3085217116336</ele></trkpt><trkpt lat="34.87017" lon="-83.09629"><ele>559.0</ele></trkpt><trkpt lat="34.87027731387287" lon="-83.09627615304866"><ele>558.0</ele></trkpt><trkpt lat="34.87028134074263" lon="-83.09627563346992"><ele>558.0</ele></trkpt><trkpt lat="34.87048" lon="-83.09625"><ele>557.0</ele></trkpt><trkpt lat="34.87083" lon="-83.09627"><ele>555.0</ele></trkpt><trkpt lat="34.87105" lon="-83.09639"><ele>553.0</ele></trkpt><trkpt lat="34.87137" lon="-83.09667"><ele>552.0</ele></trkpt><trkpt lat="34.87138" lon="-83.09693"><ele>550.0</ele></trkpt><trkpt lat="34.87129" lon="-83.09708"><ele>549.9134577429429</ele></trkpt><trkpt lat="34.87126" lon="-83.09726"><ele>547.463786947495</ele></trkpt><trkpt lat="34.87134" lon="-83.09749"><ele>546.5184064835</ele></trkpt><trkpt lat="34.87143" lon="-83.09758"><ele>547.1120488215857</ele></trkpt><trkpt lat="34.87165" lon="-83.09763"><ele>547.0</ele></trkpt><trkpt lat="34.87183" lon="-83.09759"><ele>544.0</ele></trkpt><trkpt lat="34.87191" lon="-83.09784"><ele>544.0056273713708</ele></trkpt><trkpt lat="34.87207" lon="-83.09797"><ele>543.0</ele></trkpt><trkpt lat="34.87216" lon="-83.09799"><ele>544.614160102736</ele></trkpt><trkpt lat="34.87221" lon="-83.09789"><ele>544.8651600195208</ele></trkpt><trkpt lat="34.87227" lon="-83.09772"><ele>544.4436566848308</ele></trkpt><trkpt lat="34.87246" lon="-83.09763"><ele>546.1757007985735</ele></trkpt><trkpt lat="34.87292" lon="-83.09772"><ele>547.0</ele></trkpt><trkpt lat="34.87306" lon="-83.09813"><ele>546.0</ele></trkpt><trkpt lat="34.87319" lon="-83.09841"><ele>545.0</ele></trkpt><trkpt lat="34.87322" lon="-83.09886"><ele>543.0</ele></trkpt><trkpt lat="34.87332" lon="-83.09908"><ele>542.9120866879821</ele></trkpt><trkpt lat="34.87341" lon="-83.09914"><ele>543.0229215749671</ele></trkpt><trkpt lat="34.8736" lon="-83.09911"><ele>544.7114396570321</ele></trkpt><trkpt lat="34.87382" lon="-83.09902"><ele>545.2558999122598</ele></trkpt><trkpt lat="34.87391" lon="-83.09922"><ele>546.0</ele></trkpt><trkpt lat="34.87385" lon="-83.09939"><ele>546.0</ele></trkpt><trkpt lat="34.87395" lon="-83.0996"><ele>546.0</ele></trkpt><trkpt lat="34.87413" lon="-83.0996"><ele>544.4969399463719</ele></trkpt><trkpt lat="34.8745" lon="-83.09989"><ele>545.0669617783278</ele></trkpt><trkpt lat="34.87481" lon="-83.09988"><ele>542.6009280001745</ele></trkpt><trkpt lat="34.87481" lon="-83.09988"><ele>542.6009280001745</ele></trkpt><trkpt lat="34.87501" lon="-83.09985"><ele>538.9295584126357</ele></trkpt><trkpt lat="34.87509" lon="-83.09994"><ele>540.0</ele></trkpt><trkpt lat="34.87513" lon="-83.09982"><ele>541.1767312495015</ele></trkpt><trkpt lat="34.87513" lon="-83.09965"><ele>542.0</ele></trkpt><trkpt lat="34.8752" lon="-83.09944"><ele>543.881437715143</ele></trkpt><trkpt lat="34.87536" lon="-83.09925"><ele>546.9703610707074</ele></trkpt><trkpt lat="34.87535" lon="-83.09915"><ele>547.0</ele></trkpt><trkpt lat="34.8754" lon="-83.09902"><ele>548.6046169151127</ele></trkpt><trkpt lat="34.87543" lon="-83.099"><ele>549.0</ele></trkpt><trkpt lat="34.87569" lon="-83.09919"><ele>550.6815254329902</ele></trkpt><trkpt lat="34.87583" lon="-83.09937"><ele>548.0</ele></trkpt><trkpt lat="34.87583" lon="-83.09937"><ele>548.0</ele></trkpt><trkpt lat="34.87598" lon="-83.09949"><ele>549.0</ele></trkpt><trkpt lat="34.87625" lon="-83.09948"><ele>550.9595768889412</ele></trkpt><trkpt lat="34.87677" lon="-83.09961"><ele>551.0672630090266</ele></trkpt><trkpt lat="34.87689" lon="-83.09941"><ele>553.0</ele></trkpt><trkpt lat="34.87692213403911" lon="-83.09937429551209"><ele>554.0</ele></trkpt><trkpt lat="34.87692291437445" lon="-83.09937342848553"><ele>554.0</ele></trkpt><trkpt lat="34.87698" lon="-83.09931"><ele>555.0368807939763</ele></trkpt><trkpt lat="34.87721" lon="-83.09934"><ele>557.0</ele></trkpt><trkpt lat="34.87742" lon="-83.09956"><ele>559.0056201268375</ele></trkpt><trkpt lat="34.8776" lon="-83.0999"><ele>561.4172579379904</ele></trkpt><trkpt lat="34.87776" lon="-83.09996"><ele>562.1008446988161</ele></trkpt><trkpt lat="34.8779" lon="-83.09993"><ele>561.9310968890786</ele></trkpt><trkpt lat="34.87781" lon="-83.09916"><ele>557.0</ele></trkpt><trkpt lat="34.8779" lon="-83.09887"><ele>560.2593889180571</ele></trkpt><trkpt lat="34.87803" lon="-83.09869"><ele>561.1429084446281</ele></trkpt><trkpt lat="34.87797" lon="-83.09852"><ele>559.2359213195741</ele></trkpt><trkpt lat="34.87818" lon="-83.09804"><ele>564.8754257040762</ele></trkpt><trkpt lat="34.87844" lon="-83.09799"><ele>563.5849602892995</ele></trkpt><trkpt lat="34.87855" lon="-83.09806"><ele>564.7827804442495</ele></trkpt><trkpt lat="34.87872" lon="-83.09806"><ele>565.9656441486153</ele></trkpt><trkpt lat="34.87899" lon="-83.09776"><ele>565.837461587847</ele></trkpt><trkpt lat="34.87911" lon="-83.09768"><ele>565.9972839579923</ele></trkpt><trkpt lat="34.87941" lon="-83.09777"><ele>566.039624940604</ele></trkpt><trkpt lat="34.87954" lon="-83.09768"><ele>568.4982489366084</ele></trkpt><trkpt lat="34.87976" lon="-83.09766"><ele>569.1414293339476</ele></trkpt><trkpt lat="34.87982" lon="-83.09771"><ele>572.4715982228518</ele></trkpt><trkpt lat="34.88026" lon="-83.09758"><ele>576.1351881320603</ele></trkpt><trkpt lat="34.88039" lon="-83.09757"><ele>578.984793746216</ele></trkpt><trkpt lat="34.88053" lon="-83.09746"><ele>579.820753778331</ele></trkpt><trkpt lat="34.88086" lon="-83.09757"><ele>582.9471253333613</ele></trkpt><trkpt lat="34.88106" lon="-83.09759"><ele>586.6811962385988</ele></trkpt><trkpt lat="34.8812" lon="-83.09753"><ele>587.7507303424691</ele></trkpt><trkpt lat="34.88127" lon="-83.09735"><ele>590.7048632670194</ele></trkpt><trkpt lat="34.88147" lon="-83.09725"><ele>595.034044444561</ele></trkpt><trkpt lat="34.88174" lon="-83.09732"><ele>600.1201708332136</ele></trkpt><trkpt lat="34.88185" lon="-83.09727"><ele>599.9661119999364</ele></trkpt><trkpt lat="34.88212" lon="-83.09739"><ele>601.5649802451953</ele></trkpt><trkpt lat="34.88245" lon="-83.09737"><ele>608.3674889327958</ele></trkpt><trkpt lat="34.882829999185226" lon="-83.09725000040739"><ele>613.0340634295717</ele></trkpt><trkpt lat="34.882829999185226" lon="-83.09725000040739"><ele>613.0340634295717</ele></trkpt><trkpt lat="34.88283" lon="-83.09725"><ele>613.034044444561</ele></trkpt><trkpt lat="34.88292" lon="-83.09719"><ele>612.2378417775035</ele></trkpt><trkpt lat="34.88319" lon="-83.09712"><ele>613.9756053332239</ele></trkpt><trkpt lat="34.88387" lon="-83.09676"><ele>609.3967786673456</ele></trkpt><trkpt lat="34.88407" lon="-83.09677"><ele>607.81370371954</ele></trkpt><trkpt lat="34.88447" lon="-83.09686"><ele>602.8587271114811</ele></trkpt><trkpt lat="34.88459" lon="-83.09694"><ele>603.4005807790402</ele></trkpt><trkpt lat="34.88461991159424" lon="-83.096996499678"><ele>602.9830795526505</ele></trkpt><trkpt lat="34.88462624707973" lon="-83.09700846668375"><ele>602.6231465023011</ele></trkpt><trkpt lat="34.88468" lon="-83.09711"><ele>599.5693221911788</ele></trkpt><trkpt lat="34.88487" lon="-83.09769"><ele>598.8963846379056</ele></trkpt><trkpt lat="34.88488" lon="-83.09792"><ele>597.7951245952831</ele></trkpt><trkpt lat="34.88479" lon="-83.09804"><ele>596.0</ele></trkpt><trkpt lat="34.88466" lon="-83.09804"><ele>596.0</ele></trkpt><trkpt lat="34.88454" lon="-83.09798"><ele>594.4769670702517</ele></trkpt><trkpt lat="34.88448" lon="-83.098"><ele>592.068238042295</ele></trkpt><trkpt lat="34.88427" lon="-83.09859"><ele>588.0</ele></trkpt><trkpt lat="34.88414" lon="-83.09869"><ele>587.8570915553719</ele></trkpt><trkpt lat="34.88405" lon="-83.0987"><ele>586.2499196250183</ele></trkpt><trkpt lat="34.88381" lon="-83.09857"><ele>584.4518455078017</ele></trkpt><trkpt lat="34.884" lon="-83.09897"><ele>579.6453007111129</ele></trkpt><trkpt lat="34.88411" lon="-83.09914"><ele>577.8855715552345</ele></trkpt><trkpt lat="34.88427" lon="-83.09917"><ele>575.4203426217575</ele></trkpt><trkpt lat="34.88459" lon="-83.099"><ele>575.7201760323146</ele></trkpt><trkpt lat="34.88447" lon="-83.09922"><ele>573.9213677030189</ele></trkpt><trkpt lat="34.88423" lon="-83.09986"><ele>571.8652272243053</ele></trkpt><trkpt lat="34.88421" lon="-83.10004"><ele>570.0</ele></trkpt><trkpt lat="34.88434" lon="-83.10023"><ele>569.1145466621965</ele></trkpt><trkpt lat="34.8843" lon="-83.10047"><ele>568.9846928863386</ele></trkpt><trkpt lat="34.88433" lon="-83.10059"><ele>568.0</ele></trkpt><trkpt lat="34.88433" lon="-83.10059"><ele>568.0</ele></trkpt><trkpt lat="34.88436" lon="-83.10071"><ele>565.7889231850106</ele></trkpt><trkpt lat="34.88434" lon="-83.10124"><ele>563.0</ele></trkpt><trkpt lat="34.8843" lon="-83.10154"><ele>561.0</ele></trkpt><trkpt lat="34.88401" lon="-83.10205"><ele>557.0</ele></trkpt><trkpt lat="34.88402" lon="-83.10241"><ele>555.0</ele></trkpt><trkpt lat="34.88396" lon="-83.10269"><ele>555.5260240696371</ele></trkpt><trkpt lat="34.88364" lon="-83.10356"><ele>548.964900357287</ele></trkpt><trkpt lat="34.88357" lon="-83.10401"><ele>544.0459507202215</ele></trkpt><trkpt lat="34.88352" lon="-83.10475"><ele>541.0</ele></trkpt><trkpt lat="34.8836" lon="-83.10511"><ele>541.0</ele></trkpt><trkpt lat="34.88373" lon="-83.10523"><ele>540.5022771129344</ele></trkpt><trkpt lat="34.88418" lon="-83.10528"><ele>536.0</ele></trkpt><trkpt lat="34.88443" lon="-83.10526"><ele>535.7473582224625</ele></trkpt><trkpt lat="34.8847" lon="-83.10534"><ele>537.0</ele></trkpt><trkpt lat="34.88507" lon="-83.10534"><ele>534.4450162062828</ele></trkpt><trkpt lat="34.88535" lon="-83.10526"><ele>532.0</ele></trkpt><trkpt lat="34.88593" lon="-83.10543"><ele>525.3350599288324</ele></trkpt><trkpt lat="34.88593" lon="-83.10543"><ele>525.3350599288324</ele></trkpt><trkpt lat="34.88611" lon="-83.10556"><ele>523.69188622199</ele></trkpt><trkpt lat="34.8864" lon="-83.10588"><ele>521.1158872741131</ele></trkpt><trkpt lat="34.88658" lon="-83.10612"><ele>518.3752348143607</ele></trkpt><trkpt lat="34.88656" lon="-83.10629"><ele>517.7499389064245</ele></trkpt><trkpt lat="34.88666" lon="-83.10647"><ele>515.2602789525716</ele></trkpt><trkpt lat="34.88679" lon="-83.10655"><ele>513.1090844441205</ele></trkpt><trkpt lat="34.88707" lon="-83.1066"><ele>509.4487466663122</ele></trkpt><trkpt lat="34.88769" lon="-83.1066"><ele>507.2243733331561</ele></trkpt><trkpt lat="34.88785" lon="-83.10668"><ele>500.463165262714</ele></trkpt><trkpt lat="34.88823" lon="-83.10662"><ele>502.91607769456164</ele></trkpt><trkpt lat="34.88842" lon="-83.10644"><ele>499.0</ele></trkpt><trkpt lat="34.88853" lon="-83.10628"><ele>497.8369666226208</ele></trkpt><trkpt lat="34.88871" lon="-83.10623"><ele>493.0</ele></trkpt><trkpt lat="34.88878" lon="-83.10624"><ele>492.0010063854305</ele></trkpt><trkpt lat="34.88904" lon="-83.10602"><ele>492.0</ele></trkpt><trkpt lat="34.88925" lon="-83.1059"><ele>492.0</ele></trkpt><trkpt lat="34.88953" lon="-83.10563"><ele>490.0</ele></trkpt><trkpt lat="34.88985" lon="-83.10526"><ele>489.1072219407326</ele></trkpt><trkpt lat="34.88996" lon="-83.10501"><ele>491.0</ele></trkpt><trkpt lat="34.89018" lon="-83.10482"><ele>490.98369712100214</ele></trkpt><trkpt lat="34.89037" lon="-83.10444"><ele>490.07904425869543</ele></trkpt><trkpt lat="34.89061" lon="-83.10412"><ele>486.1992497779429</ele></trkpt><trkpt lat="34.89093" lon="-83.10403"><ele>484.0</ele></trkpt><trkpt lat="34.89105" lon="-83.10392"><ele>486.0</ele></trkpt><trkpt lat="34.89143" lon="-83.10344"><ele>485.50895288959146</ele></trkpt><trkpt lat="34.89172" lon="-83.10327"><ele>486.7543825045479</ele></trkpt><trkpt lat="34.8919" lon="-83.10311"><ele>488.0822231089508</ele></trkpt><trkpt lat="34.891910801405" lon="-83.10309619820472"><ele>488.12018727543574</ele></trkpt><trkpt lat="34.89192798285145" lon="-83.10307424416735"><ele>488.1034442323521</ele></trkpt><trkpt lat="34.89208" lon="-83.10288"><ele>485.91777919864984</ele></trkpt><trkpt lat="34.89219" lon="-83.10287"><ele>485.7858109381605</ele></trkpt><trkpt lat="34.8924" lon="-83.10291"><ele>483.0</ele></trkpt><trkpt lat="34.89265" lon="-83.10313"><ele>486.06190577801317</ele></trkpt><trkpt lat="34.89295" lon="-83.10336"><ele>489.5528966290059</ele></trkpt><trkpt lat="34.89308" lon="-83.10355"><ele>490.2044969031117</ele></trkpt><trkpt lat="34.89314" lon="-83.1038"><ele>494.2861688891426</ele></trkpt><trkpt lat="34.89383" lon="-83.1041"><ele>495.4563809412018</ele></trkpt><trkpt lat="34.89413" lon="-83.10433"><ele>497.65321419164366</ele></trkpt><trkpt lat="34.89464" lon="-83.10484"><ele>501.43851904477924</ele></trkpt><trkpt lat="34.89488" lon="-83.10502"><ele>503.6740615885748</ele></trkpt><trkpt lat="34.89498" lon="-83.10521"><ele>504.0</ele></trkpt><trkpt lat="34.89584" lon="-83.10619"><ele>514.3317582225427</ele></trkpt><trkpt lat="34.89682" lon="-83.10663"><ele>524.8579886265496</ele></trkpt><trkpt lat="34.89716" lon="-83.10662"><ele>531.0</ele></trkpt><trkpt lat="34.89731" lon="-83.10657"><ele>532.6224746666849</ele></trkpt><trkpt lat="34.89754" lon="-83.10638"><ele>535.5675519867116</ele></trkpt><trkpt lat="34.89758" lon="-83.10647"><ele>535.5456392073111</ele></trkpt><trkpt lat="34.89771" lon="-83.1065"><ele>535.8847111118957</ele></trkpt><trkpt lat="34.89791" lon="-83.10643"><ele>537.146947555244</ele></trkpt><trkpt lat="34.89809" lon="-83.10625"><ele>541.5355555554852</ele></trkpt><trkpt lat="34.89845" lon="-83.10606"><ele>546.0</ele></trkpt><trkpt lat="34.89852" lon="-83.10623"><ele>547.0</ele></trkpt><trkpt lat="34.89844" lon="-83.10642"><ele>547.0</ele></trkpt><trkpt lat="34.89852" lon="-83.10666"><ele>551.0</ele></trkpt><trkpt lat="34.89858" lon="-83.10682"><ele>552.188003487885</ele></trkpt><trkpt lat="34.89866" lon="-83.10691"><ele>553.5703679029303</ele></trkpt><trkpt lat="34.89871" lon="-83.10691"><ele>553.7773262225091</ele></trkpt><trkpt lat="34.89876" lon="-83.10671"><ele>557.4159532245249</ele></trkpt><trkpt lat="34.89894" lon="-83.10642"><ele>560.6439253780991</ele></trkpt><trkpt lat="34.89925" lon="-83.10612"><ele>565.559742349288</ele></trkpt><trkpt lat="34.89959" lon="-83.10588"><ele>570.0</ele></trkpt><trkpt lat="34.89989" lon="-83.10555"><ele>572.467340846546</ele></trkpt><trkpt lat="34.90011" lon="-83.10524"><ele>575.0498889931353</ele></trkpt><trkpt lat="34.90035" lon="-83.10503"><ele>578.4646473080011</ele></trkpt><trkpt lat="34.90059" lon="-83.10486"><ele>579.9609962646687</ele></trkpt><trkpt lat="34.90067" lon="-83.10487"><ele>582.099028292112</ele></trkpt><trkpt lat="34.90076" lon="-83.10473"><ele>583.6273102220148</ele></trkpt><trkpt lat="34.90101" lon="-83.1046"><ele>585.568871111609</ele></trkpt><trkpt lat="34.90118" lon="-83.10454"><ele>586.7726684445515</ele></trkpt><trkpt lat="34.90156" lon="-83.10452"><ele>588.360880821012</ele></trkpt><trkpt lat="34.90178" lon="-83.10461"><ele>593.0349048888311</ele></trkpt><trkpt lat="34.90213" lon="-83.10465"><ele>591.9818351818293</ele></trkpt><trkpt lat="34.9023" lon="-83.10472"><ele>599.1612764447927</ele></trkpt><trkpt lat="34.90255" lon="-83.10465"><ele>598.9774174722163</ele></trkpt><trkpt lat="34.90267" lon="-83.10467"><ele>601.3363639358378</ele></trkpt><trkpt lat="34.90278" lon="-83.10476"><ele>600.1754936496027</ele></trkpt><trkpt lat="34.90309" lon="-83.10525"><ele>599.4634934700889</ele></trkpt><trkpt lat="34.9033" lon="-83.10551"><ele>598.0</ele></trkpt><trkpt lat="34.90334" lon="-83.10562"><ele>598.0</ele></trkpt><trkpt lat="34.90331" lon="-83.10579"><ele>596.0357727393971</ele></trkpt><trkpt lat="34.90319" lon="-83.10611"><ele>594.0513708232847</ele></trkpt><trkpt lat="34.90316" lon="-83.10634"><ele>592.5605264920741</ele></trkpt><trkpt lat="34.90321" lon="-83.10683"><ele>590.8580655019433</ele></trkpt><trkpt lat="34.90337" lon="-83.107"><ele>590.0</ele></trkpt><trkpt lat="34.90337" lon="-83.107"><ele>590.0</ele></trkpt><trkpt lat="34.90348" lon="-83.10704"><ele>590.0</ele></trkpt><trkpt lat="34.90382" lon="-83.10701"><ele>590.9441569130868</ele></trkpt><trkpt lat="34.90386011782575" lon="-83.10701925795979"><ele>591.0</ele></trkpt><trkpt lat="34.90386011782575" lon="-83.10701925795979"><ele>591.0</ele></trkpt><trkpt lat="34.90395" lon="-83.10704"><ele>592.2811128888279</ele></trkpt><trkpt lat="34.90395" lon="-83.10704"><ele>592.2811128888279</ele></trkpt><trkpt lat="34.90408" lon="-83.1071"><ele>594.0555753437411</ele></trkpt><trkpt lat="34.90426" lon="-83.10727"><ele>596.0</ele></trkpt><trkpt lat="34.90437" lon="-83.10734"><ele>597.4084392195746</ele></trkpt><trkpt lat="34.90437" lon="-83.10734"><ele>597.4084392195746</ele></trkpt><trkpt lat="34.90437" lon="-83.10734"><ele>597.4084392195746</ele></trkpt><trkpt lat="34.90456" lon="-83.10725"><ele>598.9955451225509</ele></trkpt><trkpt lat="34.90496" lon="-83.10718"><ele>599.8055857783183</ele></trkpt><trkpt lat="34.90537" lon="-83.10696"><ele>599.5392853883318</ele></trkpt><trkpt lat="34.9056" lon="-83.10702"><ele>603.4106609872961</ele></trkpt><trkpt lat="34.9058" lon="-83.10698"><ele>604.4849102217704</ele></trkpt><trkpt lat="34.90597" lon="-83.10707"><ele>605.9613149254523</ele></trkpt><trkpt lat="34.90619" lon="-83.10738"><ele>611.0476573182141</ele></trkpt><trkpt lat="34.90633" lon="-83.10741"><ele>612.5243626665324</ele></trkpt><trkpt lat="34.90649" lon="-83.1075"><ele>614.8113026380802</ele></trkpt><trkpt lat="34.90661" lon="-83.10771"><ele>618.7576279694395</ele></trkpt><trkpt lat="34.90687" lon="-83.10833"><ele>624.8407577064402</ele></trkpt><trkpt lat="34.90714" lon="-83.10886"><ele>630.4517635273693</ele></trkpt><trkpt lat="34.90744" lon="-83.10923"><ele>637.3425102224573</ele></trkpt><trkpt lat="34.90786" lon="-83.10945"><ele>637.7875688637178</ele></trkpt><trkpt lat="34.908" lon="-83.11"><ele>645.1179118407791</ele></trkpt><trkpt lat="34.90811" lon="-83.11016"><ele>645.7684497723935</ele></trkpt><trkpt lat="34.90824" lon="-83.11029"><ele>648.742090667598</ele></trkpt><trkpt lat="34.9084" lon="-83.11026"><ele>647.0</ele></trkpt><trkpt lat="34.90855" lon="-83.11032"><ele>646.1401920001954</ele></trkpt><trkpt lat="34.90863" lon="-83.11045"><ele>648.77333485852</ele></trkpt><trkpt lat="34.90877" lon="-83.11051"><ele>652.2388911359012</ele></trkpt><trkpt lat="34.908851939800634" lon="-83.11038162764568"><ele>654.8954448159784</ele></trkpt><trkpt lat="34.90884717481513" lon="-83.11038909317456"><ele>654.6246555149555</ele></trkpt><trkpt lat="34.90937" lon="-83.10957"><ele>666.4609099075709</ele></trkpt><trkpt lat="34.90964" lon="-83.10928"><ele>667.8953633344762</ele></trkpt><trkpt lat="34.90979" lon="-83.10905"><ele>669.0460977777839</ele></trkpt><trkpt lat="34.90972" lon="-83.10883"><ele>672.4577858379188</ele></trkpt><trkpt lat="34.90972" lon="-83.10863"><ele>675.2266888450831</ele></trkpt><trkpt lat="34.90956" lon="-83.10845"><ele>674.1409994476198</ele></trkpt><trkpt lat="34.90968" lon="-83.10822"><ele>677.9662033183437</ele></trkpt><trkpt lat="34.90987" lon="-83.10808"><ele>677.7486257785931</ele></trkpt><trkpt lat="34.91018" lon="-83.108"><ele>679.0203555561602</ele></trkpt><trkpt lat="34.91055" lon="-83.10777"><ele>681.0253624024883</ele></trkpt><trkpt lat="34.91063" lon="-83.10755"><ele>685.9419019185007</ele></trkpt><trkpt lat="34.91073" lon="-83.10733"><ele>685.7960924450308</ele></trkpt><trkpt lat="34.9107" lon="-83.10721"><ele>684.9200189746916</ele></trkpt><trkpt lat="34.9108" lon="-83.10692"><ele>684.8764322233053</ele></trkpt><trkpt lat="34.91076" lon="-83.10672"><ele>684.0</ele></trkpt><trkpt lat="34.91083" lon="-83.10642"><ele>681.5757921844574</ele></trkpt><trkpt lat="34.91116" lon="-83.10611"><ele>684.9399715559557</ele></trkpt><trkpt lat="34.91138" lon="-83.10605"><ele>684.1437688888982</ele></trkpt><trkpt lat="34.911503382831434" lon="-83.10610694592219"><ele>684.797641213052</ele></trkpt><trkpt lat="34.91153035782562" lon="-83.10610773709996"><ele>684.8345127701759</ele></trkpt><trkpt lat="34.91169" lon="-83.10609"><ele>686.1966903242246</ele></trkpt><trkpt lat="34.91211" lon="-83.10588"><ele>693.2211946668103</ele></trkpt><trkpt lat="34.912151898883494" lon="-83.10594622713967"><ele>694.1330540440355</ele></trkpt><trkpt lat="34.912151898883494" lon="-83.10594622713967"><ele>694.1330540440355</ele></trkpt><trkpt lat="34.91273" lon="-83.10686"><ele>699.6056157788262</ele></trkpt><trkpt lat="34.91288" lon="-83.10705"><ele>698.7947721309223</ele></trkpt><trkpt lat="34.9133" lon="-83.10784"><ele>699.7029339813469</ele></trkpt><trkpt lat="34.91339" lon="-83.10807"><ele>699.204055827111</ele></trkpt><trkpt lat="34.91336" lon="-83.10828"><ele>700.0</ele></trkpt><trkpt lat="34.91318" lon="-83.10856"><ele>698.1387878768146</ele></trkpt><trkpt lat="34.91337" lon="-83.10909"><ele>697.3406982887536</ele></trkpt><trkpt lat="34.91346" lon="-83.10925"><ele>695.4383817612421</ele></trkpt><trkpt lat="34.91359" lon="-83.1093"><ele>691.8376159649342</ele></trkpt><trkpt lat="34.9136" lon="-83.10947"><ele>694.2692932467908</ele></trkpt><trkpt lat="34.91364" lon="-83.1096"><ele>693.9960016719997</ele></trkpt><trkpt lat="34.91376" lon="-83.10979"><ele>693.0775636982139</ele></trkpt><trkpt lat="34.91402" lon="-83.11007"><ele>686.889024044387</ele></trkpt><trkpt lat="34.91458" lon="-83.11043"><ele>682.0</ele></trkpt><trkpt lat="34.914585338537165" lon="-83.11042378471623"><ele>682.0</ele></trkpt><trkpt lat="34.91465" lon="-83.11051"><ele>682.0</ele></trkpt><trkpt lat="34.91497" lon="-83.11071"><ele>682.0</ele></trkpt><trkpt lat="34.9151" lon="-83.11085"><ele>682.0</ele></trkpt><trkpt lat="34.91561" lon="-83.11155"><ele>678.0</ele></trkpt><trkpt lat="34.91567" lon="-83.11167"><ele>677.9657800143781</ele></trkpt><trkpt lat="34.91577" lon="-83.11204"><ele>676.0</ele></trkpt><trkpt lat="34.91576795491999" lon="-83.11203243179678"><ele>676.0</ele></trkpt><trkpt lat="34.91585" lon="-83.11201"><ele>677.0</ele></trkpt><trkpt lat="34.91585" lon="-83.11201"><ele>677.0</ele></trkpt><trkpt lat="34.91592" lon="-83.11208"><ele>676.8378631109372</ele></trkpt><trkpt lat="34.91597" lon="-83.1122"><ele>676.1796862240881</ele></trkpt><trkpt lat="34.91557" lon="-83.11269"><ele>670.2818301897496</ele></trkpt><trkpt lat="34.91508" lon="-83.11321"><ele>660.0</ele></trkpt><trkpt lat="34.915" lon="-83.11336"><ele>659.0</ele></trkpt><trkpt lat="34.91485" lon="-83.11349"><ele>657.0</ele></trkpt><trkpt lat="34.91478" lon="-83.11361"><ele>655.7932737953961</ele></trkpt><trkpt lat="34.91471" lon="-83.11361"><ele>654.0</ele></trkpt><trkpt lat="34.91462" lon="-83.11368"><ele>652.6999878715724</ele></trkpt><trkpt lat="34.91455" lon="-83.11383"><ele>651.5182014920069</ele></trkpt><trkpt lat="34.91425" lon="-83.11416"><ele>648.0</ele></trkpt><trkpt lat="34.91409" lon="-83.11447"><ele>648.3148824125782</ele></trkpt><trkpt lat="34.91391" lon="-83.11473"><ele>643.1181940048036</ele></trkpt><trkpt lat="34.91381" lon="-83.11496"><ele>639.0</ele></trkpt><trkpt lat="34.91386" lon="-83.11508"><ele>638.5207891752416</ele></trkpt><trkpt lat="34.91389" lon="-83.11523"><ele>638.2120957486331</ele></trkpt><trkpt lat="34.913864670046095" lon="-83.11535031728104"><ele>633.9021816022191</ele></trkpt><trkpt lat="34.91386199717887" lon="-83.11536301341009"><ele>634.1616510888562</ele></trkpt><trkpt lat="34.91385" lon="-83.11542"><ele>635.7562159206718</ele></trkpt><trkpt lat="34.91367" lon="-83.1157"><ele>633.3231921678735</ele></trkpt><trkpt lat="34.91363" lon="-83.11593"><ele>632.4356753285974</ele></trkpt><trkpt lat="34.91366" lon="-83.11603"><ele>632.0345252936413</ele></trkpt><trkpt lat="34.91356" lon="-83.11615"><ele>630.2953007332981</ele></trkpt><trkpt lat="34.91348" lon="-83.1163"><ele>626.9108386822045</ele></trkpt><trkpt lat="34.91344" lon="-83.11654"><ele>625.6375515423715</ele></trkpt><trkpt lat="34.91346" lon="-83.11674"><ele>622.7741949744523</ele></trkpt><trkpt lat="34.91355" lon="-83.11698"><ele>620.4813120001927</ele></trkpt><trkpt lat="34.91371" lon="-83.117"><ele>624.5395015308255</ele></trkpt><trkpt lat="34.91383" lon="-83.11712"><ele>619.7589875319973</ele></trkpt><trkpt lat="34.91395" lon="-83.1172"><ele>618.1421802647665</ele></trkpt><trkpt lat="34.91409" lon="-83.11736"><ele>614.7720284434035</ele></trkpt><trkpt lat="34.91435" lon="-83.11751"><ele>610.4264137139544</ele></trkpt><trkpt lat="34.9144" lon="-83.11756"><ele>607.0</ele></trkpt><trkpt lat="34.91445" lon="-83.11774"><ele>604.0</ele></trkpt><trkpt lat="34.91456" lon="-83.11793"><ele>601.2081031110138</ele></trkpt><trkpt lat="34.9148" lon="-83.11812"><ele>603.9299357812852</ele></trkpt><trkpt lat="34.91489" lon="-83.11823"><ele>605.2618074746713</ele></trkpt><trkpt lat="34.9153" lon="-83.11907"><ele>602.0802524443716</ele></trkpt><trkpt lat="34.91539" lon="-83.11918"><ele>599.9538808893412</ele></trkpt><trkpt lat="34.91563" lon="-83.11923"><ele>598.7253644652665</ele></trkpt><trkpt lat="34.91578" lon="-83.11937"><ele>598.0</ele></trkpt><trkpt lat="34.91592" lon="-83.11957"><ele>591.77856355533</ele></trkpt><trkpt lat="34.91607" lon="-83.11959"><ele>589.8464959999546</ele></trkpt><trkpt lat="34.91662" lon="-83.11949"><ele>583.8188423443331</ele></trkpt><trkpt lat="34.91677" lon="-83.1192"><ele>585.0</ele></trkpt><trkpt lat="34.916843581512886" lon="-83.11916037918536"><ele>584.0646578436206</ele></trkpt><trkpt lat="34.916843581512886" lon="-83.11916037918536"><ele>584.0646578436206</ele></trkpt><trkpt lat="34.9169" lon="-83.11913"><ele>585.0798139064569</ele></trkpt><trkpt lat="34.91694887198669" lon="-83.11913698171239"><ele>586.0</ele></trkpt><trkpt lat="34.91694887198669" lon="-83.11913698171239"><ele>586.0</ele></trkpt><trkpt lat="34.91697" lon="-83.11914"><ele>586.0</ele></trkpt><trkpt lat="34.91717" lon="-83.11924"><ele>589.626342151314</ele></trkpt><trkpt lat="34.91728" lon="-83.1194"><ele>588.7011377783492</ele></trkpt><trkpt lat="34.91734" lon="-83.11944"><ele>586.0</ele></trkpt><trkpt lat="34.91791" lon="-83.11922"><ele>593.0</ele></trkpt><trkpt lat="34.91804" lon="-83.11914"><ele>591.7584363674314</ele></trkpt><trkpt lat="34.91824" lon="-83.11895"><ele>593.3767434480478</ele></trkpt><trkpt lat="34.91866128225966" lon="-83.11894122328626"><ele>593.0</ele></trkpt><trkpt lat="34.91871902683685" lon="-83.11893951656619"><ele>593.0</ele></trkpt><trkpt lat="34.918719033890326" lon="-83.11894002012734"><ele>593.0</ele></trkpt><trkpt lat="34.91872" lon="-83.11894"><ele>593.0</ele></trkpt><trkpt lat="34.91887" lon="-83.11899"><ele>590.8085226668045</ele></trkpt><trkpt lat="34.91887" lon="-83.11899"><ele>590.8085226668045</ele></trkpt><trkpt lat="34.91887" lon="-83.11899"><ele>590.8085226668045</ele></trkpt><trkpt lat="34.91897" lon="-83.11893"><ele>591.6047253329307</ele></trkpt><trkpt lat="34.91908" lon="-83.11893"><ele>590.1819724701345</ele></trkpt><trkpt lat="34.91911" lon="-83.11899"><ele>590.887054881081</ele></trkpt><trkpt lat="34.91911" lon="-83.11899"><ele>590.887054881081</ele></trkpt><trkpt lat="34.91911" lon="-83.11902076005936"><ele>590.887054881081</ele></trkpt><trkpt lat="34.91911000000001" lon="-83.11902802946368"><ele>590.887054881081</ele></trkpt><trkpt lat="34.91911" lon="-83.11905"><ele>590.887054881081</ele></trkpt><trkpt lat="34.91911" lon="-83.11905"><ele>590.887054881081</ele></trkpt><trkpt lat="34.91928" lon="-83.11924"><ele>590.1576782222837</ele></trkpt><trkpt lat="34.91935" lon="-83.11925"><ele>591.3650060740124</ele></trkpt><trkpt lat="34.91955" lon="-83.11937"><ele>592.0888191826305</ele></trkpt><trkpt lat="34.91962" lon="-83.11944"><ele>590.0</ele></trkpt><trkpt lat="34.92026" lon="-83.1192"><ele>588.0218133330345</ele></trkpt><trkpt lat="34.92041" lon="-83.11907"><ele>587.018092280362</ele></trkpt><trkpt lat="34.92061" lon="-83.11894"><ele>586.877720101732</ele></trkpt><trkpt lat="34.92089" lon="-83.11855"><ele>587.0</ele></trkpt><trkpt lat="34.92103" lon="-83.11845"><ele>585.9996504637364</ele></trkpt><trkpt lat="34.92121" lon="-83.11842"><ele>582.8466437052497</ele></trkpt><trkpt lat="34.92145" lon="-83.11858"><ele>582.0</ele></trkpt><trkpt lat="34.9218" lon="-83.11861"><ele>578.6245425500003</ele></trkpt><trkpt lat="34.92197" lon="-83.11852"><ele>578.7121102223173</ele></trkpt><trkpt lat="34.92197" lon="-83.11852"><ele>578.7121102223173</ele></trkpt><trkpt lat="34.92219" lon="-83.11845"><ele>578.9743466665968</ele></trkpt><trkpt lat="34.92235" lon="-83.11847"><ele>578.0</ele></trkpt><trkpt lat="34.92235" lon="-83.11847"><ele>578.0</ele></trkpt><trkpt lat="34.92238" lon="-83.11853"><ele>579.0</ele></trkpt><trkpt lat="34.92238" lon="-83.11853"><ele>579.0</ele></trkpt><trkpt lat="34.92237" lon="-83.11861"><ele>580.0</ele></trkpt><trkpt lat="34.92245" lon="-83.11884"><ele>583.1453943353288</ele></trkpt><trkpt lat="34.92231" lon="-83.11927"><ele>587.0</ele></trkpt><trkpt lat="34.92237" lon="-83.11936"><ele>586.641954575764</ele></trkpt><trkpt lat="34.92251" lon="-83.11945"><ele>589.0</ele></trkpt><trkpt lat="34.9225" lon="-83.11949"><ele>590.493166222237</ele></trkpt><trkpt lat="34.92233" lon="-83.11961"><ele>593.0</ele></trkpt><trkpt lat="34.92228" lon="-83.11975"><ele>593.0609418451786</ele></trkpt><trkpt lat="34.92234" lon="-83.11989"><ele>593.9288726489376</ele></trkpt><trkpt lat="34.92241" lon="-83.11993"><ele>595.4499248862267</ele></trkpt><trkpt lat="34.92244" lon="-83.12001"><ele>596.1550764795393</ele></trkpt><trkpt lat="34.9223" lon="-83.1201"><ele>595.1189343715087</ele></trkpt><trkpt lat="34.92219" lon="-83.12013"><ele>593.319328000769</ele></trkpt><trkpt lat="34.92202" lon="-83.12042"><ele>594.2361181183428</ele></trkpt><trkpt lat="34.92199" lon="-83.12066"><ele>596.577868014574</ele></trkpt><trkpt lat="34.92212" lon="-83.12081"><ele>598.9903751108795</ele></trkpt><trkpt lat="34.92233" lon="-83.12091"><ele>599.9349178266352</ele></trkpt><trkpt lat="34.92242" lon="-83.12101"><ele>600.0122613151914</ele></trkpt><trkpt lat="34.92241" lon="-83.12113"><ele>598.034776594075</ele></trkpt><trkpt lat="34.92262" lon="-83.12133"><ele>596.2920541512887</ele></trkpt><trkpt lat="34.92343" lon="-83.12167"><ele>593.0</ele></trkpt><trkpt lat="34.92365" lon="-83.1216"><ele>591.23151106229</ele></trkpt><trkpt lat="34.92383" lon="-83.12162"><ele>590.0</ele></trkpt><trkpt lat="34.92394" lon="-83.12167"><ele>589.0</ele></trkpt><trkpt lat="34.92414" lon="-83.12181"><ele>587.0</ele></trkpt><trkpt lat="34.92422337926665" lon="-83.1218262691252"><ele>587.0</ele></trkpt><trkpt lat="34.92424341103099" lon="-83.12183017772445"><ele>587.0</ele></trkpt><trkpt lat="34.92455" lon="-83.12189"><ele>585.6587271112949</ele></trkpt><trkpt lat="34.92477" lon="-83.12204"><ele>583.6682204436511</ele></trkpt><trkpt lat="34.92487" lon="-83.12214"><ele>582.0</ele></trkpt><trkpt lat="34.92495" lon="-83.1223"><ele>579.0</ele></trkpt><trkpt lat="34.92495" lon="-83.1223"><ele>579.0</ele></trkpt><trkpt lat="34.92509" lon="-83.12236"><ele>580.2448604442179</ele></trkpt><trkpt lat="34.92517" lon="-83.12235"><ele>580.7788266669959</ele></trkpt><trkpt lat="34.92525488617883" lon="-83.12229906829269"><ele>580.4052370702848</ele></trkpt><trkpt lat="34.925313759510296" lon="-83.1222637442938"><ele>580.3778551624397</ele></trkpt><trkpt lat="34.92547" lon="-83.12217"><ele>580.6210810171228</ele></trkpt><trkpt lat="34.92582" lon="-83.1219"><ele>578.8073066668585</ele></trkpt><trkpt lat="34.92624" lon="-83.12145"><ele>574.1220128222194</ele></trkpt><trkpt lat="34.92659" lon="-83.12128"><ele>571.0</ele></trkpt><trkpt lat="34.92696" lon="-83.12129"><ele>568.3792462227866</ele></trkpt><trkpt lat="34.92729" lon="-83.12142"><ele>567.4376853331923</ele></trkpt><trkpt lat="34.92736" lon="-83.12157"><ele>565.1095740460942</ele></trkpt><trkpt lat="34.92733" lon="-83.12169"><ele>563.9794026659802</ele></trkpt><trkpt lat="34.92705" lon="-83.12202"><ele>560.9250754206236</ele></trkpt><trkpt lat="34.92694" lon="-83.1221"><ele>563.065124321729</ele></trkpt><trkpt lat="34.92698" lon="-83.12226"><ele>563.4626281843858</ele></trkpt><trkpt lat="34.92723" lon="-83.1225"><ele>563.4470258503724</ele></trkpt><trkpt lat="34.92726" lon="-83.12256"><ele>563.495298901253</ele></trkpt><trkpt lat="34.92726" lon="-83.12256"><ele>563.495298901253</ele></trkpt><trkpt lat="34.9274" lon="-83.12288"><ele>560.9179545864463</ele></trkpt><trkpt lat="34.92757" lon="-83.12315"><ele>557.0</ele></trkpt><trkpt lat="34.92782122486418" lon="-83.12375450982944"><ele>551.9746998753399</ele></trkpt><trkpt lat="34.9278642378092" lon="-83.12385800961725"><ele>551.5297520570457</ele></trkpt><trkpt lat="34.92789" lon="-83.12392"><ele>551.0</ele></trkpt><trkpt lat="34.92789" lon="-83.12417"><ele>551.0653734039515</ele></trkpt><trkpt lat="34.92796" lon="-83.12441"><ele>550.0</ele></trkpt><trkpt lat="34.92807" lon="-83.12463"><ele>547.8337711934</ele></trkpt><trkpt lat="34.92804" lon="-83.12492"><ele>548.3313806937146</ele></trkpt><trkpt lat="34.92812" lon="-83.12518"><ele>546.9888716345778</ele></trkpt><trkpt lat="34.92851" lon="-83.12575"><ele>542.8230935130268</ele></trkpt><trkpt lat="34.92868" lon="-83.12608"><ele>540.0</ele></trkpt><trkpt lat="34.92847" lon="-83.12667"><ele>539.9047855463455</ele></trkpt><trkpt lat="34.92849" lon="-83.12686"><ele>539.0</ele></trkpt><trkpt lat="34.92843" lon="-83.12704"><ele>539.0</ele></trkpt><trkpt lat="34.92838" lon="-83.12757"><ele>537.0</ele></trkpt><trkpt lat="34.92853" lon="-83.12839"><ele>536.8193617596291</ele></trkpt><trkpt lat="34.92861" lon="-83.1287"><ele>536.0</ele></trkpt><trkpt lat="34.92872790440066" lon="-83.12894487837059"><ele>529.8775652302429</ele></trkpt></trkseg></trk><trk><name>1 - Foothills Trail to Chattooga</name><extensions><gpxx:TrackExtension><gpxx:DisplayColor>DarkBlue</gpxx:DisplayColor></gpxx:TrackExtension></extensions><trkseg><trkpt lat="34.92872790440066" lon="-83.12894487837059"><ele>529.8775652302429</ele></trkpt><trkpt lat="34.92874" lon="-83.12896999999998"><ele>529.1772142806046</ele></trkpt><trkpt lat="34.92874" lon="-83.12896999999998"><ele>529.1772142806046</ele></trkpt><trkpt lat="34.92897" lon="-83.12927000000002"><ele>527.2355773826574</ele></trkpt><trkpt lat="34.92916" lon="-83.12967000000003"><ele>524.1986575712982</ele></trkpt><trkpt lat="34.92929" lon="-83.12975"><ele>524.0</ele></trkpt><trkpt lat="34.92933" lon="-83.13018"><ele>521.0</ele></trkpt><trkpt lat="34.92974" lon="-83.13033999999999"><ele>521.0938306711614</ele></trkpt><trkpt lat="34.92992" lon="-83.13051000000002"><ele>522.9579286010674</ele></trkpt><trkpt lat="34.93021" lon="-83.13045999999997"><ele>526.2677795570344</ele></trkpt><trkpt lat="34.93035" lon="-83.13036"><ele>527.1596508761868</ele></trkpt><trkpt lat="34.93064" lon="-83.13"><ele>531.4521135408431</ele></trkpt><trkpt lat="34.93097" lon="-83.12937"><ele>538.0536582395434</ele></trkpt><trkpt lat="34.93126" lon="-83.12923"><ele>536.0932532055303</ele></trkpt><trkpt lat="34.93164" lon="-83.12894"><ele>540.0072700371966</ele></trkpt><trkpt lat="34.93212" lon="-83.12847999999997"><ele>546.3671350104205</ele></trkpt><trkpt lat="34.93257" lon="-83.12822"><ele>545.683359227546</ele></trkpt><trkpt lat="34.93271" lon="-83.12795"><ele>557.8438895046711</ele></trkpt><trkpt lat="34.93277" lon="-83.12799000000001"><ele>563.0434760944918</ele></trkpt><trkpt lat="34.93282" lon="-83.12826999999999"><ele>562.5041321394965</ele></trkpt><trkpt lat="34.93292" lon="-83.12847999999997"><ele>566.8595175277442</ele></trkpt><trkpt lat="34.93303" lon="-83.12855000000002"><ele>567.9189943085705</ele></trkpt><trkpt lat="34.93312" lon="-83.12847"><ele>568.0085013341159</ele></trkpt><trkpt lat="34.93333" lon="-83.12797"><ele>572.8852878752557</ele></trkpt><trkpt lat="34.93346" lon="-83.12775999999997"><ele>576.0429968960608</ele></trkpt><trkpt lat="34.934" lon="-83.12738000000002"><ele>582.0</ele></trkpt><trkpt lat="34.93433" lon="-83.12705"><ele>587.0</ele></trkpt><trkpt lat="34.93447" lon="-83.12696"><ele>589.0</ele></trkpt><trkpt lat="34.93464" lon="-83.12693999999999"><ele>589.7488097746203</ele></trkpt><trkpt lat="34.93485" lon="-83.1268"><ele>594.0</ele></trkpt><trkpt lat="34.93487" lon="-83.12671"><ele>595.030446222052</ele></trkpt><trkpt lat="34.93479" lon="-83.12666000000002"><ele>595.0</ele></trkpt><trkpt lat="34.93445" lon="-83.1266"><ele>592.0</ele></trkpt><trkpt lat="34.93414" lon="-83.12676999999996"><ele>591.0</ele></trkpt><trkpt lat="34.93386" lon="-83.12700999999998"><ele>589.0</ele></trkpt><trkpt lat="34.9334" lon="-83.12730999999997"><ele>587.0</ele></trkpt><trkpt lat="34.93289" lon="-83.12727999999998"><ele>586.0</ele></trkpt><trkpt lat="34.93264" lon="-83.12711999999999"><ele>589.0</ele></trkpt><trkpt lat="34.93253" lon="-83.12698"><ele>590.3102361559868</ele></trkpt><trkpt lat="34.9325" lon="-83.12684000000002"><ele>591.0155974570662</ele></trkpt><trkpt lat="34.93249" lon="-83.12666000000002"><ele>594.0</ele></trkpt><trkpt lat="34.93217" lon="-83.12624"><ele>595.7745306193829</ele></trkpt><trkpt lat="34.93213" lon="-83.12615"><ele>597.048335570842</ele></trkpt><trkpt lat="34.93212" lon="-83.12592000000001"><ele>597.5224890057227</ele></trkpt><trkpt lat="34.93216" lon="-83.12571000000003"><ele>601.0</ele></trkpt><trkpt lat="34.9321" lon="-83.12561"><ele>602.7536885589361</ele></trkpt><trkpt lat="34.93135" lon="-83.12504999999999"><ele>606.0</ele></trkpt><trkpt lat="34.93113" lon="-83.12470000000002"><ele>605.0</ele></trkpt><trkpt lat="34.93107" lon="-83.12446"><ele>603.0340073959562</ele></trkpt><trkpt lat="34.93104" lon="-83.12407999999999"><ele>601.0090937763453</ele></trkpt><trkpt lat="34.93097" lon="-83.12373000000002"><ele>602.9989201584979</ele></trkpt><trkpt lat="34.93099" lon="-83.12350000000004"><ele>603.0</ele></trkpt><trkpt lat="34.93107" lon="-83.12333000000001"><ele>603.0</ele></trkpt><trkpt lat="34.93128" lon="-83.12323000000004"><ele>604.7105949339302</ele></trkpt><trkpt lat="34.93153" lon="-83.12328000000002"><ele>606.7433834370064</ele></trkpt><trkpt lat="34.93181" lon="-83.12347999999997"><ele>604.5593564454466</ele></trkpt><trkpt lat="34.9319" lon="-83.12358999999998"><ele>603.9304314799339</ele></trkpt><trkpt lat="34.93229" lon="-83.12374999999997"><ele>601.9764444455504</ele></trkpt><trkpt lat="34.93238" lon="-83.12376999999998"><ele>602.0072318164114</ele></trkpt><trkpt lat="34.93249" lon="-83.12369999999999"><ele>604.0</ele></trkpt><trkpt lat="34.93246" lon="-83.12356999999997"><ele>605.0</ele></trkpt><trkpt lat="34.93228" lon="-83.12342000000001"><ele>607.0</ele></trkpt><trkpt lat="34.93213" lon="-83.12317999999999"><ele>610.5625862670997</ele></trkpt><trkpt lat="34.93205" lon="-83.12256000000002"><ele>616.0</ele></trkpt><trkpt lat="34.93205" lon="-83.12256000000002"><ele>616.0</ele></trkpt><trkpt lat="34.932" lon="-83.12184000000002"><ele>613.0</ele></trkpt><trkpt lat="34.93186" lon="-83.12113"><ele>604.0</ele></trkpt><trkpt lat="34.93175" lon="-83.12083999999999"><ele>604.0</ele></trkpt><trkpt lat="34.93174" lon="-83.12058999999999"><ele>607.0</ele></trkpt><trkpt lat="34.93166" lon="-83.12023999999997"><ele>612.4242952138557</ele></trkpt><trkpt lat="34.93163" lon="-83.11978999999997"><ele>613.0</ele></trkpt><trkpt lat="34.93169" lon="-83.11923000000002"><ele>612.0</ele></trkpt><trkpt lat="34.9318" lon="-83.11878999999999"><ele>613.0</ele></trkpt><trkpt lat="34.93194" lon="-83.11849000000001"><ele>613.0</ele></trkpt><trkpt lat="34.9321" lon="-83.11828000000003"><ele>613.0</ele></trkpt><trkpt lat="34.93218" lon="-83.11804999999998"><ele>614.0</ele></trkpt><trkpt lat="34.93231" lon="-83.11788999999999"><ele>614.0</ele></trkpt><trkpt lat="34.93248" lon="-83.11773"><ele>614.0</ele></trkpt><trkpt lat="34.93267" lon="-83.11764"><ele>614.0</ele></trkpt><trkpt lat="34.93287" lon="-83.11748"><ele>614.0</ele></trkpt><trkpt lat="34.93312" lon="-83.11737"><ele>616.2360250503536</ele></trkpt><trkpt lat="34.93337" lon="-83.11734000000001"><ele>615.0</ele></trkpt><trkpt lat="34.93387" lon="-83.11736000000002"><ele>611.0</ele></trkpt><trkpt lat="34.93411" lon="-83.11748"><ele>609.0</ele></trkpt><trkpt lat="34.93427" lon="-83.11745000000002"><ele>609.0</ele></trkpt><trkpt lat="34.9347" lon="-83.11732999999998"><ele>607.9619209671381</ele></trkpt><trkpt lat="34.93482" lon="-83.11723"><ele>607.1324825696647</ele></trkpt><trkpt lat="34.93488" lon="-83.11707000000001"><ele>607.0</ele></trkpt><trkpt lat="34.93488" lon="-83.11696"><ele>606.7216628752649</ele></trkpt><trkpt lat="34.93469" lon="-83.11664000000002"><ele>602.1961229033768</ele></trkpt><trkpt lat="34.93467" lon="-83.11653999999999"><ele>602.6508140410729</ele></trkpt><trkpt lat="34.93472" lon="-83.11639000000002"><ele>601.8171765152365</ele></trkpt><trkpt lat="34.93464" lon="-83.11601999999999"><ele>598.5854813475162</ele></trkpt><trkpt lat="34.93483" lon="-83.11538999999999"><ele>589.5640127938241</ele></trkpt><trkpt lat="34.93483" lon="-83.11523"><ele>592.5640127938241</ele></trkpt><trkpt lat="34.93476" lon="-83.11500000000001"><ele>592.6547346260832</ele></trkpt><trkpt lat="34.93461" lon="-83.11482000000001"><ele>590.855392000638</ele></trkpt><trkpt lat="34.93437" lon="-83.11472000000003"><ele>586.195054223761</ele></trkpt><trkpt lat="34.93431" lon="-83.11466999999999"><ele>584.0</ele></trkpt><trkpt lat="34.93452" lon="-83.11439000000001"><ele>577.8502748573574</ele></trkpt><trkpt lat="34.93453" lon="-83.11428999999998"><ele>574.7736776955426</ele></trkpt><trkpt lat="34.93446" lon="-83.11415999999997"><ele>574.6364710485439</ele></trkpt><trkpt lat="34.93427" lon="-83.11401000000001"><ele>573.1491278598928</ele></trkpt><trkpt lat="34.93408" lon="-83.11379"><ele>567.0529665462673</ele></trkpt><trkpt lat="34.93396" lon="-83.11322999999999"><ele>559.2595708655631</ele></trkpt><trkpt lat="34.93415" lon="-83.11302"><ele>556.1891116695479</ele></trkpt><trkpt lat="34.93415" lon="-83.11286000000001"><ele>553.1127070185509</ele></trkpt><trkpt lat="34.93428" lon="-83.11277000000001"><ele>553.8297475427389</ele></trkpt><trkpt lat="34.93442" lon="-83.11247000000003"><ele>548.8712167702615</ele></trkpt><trkpt lat="34.9349" lon="-83.11174"><ele>546.6830115560442</ele></trkpt><trkpt lat="34.93514" lon="-83.11154999999997"><ele>547.0</ele></trkpt><trkpt lat="34.93536" lon="-83.11144999999999"><ele>548.1979911113158</ele></trkpt><trkpt lat="34.93554" lon="-83.11140999999998"><ele>550.8100978436843</ele></trkpt><trkpt lat="34.93578" lon="-83.11140999999998"><ele>552.5030581559986</ele></trkpt><trkpt lat="34.93601" lon="-83.11158999999998"><ele>547.1894255634397</ele></trkpt><trkpt lat="34.93634" lon="-83.11178000000001"><ele>542.8635324338949</ele></trkpt><trkpt lat="34.93657" lon="-83.11198999999999"><ele>539.3829504838213</ele></trkpt><trkpt lat="34.93685" lon="-83.11228"><ele>544.7854904523119</ele></trkpt><trkpt lat="34.93706" lon="-83.11261000000002"><ele>549.2064782008529</ele></trkpt><trkpt lat="34.93729" lon="-83.11291"><ele>554.0442370256151</ele></trkpt><trkpt lat="34.93756" lon="-83.11297000000002"><ele>558.6308281477541</ele></trkpt><trkpt lat="34.93781" lon="-83.11347"><ele>555.9022360993549</ele></trkpt><trkpt lat="34.93793" lon="-83.11361"><ele>554.8441036289481</ele></trkpt><trkpt lat="34.93805" lon="-83.11394000000001"><ele>551.1555804442614</ele></trkpt><trkpt lat="34.93823" lon="-83.11418000000003"><ele>545.0</ele></trkpt><trkpt lat="34.93844" lon="-83.11436000000003"><ele>547.0</ele></trkpt><trkpt lat="34.93881" lon="-83.11464999999998"><ele>548.0</ele></trkpt><trkpt lat="34.93956" lon="-83.11495000000002"><ele>548.0</ele></trkpt><trkpt lat="34.93966" lon="-83.11495000000002"><ele>548.0</ele></trkpt><trkpt lat="34.93991" lon="-83.11475000000002"><ele>550.0</ele></trkpt><trkpt lat="34.93999" lon="-83.11473999999998"><ele>550.0</ele></trkpt><trkpt lat="34.93999" lon="-83.11473999999998"><ele>550.0</ele></trkpt><trkpt lat="34.94005" lon="-83.11473000000001"><ele>551.0</ele></trkpt><trkpt lat="34.940218710156515" lon="-83.11478623671883"><ele>550.0</ele></trkpt><trkpt lat="34.94024227324275" lon="-83.11479409107397"><ele>550.3520514676347</ele></trkpt><trkpt lat="34.94026" lon="-83.1148"><ele>550.0766755556688</ele></trkpt><trkpt lat="34.9404" lon="-83.11495000000002"><ele>549.086168888025</ele></trkpt><trkpt lat="34.94057" lon="-83.11520000000002"><ele>547.0</ele></trkpt><trkpt lat="34.94067" lon="-83.11525"><ele>547.8948444444686</ele></trkpt><trkpt lat="34.94109" lon="-83.11527999999998"><ele>550.0</ele></trkpt><trkpt lat="34.94109" lon="-83.11527999999998"><ele>550.0</ele></trkpt><trkpt lat="34.94112" lon="-83.11527999999998"><ele>550.0</ele></trkpt><trkpt lat="34.94112" lon="-83.11527999999998"><ele>550.0</ele></trkpt><trkpt lat="34.94143" lon="-83.11534"><ele>554.5839999119296</ele></trkpt><trkpt lat="34.94175" lon="-83.11565000000002"><ele>560.8336915355176</ele></trkpt><trkpt lat="34.94218730539409" lon="-83.11599524110056"><ele>563.4441529046744</ele></trkpt><trkpt lat="34.94218730539409" lon="-83.11599524110056"><ele>563.4441529046744</ele></trkpt><trkpt lat="34.94232" lon="-83.11610000000002"><ele>565.2238863408566</ele></trkpt><trkpt lat="34.94267" lon="-83.11651999999998"><ele>559.0</ele></trkpt><trkpt lat="34.94269" lon="-83.11653999999999"><ele>559.0</ele></trkpt><trkpt lat="34.94283" lon="-83.11676"><ele>557.4680315889418</ele></trkpt><trkpt lat="34.94287" lon="-83.11709000000002"><ele>559.7098808865994</ele></trkpt><trkpt lat="34.94307" lon="-83.11748999999998"><ele>559.0</ele></trkpt><trkpt lat="34.94307" lon="-83.11784"><ele>557.0</ele></trkpt><trkpt lat="34.94322" lon="-83.11838"><ele>563.40655384399</ele></trkpt><trkpt lat="34.9432" lon="-83.11896000000002"><ele>561.2694980446249</ele></trkpt><trkpt lat="34.94307" lon="-83.11960999999997"><ele>559.8786421120167</ele></trkpt><trkpt lat="34.943" lon="-83.11984000000001"><ele>558.9802304496454</ele></trkpt><trkpt lat="34.94289" lon="-83.12008000000003"><ele>558.9891591127962</ele></trkpt><trkpt lat="34.94274" lon="-83.12026000000003"><ele>559.0443087645746</ele></trkpt><trkpt lat="34.94238" lon="-83.12054999999998"><ele>559.0</ele></trkpt><trkpt lat="34.94223" lon="-83.12074999999999"><ele>561.0261708369386</ele></trkpt><trkpt lat="34.94223" lon="-83.12098000000003"><ele>562.0</ele></trkpt><trkpt lat="34.94287" lon="-83.12179000000003"><ele>559.0</ele></trkpt><trkpt lat="34.9432" lon="-83.12203999999997"><ele>560.0</ele></trkpt><trkpt lat="34.94344" lon="-83.12227999999999"><ele>559.483409778215</ele></trkpt><trkpt lat="34.9436" lon="-83.12230999999997"><ele>562.000909960716</ele></trkpt><trkpt lat="34.94368" lon="-83.12243999999998"><ele>560.5707654517067</ele></trkpt><trkpt lat="34.94369" lon="-83.12232"><ele>564.7467196173966</ele></trkpt><trkpt lat="34.94358" lon="-83.12207000000001"><ele>569.143724755384</ele></trkpt><trkpt lat="34.94359" lon="-83.12191999999999"><ele>571.4421361442655</ele></trkpt><trkpt lat="34.94376" lon="-83.12171000000001"><ele>574.1494276736539</ele></trkpt><trkpt lat="34.94394" lon="-83.12155000000001"><ele>578.8368717478588</ele></trkpt><trkpt lat="34.94404" lon="-83.1214"><ele>583.0131867024655</ele></trkpt><trkpt lat="34.94407" lon="-83.12148000000002"><ele>585.7316816505045</ele></trkpt><trkpt lat="34.94422" lon="-83.12135"><ele>589.0</ele></trkpt><trkpt lat="34.94427" lon="-83.12119000000001"><ele>591.1023727599531</ele></trkpt><trkpt lat="34.94444" lon="-83.12104999999997"><ele>595.7674820106477</ele></trkpt><trkpt lat="34.94447" lon="-83.12097"><ele>596.0</ele></trkpt><trkpt lat="34.94442" lon="-83.12068999999997"><ele>599.6304092928767</ele></trkpt><trkpt lat="34.94462" lon="-83.12036999999998"><ele>604.00114893727</ele></trkpt><trkpt lat="34.94477" lon="-83.12025"><ele>608.4825092228441</ele></trkpt><trkpt lat="34.94481" lon="-83.12027999999998"><ele>609.8642978211401</ele></trkpt><trkpt lat="34.94469" lon="-83.12061"><ele>610.9809143673629</ele></trkpt><trkpt lat="34.94474" lon="-83.12077999999997"><ele>611.3199515469506</ele></trkpt><trkpt lat="34.94491" lon="-83.12104"><ele>614.4887706879526</ele></trkpt><trkpt lat="34.94493" lon="-83.12110999999999"><ele>616.6258501987904</ele></trkpt><trkpt lat="34.94486" lon="-83.12135"><ele>618.6460731253028</ele></trkpt><trkpt lat="34.94492" lon="-83.12146000000001"><ele>619.0400129551484</ele></trkpt><trkpt lat="34.94504" lon="-83.12155000000001"><ele>619.9403621070032</ele></trkpt><trkpt lat="34.94528" lon="-83.12153"><ele>628.5247865505517</ele></trkpt><trkpt lat="34.94539" lon="-83.12173999999999"><ele>633.6351161234824</ele></trkpt><trkpt lat="34.94534" lon="-83.12187"><ele>631.9360413104296</ele></trkpt><trkpt lat="34.94531" lon="-83.12205"><ele>631.0465865616122</ele></trkpt><trkpt lat="34.94543" lon="-83.12216999999998"><ele>631.6097813332453</ele></trkpt><trkpt lat="34.94576" lon="-83.12225000000001"><ele>633.8815111108124</ele></trkpt><trkpt lat="34.94592" lon="-83.12224000000003"><ele>632.4359122002497</ele></trkpt><trkpt lat="34.94604" lon="-83.12218000000001"><ele>635.143747555092</ele></trkpt><trkpt lat="34.9461" lon="-83.12221"><ele>639.1454843357205</ele></trkpt><trkpt lat="34.94619" lon="-83.12236999999999"><ele>639.0758667298342</ele></trkpt><trkpt lat="34.94643" lon="-83.12245000000001"><ele>641.4684396032244</ele></trkpt><trkpt lat="34.94662" lon="-83.12256000000002"><ele>643.3085002271856</ele></trkpt><trkpt lat="34.94662" lon="-83.12256000000002"><ele>643.3085002271856</ele></trkpt><trkpt lat="34.94677" lon="-83.12269000000003"><ele>644.6143767125905</ele></trkpt><trkpt lat="34.94715" lon="-83.12284"><ele>647.9037722060262</ele></trkpt><trkpt lat="34.94781" lon="-83.12296000000003"><ele>645.6624006966717</ele></trkpt><trkpt lat="34.94793" lon="-83.12308000000002"><ele>650.5442251119172</ele></trkpt><trkpt lat="34.94802" lon="-83.12329"><ele>651.7219648202881</ele></trkpt><trkpt lat="34.94811" lon="-83.12342999999998"><ele>651.3145460123196</ele></trkpt><trkpt lat="34.94847" lon="-83.12347"><ele>657.0253902217373</ele></trkpt><trkpt lat="34.94865" lon="-83.12346000000002"><ele>658.4914239989594</ele></trkpt><trkpt lat="34.94885" lon="-83.12350000000004"><ele>660.4404821372049</ele></trkpt><trkpt lat="34.94915" lon="-83.1234"><ele>667.2876266660169</ele></trkpt><trkpt lat="34.94928" lon="-83.12338999999997"><ele>668.700895357877</ele></trkpt><trkpt lat="34.9494" lon="-83.12341000000004"><ele>671.0</ele></trkpt><trkpt lat="34.94946" lon="-83.12351000000001"><ele>674.1815059799701</ele></trkpt><trkpt lat="34.94948" lon="-83.12362999999999"><ele>675.0</ele></trkpt><trkpt lat="34.94962" lon="-83.12369000000001"><ele>675.7726471107453</ele></trkpt><trkpt lat="34.94974" lon="-83.12365999999997"><ele>677.0</ele></trkpt><trkpt lat="34.95041" lon="-83.12322"><ele>676.3475474028847</ele></trkpt><trkpt lat="34.95057" lon="-83.12314000000003"><ele>675.1111640995368</ele></trkpt><trkpt lat="34.95120692364107" lon="-83.12312530176212"><ele>666.6411750544767</ele></trkpt><trkpt lat="34.95123860041623" lon="-83.12312457081907"><ele>667.1235568365082</ele></trkpt><trkpt lat="34.95187" lon="-83.12311"><ele>659.8026062222198</ele></trkpt><trkpt lat="34.9521" lon="-83.12317000000002"><ele>658.0064035551623</ele></trkpt><trkpt lat="34.95258" lon="-83.12353000000002"><ele>652.0</ele></trkpt><trkpt lat="34.95296" lon="-83.12365999999997"><ele>646.1707484452054</ele></trkpt><trkpt lat="34.95323" lon="-83.12378999999999"><ele>645.0</ele></trkpt><trkpt lat="34.95331" lon="-83.12376999999998"><ele>644.0</ele></trkpt><trkpt lat="34.95334" lon="-83.12369000000001"><ele>643.2076324746013</ele></trkpt><trkpt lat="34.95336" lon="-83.12349"><ele>640.0704360343516</ele></trkpt><trkpt lat="34.95331" lon="-83.12313"><ele>638.9134266152978</ele></trkpt><trkpt lat="34.95323" lon="-83.12270999999998"><ele>636.0182506069541</ele></trkpt><trkpt lat="34.9531" lon="-83.12256000000002"><ele>633.5655360016972</ele></trkpt><trkpt lat="34.9531" lon="-83.12256000000002"><ele>633.5655360016972</ele></trkpt><trkpt lat="34.95288" lon="-83.12248"><ele>629.8372657774016</ele></trkpt><trkpt lat="34.95281" lon="-83.12239"><ele>627.3432370591909</ele></trkpt><trkpt lat="34.95278" lon="-83.12229000000002"><ele>625.0490201730281</ele></trkpt><trkpt lat="34.95289" lon="-83.12206000000003"><ele>621.5306319305673</ele></trkpt><trkpt lat="34.95297" lon="-83.12198999999998"><ele>617.2441059192643</ele></trkpt><trkpt lat="34.95312" lon="-83.12173000000001"><ele>613.684128361318</ele></trkpt><trkpt lat="34.95304" lon="-83.12149999999997"><ele>610.3096145941558</ele></trkpt><trkpt lat="34.95292" lon="-83.12131999999997"><ele>609.8660411955789</ele></trkpt><trkpt lat="34.95292" lon="-83.12113999999997"><ele>605.531648109951</ele></trkpt><trkpt lat="34.95283" lon="-83.12090999999998"><ele>604.4120959416032</ele></trkpt><trkpt lat="34.95277" lon="-83.12083000000001"><ele>605.5232952635124</ele></trkpt><trkpt lat="34.95262" lon="-83.1207"><ele>602.1465195585042</ele></trkpt><trkpt lat="34.95267" lon="-83.12027"><ele>596.3035529088229</ele></trkpt><trkpt lat="34.9529" lon="-83.11964999999998"><ele>592.2648168537507</ele></trkpt><trkpt lat="34.95302" lon="-83.11919999999998"><ele>586.8054755888879</ele></trkpt><trkpt lat="34.95302" lon="-83.11912999999998"><ele>587.8054755888879</ele></trkpt><trkpt lat="34.95297" lon="-83.11901999999998"><ele>594.3905858411033</ele></trkpt><trkpt lat="34.95292" lon="-83.11910999999998"><ele>597.4242999723189</ele></trkpt><trkpt lat="34.95279" lon="-83.11954000000003"><ele>608.1375166317448</ele></trkpt><trkpt lat="34.95276" lon="-83.11960999999997"><ele>604.403416747481</ele></trkpt><trkpt lat="34.95273" lon="-83.11959000000002"><ele>609.8588308988046</ele></trkpt><trkpt lat="34.95272" lon="-83.11923999999999"><ele>616.4605845231563</ele></trkpt><trkpt lat="34.95266" lon="-83.11885000000001"><ele>619.4538718882116</ele></trkpt><trkpt lat="34.95258" lon="-83.11865999999998"><ele>618.2332542948425</ele></trkpt><trkpt lat="34.95235" lon="-83.11829"><ele>612.9970190152526</ele></trkpt><trkpt lat="34.9523" lon="-83.11810000000003"><ele>612.1534343110625</ele></trkpt><trkpt lat="34.9522" lon="-83.11784999999998"><ele>609.9743705598805</ele></trkpt><trkpt lat="34.95198" lon="-83.11748"><ele>600.5363395344466</ele></trkpt><trkpt lat="34.95192" lon="-83.11739999999998"><ele>600.1842133309692</ele></trkpt><trkpt lat="34.95181" lon="-83.11736000000002"><ele>597.4559431131929</ele></trkpt><trkpt lat="34.95138" lon="-83.11728"><ele>600.1512390645221</ele></trkpt><trkpt lat="34.95109" lon="-83.11716999999999"><ele>600.834682082062</ele></trkpt><trkpt lat="34.95097" lon="-83.11705999999998"><ele>598.2104044416919</ele></trkpt><trkpt lat="34.95088" lon="-83.11691000000002"><ele>596.3371303770691</ele></trkpt><trkpt lat="34.95082" lon="-83.11662999999999"><ele>593.1021268932873</ele></trkpt><trkpt lat="34.9508" lon="-83.11637000000002"><ele>591.2586506046355</ele></trkpt><trkpt lat="34.9508" lon="-83.11595999999997"><ele>593.9832426654175</ele></trkpt><trkpt lat="34.9505" lon="-83.11536000000001"><ele>593.0145692412766</ele></trkpt><trkpt lat="34.95043" lon="-83.11532"><ele>597.7714924121726</ele></trkpt><trkpt lat="34.9504" lon="-83.11540000000002"><ele>601.3005479365896</ele></trkpt><trkpt lat="34.95036" lon="-83.11568999999997"><ele>604.646801609546</ele></trkpt><trkpt lat="34.95032" lon="-83.11577999999997"><ele>607.5946346661076</ele></trkpt><trkpt lat="34.95039" lon="-83.11599999999999"><ele>610.941068854183</ele></trkpt><trkpt lat="34.95037" lon="-83.11603000000002"><ele>612.0782240945846</ele></trkpt><trkpt lat="34.95033" lon="-83.11601999999999"><ele>613.8571982955094</ele></trkpt><trkpt lat="34.95012" lon="-83.11588"><ele>616.547613626346</ele></trkpt><trkpt lat="34.95002" lon="-83.11559"><ele>620.9783958811313</ele></trkpt><trkpt lat="34.9498" lon="-83.11552"><ele>623.4777564452961</ele></trkpt><trkpt lat="34.94972" lon="-83.11544000000004"><ele>621.7494862237945</ele></trkpt><trkpt lat="34.94967" lon="-83.11535000000003"><ele>619.9459469471016</ele></trkpt><trkpt lat="34.94974" lon="-83.11507"><ele>617.2517836157499</ele></trkpt><trkpt lat="34.94971" lon="-83.11493999999999"><ele>620.2083827368915</ele></trkpt><trkpt lat="34.9495" lon="-83.11482000000001"><ele>617.855392000638</ele></trkpt><trkpt lat="34.94943" lon="-83.11475999999999"><ele>615.1183786652982</ele></trkpt><trkpt lat="34.94943" lon="-83.11466999999999"><ele>612.6593220913783</ele></trkpt><trkpt lat="34.94951" lon="-83.11453"><ele>612.6191549489406</ele></trkpt><trkpt lat="34.94958" lon="-83.11428999999998"><ele>609.9993206671032</ele></trkpt><trkpt lat="34.9499" lon="-83.11415999999997"><ele>608.6262739956275</ele></trkpt><trkpt lat="34.95" lon="-83.11403000000001"><ele>608.1923684198409</ele></trkpt><trkpt lat="34.950064285428404" lon="-83.11381785860101"><ele>602.0</ele></trkpt><trkpt lat="34.950064285428404" lon="-83.11381785860101"><ele>602.0</ele></trkpt><trkpt lat="34.9501" lon="-83.1137"><ele>604.1940935047949</ele></trkpt><trkpt lat="34.9501" lon="-83.11352999999997"><ele>606.0</ele></trkpt><trkpt lat="34.95012" lon="-83.11346000000003"><ele>607.5252017760649</ele></trkpt><trkpt lat="34.95012" lon="-83.11346000000003"><ele>607.5252017760649</ele></trkpt><trkpt lat="34.95012" lon="-83.11346000000003"><ele>607.5252017760649</ele></trkpt><trkpt lat="34.95016" lon="-83.11346000000003"><ele>609.9729560890596</ele></trkpt><trkpt lat="34.95016" lon="-83.11346000000003"><ele>609.9729560890596</ele></trkpt><trkpt lat="34.9502" lon="-83.11347"><ele>614.240822479803</ele></trkpt><trkpt lat="34.9502" lon="-83.11347"><ele>614.240822479803</ele></trkpt><trkpt lat="34.95023" lon="-83.11352999999997"><ele>615.2145899675874</ele></trkpt><trkpt lat="34.95025" lon="-83.11367999999999"><ele>613.3443763409405</ele></trkpt><trkpt lat="34.95038" lon="-83.11382000000003"><ele>612.1147632133634</ele></trkpt><trkpt lat="34.95049" lon="-83.11387000000002"><ele>607.524480731929</ele></trkpt><trkpt lat="34.95081" lon="-83.11383999999998"><ele>604.8654809603352</ele></trkpt><trkpt lat="34.95106" lon="-83.11387000000002"><ele>602.5716088833287</ele></trkpt><trkpt lat="34.95123" lon="-83.11396000000002"><ele>602.2235128879547</ele></trkpt><trkpt lat="34.95161" lon="-83.11430000000001"><ele>599.6431348144681</ele></trkpt><trkpt lat="34.95223" lon="-83.11442"><ele>596.7859591115266</ele></trkpt><trkpt lat="34.95233" lon="-83.11437000000001"><ele>600.4381296942431</ele></trkpt><trkpt lat="34.9524" lon="-83.11439000000001"><ele>603.3444477804005</ele></trkpt><trkpt lat="34.95254" lon="-83.11457000000001"><ele>599.1001898497343</ele></trkpt><trkpt lat="34.95288" lon="-83.11471"><ele>599.2709795553237</ele></trkpt><trkpt lat="34.95316" lon="-83.11500999999998"><ele>598.5576120410115</ele></trkpt><trkpt lat="34.95327" lon="-83.11500999999998"><ele>603.1021483903751</ele></trkpt><trkpt lat="34.95339" lon="-83.11507"><ele>608.4507646590062</ele></trkpt><trkpt lat="34.95353" lon="-83.11522000000002"><ele>611.099001805298</ele></trkpt><trkpt lat="34.95361" lon="-83.11543"><ele>609.7575185907324</ele></trkpt><trkpt lat="34.95375" lon="-83.11559"><ele>607.0</ele></trkpt><trkpt lat="34.95371" lon="-83.11599999999999"><ele>599.1267598684279</ele></trkpt><trkpt lat="34.95391" lon="-83.11631999999997"><ele>599.0485250453423</ele></trkpt><trkpt lat="34.95402" lon="-83.11642999999998"><ele>598.0614283085146</ele></trkpt><trkpt lat="34.95425" lon="-83.11658"><ele>599.1226631104946</ele></trkpt><trkpt lat="34.95433" lon="-83.11678"><ele>599.0</ele></trkpt><trkpt lat="34.95447" lon="-83.11685"><ele>599.0239657541537</ele></trkpt><trkpt lat="34.95483" lon="-83.11718000000002"><ele>600.0826092316635</ele></trkpt><trkpt lat="34.95493" lon="-83.11734000000001"><ele>599.0</ele></trkpt><trkpt lat="34.95516" lon="-83.11745000000002"><ele>599.6952774853036</ele></trkpt><trkpt lat="34.95541" lon="-83.11777999999998"><ele>600.0</ele></trkpt><trkpt lat="34.95588" lon="-83.11831999999998"><ele>600.0</ele></trkpt><trkpt lat="34.95665" lon="-83.11896999999999"><ele>608.7427459778264</ele></trkpt><trkpt lat="34.95727" lon="-83.11973999999998"><ele>602.8559893341735</ele></trkpt><trkpt lat="34.9574" lon="-83.1198"><ele>606.6699234558998</ele></trkpt><trkpt lat="34.9578" lon="-83.12017000000003"><ele>604.2105794949457</ele></trkpt><trkpt lat="34.95791" lon="-83.12017000000003"><ele>610.3464422371386</ele></trkpt><trkpt lat="34.958" lon="-83.12025"><ele>606.9431716687977</ele></trkpt><trkpt lat="34.958" lon="-83.12025"><ele>606.9431716687977</ele></trkpt><trkpt lat="34.95843" lon="-83.12031999999999"><ele>606.6520604453981</ele></trkpt><trkpt lat="34.95878" lon="-83.12034"><ele>607.0</ele></trkpt><trkpt lat="34.95892" lon="-83.12027999999998"><ele>605.9749231759887</ele></trkpt><trkpt lat="34.95905" lon="-83.11984000000001"><ele>604.0</ele></trkpt><trkpt lat="34.95907" lon="-83.11966000000001"><ele>604.0</ele></trkpt><trkpt lat="34.95899" lon="-83.11968999999999"><ele>605.0</ele></trkpt><trkpt lat="34.95898" lon="-83.11982"><ele>605.5072414223105</ele></trkpt><trkpt lat="34.95893" lon="-83.11995000000002"><ele>607.3504269532859</ele></trkpt><trkpt lat="34.9589" lon="-83.11993999999999"><ele>609.0864956513336</ele></trkpt><trkpt lat="34.95888" lon="-83.11969999999997"><ele>613.3872215077281</ele></trkpt><trkpt lat="34.95883" lon="-83.11948999999998"><ele>615.0735856294632</ele></trkpt><trkpt lat="34.95876" lon="-83.11944"><ele>621.0172447897494</ele></trkpt><trkpt lat="34.95877" lon="-83.11915999999997"><ele>618.4598785592243</ele></trkpt><trkpt lat="34.95866" lon="-83.11894999999998"><ele>624.9339164648617</ele></trkpt><trkpt lat="34.95862" lon="-83.11879999999996"><ele>625.307610374312</ele></trkpt><trkpt lat="34.95866" lon="-83.11860000000001"><ele>621.110796559602</ele></trkpt><trkpt lat="34.95866" lon="-83.11827"><ele>618.7035988532007</ele></trkpt><trkpt lat="34.9586" lon="-83.11791"><ele>623.9914141082522</ele></trkpt><trkpt lat="34.95853" lon="-83.11783000000003"><ele>628.1084585436739</ele></trkpt><trkpt lat="34.95846" lon="-83.11755"><ele>632.0063022546736</ele></trkpt><trkpt lat="34.95845" lon="-83.11739999999998"><ele>629.0594014129362</ele></trkpt><trkpt lat="34.9585" lon="-83.11727000000002"><ele>625.0336675560102</ele></trkpt><trkpt lat="34.95872" lon="-83.11709000000002"><ele>616.9385149395093</ele></trkpt><trkpt lat="34.95882" lon="-83.11683"><ele>611.605429019779</ele></trkpt><trkpt lat="34.95882" lon="-83.11649"><ele>612.2108580395579</ele></trkpt><trkpt lat="34.95903" lon="-83.11595"><ele>609.8262458228817</ele></trkpt><trkpt lat="34.95914" lon="-83.11577999999997"><ele>610.6485923564369</ele></trkpt><trkpt lat="34.9594" lon="-83.11556999999999"><ele>612.8886296005439</ele></trkpt><trkpt lat="34.95978" lon="-83.11554999999998"><ele>616.1241422230378</ele></trkpt><trkpt lat="34.96" lon="-83.11559999999997"><ele>617.689748994196</ele></trkpt><trkpt lat="34.9602" lon="-83.11572999999999"><ele>618.6025573369116</ele></trkpt><trkpt lat="34.96104" lon="-83.11698000000001"><ele>616.1521985437721</ele></trkpt><trkpt lat="34.96101" lon="-83.11714"><ele>616.0229770080649</ele></trkpt><trkpt lat="34.96104" lon="-83.11723"><ele>613.6335105430335</ele></trkpt><trkpt lat="34.96116" lon="-83.11737"><ele>616.9146688655019</ele></trkpt><trkpt lat="34.96133" lon="-83.11783000000003"><ele>612.1080647719801</ele></trkpt><trkpt lat="34.961375362008106" lon="-83.11800820788898"><ele>611.7039629537612</ele></trkpt><trkpt lat="34.96139367927183" lon="-83.11808016823767"><ele>611.1563901766419</ele></trkpt><trkpt lat="34.96161" lon="-83.11892999999998"><ele>613.0</ele></trkpt><trkpt lat="34.96176" lon="-83.11923999999999"><ele>616.5766037665308</ele></trkpt><trkpt lat="34.96193" lon="-83.11975000000001"><ele>614.5386694423873</ele></trkpt><trkpt lat="34.96197" lon="-83.11998"><ele>614.0</ele></trkpt><trkpt lat="34.96215" lon="-83.12040999999999"><ele>614.4764875922733</ele></trkpt><trkpt lat="34.96272" lon="-83.1214"><ele>615.0</ele></trkpt><trkpt lat="34.96289" lon="-83.12157000000002"><ele>616.0</ele></trkpt><trkpt lat="34.96303" lon="-83.12162999999998"><ele>616.7965479195118</ele></trkpt><trkpt lat="34.9632" lon="-83.12180999999998"><ele>617.0</ele></trkpt><trkpt lat="34.96337" lon="-83.12191999999999"><ele>618.2948227748177</ele></trkpt><trkpt lat="34.96379" lon="-83.12205"><ele>628.202186666429</ele></trkpt><trkpt lat="34.96402" lon="-83.12200999999999"><ele>623.1610828610137</ele></trkpt><trkpt lat="34.96426" lon="-83.12216000000001"><ele>622.1516302209347</ele></trkpt><trkpt lat="34.96486" lon="-83.12187"><ele>624.7273192806169</ele></trkpt><trkpt lat="34.96501" lon="-83.12171000000001"><ele>627.0473351106048</ele></trkpt><trkpt lat="34.96523" lon="-83.12166000000002"><ele>622.8143866144047</ele></trkpt><trkpt lat="34.9653" lon="-83.12151"><ele>627.482632337138</ele></trkpt><trkpt lat="34.96546" lon="-83.12146000000001"><ele>623.7091511381283</ele></trkpt><trkpt lat="34.96604" lon="-83.12083999999999"><ele>628.6053321568393</ele></trkpt><trkpt lat="34.96619" lon="-83.12076000000002"><ele>627.1608250593016</ele></trkpt><trkpt lat="34.96624" lon="-83.12063999999998"><ele>627.6582879256457</ele></trkpt><trkpt lat="34.96624" lon="-83.12063999999998"><ele>627.6582879256457</ele></trkpt><trkpt lat="34.96644" lon="-83.12036999999998"><ele>630.1410828466703</ele></trkpt><trkpt lat="34.96653" lon="-83.11998"><ele>630.7258670744274</ele></trkpt><trkpt lat="34.96663" lon="-83.11971"><ele>632.1218151944505</ele></trkpt><trkpt lat="34.96681" lon="-83.11955999999998"><ele>632.2445973344147</ele></trkpt><trkpt lat="34.96714" lon="-83.11905999999999"><ele>638.2600961889448</ele></trkpt><trkpt lat="34.96726" lon="-83.11894000000001"><ele>637.7904766825959</ele></trkpt><trkpt lat="34.96767" lon="-83.11795999999998"><ele>647.0</ele></trkpt><trkpt lat="34.96768" lon="-83.11777000000001"><ele>647.7665446549654</ele></trkpt><trkpt lat="34.96758" lon="-83.11766"><ele>647.0947783628926</ele></trkpt><trkpt lat="34.96731" lon="-83.11745000000002"><ele>645.2305860975757</ele></trkpt><trkpt lat="34.96733" lon="-83.11737"><ele>646.3059946671128</ele></trkpt><trkpt lat="34.96746" lon="-83.11730999999997"><ele>646.3516754762732</ele></trkpt><trkpt lat="34.96759" lon="-83.11716000000001"><ele>647.8848207779229</ele></trkpt><trkpt lat="34.96763" lon="-83.11701"><ele>647.610032081604</ele></trkpt><trkpt lat="34.96742" lon="-83.11637000000002"><ele>642.552660336718</ele></trkpt><trkpt lat="34.96745" lon="-83.11621000000002"><ele>639.8465724624693</ele></trkpt><trkpt lat="34.967414379394526" lon="-83.11606751757813"><ele>638.8715260608108</ele></trkpt><trkpt lat="34.96741893382961" lon="-83.11608573530407"><ele>639.4562255479395</ele></trkpt><trkpt lat="34.9674" lon="-83.11601000000002"><ele>638.4772451292994</ele></trkpt><trkpt lat="34.96731" lon="-83.11577999999997"><ele>636.808310540393</ele></trkpt><trkpt lat="34.96733" lon="-83.11541999999997"><ele>636.6709202192724</ele></trkpt><trkpt lat="34.96738" lon="-83.11522000000002"><ele>632.0</ele></trkpt><trkpt lat="34.96738" lon="-83.11522000000002"><ele>632.0</ele></trkpt><trkpt lat="34.96745" lon="-83.11540000000002"><ele>631.0</ele></trkpt><trkpt lat="34.96753" lon="-83.11547999999999"><ele>629.2970017381012</ele></trkpt><trkpt lat="34.96765" lon="-83.11574999999999"><ele>627.4726373180747</ele></trkpt><trkpt lat="34.96769" lon="-83.11577"><ele>626.0254432947153</ele></trkpt><trkpt lat="34.96769" lon="-83.11577"><ele>626.0254432947153</ele></trkpt><trkpt lat="34.96776" lon="-83.11579"><ele>627.9868373041654</ele></trkpt><trkpt lat="34.96776" lon="-83.11579"><ele>627.9868373041654</ele></trkpt><trkpt lat="34.96796" lon="-83.11590000000001"><ele>629.8423284632399</ele></trkpt><trkpt lat="34.96796" lon="-83.11590000000001"><ele>629.8423284632399</ele></trkpt><trkpt lat="34.96814" lon="-83.11608000000001"><ele>631.6509392137677</ele></trkpt><trkpt lat="34.96826" lon="-83.11631999999997"><ele>632.978495022282</ele></trkpt><trkpt lat="34.96826" lon="-83.11640999999997"><ele>632.2180363573134</ele></trkpt><trkpt lat="34.96829" lon="-83.11651999999998"><ele>629.9938452981061</ele></trkpt><trkpt lat="34.96862" lon="-83.11678999999998"><ele>632.7950368398901</ele></trkpt><trkpt lat="34.96871" lon="-83.11691000000002"><ele>635.80968250148</ele></trkpt><trkpt lat="34.96873" lon="-83.11714"><ele>637.9470922593027</ele></trkpt><trkpt lat="34.96882" lon="-83.11723"><ele>639.8415616914929</ele></trkpt><trkpt lat="34.96894" lon="-83.11727000000002"><ele>639.9962935887206</ele></trkpt><trkpt lat="34.96916" lon="-83.11723"><ele>642.8304675547406</ele></trkpt><trkpt lat="34.96939" lon="-83.11716000000001"><ele>643.5628919553723</ele></trkpt><trkpt lat="34.9695" lon="-83.11709000000002"><ele>644.3549404432997</ele></trkpt><trkpt lat="34.96971" lon="-83.11685"><ele>644.8592405421659</ele></trkpt><trkpt lat="34.97001" lon="-83.11613"><ele>649.3279795553294</ele></trkpt><trkpt lat="34.97016" lon="-83.11592999999999"><ele>650.8404848014443</ele></trkpt><trkpt lat="34.97025" lon="-83.11588999999998"><ele>649.7180531227875</ele></trkpt><trkpt lat="34.97027139457849" lon="-83.11584364507996"><ele>648.6121271700645</ele></trkpt><trkpt lat="34.97028820462181" lon="-83.11580722333036"><ele>646.5132498408385</ele></trkpt><trkpt lat="34.97031" lon="-83.11576000000002"><ele>647.8051657979497</ele></trkpt><trkpt lat="34.9704" lon="-83.11574000000002"><ele>647.3477137358859</ele></trkpt><trkpt lat="34.97056" lon="-83.11556000000002"><ele>649.6368481731042</ele></trkpt><trkpt lat="34.97062" lon="-83.11556999999999"><ele>649.433567436412</ele></trkpt><trkpt lat="34.97067" lon="-83.11561"><ele>651.2771586515009</ele></trkpt><trkpt lat="34.97069" lon="-83.11572000000001"><ele>652.4145956225693</ele></trkpt><trkpt lat="34.97066" lon="-83.11592999999999"><ele>652.8790439191229</ele></trkpt><trkpt lat="34.97072" lon="-83.11592000000002"><ele>656.2398591591045</ele></trkpt><trkpt lat="34.9708" lon="-83.11572999999999"><ele>659.6705039329827</ele></trkpt><trkpt lat="34.97082" lon="-83.11561"><ele>657.8079427108169</ele></trkpt><trkpt lat="34.97082" lon="-83.11520000000002"><ele>663.8079427108169</ele></trkpt><trkpt lat="34.97092" lon="-83.11505"><ele>663.574168888852</ele></trkpt><trkpt lat="34.97102" lon="-83.11498"><ele>662.0</ele></trkpt><trkpt lat="34.97109" lon="-83.11484000000002"><ele>663.1778127416396</ele></trkpt><trkpt lat="34.97109" lon="-83.11484000000002"><ele>663.1778127416396</ele></trkpt><trkpt lat="34.97100177780693" lon="-83.11478118335862"><ele>664.0</ele></trkpt><trkpt lat="34.97100177780693" lon="-83.11478118335862"><ele>664.0</ele></trkpt><trkpt lat="34.97091" lon="-83.11472000000003"><ele>664.8192977400596</ele></trkpt><trkpt lat="34.97086" lon="-83.11460999999997"><ele>668.0</ele></trkpt><trkpt lat="34.97077" lon="-83.1146"><ele>670.0</ele></trkpt><trkpt lat="34.97062" lon="-83.1146"><ele>672.0</ele></trkpt><trkpt lat="34.97011" lon="-83.11475999999999"><ele>677.9746056348497</ele></trkpt><trkpt lat="34.97003" lon="-83.11475999999999"><ele>679.1135349886372</ele></trkpt><trkpt lat="34.96997" lon="-83.11473000000001"><ele>681.1806266813651</ele></trkpt><trkpt lat="34.97007" lon="-83.11448000000001"><ele>683.998420662607</ele></trkpt><trkpt lat="34.97028" lon="-83.11415999999997"><ele>688.9905564495767</ele></trkpt><trkpt lat="34.97044" lon="-83.11397"><ele>689.6085182444831</ele></trkpt><trkpt lat="34.97058" lon="-83.11370999999997"><ele>691.9800610475429</ele></trkpt><trkpt lat="34.97065" lon="-83.11349000000001"><ele>693.1093417208846</ele></trkpt><trkpt lat="34.97062" lon="-83.11322999999999"><ele>696.566432563588</ele></trkpt><trkpt lat="34.97064" lon="-83.11259999999999"><ele>700.4289962854236</ele></trkpt><trkpt lat="34.97061" lon="-83.11232999999999"><ele>703.0252756851453</ele></trkpt><trkpt lat="34.97072" lon="-83.11214999999999"><ele>703.4548750650138</ele></trkpt><trkpt lat="34.97075" lon="-83.11194999999998"><ele>706.1730917934328</ele></trkpt><trkpt lat="34.97072" lon="-83.11144999999999"><ele>710.9564879061654</ele></trkpt><trkpt lat="34.97074" lon="-83.11135000000002"><ele>711.7052327706369</ele></trkpt><trkpt lat="34.9708" lon="-83.11131"><ele>710.0519600668922</ele></trkpt><trkpt lat="34.9711" lon="-83.11133000000001"><ele>709.7342467442107</ele></trkpt><trkpt lat="34.97131" lon="-83.11117000000002"><ele>712.5716573847458</ele></trkpt><trkpt lat="34.9721426539873" lon="-83.11020253536714"><ele>720.2833188654963</ele></trkpt><trkpt lat="34.97214311148085" lon="-83.11020200508472"><ele>720.2660813527021</ele></trkpt><trkpt lat="34.97236" lon="-83.10995000000003"><ele>722.711495234631</ele></trkpt><trkpt lat="34.97258" lon="-83.10964000000001"><ele>727.550104888156</ele></trkpt><trkpt lat="34.97271" lon="-83.11007999999998"><ele>737.581061757143</ele></trkpt><trkpt lat="34.97272" lon="-83.11029000000002"><ele>739.0</ele></trkpt><trkpt lat="34.97286" lon="-83.11041999999998"><ele>741.0</ele></trkpt><trkpt lat="34.97299" lon="-83.11045000000001"><ele>742.0</ele></trkpt><trkpt lat="34.97323" lon="-83.11031000000003"><ele>746.0</ele></trkpt><trkpt lat="34.97321416943544" lon="-83.1102519545966"><ele>747.0</ele></trkpt><trkpt lat="34.97321416943544" lon="-83.1102519545966"><ele>747.0</ele></trkpt><trkpt lat="34.97308" lon="-83.10976"><ele>755.9576995559037</ele></trkpt><trkpt lat="34.97311" lon="-83.10950000000003"><ele>760.0</ele></trkpt><trkpt lat="34.97302" lon="-83.10905000000002"><ele>762.0460977768525</ele></trkpt><trkpt lat="34.97271" lon="-83.10879"><ele>765.7512696739487</ele></trkpt><trkpt lat="34.97246" lon="-83.10861"><ele>768.0</ele></trkpt><trkpt lat="34.9723" lon="-83.10854"><ele>768.0</ele></trkpt><trkpt lat="34.97208" lon="-83.10836"><ele>764.8921351033521</ele></trkpt><trkpt lat="34.97189" lon="-83.10802000000001"><ele>761.629858516158</ele></trkpt><trkpt lat="34.97177" lon="-83.10775999999998"><ele>760.0</ele></trkpt><trkpt lat="34.97142" lon="-83.10720000000003"><ele>763.0</ele></trkpt><trkpt lat="34.97132" lon="-83.10694999999998"><ele>763.0</ele></trkpt><trkpt lat="34.97058" lon="-83.10579999999999"><ele>775.0</ele></trkpt><trkpt lat="34.97052" lon="-83.10559"><ele>778.0</ele></trkpt><trkpt lat="34.97051" lon="-83.10532999999998"><ele>782.0</ele></trkpt><trkpt lat="34.97065" lon="-83.10482000000002"><ele>789.0</ele></trkpt><trkpt lat="34.97069" lon="-83.10451999999998"><ele>793.0</ele></trkpt><trkpt lat="34.97067" lon="-83.10417999999999"><ele>795.0012603944695</ele></trkpt><trkpt lat="34.9706" lon="-83.10390000000001"><ele>797.0</ele></trkpt><trkpt lat="34.97049" lon="-83.10372000000001"><ele>797.0</ele></trkpt><trkpt lat="34.97052" lon="-83.10354000000001"><ele>798.0</ele></trkpt><trkpt lat="34.97066" lon="-83.10309000000001"><ele>800.0</ele></trkpt><trkpt lat="34.97069" lon="-83.10269"><ele>800.7403260663568</ele></trkpt><trkpt lat="34.97079" lon="-83.10230999999999"><ele>801.0</ele></trkpt><trkpt lat="34.9711" lon="-83.10156"><ele>799.971765609535</ele></trkpt><trkpt lat="34.97102" lon="-83.1012"><ele>796.0</ele></trkpt><trkpt lat="34.97088" lon="-83.10079000000002"><ele>792.0</ele></trkpt><trkpt lat="34.9709" lon="-83.10059000000001"><ele>793.0</ele></trkpt><trkpt lat="34.9709" lon="-83.10059000000001"><ele>793.0</ele></trkpt><trkpt lat="34.97091" lon="-83.10048999999998"><ele>793.8995651525493</ele></trkpt><trkpt lat="34.97115" lon="-83.09978999999998"><ele>797.0</ele></trkpt><trkpt lat="34.97115" lon="-83.09956999999997"><ele>797.575722631067</ele></trkpt><trkpt lat="34.97113" lon="-83.09933000000001"><ele>799.0</ele></trkpt><trkpt lat="34.97095" lon="-83.09888999999998"><ele>800.6297361707606</ele></trkpt><trkpt lat="34.97078" lon="-83.09874000000002"><ele>802.5269226655364</ele></trkpt><trkpt lat="34.97068" lon="-83.09848"><ele>805.8458771035075</ele></trkpt><trkpt lat="34.97072" lon="-83.09789999999998"><ele>809.1207516025752</ele></trkpt><trkpt lat="34.97064" lon="-83.09775000000002"><ele>811.855971646592</ele></trkpt><trkpt lat="34.97048" lon="-83.09751"><ele>811.320598599501</ele></trkpt><trkpt lat="34.97033" lon="-83.09749"><ele>813.5622897781432</ele></trkpt><trkpt lat="34.97023373239888" lon="-83.09745561871387"><ele>815.3834289554507</ele></trkpt><trkpt lat="34.970232934543056" lon="-83.09745533375633"><ele>815.3967089382932</ele></trkpt><trkpt lat="34.97019" lon="-83.09744"><ele>816.1113137779757</ele></trkpt><trkpt lat="34.97002" lon="-83.09724"><ele>819.1341794438355</ele></trkpt><trkpt lat="34.96956" lon="-83.09726"><ele>823.4249890051893</ele></trkpt><trkpt lat="34.96915" lon="-83.09717999999998"><ele>830.2281920006499</ele></trkpt><trkpt lat="34.96897" lon="-83.09695999999997"><ele>830.4809351125732</ele></trkpt><trkpt lat="34.96881" lon="-83.09694000000002"><ele>832.413002666086</ele></trkpt><trkpt lat="34.96876" lon="-83.09681999999998"><ele>839.0054080011323</ele></trkpt><trkpt lat="34.96924" lon="-83.09680000000003"><ele>845.8886104691774</ele></trkpt><trkpt lat="34.96939" lon="-83.09683999999999"><ele>845.0733404448256</ele></trkpt><trkpt lat="34.96979" lon="-83.09667999999999"><ele>848.2996740844101</ele></trkpt><trkpt lat="34.96994" lon="-83.09644000000003"><ele>851.7146915541962</ele></trkpt><trkpt lat="34.97011" lon="-83.09645999999998"><ele>852.1183980119665</ele></trkpt><trkpt lat="34.97042" lon="-83.09665999999999"><ele>855.4619484450668</ele></trkpt><trkpt lat="34.97117" lon="-83.09674999999999"><ele>863.0</ele></trkpt><trkpt lat="34.97244" lon="-83.09649999999999"><ele>877.9184888890013</ele></trkpt><trkpt lat="34.97284" lon="-83.09645"><ele>883.2486577779055</ele></trkpt><trkpt lat="34.97312" lon="-83.09632999999997"><ele>887.8410631129518</ele></trkpt><trkpt lat="34.97324" lon="-83.09626000000003"><ele>889.6632149396464</ele></trkpt><trkpt lat="34.97312" lon="-83.09616"><ele>894.763637333177</ele></trkpt><trkpt lat="34.97213" lon="-83.09568999999999"><ele>907.6672248886898</ele></trkpt><trkpt lat="34.97169" lon="-83.09551999999996"><ele>911.5897991126403</ele></trkpt><trkpt lat="34.97168" lon="-83.09546999999998"><ele>912.9199680006132</ele></trkpt><trkpt lat="34.97175" lon="-83.09546"><ele>913.3860017769039</ele></trkpt><trkpt lat="34.972" lon="-83.09532000000002"><ele>917.0</ele></trkpt><trkpt lat="34.97245" lon="-83.09523999999999"><ele>921.8230343815392</ele></trkpt><trkpt lat="34.97299" lon="-83.09505999999999"><ele>925.0</ele></trkpt><trkpt lat="34.97353" lon="-83.09498000000002"><ele>927.0</ele></trkpt><trkpt lat="34.97415" lon="-83.09482000000003"><ele>926.9832082670182</ele></trkpt><trkpt lat="34.97458" lon="-83.09454"><ele>923.390257595107</ele></trkpt><trkpt lat="34.97476" lon="-83.09409"><ele>920.6820377839032</ele></trkpt><trkpt lat="34.97482" lon="-83.09379000000001"><ele>917.0</ele></trkpt><trkpt lat="34.97453" lon="-83.09246000000002"><ele>902.0</ele></trkpt><trkpt lat="34.97438" lon="-83.09203000000002"><ele>901.0651327760813</ele></trkpt><trkpt lat="34.97443" lon="-83.09141"><ele>907.0</ele></trkpt><trkpt lat="34.97443" lon="-83.09107"><ele>911.117166073737</ele></trkpt><trkpt lat="34.97433" lon="-83.09084000000001"><ele>913.6936071105301</ele></trkpt><trkpt lat="34.97402" lon="-83.09033"><ele>919.461329777725</ele></trkpt><trkpt lat="34.97335" lon="-83.08969000000002"><ele>924.9836792349815</ele></trkpt><trkpt lat="34.97279" lon="-83.08924999999999"><ele>931.6716705710168</ele></trkpt><trkpt lat="34.97248" lon="-83.08886999999999"><ele>933.6099368122563</ele></trkpt><trkpt lat="34.97247" lon="-83.08870000000002"><ele>935.7973111262762</ele></trkpt><trkpt lat="34.9726" lon="-83.08850000000001"><ele>940.0104610573884</ele></trkpt><trkpt lat="34.97332" lon="-83.08848"><ele>946.3123982520774</ele></trkpt><trkpt lat="34.97351" lon="-83.08839999999998"><ele>944.0670888327297</ele></trkpt><trkpt lat="34.97394" lon="-83.08812999999998"><ele>942.2630320768803</ele></trkpt><trkpt lat="34.97433" lon="-83.08766000000003"><ele>938.4938148982268</ele></trkpt><trkpt lat="34.97489" lon="-83.08706000000001"><ele>935.4281377028674</ele></trkpt><trkpt lat="34.97513" lon="-83.08675"><ele>936.6310558216646</ele></trkpt><trkpt lat="34.97535" lon="-83.08625"><ele>931.0</ele></trkpt><trkpt lat="34.97557" lon="-83.08567"><ele>926.0</ele></trkpt><trkpt lat="34.97582" lon="-83.08521000000002"><ele>928.0</ele></trkpt><trkpt lat="34.976" lon="-83.08474000000001"><ele>931.4032624993124</ele></trkpt><trkpt lat="34.976" lon="-83.08474000000001"><ele>931.4032624993124</ele></trkpt><trkpt lat="34.97609" lon="-83.08447000000001"><ele>935.0</ele></trkpt><trkpt lat="34.9761" lon="-83.08427"><ele>936.8902018935892</ele></trkpt><trkpt lat="34.976" lon="-83.08398999999997"><ele>939.3836142764056</ele></trkpt><trkpt lat="34.976" lon="-83.08398999999997"><ele>939.3836142764056</ele></trkpt><trkpt lat="34.97545" lon="-83.08312999999998"><ele>944.0007485611196</ele></trkpt><trkpt lat="34.97525" lon="-83.08267000000001"><ele>946.200679210946</ele></trkpt><trkpt lat="34.97522" lon="-83.08244000000002"><ele>948.0512253157794</ele></trkpt><trkpt lat="34.97528" lon="-83.08226000000002"><ele>949.2084041024145</ele></trkpt><trkpt lat="34.97554" lon="-83.08177999999998"><ele>947.0200481846402</ele></trkpt><trkpt lat="34.97563" lon="-83.08145000000002"><ele>948.0</ele></trkpt><trkpt lat="34.97561" lon="-83.08125999999999"><ele>947.0</ele></trkpt><trkpt lat="34.97543" lon="-83.08067"><ele>943.0</ele></trkpt><trkpt lat="34.97538" lon="-83.08042"><ele>942.0</ele></trkpt><trkpt lat="34.97545" lon="-83.07981999999998"><ele>941.0</ele></trkpt><trkpt lat="34.97544" lon="-83.07920999999999"><ele>938.0</ele></trkpt><trkpt lat="34.97533" lon="-83.07889999999998"><ele>937.0</ele></trkpt><trkpt lat="34.97527" lon="-83.07861000000003"><ele>937.0</ele></trkpt><trkpt lat="34.97527" lon="-83.07861000000003"><ele>937.0</ele></trkpt><trkpt lat="34.97544" lon="-83.07787000000002"><ele>940.0</ele></trkpt><trkpt lat="34.97539" lon="-83.07760999999999"><ele>939.7199855111539</ele></trkpt><trkpt lat="34.97529" lon="-83.07736999999997"><ele>938.0</ele></trkpt><trkpt lat="34.9753" lon="-83.07724999999999"><ele>936.986636694448</ele></trkpt><trkpt lat="34.97545" lon="-83.07691"><ele>934.2377574740991</ele></trkpt><trkpt lat="34.97559" lon="-83.07666"><ele>932.565519197844</ele></trkpt><trkpt lat="34.97563720310568" lon="-83.07656213990288"><ele>932.6895977044478</ele></trkpt><trkpt lat="34.97563179114335" lon="-83.0765733600195"><ele>932.4719058610499</ele></trkpt><trkpt lat="34.976" lon="-83.07580999999999"><ele>925.2715621870011</ele></trkpt><trkpt lat="34.976" lon="-83.07580999999999"><ele>925.2715621870011</ele></trkpt><trkpt lat="34.97618" lon="-83.07549"><ele>920.6154140725819</ele></trkpt><trkpt lat="34.97622" lon="-83.07533999999998"><ele>918.9265734776855</ele></trkpt><trkpt lat="34.97629" lon="-83.07523000000003"><ele>918.9841235131125</ele></trkpt><trkpt lat="34.97644" lon="-83.07510000000002"><ele>915.4392432700843</ele></trkpt><trkpt lat="34.97651" lon="-83.07497999999998"><ele>916.5973756760359</ele></trkpt><trkpt lat="34.97654" lon="-83.07474000000002"><ele>914.1258182600176</ele></trkpt><trkpt lat="34.97662" lon="-83.07466999999997"><ele>912.7297742208466</ele></trkpt><trkpt lat="34.97673" lon="-83.07466999999997"><ele>913.7297742208466</ele></trkpt><trkpt lat="34.97681" lon="-83.07463000000001"><ele>910.8656391119584</ele></trkpt><trkpt lat="34.97685" lon="-83.07454000000001"><ele>906.7583993896842</ele></trkpt><trkpt lat="34.97685" lon="-83.07427999999999"><ele>905.7583993896842</ele></trkpt><trkpt lat="34.9769" lon="-83.07388000000003"><ele>902.6022069025785</ele></trkpt><trkpt lat="34.9771" lon="-83.07364000000001"><ele>900.9938742279256</ele></trkpt><trkpt lat="34.977155276449714" lon="-83.07349628058506"><ele>900.0</ele></trkpt><trkpt lat="34.977155276449714" lon="-83.07349628058506"><ele>900.0</ele></trkpt><trkpt lat="34.9773" lon="-83.07312000000002"><ele>900.0</ele></trkpt><trkpt lat="34.97745" lon="-83.07292000000001"><ele>899.0</ele></trkpt><trkpt lat="34.97763" lon="-83.07281"><ele>894.8780056796968</ele></trkpt><trkpt lat="34.97789" lon="-83.07243"><ele>891.090046806261</ele></trkpt><trkpt lat="34.97797" lon="-83.07223999999997"><ele>889.2788206202172</ele></trkpt><trkpt lat="34.97829" lon="-83.07222000000002"><ele>888.6355967985393</ele></trkpt><trkpt lat="34.97868" lon="-83.07164999999998"><ele>885.0019524095457</ele></trkpt><trkpt lat="34.97884" lon="-83.07146"><ele>882.0</ele></trkpt><trkpt lat="34.97888" lon="-83.07130000000001"><ele>880.7816198226064</ele></trkpt><trkpt lat="34.97885" lon="-83.07107000000002"><ele>877.9782961848206</ele></trkpt><trkpt lat="34.97891" lon="-83.07091000000003"><ele>878.5742194484919</ele></trkpt><trkpt lat="34.97916" lon="-83.07060000000001"><ele>873.8018539501354</ele></trkpt><trkpt lat="34.97923" lon="-83.07051999999999"><ele>874.263827277399</ele></trkpt><trkpt lat="34.97943" lon="-83.07051000000001"><ele>873.1402773326263</ele></trkpt><trkpt lat="34.9795" lon="-83.07047999999998"><ele>873.5383786680177</ele></trkpt><trkpt lat="34.97993" lon="-83.07002999999997"><ele>867.5392150756408</ele></trkpt><trkpt lat="34.98006" lon="-83.06966"><ele>864.7531484439969</ele></trkpt><trkpt lat="34.98068" lon="-83.06925999999999"><ele>865.6372553572027</ele></trkpt><trkpt lat="34.98079" lon="-83.06891999999999"><ele>863.3838941911235</ele></trkpt><trkpt lat="34.98101" lon="-83.06857000000002"><ele>865.8342016019408</ele></trkpt><trkpt lat="34.98109" lon="-83.06837000000002"><ele>867.0</ele></trkpt><trkpt lat="34.9811" lon="-83.06822999999997"><ele>867.0</ele></trkpt><trkpt lat="34.98101" lon="-83.06795999999997"><ele>868.0133174156732</ele></trkpt><trkpt lat="34.98088" lon="-83.06786"><ele>869.3768450379397</ele></trkpt><trkpt lat="34.98075" lon="-83.06783000000001"><ele>868.9626702228561</ele></trkpt><trkpt lat="34.98039" lon="-83.06785000000002"><ele>865.8947377791628</ele></trkpt><trkpt lat="34.98031" lon="-83.06774000000001"><ele>864.4460234958678</ele></trkpt><trkpt lat="34.98033" lon="-83.06765000000001"><ele>863.6030087842499</ele></trkpt><trkpt lat="34.98055" lon="-83.06747000000001"><ele>863.0</ele></trkpt><trkpt lat="34.981" lon="-83.06720000000001"><ele>860.5971260722727</ele></trkpt><trkpt lat="34.9818" lon="-83.06662"><ele>861.8260685909227</ele></trkpt><trkpt lat="34.98188" lon="-83.06654000000003"><ele>861.0227094360744</ele></trkpt><trkpt lat="34.98191" lon="-83.06646999999998"><ele>861.0</ele></trkpt><trkpt lat="34.981903614632714" lon="-83.06643807316357"><ele>861.7270799179217</ele></trkpt><trkpt lat="34.98190531513891" lon="-83.06644657568665"><ele>861.3597349518635</ele></trkpt><trkpt lat="34.98185" lon="-83.06617"><ele>860.0</ele></trkpt><trkpt lat="34.98161" lon="-83.06573000000003"><ele>858.0481076462229</ele></trkpt><trkpt lat="34.98141" lon="-83.06527"><ele>854.8792136404663</ele></trkpt><trkpt lat="34.98143" lon="-83.06513999999999"><ele>853.0</ele></trkpt><trkpt lat="34.98151" lon="-83.06511"><ele>853.0</ele></trkpt><trkpt lat="34.98163" lon="-83.06515000000002"><ele>853.0</ele></trkpt><trkpt lat="34.98192" lon="-83.06563"><ele>853.6210459010512</ele></trkpt><trkpt lat="34.98208" lon="-83.06581"><ele>851.3656981423612</ele></trkpt><trkpt lat="34.98233" lon="-83.06594999999999"><ele>850.1017164243385</ele></trkpt><trkpt lat="34.98274" lon="-83.06601999999998"><ele>851.3894435567781</ele></trkpt><trkpt lat="34.98322" lon="-83.06603000000001"><ele>846.8555784762193</ele></trkpt><trkpt lat="34.98363" lon="-83.06587999999999"><ele>844.9660362183915</ele></trkpt><trkpt lat="34.98378" lon="-83.06569999999999"><ele>844.3536643848414</ele></trkpt><trkpt lat="34.98383" lon="-83.06549000000001"><ele>845.2292732875794</ele></trkpt><trkpt lat="34.98386" lon="-83.06529999999998"><ele>843.5228435397148</ele></trkpt><trkpt lat="34.98387" lon="-83.06484999999998"><ele>843.9540334828198</ele></trkpt><trkpt lat="34.98368" lon="-83.06447000000003"><ele>840.7614126559347</ele></trkpt><trkpt lat="34.98366" lon="-83.06432000000001"><ele>841.8369147822393</ele></trkpt><trkpt lat="34.98352" lon="-83.06408999999996"><ele>840.5743533526049</ele></trkpt><trkpt lat="34.98359" lon="-83.06405999999998"><ele>841.7320640003309</ele></trkpt><trkpt lat="34.98385" lon="-83.06407999999999"><ele>839.8183274755812</ele></trkpt><trkpt lat="34.98417" lon="-83.06407999999999"><ele>838.7999964449555</ele></trkpt><trkpt lat="34.98431" lon="-83.06405999999998"><ele>839.0</ele></trkpt><trkpt lat="34.98442" lon="-83.06398000000002"><ele>838.0</ele></trkpt><trkpt lat="34.98444" lon="-83.06374"><ele>835.5317454878241</ele></trkpt><trkpt lat="34.98449" lon="-83.06366000000003"><ele>834.0610894793645</ele></trkpt><trkpt lat="34.98472" lon="-83.06344999999999"><ele>834.6681860405947</ele></trkpt><trkpt lat="34.98495" lon="-83.06317999999999"><ele>834.2651750296354</ele></trkpt><trkpt lat="34.98503238018195" lon="-83.0630335463432"><ele>834.404478081502</ele></trkpt><trkpt lat="34.98503238018195" lon="-83.0630335463432"><ele>834.404478081502</ele></trkpt><trkpt lat="34.98513" lon="-83.06286"><ele>833.9395279828459</ele></trkpt><trkpt lat="34.98522" lon="-83.06263999999999"><ele>832.1640382409096</ele></trkpt><trkpt lat="34.98519" lon="-83.06245999999999"><ele>830.1679647797719</ele></trkpt><trkpt lat="34.98534" lon="-83.06200999999999"><ele>827.6071880524978</ele></trkpt><trkpt lat="34.98542" lon="-83.06157000000002"><ele>829.787634961307</ele></trkpt><trkpt lat="34.98548" lon="-83.06151"><ele>828.2138376825648</ele></trkpt><trkpt lat="34.9856" lon="-83.06151"><ele>830.5706773335114</ele></trkpt><trkpt lat="34.98583" lon="-83.06160999999997"><ele>826.8624538289025</ele></trkpt><trkpt lat="34.98595" lon="-83.06157000000002"><ele>828.278786198171</ele></trkpt><trkpt lat="34.9862" lon="-83.06168000000002"><ele>828.0</ele></trkpt><trkpt lat="34.98637" lon="-83.06166999999999"><ele>826.7779494333776</ele></trkpt><trkpt lat="34.98651" lon="-83.0616"><ele>826.3763733329251</ele></trkpt><trkpt lat="34.98667" lon="-83.06141000000002"><ele>826.0</ele></trkpt><trkpt lat="34.98665" lon="-83.06110000000001"><ele>823.6780622210354</ele></trkpt><trkpt lat="34.98669" lon="-83.06105000000002"><ele>825.0082311099395</ele></trkpt><trkpt lat="34.98682" lon="-83.06103000000002"><ele>823.0923325140029</ele></trkpt><trkpt lat="34.98726" lon="-83.06070999999997"><ele>823.871475570806</ele></trkpt><trkpt lat="34.98733" lon="-83.06052999999997"><ele>823.1415836066008</ele></trkpt><trkpt lat="34.98729" lon="-83.06040000000002"><ele>823.8248270895898</ele></trkpt><trkpt lat="34.98732" lon="-83.06028000000003"><ele>822.0</ele></trkpt><trkpt lat="34.98743" lon="-83.06020999999998"><ele>824.1550684450194</ele></trkpt><trkpt lat="34.98751" lon="-83.06024000000002"><ele>823.7569671105593</ele></trkpt><trkpt lat="34.98768" lon="-83.06015000000002"><ele>823.2210245247835</ele></trkpt><trkpt lat="34.98773" lon="-83.06006000000002"><ele>823.0</ele></trkpt><trkpt lat="34.98773" lon="-83.05989999999997"><ele>821.3881628364325</ele></trkpt><trkpt lat="34.98776" lon="-83.05980999999997"><ele>821.0</ele></trkpt><trkpt lat="34.98791" lon="-83.05973"><ele>821.0782245405536</ele></trkpt><trkpt lat="34.98801" lon="-83.05952000000002"><ele>822.1434622395084</ele></trkpt><trkpt lat="34.98811" lon="-83.05938000000003"><ele>820.4178625421565</ele></trkpt><trkpt lat="34.98815" lon="-83.05912000000001"><ele>817.4969513770193</ele></trkpt><trkpt lat="34.98846" lon="-83.05905999999999"><ele>819.0</ele></trkpt><trkpt lat="34.98867" lon="-83.05871000000002"><ele>820.055155105756</ele></trkpt><trkpt lat="34.98877" lon="-83.05865"><ele>820.8563377773389</ele></trkpt><trkpt lat="34.98891" lon="-83.05865"><ele>821.7350761834532</ele></trkpt><trkpt lat="34.98935" lon="-83.05840999999998"><ele>821.958851554431</ele></trkpt><trkpt lat="34.98961" lon="-83.05836"><ele>822.6286826664582</ele></trkpt><trkpt lat="34.99007" lon="-83.05838"><ele>821.6830477713246</ele></trkpt><trkpt lat="34.99022" lon="-83.05842999999999"><ele>818.66428563141</ele></trkpt><trkpt lat="34.9903" lon="-83.05856"><ele>819.1441406449303</ele></trkpt><trkpt lat="34.99038" lon="-83.05862000000002"><ele>818.9094049336998</ele></trkpt><trkpt lat="34.99078" lon="-83.05863"><ele>821.0</ele></trkpt><trkpt lat="34.99157" lon="-83.05872"><ele>814.0</ele></trkpt><trkpt lat="34.99163" lon="-83.05883"><ele>812.5364836473018</ele></trkpt><trkpt lat="34.99168" lon="-83.05898000000002"><ele>810.0</ele></trkpt><trkpt lat="34.99162" lon="-83.05935"><ele>806.314672422874</ele></trkpt><trkpt lat="34.99167" lon="-83.05937"><ele>805.0788055744517</ele></trkpt><trkpt lat="34.99176" lon="-83.05916000000002"><ele>806.0</ele></trkpt><trkpt lat="34.99196" lon="-83.05885"><ele>806.0</ele></trkpt><trkpt lat="34.99198" lon="-83.05878000000001"><ele>804.6262007001787</ele></trkpt><trkpt lat="34.99196" lon="-83.05858999999998"><ele>802.0293694212944</ele></trkpt><trkpt lat="34.99187" lon="-83.05849"><ele>804.2943501022735</ele></trkpt><trkpt lat="34.99168" lon="-83.05839000000003"><ele>805.0267840018496</ele></trkpt><trkpt lat="34.99151" lon="-83.05833999999999"><ele>802.5865328825614</ele></trkpt><trkpt lat="34.99146" lon="-83.05824999999999"><ele>801.6017485574318</ele></trkpt><trkpt lat="34.99148" lon="-83.05818"><ele>802.0527661689008</ele></trkpt><trkpt lat="34.99191" lon="-83.05804"><ele>802.2843982223421</ele></trkpt><trkpt lat="34.99205" lon="-83.05804"><ele>803.0</ele></trkpt><trkpt lat="34.99221" lon="-83.05811"><ele>802.0101444625991</ele></trkpt><trkpt lat="34.99221" lon="-83.05811"><ele>802.0101444625991</ele></trkpt><trkpt lat="34.99221" lon="-83.05811"><ele>802.0101444625991</ele></trkpt><trkpt lat="34.99255" lon="-83.05788000000001"><ele>802.1487067794585</ele></trkpt><trkpt lat="34.9927" lon="-83.05773999999997"><ele>802.1771984775576</ele></trkpt><trkpt lat="34.99288" lon="-83.0575"><ele>799.0</ele></trkpt><trkpt lat="34.9929" lon="-83.05727000000002"><ele>800.4591928953305</ele></trkpt><trkpt lat="34.99299" lon="-83.05707000000001"><ele>799.7469365821624</ele></trkpt><trkpt lat="34.99306" lon="-83.05700000000002"><ele>802.8117805141956</ele></trkpt><trkpt lat="34.99315" lon="-83.05707999999998"><ele>802.0903761354243</ele></trkpt><trkpt lat="34.99321" lon="-83.05704000000003"><ele>801.6551024224609</ele></trkpt><trkpt lat="34.9933" lon="-83.05695000000003"><ele>799.5352246798575</ele></trkpt><trkpt lat="34.99348" lon="-83.05664000000002"><ele>798.2954523023218</ele></trkpt><trkpt lat="34.99348" lon="-83.05664000000002"><ele>798.2954523023218</ele></trkpt><trkpt lat="34.99353" lon="-83.05655000000002"><ele>798.0</ele></trkpt><trkpt lat="34.99359" lon="-83.05655000000002"><ele>801.9348499269161</ele></trkpt><trkpt lat="34.9936" lon="-83.05664000000002"><ele>802.5310751274228</ele></trkpt><trkpt lat="34.9936" lon="-83.05664000000002"><ele>802.5310751274228</ele></trkpt><trkpt lat="34.99355" lon="-83.05676"><ele>798.6866874806583</ele></trkpt><trkpt lat="34.99372" lon="-83.05722000000003"><ele>803.0</ele></trkpt><trkpt lat="34.99373" lon="-83.05734000000001"><ele>802.0</ele></trkpt><trkpt lat="34.99382" lon="-83.05743000000001"><ele>802.7124586654827</ele></trkpt><trkpt lat="34.99389" lon="-83.05743000000001"><ele>801.7124586654827</ele></trkpt><trkpt lat="34.994" lon="-83.05734999999999"><ele>801.1544900462031</ele></trkpt><trkpt lat="34.994" lon="-83.05734999999999"><ele>801.1544900462031</ele></trkpt><trkpt lat="34.9941" lon="-83.05727999999999"><ele>798.7279181843624</ele></trkpt><trkpt lat="34.99423" lon="-83.05701999999997"><ele>802.1455763467973</ele></trkpt><trkpt lat="34.99426" lon="-83.05678999999998"><ele>803.0</ele></trkpt><trkpt lat="34.99439" lon="-83.05664000000002"><ele>804.2790454772269</ele></trkpt><trkpt lat="34.99439" lon="-83.05664000000002"><ele>804.2790454772269</ele></trkpt><trkpt lat="34.99514" lon="-83.05623000000003"><ele>811.6365119982511</ele></trkpt><trkpt lat="34.9956" lon="-83.05608000000001"><ele>809.5121382348495</ele></trkpt><trkpt lat="34.99607" lon="-83.05570999999998"><ele>809.8242804072797</ele></trkpt><trkpt lat="34.99663" lon="-83.05523"><ele>810.4797795563936</ele></trkpt><trkpt lat="34.99694" lon="-83.05507999999998"><ele>810.1059581828692</ele></trkpt><trkpt lat="34.9973" lon="-83.05478"><ele>803.2114097774029</ele></trkpt><trkpt lat="34.9973" lon="-83.05478"><ele>803.2114097774029</ele></trkpt><trkpt lat="34.99735" lon="-83.05475000000001"><ele>804.6095111100003</ele></trkpt><trkpt lat="34.99735" lon="-83.05475000000001"><ele>804.6095111100003</ele></trkpt><trkpt lat="34.99744" lon="-83.05471"><ele>808.4588840566576</ele></trkpt><trkpt lat="34.99755" lon="-83.05479000000003"><ele>808.5021856082603</ele></trkpt><trkpt lat="34.9976" lon="-83.05479000000003"><ele>806.9776651303002</ele></trkpt><trkpt lat="34.99769" lon="-83.05466999999999"><ele>808.2675669148696</ele></trkpt><trkpt lat="34.99781" lon="-83.05461000000003"><ele>808.1339839985594</ele></trkpt><trkpt lat="34.99791" lon="-83.0546"><ele>808.6000177776441</ele></trkpt><trkpt lat="34.99811" lon="-83.05453"><ele>807.7743143196498</ele></trkpt><trkpt lat="34.99819" lon="-83.05444999999997"><ele>807.7325047619964</ele></trkpt><trkpt lat="34.99829" lon="-83.05444"><ele>807.0193634192331</ele></trkpt><trkpt lat="34.99834" lon="-83.05448999999999"><ele>810.1869149859995</ele></trkpt><trkpt lat="34.99836" lon="-83.05455"><ele>811.3945497609675</ele></trkpt><trkpt lat="34.99833" lon="-83.05469"><ele>810.6180043667555</ele></trkpt><trkpt lat="34.99834" lon="-83.05479000000003"><ele>809.1869149859995</ele></trkpt><trkpt lat="34.99843" lon="-83.05493000000001"><ele>809.2209031106904</ele></trkpt><trkpt lat="34.99854" lon="-83.05504000000002"><ele>806.0945315547287</ele></trkpt><trkpt lat="34.9985841534574" lon="-83.05504735890958"><ele>804.7324319304649</ele></trkpt><trkpt lat="34.998619126201554" lon="-83.05505318769696"><ele>803.9598806649446</ele></trkpt><trkpt lat="34.99866" lon="-83.05506000000003"><ele>803.324927996844</ele></trkpt><trkpt lat="34.99918" lon="-83.05502999999999"><ele>806.9893019870772</ele></trkpt><trkpt lat="34.99938" lon="-83.05511000000001"><ele>807.8322951104492</ele></trkpt><trkpt lat="34.99947" lon="-83.05509999999998"><ele>807.4551715545922</ele></trkpt><trkpt lat="34.99966" lon="-83.05498999999998"><ele>812.5879283344117</ele></trkpt><trkpt lat="34.99974" lon="-83.05504000000002"><ele>814.8350876383483</ele></trkpt><trkpt lat="34.99989" lon="-83.05540000000002"><ele>818.0</ele></trkpt><trkpt lat="35.00045" lon="-83.05579"><ele>820.2286102678627</ele></trkpt><trkpt lat="35.00071" lon="-83.05608999999998"><ele>823.1783459123048</ele></trkpt><trkpt lat="35.00082" lon="-83.05628000000002"><ele>826.2788947820663</ele></trkpt><trkpt lat="35.00088" lon="-83.05649"><ele>826.6924633998424</ele></trkpt><trkpt lat="35.00098" lon="-83.05658"><ele>826.3253297777846</ele></trkpt><trkpt lat="35.00113" lon="-83.05662999999998"><ele>824.9951608888805</ele></trkpt><trkpt lat="35.00131" lon="-83.05662999999998"><ele>824.9951608888805</ele></trkpt><trkpt lat="35.00164" lon="-83.05633"><ele>828.0671452462361</ele></trkpt><trkpt lat="35.00184" lon="-83.05585000000002"><ele>825.6900982446969</ele></trkpt><trkpt lat="35.00187" lon="-83.05534999999998"><ele>824.9941105129882</ele></trkpt><trkpt lat="35.00183" lon="-83.05520999999999"><ele>827.1719573335722</ele></trkpt><trkpt lat="35.00183" lon="-83.05520999999999"><ele>827.1719573335722</ele></trkpt><trkpt lat="35.0019" lon="-83.05513000000002"><ele>831.6513262734007</ele></trkpt><trkpt lat="35.0019" lon="-83.05513000000002"><ele>831.6513262734007</ele></trkpt><trkpt lat="35.00204" lon="-83.05527000000001"><ele>830.8056196167456</ele></trkpt><trkpt lat="35.00225" lon="-83.05529999999999"><ele>831.613948000595</ele></trkpt><trkpt lat="35.0025" lon="-83.05523"><ele>831.6200172100216</ele></trkpt><trkpt lat="35.00292" lon="-83.05491999999998"><ele>835.6869368897751</ele></trkpt><trkpt lat="35.00299" lon="-83.05482"><ele>837.5183637235137</ele></trkpt><trkpt lat="35.00298" lon="-83.05478"><ele>838.0</ele></trkpt><trkpt lat="35.0027" lon="-83.05448000000001"><ele>833.8075768891722</ele></trkpt><trkpt lat="35.002691042923836" lon="-83.05445014307946"><ele>833.0</ele></trkpt><trkpt lat="35.00269800397078" lon="-83.0544733465681"><ele>833.497504488565</ele></trkpt><trkpt lat="35.00267" lon="-83.05437999999998"><ele>833.0</ele></trkpt><trkpt lat="35.00273" lon="-83.05428"><ele>833.0</ele></trkpt><trkpt lat="35.00289" lon="-83.05421000000001"><ele>833.0</ele></trkpt><trkpt lat="35.00314" lon="-83.05416000000002"><ele>831.2720376476645</ele></trkpt><trkpt lat="35.00314" lon="-83.05416000000002"><ele>831.2720376476645</ele></trkpt><trkpt lat="35.00314" lon="-83.05416000000002"><ele>831.2720376476645</ele></trkpt><trkpt lat="35.00321707275669" lon="-83.05398806856789"><ele>833.0</ele></trkpt><trkpt lat="35.00321707275669" lon="-83.05398806856789"><ele>833.0</ele></trkpt><trkpt lat="35.003268198558224" lon="-83.05387401877061"><ele>834.4331952696666</ele></trkpt><trkpt lat="35.003268198558224" lon="-83.05387401877061"><ele>834.4331952696666</ele></trkpt><trkpt lat="35.00327" lon="-83.05387000000002"><ele>834.6204835548997</ele></trkpt><trkpt lat="35.00331" lon="-83.05372999999997"><ele>835.0</ele></trkpt><trkpt lat="35.00331" lon="-83.05372999999997"><ele>835.0</ele></trkpt><trkpt lat="35.00331" lon="-83.05372999999997"><ele>835.0</ele></trkpt><trkpt lat="35.00334" lon="-83.05369999999999"><ele>835.0</ele></trkpt><trkpt lat="35.00349" lon="-83.05363999999997"><ele>837.1223168839607</ele></trkpt><trkpt lat="35.00359" lon="-83.05365999999998"><ele>839.0</ele></trkpt><trkpt lat="35.00371" lon="-83.05376000000001"><ele>840.0</ele></trkpt><trkpt lat="35.00386" lon="-83.05378000000002"><ele>840.8147875545546</ele></trkpt><trkpt lat="35.00398" lon="-83.05376999999999"><ele>841.0</ele></trkpt><trkpt lat="35.00424" lon="-83.05369999999999"><ele>842.9343379985181</ele></trkpt><trkpt lat="35.00439" lon="-83.05372999999997"><ele>845.1449564453214</ele></trkpt><trkpt lat="35.00447" lon="-83.05372999999997"><ele>846.0</ele></trkpt><trkpt lat="35.00458" lon="-83.05365999999998"><ele>846.8810245084828</ele></trkpt><trkpt lat="35.0047" lon="-83.05349000000001"><ele>848.0</ele></trkpt><trkpt lat="35.005" lon="-83.05327999999997"><ele>850.1164764454588</ele></trkpt><trkpt lat="35.0054" lon="-83.05321000000004"><ele>852.9100150310354</ele></trkpt><trkpt lat="35.0056" lon="-83.05312000000004"><ele>855.5730168865994</ele></trkpt><trkpt lat="35.00591" lon="-83.05270000000002"><ele>859.1464355550706</ele></trkpt><trkpt lat="35.00606" lon="-83.05264"><ele>860.9426382221282</ele></trkpt><trkpt lat="35.0062" lon="-83.05261999999999"><ele>862.5025401320308</ele></trkpt><trkpt lat="35.00637" lon="-83.05245000000002"><ele>864.7972799995914</ele></trkpt><trkpt lat="35.00664" lon="-83.05237"><ele>866.5255502220243</ele></trkpt><trkpt lat="35.00679722367341" lon="-83.05237"><ele>866.5255502220243</ele></trkpt><trkpt lat="35.00680601154155" lon="-83.05237"><ele>866.5255502220243</ele></trkpt><trkpt lat="35.00685" lon="-83.05237"><ele>866.5255502220243</ele></trkpt><trkpt lat="35.00702" lon="-83.0523"><ele>867.7877866663039</ele></trkpt><trkpt lat="35.0072" lon="-83.05214000000001"><ele>870.9752830043435</ele></trkpt><trkpt lat="35.00726" lon="-83.05203"><ele>871.1175563569374</ele></trkpt><trkpt lat="35.00724" lon="-83.05192999999997"><ele>872.4550662878901</ele></trkpt><trkpt lat="35.00717" lon="-83.05174"><ele>873.5521941445768</ele></trkpt><trkpt lat="35.00715" lon="-83.05155000000002"><ele>875.1516326703131</ele></trkpt><trkpt lat="35.00725" lon="-83.05144000000001"><ele>876.8666915548965</ele></trkpt><trkpt lat="35.00745" lon="-83.05135000000001"><ele>879.0609955545515</ele></trkpt><trkpt lat="35.00777" lon="-83.05129999999997"><ele>882.0917404843494</ele></trkpt><trkpt lat="35.00796" lon="-83.05135999999999"><ele>884.1060986788943</ele></trkpt><trkpt lat="35.00806" lon="-83.05133000000001"><ele>884.9986062689522</ele></trkpt><trkpt lat="35.00826" lon="-83.05105000000003"><ele>887.0420088870451</ele></trkpt><trkpt lat="35.00844" lon="-83.05093999999997"><ele>889.1683804458007</ele></trkpt><trkpt lat="35.0087" lon="-83.05052999999998"><ele>892.0</ele></trkpt><trkpt lat="35.0087" lon="-83.05052999999998"><ele>892.0</ele></trkpt><trkpt lat="35.0087" lon="-83.05052999999998"><ele>892.0</ele></trkpt><trkpt lat="35.00882" lon="-83.05045999999999"><ele>893.5380017776042</ele></trkpt><trkpt lat="35.00939" lon="-83.05027000000001"><ele>896.3926435550675</ele></trkpt><trkpt lat="35.00952" lon="-83.05009000000001"><ele>900.7812515553087</ele></trkpt><trkpt lat="35.0098" lon="-83.05000000000001"><ele>901.9755555549636</ele></trkpt><trkpt lat="35.01002" lon="-83.04988000000003"><ele>904.567960887216</ele></trkpt><trkpt lat="35.01074" lon="-83.04943000000003"><ele>912.5394808873534</ele></trkpt><trkpt lat="35.0119" lon="-83.04899"><ele>915.0449671102688</ele></trkpt><trkpt lat="35.012" lon="-83.04892000000001"><ele>914.3072035545483</ele></trkpt><trkpt lat="35.012" lon="-83.04892000000001"><ele>914.3072035545483</ele></trkpt><trkpt lat="35.0121" lon="-83.04885000000002"><ele>912.4956370098516</ele></trkpt><trkpt lat="35.01238" lon="-83.04840999999999"><ele>910.0689182477072</ele></trkpt><trkpt lat="35.01247" lon="-83.04829000000001"><ele>911.6250542367785</ele></trkpt><trkpt lat="35.01269" lon="-83.04826000000003"><ele>913.0</ele></trkpt><trkpt lat="35.01278" lon="-83.04811000000001"><ele>912.2336045764387</ele></trkpt><trkpt lat="35.01287" lon="-83.04786999999999"><ele>913.3261673842961</ele></trkpt><trkpt lat="35.01302" lon="-83.04764999999998"><ele>916.4934933343902</ele></trkpt><trkpt lat="35.0135" lon="-83.04721"><ele>923.2643566149292</ele></trkpt><trkpt lat="35.01384" lon="-83.04658"><ele>929.9180394802243</ele></trkpt><trkpt lat="35.01382" lon="-83.0462"><ele>933.0560762472451</ele></trkpt><trkpt lat="35.01382140500698" lon="-83.04619683873432"><ele>932.9761287774891</ele></trkpt><trkpt lat="35.01382" lon="-83.0462"><ele>933.0560762472451</ele></trkpt><trkpt lat="35.01382" lon="-83.0462"><ele>933.0560762472451</ele></trkpt><trkpt lat="35.01394" lon="-83.04593"><ele>936.7307542123915</ele></trkpt><trkpt lat="35.01461" lon="-83.04507999999998"><ele>945.0273188862304</ele></trkpt><trkpt lat="35.01512" lon="-83.04473999999999"><ele>943.0</ele></trkpt><trkpt lat="35.01566" lon="-83.04442"><ele>938.0</ele></trkpt><trkpt lat="35.01623" lon="-83.04395"><ele>935.0</ele></trkpt><trkpt lat="35.01641" lon="-83.04377"><ele>935.0</ele></trkpt><trkpt lat="35.01735" lon="-83.04302000000001"><ele>928.188276566565</ele></trkpt><trkpt lat="35.01749" lon="-83.04273"><ele>927.0</ele></trkpt><trkpt lat="35.01748" lon="-83.04257999999999"><ele>926.0475878877204</ele></trkpt><trkpt lat="35.01758" lon="-83.04251999999997"><ele>927.0</ele></trkpt><trkpt lat="35.01772" lon="-83.04257000000001"><ele>928.0</ele></trkpt><trkpt lat="35.01789" lon="-83.04277000000002"><ele>928.9179768878967</ele></trkpt><trkpt lat="35.01815" lon="-83.04291999999998"><ele>925.9274702230468</ele></trkpt><trkpt lat="35.01837" lon="-83.04293999999999"><ele>924.0</ele></trkpt><trkpt lat="35.01856" lon="-83.04290000000003"><ele>923.8595377756283</ele></trkpt><trkpt lat="35.01898" lon="-83.04264"><ele>925.4097794173285</ele></trkpt><trkpt lat="35.01928" lon="-83.04230999999999"><ele>929.3555306671187</ele></trkpt><trkpt lat="35.01955" lon="-83.04214999999999"><ele>933.8120711119846</ele></trkpt><trkpt lat="35.0199" lon="-83.04208"><ele>933.080258162823</ele></trkpt><trkpt lat="35.02019" lon="-83.04188999999997"><ele>936.4351921733469</ele></trkpt><trkpt lat="35.0209" lon="-83.04158999999999"><ele>946.9099626671523</ele></trkpt><trkpt lat="35.02139" lon="-83.04151999999999"><ele>953.1721991114318</ele></trkpt><trkpt lat="35.02193" lon="-83.04133000000002"><ele>962.0118276886877</ele></trkpt><trkpt lat="35.02196" lon="-83.04122000000001"><ele>965.0</ele></trkpt><trkpt lat="35.02147" lon="-83.04102"><ele>967.0</ele></trkpt><trkpt lat="35.02125" lon="-83.04080999999996"><ele>968.0</ele></trkpt><trkpt lat="35.02108" lon="-83.04068999999998"><ele>967.0</ele></trkpt><trkpt lat="35.02106" lon="-83.04064"><ele>966.7608099651602</ele></trkpt><trkpt lat="35.02113" lon="-83.04050999999998"><ele>965.0</ele></trkpt><trkpt lat="35.02146" lon="-83.04048"><ele>964.3602880006656</ele></trkpt><trkpt lat="35.02168" lon="-83.04028"><ele>956.2845676257472</ele></trkpt><trkpt lat="35.02215" lon="-83.03960000000001"><ele>960.3354549622736</ele></trkpt><trkpt lat="35.02221" lon="-83.0392"><ele>954.707964444533</ele></trkpt><trkpt lat="35.02218" lon="-83.03893"><ele>945.1250524446368</ele></trkpt><trkpt lat="35.02226" lon="-83.03879999999998"><ele>942.0666133323684</ele></trkpt><trkpt lat="35.02241" lon="-83.03875"><ele>938.7364444434643</ele></trkpt><trkpt lat="35.0226" lon="-83.03879999999998"><ele>937.5975459178162</ele></trkpt><trkpt lat="35.02277" lon="-83.03868"><ele>933.2310240762308</ele></trkpt><trkpt lat="35.02307" lon="-83.03863999999999"><ele>930.3432196978381</ele></trkpt><trkpt lat="35.0233" lon="-83.03840000000002"><ele>930.404553309083</ele></trkpt><trkpt lat="35.02331" lon="-83.03816"><ele>930.2140891849995</ele></trkpt><trkpt lat="35.02327" lon="-83.03793000000002"><ele>926.6973007656634</ele></trkpt><trkpt lat="35.02337" lon="-83.03769999999997"><ele>925.1910427929834</ele></trkpt><trkpt lat="35.02358" lon="-83.03736000000004"><ele>921.9577493350953</ele></trkpt><trkpt lat="35.02385" lon="-83.03718000000003"><ele>915.5691413348541</ele></trkpt><trkpt lat="35.02397" lon="-83.03703000000002"><ele>917.3086186745069</ele></trkpt><trkpt lat="35.02398" lon="-83.03687000000002"><ele>916.1024456825107</ele></trkpt><trkpt lat="35.02424" lon="-83.03640999999999"><ele>908.968070354056</ele></trkpt><trkpt lat="35.0245" lon="-83.03631000000001"><ele>917.0</ele></trkpt><trkpt lat="35.02446" lon="-83.03622000000001"><ele>913.4187987968326</ele></trkpt><trkpt lat="35.02418" lon="-83.03618"><ele>910.0342364441603</ele></trkpt><trkpt lat="35.02407" lon="-83.03606000000002"><ele>913.6266417764127</ele></trkpt><trkpt lat="35.02412" lon="-83.03592000000003"><ele>918.0696987733245</ele></trkpt><trkpt lat="35.02435606644404" lon="-83.03568393355596"><ele>928.5040232874453</ele></trkpt><trkpt lat="35.02436719887925" lon="-83.0356728012157"><ele>929.1375609058887</ele></trkpt><trkpt lat="35.02443" lon="-83.03561000000002"><ele>931.0</ele></trkpt><trkpt lat="35.02489" lon="-83.03523999999999"><ele>934.9073056075782</ele></trkpt><trkpt lat="35.02501" lon="-83.03519"><ele>936.8284195559099</ele></trkpt><trkpt lat="35.02514" lon="-83.03493000000003"><ele>939.1172402575612</ele></trkpt><trkpt lat="35.02517" lon="-83.03474"><ele>942.9676322992891</ele></trkpt><trkpt lat="35.02514" lon="-83.03467"><ele>942.1172402575612</ele></trkpt><trkpt lat="35.02514" lon="-83.03467"><ele>942.1172402575612</ele></trkpt><trkpt lat="35.02503" lon="-83.03433999999999"><ele>946.6416279906407</ele></trkpt><trkpt lat="35.02495" lon="-83.03388000000001"><ele>949.3044080324471</ele></trkpt><trkpt lat="35.02503" lon="-83.03339"><ele>952.8571764342487</ele></trkpt><trkpt lat="35.02511" lon="-83.03318000000002"><ele>957.4099492896348</ele></trkpt><trkpt lat="35.02529" lon="-83.03219999999999"><ele>961.3166021650383</ele></trkpt><trkpt lat="35.02543" lon="-83.03199999999998"><ele>963.0</ele></trkpt><trkpt lat="35.02543" lon="-83.03199999999998"><ele>963.0</ele></trkpt><trkpt lat="35.02543" lon="-83.03199999999998"><ele>963.0</ele></trkpt><trkpt lat="35.02528" lon="-83.03190999999998"><ele>965.0025939947413</ele></trkpt><trkpt lat="35.02525" lon="-83.03183999999999"><ele>966.5596951837056</ele></trkpt><trkpt lat="35.02526" lon="-83.03178000000003"><ele>967.9511851642333</ele></trkpt><trkpt lat="35.02539" lon="-83.03174000000001"><ele>969.0</ele></trkpt><trkpt lat="35.02548" lon="-83.03163"><ele>970.5705606910619</ele></trkpt><trkpt lat="35.02589" lon="-83.03084000000001"><ele>977.9170482601346</ele></trkpt><trkpt lat="35.02596" lon="-83.0301"><ele>984.3827733332291</ele></trkpt><trkpt lat="35.02604" lon="-83.02963"><ele>985.0</ele></trkpt><trkpt lat="35.02621" lon="-83.02912000000003"><ele>985.0</ele></trkpt><trkpt lat="35.02679" lon="-83.02762000000001"><ele>993.0</ele></trkpt><trkpt lat="35.02705" lon="-83.0265"><ele>990.8160550892353</ele></trkpt><trkpt lat="35.02727" lon="-83.02606000000003"><ele>994.3365005422384</ele></trkpt><trkpt lat="35.02744" lon="-83.02537000000001"><ele>995.011413289234</ele></trkpt><trkpt lat="35.0276" lon="-83.02494999999999"><ele>995.0</ele></trkpt><trkpt lat="35.0279" lon="-83.02465000000001"><ele>989.4381279367954</ele></trkpt><trkpt lat="35.0283" lon="-83.02478000000002"><ele>987.6872568903491</ele></trkpt><trkpt lat="35.02944" lon="-83.02485999999999"><ele>978.415527109988</ele></trkpt><trkpt lat="35.03" lon="-83.02479"><ele>975.1532906666398</ele></trkpt><trkpt lat="35.03" lon="-83.02479"><ele>975.1532906666398</ele></trkpt><trkpt lat="35.03047" lon="-83.02480000000003"><ele>970.336986431376</ele></trkpt><trkpt lat="35.03078" lon="-83.02497"><ele>966.488210389153</ele></trkpt><trkpt lat="35.03077" lon="-83.02481"><ele>964.5152965137578</ele></trkpt><trkpt lat="35.03061" lon="-83.02465999999998"><ele>964.054656663185</ele></trkpt><trkpt lat="35.03049" lon="-83.02460000000002"><ele>964.2986488891765</ele></trkpt><trkpt lat="35.03" lon="-83.02444000000003"><ele>960.8421084461734</ele></trkpt><trkpt lat="35.03" lon="-83.02444000000003"><ele>960.8421084461734</ele></trkpt><trkpt lat="35.02964" lon="-83.02433000000002"><ele>957.0</ele></trkpt><trkpt lat="35.02926" lon="-83.02417000000003"><ele>952.2591964453459</ele></trkpt><trkpt lat="35.02846" lon="-83.02368000000001"><ele>952.0</ele></trkpt><trkpt lat="35.02826" lon="-83.02341999999999"><ele>950.0984627533542</ele></trkpt><trkpt lat="35.02804" lon="-83.02285"><ele>945.0</ele></trkpt><trkpt lat="35.02763" lon="-83.02247"><ele>938.0058687111294</ele></trkpt><trkpt lat="35.0274" lon="-83.02235999999999"><ele>934.0</ele></trkpt><trkpt lat="35.02732" lon="-83.02224999999999"><ele>932.0</ele></trkpt><trkpt lat="35.02729" lon="-83.02210000000002"><ele>930.0</ele></trkpt><trkpt lat="35.02717" lon="-83.02197999999999"><ele>929.0</ele></trkpt><trkpt lat="35.02695" lon="-83.02188000000001"><ele>927.0577963615233</ele></trkpt><trkpt lat="35.02694" lon="-83.02175999999997"><ele>926.5253046497851</ele></trkpt><trkpt lat="35.027" lon="-83.02170999999998"><ele>925.614887110889</ele></trkpt><trkpt lat="35.02716" lon="-83.02165000000002"><ele>926.0762736033648</ele></trkpt><trkpt lat="35.02685" lon="-83.02134000000001"><ele>922.2726221742569</ele></trkpt><trkpt lat="35.02671" lon="-83.02109000000002"><ele>922.4663420319557</ele></trkpt><trkpt lat="35.02666" lon="-83.02058"><ele>918.620802782476</ele></trkpt><trkpt lat="35.02669" lon="-83.02052000000003"><ele>919.0514723433977</ele></trkpt><trkpt lat="35.02668" lon="-83.02048000000002"><ele>917.8295614439954</ele></trkpt><trkpt lat="35.02664" lon="-83.02048000000002"><ele>916.6340509762075</ele></trkpt><trkpt lat="35.02656" lon="-83.02057000000002"><ele>915.4167659506202</ele></trkpt><trkpt lat="35.0265" lon="-83.02075000000002"><ele>914.5150888767093</ele></trkpt><trkpt lat="35.02648" lon="-83.02097000000003"><ele>914.0</ele></trkpt><trkpt lat="35.02653" lon="-83.02112999999997"><ele>914.2224088776857</ele></trkpt><trkpt lat="35.02671" lon="-83.02134999999998"><ele>917.0757007842182</ele></trkpt><trkpt lat="35.02653" lon="-83.02175999999997"><ele>913.2224088776857</ele></trkpt><trkpt lat="35.02656" lon="-83.02193999999997"><ele>913.6195122408175</ele></trkpt><trkpt lat="35.02652" lon="-83.02202"><ele>910.9785275377583</ele></trkpt><trkpt lat="35.02652" lon="-83.02217000000002"><ele>908.6533021423966</ele></trkpt><trkpt lat="35.02644" lon="-83.02228000000002"><ele>908.0</ele></trkpt><trkpt lat="35.02639" lon="-83.02226999999999"><ele>906.712778666988</ele></trkpt><trkpt lat="35.0263" lon="-83.02233999999999"><ele>906.0</ele></trkpt><trkpt lat="35.02631" lon="-83.02242999999999"><ele>905.5832017518197</ele></trkpt><trkpt lat="35.02624" lon="-83.02256999999997"><ele>901.2199620056275</ele></trkpt><trkpt lat="35.02613" lon="-83.02253999999999"><ele>897.2979866806713</ele></trkpt><trkpt lat="35.02611" lon="-83.02238"><ele>899.051469661883</ele></trkpt><trkpt lat="35.02611" lon="-83.02199999999999"><ele>896.3199859056622</ele></trkpt><trkpt lat="35.026" lon="-83.02157"><ele>892.0598478000611</ele></trkpt><trkpt lat="35.02594" lon="-83.02148999999997"><ele>889.6452305633575</ele></trkpt><trkpt lat="35.02583" lon="-83.02148"><ele>885.385105477646</ele></trkpt><trkpt lat="35.0258" lon="-83.02160000000003"><ele>884.6778001002967</ele></trkpt><trkpt lat="35.02582" lon="-83.02249"><ele>879.8160036168993</ele></trkpt><trkpt lat="35.02588" lon="-83.02280000000002"><ele>876.8180469479412</ele></trkpt><trkpt lat="35.02588" lon="-83.02303999999998"><ele>871.0928506511194</ele></trkpt><trkpt lat="35.02583" lon="-83.02308"><ele>867.9235908109695</ele></trkpt><trkpt lat="35.02576" lon="-83.02303999999998"><ele>865.6424049541823</ele></trkpt><trkpt lat="35.02575" lon="-83.02291000000002"><ele>867.8322925250977</ele></trkpt><trkpt lat="35.0255" lon="-83.02238999999997"><ele>864.604780761525</ele></trkpt><trkpt lat="35.02544" lon="-83.02238"><ele>862.1901844125241</ele></trkpt><trkpt lat="35.0254" lon="-83.02258"><ele>858.9137882366776</ele></trkpt><trkpt lat="35.02546" lon="-83.02274999999997"><ele>859.3013241648052</ele></trkpt><trkpt lat="35.02547" lon="-83.02307000000002"><ele>855.8934264514725</ele></trkpt><trkpt lat="35.02532" lon="-83.02316000000002"><ele>851.8787273095392</ele></trkpt><trkpt lat="35.0249" lon="-83.02319999999997"><ele>840.4341845378117</ele></trkpt><trkpt lat="35.02476" lon="-83.02301999999997"><ele>838.8298449352144</ele></trkpt><trkpt lat="35.02471" lon="-83.02289999999999"><ele>837.0</ele></trkpt><trkpt lat="35.02461" lon="-83.02273000000002"><ele>834.9932639093432</ele></trkpt><trkpt lat="35.0246" lon="-83.02262999999999"><ele>835.0</ele></trkpt><trkpt lat="35.02463" lon="-83.02256"><ele>833.206490390571</ele></trkpt><trkpt lat="35.02488" lon="-83.02267"><ele>830.0333904400468</ele></trkpt><trkpt lat="35.02492" lon="-83.02255000000002"><ele>827.6931172430674</ele></trkpt><trkpt lat="35.02491" lon="-83.02196000000004"><ele>826.0205782446944</ele></trkpt><trkpt lat="35.02484" lon="-83.02163999999999"><ele>828.0443587563932</ele></trkpt><trkpt lat="35.02496" lon="-83.02136999999999"><ele>824.7697386657819</ele></trkpt><trkpt lat="35.02496" lon="-83.02098999999998"><ele>819.8735038414598</ele></trkpt><trkpt lat="35.0249" lon="-83.02073999999999"><ele>820.2709474036828</ele></trkpt><trkpt lat="35.02463" lon="-83.02055999999999"><ele>825.0</ele></trkpt><trkpt lat="35.02463" lon="-83.02037999999999"><ele>824.6323946658522</ele></trkpt><trkpt lat="35.02481" lon="-83.02021000000002"><ele>820.807632444525</ele></trkpt><trkpt lat="35.02523" lon="-83.01992000000001"><ele>816.0465897548517</ele></trkpt><trkpt lat="35.02533" lon="-83.01968999999997"><ele>815.4061616146937</ele></trkpt><trkpt lat="35.02534" lon="-83.01945999999998"><ele>817.4991960674524</ele></trkpt><trkpt lat="35.02568" lon="-83.01913000000002"><ele>817.8504990042588</ele></trkpt><trkpt lat="35.02578" lon="-83.01891"><ele>817.597344918293</ele></trkpt><trkpt lat="35.02583" lon="-83.01866999999999"><ele>816.9634867429249</ele></trkpt><trkpt lat="35.02564" lon="-83.01821000000001"><ele>810.2843373197074</ele></trkpt><trkpt lat="35.02564" lon="-83.01821000000001"><ele>810.2843373197074</ele></trkpt><trkpt lat="35.02574" lon="-83.01806999999997"><ele>811.0</ele></trkpt><trkpt lat="35.0257" lon="-83.01754"><ele>812.0</ele></trkpt><trkpt lat="35.02565174479645" lon="-83.01748485119595"><ele>810.7787664299976</ele></trkpt><trkpt lat="35.025668034674815" lon="-83.01750346819131"><ele>811.1676372177899</ele></trkpt><trkpt lat="35.02563" lon="-83.01746000000003"><ele>810.0</ele></trkpt><trkpt lat="35.02556" lon="-83.01724999999999"><ele>805.0193796176463</ele></trkpt><trkpt lat="35.02557" lon="-83.01697999999999"><ele>800.0</ele></trkpt><trkpt lat="35.02563" lon="-83.01688999999999"><ele>797.9999587277385</ele></trkpt><trkpt lat="35.02564" lon="-83.01684"><ele>797.0</ele></trkpt><trkpt lat="35.02561" lon="-83.01666999999998"><ele>796.0</ele></trkpt><trkpt lat="35.02564" lon="-83.01661000000001"><ele>796.0</ele></trkpt><trkpt lat="35.0259" lon="-83.01645000000002"><ele>791.0</ele></trkpt><trkpt lat="35.02603" lon="-83.01630999999998"><ele>788.9566471101716</ele></trkpt><trkpt lat="35.02621" lon="-83.01603"><ele>782.9077013339847</ele></trkpt><trkpt lat="35.02629" lon="-83.01578999999998"><ele>776.7228906657547</ele></trkpt><trkpt lat="35.02623" lon="-83.01573000000002"><ele>774.0</ele></trkpt><trkpt lat="35.02621" lon="-83.01562999999999"><ele>771.002937271342</ele></trkpt><trkpt lat="35.02637" lon="-83.01540999999997"><ele>766.0015880783664</ele></trkpt><trkpt lat="35.02647" lon="-83.01522999999997"><ele>761.6249991105869</ele></trkpt><trkpt lat="35.0265" lon="-83.01510999999999"><ele>757.5175049006939</ele></trkpt><trkpt lat="35.02653" lon="-83.01506"><ele>756.7775911223143</ele></trkpt><trkpt lat="35.0267" lon="-83.01515999999998"><ele>748.1682522612588</ele></trkpt><trkpt lat="35.02671" lon="-83.01526000000001"><ele>747.5336579680443</ele></trkpt><trkpt lat="35.02699" lon="-83.01553000000001"><ele>753.0</ele></trkpt><trkpt lat="35.02708" lon="-83.01574"><ele>748.5233865752816</ele></trkpt><trkpt lat="35.02723" lon="-83.01574"><ele>755.023584281209</ele></trkpt><trkpt lat="35.02729" lon="-83.01591000000002"><ele>758.6403417832628</ele></trkpt><trkpt lat="35.0276" lon="-83.01575000000003"><ele>764.8587555568665</ele></trkpt><trkpt lat="35.02778130551512" lon="-83.01558212452301"><ele>760.0351912816986</ele></trkpt><trkpt lat="35.02778130551512" lon="-83.01558212452301"><ele>760.0351912816986</ele></trkpt><trkpt lat="35.02787" lon="-83.01549999999997"><ele>758.5907603281934</ele></trkpt><trkpt lat="35.02798" lon="-83.01544999999999"><ele>759.9686558617165</ele></trkpt><trkpt lat="35.02813" lon="-83.01522999999997"><ele>760.0</ele></trkpt><trkpt lat="35.02845" lon="-83.01501000000002"><ele>756.0</ele></trkpt><trkpt lat="35.02863" lon="-83.01472000000001"><ele>749.8572764452547</ele></trkpt><trkpt lat="35.02886" lon="-83.01454999999999"><ele>746.9347022213042</ele></trkpt><trkpt lat="35.02898" lon="-83.01459999999997"><ele>745.34434273839</ele></trkpt><trkpt lat="35.02917" lon="-83.01474999999999"><ele>741.6507553715567</ele></trkpt><trkpt lat="35.02931" lon="-83.01490999999999"><ele>744.0</ele></trkpt><trkpt lat="35.02946" lon="-83.01499000000001"><ele>743.0263187587261</ele></trkpt><trkpt lat="35.02962" lon="-83.01499000000001"><ele>736.4401884451509</ele></trkpt><trkpt lat="35.02977" lon="-83.01483999999999"><ele>738.0663387645036</ele></trkpt><trkpt lat="35.02986" lon="-83.01481999999999"><ele>739.8740123018431</ele></trkpt><trkpt lat="35.03" lon="-83.01490000000001"><ele>743.2458844454959</ele></trkpt><trkpt lat="35.03" lon="-83.01490000000001"><ele>743.2458844454959</ele></trkpt><trkpt lat="35.03064" lon="-83.01542"><ele>758.4796408889815</ele></trkpt><trkpt lat="35.03082" lon="-83.01548000000003"><ele>758.2758435569704</ele></trkpt><trkpt lat="35.030980466223006" lon="-83.01565934460217"><ele>753.8138970087189</ele></trkpt><trkpt lat="35.03100093917969" lon="-83.01567497235442"><ele>753.5704232972982</ele></trkpt><trkpt lat="35.03121" lon="-83.01576999999997"><ele>756.790823109448</ele></trkpt><trkpt lat="35.03136" lon="-83.01580000000001"><ele>758.020611752121</ele></trkpt><trkpt lat="35.03146" lon="-83.01560999999998"><ele>756.8671947112798</ele></trkpt><trkpt lat="35.0316" lon="-83.01558999999997"><ele>760.0</ele></trkpt><trkpt lat="35.0318" lon="-83.01569999999998"><ele>762.8486544582993</ele></trkpt><trkpt lat="35.032" lon="-83.01591000000002"><ele>750.315296000801</ele></trkpt><trkpt lat="35.03224" lon="-83.01592"><ele>746.7813297770917</ele></trkpt><trkpt lat="35.03244" lon="-83.01587999999998"><ele>746.8821406762958</ele></trkpt><trkpt lat="35.03254" lon="-83.01589000000001"><ele>751.4859921488058</ele></trkpt><trkpt lat="35.03264" lon="-83.01585999999998"><ele>753.9851271100342</ele></trkpt><trkpt lat="35.03265" lon="-83.01580999999999"><ele>752.1837498284876</ele></trkpt><trkpt lat="35.03281" lon="-83.01569999999998"><ele>752.1637773318216</ele></trkpt><trkpt lat="35.03286" lon="-83.01573000000002"><ele>755.8886349694403</ele></trkpt><trkpt lat="35.033" lon="-83.01562999999999"><ele>754.2663502218202</ele></trkpt><trkpt lat="35.033" lon="-83.01562999999999"><ele>754.2663502218202</ele></trkpt><trkpt lat="35.03314" lon="-83.01553999999999"><ele>746.684908521851</ele></trkpt><trkpt lat="35.03339" lon="-83.01551"><ele>741.9124966458312</ele></trkpt><trkpt lat="35.03362" lon="-83.01558999999997"><ele>741.8044302202761</ele></trkpt><trkpt lat="35.03365" lon="-83.01548000000003"><ele>732.9542614608018</ele></trkpt><trkpt lat="35.03362" lon="-83.01540999999997"><ele>729.2870207584591</ele></trkpt><trkpt lat="35.03356" lon="-83.01542999999998"><ele>730.9456746652722</ele></trkpt><trkpt lat="35.03346" lon="-83.01542999999998"><ele>731.2954606538158</ele></trkpt><trkpt lat="35.03337" lon="-83.01535999999999"><ele>731.0149832545018</ele></trkpt><trkpt lat="35.03306" lon="-83.01526999999999"><ele>731.4196436446126</ele></trkpt><trkpt lat="35.03267" lon="-83.01526000000001"><ele>721.7132914066315</ele></trkpt><trkpt lat="35.03244" lon="-83.0154"><ele>719.1242432352155</ele></trkpt><trkpt lat="35.03245" lon="-83.01533999999998"><ele>715.897188522853</ele></trkpt><trkpt lat="35.03266" lon="-83.01508000000001"><ele>711.2689848896116</ele></trkpt><trkpt lat="35.0328" lon="-83.01497999999998"><ele>705.9741546660662</ele></trkpt><trkpt lat="35.0329" lon="-83.01499000000001"><ele>704.456292782861</ele></trkpt><trkpt lat="35.03297" lon="-83.01494000000002"><ele>701.110019557178</ele></trkpt><trkpt lat="35.03289" lon="-83.01492999999999"><ele>700.7653106886033</ele></trkpt><trkpt lat="35.03275" lon="-83.01485000000002"><ele>697.9157155565917</ele></trkpt><trkpt lat="35.03247" lon="-83.01490999999999"><ele>694.0</ele></trkpt><trkpt lat="35.03234" lon="-83.01441"><ele>687.5927442785161</ele></trkpt><trkpt lat="35.03202" lon="-83.01436999999999"><ele>691.546094221063</ele></trkpt><trkpt lat="35.03198" lon="-83.01425999999998"><ele>688.0237834798172</ele></trkpt><trkpt lat="35.03187" lon="-83.01418999999999"><ele>689.1574862217531</ele></trkpt><trkpt lat="35.03182" lon="-83.01396"><ele>684.1490767225623</ele></trkpt><trkpt lat="35.03171" lon="-83.01382000000001"><ele>684.9684507744141</ele></trkpt><trkpt lat="35.03161" lon="-83.01372000000003"><ele>686.4220729511204</ele></trkpt><trkpt lat="35.0315" lon="-83.01368000000002"><ele>682.8265598267014</ele></trkpt><trkpt lat="35.03141" lon="-83.01373000000001"><ele>681.7072743372293</ele></trkpt><trkpt lat="35.03142" lon="-83.01366999999999"><ele>679.4077125995615</ele></trkpt><trkpt lat="35.03151" lon="-83.0136"><ele>678.3229866661131</ele></trkpt><trkpt lat="35.03165" lon="-83.01354000000003"><ele>672.8652906678617</ele></trkpt><trkpt lat="35.03179" lon="-83.01357000000002"><ele>669.6811898890883</ele></trkpt><trkpt lat="35.03195" lon="-83.01378"><ele>668.0156062974828</ele></trkpt><trkpt lat="35.03219" lon="-83.01400000000001"><ele>668.757394311075</ele></trkpt><trkpt lat="35.0327" lon="-83.01427999999999"><ele>670.351790221408</ele></trkpt><trkpt lat="35.03283" lon="-83.01425999999998"><ele>670.4197226660326</ele></trkpt><trkpt lat="35.03299" lon="-83.01432"><ele>669.3360144179314</ele></trkpt><trkpt lat="35.03323" lon="-83.01445999999999"><ele>669.6003241072376</ele></trkpt><trkpt lat="35.03353" lon="-83.01447999999999"><ele>664.25943255887</ele></trkpt><trkpt lat="35.03361" lon="-83.01443"><ele>660.3422968890518</ele></trkpt><trkpt lat="35.03381" lon="-83.01441"><ele>653.8596406402066</ele></trkpt><trkpt lat="35.03397" lon="-83.01434999999998"><ele>646.6140266656876</ele></trkpt><trkpt lat="35.03385" lon="-83.01423999999997"><ele>644.3148742113262</ele></trkpt><trkpt lat="35.03382" lon="-83.01418999999999"><ele>642.1574862217531</ele></trkpt><trkpt lat="35.03383" lon="-83.01408000000004"><ele>641.0311146685854</ele></trkpt><trkpt lat="35.03383" lon="-83.01408000000004"><ele>641.0311146685854</ele></trkpt><trkpt lat="35.03381" lon="-83.01387999999997"><ele>641.4494113065302</ele></trkpt><trkpt lat="35.03381" lon="-83.01387999999997"><ele>641.4494113065302</ele></trkpt><trkpt lat="35.03379" lon="-83.01368000000002"><ele>646.0</ele></trkpt><trkpt lat="35.03367" lon="-83.01330999999999"><ele>642.0</ele></trkpt><trkpt lat="35.03348" lon="-83.0129"><ele>640.9909389370252</ele></trkpt><trkpt lat="35.03345" lon="-83.0127"><ele>641.0</ele></trkpt><trkpt lat="35.03345" lon="-83.0127"><ele>641.0</ele></trkpt><trkpt lat="35.03341" lon="-83.01265000000001"><ele>642.0</ele></trkpt><trkpt lat="35.0333" lon="-83.01261999999997"><ele>639.9953237116674</ele></trkpt><trkpt lat="35.03317" lon="-83.01265999999998"><ele>639.0</ele></trkpt><trkpt lat="35.03296" lon="-83.01258000000001"><ele>636.0</ele></trkpt><trkpt lat="35.03273" lon="-83.01240000000001"><ele>637.2625599997118</ele></trkpt><trkpt lat="35.03235" lon="-83.01227"><ele>633.0</ele></trkpt><trkpt lat="35.03197" lon="-83.01207999999997"><ele>630.0</ele></trkpt><trkpt lat="35.03154" lon="-83.01164"><ele>626.0</ele></trkpt><trkpt lat="35.03119" lon="-83.01141999999999"><ele>626.4337237533182</ele></trkpt><trkpt lat="35.03105" lon="-83.01128"><ele>627.7106368897156</ele></trkpt><trkpt lat="35.03014" lon="-83.01093000000003"><ele>620.2885623413191</ele></trkpt><trkpt lat="35.03" lon="-83.01090999999997"><ele>616.10983575508</ele></trkpt><trkpt lat="35.03" lon="-83.01090999999997"><ele>616.10983575508</ele></trkpt><trkpt lat="35.02994" lon="-83.01089999999999"><ele>613.4594923118129</ele></trkpt><trkpt lat="35.02968" lon="-83.01062000000002"><ele>612.0984699593296</ele></trkpt><trkpt lat="35.02934" lon="-83.00986999999998"><ele>608.1441602054983</ele></trkpt><trkpt lat="35.02923" lon="-83.00952999999998"><ele>608.8837747331709</ele></trkpt><trkpt lat="35.0291" lon="-83.0093"><ele>608.2181793265045</ele></trkpt><trkpt lat="35.02901" lon="-83.00922000000003"><ele>606.9917961826893</ele></trkpt><trkpt lat="35.02897" lon="-83.00914999999998"><ele>608.8100712466985</ele></trkpt><trkpt lat="35.02884" lon="-83.00905"><ele>613.5754774553905</ele></trkpt><trkpt lat="35.02877661361969" lon="-83.00905975175078"><ele>611.9294110294431</ele></trkpt><trkpt lat="35.028788418365636" lon="-83.00905793563987"><ele>612.024616230839</ele></trkpt><trkpt lat="35.02871" lon="-83.00907000000001"><ele>609.4518079999834</ele></trkpt><trkpt lat="35.02836" lon="-83.00889000000001"><ele>604.2105297148228</ele></trkpt><trkpt lat="35.02821" lon="-83.00873999999999"><ele>602.6642515417188</ele></trkpt><trkpt lat="35.02798" lon="-83.00871000000001"><ele>600.0</ele></trkpt><trkpt lat="35.0274" lon="-83.00810000000001"><ele>596.3429155563936</ele></trkpt><trkpt lat="35.02736" lon="-83.00783999999999"><ele>596.0</ele></trkpt><trkpt lat="35.02742" lon="-83.0075"><ele>595.0</ele></trkpt><trkpt lat="35.02758" lon="-83.00724000000002"><ele>597.0</ele></trkpt><trkpt lat="35.02773" lon="-83.00673999999998"><ele>600.0</ele></trkpt><trkpt lat="35.02773" lon="-83.00644"><ele>600.0</ele></trkpt><trkpt lat="35.02764" lon="-83.00580000000002"><ele>599.3326097507602</ele></trkpt><trkpt lat="35.02745" lon="-83.00551999999999"><ele>599.4743255414069</ele></trkpt><trkpt lat="35.02723" lon="-83.00533999999999"><ele>604.5817737325061</ele></trkpt><trkpt lat="35.02701" lon="-83.00522999999998"><ele>602.9483927506953</ele></trkpt><trkpt lat="35.02692" lon="-83.00512000000003"><ele>603.3704019952565</ele></trkpt><trkpt lat="35.02681" lon="-83.00473999999997"><ele>614.6462933104485</ele></trkpt><trkpt lat="35.02667" lon="-83.00458000000003"><ele>615.1899104919285</ele></trkpt><trkpt lat="35.02648" lon="-83.00421"><ele>605.5883687374721</ele></trkpt><trkpt lat="35.02615" lon="-83.00405"><ele>607.4007644439116</ele></trkpt><trkpt lat="35.02587" lon="-83.00398999999999"><ele>603.1302964285094</ele></trkpt><trkpt lat="35.0255" lon="-83.00376"><ele>605.0</ele></trkpt><trkpt lat="35.02517" lon="-83.00344999999999"><ele>598.5253990267377</ele></trkpt><trkpt lat="35.02498" lon="-83.00322"><ele>592.0116956625134</ele></trkpt><trkpt lat="35.02478" lon="-83.00317000000001"><ele>592.0</ele></trkpt><trkpt lat="35.02462" lon="-83.00322"><ele>590.0</ele></trkpt><trkpt lat="35.02441" lon="-83.00304"><ele>589.0</ele></trkpt><trkpt lat="35.02403" lon="-83.00293999999997"><ele>586.0</ele></trkpt><trkpt lat="35.02356" lon="-83.00292000000002"><ele>583.0</ele></trkpt><trkpt lat="35.02322" lon="-83.00297999999998"><ele>581.0</ele></trkpt><trkpt lat="35.02303" lon="-83.00265999999999"><ele>581.0</ele></trkpt><trkpt lat="35.02256" lon="-83.00216"><ele>579.0</ele></trkpt><trkpt lat="35.02251" lon="-83.00206000000003"><ele>579.0</ele></trkpt><trkpt lat="35.0222" lon="-83.00176999999996"><ele>578.0</ele></trkpt><trkpt lat="35.02194" lon="-83.00148999999999"><ele>577.0</ele></trkpt><trkpt lat="35.02163" lon="-83.00135999999998"><ele>576.0</ele></trkpt><trkpt lat="35.02147" lon="-83.00123000000002"><ele>576.0</ele></trkpt><trkpt lat="35.02113" lon="-83.00085000000001"><ele>575.0</ele></trkpt><trkpt lat="35.02106" lon="-83.00056999999998"><ele>574.3907126912953</ele></trkpt><trkpt lat="35.02093" lon="-83.00040999999999"><ele>574.0</ele></trkpt><trkpt lat="35.02069" lon="-82.99995999999999"><ele>573.0</ele></trkpt><trkpt lat="35.02061" lon="-82.99957"><ele>573.0</ele></trkpt><trkpt lat="35.02043" lon="-82.99900000000002"><ele>572.0</ele></trkpt><trkpt lat="35.0201" lon="-82.99867"><ele>571.0</ele></trkpt><trkpt lat="35.02005897454182" lon="-82.99862134189846"><ele>571.0</ele></trkpt><trkpt lat="35.02007300668188" lon="-82.99863798459035"><ele>571.0</ele></trkpt><trkpt lat="35.01967" lon="-82.99815999999998"><ele>570.0875951443923</ele></trkpt><trkpt lat="35.01933" lon="-82.99732"><ele>569.0</ele></trkpt><trkpt lat="35.01906" lon="-82.99700000000001"><ele>568.0</ele></trkpt><trkpt lat="35.01906" lon="-82.99700000000001"><ele>568.0</ele></trkpt><trkpt lat="35.01951" lon="-82.99693000000002"><ele>568.8424610718266</ele></trkpt><trkpt lat="35.01959" lon="-82.99687"><ele>569.0</ele></trkpt><trkpt lat="35.01959" lon="-82.99687"><ele>569.0</ele></trkpt><trkpt lat="35.01962" lon="-82.99685"><ele>569.0</ele></trkpt><trkpt lat="35.01962" lon="-82.99685"><ele>569.0</ele></trkpt><trkpt lat="35.01998" lon="-82.99662000000001"><ele>572.0</ele></trkpt><trkpt lat="35.02009" lon="-82.99648000000002"><ele>572.5942071903655</ele></trkpt><trkpt lat="35.0203" lon="-82.9964"><ele>577.0569091055061</ele></trkpt><trkpt lat="35.02034" lon="-82.99644999999998"><ele>579.0</ele></trkpt><trkpt lat="35.02033" lon="-82.99657000000002"><ele>581.0</ele></trkpt><trkpt lat="35.02038" lon="-82.99671000000001"><ele>582.0</ele></trkpt><trkpt lat="35.02053" lon="-82.99679000000003"><ele>585.0</ele></trkpt><trkpt lat="35.02088" lon="-82.99676999999997"><ele>594.688194302842</ele></trkpt><trkpt lat="35.02132" lon="-82.99640999999997"><ele>603.1229025600613</ele></trkpt><trkpt lat="35.02157" lon="-82.99617"><ele>606.0</ele></trkpt><trkpt lat="35.0219" lon="-82.99617"><ele>608.0</ele></trkpt><trkpt lat="35.02221" lon="-82.99621000000002"><ele>611.0</ele></trkpt><trkpt lat="35.02226" lon="-82.99619000000001"><ele>612.0</ele></trkpt><trkpt lat="35.02242" lon="-82.99626999999998"><ele>615.3254056721926</ele></trkpt><trkpt lat="35.0229" lon="-82.99619999999999"><ele>621.0</ele></trkpt><trkpt lat="35.023" lon="-82.99615"><ele>621.0</ele></trkpt><trkpt lat="35.0231" lon="-82.99604"><ele>621.0</ele></trkpt><trkpt lat="35.02311" lon="-82.99583999999999"><ele>621.0</ele></trkpt><trkpt lat="35.02357" lon="-82.99525"><ele>627.7698544003069</ele></trkpt><trkpt lat="35.02398" lon="-82.99491999999998"><ele>638.2015324873383</ele></trkpt><trkpt lat="35.02412" lon="-82.99484000000001"><ele>638.4518249966204</ele></trkpt><trkpt lat="35.02428" lon="-82.99481000000003"><ele>642.1751475837082</ele></trkpt><trkpt lat="35.02428" lon="-82.99481000000003"><ele>642.1751475837082</ele></trkpt><trkpt lat="35.02432" lon="-82.99457000000001"><ele>643.0</ele></trkpt><trkpt lat="35.02445" lon="-82.99454000000003"><ele>642.491121747145</ele></trkpt><trkpt lat="35.02453" lon="-82.99462"><ele>645.1293831113726</ele></trkpt><trkpt lat="35.0247" lon="-82.99460999999997"><ele>647.7403848320246</ele></trkpt><trkpt lat="35.0251" lon="-82.99430999999998"><ele>648.682335998863</ele></trkpt><trkpt lat="35.02517" lon="-82.99432000000002"><ele>648.8505660249265</ele></trkpt><trkpt lat="35.02517" lon="-82.99432000000002"><ele>648.8505660249265</ele></trkpt><trkpt lat="35.02532" lon="-82.99423000000002"><ele>651.9706479970589</ele></trkpt><trkpt lat="35.02542" lon="-82.99412000000001"><ele>651.0430286656557</ele></trkpt><trkpt lat="35.02555" lon="-82.99387000000002"><ele>650.0796318537236</ele></trkpt><trkpt lat="35.02563" lon="-82.99379999999996"><ele>650.0</ele></trkpt><trkpt lat="35.02567059051965" lon="-82.99381804023096"><ele>650.7553490325809</ele></trkpt><trkpt lat="35.02567059051965" lon="-82.99381804023096"><ele>650.7553490325809</ele></trkpt><trkpt lat="35.02572" lon="-82.99383999999998"><ele>650.6537596266717</ele></trkpt><trkpt lat="35.02585" lon="-82.99392"><ele>649.249036895822</ele></trkpt><trkpt lat="35.02599" lon="-82.99396999999999"><ele>650.0</ele></trkpt><trkpt lat="35.02611" lon="-82.99396000000002"><ele>651.6911396840587</ele></trkpt><trkpt lat="35.02613" lon="-82.99394999999998"><ele>651.9051199993119</ele></trkpt><trkpt lat="35.02625" lon="-82.99392"><ele>653.5070186676458</ele></trkpt><trkpt lat="35.02655" lon="-82.99374"><ele>657.1184106664732</ele></trkpt><trkpt lat="35.02668" lon="-82.99374999999998"><ele>659.5844444436952</ele></trkpt><trkpt lat="35.02698" lon="-82.99392"><ele>658.3393027270213</ele></trkpt><trkpt lat="35.02698" lon="-82.99392"><ele>658.3393027270213</ele></trkpt><trkpt lat="35.02704" lon="-82.99392"><ele>660.7539633987471</ele></trkpt><trkpt lat="35.02704" lon="-82.99392"><ele>660.7539633987471</ele></trkpt><trkpt lat="35.02707" lon="-82.99391000000003"><ele>661.9561500030978</ele></trkpt><trkpt lat="35.02726" lon="-82.99356999999998"><ele>664.1502826649173</ele></trkpt><trkpt lat="35.02745" lon="-82.99331999999998"><ele>667.3163822596064</ele></trkpt><trkpt lat="35.02754" lon="-82.99326000000002"><ele>667.7487893346697</ele></trkpt><trkpt lat="35.02778" lon="-82.99329"><ele>667.0938191943594</ele></trkpt><trkpt lat="35.02803" lon="-82.99340000000001"><ele>666.2732622222975</ele></trkpt><trkpt lat="35.02832" lon="-82.99342999999999"><ele>668.6084996041512</ele></trkpt><trkpt lat="35.02852" lon="-82.99358000000001"><ele>667.0</ele></trkpt><trkpt lat="35.02863" lon="-82.99373000000003"><ele>663.611257199198</ele></trkpt><trkpt lat="35.02862" lon="-82.99387999999999"><ele>663.8327554482967</ele></trkpt><trkpt lat="35.0287" lon="-82.99394999999998"><ele>663.9051199993119</ele></trkpt><trkpt lat="35.02896" lon="-82.99383"><ele>671.1618016152654</ele></trkpt><trkpt lat="35.02919" lon="-82.99363"><ele>669.9920391114429</ele></trkpt><trkpt lat="35.02929" lon="-82.99367999999998"><ele>670.2260194376167</ele></trkpt><trkpt lat="35.02935" lon="-82.99374999999998"><ele>667.28671342507</ele></trkpt><trkpt lat="35.02951" lon="-82.99464999999998"><ele>646.180682035163</ele></trkpt><trkpt lat="35.02958" lon="-82.99477999999999"><ele>646.0</ele></trkpt><trkpt lat="35.0297" lon="-82.99481000000003"><ele>646.9840248906985</ele></trkpt><trkpt lat="35.02981" lon="-82.99473999999998"><ele>645.721788443625</ele></trkpt><trkpt lat="35.03" lon="-82.99446"><ele>642.9040283883193</ele></trkpt><trkpt lat="35.03" lon="-82.99446"><ele>642.9040283883193</ele></trkpt><trkpt lat="35.03026" lon="-82.99401999999998"><ele>635.1673564435914</ele></trkpt><trkpt lat="35.03028" lon="-82.99376999999998"><ele>627.6894347093219</ele></trkpt><trkpt lat="35.0304487265703" lon="-82.99351691014454"><ele>620.7548628654331</ele></trkpt><trkpt lat="35.03044791473567" lon="-82.99351812822329"><ele>620.8010671380907</ele></trkpt><trkpt lat="35.03066" lon="-82.9932"><ele>622.9179485267681</ele></trkpt><trkpt lat="35.03093" lon="-82.99248"><ele>607.1448774754059</ele></trkpt><trkpt lat="35.031" lon="-82.99221999999997"><ele>607.8931406040206</ele></trkpt><trkpt lat="35.03107" lon="-82.99184000000002"><ele>607.8305340779145</ele></trkpt><trkpt lat="35.03157" lon="-82.99119999999999"><ele>609.0610642712563</ele></trkpt><trkpt lat="35.03179" lon="-82.99072000000001"><ele>604.9584118900821</ele></trkpt><trkpt lat="35.03179" lon="-82.99072000000001"><ele>604.9584118900821</ele></trkpt><trkpt lat="35.03194" lon="-82.99047999999999"><ele>605.0228455646529</ele></trkpt><trkpt lat="35.03203" lon="-82.99044000000004"><ele>609.2416636496782</ele></trkpt><trkpt lat="35.03223" lon="-82.99022000000002"><ele>613.6525556184083</ele></trkpt><trkpt lat="35.0324" lon="-82.99002000000002"><ele>618.0</ele></trkpt><trkpt lat="35.03251" lon="-82.98984000000002"><ele>618.0</ele></trkpt><trkpt lat="35.0326" lon="-82.98984000000002"><ele>617.3652373338118</ele></trkpt><trkpt lat="35.03295" lon="-82.98990000000003"><ele>607.1614400018007</ele></trkpt><trkpt lat="35.03324" lon="-82.98981000000003"><ele>607.0</ele></trkpt><trkpt lat="35.03338" lon="-82.98989"><ele>600.1508293878287</ele></trkpt><trkpt lat="35.03335" lon="-82.99009999999998"><ele>592.1484653381631</ele></trkpt><trkpt lat="35.03344" lon="-82.99043"><ele>589.646959522739</ele></trkpt><trkpt lat="35.03344" lon="-82.99059"><ele>589.8259604126215</ele></trkpt><trkpt lat="35.03349" lon="-82.99072000000001"><ele>588.7894174325472</ele></trkpt><trkpt lat="35.03349" lon="-82.99072000000001"><ele>588.7894174325472</ele></trkpt><trkpt lat="35.0335" lon="-82.99077"><ele>589.065876292568</ele></trkpt><trkpt lat="35.03374" lon="-82.99097"><ele>588.0270542223006</ele></trkpt><trkpt lat="35.03395" lon="-82.99083999999999"><ele>593.0</ele></trkpt><trkpt lat="35.03413" lon="-82.99077"><ele>590.5394353566385</ele></trkpt><trkpt lat="35.03418" lon="-82.99072000000001"><ele>591.3801767318052</ele></trkpt><trkpt lat="35.03418" lon="-82.99072000000001"><ele>591.3801767318052</ele></trkpt><trkpt lat="35.03428" lon="-82.99038999999999"><ele>594.2981614591554</ele></trkpt><trkpt lat="35.03461" lon="-82.99023"><ele>595.5788763356677</ele></trkpt><trkpt lat="35.03477" lon="-82.99011000000002"><ele>592.7679763002101</ele></trkpt><trkpt lat="35.03481" lon="-82.98995000000002"><ele>595.7378166997269</ele></trkpt><trkpt lat="35.03479" lon="-82.98968000000002"><ele>597.2983746626684</ele></trkpt><trkpt lat="35.03489" lon="-82.98950000000002"><ele>596.5200888896361</ele></trkpt><trkpt lat="35.03532" lon="-82.98933"><ele>597.0</ele></trkpt><trkpt lat="35.03586" lon="-82.98969999999997"><ele>598.9634822029792</ele></trkpt><trkpt lat="35.03606" lon="-82.98973000000001"><ele>595.8516464345157</ele></trkpt><trkpt lat="35.03619" lon="-82.98969999999997"><ele>601.012037275359</ele></trkpt><trkpt lat="35.03622" lon="-82.98939000000001"><ele>596.4362565735294</ele></trkpt><trkpt lat="35.03621" lon="-82.98917"><ele>598.1503854896873</ele></trkpt><trkpt lat="35.03628" lon="-82.9889"><ele>596.6926686661318</ele></trkpt><trkpt lat="35.0364" lon="-82.98882000000003"><ele>596.8297920012847</ele></trkpt><trkpt lat="35.03668" lon="-82.98883999999998"><ele>592.7618595547974</ele></trkpt><trkpt lat="35.03683" lon="-82.98882000000003"><ele>592.3645428865066</ele></trkpt><trkpt lat="35.03707" lon="-82.98867000000001"><ele>592.0</ele></trkpt><trkpt lat="35.03721" lon="-82.98851000000002"><ele>591.424811778996</ele></trkpt><trkpt lat="35.0372" lon="-82.98837000000003"><ele>590.5696885173036</ele></trkpt><trkpt lat="35.03713" lon="-82.98827"><ele>589.0</ele></trkpt><trkpt lat="35.03707" lon="-82.98811"><ele>589.0996223650873</ele></trkpt><trkpt lat="35.03705" lon="-82.98783000000003"><ele>586.6656240672609</ele></trkpt><trkpt lat="35.03714" lon="-82.98768999999999"><ele>585.1679751109332</ele></trkpt><trkpt lat="35.03723" lon="-82.98762999999997"><ele>582.49848979067</ele></trkpt><trkpt lat="35.03744" lon="-82.98774000000003"><ele>579.4181801422092</ele></trkpt><trkpt lat="35.03756" lon="-82.98777000000001"><ele>580.0</ele></trkpt><trkpt lat="35.0377" lon="-82.98755"><ele>579.6165466772026</ele></trkpt><trkpt lat="35.0379" lon="-82.98737"><ele>577.2548942221329</ele></trkpt><trkpt lat="35.0379" lon="-82.98737"><ele>577.2548942221329</ele></trkpt><trkpt lat="35.03793" lon="-82.98734000000002"><ele>576.9929292338661</ele></trkpt><trkpt lat="35.03793" lon="-82.98734000000002"><ele>576.9929292338661</ele></trkpt><trkpt lat="35.03799" lon="-82.9873"><ele>575.9926577778533</ele></trkpt><trkpt lat="35.03809" lon="-82.98732000000001"><ele>575.0</ele></trkpt><trkpt lat="35.03822" lon="-82.98734999999999"><ele>574.6236255072815</ele></trkpt><trkpt lat="35.03838" lon="-82.98744999999997"><ele>574.0168355563655</ele></trkpt><trkpt lat="35.03838" lon="-82.98744999999997"><ele>574.0168355563655</ele></trkpt><trkpt lat="35.03844" lon="-82.98741999999999"><ele>575.0</ele></trkpt><trkpt lat="35.03844" lon="-82.98741999999999"><ele>575.0</ele></trkpt><trkpt lat="35.03849" lon="-82.98732000000001"><ele>575.9296362709196</ele></trkpt><trkpt lat="35.03865" lon="-82.98716000000002"><ele>577.4846490218926</ele></trkpt><trkpt lat="35.03863" lon="-82.98705000000001"><ele>576.0</ele></trkpt><trkpt lat="35.03828" lon="-82.98669000000001"><ele>585.9835886356038</ele></trkpt><trkpt lat="35.03773" lon="-82.98626000000002"><ele>594.4748551109806</ele></trkpt><trkpt lat="35.03757" lon="-82.98622999999998"><ele>592.4877363391042</ele></trkpt><trkpt lat="35.03739" lon="-82.98629"><ele>588.0</ele></trkpt><trkpt lat="35.03712" lon="-82.98642000000001"><ele>583.0</ele></trkpt><trkpt lat="35.03696" lon="-82.98662000000002"><ele>578.6976391104981</ele></trkpt><trkpt lat="35.03683" lon="-82.98666000000003"><ele>576.833503998816</ele></trkpt><trkpt lat="35.03672" lon="-82.98665"><ele>576.0</ele></trkpt><trkpt lat="35.03666" lon="-82.98658999999998"><ele>574.9773376636374</ele></trkpt><trkpt lat="35.03664" lon="-82.98647"><ele>573.6249395329505</ele></trkpt><trkpt lat="35.03673" lon="-82.9862"><ele>570.5449112166826</ele></trkpt><trkpt lat="35.0369" lon="-82.98595"><ele>566.0780977774411</ele></trkpt><trkpt lat="35.03699" lon="-82.98559"><ele>561.8470650287345</ele></trkpt><trkpt lat="35.03722" lon="-82.98514"><ele>557.7567814617801</ele></trkpt><trkpt lat="35.03733" lon="-82.98502000000002"><ele>557.6620302876993</ele></trkpt><trkpt lat="35.03735" lon="-82.98491999999999"><ele>555.1133130425587</ele></trkpt><trkpt lat="35.03741" lon="-82.98482999999999"><ele>555.9354835277579</ele></trkpt><trkpt lat="35.03741" lon="-82.98471999999998"><ele>554.0</ele></trkpt><trkpt lat="35.03717" lon="-82.98473000000001"><ele>547.0</ele></trkpt><trkpt lat="35.03712" lon="-82.98462999999998"><ele>545.9455240741372</ele></trkpt><trkpt lat="35.03712" lon="-82.98457000000002"><ele>545.0</ele></trkpt><trkpt lat="35.03718" lon="-82.9844"><ele>542.8428622214124</ele></trkpt><trkpt lat="35.03731" lon="-82.98432000000003"><ele>540.1145920017734</ele></trkpt><trkpt lat="35.03754" lon="-82.98437000000001"><ele>536.0661950093206</ele></trkpt><trkpt lat="35.03765" lon="-82.98433"><ele>537.1121892761439</ele></trkpt><trkpt lat="35.03761" lon="-82.98415"><ele>536.8354529999197</ele></trkpt><trkpt lat="35.0375" lon="-82.98396000000002"><ele>535.5744339879602</ele></trkpt><trkpt lat="35.03745" lon="-82.98367999999999"><ele>533.7285190448165</ele></trkpt><trkpt lat="35.03748" lon="-82.98354"><ele>533.2000251365826</ele></trkpt><trkpt lat="35.03755" lon="-82.98342000000002"><ele>531.1715520005673</ele></trkpt><trkpt lat="35.03796" lon="-82.98336999999998"><ele>533.8413831107318</ele></trkpt><trkpt lat="35.03818" lon="-82.98352999999997"><ele>526.0188734140247</ele></trkpt><trkpt lat="35.0384" lon="-82.98361"><ele>521.0052073022243</ele></trkpt><trkpt lat="35.03874" lon="-82.98356999999999"><ele>521.3157404307276</ele></trkpt><trkpt lat="35.03881" lon="-82.98347000000001"><ele>522.1380260773003</ele></trkpt><trkpt lat="35.03888217889879" lon="-82.98318930428252"><ele>516.6667474769056</ele></trkpt><trkpt lat="35.03888547860514" lon="-82.9831764721173"><ele>516.2565421434119</ele></trkpt><trkpt lat="35.0389" lon="-82.98311999999999"><ele>515.049684766529</ele></trkpt><trkpt lat="35.03902" lon="-82.98291999999998"><ele>507.7906364154052</ele></trkpt><trkpt lat="35.03906" lon="-82.98279000000002"><ele>504.2984864253036</ele></trkpt><trkpt lat="35.03901" lon="-82.98275999999998"><ele>504.0</ele></trkpt><trkpt lat="35.03841" lon="-82.98284000000001"><ele>498.37039026245475</ele></trkpt><trkpt lat="35.03825" lon="-82.98282"><ele>496.0</ele></trkpt><trkpt lat="35.03825" lon="-82.98282"><ele>496.0</ele></trkpt><trkpt lat="35.03828" lon="-82.98259000000002"><ele>495.0</ele></trkpt><trkpt lat="35.03828" lon="-82.98259000000002"><ele>495.0</ele></trkpt><trkpt lat="35.03838" lon="-82.98248999999998"><ele>498.3391786683351</ele></trkpt><trkpt lat="35.0386" lon="-82.98239000000001"><ele>503.6598542202264</ele></trkpt><trkpt lat="35.03873" lon="-82.98223000000002"><ele>511.7035201332977</ele></trkpt><trkpt lat="35.03842" lon="-82.98184000000003"><ele>523.4617848871276</ele></trkpt><trkpt lat="35.03828" lon="-82.98178000000001"><ele>523.5159751102328</ele></trkpt><trkpt lat="35.03817" lon="-82.98163999999997"><ele>531.7193440141198</ele></trkpt><trkpt lat="35.03816" lon="-82.98156"><ele>534.6514051463455</ele></trkpt><trkpt lat="35.03837" lon="-82.98158000000001"><ele>534.1573262214661</ele></trkpt><trkpt lat="35.0385" lon="-82.98148000000003"><ele>543.7320994902402</ele></trkpt><trkpt lat="35.03852" lon="-82.98140999999998"><ele>549.1327163372189</ele></trkpt><trkpt lat="35.03841" lon="-82.98126000000002"><ele>555.6738811873048</ele></trkpt><trkpt lat="35.0384" lon="-82.98109"><ele>558.718834663224</ele></trkpt><trkpt lat="35.03853" lon="-82.98082999999997"><ele>561.6694728592411</ele></trkpt><trkpt lat="35.03858" lon="-82.98076000000003"><ele>562.253188979812</ele></trkpt><trkpt lat="35.03891" lon="-82.98061000000001"><ele>567.0460128923878</ele></trkpt><trkpt lat="35.03894" lon="-82.98068"><ele>570.4782968899235</ele></trkpt><trkpt lat="35.03879" lon="-82.98090000000002"><ele>573.9999036160258</ele></trkpt><trkpt lat="35.03875" lon="-82.98106999999999"><ele>576.4724804651778</ele></trkpt><trkpt lat="35.03876" lon="-82.98113999999998"><ele>576.0841493345797</ele></trkpt><trkpt lat="35.03926" lon="-82.98088000000001"><ele>588.8016547673119</ele></trkpt><trkpt lat="35.0394" lon="-82.98073999999997"><ele>591.7255004458129</ele></trkpt><trkpt lat="35.03946" lon="-82.98059999999998"><ele>594.8982423869329</ele></trkpt><trkpt lat="35.03939" lon="-82.98040000000003"><ele>598.0863368850002</ele></trkpt><trkpt lat="35.0394" lon="-82.98032"><ele>599.7204923480749</ele></trkpt><trkpt lat="35.0395" lon="-82.98016000000001"><ele>603.4124598186463</ele></trkpt><trkpt lat="35.03954" lon="-82.97974999999997"><ele>606.4211187703138</ele></trkpt><trkpt lat="35.03965" lon="-82.97959000000003"><ele>608.5972970792947</ele></trkpt><trkpt lat="35.03982" lon="-82.97942999999998"><ele>609.140450567666</ele></trkpt><trkpt lat="35.03992" lon="-82.97938999999997"><ele>610.0</ele></trkpt><trkpt lat="35.04043" lon="-82.97928000000002"><ele>616.0</ele></trkpt><trkpt lat="35.04053" lon="-82.97932000000003"><ele>617.0977031122893</ele></trkpt><trkpt lat="35.04069" lon="-82.97928000000002"><ele>619.3809754112735</ele></trkpt><trkpt lat="35.04082" lon="-82.97920999999997"><ele>623.078482592958</ele></trkpt><trkpt lat="35.04087" lon="-82.97910999999999"><ele>622.3931156359613</ele></trkpt><trkpt lat="35.04104" lon="-82.97908999999999"><ele>625.8274910170585</ele></trkpt><trkpt lat="35.04109" lon="-82.97904"><ele>624.9644358959049</ele></trkpt><trkpt lat="35.04112" lon="-82.97883000000002"><ele>630.9012874069754</ele></trkpt><trkpt lat="35.0409" lon="-82.97845999999998"><ele>632.0819376474246</ele></trkpt><trkpt lat="35.0406" lon="-82.97825999999998"><ele>634.9754382353276</ele></trkpt><trkpt lat="35.04044" lon="-82.97824000000003"><ele>637.0</ele></trkpt><trkpt lat="35.04039" lon="-82.97818000000001"><ele>637.0712772011757</ele></trkpt><trkpt lat="35.04039" lon="-82.97811000000002"><ele>637.0</ele></trkpt><trkpt lat="35.04054" lon="-82.97807"><ele>638.6093344669789</ele></trkpt><trkpt lat="35.04063" lon="-82.97798999999998"><ele>639.9691438595551</ele></trkpt><trkpt lat="35.04087" lon="-82.97757000000001"><ele>642.9349076366052</ele></trkpt><trkpt lat="35.04103" lon="-82.97737000000001"><ele>646.6110842613074</ele></trkpt><trkpt lat="35.0412" lon="-82.97708999999998"><ele>645.3186738347538</ele></trkpt><trkpt lat="35.04135" lon="-82.97697"><ele>646.1751611944621</ele></trkpt><trkpt lat="35.04151" lon="-82.97672999999998"><ele>650.8224832434207</ele></trkpt><trkpt lat="35.04163" lon="-82.97642000000002"><ele>646.5488365516067</ele></trkpt><trkpt lat="35.04171" lon="-82.97631999999999"><ele>644.6415618825838</ele></trkpt><trkpt lat="35.04175" lon="-82.97620999999998"><ele>645.9671393297613</ele></trkpt><trkpt lat="35.04175" lon="-82.97604999999999"><ele>645.4835696648806</ele></trkpt><trkpt lat="35.04177" lon="-82.976"><ele>645.9964842358604</ele></trkpt><trkpt lat="35.04188" lon="-82.97595000000001"><ele>649.8885118693544</ele></trkpt><trkpt lat="35.04202" lon="-82.97582"><ele>646.9979151700936</ele></trkpt><trkpt lat="35.04246" lon="-82.97521"><ele>642.3970117838134</ele></trkpt><trkpt lat="35.04246" lon="-82.97501"><ele>641.2129210056117</ele></trkpt><trkpt lat="35.04255" lon="-82.97489000000002"><ele>641.6521340335835</ele></trkpt><trkpt lat="35.04262" lon="-82.97469000000001"><ele>638.0053443592042</ele></trkpt><trkpt lat="35.0426" lon="-82.97462999999999"><ele>637.8669068347663</ele></trkpt><trkpt lat="35.04226" lon="-82.97453000000002"><ele>635.0</ele></trkpt><trkpt lat="35.04222" lon="-82.97447"><ele>633.291089852162</ele></trkpt><trkpt lat="35.04235" lon="-82.97404"><ele>632.0202830316248</ele></trkpt><trkpt lat="35.0425" lon="-82.97390000000001"><ele>630.5073955561966</ele></trkpt><trkpt lat="35.04306" lon="-82.97388000000001"><ele>626.604692976297</ele></trkpt><trkpt lat="35.04316" lon="-82.97375999999997"><ele>624.7261855313554</ele></trkpt><trkpt lat="35.04366" lon="-82.97336999999999"><ele>620.3575335453647</ele></trkpt><trkpt lat="35.04366" lon="-82.97309999999999"><ele>620.3832277901513</ele></trkpt><trkpt lat="35.04373" lon="-82.97300000000001"><ele>618.6710548357405</ele></trkpt><trkpt lat="35.04387" lon="-82.97285"><ele>614.573848888278</ele></trkpt><trkpt lat="35.04404" lon="-82.9728"><ele>614.078800952062</ele></trkpt><trkpt lat="35.04419" lon="-82.97264999999999"><ele>611.0945753494399</ele></trkpt><trkpt lat="35.04435" lon="-82.9726"><ele>608.8460088893771</ele></trkpt><trkpt lat="35.04464" lon="-82.97273000000001"><ele>605.9997953211496</ele></trkpt><trkpt lat="35.04477" lon="-82.9726"><ele>609.3890036065131</ele></trkpt><trkpt lat="35.04489" lon="-82.97213999999997"><ele>611.0</ele></trkpt><trkpt lat="35.04488" lon="-82.97201999999999"><ele>612.0373721249549</ele></trkpt><trkpt lat="35.04478" lon="-82.97204999999997"><ele>611.7088533351198</ele></trkpt><trkpt lat="35.04469" lon="-82.97201000000001"><ele>614.667453990752</ele></trkpt><trkpt lat="35.04454" lon="-82.97183000000001"><ele>616.2966443486512</ele></trkpt><trkpt lat="35.04451" lon="-82.97168999999997"><ele>617.4860693346709</ele></trkpt><trkpt lat="35.04513" lon="-82.97134"><ele>620.2027484448627</ele></trkpt><trkpt lat="35.04554" lon="-82.97118999999998"><ele>622.0467385573528</ele></trkpt><trkpt lat="35.04589" lon="-82.97095999999999"><ele>622.6370925549418</ele></trkpt><trkpt lat="35.04623148580167" lon="-82.97083741535323"><ele>623.363067577593</ele></trkpt><trkpt lat="35.04624465056731" lon="-82.97083268956749"><ele>623.70626375089</ele></trkpt><trkpt lat="35.04628" lon="-82.97082"><ele>624.0</ele></trkpt><trkpt lat="35.04637" lon="-82.97064999999998"><ele>623.492032054689</ele></trkpt><trkpt lat="35.04658" lon="-82.97045000000003"><ele>623.842930264771</ele></trkpt><trkpt lat="35.04653" lon="-82.97021000000001"><ele>620.311162156205</ele></trkpt><trkpt lat="35.04657" lon="-82.97003999999998"><ele>619.0</ele></trkpt><trkpt lat="35.04689" lon="-82.96996000000001"><ele>611.9925107767558</ele></trkpt><trkpt lat="35.04698" lon="-82.96992"><ele>610.8135887369524</ele></trkpt><trkpt lat="35.04716" lon="-82.96976000000001"><ele>606.0</ele></trkpt><trkpt lat="35.04737" lon="-82.96969000000001"><ele>603.0</ele></trkpt><trkpt lat="35.04764" lon="-82.96972"><ele>600.0</ele></trkpt><trkpt lat="35.04788" lon="-82.96982000000003"><ele>596.0</ele></trkpt><trkpt lat="35.04799" lon="-82.96982000000003"><ele>595.1992581176637</ele></trkpt><trkpt lat="35.04799" lon="-82.96982000000003"><ele>595.1992581176637</ele></trkpt><trkpt lat="35.04833" lon="-82.96983"><ele>590.0</ele></trkpt><trkpt lat="35.04844" lon="-82.96971000000002"><ele>587.9276277140355</ele></trkpt><trkpt lat="35.04873" lon="-82.96967999999998"><ele>583.6822826657444</ele></trkpt><trkpt lat="35.04893" lon="-82.96973000000003"><ele>589.0</ele></trkpt><trkpt lat="35.04906" lon="-82.96983"><ele>585.3028189266023</ele></trkpt><trkpt lat="35.04924" lon="-82.96965"><ele>571.4430400002748</ele></trkpt><trkpt lat="35.04917" lon="-82.96955000000003"><ele>569.9240754367784</ele></trkpt><trkpt lat="35.04928" lon="-82.96947"><ele>565.0478707546652</ele></trkpt><trkpt lat="35.04976" lon="-82.96935000000002"><ele>571.0759466644377</ele></trkpt><trkpt lat="35.05006" lon="-82.96924000000001"><ele>564.6174625642598</ele></trkpt><trkpt lat="35.05032" lon="-82.96875"><ele>561.6754976306111</ele></trkpt><trkpt lat="35.05032" lon="-82.96875"><ele>561.6754976306111</ele></trkpt><trkpt lat="35.05065" lon="-82.96805999999998"><ele>556.0</ele></trkpt><trkpt lat="35.05065" lon="-82.96805999999998"><ele>556.0</ele></trkpt><trkpt lat="35.05075" lon="-82.96791000000002"><ele>553.8727566983356</ele></trkpt><trkpt lat="35.05088" lon="-82.96726000000001"><ele>543.264838273637</ele></trkpt><trkpt lat="35.05104" lon="-82.96694000000002"><ele>539.3584876135001</ele></trkpt><trkpt lat="35.05128" lon="-82.96688"><ele>533.3854990375224</ele></trkpt><trkpt lat="35.05141" lon="-82.96688"><ele>527.7273015147075</ele></trkpt><trkpt lat="35.05162" lon="-82.96645999999998"><ele>522.0354932541334</ele></trkpt><trkpt lat="35.05184666343932" lon="-82.96589334140168"><ele>516.3206825241225</ele></trkpt><trkpt lat="35.051851432100186" lon="-82.96588141985069"><ele>516.4117470571914</ele></trkpt><trkpt lat="35.05188" lon="-82.96581000000003"><ele>515.0640926703156</ele></trkpt><trkpt lat="35.05208" lon="-82.96577000000002"><ele>511.6219342229888</ele></trkpt><trkpt lat="35.05244" lon="-82.96560999999997"><ele>505.1752728733509</ele></trkpt><trkpt lat="35.05262" lon="-82.96519"><ele>498.69766129357083</ele></trkpt><trkpt lat="35.05261" lon="-82.96494999999999"><ele>493.8160611913323</ele></trkpt><trkpt lat="35.05286" lon="-82.96463"><ele>493.0</ele></trkpt><trkpt lat="35.05301" lon="-82.96425999999997"><ele>486.6543913611755</ele></trkpt><trkpt lat="35.05301" lon="-82.96411"><ele>482.7990027386695</ele></trkpt><trkpt lat="35.05292" lon="-82.96379000000002"><ele>474.11726714065526</ele></trkpt><trkpt lat="35.05303" lon="-82.96343999999999"><ele>468.01442895404773</ele></trkpt><trkpt lat="35.05311" lon="-82.96344999999997"><ele>467.49790222384036</ele></trkpt><trkpt lat="35.05317" lon="-82.96355"><ele>464.4300068374723</ele></trkpt><trkpt lat="35.05318" lon="-82.96389999999997"><ele>465.86071444675326</ele></trkpt><trkpt lat="35.05334" lon="-82.96407999999997"><ele>463.36627916432917</ele></trkpt><trkpt lat="35.05334" lon="-82.96407999999997"><ele>463.36627916432917</ele></trkpt><trkpt lat="35.05348" lon="-82.96402999999998"><ele>459.0</ele></trkpt><trkpt lat="35.05348" lon="-82.96402999999998"><ele>459.0</ele></trkpt><trkpt lat="35.05362" lon="-82.96404000000001"><ele>461.0</ele></trkpt><trkpt lat="35.05362" lon="-82.96404000000001"><ele>461.0</ele></trkpt><trkpt lat="35.05409" lon="-82.96341000000001"><ele>459.583147700876</ele></trkpt><trkpt lat="35.05422" lon="-82.96298000000002"><ele>455.3460749424994</ele></trkpt><trkpt lat="35.05437" lon="-82.96263999999996"><ele>451.75336177647114</ele></trkpt><trkpt lat="35.05447" lon="-82.96211"><ele>451.0</ele></trkpt><trkpt lat="35.05457" lon="-82.96181000000001"><ele>450.27160633169115</ele></trkpt><trkpt lat="35.05431" lon="-82.96109999999999"><ele>448.52182637449016</ele></trkpt><trkpt lat="35.05411" lon="-82.96073000000001"><ele>444.0</ele></trkpt><trkpt lat="35.05375" lon="-82.96064999999999"><ele>443.0074458081328</ele></trkpt><trkpt lat="35.05334" lon="-82.96067"><ele>444.0415813940871</ele></trkpt><trkpt lat="35.05322" lon="-82.96057000000002"><ele>446.5835441797972</ele></trkpt><trkpt lat="35.0533" lon="-82.96037999999999"><ele>450.5702720005065</ele></trkpt><trkpt lat="35.05361" lon="-82.95988999999997"><ele>439.0</ele></trkpt><trkpt lat="35.05347" lon="-82.95960000000002"><ele>440.0</ele></trkpt><trkpt lat="35.05306" lon="-82.95931000000002"><ele>438.0</ele></trkpt><trkpt lat="35.05228" lon="-82.95904999999999"><ele>435.5007158101428</ele></trkpt><trkpt lat="35.05199000586411" lon="-82.95838715626087"><ele>434.82511313525697</ele></trkpt><trkpt lat="35.051988524414924" lon="-82.95838376985256"><ele>434.8135981506395</ele></trkpt><trkpt lat="35.05193" lon="-82.95825000000002"><ele>434.0</ele></trkpt><trkpt lat="35.05169" lon="-82.95787999999999"><ele>432.0</ele></trkpt><trkpt lat="35.05069" lon="-82.95677999999998"><ele>427.1327376871625</ele></trkpt><trkpt lat="35.05033" lon="-82.95645999999999"><ele>426.74448711052537</ele></trkpt><trkpt lat="35.04992" lon="-82.95640000000003"><ele>426.02308279839053</ele></trkpt><trkpt lat="35.04935" lon="-82.95562000000001"><ele>433.83160988314296</ele></trkpt><trkpt lat="35.04938" lon="-82.95479999999998"><ele>428.1868038550019</ele></trkpt><trkpt lat="35.04945" lon="-82.95434999999998"><ele>420.5302302977013</ele></trkpt><trkpt lat="35.04942" lon="-82.95409000000001"><ele>419.0</ele></trkpt><trkpt lat="35.04906" lon="-82.9536"><ele>420.0</ele></trkpt><trkpt lat="35.04893" lon="-82.95323000000002"><ele>416.17325926690575</ele></trkpt><trkpt lat="35.04867" lon="-82.95310999999998"><ele>419.0</ele></trkpt><trkpt lat="35.04856" lon="-82.95296000000002"><ele>419.0</ele></trkpt><trkpt lat="35.04852" lon="-82.95285999999999"><ele>419.0</ele></trkpt><trkpt lat="35.04854" lon="-82.95267999999999"><ele>416.0</ele></trkpt><trkpt lat="35.04854" lon="-82.95267999999999"><ele>416.0</ele></trkpt><trkpt lat="35.04861" lon="-82.95253000000002"><ele>415.39862146926646</ele></trkpt><trkpt lat="35.04861" lon="-82.95253000000002"><ele>415.39862146926646</ele></trkpt><trkpt lat="35.04879" lon="-82.95209999999997"><ele>416.0</ele></trkpt><trkpt lat="35.04879" lon="-82.95195999999999"><ele>415.0292871110141</ele></trkpt><trkpt lat="35.04862" lon="-82.95143000000002"><ele>415.0</ele></trkpt><trkpt lat="35.0486" lon="-82.95098000000002"><ele>415.0</ele></trkpt><trkpt lat="35.04874" lon="-82.95068000000003"><ele>417.14336631419906</ele></trkpt><trkpt lat="35.04897" lon="-82.95035999999999"><ele>417.0</ele></trkpt><trkpt lat="35.04897" lon="-82.95017000000001"><ele>418.0</ele></trkpt><trkpt lat="35.04892" lon="-82.94995"><ele>421.62703667394817</ele></trkpt><trkpt lat="35.04841" lon="-82.94945999999999"><ele>430.2849682413242</ele></trkpt><trkpt lat="35.04839" lon="-82.94916999999998"><ele>435.45034658536315</ele></trkpt><trkpt lat="35.04842" lon="-82.94888000000003"><ele>437.6548706833273</ele></trkpt><trkpt lat="35.04858" lon="-82.94873000000001"><ele>438.7725209146738</ele></trkpt><trkpt lat="35.04864" lon="-82.94857999999999"><ele>440.0</ele></trkpt><trkpt lat="35.04852" lon="-82.94828999999999"><ele>445.0051093334332</ele></trkpt><trkpt lat="35.04855" lon="-82.94799999999998"><ele>448.8352074391961</ele></trkpt><trkpt lat="35.04862" lon="-82.94776000000002"><ele>449.23140747651587</ele></trkpt><trkpt lat="35.04878" lon="-82.94771000000003"><ele>453.622296795249</ele></trkpt><trkpt lat="35.04891" lon="-82.94677999999999"><ele>451.0795091101982</ele></trkpt><trkpt lat="35.04891" lon="-82.94677999999999"><ele>451.0795091101982</ele></trkpt><trkpt lat="35.04892" lon="-82.94646999999998"><ele>451.516212262292</ele></trkpt><trkpt lat="35.04865" lon="-82.94591000000003"><ele>456.47341185899376</ele></trkpt><trkpt lat="35.04799" lon="-82.94511"><ele>461.20385066606104</ele></trkpt><trkpt lat="35.04799" lon="-82.94511"><ele>461.20385066606104</ele></trkpt><trkpt lat="35.04794" lon="-82.94504999999998"><ele>462.0</ele></trkpt><trkpt lat="35.047813235644014" lon="-82.94498956583027"><ele>461.0</ele></trkpt><trkpt lat="35.04781745924925" lon="-82.94499157914578"><ele>461.0</ele></trkpt><trkpt lat="35.04708" lon="-82.94463999999999"><ele>461.0</ele></trkpt><trkpt lat="35.04676" lon="-82.94427000000002"><ele>455.78437133003274</ele></trkpt><trkpt lat="35.04632" lon="-82.94407000000001"><ele>450.29244518093765</ele></trkpt><trkpt lat="35.0455" lon="-82.94358"><ele>439.4782492079221</ele></trkpt><trkpt lat="35.0453" lon="-82.94353999999998"><ele>437.0</ele></trkpt><trkpt lat="35.04525" lon="-82.94349"><ele>437.28769311495125</ele></trkpt><trkpt lat="35.04532" lon="-82.94335999999998"><ele>436.0</ele></trkpt><trkpt lat="35.04557" lon="-82.94344000000001"><ele>433.96850844472647</ele></trkpt><trkpt lat="35.0458" lon="-82.9434"><ele>432.1043733339757</ele></trkpt><trkpt lat="35.04605" lon="-82.94348000000002"><ele>432.790553000336</ele></trkpt><trkpt lat="35.04626" lon="-82.94351"><ele>433.46148977801204</ele></trkpt><trkpt lat="35.04641" lon="-82.94349999999997"><ele>431.9602584703411</ele></trkpt><trkpt lat="35.04646" lon="-82.94339000000002"><ele>425.4902443230933</ele></trkpt><trkpt lat="35.0464" lon="-82.94321000000002"><ele>426.6755776517093</ele></trkpt><trkpt lat="35.04588" lon="-82.94222000000002"><ele>415.62221979081494</ele></trkpt><trkpt lat="35.04593" lon="-82.94207"><ele>415.17314334368393</ele></trkpt><trkpt lat="35.04609" lon="-82.94202000000001"><ele>410.6816372207387</ele></trkpt><trkpt lat="35.0464" lon="-82.94211000000001"><ele>404.9975522300547</ele></trkpt><trkpt lat="35.04656" lon="-82.94205"><ele>403.0</ele></trkpt><trkpt lat="35.04657" lon="-82.94195000000002"><ele>403.400989749826</ele></trkpt><trkpt lat="35.04648" lon="-82.94150000000002"><ele>397.40675203589944</ele></trkpt><trkpt lat="35.04661" lon="-82.94137"><ele>395.0</ele></trkpt><trkpt lat="35.04682" lon="-82.94135"><ele>394.1348977778107</ele></trkpt><trkpt lat="35.04696" lon="-82.94128"><ele>393.6471649875167</ele></trkpt><trkpt lat="35.04702" lon="-82.94114000000002"><ele>391.10269617843636</ele></trkpt><trkpt lat="35.04643" lon="-82.94064000000003"><ele>396.52094933204353</ele></trkpt><trkpt lat="35.04628" lon="-82.94073000000003"><ele>395.3091869354248</ele></trkpt><trkpt lat="35.0462" lon="-82.94073000000003"><ele>397.32664533145726</ele></trkpt><trkpt lat="35.0461" lon="-82.94058999999999"><ele>398.948835211806</ele></trkpt><trkpt lat="35.04601" lon="-82.94033000000002"><ele>400.9745320882648</ele></trkpt><trkpt lat="35.04608" lon="-82.94020999999998"><ele>403.3988291900605</ele></trkpt><trkpt lat="35.04619" lon="-82.94011999999998"><ele>404.05418734241636</ele></trkpt><trkpt lat="35.04639" lon="-82.94006999999999"><ele>404.1909970731467</ele></trkpt><trkpt lat="35.04653" lon="-82.94022000000001"><ele>401.71507991766003</ele></trkpt><trkpt lat="35.04701" lon="-82.94037000000003"><ele>398.7922773361206</ele></trkpt><trkpt lat="35.04709" lon="-82.94011"><ele>394.22073955554515</ele></trkpt><trkpt lat="35.04698" lon="-82.93988000000002"><ele>400.1308943461627</ele></trkpt><trkpt lat="35.04697" lon="-82.93957"><ele>406.8663861695677</ele></trkpt><trkpt lat="35.04708" lon="-82.93934999999999"><ele>408.5633741356435</ele></trkpt><trkpt lat="35.04717" lon="-82.93925000000002"><ele>409.70748108346015</ele></trkpt><trkpt lat="35.04716" lon="-82.93914000000001"><ele>409.0</ele></trkpt><trkpt lat="35.04705" lon="-82.93898999999999"><ele>410.51928708786807</ele></trkpt><trkpt lat="35.04691" lon="-82.93873000000002"><ele>413.0</ele></trkpt><trkpt lat="35.04694" lon="-82.93866000000003"><ele>414.0</ele></trkpt><trkpt lat="35.04709" lon="-82.93862999999999"><ele>415.0</ele></trkpt><trkpt lat="35.04736" lon="-82.93887000000001"><ele>417.99841883629114</ele></trkpt><trkpt lat="35.04748" lon="-82.93894"><ele>419.0</ele></trkpt><trkpt lat="35.04766" lon="-82.93889999999999"><ele>421.350444946164</ele></trkpt><trkpt lat="35.04799" lon="-82.93887999999998"><ele>423.4571057772264</ele></trkpt><trkpt lat="35.04799" lon="-82.93887999999998"><ele>423.4571057772264</ele></trkpt><trkpt lat="35.04831" lon="-82.93889999999999"><ele>425.77834666520357</ele></trkpt><trkpt lat="35.04842" lon="-82.93880999999999"><ele>423.0</ele></trkpt><trkpt lat="35.04859" lon="-82.9382"><ele>428.0</ele></trkpt><trkpt lat="35.04863" lon="-82.93790000000001"><ele>429.0</ele></trkpt><trkpt lat="35.0486" lon="-82.93761"><ele>428.5702662672269</ele></trkpt><trkpt lat="35.04847" lon="-82.93707"><ele>428.1255604829639</ele></trkpt><trkpt lat="35.04853" lon="-82.93691000000001"><ele>424.85029552850716</ele></trkpt><trkpt lat="35.04858" lon="-82.93686000000002"><ele>424.0866187262951</ele></trkpt><trkpt lat="35.0487" lon="-82.93677000000002"><ele>424.01280369938206</ele></trkpt><trkpt lat="35.04886" lon="-82.93671"><ele>424.1386240258651</ele></trkpt><trkpt lat="35.049" lon="-82.93662"><ele>425.02417722080145</ele></trkpt><trkpt lat="35.04911" lon="-82.93660999999997"><ele>425.3717355995574</ele></trkpt><trkpt lat="35.04917" lon="-82.93666999999999"><ele>425.0</ele></trkpt><trkpt lat="35.04918" lon="-82.93684000000002"><ele>422.5721087027341</ele></trkpt><trkpt lat="35.04923" lon="-82.93695000000002"><ele>423.7257851045579</ele></trkpt><trkpt lat="35.04949" lon="-82.93723999999997"><ele>420.92694523725703</ele></trkpt><trkpt lat="35.04959" lon="-82.9373"><ele>420.0</ele></trkpt><trkpt lat="35.04959" lon="-82.9373"><ele>420.0</ele></trkpt><trkpt lat="35.04969" lon="-82.93729000000002"><ele>420.0</ele></trkpt><trkpt lat="35.04974" lon="-82.93725999999998"><ele>420.0</ele></trkpt><trkpt lat="35.0502" lon="-82.93664000000001"><ele>416.55877705290914</ele></trkpt><trkpt lat="35.05027" lon="-82.93657999999999"><ele>415.5386737771332</ele></trkpt><trkpt lat="35.05033" lon="-82.93657999999999"><ele>415.0</ele></trkpt><trkpt lat="35.05038" lon="-82.93666000000002"><ele>415.0</ele></trkpt><trkpt lat="35.05044" lon="-82.93711000000002"><ele>418.0</ele></trkpt><trkpt lat="35.05044" lon="-82.93727000000001"><ele>419.0</ele></trkpt><trkpt lat="35.05042" lon="-82.93741"><ele>420.0</ele></trkpt><trkpt lat="35.05028" lon="-82.93761"><ele>420.9871598108456</ele></trkpt><trkpt lat="35.05018" lon="-82.9377"><ele>420.3699045755599</ele></trkpt><trkpt lat="35.05004" lon="-82.93777"><ele>419.1049404889033</ele></trkpt><trkpt lat="35.05" lon="-82.93786"><ele>418.0</ele></trkpt><trkpt lat="35.05005" lon="-82.93792000000002"><ele>418.6849638169277</ele></trkpt><trkpt lat="35.05022" lon="-82.93801000000002"><ele>420.0</ele></trkpt><trkpt lat="35.05034" lon="-82.93813"><ele>419.2709314399027</ele></trkpt><trkpt lat="35.05044" lon="-82.93812000000003"><ele>418.04454211727233</ele></trkpt><trkpt lat="35.05062" lon="-82.93801000000002"><ele>417.3673374195471</ele></trkpt><trkpt lat="35.05077" lon="-82.93801000000002"><ele>416.0530561633961</ele></trkpt><trkpt lat="35.05086" lon="-82.93803000000003"><ele>414.9898256406565</ele></trkpt><trkpt lat="35.05091" lon="-82.93808000000001"><ele>414.08829934336245</ele></trkpt><trkpt lat="35.05097" lon="-82.93831"><ele>412.63766985114273</ele></trkpt><trkpt lat="35.05105" lon="-82.93840999999998"><ele>411.0</ele></trkpt><trkpt lat="35.0511" lon="-82.9384"><ele>412.0636859376728</ele></trkpt><trkpt lat="35.05112" lon="-82.93833999999998"><ele>412.8665247000754</ele></trkpt><trkpt lat="35.05114" lon="-82.93813"><ele>413.010161947459</ele></trkpt><trkpt lat="35.05105" lon="-82.93776000000003"><ele>413.88157993741333</ele></trkpt><trkpt lat="35.05104" lon="-82.93765000000002"><ele>412.4472535038367</ele></trkpt><trkpt lat="35.05112" lon="-82.93741999999997"><ele>412.72125048542074</ele></trkpt><trkpt lat="35.05121" lon="-82.93734999999998"><ele>412.1539377775043</ele></trkpt><trkpt lat="35.05142" lon="-82.93736999999999"><ele>413.09074439152425</ele></trkpt><trkpt lat="35.05149" lon="-82.93743999999998"><ele>414.0</ele></trkpt><trkpt lat="35.0516" lon="-82.93763000000001"><ele>415.0</ele></trkpt><trkpt lat="35.05175" lon="-82.93777"><ele>416.5318294000651</ele></trkpt><trkpt lat="35.05191" lon="-82.93781000000001"><ele>418.0</ele></trkpt><trkpt lat="35.05219" lon="-82.93781999999999"><ele>418.0</ele></trkpt><trkpt lat="35.05242" lon="-82.93788999999998"><ele>416.0405258271846</ele></trkpt><trkpt lat="35.05246" lon="-82.93786999999998"><ele>416.0</ele></trkpt><trkpt lat="35.05246" lon="-82.93779"><ele>416.1504115127027</ele></trkpt><trkpt lat="35.05229" lon="-82.93759999999997"><ele>417.09224736100407</ele></trkpt><trkpt lat="35.05223" lon="-82.93748"><ele>418.0447524088962</ele></trkpt><trkpt lat="35.05217" lon="-82.93727999999999"><ele>419.0</ele></trkpt><trkpt lat="35.05214" lon="-82.93704000000002"><ele>419.0</ele></trkpt><trkpt lat="35.05217" lon="-82.93695000000002"><ele>418.51258666813374</ele></trkpt><trkpt lat="35.05223" lon="-82.93687999999997"><ele>418.0</ele></trkpt><trkpt lat="35.05239" lon="-82.93691000000001"><ele>417.6484515564516</ele></trkpt><trkpt lat="35.05243" lon="-82.93689"><ele>416.7163840001449</ele></trkpt><trkpt lat="35.05245" lon="-82.93677000000002"><ele>416.94806832885865</ele></trkpt><trkpt lat="35.052400790313484" lon="-82.93645505800629"><ele>417.7796798404306</ele></trkpt><trkpt lat="35.05240220238616" lon="-82.9364640952673"><ele>417.8600673004985</ele></trkpt><trkpt lat="35.0524" lon="-82.93644999999998"><ele>417.7346883211285</ele></trkpt><trkpt lat="35.05266" lon="-82.93624"><ele>418.0</ele></trkpt><trkpt lat="35.05274" lon="-82.93621000000002"><ele>418.0</ele></trkpt><trkpt lat="35.05282" lon="-82.93621999999999"><ele>418.0</ele></trkpt><trkpt lat="35.05302" lon="-82.93639000000002"><ele>416.0</ele></trkpt><trkpt lat="35.05308" lon="-82.93646000000001"><ele>415.14420637267057</ele></trkpt><trkpt lat="35.05316" lon="-82.93669999999997"><ele>409.998598318547</ele></trkpt><trkpt lat="35.05321" lon="-82.93675999999999"><ele>408.81078173872083</ele></trkpt><trkpt lat="35.05346" lon="-82.9368"><ele>411.0</ele></trkpt><trkpt lat="35.05372" lon="-82.93689"><ele>407.1188217587769</ele></trkpt><trkpt lat="35.05409" lon="-82.93727000000001"><ele>402.0</ele></trkpt><trkpt lat="35.05439" lon="-82.93741"><ele>397.92716650282875</ele></trkpt><trkpt lat="35.05443" lon="-82.93741"><ele>397.0</ele></trkpt><trkpt lat="35.05449" lon="-82.93736000000001"><ele>396.4446384100051</ele></trkpt><trkpt lat="35.05465" lon="-82.93704000000002"><ele>390.58390971662044</ele></trkpt><trkpt lat="35.05473" lon="-82.93671999999998"><ele>384.0</ele></trkpt><trkpt lat="35.05475" lon="-82.93641000000002"><ele>381.6858292494303</ele></trkpt><trkpt lat="35.05479" lon="-82.93635999999998"><ele>379.0033806540482</ele></trkpt><trkpt lat="35.05482" lon="-82.93639000000002"><ele>378.49581895954907</ele></trkpt><trkpt lat="35.05492" lon="-82.93702000000002"><ele>374.6499638394021</ele></trkpt><trkpt lat="35.05495" lon="-82.93709999999999"><ele>371.1897257864475</ele></trkpt><trkpt lat="35.05547" lon="-82.93711000000002"><ele>382.9382542241365</ele></trkpt><trkpt lat="35.05573" lon="-82.93729000000002"><ele>363.26645923499916</ele></trkpt><trkpt lat="35.05573" lon="-82.93748"><ele>365.2123768888414</ele></trkpt><trkpt lat="35.0558" lon="-82.93752"><ele>366.0765120005235</ele></trkpt><trkpt lat="35.05596" lon="-82.93743"><ele>357.4769339254126</ele></trkpt><trkpt lat="35.05621" lon="-82.93749000000003"><ele>349.0</ele></trkpt><trkpt lat="35.05636" lon="-82.93723999999997"><ele>340.0</ele></trkpt><trkpt lat="35.05636" lon="-82.93723999999997"><ele>340.0</ele></trkpt><trkpt lat="35.05661" lon="-82.93696"><ele>340.4320684103295</ele></trkpt><trkpt lat="35.05661" lon="-82.93696"><ele>340.4320684103295</ele></trkpt><trkpt lat="35.05671" lon="-82.93684000000002"><ele>350.75775127674234</ele></trkpt><trkpt lat="35.05685" lon="-82.93673999999999"><ele>361.82054602374035</ele></trkpt><trkpt lat="35.0569" lon="-82.93666000000002"><ele>363.9210813153691</ele></trkpt><trkpt lat="35.0569" lon="-82.9366"><ele>365.79859555512667</ele></trkpt><trkpt lat="35.05677" lon="-82.93642999999997"><ele>367.89459384707243</ele></trkpt><trkpt lat="35.05642" lon="-82.93628000000001"><ele>373.423352887854</ele></trkpt><trkpt lat="35.05632" lon="-82.93619999999999"><ele>375.3842461870753</ele></trkpt><trkpt lat="35.05619" lon="-82.93597"><ele>376.6581876464188</ele></trkpt><trkpt lat="35.05617" lon="-82.93579999999997"><ele>378.3608374092728</ele></trkpt><trkpt lat="35.05618" lon="-82.93567000000002"><ele>379.9301507156342</ele></trkpt><trkpt lat="35.05635" lon="-82.93547999999998"><ele>379.0056213326752</ele></trkpt><trkpt lat="35.05639" lon="-82.93531000000002"><ele>384.771492511034</ele></trkpt><trkpt lat="35.05636" lon="-82.93518"><ele>386.1531941546127</ele></trkpt><trkpt lat="35.05628" lon="-82.935"><ele>386.9872876126319</ele></trkpt><trkpt lat="35.05626" lon="-82.93480999999997"><ele>391.96931935474277</ele></trkpt><trkpt lat="35.05613" lon="-82.93462999999997"><ele>394.21449955925345</ele></trkpt><trkpt lat="35.05609" lon="-82.93450999999999"><ele>396.61266692727804</ele></trkpt><trkpt lat="35.05611" lon="-82.93426"><ele>398.9449590295553</ele></trkpt><trkpt lat="35.05616" lon="-82.93414999999999"><ele>403.7915241699666</ele></trkpt><trkpt lat="35.05619" lon="-82.93412999999998"><ele>404.49946409091353</ele></trkpt><trkpt lat="35.05628" lon="-82.93414999999999"><ele>407.0144159497381</ele></trkpt><trkpt lat="35.05637" lon="-82.93423999999999"><ele>410.80210191490266</ele></trkpt><trkpt lat="35.05681" lon="-82.935"><ele>420.79702958650887</ele></trkpt><trkpt lat="35.0573" lon="-82.93564000000003"><ele>432.3730888288068</ele></trkpt><trkpt lat="35.05745" lon="-82.93570999999997"><ele>434.0</ele></trkpt><trkpt lat="35.05776" lon="-82.93564000000003"><ele>435.5378382205963</ele></trkpt><trkpt lat="35.05801" lon="-82.93549000000002"><ele>436.5873147826642</ele></trkpt><trkpt lat="35.05822" lon="-82.93527"><ele>436.01565727956483</ele></trkpt><trkpt lat="35.05846" lon="-82.93516999999997"><ele>442.8832008629546</ele></trkpt><trkpt lat="35.05861" lon="-82.93502999999998"><ele>446.27535123564303</ele></trkpt><trkpt lat="35.05869" lon="-82.93486000000001"><ele>448.82999574393034</ele></trkpt><trkpt lat="35.05881" lon="-82.93477000000001"><ele>450.91722311172634</ele></trkpt><trkpt lat="35.05888" lon="-82.93464"><ele>449.5060783373192</ele></trkpt><trkpt lat="35.05891" lon="-82.93455"><ele>450.45472728644893</ele></trkpt><trkpt lat="35.05887" lon="-82.93439000000001"><ele>454.0779622029513</ele></trkpt><trkpt lat="35.05897" lon="-82.93411000000003"><ele>457.73492266707376</ele></trkpt><trkpt lat="35.05898" lon="-82.93396999999999"><ele>454.3406194951385</ele></trkpt><trkpt lat="35.05892" lon="-82.93385"><ele>454.95788444392383</ele></trkpt><trkpt lat="35.05876" lon="-82.93380000000002"><ele>458.288053332828</ele></trkpt><trkpt lat="35.05875" lon="-82.93376999999998"><ele>459.68615466728806</ele></trkpt><trkpt lat="35.05877" lon="-82.93374"><ele>461.0842559998855</ele></trkpt><trkpt lat="35.05946" lon="-82.93369999999999"><ele>468.10321777686477</ele></trkpt><trkpt lat="35.05973" lon="-82.93349999999998"><ele>472.73093333281577</ele></trkpt><trkpt lat="35.05999" lon="-82.93315999999999"><ele>476.8257306083865</ele></trkpt><trkpt lat="35.06032" lon="-82.93290000000002"><ele>482.4858332166726</ele></trkpt><trkpt lat="35.06043" lon="-82.93286"><ele>486.90477155614644</ele></trkpt><trkpt lat="35.06048" lon="-82.93286"><ele>488.57550917351796</ele></trkpt><trkpt lat="35.06058" lon="-82.93290999999999"><ele>487.23260435138735</ele></trkpt><trkpt lat="35.06078" lon="-82.93315999999999"><ele>482.0641201036051</ele></trkpt><trkpt lat="35.0609" lon="-82.93318999999997"><ele>484.56777244247496</ele></trkpt><trkpt lat="35.06096" lon="-82.93317000000002"><ele>484.42171224951744</ele></trkpt><trkpt lat="35.06106" lon="-82.93293"><ele>485.93037178646773</ele></trkpt><trkpt lat="35.06108" lon="-82.93268"><ele>491.80411732941866</ele></trkpt><trkpt lat="35.06118" lon="-82.93248"><ele>491.7910252381116</ele></trkpt><trkpt lat="35.06112" lon="-82.93225999999999"><ele>495.2367043681443</ele></trkpt><trkpt lat="35.06122" lon="-82.93216000000001"><ele>500.0</ele></trkpt><trkpt lat="35.0614" lon="-82.93209000000002"><ele>497.04034133441746</ele></trkpt><trkpt lat="35.06173" lon="-82.93207999999998"><ele>502.55413688812405</ele></trkpt><trkpt lat="35.06187" lon="-82.93214999999998"><ele>500.9356438620016</ele></trkpt><trkpt lat="35.06205" lon="-82.93234999999999"><ele>503.7595021505628</ele></trkpt><trkpt lat="35.06209" lon="-82.9325"><ele>501.1869745105505</ele></trkpt><trkpt lat="35.06209" lon="-82.93266"><ele>501.17758325487375</ele></trkpt><trkpt lat="35.06214" lon="-82.93277999999998"><ele>503.9232149524614</ele></trkpt><trkpt lat="35.06229" lon="-82.93286999999998"><ele>501.8714652821738</ele></trkpt><trkpt lat="35.06255" lon="-82.93311"><ele>502.5556159997359</ele></trkpt><trkpt lat="35.06261" lon="-82.93312000000003"><ele>504.0216497788206</ele></trkpt><trkpt lat="35.06267" lon="-82.93304999999998"><ele>503.2918657949056</ele></trkpt><trkpt lat="35.06268" lon="-82.93285000000003"><ele>506.55981494113803</ele></trkpt><trkpt lat="35.06253" lon="-82.93254999999999"><ele>507.4581805597991</ele></trkpt><trkpt lat="35.06254" lon="-82.93245000000002"><ele>509.0219586060843</ele></trkpt><trkpt lat="35.06262" lon="-82.93241999999998"><ele>507.4175980258733</ele></trkpt><trkpt lat="35.06282" lon="-82.9325"><ele>503.2816500894411</ele></trkpt><trkpt lat="35.06291" lon="-82.93261999999999"><ele>504.59986696129783</ele></trkpt><trkpt lat="35.06303" lon="-82.93268"><ele>504.4780442522294</ele></trkpt><trkpt lat="35.06311" lon="-82.93268999999998"><ele>509.4632372185588</ele></trkpt><trkpt lat="35.06319" lon="-82.93263999999999"><ele>510.0</ele></trkpt><trkpt lat="35.06324" lon="-82.93254000000002"><ele>510.8827474396676</ele></trkpt><trkpt lat="35.06324" lon="-82.93246999999997"><ele>510.8827474396676</ele></trkpt><trkpt lat="35.06315" lon="-82.93222000000003"><ele>511.9213902205229</ele></trkpt><trkpt lat="35.06316" lon="-82.93213000000003"><ele>513.289918844979</ele></trkpt><trkpt lat="35.06374" lon="-82.93146999999999"><ele>514.1260764440522</ele></trkpt><trkpt lat="35.06374" lon="-82.93135999999998"><ele>510.0</ele></trkpt><trkpt lat="35.06369" lon="-82.93132000000003"><ele>508.93277553330347</ele></trkpt><trkpt lat="35.06341" lon="-82.93137000000002"><ele>512.068522663787</ele></trkpt><trkpt lat="35.06324" lon="-82.93133999999998"><ele>512.92443201685</ele></trkpt><trkpt lat="35.06318" lon="-82.93126999999998"><ele>514.4665732588619</ele></trkpt><trkpt lat="35.06321" lon="-82.93103000000002"><ele>515.1746600344777</ele></trkpt><trkpt lat="35.06318" lon="-82.93096000000003"><ele>515.0</ele></trkpt><trkpt lat="35.06311" lon="-82.93092000000001"><ele>514.5057813329622</ele></trkpt><trkpt lat="35.06276" lon="-82.93088999999998"><ele>523.3075347132274</ele></trkpt><trkpt lat="35.06272" lon="-82.93087000000003"><ele>524.835950220935</ele></trkpt><trkpt lat="35.06269" lon="-82.93078000000003"><ele>526.5809839272457</ele></trkpt><trkpt lat="35.0627" lon="-82.93074000000001"><ele>527.9088865290718</ele></trkpt><trkpt lat="35.06283" lon="-82.93061999999998"><ele>530.276587177075</ele></trkpt><trkpt lat="35.06295" lon="-82.93045000000001"><ele>532.3712621536106</ele></trkpt><trkpt lat="35.06338" lon="-82.92955999999998"><ele>541.8538302946836</ele></trkpt><trkpt lat="35.06355" lon="-82.92930000000001"><ele>542.53302070871</ele></trkpt><trkpt lat="35.06358" lon="-82.9291"><ele>541.7280551551771</ele></trkpt><trkpt lat="35.06352" lon="-82.92896000000002"><ele>540.6968035530299</ele></trkpt><trkpt lat="35.06325" lon="-82.92876000000001"><ele>549.544745818667</ele></trkpt><trkpt lat="35.06313" lon="-82.92874999999998"><ele>547.8766036290039</ele></trkpt><trkpt lat="35.06291" lon="-82.92880000000002"><ele>547.0</ele></trkpt><trkpt lat="35.06276" lon="-82.92865999999998"><ele>544.0944058205416</ele></trkpt><trkpt lat="35.06271" lon="-82.92865999999998"><ele>542.8794597645801</ele></trkpt><trkpt lat="35.0625" lon="-82.92912999999999"><ele>536.2313568894504</ele></trkpt><trkpt lat="35.06241" lon="-82.92919999999998"><ele>535.2482533307631</ele></trkpt><trkpt lat="35.06231" lon="-82.92921000000001"><ele>533.9456985232891</ele></trkpt><trkpt lat="35.06221" lon="-82.92919"><ele>533.3374464375173</ele></trkpt><trkpt lat="35.06215" lon="-82.92914000000002"><ele>532.8226413149387</ele></trkpt><trkpt lat="35.06219" lon="-82.92887999999999"><ele>531.1424206985257</ele></trkpt><trkpt lat="35.06218" lon="-82.92880000000002"><ele>529.5307065416127</ele></trkpt><trkpt lat="35.06214675344036" lon="-82.92878337672016"><ele>529.0</ele></trkpt><trkpt lat="35.06215345739676" lon="-82.92878672869728"><ele>529.0</ele></trkpt><trkpt lat="35.06214" lon="-82.92878000000002"><ele>529.0</ele></trkpt><trkpt lat="35.06194" lon="-82.92885999999999"><ele>528.5087395561859</ele></trkpt><trkpt lat="35.06185" lon="-82.92885000000001"><ele>527.0</ele></trkpt><trkpt lat="35.06182" lon="-82.92876000000001"><ele>529.0339652523398</ele></trkpt><trkpt lat="35.06183" lon="-82.92849999999999"><ele>526.2066359110177</ele></trkpt><trkpt lat="35.06179" lon="-82.92842999999999"><ele>524.0</ele></trkpt><trkpt lat="35.06172" lon="-82.92844000000002"><ele>524.0</ele></trkpt><trkpt lat="35.06129" lon="-82.92876000000001"><ele>523.3107056096196</ele></trkpt><trkpt lat="35.06118" lon="-82.92876000000001"><ele>526.1690773330629</ele></trkpt><trkpt lat="35.06111" lon="-82.92871000000002"><ele>528.0</ele></trkpt><trkpt lat="35.0611" lon="-82.92867000000001"><ele>528.0</ele></trkpt><trkpt lat="35.06113" lon="-82.92858999999999"><ele>528.0</ele></trkpt><trkpt lat="35.06143" lon="-82.92842999999999"><ele>531.4545959918212</ele></trkpt><trkpt lat="35.06157" lon="-82.92831999999999"><ele>533.0</ele></trkpt><trkpt lat="35.06209" lon="-82.92768999999998"><ele>545.4206153045182</ele></trkpt><trkpt lat="35.06207" lon="-82.92754000000002"><ele>547.5792558212971</ele></trkpt><trkpt lat="35.06185" lon="-82.92728"><ele>549.778675947613</ele></trkpt><trkpt lat="35.06182" lon="-82.92716000000001"><ele>550.0339652523398</ele></trkpt><trkpt lat="35.06186" lon="-82.92705999999998"><ele>549.7281179701699</ele></trkpt><trkpt lat="35.06206" lon="-82.92685"><ele>546.8184711113572</ele></trkpt><trkpt lat="35.06213" lon="-82.92671000000001"><ele>546.1667883762498</ele></trkpt><trkpt lat="35.06219" lon="-82.92599000000001"><ele>541.1000617556274</ele></trkpt><trkpt lat="35.06229" lon="-82.92570999999998"><ele>539.5480886359824</ele></trkpt><trkpt lat="35.06225" lon="-82.92557"><ele>538.0</ele></trkpt><trkpt lat="35.06211" lon="-82.92538000000002"><ele>538.0</ele></trkpt><trkpt lat="35.06202" lon="-82.9253"><ele>539.4167644446716</ele></trkpt><trkpt lat="35.06148" lon="-82.92502000000002"><ele>542.67601480335</ele></trkpt><trkpt lat="35.06145" lon="-82.92494999999997"><ele>540.9679642226547</ele></trkpt><trkpt lat="35.06144" lon="-82.9248"><ele>540.3986141681671</ele></trkpt><trkpt lat="35.06144" lon="-82.9248"><ele>540.3986141681671</ele></trkpt><trkpt lat="35.0614" lon="-82.92471999999998"><ele>539.1212146487087</ele></trkpt><trkpt lat="35.06129" lon="-82.92461000000003"><ele>538.0</ele></trkpt><trkpt lat="35.06078" lon="-82.92426999999998"><ele>539.0</ele></trkpt><trkpt lat="35.06059" lon="-82.92399999999998"><ele>536.0</ele></trkpt><trkpt lat="35.06026" lon="-82.92365000000001"><ele>532.5392664988328</ele></trkpt><trkpt lat="35.06017" lon="-82.92349000000002"><ele>531.0</ele></trkpt><trkpt lat="35.05991" lon="-82.92293999999998"><ele>522.173113859391</ele></trkpt><trkpt lat="35.05988" lon="-82.92281000000003"><ele>520.3141433936288</ele></trkpt><trkpt lat="35.05986" lon="-82.92257000000001"><ele>515.356014222838</ele></trkpt><trkpt lat="35.05979" lon="-82.92241999999999"><ele>512.3655075551942</ele></trkpt><trkpt lat="35.05966" lon="-82.92234000000002"><ele>511.0</ele></trkpt><trkpt lat="35.05918" lon="-82.92223000000001"><ele>503.0</ele></trkpt><trkpt lat="35.05884" lon="-82.92207000000002"><ele>496.4041930213773</ele></trkpt><trkpt lat="35.05885" lon="-82.92196999999999"><ele>494.3939875550568</ele></trkpt><trkpt lat="35.05895" lon="-82.92172"><ele>488.4701280985832</ele></trkpt><trkpt lat="35.05891" lon="-82.92153000000002"><ele>486.4271753288391</ele></trkpt><trkpt lat="35.05877" lon="-82.92138999999997"><ele>483.244623098498</ele></trkpt><trkpt lat="35.05854" lon="-82.92126999999999"><ele>481.4521791898652</ele></trkpt><trkpt lat="35.05846" lon="-82.92115999999999"><ele>481.0</ele></trkpt><trkpt lat="35.05841" lon="-82.92102999999997"><ele>479.88875949010253</ele></trkpt><trkpt lat="35.05825" lon="-82.92088000000001"><ele>473.46482403624316</ele></trkpt><trkpt lat="35.05825" lon="-82.92088000000001"><ele>473.46482403624316</ele></trkpt><trkpt lat="35.05822" lon="-82.92081999999999"><ele>472.80010311026126</ele></trkpt><trkpt lat="35.05824" lon="-82.92075999999997"><ele>472.0</ele></trkpt><trkpt lat="35.05844" lon="-82.92063999999999"><ele>471.41149511095136</ele></trkpt><trkpt lat="35.0587" lon="-82.92043999999999"><ele>468.09081955533475</ele></trkpt><trkpt lat="35.05885" lon="-82.92043000000001"><ele>465.6475619758284</ele></trkpt><trkpt lat="35.05899" lon="-82.92048999999997"><ele>465.45889744528563</ele></trkpt><trkpt lat="35.05925" lon="-82.92052999999999"><ele>462.5702471099794</ele></trkpt><trkpt lat="35.05942" lon="-82.92061000000001"><ele>459.63545452058315</ele></trkpt><trkpt lat="35.05952" lon="-82.92059999999998"><ele>458.54735999926925</ele></trkpt><trkpt lat="35.05956" lon="-82.92054000000002"><ele>457.9099082725885</ele></trkpt><trkpt lat="35.05955" lon="-82.92041999999998"><ele>456.158751999028</ele></trkpt><trkpt lat="35.05944" lon="-82.92021"><ele>455.0</ele></trkpt><trkpt lat="35.05944" lon="-82.92021"><ele>455.0</ele></trkpt><trkpt lat="35.05944" lon="-82.92007999999998"><ele>454.6863964451477</ele></trkpt><trkpt lat="35.05944" lon="-82.92007999999998"><ele>454.6863964451477</ele></trkpt><trkpt lat="35.05944" lon="-82.91993000000002"><ele>455.5300050396472</ele></trkpt><trkpt lat="35.05944" lon="-82.91993000000002"><ele>455.5300050396472</ele></trkpt><trkpt lat="35.05944" lon="-82.91993000000002"><ele>455.5300050396472</ele></trkpt><trkpt lat="35.05947" lon="-82.91984000000002"><ele>455.03065445576755</ele></trkpt><trkpt lat="35.05996" lon="-82.91935000000001"><ele>456.4287128522992</ele></trkpt><trkpt lat="35.06018" lon="-82.91928999999999"><ele>457.82544167695505</ele></trkpt><trkpt lat="35.06035" lon="-82.91917000000001"><ele>459.84150762635335</ele></trkpt><trkpt lat="35.06059" lon="-82.91908000000001"><ele>459.0</ele></trkpt><trkpt lat="35.06071" lon="-82.91895999999997"><ele>458.0</ele></trkpt><trkpt lat="35.06072" lon="-82.91886999999997"><ele>459.0</ele></trkpt><trkpt lat="35.06061" lon="-82.91874000000001"><ele>460.0</ele></trkpt><trkpt lat="35.06034" lon="-82.91863000000001"><ele>458.2612942215055</ele></trkpt><trkpt lat="35.05993" lon="-82.91858000000002"><ele>462.3575987396821</ele></trkpt><trkpt lat="35.05971" lon="-82.91867000000002"><ele>466.0</ele></trkpt><trkpt lat="35.0594" lon="-82.91863999999998"><ele>471.0</ele></trkpt><trkpt lat="35.05935" lon="-82.91854000000001"><ele>473.4059832151979</ele></trkpt><trkpt lat="35.0594" lon="-82.91838000000001"><ele>475.2526613101363</ele></trkpt><trkpt lat="35.05938" lon="-82.91827"><ele>476.26648994907737</ele></trkpt><trkpt lat="35.05931" lon="-82.91820000000001"><ele>475.3907000098985</ele></trkpt><trkpt lat="35.05915" lon="-82.91811000000001"><ele>478.0</ele></trkpt><trkpt lat="35.05904" lon="-82.918"><ele>479.62142222188413</ele></trkpt><trkpt lat="35.05893" lon="-82.91778999999997"><ele>482.2015990492516</ele></trkpt><trkpt lat="35.05876" lon="-82.91757999999999"><ele>488.0101542379707</ele></trkpt><trkpt lat="35.058751210683596" lon="-82.9175096854687"><ele>488.46346432303034</ele></trkpt><trkpt lat="35.05876140390115" lon="-82.91748479481134"><ele>489.22493768851</ele></trkpt><trkpt lat="35.0589" lon="-82.91730000000001"><ele>492.13652467473855</ele></trkpt><trkpt lat="35.05921" lon="-82.91700000000003"><ele>498.21049382537603</ele></trkpt><trkpt lat="35.05926" lon="-82.91674999999998"><ele>499.28196704015136</ele></trkpt><trkpt lat="35.05967" lon="-82.91678999999999"><ele>506.6017344798893</ele></trkpt><trkpt lat="35.05981" lon="-82.91676000000001"><ele>506.2388198978324</ele></trkpt><trkpt lat="35.05991" lon="-82.91667999999999"><ele>507.03983068058074</ele></trkpt><trkpt lat="35.06019" lon="-82.91637000000003"><ele>511.6454785820097</ele></trkpt><trkpt lat="35.06046" lon="-82.91584"><ele>508.6026471592486</ele></trkpt><trkpt lat="35.06055" lon="-82.91570999999999"><ele>510.2898096809847</ele></trkpt><trkpt lat="35.06072" lon="-82.91557"><ele>507.5916516456036</ele></trkpt><trkpt lat="35.06086" lon="-82.91538000000003"><ele>507.48097559572693</ele></trkpt><trkpt lat="35.0609" lon="-82.91525999999999"><ele>507.0</ele></trkpt><trkpt lat="35.06085" lon="-82.91521999999998"><ele>507.0</ele></trkpt><trkpt lat="35.06063" lon="-82.91530999999998"><ele>506.96901689097285</ele></trkpt><trkpt lat="35.06032" lon="-82.91519"><ele>506.30958700175904</ele></trkpt><trkpt lat="35.06" lon="-82.91523000000001"><ele>508.7127786660567</ele></trkpt><trkpt lat="35.0598" lon="-82.91521"><ele>505.31584127247334</ele></trkpt><trkpt lat="35.05953" lon="-82.91523000000001"><ele>506.7127786660567</ele></trkpt><trkpt lat="35.05941" lon="-82.91518000000002"><ele>507.04294755496085</ele></trkpt><trkpt lat="35.05919" lon="-82.91491000000002"><ele>504.2966250255704</ele></trkpt><trkpt lat="35.05914" lon="-82.91489000000001"><ele>503.1158542204648</ele></trkpt><trkpt lat="35.05892" lon="-82.91483"><ele>506.2787533411756</ele></trkpt><trkpt lat="35.05852" lon="-82.91478999999998"><ele>504.0</ele></trkpt><trkpt lat="35.05843" lon="-82.91475000000003"><ele>504.0</ele></trkpt><trkpt lat="35.05831" lon="-82.91464000000002"><ele>504.40424562897533</ele></trkpt><trkpt lat="35.05829" lon="-82.91457000000003"><ele>504.0568178296089</ele></trkpt><trkpt lat="35.05838" lon="-82.91394000000003"><ele>500.0</ele></trkpt><trkpt lat="35.05838" lon="-82.91394000000003"><ele>500.0</ele></trkpt><trkpt lat="35.05843" lon="-82.91390999999999"><ele>499.7707626661286</ele></trkpt><trkpt lat="35.05857" lon="-82.91395"><ele>499.2697955556214</ele></trkpt><trkpt lat="35.05883" lon="-82.91384"><ele>497.50852622278035</ele></trkpt><trkpt lat="35.0591" lon="-82.91383000000002"><ele>496.0</ele></trkpt><trkpt lat="35.05918" lon="-82.91379"><ele>495.72729073278606</ele></trkpt><trkpt lat="35.05932" lon="-82.91338000000002"><ele>496.4669268382713</ele></trkpt><trkpt lat="35.05933" lon="-82.91323"><ele>495.2458029615236</ele></trkpt><trkpt lat="35.05932" lon="-82.91296999999997"><ele>498.3959543928504</ele></trkpt><trkpt lat="35.05926" lon="-82.91262"><ele>502.18395680092385</ele></trkpt><trkpt lat="35.05928" lon="-82.91254000000004"><ele>500.95604667730566</ele></trkpt><trkpt lat="35.05931" lon="-82.91251"><ele>500.05206755548716</ele></trkpt><trkpt lat="35.05954" lon="-82.91245000000004"><ele>493.506461863406</ele></trkpt><trkpt lat="35.05966" lon="-82.91255000000001"><ele>492.279337878339</ele></trkpt><trkpt lat="35.05975" lon="-82.91268000000002"><ele>493.8972160015255</ele></trkpt><trkpt lat="35.05984" lon="-82.91271"><ele>493.9534757132735</ele></trkpt><trkpt lat="35.05999" lon="-82.91271"><ele>493.0</ele></trkpt><trkpt lat="35.06001" lon="-82.91264000000001"><ele>497.7882376472898</ele></trkpt><trkpt lat="35.05998" lon="-82.91255000000001"><ele>499.88408572319895</ele></trkpt><trkpt lat="35.05984" lon="-82.91230000000002"><ele>492.3035037163645</ele></trkpt><trkpt lat="35.05978" lon="-82.91209000000003"><ele>490.99466786407845</ele></trkpt><trkpt lat="35.05955" lon="-82.91179"><ele>485.7985928332703</ele></trkpt><trkpt lat="35.05936" lon="-82.91145"><ele>482.9753186944872</ele></trkpt><trkpt lat="35.05933" lon="-82.91134"><ele>482.0</ele></trkpt><trkpt lat="35.05937" lon="-82.91120000000001"><ele>482.2590424001503</ele></trkpt><trkpt lat="35.05956" lon="-82.91102999999998"><ele>478.8381793617109</ele></trkpt><trkpt lat="35.0597" lon="-82.91102999999998"><ele>478.0</ele></trkpt><trkpt lat="35.05986" lon="-82.91097000000002"><ele>477.0</ele></trkpt><trkpt lat="35.05977" lon="-82.91077999999999"><ele>478.0311165565586</ele></trkpt><trkpt lat="35.05977" lon="-82.91057"><ele>481.43361428007483</ele></trkpt><trkpt lat="35.05969" lon="-82.91050999999999"><ele>478.0</ele></trkpt><trkpt lat="35.05938" lon="-82.91056000000003"><ele>479.0</ele></trkpt><trkpt lat="35.05935" lon="-82.91055"><ele>479.0</ele></trkpt><trkpt lat="35.05934" lon="-82.91048"><ele>480.0659471828045</ele></trkpt><trkpt lat="35.05947" lon="-82.91035999999997"><ele>482.5667851259932</ele></trkpt><trkpt lat="35.05986" lon="-82.91014999999999"><ele>490.74455387127347</ele></trkpt><trkpt lat="35.06002" lon="-82.9101"><ele>494.21189333405346</ele></trkpt><trkpt lat="35.06008" lon="-82.91003999999998"><ele>493.38334714248776</ele></trkpt><trkpt lat="35.06044" lon="-82.90985999999998"><ele>496.4910435928032</ele></trkpt><trkpt lat="35.06049" lon="-82.90975000000003"><ele>493.9315578890227</ele></trkpt><trkpt lat="35.06048" lon="-82.90969999999999"><ele>493.0</ele></trkpt><trkpt lat="35.06042" lon="-82.90967"><ele>493.0</ele></trkpt><trkpt lat="35.06011" lon="-82.90972"><ele>493.0</ele></trkpt><trkpt lat="35.05997" lon="-82.90963999999997"><ele>492.9305752515793</ele></trkpt><trkpt lat="35.05972" lon="-82.90953999999999"><ele>493.0</ele></trkpt><trkpt lat="35.05962" lon="-82.90936999999997"><ele>493.0</ele></trkpt><trkpt lat="35.05962" lon="-82.90922999999998"><ele>492.92608579595014</ele></trkpt><trkpt lat="35.05954" lon="-82.90903000000003"><ele>492.73106899308056</ele></trkpt><trkpt lat="35.05953" lon="-82.90882999999997"><ele>494.2913194774382</ele></trkpt><trkpt lat="35.0595" lon="-82.90877999999998"><ele>491.0</ele></trkpt><trkpt lat="35.05912" lon="-82.90861000000001"><ele>492.0</ele></trkpt><trkpt lat="35.05896" lon="-82.90843999999998"><ele>490.20195390470326</ele></trkpt><trkpt lat="35.05897" lon="-82.90822000000003"><ele>491.173743551597</ele></trkpt><trkpt lat="35.05907" lon="-82.90800000000002"><ele>491.9940177805752</ele></trkpt><trkpt lat="35.05917" lon="-82.90785"><ele>490.6142434100683</ele></trkpt><trkpt lat="35.05932" lon="-82.90742999999998"><ele>491.54503271001306</ele></trkpt><trkpt lat="35.05935" lon="-82.90728000000001"><ele>491.53050814124936</ele></trkpt><trkpt lat="35.05936199467599" lon="-82.90725601064804"><ele>492.08888268470764</ele></trkpt><trkpt lat="35.059364807007825" lon="-82.90725038600345"><ele>492.2489987295121</ele></trkpt><trkpt lat="35.05947" lon="-82.90704"><ele>493.84357090480626</ele></trkpt><trkpt lat="35.05951" lon="-82.90683999999999"><ele>493.0</ele></trkpt><trkpt lat="35.05927" lon="-82.90632"><ele>490.807778796715</ele></trkpt><trkpt lat="35.05911" lon="-82.90613000000002"><ele>491.74195262789726</ele></trkpt><trkpt lat="35.05908" lon="-82.90606000000002"><ele>490.0</ele></trkpt><trkpt lat="35.05907" lon="-82.90582999999998"><ele>487.4646180998534</ele></trkpt><trkpt lat="35.05897" lon="-82.90561000000002"><ele>489.77128666453063</ele></trkpt><trkpt lat="35.05888" lon="-82.90550000000002"><ele>486.0</ele></trkpt><trkpt lat="35.05886" lon="-82.90539999999999"><ele>487.41910219426774</ele></trkpt><trkpt lat="35.05892" lon="-82.90539000000001"><ele>488.9464839363236</ele></trkpt><trkpt lat="35.05898" lon="-82.90541999999999"><ele>490.0</ele></trkpt><trkpt lat="35.05911" lon="-82.90555999999998"><ele>492.4693282343671</ele></trkpt><trkpt lat="35.05921" lon="-82.90573"><ele>493.0</ele></trkpt><trkpt lat="35.05936" lon="-82.90613000000002"><ele>496.0</ele></trkpt><trkpt lat="35.05968" lon="-82.90663"><ele>496.0</ele></trkpt><trkpt lat="35.05981" lon="-82.90665000000001"><ele>497.0</ele></trkpt><trkpt lat="35.06" lon="-82.90661999999998"><ele>497.03213866613805</ele></trkpt><trkpt lat="35.06014" lon="-82.90652999999998"><ele>492.8378346655518</ele></trkpt><trkpt lat="35.06028" lon="-82.90640000000002"><ele>487.6455188728869</ele></trkpt><trkpt lat="35.06034" lon="-82.90640000000002"><ele>485.2294660434127</ele></trkpt><trkpt lat="35.06036" lon="-82.90645"><ele>483.90038194729357</ele></trkpt><trkpt lat="35.06036" lon="-82.90652"><ele>481.7189803160727</ele></trkpt><trkpt lat="35.06041" lon="-82.90660000000003"><ele>479.34413900692016</ele></trkpt><trkpt lat="35.06049" lon="-82.90663"><ele>479.49817244522274</ele></trkpt><trkpt lat="35.06074" lon="-82.90686"><ele>476.67266565654427</ele></trkpt><trkpt lat="35.06081" lon="-82.90699000000001"><ele>475.27538844477385</ele></trkpt><trkpt lat="35.0609" lon="-82.90706999999998"><ele>478.0</ele></trkpt><trkpt lat="35.06097" lon="-82.90706999999998"><ele>476.0036586653441</ele></trkpt><trkpt lat="35.06114" lon="-82.90713"><ele>471.7361882229292</ele></trkpt><trkpt lat="35.06117" lon="-82.90721000000002"><ele>474.5281315566972</ele></trkpt><trkpt lat="35.06122" lon="-82.90724"><ele>474.9262328883633</ele></trkpt><trkpt lat="35.06126" lon="-82.90737000000001"><ele>475.85197906384127</ele></trkpt><trkpt lat="35.06124" lon="-82.90751999999998"><ele>471.0134822193698</ele></trkpt><trkpt lat="35.06115" lon="-82.90769"><ele>471.897752889432</ele></trkpt><trkpt lat="35.06117" lon="-82.90778"><ele>476.09205688908696</ele></trkpt><trkpt lat="35.06124" lon="-82.90782000000002"><ele>479.0</ele></trkpt><trkpt lat="35.06133" lon="-82.90780999999998"><ele>479.0</ele></trkpt><trkpt lat="35.06152" lon="-82.90758"><ele>468.771381332539</ele></trkpt><trkpt lat="35.06163" lon="-82.90739000000002"><ele>461.78372287750244</ele></trkpt><trkpt lat="35.06198" lon="-82.90724"><ele>466.9262328883633</ele></trkpt><trkpt lat="35.06214948275678" lon="-82.90721578817761"><ele>465.0</ele></trkpt><trkpt lat="35.06214948275678" lon="-82.90721578817761"><ele>465.0</ele></trkpt><trkpt lat="35.06219" lon="-82.90721000000002"><ele>465.0</ele></trkpt><trkpt lat="35.06223" lon="-82.90715999999998"><ele>464.0</ele></trkpt><trkpt lat="35.06223" lon="-82.90712000000002"><ele>463.20781322453774</ele></trkpt><trkpt lat="35.06214" lon="-82.90695"><ele>461.0</ele></trkpt><trkpt lat="35.06209" lon="-82.90674000000001"><ele>460.0</ele></trkpt><trkpt lat="35.06194" lon="-82.90659"><ele>458.0</ele></trkpt><trkpt lat="35.0619" lon="-82.9065"><ele>457.0</ele></trkpt><trkpt lat="35.06186" lon="-82.90649000000002"><ele>456.329487591498</ele></trkpt><trkpt lat="35.06181" lon="-82.90634999999997"><ele>456.67332899517396</ele></trkpt><trkpt lat="35.06178" lon="-82.90605"><ele>455.354229200784</ele></trkpt><trkpt lat="35.06181" lon="-82.90575000000001"><ele>458.23825335040567</ele></trkpt><trkpt lat="35.06177" lon="-82.90548999999999"><ele>463.1872027758509</ele></trkpt><trkpt lat="35.0617" lon="-82.90530000000001"><ele>459.7900906178335</ele></trkpt><trkpt lat="35.06154" lon="-82.9051"><ele>453.4329500560517</ele></trkpt><trkpt lat="35.06147" lon="-82.90496000000002"><ele>461.40099038288315</ele></trkpt><trkpt lat="35.0615" lon="-82.90462000000002"><ele>462.8147155381739</ele></trkpt><trkpt lat="35.06146" lon="-82.90444000000002"><ele>464.30262881209865</ele></trkpt><trkpt lat="35.06148" lon="-82.90438"><ele>465.67601480335</ele></trkpt><trkpt lat="35.06154" lon="-82.90440000000001"><ele>467.0</ele></trkpt><trkpt lat="35.06174" lon="-82.90476000000001"><ele>472.66136998078576</ele></trkpt><trkpt lat="35.06193" lon="-82.90490999999997"><ele>479.0</ele></trkpt><trkpt lat="35.06215" lon="-82.90499"><ele>485.75400842539966</ele></trkpt><trkpt lat="35.06236" lon="-82.90501999999998"><ele>492.0</ele></trkpt><trkpt lat="35.06265" lon="-82.90517999999997"><ele>500.0</ele></trkpt><trkpt lat="35.06303" lon="-82.90519999999998"><ele>504.0</ele></trkpt><trkpt lat="35.06328" lon="-82.9051"><ele>510.03123937817986</ele></trkpt><trkpt lat="35.06347" lon="-82.90474"><ele>513.3958935057744</ele></trkpt><trkpt lat="35.06354" lon="-82.90467999999998"><ele>513.6215857770294</ele></trkpt><trkpt lat="35.0637" lon="-82.90465"><ele>516.223484444432</ele></trkpt><trkpt lat="35.06403" lon="-82.90415999999999"><ele>520.9158928521616</ele></trkpt><trkpt lat="35.06416" lon="-82.90404000000001"><ele>521.0598233034834</ele></trkpt><trkpt lat="35.06435" lon="-82.904"><ele>521.7858184398152</ele></trkpt><trkpt lat="35.06478" lon="-82.90406999999999"><ele>523.1935253329575</ele></trkpt><trkpt lat="35.06488" lon="-82.90403000000003"><ele>522.3293902240694</ele></trkpt><trkpt lat="35.06499" lon="-82.90404999999998"><ele>522.6142847425253</ele></trkpt><trkpt lat="35.06506" lon="-82.90404000000001"><ele>521.7954240003601</ele></trkpt><trkpt lat="35.06507641130263" lon="-82.9040427352171"><ele>521.4805844379589</ele></trkpt><trkpt lat="35.06512" lon="-82.90404999999998"><ele>521.2614577775821</ele></trkpt><trkpt lat="35.0652" lon="-82.90412000000003"><ele>523.5236942237243</ele></trkpt><trkpt lat="35.06521" lon="-82.90417000000002"><ele>524.0</ele></trkpt><trkpt lat="35.06536" lon="-82.90417000000002"><ele>525.0</ele></trkpt><trkpt lat="35.06548" lon="-82.90411"><ele>526.9423395553604</ele></trkpt><trkpt lat="35.06553" lon="-82.90402"><ele>529.0</ele></trkpt><trkpt lat="35.06554" lon="-82.90393"><ele>531.0</ele></trkpt><trkpt lat="35.06554" lon="-82.90393"><ele>531.0</ele></trkpt><trkpt lat="35.06556" lon="-82.90377999999998"><ele>532.0</ele></trkpt><trkpt lat="35.06563" lon="-82.90367000000003"><ele>534.0</ele></trkpt><trkpt lat="35.06597" lon="-82.90352999999999"><ele>539.0</ele></trkpt><trkpt lat="35.06597" lon="-82.90352999999999"><ele>539.0</ele></trkpt><trkpt lat="35.06606" lon="-82.90346999999997"><ele>539.0</ele></trkpt><trkpt lat="35.06637" lon="-82.90339"><ele>537.0</ele></trkpt><trkpt lat="35.0667" lon="-82.90322000000003"><ele>538.5146760314495</ele></trkpt><trkpt lat="35.06692" lon="-82.90305999999998"><ele>543.0</ele></trkpt><trkpt lat="35.06712" lon="-82.90300000000002"><ele>546.8006758708507</ele></trkpt><trkpt lat="35.06741" lon="-82.90286000000003"><ele>551.8649629760617</ele></trkpt><trkpt lat="35.06741" lon="-82.90286000000003"><ele>551.8649629760617</ele></trkpt><trkpt lat="35.06743" lon="-82.90283"><ele>551.405336888507</ele></trkpt><trkpt lat="35.06743" lon="-82.90283"><ele>551.405336888507</ele></trkpt><trkpt lat="35.06757" lon="-82.90262000000001"><ele>554.4232801422477</ele></trkpt><trkpt lat="35.06769" lon="-82.90229999999997"><ele>552.4864729337717</ele></trkpt><trkpt lat="35.06748" lon="-82.90197999999998"><ele>556.2075342237949</ele></trkpt><trkpt lat="35.06742" lon="-82.90165000000002"><ele>558.8337847605748</ele></trkpt><trkpt lat="35.0673" lon="-82.90127000000001"><ele>553.753768183291</ele></trkpt><trkpt lat="35.06716" lon="-82.90107999999998"><ele>555.2288091974333</ele></trkpt><trkpt lat="35.06713" lon="-82.90098999999998"><ele>556.5873162188973</ele></trkpt><trkpt lat="35.06713" lon="-82.90082000000001"><ele>557.370065541938</ele></trkpt><trkpt lat="35.06704" lon="-82.90055000000001"><ele>554.2455610111356</ele></trkpt><trkpt lat="35.06689" lon="-82.90039000000002"><ele>555.3069048877805</ele></trkpt><trkpt lat="35.06645" lon="-82.90034000000003"><ele>555.6370737757534</ele></trkpt><trkpt lat="35.06597" lon="-82.90016000000003"><ele>551.3470107223839</ele></trkpt><trkpt lat="35.06597" lon="-82.90016000000003"><ele>551.3470107223839</ele></trkpt><trkpt lat="35.06583" lon="-82.90010999999998"><ele>554.5812985412133</ele></trkpt><trkpt lat="35.06569" lon="-82.89994999999999"><ele>552.8834331726803</ele></trkpt><trkpt lat="35.06556" lon="-82.89985999999999"><ele>551.0066951122135</ele></trkpt><trkpt lat="35.06556" lon="-82.89985999999999"><ele>551.0066951122135</ele></trkpt><trkpt lat="35.06546" lon="-82.89992000000001"><ele>550.0</ele></trkpt><trkpt lat="35.06522" lon="-82.90028999999998"><ele>545.6304204853581</ele></trkpt><trkpt lat="35.06507" lon="-82.90046999999998"><ele>544.0</ele></trkpt><trkpt lat="35.06475" lon="-82.90071"><ele>542.0562021969412</ele></trkpt><trkpt lat="35.06447" lon="-82.90070000000003"><ele>546.8717878744321</ele></trkpt><trkpt lat="35.0644" lon="-82.90073000000001"><ele>547.0</ele></trkpt><trkpt lat="35.06435" lon="-82.90078"><ele>546.1207417550199</ele></trkpt><trkpt lat="35.06424" lon="-82.90094999999997"><ele>543.0</ele></trkpt><trkpt lat="35.06393" lon="-82.90114"><ele>536.5233025504276</ele></trkpt><trkpt lat="35.06373" lon="-82.90112999999997"><ele>534.0</ele></trkpt><trkpt lat="35.06348" lon="-82.90103999999997"><ele>530.0080529088436</ele></trkpt><trkpt lat="35.06348" lon="-82.90103999999997"><ele>530.0080529088436</ele></trkpt><trkpt lat="35.06351" lon="-82.90091000000001"><ele>531.2368683428294</ele></trkpt><trkpt lat="35.06378" lon="-82.90053999999998"><ele>530.5108633616841</ele></trkpt><trkpt lat="35.06384" lon="-82.90034000000003"><ele>529.4075535740703</ele></trkpt><trkpt lat="35.06416" lon="-82.90003000000002"><ele>526.1580369106255</ele></trkpt><trkpt lat="35.06427" lon="-82.89998000000003"><ele>524.5857102237642</ele></trkpt><trkpt lat="35.06434" lon="-82.89999999999998"><ele>522.2521306381585</ele></trkpt><trkpt lat="35.06449" lon="-82.90021000000002"><ele>519.2508731773123</ele></trkpt><trkpt lat="35.0646" lon="-82.90030000000002"><ele>521.3408227902178</ele></trkpt><trkpt lat="35.0647" lon="-82.90030999999999"><ele>522.9748845680516</ele></trkpt><trkpt lat="35.06475" lon="-82.90026"><ele>522.4919470818713</ele></trkpt><trkpt lat="35.06482" lon="-82.90012999999999"><ele>521.842904523015</ele></trkpt><trkpt lat="35.06485" lon="-82.89999"><ele>520.1252829625603</ele></trkpt><trkpt lat="35.06482" lon="-82.89981"><ele>520.68580904603</ele></trkpt><trkpt lat="35.06483" lon="-82.89963999999998"><ele>518.4122781511396</ele></trkpt><trkpt lat="35.0648" lon="-82.89947000000001"><ele>519.7041574772447</ele></trkpt><trkpt lat="35.06482" lon="-82.89916"><ele>519.842904523015</ele></trkpt><trkpt lat="35.06487" lon="-82.89895000000001"><ele>523.3795467205346</ele></trkpt><trkpt lat="35.06496" lon="-82.89875999999998"><ele>524.5437309937552</ele></trkpt><trkpt lat="35.06513" lon="-82.89864999999998"><ele>527.6032177768648</ele></trkpt><trkpt lat="35.06524" lon="-82.89864999999998"><ele>524.8465608283877</ele></trkpt><trkpt lat="35.06542" lon="-82.89872000000003"><ele>523.0</ele></trkpt><trkpt lat="35.06552" lon="-82.89868999999999"><ele>525.1665798081085</ele></trkpt><trkpt lat="35.06597" lon="-82.89792999999997"><ele>527.3701147222891</ele></trkpt><trkpt lat="35.06597" lon="-82.89792999999997"><ele>527.3701147222891</ele></trkpt><trkpt lat="35.06611" lon="-82.89767999999998"><ele>523.6906197182834</ele></trkpt><trkpt lat="35.06617" lon="-82.89731"><ele>523.7089751865715</ele></trkpt><trkpt lat="35.06633" lon="-82.89704999999998"><ele>521.9931600320247</ele></trkpt><trkpt lat="35.06651" lon="-82.89657"><ele>525.045462333908</ele></trkpt><trkpt lat="35.06664" lon="-82.89645999999999"><ele>527.0118741262704</ele></trkpt><trkpt lat="35.06683" lon="-82.89639"><ele>528.5679897479713</ele></trkpt><trkpt lat="35.06704" lon="-82.89643000000001"><ele>530.5995493234839</ele></trkpt><trkpt lat="35.06711" lon="-82.89634999999998"><ele>531.6467351568863</ele></trkpt><trkpt lat="35.06715" lon="-82.89634000000001"><ele>531.4663098912542</ele></trkpt><trkpt lat="35.0671686519939" lon="-82.89634639496933"><ele>531.3536269897434</ele></trkpt><trkpt lat="35.067204117715654" lon="-82.89635855461177"><ele>531.8141226926818</ele></trkpt><trkpt lat="35.0675" lon="-82.89645999999999"><ele>530.8750648424029</ele></trkpt><trkpt lat="35.06765" lon="-82.89616999999998"><ele>536.0525235690068</ele></trkpt><trkpt lat="35.06771" lon="-82.89614"><ele>538.0235253944993</ele></trkpt><trkpt lat="35.0678" lon="-82.89616000000001"><ele>537.2695617909018</ele></trkpt><trkpt lat="35.06802" lon="-82.89636000000002"><ele>537.7629653345793</ele></trkpt><trkpt lat="35.06811" lon="-82.89639999999997"><ele>538.7456177771091</ele></trkpt><trkpt lat="35.06836" lon="-82.89638000000002"><ele>541.0</ele></trkpt><trkpt lat="35.06863" lon="-82.89643999999998"><ele>541.6958779771351</ele></trkpt><trkpt lat="35.06874" lon="-82.89632"><ele>541.0007409551803</ele></trkpt><trkpt lat="35.06889" lon="-82.89603"><ele>540.0</ele></trkpt><trkpt lat="35.06896" lon="-82.89597000000003"><ele>538.303968951285</ele></trkpt><trkpt lat="35.06901" lon="-82.89597000000003"><ele>537.8775993158662</ele></trkpt><trkpt lat="35.0691" lon="-82.89600999999999"><ele>534.4588086642325</ele></trkpt><trkpt lat="35.06918" lon="-82.89616999999998"><ele>531.8071576729417</ele></trkpt><trkpt lat="35.06924" lon="-82.89645999999999"><ele>527.7103573290385</ele></trkpt><trkpt lat="35.06924" lon="-82.89672000000002"><ele>525.0</ele></trkpt><trkpt lat="35.06929" lon="-82.89679000000001"><ele>525.0</ele></trkpt><trkpt lat="35.06935" lon="-82.89679999999998"><ele>525.0</ele></trkpt><trkpt lat="35.06941" lon="-82.89674000000002"><ele>523.8072682134807</ele></trkpt><trkpt lat="35.06958" lon="-82.89642000000003"><ele>522.0</ele></trkpt><trkpt lat="35.06971" lon="-82.89632"><ele>525.0047693901907</ele></trkpt><trkpt lat="35.06993" lon="-82.89632"><ele>524.2119933811762</ele></trkpt><trkpt lat="35.07001" lon="-82.89636999999999"><ele>522.2233856249592</ele></trkpt><trkpt lat="35.07016" lon="-82.89652999999998"><ele>522.0817332615377</ele></trkpt><trkpt lat="35.07022" lon="-82.89652000000001"><ele>523.3148152306676</ele></trkpt><trkpt lat="35.07027" lon="-82.89643999999998"><ele>525.0</ele></trkpt><trkpt lat="35.07028" lon="-82.89634999999998"><ele>525.0</ele></trkpt><trkpt lat="35.07016" lon="-82.89605"><ele>529.4639133512974</ele></trkpt><trkpt lat="35.07012" lon="-82.89578"><ele>531.6207060869783</ele></trkpt><trkpt lat="35.07025" lon="-82.89557000000002"><ele>536.0014939246989</ele></trkpt><trkpt lat="35.07062" lon="-82.89521000000002"><ele>538.352655874029</ele></trkpt><trkpt lat="35.07062" lon="-82.89516000000003"><ele>538.1300046171731</ele></trkpt><trkpt lat="35.07046" lon="-82.89494000000002"><ele>542.2760194158182</ele></trkpt><trkpt lat="35.07041" lon="-82.89480000000003"><ele>543.109557785309</ele></trkpt><trkpt lat="35.07042" lon="-82.89472"><ele>543.8372569450717</ele></trkpt><trkpt lat="35.07051" lon="-82.89463"><ele>544.0854103108868</ele></trkpt><trkpt lat="35.07064" lon="-82.89463"><ele>546.2576391110197</ele></trkpt><trkpt lat="35.07074" lon="-82.89468999999997"><ele>547.1254704538458</ele></trkpt><trkpt lat="35.071" lon="-82.89495999999997"><ele>550.4642609984896</ele></trkpt><trkpt lat="35.07135" lon="-82.89526000000001"><ele>556.0</ele></trkpt><trkpt lat="35.07152" lon="-82.89549"><ele>559.2224996697921</ele></trkpt><trkpt lat="35.07163" lon="-82.89558"><ele>560.2110137288522</ele></trkpt><trkpt lat="35.07202" lon="-82.89573000000001"><ele>561.809972897172</ele></trkpt><trkpt lat="35.07221" lon="-82.89582999999999"><ele>564.0</ele></trkpt><trkpt lat="35.07235" lon="-82.89582999999999"><ele>564.181692443788</ele></trkpt><trkpt lat="35.07256" lon="-82.89571999999998"><ele>561.6142819141969</ele></trkpt><trkpt lat="35.07262" lon="-82.89562000000001"><ele>560.9755278229713</ele></trkpt><trkpt lat="35.07266" lon="-82.89540999999997"><ele>557.1540395040333</ele></trkpt><trkpt lat="35.07264" lon="-82.89528000000001"><ele>555.1143839806318</ele></trkpt><trkpt lat="35.07247" lon="-82.8949"><ele>552.9097703518377</ele></trkpt><trkpt lat="35.07192" lon="-82.89447000000001"><ele>538.8241191419295</ele></trkpt><trkpt lat="35.0715" lon="-82.89405999999997"><ele>532.0</ele></trkpt><trkpt lat="35.07088" lon="-82.89386000000002"><ele>522.0</ele></trkpt><trkpt lat="35.07065" lon="-82.89368000000002"><ele>515.0</ele></trkpt><trkpt lat="35.06988" lon="-82.89364"><ele>502.0</ele></trkpt><trkpt lat="35.06956" lon="-82.89372000000003"><ele>499.9596916982208</ele></trkpt><trkpt lat="35.06946" lon="-82.89373"><ele>498.34185114192087</ele></trkpt><trkpt lat="35.06918" lon="-82.89341999999999"><ele>489.8803227903556</ele></trkpt><trkpt lat="35.06905" lon="-82.89332999999999"><ele>485.4673519033032</ele></trkpt><trkpt lat="35.06892" lon="-82.89332000000002"><ele>481.4386605399179</ele></trkpt><trkpt lat="35.0687" lon="-82.89346"><ele>475.73168711178005</ele></trkpt><trkpt lat="35.06825" lon="-82.89294000000001"><ele>468.0</ele></trkpt><trkpt lat="35.06813" lon="-82.89287000000002"><ele>465.23569422308356</ele></trkpt><trkpt lat="35.06771" lon="-82.89285000000001"><ele>453.57854499683464</ele></trkpt><trkpt lat="35.06736" lon="-82.8929"><ele>444.2953786673553</ele></trkpt><trkpt lat="35.06719" lon="-82.89287999999999"><ele>437.6380186016502</ele></trkpt><trkpt lat="35.06709" lon="-82.89282000000003"><ele>433.0</ele></trkpt><trkpt lat="35.06696" lon="-82.89282000000003"><ele>430.5959759512916</ele></trkpt><trkpt lat="35.06683" lon="-82.89287000000002"><ele>426.832281345644</ele></trkpt><trkpt lat="35.06661" lon="-82.89310999999998"><ele>420.52379025891423</ele></trkpt><trkpt lat="35.06653" lon="-82.89314999999999"><ele>416.43258269527195</ele></trkpt><trkpt lat="35.0665" lon="-82.89314999999999"><ele>417.50134751573205</ele></trkpt><trkpt lat="35.06621" lon="-82.89279999999997"><ele>415.97345777601004</ele></trkpt><trkpt lat="35.06608" lon="-82.89274"><ele>416.69633527933297</ele></trkpt><trkpt lat="35.06597" lon="-82.89276000000001"><ele>414.4306516125798</ele></trkpt><trkpt lat="35.06597" lon="-82.89276000000001"><ele>414.4306516125798</ele></trkpt><trkpt lat="35.06578" lon="-82.89285999999998"><ele>411.3872091349273</ele></trkpt><trkpt lat="35.06547" lon="-82.89312000000001"><ele>406.75632311473544</ele></trkpt><trkpt lat="35.06501" lon="-82.89310999999998"><ele>403.4205048875883</ele></trkpt><trkpt lat="35.06499081250483" lon="-82.89312065971956"><ele>403.4858114840463</ele></trkpt><trkpt lat="35.064995314508955" lon="-82.8931181586189"><ele>403.6255845176056</ele></trkpt><trkpt lat="35.06474" lon="-82.89326"><ele>394.7073260749015</ele></trkpt><trkpt lat="35.06455" lon="-82.89330000000001"><ele>390.3405672183603</ele></trkpt><trkpt lat="35.06441" lon="-82.89327000000003"><ele>386.0</ele></trkpt><trkpt lat="35.06423" lon="-82.89305999999999"><ele>379.2499839402735</ele></trkpt><trkpt lat="35.06397" lon="-82.89294999999998"><ele>372.9639644436538</ele></trkpt><trkpt lat="35.06391" lon="-82.89282000000003"><ele>371.0301963612437</ele></trkpt><trkpt lat="35.06392" lon="-82.89274"><ele>371.59956364147365</ele></trkpt><trkpt lat="35.06399" lon="-82.89269999999999"><ele>371.59808139866317</ele></trkpt><trkpt lat="35.06407" lon="-82.89270999999997"><ele>369.67000896237994</ele></trkpt><trkpt lat="35.06429" lon="-82.89283"><ele>368.5813313837049</ele></trkpt><trkpt lat="35.06437" lon="-82.89282000000003"><ele>369.2002691188092</ele></trkpt><trkpt lat="35.06451" lon="-82.89256"><ele>367.0</ele></trkpt><trkpt lat="35.06454" lon="-82.89246000000003"><ele>366.0</ele></trkpt><trkpt lat="35.06453" lon="-82.89218"><ele>365.33109965734184</ele></trkpt><trkpt lat="35.06457" lon="-82.89199000000002"><ele>364.69654563478883</ele></trkpt><trkpt lat="35.06465" lon="-82.89195000000001"><ele>362.6621945097069</ele></trkpt><trkpt lat="35.0649" lon="-82.89197999999999"><ele>358.0</ele></trkpt><trkpt lat="35.06495" lon="-82.89192000000003"><ele>353.96248533483595</ele></trkpt><trkpt lat="35.06499" lon="-82.89177999999998"><ele>354.52226568199694</ele></trkpt><trkpt lat="35.06498" lon="-82.89170000000001"><ele>353.96656470839974</ele></trkpt><trkpt lat="35.06486" lon="-82.89139999999998"><ele>355.76138978160606</ele></trkpt><trkpt lat="35.06485" lon="-82.89134000000001"><ele>354.5138458366687</ele></trkpt><trkpt lat="35.0649" lon="-82.89121999999998"><ele>351.47545345862</ele></trkpt><trkpt lat="35.06538" lon="-82.89076999999997"><ele>343.1968193495827</ele></trkpt><trkpt lat="35.06566" lon="-82.89056"><ele>342.8622468211185</ele></trkpt><trkpt lat="35.06588" lon="-82.89044000000001"><ele>343.19482710853873</ele></trkpt><trkpt lat="35.06588" lon="-82.89044000000001"><ele>343.19482710853873</ele></trkpt><trkpt lat="35.06597" lon="-82.89039000000002"><ele>340.65931733418256</ele></trkpt><trkpt lat="35.06597" lon="-82.89039000000002"><ele>340.65931733418256</ele></trkpt><trkpt lat="35.06613" lon="-82.89026999999999"><ele>340.4314437061548</ele></trkpt><trkpt lat="35.06645" lon="-82.88945000000001"><ele>340.5553639212697</ele></trkpt><trkpt lat="35.06668" lon="-82.88905"><ele>343.80080319599676</ele></trkpt><trkpt lat="35.06687" lon="-82.88878999999997"><ele>342.6598696457222</ele></trkpt><trkpt lat="35.06736" lon="-82.88842"><ele>340.0</ele></trkpt><trkpt lat="35.06768" lon="-82.88810999999998"><ele>339.0</ele></trkpt><trkpt lat="35.06808" lon="-82.88785999999999"><ele>339.7527715554461</ele></trkpt><trkpt lat="35.06857" lon="-82.88765000000001"><ele>339.0</ele></trkpt><trkpt lat="35.06911" lon="-82.88749000000001"><ele>340.0</ele></trkpt><trkpt lat="35.06959" lon="-82.88738999999998"><ele>340.849183999002</ele></trkpt><trkpt lat="35.0698" lon="-82.88725"><ele>340.0</ele></trkpt><trkpt lat="35.07002" lon="-82.88716"><ele>340.0</ele></trkpt><trkpt lat="35.07028" lon="-82.88716"><ele>340.0</ele></trkpt><trkpt lat="35.07048" lon="-82.88725999999997"><ele>344.48697073115636</ele></trkpt><trkpt lat="35.07062" lon="-82.88737000000003"><ele>346.0913215726614</ele></trkpt><trkpt lat="35.07071" lon="-82.88740999999999"><ele>352.43210177123547</ele></trkpt><trkpt lat="35.07086" lon="-82.88731000000001"><ele>357.36363481450826</ele></trkpt><trkpt lat="35.071001808689005" lon="-82.88730383440486"><ele>351.14144141524645</ele></trkpt><trkpt lat="35.07100995229685" lon="-82.88730348033812"><ele>350.81707551237196</ele></trkpt><trkpt lat="35.07109" lon="-82.88729999999998"><ele>349.30975999869406</ele></trkpt><trkpt lat="35.07131" lon="-82.88731000000001"><ele>350.1209137784317</ele></trkpt><trkpt lat="35.0715" lon="-82.88738999999998"><ele>353.0793799712612</ele></trkpt><trkpt lat="35.07158" lon="-82.88738999999998"><ele>356.849183999002</ele></trkpt><trkpt lat="35.07164" lon="-82.88736"><ele>355.90216533467174</ele></trkpt><trkpt lat="35.07169" lon="-82.88720999999998"><ele>342.92115199938416</ele></trkpt><trkpt lat="35.07169" lon="-82.88720999999998"><ele>342.92115199938416</ele></trkpt><trkpt lat="35.0717" lon="-82.88653999999997"><ele>343.6664316714198</ele></trkpt><trkpt lat="35.0717" lon="-82.88653999999997"><ele>343.6664316714198</ele></trkpt><trkpt lat="35.07171" lon="-82.88648"><ele>345.0883886427623</ele></trkpt><trkpt lat="35.07166" lon="-82.88639"><ele>345.23437364366583</ele></trkpt><trkpt lat="35.07151" lon="-82.88621999999998"><ele>344.5207382633574</ele></trkpt><trkpt lat="35.07146" lon="-82.88614000000001"><ele>343.9223482608795</ele></trkpt><trkpt lat="35.07143" lon="-82.88598000000002"><ele>343.0</ele></trkpt><trkpt lat="35.07143" lon="-82.88598000000002"><ele>343.0</ele></trkpt><trkpt lat="35.07139" lon="-82.88590999999997"><ele>342.0</ele></trkpt><trkpt lat="35.07139" lon="-82.88590999999997"><ele>342.0</ele></trkpt><trkpt lat="35.07123" lon="-82.88581999999997"><ele>340.43696503502355</ele></trkpt><trkpt lat="35.07123" lon="-82.88581999999997"><ele>340.43696503502355</ele></trkpt><trkpt lat="35.0711" lon="-82.88581999999997"><ele>341.0</ele></trkpt><trkpt lat="35.07081" lon="-82.88593000000003"><ele>342.0</ele></trkpt><trkpt lat="35.06979" lon="-82.88590999999997"><ele>344.0</ele></trkpt><trkpt lat="35.06834" lon="-82.88612"><ele>345.33710577804595</ele></trkpt><trkpt lat="35.06799" lon="-82.88608999999997"><ele>347.0</ele></trkpt><trkpt lat="35.06761" lon="-82.88611000000003"><ele>347.80313955433667</ele></trkpt><trkpt lat="35.06742" lon="-82.88614000000001"><ele>345.0</ele></trkpt><trkpt lat="35.06717" lon="-82.88623999999999"><ele>343.83466164528335</ele></trkpt><trkpt lat="35.06704" lon="-82.8861"><ele>345.0</ele></trkpt><trkpt lat="35.06666" lon="-82.88587999999999"><ele>348.8129863333842</ele></trkpt><trkpt lat="35.06661" lon="-82.88587000000001"><ele>347.7527144620101</ele></trkpt><trkpt lat="35.06637" lon="-82.88594"><ele>347.7522233565217</ele></trkpt><trkpt lat="35.06611" lon="-82.88578000000001"><ele>348.7606634853511</ele></trkpt><trkpt lat="35.06597" lon="-82.88576"><ele>349.11432177759707</ele></trkpt><trkpt lat="35.06597" lon="-82.88576"><ele>349.11432177759707</ele></trkpt><trkpt lat="35.06542" lon="-82.88589999999999"><ele>351.0032121116113</ele></trkpt><trkpt lat="35.06542" lon="-82.88589999999999"><ele>351.0032121116113</ele></trkpt><trkpt lat="35.06525" lon="-82.88576"><ele>355.67396649718285</ele></trkpt><trkpt lat="35.06512" lon="-82.88571000000002"><ele>365.03371741730615</ele></trkpt><trkpt lat="35.064568465398665" lon="-82.88561958449156"><ele>394.1369481449947</ele></trkpt><trkpt lat="35.064567930333745" lon="-82.88561949674391"><ele>394.17150257434696</ele></trkpt><trkpt lat="35.06451" lon="-82.88560999999999"><ele>397.084663995931</ele></trkpt><trkpt lat="35.06446" lon="-82.88558"><ele>398.1737624270609</ele></trkpt><trkpt lat="35.0644" lon="-82.88545999999997"><ele>398.0</ele></trkpt><trkpt lat="35.06434" lon="-82.88540999999998"><ele>397.7202505606844</ele></trkpt><trkpt lat="35.06429" lon="-82.88531"><ele>400.0286538083384</ele></trkpt><trkpt lat="35.06422" lon="-82.88527999999997"><ele>402.48394311219454</ele></trkpt><trkpt lat="35.06413" lon="-82.88508999999999"><ele>411.15023260457474</ele></trkpt><trkpt lat="35.06397" lon="-82.88503000000003"><ele>422.13478755392134</ele></trkpt><trkpt lat="35.06374" lon="-82.88502"><ele>431.2498580701649</ele></trkpt><trkpt lat="35.06359" lon="-82.88481000000002"><ele>448.3875306658447</ele></trkpt><trkpt lat="35.06345" lon="-82.88481999999999"><ele>447.92149688955396</ele></trkpt><trkpt lat="35.06345" lon="-82.88481999999999"><ele>447.92149688955396</ele></trkpt><trkpt lat="35.06305" lon="-82.88512000000003"><ele>448.9404835542664</ele></trkpt><trkpt lat="35.06266" lon="-82.88524999999998"><ele>440.0</ele></trkpt><trkpt lat="35.06256" lon="-82.88531999999998"><ele>440.4535542652011</ele></trkpt><trkpt lat="35.06227" lon="-82.88580999999999"><ele>446.43905887566507</ele></trkpt><trkpt lat="35.06191" lon="-82.88623999999999"><ele>424.74470044486225</ele></trkpt><trkpt lat="35.06165" lon="-82.88704000000001"><ele>421.7020018836624</ele></trkpt><trkpt lat="35.06137" lon="-82.88724000000002"><ele>417.0</ele></trkpt><trkpt lat="35.06127" lon="-82.88737000000003"><ele>414.0596491317887</ele></trkpt><trkpt lat="35.06117" lon="-82.88812999999999"><ele>411.0</ele></trkpt><trkpt lat="35.06111" lon="-82.88841000000002"><ele>401.99080923447855</ele></trkpt><trkpt lat="35.0606" lon="-82.88929000000002"><ele>393.0</ele></trkpt><trkpt lat="35.06036" lon="-82.88983000000002"><ele>376.90921879559755</ele></trkpt><trkpt lat="35.06032" lon="-82.88981000000001"><ele>374.0295090165423</ele></trkpt><trkpt lat="35.06024" lon="-82.88961999999998"><ele>368.0944864716626</ele></trkpt><trkpt lat="35.06026" lon="-82.88929000000002"><ele>368.4315948113799</ele></trkpt><trkpt lat="35.0605" lon="-82.88866999999999"><ele>365.3815280115232</ele></trkpt><trkpt lat="35.06049" lon="-82.88846000000001"><ele>360.3106770273298</ele></trkpt><trkpt lat="35.06041" lon="-82.88839000000002"><ele>354.8895441998012</ele></trkpt><trkpt lat="35.06021" lon="-82.88837999999998"><ele>349.0</ele></trkpt><trkpt lat="35.06007" lon="-82.88821999999999"><ele>346.0</ele></trkpt><trkpt lat="35.05992" lon="-82.88815999999997"><ele>344.0</ele></trkpt><trkpt lat="35.05971" lon="-82.88839999999999"><ele>341.0</ele></trkpt><trkpt lat="35.05971" lon="-82.88839999999999"><ele>341.0</ele></trkpt><trkpt lat="35.05963" lon="-82.88839999999999"><ele>340.0</ele></trkpt><trkpt lat="35.05963" lon="-82.88839999999999"><ele>340.0</ele></trkpt><trkpt lat="35.05955" lon="-82.88853"><ele>341.00476057459355</ele></trkpt><trkpt lat="35.05954" lon="-82.88899000000004"><ele>340.0</ele></trkpt><trkpt lat="35.05951" lon="-82.88913000000002"><ele>340.0</ele></trkpt><trkpt lat="35.05922" lon="-82.88965999999999"><ele>340.0</ele></trkpt><trkpt lat="35.05887" lon="-82.88999000000001"><ele>339.90547226041923</ele></trkpt><trkpt lat="35.05881" lon="-82.89008000000001"><ele>340.26627560794515</ele></trkpt><trkpt lat="35.05865" lon="-82.89048000000003"><ele>341.0</ele></trkpt><trkpt lat="35.05842" lon="-82.89118000000002"><ele>341.0</ele></trkpt><trkpt lat="35.0583" lon="-82.89166"><ele>342.3738540802151</ele></trkpt><trkpt lat="35.05827" lon="-82.89170999999999"><ele>343.06745295785106</ele></trkpt><trkpt lat="35.0582" lon="-82.89166999999998"><ele>346.6883591124788</ele></trkpt><trkpt lat="35.05811" lon="-82.89141999999998"><ele>353.0</ele></trkpt><trkpt lat="35.05798" lon="-82.89129000000003"><ele>354.3567872825312</ele></trkpt><trkpt lat="35.05797" lon="-82.89116000000001"><ele>355.6177259515971</ele></trkpt><trkpt lat="35.05805" lon="-82.89107999999999"><ele>355.79138736706227</ele></trkpt><trkpt lat="35.05805" lon="-82.89102000000003"><ele>357.58759003225714</ele></trkpt><trkpt lat="35.05794" lon="-82.89098000000001"><ele>361.734560243434</ele></trkpt><trkpt lat="35.05786" lon="-82.89096999999998"><ele>364.42422399669886</ele></trkpt><trkpt lat="35.05786" lon="-82.89096999999998"><ele>364.42422399669886</ele></trkpt><trkpt lat="35.05759" lon="-82.89101"><ele>370.90888482240314</ele></trkpt><trkpt lat="35.05739" lon="-82.89107000000001"><ele>374.4133924465717</ele></trkpt><trkpt lat="35.05744" lon="-82.89125999999999"><ele>379.0</ele></trkpt><trkpt lat="35.05738" lon="-82.89129000000003"><ele>380.7517463117838</ele></trkpt><trkpt lat="35.05716" lon="-82.89125000000001"><ele>386.4661228711318</ele></trkpt><trkpt lat="35.05692" lon="-82.89123999999998"><ele>396.9404711201787</ele></trkpt><trkpt lat="35.05674" lon="-82.89112"><ele>404.0</ele></trkpt><trkpt lat="35.05665" lon="-82.89109000000002"><ele>404.8062156770361</ele></trkpt><trkpt lat="35.05665" lon="-82.89109000000002"><ele>404.8062156770361</ele></trkpt><trkpt lat="35.05665058405747" lon="-82.89109089326439"><ele>404.7668261845784</ele></trkpt><trkpt lat="35.05664999999999" lon="-82.89109000000002"><ele>404.8062156770361</ele></trkpt><trkpt lat="35.05665" lon="-82.89109000000002"><ele>404.8062156770361</ele></trkpt><trkpt lat="35.05665" lon="-82.89109000000002"><ele>404.8062156770361</ele></trkpt><trkpt lat="35.05651" lon="-82.89102000000003"><ele>409.96110933087766</ele></trkpt><trkpt lat="35.05632" lon="-82.89100000000002"><ele>412.9039320051212</ele></trkpt><trkpt lat="35.05603" lon="-82.8911"><ele>420.25228444393724</ele></trkpt><trkpt lat="35.05561" lon="-82.89093000000003"><ele>426.26588947194136</ele></trkpt><trkpt lat="35.05549" lon="-82.89116999999999"><ele>430.990048000589</ele></trkpt><trkpt lat="35.05545" lon="-82.89121"><ele>430.1259128889069</ele></trkpt><trkpt lat="35.05533" lon="-82.89114000000001"><ele>433.0</ele></trkpt><trkpt lat="35.0553" lon="-82.89107000000001"><ele>434.1100149508802</ele></trkpt><trkpt lat="35.05529" lon="-82.89096"><ele>436.77675733249635</ele></trkpt><trkpt lat="35.05541" lon="-82.89048000000003"><ele>448.2396087711677</ele></trkpt><trkpt lat="35.05538" lon="-82.89012000000002"><ele>457.30890116654336</ele></trkpt><trkpt lat="35.05533" lon="-82.88995"><ele>460.38493744283915</ele></trkpt><trkpt lat="35.05527" lon="-82.88981999999999"><ele>462.0275333169848</ele></trkpt><trkpt lat="35.05513" lon="-82.88965000000002"><ele>464.0</ele></trkpt><trkpt lat="35.055" lon="-82.88959999999997"><ele>466.0519107883667</ele></trkpt><trkpt lat="35.055" lon="-82.88959999999997"><ele>466.0519107883667</ele></trkpt><trkpt lat="35.05478" lon="-82.88947000000002"><ele>469.55724361911416</ele></trkpt><trkpt lat="35.05405" lon="-82.88929999999999"><ele>480.8616355545819</ele></trkpt><trkpt lat="35.05352" lon="-82.88875000000002"><ele>488.5047316402197</ele></trkpt><trkpt lat="35.05343" lon="-82.88859000000002"><ele>492.6283819898963</ele></trkpt><trkpt lat="35.05341" lon="-82.88837999999998"><ele>497.0103326232094</ele></trkpt><trkpt lat="35.05351" lon="-82.88797999999997"><ele>497.92597359605134</ele></trkpt><trkpt lat="35.05367" lon="-82.8877"><ele>499.0</ele></trkpt><trkpt lat="35.05379" lon="-82.88738999999998"><ele>500.0</ele></trkpt><trkpt lat="35.05378999999998" lon="-82.88738999999998"><ele>500.0</ele></trkpt><trkpt lat="35.05379" lon="-82.88738999999998"><ele>500.0</ele></trkpt><trkpt lat="35.05396" lon="-82.88720999999998"><ele>501.5443069059402</ele></trkpt><trkpt lat="35.054" lon="-82.88698999999997"><ele>502.0</ele></trkpt><trkpt lat="35.05408" lon="-82.8868"><ele>504.0</ele></trkpt><trkpt lat="35.05408" lon="-82.8868"><ele>504.0</ele></trkpt><trkpt lat="35.05422" lon="-82.88656000000003"><ele>504.0</ele></trkpt><trkpt lat="35.05431" lon="-82.88632999999999"><ele>503.0</ele></trkpt><trkpt lat="35.05432" lon="-82.88616999999999"><ele>502.03907519578934</ele></trkpt><trkpt lat="35.05428" lon="-82.88590999999997"><ele>500.7618742585182</ele></trkpt><trkpt lat="35.0543" lon="-82.88576"><ele>497.7975307319365</ele></trkpt><trkpt lat="35.05436" lon="-82.88567"><ele>496.691374222748</ele></trkpt><trkpt lat="35.05461" lon="-82.88545999999997"><ele>491.0</ele></trkpt><trkpt lat="35.05463" lon="-82.88538"><ele>490.1763946665451</ele></trkpt><trkpt lat="35.05462" lon="-82.88530000000003"><ele>490.0</ele></trkpt><trkpt lat="35.05462" lon="-82.88530000000003"><ele>490.0</ele></trkpt><trkpt lat="35.05431" lon="-82.88539000000003"><ele>488.4528350192307</ele></trkpt><trkpt lat="35.05404" lon="-82.88531999999998"><ele>481.4788840524852</ele></trkpt><trkpt lat="35.05378" lon="-82.88529"><ele>478.0</ele></trkpt><trkpt lat="35.05378" lon="-82.88529"><ele>478.0</ele></trkpt><trkpt lat="35.05373" lon="-82.88527999999997"><ele>476.76752954845784</ele></trkpt><trkpt lat="35.05373" lon="-82.88527999999997"><ele>476.76752954845784</ele></trkpt><trkpt lat="35.05367" lon="-82.88526000000002"><ele>477.0</ele></trkpt><trkpt lat="35.05361" lon="-82.88539000000003"><ele>478.0</ele></trkpt><trkpt lat="35.05362" lon="-82.88553000000002"><ele>479.0</ele></trkpt><trkpt lat="35.05349" lon="-82.88603999999998"><ele>480.26409175318497</ele></trkpt><trkpt lat="35.05338" lon="-82.88614000000001"><ele>480.09259521321127</ele></trkpt><trkpt lat="35.05324" lon="-82.88617999999997"><ele>482.0</ele></trkpt><trkpt lat="35.05318" lon="-82.88625000000002"><ele>481.8995286874675</ele></trkpt><trkpt lat="35.05317" lon="-82.88638000000003"><ele>482.4300068374723</ele></trkpt><trkpt lat="35.05302" lon="-82.88666"><ele>483.9387686997652</ele></trkpt><trkpt lat="35.05291" lon="-82.88677000000001"><ele>485.0</ele></trkpt><trkpt lat="35.05273" lon="-82.88684999999998"><ele>485.68335999920964</ele></trkpt><trkpt lat="35.05258" lon="-82.88677999999999"><ele>486.0</ele></trkpt><trkpt lat="35.05258" lon="-82.88657999999998"><ele>486.98186542466283</ele></trkpt><trkpt lat="35.0526" lon="-82.88641000000001"><ele>487.1204420533031</ele></trkpt><trkpt lat="35.05256" lon="-82.88629000000003"><ele>488.0</ele></trkpt><trkpt lat="35.05246" lon="-82.88626999999997"><ele>487.3465991122648</ele></trkpt><trkpt lat="35.05234" lon="-82.88634000000002"><ele>489.6235786557339</ele></trkpt><trkpt lat="35.05218" lon="-82.88638000000003"><ele>490.0</ele></trkpt><trkpt lat="35.05212" lon="-82.88637"><ele>490.3137386664748</ele></trkpt><trkpt lat="35.05203" lon="-82.88612999999998"><ele>491.6711174249649</ele></trkpt><trkpt lat="35.05203" lon="-82.88587999999999"><ele>492.0</ele></trkpt><trkpt lat="35.05189" lon="-82.88580000000002"><ele>492.7759126693062</ele></trkpt><trkpt lat="35.05182" lon="-82.88584000000003"><ele>490.8441543934988</ele></trkpt><trkpt lat="35.05162" lon="-82.88607000000002"><ele>493.890029223322</ele></trkpt><trkpt lat="35.05138" lon="-82.88603999999998"><ele>494.7331540072337</ele></trkpt><trkpt lat="35.05131" lon="-82.88596000000001"><ele>496.0</ele></trkpt><trkpt lat="35.05119" lon="-82.88589999999999"><ele>496.3492325456777</ele></trkpt><trkpt lat="35.0511" lon="-82.88580999999999"><ele>495.78668587313837</ele></trkpt><trkpt lat="35.05107" lon="-82.88571000000002"><ele>494.02908515637574</ele></trkpt><trkpt lat="35.05097" lon="-82.88553999999999"><ele>492.32736153528094</ele></trkpt><trkpt lat="35.05086" lon="-82.88553999999999"><ele>492.0</ele></trkpt><trkpt lat="35.0508" lon="-82.88567"><ele>493.0</ele></trkpt><trkpt lat="35.05077" lon="-82.88594999999998"><ele>495.0</ele></trkpt><trkpt lat="35.05069" lon="-82.8861"><ele>495.0</ele></trkpt><trkpt lat="35.05074" lon="-82.88635999999997"><ele>496.7659915294498</ele></trkpt><trkpt lat="35.05071" lon="-82.88664"><ele>498.9510312807013</ele></trkpt><trkpt lat="35.05066" lon="-82.88671"><ele>499.838694463484</ele></trkpt><trkpt lat="35.05052" lon="-82.88677000000001"><ele>499.9550897786394</ele></trkpt><trkpt lat="35.050110000407344" lon="-82.88673000040626"><ele>501.0336437308356</ele></trkpt><trkpt lat="35.050110000407344" lon="-82.88673000040626"><ele>501.0336437308356</ele></trkpt><trkpt lat="35.05011" lon="-82.88673"><ele>501.0336346198802</ele></trkpt><trkpt lat="35.05004" lon="-82.88648"><ele>503.0</ele></trkpt><trkpt lat="35.04997" lon="-82.88639"><ele>504.0</ele></trkpt><trkpt lat="35.04963" lon="-82.88653999999997"><ele>505.0</ele></trkpt><trkpt lat="35.04944" lon="-82.88680999999997"><ele>506.0</ele></trkpt><trkpt lat="35.0492" lon="-82.88698999999997"><ele>507.43357947282493</ele></trkpt><trkpt lat="35.04906" lon="-82.88671"><ele>508.0</ele></trkpt><trkpt lat="35.04887" lon="-82.88653"><ele>509.21927612274885</ele></trkpt><trkpt lat="35.04902" lon="-82.88612999999998"><ele>512.3196674920619</ele></trkpt><trkpt lat="35.04901" lon="-82.88581999999997"><ele>513.0</ele></trkpt><trkpt lat="35.04898" lon="-82.88565"><ele>514.0</ele></trkpt><trkpt lat="35.04911" lon="-82.88533999999999"><ele>515.0</ele></trkpt><trkpt lat="35.04935" lon="-82.88508000000002"><ele>517.1259915692589</ele></trkpt><trkpt lat="35.04951412737237" lon="-82.88493481040138"><ele>518.3849631839283</ele></trkpt><trkpt lat="35.049553119748566" lon="-82.88490031720806"><ele>518.5490659731859</ele></trkpt><trkpt lat="35.04961" lon="-82.88485000000003"><ele>519.4319614714043</ele></trkpt><trkpt lat="35.04961" lon="-82.88475"><ele>519.0</ele></trkpt><trkpt lat="35.04958" lon="-82.88468999999998"><ele>519.7853904148658</ele></trkpt><trkpt lat="35.04944" lon="-82.88454999999999"><ele>520.1154052412999</ele></trkpt><trkpt lat="35.04926" lon="-82.88443000000001"><ele>519.0968142217025</ele></trkpt><trkpt lat="35.04905" lon="-82.88448"><ele>519.5332906674594</ele></trkpt><trkpt lat="35.0487" lon="-82.88464999999997"><ele>520.9838966926042</ele></trkpt><trkpt lat="35.04853" lon="-82.88467000000003"><ele>521.0</ele></trkpt><trkpt lat="35.04839" lon="-82.88452999999998"><ele>521.4364764448255</ele></trkpt><trkpt lat="35.04804" lon="-82.88432"><ele>522.6365954325879</ele></trkpt><trkpt lat="35.04799" lon="-82.88425999999998"><ele>523.019388445653</ele></trkpt><trkpt lat="35.04799" lon="-82.88425999999998"><ele>523.019388445653</ele></trkpt><trkpt lat="35.04791" lon="-82.88416999999998"><ele>524.0281766497869</ele></trkpt><trkpt lat="35.04779" lon="-82.88414"><ele>524.6117937779054</ele></trkpt><trkpt lat="35.04779" lon="-82.88414"><ele>524.6117937779054</ele></trkpt><trkpt lat="35.0477" lon="-82.88449000000003"><ele>525.8224981259555</ele></trkpt><trkpt lat="35.04769" lon="-82.88503000000003"><ele>522.0</ele></trkpt><trkpt lat="35.04766" lon="-82.88524999999998"><ele>522.2057317590874</ele></trkpt><trkpt lat="35.04758" lon="-82.88539000000003"><ele>526.4198551773292</ele></trkpt><trkpt lat="35.04732" lon="-82.88544999999999"><ele>526.0</ele></trkpt><trkpt lat="35.04714" lon="-82.88560000000001"><ele>520.5708622215316</ele></trkpt><trkpt lat="35.047" lon="-82.88574"><ele>516.3866363978013</ele></trkpt><trkpt lat="35.04692" lon="-82.88589999999999"><ele>516.8139650113881</ele></trkpt><trkpt lat="35.04689" lon="-82.88605999999999"><ele>514.1333084451035</ele></trkpt><trkpt lat="35.04658" lon="-82.88635"><ele>514.0</ele></trkpt><trkpt lat="35.04649" lon="-82.88638000000003"><ele>511.2982501257211</ele></trkpt><trkpt lat="35.04633" lon="-82.88648999999998"><ele>505.0938560003415</ele></trkpt><trkpt lat="35.04611" lon="-82.88652000000002"><ele>508.0</ele></trkpt><trkpt lat="35.04598" lon="-82.88659000000001"><ele>512.4153415839576</ele></trkpt><trkpt lat="35.04596" lon="-82.88675"><ele>515.0</ele></trkpt><trkpt lat="35.046" lon="-82.88692000000003"><ele>515.5947103314102</ele></trkpt><trkpt lat="35.04601" lon="-82.88713999999999"><ele>513.8321796506135</ele></trkpt><trkpt lat="35.04596" lon="-82.88740999999999"><ele>516.7433586120605</ele></trkpt><trkpt lat="35.04595" lon="-82.8877"><ele>517.0</ele></trkpt><trkpt lat="35.04586" lon="-82.88782000000003"><ele>511.1113635543734</ele></trkpt><trkpt lat="35.04574" lon="-82.88785999999999"><ele>509.2472284445539</ele></trkpt><trkpt lat="35.04566" lon="-82.88794999999999"><ele>508.90052604563846</ele></trkpt><trkpt lat="35.04563" lon="-82.88817"><ele>508.72524239604684</ele></trkpt><trkpt lat="35.04569" lon="-82.88846999999998"><ele>510.04361500359425</ele></trkpt><trkpt lat="35.04576" lon="-82.88863000000003"><ele>512.0</ele></trkpt><trkpt lat="35.04595" lon="-82.88887"><ele>514.0</ele></trkpt><trkpt lat="35.04601870849923" lon="-82.88901366322568"><ele>514.2269578631716</ele></trkpt><trkpt lat="35.04603745857139" lon="-82.8890528678968"><ele>514.0</ele></trkpt><trkpt lat="35.04606" lon="-82.88909999999998"><ele>514.0</ele></trkpt><trkpt lat="35.04617" lon="-82.88922000000002"><ele>511.86663466505706</ele></trkpt><trkpt lat="35.04616" lon="-82.88929999999999"><ele>510.1383644454181</ele></trkpt><trkpt lat="35.04611" lon="-82.88943999999998"><ele>505.613891556859</ele></trkpt><trkpt lat="35.04602" lon="-82.88958000000002"><ele>506.45622542500496</ele></trkpt><trkpt lat="35.04597" lon="-82.88988"><ele>508.3024371676147</ele></trkpt><trkpt lat="35.04591" lon="-82.88995"><ele>510.71788896247745</ele></trkpt><trkpt lat="35.04589" lon="-82.89004"><ele>511.0</ele></trkpt><trkpt lat="35.04596" lon="-82.89026999999999"><ele>513.8802655001944</ele></trkpt><trkpt lat="35.04595" lon="-82.89064000000002"><ele>520.1367569586798</ele></trkpt><trkpt lat="35.04605" lon="-82.89105999999998"><ele>528.0</ele></trkpt><trkpt lat="35.04603" lon="-82.89112"><ele>529.0</ele></trkpt><trkpt lat="35.04589" lon="-82.89121999999998"><ele>531.9511492306749</ele></trkpt><trkpt lat="35.04584" lon="-82.89132999999998"><ele>531.8612556077862</ele></trkpt><trkpt lat="35.04568" lon="-82.89184"><ele>534.0</ele></trkpt><trkpt lat="35.04565" lon="-82.89261999999997"><ele>537.3030405409115</ele></trkpt><trkpt lat="35.04559" lon="-82.89278999999999"><ele>538.4598637769526</ele></trkpt><trkpt lat="35.04551" lon="-82.89292999999998"><ele>538.9836529554667</ele></trkpt><trkpt lat="35.04541" lon="-82.89300000000003"><ele>539.0</ele></trkpt><trkpt lat="35.04523" lon="-82.89303000000001"><ele>536.0</ele></trkpt><trkpt lat="35.04523" lon="-82.89303000000001"><ele>536.0</ele></trkpt><trkpt lat="35.04517" lon="-82.89305000000002"><ele>536.0</ele></trkpt><trkpt lat="35.04491" lon="-82.89332999999999"><ele>537.7587861389383</ele></trkpt><trkpt lat="35.04488" lon="-82.89346"><ele>536.0937539528373</ele></trkpt><trkpt lat="35.04475" lon="-82.89363000000003"><ele>535.0</ele></trkpt><trkpt lat="35.04442" lon="-82.89391"><ele>530.0</ele></trkpt><trkpt lat="35.04415" lon="-82.89405"><ele>530.0</ele></trkpt><trkpt lat="35.04354" lon="-82.89454"><ele>524.3897611165572</ele></trkpt><trkpt lat="35.04308" lon="-82.89501999999999"><ele>523.0</ele></trkpt><trkpt lat="35.04258" lon="-82.89512000000002"><ele>521.0</ele></trkpt><trkpt lat="35.04201" lon="-82.89584000000002"><ele>520.7474638213491</ele></trkpt><trkpt lat="35.040923672180504" lon="-82.89675790490173"><ele>520.1905608829941</ele></trkpt><trkpt lat="35.04090835555442" lon="-82.89677084793004"><ele>520.0</ele></trkpt><trkpt lat="35.04072" lon="-82.89693"><ele>518.5545920003206</ele></trkpt><trkpt lat="35.04011" lon="-82.89758999999998"><ele>515.689958869204</ele></trkpt><trkpt lat="35.03945" lon="-82.89825000000002"><ele>502.4551263750634</ele></trkpt><trkpt lat="35.03916" lon="-82.89832999999999"><ele>497.3696619551629</ele></trkpt><trkpt lat="35.0388" lon="-82.89819"><ele>496.92857128647177</ele></trkpt><trkpt lat="35.03829" lon="-82.89819"><ele>487.0894786475889</ele></trkpt><trkpt lat="35.03776" lon="-82.89828"><ele>479.0</ele></trkpt><trkpt lat="35.03779" lon="-82.89789000000002"><ele>475.0</ele></trkpt><trkpt lat="35.03796" lon="-82.89769999999999"><ele>471.0</ele></trkpt><trkpt lat="35.03821" lon="-82.89771000000002"><ele>467.0</ele></trkpt><trkpt lat="35.03829" lon="-82.89765"><ele>466.0</ele></trkpt><trkpt lat="35.03821" lon="-82.89740999999998"><ele>463.81502933241427</ele></trkpt><trkpt lat="35.03823" lon="-82.89693"><ele>456.51472673551024</ele></trkpt><trkpt lat="35.03847" lon="-82.89679000000001"><ele>452.93789227483995</ele></trkpt><trkpt lat="35.0385" lon="-82.89663999999999"><ele>453.0910346813972</ele></trkpt><trkpt lat="35.03817" lon="-82.89654000000002"><ele>446.51813509932606</ele></trkpt><trkpt lat="35.03745" lon="-82.89657999999997"><ele>431.86577422358096</ele></trkpt><trkpt lat="35.03727" lon="-82.89627000000002"><ele>430.0</ele></trkpt><trkpt lat="35.03718" lon="-82.89585999999997"><ele>427.0</ele></trkpt><trkpt lat="35.03714" lon="-82.89507000000003"><ele>419.0</ele></trkpt><trkpt lat="35.03673" lon="-82.89508000000001"><ele>415.0</ele></trkpt><trkpt lat="35.03647" lon="-82.89526999999998"><ele>410.0</ele></trkpt><trkpt lat="35.03582" lon="-82.89544999999998"><ele>405.8750926209971</ele></trkpt><trkpt lat="35.03536" lon="-82.89584000000002"><ele>395.9192701172436</ele></trkpt><trkpt lat="35.03533" lon="-82.89598000000001"><ele>397.47105327248573</ele></trkpt><trkpt lat="35.03534" lon="-82.89612999999997"><ele>395.0597950876609</ele></trkpt><trkpt lat="35.03557" lon="-82.89621"><ele>391.83240475226194</ele></trkpt><trkpt lat="35.03562" lon="-82.89634999999998"><ele>391.9846791094169</ele></trkpt><trkpt lat="35.0354" lon="-82.89672000000002"><ele>394.0312918572768</ele></trkpt><trkpt lat="35.0354" lon="-82.89711999999997"><ele>394.0</ele></trkpt><trkpt lat="35.03549" lon="-82.89778000000001"><ele>393.0</ele></trkpt><trkpt lat="35.0354" lon="-82.89783999999997"><ele>393.0</ele></trkpt><trkpt lat="35.0351" lon="-82.89787000000001"><ele>392.99304912142156</ele></trkpt><trkpt lat="35.03475" lon="-82.89780000000002"><ele>389.0</ele></trkpt><trkpt lat="35.03446857453977" lon="-82.89761020143379"><ele>389.7147485347485</ele></trkpt><trkpt lat="35.03447855549673" lon="-82.89761693259925"><ele>389.3586515713346</ele></trkpt><trkpt lat="35.03432" lon="-82.89751000000001"><ele>382.79925715089627</ele></trkpt><trkpt lat="35.03409" lon="-82.89710000000002"><ele>377.0</ele></trkpt><trkpt lat="35.03376" lon="-82.89688000000001"><ele>371.73882057856895</ele></trkpt><trkpt lat="35.03382" lon="-82.89665000000002"><ele>369.49141190610845</ele></trkpt><trkpt lat="35.03419" lon="-82.89633000000003"><ele>361.6620038822293</ele></trkpt><trkpt lat="35.034351995652" lon="-82.89608194415786"><ele>360.95379080437317</ele></trkpt><trkpt lat="35.034351995652" lon="-82.89608194415786"><ele>360.95379080437317</ele></trkpt><trkpt lat="35.03451" lon="-82.89584000000002"><ele>362.0</ele></trkpt><trkpt lat="35.03453" lon="-82.89576"><ele>362.0</ele></trkpt><trkpt lat="35.03453" lon="-82.89576"><ele>362.0</ele></trkpt><trkpt lat="35.03453" lon="-82.89571000000001"><ele>362.0</ele></trkpt><trkpt lat="35.03453" lon="-82.89571000000001"><ele>362.0</ele></trkpt><trkpt lat="35.03447" lon="-82.89558999999997"><ele>362.0031182235107</ele></trkpt><trkpt lat="35.03431" lon="-82.89561000000003"><ele>363.0</ele></trkpt><trkpt lat="35.034" lon="-82.89576999999997"><ele>365.0</ele></trkpt><trkpt lat="35.03377" lon="-82.89593000000002"><ele>366.0</ele></trkpt><trkpt lat="35.03362" lon="-82.89598000000001"><ele>367.39023401995655</ele></trkpt><trkpt lat="35.0335" lon="-82.89591000000001"><ele>368.09325917623937</ele></trkpt><trkpt lat="35.03347" lon="-82.89571999999998"><ele>369.0</ele></trkpt><trkpt lat="35.03348" lon="-82.89528999999999"><ele>372.7684303559363</ele></trkpt><trkpt lat="35.03405" lon="-82.89461"><ele>379.67295200209276</ele></trkpt><trkpt lat="35.03412" lon="-82.89447999999999"><ele>380.0</ele></trkpt><trkpt lat="35.03409" lon="-82.89435000000003"><ele>380.0</ele></trkpt><trkpt lat="35.0338" lon="-82.89407"><ele>382.0</ele></trkpt><trkpt lat="35.03346" lon="-82.89402999999999"><ele>381.40877511166036</ele></trkpt><trkpt lat="35.03322" lon="-82.89416"><ele>383.0</ele></trkpt><trkpt lat="35.03315" lon="-82.89432999999997"><ele>384.0</ele></trkpt><trkpt lat="35.03305" lon="-82.89436999999998"><ele>384.0</ele></trkpt><trkpt lat="35.03296" lon="-82.89427"><ele>385.0</ele></trkpt><trkpt lat="35.03291" lon="-82.89413000000002"><ele>385.0</ele></trkpt><trkpt lat="35.03283" lon="-82.89405999999997"><ele>385.30628622323275</ele></trkpt><trkpt lat="35.03252" lon="-82.89400999999998"><ele>387.0</ele></trkpt><trkpt lat="35.03226" lon="-82.89373999999998"><ele>390.0</ele></trkpt><trkpt lat="35.0321" lon="-82.89339999999999"><ele>391.0291198470986</ele></trkpt><trkpt lat="35.03187" lon="-82.89319"><ele>392.0</ele></trkpt><trkpt lat="35.03178" lon="-82.89303999999998"><ele>391.9890080365008</ele></trkpt><trkpt lat="35.03179" lon="-82.89274"><ele>392.9871491128579</ele></trkpt><trkpt lat="35.03165" lon="-82.89240000000001"><ele>390.6142014041543</ele></trkpt><trkpt lat="35.0316" lon="-82.89219000000003"><ele>390.0</ele></trkpt><trkpt lat="35.0316" lon="-82.89188999999999"><ele>389.0</ele></trkpt><trkpt lat="35.03157" lon="-82.89170000000001"><ele>390.12212854251266</ele></trkpt><trkpt lat="35.03137" lon="-82.89134000000001"><ele>387.0457634775653</ele></trkpt><trkpt lat="35.03137" lon="-82.89134000000001"><ele>387.0457634775653</ele></trkpt><trkpt lat="35.03137" lon="-82.89134000000001"><ele>387.0457634775653</ele></trkpt><trkpt lat="35.03125" lon="-82.89076999999997"><ele>389.0</ele></trkpt><trkpt lat="35.0312" lon="-82.89064000000002"><ele>389.0</ele></trkpt><trkpt lat="35.03113656119298" lon="-82.88986967162907"><ele>390.35837892815573</ele></trkpt><trkpt lat="35.03113799951152" lon="-82.88988713688877"><ele>390.0</ele></trkpt><trkpt lat="35.03113" lon="-82.88979"><ele>391.0</ele></trkpt><trkpt lat="35.03127" lon="-82.88936999999999"><ele>392.0</ele></trkpt><trkpt lat="35.03163" lon="-82.88872000000003"><ele>395.9117844374891</ele></trkpt><trkpt lat="35.03166" lon="-82.88857000000002"><ele>396.3421740802005</ele></trkpt><trkpt lat="35.03161" lon="-82.88837999999998"><ele>397.0</ele></trkpt><trkpt lat="35.03172" lon="-82.88809000000003"><ele>398.28208030477157</ele></trkpt><trkpt lat="35.03199" lon="-82.88709"><ele>402.00460296092393</ele></trkpt><trkpt lat="35.03214" lon="-82.88679000000002"><ele>403.4455868302125</ele></trkpt><trkpt lat="35.03227" lon="-82.88662999999997"><ele>401.0</ele></trkpt><trkpt lat="35.0323" lon="-82.88652000000002"><ele>402.7276856761351</ele></trkpt><trkpt lat="35.03233" lon="-82.88596000000001"><ele>404.88292344962923</ele></trkpt><trkpt lat="35.03221" lon="-82.88566000000003"><ele>403.0</ele></trkpt><trkpt lat="35.03224" lon="-82.88535000000002"><ele>407.193725399673</ele></trkpt><trkpt lat="35.03222" lon="-82.88472999999999"><ele>403.0554324798286</ele></trkpt><trkpt lat="35.03228" lon="-82.88405999999998"><ele>406.0</ele></trkpt><trkpt lat="35.03221" lon="-82.88395000000003"><ele>406.0</ele></trkpt><trkpt lat="35.03228" lon="-82.88326999999998"><ele>404.5533313547502</ele></trkpt><trkpt lat="35.03241" lon="-82.88296000000003"><ele>405.0</ele></trkpt><trkpt lat="35.03243" lon="-82.88278000000003"><ele>405.0075220130384</ele></trkpt><trkpt lat="35.03264" lon="-82.88245999999998"><ele>406.0</ele></trkpt><trkpt lat="35.03273" lon="-82.88241"><ele>407.0</ele></trkpt><trkpt lat="35.03273" lon="-82.88241"><ele>407.0</ele></trkpt><trkpt lat="35.03272" lon="-82.88236999999998"><ele>406.41306655760854</ele></trkpt><trkpt lat="35.03272" lon="-82.88236999999998"><ele>406.41306655760854</ele></trkpt><trkpt lat="35.0327" lon="-82.88234"><ele>405.0</ele></trkpt><trkpt lat="35.0327" lon="-82.88234"><ele>405.0</ele></trkpt><trkpt lat="35.03265" lon="-82.88220999999999"><ele>407.0</ele></trkpt><trkpt lat="35.03269" lon="-82.88216999999997"><ele>406.42044800147414</ele></trkpt><trkpt lat="35.03269" lon="-82.88216999999997"><ele>406.42044800147414</ele></trkpt><trkpt lat="35.03292" lon="-82.88193999999999"><ele>407.1041496396065</ele></trkpt><trkpt lat="35.03311" lon="-82.88162999999997"><ele>408.463811147048</ele></trkpt><trkpt lat="35.03323" lon="-82.88153"><ele>409.0</ele></trkpt><trkpt lat="35.03337" lon="-82.88130000000001"><ele>409.47523305412267</ele></trkpt><trkpt lat="35.03357" lon="-82.88116000000002"><ele>409.0</ele></trkpt><trkpt lat="35.03374" lon="-82.88085999999998"><ele>410.0</ele></trkpt><trkpt lat="35.03374" lon="-82.88085999999998"><ele>410.0</ele></trkpt><trkpt lat="35.03385" lon="-82.88045"><ele>411.65112677817814</ele></trkpt><trkpt lat="35.03379" lon="-82.88009999999997"><ele>411.0649789959408</ele></trkpt><trkpt lat="35.03367" lon="-82.87991999999997"><ele>412.0</ele></trkpt><trkpt lat="35.03365" lon="-82.87958000000003"><ele>414.512565795915</ele></trkpt><trkpt lat="35.03367" lon="-82.87928999999997"><ele>415.0</ele></trkpt><trkpt lat="35.03367099167352" lon="-82.87928851248972"><ele>415.0</ele></trkpt><trkpt lat="35.03367" lon="-82.87928999999997"><ele>415.0</ele></trkpt><trkpt lat="35.03373" lon="-82.87919999999997"><ele>416.0</ele></trkpt><trkpt lat="35.03369" lon="-82.87905"><ele>416.7207041606307</ele></trkpt><trkpt lat="35.03368" lon="-82.87874999999997"><ele>416.0</ele></trkpt><trkpt lat="35.03361" lon="-82.87822"><ele>419.83254662528634</ele></trkpt><trkpt lat="35.03368" lon="-82.87806999999998"><ele>418.0</ele></trkpt><trkpt lat="35.03374" lon="-82.87756000000002"><ele>422.0</ele></trkpt><trkpt lat="35.03389" lon="-82.87729999999999"><ele>420.06450185193773</ele></trkpt><trkpt lat="35.03391" lon="-82.87700000000001"><ele>421.912841477993</ele></trkpt><trkpt lat="35.03387" lon="-82.87689"><ele>423.0167598670673</ele></trkpt><trkpt lat="35.03387" lon="-82.87664999999998"><ele>423.0344652775675</ele></trkpt><trkpt lat="35.03389" lon="-82.87623000000002"><ele>422.21911927521893</ele></trkpt><trkpt lat="35.03389" lon="-82.87623000000002"><ele>422.21911927521893</ele></trkpt><trkpt lat="35.03397" lon="-82.87621999999999"><ele>424.0</ele></trkpt><trkpt lat="35.03397" lon="-82.87621999999999"><ele>424.0</ele></trkpt><trkpt lat="35.03406" lon="-82.87619000000001"><ele>425.0</ele></trkpt><trkpt lat="35.0341" lon="-82.87538999999998"><ele>427.0</ele></trkpt><trkpt lat="35.03416" lon="-82.87522000000001"><ele>427.5288574658334</ele></trkpt><trkpt lat="35.03414" lon="-82.87495999999999"><ele>428.0</ele></trkpt><trkpt lat="35.03422" lon="-82.87484999999998"><ele>429.0</ele></trkpt><trkpt lat="35.03422" lon="-82.87484999999998"><ele>429.0</ele></trkpt><trkpt lat="35.03442" lon="-82.87475999999998"><ele>427.26932347379625</ele></trkpt><trkpt lat="35.03442" lon="-82.87475999999998"><ele>427.26932347379625</ele></trkpt><trkpt lat="35.03455" lon="-82.87430999999998"><ele>429.0</ele></trkpt><trkpt lat="35.03455" lon="-82.87430999999998"><ele>429.0</ele></trkpt><trkpt lat="35.03456" lon="-82.87385"><ele>430.0</ele></trkpt><trkpt lat="35.03451000026074" lon="-82.8735600050872"><ele>431.6082034688443</ele></trkpt><trkpt lat="35.03451000026074" lon="-82.8735600050872"><ele>431.6082034688443</ele></trkpt><trkpt lat="35.03451" lon="-82.87356"><ele>431.60821830667555</ele></trkpt><trkpt lat="35.03458" lon="-82.87281999999999"><ele>434.0</ele></trkpt><trkpt lat="35.03465" lon="-82.87270999999998"><ele>433.4553792810407</ele></trkpt><trkpt lat="35.03462" lon="-82.87242000000003"><ele>435.1283077625287</ele></trkpt><trkpt lat="35.03458" lon="-82.87083000000001"><ele>440.3759197611362</ele></trkpt><trkpt lat="35.03452" lon="-82.87056999999999"><ele>440.0</ele></trkpt><trkpt lat="35.03444" lon="-82.87040000000002"><ele>439.55811759668205</ele></trkpt><trkpt lat="35.03444" lon="-82.87040000000002"><ele>439.55811759668205</ele></trkpt><trkpt lat="35.03433" lon="-82.8691"><ele>445.93047066404256</ele></trkpt><trkpt lat="35.034423045934986" lon="-82.86885988145809"><ele>447.0</ele></trkpt><trkpt lat="35.03442896900228" lon="-82.868844186427"><ele>447.0</ele></trkpt><trkpt lat="35.03442909881407" lon="-82.86884426145491"><ele>447.0</ele></trkpt><trkpt lat="35.03464" lon="-82.86829999999998"><ele>448.7908979654312</ele></trkpt><trkpt lat="35.03478" lon="-82.86775999999998"><ele>449.25969711118705</ele></trkpt><trkpt lat="35.03478" lon="-82.86775999999998"><ele>449.25969711118705</ele></trkpt><trkpt lat="35.03489304113874" lon="-82.86752522225032"><ele>449.0</ele></trkpt><trkpt lat="35.03489304113874" lon="-82.86752522225032"><ele>449.0</ele></trkpt><trkpt lat="35.03491" lon="-82.86748999999998"><ele>450.0</ele></trkpt><trkpt lat="35.03491" lon="-82.86748999999998"><ele>450.0</ele></trkpt><trkpt lat="35.03493" lon="-82.86739999999998"><ele>450.0734717956891</ele></trkpt><trkpt lat="35.03493" lon="-82.86739999999998"><ele>450.0734717956891</ele></trkpt><trkpt lat="35.03517" lon="-82.86734000000001"><ele>454.95664766058326</ele></trkpt><trkpt lat="35.03524" lon="-82.86725000000001"><ele>458.94081790931523</ele></trkpt><trkpt lat="35.035249327282884" lon="-82.8670727816251"><ele>458.47083832585065</ele></trkpt><trkpt lat="35.03524970181995" lon="-82.86706566542131"><ele>458.328614263841</ele></trkpt><trkpt lat="35.03525" lon="-82.86705999999998"><ele>458.20527613467243</ele></trkpt><trkpt lat="35.03532" lon="-82.86694999999997"><ele>460.49415951035917</ele></trkpt><trkpt lat="35.03542" lon="-82.86664000000002"><ele>459.86085655233603</ele></trkpt><trkpt lat="35.03546" lon="-82.86633999999998"><ele>460.46251804195344</ele></trkpt><trkpt lat="35.03558" lon="-82.86590999999999"><ele>460.10117983818054</ele></trkpt><trkpt lat="35.03567" lon="-82.86571000000004"><ele>458.0</ele></trkpt><trkpt lat="35.03583" lon="-82.86562000000004"><ele>459.0</ele></trkpt><trkpt lat="35.03589" lon="-82.86552"><ele>460.5933167379436</ele></trkpt><trkpt lat="35.03591031429643" lon="-82.86541030279926"><ele>460.09308037161827</ele></trkpt><trkpt lat="35.035912909762274" lon="-82.86539628730418"><ele>460.24080704525113</ele></trkpt><trkpt lat="35.03594" lon="-82.86525"><ele>459.57636766283446</ele></trkpt><trkpt lat="35.03594" lon="-82.86525"><ele>459.57636766283446</ele></trkpt><trkpt lat="35.0359" lon="-82.86514"><ele>457.5324236411456</ele></trkpt><trkpt lat="35.0359" lon="-82.86514"><ele>457.5324236411456</ele></trkpt><trkpt lat="35.03589" lon="-82.86509999999998"><ele>458.88073654145194</ele></trkpt><trkpt lat="35.035893192754614" lon="-82.86503613449139"><ele>459.0</ele></trkpt><trkpt lat="35.035893192754614" lon="-82.86503613449139"><ele>459.0</ele></trkpt><trkpt lat="35.0359" lon="-82.86490000000003"><ele>459.0</ele></trkpt><trkpt lat="35.0359" lon="-82.86490000000003"><ele>459.0</ele></trkpt><trkpt lat="35.03582" lon="-82.86473000000001"><ele>459.0</ele></trkpt><trkpt lat="35.03588" lon="-82.86459000000002"><ele>460.4475777987006</ele></trkpt><trkpt lat="35.03582" lon="-82.86439000000001"><ele>461.0</ele></trkpt><trkpt lat="35.03595" lon="-82.86400000000003"><ele>463.0</ele></trkpt><trkpt lat="35.03591" lon="-82.86382000000003"><ele>465.0</ele></trkpt><trkpt lat="35.03591" lon="-82.86382000000003"><ele>465.0</ele></trkpt><trkpt lat="35.03593" lon="-82.86374"><ele>465.8549452166815</ele></trkpt><trkpt lat="35.035956800328016" lon="-82.86370128841509"><ele>466.0</ele></trkpt><trkpt lat="35.03595705646154" lon="-82.86370091845947"><ele>466.0</ele></trkpt><trkpt lat="35.03602" lon="-82.86361"><ele>466.2517150415243</ele></trkpt><trkpt lat="35.03608" lon="-82.86340000000001"><ele>468.0</ele></trkpt><trkpt lat="35.03613" lon="-82.86309"><ele>470.0</ele></trkpt><trkpt lat="35.03633" lon="-82.86265000000003"><ele>472.0</ele></trkpt><trkpt lat="35.03639" lon="-82.86239"><ele>470.76473955623806</ele></trkpt><trkpt lat="35.03641" lon="-82.86235999999997"><ele>469.66185892754834</ele></trkpt><trkpt lat="35.03655" lon="-82.86232000000001"><ele>467.0</ele></trkpt><trkpt lat="35.03657091628465" lon="-82.86229290711645"><ele>467.0</ele></trkpt><trkpt lat="35.03657" lon="-82.86226999999997"><ele>467.0</ele></trkpt><trkpt lat="35.03657" lon="-82.86226999999997"><ele>467.0</ele></trkpt><trkpt lat="35.03657" lon="-82.86208999999997"><ele>468.0</ele></trkpt><trkpt lat="35.03657" lon="-82.86208999999997"><ele>468.0</ele></trkpt><trkpt lat="35.03663" lon="-82.86202000000003"><ele>468.97092048176336</ele></trkpt><trkpt lat="35.03666" lon="-82.86193000000003"><ele>468.7502610518424</ele></trkpt><trkpt lat="35.03679" lon="-82.86194999999998"><ele>468.0</ele></trkpt><trkpt lat="35.03689" lon="-82.86185999999998"><ele>469.79889852298044</ele></trkpt><trkpt lat="35.03693666021445" lon="-82.8617589028687"><ele>471.0</ele></trkpt><trkpt lat="35.036935718296085" lon="-82.86176094370046"><ele>471.0</ele></trkpt><trkpt lat="35.03695" lon="-82.86172999999997"><ele>471.7257786951178</ele></trkpt><trkpt lat="35.03705" lon="-82.86130000000003"><ele>473.9625382785569</ele></trkpt><trkpt lat="35.03715" lon="-82.86117000000002"><ele>478.65306593850255</ele></trkpt><trkpt lat="35.03717" lon="-82.86100999999996"><ele>477.24350574892014</ele></trkpt><trkpt lat="35.03716" lon="-82.86076000000003"><ele>475.22224669903517</ele></trkpt><trkpt lat="35.03724" lon="-82.86059999999998"><ele>476.7756952866912</ele></trkpt><trkpt lat="35.03725" lon="-82.86041999999998"><ele>476.3448766749352</ele></trkpt><trkpt lat="35.03719" lon="-82.86027999999999"><ele>474.92978939786553</ele></trkpt><trkpt lat="35.03723" lon="-82.85985"><ele>479.0</ele></trkpt><trkpt lat="35.03744" lon="-82.85951999999997"><ele>483.17238159570843</ele></trkpt><trkpt lat="35.0376" lon="-82.85942999999997"><ele>483.81874133180827</ele></trkpt><trkpt lat="35.03762" lon="-82.85941000000003"><ele>482.88667377922684</ele></trkpt><trkpt lat="35.03768" lon="-82.85935"><ele>482.98369187744896</ele></trkpt><trkpt lat="35.03763" lon="-82.85919000000001"><ele>483.9738209992647</ele></trkpt><trkpt lat="35.03781" lon="-82.85899999999998"><ele>486.99843440949917</ele></trkpt><trkpt lat="35.03791" lon="-82.85895"><ele>490.40914932149667</ele></trkpt><trkpt lat="35.03795" lon="-82.85888999999997"><ele>490.1877468638122</ele></trkpt><trkpt lat="35.03795" lon="-82.85888999999997"><ele>490.1877468638122</ele></trkpt><trkpt lat="35.03818746317428" lon="-82.85858469020451"><ele>493.2987467280932</ele></trkpt><trkpt lat="35.03818742911582" lon="-82.85858473407347"><ele>493.29935891217923</ele></trkpt><trkpt lat="35.03823" lon="-82.85852999999997"><ele>493.1249905079603</ele></trkpt><trkpt lat="35.03836" lon="-82.85825999999997"><ele>488.29278933256865</ele></trkpt><trkpt lat="35.03845" lon="-82.85820000000001"><ele>486.1437354981899</ele></trkpt><trkpt lat="35.03845" lon="-82.85815000000002"><ele>484.1664177784696</ele></trkpt><trkpt lat="35.03851" lon="-82.85813999999999"><ele>483.70038400031626</ele></trkpt><trkpt lat="35.03857" lon="-82.85818999999998"><ele>487.04513979087733</ele></trkpt><trkpt lat="35.0387" lon="-82.85813999999999"><ele>487.1380302009973</ele></trkpt><trkpt lat="35.03885" lon="-82.85797000000002"><ele>484.2221902208403</ele></trkpt><trkpt lat="35.03893" lon="-82.85757999999998"><ele>486.9683385565877</ele></trkpt><trkpt lat="35.03903" lon="-82.85741999999999"><ele>489.04678441294686</ele></trkpt><trkpt lat="35.03916" lon="-82.85730999999998"><ele>491.04021840076894</ele></trkpt><trkpt lat="35.0392" lon="-82.85717999999997"><ele>494.336578309536</ele></trkpt><trkpt lat="35.0392" lon="-82.85703000000001"><ele>495.3464620436078</ele></trkpt><trkpt lat="35.03924" lon="-82.85692"><ele>497.93978571627156</ele></trkpt><trkpt lat="35.0393" lon="-82.85692"><ele>500.0</ele></trkpt><trkpt lat="35.03938" lon="-82.85683"><ele>498.6499591115862</ele></trkpt><trkpt lat="35.03949" lon="-82.85684000000003"><ele>500.0</ele></trkpt><trkpt lat="35.03967" lon="-82.85667000000001"><ele>499.0</ele></trkpt><trkpt lat="35.0398" lon="-82.85663999999997"><ele>499.7953173322603</ele></trkpt><trkpt lat="35.0398" lon="-82.85663999999997"><ele>499.7953173322603</ele></trkpt><trkpt lat="35.03981" lon="-82.85660000000001"><ele>499.0</ele></trkpt><trkpt lat="35.03981" lon="-82.85660000000001"><ele>499.0</ele></trkpt><trkpt lat="35.03968" lon="-82.85636999999997"><ele>501.65801881812513</ele></trkpt><trkpt lat="35.03978" lon="-82.85626000000002"><ele>502.0301123210654</ele></trkpt><trkpt lat="35.03987" lon="-82.85609999999997"><ele>501.80466889460433</ele></trkpt><trkpt lat="35.03981" lon="-82.856"><ele>500.0</ele></trkpt><trkpt lat="35.03989" lon="-82.85570999999999"><ele>498.6111995112151</ele></trkpt><trkpt lat="35.03981" lon="-82.85541999999998"><ele>497.0576032437384</ele></trkpt><trkpt lat="35.03981340670436" lon="-82.85538254498942"><ele>497.0487095503671</ele></trkpt><trkpt lat="35.03981340670436" lon="-82.85538254498942"><ele>497.0487095503671</ele></trkpt><trkpt lat="35.03982" lon="-82.85531000000003"><ele>498.62680253200233</ele></trkpt><trkpt lat="35.03992" lon="-82.85521"><ele>500.0</ele></trkpt><trkpt lat="35.04" lon="-82.85519"><ele>500.0</ele></trkpt><trkpt lat="35.04002" lon="-82.85516999999999"><ele>499.28835199959576</ele></trkpt><trkpt lat="35.04011" lon="-82.85514999999998"><ele>500.0860082759599</ele></trkpt><trkpt lat="35.04017" lon="-82.85505999999998"><ele>502.8380195563659</ele></trkpt><trkpt lat="35.04025" lon="-82.85503"><ele>504.23612088896334</ele></trkpt><trkpt lat="35.04028" lon="-82.85496999999998"><ele>505.02618354024054</ele></trkpt><trkpt lat="35.04028" lon="-82.85473000000002"><ele>505.8100451640785</ele></trkpt><trkpt lat="35.04035" lon="-82.8546"><ele>505.94335991796044</ele></trkpt><trkpt lat="35.04036006828844" lon="-82.85454630246164"><ele>505.3675546273589</ele></trkpt><trkpt lat="35.04035984489107" lon="-82.85454749392073"><ele>505.35483877919614</ele></trkpt><trkpt lat="35.04038" lon="-82.85444000000001"><ele>504.5020739417523</ele></trkpt><trkpt lat="35.04049" lon="-82.85431"><ele>505.76331363990903</ele></trkpt><trkpt lat="35.04049" lon="-82.85408999999999"><ele>506.76331363990903</ele></trkpt><trkpt lat="35.04082" lon="-82.85370999999998"><ele>509.79450375400484</ele></trkpt><trkpt lat="35.04097" lon="-82.85341"><ele>505.374286651007</ele></trkpt><trkpt lat="35.04097" lon="-82.85341"><ele>505.374286651007</ele></trkpt><trkpt lat="35.04114" lon="-82.85287"><ele>507.07661619684694</ele></trkpt><trkpt lat="35.04128" lon="-82.85208999999998"><ele>510.730646410957</ele></trkpt><trkpt lat="35.04134" lon="-82.85190999999998"><ele>512.1459046397358</ele></trkpt><trkpt lat="35.04134" lon="-82.85190999999998"><ele>512.1459046397358</ele></trkpt><trkpt lat="35.04136" lon="-82.85183999999998"><ele>512.383428604342</ele></trkpt><trkpt lat="35.04136" lon="-82.85183999999998"><ele>512.383428604342</ele></trkpt><trkpt lat="35.04137" lon="-82.85171000000003"><ele>513.0</ele></trkpt><trkpt lat="35.04156" lon="-82.85147"><ele>515.144145777449</ele></trkpt><trkpt lat="35.04163" lon="-82.85144000000003"><ele>515.8411695605142</ele></trkpt><trkpt lat="35.04167954347857" lon="-82.85144550483096"><ele>516.6236344192666</ele></trkpt><trkpt lat="35.04167954347857" lon="-82.85144550483096"><ele>516.6236344192666</ele></trkpt><trkpt lat="35.04172" lon="-82.85145"><ele>517.0</ele></trkpt><trkpt lat="35.04174" lon="-82.85158999999999"><ele>515.4098692304544</ele></trkpt><trkpt lat="35.04174" lon="-82.85158999999999"><ele>515.4098692304544</ele></trkpt><trkpt lat="35.04179" lon="-82.85161"><ele>516.0</ele></trkpt><trkpt lat="35.04179" lon="-82.85161"><ele>516.0</ele></trkpt><trkpt lat="35.04209" lon="-82.85156999999998"><ele>519.9210638836048</ele></trkpt><trkpt lat="35.04278767511656" lon="-82.85139763320649"><ele>529.0</ele></trkpt><trkpt lat="35.04278767511656" lon="-82.85139763320649"><ele>529.0</ele></trkpt><trkpt lat="35.042901602304326" lon="-82.85136948648949"><ele>532.0059549402205</ele></trkpt><trkpt lat="35.04290594884976" lon="-82.85136841264318"><ele>532.0342889207121</ele></trkpt><trkpt lat="35.04294" lon="-82.85136"><ele>533.1607653255094</ele></trkpt><trkpt lat="35.04331" lon="-82.851"><ele>554.0</ele></trkpt><trkpt lat="35.04346" lon="-82.85102999999998"><ele>554.8176879152169</ele></trkpt><trkpt lat="35.04371" lon="-82.85113000000001"><ele>554.9702587863304</ele></trkpt><trkpt lat="35.04439" lon="-82.85167000000001"><ele>556.1765297781676</ele></trkpt><trkpt lat="35.04439" lon="-82.85167000000001"><ele>556.1765297781676</ele></trkpt><trkpt lat="35.04447" lon="-82.85163999999997"><ele>555.4644572560826</ele></trkpt><trkpt lat="35.04447" lon="-82.85163999999997"><ele>555.4644572560826</ele></trkpt><trkpt lat="35.04461" lon="-82.85176000000001"><ele>557.0</ele></trkpt><trkpt lat="35.04482" lon="-82.85185000000001"><ele>559.4348622215912</ele></trkpt><trkpt lat="35.04482" lon="-82.85185000000001"><ele>559.4348622215912</ele></trkpt><trkpt lat="35.04493" lon="-82.85183999999998"><ele>559.9008960006759</ele></trkpt><trkpt lat="35.04493" lon="-82.85183999999998"><ele>559.9008960006759</ele></trkpt><trkpt lat="35.04499" lon="-82.8519"><ele>559.8166668209253</ele></trkpt><trkpt lat="35.04499" lon="-82.8519"><ele>559.8166668209253</ele></trkpt><trkpt lat="35.04502" lon="-82.85192"><ele>560.5128650354497</ele></trkpt><trkpt lat="35.04502" lon="-82.85192"><ele>560.5128650354497</ele></trkpt><trkpt lat="35.0451" lon="-82.85196000000002"><ele>561.0</ele></trkpt><trkpt lat="35.04517" lon="-82.85187000000002"><ele>561.0</ele></trkpt><trkpt lat="35.04517" lon="-82.85187000000002"><ele>561.0</ele></trkpt><trkpt lat="35.04519" lon="-82.85183999999998"><ele>560.0991039993241</ele></trkpt><trkpt lat="35.04519" lon="-82.85183999999998"><ele>560.0991039993241</ele></trkpt><trkpt lat="35.04527" lon="-82.85174"><ele>561.5612337775528</ele></trkpt><trkpt lat="35.04537" lon="-82.85174999999998"><ele>561.0</ele></trkpt><trkpt lat="35.045614821187385" lon="-82.85156835847386"><ele>564.0</ele></trkpt><trkpt lat="35.04561599946277" lon="-82.85156748434105"><ele>564.0</ele></trkpt><trkpt lat="35.04568" lon="-82.85152"><ele>563.1543048427008</ele></trkpt><trkpt lat="35.04568" lon="-82.85152"><ele>563.1543048427008</ele></trkpt><trkpt lat="35.04574" lon="-82.85142000000002"><ele>564.0</ele></trkpt><trkpt lat="35.04574" lon="-82.85142000000002"><ele>564.0</ele></trkpt><trkpt lat="35.04599" lon="-82.85122000000001"><ele>566.1713978762122</ele></trkpt><trkpt lat="35.04607" lon="-82.85102"><ele>566.655120211289</ele></trkpt><trkpt lat="35.04607" lon="-82.85102"><ele>566.655120211289</ele></trkpt><trkpt lat="35.04613" lon="-82.85100999999997"><ele>567.336918647489</ele></trkpt><trkpt lat="35.04613" lon="-82.85100999999997"><ele>567.336918647489</ele></trkpt><trkpt lat="35.04618" lon="-82.85100999999997"><ele>569.7973730241346</ele></trkpt><trkpt lat="35.04618" lon="-82.85100999999997"><ele>569.7973730241346</ele></trkpt><trkpt lat="35.04618" lon="-82.85100999999997"><ele>569.7973730241346</ele></trkpt><trkpt lat="35.04627" lon="-82.85093"><ele>571.0</ele></trkpt><trkpt lat="35.04632" lon="-82.85093999999998"><ele>572.0</ele></trkpt><trkpt lat="35.04646" lon="-82.85070999999999"><ele>573.0</ele></trkpt><trkpt lat="35.04706" lon="-82.85037"><ele>576.0</ele></trkpt><trkpt lat="35.04727" lon="-82.85010999999997"><ele>578.0</ele></trkpt><trkpt lat="35.04799" lon="-82.84962999999999"><ele>582.0</ele></trkpt><trkpt lat="35.04799" lon="-82.84962999999999"><ele>582.0</ele></trkpt><trkpt lat="35.04804" lon="-82.84956999999997"><ele>581.676944701331</ele></trkpt><trkpt lat="35.04804" lon="-82.84956999999997"><ele>581.676944701331</ele></trkpt><trkpt lat="35.04807" lon="-82.84944999999999"><ele>582.0</ele></trkpt><trkpt lat="35.04807" lon="-82.84944999999999"><ele>582.0</ele></trkpt><trkpt lat="35.0486" lon="-82.84899999999999"><ele>584.5606441274392</ele></trkpt><trkpt lat="35.04861615031423" lon="-82.84898255766063"><ele>585.0</ele></trkpt><trkpt lat="35.0486155002521" lon="-82.84898325975178"><ele>585.0</ele></trkpt><trkpt lat="35.04885" lon="-82.84872999999999"><ele>589.0</ele></trkpt><trkpt lat="35.04905" lon="-82.84868"><ele>589.1629686308921</ele></trkpt><trkpt lat="35.04929" lon="-82.84848999999997"><ele>589.3408377947708</ele></trkpt><trkpt lat="35.0495" lon="-82.84842000000003"><ele>592.0</ele></trkpt><trkpt lat="35.05012" lon="-82.84778"><ele>599.8351965539641</ele></trkpt><trkpt lat="35.05029" lon="-82.84766000000002"><ele>600.0</ele></trkpt><trkpt lat="35.05071" lon="-82.84744999999998"><ele>602.0</ele></trkpt><trkpt lat="35.05082" lon="-82.84722999999997"><ele>607.7424675570801</ele></trkpt><trkpt lat="35.05084" lon="-82.84704999999997"><ele>621.2621511146426</ele></trkpt><trkpt lat="35.05061" lon="-82.84708999999998"><ele>621.311403667541</ele></trkpt><trkpt lat="35.05044" lon="-82.84719000000001"><ele>618.450825384818</ele></trkpt><trkpt lat="35.05023" lon="-82.84722"><ele>628.0074485596269</ele></trkpt><trkpt lat="35.05016" lon="-82.84726999999998"><ele>628.5668120707431</ele></trkpt><trkpt lat="35.05005" lon="-82.84712999999999"><ele>632.9726308775772</ele></trkpt><trkpt lat="35.05005" lon="-82.84703999999999"><ele>633.9541705176234</ele></trkpt><trkpt lat="35.05002" lon="-82.84699"><ele>632.2463590037078</ele></trkpt><trkpt lat="35.05003" lon="-82.84690999999998"><ele>634.6555484458804</ele></trkpt><trkpt lat="35.05024" lon="-82.84676000000002"><ele>641.6460551097989</ele></trkpt><trkpt lat="35.0503" lon="-82.84663999999998"><ele>646.0</ele></trkpt><trkpt lat="35.05025" lon="-82.84654"><ele>649.8987982217222</ele></trkpt><trkpt lat="35.05" lon="-82.84654"><ele>651.8987982217222</ele></trkpt><trkpt lat="35.04988" lon="-82.84649999999999"><ele>654.7629333343357</ele></trkpt><trkpt lat="35.04979" lon="-82.84638999999999"><ele>653.0424631293863</ele></trkpt><trkpt lat="35.04965" lon="-82.84609999999998"><ele>653.7710882667452</ele></trkpt><trkpt lat="35.0496" lon="-82.84605999999997"><ele>654.1093009537839</ele></trkpt><trkpt lat="35.04953" lon="-82.84607"><ele>659.5782085609245</ele></trkpt><trkpt lat="35.04928" lon="-82.84656000000001"><ele>660.9959897066349</ele></trkpt><trkpt lat="35.04913" lon="-82.8467"><ele>658.4422577777877</ele></trkpt><trkpt lat="35.04907" lon="-82.84681999999998"><ele>659.668028973043</ele></trkpt><trkpt lat="35.04905" lon="-82.84701000000001"><ele>659.9725419040769</ele></trkpt><trkpt lat="35.04894" lon="-82.84722999999997"><ele>660.9769052760676</ele></trkpt><trkpt lat="35.04882" lon="-82.84734000000003"><ele>661.6816831724718</ele></trkpt><trkpt lat="35.04872" lon="-82.84735"><ele>664.1500622220337</ele></trkpt><trkpt lat="35.04862" lon="-82.84731"><ele>667.0141973337159</ele></trkpt><trkpt lat="35.04833" lon="-82.84710000000001"><ele>668.8415633775294</ele></trkpt><trkpt lat="35.048329292737954" lon="-82.8470931041951"><ele>669.1226696781814</ele></trkpt><trkpt lat="35.04832980150827" lon="-82.84709806470522"><ele>668.9204553393647</ele></trkpt><trkpt lat="35.04829" lon="-82.84671000000003"><ele>676.7636227849871</ele></trkpt><trkpt lat="35.04837" lon="-82.84652"><ele>675.4868259774521</ele></trkpt><trkpt lat="35.04862" lon="-82.84636"><ele>683.5491860378534</ele></trkpt><trkpt lat="35.04864" lon="-82.84616"><ele>684.1733961049929</ele></trkpt><trkpt lat="35.0486" lon="-82.84591"><ele>686.4106648899615</ele></trkpt><trkpt lat="35.04861" lon="-82.84577000000002"><ele>687.959850858897</ele></trkpt><trkpt lat="35.04857" lon="-82.84571"><ele>686.2824854720384</ele></trkpt><trkpt lat="35.04855" lon="-82.84555"><ele>688.6005054684356</ele></trkpt><trkpt lat="35.04859" lon="-82.84532999999999"><ele>689.8414044231176</ele></trkpt><trkpt lat="35.04853" lon="-82.84523000000002"><ele>686.3534432021265</ele></trkpt><trkpt lat="35.04845" lon="-82.84516000000002"><ele>686.3958026326139</ele></trkpt><trkpt lat="35.04854" lon="-82.84474999999998"><ele>691.991767596863</ele></trkpt><trkpt lat="35.04833" lon="-82.84442000000001"><ele>692.7102390995836</ele></trkpt><trkpt lat="35.04835" lon="-82.84426000000002"><ele>695.0</ele></trkpt><trkpt lat="35.04857" lon="-82.84409"><ele>694.9229262219742</ele></trkpt><trkpt lat="35.04868" lon="-82.84406000000001"><ele>698.4895760351792</ele></trkpt><trkpt lat="35.04873" lon="-82.84392000000003"><ele>697.8110573217273</ele></trkpt><trkpt lat="35.04872" lon="-82.84384999999997"><ele>696.2417959459126</ele></trkpt><trkpt lat="35.04849" lon="-82.84370000000001"><ele>700.2899478096575</ele></trkpt><trkpt lat="35.04839" lon="-82.84347000000002"><ele>703.4430562567311</ele></trkpt><trkpt lat="35.04835" lon="-82.84309999999999"><ele>704.1791740935296</ele></trkpt><trkpt lat="35.04838" lon="-82.84287"><ele>702.8945029889113</ele></trkpt><trkpt lat="35.04831" lon="-82.84258999999997"><ele>705.9021396078169</ele></trkpt><trkpt lat="35.04815" lon="-82.84240999999997"><ele>708.3707484453917</ele></trkpt><trkpt lat="35.04799" lon="-82.84246000000002"><ele>707.0405795546249</ele></trkpt><trkpt lat="35.04799" lon="-82.84246000000002"><ele>707.0405795546249</ele></trkpt><trkpt lat="35.047989409330754" lon="-82.84246018458413"><ele>707.031977311708</ele></trkpt><trkpt lat="35.04799" lon="-82.84246000000002"><ele>707.0405795546249</ele></trkpt><trkpt lat="35.04783" lon="-82.84251"><ele>706.8326715877222</ele></trkpt><trkpt lat="35.04783" lon="-82.84251"><ele>706.8326715877222</ele></trkpt><trkpt lat="35.04772" lon="-82.84172000000001"><ele>708.0</ele></trkpt><trkpt lat="35.04774" lon="-82.84165000000002"><ele>707.4545193556696</ele></trkpt><trkpt lat="35.04774" lon="-82.84165000000002"><ele>707.4545193556696</ele></trkpt><trkpt lat="35.04776" lon="-82.84159999999997"><ele>708.5930285137147</ele></trkpt><trkpt lat="35.04781" lon="-82.84158000000002"><ele>706.9773530714951</ele></trkpt><trkpt lat="35.04789" lon="-82.84159"><ele>703.4211369398981</ele></trkpt><trkpt lat="35.04799" lon="-82.84168"><ele>703.0</ele></trkpt><trkpt lat="35.04799" lon="-82.84168"><ele>703.0</ele></trkpt><trkpt lat="35.04804" lon="-82.84174000000002"><ele>704.277790889144</ele></trkpt><trkpt lat="35.04836" lon="-82.84174999999999"><ele>703.6519016782253</ele></trkpt><trkpt lat="35.04845" lon="-82.84171000000003"><ele>706.8726483527752</ele></trkpt><trkpt lat="35.04857" lon="-82.84153000000003"><ele>706.886584500383</ele></trkpt><trkpt lat="35.04873" lon="-82.84105999999997"><ele>708.8110573217273</ele></trkpt><trkpt lat="35.04899" lon="-82.84087"><ele>710.0</ele></trkpt><trkpt lat="35.04924" lon="-82.84093000000001"><ele>706.1565201748163</ele></trkpt><trkpt lat="35.04928" lon="-82.84100999999998"><ele>702.8794597629458</ele></trkpt><trkpt lat="35.04931" lon="-82.84123"><ele>697.171663723886</ele></trkpt><trkpt lat="35.04937" lon="-82.84126000000003"><ele>697.0439942209117</ele></trkpt><trkpt lat="35.04959" lon="-82.84111999999999"><ele>697.510894222185</ele></trkpt><trkpt lat="35.04988" lon="-82.84111000000001"><ele>692.2641727208008</ele></trkpt><trkpt lat="35.04991" lon="-82.84105999999997"><ele>694.2808544450683</ele></trkpt><trkpt lat="35.04982" lon="-82.84071"><ele>695.8609649427235</ele></trkpt><trkpt lat="35.04985" lon="-82.84033999999997"><ele>698.5687722731382</ele></trkpt><trkpt lat="35.0499" lon="-82.84021000000001"><ele>700.042267623725</ele></trkpt><trkpt lat="35.050095986207864" lon="-82.84021783944831"><ele>703.0</ele></trkpt><trkpt lat="35.05010059585539" lon="-82.84021802383177"><ele>703.0</ele></trkpt><trkpt lat="35.05015" lon="-82.84021999999999"><ele>702.720453498464</ele></trkpt><trkpt lat="35.0503" lon="-82.84027000000003"><ele>697.8140424732119</ele></trkpt><trkpt lat="35.05036" lon="-82.84035"><ele>698.0247004404664</ele></trkpt><trkpt lat="35.05041" lon="-82.84053"><ele>699.5587175513647</ele></trkpt><trkpt lat="35.05052" lon="-82.84066999999999"><ele>698.6729712979354</ele></trkpt><trkpt lat="35.05069" lon="-82.84068000000002"><ele>698.0020963156512</ele></trkpt><trkpt lat="35.05078" lon="-82.84057999999999"><ele>698.0</ele></trkpt><trkpt lat="35.05086" lon="-82.84036000000003"><ele>700.0060306694043</ele></trkpt><trkpt lat="35.05109" lon="-82.84012000000001"><ele>697.0</ele></trkpt><trkpt lat="35.05105" lon="-82.84003000000001"><ele>698.9155413375807</ele></trkpt><trkpt lat="35.05097" lon="-82.83994000000001"><ele>697.6509622197389</ele></trkpt><trkpt lat="35.05098" lon="-82.83981"><ele>700.0</ele></trkpt><trkpt lat="35.05126" lon="-82.83942000000002"><ele>705.1215764721856</ele></trkpt><trkpt lat="35.05146" lon="-82.83924999999999"><ele>710.2220192719251</ele></trkpt><trkpt lat="35.0516" lon="-82.83886000000001"><ele>707.3792126672342</ele></trkpt><trkpt lat="35.05186" lon="-82.83879999999999"><ele>712.3910577781498</ele></trkpt><trkpt lat="35.05193" lon="-82.83868999999999"><ele>713.9942501703468</ele></trkpt><trkpt lat="35.05176" lon="-82.83857"><ele>714.8574342608513</ele></trkpt><trkpt lat="35.05159" lon="-82.83848999999998"><ele>720.0</ele></trkpt><trkpt lat="35.05154" lon="-82.83843000000002"><ele>721.0</ele></trkpt><trkpt lat="35.05156" lon="-82.83838000000003"><ele>722.0</ele></trkpt><trkpt lat="35.05176" lon="-82.83832999999998"><ele>723.6589969104965</ele></trkpt><trkpt lat="35.05232" lon="-82.8383"><ele>731.0</ele></trkpt><trkpt lat="35.05259" lon="-82.83835999999997"><ele>734.7711431086063</ele></trkpt><trkpt lat="35.05283" lon="-82.83832000000001"><ele>733.0</ele></trkpt><trkpt lat="35.05297" lon="-82.83821999999998"><ele>734.4787587126666</ele></trkpt><trkpt lat="35.0531" lon="-82.83762000000002"><ele>735.5849483720958</ele></trkpt><trkpt lat="35.053" lon="-82.83744999999999"><ele>735.0</ele></trkpt><trkpt lat="35.0529" lon="-82.8374"><ele>735.8536711111665</ele></trkpt><trkpt lat="35.05282" lon="-82.83730000000003"><ele>737.8273775918244</ele></trkpt><trkpt lat="35.05287" lon="-82.83690999999999"><ele>736.4912538211793</ele></trkpt><trkpt lat="35.05287" lon="-82.83690999999999"><ele>736.4912538211793</ele></trkpt><trkpt lat="35.05291" lon="-82.83652999999998"><ele>729.8607273110739</ele></trkpt><trkpt lat="35.05284" lon="-82.83649000000003"><ele>732.3196598083276</ele></trkpt><trkpt lat="35.05276" lon="-82.83650999999998"><ele>732.3306773342192</ele></trkpt><trkpt lat="35.05269" lon="-82.83661000000001"><ele>727.3406791090965</ele></trkpt><trkpt lat="35.05262" lon="-82.83650999999998"><ele>729.5040445946645</ele></trkpt><trkpt lat="35.05258" lon="-82.83605"><ele>724.7682311106473</ele></trkpt><trkpt lat="35.05238" lon="-82.83598999999998"><ele>717.0</ele></trkpt><trkpt lat="35.05222" lon="-82.83607"><ele>718.8361635552719</ele></trkpt><trkpt lat="35.05215" lon="-82.83605999999997"><ele>720.6493294797592</ele></trkpt><trkpt lat="35.05214" lon="-82.83589999999998"><ele>725.7587377782911</ele></trkpt><trkpt lat="35.05219" lon="-82.83567"><ele>727.8947924933891</ele></trkpt><trkpt lat="35.05272" lon="-82.83494999999999"><ele>724.9214973977352</ele></trkpt><trkpt lat="35.05286" lon="-82.83488"><ele>725.0</ele></trkpt><trkpt lat="35.052895710819904" lon="-82.83483714701612"><ele>725.9549460019916</ele></trkpt><trkpt lat="35.05289563218382" lon="-82.83483724139626"><ele>725.9504693243653</ele></trkpt><trkpt lat="35.05296" lon="-82.83476000000002"><ele>727.0697332540828</ele></trkpt><trkpt lat="35.05295" lon="-82.83467999999999"><ele>728.0</ele></trkpt><trkpt lat="35.05292" lon="-82.83465000000001"><ele>729.0129599990323</ele></trkpt><trkpt lat="35.0528" lon="-82.83463999999998"><ele>731.4789937790483</ele></trkpt><trkpt lat="35.05268" lon="-82.83447999999999"><ele>735.0</ele></trkpt><trkpt lat="35.05267" lon="-82.83373"><ele>734.1054624468088</ele></trkpt><trkpt lat="35.05272" lon="-82.83361000000002"><ele>736.9288006177791</ele></trkpt><trkpt lat="35.05264" lon="-82.83335999999997"><ele>737.3975961431861</ele></trkpt><trkpt lat="35.05267" lon="-82.83326"><ele>738.2918347739216</ele></trkpt><trkpt lat="35.05281" lon="-82.83317999999997"><ele>736.4408132940414</ele></trkpt><trkpt lat="35.05309" lon="-82.8331"><ele>731.7518044440076</ele></trkpt><trkpt lat="35.05324" lon="-82.83311000000003"><ele>730.6627968549728</ele></trkpt><trkpt lat="35.05331" lon="-82.83308999999997"><ele>730.0</ele></trkpt><trkpt lat="35.05333" lon="-82.83296999999999"><ele>733.9853144669905</ele></trkpt><trkpt lat="35.05302" lon="-82.83202"><ele>736.5927069182741</ele></trkpt><trkpt lat="35.05315" lon="-82.83177999999998"><ele>739.0</ele></trkpt><trkpt lat="35.05331" lon="-82.83168999999998"><ele>731.4820733806362</ele></trkpt><trkpt lat="35.05362" lon="-82.83175"><ele>727.8372444445267</ele></trkpt><trkpt lat="35.05384" lon="-82.83176000000003"><ele>726.3032782236114</ele></trkpt><trkpt lat="35.0539" lon="-82.83161999999999"><ele>725.2211946677417</ele></trkpt><trkpt lat="35.05378" lon="-82.83145999999999"><ele>729.7734338112185</ele></trkpt><trkpt lat="35.05376" lon="-82.83134000000001"><ele>733.1583635620773</ele></trkpt><trkpt lat="35.0538" lon="-82.83096999999998"><ele>737.4355500005186</ele></trkpt><trkpt lat="35.05372" lon="-82.83080999999999"><ele>740.0</ele></trkpt><trkpt lat="35.0537" lon="-82.83062000000001"><ele>740.7425859980285</ele></trkpt><trkpt lat="35.053844730320534" lon="-82.83034983673497"><ele>741.5923647065181</ele></trkpt><trkpt lat="35.05385989469231" lon="-82.83033670186279"><ele>741.8223243882067</ele></trkpt><trkpt lat="35.05418" lon="-82.83023000000003"><ele>739.0688767917454</ele></trkpt><trkpt lat="35.05425" lon="-82.82997999999998"><ele>740.0</ele></trkpt><trkpt lat="35.0544" lon="-82.82988999999998"><ele>737.5614813575521</ele></trkpt><trkpt lat="35.05446" lon="-82.82974000000002"><ele>735.0077599261235</ele></trkpt><trkpt lat="35.05446" lon="-82.82949000000002"><ele>739.0</ele></trkpt><trkpt lat="35.0544" lon="-82.82940000000002"><ele>737.8701955872746</ele></trkpt><trkpt lat="35.0543" lon="-82.82913000000002"><ele>741.9004745874554</ele></trkpt><trkpt lat="35.05433" lon="-82.82887"><ele>742.6083756051958</ele></trkpt><trkpt lat="35.054417431151336" lon="-82.8288175413092"><ele>745.1023834733087</ele></trkpt><trkpt lat="35.054421822380284" lon="-82.82881490657456"><ele>745.0434437450367</ele></trkpt><trkpt lat="35.05443" lon="-82.82880999999998"><ele>745.3013835288584</ele></trkpt><trkpt lat="35.05475" lon="-82.82826999999997"><ele>739.3412738370149</ele></trkpt><trkpt lat="35.05469" lon="-82.82792"><ele>740.1032367534935</ele></trkpt><trkpt lat="35.05474" lon="-82.82772999999997"><ele>740.9744574222932</ele></trkpt><trkpt lat="35.05491" lon="-82.82749999999999"><ele>736.7728888876736</ele></trkpt><trkpt lat="35.05501" lon="-82.82745"><ele>734.6215884667081</ele></trkpt><trkpt lat="35.05502" lon="-82.82726000000002"><ele>735.8902721796185</ele></trkpt><trkpt lat="35.0548" lon="-82.82594"><ele>723.411010806919</ele></trkpt><trkpt lat="35.05484" lon="-82.82553999999999"><ele>719.6427888981998</ele></trkpt><trkpt lat="35.05487" lon="-82.82546000000002"><ele>718.7019982235506</ele></trkpt><trkpt lat="35.05492" lon="-82.82542999999998"><ele>717.3038968881592</ele></trkpt><trkpt lat="35.05501" lon="-82.82544000000001"><ele>715.4489637082443</ele></trkpt><trkpt lat="35.05512" lon="-82.82562999999999"><ele>711.7920993519947</ele></trkpt><trkpt lat="35.05514" lon="-82.82578999999998"><ele>708.2195010944417</ele></trkpt><trkpt lat="35.0552" lon="-82.82583999999997"><ele>705.6301722684569</ele></trkpt><trkpt lat="35.05529" lon="-82.82547999999997"><ele>702.206693111917</ele></trkpt><trkpt lat="35.05521" lon="-82.82528000000002"><ele>702.3133902233094</ele></trkpt><trkpt lat="35.05493" lon="-82.82499000000001"><ele>697.7984106680378</ele></trkpt><trkpt lat="35.05487" lon="-82.82490000000001"><ele>694.8611597295778</ele></trkpt><trkpt lat="35.05473" lon="-82.82479999999998"><ele>696.0</ele></trkpt><trkpt lat="35.05457" lon="-82.82492000000002"><ele>695.1456283140624</ele></trkpt><trkpt lat="35.05446" lon="-82.82508999999999"><ele>696.0042605179997</ele></trkpt><trkpt lat="35.05433" lon="-82.82510000000002"><ele>693.9247822230682</ele></trkpt><trkpt lat="35.054" lon="-82.82505000000003"><ele>691.5946133350953</ele></trkpt><trkpt lat="35.05388" lon="-82.82492000000002"><ele>691.0100737772882</ele></trkpt><trkpt lat="35.05372" lon="-82.8247"><ele>691.283431111835</ele></trkpt><trkpt lat="35.05363" lon="-82.82452"><ele>687.0321308802813</ele></trkpt><trkpt lat="35.05358" lon="-82.82432"><ele>679.1268461219715</ele></trkpt><trkpt lat="35.05348" lon="-82.82407"><ele>681.7052133819088</ele></trkpt><trkpt lat="35.05354" lon="-82.82384000000002"><ele>680.657398194154</ele></trkpt><trkpt lat="35.053547522526756" lon="-82.82376226722346"><ele>679.4836606833319</ele></trkpt><trkpt lat="35.05354714014828" lon="-82.82376621847823"><ele>679.6948097658535</ele></trkpt><trkpt lat="35.05357" lon="-82.82353"><ele>678.8403589799714</ele></trkpt><trkpt lat="35.05368" lon="-82.82328999999999"><ele>674.3458883229221</ele></trkpt><trkpt lat="35.05378" lon="-82.82315"><ele>669.0338835653242</ele></trkpt><trkpt lat="35.05379" lon="-82.82265000000001"><ele>661.0</ele></trkpt><trkpt lat="35.05403" lon="-82.82204999999999"><ele>644.3691812582772</ele></trkpt><trkpt lat="35.05425" lon="-82.82170000000002"><ele>635.9715716238073</ele></trkpt><trkpt lat="35.05424000175203" lon="-82.8216000005882"><ele>632.0</ele></trkpt><trkpt lat="35.05424000175203" lon="-82.8216000005882"><ele>632.0</ele></trkpt><trkpt lat="35.05424" lon="-82.82159999999999"><ele>632.0</ele></trkpt><trkpt lat="35.0542" lon="-82.82150999999999"><ele>631.0</ele></trkpt><trkpt lat="35.05418" lon="-82.82121000000001"><ele>628.0</ele></trkpt><trkpt lat="35.05427" lon="-82.82092"><ele>626.0</ele></trkpt><trkpt lat="35.05457" lon="-82.82038"><ele>623.0</ele></trkpt><trkpt lat="35.0545625002196" lon="-82.82033875120783"><ele>622.8500030509415</ele></trkpt><trkpt lat="35.054561422335375" lon="-82.82033282284124"><ele>622.5939003741905</ele></trkpt><trkpt lat="35.05455" lon="-82.82027"><ele>619.9634697930887</ele></trkpt><trkpt lat="35.05436" lon="-82.82033999999999"><ele>614.4089812496677</ele></trkpt><trkpt lat="35.05417" lon="-82.82031"><ele>611.694602667354</ele></trkpt><trkpt lat="35.05399" lon="-82.82017000000002"><ele>609.0</ele></trkpt><trkpt lat="35.05385" lon="-82.81993999999997"><ele>605.8452625208622</ele></trkpt><trkpt lat="35.05384" lon="-82.81970000000001"><ele>602.0</ele></trkpt><trkpt lat="35.05393" lon="-82.8193"><ele>595.1635863725096</ele></trkpt><trkpt lat="35.0539" lon="-82.81914999999998"><ele>594.0</ele></trkpt><trkpt lat="35.0538" lon="-82.81900000000002"><ele>589.2805716318137</ele></trkpt><trkpt lat="35.05375" lon="-82.81882999999999"><ele>582.7216035556048</ele></trkpt><trkpt lat="35.05386" lon="-82.81871999999998"><ele>575.6837240983454</ele></trkpt><trkpt lat="35.05426" lon="-82.81849999999997"><ele>564.3424888877198</ele></trkpt><trkpt lat="35.05438" lon="-82.81837999999999"><ele>565.2049622507766</ele></trkpt><trkpt lat="35.05439" lon="-82.81815"><ele>562.0241795219481</ele></trkpt><trkpt lat="35.05432" lon="-82.81806"><ele>560.1957033764091</ele></trkpt><trkpt lat="35.05407" lon="-82.81788"><ele>556.4648802596764</ele></trkpt><trkpt lat="35.05396" lon="-82.81762000000003"><ele>559.3932371511064</ele></trkpt><trkpt lat="35.05403" lon="-82.81729000000001"><ele>554.5041954668528</ele></trkpt><trkpt lat="35.05421" lon="-82.81691000000001"><ele>548.2431182228029</ele></trkpt><trkpt lat="35.05424" lon="-82.81678"><ele>543.0</ele></trkpt><trkpt lat="35.05418" lon="-82.81664"><ele>547.3397937770933</ele></trkpt><trkpt lat="35.05403" lon="-82.8166"><ele>550.0959702276649</ele></trkpt><trkpt lat="35.05373" lon="-82.8168"><ele>549.3686235917233</ele></trkpt><trkpt lat="35.05338" lon="-82.81691999999998"><ele>554.2908480009064</ele></trkpt><trkpt lat="35.05311" lon="-82.81691000000001"><ele>564.7568817771971</ele></trkpt><trkpt lat="35.05289" lon="-82.81693999999999"><ele>559.5847527444271</ele></trkpt><trkpt lat="35.05255" lon="-82.81723"><ele>561.075003181899</ele></trkpt><trkpt lat="35.05237" lon="-82.81726000000003"><ele>566.4308289662025</ele></trkpt><trkpt lat="35.052256643134456" lon="-82.81721141848618"><ele>570.8459487520158</ele></trkpt><trkpt lat="35.05225262027364" lon="-82.8172096942667"><ele>571.2356734815985</ele></trkpt><trkpt lat="35.05181" lon="-82.81702000000001"><ele>562.7773874895647</ele></trkpt><trkpt lat="35.05175" lon="-82.81678"><ele>559.6470416281372</ele></trkpt><trkpt lat="35.05177" lon="-82.81633"><ele>554.8975110771709</ele></trkpt><trkpt lat="35.05173" lon="-82.81624999999997"><ele>555.5151111120358</ele></trkpt><trkpt lat="35.05154" lon="-82.81633"><ele>554.0105758877471</ele></trkpt><trkpt lat="35.05145" lon="-82.81635"><ele>558.1516028876026</ele></trkpt><trkpt lat="35.05135" lon="-82.81633"><ele>558.7868408886716</ele></trkpt><trkpt lat="35.0513" lon="-82.81627000000003"><ele>560.6303852894728</ele></trkpt><trkpt lat="35.05119" lon="-82.81594000000001"><ele>559.8136310968548</ele></trkpt><trkpt lat="35.05108" lon="-82.81573000000003"><ele>553.7374337126212</ele></trkpt><trkpt lat="35.05107" lon="-82.81558999999999"><ele>556.5668161232024</ele></trkpt><trkpt lat="35.05088" lon="-82.81546000000003"><ele>558.5356507161632</ele></trkpt><trkpt lat="35.05079" lon="-82.81545"><ele>554.797813333571</ele></trkpt><trkpt lat="35.05029" lon="-82.81552999999997"><ele>557.0</ele></trkpt><trkpt lat="35.05" lon="-82.81543999999997"><ele>549.3929349903681</ele></trkpt><trkpt lat="35.04984" lon="-82.81524000000002"><ele>552.000496905297</ele></trkpt><trkpt lat="35.04966" lon="-82.81493999999998"><ele>547.107456081549</ele></trkpt><trkpt lat="35.04966" lon="-82.81493999999998"><ele>547.107456081549</ele></trkpt><trkpt lat="35.04939" lon="-82.81432000000001"><ele>547.8242088510003</ele></trkpt><trkpt lat="35.04932" lon="-82.81426999999996"><ele>548.0</ele></trkpt><trkpt lat="35.04932" lon="-82.81426999999996"><ele>548.0</ele></trkpt><trkpt lat="35.04916" lon="-82.81426999999996"><ele>539.0</ele></trkpt><trkpt lat="35.04916" lon="-82.81426999999996"><ele>539.0</ele></trkpt><trkpt lat="35.04914" lon="-82.81402000000003"><ele>538.0</ele></trkpt><trkpt lat="35.04914" lon="-82.81402000000003"><ele>538.0</ele></trkpt><trkpt lat="35.04914" lon="-82.81402000000003"><ele>538.0</ele></trkpt><trkpt lat="35.04935" lon="-82.81398000000002"><ele>536.0</ele></trkpt><trkpt lat="35.04947" lon="-82.81402000000003"><ele>534.5872965875076</ele></trkpt><trkpt lat="35.04954" lon="-82.81408999999996"><ele>531.9141448665144</ele></trkpt><trkpt lat="35.04963" lon="-82.81444999999997"><ele>534.5270760737149</ele></trkpt><trkpt lat="35.04972" lon="-82.81459000000001"><ele>532.0</ele></trkpt><trkpt lat="35.04978577164462" lon="-82.81462617440457"><ele>532.0</ele></trkpt><trkpt lat="35.049790741215155" lon="-82.81462890763754"><ele>531.9875968443276</ele></trkpt><trkpt lat="35.04992" lon="-82.81470000000002"><ele>531.1114306461992</ele></trkpt><trkpt lat="35.04999" lon="-82.81461999999999"><ele>531.5385481193662</ele></trkpt><trkpt lat="35.04998" lon="-82.81448999999998"><ele>531.9692779611796</ele></trkpt><trkpt lat="35.04985" lon="-82.81407999999999"><ele>528.3665401095436</ele></trkpt><trkpt lat="35.04949" lon="-82.81337000000002"><ele>522.0</ele></trkpt><trkpt lat="35.04942" lon="-82.8132"><ele>520.0902604591101</ele></trkpt><trkpt lat="35.04939" lon="-82.81306000000001"><ele>518.0</ele></trkpt><trkpt lat="35.04944" lon="-82.81292000000002"><ele>516.2956408895552</ele></trkpt><trkpt lat="35.04952" lon="-82.81285000000003"><ele>515.2432270856602</ele></trkpt><trkpt lat="35.04978" lon="-82.81279"><ele>512.4161105230451</ele></trkpt><trkpt lat="35.04993" lon="-82.81279"><ele>510.23720177821815</ele></trkpt><trkpt lat="35.05015" lon="-82.81268"><ele>508.0</ele></trkpt><trkpt lat="35.05025" lon="-82.81266"><ele>507.0</ele></trkpt><trkpt lat="35.0508" lon="-82.81284"><ele>504.0</ele></trkpt><trkpt lat="35.05083068999067" lon="-82.81283659000104"><ele>504.0</ele></trkpt><trkpt lat="35.05089" lon="-82.81283000000002"><ele>504.0</ele></trkpt><trkpt lat="35.05089" lon="-82.81283000000002"><ele>504.0</ele></trkpt><trkpt lat="35.05093" lon="-82.81284"><ele>504.0</ele></trkpt><trkpt lat="35.05093" lon="-82.81284"><ele>504.0</ele></trkpt><trkpt lat="35.05095" lon="-82.81283000000002"><ele>504.0</ele></trkpt><trkpt lat="35.05093" lon="-82.81274000000002"><ele>500.0</ele></trkpt><trkpt lat="35.05093" lon="-82.81274000000002"><ele>500.0</ele></trkpt><trkpt lat="35.05088" lon="-82.81254999999999"><ele>502.93692785350834</ele></trkpt><trkpt lat="35.05088" lon="-82.81254999999999"><ele>502.93692785350834</ele></trkpt><trkpt lat="35.05087" lon="-82.8125"><ele>503.0</ele></trkpt><trkpt lat="35.05089" lon="-82.81248"><ele>503.61090617660204</ele></trkpt><trkpt lat="35.05089" lon="-82.81248"><ele>503.61090617660204</ele></trkpt><trkpt lat="35.0509" lon="-82.81245000000001"><ele>503.3424240872264</ele></trkpt><trkpt lat="35.0509" lon="-82.81245000000001"><ele>503.3424240872264</ele></trkpt><trkpt lat="35.05094" lon="-82.8123"><ele>508.9789225514978</ele></trkpt><trkpt lat="35.05103" lon="-82.81220000000002"><ele>511.25879111047834</ele></trkpt><trkpt lat="35.05143" lon="-82.81207999999998"><ele>516.0765115555909</ele></trkpt><trkpt lat="35.05157" lon="-82.81198"><ele>519.4566823719069</ele></trkpt><trkpt lat="35.05169" lon="-82.81173000000001"><ele>526.3154877647758</ele></trkpt><trkpt lat="35.05167" lon="-82.81162"><ele>526.2280106156594</ele></trkpt><trkpt lat="35.05163" lon="-82.81155999999999"><ele>525.1851561134681</ele></trkpt><trkpt lat="35.05153" lon="-82.81160999999997"><ele>533.3915717202351</ele></trkpt><trkpt lat="35.05143" lon="-82.81171"><ele>536.0944462222978</ele></trkpt><trkpt lat="35.05121" lon="-82.81171999999998"><ele>539.6284124450758</ele></trkpt><trkpt lat="35.05085" lon="-82.81166000000002"><ele>542.4246151102707</ele></trkpt><trkpt lat="35.05062" lon="-82.81144999999998"><ele>547.6140329120681</ele></trkpt><trkpt lat="35.05058" lon="-82.81137999999999"><ele>548.1256106961519</ele></trkpt><trkpt lat="35.05058" lon="-82.81121999999999"><ele>549.1256106961519</ele></trkpt><trkpt lat="35.05075" lon="-82.81108999999998"><ele>553.8032839242369</ele></trkpt><trkpt lat="35.05078" lon="-82.8109"><ele>556.923333466384</ele></trkpt><trkpt lat="35.05082" lon="-82.81085000000002"><ele>558.6148629402742</ele></trkpt><trkpt lat="35.05085" lon="-82.81088999999997"><ele>560.4960422907025</ele></trkpt><trkpt lat="35.05086" lon="-82.81112000000002"><ele>559.0653185099363</ele></trkpt><trkpt lat="35.05097" lon="-82.81115"><ele>562.4567353232493</ele></trkpt><trkpt lat="35.05104" lon="-82.81108999999998"><ele>565.0</ele></trkpt><trkpt lat="35.05103" lon="-82.81097"><ele>567.7430249154568</ele></trkpt><trkpt lat="35.05119" lon="-82.81083000000001"><ele>573.1054186662659</ele></trkpt><trkpt lat="35.05114" lon="-82.81072"><ele>576.2356934759272</ele></trkpt><trkpt lat="35.051147124419536" lon="-82.81070380813742"><ele>576.9919765365238</ele></trkpt><trkpt lat="35.05114618361908" lon="-82.81070594632922"><ele>576.9271844500997</ele></trkpt><trkpt lat="35.05125" lon="-82.81047000000001"><ele>580.9686463833191</ele></trkpt><trkpt lat="35.05125" lon="-82.81025999999997"><ele>586.0</ele></trkpt><trkpt lat="35.05142" lon="-82.81011000000001"><ele>582.0</ele></trkpt><trkpt lat="35.05158" lon="-82.81010000000003"><ele>578.0</ele></trkpt><trkpt lat="35.05162" lon="-82.80998999999997"><ele>576.3305151890963</ele></trkpt><trkpt lat="35.0516" lon="-82.80961000000002"><ele>575.3839044459164</ele></trkpt><trkpt lat="35.05167" lon="-82.80948000000001"><ele>580.1569451568648</ele></trkpt><trkpt lat="35.05175" lon="-82.80939999999998"><ele>578.9829323692247</ele></trkpt><trkpt lat="35.05182" lon="-82.80939999999998"><ele>581.7876171686411</ele></trkpt><trkpt lat="35.05188" lon="-82.80928"><ele>583.9230639990419</ele></trkpt><trkpt lat="35.05181" lon="-82.80908999999997"><ele>582.4603659942509</ele></trkpt><trkpt lat="35.05197" lon="-82.80887000000001"><ele>587.8073731064796</ele></trkpt><trkpt lat="35.05208" lon="-82.80883"><ele>590.5372143118657</ele></trkpt><trkpt lat="35.05213" lon="-82.80878000000001"><ele>589.3576568895951</ele></trkpt><trkpt lat="35.05208" lon="-82.80869000000001"><ele>588.8366471100599</ele></trkpt><trkpt lat="35.05208" lon="-82.80847"><ele>591.9568728245054</ele></trkpt><trkpt lat="35.05217" lon="-82.80845"><ele>592.6273492897581</ele></trkpt><trkpt lat="35.05226" lon="-82.80839000000003"><ele>592.8075859360908</ele></trkpt><trkpt lat="35.05261" lon="-82.80826000000002"><ele>598.0854579124098</ele></trkpt><trkpt lat="35.05272" lon="-82.80824000000001"><ele>602.9611333652138</ele></trkpt><trkpt lat="35.05279" lon="-82.80826000000002"><ele>606.1160865304565</ele></trkpt><trkpt lat="35.0528" lon="-82.80833999999999"><ele>609.3583943322301</ele></trkpt><trkpt lat="35.05275" lon="-82.80844000000002"><ele>609.6847925409675</ele></trkpt><trkpt lat="35.05265" lon="-82.80856"><ele>613.0717986198142</ele></trkpt><trkpt lat="35.0526" lon="-82.80875000000003"><ele>616.1204420533031</ele></trkpt><trkpt lat="35.05258" lon="-82.80885999999998"><ele>616.9818654246628</ele></trkpt><trkpt lat="35.05262" lon="-82.80899999999997"><ele>619.2590189594775</ele></trkpt><trkpt lat="35.05242" lon="-82.80932999999999"><ele>622.8641059929568</ele></trkpt><trkpt lat="35.05242" lon="-82.80939000000001"><ele>623.8732624407858</ele></trkpt><trkpt lat="35.05245" lon="-82.80943000000002"><ele>624.7277924980485</ele></trkpt><trkpt lat="35.05251" lon="-82.80943000000002"><ele>626.9968494232744</ele></trkpt><trkpt lat="35.05256" lon="-82.80937"><ele>628.719873531482</ele></trkpt><trkpt lat="35.05276" lon="-82.80939000000001"><ele>635.0</ele></trkpt><trkpt lat="35.05288" lon="-82.80932999999999"><ele>637.0605441201478</ele></trkpt><trkpt lat="35.05324" lon="-82.80881"><ele>639.8913225129262</ele></trkpt><trkpt lat="35.05337" lon="-82.80845"><ele>641.9558542482555</ele></trkpt><trkpt lat="35.05352" lon="-82.80795999999998"><ele>640.6381554706022</ele></trkpt><trkpt lat="35.0536" lon="-82.80788999999999"><ele>644.0992579348385</ele></trkpt><trkpt lat="35.05359" lon="-82.80767000000003"><ele>647.8524260893464</ele></trkpt><trkpt lat="35.05351" lon="-82.80755999999997"><ele>645.88884668962</ele></trkpt><trkpt lat="35.05342" lon="-82.80748"><ele>649.2267342219129</ele></trkpt><trkpt lat="35.05337" lon="-82.80739"><ele>650.9558542482555</ele></trkpt><trkpt lat="35.05342" lon="-82.8073"><ele>651.8783615345595</ele></trkpt><trkpt lat="35.05347" lon="-82.80727000000002"><ele>652.99527855965</ele></trkpt><trkpt lat="35.05369" lon="-82.80727000000002"><ele>659.9865564452484</ele></trkpt><trkpt lat="35.05402" lon="-82.80719999999997"><ele>661.0</ele></trkpt><trkpt lat="35.05413" lon="-82.80722000000003"><ele>664.0764127664404</ele></trkpt><trkpt lat="35.0541" lon="-82.80709999999999"><ele>665.4505016179755</ele></trkpt><trkpt lat="35.05406" lon="-82.80704000000003"><ele>664.9695094767958</ele></trkpt><trkpt lat="35.05406" lon="-82.80692999999997"><ele>667.2372890338302</ele></trkpt><trkpt lat="35.05412" lon="-82.80677000000003"><ele>671.0</ele></trkpt><trkpt lat="35.05416" lon="-82.80659000000003"><ele>671.2756037882034</ele></trkpt><trkpt lat="35.05426" lon="-82.80649"><ele>671.2591959852725</ele></trkpt><trkpt lat="35.05427" lon="-82.80638999999996"><ele>668.0291178934094</ele></trkpt><trkpt lat="35.05424" lon="-82.80615"><ele>675.4846744332463</ele></trkpt><trkpt lat="35.05432969706341" lon="-82.8059517222809"><ele>678.5911294110119</ele></trkpt><trkpt lat="35.0543319759136" lon="-82.80594668494456"><ele>678.720864456147</ele></trkpt><trkpt lat="35.05443" lon="-82.80572999999998"><ele>680.7546146071218</ele></trkpt><trkpt lat="35.05441" lon="-82.80554000000001"><ele>682.9038069757504</ele></trkpt><trkpt lat="35.05445" lon="-82.80536000000001"><ele>684.9854983743763</ele></trkpt><trkpt lat="35.05451" lon="-82.80529000000001"><ele>685.6092133738332</ele></trkpt><trkpt lat="35.05474" lon="-82.80514"><ele>688.9859990964222</ele></trkpt><trkpt lat="35.05495" lon="-82.80516"><ele>693.6534293331206</ele></trkpt><trkpt lat="35.05537" lon="-82.80511999999999"><ele>697.6440631170364</ele></trkpt><trkpt lat="35.05537" lon="-82.80511999999999"><ele>697.6440631170364</ele></trkpt><trkpt lat="35.05537" lon="-82.80511999999999"><ele>697.6440631170364</ele></trkpt><trkpt lat="35.05549" lon="-82.80495000000002"><ele>700.6946511812748</ele></trkpt><trkpt lat="35.05544" lon="-82.80477000000002"><ele>705.4181128352513</ele></trkpt><trkpt lat="35.05534" lon="-82.80466000000001"><ele>704.6862742568411</ele></trkpt><trkpt lat="35.05537" lon="-82.80452000000002"><ele>704.6750493126123</ele></trkpt><trkpt lat="35.05559" lon="-82.80437999999998"><ele>703.5403917276576</ele></trkpt><trkpt lat="35.05573" lon="-82.80419"><ele>702.1370319491252</ele></trkpt><trkpt lat="35.0558" lon="-82.80425000000002"><ele>703.2443555565551</ele></trkpt><trkpt lat="35.0559" lon="-82.80417999999997"><ele>700.0</ele></trkpt><trkpt lat="35.05591" lon="-82.80408999999997"><ele>698.2121848901734</ele></trkpt><trkpt lat="35.05587" lon="-82.80399999999997"><ele>698.573544836109</ele></trkpt><trkpt lat="35.05586" lon="-82.80381999999997"><ele>698.7121594846249</ele></trkpt><trkpt lat="35.05594" lon="-82.80360999999999"><ele>698.5733327535554</ele></trkpt><trkpt lat="35.05602" lon="-82.80354"><ele>699.9771035090089</ele></trkpt><trkpt lat="35.05598" lon="-82.80340000000001"><ele>702.9124133847654</ele></trkpt><trkpt lat="35.05585" lon="-82.80327999999997"><ele>696.1428484078497</ele></trkpt><trkpt lat="35.05576" lon="-82.80300999999997"><ele>694.0294128982774</ele></trkpt><trkpt lat="35.05584" lon="-82.80268999999998"><ele>706.3786807674364</ele></trkpt><trkpt lat="35.05601" lon="-82.80252000000002"><ele>721.4080999944043</ele></trkpt><trkpt lat="35.05598" lon="-82.80246"><ele>719.7997213910947</ele></trkpt><trkpt lat="35.05579" lon="-82.80232999999998"><ele>721.4043382450523</ele></trkpt><trkpt lat="35.05578" lon="-82.80219"><ele>725.1576728336513</ele></trkpt><trkpt lat="35.05592" lon="-82.80189999999999"><ele>728.093001380674</ele></trkpt><trkpt lat="35.05604" lon="-82.80176"><ele>728.2019448895007</ele></trkpt><trkpt lat="35.05613" lon="-82.80171999999999"><ele>728.3378097768873</ele></trkpt><trkpt lat="35.05628" lon="-82.80173000000002"><ele>728.803843555972</ele></trkpt><trkpt lat="35.05657" lon="-82.80180000000001"><ele>728.8753926084851</ele></trkpt><trkpt lat="35.05681" lon="-82.80192999999997"><ele>728.3274895232171</ele></trkpt><trkpt lat="35.0574" lon="-82.80273"><ele>737.0203240904957</ele></trkpt><trkpt lat="35.05747" lon="-82.80277000000001"><ele>737.441727077121</ele></trkpt><trkpt lat="35.05754" lon="-82.80275"><ele>738.7148198820651</ele></trkpt><trkpt lat="35.05755" lon="-82.80218000000002"><ele>746.134910760869</ele></trkpt><trkpt lat="35.05753" lon="-82.80201"><ele>743.7880871538073</ele></trkpt><trkpt lat="35.05767" lon="-82.80187000000001"><ele>744.0869289878756</ele></trkpt><trkpt lat="35.05791" lon="-82.80132000000003"><ele>748.2941856391922</ele></trkpt><trkpt lat="35.058" lon="-82.80126999999999"><ele>747.3662897767499</ele></trkpt><trkpt lat="35.05859" lon="-82.80131"><ele>750.2619218533505</ele></trkpt><trkpt lat="35.05878" lon="-82.80122"><ele>748.9900970393792</ele></trkpt><trkpt lat="35.05894293683135" lon="-82.80091127758271"><ele>749.8791054245085</ele></trkpt><trkpt lat="35.058945285151395" lon="-82.80090682818161"><ele>749.8054458219558</ele></trkpt><trkpt lat="35.05897" lon="-82.80086"><ele>750.0301915537566</ele></trkpt><trkpt lat="35.05916" lon="-82.80061999999998"><ele>750.1177077357742</ele></trkpt><trkpt lat="35.05928" lon="-82.80054000000001"><ele>748.345824001357</ele></trkpt><trkpt lat="35.05976" lon="-82.80061"><ele>747.5096032902163</ele></trkpt><trkpt lat="35.05988" lon="-82.80059"><ele>750.2568526072428</ele></trkpt><trkpt lat="35.06" lon="-82.80025"><ele>750.4129344262183</ele></trkpt><trkpt lat="35.0602" lon="-82.79998"><ele>751.2479324452579</ele></trkpt><trkpt lat="35.06046" lon="-82.79984000000002"><ele>749.8901158692715</ele></trkpt><trkpt lat="35.06064" lon="-82.79976999999997"><ele>753.3924251275216</ele></trkpt><trkpt lat="35.06082" lon="-82.79939999999999"><ele>754.3170203398913</ele></trkpt><trkpt lat="35.06105" lon="-82.79913999999997"><ele>754.1940164510161</ele></trkpt><trkpt lat="35.06118" lon="-82.79889000000003"><ele>752.2681410388627</ele></trkpt><trkpt lat="35.0613" lon="-82.79856999999998"><ele>746.5371697768569</ele></trkpt><trkpt lat="35.06151" lon="-82.79829000000001"><ele>741.8722900124267</ele></trkpt><trkpt lat="35.06162" lon="-82.79817000000003"><ele>738.8958186684176</ele></trkpt><trkpt lat="35.06179" lon="-82.79809"><ele>737.4934560004622</ele></trkpt><trkpt lat="35.06187" lon="-82.79800999999998"><ele>734.4392782207578</ele></trkpt><trkpt lat="35.06196" lon="-82.79798"><ele>734.0</ele></trkpt><trkpt lat="35.06196" lon="-82.79798"><ele>734.0</ele></trkpt><trkpt lat="35.06202" lon="-82.79793000000001"><ele>735.0</ele></trkpt><trkpt lat="35.06216" lon="-82.79795000000001"><ele>738.3919963240623</ele></trkpt><trkpt lat="35.0623" lon="-82.79791999999998"><ele>740.2740545183506</ele></trkpt><trkpt lat="35.06235" lon="-82.79773"><ele>742.6915416129078</ele></trkpt><trkpt lat="35.06249" lon="-82.79745000000003"><ele>746.0</ele></trkpt><trkpt lat="35.062526898934976" lon="-82.79723783112388"><ele>745.0</ele></trkpt><trkpt lat="35.062541678702104" lon="-82.79721508265709"><ele>744.8768835887313</ele></trkpt><trkpt lat="35.06272" lon="-82.79714000000001"><ele>739.0</ele></trkpt><trkpt lat="35.06286" lon="-82.79691000000003"><ele>742.2470200285316</ele></trkpt><trkpt lat="35.06293" lon="-82.79708"><ele>746.0</ele></trkpt><trkpt lat="35.06301" lon="-82.79719"><ele>747.176783945753</ele></trkpt><trkpt lat="35.06332" lon="-82.7973"><ele>751.4376502539963</ele></trkpt><trkpt lat="35.06336" lon="-82.79726"><ele>752.0</ele></trkpt><trkpt lat="35.06335" lon="-82.79721"><ele>752.8542600404471</ele></trkpt><trkpt lat="35.06332" lon="-82.79719"><ele>753.0</ele></trkpt><trkpt lat="35.06325" lon="-82.79703999999998"><ele>755.7659982228652</ele></trkpt><trkpt lat="35.06326" lon="-82.79696000000001"><ele>757.0</ele></trkpt><trkpt lat="35.0633" lon="-82.79689000000002"><ele>758.0</ele></trkpt><trkpt lat="35.06337" lon="-82.79687000000001"><ele>758.6885724440217</ele></trkpt><trkpt lat="35.06347" lon="-82.79676"><ele>761.8149439999834</ele></trkpt><trkpt lat="35.06379" lon="-82.79664000000002"><ele>761.6169042307884</ele></trkpt><trkpt lat="35.06399" lon="-82.79649999999998"><ele>769.9318222226575</ele></trkpt><trkpt lat="35.06406" lon="-82.79660000000001"><ele>765.2714844439179</ele></trkpt><trkpt lat="35.06416" lon="-82.79656999999997"><ele>767.669585778378</ele></trkpt><trkpt lat="35.06428" lon="-82.79642999999999"><ele>769.0972264679149</ele></trkpt><trkpt lat="35.06432" lon="-82.79617999999999"><ele>773.9419453632906</ele></trkpt><trkpt lat="35.06413" lon="-82.79590999999999"><ele>778.4437073525041</ele></trkpt><trkpt lat="35.06404" lon="-82.79545999999999"><ele>788.7405269134576</ele></trkpt><trkpt lat="35.06404" lon="-82.79518000000002"><ele>792.5680235493928</ele></trkpt><trkpt lat="35.06412" lon="-82.79498999999998"><ele>792.0</ele></trkpt><trkpt lat="35.06415" lon="-82.79480999999998"><ele>793.0</ele></trkpt><trkpt lat="35.06402" lon="-82.79455999999999"><ele>797.3423751117662</ele></trkpt><trkpt lat="35.06387" lon="-82.79437999999999"><ele>800.550231409148</ele></trkpt><trkpt lat="35.06365" lon="-82.79431"><ele>801.9932195553556</ele></trkpt><trkpt lat="35.06356" lon="-82.79424"><ele>804.2554559996352</ele></trkpt><trkpt lat="35.06352" lon="-82.79415"><ele>807.2746868170798</ele></trkpt><trkpt lat="35.06355" lon="-82.79390999999998"><ele>816.362372778012</ele></trkpt><trkpt lat="35.0634" lon="-82.79345"><ele>826.064681975171</ele></trkpt><trkpt lat="35.06323" lon="-82.79316"><ele>831.5871039992198</ele></trkpt><trkpt lat="35.06314872934978" lon="-82.79308279288227"><ele>834.8713575946167</ele></trkpt><trkpt lat="35.06315347349748" lon="-82.79308729976765"><ele>834.9314352320507</ele></trkpt><trkpt lat="35.06303" lon="-82.79296999999997"><ele>835.0</ele></trkpt><trkpt lat="35.06303" lon="-82.79296999999997"><ele>835.0</ele></trkpt><trkpt lat="35.06299" lon="-82.79286000000002"><ele>836.0172454200051</ele></trkpt><trkpt lat="35.06299" lon="-82.79266999999999"><ele>836.6487049143761</ele></trkpt><trkpt lat="35.06306" lon="-82.79255"><ele>840.6342324297875</ele></trkpt><trkpt lat="35.06314" lon="-82.79250000000002"><ele>842.843791866675</ele></trkpt><trkpt lat="35.06318" lon="-82.79232000000002"><ele>844.4665732588619</ele></trkpt><trkpt lat="35.06326" lon="-82.79214999999999"><ele>846.3575816222808</ele></trkpt><trkpt lat="35.06334" lon="-82.79214999999999"><ele>849.1979764150215</ele></trkpt><trkpt lat="35.06343" lon="-82.79228"><ele>856.0</ele></trkpt><trkpt lat="35.06351" lon="-82.79235"><ele>859.749988052914</ele></trkpt><trkpt lat="35.06356" lon="-82.79246999999998"><ele>864.3326822462855</ele></trkpt><trkpt lat="35.06395" lon="-82.79278999999997"><ele>874.2554715452607</ele></trkpt><trkpt lat="35.06407" lon="-82.79278"><ele>877.0</ele></trkpt><trkpt lat="35.06411" lon="-82.79287999999997"><ele>878.4175552278757</ele></trkpt><trkpt lat="35.06425" lon="-82.79296"><ele>884.0</ele></trkpt><trkpt lat="35.06425" lon="-82.79296"><ele>884.0</ele></trkpt><trkpt lat="35.06425" lon="-82.79296"><ele>884.0</ele></trkpt><trkpt lat="35.0644" lon="-82.79293999999999"><ele>885.8398471111432</ele></trkpt><trkpt lat="35.06474" lon="-82.79264999999998"><ele>893.6451733326539</ele></trkpt><trkpt lat="35.06489" lon="-82.79257999999999"><ele>894.894186870439</ele></trkpt><trkpt lat="35.06502" lon="-82.79245000000003"><ele>896.5548881115392</ele></trkpt><trkpt lat="35.06508" lon="-82.79232000000002"><ele>898.6466415151954</ele></trkpt><trkpt lat="35.06507" lon="-82.79218000000003"><ele>899.0199666703168</ele></trkpt><trkpt lat="35.06529" lon="-82.79185000000001"><ele>900.1437051399265</ele></trkpt><trkpt lat="35.06548" lon="-82.79119000000003"><ele>898.7451830376212</ele></trkpt><trkpt lat="35.06551" lon="-82.79077000000001"><ele>905.8393284082413</ele></trkpt><trkpt lat="35.06584" lon="-82.79021999999998"><ele>911.0806261468679</ele></trkpt><trkpt lat="35.06585" lon="-82.79011000000003"><ele>911.0</ele></trkpt><trkpt lat="35.06577" lon="-82.78998999999999"><ele>912.0</ele></trkpt><trkpt lat="35.06546" lon="-82.78975000000003"><ele>909.8572134472743</ele></trkpt><trkpt lat="35.06521" lon="-82.78966000000003"><ele>907.9660827213702</ele></trkpt><trkpt lat="35.06511" lon="-82.78938"><ele>910.0</ele></trkpt><trkpt lat="35.06534" lon="-82.78863999999999"><ele>918.6551413026007</ele></trkpt><trkpt lat="35.0654" lon="-82.78854000000001"><ele>918.1333097647876</ele></trkpt><trkpt lat="35.06543" lon="-82.78843"><ele>920.0089630988579</ele></trkpt><trkpt lat="35.0654" lon="-82.78836999999999"><ele>921.1333097647876</ele></trkpt><trkpt lat="35.06504" lon="-82.78827999999999"><ele>925.9884124444798</ele></trkpt><trkpt lat="35.06464" lon="-82.78854000000001"><ele>929.1052906671539</ele></trkpt><trkpt lat="35.06445" lon="-82.78854000000001"><ele>930.1052906671539</ele></trkpt><trkpt lat="35.06418" lon="-82.78859"><ele>933.4354595551267</ele></trkpt><trkpt lat="35.06393" lon="-82.78858000000002"><ele>934.9694257797673</ele></trkpt><trkpt lat="35.06362" lon="-82.78863000000001"><ele>938.1442321944954</ele></trkpt><trkpt lat="35.06328" lon="-82.78838999999999"><ele>943.7434059126672</ele></trkpt><trkpt lat="35.06307" lon="-82.78829000000002"><ele>947.9074775758307</ele></trkpt><trkpt lat="35.06264" lon="-82.78818000000001"><ele>954.8593128040268</ele></trkpt><trkpt lat="35.06176" lon="-82.78809999999999"><ele>965.8003911133856</ele></trkpt><trkpt lat="35.06146511561123" lon="-82.78802176536624"><ele>971.0461937477812</ele></trkpt><trkpt lat="35.0614701510325" lon="-82.78802310120005"><ele>970.983939380385</ele></trkpt><trkpt lat="35.06127" lon="-82.78796999999997"><ele>971.8482411776004</ele></trkpt><trkpt lat="35.06121" lon="-82.78791000000001"><ele>973.2548373332247</ele></trkpt><trkpt lat="35.0612" lon="-82.78782999999999"><ele>974.9955105593226</ele></trkpt><trkpt lat="35.06125" lon="-82.78777000000002"><ele>976.4527608397449</ele></trkpt><trkpt lat="35.06196" lon="-82.78742999999997"><ele>984.0030657533769</ele></trkpt><trkpt lat="35.06221" lon="-82.78736000000004"><ele>985.8866951093078</ele></trkpt><trkpt lat="35.06243" lon="-82.78724"><ele>988.0</ele></trkpt><trkpt lat="35.06315" lon="-82.78656000000001"><ele>990.7993987486282</ele></trkpt><trkpt lat="35.06351" lon="-82.78604999999999"><ele>993.0</ele></trkpt><trkpt lat="35.06397" lon="-82.78565000000003"><ele>991.5535989087075</ele></trkpt><trkpt lat="35.06421" lon="-82.7851"><ele>994.0</ele></trkpt><trkpt lat="35.0644" lon="-82.78487000000001"><ele>995.0</ele></trkpt><trkpt lat="35.06452" lon="-82.78457000000003"><ele>995.7831442112631</ele></trkpt><trkpt lat="35.06457" lon="-82.78399999999999"><ele>990.0</ele></trkpt><trkpt lat="35.06468" lon="-82.78370000000001"><ele>987.0</ele></trkpt><trkpt lat="35.06485" lon="-82.78348"><ele>983.2921991115436</ele></trkpt><trkpt lat="35.064858986847" lon="-82.78339013152998"><ele>983.0</ele></trkpt><trkpt lat="35.06485533500644" lon="-82.78336881137"><ele>983.0</ele></trkpt><trkpt lat="35.06481" lon="-82.78325999999998"><ele>983.0</ele></trkpt><trkpt lat="35.0647" lon="-82.78310999999997"><ele>983.0099160632467</ele></trkpt><trkpt lat="35.06438" lon="-82.78298000000001"><ele>981.009489777498</ele></trkpt><trkpt lat="35.064031730691276" lon="-82.78290039558658"><ele>981.7193243289366</ele></trkpt><trkpt lat="35.06403" lon="-82.78289999999998"><ele>981.7377600008622</ele></trkpt><trkpt lat="35.06377" lon="-82.78271999999998"><ele>981.0</ele></trkpt><trkpt lat="35.06371" lon="-82.78260999999998"><ele>980.0</ele></trkpt><trkpt lat="35.06376" lon="-82.78233"><ele>979.0</ele></trkpt><trkpt lat="35.06398" lon="-82.78214000000003"><ele>977.8594416826963</ele></trkpt><trkpt lat="35.06408" lon="-82.78181000000001"><ele>974.3295806538616</ele></trkpt><trkpt lat="35.06417" lon="-82.7817"><ele>973.8899856635849</ele></trkpt><trkpt lat="35.06434" lon="-82.78113000000002"><ele>978.5130524151027</ele></trkpt><trkpt lat="35.06434" lon="-82.78098999999997"><ele>978.8783661206742</ele></trkpt><trkpt lat="35.06402" lon="-82.78075999999999"><ele>980.6247024252322</ele></trkpt><trkpt lat="35.06362" lon="-82.78057999999999"><ele>982.3390208827332</ele></trkpt><trkpt lat="35.06326" lon="-82.78046"><ele>981.4500017780811</ele></trkpt><trkpt lat="35.06284" lon="-82.78046"><ele>991.9404350151001</ele></trkpt><trkpt lat="35.06268" lon="-82.78034000000002"><ele>993.0</ele></trkpt><trkpt lat="35.06257" lon="-82.77998000000002"><ele>1000.6029242679159</ele></trkpt><trkpt lat="35.06258" lon="-82.77992999999998"><ele>1001.0</ele></trkpt><trkpt lat="35.06249" lon="-82.77978999999999"><ele>1001.0</ele></trkpt><trkpt lat="35.06243" lon="-82.77958000000001"><ele>1001.0</ele></trkpt><trkpt lat="35.06249" lon="-82.77931999999998"><ele>1001.0</ele></trkpt><trkpt lat="35.062545170231324" lon="-82.77934247740421"><ele>1001.0</ele></trkpt><trkpt lat="35.062545170231324" lon="-82.77934247740421"><ele>1001.0</ele></trkpt><trkpt lat="35.06276" lon="-82.77942999999999"><ele>1008.7983796013016</ele></trkpt><trkpt lat="35.06312" lon="-82.77897999999999"><ele>1015.0290816709197</ele></trkpt><trkpt lat="35.0635" lon="-82.77906000000002"><ele>1024.2094751776606</ele></trkpt><trkpt lat="35.06374" lon="-82.77917000000002"><ele>1031.0</ele></trkpt><trkpt lat="35.06391" lon="-82.77915000000002"><ele>1035.0150852968648</ele></trkpt><trkpt lat="35.06422" lon="-82.77922999999998"><ele>1042.9272300713724</ele></trkpt><trkpt lat="35.06463" lon="-82.77924999999999"><ele>1052.0208500375886</ele></trkpt><trkpt lat="35.06475" lon="-82.77922999999998"><ele>1055.0</ele></trkpt><trkpt lat="35.064808980564294" lon="-82.77910361307647"><ele>1056.0</ele></trkpt><trkpt lat="35.06483592740839" lon="-82.77906969403955"><ele>1055.7497691847384</ele></trkpt><trkpt lat="35.06499" lon="-82.77897000000002"><ele>1058.0</ele></trkpt><trkpt lat="35.06509" lon="-82.77886999999998"><ele>1061.646715638304</ele></trkpt><trkpt lat="35.06514" lon="-82.77864"><ele>1069.0</ele></trkpt><trkpt lat="35.06508" lon="-82.77846999999997"><ele>1069.8373650712892</ele></trkpt><trkpt lat="35.06508" lon="-82.77836000000002"><ele>1072.6466415151954</ele></trkpt><trkpt lat="35.06519" lon="-82.77819"><ele>1077.9097752086818</ele></trkpt><trkpt lat="35.06527" lon="-82.77816000000001"><ele>1080.1683594237638</ele></trkpt><trkpt lat="35.06531" lon="-82.7781"><ele>1080.4201583755464</ele></trkpt><trkpt lat="35.06531" lon="-82.77801999999997"><ele>1080.1204324698654</ele></trkpt><trkpt lat="35.06545" lon="-82.77786000000003"><ele>1081.0</ele></trkpt><trkpt lat="35.06541" lon="-82.77777000000003"><ele>1081.0</ele></trkpt><trkpt lat="35.06541" lon="-82.77777000000003"><ele>1081.0</ele></trkpt><trkpt lat="35.06539" lon="-82.77758"><ele>1081.7026873659343</ele></trkpt><trkpt lat="35.06539" lon="-82.77758"><ele>1081.7026873659343</ele></trkpt><trkpt lat="35.06513" lon="-82.77742999999998"><ele>1081.8269033969736</ele></trkpt><trkpt lat="35.06516" lon="-82.77728000000002"><ele>1082.0</ele></trkpt><trkpt lat="35.06518" lon="-82.77729"><ele>1082.0</ele></trkpt><trkpt lat="35.06516" lon="-82.77742"><ele>1082.0</ele></trkpt><trkpt lat="35.06526" lon="-82.77744000000001"><ele>1083.0</ele></trkpt><trkpt lat="35.06522" lon="-82.77711999999997"><ele>1082.0</ele></trkpt><trkpt lat="35.06522" lon="-82.77711999999997"><ele>1082.0</ele></trkpt><trkpt lat="35.06529" lon="-82.77710000000002"><ele>1081.3816513615457</ele></trkpt><trkpt lat="35.06531" lon="-82.77704"><ele>1081.0</ele></trkpt><trkpt lat="35.06531" lon="-82.77704"><ele>1081.0</ele></trkpt><trkpt lat="35.0653" lon="-82.77670999999998"><ele>1077.0</ele></trkpt><trkpt lat="35.0653" lon="-82.77670999999998"><ele>1077.0</ele></trkpt><trkpt lat="35.0653" lon="-82.77670999999998"><ele>1077.0</ele></trkpt><trkpt lat="35.06526" lon="-82.77661"><ele>1076.0</ele></trkpt><trkpt lat="35.06516" lon="-82.77643999999998"><ele>1073.3648459654148</ele></trkpt><trkpt lat="35.06497024857285" lon="-82.77630988473567"><ele>1070.0</ele></trkpt><trkpt lat="35.0649715444116" lon="-82.77631077318296"><ele>1070.0</ele></trkpt><trkpt lat="35.06481" lon="-82.77620000000002"><ele>1066.273530965671</ele></trkpt><trkpt lat="35.06481" lon="-82.77620000000002"><ele>1066.273530965671</ele></trkpt><trkpt lat="35.06476" lon="-82.77616"><ele>1066.0</ele></trkpt><trkpt lat="35.06476" lon="-82.77616"><ele>1066.0</ele></trkpt><trkpt lat="35.06461592833769" lon="-82.77604846064855"><ele>1064.0</ele></trkpt><trkpt lat="35.06461592833769" lon="-82.77604846064855"><ele>1064.0</ele></trkpt><trkpt lat="35.06445" lon="-82.77591999999999"><ele>1062.0</ele></trkpt><trkpt lat="35.06445" lon="-82.77591999999999"><ele>1062.0</ele></trkpt><trkpt lat="35.06436" lon="-82.77573999999998"><ele>1060.797324360705</ele></trkpt><trkpt lat="35.06426" lon="-82.77506"><ele>1052.9580926857889</ele></trkpt><trkpt lat="35.06414" lon="-82.77480000000003"><ele>1050.3224925529416</ele></trkpt><trkpt lat="35.06402" lon="-82.77467999999999"><ele>1048.1107656201348</ele></trkpt><trkpt lat="35.06395" lon="-82.77465999999998"><ele>1046.8266346190233</ele></trkpt><trkpt lat="35.0639" lon="-82.77453000000003"><ele>1049.0</ele></trkpt><trkpt lat="35.06388" lon="-82.77415000000002"><ele>1046.1554702173646</ele></trkpt><trkpt lat="35.06383687192276" lon="-82.77401199015281"><ele>1044.044157594899</ele></trkpt><trkpt lat="35.06383658673215" lon="-82.7740110775373"><ele>1044.0071665889363</ele></trkpt><trkpt lat="35.06383" lon="-82.77399000000003"><ele>1044.0</ele></trkpt><trkpt lat="35.06366" lon="-82.77384999999998"><ele>1042.0</ele></trkpt><trkpt lat="35.06338" lon="-82.77372000000003"><ele>1042.0</ele></trkpt><trkpt lat="35.06325" lon="-82.77368999999999"><ele>1041.43170601886</ele></trkpt><trkpt lat="35.06286" lon="-82.77318000000002"><ele>1034.1784946962064</ele></trkpt><trkpt lat="35.06256" lon="-82.77303999999998"><ele>1029.0</ele></trkpt><trkpt lat="35.06222" lon="-82.77249999999998"><ele>1019.0</ele></trkpt><trkpt lat="35.06203" lon="-82.77251000000001"><ele>1015.0</ele></trkpt><trkpt lat="35.06181" lon="-82.77262999999999"><ele>1010.3544497778639</ele></trkpt><trkpt lat="35.0617" lon="-82.77256999999997"><ele>1011.1506524458528</ele></trkpt><trkpt lat="35.06159" lon="-82.77238999999997"><ele>1011.506296695501</ele></trkpt><trkpt lat="35.06151" lon="-82.77215999999999"><ele>1012.0</ele></trkpt><trkpt lat="35.0611" lon="-82.77157999999997"><ele>1005.040753820911</ele></trkpt><trkpt lat="35.06096" lon="-82.77151000000003"><ele>1004.5502328872681</ele></trkpt><trkpt lat="35.06072" lon="-82.77163000000002"><ele>1004.5693388852162</ele></trkpt><trkpt lat="35.0606" lon="-82.77174000000002"><ele>1003.9033469961854</ele></trkpt><trkpt lat="35.06043" lon="-82.77174000000002"><ele>1006.831455999054</ele></trkpt><trkpt lat="35.06011" lon="-82.77159"><ele>1004.4976410614327</ele></trkpt><trkpt lat="35.06002" lon="-82.77129000000002"><ele>1007.5516145192087</ele></trkpt><trkpt lat="35.05971" lon="-82.77124000000003"><ele>1012.1331448871642</ele></trkpt><trkpt lat="35.05957" lon="-82.77100000000002"><ele>1016.0</ele></trkpt><trkpt lat="35.05957" lon="-82.77100000000002"><ele>1016.0</ele></trkpt><trkpt lat="35.05938" lon="-82.77069"><ele>1017.7917899808978</ele></trkpt><trkpt lat="35.0593" lon="-82.77062000000001"><ele>1018.0272391112521</ele></trkpt><trkpt lat="35.05921" lon="-82.77058999999997"><ele>1018.0</ele></trkpt><trkpt lat="35.05892" lon="-82.77071999999998"><ele>1018.4146220554986</ele></trkpt><trkpt lat="35.05867" lon="-82.77091999999999"><ele>1022.0</ele></trkpt><trkpt lat="35.05833" lon="-82.77091999999999"><ele>1021.3649109310368</ele></trkpt><trkpt lat="35.058" lon="-82.77078"><ele>1019.5463336054236</ele></trkpt><trkpt lat="35.05796" lon="-82.77067"><ele>1018.4904626062454</ele></trkpt><trkpt lat="35.05793" lon="-82.77035999999998"><ele>1015.4801956206816</ele></trkpt><trkpt lat="35.05784" lon="-82.77025000000003"><ele>1010.5893771859139</ele></trkpt><trkpt lat="35.05768" lon="-82.77013999999997"><ele>1009.0</ele></trkpt><trkpt lat="35.05751" lon="-82.77017999999998"><ele>1007.5327253341675</ele></trkpt><trkpt lat="35.05727" lon="-82.77015"><ele>1009.0</ele></trkpt><trkpt lat="35.05704" lon="-82.77021000000002"><ele>1010.2286419874499</ele></trkpt><trkpt lat="35.05677" lon="-82.77033"><ele>1009.5422186665237</ele></trkpt><trkpt lat="35.05641" lon="-82.77028999999999"><ele>1008.4063537782058</ele></trkpt><trkpt lat="35.05628" lon="-82.77037000000001"><ele>1005.6780835548416</ele></trkpt><trkpt lat="35.05618" lon="-82.77034000000003"><ele>1007.0</ele></trkpt><trkpt lat="35.05594" lon="-82.77053000000001"><ele>1003.0</ele></trkpt><trkpt lat="35.05588" lon="-82.77053999999998"><ele>1001.9635175538403</ele></trkpt><trkpt lat="35.05582" lon="-82.77048000000002"><ele>1002.5517119988799</ele></trkpt><trkpt lat="35.05553" lon="-82.77040999999997"><ele>997.8139484459534</ele></trkpt><trkpt lat="35.05543" lon="-82.77034000000003"><ele>999.0</ele></trkpt><trkpt lat="35.05487" lon="-82.77021000000002"><ele>1002.6965115899948</ele></trkpt><trkpt lat="35.05458032770296" lon="-82.7702440790938"><ele>1004.1404353175312</ele></trkpt><trkpt lat="35.05458032770296" lon="-82.7702440790938"><ele>1004.1404353175312</ele></trkpt><trkpt lat="35.05436" lon="-82.77026999999998"><ele>1004.0</ele></trkpt><trkpt lat="35.054" lon="-82.77025000000003"><ele>1001.0</ele></trkpt><trkpt lat="35.05393" lon="-82.77013999999997"><ele>1000.0</ele></trkpt><trkpt lat="35.0539" lon="-82.77004"><ele>1000.0</ele></trkpt><trkpt lat="35.05343" lon="-82.76965999999999"><ele>1000.7151615666617</ele></trkpt><trkpt lat="35.05315" lon="-82.76934"><ele>1003.6795626664534</ele></trkpt><trkpt lat="35.05232" lon="-82.76922000000002"><ele>1000.222906429942</ele></trkpt><trkpt lat="35.05218" lon="-82.76923999999997"><ele>999.3399004461244</ele></trkpt><trkpt lat="35.05195" lon="-82.76911000000001"><ele>1002.3983395546675</ele></trkpt><trkpt lat="35.05172" lon="-82.76917000000003"><ele>1002.0</ele></trkpt><trkpt lat="35.05172" lon="-82.76917000000003"><ele>1002.0</ele></trkpt><trkpt lat="35.05172" lon="-82.76917000000003"><ele>1002.0</ele></trkpt><trkpt lat="35.05153" lon="-82.76905999999997"><ele>1001.0</ele></trkpt><trkpt lat="35.0514" lon="-82.76895000000002"><ele>1000.6893221464024</ele></trkpt><trkpt lat="35.05114" lon="-82.76860999999997"><ele>998.0035568261466</ele></trkpt><trkpt lat="35.051" lon="-82.76857000000001"><ele>998.9846616469765</ele></trkpt><trkpt lat="35.0507" lon="-82.76859999999999"><ele>998.0</ele></trkpt><trkpt lat="35.0503" lon="-82.76839999999999"><ele>1000.0</ele></trkpt><trkpt lat="35.050158337339944" lon="-82.76837916725589"><ele>1000.0</ele></trkpt><trkpt lat="35.050169007434114" lon="-82.7683807363627"><ele>1000.0</ele></trkpt><trkpt lat="35.04996" lon="-82.76835"><ele>1006.0</ele></trkpt><trkpt lat="35.04947" lon="-82.76823000000002"><ele>1010.4093119986355</ele></trkpt><trkpt lat="35.04916" lon="-82.76836000000003"><ele>1007.3508728872985</ele></trkpt><trkpt lat="35.04874" lon="-82.76830000000001"><ele>1010.147075554356</ele></trkpt><trkpt lat="35.04828" lon="-82.76819999999998"><ele>1014.8074133340269</ele></trkpt><trkpt lat="35.04799" lon="-82.76803999999998"><ele>1018.0</ele></trkpt><trkpt lat="35.04799" lon="-82.76803999999998"><ele>1018.0</ele></trkpt><trkpt lat="35.04791" lon="-82.76794000000001"><ele>1019.0</ele></trkpt><trkpt lat="35.0479" lon="-82.76778000000002"><ele>1020.5626004263759</ele></trkpt><trkpt lat="35.04799" lon="-82.76742000000002"><ele>1017.0</ele></trkpt><trkpt lat="35.04799" lon="-82.76742000000002"><ele>1017.0</ele></trkpt><trkpt lat="35.04799" lon="-82.76734999999996"><ele>1017.0</ele></trkpt><trkpt lat="35.04799" lon="-82.76734999999996"><ele>1017.0</ele></trkpt><trkpt lat="35.04782" lon="-82.76728000000003"><ele>1018.6825208878145</ele></trkpt><trkpt lat="35.0477" lon="-82.76715999999999"><ele>1020.4036281763575</ele></trkpt><trkpt lat="35.0476" lon="-82.76661000000001"><ele>1027.4397567356098</ele></trkpt><trkpt lat="35.04729" lon="-82.76641000000001"><ele>1025.1906422675247</ele></trkpt><trkpt lat="35.04728" lon="-82.76621999999998"><ele>1028.2688856516033</ele></trkpt><trkpt lat="35.04739" lon="-82.76565"><ele>1025.5306542087346</ele></trkpt><trkpt lat="35.04732" lon="-82.76538"><ele>1023.0</ele></trkpt><trkpt lat="35.04748" lon="-82.76524999999998"><ele>1022.7126222215593</ele></trkpt><trkpt lat="35.04765" lon="-82.76522999999997"><ele>1022.7805546661839</ele></trkpt><trkpt lat="35.04799" lon="-82.76557000000003"><ele>1028.0</ele></trkpt><trkpt lat="35.04799" lon="-82.76557000000003"><ele>1028.0</ele></trkpt><trkpt lat="35.04803" lon="-82.76560999999998"><ele>1028.5087502064573</ele></trkpt><trkpt lat="35.04835" lon="-82.76551999999998"><ele>1022.0529520762362</ele></trkpt><trkpt lat="35.04851" lon="-82.76538"><ele>1019.7710613338277</ele></trkpt><trkpt lat="35.04913" lon="-82.76515999999998"><ele>1013.7984496241689</ele></trkpt><trkpt lat="35.04921" lon="-82.76499000000001"><ele>1011.080833672665</ele></trkpt><trkpt lat="35.0494" lon="-82.76474000000002"><ele>1006.9973402002728</ele></trkpt><trkpt lat="35.04952" lon="-82.76452999999998"><ele>1005.0</ele></trkpt><trkpt lat="35.04945" lon="-82.76425"><ele>998.8201203138782</ele></trkpt><trkpt lat="35.04959" lon="-82.76404000000002"><ele>992.0748938659981</ele></trkpt><trkpt lat="35.05012" lon="-82.76346000000001"><ele>979.9390664901584</ele></trkpt><trkpt lat="35.05015" lon="-82.76328000000001"><ele>979.5508480947465</ele></trkpt><trkpt lat="35.05011" lon="-82.76315999999997"><ele>976.8036517831905</ele></trkpt><trkpt lat="35.04995" lon="-82.76303000000001"><ele>972.0083443550393</ele></trkpt><trkpt lat="35.0499" lon="-82.76292000000001"><ele>972.9258651913785</ele></trkpt><trkpt lat="35.04939" lon="-82.76265000000001"><ele>963.1744639203596</ele></trkpt><trkpt lat="35.04895" lon="-82.76258000000001"><ele>958.7183964438736</ele></trkpt><trkpt lat="35.04872" lon="-82.76245"><ele>954.2417959459126</ele></trkpt><trkpt lat="35.04867" lon="-82.76234999999997"><ele>951.3954901192337</ele></trkpt><trkpt lat="35.04867" lon="-82.76166"><ele>944.3954901192337</ele></trkpt><trkpt lat="35.04869" lon="-82.76139999999998"><ele>942.534012241289</ele></trkpt><trkpt lat="35.04863" lon="-82.76130999999998"><ele>940.0112896037119</ele></trkpt><trkpt lat="35.04856" lon="-82.76129000000003"><ele>937.0</ele></trkpt><trkpt lat="35.0485" lon="-82.76135999999997"><ele>934.718063345179</ele></trkpt><trkpt lat="35.04851" lon="-82.76148"><ele>934.287323186174</ele></trkpt><trkpt lat="35.04846" lon="-82.76152000000002"><ele>931.441024677828</ele></trkpt><trkpt lat="35.04836" lon="-82.76147000000003"><ele>926.0838399277076</ele></trkpt><trkpt lat="35.04833" lon="-82.76121999999998"><ele>925.9416664885357</ele></trkpt><trkpt lat="35.0484" lon="-82.76087999999999"><ele>919.0014227193473</ele></trkpt><trkpt lat="35.04852" lon="-82.76075000000003"><ele>917.9996303033342</ele></trkpt><trkpt lat="35.0486" lon="-82.76060000000001"><ele>917.0</ele></trkpt><trkpt lat="35.04875" lon="-82.76058999999998"><ele>915.5136106684757</ele></trkpt><trkpt lat="35.04905" lon="-82.76026000000002"><ele>913.0274580959231</ele></trkpt><trkpt lat="35.04905" lon="-82.75979999999998"><ele>914.7592440055525</ele></trkpt><trkpt lat="35.04915" lon="-82.75941"><ele>908.3952588963311</ele></trkpt><trkpt lat="35.04911" lon="-82.75922000000003"><ele>906.4430411867797</ele></trkpt><trkpt lat="35.04896" lon="-82.75905"><ele>899.2283199997619</ele></trkpt><trkpt lat="35.04854" lon="-82.75869999999998"><ele>901.9951031282544</ele></trkpt><trkpt lat="35.04844" lon="-82.75851"><ele>900.3025057632476</ele></trkpt><trkpt lat="35.04813" lon="-82.75833"><ele>899.9251576779623</ele></trkpt><trkpt lat="35.04816" lon="-82.75810999999999"><ele>897.9773992053696</ele></trkpt><trkpt lat="35.04822" lon="-82.75797"><ele>898.0</ele></trkpt><trkpt lat="35.0482" lon="-82.75788999999997"><ele>897.1845590860247</ele></trkpt><trkpt lat="35.04809" lon="-82.75785000000002"><ele>893.1523733325303</ele></trkpt><trkpt lat="35.04799" lon="-82.75774999999999"><ele>893.0</ele></trkpt><trkpt lat="35.04799" lon="-82.75774999999999"><ele>893.0</ele></trkpt><trkpt lat="35.0479" lon="-82.75763999999998"><ele>891.9733547846208</ele></trkpt><trkpt lat="35.04774" lon="-82.75761999999997"><ele>890.8711502235383</ele></trkpt><trkpt lat="35.04747" lon="-82.75749000000002"><ele>888.9355512147324</ele></trkpt><trkpt lat="35.04706" lon="-82.75742000000002"><ele>884.142981914729</ele></trkpt><trkpt lat="35.04697" lon="-82.75736999999998"><ele>882.0</ele></trkpt><trkpt lat="35.04699" lon="-82.75715000000002"><ele>880.7606271505356</ele></trkpt><trkpt lat="35.04693" lon="-82.75707999999997"><ele>880.0127610138446</ele></trkpt><trkpt lat="35.04677" lon="-82.75700999999998"><ele>878.0709607409092</ele></trkpt><trkpt lat="35.04666" lon="-82.75693999999999"><ele>877.5476572782352</ele></trkpt><trkpt lat="35.04636" lon="-82.75655"><ele>870.7367644440383</ele></trkpt><trkpt lat="35.04621" lon="-82.75664"><ele>871.0</ele></trkpt><trkpt lat="35.04606" lon="-82.75668000000002"><ele>868.6783253317699</ele></trkpt><trkpt lat="35.04589" lon="-82.75662999999997"><ele>868.008494223468</ele></trkpt><trkpt lat="35.045825279751575" lon="-82.75655718972052"><ele>867.0</ele></trkpt><trkpt lat="35.045835849040245" lon="-82.7565690801606"><ele>867.0611306969076</ele></trkpt><trkpt lat="35.04581" lon="-82.75653999999997"><ele>866.5896969586611</ele></trkpt><trkpt lat="35.0457" lon="-82.75648000000001"><ele>863.9990008883178</ele></trkpt><trkpt lat="35.04546" lon="-82.75648999999999"><ele>862.3551173471138</ele></trkpt><trkpt lat="35.0454" lon="-82.75644"><ele>862.0</ele></trkpt><trkpt lat="35.04531" lon="-82.75603999999998"><ele>858.127731082961</ele></trkpt><trkpt lat="35.04532" lon="-82.75585999999998"><ele>857.6969686932862</ele></trkpt><trkpt lat="35.0453" lon="-82.75574"><ele>855.7856484190092</ele></trkpt><trkpt lat="35.04523" lon="-82.75558000000001"><ele>853.5738327093422</ele></trkpt><trkpt lat="35.04526" lon="-82.75531000000001"><ele>850.4293414523582</ele></trkpt><trkpt lat="35.04521" lon="-82.75515999999999"><ele>847.1443091146014</ele></trkpt><trkpt lat="35.04501" lon="-82.75513000000001"><ele>841.9135608877987</ele></trkpt><trkpt lat="35.04484" lon="-82.75488999999999"><ele>839.0367557454322</ele></trkpt><trkpt lat="35.04441" lon="-82.75467000000003"><ele>834.8966315090656</ele></trkpt><trkpt lat="35.04434" lon="-82.75452000000001"><ele>832.9120140876621</ele></trkpt><trkpt lat="35.0443" lon="-82.75434000000001"><ele>831.4637623537251</ele></trkpt><trkpt lat="35.04426" lon="-82.7543"><ele>830.7396508450083</ele></trkpt><trkpt lat="35.04417" lon="-82.75423999999998"><ele>831.3905671117827</ele></trkpt><trkpt lat="35.04405" lon="-82.75423"><ele>833.8566008890048</ele></trkpt><trkpt lat="35.04376" lon="-82.75441000000001"><ele>831.5229258450349</ele></trkpt><trkpt lat="35.04363" lon="-82.75439"><ele>832.1987507312833</ele></trkpt><trkpt lat="35.04343" lon="-82.75441000000001"><ele>830.0</ele></trkpt><trkpt lat="35.04315" lon="-82.75419999999997"><ele>822.0</ele></trkpt><trkpt lat="35.04313" lon="-82.75410999999997"><ele>822.0</ele></trkpt><trkpt lat="35.04306" lon="-82.7541"><ele>821.046704014286</ele></trkpt><trkpt lat="35.04306" lon="-82.7541"><ele>821.046704014286</ele></trkpt><trkpt lat="35.04298" lon="-82.75409000000002"><ele>820.3810737766325</ele></trkpt><trkpt lat="35.04288" lon="-82.75414"><ele>820.0509048886597</ele></trkpt><trkpt lat="35.0428" lon="-82.75425000000001"><ele>818.924533332698</ele></trkpt><trkpt lat="35.04255" lon="-82.75432999999998"><ele>817.0</ele></trkpt><trkpt lat="35.04247" lon="-82.75439"><ele>815.8671301649883</ele></trkpt><trkpt lat="35.0424" lon="-82.75473999999997"><ele>810.6063313018531</ele></trkpt><trkpt lat="35.04213" lon="-82.7552"><ele>806.5376192023978</ele></trkpt><trkpt lat="35.04193" lon="-82.75536"><ele>805.4126667377733</ele></trkpt><trkpt lat="35.04176" lon="-82.75542999999999"><ele>805.0</ele></trkpt><trkpt lat="35.04162" lon="-82.75554"><ele>802.9837557000878</ele></trkpt><trkpt lat="35.04146" lon="-82.75549999999998"><ele>801.9841998424085</ele></trkpt><trkpt lat="35.04139" lon="-82.75551000000002"><ele>800.2042773328722</ele></trkpt><trkpt lat="35.0413" lon="-82.75540999999998"><ele>799.0</ele></trkpt><trkpt lat="35.04128" lon="-82.75529"><ele>800.0</ele></trkpt><trkpt lat="35.04129" lon="-82.75513000000001"><ele>799.3603757709996</ele></trkpt><trkpt lat="35.04127" lon="-82.75503000000003"><ele>797.0687884993574</ele></trkpt><trkpt lat="35.04127" lon="-82.75503000000003"><ele>797.0687884993574</ele></trkpt><trkpt lat="35.04123" lon="-82.75491999999997"><ele>800.0</ele></trkpt><trkpt lat="35.04026" lon="-82.75441000000001"><ele>805.1396331349388</ele></trkpt><trkpt lat="35.03993" lon="-82.75432"><ele>805.5502962069586</ele></trkpt><trkpt lat="35.03961" lon="-82.75427000000002"><ele>801.9900068475154</ele></trkpt><trkpt lat="35.0394" lon="-82.75416999999999"><ele>807.6528035560623</ele></trkpt><trkpt lat="35.03904" lon="-82.75413000000003"><ele>807.5169386649504</ele></trkpt><trkpt lat="35.03891" lon="-82.75398999999999"><ele>811.8369943805698</ele></trkpt><trkpt lat="35.03874" lon="-82.75374"><ele>814.1536817643791</ele></trkpt><trkpt lat="35.0387" lon="-82.75356999999997"><ele>817.4917453415692</ele></trkpt><trkpt lat="35.03861" lon="-82.7534"><ele>814.7541942391545</ele></trkpt><trkpt lat="35.03861" lon="-82.7534"><ele>814.7541942391545</ele></trkpt><trkpt lat="35.03859" lon="-82.75335000000001"><ele>815.333310752738</ele></trkpt><trkpt lat="35.03859" lon="-82.75335000000001"><ele>815.333310752738</ele></trkpt><trkpt lat="35.03857" lon="-82.75329999999997"><ele>817.7203110083938</ele></trkpt><trkpt lat="35.03852" lon="-82.75326999999999"><ele>821.7447836920875</ele></trkpt><trkpt lat="35.03846" lon="-82.75331"><ele>821.7317084446549</ele></trkpt><trkpt lat="35.038419476765355" lon="-82.75331496202875"><ele>822.5004611434415</ele></trkpt><trkpt lat="35.038429206182265" lon="-82.75331377068215"><ele>822.0923957955092</ele></trkpt><trkpt lat="35.03797" lon="-82.75337000000002"><ele>833.544891955331</ele></trkpt><trkpt lat="35.03778" lon="-82.75358"><ele>835.7133293318823</ele></trkpt><trkpt lat="35.03769" lon="-82.75365"><ele>835.8865600004792</ele></trkpt><trkpt lat="35.03744" lon="-82.75400000000002"><ele>828.4160415129736</ele></trkpt><trkpt lat="35.03727" lon="-82.7541"><ele>830.8739839591483</ele></trkpt><trkpt lat="35.03706" lon="-82.75414"><ele>833.0509048886597</ele></trkpt><trkpt lat="35.03691" lon="-82.75419999999997"><ele>830.2547022234648</ele></trkpt><trkpt lat="35.03676" lon="-82.75416999999999"><ele>830.8420010982089</ele></trkpt><trkpt lat="35.03659" lon="-82.75434000000001"><ele>829.7898339371201</ele></trkpt><trkpt lat="35.03644" lon="-82.75443999999999"><ele>830.0698915561661</ele></trkpt><trkpt lat="35.03626" lon="-82.75449000000003"><ele>828.739722664468</ele></trkpt><trkpt lat="35.03588" lon="-82.75423"><ele>832.8566008890048</ele></trkpt><trkpt lat="35.03575" lon="-82.75416999999999"><ele>834.6528035560623</ele></trkpt><trkpt lat="35.03568" lon="-82.75405"><ele>836.2452088883147</ele></trkpt><trkpt lat="35.03548" lon="-82.75391000000002"><ele>839.8616118934337</ele></trkpt><trkpt lat="35.03534" lon="-82.75395000000003"><ele>842.3675043936819</ele></trkpt><trkpt lat="35.03522" lon="-82.75392999999997"><ele>843.8024832028896</ele></trkpt><trkpt lat="35.03523" lon="-82.75386000000003"><ele>843.3716505207121</ele></trkpt><trkpt lat="35.03533" lon="-82.75364000000002"><ele>847.063327524811</ele></trkpt><trkpt lat="35.03543" lon="-82.75356999999997"><ele>849.0</ele></trkpt><trkpt lat="35.03547" lon="-82.75347"><ele>851.2981357748871</ele></trkpt><trkpt lat="35.03553" lon="-82.75319999999999"><ele>855.4467024262995</ele></trkpt><trkpt lat="35.03554" lon="-82.75299000000001"><ele>853.0158719029278</ele></trkpt><trkpt lat="35.03559" lon="-82.75290999999999"><ele>855.7750272108966</ele></trkpt><trkpt lat="35.03562" lon="-82.75269000000003"><ele>855.7304231244254</ele></trkpt><trkpt lat="35.03571" lon="-82.75247999999999"><ele>854.4064028492448</ele></trkpt><trkpt lat="35.03599" lon="-82.75215000000003"><ele>853.7059664512229</ele></trkpt><trkpt lat="35.03598" lon="-82.75212999999997"><ele>853.016411960859</ele></trkpt><trkpt lat="35.03598" lon="-82.75212999999997"><ele>853.016411960859</ele></trkpt><trkpt lat="35.03598" lon="-82.75209000000001"><ele>853.0</ele></trkpt><trkpt lat="35.03598" lon="-82.75209000000001"><ele>853.0</ele></trkpt><trkpt lat="35.03589" lon="-82.75200000000001"><ele>854.7821333324537</ele></trkpt><trkpt lat="35.03559" lon="-82.75200000000001"><ele>853.0</ele></trkpt><trkpt lat="35.03542" lon="-82.75189999999998"><ele>853.0822300633706</ele></trkpt><trkpt lat="35.03485" lon="-82.75179000000003"><ele>850.0</ele></trkpt><trkpt lat="35.03474" lon="-82.75170000000003"><ele>849.0</ele></trkpt><trkpt lat="35.03471377586187" lon="-82.75165504433465"><ele>847.9899507388473</ele></trkpt><trkpt lat="35.03471377586187" lon="-82.75165504433465"><ele>847.9899507388473</ele></trkpt><trkpt lat="35.03467" lon="-82.75157999999999"><ele>847.0</ele></trkpt><trkpt lat="35.03479" lon="-82.75124"><ele>849.0</ele></trkpt><trkpt lat="35.03484" lon="-82.75099999999998"><ele>851.1741767544299</ele></trkpt><trkpt lat="35.03478" lon="-82.75098000000003"><ele>849.3175786649808</ele></trkpt><trkpt lat="35.03472" lon="-82.75101999999998"><ele>848.4534435560927</ele></trkpt><trkpt lat="35.03446" lon="-82.75106"><ele>844.1352793183178</ele></trkpt><trkpt lat="35.03437" lon="-82.75103000000001"><ele>842.4181836328232</ele></trkpt><trkpt lat="35.03422" lon="-82.75092000000001"><ele>841.1137813329697</ele></trkpt><trkpt lat="35.03402" lon="-82.75094000000001"><ele>831.6846245378256</ele></trkpt><trkpt lat="35.03392" lon="-82.75088"><ele>829.7892414378002</ele></trkpt><trkpt lat="35.03374" lon="-82.75072"><ele>826.000945052132</ele></trkpt><trkpt lat="35.0337" lon="-82.75058999999999"><ele>825.2898608222604</ele></trkpt><trkpt lat="35.03371" lon="-82.75045999999998"><ele>823.8590175509453</ele></trkpt><trkpt lat="35.03362" lon="-82.75026000000003"><ele>820.7366094775498</ele></trkpt><trkpt lat="35.03353" lon="-82.75022000000001"><ele>818.350352822803</ele></trkpt><trkpt lat="35.03329" lon="-82.75022000000001"><ele>814.7361457766965</ele></trkpt><trkpt lat="35.03322" lon="-82.75018999999998"><ele>817.1342471120879</ele></trkpt><trkpt lat="35.03314" lon="-82.75011999999998"><ele>816.8136785821989</ele></trkpt><trkpt lat="35.0331" lon="-82.74993999999998"><ele>821.1103716253709</ele></trkpt><trkpt lat="35.032629008409664" lon="-82.74962896781767"><ele>811.6142985401675</ele></trkpt><trkpt lat="35.03263951666415" lon="-82.74963590710172"><ele>811.8458287790418</ele></trkpt><trkpt lat="35.03257" lon="-82.74959000000001"><ele>810.0718725426123</ele></trkpt><trkpt lat="35.03255" lon="-82.74950999999999"><ele>813.8245440004393</ele></trkpt><trkpt lat="35.03243" lon="-82.74939999999998"><ele>819.9093531258404</ele></trkpt><trkpt lat="35.03215" lon="-82.74930999999998"><ele>819.2166290143505</ele></trkpt><trkpt lat="35.03186" lon="-82.74939"><ele>808.6530292062262</ele></trkpt><trkpt lat="35.03166" lon="-82.74939999999998"><ele>801.9108304441274</ele></trkpt><trkpt lat="35.03149" lon="-82.7493"><ele>800.6112533323467</ele></trkpt><trkpt lat="35.03132" lon="-82.74928"><ele>796.4523360788414</ele></trkpt><trkpt lat="35.03123" lon="-82.74921"><ele>795.7102811764926</ele></trkpt><trkpt lat="35.03116" lon="-82.74910999999997"><ele>793.726306412369</ele></trkpt><trkpt lat="35.03114" lon="-82.74901999999997"><ele>792.5880285371095</ele></trkpt><trkpt lat="35.03114" lon="-82.74901999999997"><ele>792.5880285371095</ele></trkpt><trkpt lat="35.03108" lon="-82.74887999999999"><ele>790.0319845586677</ele></trkpt><trkpt lat="35.03101" lon="-82.74885"><ele>786.3784582577646</ele></trkpt><trkpt lat="35.03087" lon="-82.74887999999999"><ele>787.184672000818</ele></trkpt><trkpt lat="35.03081" lon="-82.74894999999998"><ele>783.9224355565384</ele></trkpt><trkpt lat="35.03073" lon="-82.74898999999999"><ele>781.0583004448563</ele></trkpt><trkpt lat="35.03049" lon="-82.74894999999998"><ele>776.5480643207047</ele></trkpt><trkpt lat="35.0304" lon="-82.74885999999998"><ele>773.4719429053366</ele></trkpt><trkpt lat="35.03027" lon="-82.74862000000002"><ele>769.3747607050464</ele></trkpt><trkpt lat="35.03017" lon="-82.74856"><ele>765.8241941593993</ele></trkpt><trkpt lat="35.03" lon="-82.74855000000002"><ele>760.5637866649777</ele></trkpt><trkpt lat="35.03" lon="-82.74855000000002"><ele>760.5637866649777</ele></trkpt><trkpt lat="35.02979" lon="-82.74847"><ele>761.7549157869071</ele></trkpt><trkpt lat="35.02974" lon="-82.74828000000002"><ele>758.9092693142593</ele></trkpt><trkpt lat="35.02953" lon="-82.74802"><ele>755.2211500285193</ele></trkpt><trkpt lat="35.0294" lon="-82.74797000000001"><ele>753.1526652481407</ele></trkpt><trkpt lat="35.02927" lon="-82.74787000000003"><ele>755.4143611202016</ele></trkpt><trkpt lat="35.02927" lon="-82.74779999999998"><ele>760.6765975663438</ele></trkpt><trkpt lat="35.02944" lon="-82.74774000000002"><ele>766.8868598203055</ele></trkpt><trkpt lat="35.02945" lon="-82.74751000000003"><ele>773.4045541044325</ele></trkpt><trkpt lat="35.02937" lon="-82.74739999999997"><ele>770.8515395242721</ele></trkpt><trkpt lat="35.02938" lon="-82.74720000000002"><ele>768.4206661041826</ele></trkpt><trkpt lat="35.02935" lon="-82.74689999999998"><ele>768.4593600006774</ele></trkpt><trkpt lat="35.02863" lon="-82.74696"><ele>777.6631573326886</ele></trkpt><trkpt lat="35.02838" lon="-82.74703999999997"><ele>776.9348871121183</ele></trkpt><trkpt lat="35.02825" lon="-82.74691000000001"><ele>779.1031295219436</ele></trkpt><trkpt lat="35.02818" lon="-82.74675000000002"><ele>780.5758404489607</ele></trkpt><trkpt lat="35.02794" lon="-82.74655999999999"><ele>779.6294112428877</ele></trkpt><trkpt lat="35.02754" lon="-82.74607000000003"><ele>772.7025478333235</ele></trkpt><trkpt lat="35.02749" lon="-82.74572999999998"><ele>773.9978993178153</ele></trkpt><trkpt lat="35.02733" lon="-82.74563"><ele>773.3968231091276</ele></trkpt><trkpt lat="35.02712" lon="-82.74520000000001"><ele>776.4849317548797</ele></trkpt><trkpt lat="35.02706" lon="-82.74495999999999"><ele>780.8699128897861</ele></trkpt><trkpt lat="35.02701" lon="-82.74489"><ele>782.5396140832454</ele></trkpt><trkpt lat="35.02692" lon="-82.74464"><ele>787.6566149714708</ele></trkpt><trkpt lat="35.02686" lon="-82.74455999999998"><ele>789.5142342271283</ele></trkpt><trkpt lat="35.02666" lon="-82.74448000000001"><ele>779.9511677143942</ele></trkpt><trkpt lat="35.02641" lon="-82.74432000000002"><ele>780.6960746655241</ele></trkpt><trkpt lat="35.0263" lon="-82.74419999999998"><ele>781.3830919239549</ele></trkpt><trkpt lat="35.02629" lon="-82.74394999999998"><ele>787.5638664271683</ele></trkpt><trkpt lat="35.02632" lon="-82.74372"><ele>791.2711820397526</ele></trkpt><trkpt lat="35.02636" lon="-82.74356"><ele>793.5476038325578</ele></trkpt><trkpt lat="35.02635" lon="-82.74308000000002"><ele>799.473850620201</ele></trkpt><trkpt lat="35.02638" lon="-82.74299000000002"><ele>800.2204435440619</ele></trkpt><trkpt lat="35.02638" lon="-82.74299000000002"><ele>800.2204435440619</ele></trkpt><trkpt lat="35.02638" lon="-82.74299000000002"><ele>800.2204435440619</ele></trkpt><trkpt lat="35.02644" lon="-82.74295000000001"><ele>802.0</ele></trkpt><trkpt lat="35.02665" lon="-82.74268999999998"><ele>803.0</ele></trkpt><trkpt lat="35.02682" lon="-82.74263000000002"><ele>804.8753590484738</ele></trkpt><trkpt lat="35.02698" lon="-82.74254000000002"><ele>805.1821969496086</ele></trkpt><trkpt lat="35.02713" lon="-82.74228"><ele>808.6019751131535</ele></trkpt><trkpt lat="35.02724" lon="-82.74216999999999"><ele>809.6687194922706</ele></trkpt><trkpt lat="35.02763" lon="-82.74187999999998"><ele>807.5916835544631</ele></trkpt><trkpt lat="35.02775" lon="-82.74171000000001"><ele>807.4375660813744</ele></trkpt><trkpt lat="35.02811" lon="-82.74155999999999"><ele>813.6786026665941</ele></trkpt><trkpt lat="35.02864" lon="-82.74144000000001"><ele>821.3054873384535</ele></trkpt><trkpt lat="35.02867" lon="-82.7414"><ele>821.2320603041935</ele></trkpt><trkpt lat="35.02872" lon="-82.74137999999999"><ele>822.2489491847407</ele></trkpt><trkpt lat="35.02874" lon="-82.74144000000001"><ele>824.9969894145144</ele></trkpt><trkpt lat="35.02867" lon="-82.74158"><ele>825.0207003878236</ele></trkpt><trkpt lat="35.02854" lon="-82.74162999999999"><ele>825.9408391108736</ele></trkpt><trkpt lat="35.0283" lon="-82.74180000000001"><ele>829.8249032862007</ele></trkpt><trkpt lat="35.02789" lon="-82.74220000000003"><ele>830.8125897756677</ele></trkpt><trkpt lat="35.02759" lon="-82.74283000000003"><ele>841.4130101632327</ele></trkpt><trkpt lat="35.02752" lon="-82.74284"><ele>839.3309262217954</ele></trkpt><trkpt lat="35.02745" lon="-82.74292000000003"><ele>840.5805264301598</ele></trkpt><trkpt lat="35.02742" lon="-82.74302"><ele>841.628288084156</ele></trkpt><trkpt lat="35.02741" lon="-82.74331999999998"><ele>847.0046218382195</ele></trkpt><trkpt lat="35.02737" lon="-82.74345"><ele>846.0276232492179</ele></trkpt><trkpt lat="35.02747" lon="-82.74378999999999"><ele>848.7187529206276</ele></trkpt><trkpt lat="35.02765" lon="-82.74421000000001"><ele>855.9628038741648</ele></trkpt><trkpt lat="35.02784" lon="-82.74446"><ele>862.0</ele></trkpt><trkpt lat="35.02819" lon="-82.74448000000001"><ele>874.1664983399082</ele></trkpt><trkpt lat="35.0284" lon="-82.74459999999999"><ele>878.8752926390929</ele></trkpt><trkpt lat="35.02869" lon="-82.74463000000003"><ele>884.2490275539458</ele></trkpt><trkpt lat="35.02928" lon="-82.74441999999999"><ele>899.0357368886471</ele></trkpt><trkpt lat="35.029319837994336" lon="-82.74439012150424"><ele>900.428175713867</ele></trkpt><trkpt lat="35.029323171670725" lon="-82.74438762128597"><ele>900.6295704871179</ele></trkpt><trkpt lat="35.02952" lon="-82.74423999999999"><ele>907.6479555378073</ele></trkpt><trkpt lat="35.03" lon="-82.74405999999999"><ele>916.9451297255091</ele></trkpt><trkpt lat="35.03" lon="-82.74405999999999"><ele>916.9451297255091</ele></trkpt><trkpt lat="35.03003" lon="-82.74405000000002"><ele>917.2789866663516</ele></trkpt><trkpt lat="35.03012" lon="-82.74387999999999"><ele>924.0</ele></trkpt><trkpt lat="35.03009" lon="-82.74365"><ele>927.7628046384789</ele></trkpt><trkpt lat="35.03015" lon="-82.74356999999998"><ele>929.0</ele></trkpt><trkpt lat="35.03052" lon="-82.74342000000001"><ele>936.0</ele></trkpt><trkpt lat="35.03063" lon="-82.74335000000002"><ele>937.9567954155025</ele></trkpt><trkpt lat="35.0312" lon="-82.74275999999998"><ele>940.0017254070211</ele></trkpt><trkpt lat="35.03132" lon="-82.74259"><ele>937.9464263211275</ele></trkpt><trkpt lat="35.03139" lon="-82.74254000000002"><ele>938.2857115796016</ele></trkpt><trkpt lat="35.03143" lon="-82.74246"><ele>938.0</ele></trkpt><trkpt lat="35.03143" lon="-82.74232999999998"><ele>936.0524258093384</ele></trkpt><trkpt lat="35.03148" lon="-82.74228"><ele>937.0</ele></trkpt><trkpt lat="35.03158" lon="-82.74200000000002"><ele>936.6982811051536</ele></trkpt><trkpt lat="35.03161" lon="-82.74184000000002"><ele>936.3376322817057</ele></trkpt><trkpt lat="35.03162" lon="-82.74144999999999"><ele>938.9067744575441</ele></trkpt><trkpt lat="35.03166" lon="-82.74126999999999"><ele>939.1833438593894</ele></trkpt><trkpt lat="35.03181" lon="-82.74097999999998"><ele>938.0</ele></trkpt><trkpt lat="35.03189" lon="-82.74071000000004"><ele>941.2736395448446</ele></trkpt><trkpt lat="35.03187" lon="-82.74017000000003"><ele>945.0</ele></trkpt><trkpt lat="35.03192" lon="-82.73957000000001"><ele>945.0</ele></trkpt><trkpt lat="35.03197" lon="-82.73941000000002"><ele>946.8267945032567</ele></trkpt><trkpt lat="35.03204" lon="-82.73933"><ele>948.8108087498695</ele></trkpt><trkpt lat="35.03204" lon="-82.73933"><ele>948.8108087498695</ele></trkpt><trkpt lat="35.03195" lon="-82.73906"><ele>942.117154845724</ele></trkpt><trkpt lat="35.0319" lon="-82.73897"><ele>939.8224340032272</ele></trkpt><trkpt lat="35.03175" lon="-82.73892000000001"><ele>937.1973402194411</ele></trkpt><trkpt lat="35.03164" lon="-82.73883000000001"><ele>936.0</ele></trkpt><trkpt lat="35.03153" lon="-82.73872"><ele>931.8545378361732</ele></trkpt><trkpt lat="35.03142" lon="-82.73851000000002"><ele>921.5383004453033</ele></trkpt><trkpt lat="35.03118" lon="-82.73833000000002"><ele>915.0</ele></trkpt><trkpt lat="35.03113" lon="-82.73809"><ele>913.0</ele></trkpt><trkpt lat="35.03103" lon="-82.73793999999998"><ele>912.0</ele></trkpt><trkpt lat="35.03089" lon="-82.73780999999997"><ele>909.3595785796642</ele></trkpt><trkpt lat="35.03083" lon="-82.73768000000001"><ele>908.0</ele></trkpt><trkpt lat="35.03082" lon="-82.73755"><ele>907.4989153842906</ele></trkpt><trkpt lat="35.03065" lon="-82.73726999999997"><ele>906.0</ele></trkpt><trkpt lat="35.03046" lon="-82.73678999999998"><ele>903.0</ele></trkpt><trkpt lat="35.03018" lon="-82.7364"><ele>899.0</ele></trkpt><trkpt lat="35.03" lon="-82.73624999999998"><ele>896.7696224476421</ele></trkpt><trkpt lat="35.03" lon="-82.73624999999998"><ele>896.7696224476421</ele></trkpt><trkpt lat="35.02997" lon="-82.73622"><ele>896.0</ele></trkpt><trkpt lat="35.02987" lon="-82.73617999999999"><ele>896.0</ele></trkpt><trkpt lat="35.02971" lon="-82.73591999999996"><ele>895.9668008646083</ele></trkpt><trkpt lat="35.02959731580661" lon="-82.73582201374484"><ele>895.2690615337342</ele></trkpt><trkpt lat="35.029607257098235" lon="-82.73583065827671"><ele>895.6719259181991</ele></trkpt><trkpt lat="35.02948" lon="-82.73572000000001"><ele>894.0576330665473</ele></trkpt><trkpt lat="35.02925" lon="-82.73541"><ele>890.0663353245939</ele></trkpt><trkpt lat="35.02904" lon="-82.73484000000002"><ele>873.035475591405</ele></trkpt><trkpt lat="35.02888" lon="-82.73476"><ele>868.7480386348036</ele></trkpt><trkpt lat="35.02877" lon="-82.73476"><ele>866.0</ele></trkpt><trkpt lat="35.02879" lon="-82.73468000000003"><ele>865.0398951333233</ele></trkpt><trkpt lat="35.02901" lon="-82.73430000000002"><ele>859.0</ele></trkpt><trkpt lat="35.02903" lon="-82.73410000000001"><ele>856.0</ele></trkpt><trkpt lat="35.02928" lon="-82.73356000000001"><ele>841.0</ele></trkpt><trkpt lat="35.02928" lon="-82.73295999999999"><ele>829.9701136329942</ele></trkpt><trkpt lat="35.02932" lon="-82.73288000000002"><ele>828.1612835573032</ele></trkpt><trkpt lat="35.02937" lon="-82.73284999999998"><ele>827.1484604757279</ele></trkpt><trkpt lat="35.02948" lon="-82.73286000000002"><ele>824.0</ele></trkpt><trkpt lat="35.02945" lon="-82.73277000000002"><ele>823.5954458955675</ele></trkpt><trkpt lat="35.02946" lon="-82.73271999999997"><ele>823.0</ele></trkpt><trkpt lat="35.02948" lon="-82.73271999999997"><ele>822.6258571810451</ele></trkpt><trkpt lat="35.02957" lon="-82.73283000000004"><ele>820.7659156676382</ele></trkpt><trkpt lat="35.02981" lon="-82.73349000000002"><ele>808.1697818943599</ele></trkpt><trkpt lat="35.02985" lon="-82.73334999999997"><ele>805.8303061500192</ele></trkpt><trkpt lat="35.03" lon="-82.73313999999999"><ele>800.8034369862125</ele></trkpt><trkpt lat="35.03" lon="-82.73313999999999"><ele>800.8034369862125</ele></trkpt><trkpt lat="35.03017" lon="-82.73298"><ele>796.6181141417474</ele></trkpt><trkpt lat="35.03028" lon="-82.73277999999999"><ele>790.3576566725969</ele></trkpt><trkpt lat="35.03033" lon="-82.73257999999998"><ele>788.511991398409</ele></trkpt><trkpt lat="35.03035" lon="-82.73230000000001"><ele>784.0490792023415</ele></trkpt><trkpt lat="35.03031" lon="-82.73203999999998"><ele>778.6502577159554</ele></trkpt><trkpt lat="35.03039" lon="-82.73187000000001"><ele>775.0971907749772</ele></trkpt><trkpt lat="35.03037" lon="-82.73158999999998"><ele>776.2354579288512</ele></trkpt><trkpt lat="35.03041" lon="-82.73153000000002"><ele>775.0</ele></trkpt><trkpt lat="35.03043" lon="-82.73138"><ele>773.8666066886412</ele></trkpt><trkpt lat="35.03053" lon="-82.73118"><ele>769.129312902689</ele></trkpt><trkpt lat="35.03053" lon="-82.73084"><ele>765.0116889667975</ele></trkpt><trkpt lat="35.03056" lon="-82.73070999999999"><ele>762.0134815774529</ele></trkpt><trkpt lat="35.03054" lon="-82.73064999999997"><ele>760.7959293564782</ele></trkpt><trkpt lat="35.0304" lon="-82.73052000000001"><ele>760.0</ele></trkpt><trkpt lat="35.03036" lon="-82.73043000000001"><ele>759.9966796170914</ele></trkpt><trkpt lat="35.03036" lon="-82.73034000000001"><ele>758.9587109446511</ele></trkpt><trkpt lat="35.03039" lon="-82.73032999999998"><ele>758.031360568873</ele></trkpt><trkpt lat="35.03043" lon="-82.73023"><ele>756.8206556327641</ele></trkpt><trkpt lat="35.03047" lon="-82.72998999999999"><ele>757.5441193766892</ele></trkpt><trkpt lat="35.03047" lon="-82.72967"><ele>752.3071232248551</ele></trkpt><trkpt lat="35.03041" lon="-82.72928999999999"><ele>746.8200303285536</ele></trkpt><trkpt lat="35.03041" lon="-82.72901999999999"><ele>742.958923343569</ele></trkpt><trkpt lat="35.03044" lon="-82.72897"><ele>742.0</ele></trkpt><trkpt lat="35.0306" lon="-82.72917999999999"><ele>747.8940572497366</ele></trkpt><trkpt lat="35.03083" lon="-82.72926999999999"><ele>753.0726614764221</ele></trkpt><trkpt lat="35.03103" lon="-82.72942999999998"><ele>757.0</ele></trkpt><trkpt lat="35.03111" lon="-82.72944999999999"><ele>756.0821748585219</ele></trkpt><trkpt lat="35.03132" lon="-82.72942999999998"><ele>756.620369778946</ele></trkpt><trkpt lat="35.031577457590515" lon="-82.72945758474185"><ele>757.6577734642076</ele></trkpt><trkpt lat="35.03160642252717" lon="-82.72945785915874"><ele>758.0</ele></trkpt><trkpt lat="35.03169" lon="-82.72942999999998"><ele>758.0</ele></trkpt><trkpt lat="35.03174" lon="-82.72935000000001"><ele>759.0</ele></trkpt><trkpt lat="35.03186" lon="-82.72933"><ele>759.566207582131</ele></trkpt><trkpt lat="35.03204" lon="-82.72941000000003"><ele>760.0</ele></trkpt><trkpt lat="35.03215" lon="-82.72942"><ele>761.0</ele></trkpt><trkpt lat="35.03223" lon="-82.72938999999997"><ele>762.0</ele></trkpt><trkpt lat="35.03223" lon="-82.72938999999997"><ele>762.0</ele></trkpt><trkpt lat="35.03223" lon="-82.72938999999997"><ele>762.0</ele></trkpt><trkpt lat="35.03227" lon="-82.72929999999997"><ele>762.0</ele></trkpt><trkpt lat="35.03228" lon="-82.72911999999997"><ele>760.964290086818</ele></trkpt><trkpt lat="35.03233" lon="-82.72897999999998"><ele>759.0</ele></trkpt><trkpt lat="35.0324" lon="-82.72888999999998"><ele>757.0</ele></trkpt><trkpt lat="35.03252" lon="-82.72886"><ele>756.8396366229359</ele></trkpt><trkpt lat="35.03261" lon="-82.72879"><ele>754.6660813048284</ele></trkpt><trkpt lat="35.03266" lon="-82.72872000000001"><ele>756.0</ele></trkpt><trkpt lat="35.03268" lon="-82.72863999999998"><ele>757.0</ele></trkpt><trkpt lat="35.03268" lon="-82.72856999999999"><ele>758.0</ele></trkpt><trkpt lat="35.03253" lon="-82.72838999999999"><ele>756.699004014954</ele></trkpt><trkpt lat="35.0325" lon="-82.72821999999996"><ele>756.0</ele></trkpt><trkpt lat="35.0325" lon="-82.72786000000002"><ele>753.9933510028128</ele></trkpt><trkpt lat="35.03219" lon="-82.72746999999998"><ele>746.3721242361839</ele></trkpt><trkpt lat="35.03225" lon="-82.72724"><ele>741.8383339024706</ele></trkpt><trkpt lat="35.03238" lon="-82.72705000000002"><ele>739.0</ele></trkpt><trkpt lat="35.03238" lon="-82.72705000000002"><ele>739.0</ele></trkpt><trkpt lat="35.0326" lon="-82.72672"><ele>732.0577012604776</ele></trkpt><trkpt lat="35.03269" lon="-82.72654"><ele>727.5604452794737</ele></trkpt><trkpt lat="35.03278122013135" lon="-82.72642706078977"><ele>725.4325197646394</ele></trkpt><trkpt lat="35.032781376761754" lon="-82.72642686694849"><ele>725.4295840281993</ele></trkpt><trkpt lat="35.0329" lon="-82.72627999999997"><ele>723.3365381918848</ele></trkpt><trkpt lat="35.03294" lon="-82.72618"><ele>719.840083153602</ele></trkpt><trkpt lat="35.03301" lon="-82.72611999999998"><ele>717.1224497770891</ele></trkpt><trkpt lat="35.03326" lon="-82.72606999999999"><ele>714.039314485155</ele></trkpt><trkpt lat="35.03328" lon="-82.72595999999999"><ele>712.0</ele></trkpt><trkpt lat="35.03319" lon="-82.72532999999999"><ele>712.2629598788917</ele></trkpt><trkpt lat="35.03319" lon="-82.72507000000002"><ele>711.3126338183362</ele></trkpt><trkpt lat="35.0332" lon="-82.72496000000001"><ele>708.8946446133777</ele></trkpt><trkpt lat="35.03327" lon="-82.72485"><ele>707.7640818702323</ele></trkpt><trkpt lat="35.03332" lon="-82.72469000000001"><ele>706.824088848186</ele></trkpt><trkpt lat="35.03332" lon="-82.72458"><ele>705.0</ele></trkpt><trkpt lat="35.03338" lon="-82.72444999999999"><ele>704.0768821947277</ele></trkpt><trkpt lat="35.03341" lon="-82.72408000000001"><ele>699.5798107605542</ele></trkpt><trkpt lat="35.03356" lon="-82.72363000000001"><ele>697.4017130099237</ele></trkpt><trkpt lat="35.03358" lon="-82.72347000000002"><ele>695.0834841476753</ele></trkpt><trkpt lat="35.03365" lon="-82.72332"><ele>694.4289642557806</ele></trkpt><trkpt lat="35.03381970502349" lon="-82.72316915109025"><ele>689.959118020073</ele></trkpt><trkpt lat="35.03382136737516" lon="-82.72316767345234"><ele>689.9079436609974</ele></trkpt><trkpt lat="35.03383" lon="-82.72316000000001"><ele>689.4326543820493</ele></trkpt><trkpt lat="35.03402" lon="-82.72311000000002"><ele>684.8462826674804</ele></trkpt><trkpt lat="35.03405" lon="-82.72307999999998"><ele>684.0</ele></trkpt><trkpt lat="35.03398" lon="-82.72291999999999"><ele>678.7672567322433</ele></trkpt><trkpt lat="35.03376" lon="-82.72276"><ele>671.3771399983209</ele></trkpt><trkpt lat="35.03376" lon="-82.72276"><ele>671.3771399983209</ele></trkpt><trkpt lat="35.03376" lon="-82.72276"><ele>671.3771399983209</ele></trkpt><trkpt lat="35.03375" lon="-82.72266000000002"><ele>666.749525334686</ele></trkpt><trkpt lat="35.0337" lon="-82.72264000000001"><ele>664.9426951119676</ele></trkpt><trkpt lat="35.03368" lon="-82.72258"><ele>662.1464924449101</ele></trkpt><trkpt lat="35.03392" lon="-82.72253999999998"><ele>659.5114408929876</ele></trkpt><trkpt lat="35.03434" lon="-82.72225000000003"><ele>661.8494165682256</ele></trkpt><trkpt lat="35.03438" lon="-82.72217999999998"><ele>661.9890534331205</ele></trkpt><trkpt lat="35.03437" lon="-82.72208"><ele>659.1131229028106</ele></trkpt><trkpt lat="35.0345" lon="-82.72168999999997"><ele>643.669486220926</ele></trkpt><trkpt lat="35.0345" lon="-82.72154"><ele>639.0</ele></trkpt><trkpt lat="35.03462" lon="-82.72126000000003"><ele>639.0</ele></trkpt><trkpt lat="35.03515" lon="-82.72116"><ele>633.9696960002184</ele></trkpt><trkpt lat="35.03554" lon="-82.72117000000003"><ele>625.0</ele></trkpt><trkpt lat="35.03565" lon="-82.72111999999998"><ele>626.4586495195447</ele></trkpt><trkpt lat="35.03573" lon="-82.72099000000003"><ele>625.8772269682959</ele></trkpt><trkpt lat="35.03582" lon="-82.72091"><ele>626.2714970773086</ele></trkpt><trkpt lat="35.03588" lon="-82.72081000000003"><ele>624.2421194110898</ele></trkpt><trkpt lat="35.03596" lon="-82.72077000000002"><ele>623.7943786680698</ele></trkpt><trkpt lat="35.03606" lon="-82.72078999999997"><ele>622.8323715354574</ele></trkpt><trkpt lat="35.03621" lon="-82.72089"><ele>623.3867840003222</ele></trkpt><trkpt lat="35.03637" lon="-82.72084999999998"><ele>623.0452977754176</ele></trkpt><trkpt lat="35.03657" lon="-82.72073"><ele>618.5709445849061</ele></trkpt><trkpt lat="35.03663" lon="-82.72066000000001"><ele>616.7237695045769</ele></trkpt><trkpt lat="35.0368" lon="-82.72051999999996"><ele>616.1435342207551</ele></trkpt><trkpt lat="35.03694" lon="-82.72059999999999"><ele>616.8718044441193</ele></trkpt><trkpt lat="35.03701" lon="-82.72051999999996"><ele>613.1435342207551</ele></trkpt><trkpt lat="35.03705" lon="-82.72054000000003"><ele>614.0756017789245</ele></trkpt><trkpt lat="35.03715" lon="-82.72050000000002"><ele>613.2114666672423</ele></trkpt><trkpt lat="35.03718258396198" lon="-82.72050135766506"><ele>613.7824210627005</ele></trkpt><trkpt lat="35.03720022947061" lon="-82.72050209289216"><ele>614.3090025112033</ele></trkpt><trkpt lat="35.03739" lon="-82.72050999999999"><ele>611.6684242933989</ele></trkpt><trkpt lat="35.03765" lon="-82.72007000000002"><ele>604.2842034995556</ele></trkpt><trkpt lat="35.03773" lon="-82.72001"><ele>602.9603110482403</ele></trkpt><trkpt lat="35.0378" lon="-82.72003999999998"><ele>603.6269652556414</ele></trkpt><trkpt lat="35.03785" lon="-82.72001999999998"><ele>601.7634184307681</ele></trkpt><trkpt lat="35.03812" lon="-82.7201"><ele>603.062652063606</ele></trkpt><trkpt lat="35.03828" lon="-82.72005999999999"><ele>600.6769130658358</ele></trkpt><trkpt lat="35.03835" lon="-82.71992999999998"><ele>599.9842290629011</ele></trkpt><trkpt lat="35.03844" lon="-82.71987999999999"><ele>600.3953315289691</ele></trkpt><trkpt lat="35.03848" lon="-82.71974"><ele>599.1476180413738</ele></trkpt><trkpt lat="35.03848" lon="-82.71936"><ele>592.4086743447208</ele></trkpt><trkpt lat="35.03869" lon="-82.71931000000001"><ele>592.753447111696</ele></trkpt><trkpt lat="35.03885" lon="-82.71935000000002"><ele>589.2027864353731</ele></trkpt><trkpt lat="35.03908" lon="-82.71965999999998"><ele>589.0646293330938</ele></trkpt><trkpt lat="35.03916" lon="-82.71965"><ele>589.5985955558717</ele></trkpt><trkpt lat="35.03922" lon="-82.71956999999998"><ele>590.4068851685252</ele></trkpt><trkpt lat="35.03929" lon="-82.71937000000003"><ele>587.0089859571308</ele></trkpt><trkpt lat="35.0394" lon="-82.71924999999999"><ele>584.6469317422377</ele></trkpt><trkpt lat="35.03955" lon="-82.71926000000002"><ele>583.164832059294</ele></trkpt><trkpt lat="35.03963" lon="-82.71922"><ele>583.8252108864187</ele></trkpt><trkpt lat="35.0397" lon="-82.71908000000002"><ele>581.034670223482</ele></trkpt><trkpt lat="35.03986" lon="-82.71906999999999"><ele>580.568636443466</ele></trkpt><trkpt lat="35.03996" lon="-82.71904"><ele>581.5955999046564</ele></trkpt><trkpt lat="35.03999" lon="-82.71890000000002"><ele>580.6460622232407</ele></trkpt><trkpt lat="35.04011" lon="-82.71888000000001"><ele>582.0</ele></trkpt><trkpt lat="35.04018" lon="-82.71877"><ele>582.6362932171161</ele></trkpt><trkpt lat="35.04021" lon="-82.71859999999998"><ele>579.4906780580059</ele></trkpt><trkpt lat="35.04032" lon="-82.71848999999997"><ele>577.0868558380753</ele></trkpt><trkpt lat="35.04027" lon="-82.71839999999997"><ele>576.1579028772959</ele></trkpt><trkpt lat="35.04024" lon="-82.71838000000002"><ele>575.5332356058061</ele></trkpt><trkpt lat="35.04023" lon="-82.71825999999999"><ele>575.790411405365</ele></trkpt><trkpt lat="35.04032" lon="-82.71825000000001"><ele>575.3538666665554</ele></trkpt><trkpt lat="35.0404" lon="-82.71829000000002"><ele>575.7188564151846</ele></trkpt><trkpt lat="35.0404" lon="-82.71787999999998"><ele>573.9602310752347</ele></trkpt><trkpt lat="35.04044" lon="-82.71762000000001"><ele>573.9172945488244</ele></trkpt><trkpt lat="35.04038" lon="-82.71758"><ele>572.870396444574</ele></trkpt><trkpt lat="35.04016" lon="-82.71755000000002"><ele>566.9796198327094</ele></trkpt><trkpt lat="35.04004" lon="-82.71749"><ele>563.1492045316845</ele></trkpt><trkpt lat="35.03978" lon="-82.71722"><ele>556.77095012987</ele></trkpt><trkpt lat="35.03981" lon="-82.71717999999998"><ele>557.0</ele></trkpt><trkpt lat="35.04002" lon="-82.71710999999999"><ele>555.2343773152415</ele></trkpt><trkpt lat="35.04004" lon="-82.71703000000002"><ele>557.2241431374642</ele></trkpt><trkpt lat="35.03994" lon="-82.71681000000001"><ele>551.5901870274413</ele></trkpt><trkpt lat="35.03993" lon="-82.71668999999997"><ele>552.2354019861668</ele></trkpt><trkpt lat="35.03987" lon="-82.71662000000003"><ele>551.2670017766688</ele></trkpt><trkpt lat="35.03985" lon="-82.71649000000002"><ele>553.3344008214772</ele></trkpt><trkpt lat="35.03977" lon="-82.71645000000001"><ele>549.7808067835867</ele></trkpt><trkpt lat="35.03964" lon="-82.71632999999997"><ele>547.0475078731589</ele></trkpt><trkpt lat="35.03945" lon="-82.71607"><ele>545.8079721005633</ele></trkpt><trkpt lat="35.03935" lon="-82.71602000000001"><ele>542.8745112270117</ele></trkpt><trkpt lat="35.03938" lon="-82.71593000000001"><ele>543.1362289207636</ele></trkpt><trkpt lat="35.03951" lon="-82.71584999999999"><ele>544.0022428182464</ele></trkpt><trkpt lat="35.0396" lon="-82.71572000000003"><ele>540.5050395209086</ele></trkpt><trkpt lat="35.03955" lon="-82.71555999999998"><ele>538.2584461644292</ele></trkpt><trkpt lat="35.03941" lon="-82.71541000000002"><ele>534.9998055316807</ele></trkpt><trkpt lat="35.03928" lon="-82.71537000000001"><ele>532.768958027694</ele></trkpt><trkpt lat="35.03908" lon="-82.71523000000002"><ele>530.3883342212066</ele></trkpt><trkpt lat="35.0388" lon="-82.71514000000002"><ele>527.15147204604</ele></trkpt><trkpt lat="35.03877" lon="-82.71506"><ele>527.5934852584141</ele></trkpt><trkpt lat="35.03878" lon="-82.71497"><ele>525.7122560120281</ele></trkpt><trkpt lat="35.03889" lon="-82.71483999999998"><ele>525.8261510433074</ele></trkpt><trkpt lat="35.03904" lon="-82.71473000000003"><ele>525.4683145204644</ele></trkpt><trkpt lat="35.03908" lon="-82.71467999999999"><ele>527.5062432605773</ele></trkpt><trkpt lat="35.03908" lon="-82.71456999999998"><ele>527.4320464480832</ele></trkpt><trkpt lat="35.03907" lon="-82.71446000000003"><ele>527.272935109213</ele></trkpt><trkpt lat="35.03886" lon="-82.71443999999997"><ele>527.9872708137561</ele></trkpt><trkpt lat="35.03875" lon="-82.71447999999998"><ele>525.0</ele></trkpt><trkpt lat="35.03865" lon="-82.71447999999998"><ele>524.3408675566316</ele></trkpt><trkpt lat="35.03854" lon="-82.71440999999999"><ele>524.908658226644</ele></trkpt><trkpt lat="35.03855" lon="-82.71409"><ele>526.8552350085229</ele></trkpt><trkpt lat="35.03873" lon="-82.71389999999997"><ele>530.842836663127</ele></trkpt><trkpt lat="35.03881" lon="-82.71384999999998"><ele>532.4370305212215</ele></trkpt><trkpt lat="35.03881" lon="-82.71373"><ele>526.4536951970304</ele></trkpt><trkpt lat="35.03879" lon="-82.71366999999998"><ele>525.1791750024865</ele></trkpt><trkpt lat="35.03856" lon="-82.71356000000003"><ele>523.8362990054867</ele></trkpt><trkpt lat="35.03853" lon="-82.71347000000003"><ele>524.5286179906903</ele></trkpt><trkpt lat="35.03833" lon="-82.71335999999997"><ele>521.4518005056531</ele></trkpt><trkpt lat="35.03819" lon="-82.71321999999998"><ele>527.0611235564575</ele></trkpt><trkpt lat="35.03803" lon="-82.71325000000002"><ele>525.0</ele></trkpt><trkpt lat="35.03773" lon="-82.71325000000002"><ele>522.0</ele></trkpt><trkpt lat="35.03711" lon="-82.71343000000002"><ele>515.1032740346975</ele></trkpt><trkpt lat="35.037" lon="-82.71350000000001"><ele>513.0121777774766</ele></trkpt><trkpt lat="35.03662" lon="-82.71347000000003"><ele>510.0</ele></trkpt><trkpt lat="35.03654" lon="-82.71348999999998"><ele>507.41138284187764</ele></trkpt><trkpt lat="35.03644" lon="-82.71341000000001"><ele>506.24141000397503</ele></trkpt><trkpt lat="35.03644" lon="-82.71334999999999"><ele>506.2407619520678</ele></trkpt><trkpt lat="35.03647358861733" lon="-82.71329121991965"><ele>506.37163989837927</ele></trkpt><trkpt lat="35.03647324296578" lon="-82.71329182484078"><ele>506.38146863210153</ele></trkpt><trkpt lat="35.03656" lon="-82.71314000000001"><ele>506.01506347947486</ele></trkpt><trkpt lat="35.03666" lon="-82.71283"><ele>503.7632940169424</ele></trkpt><trkpt lat="35.03662" lon="-82.71276999999998"><ele>502.01588387564357</ele></trkpt><trkpt lat="35.03632" lon="-82.71269999999998"><ele>498.1212858140423</ele></trkpt><trkpt lat="35.0361" lon="-82.71245999999996"><ele>494.88947374746203</ele></trkpt><trkpt lat="35.03603" lon="-82.71240999999998"><ele>492.79184595050117</ele></trkpt><trkpt lat="35.03598" lon="-82.71233000000001"><ele>493.0</ele></trkpt><trkpt lat="35.03599" lon="-82.71217999999999"><ele>491.62857043370605</ele></trkpt><trkpt lat="35.03521" lon="-82.71199000000001"><ele>482.5271692529906</ele></trkpt><trkpt lat="35.03485" lon="-82.71185000000003"><ele>478.6747690019476</ele></trkpt><trkpt lat="35.03471" lon="-82.71175"><ele>475.9028383009142</ele></trkpt><trkpt lat="35.03466" lon="-82.71166"><ele>475.0</ele></trkpt><trkpt lat="35.03467" lon="-82.71159"><ele>474.4983880072832</ele></trkpt><trkpt lat="35.03463" lon="-82.71154000000001"><ele>471.22173475660384</ele></trkpt><trkpt lat="35.03455" lon="-82.71154000000001"><ele>469.4724380999626</ele></trkpt><trkpt lat="35.03448" lon="-82.71145999999999"><ele>473.0568433205796</ele></trkpt><trkpt lat="35.03445" lon="-82.71138000000002"><ele>473.7925228463951</ele></trkpt><trkpt lat="35.03445" lon="-82.71127000000001"><ele>473.97680892050266</ele></trkpt><trkpt lat="35.0344" lon="-82.71122000000003"><ele>473.3988793026656</ele></trkpt><trkpt lat="35.03423" lon="-82.71134"><ele>469.6754737775773</ele></trkpt><trkpt lat="35.03416" lon="-82.71134"><ele>469.6754737775773</ele></trkpt><trkpt lat="35.03399" lon="-82.71127999999999"><ele>467.89192312199435</ele></trkpt><trkpt lat="35.03364" lon="-82.71122000000003"><ele>463.23437329855403</ele></trkpt><trkpt lat="35.0332" lon="-82.71098999999998"><ele>458.8210093414344</ele></trkpt><trkpt lat="35.03309" lon="-82.71089999999998"><ele>457.1034063198383</ele></trkpt><trkpt lat="35.03303" lon="-82.71078999999997"><ele>457.41574696774524</ele></trkpt><trkpt lat="35.0328" lon="-82.7106"><ele>453.0</ele></trkpt><trkpt lat="35.03274" lon="-82.71048000000002"><ele>452.6511388849467</ele></trkpt><trkpt lat="35.03268" lon="-82.71030000000002"><ele>452.2362400740385</ele></trkpt><trkpt lat="35.03263" lon="-82.70999"><ele>448.0</ele></trkpt><trkpt lat="35.03254" lon="-82.70974999999999"><ele>444.26815259829164</ele></trkpt><trkpt lat="35.03254" lon="-82.70974999999999"><ele>444.26815259829164</ele></trkpt><trkpt lat="35.03254" lon="-82.70974999999999"><ele>444.26815259829164</ele></trkpt><trkpt lat="35.03256" lon="-82.70960000000002"><ele>444.4064499717206</ele></trkpt><trkpt lat="35.03256" lon="-82.70960000000002"><ele>444.4064499717206</ele></trkpt><trkpt lat="35.03252" lon="-82.70934999999997"><ele>442.1298555023968</ele></trkpt><trkpt lat="35.03254" lon="-82.70892000000003"><ele>433.1459694035903</ele></trkpt><trkpt lat="35.03251" lon="-82.70877999999999"><ele>429.56070705875754</ele></trkpt><trkpt lat="35.03245" lon="-82.70870000000002"><ele>426.04252178343046</ele></trkpt><trkpt lat="35.0324" lon="-82.70841000000001"><ele>424.07670810446143</ele></trkpt><trkpt lat="35.0324" lon="-82.70816000000002"><ele>423.03774537503256</ele></trkpt><trkpt lat="35.03251" lon="-82.70774"><ele>417.3097156398376</ele></trkpt><trkpt lat="35.03282" lon="-82.70757000000003"><ele>417.6297920010984</ele></trkpt><trkpt lat="35.03296" lon="-82.70738"><ele>414.03877668733</ele></trkpt><trkpt lat="35.0327" lon="-82.70711"><ele>410.37453939951956</ele></trkpt><trkpt lat="35.03263" lon="-82.707"><ele>407.28448011871274</ele></trkpt><trkpt lat="35.03223" lon="-82.70688000000001"><ele>400.328864942743</ele></trkpt><trkpt lat="35.03199" lon="-82.70675"><ele>395.5645526584643</ele></trkpt><trkpt lat="35.03196247464148" lon="-82.70665641378105"><ele>395.0</ele></trkpt><trkpt lat="35.03196785771723" lon="-82.70667471622573"><ele>395.0</ele></trkpt><trkpt lat="35.03194" lon="-82.70658000000003"><ele>393.5530298501381</ele></trkpt><trkpt lat="35.03198" lon="-82.70641999999998"><ele>392.0359075553715</ele></trkpt><trkpt lat="35.03225" lon="-82.70625999999999"><ele>392.44198292433333</ele></trkpt><trkpt lat="35.03295" lon="-82.70533"><ele>383.84153024386615</ele></trkpt><trkpt lat="35.03323" lon="-82.70511999999997"><ele>379.99108945857733</ele></trkpt><trkpt lat="35.03335" lon="-82.70508000000001"><ele>380.1747626680881</ele></trkpt><trkpt lat="35.03335" lon="-82.70508000000001"><ele>380.1747626680881</ele></trkpt><trkpt lat="35.03339" lon="-82.70504"><ele>378.7232462223619</ele></trkpt><trkpt lat="35.0334" lon="-82.70493999999997"><ele>377.4797536336459</ele></trkpt><trkpt lat="35.03338" lon="-82.70472000000001"><ele>375.82476023935277</ele></trkpt><trkpt lat="35.03317" lon="-82.70445000000001"><ele>372.90367424683336</ele></trkpt><trkpt lat="35.03306" lon="-82.70411999999999"><ele>372.0</ele></trkpt><trkpt lat="35.03302" lon="-82.70384000000001"><ele>370.3297737719108</ele></trkpt><trkpt lat="35.03306" lon="-82.70368000000002"><ele>370.0</ele></trkpt><trkpt lat="35.03306" lon="-82.70368000000002"><ele>370.0</ele></trkpt><trkpt lat="35.0332" lon="-82.70321999999999"><ele>372.98406730525704</ele></trkpt><trkpt lat="35.03335022068183" lon="-82.70299466897728"><ele>374.15428598331994</ele></trkpt><trkpt lat="35.03335520612803" lon="-82.70298719087174"><ele>374.036885938902</ele></trkpt><trkpt lat="35.0334" lon="-82.70292"><ele>373.94042150729007</ele></trkpt><trkpt lat="35.03346" lon="-82.70274"><ele>372.82818243313613</ele></trkpt><trkpt lat="35.03343" lon="-82.70233999999999"><ele>372.8249703914801</ele></trkpt><trkpt lat="35.03353" lon="-82.70217000000002"><ele>373.61420704610646</ele></trkpt><trkpt lat="35.03351" lon="-82.70208000000002"><ele>372.0</ele></trkpt><trkpt lat="35.03345" lon="-82.702"><ele>369.06096517667174</ele></trkpt><trkpt lat="35.03345" lon="-82.702"><ele>369.06096517667174</ele></trkpt><trkpt lat="35.03338" lon="-82.70213999999999"><ele>369.0</ele></trkpt><trkpt lat="35.03338" lon="-82.70213999999999"><ele>369.0</ele></trkpt><trkpt lat="35.03332" lon="-82.70211999999998"><ele>364.08652445485916</ele></trkpt><trkpt lat="35.03332" lon="-82.70211999999998"><ele>364.08652445485916</ele></trkpt><trkpt lat="35.03332" lon="-82.70199000000002"><ele>361.0</ele></trkpt><trkpt lat="35.03325" lon="-82.70161999999999"><ele>360.67788000032306</ele></trkpt><trkpt lat="35.03307" lon="-82.70145000000002"><ele>358.4171200012788</ele></trkpt><trkpt lat="35.03289" lon="-82.70139"><ele>358.0</ele></trkpt><trkpt lat="35.0328" lon="-82.70150000000001"><ele>361.74728888925165</ele></trkpt><trkpt lat="35.03274" lon="-82.70152000000002"><ele>361.67935644555837</ele></trkpt><trkpt lat="35.0327" lon="-82.70149000000004"><ele>359.8317085043212</ele></trkpt><trkpt lat="35.0327" lon="-82.70137"><ele>353.6888497779146</ele></trkpt><trkpt lat="35.03261" lon="-82.7011"><ele>352.0792208392899</ele></trkpt><trkpt lat="35.03255" lon="-82.70101"><ele>351.14832167554715</ele></trkpt><trkpt lat="35.03238" lon="-82.70095000000003"><ele>352.0</ele></trkpt><trkpt lat="35.03226" lon="-82.70085"><ele>351.0</ele></trkpt><trkpt lat="35.03226" lon="-82.70085"><ele>351.0</ele></trkpt><trkpt lat="35.03223" lon="-82.70078999999998"><ele>350.7526385444481</ele></trkpt><trkpt lat="35.03223" lon="-82.70078999999998"><ele>350.7526385444481</ele></trkpt><trkpt lat="35.03222" lon="-82.70065999999997"><ele>348.0</ele></trkpt><trkpt lat="35.03204236990163" lon="-82.70033138431802"><ele>350.0</ele></trkpt><trkpt lat="35.03204510174389" lon="-82.70032766766371"><ele>350.1011720318347</ele></trkpt></trkseg></trk></gpx>