<?xml version="1.0"?>
<gpx xmlns="http://www.topografix.com/GPX/1/1" xmlns:gpxx="http://www.garmin.com/xmlschemas/GpxExtensions/v3" creator="CALTOPO" version="1.1"><metadata><name><![CDATA[Matt's Roadwalk Part 1 (copy)]]></name></metadata><trk><name>Matt's Roadwalk Part 1 (copy)</name><extensions><gpxx:TrackExtension><gpxx:DisplayColor>Red</gpxx:DisplayColor></gpxx:TrackExtension></extensions><trkseg><trkpt lat="34.86354590877202" lon="-83.0981796948243"><ele>533.0</ele></trkpt><trkpt lat="34.86376936610834" lon="-83.09852535575479"><ele>531.0</ele></trkpt><trkpt lat="34.86364911350342" lon="-83.09901735994251"><ele>529.0</ele></trkpt><trkpt lat="34.86345820410601" lon="-83.09950283635686"><ele>526.9058322745024</ele></trkpt><trkpt lat="34.86348741811343" lon="-83.10005656649304"><ele>525.0</ele></trkpt><trkpt lat="34.86363559705839" lon="-83.10057773466268"><ele>524.0</ele></trkpt><trkpt lat="34.863709168048" lon="-83.10111505801605"><ele>523.0</ele></trkpt><trkpt lat="34.863665280784396" lon="-83.10166874290107"><ele>521.0</ele></trkpt><trkpt lat="34.86355858908497" lon="-83.10220485507939"><ele>519.3704266473651</ele></trkpt><trkpt lat="34.863213369514185" lon="-83.10256242916032"><ele>517.0</ele></trkpt><trkpt lat="34.86305555638008" lon="-83.10301955786423"><ele>516.0</ele></trkpt><trkpt lat="34.86331110282028" lon="-83.10347419100302"><ele>519.0</ele></trkpt><trkpt lat="34.863735097843055" lon="-83.10354252096636"><ele>523.0</ele></trkpt><trkpt lat="34.86398259154447" lon="-83.10398628162264"><ele>526.0</ele></trkpt><trkpt lat="34.86385935648875" lon="-83.10451128702248"><ele>529.0</ele></trkpt><trkpt lat="34.86365076357522" lon="-83.10500060944247"><ele>531.0</ele></trkpt><trkpt lat="34.863871067129764" lon="-83.1054397074076"><ele>534.0</ele></trkpt><trkpt lat="34.86411779249927" lon="-83.10590116999708"><ele>534.0</ele></trkpt><trkpt lat="34.86448246515313" lon="-83.10621154072072"><ele>533.0</ele></trkpt><trkpt lat="34.86491106587603" lon="-83.10621724743936"><ele>531.0</ele></trkpt><trkpt lat="34.8653629418422" lon="-83.10614287596492"><ele>531.0</ele></trkpt><trkpt lat="34.86578846307279" lon="-83.10631441635219"><ele>534.0</ele></trkpt><trkpt lat="34.866223180696075" lon="-83.10617191969064"><ele>538.1699381695108</ele></trkpt><trkpt lat="34.86666060627111" lon="-83.10601594270247"><ele>543.0</ele></trkpt><trkpt lat="34.86710850663413" lon="-83.10601003354209"><ele>546.1875959781016</ele></trkpt><trkpt lat="34.86744057273942" lon="-83.10633660944302"><ele>547.0</ele></trkpt><trkpt lat="34.8673018598196" lon="-83.10682785320645"><ele>545.6056442754343</ele></trkpt><trkpt lat="34.867154656325575" lon="-83.1073514683049"><ele>541.0</ele></trkpt><trkpt lat="34.86703111453277" lon="-83.10785288040496"><ele>536.9778656605663</ele></trkpt><trkpt lat="34.86658352274673" lon="-83.10794529643593"><ele>533.0</ele></trkpt><trkpt lat="34.86618921282235" lon="-83.1082162770407"><ele>530.9954911038344</ele></trkpt><trkpt lat="34.86585277929283" lon="-83.10858583106074"><ele>530.0</ele></trkpt><trkpt lat="34.86561708029791" lon="-83.10905992698713"><ele>530.0</ele></trkpt><trkpt lat="34.86551006999115" lon="-83.1095995567227"><ele>530.0</ele></trkpt><trkpt lat="34.86549050498685" lon="-83.1101556078747"><ele>529.0</ele></trkpt><trkpt lat="34.86540516203185" lon="-83.11070013073362"><ele>529.0</ele></trkpt><trkpt lat="34.865211003039974" lon="-83.11120254981338"><ele>529.1306191978733</ele></trkpt><trkpt lat="34.864947992010414" lon="-83.11165687819263"><ele>534.0</ele></trkpt><trkpt lat="34.86466764964743" lon="-83.1120962207018"><ele>539.0</ele></trkpt><trkpt lat="34.86438598610104" lon="-83.11253424933132"><ele>542.0</ele></trkpt><trkpt lat="34.864089318486506" lon="-83.1129573654373"><ele>541.0</ele></trkpt><trkpt lat="34.86379434432313" lon="-83.11338193976229"><ele>539.0</ele></trkpt><trkpt lat="34.86359047236789" lon="-83.11387654699477"><ele>537.0</ele></trkpt><trkpt lat="34.86350232641057" lon="-83.11442153495962"><ele>536.0</ele></trkpt><trkpt lat="34.86345591089336" lon="-83.11497520577203"><ele>534.0</ele></trkpt><trkpt lat="34.86340949538912" lon="-83.11552887642982"><ele>531.0175241560538</ele></trkpt><trkpt lat="34.86335410762753" lon="-83.11608068435255"><ele>530.0</ele></trkpt><trkpt lat="34.86324751206133" lon="-83.11662186184249"><ele>531.0</ele></trkpt><trkpt lat="34.86309824683843" lon="-83.11714763087576"><ele>534.3308530300856</ele></trkpt><trkpt lat="34.86294574703602" lon="-83.11767223019604"><ele>536.0</ele></trkpt><trkpt lat="34.86279324738192" lon="-83.11819682900614"><ele>537.0</ele></trkpt><trkpt lat="34.86264074788042" lon="-83.11872142729133"><ele>539.0</ele></trkpt><trkpt lat="34.862488248741045" lon="-83.11924602433079"><ele>538.0</ele></trkpt><trkpt lat="34.86233574972728" lon="-83.11977062093814"><ele>539.0</ele></trkpt><trkpt lat="34.862172433169505" lon="-83.12029003171074"><ele>538.0</ele></trkpt><trkpt lat="34.86195744174421" lon="-83.12077877541081"><ele>534.6890143174678</ele></trkpt><trkpt lat="34.86162473181568" lon="-83.12115707305465"><ele>533.0</ele></trkpt><trkpt lat="34.86126507007677" lon="-83.12149923797325"><ele>535.0</ele></trkpt><trkpt lat="34.86089701628664" lon="-83.12182868472246"><ele>536.0</ele></trkpt><trkpt lat="34.86052896278507" lon="-83.12215813121337"><ele>539.4429834987968</ele></trkpt><trkpt lat="34.86016090961667" lon="-83.12248757740608"><ele>542.0</ele></trkpt><trkpt lat="34.85979658566235" lon="-83.12282309789768"><ele>543.0</ele></trkpt><trkpt lat="34.85943331312846" lon="-83.1231603293897"><ele>545.0</ele></trkpt><trkpt lat="34.85907004104274" lon="-83.12349756046568"><ele>545.0</ele></trkpt><trkpt lat="34.8587067696517" lon="-83.12383479089678"><ele>546.0</ele></trkpt><trkpt lat="34.858343499211685" lon="-83.12417202044503"><ele>545.1340450719549</ele></trkpt><trkpt lat="34.857980229066214" lon="-83.12450924971986"><ele>543.0</ele></trkpt><trkpt lat="34.857616959292045" lon="-83.12484647865004"><ele>540.0</ele></trkpt><trkpt lat="34.857250537176355" lon="-83.12517795283343"><ele>538.0</ele></trkpt><trkpt lat="34.85685572443949" lon="-83.12545761185538"><ele>537.5665654151994</ele></trkpt><trkpt lat="34.85643388416666" lon="-83.12566897925863"><ele>537.0</ele></trkpt><trkpt lat="34.85600850385592" lon="-83.12587140161338"><ele>538.0</ele></trkpt><trkpt lat="34.85558312390742" lon="-83.12607382379576"><ele>537.0</ele></trkpt><trkpt lat="34.8551565623146" lon="-83.12627247167516"><ele>535.0</ele></trkpt><trkpt lat="34.85472869706192" lon="-83.12646695588093"><ele>532.0</ele></trkpt><trkpt lat="34.85430083194514" lon="-83.12666144002493"><ele>529.0</ele></trkpt><trkpt lat="34.853872966964246" lon="-83.12685592410716"><ele>526.124406424441</ele></trkpt><trkpt lat="34.85344510211924" lon="-83.12705040812763"><ele>524.0</ele></trkpt><trkpt lat="34.85301723742083" lon="-83.12724489208146"><ele>522.0</ele></trkpt><trkpt lat="34.85258937319525" lon="-83.12743937582036"><ele>521.0</ele></trkpt><trkpt lat="34.852161509244205" lon="-83.12763385943445"><ele>520.0</ele></trkpt><trkpt lat="34.85173364542905" lon="-83.12782834298679"><ele>519.0</ele></trkpt><trkpt lat="34.851298884890184" lon="-83.12799605442086"><ele>518.0</ele></trkpt><trkpt lat="34.85085657143205" lon="-83.12813444697524"><ele>518.0</ele></trkpt><trkpt lat="34.85041425814421" lon="-83.12827283947635"><ele>519.0</ele></trkpt><trkpt lat="34.849971944982585" lon="-83.12841123193797"><ele>520.0</ele></trkpt><trkpt lat="34.84952921154165" lon="-83.12854760901985"><ele>523.0</ele></trkpt><trkpt lat="34.84908636784456" lon="-83.12868345720712"><ele>525.0</ele></trkpt><trkpt lat="34.848643524261156" lon="-83.12881930535951"><ele>525.0</ele></trkpt><trkpt lat="34.8482006809933" lon="-83.12895515341512"><ele>523.0</ele></trkpt><trkpt lat="34.84775783800439" lon="-83.12909100138515"><ele>521.0</ele></trkpt><trkpt lat="34.8473149950865" lon="-83.12922684933338"><ele>518.0</ele></trkpt><trkpt lat="34.84687215223963" lon="-83.12936269725984"><ele>515.0</ele></trkpt><trkpt lat="34.84642930946377" lon="-83.1294985451645"><ele>513.0</ele></trkpt><trkpt lat="34.84598646675894" lon="-83.12963439304737"><ele>511.0</ele></trkpt><trkpt lat="34.84554889543537" lon="-83.12979161757447"><ele>509.0</ele></trkpt><trkpt lat="34.8451179403747" lon="-83.1299756712983"><ele>508.83913300931454</ele></trkpt><trkpt lat="34.84468698543749" lon="-83.13015972496942"><ele>508.0</ele></trkpt><trkpt lat="34.84425603062373" lon="-83.13034377858779"><ele>510.0</ele></trkpt><trkpt lat="34.84382507593343" lon="-83.13052783215345"><ele>512.0</ele></trkpt><trkpt lat="34.84338650415755" lon="-83.13068285113522"><ele>512.0</ele></trkpt><trkpt lat="34.84294784168346" lon="-83.13083752403071"><ele>512.0</ele></trkpt><trkpt lat="34.8425091792997" lon="-83.13099219689434"><ele>511.0</ele></trkpt><trkpt lat="34.842081460709515" lon="-83.13116241563753"><ele>511.0</ele></trkpt><trkpt lat="34.84226905481535" lon="-83.13149099508182"><ele>511.0</ele></trkpt><trkpt lat="34.842625698709114" lon="-83.13183143245583"><ele>509.0</ele></trkpt><trkpt lat="34.842940003035025" lon="-83.13223508750986"><ele>507.0</ele></trkpt><trkpt lat="34.84325430919565" lon="-83.13263874492014"><ele>505.0</ele></trkpt><trkpt lat="34.84356861567211" lon="-83.13304240273608"><ele>503.0</ele></trkpt><trkpt lat="34.843882922464424" lon="-83.13344606095765"><ele>502.0</ele></trkpt><trkpt lat="34.844197229572586" lon="-83.13384971958484"><ele>501.0</ele></trkpt><trkpt lat="34.84451153699659" lon="-83.13425337861769"><ele>501.0</ele></trkpt><trkpt lat="34.84482584511507" lon="-83.13465703854243"><ele>500.0</ele></trkpt><trkpt lat="34.845140153922955" lon="-83.13506069935255"><ele>498.0</ele></trkpt><trkpt lat="34.84545446324139" lon="-83.13546436081839"><ele>497.0</ele></trkpt><trkpt lat="34.84577095018729" lon="-83.13586548799208"><ele>496.0</ele></trkpt><trkpt lat="34.846100037319765" lon="-83.13625003731974"><ele>496.0</ele></trkpt><trkpt lat="34.846481401859116" lon="-83.13655377376008"><ele>495.0</ele></trkpt><trkpt lat="34.84691213845898" lon="-83.13673482379343"><ele>494.0</ele></trkpt><trkpt lat="34.847313231783396" lon="-83.13691278324343"><ele>494.0</ele></trkpt><trkpt lat="34.84774620553819" lon="-83.13708966933574"><ele>493.0</ele></trkpt><trkpt lat="34.84817917963663" lon="-83.13726655509547"><ele>491.0</ele></trkpt><trkpt lat="34.84855173112537" lon="-83.13757085789118"><ele>489.92088845710447</ele></trkpt><trkpt lat="34.84887092759524" lon="-83.13796278845595"><ele>487.0</ele></trkpt><trkpt lat="34.84930370661186" lon="-83.13810566438221"><ele>486.0</ele></trkpt><trkpt lat="34.849757109801615" lon="-83.13817201606854"><ele>484.0</ele></trkpt><trkpt lat="34.850197757191474" lon="-83.13830572345192"><ele>482.0</ele></trkpt><trkpt lat="34.8505693054916" lon="-83.1386219553471"><ele>481.0</ele></trkpt><trkpt lat="34.850906051533656" lon="-83.13899710397428"><ele>479.0</ele></trkpt><trkpt lat="34.85121846625249" lon="-83.13940106780801"><ele>479.0</ele></trkpt><trkpt lat="34.8514957458563" lon="-83.13984321636548"><ele>478.5383753217757</ele></trkpt><trkpt lat="34.85172042349831" lon="-83.14032758424631"><ele>478.0</ele></trkpt><trkpt lat="34.85189207072988" lon="-83.14084066170054"><ele>477.0</ele></trkpt><trkpt lat="34.8520349217811" lon="-83.14136921059003"><ele>477.0</ele></trkpt><trkpt lat="34.85217777294419" lon="-83.14189775989345"><ele>476.0</ele></trkpt><trkpt lat="34.85232481182544" lon="-83.14242443547629"><ele>476.0</ele></trkpt><trkpt lat="34.85250583834754" lon="-83.14293477336581"><ele>476.0</ele></trkpt><trkpt lat="34.85275193901177" lon="-83.14340326574606"><ele>477.0</ele></trkpt><trkpt lat="34.85305043095919" lon="-83.14382187921495"><ele>478.0</ele></trkpt><trkpt lat="34.853376131122644" lon="-83.14421118498561"><ele>478.0</ele></trkpt><trkpt lat="34.85374371078992" lon="-83.1445401561407"><ele>478.0</ele></trkpt><trkpt lat="34.85414314683395" lon="-83.14480779719234"><ele>477.0</ele></trkpt><trkpt lat="34.85455514496767" lon="-83.14504660147735"><ele>477.0</ele></trkpt><trkpt lat="34.85468" lon="-83.14542327535332"><ele>475.6530884065727</ele></trkpt><trkpt lat="34.85488685385396" lon="-83.14589028078093"><ele>478.0</ele></trkpt><trkpt lat="34.85517357503844" lon="-83.14632333953979"><ele>482.3975060112666</ele></trkpt><trkpt lat="34.85543764704265" lon="-83.14677735807334"><ele>488.0</ele></trkpt><trkpt lat="34.855701719328955" lon="-83.14723137709191"><ele>489.0</ele></trkpt><trkpt lat="34.85588067156015" lon="-83.14774173542628"><ele>492.0</ele></trkpt><trkpt lat="34.856046968513496" lon="-83.14825986505784"><ele>490.73394387215376</ele></trkpt><trkpt lat="34.85617186816858" lon="-83.14879514929386"><ele>489.0</ele></trkpt><trkpt lat="34.856020942548994" lon="-83.14929549970122"><ele>486.0</ele></trkpt><trkpt lat="34.855677989754454" lon="-83.14965987104752"><ele>482.0</ele></trkpt><trkpt lat="34.85543214749962" lon="-83.1501236496884"><ele>477.0</ele></trkpt><trkpt lat="34.85520226970559" lon="-83.1506033861586"><ele>478.0</ele></trkpt><trkpt lat="34.85511093646696" lon="-83.15113374586784"><ele>482.0</ele></trkpt><trkpt lat="34.85522160307568" lon="-83.15167155752323"><ele>487.0</ele></trkpt><trkpt lat="34.855279602070226" lon="-83.15222232869498"><ele>493.0</ele></trkpt><trkpt lat="34.85542709930172" lon="-83.15274787804483"><ele>498.0</ele></trkpt><trkpt lat="34.85556091492393" lon="-83.15327653279407"><ele>499.0</ele></trkpt><trkpt lat="34.85551475692023" lon="-83.153822525323"><ele>500.0</ele></trkpt><trkpt lat="34.855281790237" lon="-83.15420040288537"><ele>501.0</ele></trkpt><trkpt lat="34.85482599763167" lon="-83.15423470985567"><ele>498.0</ele></trkpt><trkpt lat="34.85436999427429" lon="-83.15425749988073"><ele>496.0</ele></trkpt><trkpt lat="34.85391339979202" lon="-83.1542479874957"><ele>493.0</ele></trkpt><trkpt lat="34.85345680531011" lon="-83.15423847511065"><ele>490.0</ele></trkpt><trkpt lat="34.85300021082857" lon="-83.15422896272561"><ele>486.9896210086769</ele></trkpt><trkpt lat="34.852543810161706" lon="-83.15422392847574"><ele>484.0</ele></trkpt><trkpt lat="34.852114385450996" lon="-83.15438686594246"><ele>482.0</ele></trkpt><trkpt lat="34.851839917858335" lon="-83.1548160076488"><ele>480.0</ele></trkpt><trkpt lat="34.851717056871614" lon="-83.15535134123441"><ele>477.0</ele></trkpt><trkpt lat="34.85161103524415" lon="-83.15589260954306"><ele>474.0222691455856</ele></trkpt><trkpt lat="34.85147179294427" lon="-83.1564221680562"><ele>473.0</ele></trkpt><trkpt lat="34.85117578532037" lon="-83.1568336887414"><ele>472.0</ele></trkpt><trkpt lat="34.85074028298314" lon="-83.15697465761491"><ele>472.4048259202391</ele></trkpt><trkpt lat="34.85028851187893" lon="-83.15689344033777"><ele>473.0</ele></trkpt><trkpt lat="34.849836751334394" lon="-83.15681213660623"><ele>475.0</ele></trkpt><trkpt lat="34.84938388327068" lon="-83.15677748597153"><ele>477.0</ele></trkpt><trkpt lat="34.84932302826746" lon="-83.15723676644468"><ele>480.1527945064008</ele></trkpt><trkpt lat="34.84949645363589" lon="-83.15775153698273"><ele>483.0</ele></trkpt><trkpt lat="34.84966987916073" lon="-83.158266307985"><ele>485.0</ele></trkpt><trkpt lat="34.849843304841954" lon="-83.1587810794515"><ele>488.0</ele></trkpt><trkpt lat="34.85001608942339" lon="-83.15929617458673"><ele>490.0</ele></trkpt><trkpt lat="34.850188702029754" lon="-83.15981135682728"><ele>493.0</ele></trkpt><trkpt lat="34.8503613147913" lon="-83.16032653953097"><ele>495.0</ele></trkpt><trkpt lat="34.850533927708035" lon="-83.16084172269784"><ele>497.9689720764646</ele></trkpt><trkpt lat="34.85070654077995" lon="-83.16135690632785"><ele>500.6324182059616</ele></trkpt><trkpt lat="34.85087915400705" lon="-83.16187209042104"><ele>503.0</ele></trkpt><trkpt lat="34.851051767389336" lon="-83.16238727497742"><ele>506.0</ele></trkpt><trkpt lat="34.85124109134385" lon="-83.16289218268773"><ele>508.0</ele></trkpt><trkpt lat="34.85147263219614" lon="-83.1633440981191"><ele>511.2257658727467</ele></trkpt><trkpt lat="34.85188136956618" lon="-83.16359226009376"><ele>514.0</ele></trkpt><trkpt lat="34.85229116357592" lon="-83.16383768852344"><ele>515.0</ele></trkpt><trkpt lat="34.852708518820045" lon="-83.16406355136144"><ele>517.0</ele></trkpt><trkpt lat="34.853123044883034" lon="-83.16429581631486"><ele>518.0</ele></trkpt><trkpt lat="34.85349202634303" lon="-83.16461960341651"><ele>519.0</ele></trkpt><trkpt lat="34.85379538133047" lon="-83.1650335692502"><ele>519.9773293379694</ele></trkpt><trkpt lat="34.854041082170625" lon="-83.16550216434126"><ele>521.7431994851764</ele></trkpt><trkpt lat="34.854278694927416" lon="-83.16597738985483"><ele>523.0</ele></trkpt><trkpt lat="34.85451630793444" lon="-83.16645261586886"><ele>524.0</ele></trkpt><trkpt lat="34.85471906854938" lon="-83.16695098745771"><ele>523.0</ele></trkpt><trkpt lat="34.854898790297206" lon="-83.16746203976761"><ele>522.0</ele></trkpt><trkpt lat="34.85506235957524" lon="-83.16798161276841"><ele>521.0</ele></trkpt><trkpt lat="34.85520252530084" lon="-83.16844445965387"><ele>522.0</ele></trkpt><trkpt lat="34.85499851899002" lon="-83.16894226779655"><ele>522.5371965169907</ele></trkpt><trkpt lat="34.85471415418597" lon="-83.16937770140277"><ele>525.0</ele></trkpt><trkpt lat="34.85440803040777" lon="-83.16979044169287"><ele>527.0</ele></trkpt><trkpt lat="34.85409893689099" lon="-83.17020008363842"><ele>528.717699815639</ele></trkpt><trkpt lat="34.85380041159569" lon="-83.17061987898279"><ele>529.0</ele></trkpt><trkpt lat="34.85357882139235" lon="-83.17110475337267"><ele>527.234708353981</ele></trkpt><trkpt lat="34.85338262315497" lon="-83.17160726110308"><ele>525.0</ele></trkpt><trkpt lat="34.85318642566875" lon="-83.17210976690961"><ele>524.0</ele></trkpt><trkpt lat="34.852990228454075" lon="-83.17261227202069"><ele>522.0</ele></trkpt><trkpt lat="34.85279403143015" lon="-83.1731147766432"><ele>522.0</ele></trkpt><trkpt lat="34.852601573374244" lon="-83.17361940342025"><ele>522.0</ele></trkpt><trkpt lat="34.85241191641735" lon="-83.17412562015073"><ele>522.0</ele></trkpt><trkpt lat="34.85222225964135" lon="-83.17463183639842"><ele>522.0</ele></trkpt><trkpt lat="34.852354020690775" lon="-83.17510881728553"><ele>521.0</ele></trkpt><trkpt lat="34.85236810204732" lon="-83.17566503086913"><ele>518.9652143040673</ele></trkpt><trkpt lat="34.8524052326798" lon="-83.17621955591947"><ele>518.0</ele></trkpt><trkpt lat="34.85244595397826" lon="-83.17677381803739"><ele>517.0</ele></trkpt><trkpt lat="34.85248667528671" lon="-83.17732808029137"><ele>516.0</ele></trkpt><trkpt lat="34.85252739660517" lon="-83.17788234268144"><ele>515.0</ele></trkpt><trkpt lat="34.85261059595502" lon="-83.17842632422457"><ele>515.0</ele></trkpt><trkpt lat="34.85286894356062" lon="-83.17887192474753"><ele>514.0</ele></trkpt><trkpt lat="34.853177021466735" lon="-83.179282695289"><ele>514.0</ele></trkpt><trkpt lat="34.853509479068855" lon="-83.17966382404315"><ele>514.0</ele></trkpt><trkpt lat="34.8538433632892" lon="-83.18004326228709"><ele>515.0</ele></trkpt><trkpt lat="34.854156095240015" lon="-83.18044878283868"><ele>515.0</ele></trkpt><trkpt lat="34.85446882750645" lon="-83.18085430379955"><ele>516.0</ele></trkpt><trkpt lat="34.85477059746511" lon="-83.1812705428323"><ele>518.0</ele></trkpt><trkpt lat="34.85502763866855" lon="-83.18173051130162"><ele>520.0</ele></trkpt><trkpt lat="34.85545867641133" lon="-83.18173778579578"><ele>522.0</ele></trkpt><trkpt lat="34.855915118831966" lon="-83.18172056155348"><ele>522.0</ele></trkpt><trkpt lat="34.85637156125381" lon="-83.18170333731115"><ele>521.5276952389029</ele></trkpt><trkpt lat="34.856826790070876" lon="-83.18173895115797"><ele>521.4954466922209</ele></trkpt><trkpt lat="34.85728172724145" lon="-83.18178726306991"><ele>521.0</ele></trkpt><trkpt lat="34.85773421689028" lon="-83.18185605422256"><ele>521.0</ele></trkpt><trkpt lat="34.85790694246819" lon="-83.18203278096757"><ele>523.0</ele></trkpt><trkpt lat="34.857730254664425" lon="-83.18254595254389"><ele>533.1135437628254</ele></trkpt><trkpt lat="34.857788386752304" lon="-83.18245351798635"><ele>531.0</ele></trkpt><trkpt lat="34.857966039591474" lon="-83.18197474130531"><ele>522.0</ele></trkpt><trkpt lat="34.8575352306816" lon="-83.18181418378921"><ele>521.0</ele></trkpt><trkpt lat="34.85708029351981" lon="-83.18176587187821"><ele>521.0</ele></trkpt><trkpt lat="34.856625356367495" lon="-83.18171755996822"><ele>521.4923483887687</ele></trkpt><trkpt lat="34.85616946107149" lon="-83.18171096373312"><ele>521.8071357869492</ele></trkpt><trkpt lat="34.855713018651784" lon="-83.18172818797538"><ele>522.0</ele></trkpt><trkpt lat="34.85525710024502" lon="-83.18172412224945"><ele>521.0</ele></trkpt><trkpt lat="34.85491382791194" lon="-83.18152684994769"><ele>519.0</ele></trkpt><trkpt lat="34.85464309104479" lon="-83.18108027190422"><ele>517.0</ele></trkpt><trkpt lat="34.85433035920528" lon="-83.18067475149695"><ele>516.0</ele></trkpt><trkpt lat="34.85401762768139" lon="-83.18026923149895"><ele>515.0</ele></trkpt><trkpt lat="34.85369693842906" lon="-83.17987352434439"><ele>514.0</ele></trkpt><trkpt lat="34.85336052849468" lon="-83.17949720136696"><ele>514.0</ele></trkpt><trkpt lat="34.853040615703065" lon="-83.17910082093745"><ele>514.0</ele></trkpt><trkpt lat="34.852732538203306" lon="-83.17869005093776"><ele>514.0</ele></trkpt><trkpt lat="34.852550294529756" lon="-83.17819114866603"><ele>515.0</ele></trkpt><trkpt lat="34.852509366773305" lon="-83.1776369366366"><ele>516.0</ele></trkpt><trkpt lat="34.85246864549347" lon="-83.17708267477218"><ele>516.0</ele></trkpt><trkpt lat="34.852427924223626" lon="-83.17652841304383"><ele>517.0</ele></trkpt><trkpt lat="34.85238720296378" lon="-83.17597415145156"><ele>518.0</ele></trkpt><trkpt lat="34.85236186740671" lon="-83.17541876256504"><ele>519.0</ele></trkpt><trkpt lat="34.85231622243339" lon="-83.17487279413346"><ele>522.0</ele></trkpt><trkpt lat="34.852306231974296" lon="-83.17440770436272"><ele>522.0</ele></trkpt><trkpt lat="34.85249588914146" lon="-83.17390148707096"><ele>522.0</ele></trkpt><trkpt lat="34.85268554648951" lon="-83.1733952692964"><ele>522.0</ele></trkpt><trkpt lat="34.8528809006464" lon="-83.17289228507914"><ele>522.0</ele></trkpt><trkpt lat="34.85307709818471" lon="-83.17238977913917"><ele>523.0</ele></trkpt><trkpt lat="34.85327329591377" lon="-83.17188727271063"><ele>524.299443829212</ele></trkpt><trkpt lat="34.85346949395141" lon="-83.17138476549181"><ele>526.0</ele></trkpt><trkpt lat="34.85366569237797" lon="-83.17088225727682"><ele>528.0</ele></trkpt><trkpt lat="34.85392670131682" lon="-83.17042834765239"><ele>529.0</ele></trkpt><trkpt lat="34.85423579450256" lon="-83.17001870608092"><ele>528.0</ele></trkpt><trkpt lat="34.85454488843066" lon="-83.16960906352566"><ele>525.8523443935119</ele></trkpt><trkpt lat="34.854840062995336" lon="-83.16918490353841"><ele>524.0</ele></trkpt><trkpt lat="34.85508908181103" lon="-83.16872203399136"><ele>522.0</ele></trkpt><trkpt lat="34.85529266758793" lon="-83.16822389869873"><ele>522.0</ele></trkpt><trkpt lat="34.85550763428178" lon="-83.16773480305338"><ele>522.0</ele></trkpt><trkpt lat="34.85586699691504" lon="-83.16740760105772"><ele>522.0</ele></trkpt><trkpt lat="34.85630888638487" lon="-83.16726925151744"><ele>521.0</ele></trkpt><trkpt lat="34.856758925792676" lon="-83.167174823606"><ele>520.0</ele></trkpt><trkpt lat="34.85720896523592" lon="-83.16708039568712"><ele>519.0</ele></trkpt><trkpt lat="34.857659004714606" lon="-83.1669859677608"><ele>517.4410777054727</ele></trkpt><trkpt lat="34.85810904422873" lon="-83.16689153982702"><ele>515.0</ele></trkpt><trkpt lat="34.858560499143685" lon="-83.16681210720404"><ele>509.3454167088753</ele></trkpt><trkpt lat="34.85901341968922" lon="-83.16682718288237"><ele>503.22507293754353</ele></trkpt><trkpt lat="34.85944575751759" lon="-83.16699860135836"><ele>497.0</ele></trkpt><trkpt lat="34.859828076250366" lon="-83.1673025215167"><ele>491.0</ele></trkpt><trkpt lat="34.860207003894395" lon="-83.16761311794623"><ele>486.0</ele></trkpt><trkpt lat="34.86058593181028" lon="-83.16792371459859"><ele>486.0</ele></trkpt><trkpt lat="34.86097357342181" lon="-83.16821744761289"><ele>489.0</ele></trkpt><trkpt lat="34.8613671853871" lon="-83.16849962605376"><ele>493.0</ele></trkpt><trkpt lat="34.86176079759451" lon="-83.16878180466821"><ele>498.0</ele></trkpt><trkpt lat="34.86215441004404" lon="-83.16906398345623"><ele>502.0</ele></trkpt><trkpt lat="34.862548022735695" lon="-83.16934616241784"><ele>505.0</ele></trkpt><trkpt lat="34.86294263547188" lon="-83.16962579125796"><ele>507.0</ele></trkpt><trkpt lat="34.86338375009722" lon="-83.16973000000002"><ele>507.0</ele></trkpt><trkpt lat="34.86379876241677" lon="-83.16952769798603"><ele>506.57631452552926</ele></trkpt><trkpt lat="34.864029669433336" lon="-83.1690582099626"><ele>506.0</ele></trkpt><trkpt lat="34.864115222384505" lon="-83.16851150573801"><ele>506.93908263370395</ele></trkpt><trkpt lat="34.86420077537862" lon="-83.16796480123905"><ele>508.0</ele></trkpt><trkpt lat="34.864286328415666" lon="-83.16741809646572"><ele>509.0</ele></trkpt><trkpt lat="34.86437188149565" lon="-83.16687139141801"><ele>509.0</ele></trkpt><trkpt lat="34.86447049637915" lon="-83.16632848592357"><ele>507.0</ele></trkpt><trkpt lat="34.864596781805055" lon="-83.1657936300021"><ele>504.4031230676919</ele></trkpt><trkpt lat="34.86477283254709" lon="-83.1652806141704"><ele>500.0</ele></trkpt><trkpt lat="34.86497629313306" lon="-83.16478234334761"><ele>495.0</ele></trkpt><trkpt lat="34.865179753920756" lon="-83.16428407203081"><ele>490.0</ele></trkpt><trkpt lat="34.86538321504" lon="-83.16378579990204"><ele>485.0</ele></trkpt><trkpt lat="34.865586676595996" lon="-83.16328752670367"><ele>482.0</ele></trkpt><trkpt lat="34.865792718949834" lon="-83.16279084611858"><ele>480.5411440161988</ele></trkpt><trkpt lat="34.86596768816314" lon="-83.16227693551059"><ele>482.0</ele></trkpt><trkpt lat="34.86613956893901" lon="-83.16176129318299"><ele>484.0</ele></trkpt><trkpt lat="34.86628008742882" lon="-83.1612318242783"><ele>486.0</ele></trkpt><trkpt lat="34.86641857973241" lon="-83.16070146170658"><ele>488.0</ele></trkpt><trkpt lat="34.866557072141894" lon="-83.16017109872935"><ele>490.0</ele></trkpt><trkpt lat="34.86669556465727" lon="-83.1596407353466"><ele>492.0</ele></trkpt><trkpt lat="34.866834057278545" lon="-83.15911037155831"><ele>494.0428159646467</ele></trkpt><trkpt lat="34.86697255000571" lon="-83.15858000736449"><ele>497.0</ele></trkpt><trkpt lat="34.867115693450685" lon="-83.15805150357752"><ele>499.41051487531513</ele></trkpt><trkpt lat="34.86727209849177" lon="-83.15752916927678"><ele>500.0</ele></trkpt><trkpt lat="34.867463950456" lon="-83.15702408961585"><ele>501.0</ele></trkpt><trkpt lat="34.86765580260453" lon="-83.1565190094697"><ele>501.5414649594773</ele></trkpt><trkpt lat="34.86787503455734" lon="-83.15603131787256"><ele>502.0</ele></trkpt><trkpt lat="34.86817882561543" lon="-83.15562134543171"><ele>502.0</ele></trkpt><trkpt lat="34.868557489247166" lon="-83.1553108983651"><ele>502.07444749367784</ele></trkpt><trkpt lat="34.86894787652969" lon="-83.15502211873147"><ele>503.0</ele></trkpt><trkpt lat="34.86934526435185" lon="-83.15474842028728"><ele>505.0</ele></trkpt><trkpt lat="34.86976557230014" lon="-83.15453577107995"><ele>510.0</ele></trkpt><trkpt lat="34.870212092110265" lon="-83.15442591204891"><ele>515.0</ele></trkpt><trkpt lat="34.870663134743815" lon="-83.15433886873365"><ele>520.0</ele></trkpt><trkpt lat="34.87110934023148" lon="-83.15422939080388"><ele>525.2746082956733</ele></trkpt><trkpt lat="34.87148851741644" lon="-83.1543582974345"><ele>527.0</ele></trkpt><trkpt lat="34.87185235172894" lon="-83.15469384073742"><ele>528.0</ele></trkpt><trkpt lat="34.87218114542803" lon="-83.15507956525724"><ele>529.4489786130111</ele></trkpt><trkpt lat="34.87250552521812" lon="-83.15547134864006"><ele>532.0</ele></trkpt><trkpt lat="34.87284991378762" lon="-83.15583492097197"><ele>535.0</ele></trkpt><trkpt lat="34.87326743428791" lon="-83.15605247013087"><ele>537.0</ele></trkpt><trkpt lat="34.87369531190872" lon="-83.15624695995852"><ele>538.0</ele></trkpt><trkpt lat="34.87412508840193" lon="-83.15643475660073"><ele>538.0</ele></trkpt><trkpt lat="34.874567322367696" lon="-83.15656654117922"><ele>539.0</ele></trkpt><trkpt lat="34.875019324817835" lon="-83.1565384155549"><ele>539.0</ele></trkpt><trkpt lat="34.87543346179305" lon="-83.15631337772717"><ele>539.0</ele></trkpt><trkpt lat="34.87576829373404" lon="-83.15594085736126"><ele>539.0</ele></trkpt><trkpt lat="34.876053787861906" lon="-83.15550640977537"><ele>540.0</ele></trkpt><trkpt lat="34.87633928229177" lon="-83.15507196172994"><ele>540.1602392180173</ele></trkpt><trkpt lat="34.876626656499795" lon="-83.1546395579321"><ele>541.4626615416583</ele></trkpt><trkpt lat="34.87696315241457" lon="-83.15426491742878"><ele>542.0</ele></trkpt><trkpt lat="34.877337272318854" lon="-83.15394704576087"><ele>543.0</ele></trkpt><trkpt lat="34.87773302997814" lon="-83.15366959205554"><ele>543.7076432251886</ele></trkpt><trkpt lat="34.87814201957998" lon="-83.15342399020999"><ele>545.0</ele></trkpt><trkpt lat="34.878587977452554" lon="-83.15330840450949"><ele>546.0</ele></trkpt><trkpt lat="34.879043677075934" lon="-83.15330157847174"><ele>547.0</ele></trkpt><trkpt lat="34.87948174516255" lon="-83.15344249169408"><ele>547.2060368619859</ele></trkpt><trkpt lat="34.87988746794656" lon="-83.15369505893153"><ele>548.0</ele></trkpt><trkpt lat="34.88028663361141" lon="-83.15396546147869"><ele>548.0</ele></trkpt><trkpt lat="34.880678103001436" lon="-83.15425143473644"><ele>548.0</ele></trkpt><trkpt lat="34.88104367657508" lon="-83.1545836765751"><ele>547.0</ele></trkpt><trkpt lat="34.8813967395687" lon="-83.15493673956873"><ele>545.0</ele></trkpt><trkpt lat="34.88174980286737" lon="-83.1552898028674"><ele>545.0</ele></trkpt><trkpt lat="34.882073501116885" lon="-83.1556818763961"><ele>546.0</ele></trkpt><trkpt lat="34.88232521002192" lon="-83.15614332442841"><ele>546.769420369431</ele></trkpt><trkpt lat="34.88252947211" lon="-83.15664121326813"><ele>547.0</ele></trkpt><trkpt lat="34.88273325926857" lon="-83.15713937039713"><ele>548.0</ele></trkpt><trkpt lat="34.882911525805326" lon="-83.15765188669032"><ele>548.0</ele></trkpt><trkpt lat="34.88306508908089" lon="-83.15817558294717"><ele>548.0</ele></trkpt><trkpt lat="34.88317270873783" lon="-83.15871658987126"><ele>547.0</ele></trkpt><trkpt lat="34.88328032850025" lon="-83.15925759732555"><ele>546.0</ele></trkpt><trkpt lat="34.88338794842139" lon="-83.1597986055778"><ele>544.0265964768795</ele></trkpt><trkpt lat="34.88348395596939" lon="-83.16034272847791"><ele>543.0</ele></trkpt><trkpt lat="34.88347248160552" lon="-83.16089511036688"><ele>539.9810264460939</ele></trkpt><trkpt lat="34.88338155788446" lon="-83.16144065269322"><ele>537.0</ele></trkpt><trkpt lat="34.883321061888836" lon="-83.16199061888838"><ele>535.0</ele></trkpt><trkpt lat="34.88345173615528" lon="-83.1625131250795"><ele>534.0</ele></trkpt><trkpt lat="34.88370872758616" lon="-83.16297322835928"><ele>531.7595974747569</ele></trkpt><trkpt lat="34.8839949301782" lon="-83.16340702421627"><ele>529.0</ele></trkpt><trkpt lat="34.88428113307285" lon="-83.16384082053195"><ele>525.6087897736579</ele></trkpt><trkpt lat="34.88456733650569" lon="-83.16427461766332"><ele>522.3923781802878</ele></trkpt><trkpt lat="34.8848535414515" lon="-83.16470841708791"><ele>520.0</ele></trkpt><trkpt lat="34.88513974669993" lon="-83.16514221697119"><ele>519.9816940900935</ele></trkpt><trkpt lat="34.88542595225098" lon="-83.16557601731316"><ele>520.0</ele></trkpt><trkpt lat="34.885712158104674" lon="-83.16600981811382"><ele>521.0</ele></trkpt><trkpt lat="34.886000067049096" lon="-83.16644191570775"><ele>521.0</ele></trkpt><trkpt lat="34.886285803412285" lon="-83.16687615370668"><ele>522.0</ele></trkpt><trkpt lat="34.88657034283156" lon="-83.16731158524225"><ele>524.0</ele></trkpt><trkpt lat="34.886877842361905" lon="-83.1677217170975"><ele>525.1786933864146</ele></trkpt><trkpt lat="34.88724687030146" lon="-83.16804661433045"><ele>527.3954074736685</ele></trkpt><trkpt lat="34.88768139502545" lon="-83.16821080231344"><ele>530.0</ele></trkpt><trkpt lat="34.88813784033817" lon="-83.16822791901266"><ele>532.0</ele></trkpt><trkpt lat="34.88859093998357" lon="-83.1682766631954"><ele>535.9563659657056</ele></trkpt><trkpt lat="34.88902426868311" lon="-83.16844967497029"><ele>539.0</ele></trkpt><trkpt lat="34.88943069217784" lon="-83.16870244607018"><ele>542.0</ele></trkpt><trkpt lat="34.889742429290735" lon="-83.16909188299041"><ele>545.0</ele></trkpt><trkpt lat="34.889779780962606" lon="-83.16963291995702"><ele>548.0</ele></trkpt><trkpt lat="34.88956525943888" lon="-83.17011790093522"><ele>550.0</ele></trkpt><trkpt lat="34.88929565164982" lon="-83.1705672472503"><ele>552.0</ele></trkpt><trkpt lat="34.888994465813845" lon="-83.17098431623694"><ele>554.0</ele></trkpt><trkpt lat="34.88862660256895" lon="-83.17131310219915"><ele>556.0</ele></trkpt><trkpt lat="34.88824318829383" lon="-83.17161551345839"><ele>558.0</ele></trkpt><trkpt lat="34.887899960778114" lon="-83.17197409413251"><ele>560.0</ele></trkpt><trkpt lat="34.887808974554886" lon="-83.17251196097949"><ele>562.8017969541252</ele></trkpt><trkpt lat="34.88779730471704" lon="-83.17306765660446"><ele>565.182642064603</ele></trkpt><trkpt lat="34.88796238791346" lon="-83.17357327185357"><ele>569.0</ele></trkpt><trkpt lat="34.888373414266695" lon="-83.17371181588146"><ele>572.0</ele></trkpt><trkpt lat="34.88849259427299" lon="-83.17321301673556"><ele>575.0</ele></trkpt><trkpt lat="34.888680993518186" lon="-83.17274829754922"><ele>578.0</ele></trkpt><trkpt lat="34.88911717282544" lon="-83.17276311982073"><ele>581.4184095029423</ele></trkpt><trkpt lat="34.889555821942785" lon="-83.17291793715627"><ele>584.26033324521</ele></trkpt><trkpt lat="34.88999447115067" lon="-83.17307275452379"><ele>587.367600530386</ele></trkpt><trkpt lat="34.89041200656078" lon="-83.17328489581413"><ele>591.0</ele></trkpt><trkpt lat="34.890719119200355" lon="-83.1736939470123"><ele>594.0</ele></trkpt><trkpt lat="34.89105246118221" lon="-83.17405997299633"><ele>596.0</ele></trkpt><trkpt lat="34.891488900425706" lon="-83.1742103355358"><ele>596.0</ele></trkpt><trkpt lat="34.891940063784276" lon="-83.17429646672245"><ele>594.0</ele></trkpt><trkpt lat="34.892391227172496" lon="-83.17438259791477"><ele>593.0</ele></trkpt><trkpt lat="34.89284679323982" lon="-83.174362213784"><ele>591.0</ele></trkpt><trkpt lat="34.89328300812072" lon="-83.17420230505537"><ele>589.0</ele></trkpt><trkpt lat="34.893693861944755" lon="-83.17395926476507"><ele>587.0</ele></trkpt><trkpt lat="34.894109642453984" lon="-83.17373016502125"><ele>584.0</ele></trkpt><trkpt lat="34.894553629884825" lon="-83.17361152663166"><ele>582.0</ele></trkpt><trkpt lat="34.89499783154714" lon="-83.17349114603195"><ele>579.0</ele></trkpt><trkpt lat="34.89539881121592" lon="-83.17323906990568"><ele>577.0</ele></trkpt><trkpt lat="34.89570561908671" lon="-83.17282790263458"><ele>575.0</ele></trkpt><trkpt lat="34.89599873999523" lon="-83.17240096565914"><ele>572.4817400053144</ele></trkpt><trkpt lat="34.89631475669362" lon="-83.17199917706289"><ele>570.5256066061556</ele></trkpt><trkpt lat="34.896705981559506" lon="-83.17207037418333"><ele>568.05898672471</ele></trkpt><trkpt lat="34.89670925055403" lon="-83.17261657600783"><ele>566.0</ele></trkpt><trkpt lat="34.896667319165" lon="-83.17317100215173"><ele>564.0</ele></trkpt><trkpt lat="34.896732608689746" lon="-83.17370247824847"><ele>562.0</ele></trkpt><trkpt lat="34.897139048551075" lon="-83.17387994714173"><ele>560.0</ele></trkpt><trkpt lat="34.89759535032535" lon="-83.17385796691975"><ele>557.0</ele></trkpt><trkpt lat="34.89803526188584" lon="-83.17395830951286"><ele>555.0</ele></trkpt><trkpt lat="34.89822" lon="-83.17443298115555"><ele>553.0</ele></trkpt><trkpt lat="34.89812333059329" lon="-83.17497595627223"><ele>550.0</ele></trkpt><trkpt lat="34.898017744873684" lon="-83.17551765677362"><ele>548.0</ele></trkpt><trkpt lat="34.89780516903974" lon="-83.17600082332366"><ele>547.0</ele></trkpt><trkpt lat="34.89749170397018" lon="-83.17640571570519"><ele>545.0</ele></trkpt><trkpt lat="34.897308809941684" lon="-83.17689047953348"><ele>544.0</ele></trkpt><trkpt lat="34.89755486308493" lon="-83.17733356714037"><ele>542.2483256852371</ele></trkpt><trkpt lat="34.89800495154646" lon="-83.17735362358445"><ele>540.0</ele></trkpt><trkpt lat="34.89845740156869" lon="-83.17728145013072"><ele>537.0</ele></trkpt><trkpt lat="34.8988669007814" lon="-83.17746535117212"><ele>535.0</ele></trkpt><trkpt lat="34.89891948481115" lon="-83.17798647144686"><ele>532.4782087989151</ele></trkpt><trkpt lat="34.898592468219555" lon="-83.1783670412554"><ele>530.0</ele></trkpt><trkpt lat="34.89821945644741" lon="-83.17868824583695"><ele>528.0</ele></trkpt><trkpt lat="34.89790987312685" lon="-83.17908139560467"><ele>526.0</ele></trkpt><trkpt lat="34.89809830354762" lon="-83.1795275480641"><ele>523.0814803842673</ele></trkpt><trkpt lat="34.898532158864924" lon="-83.17969331561477"><ele>521.0</ele></trkpt><trkpt lat="34.89897726184446" lon="-83.17981779356667"><ele>519.0</ele></trkpt><trkpt lat="34.899422364884266" lon="-83.17994227153545"><ele>517.0</ele></trkpt><trkpt lat="34.899668175329396" lon="-83.18034966361651"><ele>515.0</ele></trkpt><trkpt lat="34.899467743138324" lon="-83.180838210771"><ele>512.1742921542774</ele></trkpt><trkpt lat="34.89957381583683" lon="-83.18135468052103"><ele>510.203420402132</ele></trkpt><trkpt lat="34.89986462952696" lon="-83.18178397692077"><ele>508.0</ele></trkpt><trkpt lat="34.90018923359199" lon="-83.18217303881431"><ele>506.27281071450227</ele></trkpt><trkpt lat="34.90059694414923" lon="-83.18241231471639"><ele>504.908916773176</ele></trkpt><trkpt lat="34.90104669708806" lon="-83.18249894566199"><ele>503.0</ele></trkpt><trkpt lat="34.90150153896631" lon="-83.18254526155866"><ele>502.0</ele></trkpt><trkpt lat="34.9019433603053" lon="-83.18244534726959"><ele>500.0</ele></trkpt><trkpt lat="34.90216557421598" lon="-83.18196857362656"><ele>499.0</ele></trkpt><trkpt lat="34.90245275813517" lon="-83.1815623233812"><ele>497.0</ele></trkpt><trkpt lat="34.90289957345491" lon="-83.18149243893694"><ele>495.0162511439994</ele></trkpt><trkpt lat="34.90330559170013" lon="-83.18125348990404"><ele>494.0</ele></trkpt><trkpt lat="34.90366343677096" lon="-83.18090760812811"><ele>492.0</ele></trkpt><trkpt lat="34.90402668243341" lon="-83.18057101351275"><ele>490.0</ele></trkpt><trkpt lat="34.90445391041892" lon="-83.1803821629779"><ele>488.02427751474414</ele></trkpt><trkpt lat="34.90489642225312" lon="-83.18024462551593"><ele>486.0</ele></trkpt><trkpt lat="34.90534811222298" lon="-83.18018132653197"><ele>485.0</ele></trkpt><trkpt lat="34.90580414622444" lon="-83.1801677313791"><ele>484.719595618546</ele></trkpt><trkpt lat="34.90625996349657" lon="-83.18020156934254"><ele>484.14263222552836</ele></trkpt><trkpt lat="34.90671578077336" lon="-83.18023540730633"><ele>485.0</ele></trkpt><trkpt lat="34.907171598063485" lon="-83.1802692452711"><ele>485.0</ele></trkpt><trkpt lat="34.907627415361105" lon="-83.18030308323644"><ele>485.0</ele></trkpt><trkpt lat="34.90808335506192" lon="-83.18032626579753"><ele>485.6686437735334</ele></trkpt><trkpt lat="34.90853657804681" lon="-83.18026545691093"><ele>485.0</ele></trkpt><trkpt lat="34.90898813269292" lon="-83.18018241237831"><ele>485.0</ele></trkpt><trkpt lat="34.909392053470555" lon="-83.17994706358172"><ele>485.0</ele></trkpt><trkpt lat="34.909499953020855" lon="-83.17943625951406"><ele>484.0</ele></trkpt><trkpt lat="34.909436326107325" lon="-83.17888482626348"><ele>483.9464050999188</ele></trkpt><trkpt lat="34.90948099380141" lon="-83.17833237083453"><ele>483.0</ele></trkpt><trkpt lat="34.909537617425684" lon="-83.1777798023632"><ele>483.0</ele></trkpt><trkpt lat="34.90959424106918" lon="-83.17722723370426"><ele>482.92013409920037</ele></trkpt><trkpt lat="34.909650864731894" lon="-83.1766746648577"><ele>483.0</ele></trkpt><trkpt lat="34.909707488413844" lon="-83.17612209582353"><ele>483.0</ele></trkpt><trkpt lat="34.90975991502373" lon="-83.17556891774377"><ele>484.0</ele></trkpt><trkpt lat="34.909747765932494" lon="-83.17501471610413"><ele>484.0</ele></trkpt><trkpt lat="34.90966092315359" lon="-83.17446882222352"><ele>485.0</ele></trkpt><trkpt lat="34.9095464785482" lon="-83.17392972789814"><ele>485.0</ele></trkpt><trkpt lat="34.90943203401757" lon="-83.1733906339249"><ele>487.0</ele></trkpt><trkpt lat="34.90932316471887" lon="-83.17285019129014"><ele>490.0</ele></trkpt><trkpt lat="34.90932819485673" lon="-83.17230027497425"><ele>492.0393834952265</ele></trkpt><trkpt lat="34.9095177342972" lon="-83.17179956745133"><ele>495.0</ele></trkpt><trkpt lat="34.90986229707747" lon="-83.1714453920458"><ele>497.0</ele></trkpt><trkpt lat="34.91027471443419" lon="-83.17120781328504"><ele>497.0</ele></trkpt><trkpt lat="34.91069324653443" lon="-83.17098504619943"><ele>496.0</ele></trkpt><trkpt lat="34.911111778805385" lon="-83.17076227902295"><ele>494.6930365884142</ele></trkpt><trkpt lat="34.911530311247056" lon="-83.17053951175562"><ele>493.0</ele></trkpt><trkpt lat="34.91194884385944" lon="-83.17031674439741"><ele>492.0</ele></trkpt><trkpt lat="34.91236737664255" lon="-83.17009397694832"><ele>491.45085439535654</ele></trkpt><trkpt lat="34.91278590959638" lon="-83.16987120940837"><ele>491.0</ele></trkpt><trkpt lat="34.913204442720925" lon="-83.16964844177755"><ele>493.0</ele></trkpt><trkpt lat="34.91362297601621" lon="-83.16942567405589"><ele>495.0</ele></trkpt><trkpt lat="34.91404150948221" lon="-83.16920290624334"><ele>496.0</ele></trkpt><trkpt lat="34.91444655392526" lon="-83.16894987586673"><ele>497.0</ele></trkpt><trkpt lat="34.91481324886855" lon="-83.16861905171322"><ele>497.0</ele></trkpt><trkpt lat="34.91516806235292" lon="-83.16826846219891"><ele>497.0</ele></trkpt><trkpt lat="34.91552916514004" lon="-83.16792876656292"><ele>496.0</ele></trkpt><trkpt lat="34.91593511101025" lon="-83.16767744449487"><ele>494.0</ele></trkpt><trkpt lat="34.91637203579543" lon="-83.1675216567235"><ele>491.0</ele></trkpt><trkpt lat="34.91682155839177" lon="-83.16743258560075"><ele>489.0</ele></trkpt><trkpt lat="34.91727682286105" lon="-83.1674342409376"><ele>486.1432610936463</ele></trkpt><trkpt lat="34.91772666721045" lon="-83.1675301094055"><ele>485.76130237302885</ele></trkpt><trkpt lat="34.91815622873429" lon="-83.16771331109953"><ele>485.0934277862891</ele></trkpt><trkpt lat="34.918556263062754" lon="-83.1679793225745"><ele>485.0</ele></trkpt><trkpt lat="34.91893226450837" lon="-83.16829538176067"><ele>486.0</ele></trkpt><trkpt lat="34.91930531397188" lon="-83.16861652829327"><ele>478.0</ele></trkpt><trkpt lat="34.91967723741428" lon="-83.1689395578844"><ele>486.0</ele></trkpt><trkpt lat="34.91989369275555" lon="-83.16919142091837"><ele>485.10850069971775</ele></trkpt><trkpt lat="34.91970875698826" lon="-83.1693308286745"><ele>489.93815915562544</ele></trkpt><trkpt lat="34.91927318501494" lon="-83.16944638942773"><ele>490.4677927372977</ele></trkpt><trkpt lat="34.918854635451375" lon="-83.16963274648845"><ele>489.570312449771</ele></trkpt><trkpt lat="34.918457004710774" lon="-83.16989149764458"><ele>487.5199061110616</ele></trkpt><trkpt lat="34.918047174481245" lon="-83.17013404322824"><ele>484.0</ele></trkpt><trkpt lat="34.91767625884736" lon="-83.17044258458421"><ele>484.39952451735735</ele></trkpt><trkpt lat="34.91761108077198" lon="-83.17095162052259"><ele>482.0</ele></trkpt><trkpt lat="34.9178984067065" lon="-83.17136567860442"><ele>483.02343628943254</ele></trkpt><trkpt lat="34.91817578027807" lon="-83.1717978610196"><ele>483.0</ele></trkpt><trkpt lat="34.917913404549516" lon="-83.1722145332121"><ele>481.0446841812949</ele></trkpt><trkpt lat="34.917513144699306" lon="-83.17224241899945"><ele>482.0</ele></trkpt><trkpt lat="34.91708153605484" lon="-83.17208594376422"><ele>482.0</ele></trkpt><trkpt lat="34.916645410809366" lon="-83.1721815564578"><ele>482.82995134673615</ele></trkpt><trkpt lat="34.91638112690194" lon="-83.17262160085866"><ele>486.0</ele></trkpt><trkpt lat="34.91602237034913" lon="-83.1729191329001"><ele>488.15479305710704</ele></trkpt><trkpt lat="34.915567718119604" lon="-83.17297033760426"><ele>486.0</ele></trkpt><trkpt lat="34.915111092157105" lon="-83.17297725617944"><ele>490.43007916054785</ele></trkpt><trkpt lat="34.91466575829919" lon="-83.17307530028555"><ele>488.74915876518935</ele></trkpt><trkpt lat="34.91422489124433" lon="-83.17321678389806"><ele>482.84645704176387</ele></trkpt><trkpt lat="34.91377415258668" lon="-83.17324299747753"><ele>486.1288287118077</ele></trkpt><trkpt lat="34.91340850804225" lon="-83.1735540343679"><ele>488.9166792045538</ele></trkpt><trkpt lat="34.913062878934255" lon="-83.17391599447467"><ele>487.0</ele></trkpt><trkpt lat="34.91266164278417" lon="-83.17417561398639"><ele>487.0274938400835</ele></trkpt><trkpt lat="34.91233470064491" lon="-83.1745644100439"><ele>485.82141945138574</ele></trkpt><trkpt lat="34.91197488181567" lon="-83.17489874034733"><ele>486.3724566306919</ele></trkpt><trkpt lat="34.91181911599186" lon="-83.17541512010851"><ele>487.52011406980455</ele></trkpt><trkpt lat="34.91177752352997" lon="-83.17596968626704"><ele>488.1563716940582</ele></trkpt><trkpt lat="34.91188893147451" lon="-83.17650247808913"><ele>489.4878024235368</ele></trkpt><trkpt lat="34.91199216953541" lon="-83.17703922376144"><ele>490.0</ele></trkpt><trkpt lat="34.9119993081775" lon="-83.17759603784509"><ele>489.0</ele></trkpt><trkpt lat="34.9119478781607" lon="-83.1781488804618"><ele>487.0</ele></trkpt><trkpt lat="34.9118380820922" lon="-83.17868767163115"><ele>485.5979774482548</ele></trkpt><trkpt lat="34.91170491304522" lon="-83.17922034781908"><ele>486.00385403479237</ele></trkpt><trkpt lat="34.91152840098784" lon="-83.17973277723165"><ele>485.0</ele></trkpt><trkpt lat="34.91124944755242" lon="-83.18017168135204"><ele>482.9324752544769</ele></trkpt><trkpt lat="34.910952999485595" lon="-83.1804921432399"><ele>478.0</ele></trkpt><trkpt lat="34.9105123065285" lon="-83.1805625425734"><ele>477.0</ele></trkpt><trkpt lat="34.9101917666442" lon="-83.18078749588108"><ele>479.0</ele></trkpt><trkpt lat="34.909906705472494" lon="-83.18111647080397"><ele>482.4948662109673</ele></trkpt><trkpt lat="34.909507820540995" lon="-83.18138287178361"><ele>481.9252199439459</ele></trkpt><trkpt lat="34.90906602704301" lon="-83.18151071106632"><ele>479.053648899719</ele></trkpt><trkpt lat="34.908611526620255" lon="-83.18156481825952"><ele>479.0</ele></trkpt><trkpt lat="34.908156181341916" lon="-83.18157499577491"><ele>478.86367865186185</ele></trkpt><trkpt lat="34.907701315225474" lon="-83.18153630740717"><ele>478.0606700349599</ele></trkpt><trkpt lat="34.90725443829891" lon="-83.18142258521125"><ele>478.76083157677203</ele></trkpt><trkpt lat="34.906804385481706" lon="-83.18132895903211"><ele>478.39753538090736</ele></trkpt><trkpt lat="34.90634849781974" lon="-83.18130282923421"><ele>478.1797985378653</ele></trkpt><trkpt lat="34.90589922630012" lon="-83.18138840425766"><ele>479.16788368392736</ele></trkpt><trkpt lat="34.90547681233096" lon="-83.18158947764196"><ele>478.0</ele></trkpt><trkpt lat="34.905084254606265" lon="-83.18186625321141"><ele>479.0</ele></trkpt><trkpt lat="34.90476321882099" lon="-83.182250343537"><ele>481.0</ele></trkpt><trkpt lat="34.904533705545575" lon="-83.18272625391782"><ele>482.0</ele></trkpt><trkpt lat="34.904395110200724" lon="-83.18325517902511"><ele>484.6251996550709</ele></trkpt><trkpt lat="34.90427169616658" lon="-83.1837886578324"><ele>486.0</ele></trkpt><trkpt lat="34.90416682944688" lon="-83.18432397678535"><ele>488.0</ele></trkpt><trkpt lat="34.903944539374415" lon="-83.18480802006447"><ele>489.01129766807054</ele></trkpt><trkpt lat="34.9038456890477" lon="-83.18534416951945"><ele>489.0</ele></trkpt><trkpt lat="34.90367493274332" lon="-83.1857343019469"><ele>484.0</ele></trkpt><trkpt lat="34.90323631828537" lon="-83.18560039922208"><ele>486.0</ele></trkpt><trkpt lat="34.90278145216651" lon="-83.18564972205425"><ele>484.0</ele></trkpt><trkpt lat="34.90232950733976" lon="-83.18571817243111"><ele>482.0</ele></trkpt><trkpt lat="34.901896162112216" lon="-83.18589071354018"><ele>481.0</ele></trkpt><trkpt lat="34.90151717392929" lon="-83.18619595649899"><ele>481.01873956971144</ele></trkpt><trkpt lat="34.901197639832745" lon="-83.18658956514636"><ele>479.0</ele></trkpt><trkpt lat="34.90087437892192" lon="-83.18698034583558"><ele>479.0</ele></trkpt><trkpt lat="34.90059480013494" lon="-83.18742060208635"><ele>480.0</ele></trkpt><trkpt lat="34.90031522164546" lon="-83.18786085786866"><ele>479.7876023873687</ele></trkpt><trkpt lat="34.900035643453464" lon="-83.18830111318248"><ele>479.0</ele></trkpt><trkpt lat="34.899818112043214" lon="-83.18879037990546"><ele>478.06752214730466</ele></trkpt><trkpt lat="34.899575439627796" lon="-83.18925850109851"><ele>481.9853097830301</ele></trkpt><trkpt lat="34.899363020630105" lon="-83.18975116699184"><ele>485.68092041648924</ele></trkpt><trkpt lat="34.89919390851805" lon="-83.19025777171969"><ele>490.036527130687</ele></trkpt><trkpt lat="34.89910521432216" lon="-83.19080128593299"><ele>496.0</ele></trkpt><trkpt lat="34.89931437337057" lon="-83.19126984194597"><ele>499.2967639961399</ele></trkpt><trkpt lat="34.89968985681073" lon="-83.19155572451349"><ele>496.7475831471387</ele></trkpt><trkpt lat="34.900143946119314" lon="-83.19150651347016"><ele>492.27781594759284</ele></trkpt><trkpt lat="34.90059675952577" lon="-83.1914410801581"><ele>489.3434636509046</ele></trkpt><trkpt lat="34.90085520880226" lon="-83.1916727031751"><ele>493.0</ele></trkpt><trkpt lat="34.90101013685889" lon="-83.19215303310429"><ele>490.0451130326668</ele></trkpt><trkpt lat="34.901355837124726" lon="-83.19250722496685"><ele>483.6575143635273</ele></trkpt><trkpt lat="34.901785514866084" lon="-83.19268231953328"><ele>479.0</ele></trkpt><trkpt lat="34.902217612220824" lon="-83.19282058797043"><ele>482.0</ele></trkpt><trkpt lat="34.90230126432876" lon="-83.19328830149162"><ele>480.0</ele></trkpt><trkpt lat="34.90197643385402" lon="-83.19359280260413"><ele>483.93407037388533</ele></trkpt><trkpt lat="34.90158244069687" lon="-83.19334325426253"><ele>484.50882576406</ele></trkpt><trkpt lat="34.901127005816655" lon="-83.19333176374212"><ele>493.7882215660314</ele></trkpt><trkpt lat="34.90092309908901" lon="-83.1937486952347"><ele>496.0</ele></trkpt><trkpt lat="34.901020809615815" lon="-83.19426206459353"><ele>498.0</ele></trkpt><trkpt lat="34.90110309380038" lon="-83.19479458695596"><ele>502.52442556455367</ele></trkpt><trkpt lat="34.9010677586128" lon="-83.19534793094503"><ele>503.0</ele></trkpt><trkpt lat="34.901202662760696" lon="-83.19587039062569"><ele>508.0</ele></trkpt><trkpt lat="34.901476050748094" lon="-83.19631407612215"><ele>508.0</ele></trkpt><trkpt lat="34.90171393414522" lon="-83.19676492196689"><ele>506.0</ele></trkpt><trkpt lat="34.901384013832505" lon="-83.1971208403462"><ele>510.0</ele></trkpt><trkpt lat="34.900948807078024" lon="-83.19722044734576"><ele>515.0</ele></trkpt><trkpt lat="34.90075" lon="-83.19763429727038"><ele>517.3642622569485</ele></trkpt><trkpt lat="34.90084587881697" lon="-83.1981557778311"><ele>511.45017408264493</ele></trkpt><trkpt lat="34.90117770736126" lon="-83.1985283659494"><ele>506.0</ele></trkpt><trkpt lat="34.90113686216493" lon="-83.19900930038293"><ele>505.0</ele></trkpt><trkpt lat="34.90070852209703" lon="-83.1990931823224"><ele>504.0368207316913</ele></trkpt><trkpt lat="34.90045410169323" lon="-83.19953664030542"><ele>500.0</ele></trkpt><trkpt lat="34.90008595190546" lon="-83.19976598890123"><ele>501.0</ele></trkpt><trkpt lat="34.89971263398507" lon="-83.19945795447923"><ele>506.4531595595181</ele></trkpt><trkpt lat="34.899385270180915" lon="-83.19915026064966"><ele>512.9342023584143</ele></trkpt><trkpt lat="34.899322213831326" lon="-83.19963328298796"><ele>516.0</ele></trkpt><trkpt lat="34.89922657534787" lon="-83.2001700455937"><ele>520.0</ele></trkpt><trkpt lat="34.8991828200623" lon="-83.20072427921093"><ele>525.0</ele></trkpt><trkpt lat="34.89913147790321" lon="-83.2012732016452"><ele>529.0</ele></trkpt><trkpt lat="34.89889529565403" lon="-83.20174940894185"><ele>531.8962700814009</ele></trkpt><trkpt lat="34.89882052428955" lon="-83.20228895142091"><ele>536.0</ele></trkpt><trkpt lat="34.89850511645988" lon="-83.20267906951709"><ele>544.3847999088466</ele></trkpt><trkpt lat="34.89829227873147" lon="-83.20317076492506"><ele>553.2994667589664</ele></trkpt><trkpt lat="34.897997532064245" lon="-83.20359103325684"><ele>553.0</ele></trkpt><trkpt lat="34.897889743556775" lon="-83.20388297273684"><ele>547.5092435330153</ele></trkpt><trkpt lat="34.89789278995159" lon="-83.20421554006161"><ele>541.1395994387567</ele></trkpt><trkpt lat="34.897520715378235" lon="-83.20452921958736"><ele>533.6067335734136</ele></trkpt><trkpt lat="34.897261782895605" lon="-83.20487675712681"><ele>533.2292964720978</ele></trkpt><trkpt lat="34.89694644100151" lon="-83.20524491298944"><ele>532.367031943053</ele></trkpt><trkpt lat="34.897130062636904" lon="-83.2057401252738"><ele>529.0</ele></trkpt><trkpt lat="34.89676910273523" lon="-83.20569796612162"><ele>529.785029437393</ele></trkpt><trkpt lat="34.89633018622572" lon="-83.20554943747597"><ele>531.1536422576755</ele></trkpt><trkpt lat="34.89587357969374" lon="-83.20554082225836"><ele>525.7521440172568</ele></trkpt><trkpt lat="34.895449217867935" lon="-83.20572312520756"><ele>523.4694920875512</ele></trkpt><trkpt lat="34.89510645165568" lon="-83.20607228487853"><ele>518.8186270333827</ele></trkpt><trkpt lat="34.895024201218185" lon="-83.20658313617575"><ele>511.8177091842517</ele></trkpt><trkpt lat="34.895405576226295" lon="-83.20685912473397"><ele>505.6603691715547</ele></trkpt><trkpt lat="34.89528099621384" lon="-83.20704"><ele>505.6188906673342</ele></trkpt><trkpt lat="34.894832218918154" lon="-83.20700268614885"><ele>510.87993916589767</ele></trkpt><trkpt lat="34.89439867382073" lon="-83.20692564216782"><ele>513.686196193099</ele></trkpt><trkpt lat="34.89402340041971" lon="-83.20695648457504"><ele>520.0</ele></trkpt><trkpt lat="34.89366293823321" lon="-83.20727310517364"><ele>517.482379136607</ele></trkpt><trkpt lat="34.89333340147981" lon="-83.20764486246101"><ele>518.0</ele></trkpt><trkpt lat="34.89300161531305" lon="-83.2079644208271"><ele>510.0</ele></trkpt><trkpt lat="34.89263778298432" lon="-83.20770071763279"><ele>513.0</ele></trkpt><trkpt lat="34.89270676059482" lon="-83.20724172713751"><ele>518.5179732981887</ele></trkpt><trkpt lat="34.892470306571575" lon="-83.20713574598355"><ele>525.0</ele></trkpt><trkpt lat="34.892231925309964" lon="-83.20755166797785"><ele>525.7362452217253</ele></trkpt><trkpt lat="34.892218881014976" lon="-83.2081044759401"><ele>530.8077357517723</ele></trkpt><trkpt lat="34.892003747038544" lon="-83.20858854808317"><ele>537.4151730779927</ele></trkpt><trkpt lat="34.891855005888054" lon="-83.20910941369573"><ele>545.927820809344</ele></trkpt><trkpt lat="34.891770518395134" lon="-83.20965529682067"><ele>551.7235107161105</ele></trkpt><trkpt lat="34.89204346966804" lon="-83.21002288399494"><ele>547.7106790294845</ele></trkpt><trkpt lat="34.89248591962085" lon="-83.21016069627535"><ele>547.995891244781</ele></trkpt><trkpt lat="34.89279396385099" lon="-83.21051283732798"><ele>549.8909672619775</ele></trkpt><trkpt lat="34.89253627396454" lon="-83.21083573881657"><ele>548.4026907126067</ele></trkpt><trkpt lat="34.8921520182762" lon="-83.21112926939625"><ele>546.1449406472966</ele></trkpt><trkpt lat="34.891801777434324" lon="-83.21146911128284"><ele>544.0304370010272</ele></trkpt><trkpt lat="34.89145837835484" lon="-83.21179637390591"><ele>543.2819806560874</ele></trkpt><trkpt lat="34.89113839821823" lon="-83.2121916017818"><ele>543.7009346643463</ele></trkpt><trkpt lat="34.89095957150503" lon="-83.21265742903017"><ele>540.0</ele></trkpt><trkpt lat="34.89138415745149" lon="-83.21278000000001"><ele>535.8777208887041</ele></trkpt><trkpt lat="34.8915135322058" lon="-83.21318429602992"><ele>536.6508654844172</ele></trkpt><trkpt lat="34.89171834752119" lon="-83.21361818608858"><ele>527.254645873515</ele></trkpt><trkpt lat="34.89149936187917" lon="-83.21387744659214"><ele>529.137165889144</ele></trkpt><trkpt lat="34.891080724575396" lon="-83.21403400865516"><ele>534.5633182041347</ele></trkpt><trkpt lat="34.890649714398876" lon="-83.21421019040073"><ele>535.7739826506004</ele></trkpt><trkpt lat="34.89023902167081" lon="-83.21444023849088"><ele>542.495000702329</ele></trkpt><trkpt lat="34.890128950812986" lon="-83.21484895081296"><ele>540.4576245481148</ele></trkpt><trkpt lat="34.89026836034845" lon="-83.21534385862233"><ele>541.3652886982245</ele></trkpt><trkpt lat="34.890714893355714" lon="-83.21535938833054"><ele>543.0</ele></trkpt><trkpt lat="34.89114975586888" lon="-83.21520512206556"><ele>547.8531280002651</ele></trkpt><trkpt lat="34.891450305207925" lon="-83.21544210839727"><ele>555.0</ele></trkpt><trkpt lat="34.891815910812184" lon="-83.21563447286496"><ele>551.8713612791959</ele></trkpt><trkpt lat="34.89219455837491" lon="-83.2158564669993"><ele>551.0</ele></trkpt><trkpt lat="34.89235942041101" lon="-83.2163069405937"><ele>556.8709133557775</ele></trkpt><trkpt lat="34.89258615382536" lon="-83.21677730766305"><ele>560.8435935797953</ele></trkpt><trkpt lat="34.8926216773134" lon="-83.21719882588062"><ele>561.0</ele></trkpt><trkpt lat="34.89225353814954" lon="-83.21694353814956"><ele>567.2796142082661</ele></trkpt><trkpt lat="34.891893833222326" lon="-83.2169941980485"><ele>571.6544573691856</ele></trkpt><trkpt lat="34.891545816635414" lon="-83.21735418336458"><ele>574.6541002559119</ele></trkpt><trkpt lat="34.89118402483108" lon="-83.21768218177455"><ele>572.0</ele></trkpt><trkpt lat="34.89075023308177" lon="-83.21781758473148"><ele>565.1092565599829</ele></trkpt><trkpt lat="34.89049740546171" lon="-83.21824341596849"><ele>559.0152177903543</ele></trkpt><trkpt lat="34.89038717664165" lon="-83.21877040486763"><ele>553.2257697372385</ele></trkpt><trkpt lat="34.89002176432035" lon="-83.21906497336717"><ele>546.9767327355221</ele></trkpt><trkpt lat="34.88965420976937" lon="-83.21937434759533"><ele>539.5390825118225</ele></trkpt><trkpt lat="34.88923072247623" lon="-83.21949598712087"><ele>531.9972180687529</ele></trkpt><trkpt lat="34.88896757422753" lon="-83.21992320548505"><ele>524.9995282060464</ele></trkpt><trkpt lat="34.88864969337448" lon="-83.22031980487468"><ele>523.4973459439352</ele></trkpt><trkpt lat="34.88823695576585" lon="-83.22028198860349"><ele>517.6196581430909</ele></trkpt><trkpt lat="34.88807383236028" lon="-83.22071652627255"><ele>514.7561889187014</ele></trkpt><trkpt lat="34.88782" lon="-83.2211208834876"><ele>512.8644537299834</ele></trkpt><trkpt lat="34.888065283183394" lon="-83.22158676579834"><ele>515.6558422779552</ele></trkpt><trkpt lat="34.88817817810292" lon="-83.22207573026466"><ele>511.0</ele></trkpt><trkpt lat="34.888449072771145" lon="-83.22250185445773"><ele>511.0</ele></trkpt><trkpt lat="34.88806026843502" lon="-83.22260328859414"><ele>502.07929151598364</ele></trkpt><trkpt lat="34.88764480475229" lon="-83.2227758934656"><ele>491.0</ele></trkpt><trkpt lat="34.88783607530769" lon="-83.22322316963988"><ele>491.2620828449726</ele></trkpt><trkpt lat="34.88802438221114" lon="-83.22370803965119"><ele>479.5635174307972</ele></trkpt><trkpt lat="34.888026649947626" lon="-83.22426230024439"><ele>474.434676932171</ele></trkpt><trkpt lat="34.887780235976955" lon="-83.22470435238253"><ele>467.1626220503822</ele></trkpt><trkpt lat="34.88736344052766" lon="-83.2249258801767"><ele>462.9531692713499</ele></trkpt><trkpt lat="34.886936549746544" lon="-83.22512359801215"><ele>463.2487191837281</ele></trkpt><trkpt lat="34.8865109586566" lon="-83.22532539926922"><ele>462.7669889032841</ele></trkpt><trkpt lat="34.88611544655592" lon="-83.22560211227614"><ele>462.33590058986243</ele></trkpt><trkpt lat="34.885902422420365" lon="-83.22589645978766"><ele>462.0</ele></trkpt><trkpt lat="34.885726140021404" lon="-83.22626741248662"><ele>464.0</ele></trkpt><trkpt lat="34.885365788251455" lon="-83.22660170134503"><ele>463.0</ele></trkpt><trkpt lat="34.885076411068276" lon="-83.22702389225405"><ele>463.9969005555188</ele></trkpt><trkpt lat="34.88475661197469" lon="-83.22741677605063"><ele>462.8364054941311</ele></trkpt><trkpt lat="34.88467338398121" lon="-83.22791676796243"><ele>463.0</ele></trkpt><trkpt lat="34.885076226644586" lon="-83.22815105140964"><ele>464.0</ele></trkpt><trkpt lat="34.88536284465495" lon="-83.22856854146144"><ele>460.0176144254182</ele></trkpt><trkpt lat="34.88549327647464" lon="-83.22908883439912"><ele>463.0</ele></trkpt><trkpt lat="34.88584114970896" lon="-83.22943819110189"><ele>462.0</ele></trkpt><trkpt lat="34.88622573830882" lon="-83.229737252327"><ele>462.460341774904</ele></trkpt><trkpt lat="34.88660803822744" lon="-83.23003190302948"><ele>462.0</ele></trkpt><trkpt lat="34.88696071386269" lon="-83.2303788287423"><ele>463.0</ele></trkpt><trkpt lat="34.887253555010034" lon="-83.23080581417838"><ele>462.0</ele></trkpt><trkpt lat="34.88755454859786" lon="-83.23121909719572"><ele>464.0</ele></trkpt><trkpt lat="34.887613069265925" lon="-83.23175772293625"><ele>460.48899478026414</ele></trkpt><trkpt lat="34.88752702170767" lon="-83.23230238263388"><ele>462.0</ele></trkpt><trkpt lat="34.887123491759795" lon="-83.23255767216011"><ele>467.0382854724349</ele></trkpt><trkpt lat="34.88668167801899" lon="-83.23255"><ele>467.3994895880057</ele></trkpt><trkpt lat="34.88623001070502" lon="-83.23248081312543"><ele>467.24671572539955</ele></trkpt><trkpt lat="34.88586982111663" lon="-83.23215614937811"><ele>470.11628845799714</ele></trkpt><trkpt lat="34.88544374618071" lon="-83.23196381838352"><ele>469.0</ele></trkpt><trkpt lat="34.88502391961835" lon="-83.23180381452812"><ele>470.7267221333459</ele></trkpt><trkpt lat="34.8845993067515" lon="-83.23198415851269"><ele>471.0854211249882</ele></trkpt><trkpt lat="34.88429656986162" lon="-83.23239600226937"><ele>472.1904322022091</ele></trkpt><trkpt lat="34.88405759132107" lon="-83.23285253423312"><ele>470.60041874507516</ele></trkpt><trkpt lat="34.884151899819436" lon="-83.23339569945828"><ele>472.0</ele></trkpt><trkpt lat="34.88429519439502" lon="-83.23391688967965"><ele>476.56904985010624</ele></trkpt><trkpt lat="34.88419816288002" lon="-83.23437979545601"><ele>476.25429333001375</ele></trkpt><trkpt lat="34.88412101478394" lon="-83.23487535955257"><ele>479.94798875528284</ele></trkpt><trkpt lat="34.883766354608206" lon="-83.23493285526533"><ele>486.0</ele></trkpt><trkpt lat="34.88336634311222" lon="-83.23481774266583"><ele>497.0</ele></trkpt><trkpt lat="34.88315494323148" lon="-83.23529505676852"><ele>500.3157997434911</ele></trkpt><trkpt lat="34.88278222569601" lon="-83.2355190880669"><ele>498.6150604132563</ele></trkpt><trkpt lat="34.882347167280614" lon="-83.23548967190436"><ele>501.4222779840002</ele></trkpt><trkpt lat="34.881896606253584" lon="-83.23554407249571"><ele>498.00149691473325</ele></trkpt><trkpt lat="34.88152393457506" lon="-83.23585990944562"><ele>497.724018082954</ele></trkpt><trkpt lat="34.88127005945647" lon="-83.2363098959512"><ele>494.49216317497076</ele></trkpt><trkpt lat="34.8810909680064" lon="-83.23681188041277"><ele>488.53408277221024</ele></trkpt><trkpt lat="34.880981655723325" lon="-83.23735236892355"><ele>481.32407938688993</ele></trkpt><trkpt lat="34.88070618241607" lon="-83.23778381758393"><ele>472.61536413803697</ele></trkpt><trkpt lat="34.880272995146825" lon="-83.23791542452459"><ele>469.0</ele></trkpt><trkpt lat="34.879816449238845" lon="-83.23790291641748"><ele>468.0</ele></trkpt><trkpt lat="34.87945393249597" lon="-83.2381762958932"><ele>463.68616550837294</ele></trkpt><trkpt lat="34.879273389932855" lon="-83.23865677986572"><ele>457.2113744299859</ele></trkpt><trkpt lat="34.87940700263705" lon="-83.23906299736296"><ele>454.9988997080625</ele></trkpt><trkpt lat="34.87922718785167" lon="-83.23954061866995"><ele>454.0</ele></trkpt><trkpt lat="34.87925360467159" lon="-83.24009313926933"><ele>455.1550298091024</ele></trkpt><trkpt lat="34.8791022448438" lon="-83.24060979605193"><ele>456.0375981628604</ele></trkpt><trkpt lat="34.87877275150518" lon="-83.24098605023855"><ele>458.4580484125763</ele></trkpt><trkpt lat="34.87857171850269" lon="-83.24148484449194"><ele>453.4182484447956</ele></trkpt><trkpt lat="34.87844787884113" lon="-83.24201408955116"><ele>453.0</ele></trkpt><trkpt lat="34.87840046320714" lon="-83.24256353317739"><ele>454.0</ele></trkpt><trkpt lat="34.87813056185415" lon="-83.24300619907763"><ele>454.0</ele></trkpt><trkpt lat="34.877801658304335" lon="-83.24339162477739"><ele>453.0</ele></trkpt><trkpt lat="34.87742207440129" lon="-83.24368402389138"><ele>454.0388430044889</ele></trkpt><trkpt lat="34.87697995255688" lon="-83.24374086700368"><ele>454.0000195256992</ele></trkpt><trkpt lat="34.87656333911693" lon="-83.24352956974366"><ele>458.72359206110286</ele></trkpt><trkpt lat="34.876174626557706" lon="-83.24324965528406"><ele>458.0</ele></trkpt><trkpt lat="34.87586234742341" lon="-83.2428476431964"><ele>459.6838207951895</ele></trkpt><trkpt lat="34.87542141133397" lon="-83.24275033207859"><ele>460.4550716206296</ele></trkpt><trkpt lat="34.87498052272103" lon="-83.24261351734337"><ele>468.05106785614043</ele></trkpt><trkpt lat="34.8745375797259" lon="-83.24249014070773"><ele>474.46285878587514</ele></trkpt><trkpt lat="34.87409091549087" lon="-83.24248658802911"><ele>476.5496235201135</ele></trkpt><trkpt lat="34.873758577029314" lon="-83.24284169214579"><ele>480.09867482073605</ele></trkpt><trkpt lat="34.87344645732767" lon="-83.24298573959395"><ele>492.728746432811</ele></trkpt><trkpt lat="34.873137934268925" lon="-83.24280481118745"><ele>495.37989758607</ele></trkpt><trkpt lat="34.87271759857697" lon="-83.24295785968401"><ele>498.3814517343417</ele></trkpt><trkpt lat="34.872514016923034" lon="-83.2434480338461"><ele>502.30473919957876</ele></trkpt><trkpt lat="34.872273431931625" lon="-83.24374840660316"><ele>507.22646858382274</ele></trkpt><trkpt lat="34.87196252045146" lon="-83.24410383794128"><ele>509.9777160231024</ele></trkpt><trkpt lat="34.87200318106281" lon="-83.24461241311035"><ele>507.1782487464005</ele></trkpt><trkpt lat="34.87176976001842" lon="-83.24504240660988"><ele>503.66902960069</ele></trkpt><trkpt lat="34.87171507860908" lon="-83.24555507860906"><ele>499.0</ele></trkpt><trkpt lat="34.872038361851686" lon="-83.24593836185167"><ele>493.7043509058848</ele></trkpt><trkpt lat="34.87218828893904" lon="-83.24627171106096"><ele>490.80216911807656</ele></trkpt><trkpt lat="34.8721286370482" lon="-83.24676854718878"><ele>484.8966161319986</ele></trkpt><trkpt lat="34.872084966823635" lon="-83.24713527962089"><ele>481.0</ele></trkpt><trkpt lat="34.871710893447535" lon="-83.24690594043683"><ele>478.3465865662176</ele></trkpt><trkpt lat="34.871313941073595" lon="-83.2468384968616"><ele>474.9132166469232</ele></trkpt><trkpt lat="34.87092008643994" lon="-83.24657965524146"><ele>473.30038108769804</ele></trkpt><trkpt lat="34.87046821072368" lon="-83.24651353108702"><ele>468.29415788475046</ele></trkpt><trkpt lat="34.87001655298073" lon="-83.24656928323967"><ele>466.0</ele></trkpt><trkpt lat="34.86957099624827" lon="-83.24667467768438"><ele>465.7287478931248</ele></trkpt><trkpt lat="34.86915634570532" lon="-83.24689751232756"><ele>463.0</ele></trkpt><trkpt lat="34.868752424363045" lon="-83.24710757563696"><ele>461.0</ele></trkpt><trkpt lat="34.86852644729496" lon="-83.24744867210856"><ele>465.15919230039407</ele></trkpt><trkpt lat="34.86879415249741" lon="-83.24787740537901"><ele>468.78143115877447</ele></trkpt><trkpt lat="34.86851041468931" lon="-83.24829852310734"><ele>469.40542959142476</ele></trkpt><trkpt lat="34.868172887505" lon="-83.24866422498997"><ele>475.0</ele></trkpt><trkpt lat="34.86808" lon="-83.24919561864586"><ele>481.44225495122373</ele></trkpt><trkpt lat="34.86792301268592" lon="-83.24970686045481"><ele>486.5252589657903</ele></trkpt><trkpt lat="34.867722129475496" lon="-83.25019455706547"><ele>486.7938021504662</ele></trkpt><trkpt lat="34.867451199083206" lon="-83.25062716476154"><ele>491.9802708834727</ele></trkpt><trkpt lat="34.86736423912987" lon="-83.2511372826104"><ele>492.55160373264624</ele></trkpt><trkpt lat="34.86721451410896" lon="-83.25164194356415"><ele>493.06212242896765</ele></trkpt><trkpt lat="34.866935504204726" lon="-83.25207161573321"><ele>495.57259682280267</ele></trkpt><trkpt lat="34.86652199545203" lon="-83.25225933484931"><ele>500.9930243993346</ele></trkpt><trkpt lat="34.86609594272975" lon="-83.25244195395813"><ele>508.50330282654613</ele></trkpt><trkpt lat="34.8662577847281" lon="-83.25272556945617"><ele>516.0</ele></trkpt><trkpt lat="34.86651626155718" lon="-83.25318226331441"><ele>520.3784897532314</ele></trkpt><trkpt lat="34.86657107985404" lon="-83.25371924848012"><ele>523.264824995771</ele></trkpt><trkpt lat="34.86650452013293" lon="-83.2542698789003"><ele>526.0</ele></trkpt><trkpt lat="34.86641621544577" lon="-83.25481353662708"><ele>527.0</ele></trkpt><trkpt lat="34.86658643972108" lon="-83.25529365055414"><ele>531.0</ele></trkpt><trkpt lat="34.866721769612596" lon="-83.25578628473473"><ele>540.5486591753968</ele></trkpt><trkpt lat="34.866625368398026" lon="-83.25632997913617"><ele>549.5718237611354</ele></trkpt><trkpt lat="34.86650866666837" lon="-83.25686399999488"><ele>547.0</ele></trkpt><trkpt lat="34.86627954873146" lon="-83.2573435887854"><ele>545.0</ele></trkpt><trkpt lat="34.86596662304323" lon="-83.25773811735542"><ele>543.8702949942955</ele></trkpt><trkpt lat="34.86568058635804" lon="-83.25816934034721"><ele>539.8443629518151</ele></trkpt><trkpt lat="34.86547439907295" lon="-83.2586632030129"><ele>539.3141840047963</ele></trkpt><trkpt lat="34.865599638842" lon="-83.25918469505402"><ele>533.2621866241097</ele></trkpt><trkpt lat="34.865273138530114" lon="-83.25949484192479"><ele>522.7977801744247</ele></trkpt><trkpt lat="34.864839507134576" lon="-83.25965740212251"><ele>525.7057903221348</ele></trkpt><trkpt lat="34.86451881231941" lon="-83.26001542521671"><ele>518.4526449795812</ele></trkpt><trkpt lat="34.864608232589475" lon="-83.26041052389583"><ele>527.8988155874847</ele></trkpt><trkpt lat="34.86490692885581" lon="-83.26079370039811"><ele>535.787236476317</ele></trkpt><trkpt lat="34.865151626241804" lon="-83.2612184336645"><ele>528.516902141273</ele></trkpt><trkpt lat="34.865595075448454" lon="-83.26127507544847"><ele>541.4552941061556</ele></trkpt><trkpt lat="34.86595758089525" lon="-83.26155733950164"><ele>549.3877278212174</ele></trkpt><trkpt lat="34.86621770235517" lon="-83.26192648619386"><ele>553.5145416539162</ele></trkpt><trkpt lat="34.86637266338673" lon="-83.26234562795034"><ele>549.5571296490841</ele></trkpt><trkpt lat="34.86657115762848" lon="-83.26278864959619"><ele>562.0</ele></trkpt><trkpt lat="34.866545507644375" lon="-83.2633200788349"><ele>561.3304449134557</ele></trkpt><trkpt lat="34.866684031837714" lon="-83.26380485745229"><ele>571.8491756655276</ele></trkpt><trkpt lat="34.866776540483926" lon="-83.26433422712894"><ele>563.5946971122175</ele></trkpt><trkpt lat="34.86673529744911" lon="-83.26480310584432"><ele>577.9733343817414</ele></trkpt><trkpt lat="34.867098836159705" lon="-83.2651188361597"><ele>572.4938627315481</ele></trkpt><trkpt lat="34.86728467691038" lon="-83.26559046096713"><ele>573.92827508653</ele></trkpt><trkpt lat="34.867183820955255" lon="-83.26611883554216"><ele>572.4030537783226</ele></trkpt><trkpt lat="34.867125648732696" lon="-83.26666969622146"><ele>575.7653427105397</ele></trkpt><trkpt lat="34.86713197601604" lon="-83.26722383211228"><ele>588.6368910391839</ele></trkpt><trkpt lat="34.86728" lon="-83.26774469004683"><ele>594.9981612935662</ele></trkpt><trkpt lat="34.867284811554676" lon="-83.26829962310934"><ele>598.7248638048768</ele></trkpt><trkpt lat="34.86730418589436" lon="-83.26883158625995"><ele>596.3088677618653</ele></trkpt><trkpt lat="34.867048147583155" lon="-83.26923763358722"><ele>588.8012576610481</ele></trkpt><trkpt lat="34.86684707294351" lon="-83.26970691291713"><ele>597.6524289213878</ele></trkpt><trkpt lat="34.86704041274261" lon="-83.2701740489634"><ele>601.7576502971351</ele></trkpt><trkpt lat="34.86740144164457" lon="-83.27048593909409"><ele>609.514199889265</ele></trkpt><trkpt lat="34.86781806555114" lon="-83.27055378742064"><ele>593.1401132214814</ele></trkpt><trkpt lat="34.86826918103452" lon="-83.2704701328052"><ele>603.1879007760435</ele></trkpt><trkpt lat="34.86870673048077" lon="-83.27033122008716"><ele>614.0411811769009</ele></trkpt><trkpt lat="34.869077652926215" lon="-83.270457219084"><ele>628.1772768835516</ele></trkpt><trkpt lat="34.86915" lon="-83.27099146175523"><ele>628.0</ele></trkpt><trkpt lat="34.86899597785747" lon="-83.27150256943543"><ele>629.5291832890362</ele></trkpt><trkpt lat="34.86882879007734" lon="-83.27201332728731"><ele>630.0513570308685</ele></trkpt><trkpt lat="34.868570143218065" lon="-83.27245474936839"><ele>633.5499691171572</ele></trkpt><trkpt lat="34.86849795634451" lon="-83.27293455744793"><ele>638.0</ele></trkpt><trkpt lat="34.868874365904006" lon="-83.27310388863793"><ele>627.8561612926424</ele></trkpt><trkpt lat="34.86917496981239" lon="-83.27339854623366"><ele>627.3073802906493</ele></trkpt><trkpt lat="34.86921482947003" lon="-83.27393491133121"><ele>622.0980823393911</ele></trkpt><trkpt lat="34.86922278509624" lon="-83.27448619494955"><ele>616.056824132015</ele></trkpt><trkpt lat="34.86946886633285" lon="-83.27490659899857"><ele>625.1431478072622</ele></trkpt><trkpt lat="34.869868592411876" lon="-83.27493968761635"><ele>628.9736836450174</ele></trkpt><trkpt lat="34.87031092038873" lon="-83.27503381544172"><ele>634.3603582503274</ele></trkpt><trkpt lat="34.8705069819437" lon="-83.2754786385791"><ele>641.7918218085542</ele></trkpt><trkpt lat="34.870562734476216" lon="-83.27601843682524"><ele>638.1836819114462</ele></trkpt><trkpt lat="34.870655870156256" lon="-83.27654692216146"><ele>642.9064362903639</ele></trkpt><trkpt lat="34.870498124619154" lon="-83.27697180207548"><ele>654.0</ele></trkpt><trkpt lat="34.87034788067326" lon="-83.27748433809244"><ele>651.7385397478938</ele></trkpt><trkpt lat="34.870096981741085" lon="-83.2779337148915"><ele>650.0098297130316</ele></trkpt><trkpt lat="34.87001654581763" lon="-83.27847754893351"><ele>657.9161181627649</ele></trkpt><trkpt lat="34.869818068042854" lon="-83.2789275674314"><ele>660.166947722435</ele></trkpt><trkpt lat="34.86986760957831" lon="-83.27947884435245"><ele>660.0</ele></trkpt><trkpt lat="34.8698334534279" lon="-83.28003388179654"><ele>663.0155438680172</ele></trkpt><trkpt lat="34.86970400155384" lon="-83.28055395493851"><ele>669.8805649795636</ele></trkpt><trkpt lat="34.86963624432226" lon="-83.2811035386086"><ele>676.1929384354293</ele></trkpt><trkpt lat="34.869419637213085" lon="-83.28156315602091"><ele>677.3477989587689</ele></trkpt><trkpt lat="34.869478998995305" lon="-83.28203871299397"><ele>673.1703289889222</ele></trkpt><trkpt lat="34.869864453381695" lon="-83.2823296634933"><ele>667.6284787934273</ele></trkpt><trkpt lat="34.87023587270995" lon="-83.28258376255056"><ele>665.7866044351831</ele></trkpt><trkpt lat="34.870603533144966" lon="-83.28291235542996"><ele>661.3704806734386</ele></trkpt><trkpt lat="34.87089812546252" lon="-83.28332657992108"><ele>658.5167692378163</ele></trkpt><trkpt lat="34.87111132866369" lon="-83.28381181815698"><ele>655.8341779453687</ele></trkpt><trkpt lat="34.87139333697023" lon="-83.28424167666815"><ele>657.6462261490524</ele></trkpt><trkpt lat="34.87168449984864" lon="-83.28466185640765"><ele>661.1741691841494</ele></trkpt><trkpt lat="34.87185020008613" lon="-83.28517324302327"><ele>666.5975328944623</ele></trkpt><trkpt lat="34.87208561455972" lon="-83.28564976730603"><ele>673.9698948208243</ele></trkpt><trkpt lat="34.872413017999065" lon="-83.28601698984924"><ele>673.3542296430096</ele></trkpt><trkpt lat="34.872707416779626" lon="-83.28642128362702"><ele>671.961097062114</ele></trkpt><trkpt lat="34.872992613910775" lon="-83.28684790168143"><ele>667.4909745175391</ele></trkpt><trkpt lat="34.87328473651856" lon="-83.28727568382232"><ele>663.2012294667694</ele></trkpt><trkpt lat="34.87350939919391" lon="-83.28773670967804"><ele>668.8466364312917</ele></trkpt><trkpt lat="34.87377753196178" lon="-83.28818012784711"><ele>669.0778218284249</ele></trkpt><trkpt lat="34.87386701003077" lon="-83.28870955182565"><ele>673.1606023944914</ele></trkpt><trkpt lat="34.87408434036701" lon="-83.2891566042202"><ele>680.237821600615</ele></trkpt><trkpt lat="34.87453145919526" lon="-83.28926855553982"><ele>683.9287446439305</ele></trkpt><trkpt lat="34.87480330233518" lon="-83.28961297685467"><ele>685.0</ele></trkpt><trkpt lat="34.874572078973884" lon="-83.29002855571665"><ele>681.0</ele></trkpt><trkpt lat="34.87423079154247" lon="-83.29038100704794"><ele>679.0</ele></trkpt><trkpt lat="34.873868684593546" lon="-83.29070405598398"><ele>676.0</ele></trkpt><trkpt lat="34.87354628551951" lon="-83.29108287641122"><ele>668.0</ele></trkpt><trkpt lat="34.87335003600269" lon="-83.29156245949697"><ele>661.0</ele></trkpt><trkpt lat="34.873037526774674" lon="-83.29193024621921"><ele>657.0</ele></trkpt><trkpt lat="34.872965286581156" lon="-83.29247299393191"><ele>652.8536863755435</ele></trkpt><trkpt lat="34.87293143700541" lon="-83.29301580705959"><ele>653.0</ele></trkpt><trkpt lat="34.87274288746099" lon="-83.29350066880852"><ele>648.9847916078204</ele></trkpt><trkpt lat="34.87269354608308" lon="-83.29402773041537"><ele>646.5026995688677</ele></trkpt><trkpt lat="34.87285121044684" lon="-83.29453852268517"><ele>643.3001557913035</ele></trkpt><trkpt lat="34.87277373284061" lon="-83.29483862671594"><ele>630.7261691894382</ele></trkpt><trkpt lat="34.872341694323474" lon="-83.29470098092415"><ele>627.0</ele></trkpt><trkpt lat="34.872107118668545" lon="-83.29496991533993"><ele>635.2585482252762</ele></trkpt><trkpt lat="34.87236377160565" lon="-83.2954201728452"><ele>637.0</ele></trkpt><trkpt lat="34.87203475296912" lon="-83.29572007058024"><ele>642.3289451692253</ele></trkpt><trkpt lat="34.872055056656166" lon="-83.29620011331234"><ele>656.7659026812762</ele></trkpt><trkpt lat="34.87214847453204" lon="-83.29673389682347"><ele>653.7614872336698</ele></trkpt><trkpt lat="34.87224163449334" lon="-83.29725815068105"><ele>652.9255431912306</ele></trkpt><trkpt lat="34.87191928294239" lon="-83.29733934108577"><ele>654.67127826522</ele></trkpt><trkpt lat="34.87149238281331" lon="-83.2975122607417"><ele>668.7090973640127</ele></trkpt><trkpt lat="34.87134" lon="-83.29801837515706"><ele>682.5823018128807</ele></trkpt><trkpt lat="34.87141370529258" lon="-83.29853972103055"><ele>682.0364147555293</ele></trkpt><trkpt lat="34.87096794248696" lon="-83.29852586232927"><ele>692.8309058761224</ele></trkpt><trkpt lat="34.87052803768274" lon="-83.29842700942069"><ele>699.221162418943</ele></trkpt><trkpt lat="34.87012692197658" lon="-83.2985430780234"><ele>710.0</ele></trkpt><trkpt lat="34.86990787561679" lon="-83.29900779862214"><ele>712.2682000752538</ele></trkpt><trkpt lat="34.86986383259476" lon="-83.29956046258012"><ele>713.7664663959295</ele></trkpt><trkpt lat="34.869817882136935" lon="-83.3001105893153"><ele>715.0</ele></trkpt><trkpt lat="34.86993817803156" lon="-83.30057489168239"><ele>710.3392168553546</ele></trkpt><trkpt lat="34.87030498753158" lon="-83.30090643103819"><ele>721.0</ele></trkpt><trkpt lat="34.87049313181743" lon="-83.30140820037624"><ele>729.0078588062897</ele></trkpt><trkpt lat="34.87051740519739" lon="-83.3019459480261"><ele>739.0</ele></trkpt><trkpt lat="34.870474580619515" lon="-83.30248671564743"><ele>748.4583221711218</ele></trkpt><trkpt lat="34.87034418717401" lon="-83.30302014337906"><ele>750.0</ele></trkpt><trkpt lat="34.87033560797421" lon="-83.30356429234817"><ele>746.0</ele></trkpt><trkpt lat="34.870458541902295" lon="-83.30409027934859"><ele>753.0</ele></trkpt><trkpt lat="34.870464259476464" lon="-83.304639265341"><ele>760.0</ele></trkpt><trkpt lat="34.87051565273109" lon="-83.30518695819326"><ele>753.3175872488026</ele></trkpt><trkpt lat="34.87065943929736" lon="-83.3057122781556"><ele>750.0</ele></trkpt><trkpt lat="34.87072553692792" lon="-83.30625570457664"><ele>751.0</ele></trkpt><trkpt lat="34.87068418456691" lon="-83.30679915275545"><ele>749.0975111878709</ele></trkpt><trkpt lat="34.87057512048353" lon="-83.30731985541975"><ele>752.1690461677589</ele></trkpt><trkpt lat="34.87060699054298" lon="-83.3078396446003"><ele>761.2182483885895</ele></trkpt><trkpt lat="34.8706272574645" lon="-83.30837451492899"><ele>768.1307491958141</ele></trkpt><trkpt lat="34.87090888945181" lon="-83.3088078639407"><ele>779.1281933989376</ele></trkpt><trkpt lat="34.87104227831998" lon="-83.30930736105158"><ele>793.4394970016721</ele></trkpt><trkpt lat="34.870992354031856" lon="-83.309856478223"><ele>803.0</ele></trkpt><trkpt lat="34.8708478664039" lon="-83.31036222902188"><ele>808.0</ele></trkpt><trkpt lat="34.870771707585284" lon="-83.31088945034784"><ele>811.1189251782744</ele></trkpt><trkpt lat="34.87074522927013" lon="-83.31140548170617"><ele>817.0</ele></trkpt><trkpt lat="34.87060454255735" lon="-83.31184011834429"><ele>825.817912437953</ele></trkpt><trkpt lat="34.87060973238646" lon="-83.31238545056988"><ele>832.0628830770253</ele></trkpt><trkpt lat="34.87038870913333" lon="-83.31286838782223"><ele>837.1764659661262</ele></trkpt><trkpt lat="34.86996305674115" lon="-83.31304008583898"><ele>836.0</ele></trkpt><trkpt lat="34.869616826658515" lon="-83.31334760412012"><ele>828.0</ele></trkpt><trkpt lat="34.86940342137927" lon="-83.3138211344397"><ele>825.0</ele></trkpt><trkpt lat="34.86918240387756" lon="-83.31429169466836"><ele>819.0600931216031</ele></trkpt><trkpt lat="34.86901041016629" lon="-83.31479343733932"><ele>811.290592553094</ele></trkpt><trkpt lat="34.86902764430796" lon="-83.31534577231827"><ele>814.0</ele></trkpt><trkpt lat="34.869019771906764" lon="-83.31587163484211"><ele>817.0</ele></trkpt><trkpt lat="34.86873825356279" lon="-83.31629404092008"><ele>809.7737665856257</ele></trkpt><trkpt lat="34.8684110571031" lon="-83.31667742069014"><ele>802.0</ele></trkpt><trkpt lat="34.86814236951987" lon="-83.31712644086092"><ele>801.0</ele></trkpt><trkpt lat="34.867819985318334" lon="-83.317506017618"><ele>799.2915586745366</ele></trkpt><trkpt lat="34.86758076030066" lon="-83.3179503126513"><ele>796.0</ele></trkpt><trkpt lat="34.86728561130219" lon="-83.31833544198528"><ele>795.0</ele></trkpt><trkpt lat="34.866982076888604" lon="-83.31874860583389"><ele>798.0</ele></trkpt><trkpt lat="34.86666629852971" lon="-83.31911160196037"><ele>792.5425879805395</ele></trkpt><trkpt lat="34.86631486136608" lon="-83.3194489208029"><ele>792.0</ele></trkpt><trkpt lat="34.865876703920236" lon="-83.31958232664451"><ele>804.3323952666284</ele></trkpt><trkpt lat="34.86570345492148" lon="-83.31983235562831"><ele>813.12365045771</ele></trkpt><trkpt lat="34.86597" lon="-83.32021546749206"><ele>815.8028296950679</ele></trkpt><trkpt lat="34.86615224316505" lon="-83.32070772384327"><ele>825.8419663402431</ele></trkpt><trkpt lat="34.86651165031873" lon="-83.32100269402889"><ele>826.5450434930401</ele></trkpt><trkpt lat="34.86693030364918" lon="-83.32120048583866"><ele>824.0</ele></trkpt><trkpt lat="34.86665102064647" lon="-83.32147299311782"><ele>817.302066674012</ele></trkpt><trkpt lat="34.86635227956044" lon="-83.32185386021976"><ele>810.4622539565577</ele></trkpt><trkpt lat="34.86594450824743" lon="-83.32201035247422"><ele>802.3743397323415</ele></trkpt><trkpt lat="34.865656277281175" lon="-83.32226372271882"><ele>802.5664305062965</ele></trkpt><trkpt lat="34.865231507798505" lon="-83.32240929636069"><ele>797.2103452677951</ele></trkpt><trkpt lat="34.86489181877046" lon="-83.32271686827261"><ele>792.1971510890871</ele></trkpt><trkpt lat="34.86463771760042" lon="-83.32310298839855"><ele>803.0354135374889</ele></trkpt><trkpt lat="34.86439633008134" lon="-83.32344571842822"><ele>805.307006589137</ele></trkpt><trkpt lat="34.864759049863466" lon="-83.32365928739762"><ele>798.1865493878722</ele></trkpt><trkpt lat="34.86494881521287" lon="-83.32414982609905"><ele>790.408149221912</ele></trkpt><trkpt lat="34.865159666842914" lon="-83.32460866737166"><ele>780.2840889813378</ele></trkpt><trkpt lat="34.86483754462641" lon="-83.32498425171322"><ele>774.9475722229108</ele></trkpt><trkpt lat="34.86504574951432" lon="-83.32543533203821"><ele>765.8048201650381</ele></trkpt><trkpt lat="34.865007189290225" lon="-83.3257088757161"><ele>773.9893361283466</ele></trkpt><trkpt lat="34.86518223424613" lon="-83.3260828504124"><ele>769.7952047496855</ele></trkpt><trkpt lat="34.865451019287576" lon="-83.3262188787837"><ele>761.7572017554194</ele></trkpt><trkpt lat="34.86585643264792" lon="-83.32598428404191"><ele>753.824294378981</ele></trkpt><trkpt lat="34.86630848644853" lon="-83.32595000000003"><ele>748.2265422241762</ele></trkpt><trkpt lat="34.86670293244034" lon="-83.3261758648807"><ele>743.7756244800985</ele></trkpt><trkpt lat="34.86700868657351" lon="-83.32656549917648"><ele>736.0</ele></trkpt><trkpt lat="34.86717338226887" lon="-83.32692695190224"><ele>731.7558007929474</ele></trkpt><trkpt lat="34.867470330049954" lon="-83.3272848417853"><ele>726.4346782164648</ele></trkpt><trkpt lat="34.867839100709276" lon="-83.32759360054038"><ele>731.0648757433519</ele></trkpt><trkpt lat="34.867991680345135" lon="-83.32800305798364"><ele>732.0</ele></trkpt><trkpt lat="34.867593971876566" lon="-83.32823492392805"><ele>738.0</ele></trkpt><trkpt lat="34.86763" lon="-83.32869871511288"><ele>741.4055114458477</ele></trkpt><trkpt lat="34.867349047659516" lon="-83.32909201902982"><ele>745.0262828763405</ele></trkpt><trkpt lat="34.86690524979713" lon="-83.32910127081641"><ele>747.0864065596834</ele></trkpt><trkpt lat="34.86650182031658" lon="-83.32920543746738"><ele>761.9526655175184</ele></trkpt><trkpt lat="34.86667378898177" lon="-83.32959794958205"><ele>755.7666852911934</ele></trkpt><trkpt lat="34.86628770747032" lon="-83.3297734387945"><ele>760.572229489454</ele></trkpt><trkpt lat="34.86618245563795" lon="-83.33022318259853"><ele>776.7098180158064</ele></trkpt><trkpt lat="34.86658808626905" lon="-83.33042842127992"><ele>775.0</ele></trkpt><trkpt lat="34.866718594115945" lon="-83.33093360582629"><ele>769.9453684967222</ele></trkpt><trkpt lat="34.86702929850424" lon="-83.33131275315577"><ele>762.6484585469656</ele></trkpt><trkpt lat="34.86745910380208" lon="-83.33119925063093"><ele>767.0</ele></trkpt><trkpt lat="34.86786649437755" lon="-83.33096717977624"><ele>767.0301865243727</ele></trkpt><trkpt lat="34.86830861676112" lon="-83.33102950598612"><ele>761.051321381703</ele></trkpt><trkpt lat="34.86873630530601" lon="-83.33117728244898"><ele>758.118571728239</ele></trkpt><trkpt lat="34.86915276850437" lon="-83.33134430787392"><ele>759.3804900795221</ele></trkpt><trkpt lat="34.86933266480715" lon="-83.33086014959443"><ele>760.6178670836637</ele></trkpt><trkpt lat="34.86971479930568" lon="-83.33060596925746"><ele>760.2104364493862</ele></trkpt><trkpt lat="34.870154885501364" lon="-83.33070040250064"><ele>758.8838342857076</ele></trkpt><trkpt lat="34.87055059246925" lon="-83.3309619364022"><ele>754.7997077722102</ele></trkpt><trkpt lat="34.87086194226856" lon="-83.33129228350711"><ele>765.628520066787</ele></trkpt><trkpt lat="34.87126929724994" lon="-83.33133161691302"><ele>761.0280682742596</ele></trkpt><trkpt lat="34.87170758223836" lon="-83.33146505482559"><ele>773.124260671559</ele></trkpt><trkpt lat="34.872138640055944" lon="-83.33161999999999"><ele>776.4676942210644</ele></trkpt><trkpt lat="34.87254342384465" lon="-83.33180903974107"><ele>774.0248338505626</ele></trkpt><trkpt lat="34.872735609100665" lon="-83.33227342774705"><ele>765.1796427809735</ele></trkpt><trkpt lat="34.873143623693856" lon="-83.33203264034015"><ele>766.6981278806925</ele></trkpt><trkpt lat="34.87345471035954" lon="-83.33162587843542"><ele>761.9328450533083</ele></trkpt><trkpt lat="34.87378576923295" lon="-83.33147215384847"><ele>757.4542621616274</ele></trkpt><trkpt lat="34.87382514667041" lon="-83.33198426664794"><ele>749.5562495719641</ele></trkpt><trkpt lat="34.873624705868124" lon="-83.33241647052115"><ele>747.6034155189991</ele></trkpt><trkpt lat="34.873717863736395" lon="-83.33294136263606"><ele>740.3116145413369</ele></trkpt><trkpt lat="34.87375388727419" lon="-83.33345898843109"><ele>740.0</ele></trkpt><trkpt lat="34.87408211797289" lon="-83.33381907713613"><ele>733.0</ele></trkpt><trkpt lat="34.87426450076545" lon="-83.33427101377804"><ele>725.2563523690412</ele></trkpt><trkpt lat="34.87400150967018" lon="-83.33457452827409"><ele>716.8413084652275</ele></trkpt><trkpt lat="34.87369608857689" lon="-83.33484088576895"><ele>730.1203960897401</ele></trkpt><trkpt lat="34.87408949003911" lon="-83.3350790103581"><ele>727.7358878911751</ele></trkpt><trkpt lat="34.874514554844644" lon="-83.33506159421295"><ele>721.8576094862074</ele></trkpt><trkpt lat="34.87493618933263" lon="-83.33511618933261"><ele>723.0419981037365</ele></trkpt><trkpt lat="34.875268558934785" lon="-83.33539457642607"><ele>720.0</ele></trkpt><trkpt lat="34.87562927000135" lon="-83.33512613749943"><ele>717.9013757945326</ele></trkpt><trkpt lat="34.87601638283845" lon="-83.33529212744378"><ele>716.7431205902249</ele></trkpt><trkpt lat="34.87631225734101" lon="-83.33562108590202"><ele>710.9956060055115</ele></trkpt><trkpt lat="34.87672132056348" lon="-83.33576501045385"><ele>706.0</ele></trkpt><trkpt lat="34.87708534129132" lon="-83.3360362514015"><ele>698.0138058014039</ele></trkpt><trkpt lat="34.876832406100796" lon="-83.33644620063973"><ele>695.2384224880416</ele></trkpt><trkpt lat="34.87671249068352" lon="-83.33694446514772"><ele>689.6844684017952</ele></trkpt><trkpt lat="34.876889747749246" lon="-83.33731529726593"><ele>686.2278456613565</ele></trkpt><trkpt lat="34.87667400278441" lon="-83.33775708888406"><ele>677.2019832548697</ele></trkpt><trkpt lat="34.87659612438305" lon="-83.33807999999999"><ele>667.4744853340089</ele></trkpt><trkpt lat="34.8766536616777" lon="-83.33837089221483"><ele>657.4584598075598</ele></trkpt><trkpt lat="34.876580399600094" lon="-83.3388715950678"><ele>655.2966833151877</ele></trkpt><trkpt lat="34.876749280825045" lon="-83.33928928082508"><ele>665.7852972727059</ele></trkpt><trkpt lat="34.877166708132506" lon="-83.33945879164843"><ele>674.3848999077454</ele></trkpt><trkpt lat="34.877551269883824" lon="-83.33974582226986"><ele>684.6222185141179</ele></trkpt><trkpt lat="34.8779385732192" lon="-83.33997531364112"><ele>693.8535322910175</ele></trkpt><trkpt lat="34.8783760261564" lon="-83.33982387395773"><ele>698.7959315152839</ele></trkpt><trkpt lat="34.878792620194595" lon="-83.34003708764739"><ele>710.732409642078</ele></trkpt><trkpt lat="34.8790012637052" lon="-83.34031592036851"><ele>715.0</ele></trkpt><trkpt lat="34.87862705313427" lon="-83.34060257074637"><ele>728.0</ele></trkpt><trkpt lat="34.87844664506589" lon="-83.3411006480234"><ele>727.0932703331102</ele></trkpt><trkpt lat="34.878321262706585" lon="-83.34162591316436"><ele>730.8194883555683</ele></trkpt><trkpt lat="34.87802804282671" lon="-83.34203958458214"><ele>731.0</ele></trkpt><trkpt lat="34.87796348415951" lon="-83.34256355199382"><ele>736.0636485619058</ele></trkpt><trkpt lat="34.878099105515496" lon="-83.343087614708"><ele>739.0</ele></trkpt><trkpt lat="34.878349247338626" lon="-83.34353147237567"><ele>726.0917935552868</ele></trkpt><trkpt lat="34.87844371823834" lon="-83.3440706698187"><ele>716.0</ele></trkpt><trkpt lat="34.87839452576491" lon="-83.34462408514474"><ele>707.322570004292</ele></trkpt><trkpt lat="34.87831794981601" lon="-83.34517181762752"><ele>699.9978324677795</ele></trkpt><trkpt lat="34.878151650428975" lon="-83.3456865956085"><ele>681.9814365878701</ele></trkpt><trkpt lat="34.87801702035915" lon="-83.34621546986148"><ele>683.6658900203183</ele></trkpt><trkpt lat="34.87821520420908" lon="-83.34666969797375"><ele>689.834454334341</ele></trkpt><trkpt lat="34.87846816983064" lon="-83.34713057709071"><ele>690.832289382832</ele></trkpt><trkpt lat="34.87860465193502" lon="-83.34764709115704"><ele>674.3265891559422</ele></trkpt><trkpt lat="34.87870890938327" lon="-83.3479994806587"><ele>682.9590841498687</ele></trkpt><trkpt lat="34.87916041618677" lon="-83.34793298612712"><ele>674.7079493878409</ele></trkpt><trkpt lat="34.879548940124195" lon="-83.34818960589732"><ele>660.4450299454828</ele></trkpt><trkpt lat="34.8798336737203" lon="-83.34854523799766"><ele>657.481909211725</ele></trkpt><trkpt lat="34.88028373579823" lon="-83.34848819286647"><ele>653.1889390448828</ele></trkpt><trkpt lat="34.88056712753853" lon="-83.34886176944075"><ele>649.2250877823681</ele></trkpt><trkpt lat="34.88063789917039" lon="-83.34940588257821"><ele>652.2045903466642</ele></trkpt><trkpt lat="34.880953890694585" lon="-83.34971900975079"><ele>642.0</ele></trkpt><trkpt lat="34.8810134782465" lon="-83.35027010851964"><ele>635.9174588856374</ele></trkpt><trkpt lat="34.88105869754453" lon="-83.35082404491415"><ele>633.1672337464138</ele></trkpt><trkpt lat="34.881145422129016" lon="-83.35137051638021"><ele>625.4639187026769</ele></trkpt><trkpt lat="34.88123337769305" lon="-83.35191676672525"><ele>599.375646257773</ele></trkpt><trkpt lat="34.88155362991653" lon="-83.35212683268779"><ele>585.182118691504</ele></trkpt><trkpt lat="34.881800937729025" lon="-83.3516623516482"><ele>581.0</ele></trkpt><trkpt lat="34.882117316663326" lon="-83.35126137162565"><ele>579.0</ele></trkpt><trkpt lat="34.88249155990962" lon="-83.35124493586639"><ele>586.0559942685068</ele></trkpt><trkpt lat="34.882871676406694" lon="-83.35150324434755"><ele>591.7253530085936</ele></trkpt><trkpt lat="34.88313958037623" lon="-83.35195235421119"><ele>605.1053088868453</ele></trkpt><trkpt lat="34.88351494700856" lon="-83.35225635060988"><ele>618.1913376487792</ele></trkpt><trkpt lat="34.88376688157818" lon="-83.35265562449398"><ele>629.599989229143</ele></trkpt><trkpt lat="34.88396" lon="-83.35221882636469"><ele>617.0834429953247</ele></trkpt><trkpt lat="34.88391042353293" lon="-83.35166775296405"><ele>620.0</ele></trkpt><trkpt lat="34.88382624633114" lon="-83.3511206011524"><ele>628.6656709304079</ele></trkpt><trkpt lat="34.88372505302917" lon="-83.35057933459234"><ele>627.1782898306847</ele></trkpt><trkpt lat="34.883708588683675" lon="-83.3500564717092"><ele>639.2429239843041</ele></trkpt><trkpt lat="34.88396145999813" lon="-83.34963588668472"><ele>645.0688673919067</ele></trkpt><trkpt lat="34.88416995566593" lon="-83.34920002955603"><ele>649.7564529664814</ele></trkpt><trkpt lat="34.88427" lon="-83.3486962718347"><ele>632.5165453387523</ele></trkpt><trkpt lat="34.88411764580684" lon="-83.34818095824181"><ele>630.4821700118482</ele></trkpt><trkpt lat="34.8843072461816" lon="-83.34776999999997"><ele>637.2537360247225</ele></trkpt><trkpt lat="34.88436621775096" lon="-83.34734297514717"><ele>617.8154754266143</ele></trkpt><trkpt lat="34.884286020914715" lon="-83.3468320418294"><ele>616.0766069165339</ele></trkpt><trkpt lat="34.88443868989922" lon="-83.34638229267637"><ele>623.1617205161601</ele></trkpt><trkpt lat="34.88434773494347" lon="-83.34587651803707"><ele>610.5539845451713</ele></trkpt><trkpt lat="34.884669182082696" lon="-83.3456089343287"><ele>609.7985709011555</ele></trkpt><trkpt lat="34.88506678463036" lon="-83.34573929221784"><ele>604.5951584167778</ele></trkpt><trkpt lat="34.88526004881979" lon="-83.34572357038587"><ele>593.4563885104493</ele></trkpt><trkpt lat="34.88529022997214" lon="-83.34518068991642"><ele>586.0993552207947</ele></trkpt><trkpt lat="34.885332399123236" lon="-83.34471640131511"><ele>592.4950987361372</ele></trkpt><trkpt lat="34.885679672735186" lon="-83.34457513388108"><ele>584.0</ele></trkpt><trkpt lat="34.885887889349696" lon="-83.34415120885888"><ele>579.5356453154236</ele></trkpt><trkpt lat="34.88597892843107" lon="-83.34365222178553"><ele>574.2573720721218</ele></trkpt><trkpt lat="34.88573167285118" lon="-83.34319431225546"><ele>575.0</ele></trkpt><trkpt lat="34.88562625721937" lon="-83.34279336239521"><ele>583.1550215506995</ele></trkpt><trkpt lat="34.88538545111908" lon="-83.34232035041246"><ele>581.5091278422624</ele></trkpt><trkpt lat="34.885409785650566" lon="-83.34180619757271"><ele>588.9806135191033</ele></trkpt><trkpt lat="34.88564582919886" lon="-83.34134604270031"><ele>593.3019475024194</ele></trkpt><trkpt lat="34.88605082313249" lon="-83.34120027437748"><ele>597.9408402517438</ele></trkpt><trkpt lat="34.8863073232166" lon="-83.34155110106357"><ele>596.0826398172379</ele></trkpt><trkpt lat="34.886442054501806" lon="-83.34199202244191"><ele>599.3009108202532</ele></trkpt><trkpt lat="34.88687854610542" lon="-83.34209092987149"><ele>598.1116555780172</ele></trkpt><trkpt lat="34.88720950436806" lon="-83.34238512390797"><ele>598.1588305309415</ele></trkpt><trkpt lat="34.88741055733094" lon="-83.3419153312029"><ele>590.5624099355191</ele></trkpt><trkpt lat="34.887845280901814" lon="-83.34188928988857"><ele>594.7524551467507</ele></trkpt><trkpt lat="34.88820123477702" lon="-83.34221861901666"><ele>596.7090049873952</ele></trkpt><trkpt lat="34.8884783500926" lon="-83.34261463780093"><ele>596.9668497781466</ele></trkpt><trkpt lat="34.888730483653724" lon="-83.3430649075548"><ele>590.2136679992791</ele></trkpt><trkpt lat="34.88904035125628" lon="-83.34292987926474"><ele>587.2453841732766</ele></trkpt><trkpt lat="34.88941439980421" lon="-83.34287431977809"><ele>599.5465938607231</ele></trkpt><trkpt lat="34.88971427144841" lon="-83.34327536925213"><ele>602.1994531098753</ele></trkpt><trkpt lat="34.89003121468805" lon="-83.34365055500052"><ele>600.1321937879547</ele></trkpt><trkpt lat="34.890200034801296" lon="-83.34408986079481"><ele>596.3761591544913</ele></trkpt><trkpt lat="34.8898816992923" lon="-83.3444204902123"><ele>601.1189034767449</ele></trkpt><trkpt lat="34.89011238917299" lon="-83.34465732376458"><ele>605.0510188341141</ele></trkpt><trkpt lat="34.89054320464954" lon="-83.34449312454828"><ele>598.1249346967038</ele></trkpt><trkpt lat="34.890988865073744" lon="-83.34446772761768"><ele>596.320855583662</ele></trkpt><trkpt lat="34.891207047676914" lon="-83.3448704767691"><ele>594.7382129095495</ele></trkpt><trkpt lat="34.89121825758285" lon="-83.34531128791426"><ele>592.1013020947576</ele></trkpt><trkpt lat="34.89112532408239" lon="-83.34582583348302"><ele>593.5693550168164</ele></trkpt><trkpt lat="34.8910269360946" lon="-83.34634548875673"><ele>601.9431240521371</ele></trkpt><trkpt lat="34.89117019461952" lon="-83.34686352175245"><ele>595.8320845309645</ele></trkpt><trkpt lat="34.891224461724335" lon="-83.34741302632254"><ele>595.0</ele></trkpt><trkpt lat="34.891502476874656" lon="-83.3477949537493"><ele>595.2751743393019</ele></trkpt><trkpt lat="34.8915759972256" lon="-83.34829624479801"><ele>597.0</ele></trkpt><trkpt lat="34.891949205135425" lon="-83.34852900641927"><ele>599.0</ele></trkpt><trkpt lat="34.89196142355617" lon="-83.3490376118034"><ele>621.1872370829806</ele></trkpt><trkpt lat="34.89207642376476" lon="-83.34955400788138"><ele>626.5958393448964</ele></trkpt><trkpt lat="34.89198424077371" lon="-83.35009424077374"><ele>627.580394057557</ele></trkpt><trkpt lat="34.89234168589027" lon="-83.34986146012191"><ele>626.4236443007992</ele></trkpt><trkpt lat="34.892774374733655" lon="-83.34978287494674"><ele>638.9190168958157</ele></trkpt><trkpt lat="34.89321615340026" lon="-83.3498638166538"><ele>636.6911738477647</ele></trkpt><trkpt lat="34.89357494541877" lon="-83.35009954763558"><ele>637.1353706261873</ele></trkpt><trkpt lat="34.893741459851654" lon="-83.35061545358637"><ele>641.5319675896931</ele></trkpt><trkpt lat="34.89378433436927" lon="-83.35116558048452"><ele>646.5522227580916</ele></trkpt><trkpt lat="34.8937396703665" lon="-83.3516935793568"><ele>649.9642963400111</ele></trkpt><trkpt lat="34.89396453278964" lon="-83.35213179918445"><ele>662.4509763121605</ele></trkpt><trkpt lat="34.8942482100541" lon="-83.35253677019836"><ele>666.9859578415595</ele></trkpt><trkpt lat="34.894133478606996" lon="-83.35297174328397"><ele>669.9959189221263</ele></trkpt><trkpt lat="34.894134101838276" lon="-83.35351769448516"><ele>665.403677741997</ele></trkpt><trkpt lat="34.89413588181759" lon="-83.35390346384361"><ele>677.3126834497873</ele></trkpt><trkpt lat="34.89444064999509" lon="-83.35425032200061"><ele>681.1054172413424</ele></trkpt><trkpt lat="34.894829240889706" lon="-83.35443003289153"><ele>687.9656357896619</ele></trkpt><trkpt lat="34.894929435539105" lon="-83.35496907316056"><ele>688.2393254563212</ele></trkpt><trkpt lat="34.895085434689506" lon="-83.35548560856532"><ele>697.6856660880148</ele></trkpt><trkpt lat="34.89545687102102" lon="-83.3557918097147"><ele>711.9556739293039</ele></trkpt><trkpt lat="34.8956808343523" lon="-83.35625436148258"><ele>707.2329590768361</ele></trkpt><trkpt lat="34.89600125450174" lon="-83.3565997132699"><ele>723.4011159307208</ele></trkpt><trkpt lat="34.8963711218645" lon="-83.3568818445765"><ele>730.7549803853035</ele></trkpt><trkpt lat="34.896666281881366" lon="-83.35728663598793"><ele>738.8295141425535</ele></trkpt><trkpt lat="34.89691098772066" lon="-83.35775296316196"><ele>744.6474496554583</ele></trkpt><trkpt lat="34.897039163418086" lon="-83.35828539879947"><ele>745.0602541213927</ele></trkpt><trkpt lat="34.89704278839141" lon="-83.35883889601897"><ele>753.1584338285029</ele></trkpt><trkpt lat="34.8970209787714" lon="-83.3593950413293"><ele>754.3976740986109</ele></trkpt><trkpt lat="34.89696889068174" lon="-83.35994812962201"><ele>746.6542207347229</ele></trkpt><trkpt lat="34.896841238441375" lon="-83.36048111436062"><ele>760.1037625279278</ele></trkpt><trkpt lat="34.896707982151995" lon="-83.36101204759467"><ele>770.4187511634082</ele></trkpt><trkpt lat="34.89663039163902" lon="-83.36155451705368"><ele>774.8968698847773</ele></trkpt><trkpt lat="34.89675076771837" lon="-83.36207853813214"><ele>786.9846907424272</ele></trkpt><trkpt lat="34.89693733107332" lon="-83.3625573310733"><ele>794.2518216678873</ele></trkpt><trkpt lat="34.8970366103449" lon="-83.3630757193962"><ele>797.5094754695892</ele></trkpt><trkpt lat="34.89691361703138" lon="-83.36359331912467"><ele>804.0</ele></trkpt><trkpt lat="34.89660994998742" lon="-83.364005896891"><ele>805.7526009101421</ele></trkpt><trkpt lat="34.89637286416143" lon="-83.36442108020175"><ele>817.1331948846102</ele></trkpt><trkpt lat="34.89677165669214" lon="-83.36465186507073"><ele>821.0</ele></trkpt><trkpt lat="34.897102156844205" lon="-83.36490921577897"><ele>816.8156763164509</ele></trkpt><trkpt lat="34.896730906848816" lon="-83.3650530310504"><ele>814.0</ele></trkpt><trkpt lat="34.89650488048839" lon="-83.36538672039961"><ele>809.8336217636243</ele></trkpt><trkpt lat="34.89691602694175" lon="-83.36559334830096"><ele>797.8341968601419</ele></trkpt><trkpt lat="34.897301132264886" lon="-83.36587183548946"><ele>783.4791007060558</ele></trkpt><trkpt lat="34.897686930264356" lon="-83.36608970594287"><ele>775.7448443323374</ele></trkpt><trkpt lat="34.898029489059354" lon="-83.3664192457579"><ele>775.0</ele></trkpt><trkpt lat="34.898275103305174" lon="-83.36688864187212"><ele>773.0144338225833</ele></trkpt><trkpt lat="34.89858030172871" lon="-83.36729238218969"><ele>768.9838338317489</ele></trkpt><trkpt lat="34.89866837247331" lon="-83.36782803301945"><ele>770.0</ele></trkpt><trkpt lat="34.89879448639552" lon="-83.36834102720896"><ele>770.0</ele></trkpt><trkpt lat="34.89895889196562" lon="-83.36877335179366"><ele>775.7002774563855</ele></trkpt><trkpt lat="34.89892679665877" lon="-83.3693137883057"><ele>776.7681329585612</ele></trkpt><trkpt lat="34.89918278924928" lon="-83.36952716595606"><ele>788.9609673790449</ele></trkpt><trkpt lat="34.89926440094047" lon="-83.36902213129568"><ele>795.6104628033936</ele></trkpt><trkpt lat="34.89968038411267" lon="-83.36893978660407"><ele>811.6958079179749</ele></trkpt><trkpt lat="34.9000683754236" lon="-83.36896999999999"><ele>821.0790393516339</ele></trkpt><trkpt lat="34.90047626883723" lon="-83.36880373116273"><ele>825.3551647868007</ele></trkpt><trkpt lat="34.900715662021305" lon="-83.36833281358834"><ele>820.9507290190086</ele></trkpt><trkpt lat="34.90101913907282" lon="-83.36791874172192"><ele>823.7865309361368</ele></trkpt><trkpt lat="34.90142299393773" lon="-83.36792757056256"><ele>833.6617161543423</ele></trkpt><trkpt lat="34.90184077904564" lon="-83.36789306514521"><ele>831.3903318783268</ele></trkpt><trkpt lat="34.90208693069995" lon="-83.36747768976667"><ele>836.2577717356787</ele></trkpt><trkpt lat="34.902458755368635" lon="-83.36769751073727"><ele>848.0</ele></trkpt><trkpt lat="34.902795344454255" lon="-83.36805267222712"><ele>857.7065629530698</ele></trkpt><trkpt lat="34.90322819551127" lon="-83.36811974591109"><ele>861.1221914941746</ele></trkpt><trkpt lat="34.90368228134077" lon="-83.36813309167472"><ele>869.1010993737727</ele></trkpt><trkpt lat="34.90405658427245" lon="-83.3682904887616"><ele>869.8245326075703</ele></trkpt><trkpt lat="34.90438507515212" lon="-83.36813025110344"><ele>872.9374383147806</ele></trkpt><trkpt lat="34.90472160545217" lon="-83.36847160545216"><ele>881.9780264857776</ele></trkpt><trkpt lat="34.905036630884176" lon="-83.36835060398506"><ele>877.080334957689</ele></trkpt><trkpt lat="34.90509940764085" lon="-83.36780686864871"><ele>878.6477101519704</ele></trkpt><trkpt lat="34.90520746021823" lon="-83.36727370869414"><ele>881.7987560313098</ele></trkpt><trkpt lat="34.905583815644675" lon="-83.36700033838723"><ele>884.3109699878842</ele></trkpt><trkpt lat="34.90600271200305" lon="-83.3668149427019"><ele>881.0</ele></trkpt><trkpt lat="34.9064510533078" lon="-83.36676850888462"><ele>885.7819487017248</ele></trkpt><trkpt lat="34.906884825452465" lon="-83.3669305535166"><ele>884.8986614159093</ele></trkpt><trkpt lat="34.907313863159494" lon="-83.3670603421013"><ele>878.0548618901437</ele></trkpt><trkpt lat="34.90749386816333" lon="-83.36654922564412"><ele>879.0</ele></trkpt><trkpt lat="34.90765521973058" lon="-83.36602829058413"><ele>883.0</ele></trkpt><trkpt lat="34.90783019078015" lon="-83.36551452304963"><ele>891.9330434985459</ele></trkpt><trkpt lat="34.90798835677106" lon="-83.36500640595995"><ele>896.0</ele></trkpt><trkpt lat="34.9081339432833" lon="-83.36451337611629"><ele>899.0</ele></trkpt><trkpt lat="34.908262191599995" lon="-83.36398521000007"><ele>897.8735551915966</ele></trkpt><trkpt lat="34.9084521507898" lon="-83.36350489441597"><ele>900.0723762180494</ele></trkpt><trkpt lat="34.90833757695154" lon="-83.3631378847577"><ele>896.3572315042838</ele></trkpt><trkpt lat="34.90811665546984" lon="-83.36266027351141"><ele>896.0608800044283</ele></trkpt><trkpt lat="34.9082240677196" lon="-83.3621966952618"><ele>899.6592205613852</ele></trkpt><trkpt lat="34.908219560657386" lon="-83.36165241638437"><ele>888.9581160377711</ele></trkpt><trkpt lat="34.90802428359394" lon="-83.36115605605605"><ele>893.7289164407184</ele></trkpt><trkpt lat="34.90795225191583" lon="-83.3606152914487"><ele>895.8264096435958</ele></trkpt><trkpt lat="34.90804814279529" lon="-83.36010619068234"><ele>893.212276850186</ele></trkpt><trkpt lat="34.90793571522215" lon="-83.35957152711828"><ele>888.8276191297919</ele></trkpt><trkpt lat="34.90783561619158" lon="-83.35904690139466"><ele>883.5762202721705</ele></trkpt><trkpt lat="34.90772436431069" lon="-83.35853836183819"><ele>887.6421909692438</ele></trkpt><trkpt lat="34.90782" lon="-83.35805133880667"><ele>886.0591389147837</ele></trkpt><trkpt lat="34.90774902248865" lon="-83.35750791953984"><ele>888.2712060913645</ele></trkpt><trkpt lat="34.90794500056786" lon="-83.35745500034075"><ele>894.0</ele></trkpt><trkpt lat="34.90807457342239" lon="-83.35702324454178"><ele>885.2477363367051</ele></trkpt><trkpt lat="34.90817530624717" lon="-83.3565046937528"><ele>882.6216807737947</ele></trkpt><trkpt lat="34.90847017266485" lon="-83.35608982733514"><ele>880.875449908523</ele></trkpt><trkpt lat="34.90885683021765" lon="-83.35585649289374"><ele>875.0</ele></trkpt><trkpt lat="34.90928446620188" lon="-83.35571993682936"><ele>886.4188625458808</ele></trkpt><trkpt lat="34.909734092176905" lon="-83.35567000000003"><ele>889.2866119356565</ele></trkpt><trkpt lat="34.910190685584446" lon="-83.35566961911978"><ele>892.2431774337307</ele></trkpt><trkpt lat="34.91054110264932" lon="-83.35534252855851"><ele>885.01765447855</ele></trkpt><trkpt lat="34.910618926804915" lon="-83.35480785360981"><ele>882.3126098550856</ele></trkpt><trkpt lat="34.910728961993115" lon="-83.3545097923986"><ele>891.4474657292742</ele></trkpt><trkpt lat="34.911174359507136" lon="-83.3544222906338"><ele>901.0</ele></trkpt><trkpt lat="34.91159282960693" lon="-83.3543010639937"><ele>906.0</ele></trkpt><trkpt lat="34.91184709036223" lon="-83.35387754593303"><ele>910.3373266160534</ele></trkpt><trkpt lat="34.9122686671575" lon="-83.35373834668631"><ele>917.0509788136817</ele></trkpt><trkpt lat="34.912694956732594" lon="-83.35357503090529"><ele>925.3537063756958</ele></trkpt><trkpt lat="34.912652357812064" lon="-83.3533163367643"><ele>935.9258356103517</ele></trkpt><trkpt lat="34.91243491683957" lon="-83.35285546777322"><ele>939.5168495196849</ele></trkpt><trkpt lat="34.91277621937822" lon="-83.35291040373748"><ele>947.2992794068915</ele></trkpt><trkpt lat="34.91322482262264" lon="-83.35298017823463"><ele>950.0758501086384</ele></trkpt><trkpt lat="34.91355611586255" lon="-83.35277929182325"><ele>959.5708840598732</ele></trkpt><trkpt lat="34.91318811408783" lon="-83.35248175443559"><ele>968.0980216266216</ele></trkpt><trkpt lat="34.91300255890167" lon="-83.35203744109833"><ele>974.7792548282257</ele></trkpt><trkpt lat="34.91342571576227" lon="-83.35218476141259"><ele>980.1197009764267</ele></trkpt><trkpt lat="34.91387072486695" lon="-83.35220097717328"><ele>984.389251534827</ele></trkpt><trkpt lat="34.913853965407945" lon="-83.35196226594742"><ele>994.5140009736642</ele></trkpt><trkpt lat="34.91366743231771" lon="-83.35153312939696"><ele>1002.0</ele></trkpt><trkpt lat="34.914094662262954" lon="-83.35151100495415"><ele>1011.0</ele></trkpt><trkpt lat="34.91447484610319" lon="-83.35123535909257"><ele>1016.0</ele></trkpt><trkpt lat="34.914773721011" lon="-83.35088000000002"><ele>1021.0</ele></trkpt><trkpt lat="34.91508730294222" lon="-83.35059711617632"><ele>1029.0347626912326</ele></trkpt><trkpt lat="34.91528383680823" lon="-83.3501640797943"><ele>1038.6084707884636</ele></trkpt><trkpt lat="34.91551" lon="-83.34980437054256"><ele>1044.0</ele></trkpt><trkpt lat="34.915531075511936" lon="-83.34926302712086"><ele>1052.0</ele></trkpt><trkpt lat="34.91543108539899" lon="-83.34872985536937"><ele>1053.0</ele></trkpt><trkpt lat="34.915441774336564" lon="-83.34822096755124"><ele>1055.4041074309498</ele></trkpt><trkpt lat="34.91554362604859" lon="-83.34778494326723"><ele>1054.652820400499</ele></trkpt><trkpt lat="34.915559598047984" lon="-83.34724136663682"><ele>1046.8995478954166</ele></trkpt><trkpt lat="34.9157642660502" lon="-83.34679564218408"><ele>1041.267507435754</ele></trkpt><trkpt lat="34.91601050631113" lon="-83.34637879172524"><ele>1031.2727231327444</ele></trkpt><trkpt lat="34.916428067907034" lon="-83.3461978784463"><ele>1022.1539293462411</ele></trkpt><trkpt lat="34.916877254434496" lon="-83.34609752826464"><ele>1017.8305867724121</ele></trkpt><trkpt lat="34.9173295236869" lon="-83.34602534314988"><ele>1010.5018175588921</ele></trkpt><trkpt lat="34.917782960202246" lon="-83.34597175259856"><ele>1009.6921576531604</ele></trkpt><trkpt lat="34.91817670545076" lon="-83.34571164727461"><ele>1007.1574571207166</ele></trkpt><trkpt lat="34.918441762366825" lon="-83.34526647526636"><ele>1001.0928051937371</ele></trkpt><trkpt lat="34.918731701901685" lon="-83.34484839648917"><ele>1001.6138805728406</ele></trkpt><trkpt lat="34.919003805914706" lon="-83.34441176876207"><ele>1002.0583504788513</ele></trkpt><trkpt lat="34.91912987862331" lon="-83.34387984435315"><ele>993.983121747151</ele></trkpt><trkpt lat="34.91918104808711" lon="-83.34333186541666"><ele>999.0</ele></trkpt><trkpt lat="34.91901584508779" lon="-83.3428126559902"><ele>997.9732826486714</ele></trkpt><trkpt lat="34.91903193442176" lon="-83.3422719370914"><ele>995.6659427341074</ele></trkpt><trkpt lat="34.91924942440434" lon="-83.3419427632494"><ele>994.1886003073305</ele></trkpt><trkpt lat="34.91946417431857" lon="-83.34146111809521"><ele>991.0</ele></trkpt><trkpt lat="34.919836868610936" lon="-83.34115780400212"><ele>992.0</ele></trkpt><trkpt lat="34.920273735134614" lon="-83.34109586697994"><ele>994.0</ele></trkpt><trkpt lat="34.920716118294166" lon="-83.3412260461636"><ele>996.8827163199255</ele></trkpt><trkpt lat="34.921136843045986" lon="-83.34142860922415"><ele>999.4179846299812</ele></trkpt><trkpt lat="34.92158212494394" lon="-83.34152557501125"><ele>1005.0</ele></trkpt><trkpt lat="34.92201016104773" lon="-83.34137658104866"><ele>1008.1573266526684</ele></trkpt><trkpt lat="34.92242662807703" lon="-83.34130970740485"><ele>1002.040788966231</ele></trkpt><trkpt lat="34.92288013253921" lon="-83.34128399895738"><ele>996.8426884766668</ele></trkpt><trkpt lat="34.92319431520352" lon="-83.3416587692781"><ele>989.9706595670432</ele></trkpt><trkpt lat="34.92335852345947" lon="-83.34215392117508"><ele>982.0</ele></trkpt><trkpt lat="34.923630428654235" lon="-83.34245826524699"><ele>980.0</ele></trkpt><trkpt lat="34.924001173291046" lon="-83.34216936506871"><ele>984.0923811167323</ele></trkpt><trkpt lat="34.92433262996377" lon="-83.34182330730452"><ele>992.7130450042683</ele></trkpt><trkpt lat="34.92475655544245" lon="-83.34173476734922"><ele>999.0</ele></trkpt><trkpt lat="34.92513181671981" lon="-83.34195063913353"><ele>1006.1421391151401</ele></trkpt><trkpt lat="34.925402783924504" lon="-83.34238766387975"><ele>1011.0</ele></trkpt><trkpt lat="34.9258383685979" lon="-83.34248894259983"><ele>1016.9980410360674</ele></trkpt><trkpt lat="34.92627998233718" lon="-83.34260647837112"><ele>1025.0</ele></trkpt><trkpt lat="34.92668229488267" lon="-83.34279333636015"><ele>1033.0</ele></trkpt><trkpt lat="34.927068410265186" lon="-83.34303938856351"><ele>1039.6497734384611</ele></trkpt><trkpt lat="34.92742871022578" lon="-83.34294596733068"><ele>1036.2960284324363</ele></trkpt><trkpt lat="34.92762684499677" lon="-83.3425178600387"><ele>1036.6315660132095</ele></trkpt><trkpt lat="34.92776188926262" lon="-83.34201279033405"><ele>1046.6525396946818</ele></trkpt><trkpt lat="34.92816132417381" lon="-83.34174299371905"><ele>1056.0</ele></trkpt><trkpt lat="34.928577070352894" lon="-83.34151646956695"><ele>1061.6694059990798</ele></trkpt><trkpt lat="34.929030653372344" lon="-83.34145593799816"><ele>1068.8556285491213</ele></trkpt><trkpt lat="34.92947461093143" lon="-83.34136815494253"><ele>1074.7646416453645</ele></trkpt><trkpt lat="34.929930200507" lon="-83.34135702184727"><ele>1076.245801800862</ele></trkpt><trkpt lat="34.93038004654684" lon="-83.34133919400357"><ele>1082.829928131774</ele></trkpt><trkpt lat="34.930817000874434" lon="-83.34132674948945"><ele>1085.8350076731294</ele></trkpt><trkpt lat="34.93121367268901" lon="-83.34110275682109"><ele>1081.9174164358171</ele></trkpt><trkpt lat="34.93155302348258" lon="-83.34075284311652"><ele>1078.013665208906</ele></trkpt><trkpt lat="34.931954832461685" lon="-83.3405616996174"><ele>1076.0</ele></trkpt><trkpt lat="34.93235786915537" lon="-83.34045653156154"><ele>1077.0</ele></trkpt><trkpt lat="34.93276190432494" lon="-83.34067909228412"><ele>1072.0</ele></trkpt><trkpt lat="34.932908097934586" lon="-83.3411662351204"><ele>1067.4625672642142</ele></trkpt><trkpt lat="34.933079450061506" lon="-83.34120809249563"><ele>1060.9468956778735</ele></trkpt><trkpt lat="34.93334367152316" lon="-83.3408306702303"><ele>1057.0</ele></trkpt><trkpt lat="34.9337614719331" lon="-83.34061306888455"><ele>1057.8698846858924</ele></trkpt><trkpt lat="34.93418043257184" lon="-83.34044516321636"><ele>1060.38269549713</ele></trkpt><trkpt lat="34.93461824882044" lon="-83.34028915599417"><ele>1060.4796460336074</ele></trkpt><trkpt lat="34.93500118171827" lon="-83.34001145282224"><ele>1048.5377402016893</ele></trkpt><trkpt lat="34.935316442766215" lon="-83.33962272876278"><ele>1042.510757916607</ele></trkpt><trkpt lat="34.93554847382508" lon="-83.33916394130554"><ele>1034.279233995825</ele></trkpt><trkpt lat="34.93595999403053" lon="-83.33899989671734"><ele>1034.3958089016378</ele></trkpt><trkpt lat="34.93635730055769" lon="-83.33875172559317"><ele>1027.8301962483674</ele></trkpt><trkpt lat="34.9366605484935" lon="-83.33835409390979"><ele>1019.6484197494219</ele></trkpt><trkpt lat="34.93706819662135" lon="-83.33810800491841"><ele>1015.0</ele></trkpt><trkpt lat="34.9372566981968" lon="-83.33767776154883"><ele>1009.0</ele></trkpt><trkpt lat="34.937289056793986" lon="-83.33712653376149"><ele>1004.020698372933</ele></trkpt><trkpt lat="34.93731390809053" lon="-83.33660483613346"><ele>997.0</ele></trkpt><trkpt lat="34.93746118041817" lon="-83.33623485587694"><ele>993.0</ele></trkpt><trkpt lat="34.9378435983887" lon="-83.33594312293602"><ele>987.9398255897686</ele></trkpt><trkpt lat="34.93819235230437" lon="-83.33563350239089"><ele>980.0</ele></trkpt><trkpt lat="34.938418918111225" lon="-83.33514983691174"><ele>982.0</ele></trkpt><trkpt lat="34.93877698106732" lon="-83.33485344200653"><ele>988.0</ele></trkpt><trkpt lat="34.93917300077492" lon="-83.33457643363766"><ele>994.8339371796147</ele></trkpt><trkpt lat="34.93960429763241" lon="-83.3344190964689"><ele>1000.0</ele></trkpt><trkpt lat="34.940045871469735" lon="-83.33431316253296"><ele>1001.0218348372728</ele></trkpt><trkpt lat="34.940502041860015" lon="-83.3343389835014"><ele>1005.7040831036866</ele></trkpt><trkpt lat="34.940953723487006" lon="-83.33431056733912"><ele>1013.0805528457201</ele></trkpt><trkpt lat="34.94081156419554" lon="-83.3339147298829"><ele>1022.5901421466842</ele></trkpt><trkpt lat="34.94055557163924" lon="-83.33345627899229"><ele>1029.0</ele></trkpt><trkpt lat="34.94022609356895" lon="-83.33307054856851"><ele>1026.0546820116526</ele></trkpt><trkpt lat="34.94012" lon="-83.33253969895884"><ele>1025.0</ele></trkpt><trkpt lat="34.939763567563524" lon="-83.33220784653619"><ele>1025.8633284242824</ele></trkpt><trkpt lat="34.93941243744012" lon="-83.33185561866179"><ele>1023.9735484777763</ele></trkpt><trkpt lat="34.93907279461614" lon="-83.33148901098147"><ele>1020.0</ele></trkpt><trkpt lat="34.93878559807637" lon="-83.33106659331355"><ele>1023.0</ele></trkpt><trkpt lat="34.938653537393535" lon="-83.33056041354422"><ele>1018.0</ele></trkpt><trkpt lat="34.93879650680607" lon="-83.33003251211493"><ele>1023.0384014366203</ele></trkpt><trkpt lat="34.93900397024102" lon="-83.3295370681036"><ele>1029.0</ele></trkpt><trkpt lat="34.93923394131242" lon="-83.32910602099822"><ele>1029.0</ele></trkpt><trkpt lat="34.93940374687947" lon="-83.32872039199262"><ele>1034.0</ele></trkpt><trkpt lat="34.939826460011865" lon="-83.32852049014843"><ele>1040.9895318579609</ele></trkpt><trkpt lat="34.94026934227855" lon="-83.32842513652585"><ele>1046.4237352116033</ele></trkpt><trkpt lat="34.94071246893886" lon="-83.32829051576576"><ele>1046.7433194494288</ele></trkpt><trkpt lat="34.94115995665763" lon="-83.32817990718425"><ele>1045.8522508600727</ele></trkpt><trkpt lat="34.94160822850787" lon="-83.3280736159208"><ele>1047.80578276515</ele></trkpt><trkpt lat="34.942044293744274" lon="-83.32791273784031"><ele>1048.3032447276637</ele></trkpt><trkpt lat="34.94247471288776" lon="-83.32772661064313"><ele>1046.977400811389</ele></trkpt><trkpt lat="34.94291748456349" lon="-83.32759062967158"><ele>1048.8576115977216</ele></trkpt><trkpt lat="34.943341702949176" lon="-83.32740724368003"><ele>1048.8609800431877</ele></trkpt><trkpt lat="34.943703049101444" lon="-83.32706772609109"><ele>1048.724985306828</ele></trkpt><trkpt lat="34.9439123364626" lon="-83.3265889718366"><ele>1048.0</ele></trkpt><trkpt lat="34.94388434564473" lon="-83.32605098284668"><ele>1046.7560691377148</ele></trkpt><trkpt lat="34.94360215458952" lon="-83.32561832235412"><ele>1042.6668097903796</ele></trkpt><trkpt lat="34.94319337985296" lon="-83.32539048134404"><ele>1036.1510829245672</ele></trkpt><trkpt lat="34.94279701154931" lon="-83.32513090316904"><ele>1036.034551102664</ele></trkpt><trkpt lat="34.94257" lon="-83.32465750841604"><ele>1034.5432743136776</ele></trkpt><trkpt lat="34.942685590403315" lon="-83.32414855988115"><ele>1030.9934471413687</ele></trkpt><trkpt lat="34.9430752589025" lon="-83.32385807972722"><ele>1032.0863836398348</ele></trkpt><trkpt lat="34.94349713317047" lon="-83.32365249284899"><ele>1027.8450514832512</ele></trkpt><trkpt lat="34.94393084645993" lon="-83.32347811327901"><ele>1026.1513900524005</ele></trkpt><trkpt lat="34.94429617731096" lon="-83.32317987011552"><ele>1023.3564935269515</ele></trkpt><trkpt lat="34.9444544454598" lon="-83.32267332267207"><ele>1018.4112409055233</ele></trkpt><trkpt lat="34.944507148342616" lon="-83.32211994240251"><ele>1023.4148885440081</ele></trkpt><trkpt lat="34.94454258994684" lon="-83.3215662592558"><ele>1020.3999021537602</ele></trkpt><trkpt lat="34.94449040593874" lon="-83.32101381097198"><ele>1022.3667558766901</ele></trkpt><trkpt lat="34.94436817748669" lon="-83.32047806829488"><ele>1025.5319295097142</ele></trkpt><trkpt lat="34.94419594542985" lon="-83.31996213356103"><ele>1027.1078886855394</ele></trkpt><trkpt lat="34.94402635277917" lon="-83.31944487597647"><ele>1028.0493298963959</ele></trkpt><trkpt lat="34.94394398089544" lon="-83.31892009552281"><ele>1034.0</ele></trkpt><trkpt lat="34.944141436259535" lon="-83.31842036415817"><ele>1041.7461531632039</ele></trkpt><trkpt lat="34.944405935663376" lon="-83.31796622367233"><ele>1046.0</ele></trkpt><trkpt lat="34.94467622867917" lon="-83.31752045371816"><ele>1048.4962910262632</ele></trkpt><trkpt lat="34.94509564342898" lon="-83.3173512540953"><ele>1049.525559690458</ele></trkpt><trkpt lat="34.945526093657335" lon="-83.31732486007542"><ele>1055.0</ele></trkpt><trkpt lat="34.94550324352415" lon="-83.31706993264312"><ele>1063.1334532734627</ele></trkpt><trkpt lat="34.94577652209778" lon="-83.3169042034963"><ele>1073.1754756617374</ele></trkpt><trkpt lat="34.945793523758965" lon="-83.31655823011238"><ele>1089.4616578528658</ele></trkpt><trkpt lat="34.945809977104155" lon="-83.31627735207867"><ele>1105.2078445255756</ele></trkpt><trkpt lat="34.946261525824745" lon="-83.31621582791632"><ele>1113.0</ele></trkpt><trkpt lat="34.94670503825507" lon="-83.31633037114096"><ele>1118.0</ele></trkpt><trkpt lat="34.94715879688174" lon="-83.31639308574789"><ele>1123.447232913233</ele></trkpt><trkpt lat="34.947612555524316" lon="-83.31645580035702"><ele>1129.3440648103228</ele></trkpt><trkpt lat="34.948055584806525" lon="-83.31640496312761"><ele>1135.735426703971</ele></trkpt><trkpt lat="34.948357984096816" lon="-83.31603758912891"><ele>1140.8693660350855</ele></trkpt><trkpt lat="34.94857222687858" lon="-83.3155499161854"><ele>1148.0</ele></trkpt><trkpt lat="34.948603107727806" lon="-83.31499406089948"><ele>1151.0</ele></trkpt><trkpt lat="34.948584607358015" lon="-83.31443832508624"><ele>1152.0</ele></trkpt><trkpt lat="34.948503277489785" lon="-83.313890638761"><ele>1154.9528645858156</ele></trkpt><trkpt lat="34.94841396684264" lon="-83.31334426774313"><ele>1158.7074485644698</ele></trkpt><trkpt lat="34.94842085413062" lon="-83.31279530228159"><ele>1163.0990349724889</ele></trkpt><trkpt lat="34.94862219858473" lon="-83.31229957446129"><ele>1173.0935410000384</ele></trkpt><trkpt lat="34.9489694944339" lon="-83.31210977019724"><ele>1182.2250841930509</ele></trkpt><trkpt lat="34.94899014241859" lon="-83.31257964395357"><ele>1196.0</ele></trkpt><trkpt lat="34.94910430590588" lon="-83.31293220006667"><ele>1205.0</ele></trkpt><trkpt lat="34.949414624525204" lon="-83.31329718050281"><ele>1212.2632456092583</ele></trkpt><trkpt lat="34.949688839838764" lon="-83.31307866678483"><ele>1219.3789378916845</ele></trkpt><trkpt lat="34.95012729047072" lon="-83.31323443214092"><ele>1225.0</ele></trkpt><trkpt lat="34.95057414804265" lon="-83.31333601644917"><ele>1222.3723015207797</ele></trkpt><trkpt lat="34.95098988505876" lon="-83.31312448275793"><ele>1217.5141169941053</ele></trkpt><trkpt lat="34.95141007635896" lon="-83.3129063065059"><ele>1214.4049246003851</ele></trkpt><trkpt lat="34.95178208801981" lon="-83.31258740152987"><ele>1209.0</ele></trkpt><trkpt lat="34.952127229540416" lon="-83.31269627942962"><ele>1198.7234219787642</ele></trkpt><trkpt lat="34.95208044665557" lon="-83.31214378946521"><ele>1191.0</ele></trkpt><trkpt lat="34.95222" lon="-83.3118401015988"><ele>1179.9624029976212</ele></trkpt><trkpt lat="34.951920031081784" lon="-83.31150364342767"><ele>1175.9562698310342</ele></trkpt><trkpt lat="34.951498553112856" lon="-83.31168396731513"><ele>1167.4364344484188</ele></trkpt><trkpt lat="34.951241087499966" lon="-83.31175984090916"><ele>1159.4128477389795</ele></trkpt><trkpt lat="34.95150288740649" lon="-83.31130397435315"><ele>1155.8979293156153</ele></trkpt><trkpt lat="34.95186218710582" lon="-83.31098138669408"><ele>1154.4885027248652</ele></trkpt><trkpt lat="34.95231825030094" lon="-83.31100989064382"><ele>1148.2707512294874</ele></trkpt><trkpt lat="34.95275817230307" lon="-83.31086083496066"><ele>1143.0</ele></trkpt><trkpt lat="34.95316876194667" lon="-83.31061853436593"><ele>1139.0</ele></trkpt><trkpt lat="34.95358414096538" lon="-83.31039609856899"><ele>1138.2077969707916</ele></trkpt><trkpt lat="34.95403324585575" lon="-83.31046203172332"><ele>1143.210365401581</ele></trkpt><trkpt lat="34.954487374556166" lon="-83.31052062897496"><ele>1143.0</ele></trkpt><trkpt lat="34.954890000000006" lon="-83.31035034511446"><ele>1146.0</ele></trkpt><trkpt lat="34.955277506900494" lon="-83.31031950138009"><ele>1153.0</ele></trkpt><trkpt lat="34.95572252049266" lon="-83.31043454690386"><ele>1159.0</ele></trkpt><trkpt lat="34.95616578965861" lon="-83.31051240600976"><ele>1165.217482484877</ele></trkpt><trkpt lat="34.95602176459329" lon="-83.31017936635992"><ele>1172.8114130632848</ele></trkpt><trkpt lat="34.955858265191885" lon="-83.3096768666236"><ele>1179.982660368085</ele></trkpt><trkpt lat="34.9559673129563" lon="-83.30913806113111"><ele>1185.4010221951935</ele></trkpt><trkpt lat="34.95627051121005" lon="-83.30912242233916"><ele>1197.423671875149</ele></trkpt><trkpt lat="34.95662908142839" lon="-83.30945631030066"><ele>1201.894185759636</ele></trkpt><trkpt lat="34.95706690262166" lon="-83.3093505162297"><ele>1207.0</ele></trkpt><trkpt lat="34.95752145864343" lon="-83.30933809724289"><ele>1210.944237574935</ele></trkpt><trkpt lat="34.95797468669157" lon="-83.30932675021558"><ele>1215.6454908742928</ele></trkpt><trkpt lat="34.958331896808126" lon="-83.30903546972998"><ele>1218.3911570707742</ele></trkpt><trkpt lat="34.95841701961171" lon="-83.30848942045269"><ele>1222.7579613763362</ele></trkpt><trkpt lat="34.95858140979182" lon="-83.30797214621155"><ele>1226.1725114826113</ele></trkpt><trkpt lat="34.958801951130816" lon="-83.307503911248"><ele>1229.0</ele></trkpt><trkpt lat="34.95910206477873" lon="-83.30709103913473"><ele>1234.3763585229144</ele></trkpt><trkpt lat="34.9595092854105" lon="-83.3068478573656"><ele>1234.9978273333982</ele></trkpt><trkpt lat="34.95994206018544" lon="-83.30667117592579"><ele>1238.0462187204944</ele></trkpt><trkpt lat="34.96030309756779" lon="-83.30635281782921"><ele>1245.0683418633416</ele></trkpt><trkpt lat="34.960655070735754" lon="-83.3060025264569"><ele>1250.1004383171353</ele></trkpt><trkpt lat="34.96102303450909" lon="-83.30568696549093"><ele>1256.4305445970967</ele></trkpt><trkpt lat="34.961419522092385" lon="-83.30541622125764"><ele>1257.7169057130814</ele></trkpt><trkpt lat="34.961867069640604" lon="-83.30532714700149"><ele>1263.9558279100847</ele></trkpt><trkpt lat="34.962315508857884" lon="-83.30525071861348"><ele>1272.4298879625276</ele></trkpt><trkpt lat="34.962765170523426" lon="-83.30519324389857"><ele>1274.8450404582545</ele></trkpt><trkpt lat="34.963220750582366" lon="-83.3052168056634"><ele>1282.010345986113</ele></trkpt><trkpt lat="34.96366003817139" lon="-83.30536051622286"><ele>1289.7422014809765</ele></trkpt><trkpt lat="34.964100734299635" lon="-83.30540440352368"><ele>1296.2676520338282</ele></trkpt><trkpt lat="34.96453194679156" lon="-83.30522174469056"><ele>1303.0</ele></trkpt><trkpt lat="34.9643271259572" lon="-83.3049243110642"><ele>1310.641582290642</ele></trkpt><trkpt lat="34.9646834182702" lon="-83.30462891858757"><ele>1318.072735278843</ele></trkpt><trkpt lat="34.96480047820691" lon="-83.30412079701154"><ele>1323.5213973168284</ele></trkpt><trkpt lat="34.964409547341766" lon="-83.30435999999997"><ele>1331.7078361780057</ele></trkpt><trkpt lat="34.964438074474" lon="-83.30389669392613"><ele>1338.0693971658816</ele></trkpt><trkpt lat="34.96411114143762" lon="-83.30396867584088"><ele>1344.0</ele></trkpt><trkpt lat="34.96367859821495" lon="-83.30384289732241"><ele>1349.0391154326499</ele></trkpt><trkpt lat="34.96402671750042" lon="-83.30360177659054"><ele>1355.7993892813101</ele></trkpt><trkpt lat="34.96403432547705" lon="-83.30340798608304"><ele>1362.027851338708</ele></trkpt><trkpt lat="34.964082289161475" lon="-83.30315008030027"><ele>1368.571143631654</ele></trkpt><trkpt lat="34.96377416184439" lon="-83.30309239256232"><ele>1376.8870912607845</ele></trkpt><trkpt lat="34.96332865475927" lon="-83.30305360614967"><ele>1382.8617377979201</ele></trkpt><trkpt lat="34.963182985711164" lon="-83.3026659419653"><ele>1390.0</ele></trkpt><trkpt lat="34.96359304681625" lon="-83.30245483002889"><ele>1397.0</ele></trkpt><trkpt lat="34.96390048747736" lon="-83.30204902504528"><ele>1404.0</ele></trkpt><trkpt lat="34.96404426786238" lon="-83.30153863855406"><ele>1412.6982018490144</ele></trkpt><trkpt lat="34.964426702426564" lon="-83.30123410732699"><ele>1414.0</ele></trkpt><trkpt lat="34.964760417251554" lon="-83.30086034011151"><ele>1415.0</ele></trkpt><trkpt lat="34.96510140912062" lon="-83.30049027269581"><ele>1420.5754558798012</ele></trkpt><trkpt lat="34.96538497843834" lon="-83.30006755390416"><ele>1427.982870995067</ele></trkpt><trkpt lat="34.96580827216411" lon="-83.29996844801175"><ele>1423.0</ele></trkpt><trkpt lat="34.96626479508356" lon="-83.29995855802413"><ele>1415.0</ele></trkpt><trkpt lat="34.96672135013634" lon="-83.29994654341748"><ele>1408.0</ele></trkpt><trkpt lat="34.967177905189715" lon="-83.29993452881081"><ele>1404.2620528540324</ele></trkpt><trkpt lat="34.96763446024368" lon="-83.2999225142041"><ele>1400.0</ele></trkpt><trkpt lat="34.96809104770142" lon="-83.29992744428249"><ele>1397.0</ele></trkpt><trkpt lat="34.968547643734695" lon="-83.2999368586337"><ele>1393.0</ele></trkpt><trkpt lat="34.96900369557652" lon="-83.29991693456203"><ele>1386.0010929353775</ele></trkpt><trkpt lat="34.969459474900546" lon="-83.29988231836508"><ele>1378.0</ele></trkpt><trkpt lat="34.96985960651892" lon="-83.29985763911347"><ele>1370.0</ele></trkpt><trkpt lat="34.96971989604721" lon="-83.30037553871246"><ele>1363.0</ele></trkpt><trkpt lat="34.969414210179906" lon="-83.30077578982011"><ele>1355.976685048081</ele></trkpt><trkpt lat="34.9694630036695" lon="-83.30102427021873"><ele>1348.0</ele></trkpt><trkpt lat="34.96990209435895" lon="-83.30098544303895"><ele>1343.0813920541314</ele></trkpt><trkpt lat="34.970335237733956" lon="-83.3008501584893"><ele>1335.3889380970354</ele></trkpt><trkpt lat="34.97009603532038" lon="-83.30122588281795"><ele>1330.0</ele></trkpt><trkpt lat="34.9703095441764" lon="-83.30131358023777"><ele>1321.203403938627</ele></trkpt><trkpt lat="34.970413103479274" lon="-83.30159379304145"><ele>1309.0</ele></trkpt><trkpt lat="34.970051285885376" lon="-83.30188742822924"><ele>1300.1705803154036</ele></trkpt><trkpt lat="34.97044990807417" lon="-83.30203496716933"><ele>1294.0</ele></trkpt><trkpt lat="34.97088994939419" lon="-83.30206846100461"><ele>1285.2138974349946</ele></trkpt><trkpt lat="34.9711163307244" lon="-83.30224312622818"><ele>1278.0</ele></trkpt><trkpt lat="34.97144000140587" lon="-83.3026066678382"><ele>1272.2796523887664</ele></trkpt><trkpt lat="34.971848496060176" lon="-83.3028511546583"><ele>1266.0</ele></trkpt><trkpt lat="34.97225637247303" lon="-83.30309281309431"><ele>1261.5042475439345</ele></trkpt><trkpt lat="34.972588844959155" lon="-83.3034252659911"><ele>1255.0</ele></trkpt><trkpt lat="34.97283710115504" lon="-83.30296632948323"><ele>1246.474177274853</ele></trkpt><trkpt lat="34.973016421229566" lon="-83.3024669971182"><ele>1241.0</ele></trkpt><trkpt lat="34.973453734200504" lon="-83.30237"><ele>1234.0</ele></trkpt><trkpt lat="34.97387366216335" lon="-83.30221649889624"><ele>1230.0</ele></trkpt><trkpt lat="34.974298092550995" lon="-83.30208814710318"><ele>1224.8865308057402</ele></trkpt><trkpt lat="34.97469582294587" lon="-83.30235686720943"><ele>1218.831236550734</ele></trkpt><trkpt lat="34.975142186126575" lon="-83.30240881036028"><ele>1213.9201855657225</ele></trkpt><trkpt lat="34.97557829326803" lon="-83.30224838886454"><ele>1205.1989783452493</ele></trkpt><trkpt lat="34.9758322259153" lon="-83.30182360464822"><ele>1203.1282950285822</ele></trkpt><trkpt lat="34.97604325591225" lon="-83.30134604307123"><ele>1197.1258585713804</ele></trkpt><trkpt lat="34.97615747781478" lon="-83.30081687868696"><ele>1190.629417926073</ele></trkpt><trkpt lat="34.97626108984325" lon="-83.30031640321141"><ele>1185.7364125270396</ele></trkpt><trkpt lat="34.97632473991042" lon="-83.3008226591938"><ele>1181.9086813926697</ele></trkpt><trkpt lat="34.97647810159881" lon="-83.30133822859736"><ele>1175.0924640147161</ele></trkpt><trkpt lat="34.97664873942919" lon="-83.30184695127824"><ele>1166.039205766282</ele></trkpt><trkpt lat="34.976710717132946" lon="-83.30239911627537"><ele>1159.05299346767</ele></trkpt><trkpt lat="34.97688828835631" lon="-83.30289170055671"><ele>1150.0</ele></trkpt><trkpt lat="34.977179999175505" lon="-83.30265856930842"><ele>1146.877194025266</ele></trkpt><trkpt lat="34.977281978285625" lon="-83.30222682124871"><ele>1145.7882017832471</ele></trkpt><trkpt lat="34.977373632174825" lon="-83.30183295181676"><ele>1149.8428631021466</ele></trkpt><trkpt lat="34.977460008903634" lon="-83.30129537023258"><ele>1144.1077083686916</ele></trkpt><trkpt lat="34.977716028781984" lon="-83.30083706062291"><ele>1137.8787413220853</ele></trkpt><trkpt lat="34.977779829664016" lon="-83.30036672344534"><ele>1128.0</ele></trkpt><trkpt lat="34.97812527845319" lon="-83.30009432068749"><ele>1122.785343971531</ele></trkpt><trkpt lat="34.97847125172568" lon="-83.29975924620351"><ele>1117.0</ele></trkpt><trkpt lat="34.978692781021984" lon="-83.29927188175164"><ele>1113.0</ele></trkpt><trkpt lat="34.978961279011074" lon="-83.29883099869416"><ele>1107.0617975679847</ele></trkpt><trkpt lat="34.97920013425864" lon="-83.29848458641392"><ele>1100.0</ele></trkpt><trkpt lat="34.97929" lon="-83.2979825232224"><ele>1093.8476564642042</ele></trkpt><trkpt lat="34.97915688820781" lon="-83.29745555458258"><ele>1088.2796332351836</ele></trkpt><trkpt lat="34.978955628709784" lon="-83.29697032919402"><ele>1084.0</ele></trkpt><trkpt lat="34.97918606836769" lon="-83.29654062821393"><ele>1084.0</ele></trkpt><trkpt lat="34.97932055414538" lon="-83.29606997461688"><ele>1074.197795805784</ele></trkpt><trkpt lat="34.97948685890477" lon="-83.2956292791071"><ele>1065.0472839407694</ele></trkpt><trkpt lat="34.97961226646735" lon="-83.29520318092392"><ele>1052.4104994181434</ele></trkpt><trkpt lat="34.979986284559914" lon="-83.29551018179511"><ele>1047.5392723201844</ele></trkpt><trkpt lat="34.98036248442486" lon="-83.29582523805905"><ele>1042.0</ele></trkpt><trkpt lat="34.980793742887805" lon="-83.29598834370562"><ele>1040.912155087106</ele></trkpt><trkpt lat="34.98120577308281" lon="-83.29575182884271"><ele>1037.0</ele></trkpt><trkpt lat="34.9816453364141" lon="-83.29580528847814"><ele>1030.188075009788</ele></trkpt><trkpt lat="34.98192164737692" lon="-83.2954356069949"><ele>1034.0</ele></trkpt><trkpt lat="34.98221584133153" lon="-83.29524067306521"><ele>1033.0029519047512</ele></trkpt><trkpt lat="34.98258228514" lon="-83.29555329006322"><ele>1028.7097407058864</ele></trkpt><trkpt lat="34.982989933409975" lon="-83.29579657787995"><ele>1024.9880599537864</ele></trkpt><trkpt lat="34.98339020429119" lon="-83.2960546615291"><ele>1017.0006840757402</ele></trkpt><trkpt lat="34.98374608010603" lon="-83.29639072007069"><ele>1013.666969592683</ele></trkpt><trkpt lat="34.98413704047739" lon="-83.29666649439845"><ele>1010.5162680158392</ele></trkpt><trkpt lat="34.984372141148725" lon="-83.29628420005896"><ele>1014.4258813133548</ele></trkpt><trkpt lat="34.98474849386088" lon="-83.29607671253169"><ele>1007.0304408725351</ele></trkpt><trkpt lat="34.98517458732226" lon="-83.29625434260467"><ele>999.8252139961871</ele></trkpt><trkpt lat="34.9856152364289" lon="-83.29638671920641"><ele>997.1599654546008</ele></trkpt><trkpt lat="34.9860280618595" lon="-83.29648193814049"><ele>995.0677687262555</ele></trkpt><trkpt lat="34.98593470892412" lon="-83.29597442431196"><ele>998.0</ele></trkpt><trkpt lat="34.98589829476394" lon="-83.29543049127324"><ele>1002.0358754338552</ele></trkpt><trkpt lat="34.98577192520869" lon="-83.29490381060103"><ele>1012.6307508982718</ele></trkpt><trkpt lat="34.98569321175364" lon="-83.29435532929007"><ele>1018.8005809859262</ele></trkpt><trkpt lat="34.985734269210724" lon="-83.29382575005133"><ele>1020.0</ele></trkpt><trkpt lat="34.986071003773695" lon="-83.2934966988679"><ele>1016.7930894270539</ele></trkpt><trkpt lat="34.986446054202496" lon="-83.29321477649171"><ele>1014.6545544248074</ele></trkpt><trkpt lat="34.986675408074554" lon="-83.29277579145946"><ele>1014.6231424473226</ele></trkpt><trkpt lat="34.987011101072845" lon="-83.2924989892715"><ele>1005.8018755645729</ele></trkpt><trkpt lat="34.98702088835172" lon="-83.2919455582414"><ele>1003.0</ele></trkpt><trkpt lat="34.98701358643957" lon="-83.29141189828023"><ele>996.0</ele></trkpt><trkpt lat="34.98684029664817" lon="-83.29091052972888"><ele>995.0</ele></trkpt><trkpt lat="34.9866568533401" lon="-83.29041781868425"><ele>988.567694382742</ele></trkpt><trkpt lat="34.98681382086485" lon="-83.28991683583786"><ele>986.0</ele></trkpt><trkpt lat="34.98721315922357" lon="-83.28965957708698"><ele>989.0</ele></trkpt><trkpt lat="34.98750897131512" lon="-83.28926696464026"><ele>990.0389267466962</ele></trkpt><trkpt lat="34.98744399928833" lon="-83.28875199786499"><ele>998.3430895041674</ele></trkpt><trkpt lat="34.98740719707229" lon="-83.28820503659799"><ele>1003.0658978139982</ele></trkpt><trkpt lat="34.98759733632744" lon="-83.28773207424041"><ele>1008.1421101652086</ele></trkpt><trkpt lat="34.98794874112545" lon="-83.28747484551664"><ele>1006.2090391293168</ele></trkpt><trkpt lat="34.98810167390746" lon="-83.28696497827762"><ele>1014.7540688235313</ele></trkpt><trkpt lat="34.98831488911375" lon="-83.28647341229686"><ele>1014.4273692785042</ele></trkpt><trkpt lat="34.98863227968488" lon="-83.28608518884154"><ele>1011.9371187053621</ele></trkpt><trkpt lat="34.98877598153828" lon="-83.28557438230655"><ele>1010.4790078509454</ele></trkpt><trkpt lat="34.98869377834573" lon="-83.2850262280437"><ele>1008.4354293905199</ele></trkpt><trkpt lat="34.98863977908243" lon="-83.28447273559502"><ele>1014.2742716040975</ele></trkpt><trkpt lat="34.98872451079448" lon="-83.28394943615069"><ele>1014.8583982726559</ele></trkpt><trkpt lat="34.98917966123176" lon="-83.2839549717693"><ele>1009.1163767986</ele></trkpt><trkpt lat="34.98944428394496" lon="-83.2835866377677"><ele>1013.0062847492879</ele></trkpt><trkpt lat="34.98944883992765" lon="-83.28303426439068"><ele>1016.0</ele></trkpt><trkpt lat="34.98973966163412" lon="-83.28268991540853"><ele>1015.1604773066938</ele></trkpt><trkpt lat="34.99010873122982" lon="-83.28299191126428"><ele>1008.3096891585737</ele></trkpt><trkpt lat="34.99042255622635" lon="-83.28339684674366"><ele>1000.3289732178673</ele></trkpt><trkpt lat="34.99075957923222" lon="-83.28377060027061"><ele>990.5753674814478</ele></trkpt><trkpt lat="34.99120168811649" lon="-83.28389748912775"><ele>998.9446162572173</ele></trkpt><trkpt lat="34.991604238271115" lon="-83.28401362045321"><ele>992.847925213146</ele></trkpt><trkpt lat="34.99192020102111" lon="-83.28361850918236"><ele>992.42388967281</ele></trkpt><trkpt lat="34.992223038874535" lon="-83.28320762408975"><ele>997.5749011151493</ele></trkpt><trkpt lat="34.9925775268327" lon="-83.28286346243421"><ele>998.3652197849005</ele></trkpt><trkpt lat="34.99280980279057" lon="-83.2823931952162"><ele>1002.5787347983569</ele></trkpt><trkpt lat="34.99310302903615" lon="-83.28197289180721"><ele>1001.0043464712799</ele></trkpt><trkpt lat="34.993524140330095" lon="-83.28183999999999"><ele>1010.5515484437346</ele></trkpt><trkpt lat="34.99397822022208" lon="-83.281886370037"><ele>1006.7125487960875</ele></trkpt><trkpt lat="34.99434488429084" lon="-83.28169318774047"><ele>1006.9727241165554</ele></trkpt><trkpt lat="34.994676511128006" lon="-83.28134976725768"><ele>1002.0</ele></trkpt><trkpt lat="34.99507257529339" lon="-83.28161073728819"><ele>999.8671316755936</ele></trkpt><trkpt lat="34.995453051296955" lon="-83.28184559257109"><ele>1006.9482250027359</ele></trkpt><trkpt lat="34.99579913738865" lon="-83.28190785543396"><ele>1008.0</ele></trkpt><trkpt lat="34.99615092015135" lon="-83.28165230349191"><ele>1005.9313913993853</ele></trkpt><trkpt lat="34.99656262892045" lon="-83.28144999999999"><ele>1016.0</ele></trkpt><trkpt lat="34.9970153352706" lon="-83.28149943256516"><ele>1022.6799556193873</ele></trkpt><trkpt lat="34.997456323990576" lon="-83.28163523324187"><ele>1021.0079747104467</ele></trkpt><trkpt lat="34.99787652092846" lon="-83.28185351736542"><ele>1033.000674895011</ele></trkpt><trkpt lat="34.998308832915285" lon="-83.28202275462232"><ele>1037.068531149067</ele></trkpt><trkpt lat="34.998748894050465" lon="-83.28215788920028"><ele>1042.0</ele></trkpt><trkpt lat="34.99916373681122" lon="-83.28229364742096"><ele>1047.0</ele></trkpt><trkpt lat="34.99940474815153" lon="-83.28182094313593"><ele>1050.9198857683778</ele></trkpt><trkpt lat="34.99963289188716" lon="-83.28133834697869"><ele>1056.7414927389473</ele></trkpt><trkpt lat="35.00006774855001" lon="-83.28126783114126"><ele>1068.4267909164894</ele></trkpt><trkpt lat="35.000523550374986" lon="-83.28130201627815"><ele>1071.4796898169443</ele></trkpt><trkpt lat="35.000974352217575" lon="-83.28138652271502"><ele>1065.4179752189666</ele></trkpt><trkpt lat="35.00141224417398" lon="-83.28153766407733"><ele>1058.012262117869</ele></trkpt><trkpt lat="35.00182237400784" lon="-83.28177149910387"><ele>1067.359175303951</ele></trkpt><trkpt lat="35.00218948190442" lon="-83.28210308042982"><ele>1077.8483081688855</ele></trkpt><trkpt lat="35.00251640992023" lon="-83.28248810604343"><ele>1099.5488669732586</ele></trkpt><trkpt lat="35.00288434875744" lon="-83.28248565124255"><ele>1107.7269356325269</ele></trkpt><trkpt lat="35.003186046810505" lon="-83.28206759516486"><ele>1113.1582518927753</ele></trkpt><trkpt lat="35.00348535427566" lon="-83.28164653551049"><ele>1093.535449752584</ele></trkpt><trkpt lat="35.003868482812436" lon="-83.28134379605982"><ele>1099.5576335520868</ele></trkpt><trkpt lat="35.004236937618536" lon="-83.28102028733404"><ele>1097.6681028027087</ele></trkpt><trkpt lat="35.00453707165191" lon="-83.28060009986345"><ele>1094.7680139737204</ele></trkpt><trkpt lat="35.004718789604524" lon="-83.28011184865213"><ele>1091.0013469709622</ele></trkpt><trkpt lat="35.004893958648765" lon="-83.27960953223565"><ele>1088.0635369457304</ele></trkpt><trkpt lat="35.00511216148946" lon="-83.27912492174427"><ele>1091.4783399347216</ele></trkpt><trkpt lat="35.0053899049497" lon="-83.27879156039621"><ele>1104.7647619014606</ele></trkpt><trkpt lat="35.005776679425644" lon="-83.27898238277511"><ele>1110.0901774661615</ele></trkpt><trkpt lat="35.006224411533026" lon="-83.27909089597354"><ele>1115.2987996432312</ele></trkpt><trkpt lat="35.006632772139895" lon="-83.27893213545543"><ele>1115.0307026691735</ele></trkpt><trkpt lat="35.00694766742159" lon="-83.27853138968521"><ele>1115.2711744811386</ele></trkpt><trkpt lat="35.007274393827906" lon="-83.27814560617209"><ele>1109.0</ele></trkpt><trkpt lat="35.00768192833386" lon="-83.27804212310356"><ele>1105.6949997265742</ele></trkpt><trkpt lat="35.008132170332246" lon="-83.27813527652239"><ele>1095.622724982858</ele></trkpt><trkpt lat="35.008494994532775" lon="-83.27842616928814"><ele>1080.504281911999</ele></trkpt><trkpt lat="35.008805869008405" lon="-83.27883457301104"><ele>1065.1761365619845</ele></trkpt><trkpt lat="35.00916720533347" lon="-83.2791753356192"><ele>1064.8010831754655</ele></trkpt><trkpt lat="35.00947291260267" lon="-83.27958294789528"><ele>1060.3652965445071</ele></trkpt><trkpt lat="35.009781613600985" lon="-83.27998772607273"><ele>1058.878222086191</ele></trkpt><trkpt lat="35.010131021082586" lon="-83.28034616032113"><ele>1055.9609985928982</ele></trkpt><trkpt lat="35.01046529838799" lon="-83.28072602089546"><ele>1055.0</ele></trkpt><trkpt lat="35.01080796630951" lon="-83.28109396736235"><ele>1049.0</ele></trkpt><trkpt lat="35.01114082158502" lon="-83.2814727032216"><ele>1042.4342779237777</ele></trkpt><trkpt lat="35.01144484625679" lon="-83.28188873654801"><ele>1041.2047115135938</ele></trkpt><trkpt lat="35.01174887092138" lon="-83.28230477071918"><ele>1055.2114338502288</ele></trkpt><trkpt lat="35.01208876120061" lon="-83.28267510563128"><ele>1059.2660401303592</ele></trkpt><trkpt lat="35.01238495479569" lon="-83.28309654436768"><ele>1038.0788679870861</ele></trkpt><trkpt lat="35.01279491403281" lon="-83.2833026208175"><ele>1034.4395052965847</ele></trkpt><trkpt lat="35.013213393265055" lon="-83.28352580974138"><ele>1040.7384831270508</ele></trkpt><trkpt lat="35.0136513431659" lon="-83.2833972891057"><ele>1034.2090665636008</ele></trkpt><trkpt lat="35.0140603620498" lon="-83.28321007240994"><ele>1044.773178481155</ele></trkpt><trkpt lat="35.01451101755117" lon="-83.28330020351024"><ele>1036.7357459906489</ele></trkpt><trkpt lat="35.01496167308499" lon="-83.283390334617"><ele>1019.8947117784992</ele></trkpt><trkpt lat="35.01538083332905" lon="-83.2835672794076"><ele>1012.0486032050103</ele></trkpt><trkpt lat="35.01577430107152" lon="-83.28381533129826"><ele>1004.9418614786396</ele></trkpt><trkpt lat="35.01622479666116" lon="-83.28390664797185"><ele>1003.864324609749</ele></trkpt><trkpt lat="35.016679852902456" lon="-83.28392464798578"><ele>1006.703186060302</ele></trkpt><trkpt lat="35.01713647613035" lon="-83.28391745706881"><ele>996.3386843781918</ele></trkpt><trkpt lat="35.01759309935844" lon="-83.28391026615184"><ele>991.678083810024</ele></trkpt><trkpt lat="35.01797369862003" lon="-83.2842078487321"><ele>997.5983130289242</ele></trkpt><trkpt lat="35.01840677257331" lon="-83.28438473809334"><ele>995.0076814294805</ele></trkpt><trkpt lat="35.0188501495526" lon="-83.28449910450476"><ele>1010.177447963506</ele></trkpt><trkpt lat="35.019273462630544" lon="-83.2842932686847"><ele>1033.6472541315134</ele></trkpt><trkpt lat="35.01971633291764" lon="-83.28415888496943"><ele>1024.8218277835108</ele></trkpt><trkpt lat="35.020149000616435" lon="-83.28399633353882"><ele>1010.9143541747122</ele></trkpt><trkpt lat="35.02044047732944" lon="-83.28431476851075"><ele>1009.0</ele></trkpt><trkpt lat="35.02053455638063" lon="-83.28486042700766"><ele>1020.0094609662501</ele></trkpt><trkpt lat="35.02080156185745" lon="-83.28463134484232"><ele>1021.9435455531672</ele></trkpt><trkpt lat="35.021059091823425" lon="-83.28417100143221"><ele>1028.8797380439937</ele></trkpt><trkpt lat="35.02128203286479" lon="-83.28368661308767"><ele>1024.1765877176076</ele></trkpt><trkpt lat="35.021411188638595" lon="-83.2831565923114"><ele>1026.91650846228</ele></trkpt><trkpt lat="35.02144585232259" lon="-83.28260437554853"><ele>1027.8891190942377</ele></trkpt><trkpt lat="35.02178986757583" lon="-83.28239849337879"><ele>1024.803884234549</ele></trkpt><trkpt lat="35.02209967924769" lon="-83.28278522552027"><ele>1024.5440207032032</ele></trkpt><trkpt lat="35.022355941800775" lon="-83.28324340661317"><ele>1027.320005118847</ele></trkpt><trkpt lat="35.02256199598308" lon="-83.28374104690252"><ele>1018.5939060263336</ele></trkpt><trkpt lat="35.02276805037218" lon="-83.28423868769129"><ele>1007.2937361366959</ele></trkpt><trkpt lat="35.023102592467026" lon="-83.28460017537913"><ele>1013.0315342218219</ele></trkpt><trkpt lat="35.02350799684942" lon="-83.28484058885857"><ele>1021.295212387521</ele></trkpt><trkpt lat="35.02386720672983" lon="-83.2851743240379"><ele>1027.625820176676</ele></trkpt><trkpt lat="35.0241848297723" lon="-83.28555403188976"><ele>1031.966093497526</ele></trkpt><trkpt lat="35.024548672102235" lon="-83.28588228208095"><ele>1033.4704842176288</ele></trkpt><trkpt lat="35.02494418340497" lon="-83.28615987737915"><ele>1025.0266119167209</ele></trkpt><trkpt lat="35.02537562674482" lon="-83.28607021726688"><ele>1024.0</ele></trkpt><trkpt lat="35.0254693776178" lon="-83.285590319514"><ele>1030.8620625399053</ele></trkpt><trkpt lat="35.02539935362644" lon="-83.28503926114722"><ele>1033.2290788926184</ele></trkpt><trkpt lat="35.02532932966437" lon="-83.2844882030109"><ele>1038.0</ele></trkpt><trkpt lat="35.02530184588637" lon="-83.28393736951259"><ele>1040.3278517406434</ele></trkpt><trkpt lat="35.025377972562254" lon="-83.28338760046441"><ele>1049.0</ele></trkpt><trkpt lat="35.025480171010635" lon="-83.28284409053438"><ele>1037.6572783186004</ele></trkpt><trkpt lat="35.0255823695197" lon="-83.28230058028164"><ele>1049.2924291994423</ele></trkpt><trkpt lat="35.025818070680884" lon="-83.28244034928863"><ele>1061.1763525735587</ele></trkpt><trkpt lat="35.02617187848775" lon="-83.28228545998519"><ele>1069.202370197591</ele></trkpt><trkpt lat="35.02656248926339" lon="-83.28199858717483"><ele>1074.0136416861787</ele></trkpt><trkpt lat="35.02696355721034" lon="-83.2817424606187"><ele>1074.9023925159127</ele></trkpt><trkpt lat="35.027359899474135" lon="-83.28157708541382"><ele>1081.0</ele></trkpt><trkpt lat="35.02761105348557" lon="-83.28203022767858"><ele>1092.5647575565254</ele></trkpt><trkpt lat="35.027801237811175" lon="-83.28253694361594"><ele>1097.4479640332866</ele></trkpt><trkpt lat="35.0280057375422" lon="-83.28303496440626"><ele>1102.190719580876</ele></trkpt><trkpt lat="35.02822712198156" lon="-83.28351158266256"><ele>1111.558105395061</ele></trkpt><trkpt lat="35.02853572572111" lon="-83.28330079508935"><ele>1115.7669835067281</ele></trkpt><trkpt lat="35.028721448928046" lon="-83.28286830706179"><ele>1120.0</ele></trkpt><trkpt lat="35.02891351524705" lon="-83.28248460672934"><ele>1120.0</ele></trkpt><trkpt lat="35.0290387097106" lon="-83.28221831921476"><ele>1126.0</ele></trkpt><trkpt lat="35.0293643349214" lon="-83.28257778307133"><ele>1133.5598581257905</ele></trkpt><trkpt lat="35.02962708535934" lon="-83.28300125607802"><ele>1146.0</ele></trkpt><trkpt lat="35.02946735305793" lon="-83.28345697435627"><ele>1158.3001789906994</ele></trkpt><trkpt lat="35.029370019111404" lon="-83.28399984233093"><ele>1164.8526272065938</ele></trkpt><trkpt lat="35.029655662730846" lon="-83.28441445784134"><ele>1173.0</ele></trkpt><trkpt lat="35.0301106950817" lon="-83.2843989304918"><ele>1180.392659531632</ele></trkpt><trkpt lat="35.03049098720579" lon="-83.28448357952925"><ele>1187.6503344420344</ele></trkpt><trkpt lat="35.030724687442024" lon="-83.28493052062075"><ele>1196.9510366488248</ele></trkpt><trkpt lat="35.03105253580138" lon="-83.28530591686989"><ele>1206.5643570957686</ele></trkpt><trkpt lat="35.03124590502718" lon="-83.2857696119461"><ele>1212.1940432021008</ele></trkpt><trkpt lat="35.03147674031122" lon="-83.28623729264541"><ele>1220.7532679978758</ele></trkpt><trkpt lat="35.03161165304466" lon="-83.28646393883625"><ele>1228.4317140206695</ele></trkpt><trkpt lat="35.03165668220465" lon="-83.28592439265118"><ele>1230.9945140331984</ele></trkpt><trkpt lat="35.03177496395834" lon="-83.28623582895801"><ele>1235.7264358103275</ele></trkpt><trkpt lat="35.03174687698603" lon="-83.28678883341311"><ele>1236.12788490206</ele></trkpt><trkpt lat="35.03193254379309" lon="-83.28666161462083"><ele>1244.6949950214475</ele></trkpt><trkpt lat="35.032076927265976" lon="-83.28614606465244"><ele>1250.2086958985894</ele></trkpt><trkpt lat="35.03249742805396" lon="-83.28606678506745"><ele>1254.5340097285807</ele></trkpt><trkpt lat="35.03250291830983" lon="-83.2865862569013"><ele>1265.1576538048685</ele></trkpt><trkpt lat="35.032856121221066" lon="-83.28682459091583"><ele>1272.0</ele></trkpt><trkpt lat="35.0331480423407" lon="-83.28724103175554"><ele>1276.0</ele></trkpt><trkpt lat="35.033508983653725" lon="-83.28747866822344"><ele>1280.6115682376503</ele></trkpt><trkpt lat="35.033828730798575" lon="-83.28713335382426"><ele>1289.1478250169368</ele></trkpt><trkpt lat="35.03418505604732" lon="-83.28722637610647"><ele>1300.0</ele></trkpt><trkpt lat="35.03458256578228" lon="-83.28743277998257"><ele>1307.0</ele></trkpt><trkpt lat="35.03494" lon="-83.28756051625986"><ele>1314.0</ele></trkpt><trkpt lat="35.03477790858628" lon="-83.28704516617464"><ele>1323.0</ele></trkpt><trkpt lat="35.03473362519904" lon="-83.28649081419175"><ele>1329.1197032090276</ele></trkpt><trkpt lat="35.03464060786652" lon="-83.28594712753281"><ele>1331.8329006895488</ele></trkpt><trkpt lat="35.03446208220414" lon="-83.28543504799"><ele>1333.602733000183</ele></trkpt><trkpt lat="35.03434963937323" lon="-83.28489796728712"><ele>1336.247953125783</ele></trkpt><trkpt lat="35.0341843494609" lon="-83.28437898503452"><ele>1339.105561128218</ele></trkpt><trkpt lat="35.0340330595062" lon="-83.28385294307279"><ele>1344.1572026805734</ele></trkpt><trkpt lat="35.033940952209555" lon="-83.28331838160369"><ele>1353.0021139248827</ele></trkpt><trkpt lat="35.03423148041499" lon="-83.28291321116522"><ele>1362.106336711906</ele></trkpt><trkpt lat="35.03452672593962" lon="-83.28250106171699"><ele>1368.3437592796981</ele></trkpt><trkpt lat="35.034910967156705" lon="-83.2822090328433"><ele>1376.213378097862</ele></trkpt><trkpt lat="35.035222061215805" lon="-83.2818079387842"><ele>1382.9198008645326</ele></trkpt><trkpt lat="35.035422256462695" lon="-83.28132517891032"><ele>1389.3142735734582</ele></trkpt><trkpt lat="35.035489513919224" lon="-83.28077472787022"><ele>1394.1290155404636</ele></trkpt><trkpt lat="35.035607096108066" lon="-83.28023580950469"><ele>1396.0</ele></trkpt><trkpt lat="35.03576930519279" lon="-83.27989085605824"><ele>1398.0</ele></trkpt><trkpt lat="35.035984564809795" lon="-83.28036987145143"><ele>1405.0</ele></trkpt><trkpt lat="35.03631866009111" lon="-83.28073816748164"><ele>1409.0</ele></trkpt><trkpt lat="35.0366395839688" lon="-83.2811148461968"><ele>1406.0</ele></trkpt><trkpt lat="35.03695045073493" lon="-83.28150608344046"><ele>1404.302233293684</ele></trkpt><trkpt lat="35.03716071031815" lon="-83.28199902671145"><ele>1402.2901564232388</ele></trkpt><trkpt lat="35.037334812349" lon="-83.28251463657203"><ele>1406.0</ele></trkpt><trkpt lat="35.037645330267445" lon="-83.28291970681244"><ele>1412.1335641862854</ele></trkpt><trkpt lat="35.03779589793972" lon="-83.28333528164822"><ele>1416.6821130803237</ele></trkpt><trkpt lat="35.03734676639264" lon="-83.28343215748271"><ele>1424.110733468087</ele></trkpt><trkpt lat="35.0368965822549" lon="-83.2835257601252"><ele>1432.0</ele></trkpt><trkpt lat="35.036481268121946" lon="-83.2837396829695"><ele>1437.673483676277</ele></trkpt><trkpt lat="35.03613703658499" lon="-83.28408968292716"><ele>1441.3933851273762</ele></trkpt><trkpt lat="35.0360610821691" lon="-83.28457686296659"><ele>1446.0</ele></trkpt><trkpt lat="35.036337667026" lon="-83.28496000000001"><ele>1451.0191396423731</ele></trkpt><trkpt lat="35.03671775769265" lon="-83.28499865461555"><ele>1458.0124028205337</ele></trkpt><trkpt lat="35.03700637793952" lon="-83.28542301573347"><ele>1462.0</ele></trkpt><trkpt lat="35.037275556225524" lon="-83.28586089116679"><ele>1463.249552125552</ele></trkpt><trkpt lat="35.037606147306946" lon="-83.28618229461391"><ele>1460.0</ele></trkpt><trkpt lat="35.03790736603328" lon="-83.2865917430469"><ele>1447.2398139229417</ele></trkpt><trkpt lat="35.03818336250774" lon="-83.28703058959239"><ele>1442.0</ele></trkpt><trkpt lat="35.03844182255435" lon="-83.28747167468299"><ele>1436.0</ele></trkpt><trkpt lat="35.038721608649425" lon="-83.28791204514712"><ele>1432.050292948641</ele></trkpt><trkpt lat="35.039049907738715" lon="-83.28825822443986"><ele>1429.0</ele></trkpt><trkpt lat="35.0393685362175" lon="-83.288584730383"><ele>1425.0</ele></trkpt><trkpt lat="35.0396476658262" lon="-83.28898589672218"><ele>1420.0</ele></trkpt><trkpt lat="35.03995905862208" lon="-83.28931343399141"><ele>1412.1611839560792</ele></trkpt><trkpt lat="35.04034085810673" lon="-83.28932138357737"><ele>1409.5739695965794</ele></trkpt><trkpt lat="35.04044542177608" lon="-83.28878939675664"><ele>1404.868277805407</ele></trkpt><trkpt lat="35.04062471570891" lon="-83.28846284291095"><ele>1397.0</ele></trkpt><trkpt lat="35.04082225942883" lon="-83.28818926080953"><ele>1388.627388991924</ele></trkpt><trkpt lat="35.04122567455603" lon="-83.28844343533376"><ele>1382.0</ele></trkpt><trkpt lat="35.041660045353886" lon="-83.28858620775385"><ele>1376.0</ele></trkpt><trkpt lat="35.04211035219677" lon="-83.2886069850615"><ele>1372.9163030465488</ele></trkpt><trkpt lat="35.04245746038737" lon="-83.28830571390822"><ele>1366.0</ele></trkpt><trkpt lat="35.04263122558547" lon="-83.2878267317721"><ele>1357.0</ele></trkpt><trkpt lat="35.042902610845" lon="-83.28739237930637"><ele>1349.0286638298626</ele></trkpt><trkpt lat="35.04332655507173" lon="-83.28718856457994"><ele>1345.8127241320908</ele></trkpt><trkpt lat="35.043364158272155" lon="-83.28687043673233"><ele>1336.9868918685243</ele></trkpt><trkpt lat="35.043541124699296" lon="-83.28661606682704"><ele>1330.0579615689085</ele></trkpt><trkpt lat="35.04382939501022" lon="-83.28620060498979"><ele>1316.6525076089179</ele></trkpt><trkpt lat="35.04425719135434" lon="-83.28601471547195"><ele>1309.8230016638508</ele></trkpt><trkpt lat="35.04468207905596" lon="-83.28581110698359"><ele>1300.853427263456</ele></trkpt><trkpt lat="35.04510538123183" lon="-83.28560183399777"><ele>1295.0</ele></trkpt><trkpt lat="35.04550000279255" lon="-83.28532999835936"><ele>1291.0</ele></trkpt><trkpt lat="35.04591153565551" lon="-83.28508822280236"><ele>1290.0</ele></trkpt><trkpt lat="35.046321814404905" lon="-83.2848436391963"><ele>1288.0</ele></trkpt><trkpt lat="35.04661813583193" lon="-83.28443033857383"><ele>1280.2700755726546</ele></trkpt><trkpt lat="35.04700779928935" lon="-83.28421311905335"><ele>1280.0</ele></trkpt><trkpt lat="35.047292404163656" lon="-83.28449420728641"><ele>1273.0250056609511</ele></trkpt><trkpt lat="35.04770863563868" lon="-83.28452260121146"><ele>1263.0</ele></trkpt><trkpt lat="35.04803032753105" lon="-83.28427466455676"><ele>1258.0</ele></trkpt><trkpt lat="35.04844844883971" lon="-83.28449260725739"><ele>1248.0</ele></trkpt><trkpt lat="35.04880337235283" lon="-83.28475193856183"><ele>1238.7454063739142</ele></trkpt><trkpt lat="35.049166357731764" lon="-83.28504200474646"><ele>1228.0781869432947</ele></trkpt><trkpt lat="35.049570467698196" lon="-83.2852959026958"><ele>1221.0</ele></trkpt><trkpt lat="35.049971174676045" lon="-83.2855614536916"><ele>1219.0161392837763</ele></trkpt><trkpt lat="35.05040171578157" lon="-83.28566653684724"><ele>1217.0</ele></trkpt><trkpt lat="35.0505992675382" lon="-83.28590961141596"><ele>1212.9534638593318</ele></trkpt><trkpt lat="35.051000649031224" lon="-83.28608787019374"><ele>1202.448482762839</ele></trkpt><trkpt lat="35.05138564106145" lon="-83.28583756410616"><ele>1197.01108770445</ele></trkpt><trkpt lat="35.05157195578104" lon="-83.28624828716382"><ele>1187.408946870209</ele></trkpt><trkpt lat="35.05169614696926" lon="-83.28661321928391"><ele>1175.0001037358027</ele></trkpt><trkpt lat="35.05194906675508" lon="-83.28676433410689"><ele>1163.8968183343843</ele></trkpt><trkpt lat="35.0516547450367" lon="-83.28707127731752"><ele>1156.6532584661618</ele></trkpt><trkpt lat="35.05169066300117" lon="-83.28727213260021"><ele>1147.2927238484845</ele></trkpt><trkpt lat="35.05212949704039" lon="-83.2873696646936"><ele>1141.9152946840475</ele></trkpt><trkpt lat="35.05250016659013" lon="-83.28760713867203"><ele>1131.8602806383324</ele></trkpt><trkpt lat="35.052814755994966" lon="-83.28794544804362"><ele>1121.0</ele></trkpt><trkpt lat="35.0530039844893" lon="-83.28837235094579"><ele>1111.0188326518983</ele></trkpt><trkpt lat="35.05291422566158" lon="-83.2886439719754"><ele>1102.3603751957417</ele></trkpt><trkpt lat="35.05296705274188" lon="-83.28898410548373"><ele>1088.525380037725</ele></trkpt><trkpt lat="35.053200773179775" lon="-83.28946000641713"><ele>1073.3218870982528</ele></trkpt><trkpt lat="35.05350689743077" lon="-83.28987327234265"><ele>1067.0</ele></trkpt><trkpt lat="35.05386350007598" lon="-83.29021615283898"><ele>1066.0</ele></trkpt><trkpt lat="35.05420558338521" lon="-83.29058225580972"><ele>1064.0298014245927</ele></trkpt><trkpt lat="35.054563396187504" lon="-83.29092750828862"><ele>1070.8417942269587</ele></trkpt><trkpt lat="35.054838729265526" lon="-83.29136864243421"><ele>1070.5704454779625</ele></trkpt><trkpt lat="35.05519716421854" lon="-83.29162193151653"><ele>1081.9763351641595</ele></trkpt><trkpt lat="35.05548666275941" lon="-83.29157184881286"><ele>1092.9114248529077</ele></trkpt><trkpt lat="35.05521385599655" lon="-83.29113347999352"><ele>1095.0</ele></trkpt><trkpt lat="35.05501978976212" lon="-83.29062942184584"><ele>1098.730489032639</ele></trkpt><trkpt lat="35.05498098699452" lon="-83.29019"><ele>1106.0</ele></trkpt><trkpt lat="35.05533091229849" lon="-83.29051427002983"><ele>1116.1170593442994</ele></trkpt><trkpt lat="35.055771078653976" lon="-83.29054940302665"><ele>1132.5608520861715</ele></trkpt><trkpt lat="35.05615632256643" lon="-83.29026045442475"><ele>1149.4602910543358</ele></trkpt><trkpt lat="35.056607558298865" lon="-83.2902588607244"><ele>1148.4464203144425</ele></trkpt><trkpt lat="35.05706337340455" lon="-83.29029280440247"><ele>1147.519214705564</ele></trkpt><trkpt lat="35.05750694576645" lon="-83.29032331394325"><ele>1153.0973670510575</ele></trkpt><trkpt lat="35.057929904898316" lon="-83.29012789401318"><ele>1154.6489571612328</ele></trkpt><trkpt lat="35.0583395056493" lon="-83.28993524717538"><ele>1145.0227662883894</ele></trkpt><trkpt lat="35.05876440751726" lon="-83.28973426541378"><ele>1139.5126473226878</ele></trkpt><trkpt lat="35.059174180883964" lon="-83.28990585601952"><ele>1142.3959885314107</ele></trkpt><trkpt lat="35.05962084818313" lon="-83.28992326878203"><ele>1145.7408228274435</ele></trkpt><trkpt lat="35.060038225418765" lon="-83.289696894819"><ele>1145.2906141448766</ele></trkpt><trkpt lat="35.06044988118036" lon="-83.28950621286884"><ele>1142.1504980092868</ele></trkpt><trkpt lat="35.060886928518585" lon="-83.28947461606484"><ele>1133.6495548970997</ele></trkpt><trkpt lat="35.061290231985026" lon="-83.2896191451274"><ele>1120.9140123948455</ele></trkpt><trkpt lat="35.06174662030715" lon="-83.28959986111377"><ele>1114.6523805285879</ele></trkpt><trkpt lat="35.06217705203278" lon="-83.28970386936591"><ele>1108.9655767008662</ele></trkpt><trkpt lat="35.06262874895018" lon="-83.28977413286731"><ele>1113.9194693043828</ele></trkpt><trkpt lat="35.06307916909599" lon="-83.28968221038855"><ele>1106.9749582046643</ele></trkpt><trkpt lat="35.06346447778431" lon="-83.28940880553924"><ele>1117.9575299122132</ele></trkpt><trkpt lat="35.063895084226935" lon="-83.2893161901591"><ele>1113.0327372318134</ele></trkpt><trkpt lat="35.06432527691968" lon="-83.28914811538583"><ele>1110.8655893867835</ele></trkpt><trkpt lat="35.06476132884229" lon="-83.2889850698104"><ele>1109.4640639331192</ele></trkpt><trkpt lat="35.06519496249096" lon="-83.28896557222623"><ele>1114.4933610241137</ele></trkpt><trkpt lat="35.065409055761805" lon="-83.28850691003863"><ele>1124.0</ele></trkpt><trkpt lat="35.06565426054293" lon="-83.2880443861303"><ele>1114.4167086758268</ele></trkpt><trkpt lat="35.06574166264048" lon="-83.28750918075836"><ele>1121.4381362414488</ele></trkpt><trkpt lat="35.06593106197901" lon="-83.28700298658921"><ele>1121.8957298509777</ele></trkpt><trkpt lat="35.06593676728638" lon="-83.28645622393994"><ele>1128.1808682175213</ele></trkpt><trkpt lat="35.06608599161868" lon="-83.28592960232682"><ele>1133.0638507602735</ele></trkpt><trkpt lat="35.06625452359468" lon="-83.28541285843195"><ele>1134.478392450139</ele></trkpt><trkpt lat="35.06632544083632" lon="-83.28490941992825"><ele>1146.6660305126516</ele></trkpt><trkpt lat="35.066087481452726" lon="-83.28462708642455"><ele>1160.9953833739453</ele></trkpt><trkpt lat="35.066007784544944" lon="-83.28447602207865"><ele>1169.1282068276778</ele></trkpt><trkpt lat="35.06621738133007" lon="-83.28398232330983"><ele>1178.202160623856</ele></trkpt><trkpt lat="35.066386903617186" lon="-83.28348073593945"><ele>1191.9846147354692</ele></trkpt><trkpt lat="35.06668353697654" lon="-83.28305740193049"><ele>1205.728028438174</ele></trkpt><trkpt lat="35.06695919144836" lon="-83.28261664684132"><ele>1218.254085409455</ele></trkpt><trkpt lat="35.06677217765281" lon="-83.28233737821517"><ele>1228.2689466951415</ele></trkpt><trkpt lat="35.066946194127866" lon="-83.28190424010046"><ele>1237.9565177454735</ele></trkpt><trkpt lat="35.067341209416945" lon="-83.28165479843051"><ele>1249.0314803873127</ele></trkpt><trkpt lat="35.06778477338365" lon="-83.28154891996226"><ele>1264.666102054529</ele></trkpt><trkpt lat="35.068213198586875" lon="-83.28138902425434"><ele>1279.4904015522884</ele></trkpt><trkpt lat="35.06861611563219" lon="-83.28153029951866"><ele>1276.870270284824</ele></trkpt><trkpt lat="35.06895444046907" lon="-83.28190400959213"><ele>1275.7183771803975</ele></trkpt><trkpt lat="35.06931926153936" lon="-83.28223562122089"><ele>1276.036911404643</ele></trkpt><trkpt lat="35.06970404642167" lon="-83.2825297441282"><ele>1279.9554103369494</ele></trkpt><trkpt lat="35.07008081901498" lon="-83.28284121818824"><ele>1279.8708007529342</ele></trkpt><trkpt lat="35.07049444196493" lon="-83.28306136288323"><ele>1294.4706918029115</ele></trkpt><trkpt lat="35.070845840006314" lon="-83.28341480000786"><ele>1301.0546359604089</ele></trkpt><trkpt lat="35.07105238545006" lon="-83.28390637635633"><ele>1298.466760798633</ele></trkpt><trkpt lat="35.07144909319068" lon="-83.28414296698752"><ele>1308.3868223174518</ele></trkpt><trkpt lat="35.07190430327698" lon="-83.28417701378531"><ele>1314.535715246573</ele></trkpt><trkpt lat="35.07236064881305" lon="-83.28419775676423"><ele>1316.0</ele></trkpt><trkpt lat="35.07280866895968" lon="-83.2842008153244"><ele>1319.3065898699838</ele></trkpt><trkpt lat="35.07321060369896" lon="-83.28445520403523"><ele>1322.0</ele></trkpt><trkpt lat="35.07359909708706" lon="-83.28472377241562"><ele>1330.9850843495306</ele></trkpt><trkpt lat="35.07400799936127" lon="-83.2849667995635"><ele>1340.0</ele></trkpt><trkpt lat="35.07439675627828" lon="-83.28525675627826"><ele>1348.1176746278106</ele></trkpt><trkpt lat="35.074737962592245" lon="-83.28562670479897"><ele>1357.0</ele></trkpt><trkpt lat="35.07508748482037" lon="-83.28598445930352"><ele>1349.0</ele></trkpt><trkpt lat="35.07533854349376" lon="-83.28639152168748"><ele>1343.073213831158</ele></trkpt><trkpt lat="35.0754624731574" lon="-83.28688067991425"><ele>1335.6115408597625</ele></trkpt><trkpt lat="35.075748257545214" lon="-83.28731416965788"><ele>1329.0</ele></trkpt><trkpt lat="35.075848575887605" lon="-83.28776750780331"><ele>1327.206566117704</ele></trkpt><trkpt lat="35.07606439219157" lon="-83.28824170984902"><ele>1328.9049594343724</ele></trkpt><trkpt lat="35.07629141182363" lon="-83.28870649438872"><ele>1333.0</ele></trkpt><trkpt lat="35.07647941229563" lon="-83.28920882459124"><ele>1333.0</ele></trkpt><trkpt lat="35.07667125004565" lon="-83.28971482155248"><ele>1334.0</ele></trkpt><trkpt lat="35.07695349559864" lon="-83.29014619471836"><ele>1335.0</ele></trkpt><trkpt lat="35.077084691715164" lon="-83.29066599303451"><ele>1335.0</ele></trkpt><trkpt lat="35.077341481388544" lon="-83.29112713782749"><ele>1334.0</ele></trkpt><trkpt lat="35.07750059625599" lon="-83.29164645502826"><ele>1328.0</ele></trkpt><trkpt lat="35.077808578676944" lon="-83.29190281576561"><ele>1323.787012900122</ele></trkpt><trkpt lat="35.078261081096876" lon="-83.29192273272396"><ele>1314.8850657847322</ele></trkpt><trkpt lat="35.078674941787035" lon="-83.29205994825516"><ele>1308.8356578489766</ele></trkpt><trkpt lat="35.079044232170936" lon="-83.29238820637418"><ele>1312.329893546179</ele></trkpt><trkpt lat="35.079448708749304" lon="-83.29263935437467"><ele>1311.702198574564</ele></trkpt><trkpt lat="35.079894076536284" lon="-83.29275855525275"><ele>1308.3931036759168</ele></trkpt><trkpt lat="35.08034955149" lon="-83.29272208601891"><ele>1305.387028388679</ele></trkpt><trkpt lat="35.080805128955916" lon="-83.29268366382298"><ele>1304.902910082601</ele></trkpt><trkpt lat="35.081260706427855" lon="-83.29264524162656"><ele>1309.1123059475794</ele></trkpt><trkpt lat="35.081711133785774" lon="-83.29256962207143"><ele>1312.5881792521104</ele></trkpt><trkpt lat="35.0821200218759" lon="-83.29232665208275"><ele>1308.2298309523612</ele></trkpt><trkpt lat="35.08254191571335" lon="-83.2921252372528"><ele>1309.8709237405092</ele></trkpt><trkpt lat="35.08298312920718" lon="-83.29217298658529"><ele>1319.091335250318</ele></trkpt><trkpt lat="35.08329685090427" lon="-83.2925465924601"><ele>1319.0</ele></trkpt><trkpt lat="35.08358582147992" lon="-83.29297831824715"><ele>1310.8385539092696</ele></trkpt><trkpt lat="35.08391245914793" lon="-83.29334761145734"><ele>1306.9557214025408</ele></trkpt><trkpt lat="35.08406051468209" lon="-83.29384051468207"><ele>1304.5238500125706</ele></trkpt><trkpt lat="35.08391529953442" lon="-83.29433217249274"><ele>1305.7939594499767</ele></trkpt><trkpt lat="35.083721313701595" lon="-83.29483478539807"><ele>1306.689130809158</ele></trkpt><trkpt lat="35.0835978070057" lon="-83.29537203952518"><ele>1304.8753411360085</ele></trkpt><trkpt lat="35.083541979556664" lon="-83.29591979556662"><ele>1305.0547391176224</ele></trkpt><trkpt lat="35.08362184460226" lon="-83.29644670469584"><ele>1303.506388682872</ele></trkpt><trkpt lat="35.08383173511561" lon="-83.2968961134072"><ele>1301.7702973000705</ele></trkpt><trkpt lat="35.08403200493052" lon="-83.29738721280168"><ele>1300.147502489388</ele></trkpt><trkpt lat="35.08413579663167" lon="-83.29792856099579"><ele>1306.0</ele></trkpt><trkpt lat="35.08430357692714" lon="-83.29844045673838"><ele>1304.8713096267004</ele></trkpt><trkpt lat="35.08457658049987" lon="-83.29888507807115"><ele>1301.0</ele></trkpt><trkpt lat="35.08501042501862" lon="-83.29900479276561"><ele>1293.511129822582</ele></trkpt><trkpt lat="35.08508" lon="-83.2995146986141"><ele>1280.864565124784</ele></trkpt><trkpt lat="35.085172143147624" lon="-83.30005178663416"><ele>1269.0</ele></trkpt><trkpt lat="35.08535044989197" lon="-83.30056516971912"><ele>1263.0</ele></trkpt><trkpt lat="35.085670250856744" lon="-83.3009526213987"><ele>1269.2642638115212</ele></trkpt><trkpt lat="35.08607491877397" lon="-83.30120662334612"><ele>1273.1016125231981</ele></trkpt><trkpt lat="35.08648897448301" lon="-83.30144087727786"><ele>1276.2336504801774</ele></trkpt><trkpt lat="35.08690402190557" lon="-83.30167207582222"><ele>1281.0</ele></trkpt><trkpt lat="35.08733438520477" lon="-83.30183691028913"><ele>1284.0</ele></trkpt><trkpt lat="35.08776476411268" lon="-83.30201430888964"><ele>1287.742487033829</ele></trkpt><trkpt lat="35.08814591990195" lon="-83.30231822430653"><ele>1293.0</ele></trkpt><trkpt lat="35.088379214285986" lon="-83.30278021428221"><ele>1302.4362653857097</ele></trkpt><trkpt lat="35.08835353141584" lon="-83.30333657079201"><ele>1309.0097424290084</ele></trkpt><trkpt lat="35.088428475647" lon="-83.30387912207041"><ele>1310.4922488686848</ele></trkpt><trkpt lat="35.08867283921969" lon="-83.30433974907565"><ele>1317.2565083937761</ele></trkpt><trkpt lat="35.08835815136962" lon="-83.30466585829268"><ele>1323.0</ele></trkpt><trkpt lat="35.08794868679522" lon="-83.30489608584939"><ele>1329.0841142926365</ele></trkpt><trkpt lat="35.08754826860178" lon="-83.30509270901474"><ele>1335.0</ele></trkpt><trkpt lat="35.08718501354158" lon="-83.3054243665365"><ele>1342.0</ele></trkpt><trkpt lat="35.08717805926862" lon="-83.3058596016534"><ele>1351.0</ele></trkpt><trkpt lat="35.087617514314424" lon="-83.30597523719946"><ele>1353.0</ele></trkpt><trkpt lat="35.088061748694564" lon="-83.30608077719756"><ele>1350.7349239856035</ele></trkpt><trkpt lat="35.088473256650296" lon="-83.30631460532021"><ele>1351.0</ele></trkpt><trkpt lat="35.08890746278898" lon="-83.30647411665713"><ele>1356.3050735220158</ele></trkpt><trkpt lat="35.08936235702988" lon="-83.30649915388673"><ele>1364.3231468509227</ele></trkpt><trkpt lat="35.08980050778491" lon="-83.3063418690003"><ele>1371.8061771225184</ele></trkpt><trkpt lat="35.09024246021085" lon="-83.30620940066784"><ele>1380.6661947476987</ele></trkpt><trkpt lat="35.09039" lon="-83.30650385417908"><ele>1390.9987978249915</ele></trkpt><trkpt lat="35.09065455612392" lon="-83.30684344787754"><ele>1402.0</ele></trkpt><trkpt lat="35.091045649770116" lon="-83.3071296186638"><ele>1408.0</ele></trkpt><trkpt lat="35.09141052178322" lon="-83.30734426086745"><ele>1400.7914584486157</ele></trkpt><trkpt lat="35.091865619641716" lon="-83.3073050240081"><ele>1392.9986827825696</ele></trkpt><trkpt lat="35.09231839347133" lon="-83.30723235660334"><ele>1389.0788641022518</ele></trkpt><trkpt lat="35.09276780941622" lon="-83.30713575311428"><ele>1386.354415397746</ele></trkpt><trkpt lat="35.09321756722751" lon="-83.30705292787125"><ele>1381.440849087201</ele></trkpt><trkpt lat="35.09367004058529" lon="-83.30712834009758"><ele>1376.0</ele></trkpt><trkpt lat="35.094026298852555" lon="-83.3074601572908"><ele>1369.0</ele></trkpt><trkpt lat="35.094381291327466" lon="-83.30779280314164"><ele>1365.0</ele></trkpt><trkpt lat="35.09477492932088" lon="-83.30807573044939"><ele>1362.2242512472067</ele></trkpt><trkpt lat="35.09519710177067" lon="-83.30824999999999"><ele>1358.0</ele></trkpt><trkpt lat="35.09564449292007" lon="-83.3083120736554"><ele>1354.8177561146547</ele></trkpt><trkpt lat="35.09604798639234" lon="-83.30856884288718"><ele>1350.0</ele></trkpt><trkpt lat="35.096328651847344" lon="-83.30899423702564"><ele>1354.2087545879185</ele></trkpt><trkpt lat="35.09656791220279" lon="-83.30946269270974"><ele>1358.0</ele></trkpt><trkpt lat="35.09652144298772" lon="-83.30998090364821"><ele>1352.1900263447315</ele></trkpt><trkpt lat="35.0963108899788" lon="-83.31047534394342"><ele>1352.1970501430333</ele></trkpt><trkpt lat="35.09615718504564" lon="-83.31100091565037"><ele>1352.2426023300413</ele></trkpt><trkpt lat="35.09599494571414" lon="-83.31152158235324"><ele>1359.8510416666754</ele></trkpt><trkpt lat="35.095725065327194" lon="-83.31196575711827"><ele>1360.4257562942805</ele></trkpt><trkpt lat="35.09558733804454" lon="-83.31245972909011"><ele>1365.5259033262912</ele></trkpt><trkpt lat="35.095787699879025" lon="-83.31286435998386"><ele>1362.6084829140455</ele></trkpt><trkpt lat="35.096208077432614" lon="-83.31307596795563"><ele>1357.7468366650864</ele></trkpt><trkpt lat="35.09664785332224" lon="-83.31321582358805"><ele>1361.5299772055641</ele></trkpt><trkpt lat="35.097092381080785" lon="-83.31333401063051"><ele>1361.4316583536565</ele></trkpt><trkpt lat="35.09750439893949" lon="-83.31356013209606"><ele>1355.183152321726</ele></trkpt><trkpt lat="35.097763091752384" lon="-83.31401529359702"><ele>1352.0</ele></trkpt><trkpt lat="35.09820196143331" lon="-83.31404790526096"><ele>1367.4512752480805</ele></trkpt><trkpt lat="35.09863073092854" lon="-83.31419060405355"><ele>1361.7342664225407</ele></trkpt><trkpt lat="35.09906757126674" lon="-83.31432887383535"><ele>1357.078030175988</ele></trkpt><trkpt lat="35.0993224228444" lon="-83.31477364739102"><ele>1349.7351468037814</ele></trkpt><trkpt lat="35.09951577435673" lon="-83.31527756238883"><ele>1350.785198979076</ele></trkpt><trkpt lat="35.09975925567531" lon="-83.3157497685824"><ele>1339.756538857706</ele></trkpt><trkpt lat="35.100117193456796" lon="-83.31608574591051"><ele>1343.487667908892</ele></trkpt><trkpt lat="35.10056112486462" lon="-83.31621167182422"><ele>1342.2248893547803</ele></trkpt><trkpt lat="35.10099770103865" lon="-83.31637538788951"><ele>1338.1451176926494</ele></trkpt><trkpt lat="35.10144958975204" lon="-83.31641211072126"><ele>1342.2713150372729</ele></trkpt><trkpt lat="35.101897315352176" lon="-83.31638184186231"><ele>1337.8705323323857</ele></trkpt><trkpt lat="35.102182455122175" lon="-83.3168079707863"><ele>1321.8228988796473</ele></trkpt><trkpt lat="35.102470914625705" lon="-83.3172333536276"><ele>1323.0</ele></trkpt><trkpt lat="35.10261533275974" lon="-83.31776288678574"><ele>1327.0</ele></trkpt><trkpt lat="35.102795144113195" lon="-83.3182606985851"><ele>1334.3950930860537</ele></trkpt><trkpt lat="35.10278960964232" lon="-83.3188110361587"><ele>1341.0</ele></trkpt><trkpt lat="35.102890582422354" lon="-83.31935407695646"><ele>1346.0</ele></trkpt><trkpt lat="35.10296913435217" lon="-83.31990394046514"><ele>1349.0</ele></trkpt><trkpt lat="35.1028413328964" lon="-83.32041458048901"><ele>1344.1816756501794</ele></trkpt><trkpt lat="35.10261088402359" lon="-83.32089340686416"><ele>1336.5955045790272</ele></trkpt><trkpt lat="35.102388117014094" lon="-83.32137580852242"><ele>1328.384416218127</ele></trkpt><trkpt lat="35.102143422661854" lon="-83.32184620278782"><ele>1318.5841885088262</ele></trkpt><trkpt lat="35.101923455499076" lon="-83.3223227225046"><ele>1309.0848780825906</ele></trkpt><trkpt lat="35.10171974962076" lon="-83.32281711862862"><ele>1300.0</ele></trkpt><trkpt lat="35.101487585569416" lon="-83.32329603607647"><ele>1295.0</ele></trkpt><trkpt lat="35.10132071511923" lon="-83.32323375729322"><ele>1288.2026153430343</ele></trkpt><trkpt lat="35.101274194728234" lon="-83.32271395131797"><ele>1280.9122252110392</ele></trkpt><trkpt lat="35.10107615874689" lon="-83.32320014600495"><ele>1275.63155310601</ele></trkpt><trkpt lat="35.10089342678493" lon="-83.32368951189952"><ele>1270.2226641830057</ele></trkpt><trkpt lat="35.10103830235137" lon="-83.3242106478958"><ele>1269.3958687782715</ele></trkpt><trkpt lat="35.10117087960321" lon="-83.32474111047698"><ele>1256.1389021035284</ele></trkpt><trkpt lat="35.10119410664711" lon="-83.32529855953054"><ele>1247.4364704069171</ele></trkpt><trkpt lat="35.10120449661444" lon="-83.32585610833789"><ele>1238.9420265555382</ele></trkpt><trkpt lat="35.10118706646443" lon="-83.32641387313808"><ele>1224.1045598834753</ele></trkpt><trkpt lat="35.101229444068764" lon="-83.32696633085382"><ele>1212.1485115385365</ele></trkpt><trkpt lat="35.101210736955686" lon="-83.32752166221749"><ele>1200.2974936328828</ele></trkpt><trkpt lat="35.10114647905665" lon="-83.3280742801161"><ele>1195.4937113553437</ele></trkpt><trkpt lat="35.101125969283046" lon="-83.32863159813124"><ele>1190.0</ele></trkpt><trkpt lat="35.101110365225956" lon="-83.32918944317228"><ele>1184.8865800428557</ele></trkpt><trkpt lat="35.101068223117" lon="-83.3297433281712"><ele>1178.9984834243967</ele></trkpt><trkpt lat="35.10097357446645" lon="-83.33028937807815"><ele>1177.0</ele></trkpt><trkpt lat="35.10093037761301" lon="-83.3308449022243"><ele>1178.5598475119193</ele></trkpt><trkpt lat="35.10084259035844" lon="-83.33138963856622"><ele>1182.1803433506564</ele></trkpt><trkpt lat="35.10070913956917" lon="-83.33192344172333"><ele>1185.6091034887359</ele></trkpt><trkpt lat="35.10062747664429" lon="-83.33247037369124"><ele>1192.090779762135</ele></trkpt><trkpt lat="35.1006945259401" lon="-83.3330181037604"><ele>1199.9596908737124</ele></trkpt><trkpt lat="35.100662705840286" lon="-83.33356983604293"><ele>1197.0802310351282</ele></trkpt><trkpt lat="35.10063142176964" lon="-83.3341266925004"><ele>1190.2982161995023</ele></trkpt><trkpt lat="35.100563136573456" lon="-83.33467749871774"><ele>1184.4085319004953</ele></trkpt><trkpt lat="35.10042603429188" lon="-83.33520789184868"><ele>1175.598875489086</ele></trkpt><trkpt lat="35.1003399468682" lon="-83.33574952181382"><ele>1177.6377001652368</ele></trkpt><trkpt lat="35.100349149148954" lon="-83.33621446780137"><ele>1174.5429853924848</ele></trkpt><trkpt lat="35.09992508309096" lon="-83.33618663656003"><ele>1160.0453103654295</ele></trkpt><trkpt lat="35.099822093608225" lon="-83.33655026345131"><ele>1147.1509343277266</ele></trkpt><trkpt lat="35.09988129182022" lon="-83.3368954885183"><ele>1136.6767213977873</ele></trkpt><trkpt lat="35.09944431395621" lon="-83.3370575932098"><ele>1130.0</ele></trkpt><trkpt lat="35.0992613985418" lon="-83.33745720291643"><ele>1114.1292813605094</ele></trkpt><trkpt lat="35.09884581056038" lon="-83.33767020978743"><ele>1102.5720934187993</ele></trkpt><trkpt lat="35.098539608065636" lon="-83.33807192575685"><ele>1090.8724252130423</ele></trkpt><trkpt lat="35.09829245384786" lon="-83.3385411395579"><ele>1088.0</ele></trkpt><trkpt lat="35.097958077390686" lon="-83.33889432107442"><ele>1087.0</ele></trkpt><trkpt lat="35.097840686408844" lon="-83.3393459264334"><ele>1077.4780375193805</ele></trkpt><trkpt lat="35.09771633616903" lon="-83.33967146219287"><ele>1065.4809421165007</ele></trkpt><trkpt lat="35.09744763149216" lon="-83.33980754328105"><ele>1050.9125811455492</ele></trkpt><trkpt lat="35.09750200729228" lon="-83.34035397407189"><ele>1036.0428034253418</ele></trkpt><trkpt lat="35.097303207828546" lon="-83.34085205778186"><ele>1021.5125999380181</ele></trkpt><trkpt lat="35.09707530775683" lon="-83.34133530241786"><ele>1021.7379874419421</ele></trkpt><trkpt lat="35.09686738062924" lon="-83.34183176963077"><ele>1023.8944992590696</ele></trkpt><trkpt lat="35.09664405314918" lon="-83.34231392027623"><ele>1021.1738436762244</ele></trkpt><trkpt lat="35.09638028388875" lon="-83.34275925479203"><ele>1023.0</ele></trkpt><trkpt lat="35.09604539368733" lon="-83.34313573949208"><ele>1027.0104452101577</ele></trkpt><trkpt lat="35.09579363043319" lon="-83.34347560507221"><ele>1036.9789361869916</ele></trkpt><trkpt lat="35.0956279021348" lon="-83.34391278318543"><ele>1041.8960052716725</ele></trkpt><trkpt lat="35.09521705491592" lon="-83.34414492424594"><ele>1044.0</ele></trkpt><trkpt lat="35.094870811144986" lon="-83.3444912007804"><ele>1048.9468819774436</ele></trkpt><trkpt lat="35.094663378763435" lon="-83.34498549687325"><ele>1048.298161382787</ele></trkpt><trkpt lat="35.094544091944954" lon="-83.34552240782452"><ele>1051.4375119376928</ele></trkpt><trkpt lat="35.09437801088299" lon="-83.34604231375761"><ele>1054.897165235132</ele></trkpt><trkpt lat="35.09415513378842" lon="-83.34652820486711"><ele>1054.5917794723064</ele></trkpt><trkpt lat="35.094105328946114" lon="-83.34706317434429"><ele>1061.256772342138</ele></trkpt><trkpt lat="35.093710015622676" lon="-83.34733374121227"><ele>1059.1635652938858</ele></trkpt><trkpt lat="35.09333145840972" lon="-83.34764201381977"><ele>1050.3586522173136</ele></trkpt><trkpt lat="35.092945799026296" lon="-83.34793906221253"><ele>1044.0088845081627</ele></trkpt><trkpt lat="35.092567213272964" lon="-83.3482495080543"><ele>1038.5410596644506</ele></trkpt><trkpt lat="35.09225498318429" lon="-83.34864738162682"><ele>1028.8189840149134</ele></trkpt><trkpt lat="35.09189598020086" lon="-83.34896906929703"><ele>1029.2664954010397</ele></trkpt><trkpt lat="35.09177119153193" lon="-83.34949349229629"><ele>1021.5671920860186</ele></trkpt><trkpt lat="35.091578120835806" lon="-83.34999791092544"><ele>1015.4301201254129</ele></trkpt><trkpt lat="35.09144761930427" lon="-83.35053181989795"><ele>1005.8383065717201</ele></trkpt><trkpt lat="35.09125667556118" lon="-83.35103553895246"><ele>1000.7026092167944</ele></trkpt><trkpt lat="35.091125224171705" lon="-83.35156105981288"><ele>989.5078468846742</ele></trkpt><trkpt lat="35.090901273837865" lon="-83.35204570201402"><ele>992.5465000960976</ele></trkpt><trkpt lat="35.090605584533016" lon="-83.35247100854838"><ele>998.5668992428109</ele></trkpt><trkpt lat="35.09030989553948" lon="-83.35289631463498"><ele>994.587240469642</ele></trkpt><trkpt lat="35.08997986917479" lon="-83.35327971960959"><ele>1001.515936599113</ele></trkpt><trkpt lat="35.08965881252703" lon="-83.35367051036714"><ele>1009.6854458227754</ele></trkpt><trkpt lat="35.08940551813851" lon="-83.35413488341273"><ele>1012.1117280870676</ele></trkpt><trkpt lat="35.08915171486128" lon="-83.35459299932849"><ele>1014.5175900422432</ele></trkpt><trkpt lat="35.089017357135745" lon="-83.3549066883052"><ele>1006.0</ele></trkpt><trkpt lat="35.089276880245976" lon="-83.35513504605927"><ele>997.4382314998657</ele></trkpt><trkpt lat="35.08945197130744" lon="-83.35563073113786"><ele>990.0</ele></trkpt><trkpt lat="35.0896227189326" lon="-83.35613927810238"><ele>992.1103375713022</ele></trkpt><trkpt lat="35.0898419934422" lon="-83.35662491802745"><ele>991.2524209320545</ele></trkpt><trkpt lat="35.0898976821539" lon="-83.35717780147715"><ele>988.6282507646829</ele></trkpt><trkpt lat="35.08997519773524" lon="-83.35772677961715"><ele>987.6657878030092</ele></trkpt><trkpt lat="35.08995242937035" lon="-83.35827770878205"><ele>981.9625579342246</ele></trkpt><trkpt lat="35.08981135718864" lon="-83.35879463630536"><ele>982.0997670721263</ele></trkpt><trkpt lat="35.08939072411728" lon="-83.35894410995563"><ele>976.1427225732247</ele></trkpt><trkpt lat="35.088941563135904" lon="-83.35902082442314"><ele>973.3577867378135</ele></trkpt><trkpt lat="35.08849544780386" lon="-83.35906848260127"><ele>969.3403016841039</ele></trkpt><trkpt lat="35.08804563232662" lon="-83.35899107809149"><ele>964.9476132951677</ele></trkpt><trkpt lat="35.08770367734542" lon="-83.35906820640723"><ele>951.9752658341739</ele></trkpt><trkpt lat="35.08768194675001" lon="-83.359263432375"><ele>940.4396253936886</ele></trkpt><trkpt lat="35.08733531274294" lon="-83.35938122934483"><ele>927.7652470450848</ele></trkpt><trkpt lat="35.08718586138778" lon="-83.3595873564354"><ele>916.5547150909738</ele></trkpt><trkpt lat="35.08691699311056" lon="-83.3595130167315"><ele>908.2560115250485</ele></trkpt><trkpt lat="35.086837570405876" lon="-83.3600605282412"><ele>899.0</ele></trkpt><trkpt lat="35.08661941202979" lon="-83.36054553431352"><ele>886.2096511330456</ele></trkpt><trkpt lat="35.08637816107257" lon="-83.36101762416399"><ele>876.4698087815195</ele></trkpt><trkpt lat="35.08611922422909" lon="-83.36146881396338"><ele>871.8678234500778</ele></trkpt><trkpt lat="35.08574820913108" lon="-83.36156650165684"><ele>864.0758240586147</ele></trkpt><trkpt lat="35.085955413997816" lon="-83.36108949050926"><ele>851.2996865353687</ele></trkpt><trkpt lat="35.08569701990138" lon="-83.36106601818972"><ele>835.4289474254474</ele></trkpt><trkpt lat="35.085258793823584" lon="-83.3611983417873"><ele>830.6379207801074</ele></trkpt><trkpt lat="35.0849226037091" lon="-83.36154020358101"><ele>830.5730571281165</ele></trkpt><trkpt lat="35.08456822857535" lon="-83.36185026912241"><ele>835.1174190242818</ele></trkpt><trkpt lat="35.08426681582525" lon="-83.36225350360124"><ele>841.3176123118028</ele></trkpt><trkpt lat="35.084026686908174" lon="-83.36272817704199"><ele>846.7634529629722</ele></trkpt><trkpt lat="35.08377200257317" lon="-83.36318799742685"><ele>852.0451876707375</ele></trkpt><trkpt lat="35.08385031821312" lon="-83.36355337561952"><ele>841.329138061963</ele></trkpt><trkpt lat="35.08413208985867" lon="-83.36397746766673"><ele>834.1174305137247</ele></trkpt><trkpt lat="35.084522114905816" lon="-83.36425589975103"><ele>824.1782811246812</ele></trkpt><trkpt lat="35.084926145895416" lon="-83.36448284376861"><ele>816.2379932180047</ele></trkpt><trkpt lat="35.08456246798039" lon="-83.3645084042927"><ele>806.6431520339102</ele></trkpt><trkpt lat="35.08412414230765" lon="-83.36466494917582"><ele>801.0994085033304</ele></trkpt><trkpt lat="35.08370378252519" lon="-83.36448356975012"><ele>795.9612676120031</ele></trkpt><trkpt lat="35.08341384060146" lon="-83.3647263225562"><ele>791.3523012138903</ele></trkpt><trkpt lat="35.083333277640236" lon="-83.36523041987537"><ele>782.0</ele></trkpt><trkpt lat="35.08293655050968" lon="-83.36546805830322"><ele>769.6325097177178</ele></trkpt><trkpt lat="35.08279874734336" lon="-83.36598813164163"><ele>778.5206525968388</ele></trkpt><trkpt lat="35.08256083960802" lon="-83.36642412274382"><ele>782.4256965221689</ele></trkpt><trkpt lat="35.08266644985673" lon="-83.36696307736388"><ele>792.9643666363464</ele></trkpt><trkpt lat="35.08258951729992" lon="-83.36745531035383"><ele>801.0</ele></trkpt><trkpt lat="35.08225472471255" lon="-83.36712874093206"><ele>807.0</ele></trkpt><trkpt lat="35.08190027166377" lon="-83.36681013583188"><ele>807.2490335644583</ele></trkpt><trkpt lat="35.08147762163152" lon="-83.36659881081576"><ele>808.4015711136162</ele></trkpt><trkpt lat="35.081078635006" lon="-83.36650341248497"><ele>799.5063179759309</ele></trkpt><trkpt lat="35.0808349635361" lon="-83.3669648836324"><ele>804.5592326978222</ele></trkpt><trkpt lat="35.08062551974096" lon="-83.36740084142362"><ele>806.0</ele></trkpt><trkpt lat="35.0808" lon="-83.36791178467898"><ele>799.0</ele></trkpt><trkpt lat="35.08050803529234" lon="-83.3679853764684"><ele>793.1640616767108</ele></trkpt><trkpt lat="35.08021631009156" lon="-83.36758270432496"><ele>788.0996455876157</ele></trkpt><trkpt lat="35.07977751404793" lon="-83.367618921213"><ele>782.2986803269014</ele></trkpt><trkpt lat="35.0793435589607" lon="-83.36778322051967"><ele>780.2040782384574</ele></trkpt><trkpt lat="35.07915" lon="-83.36819990135044"><ele>786.173104038462</ele></trkpt><trkpt lat="35.079096946651084" lon="-83.36874400194705"><ele>785.5395059342094</ele></trkpt><trkpt lat="35.07916091852017" lon="-83.36928011306347"><ele>782.8008639523184</ele></trkpt><trkpt lat="35.079321878589504" lon="-83.36976436423151"><ele>784.9238026839887</ele></trkpt><trkpt lat="35.07940241341456" lon="-83.3702840223576"><ele>775.0</ele></trkpt><trkpt lat="35.079509846119336" lon="-83.37079477030082"><ele>771.0</ele></trkpt><trkpt lat="35.079615670679544" lon="-83.37128096207122"><ele>761.1975073423237</ele></trkpt><trkpt lat="35.07929473356595" lon="-83.37098286718559"><ele>757.1526328606327</ele></trkpt><trkpt lat="35.07889611809672" lon="-83.3710333653099"><ele>749.7363527463749</ele></trkpt><trkpt lat="35.078533944212666" lon="-83.37125521897735"><ele>742.2557210959494</ele></trkpt><trkpt lat="35.07866679350739" lon="-83.37178478268639"><ele>740.7777481993808</ele></trkpt><trkpt lat="35.079046397174444" lon="-83.37206095604421"><ele>731.0730074979365</ele></trkpt><trkpt lat="35.079265241400314" lon="-83.37254855178847"><ele>722.5622737847984</ele></trkpt><trkpt lat="35.07945664203689" lon="-83.3730532840738"><ele>720.1093018380925</ele></trkpt><trkpt lat="35.07972132720938" lon="-83.3735046517942"><ele>716.8426580774576</ele></trkpt><trkpt lat="35.0799431837691" lon="-83.37397679808826"><ele>715.437556986697</ele></trkpt><trkpt lat="35.07994172189152" lon="-83.37443538630639"><ele>714.0</ele></trkpt><trkpt lat="35.079871607315866" lon="-83.37464057342665"><ele>707.0</ele></trkpt><trkpt lat="35.08027" lon="-83.37468266063246"><ele>698.0584894195199</ele></trkpt><trkpt lat="35.08001665335423" lon="-83.37512639359684"><ele>691.8089083819582</ele></trkpt><trkpt lat="35.080107128340465" lon="-83.37523470320971"><ele>684.979949751216</ele></trkpt><trkpt lat="35.07994471264281" lon="-83.37565170115005"><ele>677.5063028838485</ele></trkpt><trkpt lat="35.07985236312874" lon="-83.3761366955314"><ele>657.9039265094325</ele></trkpt><trkpt lat="35.079966636123885" lon="-83.37666382201778"><ele>641.3380517279729</ele></trkpt><trkpt lat="35.080323517554035" lon="-83.37668896105481"><ele>639.0</ele></trkpt><trkpt lat="35.08077276407698" lon="-83.37658881055607"><ele>638.0</ele></trkpt><trkpt lat="35.08122201063977" lon="-83.37648866004845"><ele>638.0</ele></trkpt><trkpt lat="35.08167236602691" lon="-83.37639715113148"><ele>637.0</ele></trkpt><trkpt lat="35.08212513889776" lon="-83.3763244838806"><ele>636.0</ele></trkpt><trkpt lat="35.08257994478044" lon="-83.37629269600876"><ele>635.0</ele></trkpt><trkpt lat="35.08303658668227" lon="-83.37629782681665"><ele>634.0</ele></trkpt><trkpt lat="35.08349282720096" lon="-83.3763180018631"><ele>634.0</ele></trkpt><trkpt lat="35.08394877279629" lon="-83.37634923101345"><ele>633.0</ele></trkpt><trkpt lat="35.08440526615894" lon="-83.37636413543362"><ele>634.0</ele></trkpt><trkpt lat="35.08486143314274" lon="-83.37635128047292"><ele>636.0</ele></trkpt><trkpt lat="35.085314542454356" lon="-83.37628224875712"><ele>636.0</ele></trkpt><trkpt lat="35.08576753180009" lon="-83.376211621386"><ele>636.0</ele></trkpt><trkpt lat="35.08622052116597" lon="-83.37614099401175"><ele>636.7036028057337</ele></trkpt><trkpt lat="35.086673510552" lon="-83.37607036663435"><ele>636.0</ele></trkpt><trkpt lat="35.087100567778286" lon="-83.3758795725714"><ele>636.0</ele></trkpt><trkpt lat="35.08748937930292" lon="-83.37558687176073"><ele>636.0</ele></trkpt><trkpt lat="35.08787819119664" lon="-83.37529417067219"><ele>636.0</ele></trkpt><trkpt lat="35.08829855683308" lon="-83.37508762026391"><ele>635.7943775178865</ele></trkpt><trkpt lat="35.0887523085448" lon="-83.37511156349547"><ele>636.0</ele></trkpt><trkpt lat="35.08919911675615" lon="-83.37522686884031"><ele>635.0</ele></trkpt><trkpt lat="35.08965257869026" lon="-83.37527368672903"><ele>634.0</ele></trkpt><trkpt lat="35.090107502378174" lon="-83.3752264420333"><ele>633.0</ele></trkpt><trkpt lat="35.09056214179351" lon="-83.37517398363923"><ele>632.0</ele></trkpt><trkpt lat="35.09101787865387" lon="-83.37515000000002"><ele>630.0</ele></trkpt><trkpt lat="35.091467884389914" lon="-83.37523716660152"><ele>629.0</ele></trkpt><trkpt lat="35.09191229860283" lon="-83.37536555292968"><ele>631.0</ele></trkpt><trkpt lat="35.09236178689575" lon="-83.37543360710347"><ele>633.0</ele></trkpt><trkpt lat="35.09277987973164" lon="-83.3752410992214"><ele>635.0</ele></trkpt><trkpt lat="35.09314568856711" lon="-83.3749096219642"><ele>636.0</ele></trkpt><trkpt lat="35.09346813292099" lon="-83.37451515735854"><ele>636.0</ele></trkpt><trkpt lat="35.093761323016665" lon="-83.37408725829998"><ele>638.0</ele></trkpt><trkpt lat="35.094002281792456" lon="-83.3736607996349"><ele>637.4991732017031</ele></trkpt><trkpt lat="35.093760775565364" lon="-83.37401715626031"><ele>638.0</ele></trkpt><trkpt lat="35.09410058091498" lon="-83.37373679743317"><ele>640.0</ele></trkpt><trkpt lat="35.09453472113704" lon="-83.37360827828498"><ele>643.0</ele></trkpt><trkpt lat="35.09498890193642" lon="-83.37366637117793"><ele>646.0</ele></trkpt><trkpt lat="35.09544369131495" lon="-83.37370825090287"><ele>649.0</ele></trkpt><trkpt lat="35.09590031634481" lon="-83.37370122590237"><ele>652.0</ele></trkpt><trkpt lat="35.096354856763966" lon="-83.37365126862066"><ele>655.5142555027096</ele></trkpt><trkpt lat="35.09680895651774" lon="-83.37359223565267"><ele>658.0</ele></trkpt><trkpt lat="35.09726128662351" lon="-83.37351665253692"><ele>661.3313326016068</ele></trkpt><trkpt lat="35.097702879667025" lon="-83.37338856016649"><ele>665.0</ele></trkpt><trkpt lat="35.09804070026968" lon="-83.37302614247187"><ele>668.0</ele></trkpt><trkpt lat="35.09834664125393" lon="-83.37261335874607"><ele>671.0</ele></trkpt><trkpt lat="35.09875421478061" lon="-83.37237690603348"><ele>672.0</ele></trkpt><trkpt lat="35.09920761264331" lon="-83.37231529841958"><ele>670.0</ele></trkpt><trkpt lat="35.099662089547024" lon="-83.37229675569414"><ele>666.8580933893099</ele></trkpt><trkpt lat="35.1000667752184" lon="-83.37252677521842"><ele>664.0</ele></trkpt><trkpt lat="35.10041576083013" lon="-83.37288676938195"><ele>661.0</ele></trkpt><trkpt lat="35.10076714494106" lon="-83.37324313741168"><ele>658.0</ele></trkpt><trkpt lat="35.101127985362574" lon="-83.37358523287621"><ele>656.0</ele></trkpt><trkpt lat="35.10149131143992" lon="-83.37392288143685"><ele>653.0</ele></trkpt><trkpt lat="35.1018972417684" lon="-83.3741744008421"><ele>650.0</ele></trkpt><trkpt lat="35.10234637276521" lon="-83.3742592827771"><ele>647.0</ele></trkpt><trkpt lat="35.102800877410445" lon="-83.37420679065735"><ele>644.0</ele></trkpt><trkpt lat="35.10323778759696" lon="-83.37405764995691"><ele>641.0</ele></trkpt><trkpt lat="35.10364368445804" lon="-83.37380348069811"><ele>639.0</ele></trkpt><trkpt lat="35.10407176592528" lon="-83.37361964681496"><ele>637.2068987274542</ele></trkpt><trkpt lat="35.10452360999447" lon="-83.37363768487026"><ele>636.0</ele></trkpt><trkpt lat="35.10494549454135" lon="-83.37383264314944"><ele>636.0</ele></trkpt><trkpt lat="35.10533599420566" lon="-83.37412203134535"><ele>637.0</ele></trkpt><trkpt lat="35.10572649427355" lon="-83.3744114198404"><ele>638.0</ele></trkpt><trkpt lat="35.1061255907931" lon="-83.3746820386475"><ele>639.0</ele></trkpt><trkpt lat="35.1065515662616" lon="-83.37488207890227"><ele>640.0</ele></trkpt><trkpt lat="35.10699527254782" lon="-83.37499698183015"><ele>640.0</ele></trkpt><trkpt lat="35.1074367677548" lon="-83.3748673264179"><ele>639.0</ele></trkpt><trkpt lat="35.10785979506749" lon="-83.37465740313885"><ele>636.0</ele></trkpt><trkpt lat="35.10826485482995" lon="-83.3743996378355"><ele>634.980374352969</ele></trkpt><trkpt lat="35.10865385069415" lon="-83.37410733240199"><ele>634.0</ele></trkpt><trkpt lat="35.10899307983186" lon="-83.37374041482059"><ele>635.0</ele></trkpt><trkpt lat="35.10921555259971" lon="-83.37325895122954"><ele>637.0</ele></trkpt><trkpt lat="35.10938650669108" lon="-83.37274177549656"><ele>639.0</ele></trkpt><trkpt lat="35.10959295416267" lon="-83.37224386443138"><ele>642.0</ele></trkpt><trkpt lat="35.109842744710406" lon="-83.37177747122786"><ele>645.0</ele></trkpt><trkpt lat="35.110153270857055" lon="-83.37137007497154"><ele>648.0445451838896</ele></trkpt><trkpt lat="35.110524639852756" lon="-83.37104632598232"><ele>651.0</ele></trkpt><trkpt lat="35.110913555160955" lon="-83.37075374749358"><ele>653.0</ele></trkpt><trkpt lat="35.11130247110046" lon="-83.37046116852993"><ele>654.0</ele></trkpt><trkpt lat="35.1117047104411" lon="-83.3702002837593"><ele>655.0</ele></trkpt><trkpt lat="35.11213621680553" lon="-83.3700212610648"><ele>655.0</ele></trkpt><trkpt lat="35.112587986982525" lon="-83.36994730652096"><ele>654.0</ele></trkpt><trkpt lat="35.113044505073596" lon="-83.36993333147733"><ele>653.0</ele></trkpt><trkpt lat="35.11350088761901" lon="-83.36991701605442"><ele>652.0</ele></trkpt><trkpt lat="35.113946369973156" lon="-83.36980210172351"><ele>651.0</ele></trkpt><trkpt lat="35.11438100942345" lon="-83.36963118200464"><ele>650.0</ele></trkpt><trkpt lat="35.114814280962825" lon="-83.36945480597976"><ele>649.0</ele></trkpt><trkpt lat="35.11524755261719" lon="-83.36927842990806"><ele>648.5498937871696</ele></trkpt><trkpt lat="35.115680824386544" lon="-83.36910205378956"><ele>648.0</ele></trkpt><trkpt lat="35.11611409627088" lon="-83.36892567762426"><ele>647.0</ele></trkpt><trkpt lat="35.11655811300997" lon="-83.36885202825248"><ele>647.0</ele></trkpt><trkpt lat="35.11699650947834" lon="-83.3690050610537"><ele>648.7378177531064</ele></trkpt><trkpt lat="35.11743906666869" lon="-83.36892455560312"><ele>647.0</ele></trkpt><trkpt lat="35.11787471590761" lon="-83.3687665938996"><ele>646.0</ele></trkpt><trkpt lat="35.11828029926149" lon="-83.368967065682"><ele>648.0</ele></trkpt><trkpt lat="35.118532104069075" lon="-83.36942473366929"><ele>651.0</ele></trkpt><trkpt lat="35.11872297941426" lon="-83.36993191672934"><ele>654.0</ele></trkpt><trkpt lat="35.118960679245305" lon="-83.37040423899373"><ele>657.0</ele></trkpt><trkpt lat="35.11932963984828" lon="-83.37072275050792"><ele>658.0</ele></trkpt><trkpt lat="35.11974869768221" lon="-83.3709446046553"><ele>656.8728990647942</ele></trkpt><trkpt lat="35.12006980277479" lon="-83.37130953980785"><ele>654.0</ele></trkpt><trkpt lat="35.12009039647664" lon="-83.3718656387569"><ele>652.0</ele></trkpt><trkpt lat="35.119954017580646" lon="-83.37239471919355"><ele>650.0</ele></trkpt><trkpt lat="35.11979018589997" lon="-83.37291449265727"><ele>647.0</ele></trkpt><trkpt lat="35.11973502850809" lon="-83.37346588375074"><ele>645.1445322612702</ele></trkpt><trkpt lat="35.11990433648947" lon="-83.373962212673"><ele>643.0</ele></trkpt><trkpt lat="35.120342599282445" lon="-83.3740500094464"><ele>638.7708096597344</ele></trkpt><trkpt lat="35.12079628768484" lon="-83.3739864082685"><ele>635.0</ele></trkpt><trkpt lat="35.121249976103634" lon="-83.37392280708828"><ele>632.0</ele></trkpt><trkpt lat="35.1216754362583" lon="-83.37372475763428"><ele>629.0</ele></trkpt><trkpt lat="35.12209118728789" lon="-83.37349378484006"><ele>625.0</ele></trkpt><trkpt lat="35.122526281062065" lon="-83.37338236174273"><ele>621.2651845896617</ele></trkpt><trkpt lat="35.1225475148313" lon="-83.37375973093"><ele>615.0</ele></trkpt><trkpt lat="35.12236595059477" lon="-83.37427202185008"><ele>619.0</ele></trkpt><trkpt lat="35.12218449431192" lon="-83.37478436900167"><ele>619.0</ele></trkpt><trkpt lat="35.12204673964827" lon="-83.37531376328285"><ele>619.0</ele></trkpt><trkpt lat="35.122043747310634" lon="-83.37587039042215"><ele>619.0</ele></trkpt><trkpt lat="35.122062900043446" lon="-83.3764282137654"><ele>619.0</ele></trkpt><trkpt lat="35.12208205277851" lon="-83.37698603717409"><ele>619.0</ele></trkpt><trkpt lat="35.12210120551582" lon="-83.37754386064826"><ele>619.0</ele></trkpt><trkpt lat="35.12212435426191" lon="-83.37810143950009"><ele>616.1663823011093</ele></trkpt><trkpt lat="35.12214721762432" lon="-83.37865904942012"><ele>619.0</ele></trkpt><trkpt lat="35.1222911710131" lon="-83.37905567556122"><ele>621.0</ele></trkpt><trkpt lat="35.12271003314724" lon="-83.37927457248671"><ele>623.0</ele></trkpt><trkpt lat="35.12313647541229" lon="-83.37947429861084"><ele>623.0</ele></trkpt><trkpt lat="35.12352338830024" lon="-83.3797692203854"><ele>623.0</ele></trkpt><trkpt lat="35.12390692869023" lon="-83.38007226464414"><ele>623.0</ele></trkpt><trkpt lat="35.12427346177644" lon="-83.3804048292827"><ele>623.0</ele></trkpt><trkpt lat="35.12463885880501" lon="-83.38073890749293"><ele>625.0</ele></trkpt><trkpt lat="35.12505600556255" lon="-83.38094934535339"><ele>627.0</ele></trkpt><trkpt lat="35.12551261628145" lon="-83.38094104334034"><ele>627.0</ele></trkpt><trkpt lat="35.125943533329774" lon="-83.3807949743617"><ele>627.0</ele></trkpt><trkpt lat="35.126280028147555" lon="-83.38041903441939"><ele>629.0</ele></trkpt><trkpt lat="35.1266144707963" lon="-83.38004776460184"><ele>629.0</ele></trkpt><trkpt lat="35.1270600246837" lon="-83.38002001234183"><ele>628.0</ele></trkpt><trkpt lat="35.127387563981706" lon="-83.38038526256068"><ele>625.0</ele></trkpt><trkpt lat="35.127613311402555" lon="-83.38087061951552"><ele>623.0</ele></trkpt><trkpt lat="35.127872168583714" lon="-83.38132825287558"><ele>621.0</ele></trkpt><trkpt lat="35.12820588335758" lon="-83.38170588335757"><ele>619.0</ele></trkpt><trkpt lat="35.12865141087768" lon="-83.38175845028216"><ele>620.0</ele></trkpt><trkpt lat="35.12908213311978" lon="-83.38157893344012"><ele>621.0</ele></trkpt><trkpt lat="35.12946883575952" lon="-83.38129224327659"><ele>621.0</ele></trkpt><trkpt lat="35.12981082710067" lon="-83.38092221985832"><ele>621.9148509488377</ele></trkpt><trkpt lat="35.13014090837717" lon="-83.38053686720025"><ele>622.4777642393651</ele></trkpt><trkpt lat="35.13046061993847" lon="-83.38013816807674"><ele>624.0</ele></trkpt><trkpt lat="35.13078033181975" lon="-83.37973946855418"><ele>625.0</ele></trkpt><trkpt lat="35.131188612191224" lon="-83.37951320579353"><ele>624.0</ele></trkpt><trkpt lat="35.131643642556796" lon="-83.3794951289934"><ele>622.0</ele></trkpt><trkpt lat="35.13209773851806" lon="-83.3794686915397"><ele>622.0</ele></trkpt><trkpt lat="35.13254549315534" lon="-83.37935894775606"><ele>624.0</ele></trkpt><trkpt lat="35.132993302442735" lon="-83.37924968548167"><ele>626.8406987103051</ele></trkpt><trkpt lat="35.133448675573355" lon="-83.37925220317621"><ele>629.0</ele></trkpt><trkpt lat="35.13390361762785" lon="-83.37926041577802"><ele>630.0</ele></trkpt><trkpt lat="35.13435082075438" lon="-83.37915082235683"><ele>631.0</ele></trkpt><trkpt lat="35.134787176014406" lon="-83.37898615999458"><ele>632.0</ele></trkpt><trkpt lat="35.13522353137611" lon="-83.37882149759395"><ele>634.0357296697206</ele></trkpt><trkpt lat="35.13566974439715" lon="-83.37881560474162"><ele>635.0</ele></trkpt><trkpt lat="35.13601603967981" lon="-83.37916050616859"><ele>636.3379217440713</ele></trkpt><trkpt lat="35.13619318859986" lon="-83.37966839810527"><ele>638.0</ele></trkpt><trkpt lat="35.136321775303976" lon="-83.38020394058206"><ele>639.0</ele></trkpt><trkpt lat="35.13648380830802" lon="-83.38072283708239"><ele>641.0</ele></trkpt><trkpt lat="35.136478166907274" lon="-83.38127928847861"><ele>641.0</ele></trkpt><trkpt lat="35.136421942741215" lon="-83.38183324051465"><ele>638.7366503947139</ele></trkpt><trkpt lat="35.13635483477481" lon="-83.38238559069964"><ele>636.3657578229904</ele></trkpt><trkpt lat="35.13635206118203" lon="-83.38293995485581"><ele>634.5238175038248</ele></trkpt><trkpt lat="35.13661268613595" lon="-83.38332769342983"><ele>634.0</ele></trkpt><trkpt lat="35.137064381621855" lon="-83.38324556697786"><ele>635.0</ele></trkpt><trkpt lat="35.13751973058088" lon="-83.38325025920989"><ele>635.0</ele></trkpt><trkpt lat="35.137975150572984" lon="-83.38325414157117"><ele>634.0</ele></trkpt><trkpt lat="35.13831071628564" lon="-83.38292762905378"><ele>636.0</ele></trkpt><trkpt lat="35.138515490053024" lon="-83.38242849299576"><ele>641.0</ele></trkpt><trkpt lat="35.138822241937575" lon="-83.38202637015931"><ele>645.0</ele></trkpt><trkpt lat="35.139235485174616" lon="-83.38179236153404"><ele>646.0</ele></trkpt><trkpt lat="35.139663866704105" lon="-83.38159889890781"><ele>647.0</ele></trkpt><trkpt lat="35.14010361559983" lon="-83.38145806685219"><ele>647.0</ele></trkpt><trkpt lat="35.14055981007506" lon="-83.38144999999997"><ele>649.0</ele></trkpt><trkpt lat="35.141016471278974" lon="-83.38144999999997"><ele>652.0</ele></trkpt><trkpt lat="35.14147236503558" lon="-83.38146292232776"><ele>655.2778627946973</ele></trkpt><trkpt lat="35.141863704160045" lon="-83.3816925523023"><ele>655.0</ele></trkpt><trkpt lat="35.14199427274813" lon="-83.38222243192772"><ele>650.0</ele></trkpt><trkpt lat="35.14228462308798" lon="-83.38258065061135"><ele>649.0</ele></trkpt><trkpt lat="35.14273747365379" lon="-83.38253132714556"><ele>650.0</ele></trkpt><trkpt lat="35.14319324448305" lon="-83.38251522946928"><ele>646.8737255667338</ele></trkpt><trkpt lat="35.14364617411451" lon="-83.38258647682702"><ele>643.0</ele></trkpt><trkpt lat="35.144099508317716" lon="-83.38265"><ele>640.0</ele></trkpt><trkpt lat="35.14455616952163" lon="-83.38265000000001"><ele>637.0</ele></trkpt><trkpt lat="35.145012830725534" lon="-83.38265000000001"><ele>634.0</ele></trkpt><trkpt lat="35.14546371645899" lon="-83.3827279688711"><ele>631.1789833693293</ele></trkpt><trkpt lat="35.1459085448742" lon="-83.38285427817418"><ele>629.0</ele></trkpt><trkpt lat="35.146356959583024" lon="-83.38288768014607"><ele>627.0</ele></trkpt><trkpt lat="35.146791264198164" lon="-83.38271710883163"><ele>625.0</ele></trkpt><trkpt lat="35.147218512848404" lon="-83.3825199171469"><ele>623.0</ele></trkpt><trkpt lat="35.14765201078323" lon="-83.38252518217936"><ele>620.0939127754477</ele></trkpt><trkpt lat="35.148021006754426" lon="-83.38285258952487"><ele>620.0</ele></trkpt><trkpt lat="35.14839505828877" lon="-83.38317165426943"><ele>621.0</ele></trkpt><trkpt lat="35.148809421763204" lon="-83.38339939405168"><ele>624.7559553672049</ele></trkpt><trkpt lat="35.1492558743314" lon="-83.38351453715377"><ele>627.0</ele></trkpt><trkpt lat="35.149691479302305" lon="-83.38366971072352"><ele>629.0</ele></trkpt><trkpt lat="35.15001311108296" lon="-83.38405917455896"><ele>632.0</ele></trkpt><trkpt lat="35.15015016805595" lon="-83.38458815004294"><ele>635.0</ele></trkpt><trkpt lat="35.15015533908727" lon="-83.38514662142508"><ele>637.0</ele></trkpt><trkpt lat="35.15017181504549" lon="-83.38570316770469"><ele>638.0</ele></trkpt><trkpt lat="35.150446993329936" lon="-83.38613699332996"><ele>641.0</ele></trkpt><trkpt lat="35.15087559222817" lon="-83.38615161165775"><ele>642.0363044236424</ele></trkpt><trkpt lat="35.151164168199145" lon="-83.38571874770129"><ele>643.6555869933218</ele></trkpt><trkpt lat="35.15153335699759" lon="-83.38539638666855"><ele>644.4393596297189</ele></trkpt><trkpt lat="35.15193586674704" lon="-83.38529190006028"><ele>645.0</ele></trkpt><trkpt lat="35.152183332112386" lon="-83.38575567300276"><ele>643.0</ele></trkpt><trkpt lat="35.15240791166319" lon="-83.38624170926151"><ele>641.0</ele></trkpt><trkpt lat="35.152714782676746" lon="-83.38665005934112"><ele>637.0</ele></trkpt><trkpt lat="35.15312934838854" lon="-83.38687052598112"><ele>634.3322834465653</ele></trkpt><trkpt lat="35.15357816113544" lon="-83.3869736316122"><ele>631.0</ele></trkpt><trkpt lat="35.154005608079345" lon="-83.38715536484759"><ele>629.0</ele></trkpt><trkpt lat="35.15435033985258" lon="-83.38751990968511"><ele>627.8925143714432</ele></trkpt><trkpt lat="35.1546903791693" lon="-83.38789268565137"><ele>626.0</ele></trkpt><trkpt lat="35.1548773801901" lon="-83.38838532906455"><ele>625.0</ele></trkpt><trkpt lat="35.1548083561117" lon="-83.38893634071201"><ele>624.0</ele></trkpt><trkpt lat="35.154640986158284" lon="-83.38945460702156"><ele>623.0</ele></trkpt><trkpt lat="35.15445000348467" lon="-83.38996141413497"><ele>621.0347277680168</ele></trkpt><trkpt lat="35.15434359271456" lon="-83.39050391280779"><ele>620.0</ele></trkpt><trkpt lat="35.1543396124765" lon="-83.39105919974932"><ele>619.3478188365698</ele></trkpt><trkpt lat="35.15447222776315" lon="-83.39158939058385"><ele>621.0</ele></trkpt><trkpt lat="35.15468332700216" lon="-83.3920833270022"><ele>620.4427486990426</ele></trkpt><trkpt lat="35.15509667865665" lon="-83.39231000553382"><ele>622.0</ele></trkpt><trkpt lat="35.15550942019955" lon="-83.39254853025888"><ele>623.0</ele></trkpt><trkpt lat="35.15592018854332" lon="-83.39279255775926"><ele>625.0</ele></trkpt><trkpt lat="35.15632933520759" lon="-83.39304063763718"><ele>626.0</ele></trkpt><trkpt lat="35.156738482546075" lon="-83.39328871792387"><ele>627.0</ele></trkpt><trkpt lat="35.15714763008752" lon="-83.3935367983336"><ele>625.0</ele></trkpt><trkpt lat="35.157556777831935" lon="-83.3937848788664"><ele>623.0</ele></trkpt><trkpt lat="35.15796592594542" lon="-83.39403295962302"><ele>621.0</ele></trkpt><trkpt lat="35.15840410133652" lon="-83.39416786328881"><ele>620.0</ele></trkpt><trkpt lat="35.15885881382251" lon="-83.39412545874002"><ele>620.0</ele></trkpt><trkpt lat="35.15926776339067" lon="-83.39405015401313"><ele>622.0</ele></trkpt><trkpt lat="35.15939143123263" lon="-83.39458510670508"><ele>623.6144764795899</ele></trkpt><trkpt lat="35.15949819287013" lon="-83.39512819851329"><ele>624.0</ele></trkpt><trkpt lat="35.159684599375765" lon="-83.39563355416837"><ele>622.0</ele></trkpt><trkpt lat="35.15981600242785" lon="-83.39616135680254"><ele>621.0</ele></trkpt><trkpt lat="35.15982" lon="-83.3967196222137"><ele>621.3153134618211</ele></trkpt><trkpt lat="35.15987051263289" lon="-83.3972709819366"><ele>627.0</ele></trkpt><trkpt lat="35.16007085449119" lon="-83.39777138173041"><ele>634.0</ele></trkpt><trkpt lat="35.16034634942872" lon="-83.398216862906"><ele>640.0</ele></trkpt><trkpt lat="35.160616064726625" lon="-83.39866740724808"><ele>645.4829605900782</ele></trkpt><trkpt lat="35.16087210480133" lon="-83.39912993030426"><ele>650.0</ele></trkpt><trkpt lat="35.16112814473943" lon="-83.39959245490807"><ele>652.7863112129271</ele></trkpt><trkpt lat="35.161406718392016" lon="-83.40003488069154"><ele>650.0</ele></trkpt><trkpt lat="35.161754980882385" lon="-83.40039469238758"><ele>648.0</ele></trkpt><trkpt lat="35.16215201002429" lon="-83.40067059196726"><ele>646.0202622208744</ele></trkpt><trkpt lat="35.1625576349935" lon="-83.40092647310261"><ele>646.0</ele></trkpt><trkpt lat="35.162976616589475" lon="-83.40114866031259"><ele>647.0</ele></trkpt><trkpt lat="35.16333087751468" lon="-83.40148275968244"><ele>650.0</ele></trkpt><trkpt lat="35.16360922974136" lon="-83.40192559277033"><ele>652.0</ele></trkpt><trkpt lat="35.16393090535657" lon="-83.40231636031695"><ele>650.0</ele></trkpt><trkpt lat="35.16434545814758" lon="-83.40254645823855"><ele>645.0</ele></trkpt><trkpt lat="35.16474212595148" lon="-83.40281992573398"><ele>642.6247309530154</ele></trkpt><trkpt lat="35.165162024432846" lon="-83.4030252695876"><ele>643.0</ele></trkpt><trkpt lat="35.165612421079736" lon="-83.40309354800016"><ele>643.0</ele></trkpt><trkpt lat="35.16603948603168" lon="-83.40329137955881"><ele>639.4077940322459</ele></trkpt><trkpt lat="35.16646655139597" lon="-83.40348921130843"><ele>637.0</ele></trkpt><trkpt lat="35.16689361690678" lon="-83.40368704312591"><ele>636.0</ele></trkpt><trkpt lat="35.167317357286535" lon="-83.40379892301796"><ele>636.0</ele></trkpt><trkpt lat="35.167266631313616" lon="-83.40435409036627"><ele>638.1219848841429</ele></trkpt><trkpt lat="35.16721590535632" lon="-83.40490925754357"><ele>642.0</ele></trkpt><trkpt lat="35.16716517941465" lon="-83.40546442454985"><ele>645.0</ele></trkpt><trkpt lat="35.16711445353902" lon="-83.40601959106422"><ele>648.0</ele></trkpt><trkpt lat="35.16706372772802" lon="-83.40657475713382"><ele>650.0106066694987</ele></trkpt><trkpt lat="35.167013001932645" lon="-83.4071299230324"><ele>653.0</ele></trkpt><trkpt lat="35.166962276152894" lon="-83.40768508875998"><ele>654.0</ele></trkpt><trkpt lat="35.16739128612204" lon="-83.40763037794672"><ele>654.0</ele></trkpt><trkpt lat="35.16784493883408" lon="-83.40757065209604"><ele>655.0</ele></trkpt><trkpt lat="35.16830056873152" lon="-83.40753312963386"><ele>655.0</ele></trkpt><trkpt lat="35.168756701692374" lon="-83.40750780677976"><ele>653.0</ele></trkpt><trkpt lat="35.16921310542895" lon="-83.40748905046183"><ele>652.0</ele></trkpt><trkpt lat="35.169669509168386" lon="-83.40747029414376"><ele>652.0</ele></trkpt><trkpt lat="35.17012591291071" lon="-83.40745153782558"><ele>653.0</ele></trkpt><trkpt lat="35.170582316655576" lon="-83.40743278150728"><ele>653.0</ele></trkpt><trkpt lat="35.17055353047189" lon="-83.40783490443442"><ele>653.0</ele></trkpt><trkpt lat="35.17078682129326" lon="-83.40831227727475"><ele>655.0</ele></trkpt><trkpt lat="35.17117516306452" lon="-83.40859249435148"><ele>657.0</ele></trkpt><trkpt lat="35.171547749899695" lon="-83.40890662484958"><ele>660.0</ele></trkpt><trkpt lat="35.17177067461105" lon="-83.40939047869082"><ele>663.0</ele></trkpt><trkpt lat="35.1718661674702" lon="-83.40993508855634"><ele>664.0</ele></trkpt><trkpt lat="35.17189397834193" lon="-83.41049201767375"><ele>662.5328428572219</ele></trkpt><trkpt lat="35.17195264015508" lon="-83.41104604590905"><ele>662.0</ele></trkpt><trkpt lat="35.17196258059641" lon="-83.41160322839042"><ele>663.0</ele></trkpt><trkpt lat="35.171952042706785" lon="-83.41216173654058"><ele>663.6580552381128</ele></trkpt><trkpt lat="35.17190298146164" lon="-83.41271667611439"><ele>664.0</ele></trkpt><trkpt lat="35.1718124699157" lon="-83.4132638311275"><ele>665.0</ele></trkpt><trkpt lat="35.171747620161085" lon="-83.41381240322168"><ele>666.0</ele></trkpt><trkpt lat="35.17193693062396" lon="-83.41431694152523"><ele>667.0</ele></trkpt><trkpt lat="35.172131436582305" lon="-83.41482145901276"><ele>667.0</ele></trkpt><trkpt lat="35.17214663280366" lon="-83.41536908077921"><ele>668.0</ele></trkpt><trkpt lat="35.17198662066077" lon="-83.41588689669618"><ele>670.3772227041895</ele></trkpt><trkpt lat="35.17227474631076" lon="-83.41626162262835"><ele>668.8839177749435</ele></trkpt><trkpt lat="35.17265270034452" lon="-83.41656875376974"><ele>665.6334420954809</ele></trkpt><trkpt lat="35.172932963841845" lon="-83.41700724696334"><ele>663.0</ele></trkpt><trkpt lat="35.173210402699056" lon="-83.41745095430163"><ele>660.0</ele></trkpt><trkpt lat="35.173521953357366" lon="-83.4178586323938"><ele>657.0</ele></trkpt><trkpt lat="35.173840831883396" lon="-83.41825853985425"><ele>653.8837028350681</ele></trkpt><trkpt lat="35.1740486709558" lon="-83.41874435156213"><ele>650.0</ele></trkpt><trkpt lat="35.174099392877864" lon="-83.41929571511443"><ele>646.9569302537634</ele></trkpt><trkpt lat="35.17411335314209" lon="-83.41985412568344"><ele>643.0</ele></trkpt><trkpt lat="35.1741989376794" lon="-83.4203962818779"><ele>643.0</ele></trkpt><trkpt lat="35.17441519919637" lon="-83.42087749003237"><ele>643.0</ele></trkpt><trkpt lat="35.17476228080065" lon="-83.42123851495855"><ele>645.0</ele></trkpt><trkpt lat="35.175162761515715" lon="-83.42150683652626"><ele>648.0</ele></trkpt><trkpt lat="35.17558107532061" lon="-83.42173093320747"><ele>651.5389001173755</ele></trkpt><trkpt lat="35.17587781011524" lon="-83.42211786832269"><ele>655.0</ele></trkpt><trkpt lat="35.176010677702806" lon="-83.42265183652252"><ele>659.8019796303035</ele></trkpt><trkpt lat="35.17609938879521" lon="-83.42319655349452"><ele>663.0303065710498</ele></trkpt><trkpt lat="35.17606377472033" lon="-83.42375330395718"><ele>664.906545098871</ele></trkpt><trkpt lat="35.17599918286569" lon="-83.42430637171256"><ele>665.5892589353025</ele></trkpt><trkpt lat="35.175934591036196" lon="-83.42485943925261"><ele>665.0</ele></trkpt><trkpt lat="35.175973877112796" lon="-83.42540550845118"><ele>664.0</ele></trkpt><trkpt lat="35.17606645934025" lon="-83.42595084219415"><ele>666.0</ele></trkpt><trkpt lat="35.17628085939555" lon="-83.42642552213073"><ele>665.0</ele></trkpt><trkpt lat="35.17657067261016" lon="-83.4268504748074"><ele>664.0</ele></trkpt><trkpt lat="35.17672492275637" lon="-83.42737632757854"><ele>664.0</ele></trkpt><trkpt lat="35.176921976103124" lon="-83.42787898216272"><ele>664.0</ele></trkpt><trkpt lat="35.17713670287603" lon="-83.42837205845606"><ele>666.0</ele></trkpt><trkpt lat="35.17733700230495" lon="-83.42887260875881"><ele>668.0</ele></trkpt><trkpt lat="35.177423500198735" lon="-83.42942037644083"><ele>671.0</ele></trkpt><trkpt lat="35.17766285070704" lon="-83.4298806861097"><ele>672.0</ele></trkpt><trkpt lat="35.1779802996398" lon="-83.43028029963982"><ele>671.0</ele></trkpt><trkpt lat="35.17836538392047" lon="-83.43057938804343"><ele>670.0</ele></trkpt><trkpt lat="35.178648510293065" lon="-83.43100574387996"><ele>671.0</ele></trkpt><trkpt lat="35.17886152591526" lon="-83.43149994005836"><ele>672.0</ele></trkpt><trkpt lat="35.1790745418922" lon="-83.43199413718989"><ele>675.0</ele></trkpt><trkpt lat="35.179324693460224" lon="-83.43246132852153"><ele>677.0</ele></trkpt><trkpt lat="35.179598676374034" lon="-83.43290616504697"><ele>678.0</ele></trkpt><trkpt lat="35.17999372703889" lon="-83.43316011811167"><ele>678.0</ele></trkpt><trkpt lat="35.18042430618133" lon="-83.43333886123627"><ele>679.7165470775217</ele></trkpt><trkpt lat="35.18076211684104" lon="-83.43370052410151"><ele>686.2298941181915</ele></trkpt><trkpt lat="35.18110910698801" lon="-83.43405948777526"><ele>693.2689951825887</ele></trkpt><trkpt lat="35.18127562078893" lon="-83.43457044032525"><ele>692.7727499218581</ele></trkpt><trkpt lat="35.18158447754931" lon="-83.43489761225348"><ele>691.0</ele></trkpt><trkpt lat="35.18129558771043" lon="-83.43525191377665"><ele>694.0256920840727</ele></trkpt><trkpt lat="35.18134821185612" lon="-83.43579136502936"><ele>699.916475946256</ele></trkpt><trkpt lat="35.1814827081716" lon="-83.43632506874361"><ele>709.0</ele></trkpt><trkpt lat="35.18159035111066" lon="-83.43686739925617"><ele>719.2028353065252</ele></trkpt><trkpt lat="35.18167083559412" lon="-83.43741737655978"><ele>727.7919857464731</ele></trkpt><trkpt lat="35.18190590087909" lon="-83.4378882550375"><ele>730.1952158268541</ele></trkpt><trkpt lat="35.18210406096245" lon="-83.43839034646095"><ele>735.3328316161853</ele></trkpt><trkpt lat="35.18243989180819" lon="-83.43872056277841"><ele>739.0</ele></trkpt><trkpt lat="35.182697350223286" lon="-83.43914907088245"><ele>745.0</ele></trkpt><trkpt lat="35.182995336426345" lon="-83.43956223201792"><ele>753.018768859355</ele></trkpt><trkpt lat="35.18337200916653" lon="-83.43987100458328"><ele>754.6698443591595</ele></trkpt><trkpt lat="35.18382336476164" lon="-83.43989360783735"><ele>755.2904223096516</ele></trkpt><trkpt lat="35.18427394889173" lon="-83.43992971970447"><ele>752.985272531375</ele></trkpt><trkpt lat="35.18462987898215" lon="-83.44023993949108"><ele>751.0</ele></trkpt><trkpt lat="35.18508042880444" lon="-83.44031759380096"><ele>759.1427216641605</ele></trkpt><trkpt lat="35.18551647307558" lon="-83.44047053944965"><ele>766.2705055093393</ele></trkpt><trkpt lat="35.18593212802425" lon="-83.44067000000001"><ele>775.3394504962489</ele></trkpt><trkpt lat="35.18638360281743" lon="-83.4407305636934"><ele>783.870996825397</ele></trkpt><trkpt lat="35.186518814214864" lon="-83.44121494016474"><ele>788.7723977249116</ele></trkpt><trkpt lat="35.18679895820842" lon="-83.44162482132153"><ele>797.8617989048362</ele></trkpt><trkpt lat="35.187122144354724" lon="-83.44201428870949"><ele>803.5042121350367</ele></trkpt><trkpt lat="35.187333935826885" lon="-83.44250621627339"><ele>812.040842027166</ele></trkpt><trkpt lat="35.187610721437395" lon="-83.44292265589327"><ele>822.0561140635982</ele></trkpt><trkpt lat="35.18796007626604" lon="-83.44328021354494"><ele>827.1238087019765</ele></trkpt><trkpt lat="35.188095425863494" lon="-83.443810851727"><ele>830.9921957879885</ele></trkpt><trkpt lat="35.18844070965525" lon="-83.44414023655176"><ele>838.238497183493</ele></trkpt><trkpt lat="35.188878548762865" lon="-83.44407736150958"><ele>844.1481163399294</ele></trkpt><trkpt lat="35.189282812732614" lon="-83.44381747752905"><ele>851.0895141037181</ele></trkpt><trkpt lat="35.18972851879165" lon="-83.44372172838366"><ele>857.7868916280568</ele></trkpt><trkpt lat="35.18968528444874" lon="-83.44408528444873"><ele>869.0</ele></trkpt><trkpt lat="35.19000477842556" lon="-83.44440401924244"><ele>876.598480399291</ele></trkpt><trkpt lat="35.18998402682454" lon="-83.44495438448509"><ele>885.8269022386521</ele></trkpt><trkpt lat="35.18993694219315" lon="-83.44550702891881"><ele>889.1419051140547</ele></trkpt><trkpt lat="35.18982945734008" lon="-83.4460501102817"><ele>891.3062035776143</ele></trkpt><trkpt lat="35.189642055746646" lon="-83.4465500239592"><ele>892.1940152923777</ele></trkpt><trkpt lat="35.18948315619533" lon="-83.44707121579447"><ele>897.1798367588382</ele></trkpt><trkpt lat="35.189378730578184" lon="-83.44760792728007"><ele>899.4131666077301</ele></trkpt><trkpt lat="35.18922387299446" lon="-83.44811717740095"><ele>898.1090472284704</ele></trkpt><trkpt lat="35.18889081364772" lon="-83.44847541362924"><ele>903.8115955227986</ele></trkpt><trkpt lat="35.188578312796935" lon="-83.44887213980842"><ele>908.542455485433</ele></trkpt><trkpt lat="35.188521663188155" lon="-83.44942228019742"><ele>913.8883270919323</ele></trkpt><trkpt lat="35.18838422279798" lon="-83.44995431532182"><ele>918.5990845263004</ele></trkpt><trkpt lat="35.188360636404056" lon="-83.45050972704365"><ele>921.3846562271938</ele></trkpt><trkpt lat="35.18803491318768" lon="-83.45087126377359"><ele>924.6661448295658</ele></trkpt><trkpt lat="35.187618125637556" lon="-83.45109833621478"><ele>930.5617331005633</ele></trkpt><trkpt lat="35.187203311002314" lon="-83.45132899153668"><ele>934.4898222541011</ele></trkpt><trkpt lat="35.18735951831128" lon="-83.45164459859274"><ele>939.1636610714123</ele></trkpt><trkpt lat="35.18762942696933" lon="-83.45207254832232"><ele>946.1321218184413</ele></trkpt><trkpt lat="35.18795707908875" lon="-83.45243315951758"><ele>951.4727793997154</ele></trkpt><trkpt lat="35.18835665640837" lon="-83.45268047325955"><ele>956.7053365064785</ele></trkpt><trkpt lat="35.18881234439135" lon="-83.45269982196258"><ele>959.8158945040777</ele></trkpt><trkpt lat="35.189200020670626" lon="-83.45298867769097"><ele>958.6839379128069</ele></trkpt><trkpt lat="35.18942" lon="-83.45339103661942"><ele>951.728450404617</ele></trkpt><trkpt lat="35.189476625512064" lon="-83.45394267488335"><ele>954.0</ele></trkpt><trkpt lat="35.18962215712164" lon="-83.45447090278923"><ele>961.0</ele></trkpt><trkpt lat="35.189785258356565" lon="-83.45499282646335"><ele>970.5364530703098</ele></trkpt><trkpt lat="35.18997274550848" lon="-83.45550143961864"><ele>983.577638422139</ele></trkpt><trkpt lat="35.19010296130898" lon="-83.45603698474504"><ele>995.2812002348181</ele></trkpt><trkpt lat="35.1903651408597" lon="-83.4564653838167"><ele>1009.0</ele></trkpt><trkpt lat="35.19068913757294" lon="-83.45685245300241"><ele>1020.7329745802085</ele></trkpt><trkpt lat="35.19086857639745" lon="-83.45736288198727"><ele>1027.0</ele></trkpt><trkpt lat="35.19101640930527" lon="-83.45788587997286"><ele>1034.0</ele></trkpt><trkpt lat="35.19137459145844" lon="-83.45823250786304"><ele>1037.0047570747292</ele></trkpt><trkpt lat="35.191722654918166" lon="-83.45859318590183"><ele>1044.9731118120253</ele></trkpt><trkpt lat="35.191988917468976" lon="-83.45904546381492"><ele>1053.9247228978202</ele></trkpt><trkpt lat="35.192208418790074" lon="-83.45953396558404"><ele>1067.0</ele></trkpt><trkpt lat="35.192407716233944" lon="-83.46003673868111"><ele>1079.1563461548558</ele></trkpt><trkpt lat="35.19264471346426" lon="-83.46051035212965"><ele>1081.5548612251878</ele></trkpt><trkpt lat="35.19264811166562" lon="-83.46103437715003"><ele>1081.0</ele></trkpt><trkpt lat="35.192645608242486" lon="-83.46159087967735"><ele>1077.0</ele></trkpt><trkpt lat="35.19269" lon="-83.46214625455869"><ele>1076.8625918626785</ele></trkpt><trkpt lat="35.19274844380803" lon="-83.46269682999215"><ele>1075.5297254882753</ele></trkpt><trkpt lat="35.192778165903505" lon="-83.46325235928077"><ele>1068.851244031645</ele></trkpt><trkpt lat="35.19271865058366" lon="-83.46380386355385"><ele>1067.2287395764142</ele></trkpt><trkpt lat="35.19268" lon="-83.46435730691707"><ele>1059.5671398602426</ele></trkpt><trkpt lat="35.192708132483446" lon="-83.46490955838853"><ele>1050.1714463252574</ele></trkpt><trkpt lat="35.19279126858494" lon="-83.46536588800944"><ele>1038.9985999921203</ele></trkpt><trkpt lat="35.19323653482009" lon="-83.46546896257742"><ele>1028.7185376184061</ele></trkpt><trkpt lat="35.193504802681446" lon="-83.46586236039059"><ele>1016.6032561510801</ele></trkpt><trkpt lat="35.19374922727845" lon="-83.46632878572328"><ele>1013.5421771612018</ele></trkpt><trkpt lat="35.19404046783424" lon="-83.46675813150517"><ele>1028.1509494986385</ele></trkpt><trkpt lat="35.19436392721498" lon="-83.46715259416465"><ele>1045.0</ele></trkpt><trkpt lat="35.194534014843626" lon="-83.467659762031"><ele>1052.0</ele></trkpt><trkpt lat="35.19482280257492" lon="-83.46809065289682"><ele>1058.0</ele></trkpt><trkpt lat="35.19516892370831" lon="-83.46845345871557"><ele>1064.0</ele></trkpt><trkpt lat="35.195591295193346" lon="-83.4686361871043"><ele>1072.0</ele></trkpt><trkpt lat="35.19603159211067" lon="-83.468779091415"><ele>1078.701736630872</ele></trkpt><trkpt lat="35.19642816057345" lon="-83.4690455662058"><ele>1094.0</ele></trkpt><trkpt lat="35.19674992191887" lon="-83.46944016897581"><ele>1106.0</ele></trkpt><trkpt lat="35.19697562900904" lon="-83.46991789571729"><ele>1108.5396968033165</ele></trkpt><trkpt lat="35.197050744653524" lon="-83.47046473331835"><ele>1111.0</ele></trkpt><trkpt lat="35.19699908230741" lon="-83.47101338694726"><ele>1115.8772348444909</ele></trkpt><trkpt lat="35.19682808563907" lon="-83.47153155866947"><ele>1117.0</ele></trkpt><trkpt lat="35.19667034425786" lon="-83.47205483062473"><ele>1125.3345480738208</ele></trkpt><trkpt lat="35.19672620688699" lon="-83.47260034478856"><ele>1133.3152149971575</ele></trkpt><trkpt lat="35.19692054017486" lon="-83.47310108034974"><ele>1134.4340603165329</ele></trkpt><trkpt lat="35.19715887979223" lon="-83.47357775958446"><ele>1130.990471387282</ele></trkpt><trkpt lat="35.19733196849855" lon="-83.47409281645663"><ele>1123.6795427398756</ele></trkpt><trkpt lat="35.19738624856776" lon="-83.47463656500639"><ele>1118.9573236182332</ele></trkpt><trkpt lat="35.197049964076946" lon="-83.4750050269423"><ele>1111.4732882427052</ele></trkpt><trkpt lat="35.19663077896544" lon="-83.47521489396135"><ele>1101.4747844627127</ele></trkpt><trkpt lat="35.19625" lon="-83.47544419661504"><ele>1093.8642846648265</ele></trkpt><trkpt lat="35.19638043339064" lon="-83.47596563407828"><ele>1079.1341006886214</ele></trkpt><trkpt lat="35.19630952238255" lon="-83.47650028806879"><ele>1064.7911110651658</ele></trkpt><trkpt lat="35.195995965227425" lon="-83.47689522781806"><ele>1051.0</ele></trkpt><trkpt lat="35.19573534625439" lon="-83.47735292838469"><ele>1049.0</ele></trkpt><trkpt lat="35.19566004768815" lon="-83.47789130594477"><ele>1044.8950462027772</ele></trkpt><trkpt lat="35.19535533258685" lon="-83.47829550097977"><ele>1051.0</ele></trkpt><trkpt lat="35.195035255100244" lon="-83.4786899016067"><ele>1060.746179842019</ele></trkpt><trkpt lat="35.19472851812793" lon="-83.4790962176287"><ele>1071.253326506354</ele></trkpt><trkpt lat="35.19448351657791" lon="-83.47956751629158"><ele>1082.1657913587987</ele></trkpt><trkpt lat="35.19426952263947" lon="-83.48005919782935"><ele>1091.7865452319384</ele></trkpt><trkpt lat="35.194158941832384" lon="-83.48059728805046"><ele>1098.9362463480259</ele></trkpt><trkpt lat="35.1939079072809" lon="-83.48104062391482"><ele>1098.0</ele></trkpt><trkpt lat="35.19351028860604" lon="-83.48131346847894"><ele>1094.0</ele></trkpt><trkpt lat="35.19316434343375" lon="-83.48167348484937"><ele>1094.0</ele></trkpt><trkpt lat="35.19290433073703" lon="-83.48213133852597"><ele>1088.0</ele></trkpt><trkpt lat="35.192618008818506" lon="-83.48256452184205"><ele>1082.0</ele></trkpt><trkpt lat="35.19240847534373" lon="-83.4830539641063"><ele>1072.1980681447312</ele></trkpt><trkpt lat="35.192248407584685" lon="-83.4835713807069"><ele>1060.084706839174</ele></trkpt><trkpt lat="35.192222732266956" lon="-83.48412885118623"><ele>1051.8953005084768</ele></trkpt><trkpt lat="35.19213995476573" lon="-83.48467623521822"><ele>1064.7701775692403</ele></trkpt><trkpt lat="35.19201195094578" lon="-83.4852109222152"><ele>1078.1522165357399</ele></trkpt><trkpt lat="35.19178601463651" lon="-83.48568265081045"><ele>1084.1272667778312</ele></trkpt><trkpt lat="35.19137565367426" lon="-83.48591973853031"><ele>1082.7092924916092</ele></trkpt><trkpt lat="35.19092762016495" lon="-83.48596934401468"><ele>1079.0</ele></trkpt><trkpt lat="35.19047211532386" lon="-83.48597039011509"><ele>1072.7562830881875</ele></trkpt><trkpt lat="35.19002783331563" lon="-83.4860907222281"><ele>1066.6748821754009</ele></trkpt><trkpt lat="35.189582066931834" lon="-83.48621042054337"><ele>1063.0873869798093</ele></trkpt><trkpt lat="35.18913581661929" lon="-83.4863282550142"><ele>1050.6050520101562</ele></trkpt><trkpt lat="35.188816625708796" lon="-83.48667843572798"><ele>1038.2122558631195</ele></trkpt><trkpt lat="35.18844900684395" lon="-83.48695210933674"><ele>1032.5313333384693</ele></trkpt><trkpt lat="35.18800941358943" lon="-83.48709486531484"><ele>1022.8784225611016</ele></trkpt><trkpt lat="35.187643867529225" lon="-83.4874037857998"><ele>1015.9026001255202</ele></trkpt><trkpt lat="35.187487884556504" lon="-83.48792509671318"><ele>1007.0958939299843</ele></trkpt><trkpt lat="35.18742152889183" lon="-83.48846764814202"><ele>1011.2970639504492</ele></trkpt><trkpt lat="35.187153705417664" lon="-83.48891707580879"><ele>1019.981585797922</ele></trkpt><trkpt lat="35.18688793107917" lon="-83.48936448244578"><ele>1013.8309814464301</ele></trkpt><trkpt lat="35.186858029142535" lon="-83.48991904913107"><ele>1007.0</ele></trkpt><trkpt lat="35.18700930873512" lon="-83.49040920130453"><ele>1014.803089428693</ele></trkpt><trkpt lat="35.18672039883563" lon="-83.49083278521096"><ele>1023.0</ele></trkpt><trkpt lat="35.18639028937122" lon="-83.4912176238174"><ele>1019.7698627438248</ele></trkpt><trkpt lat="35.18598642143855" lon="-83.49146773570885"><ele>1012.9885155995573</ele></trkpt><trkpt lat="35.185617599240636" lon="-83.49177890123396"><ele>1000.9051915106791</ele></trkpt><trkpt lat="35.18560473653723" lon="-83.49223964871629"><ele>988.3212039003731</ele></trkpt><trkpt lat="35.18581055173335" lon="-83.49271489660961"><ele>976.812274851866</ele></trkpt><trkpt lat="35.18596254214805" lon="-83.49323844974222"><ele>966.5666365819052</ele></trkpt><trkpt lat="35.18604946108675" lon="-83.49377269456626"><ele>962.6895794371388</ele></trkpt><trkpt lat="35.18574343492133" lon="-83.49416447585573"><ele>970.4050458883208</ele></trkpt><trkpt lat="35.18554960044255" lon="-83.49460400110634"><ele>977.1088916808957</ele></trkpt><trkpt lat="35.185780747160116" lon="-83.49507938112014"><ele>986.2269838862121</ele></trkpt><trkpt lat="35.18595436920993" lon="-83.49558165361168"><ele>996.5929299173877</ele></trkpt><trkpt lat="35.18595" lon="-83.49613566516166"><ele>1006.7742990977118</ele></trkpt><trkpt lat="35.18605406298468" lon="-83.49667364002003"><ele>1017.0</ele></trkpt><trkpt lat="35.18619674979476" lon="-83.49720256029357"><ele>1027.0</ele></trkpt><trkpt lat="35.186273314351745" lon="-83.4977518207006"><ele>1037.0003026667982</ele></trkpt><trkpt lat="35.186528091170885" lon="-83.49819734686906"><ele>1041.8698479341008</ele></trkpt><trkpt lat="35.186868913397525" lon="-83.49856782679505"><ele>1052.0</ele></trkpt><trkpt lat="35.18677877355838" lon="-83.49907806610403"><ele>1056.0511577054858</ele></trkpt><trkpt lat="35.1866646508853" lon="-83.49960861547355"><ele>1051.5435813069344</ele></trkpt><trkpt lat="35.18659414839525" lon="-83.50014743115155"><ele>1041.5847659036517</ele></trkpt><trkpt lat="35.186649785147104" lon="-83.50069103129394"><ele>1029.2277225692626</ele></trkpt><trkpt lat="35.18640549724768" lon="-83.50113198362739"><ele>1026.7012949297205</ele></trkpt><trkpt lat="35.18607035115336" lon="-83.50149592534291"><ele>1020.2552926217559</ele></trkpt><trkpt lat="35.185928379843425" lon="-83.50201376591022"><ele>1015.2673893303272</ele></trkpt><trkpt lat="35.1859487947573" lon="-83.50256214970885"><ele>1002.0</ele></trkpt><trkpt lat="35.18602546354486" lon="-83.50311219620713"><ele>1011.0</ele></trkpt><trkpt lat="35.186091847308674" lon="-83.50363295744623"><ele>1021.8525327621028</ele></trkpt><trkpt lat="35.186252367200346" lon="-83.50412959000433"><ele>1033.9999073615</ele></trkpt><trkpt lat="35.18642965581793" lon="-83.50462496279755"><ele>1045.8564296457916</ele></trkpt><trkpt lat="35.18642228940682" lon="-83.50516015116536"><ele>1055.301398939453</ele></trkpt><trkpt lat="35.18653810988959" lon="-83.50567430769716"><ele>1064.3442199528217</ele></trkpt><trkpt lat="35.18637743337943" lon="-83.50619053296458"><ele>1071.8342794347554</ele></trkpt><trkpt lat="35.186490670463016" lon="-83.50672352315101"><ele>1077.0</ele></trkpt><trkpt lat="35.186518784753915" lon="-83.5072792275811"><ele>1085.4518446736038</ele></trkpt><trkpt lat="35.18649100802868" lon="-83.50783072613613"><ele>1092.1247571287677</ele></trkpt><trkpt lat="35.186650616983805" lon="-83.50832709835271"><ele>1094.285919027373</ele></trkpt><trkpt lat="35.18696356402902" lon="-83.50872295275859"><ele>1094.5884180478752</ele></trkpt><trkpt lat="35.18712815530791" lon="-83.50924415847504"><ele>1096.0</ele></trkpt><trkpt lat="35.18714645054013" lon="-83.5097860658951"><ele>1094.608170311898</ele></trkpt><trkpt lat="35.18740352826293" lon="-83.51021325191938"><ele>1106.0</ele></trkpt><trkpt lat="35.18777222958928" lon="-83.5105158609598"><ele>1105.3809145875275</ele></trkpt><trkpt lat="35.187792870815905" lon="-83.51106913859809"><ele>1102.0</ele></trkpt><trkpt lat="35.18785466156508" lon="-83.51161949465765"><ele>1109.0312035318843</ele></trkpt><trkpt lat="35.18793" lon="-83.51216850222534"><ele>1123.4449220989054</ele></trkpt><trkpt lat="35.18797415098523" lon="-83.5127207549261"><ele>1138.5898785879835</ele></trkpt><trkpt lat="35.187875375818315" lon="-83.51325703157407"><ele>1153.7966022390842</ele></trkpt><trkpt lat="35.187870250117655" lon="-83.51381300141188"><ele>1160.5005360123005</ele></trkpt><trkpt lat="35.18793757857843" lon="-83.51436520808207"><ele>1164.1399493716249</ele></trkpt><trkpt lat="35.18792504146472" lon="-83.51491586670468"><ele>1157.7202749546234</ele></trkpt><trkpt lat="35.18785122948644" lon="-83.51546728560129"><ele>1145.0</ele></trkpt><trkpt lat="35.18778455417117" lon="-83.5160199041172"><ele>1132.0</ele></trkpt><trkpt lat="35.18772763613554" lon="-83.51657387996634"><ele>1138.0</ele></trkpt><trkpt lat="35.187578390552" lon="-83.51709942598201"><ele>1147.153415369701</ele></trkpt><trkpt lat="35.187485277382585" lon="-83.51764503734039"><ele>1154.9536110525964</ele></trkpt><trkpt lat="35.18740629352657" lon="-83.51818643024153"><ele>1150.9219857692856</ele></trkpt><trkpt lat="35.18743643109817" lon="-83.51874397530868"><ele>1141.0</ele></trkpt><trkpt lat="35.18736334670585" lon="-83.51928075749612"><ele>1132.0</ele></trkpt><trkpt lat="35.18707661114886" lon="-83.51971563975756"><ele>1128.0</ele></trkpt><trkpt lat="35.1868015907245" lon="-83.52015784173975"><ele>1131.0</ele></trkpt><trkpt lat="35.186681772427164" lon="-83.52069702407776"><ele>1145.529845526282</ele></trkpt><trkpt lat="35.18642606736519" lon="-83.521116449701"><ele>1158.0392153354535</ele></trkpt><trkpt lat="35.18627923013867" lon="-83.52164054439591"><ele>1168.0290431024814</ele></trkpt><trkpt lat="35.18614336805572" lon="-83.52216642361"><ele>1173.0770834512434</ele></trkpt><trkpt lat="35.18600569440954" lon="-83.52269894750073"><ele>1179.0124206042456</ele></trkpt><trkpt lat="35.18581031043744" lon="-83.52320040724851"><ele>1193.7617880450562</ele></trkpt><trkpt lat="35.18557868296811" lon="-83.52368194856632"><ele>1197.0</ele></trkpt><trkpt lat="35.18527275576464" lon="-83.52407527647097"><ele>1193.174778772518</ele></trkpt><trkpt lat="35.18506458622059" lon="-83.52455470357668"><ele>1189.0</ele></trkpt><trkpt lat="35.184756717645676" lon="-83.52496737847497"><ele>1175.8913843659684</ele></trkpt><trkpt lat="35.184566835900874" lon="-83.525468167242"><ele>1170.0</ele></trkpt><trkpt lat="35.18443068199157" lon="-83.52599634913923"><ele>1178.0621242234483</ele></trkpt><trkpt lat="35.18435451337915" lon="-83.52649354013748"><ele>1191.184599187225</ele></trkpt><trkpt lat="35.184456581750716" lon="-83.5270355025468"><ele>1200.854739842005</ele></trkpt><trkpt lat="35.18464703676654" lon="-83.5275423579769"><ele>1211.5045984815806</ele></trkpt><trkpt lat="35.18453973267218" lon="-83.52807276954879"><ele>1210.1057391835666</ele></trkpt><trkpt lat="35.18434573910905" lon="-83.5285785217819"><ele>1208.873937870736</ele></trkpt><trkpt lat="35.18403282026977" lon="-83.52894572657675"><ele>1202.4869248466566</ele></trkpt><trkpt lat="35.183634067049184" lon="-83.52919820273893"><ele>1196.7206828808412</ele></trkpt><trkpt lat="35.18332633145376" lon="-83.52961101878152"><ele>1191.4820608953014</ele></trkpt><trkpt lat="35.18320656575744" lon="-83.53011889332709"><ele>1186.7081852781566</ele></trkpt><trkpt lat="35.183238237311244" lon="-83.53065284750772"><ele>1188.9883608842795</ele></trkpt><trkpt lat="35.1835" lon="-83.53110837074166"><ele>1180.9095346909016</ele></trkpt><trkpt lat="35.18373704553568" lon="-83.53154151523808"><ele>1172.0</ele></trkpt><trkpt lat="35.183834431349325" lon="-83.53202730486986"><ele>1158.7350533266872</ele></trkpt><trkpt lat="35.18367851387951" lon="-83.53254795869924"><ele>1148.4462032095353</ele></trkpt><trkpt lat="35.18370424971032" lon="-83.53310262311709"><ele>1134.937246349885</ele></trkpt><trkpt lat="35.1839804582554" lon="-83.5335420325418"><ele>1135.0</ele></trkpt><trkpt lat="35.18414" lon="-83.53404009436423"><ele>1141.5836535114795</ele></trkpt><trkpt lat="35.18404495582559" lon="-83.53457716800095"><ele>1147.0</ele></trkpt><trkpt lat="35.1837545342136" lon="-83.53500539330744"><ele>1148.5521791540496</ele></trkpt><trkpt lat="35.1834164489687" lon="-83.5353806978715"><ele>1147.7308294260874</ele></trkpt><trkpt lat="35.18307539380357" lon="-83.53575225390504"><ele>1146.9662387974188</ele></trkpt><trkpt lat="35.1827343389549" lon="-83.53612380959383"><ele>1148.483936805859</ele></trkpt><trkpt lat="35.18237012445454" lon="-83.53644993777273"><ele>1141.8996423138306</ele></trkpt><trkpt lat="35.181948382461144" lon="-83.53655323507772"><ele>1145.6847689123592</ele></trkpt><trkpt lat="35.18200736930152" lon="-83.53707315349239"><ele>1157.961748342961</ele></trkpt><trkpt lat="35.181679858415016" lon="-83.53742226247073"><ele>1156.5482796672732</ele></trkpt><trkpt lat="35.181369520882875" lon="-83.53783214223014"><ele>1160.6500609386712</ele></trkpt><trkpt lat="35.180990460717695" lon="-83.53810318157129"><ele>1164.281409746036</ele></trkpt><trkpt lat="35.18053648366922" lon="-83.53807701876303"><ele>1170.1172656741044</ele></trkpt><trkpt lat="35.18009480056944" lon="-83.53820298920394"><ele>1173.866331381652</ele></trkpt><trkpt lat="35.17970687424594" lon="-83.53847221593195"><ele>1173.4796574693173</ele></trkpt><trkpt lat="35.17929438013104" lon="-83.53860933908271"><ele>1178.2906179055572</ele></trkpt><trkpt lat="35.17950073853207" lon="-83.53908841255117"><ele>1180.8601575735956</ele></trkpt><trkpt lat="35.17977859453589" lon="-83.53953179979133"><ele>1184.9134668857666</ele></trkpt><trkpt lat="35.18016275359502" lon="-83.53983120008047"><ele>1187.840106496966</ele></trkpt><trkpt lat="35.18058237363515" lon="-83.5399997032956"><ele>1191.3342718714848</ele></trkpt><trkpt lat="35.18101581567171" lon="-83.54010742659918"><ele>1198.1392569606219</ele></trkpt><trkpt lat="35.18140880239605" lon="-83.54039120958139"><ele>1199.9398695630953</ele></trkpt><trkpt lat="35.181792503405305" lon="-83.54068634196013"><ele>1209.7293798811734</ele></trkpt><trkpt lat="35.18204646834453" lon="-83.54112083905403"><ele>1218.2958347154781</ele></trkpt><trkpt lat="35.18245544984133" lon="-83.54136639242805"><ele>1228.1721408683807</ele></trkpt><trkpt lat="35.18276712197819" lon="-83.5417568615369"><ele>1241.4691668167304</ele></trkpt><trkpt lat="35.18286165973645" lon="-83.54227022012364"><ele>1252.6922025494277</ele></trkpt><trkpt lat="35.18313669855296" lon="-83.54271558212746"><ele>1262.661795634349</ele></trkpt><trkpt lat="35.18320306170052" lon="-83.54229807336318"><ele>1277.5050222741932</ele></trkpt><trkpt lat="35.18345592339274" lon="-83.5424985143641"><ele>1291.4584366595373</ele></trkpt><trkpt lat="35.183655630633126" lon="-83.54299674550734"><ele>1300.964591966942</ele></trkpt><trkpt lat="35.18374001198085" lon="-83.54354356496326"><ele>1311.7760603632778</ele></trkpt><trkpt lat="35.183803862604066" lon="-83.54409291824369"><ele>1321.176486079708</ele></trkpt><trkpt lat="35.18375647010106" lon="-83.54462941582453"><ele>1326.5898490284267</ele></trkpt><trkpt lat="35.183771979462506" lon="-83.54518183765602"><ele>1337.0</ele></trkpt><trkpt lat="35.18384183146636" lon="-83.54573400111502"><ele>1342.0</ele></trkpt><trkpt lat="35.183911683499524" lon="-83.54628616480575"><ele>1347.8416444951345</ele></trkpt><trkpt lat="35.183957450099506" lon="-83.5468415518906"><ele>1352.0</ele></trkpt><trkpt lat="35.18389824747675" lon="-83.54738751081395"><ele>1351.0</ele></trkpt><trkpt lat="35.183746332855094" lon="-83.5479130727608"><ele>1348.0</ele></trkpt><trkpt lat="35.18369" lon="-83.54845734102526"><ele>1357.8338150334441</ele></trkpt><trkpt lat="35.18351729085804" lon="-83.54895994301756"><ele>1375.942180258453</ele></trkpt><trkpt lat="35.183452972796054" lon="-83.54950541460516"><ele>1390.0</ele></trkpt><trkpt lat="35.18340341022354" lon="-83.55005875622945"><ele>1398.0</ele></trkpt><trkpt lat="35.183474707092714" lon="-83.55060702977497"><ele>1406.0029712589458</ele></trkpt><trkpt lat="35.183266732891866" lon="-83.5510883428991"><ele>1414.3424781804267</ele></trkpt><trkpt lat="35.18295990024896" lon="-83.55150009975102"><ele>1422.6230487348512</ele></trkpt><trkpt lat="35.182550525122856" lon="-83.55172736871928"><ele>1428.4673038823548</ele></trkpt><trkpt lat="35.182103108464794" lon="-83.55183922288377"><ele>1436.427332202904</ele></trkpt><trkpt lat="35.18178266141406" lon="-83.55221442520215"><ele>1444.0812251931056</ele></trkpt><trkpt lat="35.181512260871415" lon="-83.55265887535813"><ele>1453.7502067908645</ele></trkpt><trkpt lat="35.18129422407505" lon="-83.55312899927065"><ele>1461.8532545072958</ele></trkpt><trkpt lat="35.181343745774356" lon="-83.5536843475333"><ele>1469.141656536609</ele></trkpt><trkpt lat="35.181441848749174" lon="-83.55413266104344"><ele>1479.735380610451</ele></trkpt><trkpt lat="35.18162482326266" lon="-83.55362311858067"><ele>1488.8049123036128</ele></trkpt><trkpt lat="35.18191770660829" lon="-83.55321484107053"><ele>1496.535786238499</ele></trkpt><trkpt lat="35.18235632752011" lon="-83.5532794654833"><ele>1509.5475021610036</ele></trkpt><trkpt lat="35.182771176110386" lon="-83.55351176437821"><ele>1522.3734153183177</ele></trkpt><trkpt lat="35.18312876586341" lon="-83.55383954485629"><ele>1533.127637542064</ele></trkpt><trkpt lat="35.18327119303698" lon="-83.55435385048192"><ele>1536.956176770851</ele></trkpt><trkpt lat="35.18322458818765" lon="-83.55488844114073"><ele>1541.6135948430747</ele></trkpt><trkpt lat="35.1833438885198" lon="-83.55539555407924"><ele>1539.0</ele></trkpt><trkpt lat="35.18375064567031" lon="-83.55557637106318"><ele>1541.0</ele></trkpt><trkpt lat="35.18418810348483" lon="-83.55572687704975"><ele>1534.0</ele></trkpt><trkpt lat="35.18462644912398" lon="-83.55586206153075"><ele>1529.0</ele></trkpt><trkpt lat="35.18508231155189" lon="-83.55589509504"><ele>1522.0</ele></trkpt><trkpt lat="35.1855247383859" lon="-83.55602702996134"><ele>1516.0</ele></trkpt><trkpt lat="35.18592944980346" lon="-83.55625922972486"><ele>1508.0</ele></trkpt><trkpt lat="35.18626818967045" lon="-83.55661577589773"><ele>1501.063613826409</ele></trkpt><trkpt lat="35.186309965353516" lon="-83.55716017323243"><ele>1496.0</ele></trkpt><trkpt lat="35.185916424262665" lon="-83.55738673592494"><ele>1491.0398218119517</ele></trkpt><trkpt lat="35.18552816584033" lon="-83.55765759351075"><ele>1490.569296428649</ele></trkpt><trkpt lat="35.18536160413095" lon="-83.55815721648477"><ele>1488.1008063866545</ele></trkpt><trkpt lat="35.18502251334094" lon="-83.55852673799313"><ele>1490.9201963486837</ele></trkpt><trkpt lat="35.18460621530078" lon="-83.55872550778665"><ele>1490.0</ele></trkpt><trkpt lat="35.18451" lon="-83.55924589411774"><ele>1492.3185909613967</ele></trkpt><trkpt lat="35.18446607473789" lon="-83.55980042078134"><ele>1493.823256637901</ele></trkpt><trkpt lat="35.18445696717242" lon="-83.56035370712908"><ele>1491.3425796441734</ele></trkpt><trkpt lat="35.184560175009466" lon="-83.56089683759942"><ele>1491.0</ele></trkpt><trkpt lat="35.184274789273495" lon="-83.56125231913276"><ele>1500.7305437196046</ele></trkpt><trkpt lat="35.18394558332336" lon="-83.56161485577496"><ele>1506.0</ele></trkpt><trkpt lat="35.183626208092676" lon="-83.56200082281951"><ele>1516.713095439598</ele></trkpt><trkpt lat="35.18340223997952" lon="-83.56247477767698"><ele>1523.4838450532407</ele></trkpt><trkpt lat="35.18326093340454" lon="-83.5630060903989"><ele>1532.455177111939</ele></trkpt><trkpt lat="35.18303014292243" lon="-83.56346270778333"><ele>1540.9638103348684</ele></trkpt><trkpt lat="35.18259007059705" lon="-83.56338926878303"><ele>1550.2393328067697</ele></trkpt><trkpt lat="35.182158935552735" lon="-83.56321632812634"><ele>1559.3611341593787</ele></trkpt><trkpt lat="35.18172853920051" lon="-83.56303973695348"><ele>1566.5908793006092</ele></trkpt><trkpt lat="35.181329545716736" lon="-83.5627770005768"><ele>1575.835281919688</ele></trkpt><trkpt lat="35.181443771247785" lon="-83.56231348863338"><ele>1588.0</ele></trkpt><trkpt lat="35.18164369098863" lon="-83.56183798285211"><ele>1594.0</ele></trkpt><trkpt lat="35.18151595660957" lon="-83.56130866864297"><ele>1602.0390659570694</ele></trkpt><trkpt lat="35.18109634914153" lon="-83.56116130417006"><ele>1612.0</ele></trkpt><trkpt lat="35.18068746638119" lon="-83.5610755083515"><ele>1620.372705160966</ele></trkpt><trkpt lat="35.180515119928664" lon="-83.56059281449359"><ele>1625.0</ele></trkpt><trkpt lat="35.180224943339454" lon="-83.56079516998166"><ele>1628.0</ele></trkpt><trkpt lat="35.17986401270427" lon="-83.56106619110699"><ele>1625.0</ele></trkpt><trkpt lat="35.17952442757593" lon="-83.56143801303855"><ele>1619.0</ele></trkpt><trkpt lat="35.17918230235745" lon="-83.56180712205318"><ele>1616.034897154197</ele></trkpt><trkpt lat="35.179" lon="-83.56223593506941"><ele>1613.0250841587244</ele></trkpt><trkpt lat="35.17886175083416" lon="-83.56275708194308"><ele>1608.0</ele></trkpt><trkpt lat="35.17877188093312" lon="-83.56328861004522"><ele>1599.9962826142594</ele></trkpt><trkpt lat="35.17862210088117" lon="-83.56381640641871"><ele>1593.0</ele></trkpt><trkpt lat="35.17839252573092" lon="-83.56429259271388"><ele>1589.307517965497</ele></trkpt><trkpt lat="35.17810408169141" lon="-83.56472376357532"><ele>1586.6861956082284</ele></trkpt><trkpt lat="35.177776201517304" lon="-83.56511264471202"><ele>1585.257595053874</ele></trkpt><trkpt lat="35.177594852432264" lon="-83.56562420500052"><ele>1578.667832902533</ele></trkpt><trkpt lat="35.177527555925494" lon="-83.56617537017252"><ele>1574.2060115700665</ele></trkpt><trkpt lat="35.177470039837665" lon="-83.56672961610975"><ele>1566.899155581353</ele></trkpt><trkpt lat="35.17715115055813" lon="-83.5671188494419"><ele>1559.4904590053484</ele></trkpt><trkpt lat="35.176841958299825" lon="-83.56752532900029"><ele>1555.0852055707946</ele></trkpt><trkpt lat="35.176597651318275" lon="-83.56798939472688"><ele>1548.9574482326095</ele></trkpt><trkpt lat="35.17652239960512" lon="-83.56853680710772"><ele>1535.8568792405504</ele></trkpt><trkpt lat="35.1763428700461" lon="-83.56904762307829"><ele>1526.0</ele></trkpt><trkpt lat="35.17616008820588" lon="-83.56953079385295"><ele>1519.0</ele></trkpt><trkpt lat="35.17610774983092" lon="-83.57008242982742"><ele>1519.0</ele></trkpt><trkpt lat="35.176160972658494" lon="-83.57058412498972"><ele>1525.0</ele></trkpt><trkpt lat="35.176384548865805" lon="-83.57101636591055"><ele>1530.7644913308322</ele></trkpt><trkpt lat="35.1767740155995" lon="-83.5713030181994"><ele>1531.411866767332</ele></trkpt><trkpt lat="35.17672701552902" lon="-83.57184023633104"><ele>1538.0916062127799</ele></trkpt><trkpt lat="35.17648873160298" lon="-83.57231348942989"><ele>1542.677494680509</ele></trkpt><trkpt lat="35.17621910579152" lon="-83.57276388602315"><ele>1542.4422342996074</ele></trkpt><trkpt lat="35.17589174666902" lon="-83.57314915855633"><ele>1543.8453006863929</ele></trkpt><trkpt lat="35.17551865525752" lon="-83.57343919959683"><ele>1546.999201737077</ele></trkpt><trkpt lat="35.17508613693555" lon="-83.5736058315511"><ele>1548.8215713985264</ele></trkpt><trkpt lat="35.17466795333992" lon="-83.57379703838893"><ele>1549.7531458651647</ele></trkpt><trkpt lat="35.174423500163684" lon="-83.57426249918163"><ele>1549.9983788048849</ele></trkpt><trkpt lat="35.17421721953332" lon="-83.57475401023513"><ele>1550.7286010367454</ele></trkpt><trkpt lat="35.17408" lon="-83.57524850950023"><ele>1554.0</ele></trkpt><trkpt lat="35.17413132743582" lon="-83.57577488497378"><ele>1556.9175954106265</ele></trkpt><trkpt lat="35.1743973555854" lon="-83.57614188446831"><ele>1561.0134510332718</ele></trkpt><trkpt lat="35.17466523651623" lon="-83.57655331122719"><ele>1568.1205915959847</ele></trkpt><trkpt lat="35.174712249267714" lon="-83.57709200585836"><ele>1573.963352240622</ele></trkpt><trkpt lat="35.174605083453244" lon="-83.57763322109142"><ele>1580.0</ele></trkpt><trkpt lat="35.17446448377737" lon="-83.57816475645141"><ele>1586.0894863642752</ele></trkpt><trkpt lat="35.174323884211546" lon="-83.57869629139535"><ele>1593.0</ele></trkpt><trkpt lat="35.17426244772347" lon="-83.57924225969678"><ele>1598.8047341087267</ele></trkpt><trkpt lat="35.17431105391296" lon="-83.57979775900527"><ele>1603.9005796822967</ele></trkpt><trkpt lat="35.17450545457299" lon="-83.58029436365838"><ele>1609.8849213717328</ele></trkpt><trkpt lat="35.174903944934435" lon="-83.58054566293534"><ele>1611.5144658888646</ele></trkpt><trkpt lat="35.17535718114701" lon="-83.58061395880299"><ele>1609.4272207021713</ele></trkpt><trkpt lat="35.175809405089694" lon="-83.58058868069783"><ele>1608.2491756184027</ele></trkpt><trkpt lat="35.17626370614393" lon="-83.58055000000002"><ele>1611.4465244449675</ele></trkpt><trkpt lat="35.176660896399085" lon="-83.58070750877293"><ele>1614.0</ele></trkpt><trkpt lat="35.1767640190597" lon="-83.58125176725953"><ele>1618.9818260855973</ele></trkpt><trkpt lat="35.17678896031593" lon="-83.58179143652478"><ele>1623.5597837623209</ele></trkpt><trkpt lat="35.1766401198808" lon="-83.58230621106077"><ele>1626.0</ele></trkpt><trkpt lat="35.17629977423072" lon="-83.58267016419585"><ele>1626.0</ele></trkpt><trkpt lat="35.17587687735605" lon="-83.58287335134457"><ele>1621.0</ele></trkpt><trkpt lat="35.175424087459184" lon="-83.58293318250819"><ele>1617.0</ele></trkpt><trkpt lat="35.17500390575964" lon="-83.58313609424037"><ele>1612.0327487019822</ele></trkpt><trkpt lat="35.174569251729054" lon="-83.58323226841179"><ele>1610.5507074594498</ele></trkpt><trkpt lat="35.174113512325114" lon="-83.5832626431268"><ele>1609.0</ele></trkpt><trkpt lat="35.17385" lon="-83.58358888843037"><ele>1607.0</ele></trkpt><trkpt lat="35.173870403121924" lon="-83.58414384048774"><ele>1608.0</ele></trkpt><trkpt lat="35.17408546114832" lon="-83.58463668179826"><ele>1606.0</ele></trkpt><trkpt lat="35.17442966828815" lon="-83.58499966828813"><ele>1603.0</ele></trkpt><trkpt lat="35.17476656562141" lon="-83.58537580242616"><ele>1599.8665467817336</ele></trkpt><trkpt lat="35.174883320811524" lon="-83.58587693153368"><ele>1594.3004728946835</ele></trkpt><trkpt lat="35.174607541622535" lon="-83.58632222637095"><ele>1593.5115927882268</ele></trkpt><trkpt lat="35.1743317627307" lon="-83.5867675207284"><ele>1587.7960082087666</ele></trkpt><trkpt lat="35.17405598413603" lon="-83.58721281460603"><ele>1577.016631997304</ele></trkpt><trkpt lat="35.1737803551134" lon="-83.58765824559974"><ele>1569.0</ele></trkpt><trkpt lat="35.17350595855396" lon="-83.58810481254943"><ele>1566.0</ele></trkpt><trkpt lat="35.17331417989926" lon="-83.58857825401778"><ele>1559.0</ele></trkpt><trkpt lat="35.17337103322954" lon="-83.5891325739881"><ele>1558.0</ele></trkpt><trkpt lat="35.173451286370366" lon="-83.58967738602848"><ele>1561.0</ele></trkpt><trkpt lat="35.17367682553764" lon="-83.59016316269647"><ele>1556.5490475535323</ele></trkpt><trkpt lat="35.173896841216774" lon="-83.59065262950581"><ele>1562.2631838526577</ele></trkpt><trkpt lat="35.174013648568476" lon="-83.59119006712662"><ele>1559.2066464144737</ele></trkpt><trkpt lat="35.17411280192373" lon="-83.59173541058053"><ele>1559.0</ele></trkpt><trkpt lat="35.17396737948148" lon="-83.5922467150787"><ele>1545.447043984197</ele></trkpt><trkpt lat="35.173769212284306" lon="-83.59275002701705"><ele>1534.0</ele></trkpt><trkpt lat="35.17356536253685" lon="-83.59324994425486"><ele>1529.0</ele></trkpt><trkpt lat="35.17336610110926" lon="-83.59375238939369"><ele>1526.0</ele></trkpt><trkpt lat="35.1731950835815" lon="-83.59427039900676"><ele>1517.6005966186679</ele></trkpt><trkpt lat="35.17302406620838" lon="-83.59478840815144"><ele>1511.7872103061527</ele></trkpt><trkpt lat="35.17285304898989" lon="-83.59530641682773"><ele>1504.0</ele></trkpt><trkpt lat="35.1726700768745" lon="-83.59581588212578"><ele>1500.0</ele></trkpt><trkpt lat="35.17238527370071" lon="-83.5962525803256"><ele>1500.5194476319953</ele></trkpt><trkpt lat="35.172100470831715" lon="-83.59668927805805"><ele>1500.4086031559855</ele></trkpt><trkpt lat="35.17181566826752" lon="-83.59712597532315"><ele>1494.0</ele></trkpt><trkpt lat="35.17153086600811" lon="-83.59756267212092"><ele>1485.0</ele></trkpt><trkpt lat="35.1712019878447" lon="-83.59793369576805"><ele>1478.0</ele></trkpt><trkpt lat="35.17079640975115" lon="-83.59819043786395"><ele>1467.0</ele></trkpt><trkpt lat="35.17039083187125" lon="-83.5984471798246"><ele>1453.320198707896</ele></trkpt><trkpt lat="35.17001505751007" lon="-83.59876114291302"><ele>1442.8877107051835</ele></trkpt><trkpt lat="35.16965347546071" lon="-83.5991023541427"><ele>1437.0</ele></trkpt><trkpt lat="35.169540729989706" lon="-83.59959861044256"><ele>1439.0</ele></trkpt><trkpt lat="35.1695003545225" lon="-83.60015003441315"><ele>1444.0</ele></trkpt><trkpt lat="35.16932973360824" lon="-83.60066821644907"><ele>1449.833114856854</ele></trkpt><trkpt lat="35.16908878270619" lon="-83.60113542252029"><ele>1453.5698123257607</ele></trkpt><trkpt lat="35.16879921950744" lon="-83.60156739384956"><ele>1454.1441900078614</ele></trkpt><trkpt lat="35.16857203126471" lon="-83.60204339838968"><ele>1448.9701396524906</ele></trkpt><trkpt lat="35.16841116266949" lon="-83.60256622132412"><ele>1447.7990442048758</ele></trkpt><trkpt lat="35.16825029421366" lon="-83.6030890438056"><ele>1454.5692312031479</ele></trkpt><trkpt lat="35.16795361808307" lon="-83.60349739682813"><ele>1455.9636755587694</ele></trkpt><trkpt lat="35.16761155707785" lon="-83.60386749562068"><ele>1457.0257940829742</ele></trkpt><trkpt lat="35.1672694963884" lon="-83.60423759407155"><ele>1451.63158039283</ele></trkpt><trkpt lat="35.16694871702917" lon="-83.60462882093721"><ele>1446.2290515853047</ele></trkpt><trkpt lat="35.16672300785072" lon="-83.60511443765449"><ele>1446.870224017735</ele></trkpt><trkpt lat="35.16649729890897" lon="-83.6056000538625"><ele>1440.0</ele></trkpt><trkpt lat="35.166271412204814" lon="-83.60608554527539"><ele>1427.6018482567902</ele></trkpt><trkpt lat="35.166137680658636" lon="-83.60661196647825"><ele>1421.8098979070783</ele></trkpt><trkpt lat="35.16605598275563" lon="-83.60716157055305"><ele>1423.170300953533</ele></trkpt><trkpt lat="35.16597428489235" lon="-83.6077111743606"><ele>1424.0</ele></trkpt><trkpt lat="35.16570465676572" lon="-83.60815811661158"><ele>1423.0</ele></trkpt><trkpt lat="35.16552236092002" lon="-83.60866481683402"><ele>1417.2735565629027</ele></trkpt><trkpt lat="35.165369405745565" lon="-83.60919116258141"><ele>1412.0</ele></trkpt><trkpt lat="35.16536651890495" lon="-83.60972408357979"><ele>1406.9869348943275</ele></trkpt><trkpt lat="35.165488296178225" lon="-83.61026246731429"><ele>1399.8521365979686</ele></trkpt><trkpt lat="35.16578928565704" lon="-83.61068151777842"><ele>1388.0</ele></trkpt><trkpt lat="35.16617300660174" lon="-83.61097833700094"><ele>1377.286219987087</ele></trkpt><trkpt lat="35.165934418256846" lon="-83.61114847385896"><ele>1375.0</ele></trkpt><trkpt lat="35.16605300702651" lon="-83.61160860608965"><ele>1378.0</ele></trkpt><trkpt lat="35.16640059142846" lon="-83.61196941535704"><ele>1384.0</ele></trkpt><trkpt lat="35.166667829095324" lon="-83.61242199273487"><ele>1387.2109576016665</ele></trkpt><trkpt lat="35.16699314058418" lon="-83.61278545459169"><ele>1387.2310014823452</ele></trkpt><trkpt lat="35.167299989036124" lon="-83.61316797149391"><ele>1388.4516908247024</ele></trkpt><trkpt lat="35.167477867777244" lon="-83.6136711296207"><ele>1388.0</ele></trkpt><trkpt lat="35.16749503510853" lon="-83.61422866587581"><ele>1393.9920694523641</ele></trkpt><trkpt lat="35.1675657990109" lon="-83.61477181713163"><ele>1400.5755741797022</ele></trkpt><trkpt lat="35.16777218156372" lon="-83.61526936789132"><ele>1403.8094317676105</ele></trkpt><trkpt lat="35.16789729545593" lon="-83.61580662166374"><ele>1410.0</ele></trkpt><trkpt lat="35.16805930432846" lon="-83.61632672482479"><ele>1417.0</ele></trkpt><trkpt lat="35.16800197227767" lon="-83.61688093464912"><ele>1424.0</ele></trkpt><trkpt lat="35.16793354377106" lon="-83.61743304152625"><ele>1430.429833529517</ele></trkpt><trkpt lat="35.16794354379939" lon="-83.61798693495943"><ele>1433.8597372304648</ele></trkpt><trkpt lat="35.16811283402072" lon="-83.61846640689441"><ele>1437.0</ele></trkpt><trkpt lat="35.168351664452366" lon="-83.61892777596096"><ele>1439.9805158246309</ele></trkpt><trkpt lat="35.168728736377204" lon="-83.61924201251867"><ele>1443.6250008353963</ele></trkpt><trkpt lat="35.16903227583247" lon="-83.61965937926965"><ele>1449.8669848004356</ele></trkpt><trkpt lat="35.169311706548434" lon="-83.6200951196453"><ele>1454.9140963366688</ele></trkpt><trkpt lat="35.16945664989166" lon="-83.62059060455036"><ele>1457.7167916617605</ele></trkpt><trkpt lat="35.16982420590575" lon="-83.62091907721464"><ele>1457.4972945968734</ele></trkpt><trkpt lat="35.170140622674126" lon="-83.62127707764787"><ele>1462.9303511781618</ele></trkpt><trkpt lat="35.17027074128724" lon="-83.62180440408156"><ele>1461.8144608009607</ele></trkpt><trkpt lat="35.17062562805263" lon="-83.6221478140263"><ele>1462.0</ele></trkpt><trkpt lat="35.171062468341034" lon="-83.62230253576539"><ele>1458.7442781003192</ele></trkpt><trkpt lat="35.17147656058233" lon="-83.62253465494742"><ele>1459.9267401713878</ele></trkpt><trkpt lat="35.17192860652808" lon="-83.62261387949462"><ele>1457.234608668834</ele></trkpt><trkpt lat="35.172380652526925" lon="-83.62269310402847"><ele>1454.0</ele></trkpt><trkpt lat="35.17279774630391" lon="-83.62291568062285"><ele>1448.1696566762403</ele></trkpt><trkpt lat="35.17318942703464" lon="-83.62320291315875"><ele>1447.0</ele></trkpt><trkpt lat="35.17355125939151" lon="-83.62354284697554"><ele>1448.0</ele></trkpt><trkpt lat="35.17379475484587" lon="-83.6240015602425"><ele>1450.0</ele></trkpt><trkpt lat="35.17374776225281" lon="-83.62454115380478"><ele>1441.3973024330116</ele></trkpt><trkpt lat="35.17359444615862" lon="-83.62504441530345"><ele>1437.6682198699705</ele></trkpt><trkpt lat="35.17360796991692" lon="-83.62560180445996"><ele>1434.011796865844</ele></trkpt><trkpt lat="35.17379286426677" lon="-83.62609286426675"><ele>1433.342139544347</ele></trkpt><trkpt lat="35.17412252459179" lon="-83.62647844942255"><ele>1417.4533250862733</ele></trkpt><trkpt lat="35.174421239053274" lon="-83.62690102109978"><ele>1402.7505250662143</ele></trkpt><trkpt lat="35.174652208988384" lon="-83.62737849756493"><ele>1394.0</ele></trkpt><trkpt lat="35.174972230333665" lon="-83.62775958637515"><ele>1397.5727130174637</ele></trkpt><trkpt lat="35.17538377110432" lon="-83.62798065665649"><ele>1395.6769018135965</ele></trkpt><trkpt lat="35.17516254591929" lon="-83.62843287634925"><ele>1390.049699964933</ele></trkpt><trkpt lat="35.17497154403199" lon="-83.62889308806398"><ele>1366.6022795662284</ele></trkpt><trkpt lat="35.17495415879585" lon="-83.62941029294467"><ele>1343.5845175140194</ele></trkpt><trkpt lat="35.174936381822384" lon="-83.62996646755647"><ele>1328.8154076803476</ele></trkpt><trkpt lat="35.17506157881261" lon="-83.63050105225726"><ele>1327.3808418540284</ele></trkpt><trkpt lat="35.175128292866475" lon="-83.63104885106577"><ele>1332.34934032429</ele></trkpt><trkpt lat="35.17532451516736" lon="-83.63154197888488"><ele>1335.9532224215543</ele></trkpt><trkpt lat="35.175593922729526" lon="-83.63199307991921"><ele>1330.0</ele></trkpt><trkpt lat="35.175735335873284" lon="-83.63250660316798"><ele>1336.2938986941422</ele></trkpt><trkpt lat="35.175990878066976" lon="-83.63288969106038"><ele>1328.3470802959055</ele></trkpt><trkpt lat="35.176381248550705" lon="-83.63313926529234"><ele>1317.9448301951377</ele></trkpt><trkpt lat="35.176699535160594" lon="-83.63353892388864"><ele>1306.0596772478223</ele></trkpt><trkpt lat="35.17702657865741" lon="-83.63392698203089"><ele>1297.0</ele></trkpt><trkpt lat="35.17740965051386" lon="-83.63421627663132"><ele>1288.170578463003</ele></trkpt><trkpt lat="35.17778632736506" lon="-83.63452089101936"><ele>1279.2273514433205</ele></trkpt><trkpt lat="35.17812813778719" lon="-83.63488847637132"><ele>1271.0</ele></trkpt><trkpt lat="35.17854000493164" lon="-83.63512080414259"><ele>1267.3696744618937</ele></trkpt><trkpt lat="35.17891647427829" lon="-83.63543703839377"><ele>1269.0</ele></trkpt><trkpt lat="35.179307408634415" lon="-83.63572579325492"><ele>1266.1751383077353</ele></trkpt><trkpt lat="35.17971776502446" lon="-83.6359618606884"><ele>1255.643820954798</ele></trkpt><trkpt lat="35.180153600350806" lon="-83.63612866186268"><ele>1257.0</ele></trkpt><trkpt lat="35.18050527504647" lon="-83.63641637523236"><ele>1258.9944563278034</ele></trkpt><trkpt lat="35.18054729301903" lon="-83.63697099533087"><ele>1249.0</ele></trkpt><trkpt lat="35.18073539903285" lon="-83.63747472793258"><ele>1244.5454569924623</ele></trkpt><trkpt lat="35.1810841258177" lon="-83.6378184754906"><ele>1231.4294012465593</ele></trkpt><trkpt lat="35.18126968932239" lon="-83.6382527807882"><ele>1216.0</ele></trkpt><trkpt lat="35.18167309160941" lon="-83.63851463841311"><ele>1205.2849121289328</ele></trkpt><trkpt lat="35.18207649411632" lon="-83.63877649618075"><ele>1198.0</ele></trkpt><trkpt lat="35.18248466296744" lon="-83.63902569936359"><ele>1205.0</ele></trkpt><trkpt lat="35.18277611133962" lon="-83.63938711257362"><ele>1199.0</ele></trkpt><trkpt lat="35.182818717403784" lon="-83.6399424241814"><ele>1194.0</ele></trkpt><trkpt lat="35.182800705956886" lon="-83.64050058618575"><ele>1200.0</ele></trkpt><trkpt lat="35.183015973357456" lon="-83.64098702747937"><ele>1193.5006199767665</ele></trkpt><trkpt lat="35.1833704104865" lon="-83.64133545311196"><ele>1184.2228963709285</ele></trkpt><trkpt lat="35.183806880441196" lon="-83.64148363587073"><ele>1172.0</ele></trkpt><trkpt lat="35.18425920388413" lon="-83.64145966448396"><ele>1166.0</ele></trkpt><trkpt lat="35.184697313640186" lon="-83.64130934144228"><ele>1152.0</ele></trkpt><trkpt lat="35.18514113558226" lon="-83.64118962881392"><ele>1135.693292270149</ele></trkpt><trkpt lat="35.18559692968752" lon="-83.64116048873784"><ele>1121.9340072907098</ele></trkpt><trkpt lat="35.1860515214334" lon="-83.64110735463768"><ele>1112.6372752639666</ele></trkpt><trkpt lat="35.18650477223834" lon="-83.64113072711629"><ele>1109.0</ele></trkpt><trkpt lat="35.18694678837122" lon="-83.64127037713175"><ele>1105.0</ele></trkpt><trkpt lat="35.1873916000952" lon="-83.64118419995239"><ele>1101.2079903301799</ele></trkpt><trkpt lat="35.18780026938308" lon="-83.64093696006147"><ele>1086.7000439632684</ele></trkpt><trkpt lat="35.18819741768173" lon="-83.6406613502411"><ele>1075.053242545575</ele></trkpt><trkpt lat="35.18856851311115" lon="-83.64033922691183"><ele>1068.9812513796674</ele></trkpt><trkpt lat="35.188940431440464" lon="-83.64002667814077"><ele>1059.505489666814</ele></trkpt><trkpt lat="35.18936161335578" lon="-83.6399101529919"><ele>1051.6660475432873</ele></trkpt><trkpt lat="35.18975852160177" lon="-83.64017988547508"><ele>1042.0194803118143</ele></trkpt><trkpt lat="35.19007997779295" lon="-83.64054067145781"><ele>1022.9359861883298</ele></trkpt><trkpt lat="35.19041790890782" lon="-83.64090568368304"><ele>1011.3338662764932</ele></trkpt><trkpt lat="35.19082133501815" lon="-83.6409333312273"><ele>994.4254089444876</ele></trkpt><trkpt lat="35.19097560274426" lon="-83.6407204246983"><ele>980.3716185321423</ele></trkpt><trkpt lat="35.19123" lon="-83.6408037480675"><ele>966.1210173852742</ele></trkpt><trkpt lat="35.19124538283784" lon="-83.64029593635135"><ele>957.2437985669822</ele></trkpt><trkpt lat="35.19169074385956" lon="-83.64028835633523"><ele>934.8466527163982</ele></trkpt><trkpt lat="35.19196581022981" lon="-83.6400923428464"><ele>921.0</ele></trkpt><trkpt lat="35.191993354780685" lon="-83.6395345656911"><ele>921.0</ele></trkpt><trkpt lat="35.19224138560243" lon="-83.63914"><ele>921.0</ele></trkpt><trkpt lat="35.19261740382898" lon="-83.63942713054783"><ele>923.0</ele></trkpt><trkpt lat="35.1927213773072" lon="-83.63995419115746"><ele>924.0</ele></trkpt><trkpt lat="35.19264730864252" lon="-83.64050559121678"><ele>924.7028559371829</ele></trkpt><trkpt lat="35.19272431008106" lon="-83.64105141802278"><ele>926.0</ele></trkpt><trkpt lat="35.19288512924891" lon="-83.6415691809485"><ele>927.0</ele></trkpt><trkpt lat="35.19328915144903" lon="-83.64163762774339"><ele>926.0</ele></trkpt><trkpt lat="35.19367838897159" lon="-83.64134593784524"><ele>924.0</ele></trkpt><trkpt lat="35.194065650429664" lon="-83.64104979673024"><ele>923.0</ele></trkpt><trkpt lat="35.19443120600342" lon="-83.64071604971889"><ele>923.0</ele></trkpt><trkpt lat="35.194762927706805" lon="-83.64033312980108"><ele>924.0</ele></trkpt><trkpt lat="35.19507529708495" lon="-83.6399254988395"><ele>924.0</ele></trkpt><trkpt lat="35.195387667096796" lon="-83.63951786705098"><ele>925.0</ele></trkpt><trkpt lat="35.19570003753878" lon="-83.63911023470114"><ele>927.0</ele></trkpt><trkpt lat="35.19601240870505" lon="-83.63870260140615"><ele>928.0</ele></trkpt><trkpt lat="35.19634891949562" lon="-83.63832709704882"><ele>929.0</ele></trkpt><trkpt lat="35.19670705277819" lon="-83.63798037007835"><ele>930.1042428771034</ele></trkpt><trkpt lat="35.19706518590403" lon="-83.63763364201195"><ele>932.0</ele></trkpt><trkpt lat="35.19742331952187" lon="-83.6372869135839"><ele>933.0</ele></trkpt><trkpt lat="35.1977947502555" lon="-83.63700295005111"><ele>934.0</ele></trkpt><trkpt lat="35.198233539176584" lon="-83.63695008821853"><ele>930.0</ele></trkpt><trkpt lat="35.19855549969127" lon="-83.63733733292173"><ele>927.9539294887506</ele></trkpt><trkpt lat="35.19891508882796" lon="-83.63717236675807"><ele>935.0355548091321</ele></trkpt><trkpt lat="35.19922540513267" lon="-83.63676492307212"><ele>944.8846647770988</ele></trkpt><trkpt lat="35.19920568276719" lon="-83.63712682767195"><ele>951.7539106367294</ele></trkpt><trkpt lat="35.19917893474552" lon="-83.63764627997938"><ele>956.6534150547213</ele></trkpt><trkpt lat="35.19899126759672" lon="-83.63813732403284"><ele>958.5993815143934</ele></trkpt><trkpt lat="35.19924465179237" lon="-83.63859685679608"><ele>956.9646303521778</ele></trkpt><trkpt lat="35.1995599274732" lon="-83.63899751053779"><ele>961.6262303451076</ele></trkpt><trkpt lat="35.19976740712833" lon="-83.63949049280384"><ele>949.0</ele></trkpt><trkpt lat="35.19991198074655" lon="-83.64002059607064"><ele>947.0023926142603</ele></trkpt><trkpt lat="35.199920950124124" lon="-83.64056164948971"><ele>951.5139332991093</ele></trkpt><trkpt lat="35.1998370295283" lon="-83.64110957250006"><ele>959.9257285378477</ele></trkpt><trkpt lat="35.19989600391947" lon="-83.64161078745772"><ele>965.0912038758397</ele></trkpt><trkpt lat="35.19949390429797" lon="-83.6418036444277"><ele>967.9144967896864</ele></trkpt><trkpt lat="35.19951422974464" lon="-83.64231769722569"><ele>983.9796390215245</ele></trkpt><trkpt lat="35.19956311254107" lon="-83.64285007435991"><ele>981.8573113253811</ele></trkpt><trkpt lat="35.19961397436466" lon="-83.64332491880664"><ele>993.0001980341232</ele></trkpt><trkpt lat="35.199883760841466" lon="-83.64366746386179"><ele>995.3668409452214</ele></trkpt><trkpt lat="35.19951279640468" lon="-83.64396904674149"><ele>998.2217652220723</ele></trkpt><trkpt lat="35.19915664420934" lon="-83.64427741239793"><ele>999.0</ele></trkpt><trkpt lat="35.19882577862059" lon="-83.64457626262117"><ele>1000.7290306944003</ele></trkpt><trkpt lat="35.19872448106947" lon="-83.64511726502748"><ele>996.7783545898274</ele></trkpt><trkpt lat="35.198829664133186" lon="-83.6456573615209"><ele>990.0</ele></trkpt><trkpt lat="35.199011987081704" lon="-83.64616397416343"><ele>994.0</ele></trkpt><trkpt lat="35.19936293488898" lon="-83.64651148558525"><ele>997.0</ele></trkpt><trkpt lat="35.19952848319501" lon="-83.64696104321284"><ele>1000.0</ele></trkpt><trkpt lat="35.19913512898874" lon="-83.64711082140366"><ele>998.0</ele></trkpt><trkpt lat="35.198683785499746" lon="-83.64702578567389"><ele>997.442677279003</ele></trkpt><trkpt lat="35.198439312871486" lon="-83.64735898762558"><ele>1014.9710137108341</ele></trkpt><trkpt lat="35.19845767525488" lon="-83.64790685188034"><ele>1018.564666274935</ele></trkpt><trkpt lat="35.19828256339366" lon="-83.64842297105027"><ele>1003.1076397478787</ele></trkpt><trkpt lat="35.19837184578844" lon="-83.6489501518364"><ele>1027.166400294751</ele></trkpt><trkpt lat="35.19864311632384" lon="-83.64934824152164"><ele>1038.637207204476</ele></trkpt><trkpt lat="35.19908642729776" lon="-83.64946264272979"><ele>1046.991552753374</ele></trkpt><trkpt lat="35.19953534081404" lon="-83.64937770307851"><ele>1043.4280764898285</ele></trkpt><trkpt lat="35.19995838645288" lon="-83.64945256824463"><ele>1031.4610577924177</ele></trkpt><trkpt lat="35.200396821724695" lon="-83.64954272868988"><ele>1028.9131545061246</ele></trkpt><trkpt lat="35.20075739536288" lon="-83.64938380090328"><ele>1034.5205290848082</ele></trkpt><trkpt lat="35.20104506515149" lon="-83.64895729984053"><ele>1028.5469500820564</ele></trkpt><trkpt lat="35.20148254851061" lon="-83.64884318475822"><ele>1001.4242754802108</ele></trkpt><trkpt lat="35.20188095142409" lon="-83.64869873143455"><ele>1001.5923994341865</ele></trkpt><trkpt lat="35.202024719918654" lon="-83.64818044085412"><ele>1011.5025080479681</ele></trkpt><trkpt lat="35.20221965142494" lon="-83.64769207333757"><ele>993.3848910611123</ele></trkpt><trkpt lat="35.2024790403527" lon="-83.64724062638174"><ele>992.3221086760833</ele></trkpt><trkpt lat="35.20263893351567" lon="-83.64672315444636"><ele>993.3117716213515</ele></trkpt><trkpt lat="35.20274031060562" lon="-83.64627999533693"><ele>988.6897691059858</ele></trkpt><trkpt lat="35.20297740941557" lon="-83.64675261245937"><ele>974.0</ele></trkpt><trkpt lat="35.20317309391638" lon="-83.64724661606445"><ele>969.0063886735588</ele></trkpt><trkpt lat="35.203178642209245" lon="-83.6477984587786"><ele>963.0</ele></trkpt><trkpt lat="35.203235342224055" lon="-83.64835143998764"><ele>956.8789040102884</ele></trkpt><trkpt lat="35.203123002888006" lon="-83.6488920655932"><ele>949.0</ele></trkpt><trkpt lat="35.20307695811151" lon="-83.64944094746406"><ele>947.4907538304712</ele></trkpt><trkpt lat="35.20318" lon="-83.64996671390453"><ele>939.6125057600439</ele></trkpt><trkpt lat="35.2028821349793" lon="-83.65035478220175"><ele>943.2493049583584</ele></trkpt><trkpt lat="35.20276513339718" lon="-83.6508765248324"><ele>945.0</ele></trkpt><trkpt lat="35.20266155852295" lon="-83.65141727728512"><ele>945.0</ele></trkpt><trkpt lat="35.20271472867728" lon="-83.65195637158563"><ele>944.0</ele></trkpt><trkpt lat="35.20299875922479" lon="-83.65239287822811"><ele>937.0</ele></trkpt><trkpt lat="35.203199071705356" lon="-83.65285932461161"><ele>935.0</ele></trkpt><trkpt lat="35.20296273315459" lon="-83.65333422281807"><ele>936.0023240324185</ele></trkpt><trkpt lat="35.20286724659282" lon="-83.65387463319894"><ele>920.2077999859621</ele></trkpt><trkpt lat="35.20284035985214" lon="-83.65443253306816"><ele>910.0</ele></trkpt><trkpt lat="35.20288841289391" lon="-83.65494451988852"><ele>902.7570878490806</ele></trkpt><trkpt lat="35.20302762196653" lon="-83.655476789872"><ele>896.4960686225221</ele></trkpt><trkpt lat="35.2031241764339" lon="-83.6560179395257"><ele>887.8998659439385</ele></trkpt><trkpt lat="35.203212556210495" lon="-83.65655898305614"><ele>885.0679489292895</ele></trkpt><trkpt lat="35.20336805386877" lon="-83.65708445790136"><ele>880.0891882235035</ele></trkpt><trkpt lat="35.20319506859809" lon="-83.65732344531307"><ele>869.2469197008759</ele></trkpt><trkpt lat="35.20284771103546" lon="-83.65696132077389"><ele>860.2299736992597</ele></trkpt><trkpt lat="35.20254892995712" lon="-83.65654137275885"><ele>853.4548432408645</ele></trkpt><trkpt lat="35.20239857202613" lon="-83.65661486769606"><ele>849.0</ele></trkpt><trkpt lat="35.20258601728065" lon="-83.65712448448177"><ele>848.471430972774</ele></trkpt><trkpt lat="35.20246508071306" lon="-83.65745351377639"><ele>846.0</ele></trkpt><trkpt lat="35.20227593072641" lon="-83.65788965363203"><ele>849.0</ele></trkpt><trkpt lat="35.202349581918625" lon="-83.65837426835759"><ele>849.0</ele></trkpt><trkpt lat="35.20256873515048" lon="-83.65886425177251"><ele>850.0</ele></trkpt><trkpt lat="35.20284476730147" lon="-83.65930378769588"><ele>852.7357101451042</ele></trkpt><trkpt lat="35.203067105528135" lon="-83.6597772227816"><ele>853.0</ele></trkpt><trkpt lat="35.20340912843841" lon="-83.66011115929933"><ele>854.0</ele></trkpt><trkpt lat="35.20385986934232" lon="-83.66017865020602"><ele>855.0</ele></trkpt><trkpt lat="35.20425799387146" lon="-83.65999365192557"><ele>853.7890471788123</ele></trkpt><trkpt lat="35.20460927673953" lon="-83.6596593186217"><ele>852.0</ele></trkpt><trkpt lat="35.20460543314698" lon="-83.6591028767177"><ele>851.6866416428238</ele></trkpt><trkpt lat="35.20473470714787" lon="-83.65858803689554"><ele>850.3593608314891</ele></trkpt><trkpt lat="35.205076278107796" lon="-83.65821889106911"><ele>852.6206512972713</ele></trkpt><trkpt lat="35.205462037392486" lon="-83.65793195559641"><ele>853.3842671630534</ele></trkpt><trkpt lat="35.20576383717002" lon="-83.65751392269897"><ele>852.2252892442048</ele></trkpt><trkpt lat="35.20604902201048" lon="-83.6570774152901"><ele>849.0</ele></trkpt><trkpt lat="35.20634672322828" lon="-83.65665366448614"><ele>848.0003399008283</ele></trkpt><trkpt lat="35.20664594995006" lon="-83.65623146787868"><ele>847.0</ele></trkpt><trkpt lat="35.2069321048031" lon="-83.65579649199483"><ele>845.5047876949452</ele></trkpt><trkpt lat="35.20722526728463" lon="-83.65536916016168"><ele>844.2721104752272</ele></trkpt><trkpt lat="35.20752258115824" lon="-83.65494657165067"><ele>843.0697427764535</ele></trkpt><trkpt lat="35.20781108702905" lon="-83.65451521729462"><ele>844.0</ele></trkpt><trkpt lat="35.2081702784529" lon="-83.65417772939621"><ele>843.0</ele></trkpt><trkpt lat="35.20858539031124" lon="-83.65394677643266"><ele>842.0</ele></trkpt><trkpt lat="35.20900612337975" lon="-83.6537294747379"><ele>842.0</ele></trkpt><trkpt lat="35.20942182897402" lon="-83.65349841480452"><ele>843.0355229808279</ele></trkpt><trkpt lat="35.20981217654954" lon="-83.65321070834445"><ele>845.3447654200718</ele></trkpt><trkpt lat="35.21018579026618" lon="-83.65288932020111"><ele>844.6851536422117</ele></trkpt><trkpt lat="35.21055940426705" lon="-83.65256793181328"><ele>844.9321557315953</ele></trkpt><trkpt lat="35.21098906361375" lon="-83.65240607336293"><ele>843.0</ele></trkpt><trkpt lat="35.21143666331732" lon="-83.65229528135711"><ele>843.0061402587921</ele></trkpt><trkpt lat="35.21185021673462" lon="-83.65208436812622"><ele>844.1024438198656</ele></trkpt><trkpt lat="35.21220279588498" lon="-83.65172951849873"><ele>846.3290270976722</ele></trkpt><trkpt lat="35.21261659384126" lon="-83.65155639905252"><ele>843.2178591013555</ele></trkpt><trkpt lat="35.21297865759855" lon="-83.65187358367737"><ele>841.9841434466148</ele></trkpt><trkpt lat="35.21323543870341" lon="-83.65233578966613"><ele>840.9799296986312</ele></trkpt><trkpt lat="35.2135226563148" lon="-83.65276783862446"><ele>843.7027928199129</ele></trkpt><trkpt lat="35.213942694867434" lon="-83.65295546960505"><ele>840.7282284005128</ele></trkpt><trkpt lat="35.21439674329966" lon="-83.65298042763551"><ele>839.0</ele></trkpt><trkpt lat="35.21485146994381" lon="-83.6529898040075"><ele>840.0</ele></trkpt><trkpt lat="35.21529888438854" lon="-83.65289150970453"><ele>840.0</ele></trkpt><trkpt lat="35.21573213242631" lon="-83.65271606476864"><ele>840.0</ele></trkpt><trkpt lat="35.216157774259415" lon="-83.65255111128702"><ele>841.0</ele></trkpt><trkpt lat="35.216611523522246" lon="-83.65249637962624"><ele>845.0</ele></trkpt><trkpt lat="35.21706286932394" lon="-83.65241134346074"><ele>849.0</ele></trkpt><trkpt lat="35.217465800048814" lon="-83.65214935118739"><ele>850.67457084544</ele></trkpt><trkpt lat="35.21790942798134" lon="-83.65203792373083"><ele>856.0</ele></trkpt><trkpt lat="35.218346603629485" lon="-83.6521921963608"><ele>858.0</ele></trkpt><trkpt lat="35.21872468349994" lon="-83.65250177535893"><ele>859.6422932781279</ele></trkpt><trkpt lat="35.21899909395671" lon="-83.65294308033411"><ele>857.4422988077134</ele></trkpt><trkpt lat="35.21929893347989" lon="-83.65335967939062"><ele>855.8143505230546</ele></trkpt><trkpt lat="35.21963640240419" lon="-83.65373627514671"><ele>856.0</ele></trkpt><trkpt lat="35.21993346634274" lon="-83.65415455863948"><ele>853.9912491591034</ele></trkpt><trkpt lat="35.22006124253956" lon="-83.65469121866616"><ele>848.6090229088231</ele></trkpt><trkpt lat="35.22018" lon="-83.65522945507482"><ele>845.1514942705909</ele></trkpt><trkpt lat="35.21996" lon="-83.65569491076668"><ele>841.7642483755814</ele></trkpt><trkpt lat="35.220223244474276" lon="-83.65606665496797"><ele>844.0</ele></trkpt><trkpt lat="35.22032916864168" lon="-83.65661039902727"><ele>841.8403142504394</ele></trkpt><trkpt lat="35.220450582650564" lon="-83.65714904582312"><ele>841.4939386472106</ele></trkpt><trkpt lat="35.22058171312212" lon="-83.65768449524867"><ele>839.0157628901367</ele></trkpt><trkpt lat="35.22083333539467" lon="-83.65813889232446"><ele>842.6592476852238</ele></trkpt><trkpt lat="35.221056056148825" lon="-83.6586179634479"><ele>830.9537686202675</ele></trkpt><trkpt lat="35.22110557387458" lon="-83.65917366237028"><ele>837.7585371233066</ele></trkpt><trkpt lat="35.22113672463759" lon="-83.65973031884515"><ele>839.0</ele></trkpt><trkpt lat="35.22104485075798" lon="-83.66026140490693"><ele>840.8912330473738</ele></trkpt><trkpt lat="35.22084260616286" lon="-83.6607605475393"><ele>840.5399953243465</ele></trkpt><trkpt lat="35.22068463048957" lon="-83.66128502677462"><ele>836.8617111462003</ele></trkpt><trkpt lat="35.22089553680415" lon="-83.66137866619658"><ele>833.0</ele></trkpt><trkpt lat="35.2212425007891" lon="-83.66101855675146"><ele>832.0</ele></trkpt><trkpt lat="35.2216081931949" lon="-83.66108987891496"><ele>833.0</ele></trkpt><trkpt lat="35.2218859777936" lon="-83.66064965329535"><ele>831.0</ele></trkpt><trkpt lat="35.22219447550403" lon="-83.6602773146976"><ele>831.0</ele></trkpt><trkpt lat="35.22264523885223" lon="-83.66022034837665"><ele>829.1631529932081</ele></trkpt><trkpt lat="35.22308927756071" lon="-83.66009021344794"><ele>831.0105160143213</ele></trkpt><trkpt lat="35.223508460044016" lon="-83.65986846232961"><ele>828.0</ele></trkpt><trkpt lat="35.22391635552137" lon="-83.6596176796084"><ele>827.4285563360362</ele></trkpt><trkpt lat="35.224321108525245" lon="-83.65935882594314"><ele>827.2040120959282</ele></trkpt><trkpt lat="35.22475612896258" lon="-83.6592173697351"><ele>827.1281939260662</ele></trkpt><trkpt lat="35.22496387602799" lon="-83.65876295662733"><ele>827.0</ele></trkpt><trkpt lat="35.22513708567671" lon="-83.65824596131979"><ele>827.0</ele></trkpt><trkpt lat="35.225335620818775" lon="-83.65774253292382"><ele>827.0</ele></trkpt><trkpt lat="35.22548353315863" lon="-83.6572162457839"><ele>827.0</ele></trkpt><trkpt lat="35.22555553740922" lon="-83.65666421319601"><ele>826.7341563906521</ele></trkpt><trkpt lat="35.2257171011572" lon="-83.6561421595645"><ele>826.0</ele></trkpt><trkpt lat="35.2257450799289" lon="-83.65559539964447"><ele>825.1009501091412</ele></trkpt><trkpt lat="35.22556011497119" lon="-83.65508565313205"><ele>826.0</ele></trkpt><trkpt lat="35.22517885908162" lon="-83.65483736425324"><ele>831.7552618011832</ele></trkpt><trkpt lat="35.22472797574424" lon="-83.65476254324949"><ele>836.0</ele></trkpt><trkpt lat="35.22430300080222" lon="-83.65475242029264"><ele>831.4700506320223</ele></trkpt><trkpt lat="35.223884417838434" lon="-83.6549521001111"><ele>829.0</ele></trkpt><trkpt lat="35.22360289892947" lon="-83.654657968136"><ele>823.0</ele></trkpt><trkpt lat="35.22369789556723" lon="-83.65411252306545"><ele>822.0</ele></trkpt><trkpt lat="35.223834199347465" lon="-83.65357899112564"><ele>822.4499523000452</ele></trkpt><trkpt lat="35.22397050323197" lon="-83.65304545877767"><ele>825.3089681454003</ele></trkpt><trkpt lat="35.22412126206471" lon="-83.65251951496657"><ele>827.9519925829545</ele></trkpt><trkpt lat="35.22427522941452" lon="-83.6519967646986"><ele>824.6932652443647</ele></trkpt><trkpt lat="35.224520669517425" lon="-83.65153126650742"><ele>824.1087061138824</ele></trkpt><trkpt lat="35.22470899789012" lon="-83.65102300632965"><ele>821.7586904788175</ele></trkpt><trkpt lat="35.22471" lon="-83.65046422713105"><ele>821.4965670220554</ele></trkpt><trkpt lat="35.22458068112015" lon="-83.64993433217191"><ele>820.0010987148339</ele></trkpt><trkpt lat="35.224483649011084" lon="-83.64938937667625"><ele>823.9894123338163</ele></trkpt><trkpt lat="35.22435619678139" lon="-83.64885399242681"><ele>823.1114286428588</ele></trkpt><trkpt lat="35.224179566871086" lon="-83.64834292556108"><ele>821.2358142137527</ele></trkpt><trkpt lat="35.224152985866915" lon="-83.64778535332721"><ele>822.0</ele></trkpt><trkpt lat="35.22411054076352" lon="-83.64730675633558"><ele>820.0</ele></trkpt><trkpt lat="35.224388927460566" lon="-83.64691048359623"><ele>828.1796317622066</ele></trkpt><trkpt lat="35.22430394580795" lon="-83.64638593638324"><ele>823.3315076045692</ele></trkpt><trkpt lat="35.22408" lon="-83.64592917334576"><ele>818.0</ele></trkpt><trkpt lat="35.22428495840624" lon="-83.64543909397784"><ele>818.8752281225983</ele></trkpt><trkpt lat="35.224585425933824" lon="-83.64501904207822"><ele>820.0</ele></trkpt><trkpt lat="35.2249449252492" lon="-83.64467982732995"><ele>821.0</ele></trkpt><trkpt lat="35.225170639387215" lon="-83.64421839339576"><ele>820.0</ele></trkpt><trkpt lat="35.22535221276205" lon="-83.64377696450907"><ele>820.004928300104</ele></trkpt><trkpt lat="35.225618041605244" lon="-83.64332880263501"><ele>829.3000170830637</ele></trkpt><trkpt lat="35.225873992260496" lon="-83.64286801838134"><ele>834.5786929335445</ele></trkpt><trkpt lat="35.22624086936003" lon="-83.64258010227766"><ele>829.21545109183</ele></trkpt><trkpt lat="35.22669543623311" lon="-83.64263358073333"><ele>821.8093983759472</ele></trkpt><trkpt lat="35.227132881386794" lon="-83.64278422839027"><ele>813.8351396856373</ele></trkpt><trkpt lat="35.22752413617609" lon="-83.64307252139294"><ele>812.1981081692396</ele></trkpt><trkpt lat="35.227881809538815" lon="-83.64341601634325"><ele>812.1184439945877</ele></trkpt><trkpt lat="35.22826543518539" lon="-83.64370715495656"><ele>813.4470897139981</ele></trkpt><trkpt lat="35.22868086101658" lon="-83.64393930468576"><ele>822.5651890272275</ele></trkpt><trkpt lat="35.22912275027294" lon="-83.64407309250404"><ele>821.5893673049286</ele></trkpt><trkpt lat="35.22955231850504" lon="-83.64426202065046"><ele>825.798635447999</ele></trkpt><trkpt lat="35.22997422424371" lon="-83.64447594468696"><ele>827.9326865283747</ele></trkpt><trkpt lat="35.23033698629206" lon="-83.6443342808429"><ele>829.0094608506188</ele></trkpt><trkpt lat="35.23069464592048" lon="-83.64405007868436"><ele>818.7646802905947</ele></trkpt><trkpt lat="35.231126467303426" lon="-83.64420966857226"><ele>827.6359418248758</ele></trkpt><trkpt lat="35.23157850080354" lon="-83.64421582324579"><ele>832.6632345341352</ele></trkpt><trkpt lat="35.23201197687709" lon="-83.64428109045525"><ele>838.4424489149824</ele></trkpt><trkpt lat="35.232449977886105" lon="-83.64414449889428"><ele>835.2302279385301</ele></trkpt><trkpt lat="35.2329041414199" lon="-83.64410661156555"><ele>825.3993035098538</ele></trkpt><trkpt lat="35.23331694549038" lon="-83.6439372942774"><ele>813.9655087189749</ele></trkpt><trkpt lat="35.23372133587384" lon="-83.64416664545676"><ele>811.7026987655997</ele></trkpt><trkpt lat="35.234007906778054" lon="-83.64459943272973"><ele>816.4001726638526</ele></trkpt><trkpt lat="35.23425097690037" lon="-83.6450677379249"><ele>820.9684515590807</ele></trkpt><trkpt lat="35.23439422662332" lon="-83.64559860454526"><ele>828.0</ele></trkpt><trkpt lat="35.23448598608836" lon="-83.64613598608837"><ele>829.0</ele></trkpt><trkpt lat="35.23466121953524" lon="-83.64574426805831"><ele>840.4834696874022</ele></trkpt><trkpt lat="35.23480682404721" lon="-83.64530000000002"><ele>846.0</ele></trkpt><trkpt lat="35.23516939107436" lon="-83.64560806146623"><ele>846.0</ele></trkpt><trkpt lat="35.235593076244264" lon="-83.64575130762445"><ele>843.0281231868954</ele></trkpt><trkpt lat="35.236027895729706" lon="-83.64584986966216"><ele>840.6410191496834</ele></trkpt><trkpt lat="35.23636685645394" lon="-83.64612891097894"><ele>840.8013154535737</ele></trkpt><trkpt lat="35.236680914668185" lon="-83.64643386433352"><ele>837.5204541385174</ele></trkpt><trkpt lat="35.23713507285977" lon="-83.64648838590823"><ele>841.6345215988874</ele></trkpt><trkpt lat="35.23756970370306" lon="-83.64642217777819"><ele>844.8078800160438</ele></trkpt><trkpt lat="35.23801007545744" lon="-83.6463169509527"><ele>833.408584985882</ele></trkpt><trkpt lat="35.238237529132036" lon="-83.64589581355497"><ele>828.7026939429343</ele></trkpt><trkpt lat="35.238563233695075" lon="-83.64565335326098"><ele>821.4826910663396</ele></trkpt><trkpt lat="35.23901200272026" lon="-83.64555149920656"><ele>817.7359480904415</ele></trkpt><trkpt lat="35.23945623323303" lon="-83.64542193197369"><ele>809.6976773887873</ele></trkpt><trkpt lat="35.2398797613113" lon="-83.64530014321325"><ele>806.0219097761437</ele></trkpt><trkpt lat="35.240260894733126" lon="-83.64501759375223"><ele>798.0</ele></trkpt><trkpt lat="35.24063684308468" lon="-83.64472046631273"><ele>797.2069939007541</ele></trkpt><trkpt lat="35.240981416154625" lon="-83.64437185768985"><ele>802.8629595208913</ele></trkpt><trkpt lat="35.24120658176578" lon="-83.64389565205661"><ele>807.4038180052682</ele></trkpt><trkpt lat="35.2414784437984" lon="-83.64345107152933"><ele>822.2238257173449</ele></trkpt><trkpt lat="35.24182443343117" lon="-83.64309685965293"><ele>839.3299887230544</ele></trkpt><trkpt lat="35.24218702791542" lon="-83.64276875977961"><ele>843.0334154622241</ele></trkpt><trkpt lat="35.24214217652941" lon="-83.64298111548946"><ele>846.9473846880719</ele></trkpt><trkpt lat="35.24182609565669" lon="-83.64335580923606"><ele>843.0863554580418</ele></trkpt><trkpt lat="35.24177229162077" lon="-83.64387911425058"><ele>842.0</ele></trkpt><trkpt lat="35.241711475610366" lon="-83.64441847560744"><ele>850.0418011508882</ele></trkpt><trkpt lat="35.241486762498205" lon="-83.6448819185625"><ele>840.2297284342349</ele></trkpt><trkpt lat="35.24122198299953" lon="-83.64531815715935"><ele>843.5899089109153</ele></trkpt><trkpt lat="35.24109275938642" lon="-83.64584964674941"><ele>843.7105231262793</ele></trkpt><trkpt lat="35.24080845452315" lon="-83.64619589899488"><ele>841.0</ele></trkpt><trkpt lat="35.24046672557992" lon="-83.64655327442009"><ele>848.0</ele></trkpt><trkpt lat="35.24026372660218" lon="-83.6470186330109"><ele>854.0996322731163</ele></trkpt><trkpt lat="35.24011749576168" lon="-83.64751750902948"><ele>859.5672606006265</ele></trkpt><trkpt lat="35.239931044278975" lon="-83.6480268672891"><ele>851.1612264271324</ele></trkpt><trkpt lat="35.23985673653576" lon="-83.64856640757331"><ele>858.2408616710454</ele></trkpt><trkpt lat="35.23973303785719" lon="-83.64907709142732"><ele>862.0</ele></trkpt><trkpt lat="35.239819845947444" lon="-83.64961231078829"><ele>863.409773105394</ele></trkpt><trkpt lat="35.23968912258947" lon="-83.65013394679734"><ele>873.8757168501616</ele></trkpt><trkpt lat="35.2398505583504" lon="-83.65065142102958"><ele>870.8017241372602</ele></trkpt><trkpt lat="35.240023759676184" lon="-83.65114726354665"><ele>874.0</ele></trkpt><trkpt lat="35.240224566844645" lon="-83.65163761140774"><ele>881.796142210578</ele></trkpt><trkpt lat="35.240228260131616" lon="-83.65217956078969"><ele>886.0</ele></trkpt><trkpt lat="35.24039480488619" lon="-83.65269735307055"><ele>891.0</ele></trkpt><trkpt lat="35.24058486230088" lon="-83.65320575665484"><ele>897.579593566704</ele></trkpt><trkpt lat="35.240666189696064" lon="-83.65374696644415"><ele>903.7130485137745</ele></trkpt><trkpt lat="35.24072464876727" lon="-83.65429947975176"><ele>912.089182304709</ele></trkpt><trkpt lat="35.24088345164938" lon="-83.65481354038643"><ele>924.0</ele></trkpt><trkpt lat="35.24117165476469" lon="-83.65524165476472"><ele>930.0929957233869</ele></trkpt><trkpt lat="35.24139363858592" lon="-83.65491258382275"><ele>926.384747998789</ele></trkpt><trkpt lat="35.24177703185486" lon="-83.65466849515252"><ele>932.6187543580309</ele></trkpt><trkpt lat="35.242209544742664" lon="-83.6545173444752"><ele>929.5746222408488</ele></trkpt><trkpt lat="35.24254944123004" lon="-83.65420614646958"><ele>928.4082842590287</ele></trkpt><trkpt lat="35.24280501984944" lon="-83.65376639737946"><ele>941.0</ele></trkpt><trkpt lat="35.2431693380769" lon="-83.65361613082413"><ele>951.5750220026821</ele></trkpt><trkpt lat="35.243424473805646" lon="-83.6540359650742"><ele>951.8729099407792</ele></trkpt><trkpt lat="35.24362" lon="-83.654525611513"><ele>958.126878985027</ele></trkpt><trkpt lat="35.24380728819668" lon="-83.65501372918004"><ele>959.5956269940361</ele></trkpt><trkpt lat="35.24379910080423" lon="-83.65556719356613"><ele>969.8538599563763</ele></trkpt><trkpt lat="35.243806905813095" lon="-83.65603354252075"><ele>953.6750481473282</ele></trkpt><trkpt lat="35.24388387570922" lon="-83.65658041430262"><ele>956.8904408391645</ele></trkpt><trkpt lat="35.2436183620937" lon="-83.6570132758126"><ele>976.6684325467795</ele></trkpt><trkpt lat="35.243328764091174" lon="-83.65732010111356"><ele>993.1936249416322</ele></trkpt><trkpt lat="35.24288993185947" lon="-83.65745255110541"><ele>1020.1487964975214</ele></trkpt><trkpt lat="35.24319072788168" lon="-83.65785006265999"><ele>995.1797515787184</ele></trkpt><trkpt lat="35.24352065073039" lon="-83.65823616443316"><ele>967.128289594315</ele></trkpt><trkpt lat="35.24364443094147" lon="-83.65861495764207"><ele>968.6436388082802</ele></trkpt><trkpt lat="35.24331641657248" lon="-83.65894139714193"><ele>969.898204183206</ele></trkpt><trkpt lat="35.243217507038906" lon="-83.65945557396796"><ele>964.1557265022263</ele></trkpt><trkpt lat="35.24307323892383" lon="-83.6599628879222"><ele>962.7744864169508</ele></trkpt><trkpt lat="35.242838297309994" lon="-83.66023525171062"><ele>965.96033803212</ele></trkpt><trkpt lat="35.2431081264297" lon="-83.66067688500793"><ele>958.4937608778996</ele></trkpt><trkpt lat="35.24324348067067" lon="-83.66120077758796"><ele>953.0</ele></trkpt><trkpt lat="35.24353889802372" lon="-83.66155395010982"><ele>951.1022839562714</ele></trkpt><trkpt lat="35.24391159286595" lon="-83.6618257159231"><ele>952.2226705291016</ele></trkpt><trkpt lat="35.244077237598404" lon="-83.66232790078725"><ele>958.4837181195617</ele></trkpt><trkpt lat="35.24439258932868" lon="-83.66267635421677"><ele>944.9039095731384</ele></trkpt><trkpt lat="35.24477297269865" lon="-83.6626581092054"><ele>938.9617563625798</ele></trkpt><trkpt lat="35.2450110857835" lon="-83.66224801608882"><ele>945.8047180399299</ele></trkpt><trkpt lat="35.24536648805002" lon="-83.66194390575768"><ele>938.0577853641823</ele></trkpt><trkpt lat="35.24574184147483" lon="-83.66199051005717"><ele>950.0</ele></trkpt><trkpt lat="35.24617541233361" lon="-83.66210740183695"><ele>936.7667247113803</ele></trkpt><trkpt lat="35.246531738480385" lon="-83.66242190535446"><ele>944.907718129456</ele></trkpt><trkpt lat="35.24694761227008" lon="-83.66263928109323"><ele>935.7150183888818</ele></trkpt><trkpt lat="35.24716337918144" lon="-83.66306931227841"><ele>944.3760338183492</ele></trkpt><trkpt lat="35.24713434074642" lon="-83.66358018764913"><ele>938.0021946672024</ele></trkpt><trkpt lat="35.24686496649397" lon="-83.66391861504161"><ele>928.0</ele></trkpt><trkpt lat="35.24704623654886" lon="-83.66427527779105"><ele>915.9801058682069</ele></trkpt><trkpt lat="35.24669463834253" lon="-83.66462346039339"><ele>922.5152981518952</ele></trkpt><trkpt lat="35.24634989082686" lon="-83.6649874570629"><ele>920.0</ele></trkpt><trkpt lat="35.24626952575757" lon="-83.6653561907197"><ele>914.3836043961346</ele></trkpt><trkpt lat="35.2467259760504" lon="-83.66536819184712"><ele>904.0</ele></trkpt><trkpt lat="35.24717069937827" lon="-83.66543453680053"><ele>909.9730097595011</ele></trkpt><trkpt lat="35.247318408004105" lon="-83.66595004446722"><ele>914.0585743896663</ele></trkpt><trkpt lat="35.2472807100655" lon="-83.6664521301965"><ele>911.9045782405883</ele></trkpt><trkpt lat="35.2474514086144" lon="-83.666919630384"><ele>909.0604291576892</ele></trkpt><trkpt lat="35.24764280421868" lon="-83.66740673715597"><ele>895.9953808179771</ele></trkpt><trkpt lat="35.2479167899814" lon="-83.66767049402604"><ele>899.1698355846637</ele></trkpt><trkpt lat="35.24833609306327" lon="-83.66765525785358"><ele>888.154237373732</ele></trkpt><trkpt lat="35.24860183433108" lon="-83.66809550299325"><ele>885.6373268151656</ele></trkpt><trkpt lat="35.248346690677174" lon="-83.66829775776903"><ele>873.0</ele></trkpt><trkpt lat="35.24820338516678" lon="-83.66881416266861"><ele>863.0</ele></trkpt><trkpt lat="35.24800072695671" lon="-83.66924060147153"><ele>867.0</ele></trkpt><trkpt lat="35.24781480750978" lon="-83.66960130703524"><ele>853.8912512858196</ele></trkpt><trkpt lat="35.24764040854289" lon="-83.67008227351019"><ele>847.0</ele></trkpt><trkpt lat="35.24745716278584" lon="-83.67057694512272"><ele>846.0</ele></trkpt><trkpt lat="35.24715757717296" lon="-83.6709978212467"><ele>848.6205071816221</ele></trkpt><trkpt lat="35.24703400789811" lon="-83.67150059131208"><ele>853.0123807217997</ele></trkpt><trkpt lat="35.24666013277107" lon="-83.67180182739759"><ele>854.0937608405948</ele></trkpt><trkpt lat="35.24629223680003" lon="-83.67211015359993"><ele>855.45895205345</ele></trkpt><trkpt lat="35.2461938975749" lon="-83.6726395309557"><ele>864.0</ele></trkpt><trkpt lat="35.246217844256776" lon="-83.67318646722966"><ele>869.0</ele></trkpt><trkpt lat="35.246082982296755" lon="-83.67371763220649"><ele>877.0</ele></trkpt><trkpt lat="35.245947377333785" lon="-83.6742515767587"><ele>882.0598160139015</ele></trkpt><trkpt lat="35.245944182397665" lon="-83.67480523902924"><ele>890.0</ele></trkpt><trkpt lat="35.24593556615035" lon="-83.67535235995456"><ele>890.3113177913359</ele></trkpt><trkpt lat="35.24604900586732" lon="-83.67588919960131"><ele>904.5890890497097</ele></trkpt><trkpt lat="35.246307025364764" lon="-83.67634822396187"><ele>912.7642500391768</ele></trkpt><trkpt lat="35.24641718535536" lon="-83.67687985888978"><ele>904.0</ele></trkpt><trkpt lat="35.24658107923615" lon="-83.67738929765528"><ele>915.395070001483</ele></trkpt><trkpt lat="35.24643923342811" lon="-83.67774676919724"><ele>906.0</ele></trkpt><trkpt lat="35.246338433488546" lon="-83.67829193116022"><ele>920.7971629082934</ele></trkpt><trkpt lat="35.246304119429425" lon="-83.67884836578953"><ele>927.3784916980417</ele></trkpt><trkpt lat="35.2464250620939" lon="-83.67938756850194"><ele>938.4920057654381</ele></trkpt><trkpt lat="35.246550535812396" lon="-83.67992458356224"><ele>940.6664537843317</ele></trkpt><trkpt lat="35.246783906500596" lon="-83.680404211763"><ele>946.9693632759154</ele></trkpt><trkpt lat="35.246887657535" lon="-83.68022878424378"><ele>952.8899044506252</ele></trkpt><trkpt lat="35.24681" lon="-83.67968389846706"><ele>960.7719556355918</ele></trkpt><trkpt lat="35.2470569817969" lon="-83.67931212985494"><ele>975.4476092159748</ele></trkpt><trkpt lat="35.24737588796551" lon="-83.67970588796548"><ele>976.4160823645418</ele></trkpt><trkpt lat="35.247674992747164" lon="-83.67970000000003"><ele>986.8193471506238</ele></trkpt><trkpt lat="35.24802414231476" lon="-83.68004870300061"><ele>992.0</ele></trkpt><trkpt lat="35.24813288335992" lon="-83.68054504587987"><ele>991.4744598449399</ele></trkpt><trkpt lat="35.24853537767147" lon="-83.68058000000002"><ele>1008.8325744555573</ele></trkpt><trkpt lat="35.24898102819069" lon="-83.68065776209015"><ele>1003.1936203809455</ele></trkpt><trkpt lat="35.24938474443357" lon="-83.68083908748774"><ele>1006.3881745059043</ele></trkpt><trkpt lat="35.24963023122278" lon="-83.6805498528582"><ele>1020.0884238720987</ele></trkpt><trkpt lat="35.25006067510993" lon="-83.68037029535711"><ele>1036.3709152704105</ele></trkpt><trkpt lat="35.250402410569414" lon="-83.6800498217629"><ele>1035.9376758532599</ele></trkpt><trkpt lat="35.250637156010924" lon="-83.67957538885722"><ele>1044.4955690866336</ele></trkpt><trkpt lat="35.251014997286035" lon="-83.67927750135696"><ele>1063.4815672393888</ele></trkpt><trkpt lat="35.25142045421641" lon="-83.67932855885385"><ele>1082.4828907409333</ele></trkpt><trkpt lat="35.25177683502955" lon="-83.67967821550072"><ele>1087.2573375590146</ele></trkpt><trkpt lat="35.25220832803896" lon="-83.67982038586482"><ele>1078.305347907357</ele></trkpt><trkpt lat="35.25262476753388" lon="-83.67999899220715"><ele>1106.4696855227705</ele></trkpt><trkpt lat="35.25297795064233" lon="-83.6796679026767"><ele>1083.0504873724017</ele></trkpt><trkpt lat="35.253382211647555" lon="-83.6794480529119"><ele>1097.9458357840776</ele></trkpt><trkpt lat="35.253354266626005" lon="-83.67914727836202"><ele>1087.5872641894966</ele></trkpt><trkpt lat="35.25323348497528" lon="-83.67874070230646"><ele>1108.5350817022845</ele></trkpt><trkpt lat="35.25360144748134" lon="-83.67841554084782"><ele>1129.0276855174452</ele></trkpt><trkpt lat="35.25393555541474" lon="-83.67804238107311"><ele>1137.0159378871322</ele></trkpt><trkpt lat="35.25438130253098" lon="-83.67805712346633"><ele>1146.4250689343648</ele></trkpt><trkpt lat="35.25483336132307" lon="-83.67803855943296"><ele>1148.6569751608558</ele></trkpt><trkpt lat="35.255099341018074" lon="-83.67764995059811"><ele>1121.1449405113235</ele></trkpt><trkpt lat="35.25521427722951" lon="-83.67711197119226"><ele>1109.7050097491592</ele></trkpt><trkpt lat="35.255525914762515" lon="-83.67672715910291"><ele>1127.5377588996066</ele></trkpt><trkpt lat="35.25574941638811" lon="-83.67693284699008"><ele>1125.3868552744389</ele></trkpt><trkpt lat="35.25617161764334" lon="-83.67711310661628"><ele>1113.6134614786133</ele></trkpt><trkpt lat="35.25661988883913" lon="-83.6771668346908"><ele>1112.1173712322488</ele></trkpt><trkpt lat="35.25707214797647" lon="-83.67711747653176"><ele>1115.9207049962133</ele></trkpt><trkpt lat="35.25751349121417" lon="-83.67725718701278"><ele>1117.0360524673015</ele></trkpt><trkpt lat="35.2579104786553" lon="-83.6771283946832"><ele>1094.3768113320693</ele></trkpt><trkpt lat="35.258348604492255" lon="-83.67701872388322"><ele>1102.9542110133916</ele></trkpt><trkpt lat="35.25879520852181" lon="-83.67712565652833"><ele>1110.3087379774004</ele></trkpt><trkpt lat="35.25922577835689" lon="-83.67730807388106"><ele>1104.6821746584028</ele></trkpt><trkpt lat="35.25940883349211" lon="-83.67682073780037"><ele>1086.9245584560483</ele></trkpt><trkpt lat="35.25966548998385" lon="-83.6763614120194"><ele>1094.6953724995255</ele></trkpt><trkpt lat="35.26010705560348" lon="-83.6763088240661"><ele>1113.1311779534444</ele></trkpt><trkpt lat="35.26045532129338" lon="-83.67602210835962"><ele>1108.96166493278</ele></trkpt><trkpt lat="35.26041727180989" lon="-83.67547381341143"><ele>1082.2376144770533</ele></trkpt><trkpt lat="35.26055449291826" lon="-83.67507194367592"><ele>1083.3642055671662</ele></trkpt><trkpt lat="35.26076372425247" lon="-83.67460199944638"><ele>1079.7943783868104</ele></trkpt><trkpt lat="35.2610386332489" lon="-83.6743918517572"><ele>1066.309041406028</ele></trkpt><trkpt lat="35.26146770933204" lon="-83.674583285702"><ele>1059.0441064130725</ele></trkpt><trkpt lat="35.261914232398226" lon="-83.67467328020959"><ele>1049.9093097355217</ele></trkpt><trkpt lat="35.26234999631028" lon="-83.67467999999997"><ele>1041.5537314405665</ele></trkpt><trkpt lat="35.262609304136305" lon="-83.6750679124089"><ele>1046.7370300367475</ele></trkpt><trkpt lat="35.2626" lon="-83.67560269073749"><ele>1045.399557814002</ele></trkpt><trkpt lat="35.26273194689366" lon="-83.67613778757465"><ele>1028.5768051799387</ele></trkpt><trkpt lat="35.26268151034575" lon="-83.67665129413963"><ele>1011.7241625253587</ele></trkpt><trkpt lat="35.26291155469994" lon="-83.67713158988316"><ele>999.0920756785199</ele></trkpt><trkpt lat="35.262670170149406" lon="-83.67755192615853"><ele>1006.9360656170174</ele></trkpt><trkpt lat="35.26261733938807" lon="-83.67792754405053"><ele>984.4310030955821</ele></trkpt><trkpt lat="35.26298627440477" lon="-83.67823404853286"><ele>984.1538837609195</ele></trkpt><trkpt lat="35.26338411810551" lon="-83.6785086167207"><ele>987.524331135616</ele></trkpt><trkpt lat="35.26378704055489" lon="-83.67872983976216"><ele>999.944126286639</ele></trkpt><trkpt lat="35.264233392224725" lon="-83.67863702225203"><ele>990.6330775534734</ele></trkpt><trkpt lat="35.264655787051794" lon="-83.67879350823372"><ele>992.9832499270706</ele></trkpt><trkpt lat="35.26501874978668" lon="-83.67851090940117"><ele>991.0</ele></trkpt><trkpt lat="35.265455313185896" lon="-83.67858254646563"><ele>984.8113561999053</ele></trkpt><trkpt lat="35.265801476183704" lon="-83.67870911428977"><ele>968.6757239839062</ele></trkpt><trkpt lat="35.265956647838166" lon="-83.67886638931157"><ele>955.4892429355532</ele></trkpt><trkpt lat="35.26609251217303" lon="-83.67882978428261"><ele>945.0784221791171</ele></trkpt><trkpt lat="35.26624453050681" lon="-83.67902697966214"><ele>926.4532094412546</ele></trkpt><trkpt lat="35.26667030834883" lon="-83.67883410503858"><ele>917.0</ele></trkpt><trkpt lat="35.26705196623759" lon="-83.67890410128722"><ele>903.0</ele></trkpt><trkpt lat="35.26667727085369" lon="-83.67913492533533"><ele>898.3259139172733</ele></trkpt><trkpt lat="35.26640508748" lon="-83.67956226380397"><ele>894.4628746295348</ele></trkpt><trkpt lat="35.26601031019993" lon="-83.67972170981886"><ele>888.6336359977722</ele></trkpt><trkpt lat="35.26557030766192" lon="-83.67978098079584"><ele>887.8706756206386</ele></trkpt><trkpt lat="35.265498171744426" lon="-83.68031548476675"><ele>882.0194140784442</ele></trkpt><trkpt lat="35.265159966120585" lon="-83.68061615905837"><ele>878.0</ele></trkpt><trkpt lat="35.264797477967136" lon="-83.6808437539866"><ele>873.949265152216</ele></trkpt><trkpt lat="35.26470540723545" lon="-83.68138534188861"><ele>870.5157441850752</ele></trkpt><trkpt lat="35.26435677055571" lon="-83.68173080736109"><ele>866.5012294389307</ele></trkpt><trkpt lat="35.26391488322715" lon="-83.68166547362401"><ele>868.0</ele></trkpt><trkpt lat="35.26363604310536" lon="-83.68154757505272"><ele>863.0</ele></trkpt><trkpt lat="35.26401584906767" lon="-83.68185161725778"><ele>857.5559369921684</ele></trkpt><trkpt lat="35.264456349534655" lon="-83.68192269069777"><ele>852.5805129711755</ele></trkpt><trkpt lat="35.26482754235318" lon="-83.68161960529375"><ele>848.5318094445307</ele></trkpt><trkpt lat="35.26511036644151" lon="-83.68118048368291"><ele>839.9487237101421</ele></trkpt><trkpt lat="35.2655464627766" lon="-83.68117000000001"><ele>838.0</ele></trkpt><trkpt lat="35.26584200777524" lon="-83.6808499611238"><ele>833.0</ele></trkpt><trkpt lat="35.26610887967223" lon="-83.68052020522826"><ele>828.6042347811162</ele></trkpt><trkpt lat="35.266530773432656" lon="-83.6807312320298"><ele>824.0</ele></trkpt><trkpt lat="35.2668789334814" lon="-83.6804014220248"><ele>819.1687562372535</ele></trkpt><trkpt lat="35.267277881367775" lon="-83.68051301258357"><ele>813.3971531745046</ele></trkpt><trkpt lat="35.26770195553598" lon="-83.680478044464"><ele>804.4117896913339</ele></trkpt><trkpt lat="35.26791793530513" lon="-83.68000206469485"><ele>803.6145231323317</ele></trkpt><trkpt lat="35.268355429013866" lon="-83.67984891419724"><ele>798.7797619132325</ele></trkpt><trkpt lat="35.268805470788806" lon="-83.67986588423507"><ele>790.2026229836047</ele></trkpt><trkpt lat="35.26872818628674" lon="-83.6801045694207"><ele>782.3859520144761</ele></trkpt><trkpt lat="35.26832642220142" lon="-83.68031038599776"><ele>779.0</ele></trkpt><trkpt lat="35.26813794554391" lon="-83.68078230197904"><ele>772.3050464875996</ele></trkpt><trkpt lat="35.26846545159608" lon="-83.68116099513352"><ele>767.0</ele></trkpt><trkpt lat="35.26875481667451" lon="-83.68159000502119"><ele>763.0</ele></trkpt><trkpt lat="35.2689" lon="-83.6821169484336"><ele>758.0</ele></trkpt><trkpt lat="35.26876208488304" lon="-83.68261791511695"><ele>754.0</ele></trkpt><trkpt lat="35.26834840143162" lon="-83.68285099080639"><ele>747.968840008775</ele></trkpt><trkpt lat="35.267900684630774" lon="-83.68293133557884"><ele>741.798705949497</ele></trkpt><trkpt lat="35.26761015986611" lon="-83.68251793116714"><ele>736.4965418456122</ele></trkpt><trkpt lat="35.267574902817856" lon="-83.68271673569852"><ele>731.1327583091131</ele></trkpt><trkpt lat="35.2678761108847" lon="-83.68312934329025"><ele>728.0</ele></trkpt><trkpt lat="35.26831900922464" lon="-83.68323549320382"><ele>721.0626434795558</ele></trkpt><trkpt lat="35.26877528072301" lon="-83.68321239084948"><ele>714.1392912268639</ele></trkpt><trkpt lat="35.26919185280981" lon="-83.6830535786503"><ele>711.4595238585025</ele></trkpt><trkpt lat="35.26939193538305" lon="-83.6825597138554"><ele>707.7268923632801</ele></trkpt><trkpt lat="35.269516359128914" lon="-83.68203046130662"><ele>704.3323869882356</ele></trkpt><trkpt lat="35.269953254206264" lon="-83.682111770525"><ele>700.4319159984589</ele></trkpt><trkpt lat="35.27035709840281" lon="-83.68225386879621"><ele>695.6343139149249</ele></trkpt><trkpt lat="35.27072151881418" lon="-83.681978788402"><ele>691.0</ele></trkpt><trkpt lat="35.27111458920474" lon="-83.68178332662316"><ele>686.0</ele></trkpt><trkpt lat="35.27148723801425" lon="-83.68146601769367"><ele>681.0</ele></trkpt><trkpt lat="35.271831412314604" lon="-83.68109936838404"><ele>675.0</ele></trkpt><trkpt lat="35.271993189642686" lon="-83.6805801401346"><ele>668.1889343010262</ele></trkpt><trkpt lat="35.27210092020224" lon="-83.68003750538578"><ele>661.0</ele></trkpt><trkpt lat="35.27190097932033" lon="-83.67960488058762"><ele>656.0</ele></trkpt><trkpt lat="35.27162262810252" lon="-83.67917088239832"><ele>651.0</ele></trkpt><trkpt lat="35.27146466229329" lon="-83.67864944654914"><ele>645.6749668742589</ele></trkpt><trkpt lat="35.27143736815083" lon="-83.6781305273967"><ele>636.970536949113</ele></trkpt><trkpt lat="35.27171257338097" lon="-83.67851817611434"><ele>632.0</ele></trkpt><trkpt lat="35.27197198712308" lon="-83.67896719227386"><ele>628.4532020688057</ele></trkpt><trkpt lat="35.27238088136143" lon="-83.67897540232025"><ele>621.0</ele></trkpt><trkpt lat="35.27262843478229" lon="-83.678611130433"><ele>616.0</ele></trkpt><trkpt lat="35.272682222343136" lon="-83.6780733329706"><ele>617.0</ele></trkpt><trkpt lat="35.27285483936823" lon="-83.67755548189531"><ele>613.6686763407284</ele></trkpt><trkpt lat="35.272891380597464" lon="-83.67706292026648"><ele>619.0</ele></trkpt><trkpt lat="35.273091128792416" lon="-83.67726163165547"><ele>618.0</ele></trkpt><trkpt lat="35.27328016930457" lon="-83.67774741124917"><ele>615.0</ele></trkpt><trkpt lat="35.2736816551411" lon="-83.67801226329726"><ele>615.0</ele></trkpt><trkpt lat="35.27387796695052" lon="-83.6784951194979"><ele>614.0</ele></trkpt><trkpt lat="35.274155964623006" lon="-83.67889747543265"><ele>612.0</ele></trkpt><trkpt lat="35.27451867125933" lon="-83.67922727263712"><ele>611.0</ele></trkpt><trkpt lat="35.2748055704197" lon="-83.67965924326806"><ele>611.0</ele></trkpt><trkpt lat="35.275021684428395" lon="-83.68013168442837"><ele>611.0</ele></trkpt><trkpt lat="35.27546001989549" lon="-83.68022575335549"><ele>610.0</ele></trkpt><trkpt lat="35.27590998406075" lon="-83.68013030641136"><ele>609.0</ele></trkpt><trkpt lat="35.27635806901141" lon="-83.68014268967045"><ele>609.0</ele></trkpt><trkpt lat="35.27676455231826" lon="-83.68039206211249"><ele>608.0</ele></trkpt><trkpt lat="35.277178791966826" lon="-83.68030867111986"><ele>607.0</ele></trkpt><trkpt lat="35.27751129179574" lon="-83.67992856330959"><ele>607.0</ele></trkpt><trkpt lat="35.27779297104652" lon="-83.67948826855836"><ele>606.0</ele></trkpt><trkpt lat="35.27807465060077" lon="-83.67904797333279"><ele>605.0</ele></trkpt><trkpt lat="35.27835633045849" lon="-83.67860767763284"><ele>605.0</ele></trkpt><trkpt lat="35.27870346104117" lon="-83.67826192337529"><ele>604.0</ele></trkpt><trkpt lat="35.27907402859503" lon="-83.67794099209132"><ele>604.0</ele></trkpt><trkpt lat="35.279406262134515" lon="-83.67755998234982"><ele>603.0</ele></trkpt><trkpt lat="35.27965925736503" lon="-83.67709448628582"><ele>602.0</ele></trkpt><trkpt lat="35.279827317875025" lon="-83.67658291399952"><ele>602.0</ele></trkpt><trkpt lat="35.27975776701358" lon="-83.67603155364259"><ele>601.0</ele></trkpt><trkpt lat="35.279825801986235" lon="-83.67550629702065"><ele>601.0</ele></trkpt><trkpt lat="35.28021092687438" lon="-83.67520980690117"><ele>600.0</ele></trkpt><trkpt lat="35.28061242565748" lon="-83.67498902562369"><ele>600.0</ele></trkpt><trkpt lat="35.28075177302017" lon="-83.67449854084391"><ele>600.0</ele></trkpt><trkpt lat="35.28079637747926" lon="-83.67397043378111"><ele>599.0</ele></trkpt><trkpt lat="35.281142579927135" lon="-83.67360742007287"><ele>599.0</ele></trkpt><trkpt lat="35.28147709410664" lon="-83.67322714772548"><ele>598.0</ele></trkpt><trkpt lat="35.28180973344293" lon="-83.67284759289015"><ele>597.0</ele></trkpt><trkpt lat="35.282219779693364" lon="-83.67260541075056"><ele>597.0</ele></trkpt><trkpt lat="35.282415042787896" lon="-83.67213490586664"><ele>597.0</ele></trkpt><trkpt lat="35.282755448383334" lon="-83.67176815937863"><ele>597.0</ele></trkpt><trkpt lat="35.28308970273184" lon="-83.67139018484902"><ele>596.0734928667703</ele></trkpt><trkpt lat="35.28339208495598" lon="-83.67097097312919"><ele>597.3270084069568</ele></trkpt><trkpt lat="35.28362952402085" lon="-83.67049468523243"><ele>595.9935960605645</ele></trkpt><trkpt lat="35.28381792334247" lon="-83.66998679652417"><ele>596.207030300051</ele></trkpt><trkpt lat="35.28397138734733" lon="-83.66945990344084"><ele>596.0</ele></trkpt><trkpt lat="35.28425350355231" lon="-83.66930083530684"><ele>595.3214403614402</ele></trkpt><trkpt lat="35.28466668050582" lon="-83.66953668050584"><ele>596.0</ele></trkpt><trkpt lat="35.28496120494105" lon="-83.66995955106938"><ele>595.0150565259878</ele></trkpt><trkpt lat="35.28529391591614" lon="-83.6703401511516"><ele>597.0</ele></trkpt><trkpt lat="35.28541907452954" lon="-83.67086408682714"><ele>608.0795851732801</ele></trkpt><trkpt lat="35.28518742564157" lon="-83.67133650707612"><ele>617.9879717274997</ele></trkpt><trkpt lat="35.284891521605054" lon="-83.67176260888871"><ele>617.3257269858493</ele></trkpt><trkpt lat="35.284566313966046" lon="-83.67215414678819"><ele>614.2645162518083</ele></trkpt><trkpt lat="35.284232603374136" lon="-83.67253562048536"><ele>615.6204074801974</ele></trkpt><trkpt lat="35.28394057009986" lon="-83.67296570585293"><ele>616.7949936594814</ele></trkpt><trkpt lat="35.28365732183516" lon="-83.67340357807282"><ele>617.9010980187417</ele></trkpt><trkpt lat="35.28343810437584" lon="-83.67389009428186"><ele>620.0446292553321</ele></trkpt><trkpt lat="35.283473048338436" lon="-83.6744220111784"><ele>621.0</ele></trkpt><trkpt lat="35.28334708636231" lon="-83.67488965661265"><ele>607.9125221017748</ele></trkpt><trkpt lat="35.28306697182017" lon="-83.67532306843673"><ele>615.191635960713</ele></trkpt><trkpt lat="35.28266897820172" lon="-83.67558593481445"><ele>625.8841941319406</ele></trkpt><trkpt lat="35.28224266092411" lon="-83.67576775536412"><ele>635.9155488312244</ele></trkpt><trkpt lat="35.28192594753028" lon="-83.67600388333646"><ele>647.0</ele></trkpt><trkpt lat="35.28209" lon="-83.67648470990581"><ele>656.4256556377476</ele></trkpt><trkpt lat="35.28182947717703" lon="-83.67691341162198"><ele>669.0</ele></trkpt><trkpt lat="35.2818138930098" lon="-83.67745760770259"><ele>679.7951922354573</ele></trkpt><trkpt lat="35.282223131004066" lon="-83.67753614079214"><ele>692.3282829895616</ele></trkpt><trkpt lat="35.28267814838496" lon="-83.67749957113764"><ele>702.6240135654807</ele></trkpt><trkpt lat="35.28313438870258" lon="-83.67747555848933"><ele>716.2744423896074</ele></trkpt><trkpt lat="35.28358324104562" lon="-83.67751959373996"><ele>728.0</ele></trkpt><trkpt lat="35.2834589969353" lon="-83.67792283690882"><ele>742.3496281998232</ele></trkpt><trkpt lat="35.28319368792496" lon="-83.67837606436274"><ele>751.6264788033441</ele></trkpt><trkpt lat="35.282939751331966" lon="-83.67884101868796"><ele>765.8455161204715</ele></trkpt><trkpt lat="35.282681188214326" lon="-83.67930110590588"><ele>783.1028357924888</ele></trkpt><trkpt lat="35.2823444240228" lon="-83.67967893890123"><ele>790.3172063555135</ele></trkpt><trkpt lat="35.28261470490423" lon="-83.67982701792035"><ele>812.1000400705292</ele></trkpt><trkpt lat="35.283055588180396" lon="-83.67970220590982"><ele>829.7449644534867</ele></trkpt><trkpt lat="35.28345617367853" lon="-83.67944018487053"><ele>841.203555979766</ele></trkpt><trkpt lat="35.28391022129497" lon="-83.67940665929015"><ele>852.0950031460062</ele></trkpt><trkpt lat="35.28428367193182" lon="-83.67961997255348"><ele>867.4418817888945</ele></trkpt><trkpt lat="35.284532418147876" lon="-83.68008690335607"><ele>880.6684756511772</ele></trkpt><trkpt lat="35.2849134611135" lon="-83.68036003333397"><ele>890.0687860799953</ele></trkpt><trkpt lat="35.285368373413334" lon="-83.680386102797"><ele>899.1643301034346</ele></trkpt><trkpt lat="35.285811742068425" lon="-83.6804811093212"><ele>905.2656969750738</ele></trkpt><trkpt lat="35.28625960305273" lon="-83.68048858499355"><ele>912.1928612403572</ele></trkpt><trkpt lat="35.286688960352784" lon="-83.68064226305872"><ele>919.0</ele></trkpt><trkpt lat="35.28707703018203" lon="-83.68041772619613"><ele>923.9476168791149</ele></trkpt><trkpt lat="35.28725664102726" lon="-83.67995429783421"><ele>920.0</ele></trkpt><trkpt lat="35.287270177102286" lon="-83.67948527491677"><ele>924.310868509914</ele></trkpt><trkpt lat="35.28770328689189" lon="-83.67931101393242"><ele>924.043366452679</ele></trkpt><trkpt lat="35.2881478185135" lon="-83.67927294042084"><ele>917.2690122108907</ele></trkpt><trkpt lat="35.28855316467411" lon="-83.67952143470515"><ele>913.8386641723264</ele></trkpt><trkpt lat="35.28890623158574" lon="-83.6798759127343"><ele>905.0711603490636</ele></trkpt><trkpt lat="35.28926813673108" lon="-83.68021092876388"><ele>900.0768233273168</ele></trkpt><trkpt lat="35.28970965502249" lon="-83.68028670691406"><ele>901.917514304246</ele></trkpt><trkpt lat="35.290162720812305" lon="-83.68022305402464"><ele>893.5681099544508</ele></trkpt><trkpt lat="35.29060443279244" lon="-83.68008107517389"><ele>889.8616428039968</ele></trkpt><trkpt lat="35.2910417221212" lon="-83.67992307240313"><ele>881.5673585860059</ele></trkpt><trkpt lat="35.291469465270865" lon="-83.679762780753"><ele>874.5128311027436</ele></trkpt><trkpt lat="35.29192107387227" lon="-83.67976084729789"><ele>873.0030804329481</ele></trkpt><trkpt lat="35.292350489342766" lon="-83.67986769068138"><ele>878.0484777283656</ele></trkpt><trkpt lat="35.292781972717215" lon="-83.68004746506858"><ele>883.0</ele></trkpt><trkpt lat="35.29323389594876" lon="-83.68012742371201"><ele>887.6445490691412</ele></trkpt><trkpt lat="35.29368531840602" lon="-83.68021059552181"><ele>893.1661596279591</ele></trkpt><trkpt lat="35.29412632734359" lon="-83.68035510548071"><ele>902.243379341884</ele></trkpt><trkpt lat="35.29456356494927" lon="-83.68051654705818"><ele>913.0</ele></trkpt><trkpt lat="35.29491426560627" lon="-83.68079190989468"><ele>912.0</ele></trkpt><trkpt lat="35.29481910930775" lon="-83.68130554653874"><ele>912.9036914221942</ele></trkpt><trkpt lat="35.29503316880133" lon="-83.68179759434133"><ele>917.1262261345983</ele></trkpt><trkpt lat="35.29516654484736" lon="-83.68232362118418"><ele>925.0</ele></trkpt><trkpt lat="35.295160349474116" lon="-83.68288287576857"><ele>930.6966166612958</ele></trkpt><trkpt lat="35.29501668706917" lon="-83.6834015374236"><ele>938.1250753552961</ele></trkpt><trkpt lat="35.294752567630766" lon="-83.68385717285415"><ele>944.9097281210124</ele></trkpt><trkpt lat="35.29464284294809" lon="-83.68437922438783"><ele>949.0</ele></trkpt><trkpt lat="35.2949215451174" lon="-83.68474663893139"><ele>959.0</ele></trkpt><trkpt lat="35.29535212716561" lon="-83.68493301026572"><ele>966.0473854392767</ele></trkpt><trkpt lat="35.295788294585314" lon="-83.68509763566288"><ele>971.4389700312167</ele></trkpt><trkpt lat="35.29623220912734" lon="-83.68522444219377"><ele>977.0</ele></trkpt><trkpt lat="35.296684442393534" lon="-83.6853021697864"><ele>988.560618684688</ele></trkpt><trkpt lat="35.29713507004995" lon="-83.68526419736078"><ele>1001.1439283359796</ele></trkpt><trkpt lat="35.29756062888898" lon="-83.68506123852984"><ele>1009.0335705781349</ele></trkpt><trkpt lat="35.29800622349847" lon="-83.6849784588247"><ele>1016.071427026196</ele></trkpt><trkpt lat="35.298462654005554" lon="-83.68496067581795"><ele>1025.0</ele></trkpt><trkpt lat="35.298871623645724" lon="-83.68471837635431"><ele>1032.0582605747256</ele></trkpt><trkpt lat="35.299199360490505" lon="-83.68433015759003"><ele>1038.969517157413</ele></trkpt><trkpt lat="35.29952176607127" lon="-83.68393467888218"><ele>1050.1530854298212</ele></trkpt><trkpt lat="35.29989646999809" lon="-83.68362192833406"><ele>1054.7794505082197</ele></trkpt><trkpt lat="35.30034652948177" lon="-83.68356402774563"><ele>1061.1297882997492</ele></trkpt><trkpt lat="35.30079417072692" lon="-83.68347971289363"><ele>1071.376391137106</ele></trkpt><trkpt lat="35.30123394014716" lon="-83.68332893480667"><ele>1084.2920508366078</ele></trkpt><trkpt lat="35.30168558840304" lon="-83.68328571692524"><ele>1088.5523859661341</ele></trkpt><trkpt lat="35.30214127075122" lon="-83.68332233425679"><ele>1095.9929390829057</ele></trkpt><trkpt lat="35.3025969531049" lon="-83.68335895158879"><ele>1100.661141090095</ele></trkpt><trkpt lat="35.303017575570436" lon="-83.68350747480984"><ele>1108.6617775531486</ele></trkpt><trkpt lat="35.30320176517398" lon="-83.6830245367452"><ele>1118.67329667788</ele></trkpt><trkpt lat="35.30350384269797" lon="-83.6826098327077"><ele>1132.8172762207687</ele></trkpt><trkpt lat="35.303875882344016" lon="-83.68228650239001"><ele>1148.7737637842074</ele></trkpt><trkpt lat="35.30428280531439" lon="-83.68203395341948"><ele>1155.9590817455705</ele></trkpt><trkpt lat="35.3046502213511" lon="-83.68172662977481"><ele>1158.3807758772746</ele></trkpt><trkpt lat="35.305089789334374" lon="-83.68174109752546"><ele>1168.3833720367402</ele></trkpt><trkpt lat="35.30539005321676" lon="-83.68216003405874"><ele>1173.530256997794</ele></trkpt><trkpt lat="35.305794830363126" lon="-83.6824190914324"><ele>1181.2058057825939</ele></trkpt><trkpt lat="35.30612775217422" lon="-83.68278775217422"><ele>1191.0954608037541</ele></trkpt><trkpt lat="35.30642445856134" lon="-83.68321196536769"><ele>1197.0802098605782</ele></trkpt><trkpt lat="35.3067154393275" lon="-83.68364324043183"><ele>1210.9397546239197</ele></trkpt><trkpt lat="35.307012908060216" lon="-83.68406413460285"><ele>1215.9082125486686</ele></trkpt><trkpt lat="35.307279077799386" lon="-83.68451884124062"><ele>1218.4426137855603</ele></trkpt><trkpt lat="35.30763700208358" lon="-83.68484529375013"><ele>1227.0342899856814</ele></trkpt><trkpt lat="35.30804489215222" lon="-83.68509269389617"><ele>1232.5794976266407</ele></trkpt><trkpt lat="35.3083600119677" lon="-83.68549547031598"><ele>1233.8763808524236</ele></trkpt><trkpt lat="35.308735155026795" lon="-83.6857589518739"><ele>1239.4820110853761</ele></trkpt><trkpt lat="35.30917037685778" lon="-83.6858669179052"><ele>1252.844424860552</ele></trkpt><trkpt lat="35.30960718407467" lon="-83.6859817451762"><ele>1257.1061671946627</ele></trkpt><trkpt lat="35.31001931676452" lon="-83.6861968807049"><ele>1255.949260327965</ele></trkpt><trkpt lat="35.310418148057835" lon="-83.68646907402892"><ele>1258.3668547132984</ele></trkpt><trkpt lat="35.31084096868958" lon="-83.68668048434478"><ele>1254.3360054278746</ele></trkpt><trkpt lat="35.311289119187975" lon="-83.68673087123142"><ele>1259.5126845435398</ele></trkpt><trkpt lat="35.311717683173555" lon="-83.68655350035358"><ele>1261.5412763198838</ele></trkpt><trkpt lat="35.31213506790687" lon="-83.68632644305868"><ele>1264.0139397028834</ele></trkpt><trkpt lat="35.312552452817464" lon="-83.68609938566732"><ele>1269.5955810891464</ele></trkpt><trkpt lat="35.31292055361948" lon="-83.68577678566372"><ele>1276.7822589605848</ele></trkpt><trkpt lat="35.3132381812609" lon="-83.68537679505029"><ele>1283.2707445928827</ele></trkpt><trkpt lat="35.31362901422582" lon="-83.68511024644356"><ele>1290.7424375927076</ele></trkpt><trkpt lat="35.31406218043073" lon="-83.68528035556922"><ele>1293.7651501623914</ele></trkpt><trkpt lat="35.314499068121215" lon="-83.68544270177641"><ele>1291.3468051662558</ele></trkpt><trkpt lat="35.31492986016088" lon="-83.6856283880004"><ele>1295.0</ele></trkpt><trkpt lat="35.31537996080807" lon="-83.68571544813224"><ele>1295.0</ele></trkpt><trkpt lat="35.31582468218604" lon="-83.68565333946998"><ele>1301.6171594699845</ele></trkpt><trkpt lat="35.316257206851645" lon="-83.68547380092953"><ele>1307.0</ele></trkpt><trkpt lat="35.31668973163628" lon="-83.68529426233967"><ele>1313.756293498168</ele></trkpt><trkpt lat="35.31711805179974" lon="-83.68510151853854"><ele>1318.0</ele></trkpt><trkpt lat="35.31756886754918" lon="-83.68502406075446"><ele>1325.0</ele></trkpt><trkpt lat="35.31802273712631" lon="-83.68506685845266"><ele>1334.2824926080727</ele></trkpt><trkpt lat="35.318365394569504" lon="-83.6854208244774"><ele>1349.4386950616831</ele></trkpt><trkpt lat="35.318624318470384" lon="-83.68588183532529"><ele>1368.2658381359652</ele></trkpt><trkpt lat="35.318773927985916" lon="-83.68639570647892"><ele>1382.2139696367085</ele></trkpt><trkpt lat="35.318924014919176" lon="-83.68691186192844"><ele>1392.2685570428148</ele></trkpt><trkpt lat="35.31925106726136" lon="-83.68682345028078"><ele>1401.1473391912878</ele></trkpt><trkpt lat="35.319578579002474" lon="-83.68643362980295"><ele>1413.85625530298</ele></trkpt><trkpt lat="35.31987783249045" lon="-83.686010962511"><ele>1427.0</ele></trkpt><trkpt lat="35.320236408726075" lon="-83.68599135503555"><ele>1435.3698265673593</ele></trkpt><trkpt lat="35.320590383038834" lon="-83.6863160175431"><ele>1442.5001960573718</ele></trkpt><trkpt lat="35.32103915270183" lon="-83.68628203883176"><ele>1443.9397263569667</ele></trkpt><trkpt lat="35.32149010841422" lon="-83.68621999999999"><ele>1446.0254542212933</ele></trkpt><trkpt lat="35.32194446258836" lon="-83.68625586772549"><ele>1444.711290229112</ele></trkpt><trkpt lat="35.3223820984764" lon="-83.68620574656259"><ele>1446.6388041060418</ele></trkpt><trkpt lat="35.32269465370188" lon="-83.68579918287266"><ele>1457.0</ele></trkpt><trkpt lat="35.322964185504055" lon="-83.6853551700871"><ele>1470.2304666563869</ele></trkpt><trkpt lat="35.32317276714136" lon="-83.68485726553355"><ele>1471.1443664766848</ele></trkpt><trkpt lat="35.32347758977511" lon="-83.6844434668568"><ele>1479.0</ele></trkpt><trkpt lat="35.323761541000934" lon="-83.68400537699722"><ele>1484.9586293420573</ele></trkpt><trkpt lat="35.32398107557092" lon="-83.68401067687586"><ele>1492.3577121207086</ele></trkpt><trkpt lat="35.324222213669245" lon="-83.68410933589927"><ele>1500.6911064700762</ele></trkpt><trkpt lat="35.3242984264803" lon="-83.68364852960588"><ele>1502.8958928671623</ele></trkpt><trkpt lat="35.324317744185485" lon="-83.68309236918851"><ele>1508.8782335728465</ele></trkpt><trkpt lat="35.32446734520625" lon="-83.68256468324324"><ele>1524.0290871931977</ele></trkpt><trkpt lat="35.324713799325245" lon="-83.68209675903117"><ele>1533.1315023172647</ele></trkpt><trkpt lat="35.32502701179493" lon="-83.68170550910695"><ele>1538.3284642870294</ele></trkpt><trkpt lat="35.32533666729766" lon="-83.68131391189121"><ele>1540.6148233227432</ele></trkpt><trkpt lat="35.32532168472424" lon="-83.68086492468073"><ele>1537.4098898360012</ele></trkpt><trkpt lat="35.32577400958897" lon="-83.68084382848224"><ele>1537.2736161556095</ele></trkpt><trkpt lat="35.326070319461195" lon="-83.68053650483515"><ele>1525.4494790678618</ele></trkpt><trkpt lat="35.32641107304608" lon="-83.68017946507533"><ele>1510.456281595307</ele></trkpt><trkpt lat="35.32680777067053" lon="-83.67990220329479"><ele>1497.0</ele></trkpt><trkpt lat="35.32719153142563" lon="-83.67960454116202"><ele>1483.7227268228307</ele></trkpt><trkpt lat="35.327508622704265" lon="-83.67920174953781"><ele>1472.7700656439645</ele></trkpt><trkpt lat="35.32776959862576" lon="-83.67875175722892"><ele>1466.7169405501336</ele></trkpt><trkpt lat="35.3279478375361" lon="-83.67823772308532"><ele>1465.8983082640916</ele></trkpt><trkpt lat="35.32803464415379" lon="-83.67768827741574"><ele>1462.4183635329828</ele></trkpt><trkpt lat="35.32795906442622" lon="-83.67714481904916"><ele>1455.0</ele></trkpt><trkpt lat="35.32796053757531" lon="-83.67661217468203"><ele>1451.0</ele></trkpt><trkpt lat="35.328169868853514" lon="-83.67612608643304"><ele>1444.0</ele></trkpt><trkpt lat="35.32821610626974" lon="-83.67558408884084"><ele>1441.777595769614</ele></trkpt><trkpt lat="35.32817886521485" lon="-83.67503753219525"><ele>1441.7054289564217</ele></trkpt><trkpt lat="35.32825941143341" lon="-83.6744920599831"><ele>1438.6771269548744</ele></trkpt><trkpt lat="35.3281032247535" lon="-83.67401941758587"><ele>1435.564115375173</ele></trkpt><trkpt lat="35.32802610659822" lon="-83.67348672082132"><ele>1423.385817221682</ele></trkpt><trkpt lat="35.32807250963208" lon="-83.67292988441507"><ele>1416.9932762767803</ele></trkpt><trkpt lat="35.328089130767474" lon="-83.67237130767468"><ele>1413.0</ele></trkpt><trkpt lat="35.328034704960416" lon="-83.67181557701834"><ele>1413.860359692946</ele></trkpt><trkpt lat="35.3279889311993" lon="-83.67125866292479"><ele>1412.0548789406316</ele></trkpt><trkpt lat="35.32794315745102" lon="-83.67070174898734"><ele>1409.6309720352292</ele></trkpt><trkpt lat="35.32780771572998" lon="-83.67018011996859"><ele>1406.3813992831856</ele></trkpt><trkpt lat="35.3275804605502" lon="-83.66969462026636"><ele>1406.9130149818957</ele></trkpt><trkpt lat="35.32744498138025" lon="-83.6691706688589"><ele>1405.5615302462083</ele></trkpt><trkpt lat="35.32746168710737" lon="-83.66862390974745"><ele>1399.9897270007236</ele></trkpt><trkpt lat="35.32769305681212" lon="-83.668141338649"><ele>1393.3447239510715</ele></trkpt><trkpt lat="35.32801105201675" lon="-83.66787599522284"><ele>1389.1328696347773</ele></trkpt><trkpt lat="35.32845644406901" lon="-83.66797184231812"><ele>1382.5996680259705</ele></trkpt><trkpt lat="35.32891247399882" lon="-83.66794242103232"><ele>1375.2290668198584</ele></trkpt><trkpt lat="35.32936091218769" lon="-83.66785977195309"><ele>1371.3768104659393</ele></trkpt><trkpt lat="35.32981182755752" lon="-83.66778999999997"><ele>1363.1252017766237</ele></trkpt><trkpt lat="35.33026848876143" lon="-83.66778999999997"><ele>1356.1252017766237</ele></trkpt><trkpt lat="35.330721186688436" lon="-83.66772244792861"><ele>1347.9770470755175</ele></trkpt><trkpt lat="35.33115215895102" lon="-83.66760397756325"><ele>1343.4559278823435</ele></trkpt><trkpt lat="35.331382434198446" lon="-83.6671268713826"><ele>1338.7788316942751</ele></trkpt><trkpt lat="35.33150611509539" lon="-83.66660408112949"><ele>1345.0</ele></trkpt><trkpt lat="35.33169372066387" lon="-83.66609800984571"><ele>1353.0</ele></trkpt><trkpt lat="35.331947776848104" lon="-83.66563403655563"><ele>1361.34997709468</ele></trkpt><trkpt lat="35.3322275382073" lon="-83.66521075327732"><ele>1370.0</ele></trkpt><trkpt lat="35.33248119161873" lon="-83.66475721706186"><ele>1379.8602261953056</ele></trkpt><trkpt lat="35.33271675615687" lon="-83.66427767496639"><ele>1383.8608664943918</ele></trkpt><trkpt lat="35.3330305825429" lon="-83.66387814687987"><ele>1384.935916641727</ele></trkpt><trkpt lat="35.33339266947329" lon="-83.66353705049616"><ele>1386.0766106192023</ele></trkpt><trkpt lat="35.333680841658136" lon="-83.66311875890821"><ele>1385.17931678053</ele></trkpt><trkpt lat="35.33394797412969" lon="-83.66268242615311"><ele>1376.3486328460276</ele></trkpt><trkpt lat="35.33407676540634" lon="-83.66214667415908"><ele>1377.0</ele></trkpt><trkpt lat="35.33437919801188" lon="-83.66173632432725"><ele>1381.0</ele></trkpt><trkpt lat="35.33470617303404" lon="-83.66134554930076"><ele>1387.0</ele></trkpt><trkpt lat="35.33498303129773" lon="-83.66091236634276"><ele>1390.9132351805338</ele></trkpt><trkpt lat="35.33496462489001" lon="-83.66037236696125"><ele>1394.8812943839482</ele></trkpt><trkpt lat="35.3348765348207" lon="-83.65982309947026"><ele>1397.6969360485673</ele></trkpt><trkpt lat="35.33492139049821" lon="-83.65927202781167"><ele>1405.0</ele></trkpt><trkpt lat="35.334937605808655" lon="-83.65871259960142"><ele>1401.2734206048772</ele></trkpt><trkpt lat="35.33523796527055" lon="-83.6583230054788"><ele>1401.3444144800305</ele></trkpt><trkpt lat="35.3353990934175" lon="-83.65781429247063"><ele>1405.0</ele></trkpt><trkpt lat="35.335641212199256" lon="-83.65739349843813"><ele>1406.76046081601</ele></trkpt><trkpt lat="35.335851453213984" lon="-83.65689656513057"><ele>1409.9370801607147</ele></trkpt><trkpt lat="35.336047010382295" lon="-83.65639569581488"><ele>1417.5631613302976</ele></trkpt><trkpt lat="35.336423583642855" lon="-83.6560790319367"><ele>1421.64546701964</ele></trkpt><trkpt lat="35.33669607943378" lon="-83.6556349410145"><ele>1426.0</ele></trkpt><trkpt lat="35.336722303107685" lon="-83.65508157513847"><ele>1431.0</ele></trkpt><trkpt lat="35.336791470071795" lon="-83.65452823942562"><ele>1432.0</ele></trkpt><trkpt lat="35.33696439079069" lon="-83.65420815933734"><ele>1428.0</ele></trkpt><trkpt lat="35.337381297852275" lon="-83.65443660156288"><ele>1422.8515082299677</ele></trkpt><trkpt lat="35.33744237954136" lon="-83.65427652550474"><ele>1418.0</ele></trkpt><trkpt lat="35.33717706021645" lon="-83.65383275152686"><ele>1414.589249292965</ele></trkpt><trkpt lat="35.33678349505405" lon="-83.6536443770608"><ele>1411.5285040093586</ele></trkpt><trkpt lat="35.336444094774706" lon="-83.6537362575951"><ele>1405.173335290514</ele></trkpt><trkpt lat="35.33669449308895" lon="-83.6532681216163"><ele>1399.7121382646983</ele></trkpt><trkpt lat="35.3368779592577" lon="-83.65277285558832"><ele>1391.0</ele></trkpt><trkpt lat="35.33690457085346" lon="-83.65221401207734"><ele>1384.6572538058772</ele></trkpt><trkpt lat="35.337012972699085" lon="-83.65167266329883"><ele>1382.0</ele></trkpt><trkpt lat="35.33714233778356" lon="-83.65113579819825"><ele>1379.0</ele></trkpt><trkpt lat="35.337271702963264" lon="-83.65059893270247"><ele>1380.0</ele></trkpt><trkpt lat="35.33749095383196" lon="-83.65011428310248"><ele>1382.0</ele></trkpt><trkpt lat="35.33775628935151" lon="-83.64965882025832"><ele>1382.0</ele></trkpt><trkpt lat="35.33801562686453" lon="-83.64919981949916"><ele>1380.0</ele></trkpt><trkpt lat="35.338214670554734" lon="-83.64869599015832"><ele>1372.0</ele></trkpt><trkpt lat="35.3384292237603" lon="-83.64820216891536"><ele>1358.0</ele></trkpt><trkpt lat="35.3386554150382" lon="-83.6477158576679"><ele>1346.0</ele></trkpt><trkpt lat="35.33892959375349" lon="-83.64726956742889"><ele>1343.0</ele></trkpt><trkpt lat="35.33921555371897" lon="-83.64683310221841"><ele>1340.0</ele></trkpt><trkpt lat="35.33950151399204" lon="-83.64639663653846"><ele>1335.0</ele></trkpt><trkpt lat="35.33975210667708" lon="-83.64593175108679"><ele>1330.0</ele></trkpt><trkpt lat="35.33991734254372" lon="-83.64541097741903"><ele>1324.7334446326581</ele></trkpt><trkpt lat="35.34006884913435" lon="-83.64488286873168"><ele>1318.714628921378</ele></trkpt><trkpt lat="35.34012348439382" lon="-83.64434207546715"><ele>1309.0</ele></trkpt><trkpt lat="35.34006638478214" lon="-83.64378665197174"><ele>1299.0</ele></trkpt><trkpt lat="35.339962444251576" lon="-83.64324426829529"><ele>1292.0</ele></trkpt><trkpt lat="35.339803252337816" lon="-83.64272092212158"><ele>1290.0</ele></trkpt><trkpt lat="35.33959086066855" lon="-83.64222534155994"><ele>1286.0</ele></trkpt><trkpt lat="35.339391833893664" lon="-83.64172249050836"><ele>1277.0</ele></trkpt><trkpt lat="35.339234526888255" lon="-83.64119694210392"><ele>1266.7988783800974</ele></trkpt><trkpt lat="35.33907722001779" lon="-83.64067139415033"><ele>1254.207135397592</ele></trkpt><trkpt lat="35.338944422573114" lon="-83.6401369203899"><ele>1241.946476471374</ele></trkpt><trkpt lat="35.33884212595329" lon="-83.63959133841756"><ele>1237.9932257292628</ele></trkpt><trkpt lat="35.3388117481075" lon="-83.63904364252664"><ele>1223.5092841144651</ele></trkpt><trkpt lat="35.33889259634832" lon="-83.63849267673736"><ele>1203.8718723338097</ele></trkpt><trkpt lat="35.33897344462832" lon="-83.63794171068108"><ele>1197.0</ele></trkpt><trkpt lat="35.33906391208937" lon="-83.63739565384363"><ele>1179.5613819127902</ele></trkpt><trkpt lat="35.33932591601725" lon="-83.63693714696983"><ele>1171.1163290459663</ele></trkpt><trkpt lat="35.3396991565135" lon="-83.63662765422575"><ele>1153.9383719526231</ele></trkpt><trkpt lat="35.33957985601936" lon="-83.63714057592253"><ele>1144.553346882201</ele></trkpt><trkpt lat="35.33967571100578" lon="-83.63768212727743"><ele>1138.2644585266335</ele></trkpt><trkpt lat="35.339846273067046" lon="-83.63815679864517"><ele>1138.5060909194872</ele></trkpt><trkpt lat="35.340234168005885" lon="-83.63840487385522"><ele>1132.3819573241046</ele></trkpt><trkpt lat="35.34032496158381" lon="-83.63890586438934"><ele>1118.0807432346046</ele></trkpt><trkpt lat="35.340558779889314" lon="-83.63938673599876"><ele>1118.9803102739543</ele></trkpt><trkpt lat="35.340829722738206" lon="-83.63980916685543"><ele>1119.4254559489377</ele></trkpt><trkpt lat="35.34125986289332" lon="-83.63999213691139"><ele>1119.2792543340474</ele></trkpt><trkpt lat="35.341642702933704" lon="-83.64027744980078"><ele>1117.7035215375945</ele></trkpt><trkpt lat="35.34184716156995" lon="-83.64077616116863"><ele>1109.3248708109918</ele></trkpt><trkpt lat="35.342016961549206" lon="-83.64129585201424"><ele>1107.7823981065303</ele></trkpt><trkpt lat="35.34225340705726" lon="-83.6414638006167"><ele>1105.3383407753176</ele></trkpt><trkpt lat="35.34208788787895" lon="-83.64097702726849"><ele>1097.0167046535862</ele></trkpt><trkpt lat="35.341977473380894" lon="-83.64043655230313"><ele>1094.394030820346</ele></trkpt><trkpt lat="35.34185216959034" lon="-83.63989821009186"><ele>1090.0046940407885</ele></trkpt><trkpt lat="35.34155490521382" lon="-83.63959218468167"><ele>1089.7838886920363</ele></trkpt><trkpt lat="35.34138703165417" lon="-83.63927406330833"><ele>1085.8908173119316</ele></trkpt><trkpt lat="35.340988121267436" lon="-83.63913356716279"><ele>1081.6940507927816</ele></trkpt><trkpt lat="35.340833501538356" lon="-83.63862631855237"><ele>1077.9869552673863</ele></trkpt><trkpt lat="35.34098460327314" lon="-83.63810285745589"><ele>1073.3543353900313</ele></trkpt><trkpt lat="35.34082018270104" lon="-83.63758058034449"><ele>1062.0120926899835</ele></trkpt><trkpt lat="35.34055326855223" lon="-83.63745256772144"><ele>1073.9969847965986</ele></trkpt><trkpt lat="35.34079270290144" lon="-83.63704037825917"><ele>1070.2895647304779</ele></trkpt><trkpt lat="35.34120287194474" lon="-83.63679427683319"><ele>1058.8566323543669</ele></trkpt><trkpt lat="35.34133631254008" lon="-83.63641236463009"><ele>1064.3072386202314</ele></trkpt><trkpt lat="35.341464277408654" lon="-83.63597360232558"><ele>1060.5762436306104</ele></trkpt><trkpt lat="35.34183219103972" lon="-83.63567537075234"><ele>1042.4552840581164</ele></trkpt><trkpt lat="35.341777015782895" lon="-83.63525461087265"><ele>1050.7433902584555</ele></trkpt><trkpt lat="35.341364187823395" lon="-83.63505723826104"><ele>1048.557738254542</ele></trkpt><trkpt lat="35.34102340775794" lon="-83.63471791422288"><ele>1045.8542944071814</ele></trkpt><trkpt lat="35.341091106288076" lon="-83.6342940655796"><ele>1045.0</ele></trkpt><trkpt lat="35.3414184697535" lon="-83.63390374760161"><ele>1049.0502397705877</ele></trkpt><trkpt lat="35.34164475340998" lon="-83.6334211769859"><ele>1048.0</ele></trkpt><trkpt lat="35.341789467375854" lon="-83.6328907780143"><ele>1044.8135994585143</ele></trkpt><trkpt lat="35.341957828346764" lon="-83.63237258570001"><ele>1036.0</ele></trkpt><trkpt lat="35.342130639842196" lon="-83.63185824536524"><ele>1033.1206928882748</ele></trkpt><trkpt lat="35.342279711733916" lon="-83.63136991615"><ele>1030.0</ele></trkpt><trkpt lat="35.342534298755496" lon="-83.63090997221654"><ele>1025.0</ele></trkpt><trkpt lat="35.34266221423702" lon="-83.63038328542214"><ele>1023.4907620549202</ele></trkpt><trkpt lat="35.34263981801531" lon="-83.6298495050381"><ele>1017.204870194187</ele></trkpt><trkpt lat="35.34287698200058" lon="-83.62937108803331"><ele>1009.513012675637</ele></trkpt><trkpt lat="35.34311414624006" lon="-83.62889267051574"><ele>1006.5715195235591</ele></trkpt><trkpt lat="35.34338131281213" lon="-83.62843931199679"><ele>1002.2502229483798</ele></trkpt><trkpt lat="35.343657721917026" lon="-83.62799367282767"><ele>1000.3669455498457</ele></trkpt><trkpt lat="35.34378009393315" lon="-83.62752322374463"><ele>992.5574160553515</ele></trkpt><trkpt lat="35.3440921936416" lon="-83.62715202572255"><ele>976.859254238231</ele></trkpt><trkpt lat="35.344407811906784" lon="-83.62678281380508"><ele>961.7778182309121</ele></trkpt><trkpt lat="35.34457787532573" lon="-83.62628920104233"><ele>959.9970632452896</ele></trkpt><trkpt lat="35.344738550301585" lon="-83.62580652364291"><ele>960.0</ele></trkpt><trkpt lat="35.34484820325164" lon="-83.62527391866004"><ele>949.8973131011546</ele></trkpt><trkpt lat="35.34484249094448" lon="-83.62471411255915"><ele>942.0</ele></trkpt><trkpt lat="35.34486329070033" lon="-83.62415557554553"><ele>929.0</ele></trkpt><trkpt lat="35.34500895935913" lon="-83.62364384544742"><ele>927.1013733130558</ele></trkpt><trkpt lat="35.34510004399192" lon="-83.62310557767753"><ele>930.2278512381017</ele></trkpt><trkpt lat="35.34506470690647" lon="-83.62255586187055"><ele>931.2931845548395</ele></trkpt><trkpt lat="35.34503922359558" lon="-83.62208199143288"><ele>921.6870410966264</ele></trkpt><trkpt lat="35.34502990641984" lon="-83.62153124773553"><ele>919.2351045850664</ele></trkpt><trkpt lat="35.34508358713448" lon="-83.62097577642838"><ele>925.0967831250739</ele></trkpt><trkpt lat="35.34516774497395" lon="-83.62042551363186"><ele>932.6401928123087</ele></trkpt><trkpt lat="35.345287687025845" lon="-83.61988599566241"><ele>929.4929985646158</ele></trkpt><trkpt lat="35.345420494109206" lon="-83.61935034042617"><ele>923.0808508135378</ele></trkpt><trkpt lat="35.345615689986005" lon="-83.61885213735758"><ele>917.6887730350718</ele></trkpt><trkpt lat="35.3458285878216" lon="-83.61835738922818"><ele>912.397115893662</ele></trkpt><trkpt lat="35.345792195918136" lon="-83.61780415509946"><ele>909.3178747929633</ele></trkpt><trkpt lat="35.34583814755692" lon="-83.61725712196926"><ele>901.1154578991437</ele></trkpt><trkpt lat="35.34594870176196" lon="-83.61671585990658"><ele>897.157554846257</ele></trkpt><trkpt lat="35.345873191484486" lon="-83.61617118540198"><ele>894.4594499073585</ele></trkpt><trkpt lat="35.34578043403361" lon="-83.6156348828781"><ele>892.8302180698997</ele></trkpt><trkpt lat="35.34570983500959" lon="-83.61508463970776"><ele>895.6122110597789</ele></trkpt><trkpt lat="35.34554471960472" lon="-83.61456266197621"><ele>895.5469264779814</ele></trkpt><trkpt lat="35.34535715832979" lon="-83.61405431665956"><ele>907.0</ele></trkpt><trkpt lat="35.345118501493076" lon="-83.61357700298613"><ele>918.0</ele></trkpt><trkpt lat="35.344778391783166" lon="-83.61320839178316"><ele>917.5621056705713</ele></trkpt><trkpt lat="35.344377275260044" lon="-83.61308636436002"><ele>915.0</ele></trkpt><trkpt lat="35.34394576815145" lon="-83.61295560254534"><ele>909.6570619819686</ele></trkpt><trkpt lat="35.34377036339231" lon="-83.61244575457992"><ele>896.0</ele></trkpt><trkpt lat="35.34344050801732" lon="-83.61209445187072"><ele>889.0</ele></trkpt><trkpt lat="35.34301566957833" lon="-83.61190433514327"><ele>884.7904259030497</ele></trkpt><trkpt lat="35.34258612234487" lon="-83.6117220407816"><ele>885.831082906574</ele></trkpt><trkpt lat="35.34213319941309" lon="-83.61166053055234"><ele>881.0</ele></trkpt><trkpt lat="35.3417081167154" lon="-83.6114862334308"><ele>880.9966104112511</ele></trkpt><trkpt lat="35.341395476565765" lon="-83.61108366113645"><ele>879.0</ele></trkpt><trkpt lat="35.34101296527084" lon="-83.61078144007898"><ele>877.0</ele></trkpt><trkpt lat="35.34072387188366" lon="-83.6103682265697"><ele>871.0191685390389</ele></trkpt><trkpt lat="35.340613266515625" lon="-83.60984432804685"><ele>856.2848018330092</ele></trkpt><trkpt lat="35.340737082349364" lon="-83.60931904319324"><ele>845.0897425913968</ele></trkpt><trkpt lat="35.34080772900514" lon="-83.60876908397944"><ele>836.0</ele></trkpt><trkpt lat="35.341019023152796" lon="-83.60827495038684"><ele>825.3878823518753</ele></trkpt><trkpt lat="35.34132366219445" lon="-83.60787078910127"><ele>815.9948189370338</ele></trkpt><trkpt lat="35.34148475565735" lon="-83.60755080005728"><ele>804.7750098165125</ele></trkpt><trkpt lat="35.34132833493862" lon="-83.60742916413523"><ele>796.1063649896532</ele></trkpt><trkpt lat="35.34154542608888" lon="-83.60709906956669"><ele>786.72284310963</ele></trkpt><trkpt lat="35.34110550328566" lon="-83.6070795168078"><ele>778.8116185003892</ele></trkpt><trkpt lat="35.34067329683787" lon="-83.60726025768595"><ele>769.8931381304434</ele></trkpt><trkpt lat="35.340796096160275" lon="-83.60677155427672"><ele>764.0</ele></trkpt><trkpt lat="35.34083513241485" lon="-83.60623792108139"><ele>757.0627064498834</ele></trkpt><trkpt lat="35.3406805356919" lon="-83.60611302762283"><ele>749.832970981888</ele></trkpt><trkpt lat="35.340622036769204" lon="-83.6059111175392"><ele>744.3357008328145</ele></trkpt><trkpt lat="35.34067374960398" lon="-83.60542954531056"><ele>732.9173734923825</ele></trkpt><trkpt lat="35.34050010924728" lon="-83.6049598098288"><ele>738.9659719914198</ele></trkpt><trkpt lat="35.34076304869395" lon="-83.60450210042164"><ele>742.0</ele></trkpt><trkpt lat="35.34063294292811" lon="-83.60398421366084"><ele>741.0</ele></trkpt><trkpt lat="35.340268698785096" lon="-83.60369685478359"><ele>736.8318577082828</ele></trkpt><trkpt lat="35.340230881224485" lon="-83.60327369519274"><ele>737.0322177773342</ele></trkpt><trkpt lat="35.34009357597855" lon="-83.6028230742244"><ele>736.7403938136995</ele></trkpt><trkpt lat="35.34019347534618" lon="-83.60232468047109"><ele>736.546295568367</ele></trkpt><trkpt lat="35.34000985915807" lon="-83.60200515578308"><ele>734.6707453159615</ele></trkpt><trkpt lat="35.33959042196951" lon="-83.60187568414504"><ele>734.7045609746128</ele></trkpt><trkpt lat="35.33923612637871" lon="-83.60180578986697"><ele>739.7252310085383</ele></trkpt><trkpt lat="35.33902220400841" lon="-83.60136582197649"><ele>734.4658602299169</ele></trkpt><trkpt lat="35.33856633474276" lon="-83.60133286757176"><ele>735.0008416866058</ele></trkpt><trkpt lat="35.33815090755578" lon="-83.60142818488843"><ele>728.5595378857106</ele></trkpt><trkpt lat="35.33802468765915" lon="-83.60194225664381"><ele>719.6020576646551</ele></trkpt><trkpt lat="35.33779913764606" lon="-83.60151189607676"><ele>714.659445874393</ele></trkpt><trkpt lat="35.33737809846963" lon="-83.60157415496285"><ele>709.7568393638358</ele></trkpt><trkpt lat="35.3369840193477" lon="-83.60182583722417"><ele>701.1177815014826</ele></trkpt><trkpt lat="35.33658524894322" lon="-83.60199039830914"><ele>691.1117265673618</ele></trkpt><trkpt lat="35.33669145578584" lon="-83.60147398710117"><ele>684.7361025457936</ele></trkpt><trkpt lat="35.33649202304797" lon="-83.60119689144977"><ele>677.3244252502918</ele></trkpt><trkpt lat="35.336039087198635" lon="-83.60123310225907"><ele>671.6510473592207</ele></trkpt><trkpt lat="35.33559342573193" lon="-83.60135452796285"><ele>665.9843988288194</ele></trkpt><trkpt lat="35.33514837362033" lon="-83.60147994590197"><ele>658.1472998177633</ele></trkpt><trkpt lat="35.33472592023475" lon="-83.60142939261037"><ele>658.5493453982361</ele></trkpt><trkpt lat="35.334843010988486" lon="-83.60093197069739"><ele>651.0970256635919</ele></trkpt><trkpt lat="35.33454611390581" lon="-83.60070388881337"><ele>643.5721319303165</ele></trkpt><trkpt lat="35.334093346381614" lon="-83.60066230379994"><ele>640.2192481151964</ele></trkpt><trkpt lat="35.333701671928395" lon="-83.60044435682124"><ele>633.9902968071401</ele></trkpt><trkpt lat="35.33329089925732" lon="-83.6002214938555"><ele>628.0916668771915</ele></trkpt><trkpt lat="35.33356364864892" lon="-83.59999887899251"><ele>618.8299794867635</ele></trkpt><trkpt lat="35.333931124424396" lon="-83.59969662672681"><ele>611.5124732853892</ele></trkpt><trkpt lat="35.33406695390759" lon="-83.59916761523104"><ele>604.0404681951327</ele></trkpt><trkpt lat="35.33423804273837" lon="-83.59865020045346"><ele>597.2219518590719</ele></trkpt><trkpt lat="35.33444483601882" lon="-83.59815464396169"><ele>592.7731098714883</ele></trkpt><trkpt lat="35.334521805084044" lon="-83.59765411017402"><ele>586.6726483000512</ele></trkpt><trkpt lat="35.33456418887292" lon="-83.59710212482034"><ele>579.9974597741972</ele></trkpt><trkpt lat="35.33467716027839" lon="-83.5966003320998"><ele>577.7534981556237</ele></trkpt><trkpt lat="35.334694938879984" lon="-83.59628597555196"><ele>574.4077244102955</ele></trkpt><trkpt lat="35.334278731865176" lon="-83.59605591519741"><ele>567.471833081916</ele></trkpt><trkpt lat="35.3338672785511" lon="-83.5958148176303"><ele>561.1614128211513</ele></trkpt><trkpt lat="35.3335103179496" lon="-83.5954702384622"><ele>560.7267880993272</ele></trkpt><trkpt lat="35.333149089427174" lon="-83.5951414277952"><ele>566.5436536986381</ele></trkpt><trkpt lat="35.33297682248575" lon="-83.59468934555987"><ele>556.5611585807055</ele></trkpt><trkpt lat="35.333086820335986" lon="-83.59417364067197"><ele>547.4570737071335</ele></trkpt><trkpt lat="35.332999061063774" lon="-83.59363799693605"><ele>541.443764731288</ele></trkpt><trkpt lat="35.332771552293" lon="-83.59315264489173"><ele>536.1018059304863</ele></trkpt><trkpt lat="35.33254260036555" lon="-83.59266848945751"><ele>528.3682201784104</ele></trkpt><trkpt lat="35.33219302418289" lon="-83.59252674284691"><ele>524.0</ele></trkpt><trkpt lat="35.3318272487405" lon="-83.59226460576339"><ele>525.0</ele></trkpt><trkpt lat="35.3314036628944" lon="-83.59209622989874"><ele>523.0</ele></trkpt><trkpt lat="35.33127065921642" lon="-83.59182045193631"><ele>526.2912740726024</ele></trkpt></trkseg></trk></gpx>
