<?xml version="1.0"?>
<gpx xmlns="http://www.topografix.com/GPX/1/1" xmlns:gpxx="http://www.garmin.com/xmlschemas/GpxExtensions/v3" creator="CALTOPO" version="1.1"><metadata><name><![CDATA[Eastern Thru Hikes]]></name></metadata><trk><name>BMT 1</name><extensions><gpxx:TrackExtension><gpxx:DisplayColor>Red</gpxx:DisplayColor></gpxx:TrackExtension></extensions><trkseg><trkpt lat="34.5579201653879" lon="-84.24978628860299"><ele>548.1525509836988</ele></trkpt><trkpt lat="34.55787117842795" lon="-84.24963969151128"><ele>549.8285460868497</ele></trkpt><trkpt lat="34.55765164481679" lon="-84.24915274322518"><ele>549.0089943486159</ele></trkpt><trkpt lat="34.5576765920214" lon="-84.24910730956003"><ele>549.8147759989145</ele></trkpt><trkpt lat="34.55770848862526" lon="-84.24846695584193"><ele>560.4903853282019</ele></trkpt><trkpt lat="34.55762223251735" lon="-84.24871016459099"><ele>556.0</ele></trkpt><trkpt lat="34.5577317508917" lon="-84.24905553564116"><ele>550.0</ele></trkpt><trkpt lat="34.55792126163608" lon="-84.24888531198519"><ele>551.0</ele></trkpt><trkpt lat="34.55811985589281" lon="-84.24873750685651"><ele>553.0</ele></trkpt><trkpt lat="34.55827590144829" lon="-84.24867467232968"><ele>553.4784865957588</ele></trkpt><trkpt lat="34.55845750382365" lon="-84.24853638621073"><ele>554.4962365732551</ele></trkpt><trkpt lat="34.55860393694918" lon="-84.24839989667606"><ele>556.0</ele></trkpt><trkpt lat="34.55877901761494" lon="-84.24834750015623"><ele>556.9851588064257</ele></trkpt><trkpt lat="34.55913783061175" lon="-84.24817526320135"><ele>560.9611205952242</ele></trkpt><trkpt lat="34.55957135817378" lon="-84.24809519755456"><ele>562.0</ele></trkpt><trkpt lat="34.55987057146648" lon="-84.24792166350113"><ele>564.7797232279554</ele></trkpt><trkpt lat="34.56001424387289" lon="-84.24786967932039"><ele>565.0</ele></trkpt><trkpt lat="34.56014131628461" lon="-84.2477993117194"><ele>566.0</ele></trkpt><trkpt lat="34.560236023405" lon="-84.24777348266355"><ele>568.0</ele></trkpt><trkpt lat="34.56049194669076" lon="-84.24776997376995"><ele>569.6007863923425</ele></trkpt><trkpt lat="34.56113379589098" lon="-84.24747416976516"><ele>572.0</ele></trkpt><trkpt lat="34.56163477019796" lon="-84.24733982314729"><ele>574.0</ele></trkpt><trkpt lat="34.56174985381606" lon="-84.24732616355504"><ele>574.4679678175598</ele></trkpt><trkpt lat="34.562168" lon="-84.24749800000001"><ele>577.2648963464217</ele></trkpt><trkpt lat="34.56297462290024" lon="-84.24702383946482"><ele>588.6986875595835</ele></trkpt><trkpt lat="34.56323560038196" lon="-84.24709773384325"><ele>590.0</ele></trkpt><trkpt lat="34.56344720350076" lon="-84.2470095315793"><ele>592.0</ele></trkpt><trkpt lat="34.56361066755011" lon="-84.24703679122501"><ele>595.982239802368</ele></trkpt><trkpt lat="34.56367104808907" lon="-84.24694481692427"><ele>595.6162281949073</ele></trkpt><trkpt lat="34.56374563133269" lon="-84.24675277771712"><ele>595.837052077055</ele></trkpt><trkpt lat="34.56394079676523" lon="-84.24648187695095"><ele>595.121360254474</ele></trkpt><trkpt lat="34.56397910663525" lon="-84.24631196116786"><ele>597.2425265747704</ele></trkpt><trkpt lat="34.56404033667224" lon="-84.24627259695637"><ele>598.5150890704244</ele></trkpt><trkpt lat="34.5644468547124" lon="-84.24617902901224"><ele>605.0</ele></trkpt><trkpt lat="34.56537667707292" lon="-84.24545401796934"><ele>632.7803401676938</ele></trkpt><trkpt lat="34.56590425731628" lon="-84.24595165447187"><ele>650.4111149227247</ele></trkpt><trkpt lat="34.56608320582173" lon="-84.24588785238109"><ele>653.5650755949318</ele></trkpt><trkpt lat="34.56681200218371" lon="-84.24504892662611"><ele>687.0</ele></trkpt><trkpt lat="34.567001" lon="-84.24520100000001"><ele>707.0689550060779</ele></trkpt><trkpt lat="34.56752374969612" lon="-84.24446371567166"><ele>766.0</ele></trkpt><trkpt lat="34.56742538558593" lon="-84.2442547068527"><ele>764.0</ele></trkpt><trkpt lat="34.5673189698307" lon="-84.24415985289198"><ele>765.0</ele></trkpt><trkpt lat="34.56716264952547" lon="-84.2436317464336"><ele>775.0</ele></trkpt><trkpt lat="34.56762626747895" lon="-84.24348228488321"><ele>776.0</ele></trkpt><trkpt lat="34.567799" lon="-84.24321800000001"><ele>784.0</ele></trkpt><trkpt lat="34.568382" lon="-84.24343099999999"><ele>780.0462686975305</ele></trkpt><trkpt lat="34.56847614780524" lon="-84.24306797140423"><ele>785.9878897670959</ele></trkpt><trkpt lat="34.56860789486278" lon="-84.24296311697765"><ele>785.855209524659</ele></trkpt><trkpt lat="34.56871253990643" lon="-84.24296426267756"><ele>786.7987933873975</ele></trkpt><trkpt lat="34.56886682242293" lon="-84.24288896703194"><ele>791.0</ele></trkpt><trkpt lat="34.56911667432961" lon="-84.2423717497959"><ele>796.0824641292023</ele></trkpt><trkpt lat="34.56966893368256" lon="-84.2417865584843"><ele>793.6963400328532</ele></trkpt><trkpt lat="34.571415" lon="-84.24165299999999"><ele>775.0</ele></trkpt><trkpt lat="34.571766" lon="-84.24221799999998"><ele>798.056042152063</ele></trkpt><trkpt lat="34.571865" lon="-84.24293499999999"><ele>810.3519771825522</ele></trkpt><trkpt lat="34.572102" lon="-84.24318700000003"><ele>810.8666598948857</ele></trkpt><trkpt lat="34.572834" lon="-84.243248"><ele>824.5267347551039</ele></trkpt><trkpt lat="34.573417" lon="-84.24349999999998"><ele>838.3182278333326</ele></trkpt><trkpt lat="34.573582" lon="-84.24382000000003"><ele>847.5634855558139</ele></trkpt><trkpt lat="34.577702" lon="-84.24311799999998"><ele>886.0</ele></trkpt><trkpt lat="34.5798" lon="-84.24326300000001"><ele>885.0</ele></trkpt><trkpt lat="34.580784" lon="-84.24378200000001"><ele>875.0</ele></trkpt><trkpt lat="34.581215" lon="-84.243698"><ele>869.0</ele></trkpt><trkpt lat="34.581982" lon="-84.243134"><ele>856.0</ele></trkpt><trkpt lat="34.581848" lon="-84.24224900000002"><ele>840.599541829899</ele></trkpt><trkpt lat="34.581966" lon="-84.24163099999998"><ele>844.0</ele></trkpt><trkpt lat="34.582932" lon="-84.24079899999998"><ele>850.5471987595552</ele></trkpt><trkpt lat="34.585732" lon="-84.23958600000003"><ele>839.0</ele></trkpt><trkpt lat="34.586166" lon="-84.23963200000003"><ele>833.1565276763843</ele></trkpt><trkpt lat="34.587101" lon="-84.23847999999998"><ele>819.9489312286107</ele></trkpt><trkpt lat="34.58775" lon="-84.23823600000003"><ele>839.1643583979458</ele></trkpt><trkpt lat="34.588402" lon="-84.237213"><ele>874.3364976065824</ele></trkpt><trkpt lat="34.590302" lon="-84.23673300000002"><ele>901.2006523213714</ele></trkpt><trkpt lat="34.591801" lon="-84.237167"><ele>906.0</ele></trkpt><trkpt lat="34.593449" lon="-84.23713700000002"><ele>908.8852590397</ele></trkpt><trkpt lat="34.59375" lon="-84.23703"><ele>905.0</ele></trkpt><trkpt lat="34.594532" lon="-84.23621400000002"><ele>895.7426563232631</ele></trkpt><trkpt lat="34.594833" lon="-84.23618299999998"><ele>893.0</ele></trkpt><trkpt lat="34.595432" lon="-84.235703"><ele>890.210714311339</ele></trkpt><trkpt lat="34.596352" lon="-84.23545100000001"><ele>898.9547655107453</ele></trkpt><trkpt lat="34.597134" lon="-84.23490099999998"><ele>902.2640401758254</ele></trkpt><trkpt lat="34.597569" lon="-84.23418400000003"><ele>903.36349869892</ele></trkpt><trkpt lat="34.598415" lon="-84.23403200000001"><ele>921.345143597573</ele></trkpt><trkpt lat="34.599232" lon="-84.23361999999997"><ele>947.2855502236634</ele></trkpt><trkpt lat="34.599365" lon="-84.23328400000003"><ele>952.9545384403318</ele></trkpt><trkpt lat="34.599232" lon="-84.23296299999998"><ele>957.0</ele></trkpt><trkpt lat="34.598732" lon="-84.23253599999998"><ele>970.9592662906568</ele></trkpt><trkpt lat="34.597717" lon="-84.23116299999998"><ele>1008.0</ele></trkpt><trkpt lat="34.597252" lon="-84.22841599999998"><ele>1015.0</ele></trkpt><trkpt lat="34.596817" lon="-84.22754700000002"><ele>1024.3078634664416</ele></trkpt><trkpt lat="34.596931" lon="-84.22638699999999"><ele>1028.0</ele></trkpt><trkpt lat="34.597515" lon="-84.22581500000001"><ele>1012.0</ele></trkpt><trkpt lat="34.597965" lon="-84.22486900000001"><ele>1002.0</ele></trkpt><trkpt lat="34.598885" lon="-84.22443399999997"><ele>989.66589303091</ele></trkpt><trkpt lat="34.599499" lon="-84.223633"><ele>973.0</ele></trkpt><trkpt lat="34.600483" lon="-84.222015"><ele>977.1177493333817</ele></trkpt><trkpt lat="34.600617" lon="-84.22058099999998"><ele>995.9469930669293</ele></trkpt><trkpt lat="34.601132" lon="-84.219833"><ele>1011.7355955399046</ele></trkpt><trkpt lat="34.604698" lon="-84.21627000000001"><ele>1018.1540108125424</ele></trkpt><trkpt lat="34.606251" lon="-84.21575200000001"><ele>979.077403097257</ele></trkpt><trkpt lat="34.609348" lon="-84.21388200000001"><ele>945.2809988651425</ele></trkpt><trkpt lat="34.610218" lon="-84.21251699999999"><ele>957.6545603233208</ele></trkpt><trkpt lat="34.611282" lon="-84.21140300000002"><ele>953.0</ele></trkpt><trkpt lat="34.613998" lon="-84.20986900000003"><ele>988.5760719571263</ele></trkpt><trkpt lat="34.615848" lon="-84.20793200000003"><ele>1018.0</ele></trkpt><trkpt lat="34.6161" lon="-84.207268"><ele>1005.3835327401757</ele></trkpt><trkpt lat="34.616066" lon="-84.20690200000001"><ele>1009.7434758013114</ele></trkpt><trkpt lat="34.616535" lon="-84.204949"><ele>999.0</ele></trkpt><trkpt lat="34.6162" lon="-84.20394899999997"><ele>993.7207476701587</ele></trkpt><trkpt lat="34.6166" lon="-84.20298000000003"><ele>989.0695391595364</ele></trkpt><trkpt lat="34.616417" lon="-84.20006599999999"><ele>974.4324805960059</ele></trkpt><trkpt lat="34.6166" lon="-84.19902000000002"><ele>975.0</ele></trkpt><trkpt lat="34.616833" lon="-84.19854700000002"><ele>972.0</ele></trkpt><trkpt lat="34.616684" lon="-84.19693000000001"><ele>987.7383606601878</ele></trkpt><trkpt lat="34.616551" lon="-84.196503"><ele>997.009827141648</ele></trkpt><trkpt lat="34.616115" lon="-84.19596899999999"><ele>1000.0</ele></trkpt><trkpt lat="34.616432" lon="-84.195831"><ele>1004.0</ele></trkpt><trkpt lat="34.617416" lon="-84.19633499999998"><ele>1010.0</ele></trkpt><trkpt lat="34.618465" lon="-84.19640400000003"><ele>1020.0</ele></trkpt><trkpt lat="34.622185" lon="-84.195717"><ele>1022.0</ele></trkpt><trkpt lat="34.622665" lon="-84.19528200000002"><ele>1029.9792621196516</ele></trkpt><trkpt lat="34.623066" lon="-84.19426699999997"><ele>1043.3706680051982</ele></trkpt><trkpt lat="34.622933" lon="-84.19246699999997"><ele>1052.5702663455158</ele></trkpt><trkpt lat="34.623165" lon="-84.19201700000002"><ele>1060.709019843489</ele></trkpt><trkpt lat="34.623783" lon="-84.19188700000001"><ele>1073.8156849779189</ele></trkpt><trkpt lat="34.62455" lon="-84.19214599999998"><ele>1091.8859598217532</ele></trkpt><trkpt lat="34.624035" lon="-84.192497"><ele>1101.984627318847</ele></trkpt><trkpt lat="34.623981" lon="-84.19336699999997"><ele>1104.1947232030298</ele></trkpt><trkpt lat="34.6245" lon="-84.194054"><ele>1111.0612044850095</ele></trkpt><trkpt lat="34.624802" lon="-84.193848"><ele>1123.3319995638426</ele></trkpt><trkpt lat="34.62505" lon="-84.19338199999999"><ele>1137.7379663245317</ele></trkpt><trkpt lat="34.625782" lon="-84.19394699999998"><ele>1143.0</ele></trkpt><trkpt lat="34.626855" lon="-84.19390099999998"><ele>1148.5356109480804</ele></trkpt><trkpt lat="34.62789492479224" lon="-84.1944364128289"><ele>1135.3730658451095</ele></trkpt><trkpt lat="34.62857363595506" lon="-84.19448567972836"><ele>1133.0</ele></trkpt><trkpt lat="34.6288158861757" lon="-84.1942481902214"><ele>1135.1448751287535</ele></trkpt><trkpt lat="34.62905511913426" lon="-84.19383019578623"><ele>1140.0</ele></trkpt><trkpt lat="34.62898579310549" lon="-84.19366719079284"><ele>1139.0</ele></trkpt><trkpt lat="34.62907677224879" lon="-84.193809811692"><ele>1140.0</ele></trkpt><trkpt lat="34.62920623878065" lon="-84.1937741545022"><ele>1140.0</ele></trkpt><trkpt lat="34.62926896105188" lon="-84.19369284618188"><ele>1140.0</ele></trkpt><trkpt lat="34.62923803005037" lon="-84.19359879950298"><ele>1139.0</ele></trkpt><trkpt lat="34.62926155910193" lon="-84.19351015886605"><ele>1138.0</ele></trkpt><trkpt lat="34.62926953035215" lon="-84.19339645506432"><ele>1137.0</ele></trkpt><trkpt lat="34.62924111845197" lon="-84.1932523955079"><ele>1135.0</ele></trkpt><trkpt lat="34.62924625601077" lon="-84.19304877820736"><ele>1134.0</ele></trkpt><trkpt lat="34.62925147932446" lon="-84.19299759827754"><ele>1133.4150383137167</ele></trkpt><trkpt lat="34.62932268802879" lon="-84.19281844751805"><ele>1133.0</ele></trkpt><trkpt lat="34.62929316129667" lon="-84.19258342043457"><ele>1131.2712295828387</ele></trkpt><trkpt lat="34.6291837888866" lon="-84.19232384797311"><ele>1125.1742761004716</ele></trkpt><trkpt lat="34.6290734263935" lon="-84.19209952693899"><ele>1118.720158203505</ele></trkpt><trkpt lat="34.62889845440997" lon="-84.19182561083437"><ele>1109.0</ele></trkpt><trkpt lat="34.62881054898375" lon="-84.19165037191317"><ele>1101.8817610577212</ele></trkpt><trkpt lat="34.6287200228522" lon="-84.19154350207924"><ele>1097.807521611452</ele></trkpt><trkpt lat="34.62878031098732" lon="-84.1916063042205"><ele>1099.5357926735037</ele></trkpt><trkpt lat="34.62885466231624" lon="-84.19172596691152"><ele>1105.3109991205856</ele></trkpt><trkpt lat="34.62927453617311" lon="-84.19252340378148"><ele>1130.474250825122</ele></trkpt><trkpt lat="34.62930752289206" lon="-84.19262009249803"><ele>1132.0</ele></trkpt><trkpt lat="34.62930993274941" lon="-84.19286994530756"><ele>1133.0</ele></trkpt><trkpt lat="34.62925843193806" lon="-84.19296355001097"><ele>1133.0</ele></trkpt><trkpt lat="34.62924355340054" lon="-84.19321310476681"><ele>1135.0</ele></trkpt><trkpt lat="34.62926267117982" lon="-84.19343364320878"><ele>1137.0</ele></trkpt><trkpt lat="34.62925191720277" lon="-84.19352263081328"><ele>1138.0</ele></trkpt><trkpt lat="34.62926123314061" lon="-84.1937060263017"><ele>1140.0</ele></trkpt><trkpt lat="34.62918421501721" lon="-84.19378640688814"><ele>1140.0</ele></trkpt><trkpt lat="34.62905148113278" lon="-84.19384863524834"><ele>1140.0</ele></trkpt><trkpt lat="34.6287684294441" lon="-84.19430037245547"><ele>1134.7130067618564</ele></trkpt><trkpt lat="34.6285902117891" lon="-84.19447213679905"><ele>1133.0</ele></trkpt><trkpt lat="34.62883775569389" lon="-84.19463638143225"><ele>1129.0</ele></trkpt><trkpt lat="34.6292398621732" lon="-84.19450767244444"><ele>1130.052127062343</ele></trkpt><trkpt lat="34.62962339132784" lon="-84.19444007229231"><ele>1132.2025224901736</ele></trkpt><trkpt lat="34.630933" lon="-84.194522"><ele>1138.0</ele></trkpt><trkpt lat="34.631846" lon="-84.19524200000001"><ele>1124.0</ele></trkpt><trkpt lat="34.632139" lon="-84.19521900000001"><ele>1124.0</ele></trkpt><trkpt lat="34.632154" lon="-84.19439899999998"><ele>1117.905836041607</ele></trkpt><trkpt lat="34.631687" lon="-84.192947"><ele>1106.642859622836</ele></trkpt><trkpt lat="34.631606" lon="-84.19149199999998"><ele>1097.0</ele></trkpt><trkpt lat="34.631371" lon="-84.19034999999997"><ele>1083.0855874129693</ele></trkpt><trkpt lat="34.630256" lon="-84.18775499999998"><ele>1074.7494720006362</ele></trkpt><trkpt lat="34.630014" lon="-84.18632100000002"><ele>1092.0</ele></trkpt><trkpt lat="34.628954" lon="-84.18562600000001"><ele>1101.0</ele></trkpt><trkpt lat="34.628768" lon="-84.18523099999999"><ele>1101.0</ele></trkpt><trkpt lat="34.62968" lon="-84.18349899999998"><ele>1100.9065521778539</ele></trkpt><trkpt lat="34.62989" lon="-84.18273499999998"><ele>1088.0</ele></trkpt><trkpt lat="34.631298" lon="-84.18194699999998"><ele>1060.0</ele></trkpt><trkpt lat="34.632048" lon="-84.180365"><ele>1053.0</ele></trkpt><trkpt lat="34.633848" lon="-84.178132"><ele>1015.0</ele></trkpt><trkpt lat="34.634849" lon="-84.17790200000002"><ele>1006.0</ele></trkpt><trkpt lat="34.635131" lon="-84.17751699999997"><ele>1002.0</ele></trkpt><trkpt lat="34.635371" lon="-84.17661900000002"><ele>988.0</ele></trkpt><trkpt lat="34.635244" lon="-84.17458199999999"><ele>965.0</ele></trkpt><trkpt lat="34.63552" lon="-84.17424599999998"><ele>956.0</ele></trkpt><trkpt lat="34.636172" lon="-84.174286"><ele>945.0</ele></trkpt><trkpt lat="34.636443" lon="-84.17603200000002"><ele>955.2414075391608</ele></trkpt><trkpt lat="34.636685" lon="-84.176358"><ele>959.444664100185</ele></trkpt><trkpt lat="34.636999" lon="-84.17640599999999"><ele>970.0</ele></trkpt><trkpt lat="34.637146" lon="-84.17672800000003"><ele>973.0</ele></trkpt><trkpt lat="34.636937" lon="-84.17752200000001"><ele>977.0</ele></trkpt><trkpt lat="34.637583" lon="-84.17945800000001"><ele>967.0</ele></trkpt><trkpt lat="34.637771" lon="-84.17978299999999"><ele>967.0</ele></trkpt><trkpt lat="34.638739" lon="-84.18014499999998"><ele>964.598823110573</ele></trkpt><trkpt lat="34.638705" lon="-84.18107900000001"><ele>968.0</ele></trkpt><trkpt lat="34.639363" lon="-84.18337400000001"><ele>987.0</ele></trkpt><trkpt lat="34.638973" lon="-84.184211"><ele>986.0</ele></trkpt><trkpt lat="34.637621" lon="-84.185066"><ele>966.934045156464</ele></trkpt><trkpt lat="34.637836" lon="-84.18531899999999"><ele>968.0847940305248</ele></trkpt><trkpt lat="34.637957" lon="-84.18587600000001"><ele>970.5063282437623</ele></trkpt><trkpt lat="34.638735" lon="-84.18658399999998"><ele>985.6779726222157</ele></trkpt><trkpt lat="34.638542" lon="-84.18737099999998"><ele>995.3702108375728</ele></trkpt><trkpt lat="34.638577" lon="-84.188221"><ele>1002.0</ele></trkpt><trkpt lat="34.639391" lon="-84.19023700000002"><ele>1021.0</ele></trkpt><trkpt lat="34.6397" lon="-84.191508"><ele>1022.0</ele></trkpt><trkpt lat="34.639745" lon="-84.19235600000002"><ele>1016.0746394883495</ele></trkpt><trkpt lat="34.640104" lon="-84.19377199999997"><ele>1012.0</ele></trkpt><trkpt lat="34.640205" lon="-84.19560899999999"><ele>1005.171732056886</ele></trkpt><trkpt lat="34.640399" lon="-84.19588199999998"><ele>1004.0</ele></trkpt><trkpt lat="34.641424" lon="-84.19631099999998"><ele>1015.998663008621</ele></trkpt><trkpt lat="34.642787" lon="-84.19626499999998"><ele>1038.0</ele></trkpt><trkpt lat="34.643085" lon="-84.19598300000001"><ele>1040.2869645239934</ele></trkpt><trkpt lat="34.643846" lon="-84.19459499999999"><ele>1049.0732724973432</ele></trkpt><trkpt lat="34.645489" lon="-84.19373300000001"><ele>1038.0</ele></trkpt><trkpt lat="34.646301" lon="-84.19365900000003"><ele>1026.8555614892393</ele></trkpt><trkpt lat="34.647521" lon="-84.19292100000001"><ele>1003.7439614031464</ele></trkpt><trkpt lat="34.648146" lon="-84.19189599999999"><ele>1008.0</ele></trkpt><trkpt lat="34.648223" lon="-84.19147299999997"><ele>1009.988528134626</ele></trkpt><trkpt lat="34.648167" lon="-84.19041199999998"><ele>1010.0</ele></trkpt><trkpt lat="34.647729" lon="-84.18969500000003"><ele>1019.0</ele></trkpt><trkpt lat="34.647673" lon="-84.18926099999999"><ele>1021.9420012676628</ele></trkpt><trkpt lat="34.647812" lon="-84.188917"><ele>1022.0</ele></trkpt><trkpt lat="34.64868" lon="-84.18912499999999"><ele>1009.1757024175521</ele></trkpt><trkpt lat="34.649075" lon="-84.18893200000002"><ele>1001.7101718224585</ele></trkpt><trkpt lat="34.650958" lon="-84.188713"><ele>978.0</ele></trkpt><trkpt lat="34.65313" lon="-84.18749000000003"><ele>959.0</ele></trkpt><trkpt lat="34.653552" lon="-84.18692399999998"><ele>961.0</ele></trkpt><trkpt lat="34.653848" lon="-84.18681700000002"><ele>964.143831864453</ele></trkpt><trkpt lat="34.655623" lon="-84.18702400000001"><ele>954.611713660598</ele></trkpt><trkpt lat="34.656428" lon="-84.18681200000003"><ele>956.0</ele></trkpt><trkpt lat="34.656718" lon="-84.18656799999997"><ele>956.0</ele></trkpt><trkpt lat="34.65783" lon="-84.18642399999999"><ele>935.5530399351079</ele></trkpt><trkpt lat="34.658033" lon="-84.18600600000002"><ele>933.795326910162</ele></trkpt><trkpt lat="34.657884" lon="-84.185586"><ele>921.8186894003302</ele></trkpt><trkpt lat="34.65676" lon="-84.18354599999998"><ele>903.9678066163407</ele></trkpt><trkpt lat="34.656675" lon="-84.18304"><ele>910.0</ele></trkpt><trkpt lat="34.656802" lon="-84.18250899999998"><ele>905.0</ele></trkpt><trkpt lat="34.657008" lon="-84.18223499999999"><ele>897.9998826663941</ele></trkpt><trkpt lat="34.658432" lon="-84.18232599999999"><ele>871.6986728096142</ele></trkpt><trkpt lat="34.659085" lon="-84.18212299999999"><ele>860.0</ele></trkpt><trkpt lat="34.659727" lon="-84.18105400000002"><ele>845.0</ele></trkpt><trkpt lat="34.659768" lon="-84.180702"><ele>841.0</ele></trkpt><trkpt lat="34.659616" lon="-84.18030799999997"><ele>833.5806365799862</ele></trkpt><trkpt lat="34.659701" lon="-84.17997200000002"><ele>827.5364387566224</ele></trkpt><trkpt lat="34.66004" lon="-84.18016"><ele>825.6476758863405</ele></trkpt><trkpt lat="34.660559" lon="-84.18146999999999"><ele>816.0927002672106</ele></trkpt><trkpt lat="34.661018" lon="-84.18214599999999"><ele>816.0</ele></trkpt><trkpt lat="34.66084" lon="-84.18298700000003"><ele>804.1717244684696</ele></trkpt><trkpt lat="34.661134" lon="-84.18319099999997"><ele>804.5527118202299</ele></trkpt><trkpt lat="34.661858" lon="-84.18320599999998"><ele>798.4931465368718</ele></trkpt><trkpt lat="34.662288" lon="-84.18390699999998"><ele>787.1986733646464</ele></trkpt><trkpt lat="34.662193" lon="-84.18441000000001"><ele>782.0</ele></trkpt><trkpt lat="34.663207" lon="-84.18446900000004"><ele>770.0</ele></trkpt><trkpt lat="34.66435" lon="-84.18355600000001"><ele>769.3959621215056</ele></trkpt><trkpt lat="34.665334" lon="-84.18252000000001"><ele>773.8709406789092</ele></trkpt><trkpt lat="34.666193" lon="-84.18061999999998"><ele>775.0</ele></trkpt><trkpt lat="34.667143" lon="-84.17754300000001"><ele>789.0404169280082</ele></trkpt><trkpt lat="34.667027" lon="-84.176763"><ele>795.0084636405088</ele></trkpt><trkpt lat="34.6673" lon="-84.175636"><ele>808.6028215116403</ele></trkpt><trkpt lat="34.667179" lon="-84.17443700000001"><ele>820.4135857558218</ele></trkpt><trkpt lat="34.666858" lon="-84.17378300000001"><ele>834.8918663104996</ele></trkpt><trkpt lat="34.667243" lon="-84.173498"><ele>837.5479741729796</ele></trkpt><trkpt lat="34.667455" lon="-84.17307599999998"><ele>842.3039305803593</ele></trkpt><trkpt lat="34.667399" lon="-84.17265800000001"><ele>844.8508092392325</ele></trkpt><trkpt lat="34.666839" lon="-84.17211900000001"><ele>844.1169399835021</ele></trkpt><trkpt lat="34.667404" lon="-84.17078900000001"><ele>853.2514333315194</ele></trkpt><trkpt lat="34.66768" lon="-84.170522"><ele>851.9176129844003</ele></trkpt><trkpt lat="34.667504" lon="-84.16970400000002"><ele>868.5851437449455</ele></trkpt><trkpt lat="34.667767" lon="-84.169511"><ele>864.0185038223863</ele></trkpt><trkpt lat="34.668238" lon="-84.16995400000002"><ele>878.0037379674831</ele></trkpt><trkpt lat="34.668472" lon="-84.16967399999999"><ele>882.7168767724169</ele></trkpt><trkpt lat="34.669087" lon="-84.16949499999998"><ele>898.0308679094144</ele></trkpt><trkpt lat="34.669395" lon="-84.16950800000001"><ele>903.5656799059361</ele></trkpt><trkpt lat="34.669909" lon="-84.169872"><ele>906.0</ele></trkpt><trkpt lat="34.67013" lon="-84.16949399999999"><ele>907.0</ele></trkpt><trkpt lat="34.671114" lon="-84.16976299999999"><ele>907.7690869634025</ele></trkpt><trkpt lat="34.671187" lon="-84.16940399999999"><ele>899.8944171587406</ele></trkpt><trkpt lat="34.672301" lon="-84.17050499999999"><ele>918.3422613330185</ele></trkpt><trkpt lat="34.672458" lon="-84.170208"><ele>909.5010581342503</ele></trkpt><trkpt lat="34.672798" lon="-84.17019500000004"><ele>906.538925022522</ele></trkpt><trkpt lat="34.674118" lon="-84.17105200000003"><ele>917.8671882239046</ele></trkpt><trkpt lat="34.674459" lon="-84.17094800000001"><ele>918.9940535567487</ele></trkpt><trkpt lat="34.674538" lon="-84.17060600000002"><ele>913.0</ele></trkpt><trkpt lat="34.67524" lon="-84.17105200000003"><ele>915.0</ele></trkpt><trkpt lat="34.675829" lon="-84.17113499999999"><ele>916.5917958800811</ele></trkpt><trkpt lat="34.67606" lon="-84.171468"><ele>924.0</ele></trkpt><trkpt lat="34.676719" lon="-84.171494"><ele>918.4071994069964</ele></trkpt><trkpt lat="34.676881" lon="-84.173496"><ele>963.9597387649119</ele></trkpt><trkpt lat="34.677425" lon="-84.17387500000001"><ele>970.0</ele></trkpt><trkpt lat="34.677492" lon="-84.174282"><ele>977.0</ele></trkpt><trkpt lat="34.677182" lon="-84.17497000000003"><ele>992.0</ele></trkpt><trkpt lat="34.677467" lon="-84.175838"><ele>993.0</ele></trkpt><trkpt lat="34.678255" lon="-84.176784"><ele>989.0</ele></trkpt><trkpt lat="34.679211" lon="-84.17707200000001"><ele>973.0</ele></trkpt><trkpt lat="34.679635" lon="-84.17772300000001"><ele>953.0430515908711</ele></trkpt><trkpt lat="34.68021" lon="-84.17803500000002"><ele>936.5707331839949</ele></trkpt><trkpt lat="34.680221" lon="-84.17842200000001"><ele>927.9841402323609</ele></trkpt><trkpt lat="34.679738" lon="-84.17906600000003"><ele>917.3196630626917</ele></trkpt><trkpt lat="34.680045" lon="-84.18016999999998"><ele>904.9400650992128</ele></trkpt><trkpt lat="34.679924" lon="-84.18092100000001"><ele>890.8312065247412</ele></trkpt><trkpt lat="34.680014" lon="-84.18161600000002"><ele>876.0</ele></trkpt><trkpt lat="34.683416" lon="-84.18388800000002"><ele>965.0352661339566</ele></trkpt><trkpt lat="34.685466" lon="-84.18418099999997"><ele>972.0</ele></trkpt><trkpt lat="34.686642" lon="-84.18485099999998"><ele>966.0</ele></trkpt><trkpt lat="34.687037" lon="-84.18491699999998"><ele>959.0</ele></trkpt><trkpt lat="34.688469" lon="-84.18486899999999"><ele>933.7531797336414</ele></trkpt><trkpt lat="34.691472" lon="-84.18519100000003"><ele>964.7594673801214</ele></trkpt><trkpt lat="34.692745" lon="-84.184098"><ele>941.7084122261513</ele></trkpt><trkpt lat="34.693423" lon="-84.18387100000001"><ele>947.0</ele></trkpt><trkpt lat="34.694037" lon="-84.184234"><ele>942.9067630842328</ele></trkpt><trkpt lat="34.695659" lon="-84.18651799999998"><ele>940.0</ele></trkpt><trkpt lat="34.696381" lon="-84.18675300000001"><ele>945.5737520401635</ele></trkpt><trkpt lat="34.696648" lon="-84.18660599999998"><ele>935.9733231771714</ele></trkpt><trkpt lat="34.697062" lon="-84.18598099999997"><ele>914.7640493428546</ele></trkpt><trkpt lat="34.697476" lon="-84.18490800000001"><ele>906.5808225597219</ele></trkpt><trkpt lat="34.697943" lon="-84.18443100000002"><ele>914.494796525687</ele></trkpt><trkpt lat="34.699528" lon="-84.18356499999999"><ele>936.0</ele></trkpt><trkpt lat="34.700472" lon="-84.18350499999997"><ele>953.0</ele></trkpt><trkpt lat="34.700734" lon="-84.18321000000003"><ele>949.6056829188691</ele></trkpt><trkpt lat="34.701847" lon="-84.18415199999998"><ele>940.0</ele></trkpt><trkpt lat="34.702375" lon="-84.185112"><ele>927.3323559294693</ele></trkpt><trkpt lat="34.7029" lon="-84.18565000000001"><ele>927.5882634756817</ele></trkpt><trkpt lat="34.705707" lon="-84.187119"><ele>928.763278955191</ele></trkpt><trkpt lat="34.706494" lon="-84.18795799999998"><ele>937.2636745185301</ele></trkpt><trkpt lat="34.706809" lon="-84.18804799999998"><ele>951.9053176883608</ele></trkpt><trkpt lat="34.707752" lon="-84.18782499999998"><ele>947.0255288872868</ele></trkpt><trkpt lat="34.708342" lon="-84.187477"><ele>961.9903442421851</ele></trkpt><trkpt lat="34.708475" lon="-84.18710099999998"><ele>956.7719189329073</ele></trkpt><trkpt lat="34.708788" lon="-84.18722000000002"><ele>957.8154346908811</ele></trkpt><trkpt lat="34.709456" lon="-84.18861500000003"><ele>962.1890486292541</ele></trkpt><trkpt lat="34.711633" lon="-84.19012499999997"><ele>932.1407961407676</ele></trkpt><trkpt lat="34.71199" lon="-84.19066700000002"><ele>928.0</ele></trkpt><trkpt lat="34.712289" lon="-84.192318"><ele>910.0</ele></trkpt><trkpt lat="34.713489" lon="-84.18985299999997"><ele>884.0</ele></trkpt><trkpt lat="34.714164" lon="-84.18983300000002"><ele>876.9599362937734</ele></trkpt><trkpt lat="34.71534" lon="-84.19057299999997"><ele>878.8413592685151</ele></trkpt><trkpt lat="34.716743" lon="-84.190809"><ele>884.2706592679024</ele></trkpt><trkpt lat="34.716784" lon="-84.19117599999998"><ele>888.0</ele></trkpt><trkpt lat="34.717283" lon="-84.19162799999998"><ele>883.0287815592508</ele></trkpt><trkpt lat="34.718389" lon="-84.19120099999998"><ele>868.2168086194156</ele></trkpt><trkpt lat="34.720171" lon="-84.190921"><ele>871.2031779550016</ele></trkpt><trkpt lat="34.720731" lon="-84.19068800000002"><ele>872.6794198313728</ele></trkpt><trkpt lat="34.720943" lon="-84.190402"><ele>873.5973702855408</ele></trkpt><trkpt lat="34.72096" lon="-84.18916999999999"><ele>863.5103886055844</ele></trkpt><trkpt lat="34.721331" lon="-84.18788699999999"><ele>866.5979017242789</ele></trkpt><trkpt lat="34.72171" lon="-84.18717300000003"><ele>863.0</ele></trkpt><trkpt lat="34.72357" lon="-84.18638199999998"><ele>846.0</ele></trkpt><trkpt lat="34.724221" lon="-84.18634700000001"><ele>848.0</ele></trkpt><trkpt lat="34.725064" lon="-84.18571400000002"><ele>832.0089410608081</ele></trkpt><trkpt lat="34.7262" lon="-84.18368599999997"><ele>806.0</ele></trkpt><trkpt lat="34.727343" lon="-84.18206199999997"><ele>796.0</ele></trkpt><trkpt lat="34.727904" lon="-84.18152499999997"><ele>788.9907357914938</ele></trkpt><trkpt lat="34.72782" lon="-84.18035700000001"><ele>763.3152483628107</ele></trkpt><trkpt lat="34.727966" lon="-84.17952500000001"><ele>752.0</ele></trkpt><trkpt lat="34.727955" lon="-84.17817600000001"><ele>749.0</ele></trkpt><trkpt lat="34.72832" lon="-84.17708700000003"><ele>758.0</ele></trkpt><trkpt lat="34.728866" lon="-84.17449199999999"><ele>746.0</ele></trkpt><trkpt lat="34.729693" lon="-84.17204300000003"><ele>753.0</ele></trkpt><trkpt lat="34.730101" lon="-84.171446"><ele>745.0</ele></trkpt><trkpt lat="34.730311" lon="-84.170139"><ele>745.8304844506983</ele></trkpt><trkpt lat="34.730819" lon="-84.169759"><ele>743.0</ele></trkpt><trkpt lat="34.731782" lon="-84.16957300000001"><ele>740.0</ele></trkpt><trkpt lat="34.732401" lon="-84.16909399999997"><ele>726.5200609497284</ele></trkpt><trkpt lat="34.732601" lon="-84.168746"><ele>712.3669198220596</ele></trkpt><trkpt lat="34.732324" lon="-84.16799200000003"><ele>691.0</ele></trkpt><trkpt lat="34.732437" lon="-84.16754400000002"><ele>685.0</ele></trkpt><trkpt lat="34.733706" lon="-84.16617400000001"><ele>677.8854267559946</ele></trkpt><trkpt lat="34.733755" lon="-84.165796"><ele>672.8990195063177</ele></trkpt><trkpt lat="34.734762" lon="-84.16565200000002"><ele>642.0010969378054</ele></trkpt><trkpt lat="34.735381" lon="-84.16607299999998"><ele>620.1831285174712</ele></trkpt><trkpt lat="34.736017" lon="-84.16613799999999"><ele>607.0</ele></trkpt><trkpt lat="34.736706" lon="-84.16663299999999"><ele>588.0803069982867</ele></trkpt><trkpt lat="34.737345" lon="-84.168225"><ele>596.0449627255317</ele></trkpt><trkpt lat="34.73723" lon="-84.169037"><ele>606.9617686928644</ele></trkpt><trkpt lat="34.737947" lon="-84.16996899999998"><ele>610.0</ele></trkpt><trkpt lat="34.738953" lon="-84.169644"><ele>619.0</ele></trkpt><trkpt lat="34.739882" lon="-84.17022199999997"><ele>615.45656678864</ele></trkpt><trkpt lat="34.740575" lon="-84.17024400000003"><ele>626.7207537294961</ele></trkpt><trkpt lat="34.741279" lon="-84.16997900000001"><ele>634.8288846230134</ele></trkpt><trkpt lat="34.741831" lon="-84.169442"><ele>631.7161833833403</ele></trkpt><trkpt lat="34.741747" lon="-84.16870799999998"><ele>640.1280664354563</ele></trkpt><trkpt lat="34.74205" lon="-84.16802200000001"><ele>648.0</ele></trkpt><trkpt lat="34.742183" lon="-84.16840400000001"><ele>652.0</ele></trkpt><trkpt lat="34.742105" lon="-84.16882099999998"><ele>652.0</ele></trkpt><trkpt lat="34.742357" lon="-84.16907500000002"><ele>654.8066866494969</ele></trkpt><trkpt lat="34.743021" lon="-84.169241"><ele>664.2156081317275</ele></trkpt><trkpt lat="34.743151" lon="-84.16961000000003"><ele>676.3871594527736</ele></trkpt><trkpt lat="34.743045" lon="-84.16995600000001"><ele>675.1805827007594</ele></trkpt><trkpt lat="34.743232" lon="-84.17024300000003"><ele>681.0461056939728</ele></trkpt><trkpt lat="34.743202" lon="-84.17062499999997"><ele>684.9769618450523</ele></trkpt><trkpt lat="34.742669" lon="-84.17107900000002"><ele>700.0</ele></trkpt><trkpt lat="34.742756" lon="-84.17144100000002"><ele>706.3526422306895</ele></trkpt><trkpt lat="34.743335" lon="-84.17156999999997"><ele>718.9796468276292</ele></trkpt><trkpt lat="34.743652" lon="-84.17140699999999"><ele>719.547613224946</ele></trkpt><trkpt lat="34.74471" lon="-84.16981099999998"><ele>740.1740756705403</ele></trkpt><trkpt lat="34.745252" lon="-84.16935899999999"><ele>751.0</ele></trkpt><trkpt lat="34.746271" lon="-84.16930300000001"><ele>752.0</ele></trkpt><trkpt lat="34.74659" lon="-84.16945299999998"><ele>750.0</ele></trkpt><trkpt lat="34.747977" lon="-84.16946300000001"><ele>761.0</ele></trkpt><trkpt lat="34.748996" lon="-84.169846"><ele>762.0</ele></trkpt><trkpt lat="34.74923" lon="-84.17007699999999"><ele>764.2125295620235</ele></trkpt><trkpt lat="34.749615" lon="-84.17112299999997"><ele>778.0</ele></trkpt><trkpt lat="34.749852" lon="-84.17148099999997"><ele>776.8477889240263</ele></trkpt><trkpt lat="34.750195" lon="-84.17162300000001"><ele>776.6756094011404</ele></trkpt><trkpt lat="34.750343" lon="-84.17203699999999"><ele>780.6652750875801</ele></trkpt><trkpt lat="34.751336" lon="-84.17220900000001"><ele>797.2455829326063</ele></trkpt><trkpt lat="34.75174" lon="-84.17207000000002"><ele>799.0699056986997</ele></trkpt><trkpt lat="34.752171" lon="-84.17145299999999"><ele>808.1276946058497</ele></trkpt><trkpt lat="34.752281" lon="-84.17057999999997"><ele>820.4106483478099</ele></trkpt><trkpt lat="34.752727" lon="-84.16955999999999"><ele>824.6979306675494</ele></trkpt><trkpt lat="34.752985" lon="-84.16845999999998"><ele>831.47886932455</ele></trkpt><trkpt lat="34.754064" lon="-84.166943"><ele>817.0</ele></trkpt><trkpt lat="34.755309" lon="-84.166225"><ele>827.1201955555007</ele></trkpt><trkpt lat="34.756322" lon="-84.16609699999998"><ele>817.2807646077126</ele></trkpt><trkpt lat="34.75733" lon="-84.16539699999998"><ele>803.707792355679</ele></trkpt><trkpt lat="34.758376" lon="-84.16508599999997"><ele>801.1376216739345</ele></trkpt><trkpt lat="34.758592" lon="-84.16476599999999"><ele>796.4305157605559</ele></trkpt><trkpt lat="34.758406" lon="-84.16346799999997"><ele>783.9814227838069</ele></trkpt><trkpt lat="34.759404" lon="-84.161678"><ele>799.0</ele></trkpt><trkpt lat="34.759354" lon="-84.16083300000003"><ele>793.0</ele></trkpt><trkpt lat="34.759636" lon="-84.15962400000001"><ele>793.0</ele></trkpt><trkpt lat="34.759534" lon="-84.15848199999999"><ele>783.034786491536</ele></trkpt><trkpt lat="34.759779" lon="-84.158299"><ele>777.0486474378516</ele></trkpt><trkpt lat="34.760067" lon="-84.15842099999998"><ele>771.8047661751051</ele></trkpt><trkpt lat="34.760444" lon="-84.15912400000002"><ele>756.3739513605833</ele></trkpt><trkpt lat="34.761094" lon="-84.15943900000002"><ele>749.3155779870873</ele></trkpt><trkpt lat="34.76118" lon="-84.15980400000001"><ele>743.2245658590723</ele></trkpt><trkpt lat="34.760951" lon="-84.160145"><ele>740.0821875249967</ele></trkpt><trkpt lat="34.761069" lon="-84.16055399999999"><ele>736.511714393273</ele></trkpt><trkpt lat="34.762047" lon="-84.16056800000001"><ele>708.1076419475014</ele></trkpt><trkpt lat="34.762227" lon="-84.160865"><ele>705.3149543562904</ele></trkpt><trkpt lat="34.762951" lon="-84.16086200000001"><ele>688.1495434224885</ele></trkpt><trkpt lat="34.763754" lon="-84.16116999999997"><ele>674.7233926137933</ele></trkpt><trkpt lat="34.764622" lon="-84.16071699999998"><ele>658.0</ele></trkpt><trkpt lat="34.765577" lon="-84.16144400000002"><ele>639.0</ele></trkpt><trkpt lat="34.765879" lon="-84.162057"><ele>637.0</ele></trkpt><trkpt lat="34.765779" lon="-84.162867"><ele>632.8949195775903</ele></trkpt><trkpt lat="34.765969" lon="-84.16400599999997"><ele>618.0</ele></trkpt><trkpt lat="34.766148" lon="-84.16434900000002"><ele>613.0</ele></trkpt><trkpt lat="34.766725" lon="-84.164583"><ele>618.9611969775749</ele></trkpt><trkpt lat="34.767046" lon="-84.16447700000003"><ele>622.0626989187424</ele></trkpt><trkpt lat="34.767533" lon="-84.16391900000002"><ele>645.0</ele></trkpt><trkpt lat="34.768169" lon="-84.16375199999999"><ele>657.0</ele></trkpt><trkpt lat="34.768747" lon="-84.16386499999999"><ele>670.583234195439</ele></trkpt><trkpt lat="34.769286" lon="-84.164311"><ele>677.926651643715</ele></trkpt><trkpt lat="34.769932" lon="-84.16423600000002"><ele>673.0</ele></trkpt><trkpt lat="34.770288" lon="-84.16363999999999"><ele>679.0764185935259</ele></trkpt><trkpt lat="34.770276" lon="-84.162056"><ele>689.2335420505403</ele></trkpt><trkpt lat="34.77082" lon="-84.16158100000001"><ele>683.1173719323053</ele></trkpt><trkpt lat="34.771118" lon="-84.16076800000002"><ele>688.5282986793437</ele></trkpt><trkpt lat="34.771092" lon="-84.16020200000003"><ele>691.1295419729443</ele></trkpt><trkpt lat="34.771582" lon="-84.15969899999999"><ele>690.0</ele></trkpt><trkpt lat="34.77292" lon="-84.159221"><ele>685.0</ele></trkpt><trkpt lat="34.773507" lon="-84.15883600000001"><ele>695.860512471251</ele></trkpt><trkpt lat="34.773881" lon="-84.15873999999997"><ele>700.9280605614464</ele></trkpt><trkpt lat="34.774644" lon="-84.15895"><ele>717.0</ele></trkpt><trkpt lat="34.775779" lon="-84.15832"><ele>743.6099285036325</ele></trkpt><trkpt lat="34.776088" lon="-84.15847100000002"><ele>753.1417510695755</ele></trkpt><trkpt lat="34.776898" lon="-84.15782999999999"><ele>775.0</ele></trkpt><trkpt lat="34.777891" lon="-84.15750100000002"><ele>783.0</ele></trkpt><trkpt lat="34.778046" lon="-84.15717599999999"><ele>786.0</ele></trkpt><trkpt lat="34.777848" lon="-84.156857"><ele>795.9998104352368</ele></trkpt><trkpt lat="34.777571" lon="-84.15710899999999"><ele>798.9876679655848</ele></trkpt><trkpt lat="34.777229" lon="-84.156995"><ele>805.2693724445999</ele></trkpt><trkpt lat="34.776927" lon="-84.156836"><ele>810.4239779245108</ele></trkpt><trkpt lat="34.776718" lon="-84.156431"><ele>821.9493187729377</ele></trkpt><trkpt lat="34.777355" lon="-84.15627799999999"><ele>832.6839943118393</ele></trkpt><trkpt lat="34.777854" lon="-84.155213"><ele>854.9755267649889</ele></trkpt><trkpt lat="34.777891" lon="-84.154833"><ele>871.0258752005175</ele></trkpt><trkpt lat="34.777282" lon="-84.15529300000003"><ele>872.701629249379</ele></trkpt><trkpt lat="34.776978" lon="-84.155167"><ele>879.2938422358643</ele></trkpt><trkpt lat="34.776712" lon="-84.154878"><ele>878.5460201073438</ele></trkpt><trkpt lat="34.776642" lon="-84.154086"><ele>893.4816691407087</ele></trkpt><trkpt lat="34.776831" lon="-84.15380399999998"><ele>900.0057328755548</ele></trkpt><trkpt lat="34.778516" lon="-84.15321699999998"><ele>924.0</ele></trkpt><trkpt lat="34.77945" lon="-84.15303799999998"><ele>937.678938312456</ele></trkpt><trkpt lat="34.78013" lon="-84.15313000000003"><ele>942.0</ele></trkpt><trkpt lat="34.781219" lon="-84.151749"><ele>915.9325914554538</ele></trkpt><trkpt lat="34.781319" lon="-84.15257400000002"><ele>901.0555211957544</ele></trkpt><trkpt lat="34.781768" lon="-84.15190999999999"><ele>892.8262941995636</ele></trkpt><trkpt lat="34.782248" lon="-84.15072199999997"><ele>881.132898600849</ele></trkpt><trkpt lat="34.781571" lon="-84.1499"><ele>871.0796622224152</ele></trkpt><trkpt lat="34.781232" lon="-84.14913100000001"><ele>857.9939219671825</ele></trkpt><trkpt lat="34.781642" lon="-84.14752199999998"><ele>840.2568298662081</ele></trkpt><trkpt lat="34.78187" lon="-84.14727099999999"><ele>838.0</ele></trkpt><trkpt lat="34.782261" lon="-84.14521100000002"><ele>851.0</ele></trkpt><trkpt lat="34.781692" lon="-84.14385099999998"><ele>830.1566791187925</ele></trkpt><trkpt lat="34.781605" lon="-84.14308"><ele>839.7553742229939</ele></trkpt><trkpt lat="34.781793" lon="-84.14266399999997"><ele>845.0</ele></trkpt><trkpt lat="34.781414" lon="-84.14025500000002"><ele>871.0</ele></trkpt><trkpt lat="34.781908" lon="-84.13797599999998"><ele>892.2539710793644</ele></trkpt><trkpt lat="34.781246" lon="-84.13833299999999"><ele>910.0</ele></trkpt><trkpt lat="34.781261" lon="-84.13797899999997"><ele>912.0</ele></trkpt><trkpt lat="34.78188" lon="-84.13694499999997"><ele>927.0</ele></trkpt><trkpt lat="34.782191" lon="-84.13676199999998"><ele>930.1955150235444</ele></trkpt><trkpt lat="34.783179" lon="-84.136527"><ele>941.1473087994382</ele></trkpt><trkpt lat="34.783759" lon="-84.13599999999997"><ele>958.7072888901457</ele></trkpt><trkpt lat="34.784757" lon="-84.13604299999997"><ele>960.0</ele></trkpt><trkpt lat="34.785375" lon="-84.13569100000001"><ele>966.0978635928914</ele></trkpt><trkpt lat="34.785281" lon="-84.13531999999998"><ele>974.2423059288412</ele></trkpt><trkpt lat="34.784679" lon="-84.135242"><ele>985.0</ele></trkpt><trkpt lat="34.784117" lon="-84.13475299999999"><ele>995.948020713297</ele></trkpt><trkpt lat="34.783362" lon="-84.13469299999997"><ele>1006.6684304997401</ele></trkpt><trkpt lat="34.783214" lon="-84.134343"><ele>1013.0</ele></trkpt><trkpt lat="34.783261" lon="-84.13386300000002"><ele>1020.0</ele></trkpt><trkpt lat="34.783892" lon="-84.13253500000002"><ele>1040.0</ele></trkpt><trkpt lat="34.784371" lon="-84.13094699999999"><ele>1059.0</ele></trkpt><trkpt lat="34.785089" lon="-84.13086900000002"><ele>1052.0</ele></trkpt><trkpt lat="34.786119" lon="-84.12997100000001"><ele>1034.630118577741</ele></trkpt><trkpt lat="34.786503" lon="-84.12924299999997"><ele>1023.0389877603366</ele></trkpt><trkpt lat="34.787179" lon="-84.12913800000001"><ele>1009.5003328006715</ele></trkpt><trkpt lat="34.788221" lon="-84.127545"><ele>981.0</ele></trkpt><trkpt lat="34.788768" lon="-84.12717600000002"><ele>981.0</ele></trkpt><trkpt lat="34.789437" lon="-84.12628699999999"><ele>961.4094684533775</ele></trkpt><trkpt lat="34.789562" lon="-84.12591500000002"><ele>957.0</ele></trkpt><trkpt lat="34.791241" lon="-84.12517100000002"><ele>975.3752668425441</ele></trkpt><trkpt lat="34.791913" lon="-84.124232"><ele>984.8641614224762</ele></trkpt><trkpt lat="34.792286" lon="-84.124189"><ele>984.0</ele></trkpt><trkpt lat="34.793483" lon="-84.12469299999998"><ele>978.0</ele></trkpt><trkpt lat="34.794564" lon="-84.12471"><ele>996.4634726668177</ele></trkpt><trkpt lat="34.795184" lon="-84.12530300000003"><ele>985.3856301839326</ele></trkpt><trkpt lat="34.797698" lon="-84.126416"><ele>973.7432413122947</ele></trkpt><trkpt lat="34.798216" lon="-84.12699800000001"><ele>956.0472730903418</ele></trkpt><trkpt lat="34.798337" lon="-84.127861"><ele>931.0121806226671</ele></trkpt><trkpt lat="34.798868" lon="-84.1286"><ele>914.0</ele></trkpt><trkpt lat="34.798969" lon="-84.12956200000002"><ele>908.0</ele></trkpt><trkpt lat="34.799357" lon="-84.13017300000001"><ele>902.1192077137979</ele></trkpt><trkpt lat="34.800588" lon="-84.130561"><ele>892.0</ele></trkpt><trkpt lat="34.801858" lon="-84.13223800000003"><ele>878.0</ele></trkpt><trkpt lat="34.802572" lon="-84.13206600000001"><ele>863.9395442419172</ele></trkpt><trkpt lat="34.803402" lon="-84.13299599999999"><ele>838.8763911891729</ele></trkpt><trkpt lat="34.803397" lon="-84.13359700000001"><ele>832.1601721346378</ele></trkpt><trkpt lat="34.803918" lon="-84.13508100000001"><ele>816.5901050977409</ele></trkpt><trkpt lat="34.805062" lon="-84.13647900000001"><ele>780.7907542254475</ele></trkpt><trkpt lat="34.806096" lon="-84.13878999999997"><ele>743.0</ele></trkpt><trkpt lat="34.806459" lon="-84.14015999999998"><ele>730.0</ele></trkpt><trkpt lat="34.806207" lon="-84.14074299999999"><ele>725.0</ele></trkpt><trkpt lat="34.806777" lon="-84.14121899999998"><ele>742.3505350682219</ele></trkpt><trkpt lat="34.807094" lon="-84.14142099999998"><ele>748.0230728392535</ele></trkpt><trkpt lat="34.808216" lon="-84.14134200000001"><ele>753.2676453976567</ele></trkpt><trkpt lat="34.808933" lon="-84.141074"><ele>767.0</ele></trkpt><trkpt lat="34.809258" lon="-84.141258"><ele>772.3331437427812</ele></trkpt><trkpt lat="34.809625" lon="-84.14122700000001"><ele>779.3307176660746</ele></trkpt><trkpt lat="34.809942" lon="-84.14101399999998"><ele>785.0</ele></trkpt><trkpt lat="34.810618" lon="-84.139119"><ele>779.3057897705585</ele></trkpt><trkpt lat="34.811168" lon="-84.13966800000003"><ele>763.020360464876</ele></trkpt><trkpt lat="34.812014" lon="-84.14017000000001"><ele>749.6534958958862</ele></trkpt><trkpt lat="34.812703" lon="-84.139974"><ele>750.4945344002917</ele></trkpt><trkpt lat="34.814081" lon="-84.14037200000001"><ele>742.262238709256</ele></trkpt><trkpt lat="34.815305" lon="-84.14016400000003"><ele>754.7413348592818</ele></trkpt><trkpt lat="34.815914" lon="-84.13984099999999"><ele>764.0</ele></trkpt><trkpt lat="34.816455" lon="-84.140267"><ele>778.0</ele></trkpt><trkpt lat="34.817124" lon="-84.14120700000001"><ele>799.0</ele></trkpt><trkpt lat="34.817905" lon="-84.14174100000002"><ele>813.7210018970833</ele></trkpt><trkpt lat="34.819725" lon="-84.14149099999997"><ele>803.2855446529588</ele></trkpt><trkpt lat="34.820084" lon="-84.14171799999997"><ele>802.2493846194191</ele></trkpt><trkpt lat="34.820813" lon="-84.14268600000003"><ele>829.0</ele></trkpt><trkpt lat="34.821189" lon="-84.14287100000001"><ele>839.0</ele></trkpt><trkpt lat="34.821865" lon="-84.14257199999997"><ele>849.504319772427</ele></trkpt><trkpt lat="34.822011" lon="-84.14292699999999"><ele>848.4188212696463</ele></trkpt><trkpt lat="34.821943" lon="-84.143326"><ele>843.5585301816463</ele></trkpt><trkpt lat="34.823179" lon="-84.14536800000002"><ele>862.7254951186478</ele></trkpt><trkpt lat="34.823163" lon="-84.14626299999998"><ele>854.0</ele></trkpt><trkpt lat="34.822801" lon="-84.146862"><ele>838.8670958988728</ele></trkpt><trkpt lat="34.822694" lon="-84.147763"><ele>847.0</ele></trkpt><trkpt lat="34.821952" lon="-84.14888200000001"><ele>866.0</ele></trkpt><trkpt lat="34.821615" lon="-84.150191"><ele>843.3366366511536</ele></trkpt><trkpt lat="34.821361" lon="-84.14993900000002"><ele>836.0533676789802</ele></trkpt><trkpt lat="34.821179" lon="-84.15036600000002"><ele>824.0380410781531</ele></trkpt><trkpt lat="34.821282" lon="-84.15131100000002"><ele>812.0056055884841</ele></trkpt><trkpt lat="34.821885" lon="-84.15206"><ele>807.1886862777491</ele></trkpt><trkpt lat="34.822271" lon="-84.15283399999998"><ele>814.0</ele></trkpt><trkpt lat="34.822233" lon="-84.15413899999999"><ele>827.0</ele></trkpt><trkpt lat="34.822444" lon="-84.154447"><ele>824.0</ele></trkpt><trkpt lat="34.822456" lon="-84.154809"><ele>820.7271343413702</ele></trkpt><trkpt lat="34.822214" lon="-84.15567900000002"><ele>824.0228554259619</ele></trkpt><trkpt lat="34.821971" lon="-84.15604100000002"><ele>828.0</ele></trkpt><trkpt lat="34.820861" lon="-84.157039"><ele>832.9704772874644</ele></trkpt><trkpt lat="34.820737" lon="-84.15793100000002"><ele>848.3513891566545</ele></trkpt><trkpt lat="34.820377" lon="-84.15851099999998"><ele>860.0</ele></trkpt><trkpt lat="34.819754" lon="-84.160483"><ele>872.2099630135397</ele></trkpt><trkpt lat="34.819982" lon="-84.16139199999998"><ele>871.0</ele></trkpt><trkpt lat="34.82024" lon="-84.16181"><ele>872.7709507601168</ele></trkpt><trkpt lat="34.820111" lon="-84.16263600000002"><ele>862.2122421339758</ele></trkpt><trkpt lat="34.820248" lon="-84.16353300000003"><ele>846.7188424238612</ele></trkpt><trkpt lat="34.819822" lon="-84.16476799999998"><ele>829.1531094368547</ele></trkpt><trkpt lat="34.820169" lon="-84.16537900000003"><ele>842.4533468456939</ele></trkpt><trkpt lat="34.819885" lon="-84.16614600000003"><ele>861.1981376009062</ele></trkpt><trkpt lat="34.819906" lon="-84.16656799999998"><ele>870.8647630214691</ele></trkpt><trkpt lat="34.819373" lon="-84.16736000000003"><ele>879.0</ele></trkpt><trkpt lat="34.819678" lon="-84.16843799999998"><ele>874.0</ele></trkpt><trkpt lat="34.819271" lon="-84.16913899999997"><ele>881.6820472879335</ele></trkpt><trkpt lat="34.818973" lon="-84.17064099999999"><ele>906.6515765032065</ele></trkpt><trkpt lat="34.819185" lon="-84.17103400000002"><ele>910.0</ele></trkpt><trkpt lat="34.81878" lon="-84.17326500000001"><ele>907.0</ele></trkpt><trkpt lat="34.818798" lon="-84.17408599999999"><ele>921.0</ele></trkpt><trkpt lat="34.819091" lon="-84.175321"><ele>922.0</ele></trkpt><trkpt lat="34.818784" lon="-84.17537299999998"><ele>915.8399755748176</ele></trkpt><trkpt lat="34.817775" lon="-84.17498"><ele>895.9514776282012</ele></trkpt><trkpt lat="34.816736" lon="-84.174849"><ele>884.0</ele></trkpt><trkpt lat="34.816548" lon="-84.17456600000003"><ele>876.2985757496208</ele></trkpt><trkpt lat="34.816946" lon="-84.174555"><ele>876.0859413333237</ele></trkpt><trkpt lat="34.817208" lon="-84.17430200000001"><ele>863.8345437816572</ele></trkpt><trkpt lat="34.815531" lon="-84.17361399999999"><ele>842.2321628443897</ele></trkpt><trkpt lat="34.814102" lon="-84.17382499999997"><ele>819.4900050792448</ele></trkpt><trkpt lat="34.813876" lon="-84.17417799999998"><ele>808.6257262937725</ele></trkpt><trkpt lat="34.814017" lon="-84.17467499999998"><ele>806.748586538627</ele></trkpt><trkpt lat="34.813052" lon="-84.17595699999998"><ele>791.0</ele></trkpt><trkpt lat="34.811984" lon="-84.17690299999998"><ele>791.5106723550707</ele></trkpt><trkpt lat="34.811452" lon="-84.17776500000002"><ele>804.682784001343</ele></trkpt><trkpt lat="34.810442" lon="-84.17838599999999"><ele>823.1843905125077</ele></trkpt><trkpt lat="34.810449" lon="-84.17969399999998"><ele>812.1015839781612</ele></trkpt><trkpt lat="34.80989" lon="-84.18076100000002"><ele>804.3722680713981</ele></trkpt><trkpt lat="34.809145" lon="-84.181331"><ele>793.8704291554168</ele></trkpt><trkpt lat="34.809068" lon="-84.182526"><ele>775.715239206329</ele></trkpt><trkpt lat="34.808592" lon="-84.183945"><ele>764.6975131221116</ele></trkpt><trkpt lat="34.808638" lon="-84.18494099999998"><ele>756.3084630332887</ele></trkpt><trkpt lat="34.808516" lon="-84.18535099999997"><ele>752.51688283721</ele></trkpt><trkpt lat="34.808219" lon="-84.18544700000001"><ele>750.689932089299</ele></trkpt><trkpt lat="34.808008" lon="-84.18577199999999"><ele>750.0</ele></trkpt><trkpt lat="34.807843" lon="-84.18740700000001"><ele>738.967447466217</ele></trkpt><trkpt lat="34.808113" lon="-84.18776100000002"><ele>738.530148267746</ele></trkpt><trkpt lat="34.807895" lon="-84.18854599999997"><ele>751.0983088961423</ele></trkpt><trkpt lat="34.808507" lon="-84.18989199999999"><ele>762.9799170029684</ele></trkpt><trkpt lat="34.808537" lon="-84.19073000000003"><ele>782.0</ele></trkpt><trkpt lat="34.809072" lon="-84.19137699999999"><ele>781.0577204171568</ele></trkpt><trkpt lat="34.809215" lon="-84.19253300000003"><ele>784.9456516250098</ele></trkpt><trkpt lat="34.808953" lon="-84.19269400000002"><ele>791.8121668957174</ele></trkpt><trkpt lat="34.808868" lon="-84.19304599999998"><ele>797.465765375644</ele></trkpt><trkpt lat="34.809044" lon="-84.19338900000002"><ele>811.340591781537</ele></trkpt><trkpt lat="34.809671" lon="-84.19385399999999"><ele>814.0582996942103</ele></trkpt><trkpt lat="34.809816" lon="-84.19432599999999"><ele>818.4813233772293</ele></trkpt><trkpt lat="34.810528" lon="-84.19529899999998"><ele>830.3126182224364</ele></trkpt><trkpt lat="34.810816" lon="-84.195583"><ele>833.1235384885222</ele></trkpt><trkpt lat="34.811118" lon="-84.19555600000001"><ele>824.0</ele></trkpt><trkpt lat="34.811217" lon="-84.19602700000002"><ele>825.2304201140355</ele></trkpt><trkpt lat="34.811571" lon="-84.19631900000002"><ele>831.0767463341385</ele></trkpt><trkpt lat="34.811708" lon="-84.19711999999998"><ele>847.1268767630681</ele></trkpt><trkpt lat="34.81217" lon="-84.19829600000003"><ele>870.2116394322366</ele></trkpt><trkpt lat="34.812186" lon="-84.19874299999998"><ele>876.3034436777234</ele></trkpt><trkpt lat="34.811989" lon="-84.199028"><ele>884.1891837486155</ele></trkpt><trkpt lat="34.811276" lon="-84.19939199999999"><ele>902.0</ele></trkpt><trkpt lat="34.811215" lon="-84.19856099999998"><ele>915.4192543365061</ele></trkpt><trkpt lat="34.810808" lon="-84.197833"><ele>922.5211568847299</ele></trkpt><trkpt lat="34.809959" lon="-84.19720000000001"><ele>940.8323577303215</ele></trkpt><trkpt lat="34.809599" lon="-84.19726100000003"><ele>949.3692529665011</ele></trkpt><trkpt lat="34.810105" lon="-84.19841600000001"><ele>951.0</ele></trkpt><trkpt lat="34.810091" lon="-84.19971900000002"><ele>958.0</ele></trkpt><trkpt lat="34.810274" lon="-84.200218"><ele>957.0</ele></trkpt><trkpt lat="34.810592" lon="-84.20055000000002"><ele>959.0</ele></trkpt><trkpt lat="34.812106" lon="-84.201188"><ele>940.844420703128</ele></trkpt><trkpt lat="34.812438" lon="-84.20185200000003"><ele>930.9998552881727</ele></trkpt><trkpt lat="34.812488" lon="-84.20264700000001"><ele>922.1612156741321</ele></trkpt><trkpt lat="34.81186" lon="-84.20285799999999"><ele>920.8986574225128</ele></trkpt><trkpt lat="34.810451" lon="-84.20217300000002"><ele>904.0370772676542</ele></trkpt><trkpt lat="34.809276" lon="-84.20196699999997"><ele>885.2201503394829</ele></trkpt><trkpt lat="34.808964" lon="-84.20163600000001"><ele>880.9714505759384</ele></trkpt><trkpt lat="34.807343" lon="-84.20162600000003"><ele>845.2528178440871</ele></trkpt><trkpt lat="34.806581" lon="-84.20343300000002"><ele>848.5466965259984</ele></trkpt><trkpt lat="34.805855" lon="-84.20452"><ele>832.2499583019016</ele></trkpt><trkpt lat="34.805803" lon="-84.20502199999999"><ele>813.0489479117095</ele></trkpt><trkpt lat="34.805413" lon="-84.205806"><ele>795.5118997339159</ele></trkpt><trkpt lat="34.804779" lon="-84.20624599999996"><ele>794.0</ele></trkpt><trkpt lat="34.804976" lon="-84.20758699999999"><ele>815.541293989867</ele></trkpt><trkpt lat="34.804927" lon="-84.20931200000001"><ele>838.240777745583</ele></trkpt><trkpt lat="34.805315" lon="-84.21002900000002"><ele>849.0884077479749</ele></trkpt><trkpt lat="34.805314" lon="-84.21082000000001"><ele>848.8988149426683</ele></trkpt><trkpt lat="34.804781" lon="-84.211503"><ele>836.6089494414628</ele></trkpt><trkpt lat="34.804933" lon="-84.21194000000003"><ele>838.3532195566222</ele></trkpt><trkpt lat="34.805267" lon="-84.21229800000003"><ele>838.0248979330063</ele></trkpt><trkpt lat="34.805817" lon="-84.21248200000002"><ele>839.6122503122315</ele></trkpt><trkpt lat="34.806249" lon="-84.21316100000001"><ele>848.0738975036434</ele></trkpt><trkpt lat="34.805593" lon="-84.21335399999998"><ele>863.1306876675483</ele></trkpt><trkpt lat="34.805134" lon="-84.21394700000002"><ele>873.0652804916226</ele></trkpt><trkpt lat="34.804501" lon="-84.21391499999999"><ele>876.0</ele></trkpt><trkpt lat="34.803699" lon="-84.213439"><ele>885.0155867409107</ele></trkpt><trkpt lat="34.802361" lon="-84.21434599999998"><ele>920.4978827063811</ele></trkpt><trkpt lat="34.801578" lon="-84.21559500000001"><ele>903.6014622710645</ele></trkpt><trkpt lat="34.801156" lon="-84.217041"><ele>885.650941060856</ele></trkpt><trkpt lat="34.800353" lon="-84.21869600000002"><ele>889.077183637768</ele></trkpt><trkpt lat="34.799857" lon="-84.21924200000001"><ele>878.9526264359025</ele></trkpt><trkpt lat="34.798827" lon="-84.21950099999998"><ele>854.0</ele></trkpt><trkpt lat="34.797765" lon="-84.21905500000003"><ele>836.9362524459139</ele></trkpt><trkpt lat="34.796586" lon="-84.21922799999999"><ele>827.9986367989331</ele></trkpt><trkpt lat="34.796418" lon="-84.21958899999998"><ele>823.7986326392734</ele></trkpt><trkpt lat="34.79715" lon="-84.22051499999998"><ele>804.0</ele></trkpt><trkpt lat="34.798772" lon="-84.221295"><ele>786.0</ele></trkpt><trkpt lat="34.798856" lon="-84.22166300000004"><ele>781.0</ele></trkpt><trkpt lat="34.797819" lon="-84.22134800000003"><ele>775.404404617846</ele></trkpt><trkpt lat="34.796815" lon="-84.22173099999998"><ele>764.0</ele></trkpt><trkpt lat="34.795713" lon="-84.222621"><ele>741.8761024000123</ele></trkpt><trkpt lat="34.795352" lon="-84.223233"><ele>735.4783377163075</ele></trkpt><trkpt lat="34.795435" lon="-84.22416800000002"><ele>746.0311131943017</ele></trkpt><trkpt lat="34.79513" lon="-84.22601900000001"><ele>768.0218332759334</ele></trkpt><trkpt lat="34.794693" lon="-84.227059"><ele>795.0070410200543</ele></trkpt><trkpt lat="34.793998" lon="-84.228049"><ele>809.9635480676809</ele></trkpt><trkpt lat="34.793977" lon="-84.228434"><ele>805.7502395779686</ele></trkpt><trkpt lat="34.795392" lon="-84.23089900000002"><ele>785.5207337172836</ele></trkpt><trkpt lat="34.795357" lon="-84.23128700000001"><ele>777.0112305777147</ele></trkpt><trkpt lat="34.794841" lon="-84.231697"><ele>759.2590888254344</ele></trkpt><trkpt lat="34.794766" lon="-84.23302699999999"><ele>731.0</ele></trkpt><trkpt lat="34.794462" lon="-84.23427700000002"><ele>713.0</ele></trkpt><trkpt lat="34.794368" lon="-84.236087"><ele>702.0</ele></trkpt><trkpt lat="34.793613" lon="-84.23793599999999"><ele>678.1453717332333</ele></trkpt><trkpt lat="34.792921" lon="-84.23855900000001"><ele>667.8104816857351</ele></trkpt><trkpt lat="34.792466" lon="-84.238677"><ele>661.0</ele></trkpt><trkpt lat="34.792348" lon="-84.23906699999998"><ele>648.2196880299598</ele></trkpt><trkpt lat="34.792511" lon="-84.24029300000001"><ele>630.3241057946901</ele></trkpt><trkpt lat="34.792794" lon="-84.241019"><ele>617.4671580446884</ele></trkpt><trkpt lat="34.793064" lon="-84.241262"><ele>614.1425372445956</ele></trkpt><trkpt lat="34.79371" lon="-84.24140499999999"><ele>600.442412483615</ele></trkpt><trkpt lat="34.794105" lon="-84.24119100000001"><ele>594.5089435186237</ele></trkpt><trkpt lat="34.794549" lon="-84.241286"><ele>584.0</ele></trkpt><trkpt lat="34.79479" lon="-84.24150400000002"><ele>579.8645198214799</ele></trkpt><trkpt lat="34.794806" lon="-84.24204199999997"><ele>576.2728288453072</ele></trkpt><trkpt lat="34.795289" lon="-84.24312800000001"><ele>574.0</ele></trkpt><trkpt lat="34.79513" lon="-84.24428999999998"><ele>588.0</ele></trkpt><trkpt lat="34.794574" lon="-84.24485900000002"><ele>598.4375084720934</ele></trkpt><trkpt lat="34.794443" lon="-84.24533600000001"><ele>606.4839650420789</ele></trkpt><trkpt lat="34.794635" lon="-84.24615900000003"><ele>618.0</ele></trkpt><trkpt lat="34.794472" lon="-84.246575"><ele>618.0</ele></trkpt><trkpt lat="34.794621" lon="-84.24777799999998"><ele>618.0</ele></trkpt><trkpt lat="34.79439" lon="-84.24900000000002"><ele>641.6647747736424</ele></trkpt><trkpt lat="34.794631" lon="-84.24929199999997"><ele>652.6866650745575</ele></trkpt><trkpt lat="34.794606" lon="-84.25181900000001"><ele>661.0</ele></trkpt><trkpt lat="34.793891" lon="-84.25277900000003"><ele>644.2688248648255</ele></trkpt><trkpt lat="34.793947" lon="-84.253309"><ele>643.0</ele></trkpt><trkpt lat="34.7937" lon="-84.25372700000003"><ele>645.2760144602507</ele></trkpt><trkpt lat="34.792977" lon="-84.25384500000001"><ele>643.267765333876</ele></trkpt><trkpt lat="34.792569" lon="-84.254571"><ele>645.9311906347548</ele></trkpt><trkpt lat="34.79196" lon="-84.25508300000001"><ele>633.7555596673847</ele></trkpt><trkpt lat="34.791316" lon="-84.254753"><ele>619.4926281546889</ele></trkpt><trkpt lat="34.791088" lon="-84.25500699999998"><ele>615.2800701688975</ele></trkpt><trkpt lat="34.791058" lon="-84.25558000000001"><ele>614.5776390451938</ele></trkpt><trkpt lat="34.790724" lon="-84.255649"><ele>611.2123037303254</ele></trkpt><trkpt lat="34.789669" lon="-84.25530400000002"><ele>586.0</ele></trkpt><trkpt lat="34.789427" lon="-84.25564700000001"><ele>571.0230657998472</ele></trkpt><trkpt lat="34.789165" lon="-84.25528500000001"><ele>566.1554876994342</ele></trkpt><trkpt lat="34.789358" lon="-84.25395100000003"><ele>549.2929359046163</ele></trkpt><trkpt lat="34.787417" lon="-84.25698399999999"><ele>539.963847130537</ele></trkpt><trkpt lat="34.785967" lon="-84.258624"><ele>541.6739969263067</ele></trkpt><trkpt lat="34.78524221924049" lon="-84.25903042019297"><ele>541.4829915938899</ele></trkpt><trkpt lat="34.78439748371513" lon="-84.25978249770003"><ele>540.9752137027681</ele></trkpt><trkpt lat="34.7841596706396" lon="-84.25969534177017"><ele>538.9134529782459</ele></trkpt><trkpt lat="34.78387095463474" lon="-84.2591045297346"><ele>541.0</ele></trkpt><trkpt lat="34.78263078052696" lon="-84.26013392811376"><ele>541.0</ele></trkpt><trkpt lat="34.78211097376904" lon="-84.26097674695404"><ele>540.1179269589484</ele></trkpt><trkpt lat="34.78190844761809" lon="-84.26223317634953"><ele>541.0</ele></trkpt><trkpt lat="34.78240689071917" lon="-84.26346106003729"><ele>542.3271138835698</ele></trkpt><trkpt lat="34.78302904222235" lon="-84.26448813001338"><ele>543.2917498266582</ele></trkpt><trkpt lat="34.78241711607708" lon="-84.26550472103855"><ele>552.0</ele></trkpt><trkpt lat="34.78113749761214" lon="-84.26661572463996"><ele>548.370293240702</ele></trkpt><trkpt lat="34.78039482127671" lon="-84.26700302053916"><ele>548.0</ele></trkpt><trkpt lat="34.77956030892756" lon="-84.268053056344"><ele>553.0</ele></trkpt><trkpt lat="34.77823259835687" lon="-84.26920771255755"><ele>549.0</ele></trkpt><trkpt lat="34.77789263093491" lon="-84.2697305219749"><ele>549.0</ele></trkpt><trkpt lat="34.77786305485542" lon="-84.27041308001412"><ele>547.0</ele></trkpt><trkpt lat="34.77844539916312" lon="-84.27209276748073"><ele>547.0</ele></trkpt><trkpt lat="34.7778954366559" lon="-84.27317144965599"><ele>553.3078762497753</ele></trkpt><trkpt lat="34.7779009360897" lon="-84.27475456725392"><ele>562.0</ele></trkpt><trkpt lat="34.77823514380256" lon="-84.27488986623496"><ele>566.0</ele></trkpt><trkpt lat="34.77874310253174" lon="-84.27447014551103"><ele>571.0</ele></trkpt><trkpt lat="34.7789649053839" lon="-84.27520762785116"><ele>575.0</ele></trkpt><trkpt lat="34.77984580424631" lon="-84.27597443216013"><ele>573.0</ele></trkpt><trkpt lat="34.78024896173365" lon="-84.2767532210384"><ele>575.3313111572531</ele></trkpt><trkpt lat="34.78068734777383" lon="-84.2772187868797"><ele>576.4936171348066</ele></trkpt><trkpt lat="34.78179351415066" lon="-84.27737217627009"><ele>575.0</ele></trkpt><trkpt lat="34.78220591941326" lon="-84.27760402280444"><ele>575.0</ele></trkpt><trkpt lat="34.78263229443731" lon="-84.27755162705495"><ele>573.0</ele></trkpt><trkpt lat="34.78366097699772" lon="-84.27863051863227"><ele>569.5953158836296</ele></trkpt><trkpt lat="34.78389422641803" lon="-84.27874735453707"><ele>569.0</ele></trkpt><trkpt lat="34.78488313457554" lon="-84.27855980458833"><ele>568.9388597328216</ele></trkpt><trkpt lat="34.78516753161407" lon="-84.27888867089246"><ele>569.3190803006291</ele></trkpt><trkpt lat="34.7849007624954" lon="-84.28074053344068"><ele>573.0</ele></trkpt><trkpt lat="34.78395638303601" lon="-84.28165177324729"><ele>574.0</ele></trkpt><trkpt lat="34.78211288273223" lon="-84.28438095412571"><ele>579.9903905503452</ele></trkpt><trkpt lat="34.78210063327248" lon="-84.28526394339212"><ele>580.0</ele></trkpt><trkpt lat="34.78176628832512" lon="-84.28648639322734"><ele>581.0</ele></trkpt><trkpt lat="34.78245341650263" lon="-84.28764346811329"><ele>588.0</ele></trkpt><trkpt lat="34.78302337128927" lon="-84.2880353618093"><ele>589.0</ele></trkpt><trkpt lat="34.78322542351664" lon="-84.28846955616916"><ele>591.0</ele></trkpt><trkpt lat="34.78345514996803" lon="-84.29004723146357"><ele>594.0</ele></trkpt><trkpt lat="34.78330772092039" lon="-84.29141941770507"><ele>593.0</ele></trkpt><trkpt lat="34.78338364217188" lon="-84.29325387152159"><ele>597.0</ele></trkpt><trkpt lat="34.783274509793" lon="-84.29473404983509"><ele>598.9033625181764</ele></trkpt><trkpt lat="34.78384804437368" lon="-84.29540034960905"><ele>601.0</ele></trkpt><trkpt lat="34.78524942583356" lon="-84.29505626448929"><ele>605.9710857188265</ele></trkpt><trkpt lat="34.78569246968791" lon="-84.2955239187973"><ele>604.0375323762827</ele></trkpt><trkpt lat="34.7860994215727" lon="-84.29660003460134"><ele>605.0</ele></trkpt><trkpt lat="34.78572500792851" lon="-84.29877433924611"><ele>612.0</ele></trkpt><trkpt lat="34.78579008913965" lon="-84.29988697797296"><ele>611.0</ele></trkpt><trkpt lat="34.78497046869555" lon="-84.300757859052"><ele>610.9404564188765</ele></trkpt><trkpt lat="34.78399206393691" lon="-84.30221977926726"><ele>612.0</ele></trkpt><trkpt lat="34.784667" lon="-84.30311699999999"><ele>620.9593682684788</ele></trkpt><trkpt lat="34.784817" lon="-84.30380000000002"><ele>626.2831438657531</ele></trkpt><trkpt lat="34.785333" lon="-84.304867"><ele>643.0653063114733</ele></trkpt><trkpt lat="34.78655016805881" lon="-84.30606913957473"><ele>677.7955545254216</ele></trkpt><trkpt lat="34.78611045865412" lon="-84.30563253791172"><ele>664.1755005382001</ele></trkpt><trkpt lat="34.78605931400062" lon="-84.30597135068922"><ele>676.609445348382</ele></trkpt><trkpt lat="34.78535811270064" lon="-84.30561304155333"><ele>673.8333626585081</ele></trkpt><trkpt lat="34.78466493728529" lon="-84.30590582841808"><ele>694.4782195249572</ele></trkpt><trkpt lat="34.78434880660473" lon="-84.30579022817892"><ele>695.090857909061</ele></trkpt><trkpt lat="34.78485" lon="-84.30713300000002"><ele>725.3012151103467</ele></trkpt><trkpt lat="34.786467" lon="-84.308783"><ele>747.0562285594642</ele></trkpt><trkpt lat="34.7868" lon="-84.3089"><ele>753.0637323818221</ele></trkpt><trkpt lat="34.7858" lon="-84.31349999999998"><ele>789.0</ele></trkpt><trkpt lat="34.786233" lon="-84.31446699999998"><ele>803.0</ele></trkpt><trkpt lat="34.786317" lon="-84.315583"><ele>814.922546505928</ele></trkpt><trkpt lat="34.786583" lon="-84.31594999999999"><ele>825.0</ele></trkpt><trkpt lat="34.786667" lon="-84.3168"><ele>830.5948507077992</ele></trkpt><trkpt lat="34.7864" lon="-84.31766700000003"><ele>840.7456537317485</ele></trkpt><trkpt lat="34.78685" lon="-84.32023300000003"><ele>864.6166266249493</ele></trkpt><trkpt lat="34.787567" lon="-84.32106699999997"><ele>879.4756331387907</ele></trkpt><trkpt lat="34.787767" lon="-84.32229999999998"><ele>897.0</ele></trkpt><trkpt lat="34.78815" lon="-84.32240000000002"><ele>889.2794160060585</ele></trkpt><trkpt lat="34.788883" lon="-84.32166699999999"><ele>904.9979470223188</ele></trkpt><trkpt lat="34.79155" lon="-84.31998299999998"><ele>925.7598292165276</ele></trkpt><trkpt lat="34.7919" lon="-84.31986699999999"><ele>928.1159729771316</ele></trkpt><trkpt lat="34.792733" lon="-84.31998299999998"><ele>929.3293553187316</ele></trkpt><trkpt lat="34.793183" lon="-84.31951700000002"><ele>942.168042011559</ele></trkpt><trkpt lat="34.794333" lon="-84.31990000000002"><ele>963.2811877316974</ele></trkpt><trkpt lat="34.794667" lon="-84.31946700000003"><ele>970.3845475278795</ele></trkpt><trkpt lat="34.795583" lon="-84.319617"><ele>991.0971296932548</ele></trkpt><trkpt lat="34.795917" lon="-84.320967"><ele>1002.6771929189563</ele></trkpt><trkpt lat="34.7958" lon="-84.32188300000001"><ele>1024.453824788332</ele></trkpt><trkpt lat="34.7979" lon="-84.32381700000002"><ele>1005.0</ele></trkpt><trkpt lat="34.799383" lon="-84.32448299999999"><ele>973.237164799124</ele></trkpt><trkpt lat="34.80015" lon="-84.32448299999999"><ele>968.0</ele></trkpt><trkpt lat="34.80175" lon="-84.323983"><ele>958.6366787478328</ele></trkpt><trkpt lat="34.80305" lon="-84.32336700000002"><ele>957.0</ele></trkpt><trkpt lat="34.806233" lon="-84.32061699999997"><ele>963.1968558132648</ele></trkpt><trkpt lat="34.806517" lon="-84.32119999999998"><ele>957.0184702212761</ele></trkpt><trkpt lat="34.80875" lon="-84.32381700000002"><ele>901.8673428653666</ele></trkpt><trkpt lat="34.809" lon="-84.32426700000002"><ele>897.0</ele></trkpt><trkpt lat="34.808983" lon="-84.324883"><ele>889.2175640199642</ele></trkpt><trkpt lat="34.808817" lon="-84.32553300000001"><ele>879.8292885329574</ele></trkpt><trkpt lat="34.80795" lon="-84.32555000000002"><ele>871.2853673412975</ele></trkpt><trkpt lat="34.807567" lon="-84.32580000000002"><ele>871.4808840285987</ele></trkpt><trkpt lat="34.807183" lon="-84.326933"><ele>876.0</ele></trkpt><trkpt lat="34.8061" lon="-84.32843300000002"><ele>864.1728070447109</ele></trkpt><trkpt lat="34.805433" lon="-84.32895000000002"><ele>846.2323755997347</ele></trkpt><trkpt lat="34.807983" lon="-84.32973300000003"><ele>801.1309440620244</ele></trkpt><trkpt lat="34.809717" lon="-84.332583"><ele>821.0</ele></trkpt><trkpt lat="34.811267" lon="-84.33415000000002"><ele>835.0</ele></trkpt><trkpt lat="34.813" lon="-84.33426700000001"><ele>824.0</ele></trkpt><trkpt lat="34.813083" lon="-84.33486700000003"><ele>809.3874369338155</ele></trkpt><trkpt lat="34.812867" lon="-84.3358"><ele>792.3524088887498</ele></trkpt><trkpt lat="34.8129" lon="-84.33673299999998"><ele>786.0</ele></trkpt><trkpt lat="34.812733" lon="-84.33718299999998"><ele>777.9745445668544</ele></trkpt><trkpt lat="34.81235" lon="-84.33711700000003"><ele>765.0296775649152</ele></trkpt><trkpt lat="34.812067" lon="-84.33748300000002"><ele>753.0</ele></trkpt><trkpt lat="34.812" lon="-84.33786700000002"><ele>747.0032237138263</ele></trkpt><trkpt lat="34.81255" lon="-84.33929999999998"><ele>706.0861438491743</ele></trkpt><trkpt lat="34.81265" lon="-84.34045000000003"><ele>684.0221883580205</ele></trkpt><trkpt lat="34.81315" lon="-84.34100000000001"><ele>666.5991683257744</ele></trkpt><trkpt lat="34.813583" lon="-84.34101699999997"><ele>655.2225870238617</ele></trkpt><trkpt lat="34.8145" lon="-84.34061700000001"><ele>632.9537751208991</ele></trkpt><trkpt lat="34.815467" lon="-84.34050000000002"><ele>612.379358401522</ele></trkpt><trkpt lat="34.817033" lon="-84.33904999999999"><ele>597.1687721610069</ele></trkpt><trkpt lat="34.817567" lon="-84.33879999999999"><ele>583.4641089095453</ele></trkpt><trkpt lat="34.817867" lon="-84.33911699999999"><ele>573.6352280246388</ele></trkpt><trkpt lat="34.817867" lon="-84.338683"><ele>577.9991077118474</ele></trkpt><trkpt lat="34.81835" lon="-84.33855"><ele>576.5222513371873</ele></trkpt><trkpt lat="34.819333" lon="-84.33934999999997"><ele>579.0</ele></trkpt><trkpt lat="34.818017" lon="-84.339967"><ele>567.0</ele></trkpt><trkpt lat="34.815567" lon="-84.34328299999999"><ele>572.6193329775706</ele></trkpt><trkpt lat="34.81505" lon="-84.34371699999997"><ele>559.0</ele></trkpt><trkpt lat="34.812483" lon="-84.344967"><ele>557.0</ele></trkpt><trkpt lat="34.810633" lon="-84.34629999999999"><ele>544.4543722886592</ele></trkpt><trkpt lat="34.8106" lon="-84.347017"><ele>543.0</ele></trkpt><trkpt lat="34.811133" lon="-84.34871699999997"><ele>540.0737008824944</ele></trkpt><trkpt lat="34.810733" lon="-84.35046699999998"><ele>531.0</ele></trkpt><trkpt lat="34.810217" lon="-84.35173299999997"><ele>537.0669596623629</ele></trkpt><trkpt lat="34.81025" lon="-84.35219999999998"><ele>536.0110520411993</ele></trkpt><trkpt lat="34.80990200140609" lon="-84.35315877416525"><ele>524.4083265233253</ele></trkpt><trkpt lat="34.80995101121441" lon="-84.35328534123448"><ele>526.0</ele></trkpt><trkpt lat="34.81029699993645" lon="-84.35338963356804"><ele>528.0</ele></trkpt><trkpt lat="34.81047149250004" lon="-84.3535605197261"><ele>529.0</ele></trkpt><trkpt lat="34.81054447000924" lon="-84.35370360979175"><ele>529.5283705835973</ele></trkpt><trkpt lat="34.81073364059523" lon="-84.35417329386655"><ele>533.2336265579609</ele></trkpt><trkpt lat="34.8108101308512" lon="-84.35509176314628"><ele>536.1745895307452</ele></trkpt><trkpt lat="34.81137383210182" lon="-84.35589106745846"><ele>533.0</ele></trkpt><trkpt lat="34.81174417419145" lon="-84.35593956056931"><ele>527.6970602109741</ele></trkpt><trkpt lat="34.81187422960637" lon="-84.35602859281391"><ele>529.0</ele></trkpt><trkpt lat="34.81157778668155" lon="-84.35642327523692"><ele>526.1731331590563</ele></trkpt><trkpt lat="34.81147661270295" lon="-84.35676078186737"><ele>518.0</ele></trkpt><trkpt lat="34.8115162607688" lon="-84.35712933236425"><ele>514.0</ele></trkpt><trkpt lat="34.81182132390697" lon="-84.35755701965559"><ele>512.9980678702357</ele></trkpt><trkpt lat="34.81198415936195" lon="-84.35787699257935"><ele>513.0</ele></trkpt><trkpt lat="34.81212893304595" lon="-84.35835872787919"><ele>525.4573092833161</ele></trkpt><trkpt lat="34.81205" lon="-84.35981700000002"><ele>502.0559828020632</ele></trkpt><trkpt lat="34.81285461485093" lon="-84.36078746935749"><ele>492.90393713899067</ele></trkpt><trkpt lat="34.81307442770286" lon="-84.36098746367787"><ele>493.5315238442272</ele></trkpt><trkpt lat="34.81328078734056" lon="-84.36105267265083"><ele>494.0</ele></trkpt><trkpt lat="34.81352982413097" lon="-84.36132324216783"><ele>496.97564665973186</ele></trkpt><trkpt lat="34.81375935089682" lon="-84.3615140578712"><ele>499.0</ele></trkpt><trkpt lat="34.81384555019712" lon="-84.36156507619694"><ele>499.9602345339304</ele></trkpt><trkpt lat="34.81367205638409" lon="-84.36172051355487"><ele>498.0</ele></trkpt><trkpt lat="34.81352176465983" lon="-84.36179256689161"><ele>496.51246854870107</ele></trkpt><trkpt lat="34.81344867119152" lon="-84.361918805132"><ele>497.91933574313197</ele></trkpt><trkpt lat="34.81329123108928" lon="-84.3619292871652"><ele>497.3606319343671</ele></trkpt><trkpt lat="34.81289457932863" lon="-84.36189292664426"><ele>496.7488294132054</ele></trkpt><trkpt lat="34.81233672754337" lon="-84.36193144155538"><ele>495.0579933540636</ele></trkpt><trkpt lat="34.81216625931182" lon="-84.362026988313"><ele>494.48986620642245</ele></trkpt><trkpt lat="34.81186495879444" lon="-84.36234427024613"><ele>490.33161775395024</ele></trkpt><trkpt lat="34.81164178312828" lon="-84.36244357209534"><ele>491.3280468201265</ele></trkpt><trkpt lat="34.81141697172251" lon="-84.36250255857448"><ele>490.0770159903914</ele></trkpt><trkpt lat="34.81125544553105" lon="-84.36270736363173"><ele>489.3783765556291</ele></trkpt><trkpt lat="34.81114436715212" lon="-84.36281705467229"><ele>487.0</ele></trkpt><trkpt lat="34.81138529103204" lon="-84.36281430277847"><ele>490.0973770983404</ele></trkpt><trkpt lat="34.81152690829649" lon="-84.36283859041026"><ele>493.07493655774294</ele></trkpt><trkpt lat="34.81152367315923" lon="-84.36294131622742"><ele>491.10155207663774</ele></trkpt><trkpt lat="34.8114780028504" lon="-84.3631830166272"><ele>488.5092245861888</ele></trkpt><trkpt lat="34.81136679250955" lon="-84.36343791900549"><ele>485.1314133662279</ele></trkpt><trkpt lat="34.81134903682101" lon="-84.36386333565565"><ele>483.0</ele></trkpt><trkpt lat="34.8114668879262" lon="-84.3642466690344"><ele>482.5634834357268</ele></trkpt><trkpt lat="34.81164059788557" lon="-84.36447214295106"><ele>482.0</ele></trkpt><trkpt lat="34.81170615861508" lon="-84.36467700565458"><ele>481.0</ele></trkpt><trkpt lat="34.81173943688965" lon="-84.36494109951195"><ele>480.0</ele></trkpt><trkpt lat="34.81170810320096" lon="-84.36551250022865"><ele>479.0</ele></trkpt><trkpt lat="34.8117349463711" lon="-84.36588526127116"><ele>479.0</ele></trkpt><trkpt lat="34.81181227848498" lon="-84.3662197436152"><ele>479.0</ele></trkpt><trkpt lat="34.81199673092021" lon="-84.36654793619556"><ele>479.0</ele></trkpt><trkpt lat="34.81284640616111" lon="-84.3674999824135"><ele>483.0</ele></trkpt><trkpt lat="34.81299054410511" lon="-84.36779370434346"><ele>482.2414048858067</ele></trkpt><trkpt lat="34.81205011476278" lon="-84.3688128062006"><ele>480.0</ele></trkpt><trkpt lat="34.812171" lon="-84.36893600000002"><ele>480.0</ele></trkpt><trkpt lat="34.81201" lon="-84.369236"><ele>482.878130489029</ele></trkpt><trkpt lat="34.81263" lon="-84.36962699999998"><ele>507.89905894361436</ele></trkpt><trkpt lat="34.812725" lon="-84.370001"><ele>504.6246993742088</ele></trkpt><trkpt lat="34.812977" lon="-84.37021900000002"><ele>498.71504519693553</ele></trkpt><trkpt lat="34.81326" lon="-84.37031400000001"><ele>489.88342826627195</ele></trkpt><trkpt lat="34.81462591458461" lon="-84.36957474042822"><ele>471.3354213666171</ele></trkpt><trkpt lat="34.81480675840849" lon="-84.36961346373351"><ele>470.2153890476763</ele></trkpt><trkpt lat="34.81514652208892" lon="-84.36996223049294"><ele>472.0</ele></trkpt><trkpt lat="34.81524922809943" lon="-84.37013042384223"><ele>472.5754780676216</ele></trkpt><trkpt lat="34.81524572930091" lon="-84.37026218551955"><ele>473.0</ele></trkpt><trkpt lat="34.81506415208185" lon="-84.37045564500096"><ele>474.7374027642486</ele></trkpt><trkpt lat="34.8143422499968" lon="-84.3710587989026"><ele>479.91845474019647</ele></trkpt><trkpt lat="34.81414580701537" lon="-84.3712745406425"><ele>481.8810101673007</ele></trkpt><trkpt lat="34.81415135113378" lon="-84.37153639642719"><ele>483.2556202188134</ele></trkpt><trkpt lat="34.81431297663543" lon="-84.37177480630294"><ele>485.43007361888885</ele></trkpt><trkpt lat="34.81456123011326" lon="-84.37220716434103"><ele>489.0</ele></trkpt><trkpt lat="34.81514114484589" lon="-84.37283740542546"><ele>496.0</ele></trkpt><trkpt lat="34.8152564833655" lon="-84.37310780088785"><ele>497.99597833341517</ele></trkpt><trkpt lat="34.815423" lon="-84.37358999999998"><ele>487.90736188931885</ele></trkpt><trkpt lat="34.816366" lon="-84.37479400000001"><ele>496.0</ele></trkpt><trkpt lat="34.817117" lon="-84.37516900000003"><ele>500.0</ele></trkpt><trkpt lat="34.81649" lon="-84.375674"><ele>505.9106766227633</ele></trkpt><trkpt lat="34.81629" lon="-84.37747000000002"><ele>508.0</ele></trkpt><trkpt lat="34.815989" lon="-84.378195"><ele>511.0</ele></trkpt><trkpt lat="34.815956" lon="-84.37865399999998"><ele>516.2404890205769</ele></trkpt><trkpt lat="34.816686" lon="-84.37880100000001"><ele>511.0</ele></trkpt><trkpt lat="34.817262" lon="-84.37924900000002"><ele>514.0877260396455</ele></trkpt><trkpt lat="34.817953" lon="-84.380765"><ele>536.0</ele></trkpt><trkpt lat="34.81783265661562" lon="-84.38115080432749"><ele>536.0</ele></trkpt><trkpt lat="34.81796585765615" lon="-84.38110796415435"><ele>536.0</ele></trkpt><trkpt lat="34.81805219981484" lon="-84.38099691719918"><ele>539.687053995207</ele></trkpt><trkpt lat="34.81828246349048" lon="-84.38084518456583"><ele>544.2188353505435</ele></trkpt><trkpt lat="34.81837860551143" lon="-84.380976542074"><ele>546.0058404511541</ele></trkpt><trkpt lat="34.81854394400104" lon="-84.38097677201011"><ele>548.5789066750215</ele></trkpt><trkpt lat="34.81876495671209" lon="-84.38086433390248"><ele>552.3201323089395</ele></trkpt><trkpt lat="34.81904906522952" lon="-84.38043010607385"><ele>558.5934836691181</ele></trkpt><trkpt lat="34.81926667957531" lon="-84.38025854361138"><ele>562.0</ele></trkpt><trkpt lat="34.81951912479914" lon="-84.38012145193636"><ele>565.0</ele></trkpt><trkpt lat="34.81977437323271" lon="-84.38011851315383"><ele>564.0</ele></trkpt><trkpt lat="34.82018005742064" lon="-84.38038259119583"><ele>559.8337580678854</ele></trkpt><trkpt lat="34.82036756613703" lon="-84.38060468755668"><ele>558.6973715303466</ele></trkpt><trkpt lat="34.821524" lon="-84.37966599999999"><ele>533.0</ele></trkpt><trkpt lat="34.822564" lon="-84.380246"><ele>540.0</ele></trkpt><trkpt lat="34.822693" lon="-84.38092"><ele>548.3389019373134</ele></trkpt><trkpt lat="34.82295314178573" lon="-84.38113485176302"><ele>548.0390307218471</ele></trkpt><trkpt lat="34.82329326255199" lon="-84.38126600625225"><ele>547.0</ele></trkpt><trkpt lat="34.82357133766564" lon="-84.38127216013424"><ele>547.0</ele></trkpt><trkpt lat="34.82392188680922" lon="-84.38148070522107"><ele>548.0</ele></trkpt><trkpt lat="34.82403037677308" lon="-84.38164838629712"><ele>549.3758608421396</ele></trkpt><trkpt lat="34.824818" lon="-84.384863"><ele>574.8061239421586</ele></trkpt><trkpt lat="34.824763" lon="-84.38592499999999"><ele>580.41707393447</ele></trkpt><trkpt lat="34.825283" lon="-84.38682399999999"><ele>599.0</ele></trkpt><trkpt lat="34.825466" lon="-84.38767100000001"><ele>608.0</ele></trkpt><trkpt lat="34.826819" lon="-84.389386"><ele>642.0</ele></trkpt><trkpt lat="34.827511" lon="-84.389501"><ele>651.7596533440727</ele></trkpt><trkpt lat="34.827908" lon="-84.389273"><ele>659.1976578664035</ele></trkpt><trkpt lat="34.82818739555033" lon="-84.389429347153"><ele>667.0</ele></trkpt><trkpt lat="34.82817452482349" lon="-84.38973835191825"><ele>672.1174886094419</ele></trkpt><trkpt lat="34.82799764434116" lon="-84.39009989400961"><ele>677.206064933911</ele></trkpt><trkpt lat="34.82782318935671" lon="-84.390397217236"><ele>679.0</ele></trkpt><trkpt lat="34.82810867667467" lon="-84.39059304653762"><ele>674.3320873330731</ele></trkpt><trkpt lat="34.82986618489428" lon="-84.3919704576312"><ele>636.0</ele></trkpt><trkpt lat="34.83049966605317" lon="-84.39186602332518"><ele>638.1638120741227</ele></trkpt><trkpt lat="34.83068122245215" lon="-84.39192168204823"><ele>638.0</ele></trkpt><trkpt lat="34.83115590717849" lon="-84.39221467283897"><ele>642.5949714388698</ele></trkpt><trkpt lat="34.83129632615533" lon="-84.39255552816297"><ele>649.287397635642</ele></trkpt><trkpt lat="34.83178104606861" lon="-84.39288464948606"><ele>670.0875629931688</ele></trkpt><trkpt lat="34.83205000310805" lon="-84.39266194348181"><ele>676.7471268418044</ele></trkpt><trkpt lat="34.83235187390211" lon="-84.39267666072794"><ele>682.2920977538452</ele></trkpt><trkpt lat="34.83297290521232" lon="-84.39294873749901"><ele>682.2363950848107</ele></trkpt><trkpt lat="34.83303780422933" lon="-84.39300944467249"><ele>682.0</ele></trkpt><trkpt lat="34.83270739073967" lon="-84.39302645344867"><ele>687.0</ele></trkpt><trkpt lat="34.83254868350851" lon="-84.39317611680394"><ele>691.0</ele></trkpt><trkpt lat="34.83254665310246" lon="-84.39343990770789"><ele>688.4443251080811</ele></trkpt><trkpt lat="34.8326201198966" lon="-84.39363290796501"><ele>686.2339411693073</ele></trkpt><trkpt lat="34.83277669421647" lon="-84.39371283537884"><ele>682.7418645192829</ele></trkpt><trkpt lat="34.833224" lon="-84.39439700000003"><ele>677.9869345352054</ele></trkpt><trkpt lat="34.833418" lon="-84.39511199999998"><ele>664.9722339790314</ele></trkpt><trkpt lat="34.833767" lon="-84.39507100000003"><ele>659.8763953791931</ele></trkpt><trkpt lat="34.834049" lon="-84.394814"><ele>652.8993272883818</ele></trkpt><trkpt lat="34.834786" lon="-84.394881"><ele>643.0217535998672</ele></trkpt><trkpt lat="34.835977" lon="-84.39450999999997"><ele>632.731900443323</ele></trkpt><trkpt lat="34.83703" lon="-84.39449200000001"><ele>618.8896669279784</ele></trkpt><trkpt lat="34.837436" lon="-84.39519000000001"><ele>596.0</ele></trkpt><trkpt lat="34.84036" lon="-84.396274"><ele>553.5726916901313</ele></trkpt><trkpt lat="34.84104683040693" lon="-84.3972981357"><ele>531.0</ele></trkpt><trkpt lat="34.84072547711275" lon="-84.39799529843515"><ele>530.0</ele></trkpt><trkpt lat="34.84040874284064" lon="-84.39845677462336"><ele>528.3350707795471</ele></trkpt><trkpt lat="34.83915022131772" lon="-84.39991251425727"><ele>525.0</ele></trkpt><trkpt lat="34.83873548638329" lon="-84.40031945769016"><ele>525.0</ele></trkpt><trkpt lat="34.83824530104108" lon="-84.40068752530391"><ele>523.9281589988419</ele></trkpt><trkpt lat="34.83699790669831" lon="-84.40129405920095"><ele>522.0</ele></trkpt><trkpt lat="34.83618369074394" lon="-84.40190497359265"><ele>519.6373515604064</ele></trkpt><trkpt lat="34.83553894145633" lon="-84.40244699535833"><ele>516.0</ele></trkpt><trkpt lat="34.83422063276429" lon="-84.4036501376657"><ele>513.5848023906976</ele></trkpt><trkpt lat="34.83376343868689" lon="-84.40395641177923"><ele>513.0334027633071</ele></trkpt><trkpt lat="34.8330093217595" lon="-84.40429271064141"><ele>515.3607398429886</ele></trkpt><trkpt lat="34.83178244946468" lon="-84.40468546302372"><ele>514.057152196765</ele></trkpt><trkpt lat="34.83081594710654" lon="-84.40503704990664"><ele>510.6720158709213</ele></trkpt><trkpt lat="34.8302868571881" lon="-84.40534717644078"><ele>508.0</ele></trkpt><trkpt lat="34.82983451745649" lon="-84.40568878640397"><ele>506.12755080979053</ele></trkpt><trkpt lat="34.82983065412294" lon="-84.40584770483076"><ele>505.0</ele></trkpt><trkpt lat="34.83024790177652" lon="-84.4072447590238"><ele>505.0</ele></trkpt><trkpt lat="34.83038267617295" lon="-84.40749808033661"><ele>506.0</ele></trkpt><trkpt lat="34.83080023687877" lon="-84.40799619785116"><ele>511.0</ele></trkpt><trkpt lat="34.83256495481194" lon="-84.40976542714623"><ele>533.6863349014893</ele></trkpt><trkpt lat="34.83283569814288" lon="-84.40998871197928"><ele>536.0</ele></trkpt><trkpt lat="34.83308485146502" lon="-84.41012648850392"><ele>538.0</ele></trkpt><trkpt lat="34.83364661185123" lon="-84.4102877405627"><ele>537.0</ele></trkpt><trkpt lat="34.83399365259585" lon="-84.4104816812719"><ele>538.0</ele></trkpt><trkpt lat="34.83421404581039" lon="-84.41073228907061"><ele>537.0</ele></trkpt><trkpt lat="34.83441769712209" lon="-84.41085751576475"><ele>536.0</ele></trkpt><trkpt lat="34.83507996279076" lon="-84.41116678899658"><ele>534.0</ele></trkpt><trkpt lat="34.83569539628236" lon="-84.41150709815105"><ele>531.0</ele></trkpt><trkpt lat="34.83595983721998" lon="-84.41158613777742"><ele>530.6524349525571</ele></trkpt><trkpt lat="34.83628758928621" lon="-84.41171772355574"><ele>530.0</ele></trkpt><trkpt lat="34.83664868815338" lon="-84.41178608698579"><ele>531.0</ele></trkpt><trkpt lat="34.8368368943391" lon="-84.41192908026642"><ele>532.0</ele></trkpt><trkpt lat="34.83715129011959" lon="-84.41221098768864"><ele>534.0018981050223</ele></trkpt><trkpt lat="34.83751889078984" lon="-84.41260161225466"><ele>538.8621409581974</ele></trkpt><trkpt lat="34.8377628359931" lon="-84.4127865709388"><ele>542.1346837765951</ele></trkpt><trkpt lat="34.83798647026129" lon="-84.41289944955253"><ele>542.0</ele></trkpt><trkpt lat="34.83855739487093" lon="-84.41330594128226"><ele>543.0</ele></trkpt><trkpt lat="34.8390123774695" lon="-84.41353461749043"><ele>543.0</ele></trkpt><trkpt lat="34.839299267455" lon="-84.41372964459305"><ele>543.9771051259673</ele></trkpt><trkpt lat="34.83995104376699" lon="-84.41427084715713"><ele>549.0</ele></trkpt><trkpt lat="34.84019663197734" lon="-84.41437167553909"><ele>549.0</ele></trkpt><trkpt lat="34.84045568888879" lon="-84.41444190586787"><ele>550.0</ele></trkpt><trkpt lat="34.84077274306752" lon="-84.41462282470678"><ele>549.9425315670669</ele></trkpt><trkpt lat="34.84121817719311" lon="-84.41471124902597"><ele>551.0</ele></trkpt><trkpt lat="34.84144730139614" lon="-84.41479536956479"><ele>553.0</ele></trkpt><trkpt lat="34.84166154830637" lon="-84.41497908286749"><ele>555.0</ele></trkpt><trkpt lat="34.84190941241296" lon="-84.4150126532756"><ele>554.0</ele></trkpt><trkpt lat="34.84205289494874" lon="-84.41512473535369"><ele>555.0</ele></trkpt><trkpt lat="34.84247375856444" lon="-84.4157032133594"><ele>560.0</ele></trkpt><trkpt lat="34.84269322076643" lon="-84.41585992642422"><ele>561.0</ele></trkpt><trkpt lat="34.84289184387922" lon="-84.41583002494411"><ele>562.0</ele></trkpt><trkpt lat="34.84324488104389" lon="-84.41593369172779"><ele>567.1482994295657</ele></trkpt><trkpt lat="34.84391242500035" lon="-84.41622826457166"><ele>574.87638895493</ele></trkpt><trkpt lat="34.84468933000863" lon="-84.41635272500537"><ele>577.0</ele></trkpt><trkpt lat="34.84488656549636" lon="-84.41635636599045"><ele>577.0</ele></trkpt><trkpt lat="34.84500789082782" lon="-84.41643006563152"><ele>579.392858848907</ele></trkpt><trkpt lat="34.84525447636031" lon="-84.4164506208453"><ele>580.2389423772693</ele></trkpt><trkpt lat="34.84580219922619" lon="-84.41663717069679"><ele>582.0</ele></trkpt><trkpt lat="34.84644592546595" lon="-84.41682062413457"><ele>586.0</ele></trkpt><trkpt lat="34.84696668226751" lon="-84.41709879421632"><ele>592.0</ele></trkpt><trkpt lat="34.84780227080427" lon="-84.41747077369928"><ele>604.0</ele></trkpt><trkpt lat="34.84797080093187" lon="-84.41752948422123"><ele>607.0</ele></trkpt><trkpt lat="34.84860768211229" lon="-84.41726154344565"><ele>621.0776070286065</ele></trkpt><trkpt lat="34.84882745094514" lon="-84.41728109790927"><ele>624.9324547616732</ele></trkpt><trkpt lat="34.84909252168188" lon="-84.4173433284127"><ele>627.8520509692236</ele></trkpt><trkpt lat="34.8493841114696" lon="-84.41744048898443"><ele>632.7402824293822</ele></trkpt><trkpt lat="34.84964234372642" lon="-84.41743303707625"><ele>636.0</ele></trkpt><trkpt lat="34.84991484160247" lon="-84.41749380568467"><ele>637.9490391872823</ele></trkpt><trkpt lat="34.849832" lon="-84.41797500000001"><ele>641.6793185803382</ele></trkpt><trkpt lat="34.84984703569344" lon="-84.41853983508372"><ele>648.6390219143602</ele></trkpt><trkpt lat="34.84997822211385" lon="-84.41881829479206"><ele>654.2205558931455</ele></trkpt><trkpt lat="34.850942" lon="-84.41961400000002"><ele>662.9691340924668</ele></trkpt><trkpt lat="34.851101" lon="-84.420029"><ele>652.9995765015918</ele></trkpt><trkpt lat="34.85096696062119" lon="-84.42041069040857"><ele>654.0879087969208</ele></trkpt><trkpt lat="34.85058719966138" lon="-84.42056029886254"><ele>660.2361804405227</ele></trkpt><trkpt lat="34.850232" lon="-84.420795"><ele>667.5266882944852</ele></trkpt><trkpt lat="34.84629" lon="-84.42123800000002"><ele>707.6818779888946</ele></trkpt><trkpt lat="34.84586" lon="-84.42204900000002"><ele>722.9289794368399</ele></trkpt><trkpt lat="34.8455657180247" lon="-84.42183980291867"><ele>733.0</ele></trkpt><trkpt lat="34.8451565304671" lon="-84.42185778663008"><ele>735.8723344251805</ele></trkpt><trkpt lat="34.84421615117329" lon="-84.42222695692357"><ele>741.9332297214416</ele></trkpt><trkpt lat="34.84387843271631" lon="-84.4224674552089"><ele>742.0084899318202</ele></trkpt><trkpt lat="34.84368004466514" lon="-84.4227817302114"><ele>741.2891023922712</ele></trkpt><trkpt lat="34.84364812396918" lon="-84.42306500698442"><ele>741.0</ele></trkpt><trkpt lat="34.84382111733849" lon="-84.42363597158055"><ele>749.3509904573523</ele></trkpt><trkpt lat="34.84453018008916" lon="-84.42450131629516"><ele>773.4285438004881</ele></trkpt><trkpt lat="34.844783" lon="-84.42470000000003"><ele>768.6585197355598</ele></trkpt><trkpt lat="34.844157" lon="-84.42579799999999"><ele>789.0291182993831</ele></trkpt><trkpt lat="34.843799" lon="-84.42599100000001"><ele>801.0</ele></trkpt><trkpt lat="34.843544" lon="-84.426718"><ele>819.0</ele></trkpt><trkpt lat="34.84311616604451" lon="-84.42691032720688"><ele>814.0</ele></trkpt><trkpt lat="34.84287751751403" lon="-84.42688529785755"><ele>811.0744611595754</ele></trkpt><trkpt lat="34.84260264130868" lon="-84.42696501367618"><ele>810.0</ele></trkpt><trkpt lat="34.84240069468887" lon="-84.42708745854804"><ele>809.0</ele></trkpt><trkpt lat="34.84086" lon="-84.42755899999997"><ele>825.0730673782527</ele></trkpt><trkpt lat="34.840501" lon="-84.42733900000002"><ele>833.8043365050107</ele></trkpt><trkpt lat="34.839728" lon="-84.42606999999998"><ele>853.372244080778</ele></trkpt><trkpt lat="34.839437" lon="-84.426219"><ele>860.0</ele></trkpt><trkpt lat="34.839175" lon="-84.427007"><ele>868.0</ele></trkpt><trkpt lat="34.838706" lon="-84.427728"><ele>865.0</ele></trkpt><trkpt lat="34.838169" lon="-84.42815100000001"><ele>872.0</ele></trkpt><trkpt lat="34.837565" lon="-84.42826600000001"><ele>878.4267217751883</ele></trkpt><trkpt lat="34.836894" lon="-84.430387"><ele>866.0</ele></trkpt><trkpt lat="34.835353" lon="-84.43192499999998"><ele>864.5378118753754</ele></trkpt><trkpt lat="34.835153" lon="-84.432412"><ele>860.463319869712</ele></trkpt><trkpt lat="34.835134" lon="-84.43320699999998"><ele>855.0</ele></trkpt><trkpt lat="34.834884" lon="-84.43355099999997"><ele>848.8256277348846</ele></trkpt><trkpt lat="34.834185" lon="-84.433741"><ele>839.9709859555587</ele></trkpt><trkpt lat="34.833402" lon="-84.43353200000001"><ele>827.7455690824867</ele></trkpt><trkpt lat="34.832733" lon="-84.43382300000002"><ele>824.0</ele></trkpt><trkpt lat="34.831712" lon="-84.435228"><ele>830.0</ele></trkpt><trkpt lat="34.830476" lon="-84.43639100000001"><ele>830.4756317605753</ele></trkpt><trkpt lat="34.829824" lon="-84.43766299999999"><ele>822.2118086792094</ele></trkpt><trkpt lat="34.828788" lon="-84.43801000000002"><ele>808.0</ele></trkpt><trkpt lat="34.828144" lon="-84.438425"><ele>805.3192355558276</ele></trkpt><trkpt lat="34.827734" lon="-84.43912899999998"><ele>822.0</ele></trkpt><trkpt lat="34.827028" lon="-84.44187399999998"><ele>828.7623810321093</ele></trkpt><trkpt lat="34.827151" lon="-84.44288599999999"><ele>843.8272194095811</ele></trkpt><trkpt lat="34.827053" lon="-84.443285"><ele>851.5331989758586</ele></trkpt><trkpt lat="34.826101" lon="-84.44463300000001"><ele>874.3860298629827</ele></trkpt><trkpt lat="34.8253" lon="-84.44672600000001"><ele>896.0</ele></trkpt><trkpt lat="34.824654" lon="-84.44711000000001"><ele>884.0</ele></trkpt><trkpt lat="34.823583" lon="-84.447249"><ele>880.1536181240142</ele></trkpt><trkpt lat="34.822204" lon="-84.44770900000003"><ele>888.0</ele></trkpt><trkpt lat="34.821847" lon="-84.448916"><ele>883.0</ele></trkpt><trkpt lat="34.821927" lon="-84.45004"><ele>873.3497731406242</ele></trkpt><trkpt lat="34.822738" lon="-84.45070599999997"><ele>853.3099262975156</ele></trkpt><trkpt lat="34.822151" lon="-84.45201299999997"><ele>833.4340672018006</ele></trkpt><trkpt lat="34.820897" lon="-84.45287300000001"><ele>816.355162310414</ele></trkpt><trkpt lat="34.820666" lon="-84.45367099999999"><ele>817.0</ele></trkpt><trkpt lat="34.820549" lon="-84.45462800000001"><ele>823.7603327646455</ele></trkpt><trkpt lat="34.820911" lon="-84.45571100000001"><ele>861.9052238222212</ele></trkpt><trkpt lat="34.820848" lon="-84.45615900000001"><ele>870.6030713282526</ele></trkpt><trkpt lat="34.820376" lon="-84.45682099999999"><ele>862.0</ele></trkpt><trkpt lat="34.820072" lon="-84.45842600000003"><ele>841.6549936570227</ele></trkpt><trkpt lat="34.819438" lon="-84.45939199999998"><ele>857.1602979722794</ele></trkpt><trkpt lat="34.819154" lon="-84.46080999999998"><ele>860.1246231380626</ele></trkpt><trkpt lat="34.819174" lon="-84.46133900000001"><ele>862.8805141229636</ele></trkpt><trkpt lat="34.819563" lon="-84.46212000000003"><ele>860.6777553977015</ele></trkpt><trkpt lat="34.81912" lon="-84.463526"><ele>863.4465764959432</ele></trkpt><trkpt lat="34.818978" lon="-84.46518300000002"><ele>875.2415836248547</ele></trkpt><trkpt lat="34.818648" lon="-84.46592599999997"><ele>882.4672654038295</ele></trkpt><trkpt lat="34.818798" lon="-84.46666299999998"><ele>900.0235492084175</ele></trkpt><trkpt lat="34.819161" lon="-84.467401"><ele>901.7414364084179</ele></trkpt><trkpt lat="34.819217" lon="-84.468188"><ele>886.1911028437316</ele></trkpt><trkpt lat="34.819885" lon="-84.46876399999996"><ele>872.9407216550333</ele></trkpt><trkpt lat="34.820052" lon="-84.469991"><ele>847.4730554858902</ele></trkpt><trkpt lat="34.81998" lon="-84.47038299999997"><ele>847.2076341537759</ele></trkpt><trkpt lat="34.817896" lon="-84.471496"><ele>833.4604579554871</ele></trkpt><trkpt lat="34.817774" lon="-84.47185100000002"><ele>826.9250758212372</ele></trkpt><trkpt lat="34.817806" lon="-84.47263299999997"><ele>826.4724174235016</ele></trkpt><trkpt lat="34.81751" lon="-84.473453"><ele>819.067934352138</ele></trkpt><trkpt lat="34.817771" lon="-84.47459300000003"><ele>823.1457897536457</ele></trkpt><trkpt lat="34.817957" lon="-84.474894"><ele>837.8978197341785</ele></trkpt><trkpt lat="34.818373" lon="-84.474987"><ele>848.2319338666275</ele></trkpt><trkpt lat="34.818623" lon="-84.47542199999998"><ele>854.4150327118114</ele></trkpt><trkpt lat="34.818541" lon="-84.47671100000002"><ele>879.2503434160961</ele></trkpt><trkpt lat="34.81823" lon="-84.476946"><ele>885.6317449287517</ele></trkpt><trkpt lat="34.817683" lon="-84.476565"><ele>894.0</ele></trkpt><trkpt lat="34.817329" lon="-84.47720700000002"><ele>897.6914325337857</ele></trkpt><trkpt lat="34.816618" lon="-84.47730999999999"><ele>913.726428385824</ele></trkpt><trkpt lat="34.816051" lon="-84.476742"><ele>926.9122391715646</ele></trkpt><trkpt lat="34.815877" lon="-84.47626400000001"><ele>926.7982866549685</ele></trkpt><trkpt lat="34.815873" lon="-84.47697900000003"><ele>927.9836189989</ele></trkpt><trkpt lat="34.816381" lon="-84.47869600000001"><ele>968.0</ele></trkpt><trkpt lat="34.816281" lon="-84.48009400000001"><ele>981.0</ele></trkpt><trkpt lat="34.814427" lon="-84.48271499999998"><ele>1006.0373393508346</ele></trkpt><trkpt lat="34.813323" lon="-84.48378500000001"><ele>1026.0</ele></trkpt><trkpt lat="34.812693" lon="-84.485633"><ele>1018.0</ele></trkpt><trkpt lat="34.811714" lon="-84.487119"><ele>1034.9406191376327</ele></trkpt><trkpt lat="34.811865" lon="-84.48744199999999"><ele>1031.0</ele></trkpt><trkpt lat="34.812186" lon="-84.487732"><ele>1025.0</ele></trkpt><trkpt lat="34.812792" lon="-84.48783500000002"><ele>1016.0</ele></trkpt><trkpt lat="34.814421" lon="-84.487505"><ele>1020.6130168884993</ele></trkpt><trkpt lat="34.815084" lon="-84.487683"><ele>1034.0</ele></trkpt><trkpt lat="34.815505" lon="-84.487551"><ele>1039.0</ele></trkpt><trkpt lat="34.816697" lon="-84.48807099999999"><ele>1047.0</ele></trkpt><trkpt lat="34.817384" lon="-84.487841"><ele>1035.0</ele></trkpt><trkpt lat="34.818025" lon="-84.48800299999999"><ele>1028.0</ele></trkpt><trkpt lat="34.819337" lon="-84.48764900000003"><ele>1031.620952265337</ele></trkpt><trkpt lat="34.820036" lon="-84.48808099999997"><ele>1040.3013705313206</ele></trkpt><trkpt lat="34.821048" lon="-84.48838599999999"><ele>1052.0</ele></trkpt><trkpt lat="34.82334" lon="-84.49044100000003"><ele>1057.0592763797447</ele></trkpt><trkpt lat="34.824412" lon="-84.490838"><ele>1063.0</ele></trkpt><trkpt lat="34.825487" lon="-84.49150500000002"><ele>1077.0</ele></trkpt><trkpt lat="34.82575" lon="-84.49194399999999"><ele>1081.0</ele></trkpt><trkpt lat="34.825784" lon="-84.49450200000001"><ele>1055.0</ele></trkpt><trkpt lat="34.826369" lon="-84.49739799999998"><ele>1038.7197902308726</ele></trkpt><trkpt lat="34.827205" lon="-84.498266"><ele>1061.0</ele></trkpt><trkpt lat="34.828624" lon="-84.49798800000002"><ele>1054.1287969007963</ele></trkpt><trkpt lat="34.828973" lon="-84.498107"><ele>1046.3386264964938</ele></trkpt><trkpt lat="34.829194" lon="-84.49841800000002"><ele>1038.7915978636593</ele></trkpt><trkpt lat="34.829102" lon="-84.498854"><ele>1034.0071813867362</ele></trkpt><trkpt lat="34.828292" lon="-84.50031899999999"><ele>1003.2113002669066</ele></trkpt><trkpt lat="34.829221" lon="-84.500722"><ele>992.0</ele></trkpt><trkpt lat="34.829614" lon="-84.50187499999998"><ele>995.0</ele></trkpt><trkpt lat="34.830365" lon="-84.50317999999999"><ele>1010.0</ele></trkpt><trkpt lat="34.831252" lon="-84.50420099999997"><ele>1017.0</ele></trkpt><trkpt lat="34.832026" lon="-84.50430399999999"><ele>1035.0</ele></trkpt><trkpt lat="34.832999" lon="-84.50372600000003"><ele>1047.8047242211178</ele></trkpt><trkpt lat="34.833771" lon="-84.50284699999997"><ele>1068.042170084911</ele></trkpt><trkpt lat="34.834438" lon="-84.50248099999999"><ele>1077.9729559698646</ele></trkpt><trkpt lat="34.835219" lon="-84.50267500000001"><ele>1091.0</ele></trkpt><trkpt lat="34.836382" lon="-84.50367399999999"><ele>1104.1430321773514</ele></trkpt><trkpt lat="34.838436" lon="-84.502861"><ele>1086.0</ele></trkpt><trkpt lat="34.840762" lon="-84.50313599999998"><ele>1089.9295850675553</ele></trkpt><trkpt lat="34.842445" lon="-84.501891"><ele>1112.97936673791</ele></trkpt><trkpt lat="34.842766" lon="-84.50185599999998"><ele>1114.0</ele></trkpt><trkpt lat="34.843427" lon="-84.50221999999997"><ele>1125.0</ele></trkpt><trkpt lat="34.843405" lon="-84.502637"><ele>1122.184670577757</ele></trkpt><trkpt lat="34.842965" lon="-84.50311099999999"><ele>1114.108011905104</ele></trkpt><trkpt lat="34.842943" lon="-84.50348400000001"><ele>1110.7116095991805</ele></trkpt><trkpt lat="34.843545" lon="-84.50390700000003"><ele>1101.9983807988465</ele></trkpt><trkpt lat="34.844656" lon="-84.50386700000001"><ele>1085.0</ele></trkpt><trkpt lat="34.845721" lon="-84.503307"><ele>1074.0156056050696</ele></trkpt><trkpt lat="34.846246" lon="-84.50390600000003"><ele>1074.0</ele></trkpt><trkpt lat="34.847571" lon="-84.503825"><ele>1067.8198577770963</ele></trkpt><trkpt lat="34.847916" lon="-84.50395400000002"><ele>1065.0</ele></trkpt><trkpt lat="34.848681" lon="-84.50345099999998"><ele>1054.0</ele></trkpt><trkpt lat="34.848779" lon="-84.50311199999999"><ele>1056.7537316979053</ele></trkpt><trkpt lat="34.849762" lon="-84.502208"><ele>1077.1631192257055</ele></trkpt><trkpt lat="34.850436" lon="-84.50097800000003"><ele>1076.0</ele></trkpt><trkpt lat="34.850639" lon="-84.50176299999998"><ele>1081.0</ele></trkpt><trkpt lat="34.851154" lon="-84.50242700000001"><ele>1090.0286200894043</ele></trkpt><trkpt lat="34.851644" lon="-84.50414"><ele>1098.0</ele></trkpt><trkpt lat="34.851951" lon="-84.50442900000002"><ele>1095.671417599544</ele></trkpt><trkpt lat="34.853749" lon="-84.50498299999998"><ele>1103.0</ele></trkpt><trkpt lat="34.854778" lon="-84.505739"><ele>1104.0</ele></trkpt><trkpt lat="34.855757" lon="-84.505789"><ele>1116.6726982182176</ele></trkpt><trkpt lat="34.857504" lon="-84.50408199999998"><ele>1137.0</ele></trkpt><trkpt lat="34.857827" lon="-84.504053"><ele>1132.9194375607021</ele></trkpt><trkpt lat="34.858186" lon="-84.50476000000003"><ele>1121.0</ele></trkpt><trkpt lat="34.858532" lon="-84.504933"><ele>1113.0</ele></trkpt><trkpt lat="34.859904" lon="-84.50509599999998"><ele>1089.5249381372705</ele></trkpt><trkpt lat="34.86097" lon="-84.504548"><ele>1080.0</ele></trkpt><trkpt lat="34.862147" lon="-84.50447500000001"><ele>1071.0</ele></trkpt><trkpt lat="34.862388" lon="-84.50480399999998"><ele>1064.0</ele></trkpt><trkpt lat="34.862277" lon="-84.50519600000001"><ele>1058.9384500636043</ele></trkpt><trkpt lat="34.861414" lon="-84.50603899999999"><ele>1035.6399793783203</ele></trkpt><trkpt lat="34.862146" lon="-84.50628499999999"><ele>1026.0699540179237</ele></trkpt><trkpt lat="34.862334" lon="-84.50674200000003"><ele>1016.0669588303656</ele></trkpt><trkpt lat="34.86234" lon="-84.50710300000003"><ele>1014.4170608427376</ele></trkpt><trkpt lat="34.862059" lon="-84.507815"><ele>1004.457178261131</ele></trkpt><trkpt lat="34.862236" lon="-84.508666"><ele>990.2129059555009</ele></trkpt><trkpt lat="34.863579" lon="-84.50930700000004"><ele>959.3401407981291</ele></trkpt><trkpt lat="34.864143" lon="-84.509816"><ele>945.6190215116367</ele></trkpt><trkpt lat="34.864795" lon="-84.51101800000004"><ele>927.5147256497927</ele></trkpt><trkpt lat="34.864904" lon="-84.51180999999997"><ele>918.0</ele></trkpt><trkpt lat="34.865834" lon="-84.51263699999998"><ele>895.8491071993485</ele></trkpt><trkpt lat="34.866919" lon="-84.51310799999999"><ele>886.3023025039583</ele></trkpt><trkpt lat="34.867418" lon="-84.51352500000002"><ele>877.1597210429609</ele></trkpt><trkpt lat="34.867522" lon="-84.51389"><ele>869.49562157318</ele></trkpt><trkpt lat="34.868089" lon="-84.514341"><ele>872.0</ele></trkpt><trkpt lat="34.868199" lon="-84.51467300000002"><ele>869.8521426710229</ele></trkpt><trkpt lat="34.86789" lon="-84.51509299999998"><ele>866.3498839363456</ele></trkpt><trkpt lat="34.86778" lon="-84.515692"><ele>871.7309534152454</ele></trkpt><trkpt lat="34.86791" lon="-84.51619399999998"><ele>872.6991654967292</ele></trkpt><trkpt lat="34.868722" lon="-84.51708400000001"><ele>853.0828610692973</ele></trkpt><trkpt lat="34.867887" lon="-84.51771100000002"><ele>834.0</ele></trkpt><trkpt lat="34.870057" lon="-84.51802399999997"><ele>808.0984967127442</ele></trkpt><trkpt lat="34.870575" lon="-84.51860299999998"><ele>802.8376074265689</ele></trkpt><trkpt lat="34.870602" lon="-84.51896899999997"><ele>801.0</ele></trkpt><trkpt lat="34.871018" lon="-84.51974799999999"><ele>797.3259767927229</ele></trkpt><trkpt lat="34.871692" lon="-84.52012500000001"><ele>798.1847999989986</ele></trkpt><trkpt lat="34.872208" lon="-84.52064899999999"><ele>798.0</ele></trkpt><trkpt lat="34.874921" lon="-84.52108399999997"><ele>796.0</ele></trkpt><trkpt lat="34.875177" lon="-84.52144800000002"><ele>797.5285311993212</ele></trkpt><trkpt lat="34.875977" lon="-84.521885"><ele>802.1628551110625</ele></trkpt><trkpt lat="34.87696" lon="-84.52177499999999"><ele>796.0</ele></trkpt><trkpt lat="34.877247" lon="-84.52218800000003"><ele>795.1993161760721</ele></trkpt><trkpt lat="34.878614" lon="-84.52294799999999"><ele>785.9322907517565</ele></trkpt><trkpt lat="34.879296" lon="-84.523641"><ele>791.184429302255</ele></trkpt><trkpt lat="34.880252" lon="-84.52423499999998"><ele>790.0</ele></trkpt><trkpt lat="34.880122" lon="-84.52507700000001"><ele>787.6950220690796</ele></trkpt><trkpt lat="34.880227" lon="-84.52554800000001"><ele>782.2057448101648</ele></trkpt><trkpt lat="34.880594" lon="-84.52642100000003"><ele>785.0</ele></trkpt><trkpt lat="34.880877" lon="-84.52655400000003"><ele>792.0</ele></trkpt><trkpt lat="34.882281" lon="-84.52659599999998"><ele>788.9459939490212</ele></trkpt><trkpt lat="34.882674" lon="-84.526452"><ele>787.685111807824</ele></trkpt><trkpt lat="34.883137" lon="-84.52589499999999"><ele>788.8352841238215</ele></trkpt><trkpt lat="34.884933" lon="-84.525353"><ele>783.3465447025374</ele></trkpt><trkpt lat="34.885406" lon="-84.525934"><ele>778.0</ele></trkpt><trkpt lat="34.886219" lon="-84.52625799999998"><ele>765.9148139609204</ele></trkpt><trkpt lat="34.886709" lon="-84.52673299999998"><ele>761.2296796450391</ele></trkpt><trkpt lat="34.889019" lon="-84.52718500000003"><ele>764.1559822103605</ele></trkpt><trkpt lat="34.88874" lon="-84.52646199999998"><ele>776.0809223265351</ele></trkpt><trkpt lat="34.888755" lon="-84.52599800000002"><ele>776.0</ele></trkpt><trkpt lat="34.88897" lon="-84.52571"><ele>782.0</ele></trkpt><trkpt lat="34.888791" lon="-84.525417"><ele>784.995384291971</ele></trkpt><trkpt lat="34.888816" lon="-84.52504799999997"><ele>779.6557603850961</ele></trkpt><trkpt lat="34.889048" lon="-84.52473199999997"><ele>783.8035287891332</ele></trkpt><trkpt lat="34.890329" lon="-84.52346"><ele>789.2853490919879</ele></trkpt><trkpt lat="34.89072" lon="-84.52349400000003"><ele>795.0</ele></trkpt><trkpt lat="34.890509" lon="-84.52426500000001"><ele>804.4527641916302</ele></trkpt><trkpt lat="34.890129" lon="-84.524876"><ele>815.0025040826623</ele></trkpt><trkpt lat="34.890342" lon="-84.52515900000003"><ele>821.0</ele></trkpt><trkpt lat="34.890864" lon="-84.52456799999999"><ele>824.6738274573898</ele></trkpt><trkpt lat="34.891555" lon="-84.52427399999999"><ele>830.1985611288673</ele></trkpt><trkpt lat="34.892027" lon="-84.52335399999998"><ele>830.8490711525083</ele></trkpt><trkpt lat="34.892162" lon="-84.52249499999999"><ele>838.5194194428623</ele></trkpt><trkpt lat="34.892724" lon="-84.52205200000003"><ele>849.3800910199061</ele></trkpt><trkpt lat="34.893059" lon="-84.52118899999999"><ele>845.5150573588908</ele></trkpt><trkpt lat="34.894056" lon="-84.52078399999999"><ele>855.0</ele></trkpt><trkpt lat="34.894739" lon="-84.51967200000001"><ele>871.957952570017</ele></trkpt><trkpt lat="34.895348" lon="-84.51934699999998"><ele>880.0</ele></trkpt><trkpt lat="34.89594" lon="-84.51824899999997"><ele>868.0</ele></trkpt><trkpt lat="34.897719" lon="-84.51894800000002"><ele>859.0</ele></trkpt><trkpt lat="34.898394" lon="-84.517471"><ele>855.9196129914159</ele></trkpt><trkpt lat="34.898569" lon="-84.51671299999998"><ele>858.6325621372089</ele></trkpt><trkpt lat="34.899155" lon="-84.51622800000001"><ele>865.0</ele></trkpt><trkpt lat="34.900124" lon="-84.51578599999999"><ele>862.3968561775982</ele></trkpt><trkpt lat="34.900466" lon="-84.51600200000001"><ele>860.3305265773088</ele></trkpt><trkpt lat="34.90097" lon="-84.515965"><ele>858.0548515552655</ele></trkpt><trkpt lat="34.901598" lon="-84.51586399999997"><ele>864.5177068969015</ele></trkpt><trkpt lat="34.902253" lon="-84.51545699999997"><ele>871.2706325324252</ele></trkpt><trkpt lat="34.90327" lon="-84.51554599999997"><ele>892.0</ele></trkpt><trkpt lat="34.903798" lon="-84.515087"><ele>896.0</ele></trkpt><trkpt lat="34.904538" lon="-84.51478199999997"><ele>900.139061465031</ele></trkpt><trkpt lat="34.904724" lon="-84.51506699999999"><ele>892.9046848006546</ele></trkpt><trkpt lat="34.904563" lon="-84.515425"><ele>883.2206755559891</ele></trkpt><trkpt lat="34.904868" lon="-84.51549"><ele>876.1914559993893</ele></trkpt><trkpt lat="34.90515" lon="-84.51525900000001"><ele>869.4773077499121</ele></trkpt><trkpt lat="34.905676" lon="-84.51424099999997"><ele>849.2340620336078</ele></trkpt><trkpt lat="34.906194" lon="-84.51266699999996"><ele>828.752791468054</ele></trkpt><trkpt lat="34.906775" lon="-84.51190600000001"><ele>836.8665492031723</ele></trkpt><trkpt lat="34.906633" lon="-84.511413"><ele>839.9904711097479</ele></trkpt><trkpt lat="34.906681" lon="-84.51088500000003"><ele>842.1049468928254</ele></trkpt><trkpt lat="34.907456" lon="-84.50888099999997"><ele>850.3730923142284</ele></trkpt><trkpt lat="34.907528" lon="-84.50796200000002"><ele>862.6653097141805</ele></trkpt><trkpt lat="34.908172" lon="-84.50838899999997"><ele>854.8779583983123</ele></trkpt><trkpt lat="34.908764" lon="-84.50846999999999"><ele>870.347168000415</ele></trkpt><trkpt lat="34.909258" lon="-84.50780700000001"><ele>859.7617828219567</ele></trkpt><trkpt lat="34.909574" lon="-84.50805200000002"><ele>852.0704238470644</ele></trkpt><trkpt lat="34.909865" lon="-84.508896"><ele>842.0</ele></trkpt><trkpt lat="34.910893" lon="-84.50974400000001"><ele>817.0</ele></trkpt><trkpt lat="34.911989" lon="-84.50982899999997"><ele>804.0</ele></trkpt><trkpt lat="34.913097" lon="-84.50870199999997"><ele>810.464815643616</ele></trkpt><trkpt lat="34.913911" lon="-84.50849700000003"><ele>809.0</ele></trkpt><trkpt lat="34.914353" lon="-84.50876700000003"><ele>812.7656328874298</ele></trkpt><trkpt lat="34.914632" lon="-84.508622"><ele>818.3819837011397</ele></trkpt><trkpt lat="34.914899" lon="-84.50931300000002"><ele>823.0336746346401</ele></trkpt><trkpt lat="34.915848" lon="-84.509886"><ele>827.8185431682873</ele></trkpt><trkpt lat="34.91533" lon="-84.510557"><ele>840.051579343155</ele></trkpt><trkpt lat="34.915396" lon="-84.510986"><ele>840.8025900833309</ele></trkpt><trkpt lat="34.915571" lon="-84.51140800000002"><ele>838.5707126166968</ele></trkpt><trkpt lat="34.915954" lon="-84.51139799999999"><ele>838.5158014297485</ele></trkpt><trkpt lat="34.916297" lon="-84.51204000000001"><ele>839.009871667251</ele></trkpt><trkpt lat="34.916209" lon="-84.512384"><ele>845.0004950811198</ele></trkpt><trkpt lat="34.916386" lon="-84.51378299999999"><ele>844.9318868871778</ele></trkpt><trkpt lat="34.917163" lon="-84.51470799999998"><ele>825.0528694878908</ele></trkpt><trkpt lat="34.917062" lon="-84.51565299999999"><ele>821.1069119349122</ele></trkpt><trkpt lat="34.917317" lon="-84.516863"><ele>809.0</ele></trkpt><trkpt lat="34.917147" lon="-84.51729999999998"><ele>797.6808568518609</ele></trkpt><trkpt lat="34.91735" lon="-84.51764000000003"><ele>795.1483657856124</ele></trkpt><trkpt lat="34.917759" lon="-84.51769999999999"><ele>789.0</ele></trkpt><trkpt lat="34.918327" lon="-84.51733100000001"><ele>783.0</ele></trkpt><trkpt lat="34.918705" lon="-84.517427"><ele>773.131505034864</ele></trkpt><trkpt lat="34.91914" lon="-84.51881200000003"><ele>759.0</ele></trkpt><trkpt lat="34.919415" lon="-84.51918599999999"><ele>760.264590353365</ele></trkpt><trkpt lat="34.919502" lon="-84.520737"><ele>759.8303884165362</ele></trkpt><trkpt lat="34.92016" lon="-84.52171199999998"><ele>753.6632362368567</ele></trkpt><trkpt lat="34.919993" lon="-84.52299900000003"><ele>745.0</ele></trkpt><trkpt lat="34.920041" lon="-84.5238"><ele>744.7355197024345</ele></trkpt><trkpt lat="34.920234" lon="-84.52410199999997"><ele>742.8431665794924</ele></trkpt><trkpt lat="34.920833" lon="-84.52439400000003"><ele>742.2349802656099</ele></trkpt><trkpt lat="34.922209" lon="-84.52450799999997"><ele>758.0778047991917</ele></trkpt><trkpt lat="34.923731" lon="-84.52377999999999"><ele>765.0</ele></trkpt><trkpt lat="34.924379" lon="-84.52406300000001"><ele>758.0</ele></trkpt><trkpt lat="34.924774" lon="-84.52390600000001"><ele>757.0</ele></trkpt><trkpt lat="34.925367" lon="-84.52423299999998"><ele>777.5240312069654</ele></trkpt><trkpt lat="34.9258" lon="-84.52388300000001"><ele>792.1292942212716</ele></trkpt><trkpt lat="34.9262" lon="-84.52415000000002"><ele>812.3937955563888</ele></trkpt><trkpt lat="34.926233" lon="-84.52453300000002"><ele>821.5663933595343</ele></trkpt><trkpt lat="34.92655" lon="-84.52513299999998"><ele>822.7950840890408</ele></trkpt><trkpt lat="34.927767" lon="-84.52473299999997"><ele>838.4364352012053</ele></trkpt><trkpt lat="34.9284" lon="-84.52486699999997"><ele>856.0</ele></trkpt><trkpt lat="34.9289" lon="-84.52530000000002"><ele>854.9957425307152</ele></trkpt><trkpt lat="34.929967" lon="-84.52555000000001"><ele>849.0</ele></trkpt><trkpt lat="34.933383" lon="-84.52561700000001"><ele>882.17913117446</ele></trkpt><trkpt lat="34.933983" lon="-84.52603299999998"><ele>897.3923586747416</ele></trkpt><trkpt lat="34.934567" lon="-84.526817"><ele>919.0</ele></trkpt><trkpt lat="34.935617" lon="-84.52603299999998"><ele>925.0</ele></trkpt><trkpt lat="34.938083" lon="-84.52634999999998"><ele>924.0</ele></trkpt><trkpt lat="34.939733" lon="-84.52549999999997"><ele>903.9491009585508</ele></trkpt><trkpt lat="34.941517" lon="-84.52600000000001"><ele>906.0</ele></trkpt><trkpt lat="34.942217" lon="-84.52723300000002"><ele>920.072009245865</ele></trkpt><trkpt lat="34.941717" lon="-84.52801699999998"><ele>935.9575832504779</ele></trkpt><trkpt lat="34.941683" lon="-84.52840000000003"><ele>943.0246239863336</ele></trkpt><trkpt lat="34.942" lon="-84.52873299999999"><ele>940.9544119525099</ele></trkpt><trkpt lat="34.943383" lon="-84.52695"><ele>952.7116786829586</ele></trkpt><trkpt lat="34.9462" lon="-84.52510000000001"><ele>965.4457411948208</ele></trkpt><trkpt lat="34.950217" lon="-84.52294999999998"><ele>950.1180075438135</ele></trkpt><trkpt lat="34.9512" lon="-84.52313300000003"><ele>943.0018396433443</ele></trkpt><trkpt lat="34.954733" lon="-84.52283299999999"><ele>937.9828529786319</ele></trkpt><trkpt lat="34.955833" lon="-84.52318300000002"><ele>944.0</ele></trkpt><trkpt lat="34.95625" lon="-84.5238"><ele>954.2573667094111</ele></trkpt><trkpt lat="34.956367" lon="-84.52460000000002"><ele>963.0</ele></trkpt><trkpt lat="34.95685" lon="-84.52485000000001"><ele>959.983839998953</ele></trkpt><trkpt lat="34.9581" lon="-84.5249"><ele>965.0112641101327</ele></trkpt><trkpt lat="34.960133" lon="-84.52401700000001"><ele>973.9888346614536</ele></trkpt><trkpt lat="34.9614" lon="-84.52268300000003"><ele>977.8949878141284</ele></trkpt><trkpt lat="34.961567" lon="-84.52215000000001"><ele>990.812959998846</ele></trkpt><trkpt lat="34.962033" lon="-84.52179999999998"><ele>990.1241422230378</ele></trkpt><trkpt lat="34.962467" lon="-84.52171699999997"><ele>998.9922225791961</ele></trkpt><trkpt lat="34.962867" lon="-84.52199999999999"><ele>990.8034666664898</ele></trkpt><trkpt lat="34.96385" lon="-84.521817"><ele>979.1418285701541</ele></trkpt><trkpt lat="34.964367" lon="-84.52196700000002"><ele>988.2825689644826</ele></trkpt><trkpt lat="34.965283" lon="-84.52274999999997"><ele>995.0</ele></trkpt><trkpt lat="34.966167" lon="-84.52269999999999"><ele>1000.3369335375802</ele></trkpt><trkpt lat="34.96805" lon="-84.52523300000001"><ele>1043.0</ele></trkpt><trkpt lat="34.9684" lon="-84.52504999999996"><ele>1043.0</ele></trkpt><trkpt lat="34.969017" lon="-84.523867"><ele>1049.7310471273959</ele></trkpt><trkpt lat="34.968883" lon="-84.52326700000003"><ele>1054.3517139032483</ele></trkpt><trkpt lat="34.969267" lon="-84.52206699999999"><ele>1064.0</ele></trkpt><trkpt lat="34.972667" lon="-84.51961699999998"><ele>1059.8593159122393</ele></trkpt><trkpt lat="34.973083" lon="-84.51946700000002"><ele>1062.8498225761577</ele></trkpt><trkpt lat="34.974217" lon="-84.51959999999997"><ele>1045.0</ele></trkpt><trkpt lat="34.974567" lon="-84.5199"><ele>1041.0</ele></trkpt><trkpt lat="34.97615" lon="-84.52048300000001"><ele>1009.5555142527446</ele></trkpt><trkpt lat="34.977567" lon="-84.52030000000002"><ele>992.4769715348573</ele></trkpt><trkpt lat="34.977933" lon="-84.520083"><ele>994.1421418664977</ele></trkpt><trkpt lat="34.978683" lon="-84.520017"><ele>983.989428660822</ele></trkpt><trkpt lat="34.97965" lon="-84.519117"><ele>969.0023014047706</ele></trkpt><trkpt lat="34.98055" lon="-84.51890000000003"><ele>978.0</ele></trkpt><trkpt lat="34.981717" lon="-84.51823300000001"><ele>982.2088573106254</ele></trkpt><trkpt lat="34.983083" lon="-84.51833299999998"><ele>1000.1960325207763</ele></trkpt><trkpt lat="34.984617" lon="-84.51896699999998"><ele>1001.0</ele></trkpt><trkpt lat="34.985817" lon="-84.51901700000002"><ele>995.0</ele></trkpt><trkpt lat="34.98615" lon="-84.51923299999999"><ele>999.0</ele></trkpt><trkpt lat="34.98725" lon="-84.51916699999998"><ele>1002.0</ele></trkpt><trkpt lat="34.9877" lon="-84.51881700000001"><ele>994.0946732517332</ele></trkpt><trkpt lat="34.989117" lon="-84.51968299999999"><ele>1001.893951573323</ele></trkpt><trkpt lat="34.989917" lon="-84.51965000000001"><ele>1029.0123035749384</ele></trkpt><trkpt lat="34.991633" lon="-84.52086700000001"><ele>1083.778641940224</ele></trkpt><trkpt lat="34.99245" lon="-84.521683"><ele>1115.0</ele></trkpt><trkpt lat="34.99315" lon="-84.52163300000001"><ele>1131.0</ele></trkpt><trkpt lat="34.995133" lon="-84.522267"><ele>1190.9066091951436</ele></trkpt><trkpt lat="34.99675" lon="-84.52199999999999"><ele>1226.7838674941434</ele></trkpt><trkpt lat="34.997567" lon="-84.52244999999999"><ele>1231.0</ele></trkpt><trkpt lat="34.997767" lon="-84.52408300000002"><ele>1229.2998689086282</ele></trkpt><trkpt lat="34.99765" lon="-84.52591699999999"><ele>1230.9825168977802</ele></trkpt><trkpt lat="34.997817" lon="-84.526433"><ele>1238.43298294954</ele></trkpt><trkpt lat="34.998467" lon="-84.52796699999999"><ele>1251.2788885328919</ele></trkpt><trkpt lat="34.998767" lon="-84.52825000000001"><ele>1257.0</ele></trkpt><trkpt lat="34.9995" lon="-84.52851699999997"><ele>1275.9107463099062</ele></trkpt><trkpt lat="34.999633" lon="-84.528933"><ele>1280.0751395203865</ele></trkpt><trkpt lat="34.999983" lon="-84.529267"><ele>1282.7063757485912</ele></trkpt><trkpt lat="35.0022" lon="-84.52758299999999"><ele>1263.0</ele></trkpt><trkpt lat="35.003067" lon="-84.52729999999997"><ele>1255.0</ele></trkpt><trkpt lat="35.00495" lon="-84.52605"><ele>1250.0</ele></trkpt><trkpt lat="35.005933" lon="-84.52578299999999"><ele>1252.0</ele></trkpt><trkpt lat="35.007717" lon="-84.52668299999999"><ele>1244.0</ele></trkpt><trkpt lat="35.00865" lon="-84.52693299999999"><ele>1225.2501072063162</ele></trkpt><trkpt lat="35.009217" lon="-84.52763299999998"><ele>1211.6811961289495</ele></trkpt><trkpt lat="35.00965" lon="-84.527717"><ele>1191.3306641411036</ele></trkpt><trkpt lat="35.009817" lon="-84.52723300000002"><ele>1161.9005423197523</ele></trkpt><trkpt lat="35.0096" lon="-84.52605"><ele>1160.1861089136696</ele></trkpt><trkpt lat="35.010083" lon="-84.52511700000002"><ele>1147.4592618672177</ele></trkpt><trkpt lat="35.011167" lon="-84.52425"><ele>1124.0541333332658</ele></trkpt><trkpt lat="35.0122" lon="-84.52376700000002"><ele>1113.0</ele></trkpt><trkpt lat="35.015017" lon="-84.523167"><ele>1081.8113151746495</ele></trkpt><trkpt lat="35.01555" lon="-84.52269999999999"><ele>1098.181102222763</ele></trkpt><trkpt lat="35.016067" lon="-84.522717"><ele>1094.3888447992504</ele></trkpt><trkpt lat="35.0164" lon="-84.52228300000002"><ele>1064.3422159279417</ele></trkpt><trkpt lat="35.016317" lon="-84.52139999999997"><ele>1072.9700343236327</ele></trkpt><trkpt lat="35.016567" lon="-84.520917"><ele>1070.5395432448981</ele></trkpt><trkpt lat="35.0176" lon="-84.5195"><ele>1063.7259059548378</ele></trkpt><trkpt lat="35.018667" lon="-84.51863300000002"><ele>1048.824521491662</ele></trkpt><trkpt lat="35.018917" lon="-84.51823300000001"><ele>1045.0184036120772</ele></trkpt><trkpt lat="35.019017" lon="-84.51743299999998"><ele>1037.3589070215821</ele></trkpt><trkpt lat="35.020083" lon="-84.51641699999999"><ele>1020.9967042485</ele></trkpt><trkpt lat="35.02055" lon="-84.51626699999997"><ele>1013.0892309737945</ele></trkpt><trkpt lat="35.021417" lon="-84.51558299999999"><ele>994.7527837194502</ele></trkpt><trkpt lat="35.021633" lon="-84.51511700000003"><ele>982.1960758369103</ele></trkpt><trkpt lat="35.021433" lon="-84.514317"><ele>967.7220088966986</ele></trkpt><trkpt lat="35.022867" lon="-84.51159999999999"><ele>926.8867015882407</ele></trkpt><trkpt lat="35.022083" lon="-84.51126699999998"><ele>914.8524888139218</ele></trkpt><trkpt lat="35.0223" lon="-84.51060000000001"><ele>907.5035272426903</ele></trkpt><trkpt lat="35.023183" lon="-84.50900000000001"><ele>887.0</ele></trkpt><trkpt lat="35.023717" lon="-84.50745"><ele>874.0</ele></trkpt><trkpt lat="35.02495" lon="-84.50568299999998"><ele>859.3044080324471</ele></trkpt><trkpt lat="35.025533" lon="-84.50380000000001"><ele>847.0150577789173</ele></trkpt><trkpt lat="35.02655" lon="-84.50303300000002"><ele>828.270267023705</ele></trkpt><trkpt lat="35.027433" lon="-84.50271700000002"><ele>808.3669882854185</ele></trkpt><trkpt lat="35.029133" lon="-84.50093300000003"><ele>772.4031736906618</ele></trkpt><trkpt lat="35.031133" lon="-84.499617"><ele>735.1323896046702</ele></trkpt><trkpt lat="35.035" lon="-84.49810000000002"><ele>688.7191801555455</ele></trkpt><trkpt lat="35.035183" lon="-84.4984"><ele>676.0548885852661</ele></trkpt><trkpt lat="35.0352" lon="-84.49908299999998"><ele>670.0</ele></trkpt><trkpt lat="35.036" lon="-84.50018299999999"><ele>645.5493596447632</ele></trkpt><trkpt lat="35.036083" lon="-84.50056699999999"><ele>634.6536625782028</ele></trkpt><trkpt lat="35.035683" lon="-84.50065000000001"><ele>620.6043998509239</ele></trkpt><trkpt lat="35.035167" lon="-84.501033"><ele>625.214102415368</ele></trkpt><trkpt lat="35.035333" lon="-84.50138300000003"><ele>619.7659220583737</ele></trkpt><trkpt lat="35.036117" lon="-84.50268299999999"><ele>579.0</ele></trkpt><trkpt lat="35.037517" lon="-84.502883"><ele>574.6436116490513</ele></trkpt><trkpt lat="35.03775" lon="-84.50266699999997"><ele>577.8040348384529</ele></trkpt><trkpt lat="35.03855" lon="-84.500317"><ele>563.0345430979505</ele></trkpt><trkpt lat="35.039167" lon="-84.49970000000002"><ele>539.5687049837677</ele></trkpt><trkpt lat="35.0398" lon="-84.49959999999999"><ele>538.6320965544282</ele></trkpt><trkpt lat="35.041267" lon="-84.49799999999999"><ele>530.7154666660354</ele></trkpt><trkpt lat="35.042917" lon="-84.49746700000003"><ele>522.0</ele></trkpt><trkpt lat="35.045" lon="-84.497817"><ele>529.6684482609853</ele></trkpt><trkpt lat="35.04585" lon="-84.49700000000001"><ele>524.8816074911788</ele></trkpt><trkpt lat="35.045967" lon="-84.49655000000001"><ele>517.0</ele></trkpt><trkpt lat="35.0464" lon="-84.49655000000001"><ele>523.1750407647341</ele></trkpt><trkpt lat="35.045983" lon="-84.4939"><ele>510.43757771886885</ele></trkpt><trkpt lat="35.046133" lon="-84.49290000000002"><ele>521.0</ele></trkpt><trkpt lat="35.046483" lon="-84.49256700000001"><ele>508.5674903511832</ele></trkpt><trkpt lat="35.047167" lon="-84.492683"><ele>502.0</ele></trkpt><trkpt lat="35.0486" lon="-84.49228299999999"><ele>496.4106648899615</ele></trkpt><trkpt lat="35.0489" lon="-84.49246700000003"><ele>505.06889112846704</ele></trkpt><trkpt lat="35.049333" lon="-84.49241699999999"><ele>503.4711914677173</ele></trkpt><trkpt lat="35.050133" lon="-84.49206700000002"><ele>517.7823736881837</ele></trkpt><trkpt lat="35.051967" lon="-84.49213299999997"><ele>529.7313844931937</ele></trkpt><trkpt lat="35.05255" lon="-84.49239999999998"><ele>529.2634488902986</ele></trkpt><trkpt lat="35.0528" lon="-84.49175000000002"><ele>549.5556444432586</ele></trkpt><trkpt lat="35.053633" lon="-84.49169999999998"><ele>531.1059999404525</ele></trkpt><trkpt lat="35.05455" lon="-84.491083"><ele>538.9148656100433</ele></trkpt><trkpt lat="35.055283" lon="-84.491333"><ele>555.9985279210006</ele></trkpt><trkpt lat="35.0564" lon="-84.49041699999998"><ele>569.4686067585781</ele></trkpt><trkpt lat="35.057317" lon="-84.48993300000001"><ele>558.5823320697174</ele></trkpt><trkpt lat="35.05844043287988" lon="-84.48841026468921"><ele>577.0</ele></trkpt><trkpt lat="35.05862811300881" lon="-84.48812292521006"><ele>577.0</ele></trkpt><trkpt lat="35.05882584260456" lon="-84.48794231241095"><ele>575.0</ele></trkpt><trkpt lat="35.05900004967441" lon="-84.48783194451926"><ele>573.5178865082562</ele></trkpt><trkpt lat="35.05928913650113" lon="-84.48790369989575"><ele>570.806221248582</ele></trkpt><trkpt lat="35.05929177194303" lon="-84.48810904720972"><ele>563.9306181324258</ele></trkpt><trkpt lat="35.05892" lon="-84.48847599999999"><ele>564.0</ele></trkpt><trkpt lat="35.058842" lon="-84.48897999999997"><ele>560.5161673948169</ele></trkpt><trkpt lat="35.059093" lon="-84.490407"><ele>550.0</ele></trkpt><trkpt lat="35.058669" lon="-84.49108899999999"><ele>545.5942859853915</ele></trkpt><trkpt lat="35.058874" lon="-84.49284399999999"><ele>531.1227557966486</ele></trkpt><trkpt lat="35.05923" lon="-84.49294800000001"><ele>531.1172463182229</ele></trkpt><trkpt lat="35.059678" lon="-84.49282800000003"><ele>530.3910406930554</ele></trkpt><trkpt lat="35.060059" lon="-84.49306999999999"><ele>530.0</ele></trkpt><trkpt lat="35.059176" lon="-84.49527599999999"><ele>510.61640733655463</ele></trkpt><trkpt lat="35.059168" lon="-84.49563"><ele>507.53092266619205</ele></trkpt><trkpt lat="35.059779" lon="-84.49625400000002"><ele>503.0</ele></trkpt><trkpt lat="35.059923" lon="-84.49715800000001"><ele>495.97098133154213</ele></trkpt><trkpt lat="35.060174" lon="-84.49695600000001"><ele>495.3810008550063</ele></trkpt><trkpt lat="35.060909" lon="-84.49519800000002"><ele>483.13280213437974</ele></trkpt><trkpt lat="35.061628" lon="-84.49483800000002"><ele>475.3555861348286</ele></trkpt><trkpt lat="35.062305" lon="-84.49464699999999"><ele>468.45434097759426</ele></trkpt><trkpt lat="35.062693" lon="-84.494752"><ele>462.5181303490565</ele></trkpt><trkpt lat="35.062969" lon="-84.49456900000001"><ele>456.9011533521938</ele></trkpt><trkpt lat="35.063833" lon="-84.49457899999999"><ele>452.38629133074426</ele></trkpt><trkpt lat="35.064091" lon="-84.49483299999997"><ele>447.2059208843857</ele></trkpt><trkpt lat="35.064101" lon="-84.49530400000003"><ele>437.0</ele></trkpt><trkpt lat="35.064824" lon="-84.49415799999997"><ele>430.7122945660877</ele></trkpt><trkpt lat="35.065317" lon="-84.49492399999997"><ele>426.7182835228741</ele></trkpt><trkpt lat="35.065396" lon="-84.495363"><ele>425.2969217777633</ele></trkpt><trkpt lat="35.065065" lon="-84.496036"><ele>429.0209888033569</ele></trkpt><trkpt lat="35.065375" lon="-84.496127"><ele>439.87058644834906</ele></trkpt><trkpt lat="35.06609" lon="-84.495022"><ele>448.0738405787826</ele></trkpt><trkpt lat="35.06597" lon="-84.49470400000001"><ele>449.21059543360025</ele></trkpt><trkpt lat="35.066036" lon="-84.49433699999997"><ele>456.0</ele></trkpt><trkpt lat="35.067006" lon="-84.493808"><ele>465.35410702228546</ele></trkpt><trkpt lat="35.067354" lon="-84.49461400000001"><ele>472.9164295112714</ele></trkpt><trkpt lat="35.067641" lon="-84.49487399999998"><ele>472.0333077320829</ele></trkpt><trkpt lat="35.069981" lon="-84.49314200000003"><ele>452.0</ele></trkpt><trkpt lat="35.070564" lon="-84.49235499999998"><ele>452.5420030737296</ele></trkpt><trkpt lat="35.070954" lon="-84.49215300000003"><ele>450.0</ele></trkpt><trkpt lat="35.072424" lon="-84.492185"><ele>453.9475424491777</ele></trkpt><trkpt lat="35.072701" lon="-84.49197200000003"><ele>453.0</ele></trkpt><trkpt lat="35.073074" lon="-84.49219800000003"><ele>448.3226688010618</ele></trkpt><trkpt lat="35.073752" lon="-84.49199599999997"><ele>442.96030155422943</ele></trkpt><trkpt lat="35.074791" lon="-84.49277799999999"><ele>427.75263494439423</ele></trkpt><trkpt lat="35.075115" lon="-84.49284799999998"><ele>420.0499879196286</ele></trkpt><trkpt lat="35.076009" lon="-84.49116300000003"><ele>403.1727029455426</ele></trkpt><trkpt lat="35.076775" lon="-84.49035600000002"><ele>378.7566777384176</ele></trkpt><trkpt lat="35.076864" lon="-84.48997500000002"><ele>358.72336000110954</ele></trkpt><trkpt lat="35.077323" lon="-84.48938099999998"><ele>342.0</ele></trkpt><trkpt lat="35.076901" lon="-84.487593"><ele>341.0</ele></trkpt><trkpt lat="35.076493" lon="-84.48739999999998"><ele>342.0</ele></trkpt><trkpt lat="35.076501" lon="-84.486854"><ele>342.0</ele></trkpt><trkpt lat="35.075766" lon="-84.48396300000002"><ele>345.0</ele></trkpt><trkpt lat="35.074706" lon="-84.48338799999999"><ele>350.2402713596821</ele></trkpt><trkpt lat="35.07475948964094" lon="-84.48264034906555"><ele>349.0</ele></trkpt><trkpt lat="35.07588781199083" lon="-84.48152654299417"><ele>349.0</ele></trkpt></trkseg></trk><trk><name>BMT 2</name><extensions><gpxx:TrackExtension><gpxx:DisplayColor>Red</gpxx:DisplayColor></gpxx:TrackExtension></extensions><trkseg><trkpt lat="35.075773" lon="-84.481536"><ele>348.0</ele></trkpt><trkpt lat="35.07665" lon="-84.48130500000002"><ele>369.46068195067346</ele></trkpt><trkpt lat="35.078022" lon="-84.47963800000002"><ele>407.57496402971447</ele></trkpt><trkpt lat="35.078822" lon="-84.47811000000002"><ele>445.3404660709446</ele></trkpt><trkpt lat="35.078822" lon="-84.477554"><ele>453.0</ele></trkpt><trkpt lat="35.07825" lon="-84.47685999999999"><ele>445.7242476624091</ele></trkpt><trkpt lat="35.078326" lon="-84.47625800000003"><ele>457.53517297655344</ele></trkpt><trkpt lat="35.077869" lon="-84.47454500000003"><ele>460.4440759474146</ele></trkpt><trkpt lat="35.077412" lon="-84.47459100000003"><ele>473.032683021896</ele></trkpt><trkpt lat="35.076078" lon="-84.47528599999998"><ele>474.1476975746736</ele></trkpt><trkpt lat="35.075697" lon="-84.47519299999999"><ele>459.8322296887636</ele></trkpt><trkpt lat="35.076383" lon="-84.47301700000003"><ele>472.8915438564172</ele></trkpt><trkpt lat="35.076421" lon="-84.47246200000001"><ele>461.57984516583383</ele></trkpt><trkpt lat="35.075811" lon="-84.47149000000002"><ele>467.4941135160553</ele></trkpt><trkpt lat="35.074897" lon="-84.47107299999999"><ele>463.88951883394736</ele></trkpt><trkpt lat="35.074668" lon="-84.47079500000001"><ele>474.05230776496074</ele></trkpt><trkpt lat="35.075049" lon="-84.46968400000003"><ele>489.02747967340656</ele></trkpt><trkpt lat="35.075125" lon="-84.46912800000001"><ele>485.4366899076849</ele></trkpt><trkpt lat="35.075011" lon="-84.46880399999998"><ele>493.0</ele></trkpt><trkpt lat="35.075354" lon="-84.46834100000001"><ele>498.49411484319717</ele></trkpt><trkpt lat="35.07604" lon="-84.466767"><ele>517.0</ele></trkpt><trkpt lat="35.076116" lon="-84.46565599999997"><ele>539.6241841791198</ele></trkpt><trkpt lat="35.075811" lon="-84.46477600000003"><ele>555.0</ele></trkpt><trkpt lat="35.075887" lon="-84.46422100000001"><ele>560.0</ele></trkpt><trkpt lat="35.077259" lon="-84.46380399999998"><ele>559.0663601774722</ele></trkpt><trkpt lat="35.07806" lon="-84.46324800000002"><ele>564.0</ele></trkpt><trkpt lat="35.079012" lon="-84.46366499999999"><ele>564.5884906668216</ele></trkpt><trkpt lat="35.079889" lon="-84.46306300000003"><ele>563.4667427539825</ele></trkpt><trkpt lat="35.081261" lon="-84.46301699999998"><ele>584.5834383286757</ele></trkpt><trkpt lat="35.082175" lon="-84.462693"><ele>585.7377891174813</ele></trkpt><trkpt lat="35.083014" lon="-84.46209099999999"><ele>609.7652259552851</ele></trkpt><trkpt lat="35.083928" lon="-84.46218299999998"><ele>635.9630957818364</ele></trkpt><trkpt lat="35.084881" lon="-84.46255400000001"><ele>645.3532691709502</ele></trkpt><trkpt lat="35.085224" lon="-84.46227599999997"><ele>653.1436010673642</ele></trkpt><trkpt lat="35.084995" lon="-84.461813"><ele>663.0</ele></trkpt><trkpt lat="35.085262" lon="-84.46065599999997"><ele>677.6410730676726</ele></trkpt><trkpt lat="35.0853" lon="-84.459498"><ele>704.6077845329419</ele></trkpt><trkpt lat="35.085567" lon="-84.45834100000002"><ele>718.2724652178586</ele></trkpt><trkpt lat="35.086024" lon="-84.45736799999997"><ele>721.0</ele></trkpt><trkpt lat="35.086863" lon="-84.45598000000001"><ele>721.0</ele></trkpt><trkpt lat="35.087625" lon="-84.455285"><ele>721.0</ele></trkpt><trkpt lat="35.08854" lon="-84.45477599999998"><ele>732.0</ele></trkpt><trkpt lat="35.089264" lon="-84.45394299999998"><ele>751.0</ele></trkpt><trkpt lat="35.089797" lon="-84.45297"><ele>757.319761258673</ele></trkpt><trkpt lat="35.090559" lon="-84.45218299999999"><ele>760.0</ele></trkpt><trkpt lat="35.091398" lon="-84.45074799999998"><ele>780.1435105233317</ele></trkpt><trkpt lat="35.09155" lon="-84.449591"><ele>792.0278089810163</ele></trkpt><trkpt lat="35.092046" lon="-84.44848000000002"><ele>809.0</ele></trkpt><trkpt lat="35.094027" lon="-84.44672000000003"><ele>843.0</ele></trkpt><trkpt lat="35.094942" lon="-84.44644199999999"><ele>847.0</ele></trkpt><trkpt lat="35.095704" lon="-84.44570099999999"><ele>859.2550551115472</ele></trkpt><trkpt lat="35.098334" lon="-84.44421999999997"><ele>850.6520576971757</ele></trkpt><trkpt lat="35.098683" lon="-84.444432"><ele>855.9168702649164</ele></trkpt><trkpt lat="35.098797" lon="-84.44489499999997"><ele>846.1936014089733</ele></trkpt><trkpt lat="35.099178" lon="-84.445265"><ele>829.5338053958272</ele></trkpt><trkpt lat="35.099521" lon="-84.446932"><ele>826.9895209645722</ele></trkpt><trkpt lat="35.100398" lon="-84.44730199999998"><ele>807.9980196394026</ele></trkpt><trkpt lat="35.10055" lon="-84.447811"><ele>794.3397576399148</ele></trkpt><trkpt lat="35.101274" lon="-84.44845900000001"><ele>792.0926906499748</ele></trkpt><trkpt lat="35.10135" lon="-84.44901500000003"><ele>790.2303084451705</ele></trkpt><trkpt lat="35.101122" lon="-84.44933900000001"><ele>780.2427940480411</ele></trkpt><trkpt lat="35.101198" lon="-84.44989499999997"><ele>778.0</ele></trkpt><trkpt lat="35.101503" lon="-84.450311"><ele>773.9456345289946</ele></trkpt><trkpt lat="35.101274" lon="-84.45082100000002"><ele>765.0</ele></trkpt><trkpt lat="35.10135" lon="-84.45137599999998"><ele>753.890110399574</ele></trkpt><trkpt lat="35.101808" lon="-84.45142199999998"><ele>757.3352560633928</ele></trkpt><trkpt lat="35.101579" lon="-84.451978"><ele>751.2748221904039</ele></trkpt><trkpt lat="35.101541" lon="-84.45253400000001"><ele>746.1102278530598</ele></trkpt><trkpt lat="35.103408" lon="-84.45230200000003"><ele>753.9656910207123</ele></trkpt><trkpt lat="35.103751" lon="-84.452765"><ele>757.9999054584349</ele></trkpt><trkpt lat="35.105123" lon="-84.45234800000003"><ele>722.6657745223492</ele></trkpt><trkpt lat="35.105542" lon="-84.45207099999999"><ele>724.9933395878353</ele></trkpt><trkpt lat="35.105542" lon="-84.45151499999997"><ele>714.332684205845</ele></trkpt><trkpt lat="35.105771" lon="-84.451191"><ele>706.7420437335968</ele></trkpt><trkpt lat="35.1076" lon="-84.45160799999996"><ele>676.818916702634</ele></trkpt><trkpt lat="35.107753" lon="-84.45207099999999"><ele>674.7148708375593</ele></trkpt><trkpt lat="35.108248" lon="-84.452024"><ele>687.0</ele></trkpt><trkpt lat="35.108477" lon="-84.45244100000002"><ele>691.6206579453868</ele></trkpt><trkpt lat="35.1084" lon="-84.45299699999998"><ele>699.8358534593135</ele></trkpt><trkpt lat="35.10882" lon="-84.452765"><ele>711.9077282723841</ele></trkpt><trkpt lat="35.108667" lon="-84.45332100000002"><ele>719.0462781023234</ele></trkpt><trkpt lat="35.109087" lon="-84.45369099999999"><ele>729.9792225904051</ele></trkpt><trkpt lat="35.110001" lon="-84.453598"><ele>732.0239461002432</ele></trkpt><trkpt lat="35.110039" lon="-84.45415400000002"><ele>735.1358400241911</ele></trkpt><trkpt lat="35.110497" lon="-84.45406200000002"><ele>739.9437461327761</ele></trkpt><trkpt lat="35.110687" lon="-84.454432"><ele>739.0</ele></trkpt><trkpt lat="35.110497" lon="-84.45494100000002"><ele>739.3133043504382</ele></trkpt><trkpt lat="35.110382" lon="-84.456052"><ele>742.0</ele></trkpt><trkpt lat="35.109772" lon="-84.45660800000002"><ele>751.414299005593</ele></trkpt><trkpt lat="35.109734" lon="-84.45716299999998"><ele>760.0</ele></trkpt><trkpt lat="35.109887" lon="-84.457673"><ele>755.734532393737</ele></trkpt><trkpt lat="35.109772" lon="-84.459339"><ele>747.0</ele></trkpt><trkpt lat="35.110039" lon="-84.45984900000002"><ele>744.2069989349693</ele></trkpt><trkpt lat="35.110077" lon="-84.46040399999998"><ele>743.0</ele></trkpt><trkpt lat="35.10962" lon="-84.46132999999998"><ele>728.5964918585403</ele></trkpt><trkpt lat="35.109658" lon="-84.46188599999999"><ele>727.0</ele></trkpt><trkpt lat="35.110039" lon="-84.46225600000002"><ele>725.0</ele></trkpt><trkpt lat="35.110154" lon="-84.46281199999999"><ele>710.0396633411599</ele></trkpt><trkpt lat="35.110458" lon="-84.46295099999998"><ele>699.6334441160261</ele></trkpt><trkpt lat="35.110535" lon="-84.46406200000001"><ele>678.5363233350217</ele></trkpt><trkpt lat="35.11103" lon="-84.46355199999999"><ele>664.6776910228655</ele></trkpt><trkpt lat="35.111487" lon="-84.46373800000003"><ele>653.0094627542421</ele></trkpt><trkpt lat="35.112402" lon="-84.463506"><ele>635.8214464001358</ele></trkpt><trkpt lat="35.113463" lon="-84.46389699999997"><ele>625.0</ele></trkpt><trkpt lat="35.113691" lon="-84.464406"><ele>617.7377885635942</ele></trkpt><trkpt lat="35.11392" lon="-84.46389699999997"><ele>612.8149260839417</ele></trkpt><trkpt lat="35.113844" lon="-84.46334100000001"><ele>612.0108039951627</ele></trkpt><trkpt lat="35.114225" lon="-84.463619"><ele>594.3149141911417</ele></trkpt><trkpt lat="35.114682" lon="-84.463572"><ele>579.2543765334412</ele></trkpt><trkpt lat="35.115102" lon="-84.46384999999998"><ele>579.3503227233887</ele></trkpt><trkpt lat="35.114873" lon="-84.46436"><ele>568.0309600285947</ele></trkpt><trkpt lat="35.115673" lon="-84.46579500000001"><ele>543.818925647065</ele></trkpt><trkpt lat="35.116054" lon="-84.46611899999999"><ele>541.9947463029768</ele></trkpt><trkpt lat="35.117883" lon="-84.46565599999997"><ele>518.340927468138</ele></trkpt><trkpt lat="35.118493" lon="-84.46635000000003"><ele>497.0</ele></trkpt><trkpt lat="35.119332" lon="-84.46621199999998"><ele>475.3504983596504</ele></trkpt><trkpt lat="35.119637" lon="-84.46727599999997"><ele>462.15032691944043</ele></trkpt><trkpt lat="35.11998" lon="-84.467693"><ele>437.12337468378246</ele></trkpt><trkpt lat="35.119637" lon="-84.46811000000002"><ele>436.9799758683991</ele></trkpt><trkpt lat="35.119827" lon="-84.46861899999999"><ele>434.3140507582575</ele></trkpt><trkpt lat="35.121237" lon="-84.46727599999997"><ele>442.18897028826177</ele></trkpt><trkpt lat="35.121732" lon="-84.46625799999998"><ele>452.1692104371572</ele></trkpt><trkpt lat="35.122114" lon="-84.46588700000001"><ele>443.0</ele></trkpt><trkpt lat="35.122533" lon="-84.46616499999999"><ele>450.09693511016667</ele></trkpt><trkpt lat="35.121847" lon="-84.46662800000001"><ele>466.6192262386903</ele></trkpt><trkpt lat="35.121542" lon="-84.467647"><ele>466.7300571957603</ele></trkpt><trkpt lat="35.122266" lon="-84.469221"><ele>493.8184320218861</ele></trkpt><trkpt lat="35.122152" lon="-84.46973000000003"><ele>501.48411285327705</ele></trkpt><trkpt lat="35.121694" lon="-84.470054"><ele>500.0767494217556</ele></trkpt><trkpt lat="35.12078" lon="-84.47028599999999"><ele>505.0225171216221</ele></trkpt><trkpt lat="35.120475" lon="-84.47139700000002"><ele>500.78972894230645</ele></trkpt><trkpt lat="35.12078" lon="-84.47185999999999"><ele>504.5031715547666</ele></trkpt><trkpt lat="35.120513" lon="-84.47232300000002"><ele>505.86243527441803</ele></trkpt><trkpt lat="35.121161" lon="-84.47380399999997"><ele>503.22725413145616</ele></trkpt><trkpt lat="35.121161" lon="-84.47435999999999"><ele>499.988384000957</ele></trkpt><trkpt lat="35.121618" lon="-84.47459100000003"><ele>500.0</ele></trkpt><trkpt lat="35.122533" lon="-84.47468400000002"><ele>497.86093806923634</ele></trkpt><trkpt lat="35.122838" lon="-84.474221"><ele>496.1910090800073</ele></trkpt><trkpt lat="35.123562" lon="-84.47371199999998"><ele>488.0</ele></trkpt><trkpt lat="35.1236" lon="-84.47315600000002"><ele>484.8270193915814</ele></trkpt><trkpt lat="35.123371" lon="-84.47209099999998"><ele>481.7789799813181</ele></trkpt><trkpt lat="35.123562" lon="-84.47167400000001"><ele>473.8907588655518</ele></trkpt><trkpt lat="35.124743" lon="-84.47218399999997"><ele>469.351142317988</ele></trkpt><trkpt lat="35.125658" lon="-84.47204499999998"><ele>486.2148817786947</ele></trkpt><trkpt lat="35.125239" lon="-84.47098"><ele>484.3250612300977</ele></trkpt><trkpt lat="35.125467" lon="-84.47070200000002"><ele>501.09592738171284</ele></trkpt><trkpt lat="35.126115" lon="-84.47158200000001"><ele>507.1299534216523</ele></trkpt><trkpt lat="35.126572" lon="-84.47162800000001"><ele>512.8300323765725</ele></trkpt><trkpt lat="35.126915" lon="-84.47121199999998"><ele>514.8012184759601</ele></trkpt><trkpt lat="35.127373" lon="-84.47116499999998"><ele>517.0</ele></trkpt><trkpt lat="35.127716" lon="-84.47158200000001"><ele>518.0</ele></trkpt><trkpt lat="35.127906" lon="-84.47111899999999"><ele>514.1825735345483</ele></trkpt><trkpt lat="35.127373" lon="-84.46949899999998"><ele>515.0</ele></trkpt><trkpt lat="35.127449" lon="-84.46880399999998"><ele>506.21354944585613</ele></trkpt><trkpt lat="35.127906" lon="-84.46866499999999"><ele>509.0</ele></trkpt><trkpt lat="35.128668" lon="-84.46945199999999"><ele>506.7177621331066</ele></trkpt><trkpt lat="35.130002" lon="-84.46898899999997"><ele>513.1129774651009</ele></trkpt><trkpt lat="35.130002" lon="-84.46787799999998"><ele>508.38281089253724</ele></trkpt><trkpt lat="35.131298" lon="-84.468387"><ele>502.3503594659269</ele></trkpt><trkpt lat="35.131031" lon="-84.46732299999996"><ele>506.8106857435778</ele></trkpt><trkpt lat="35.131298" lon="-84.46695199999999"><ele>496.2262065783143</ele></trkpt><trkpt lat="35.132213" lon="-84.466813"><ele>485.7040760880336</ele></trkpt><trkpt lat="35.132594" lon="-84.46722999999997"><ele>494.58967702649534</ele></trkpt><trkpt lat="35.133051" lon="-84.46736900000002"><ele>500.79259804356843</ele></trkpt><trkpt lat="35.133318" lon="-84.466906"><ele>501.15674410037263</ele></trkpt><trkpt lat="35.133394" lon="-84.46635000000003"><ele>501.7446769848488</ele></trkpt><trkpt lat="35.13469" lon="-84.46579500000001"><ele>480.14631466567516</ele></trkpt><trkpt lat="35.135185" lon="-84.46505400000001"><ele>468.0</ele></trkpt><trkpt lat="35.135642" lon="-84.46477600000003"><ele>459.99567297383754</ele></trkpt><trkpt lat="35.136557" lon="-84.46473000000003"><ele>458.9340275786817</ele></trkpt><trkpt lat="35.136557" lon="-84.465285"><ele>455.29689701138625</ele></trkpt><trkpt lat="35.1369" lon="-84.46565599999997"><ele>461.4380924421538</ele></trkpt><trkpt lat="35.137738" lon="-84.465285"><ele>470.91403733287007</ele></trkpt><trkpt lat="35.1385" lon="-84.46454499999999"><ele>476.59946310985833</ele></trkpt><trkpt lat="35.140025" lon="-84.465193"><ele>493.20154808834195</ele></trkpt><trkpt lat="35.14033" lon="-84.46630399999998"><ele>483.5251415534469</ele></trkpt><trkpt lat="35.140291" lon="-84.46741500000002"><ele>487.0</ele></trkpt><trkpt lat="35.140673" lon="-84.46848"><ele>475.27846704237163</ele></trkpt><trkpt lat="35.140635" lon="-84.469221"><ele>475.0</ele></trkpt><trkpt lat="35.142197" lon="-84.46982300000002"><ele>453.24633187542975</ele></trkpt><trkpt lat="35.142769" lon="-84.46954499999998"><ele>447.0</ele></trkpt><trkpt lat="35.143988" lon="-84.46973000000003"><ele>430.8456852663671</ele></trkpt><trkpt lat="35.145589" lon="-84.470888"><ele>427.0</ele></trkpt><trkpt lat="35.148523" lon="-84.47111899999999"><ele>445.0264149669268</ele></trkpt><trkpt lat="35.149171" lon="-84.47135000000003"><ele>433.0134785878284</ele></trkpt><trkpt lat="35.149743" lon="-84.471813"><ele>435.0</ele></trkpt><trkpt lat="35.150657" lon="-84.471721"><ele>419.97469795588404</ele></trkpt><trkpt lat="35.151572" lon="-84.47199899999998"><ele>424.01708437450463</ele></trkpt><trkpt lat="35.15302" lon="-84.47311000000002"><ele>411.0</ele></trkpt><trkpt lat="35.153935" lon="-84.473387"><ele>415.0</ele></trkpt><trkpt lat="35.154201" lon="-84.47324900000001"><ele>417.0</ele></trkpt><trkpt lat="35.15443" lon="-84.47273899999999"><ele>412.89578025568335</ele></trkpt><trkpt lat="35.155345" lon="-84.47241500000001"><ele>415.0</ele></trkpt><trkpt lat="35.155573" lon="-84.47190599999999"><ele>403.6469269329682</ele></trkpt><trkpt lat="35.156297" lon="-84.47111899999999"><ele>379.7987217323803</ele></trkpt><trkpt lat="35.156488" lon="-84.47056299999997"><ele>362.8947945132305</ele></trkpt><trkpt lat="35.156145" lon="-84.470147"><ele>355.8159894954638</ele></trkpt><trkpt lat="35.15664" lon="-84.470193"><ele>347.18265215576366</ele></trkpt><trkpt lat="35.157021" lon="-84.47056299999997"><ele>340.50637818686664</ele></trkpt><trkpt lat="35.156869" lon="-84.470008"><ele>333.033056883062</ele></trkpt><trkpt lat="35.157326" lon="-84.470147"><ele>320.79237700253725</ele></trkpt><trkpt lat="35.157555" lon="-84.46986900000002"><ele>306.06730829924345</ele></trkpt><trkpt lat="35.157631" lon="-84.47042399999998"><ele>312.0</ele></trkpt><trkpt lat="35.157822" lon="-84.46991500000001"><ele>300.85960177890956</ele></trkpt><trkpt lat="35.157822" lon="-84.46936"><ele>297.0</ele></trkpt><trkpt lat="35.158241" lon="-84.46917400000001"><ele>291.0</ele></trkpt><trkpt lat="35.158431" lon="-84.46949899999998"><ele>293.4571951984051</ele></trkpt><trkpt lat="35.158927" lon="-84.46954499999998"><ele>296.61635199934244</ele></trkpt><trkpt lat="35.160299" lon="-84.46917400000001"><ele>305.00233856774867</ele></trkpt><trkpt lat="35.161061" lon="-84.46848"><ele>314.5443324336543</ele></trkpt><trkpt lat="35.161518" lon="-84.46834100000001"><ele>318.42386898427935</ele></trkpt><trkpt lat="35.162471" lon="-84.46861899999999"><ele>308.836071530357</ele></trkpt><trkpt lat="35.162357" lon="-84.46806300000003"><ele>304.33470944687724</ele></trkpt><trkpt lat="35.161976" lon="-84.467693"><ele>306.9627281156142</ele></trkpt><trkpt lat="35.161518" lon="-84.46750800000001"><ele>295.6852714670822</ele></trkpt><trkpt lat="35.161061" lon="-84.467647"><ele>284.7866788133979</ele></trkpt><trkpt lat="35.161289" lon="-84.46713699999998"><ele>285.0</ele></trkpt><trkpt lat="35.161709" lon="-84.46699799999999"><ele>285.0</ele></trkpt><trkpt lat="35.162166" lon="-84.46722999999997"><ele>285.95229026675224</ele></trkpt><trkpt lat="35.162509" lon="-84.467647"><ele>284.6698568686843</ele></trkpt><trkpt lat="35.162852" lon="-84.46815600000002"><ele>284.1033465568502</ele></trkpt><trkpt lat="35.162966" lon="-84.46875799999998"><ele>282.61819599196315</ele></trkpt><trkpt lat="35.163424" lon="-84.46977600000002"><ele>281.0</ele></trkpt><trkpt lat="35.163843" lon="-84.470147"><ele>281.0</ele></trkpt><trkpt lat="35.164757" lon="-84.4701"><ele>282.0</ele></trkpt><trkpt lat="35.16571" lon="-84.46977600000002"><ele>291.19059145543724</ele></trkpt><trkpt lat="35.166434" lon="-84.46903600000002"><ele>281.05209519147536</ele></trkpt><trkpt lat="35.166587" lon="-84.46848"><ele>278.0</ele></trkpt><trkpt lat="35.166587" lon="-84.46792399999998"><ele>278.0</ele></trkpt><trkpt lat="35.166206" lon="-84.466813"><ele>277.27080979558525</ele></trkpt><trkpt lat="35.165977" lon="-84.465147"><ele>277.0</ele></trkpt><trkpt lat="35.166396" lon="-84.465193"><ele>276.81529172607077</ele></trkpt><trkpt lat="35.166739" lon="-84.46560999999997"><ele>276.0</ele></trkpt><trkpt lat="35.168111" lon="-84.46861899999999"><ele>273.0</ele></trkpt><trkpt lat="35.168264" lon="-84.47084100000001"><ele>269.590662503615</ele></trkpt><trkpt lat="35.168759" lon="-84.472554"><ele>281.64460035437503</ele></trkpt><trkpt lat="35.169369" lon="-84.47352599999999"><ele>264.1443989323452</ele></trkpt><trkpt lat="35.169826" lon="-84.47366499999998"><ele>265.32614396326244</ele></trkpt><trkpt lat="35.170588" lon="-84.47292400000003"><ele>273.9996900191846</ele></trkpt><trkpt lat="35.171007" lon="-84.47311000000002"><ele>258.3376254227869</ele></trkpt><trkpt lat="35.171922" lon="-84.47454500000003"><ele>244.0</ele></trkpt><trkpt lat="35.17257" lon="-84.47898900000001"><ele>244.10040958411992</ele></trkpt><trkpt lat="35.173942" lon="-84.48218400000002"><ele>240.0</ele></trkpt><trkpt lat="35.174628" lon="-84.484962"><ele>244.07715649545045</ele></trkpt><trkpt lat="35.174894" lon="-84.48547100000002"><ele>244.4938407222536</ele></trkpt><trkpt lat="35.175657" lon="-84.48625800000002"><ele>247.54787451920407</ele></trkpt><trkpt lat="35.176114" lon="-84.48639700000001"><ele>241.97647431120276</ele></trkpt><trkpt lat="35.1768" lon="-84.487277"><ele>238.9303486868739</ele></trkpt><trkpt lat="35.177524" lon="-84.49000799999999"><ele>234.17003835260482</ele></trkpt><trkpt lat="35.177943" lon="-84.49033199999997"><ele>239.2079671080304</ele></trkpt><trkpt lat="35.179239" lon="-84.490656"><ele>240.06120823685896</ele></trkpt><trkpt lat="35.178362" lon="-84.49107300000003"><ele>255.0091799999473</ele></trkpt><trkpt lat="35.17882" lon="-84.49130500000001"><ele>272.705852445215</ele></trkpt><trkpt lat="35.180611" lon="-84.490703"><ele>306.6506190225482</ele></trkpt><trkpt lat="35.180992" lon="-84.49172099999998"><ele>314.08555360138416</ele></trkpt><trkpt lat="35.18103" lon="-84.49283300000002"><ele>296.97876301283816</ele></trkpt><trkpt lat="35.181411" lon="-84.49324899999999"><ele>282.02358197420835</ele></trkpt><trkpt lat="35.183202" lon="-84.49417499999998"><ele>247.0</ele></trkpt><trkpt lat="35.18366" lon="-84.49431400000003"><ele>232.0</ele></trkpt><trkpt lat="35.185946" lon="-84.49361899999997"><ele>231.43558129668236</ele></trkpt><trkpt lat="35.186632" lon="-84.49519399999997"><ele>231.0</ele></trkpt><trkpt lat="35.18705028168249" lon="-84.49567211442263"><ele>230.0</ele></trkpt><trkpt lat="35.18711628223839" lon="-84.49595083297243"><ele>230.0</ele></trkpt><trkpt lat="35.18683922345687" lon="-84.49958779346952"><ele>233.0</ele></trkpt><trkpt lat="35.18706763279172" lon="-84.5000017824616"><ele>232.0</ele></trkpt><trkpt lat="35.18724111934426" lon="-84.50000603814766"><ele>230.0</ele></trkpt><trkpt lat="35.18710256554137" lon="-84.50004133044206"><ele>232.41172460772486</ele></trkpt><trkpt lat="35.18721242926546" lon="-84.50097807527953"><ele>237.16552764642984</ele></trkpt><trkpt lat="35.18774529140519" lon="-84.50215615816103"><ele>232.40647554956377</ele></trkpt><trkpt lat="35.18796416138247" lon="-84.50250238117076"><ele>234.0</ele></trkpt><trkpt lat="35.18820139408757" lon="-84.50271208105573"><ele>234.0</ele></trkpt><trkpt lat="35.18857297685081" lon="-84.50320560741949"><ele>233.0</ele></trkpt><trkpt lat="35.19120500865662" lon="-84.50026470107389"><ele>238.7418136326596</ele></trkpt><trkpt lat="35.19109101577537" lon="-84.50017415610102"><ele>238.0</ele></trkpt><trkpt lat="35.19085706539349" lon="-84.50013770574833"><ele>240.0</ele></trkpt><trkpt lat="35.19062887313706" lon="-84.50000557042603"><ele>241.0</ele></trkpt><trkpt lat="35.19037425056852" lon="-84.49962153438372"><ele>240.0</ele></trkpt><trkpt lat="35.19009943036536" lon="-84.49904826049453"><ele>237.4077859800309</ele></trkpt><trkpt lat="35.18994867026143" lon="-84.49826680925048"><ele>234.14967896137387</ele></trkpt><trkpt lat="35.18993404751446" lon="-84.49756686313413"><ele>233.97683635912836</ele></trkpt><trkpt lat="35.1900523970297" lon="-84.49707103108506"><ele>238.4514203555882</ele></trkpt><trkpt lat="35.19009642255915" lon="-84.49674045754574"><ele>234.0</ele></trkpt><trkpt lat="35.18991241756611" lon="-84.49601513758398"><ele>238.68843204867196</ele></trkpt><trkpt lat="35.18965192583375" lon="-84.49539433336412"><ele>233.0</ele></trkpt><trkpt lat="35.18938279097019" lon="-84.49439197307902"><ele>232.0</ele></trkpt><trkpt lat="35.18924872032385" lon="-84.49340717488894"><ele>232.0</ele></trkpt><trkpt lat="35.18932499974198" lon="-84.49260168497449"><ele>231.0</ele></trkpt><trkpt lat="35.1894763498597" lon="-84.49200319706415"><ele>233.0</ele></trkpt><trkpt lat="35.18964145161546" lon="-84.4908865062747"><ele>233.29161542281508</ele></trkpt><trkpt lat="35.18985609983898" lon="-84.49037140619237"><ele>233.0</ele></trkpt><trkpt lat="35.1903756346105" lon="-84.48997696238587"><ele>233.0</ele></trkpt><trkpt lat="35.19276749455811" lon="-84.48897660169746"><ele>244.0</ele></trkpt><trkpt lat="35.1937669006134" lon="-84.48821891384995"><ele>246.4861370632716</ele></trkpt><trkpt lat="35.1945814714196" lon="-84.4868278324218"><ele>244.058005659841</ele></trkpt><trkpt lat="35.1955678223611" lon="-84.48643929636489"><ele>246.0</ele></trkpt><trkpt lat="35.19627639613964" lon="-84.48477995385599"><ele>243.40868036449714</ele></trkpt><trkpt lat="35.19714436896641" lon="-84.48459858500502"><ele>242.0</ele></trkpt><trkpt lat="35.19700673379609" lon="-84.48472779528333"><ele>241.44119773331724</ele></trkpt><trkpt lat="35.19646707675169" lon="-84.48465065635031"><ele>242.0</ele></trkpt><trkpt lat="35.19624795213677" lon="-84.48486968366501"><ele>247.8389614438638</ele></trkpt><trkpt lat="35.19561741574674" lon="-84.48636553502854"><ele>246.0</ele></trkpt><trkpt lat="35.19450572283455" lon="-84.48689614682394"><ele>244.92188721336424</ele></trkpt><trkpt lat="35.19372538950799" lon="-84.4882793983017"><ele>246.0</ele></trkpt><trkpt lat="35.19240514092443" lon="-84.48917112369077"><ele>242.23214255248084</ele></trkpt><trkpt lat="35.1904298534231" lon="-84.49002696128366"><ele>234.5400661136955</ele></trkpt><trkpt lat="35.18996915669668" lon="-84.49034272808598"><ele>235.83966519590467</ele></trkpt><trkpt lat="35.18953882272277" lon="-84.49099148700378"><ele>231.93179797014267</ele></trkpt><trkpt lat="35.18927811252608" lon="-84.49097400123031"><ele>231.0</ele></trkpt><trkpt lat="35.18922515664884" lon="-84.49061402977276"><ele>231.0</ele></trkpt><trkpt lat="35.18938307370663" lon="-84.49015475640203"><ele>231.0</ele></trkpt><trkpt lat="35.189109" lon="-84.48968400000001"><ele>238.767048696056</ele></trkpt><trkpt lat="35.188652" lon="-84.48954500000002"><ele>232.91026159829372</ele></trkpt><trkpt lat="35.187471" lon="-84.48847999999998"><ele>235.49705132438203</ele></trkpt><trkpt lat="35.186098" lon="-84.48797100000002"><ele>232.0</ele></trkpt><trkpt lat="35.185756" lon="-84.48755499999999"><ele>232.0</ele></trkpt><trkpt lat="35.185794" lon="-84.48588799999999"><ele>245.79413574188948</ele></trkpt><trkpt lat="35.184384" lon="-84.47986900000001"><ele>235.62275701536873</ele></trkpt><trkpt lat="35.184536" lon="-84.47935999999999"><ele>243.78370618392177</ele></trkpt><trkpt lat="35.183964" lon="-84.47847999999999"><ele>252.07846377138048</ele></trkpt><trkpt lat="35.183774" lon="-84.47792500000003"><ele>237.60506702264496</ele></trkpt><trkpt lat="35.183774" lon="-84.47736900000001"><ele>247.75304357211002</ele></trkpt><trkpt lat="35.183317" lon="-84.47635100000002"><ele>254.96724143065512</ele></trkpt><trkpt lat="35.183088" lon="-84.47519299999999"><ele>264.43035714142025</ele></trkpt><trkpt lat="35.182745" lon="-84.47232300000002"><ele>247.08055365085602</ele></trkpt><trkpt lat="35.182859" lon="-84.4701"><ele>244.80066900611146</ele></trkpt><trkpt lat="35.183202" lon="-84.46968400000003"><ele>243.09422151278704</ele></trkpt><trkpt lat="35.184079" lon="-84.46986900000002"><ele>242.71584640070796</ele></trkpt><trkpt lat="35.187432" lon="-84.473434"><ele>243.71350812552402</ele></trkpt><trkpt lat="35.188766" lon="-84.474221"><ele>251.16422047745436</ele></trkpt><trkpt lat="35.191053" lon="-84.47454500000003"><ele>243.6332408906892</ele></trkpt><trkpt lat="35.19217086998845" lon="-84.47393275852949"><ele>241.0470199690867</ele></trkpt><trkpt lat="35.1931541881405" lon="-84.47417625852665"><ele>246.44864270370454</ele></trkpt><trkpt lat="35.19412605251885" lon="-84.47435512766589"><ele>252.77772832668006</ele></trkpt><trkpt lat="35.19503951111218" lon="-84.47441034216752"><ele>248.4022754620831</ele></trkpt><trkpt lat="35.19588495105684" lon="-84.47421358471632"><ele>255.6514886508955</ele></trkpt><trkpt lat="35.19672127786504" lon="-84.47361394115296"><ele>254.24275370687246</ele></trkpt><trkpt lat="35.19811405391071" lon="-84.47270221347281"><ele>245.3497253524906</ele></trkpt><trkpt lat="35.19868661641397" lon="-84.47219218750644"><ele>245.98609308203066</ele></trkpt><trkpt lat="35.19946971787385" lon="-84.47061705949551"><ele>247.45043278450348</ele></trkpt><trkpt lat="35.20007790523348" lon="-84.4693105315963"><ele>243.32080927547236</ele></trkpt><trkpt lat="35.20040474359355" lon="-84.46864479766572"><ele>245.07015908569002</ele></trkpt><trkpt lat="35.20066229524251" lon="-84.46806283916158"><ele>246.0</ele></trkpt><trkpt lat="35.20071120416882" lon="-84.46733624999001"><ele>246.0</ele></trkpt><trkpt lat="35.20063789842999" lon="-84.46689196998648"><ele>246.59695662930608</ele></trkpt><trkpt lat="35.2005634152117" lon="-84.46679744951234"><ele>247.0</ele></trkpt><trkpt lat="35.2007621967266" lon="-84.46645335779442"><ele>247.0</ele></trkpt><trkpt lat="35.20067291796403" lon="-84.46617016089488"><ele>247.0</ele></trkpt><trkpt lat="35.20050806234047" lon="-84.46589582116906"><ele>246.44789755658013</ele></trkpt><trkpt lat="35.20016020597679" lon="-84.46558984111391"><ele>246.0</ele></trkpt><trkpt lat="35.20003333784305" lon="-84.46552364991607"><ele>247.0</ele></trkpt><trkpt lat="35.19948829036418" lon="-84.46485396681373"><ele>248.0</ele></trkpt><trkpt lat="35.19924209539975" lon="-84.46451180334145"><ele>247.0</ele></trkpt><trkpt lat="35.19849094052474" lon="-84.46389575732621"><ele>248.0</ele></trkpt><trkpt lat="35.19802834391172" lon="-84.46344933624732"><ele>249.0</ele></trkpt><trkpt lat="35.19775602944687" lon="-84.46304197813663"><ele>250.44643259607255</ele></trkpt><trkpt lat="35.19785212661855" lon="-84.4626005233086"><ele>268.0</ele></trkpt><trkpt lat="35.19789584557192" lon="-84.46213581861355"><ele>272.0197971649468</ele></trkpt><trkpt lat="35.19813634868721" lon="-84.46162212163864"><ele>271.837126399903</ele></trkpt><trkpt lat="35.19839665730514" lon="-84.46133827027643"><ele>264.891474397853</ele></trkpt><trkpt lat="35.19801068362032" lon="-84.4602924798113"><ele>279.31812381306185</ele></trkpt><trkpt lat="35.19807884312448" lon="-84.4598632172229"><ele>292.231911667903</ele></trkpt><trkpt lat="35.19820229497475" lon="-84.45963596319456"><ele>298.40709921203086</ele></trkpt><trkpt lat="35.19824685486664" lon="-84.45867299261329"><ele>270.9262401238084</ele></trkpt><trkpt lat="35.19788423512389" lon="-84.45804878842364"><ele>294.14593910612166</ele></trkpt><trkpt lat="35.1977600346193" lon="-84.45766524409555"><ele>303.28924071118234</ele></trkpt><trkpt lat="35.19777586157051" lon="-84.45763607143272"><ele>304.55700127687305</ele></trkpt><trkpt lat="35.19757413980405" lon="-84.4572587100244"><ele>317.6390584874898</ele></trkpt><trkpt lat="35.19711607846983" lon="-84.45662534664581"><ele>297.59627377450033</ele></trkpt><trkpt lat="35.19661559268506" lon="-84.45545917195568"><ele>310.83774211537093</ele></trkpt><trkpt lat="35.19635981440426" lon="-84.45517362430564"><ele>303.4781101531079</ele></trkpt><trkpt lat="35.19598137940565" lon="-84.45428436851"><ele>304.41877072956413</ele></trkpt><trkpt lat="35.19559840703082" lon="-84.4538376908697"><ele>287.3925371039659</ele></trkpt><trkpt lat="35.19554710910327" lon="-84.45304993876425"><ele>309.0721518546343</ele></trkpt><trkpt lat="35.19567069129182" lon="-84.45152681352073"><ele>263.0</ele></trkpt><trkpt lat="35.19576653477719" lon="-84.45108962494709"><ele>263.3125241160411</ele></trkpt><trkpt lat="35.19598047199973" lon="-84.45032403129602"><ele>259.0</ele></trkpt><trkpt lat="35.1960963136009" lon="-84.44940754403797"><ele>255.8722691389249</ele></trkpt><trkpt lat="35.19610175172802" lon="-84.44914498105288"><ele>255.7028835900128</ele></trkpt><trkpt lat="35.1961619748672" lon="-84.44865510850286"><ele>253.0</ele></trkpt><trkpt lat="35.19639302610841" lon="-84.44852809390926"><ele>253.0</ele></trkpt><trkpt lat="35.19634733279673" lon="-84.44840966845777"><ele>255.0</ele></trkpt><trkpt lat="35.19648046241796" lon="-84.44770360846519"><ele>253.0</ele></trkpt><trkpt lat="35.19629767089254" lon="-84.44736723798195"><ele>257.12398458085954</ele></trkpt><trkpt lat="35.19614793255813" lon="-84.44570616522117"><ele>256.0</ele></trkpt><trkpt lat="35.19599059009472" lon="-84.44542879993725"><ele>265.63657400384545</ele></trkpt><trkpt lat="35.19597452081285" lon="-84.44524414618826"><ele>266.5529913697392</ele></trkpt><trkpt lat="35.19589475960559" lon="-84.44503870227584"><ele>271.1017019469291</ele></trkpt><trkpt lat="35.19564522652178" lon="-84.44451994588962"><ele>283.66464502736926</ele></trkpt><trkpt lat="35.19537002748786" lon="-84.44410314769999"><ele>289.96669358946383</ele></trkpt><trkpt lat="35.19518141284355" lon="-84.44397563454993"><ele>296.56659768457155</ele></trkpt><trkpt lat="35.19511974927094" lon="-84.44404062297508"><ele>300.32585271354765</ele></trkpt><trkpt lat="35.19519831672464" lon="-84.44420213234764"><ele>304.37214592285454</ele></trkpt><trkpt lat="35.19526477976427" lon="-84.44421392009912"><ele>301.1311998376623</ele></trkpt><trkpt lat="35.19538551455113" lon="-84.44473272275064"><ele>309.1835975454802</ele></trkpt><trkpt lat="35.19518633203776" lon="-84.44539097739442"><ele>326.0214508428464</ele></trkpt><trkpt lat="35.19502318121357" lon="-84.44570076955267"><ele>329.8067499361932</ele></trkpt><trkpt lat="35.19488899528874" lon="-84.44582898713855"><ele>330.0</ele></trkpt><trkpt lat="35.19505826529826" lon="-84.44551566533147"><ele>330.8509386390489</ele></trkpt><trkpt lat="35.19503756607953" lon="-84.44513018934623"><ele>333.0</ele></trkpt><trkpt lat="35.19432038546855" lon="-84.44454800788793"><ele>351.73248614722365</ele></trkpt><trkpt lat="35.19392722465261" lon="-84.44445194417085"><ele>355.80480840429664</ele></trkpt><trkpt lat="35.193708808831" lon="-84.44419350415325"><ele>368.8489861777052</ele></trkpt><trkpt lat="35.19359768017191" lon="-84.44384194898043"><ele>370.8998212721199</ele></trkpt><trkpt lat="35.19318944142794" lon="-84.44361121999196"><ele>383.98539492022246</ele></trkpt><trkpt lat="35.19289904778943" lon="-84.44332517940802"><ele>391.3746087970212</ele></trkpt><trkpt lat="35.19297173734402" lon="-84.44263968068486"><ele>403.2040239647031</ele></trkpt><trkpt lat="35.1931699228402" lon="-84.44208122035752"><ele>415.50596778839827</ele></trkpt><trkpt lat="35.19316520694822" lon="-84.44096965941804"><ele>406.2888985071331</ele></trkpt><trkpt lat="35.1930741071578" lon="-84.44052582219547"><ele>416.17336517131463</ele></trkpt><trkpt lat="35.19284087955543" lon="-84.44044356878987"><ele>421.70976820256766</ele></trkpt><trkpt lat="35.19248615447188" lon="-84.44052536172342"><ele>433.2840553903952</ele></trkpt><trkpt lat="35.19214274859021" lon="-84.44043895946129"><ele>443.8110040287167</ele></trkpt><trkpt lat="35.19180299867611" lon="-84.44012841324559"><ele>452.98251857565447</ele></trkpt><trkpt lat="35.19153069673324" lon="-84.44030533816453"><ele>454.9735119380057</ele></trkpt><trkpt lat="35.19138410644233" lon="-84.440623888956"><ele>456.46978162388046</ele></trkpt><trkpt lat="35.19131716179903" lon="-84.44058604195396"><ele>457.0</ele></trkpt><trkpt lat="35.19136774166878" lon="-84.44001501858833"><ele>456.73381902091205</ele></trkpt><trkpt lat="35.19135147929807" lon="-84.43975508086339"><ele>452.80644273757935</ele></trkpt><trkpt lat="35.19119418808754" lon="-84.4394035457936"><ele>444.9014003291081</ele></trkpt><trkpt lat="35.19147380481592" lon="-84.43900508809952"><ele>450.35330040194094</ele></trkpt><trkpt lat="35.19180078979608" lon="-84.4383291690591"><ele>445.28203541226685</ele></trkpt><trkpt lat="35.19251467248448" lon="-84.43794194157374"><ele>439.8070812281221</ele></trkpt><trkpt lat="35.19273298997297" lon="-84.43745771056717"><ele>435.5889907181263</ele></trkpt><trkpt lat="35.19252591550421" lon="-84.4372625415852"><ele>426.7105062007904</ele></trkpt><trkpt lat="35.1923273685054" lon="-84.43672892286042"><ele>428.0</ele></trkpt><trkpt lat="35.192520971946" lon="-84.43636868674639"><ele>426.74316757541357</ele></trkpt><trkpt lat="35.19267900014455" lon="-84.43617479363354"><ele>423.0</ele></trkpt><trkpt lat="35.1930926481205" lon="-84.43519971904891"><ele>415.00101681346894</ele></trkpt><trkpt lat="35.19340965808347" lon="-84.4348568219977"><ele>413.0300881359726</ele></trkpt><trkpt lat="35.19393756586402" lon="-84.4346513314639"><ele>407.4535351600498</ele></trkpt><trkpt lat="35.19424380535025" lon="-84.43468406089619"><ele>412.72568823210895</ele></trkpt><trkpt lat="35.19438431691358" lon="-84.43521689330493"><ele>407.42943233717233</ele></trkpt><trkpt lat="35.19435505647302" lon="-84.43582103493839"><ele>408.9087243359536</ele></trkpt><trkpt lat="35.19416544195372" lon="-84.43628533743578"><ele>391.39626724179834</ele></trkpt><trkpt lat="35.19449868504867" lon="-84.43617128853725"><ele>386.51064092712824</ele></trkpt><trkpt lat="35.19472993036545" lon="-84.43590037965697"><ele>381.6884452624727</ele></trkpt><trkpt lat="35.19485929148665" lon="-84.43559351428632"><ele>378.0</ele></trkpt><trkpt lat="35.19496648915494" lon="-84.43550986100854"><ele>372.5545565235508</ele></trkpt><trkpt lat="35.19505318428266" lon="-84.43538176166123"><ele>373.60167093761265</ele></trkpt><trkpt lat="35.19513227236612" lon="-84.43530592986127"><ele>372.585444342345</ele></trkpt><trkpt lat="35.19520727715312" lon="-84.43530685438003"><ele>368.3049111859873</ele></trkpt><trkpt lat="35.19524320272185" lon="-84.43510436123017"><ele>371.692990668118</ele></trkpt><trkpt lat="35.19535403987086" lon="-84.43496274469078"><ele>368.03148778033</ele></trkpt><trkpt lat="35.19568414189894" lon="-84.43439735382071"><ele>356.8869793917984</ele></trkpt><trkpt lat="35.19582844569657" lon="-84.43391225099066"><ele>352.1176301287674</ele></trkpt><trkpt lat="35.1959945459913" lon="-84.43322336441338"><ele>373.27260757796466</ele></trkpt><trkpt lat="35.19563145572089" lon="-84.43282400436783"><ele>357.4707675166428</ele></trkpt><trkpt lat="35.1953961172398" lon="-84.43263990366779"><ele>346.076505119151</ele></trkpt><trkpt lat="35.1950497921458" lon="-84.43254797745345"><ele>338.31422385509745</ele></trkpt><trkpt lat="35.19486768540443" lon="-84.43234968221054"><ele>335.86333488021046</ele></trkpt><trkpt lat="35.19457426406403" lon="-84.43218127947398"><ele>330.5425941091463</ele></trkpt><trkpt lat="35.19419425315019" lon="-84.43208483319972"><ele>322.0</ele></trkpt><trkpt lat="35.19388187189174" lon="-84.4321429287495"><ele>324.2135756202042</ele></trkpt><trkpt lat="35.19359296130157" lon="-84.4322477208417"><ele>319.06787735503167</ele></trkpt><trkpt lat="35.19320768489354" lon="-84.43253650374947"><ele>315.8264570937137</ele></trkpt><trkpt lat="35.19293913331774" lon="-84.43259679011317"><ele>320.94798062909007</ele></trkpt><trkpt lat="35.19272764785016" lon="-84.43245192046027"><ele>305.9203134904186</ele></trkpt><trkpt lat="35.19255157894872" lon="-84.4324085247224"><ele>296.8791056859156</ele></trkpt><trkpt lat="35.19230893716131" lon="-84.43258400052446"><ele>294.51558330189437</ele></trkpt><trkpt lat="35.19125354805117" lon="-84.4330512696032"><ele>284.08162180318715</ele></trkpt><trkpt lat="35.19057433054135" lon="-84.43351773039325"><ele>280.0</ele></trkpt><trkpt lat="35.19032757785778" lon="-84.4334103834052"><ele>277.0390819385648</ele></trkpt><trkpt lat="35.19030946089809" lon="-84.43299083568417"><ele>262.0</ele></trkpt><trkpt lat="35.19042507272658" lon="-84.43270911796992"><ele>261.97758306749165</ele></trkpt><trkpt lat="35.19059511525323" lon="-84.4326830812467"><ele>269.6221920084208</ele></trkpt><trkpt lat="35.19065167954355" lon="-84.43230619623154"><ele>261.1460661076227</ele></trkpt><trkpt lat="35.19058041554071" lon="-84.4316928066678"><ele>264.0</ele></trkpt><trkpt lat="35.19046759852471" lon="-84.43150164237824"><ele>265.5973723884672</ele></trkpt><trkpt lat="35.19045317794671" lon="-84.43039089522534"><ele>261.0</ele></trkpt><trkpt lat="35.19038478013409" lon="-84.42996341054936"><ele>262.0</ele></trkpt><trkpt lat="35.190138" lon="-84.42963600000002"><ele>262.7163549045262</ele></trkpt><trkpt lat="35.18808" lon="-84.42625599999997"><ele>283.79726862348616</ele></trkpt><trkpt lat="35.18789" lon="-84.42514499999999"><ele>270.8334073536098</ele></trkpt><trkpt lat="35.187966" lon="-84.424034"><ele>278.50097768753767</ele></trkpt><trkpt lat="35.187508" lon="-84.42292299999997"><ele>283.7138571477116</ele></trkpt><trkpt lat="35.18747" lon="-84.42236700000001"><ele>299.44104067796235</ele></trkpt><trkpt lat="35.18667" lon="-84.42084"><ele>295.92882185466857</ele></trkpt><trkpt lat="35.186594" lon="-84.42023799999998"><ele>306.6469003886899</ele></trkpt><trkpt lat="35.186899" lon="-84.41982100000001"><ele>322.21679237950593</ele></trkpt><trkpt lat="35.186784" lon="-84.41945099999998"><ele>306.8665088005364</ele></trkpt><trkpt lat="35.186022" lon="-84.41880200000003"><ele>327.8144248288534</ele></trkpt><trkpt lat="35.185832" lon="-84.41773799999999"><ele>356.84377223864726</ele></trkpt><trkpt lat="35.185946" lon="-84.41718200000003"><ele>354.56441870331764</ele></trkpt><trkpt lat="35.185489" lon="-84.41718200000003"><ele>347.6763185765594</ele></trkpt><trkpt lat="35.185031" lon="-84.41695099999998"><ele>342.8311913581565</ele></trkpt><trkpt lat="35.18446" lon="-84.41602499999999"><ele>356.42678204830736</ele></trkpt><trkpt lat="35.183736" lon="-84.415145"><ele>355.39260088838637</ele></trkpt><trkpt lat="35.183012" lon="-84.41463599999997"><ele>331.67148159909993</ele></trkpt><trkpt lat="35.18244" lon="-84.41370999999998"><ele>330.833991731517</ele></trkpt><trkpt lat="35.182059" lon="-84.41370999999998"><ele>328.8496463857591</ele></trkpt><trkpt lat="35.181868" lon="-84.41148699999997"><ele>280.0313180051712</ele></trkpt><trkpt lat="35.182173" lon="-84.41042299999998"><ele>283.28415741995246</ele></trkpt><trkpt lat="35.182211" lon="-84.409311"><ele>281.0</ele></trkpt><trkpt lat="35.182097" lon="-84.40898700000002"><ele>280.0</ele></trkpt><trkpt lat="35.182287" lon="-84.408478"><ele>280.9252580329776</ele></trkpt><trkpt lat="35.182364" lon="-84.40736700000002"><ele>278.3762993641155</ele></trkpt><trkpt lat="35.18305" lon="-84.40588500000001"><ele>281.43136442638934</ele></trkpt><trkpt lat="35.183164" lon="-84.405284"><ele>278.0111609901354</ele></trkpt><trkpt lat="35.182935" lon="-84.40486699999997"><ele>283.0</ele></trkpt><trkpt lat="35.182935" lon="-84.402645"><ele>280.0</ele></trkpt><trkpt lat="35.183202" lon="-84.40042199999999"><ele>298.9457753589377</ele></trkpt><trkpt lat="35.183012" lon="-84.39986699999997"><ele>299.5944001925736</ele></trkpt><trkpt lat="35.18305" lon="-84.399404"><ele>306.84226766538706</ele></trkpt><trkpt lat="35.182631" lon="-84.39917200000002"><ele>290.0863411426544</ele></trkpt><trkpt lat="35.18164" lon="-84.39607000000001"><ele>328.08075126371295</ele></trkpt><trkpt lat="35.180001" lon="-84.39468099999999"><ele>333.16088626533747</ele></trkpt><trkpt lat="35.179277" lon="-84.39319999999998"><ele>351.6181720206514</ele></trkpt><trkpt lat="35.179048" lon="-84.392135"><ele>320.29155512619764</ele></trkpt><trkpt lat="35.179163" lon="-84.39157899999998"><ele>309.1098742932554</ele></trkpt><trkpt lat="35.179658" lon="-84.39060699999999"><ele>297.15732409902364</ele></trkpt><trkpt lat="35.179429" lon="-84.39032900000001"><ele>305.00393650083174</ele></trkpt><trkpt lat="35.1776" lon="-84.39079200000003"><ele>317.8570367069915</ele></trkpt><trkpt lat="35.1768" lon="-84.391348"><ele>325.58424045187854</ele></trkpt><trkpt lat="35.176457" lon="-84.39245900000003"><ele>332.486686386168</ele></trkpt><trkpt lat="35.176203" lon="-84.39267699999999"><ele>343.67034961184703</ele></trkpt><trkpt lat="35.176228" lon="-84.39176500000002"><ele>344.5432041026652</ele></trkpt><trkpt lat="35.176" lon="-84.39065299999999"><ele>369.55999756697565</ele></trkpt><trkpt lat="35.176228" lon="-84.389542"><ele>381.4567958973348</ele></trkpt><trkpt lat="35.176686" lon="-84.38843099999997"><ele>411.13990117795765</ele></trkpt><trkpt lat="35.176914" lon="-84.38731999999999"><ele>411.65361422207206</ele></trkpt><trkpt lat="35.177486" lon="-84.386302"><ele>424.39394990354776</ele></trkpt><trkpt lat="35.178286" lon="-84.385607"><ele>434.7957292981446</ele></trkpt><trkpt lat="35.179163" lon="-84.38528300000002"><ele>434.9228673763573</ele></trkpt><trkpt lat="35.179201" lon="-84.384727"><ele>431.22261863481253</ele></trkpt><trkpt lat="35.17901" lon="-84.38417200000004"><ele>442.9239784255624</ele></trkpt><trkpt lat="35.179391" lon="-84.38394"><ele>439.8658026671037</ele></trkpt><trkpt lat="35.180344" lon="-84.383801"><ele>442.2060386966914</ele></trkpt><trkpt lat="35.180687" lon="-84.38273700000002"><ele>453.234759776853</ele></trkpt><trkpt lat="35.180496" lon="-84.38167199999998"><ele>455.19559688679874</ele></trkpt><trkpt lat="35.18164" lon="-84.37986599999999"><ele>455.69419544097036</ele></trkpt><trkpt lat="35.181945" lon="-84.37875500000001"><ele>464.7895231212435</ele></trkpt><trkpt lat="35.183278" lon="-84.37806"><ele>488.3860251201834</ele></trkpt><trkpt lat="35.183469" lon="-84.37694899999997"><ele>507.1065297600936</ele></trkpt><trkpt lat="35.184193" lon="-84.37616200000002"><ele>506.65312497876585</ele></trkpt><trkpt lat="35.186518" lon="-84.37537500000002"><ele>546.0237333318219</ele></trkpt><trkpt lat="35.186975" lon="-84.37537500000002"><ele>551.2642626510933</ele></trkpt><trkpt lat="35.187394" lon="-84.375607"><ele>549.2117496887222</ele></trkpt><trkpt lat="35.188233" lon="-84.37500499999999"><ele>554.266983111389</ele></trkpt><trkpt lat="35.18888" lon="-84.37412499999999"><ele>569.3716225053765</ele></trkpt><trkpt lat="35.189795" lon="-84.37199499999997"><ele>593.5431502228603</ele></trkpt><trkpt lat="35.189986" lon="-84.37144"><ele>606.4438852975526</ele></trkpt><trkpt lat="35.190024" lon="-84.36968100000001"><ele>609.8936295881867</ele></trkpt><trkpt lat="35.189681" lon="-84.367412"><ele>639.0</ele></trkpt><trkpt lat="35.18869" lon="-84.36630100000002"><ele>643.0</ele></trkpt><trkpt lat="35.188385" lon="-84.36514299999999"><ele>643.643403545022</ele></trkpt><trkpt lat="35.188347" lon="-84.36347699999999"><ele>629.7668594479201</ele></trkpt><trkpt lat="35.188576" lon="-84.36180999999999"><ele>617.3727017457738</ele></trkpt><trkpt lat="35.188423" lon="-84.36069900000001"><ele>613.189691176638</ele></trkpt><trkpt lat="35.188766" lon="-84.35894000000002"><ele>619.6304739881307</ele></trkpt><trkpt lat="35.188614" lon="-84.35662500000001"><ele>628.0</ele></trkpt><trkpt lat="35.189871" lon="-84.35412500000001"><ele>612.2497266097838</ele></trkpt><trkpt lat="35.190633" lon="-84.353384"><ele>606.1213859552518</ele></trkpt><trkpt lat="35.191053" lon="-84.35245800000001"><ele>603.0</ele></trkpt><trkpt lat="35.192272" lon="-84.35153200000002"><ele>586.1316010122929</ele></trkpt><trkpt lat="35.192844" lon="-84.35065199999997"><ele>569.0</ele></trkpt><trkpt lat="35.193454" lon="-84.34843000000001"><ele>561.0</ele></trkpt><trkpt lat="35.193949" lon="-84.34750400000001"><ele>561.8473233085647</ele></trkpt><trkpt lat="35.19311" lon="-84.34676300000001"><ele>558.0887391660362</ele></trkpt><trkpt lat="35.19292" lon="-84.34565199999997"><ele>549.8388286278692</ele></trkpt><trkpt lat="35.193149" lon="-84.34514300000001"><ele>540.0</ele></trkpt><trkpt lat="35.193784" lon="-84.34455500000001"><ele>553.6532942713288</ele></trkpt><trkpt lat="35.194317" lon="-84.34358299999997"><ele>565.0</ele></trkpt><trkpt lat="35.195842" lon="-84.34205500000002"><ele>587.9755836088417</ele></trkpt><trkpt lat="35.197328" lon="-84.33853699999997"><ele>632.0</ele></trkpt><trkpt lat="35.197404" lon="-84.337425"><ele>643.0</ele></trkpt><trkpt lat="35.199386" lon="-84.334833"><ele>650.5821248004213</ele></trkpt><trkpt lat="35.199805" lon="-84.33450900000003"><ele>643.434889201825</ele></trkpt><trkpt lat="35.200376" lon="-84.33358299999998"><ele>647.3279025768861</ele></trkpt><trkpt lat="35.201139" lon="-84.33279600000003"><ele>630.639431131292</ele></trkpt><trkpt lat="35.201177" lon="-84.33224000000001"><ele>625.0</ele></trkpt><trkpt lat="35.200872" lon="-84.330018"><ele>628.0</ele></trkpt><trkpt lat="35.201329" lon="-84.32895300000001"><ele>628.4536091879377</ele></trkpt><trkpt lat="35.202129" lon="-84.32844399999999"><ele>623.1668558223173</ele></trkpt><trkpt lat="35.202396" lon="-84.32798100000002"><ele>627.0713195614517</ele></trkpt><trkpt lat="35.202853" lon="-84.32779600000003"><ele>625.2626504022628</ele></trkpt><trkpt lat="35.204835" lon="-84.32474000000002"><ele>637.7857671100646</ele></trkpt><trkpt lat="35.206017" lon="-84.32381399999997"><ele>633.7441594721749</ele></trkpt><trkpt lat="35.206321" lon="-84.323351"><ele>621.4646306801587</ele></trkpt><trkpt lat="35.206398" lon="-84.32279499999999"><ele>626.0312667243567</ele></trkpt><trkpt lat="35.206741" lon="-84.32237900000001"><ele>624.5092797446996</ele></trkpt><trkpt lat="35.207046" lon="-84.32126700000003"><ele>616.473756249994</ele></trkpt><trkpt lat="35.20735" lon="-84.32080400000001"><ele>618.2261992003769</ele></trkpt><trkpt lat="35.207389" lon="-84.31969300000003"><ele>623.4576328601688</ele></trkpt><trkpt lat="35.208151" lon="-84.31895299999996"><ele>621.5204856870696</ele></trkpt><trkpt lat="35.208989" lon="-84.31872099999998"><ele>623.7109907809645</ele></trkpt><trkpt lat="35.209713" lon="-84.31719299999997"><ele>625.5054278457537</ele></trkpt><trkpt lat="35.210437" lon="-84.31640600000003"><ele>632.8216824904084</ele></trkpt><trkpt lat="35.210895" lon="-84.31631400000003"><ele>634.0</ele></trkpt><trkpt lat="35.211771" lon="-84.316823"><ele>649.2935601487959</ele></trkpt><trkpt lat="35.212609" lon="-84.31645300000002"><ele>646.7961419701023</ele></trkpt><trkpt lat="35.212991" lon="-84.316082"><ele>642.2895120600582</ele></trkpt><trkpt lat="35.214439" lon="-84.31242500000002"><ele>623.0</ele></trkpt><trkpt lat="35.214782" lon="-84.31200799999999"><ele>631.1251465858909</ele></trkpt><trkpt lat="35.215696" lon="-84.31200799999999"><ele>627.7174870371819</ele></trkpt><trkpt lat="35.216573" lon="-84.31242500000002"><ele>607.7063644435257</ele></trkpt><trkpt lat="35.21703" lon="-84.31228599999997"><ele>615.1842339569703</ele></trkpt><trkpt lat="35.217754" lon="-84.31149900000003"><ele>609.3215278871357</ele></trkpt><trkpt lat="35.218288" lon="-84.31061899999997"><ele>613.872064711526</ele></trkpt><trkpt lat="35.218707" lon="-84.31043399999999"><ele>607.9578621145338</ele></trkpt><trkpt lat="35.218745" lon="-84.30987800000003"><ele>598.2803406589719</ele></trkpt><trkpt lat="35.219164" lon="-84.30964699999998"><ele>607.1514765291163</ele></trkpt><trkpt lat="35.220117" lon="-84.30848900000001"><ele>606.5235656183213</ele></trkpt><trkpt lat="35.220003" lon="-84.30737799999997"><ele>608.9976834234765</ele></trkpt><trkpt lat="35.220536" lon="-84.30635999999998"><ele>612.6441493332386</ele></trkpt><trkpt lat="35.221565" lon="-84.30506300000002"><ele>621.0</ele></trkpt><trkpt lat="35.221756" lon="-84.30339700000002"><ele>618.0</ele></trkpt><trkpt lat="35.222403" lon="-84.30256300000002"><ele>618.0</ele></trkpt><trkpt lat="35.22267" lon="-84.30154500000003"><ele>617.3370720673845</ele></trkpt><trkpt lat="35.223051" lon="-84.301174"><ele>624.9939656480801</ele></trkpt><trkpt lat="35.222289" lon="-84.29946100000001"><ele>614.8725539557636</ele></trkpt><trkpt lat="35.221832" lon="-84.299554"><ele>616.3707037169002</ele></trkpt><trkpt lat="35.222022" lon="-84.29858200000001"><ele>613.1505224164575</ele></trkpt><trkpt lat="35.223166" lon="-84.29751699999997"><ele>613.5867520719767</ele></trkpt><trkpt lat="35.22408" lon="-84.297887"><ele>612.0</ele></trkpt><trkpt lat="35.224499" lon="-84.29770200000002"><ele>604.0822619046869</ele></trkpt><trkpt lat="35.22408" lon="-84.29548"><ele>632.4006008887663</ele></trkpt><trkpt lat="35.224309" lon="-84.29506300000003"><ele>646.9369737849197</ele></trkpt><trkpt lat="35.22469" lon="-84.29478499999999"><ele>641.3635289280351</ele></trkpt><trkpt lat="35.224728" lon="-84.29422999999997"><ele>642.4741385524216</ele></trkpt><trkpt lat="35.224385" lon="-84.293813"><ele>661.955573681742</ele></trkpt><trkpt lat="35.22469" lon="-84.29274800000002"><ele>670.0</ele></trkpt><trkpt lat="35.224652" lon="-84.292192"><ele>670.812292618677</ele></trkpt><trkpt lat="35.224347" lon="-84.29173000000003"><ele>671.0</ele></trkpt><trkpt lat="35.224576" lon="-84.291313"><ele>659.4914831509112</ele></trkpt><trkpt lat="35.22550826936107" lon="-84.29155514014337"><ele>655.0</ele></trkpt><trkpt lat="35.22574926025329" lon="-84.2914372974978"><ele>650.0</ele></trkpt><trkpt lat="35.22590654243244" lon="-84.29144411206903"><ele>648.5133891953155</ele></trkpt><trkpt lat="35.22602282855755" lon="-84.29140983845008"><ele>646.9161227829754</ele></trkpt><trkpt lat="35.22611179388061" lon="-84.29135389909004"><ele>645.309159655124</ele></trkpt><trkpt lat="35.22636847528393" lon="-84.29150258112315"><ele>646.0</ele></trkpt><trkpt lat="35.22658417749755" lon="-84.29140948359543"><ele>641.581637956202</ele></trkpt><trkpt lat="35.22680414554883" lon="-84.29118970187284"><ele>636.0</ele></trkpt><trkpt lat="35.22695824837678" lon="-84.29097639563469"><ele>628.7845015207713</ele></trkpt><trkpt lat="35.22704519596471" lon="-84.29079779972915"><ele>625.2801636252552</ele></trkpt><trkpt lat="35.2271902668721" lon="-84.29059052376573"><ele>623.2694373811826</ele></trkpt><trkpt lat="35.22742120006923" lon="-84.29041470413642"><ele>620.0</ele></trkpt><trkpt lat="35.22711386551723" lon="-84.29069442517448"><ele>624.0</ele></trkpt><trkpt lat="35.22687114098959" lon="-84.2910991511622"><ele>633.0</ele></trkpt><trkpt lat="35.22660831466008" lon="-84.29137458560717"><ele>641.0</ele></trkpt><trkpt lat="35.22648545730438" lon="-84.29145316134668"><ele>644.0</ele></trkpt><trkpt lat="35.22632194847074" lon="-84.2914795276202"><ele>647.0</ele></trkpt><trkpt lat="35.22616052489342" lon="-84.29139062117099"><ele>646.0205326667055</ele></trkpt><trkpt lat="35.22601601922416" lon="-84.2911969093023"><ele>640.9929052693769</ele></trkpt><trkpt lat="35.22583744888825" lon="-84.29106483077976"><ele>638.1531037597861</ele></trkpt><trkpt lat="35.22572786605875" lon="-84.29091456918837"><ele>637.90663685557</ele></trkpt><trkpt lat="35.22558353091776" lon="-84.29048467627194"><ele>632.0</ele></trkpt><trkpt lat="35.22551100058183" lon="-84.29031062349986"><ele>628.6889931997284</ele></trkpt><trkpt lat="35.22546208708643" lon="-84.2901128032932"><ele>628.0</ele></trkpt><trkpt lat="35.22519480306116" lon="-84.28977169370063"><ele>625.8456631936133</ele></trkpt><trkpt lat="35.22501301143019" lon="-84.28947345726402"><ele>633.2168032862246</ele></trkpt><trkpt lat="35.22478566823151" lon="-84.28905831210301"><ele>637.1866094712168</ele></trkpt><trkpt lat="35.22471506149359" lon="-84.28885776351626"><ele>638.9849300871718</ele></trkpt><trkpt lat="35.22447405720747" lon="-84.28846743814904"><ele>643.0</ele></trkpt><trkpt lat="35.2243972011621" lon="-84.28829345914266"><ele>643.2376938931442</ele></trkpt><trkpt lat="35.22437704394415" lon="-84.28792734125875"><ele>639.0</ele></trkpt><trkpt lat="35.22469" lon="-84.28746999999998"><ele>642.3380762171</ele></trkpt><trkpt lat="35.225109" lon="-84.28756299999998"><ele>649.0932306836207</ele></trkpt><trkpt lat="35.225224" lon="-84.288118"><ele>641.8200126960874</ele></trkpt><trkpt lat="35.225566" lon="-84.28858100000002"><ele>636.9173041768372</ele></trkpt><trkpt lat="35.225986" lon="-84.28839600000003"><ele>645.8653315752101</ele></trkpt><trkpt lat="35.22629" lon="-84.287285"><ele>639.7292453721166</ele></trkpt><trkpt lat="35.227472" lon="-84.28626600000001"><ele>650.9863899170949</ele></trkpt><trkpt lat="35.22751" lon="-84.28571099999999"><ele>654.5101569765326</ele></trkpt><trkpt lat="35.227129" lon="-84.28529400000002"><ele>662.4476600413878</ele></trkpt><trkpt lat="35.226977" lon="-84.28367400000002"><ele>658.0683095882036</ele></trkpt><trkpt lat="35.227281" lon="-84.28325699999999"><ele>664.0058179603221</ele></trkpt><trkpt lat="35.2277" lon="-84.28353500000003"><ele>667.0779484426603</ele></trkpt><trkpt lat="35.227967" lon="-84.283211"><ele>671.1774428449571</ele></trkpt><trkpt lat="35.228234" lon="-84.28214600000001"><ele>664.086858707901</ele></trkpt><trkpt lat="35.230864" lon="-84.27890500000001"><ele>705.3479382517096</ele></trkpt><trkpt lat="35.231435" lon="-84.27788700000002"><ele>722.0</ele></trkpt><trkpt lat="35.232769" lon="-84.27723800000001"><ele>750.6683380870774</ele></trkpt><trkpt lat="35.234522" lon="-84.27524800000003"><ele>810.2983869928867</ele></trkpt><trkpt lat="35.234217" lon="-84.27358099999998"><ele>825.7958649124105</ele></trkpt><trkpt lat="35.234636" lon="-84.27247"><ele>842.8028011377901</ele></trkpt><trkpt lat="35.235513" lon="-84.27098799999999"><ele>846.8414507005364</ele></trkpt><trkpt lat="35.236199" lon="-84.27015499999999"><ele>863.3688568882644</ele></trkpt><trkpt lat="35.237037" lon="-84.26955299999997"><ele>878.8606763987736</ele></trkpt><trkpt lat="35.237761" lon="-84.26876600000003"><ele>870.6367651568726</ele></trkpt><trkpt lat="35.238028" lon="-84.268257"><ele>867.3418327048421</ele></trkpt><trkpt lat="35.238485" lon="-84.26659000000001"><ele>876.0</ele></trkpt><trkpt lat="35.239895" lon="-84.265108"><ele>868.8923792329925</ele></trkpt><trkpt lat="35.240963" lon="-84.26246900000001"><ele>859.0</ele></trkpt><trkpt lat="35.241115" lon="-84.26191399999999"><ele>867.0</ele></trkpt><trkpt lat="35.24081" lon="-84.26024699999999"><ele>872.0818323548883</ele></trkpt><trkpt lat="35.241001" lon="-84.25969099999998"><ele>884.9804289229214</ele></trkpt><trkpt lat="35.241039" lon="-84.25858"><ele>902.2042761695334</ele></trkpt><trkpt lat="35.242334" lon="-84.258441"><ele>917.456889600493</ele></trkpt><trkpt lat="35.242754" lon="-84.25867299999999"><ele>933.268873244524</ele></trkpt><trkpt lat="35.244468" lon="-84.257701"><ele>957.9703900441527</ele></trkpt><trkpt lat="35.244964" lon="-84.257608"><ele>949.5613007745003</ele></trkpt><trkpt lat="35.245688" lon="-84.25811799999997"><ele>973.2574988688216</ele></trkpt><trkpt lat="35.245726" lon="-84.25867299999999"><ele>975.0</ele></trkpt><trkpt lat="35.246145" lon="-84.25890400000003"><ele>970.9657464874908</ele></trkpt><trkpt lat="35.246565" lon="-84.25862699999999"><ele>967.4571143992812</ele></trkpt><trkpt lat="35.246793" lon="-84.25811799999997"><ele>963.3049843587305</ele></trkpt><trkpt lat="35.247555" lon="-84.25733000000002"><ele>943.0089741502321</ele></trkpt><trkpt lat="35.248279" lon="-84.25714499999998"><ele>928.9410880003124</ele></trkpt><trkpt lat="35.249385" lon="-84.255988"><ele>922.5972411669791</ele></trkpt><trkpt lat="35.250299" lon="-84.25547799999998"><ele>907.4379994440824</ele></trkpt><trkpt lat="35.250451" lon="-84.25492300000002"><ele>898.7637577969581</ele></trkpt><trkpt lat="35.25129" lon="-84.254275"><ele>894.8839339595288</ele></trkpt><trkpt lat="35.251099" lon="-84.25376499999999"><ele>898.7839135788381</ele></trkpt><trkpt lat="35.251252" lon="-84.25325599999996"><ele>902.2341425158083</ele></trkpt><trkpt lat="35.251671" lon="-84.25297799999998"><ele>907.3963288271848</ele></trkpt><trkpt lat="35.251404" lon="-84.25196"><ele>918.378174720332</ele></trkpt><trkpt lat="35.252128" lon="-84.25126499999999"><ele>918.0606832038611</ele></trkpt><trkpt lat="35.2519" lon="-84.25071000000003"><ele>918.072308735922</ele></trkpt><trkpt lat="35.251938" lon="-84.25010800000001"><ele>917.9037070218474</ele></trkpt><trkpt lat="35.251328" lon="-84.24922800000002"><ele>928.7153485622257</ele></trkpt><trkpt lat="35.252319" lon="-84.24672800000002"><ele>927.0</ele></trkpt><trkpt lat="35.254377" lon="-84.24418200000002"><ele>906.7722656149417</ele></trkpt><trkpt lat="35.254605" lon="-84.243672"><ele>894.6480133151341</ele></trkpt><trkpt lat="35.255063" lon="-84.24344100000002"><ele>894.5937770651653</ele></trkpt><trkpt lat="35.255101" lon="-84.24172799999997"><ele>926.6509567536666</ele></trkpt><trkpt lat="35.254948" lon="-84.24061699999999"><ele>931.0</ele></trkpt><trkpt lat="35.255253" lon="-84.24015400000002"><ele>942.0</ele></trkpt><trkpt lat="35.256663" lon="-84.239552"><ele>967.1247153590073</ele></trkpt><trkpt lat="35.258607" lon="-84.23765400000002"><ele>1001.0</ele></trkpt><trkpt lat="35.259293" lon="-84.23677399999997"><ele>1010.0</ele></trkpt><trkpt lat="35.262037" lon="-84.23422800000003"><ele>1088.443759432859</ele></trkpt><trkpt lat="35.262303" lon="-84.23367200000001"><ele>1100.0</ele></trkpt><trkpt lat="35.264095" lon="-84.23260700000003"><ele>1055.5302235872957</ele></trkpt><trkpt lat="35.264971" lon="-84.23066299999999"><ele>1035.1556908629218</ele></trkpt><trkpt lat="35.265771" lon="-84.22936600000003"><ele>1054.0</ele></trkpt><trkpt lat="35.266152" lon="-84.228996"><ele>1047.2204309338704</ele></trkpt><trkpt lat="35.267067" lon="-84.22857899999997"><ele>1048.2131776008755</ele></trkpt><trkpt lat="35.26741" lon="-84.228163"><ele>1056.6001827558503</ele></trkpt><trkpt lat="35.268134" lon="-84.22658899999999"><ele>1054.0244452093843</ele></trkpt><trkpt lat="35.268896" lon="-84.22381100000001"><ele>1081.0</ele></trkpt><trkpt lat="35.269201" lon="-84.22330199999999"><ele>1076.625618584454</ele></trkpt><trkpt lat="35.269963" lon="-84.22256099999998"><ele>1062.0</ele></trkpt><trkpt lat="35.271526" lon="-84.22057000000001"><ele>1014.9520324918209</ele></trkpt><trkpt lat="35.270573" lon="-84.22052400000001"><ele>1011.2735366921524</ele></trkpt><trkpt lat="35.269239" lon="-84.22126400000002"><ele>1004.8831139570102</ele></trkpt><trkpt lat="35.268325" lon="-84.22126400000002"><ele>998.8831139570102</ele></trkpt><trkpt lat="35.267905" lon="-84.22098699999998"><ele>994.0</ele></trkpt><trkpt lat="35.267677" lon="-84.22047700000002"><ele>998.6949576021279</ele></trkpt><trkpt lat="35.267753" lon="-84.219922"><ele>992.277643006295</ele></trkpt><trkpt lat="35.268286" lon="-84.21848699999998"><ele>1003.8541069254279</ele></trkpt><trkpt lat="35.268934" lon="-84.21760699999999"><ele>1000.5454385783523</ele></trkpt><trkpt lat="35.268934" lon="-84.21705099999997"><ele>1003.8661236725748</ele></trkpt><trkpt lat="35.268134" lon="-84.21640300000001"><ele>988.1824587968995</ele></trkpt><trkpt lat="35.267563" lon="-84.21547700000002"><ele>995.9004886307474</ele></trkpt><trkpt lat="35.26661" lon="-84.21538499999997"><ele>973.9018559986725</ele></trkpt><trkpt lat="35.266343" lon="-84.21515299999999"><ele>958.2407969590276</ele></trkpt><trkpt lat="35.266" lon="-84.214042"><ele>966.9763900348917</ele></trkpt><trkpt lat="35.265848" lon="-84.21181999999999"><ele>964.0</ele></trkpt><trkpt lat="35.265505" lon="-84.21135700000002"><ele>958.2257071500644</ele></trkpt><trkpt lat="35.263866" lon="-84.210107"><ele>945.0</ele></trkpt><trkpt lat="35.262532" lon="-84.20941199999999"><ele>942.0</ele></trkpt><trkpt lat="35.261618" lon="-84.209273"><ele>924.4559110846001</ele></trkpt><trkpt lat="35.261236" lon="-84.20885699999997"><ele>919.8308777531987</ele></trkpt><trkpt lat="35.261046" lon="-84.208347"><ele>918.9052083585411</ele></trkpt><trkpt lat="35.260589" lon="-84.208347"><ele>901.092716800049</ele></trkpt><trkpt lat="35.260284" lon="-84.20802300000003"><ele>888.7490473753078</ele></trkpt><trkpt lat="35.259636" lon="-84.20635700000003"><ele>859.2637481791899</ele></trkpt><trkpt lat="35.25956" lon="-84.20469000000003"><ele>864.9073047470301</ele></trkpt><trkpt lat="35.25914" lon="-84.20445799999999"><ele>849.6667470214888</ele></trkpt><trkpt lat="35.258454" lon="-84.205153"><ele>827.110475579027</ele></trkpt><trkpt lat="35.25754" lon="-84.205014"><ele>808.2267375066876</ele></trkpt><trkpt lat="35.25572952780681" lon="-84.2031040425336"><ele>785.2714328822307</ele></trkpt><trkpt lat="35.25504108019916" lon="-84.20302664253597"><ele>787.0393456090242</ele></trkpt><trkpt lat="35.2545080133593" lon="-84.2026926581313"><ele>792.0</ele></trkpt><trkpt lat="35.253805" lon="-84.202699"><ele>799.0</ele></trkpt><trkpt lat="35.25320078717752" lon="-84.20220311713024"><ele>806.0</ele></trkpt><trkpt lat="35.25148" lon="-84.20288399999998"><ele>824.0</ele></trkpt><trkpt lat="35.251023" lon="-84.202653"><ele>830.0</ele></trkpt><trkpt lat="35.249537" lon="-84.20131000000003"><ele>857.8855399703918</ele></trkpt><trkpt lat="35.248165" lon="-84.20154200000002"><ele>866.1681967216377</ele></trkpt><trkpt lat="35.247251" lon="-84.20135600000003"><ele>848.0643214716905</ele></trkpt><trkpt lat="35.246374" lon="-84.20080100000001"><ele>842.559547847829</ele></trkpt><trkpt lat="35.245917" lon="-84.20070800000002"><ele>838.0</ele></trkpt><trkpt lat="35.244125" lon="-84.19955099999999"><ele>891.7582539338619</ele></trkpt><trkpt lat="35.243744" lon="-84.19918000000001"><ele>903.0</ele></trkpt><trkpt lat="35.243668" lon="-84.19862499999999"><ele>908.0</ele></trkpt><trkpt lat="35.24424" lon="-84.197653"><ele>911.6652452880517</ele></trkpt><trkpt lat="35.244507" lon="-84.19487500000002"><ele>935.0</ele></trkpt><trkpt lat="35.244888" lon="-84.19390199999998"><ele>943.0</ele></trkpt><trkpt lat="35.244621" lon="-84.192791"><ele>940.0</ele></trkpt><trkpt lat="35.242868" lon="-84.191865"><ele>956.0</ele></trkpt><trkpt lat="35.241991" lon="-84.191171"><ele>982.5290518831462</ele></trkpt><trkpt lat="35.241763" lon="-84.19070799999997"><ele>989.9402160709665</ele></trkpt><trkpt lat="35.239933" lon="-84.19061499999998"><ele>995.4638115558773</ele></trkpt><trkpt lat="35.2386" lon="-84.18996700000002"><ele>1001.6628003539518</ele></trkpt><trkpt lat="35.237228" lon="-84.19006000000002"><ele>1006.3286862215027</ele></trkpt><trkpt lat="35.237494" lon="-84.18964299999999"><ele>1008.2074197512408</ele></trkpt><trkpt lat="35.239781" lon="-84.188578"><ele>1072.0</ele></trkpt><trkpt lat="35.2402" lon="-84.18820800000003"><ele>1071.9005005626075</ele></trkpt><trkpt lat="35.240353" lon="-84.18769900000001"><ele>1077.0</ele></trkpt><trkpt lat="35.24001" lon="-84.18603200000001"><ele>1090.0</ele></trkpt><trkpt lat="35.240086" lon="-84.18381"><ele>1133.0</ele></trkpt><trkpt lat="35.240429" lon="-84.179643"><ele>1106.0</ele></trkpt><trkpt lat="35.240581" lon="-84.17908699999998"><ele>1095.2924494212493</ele></trkpt><trkpt lat="35.24081" lon="-84.17853200000002"><ele>1083.9531570943313</ele></trkpt><trkpt lat="35.24203" lon="-84.17746699999998"><ele>1081.6963463239372</ele></trkpt><trkpt lat="35.24344" lon="-84.174643"><ele>1109.3120473089652</ele></trkpt><trkpt lat="35.244087" lon="-84.17376300000001"><ele>1124.0</ele></trkpt><trkpt lat="35.244621" lon="-84.17209600000001"><ele>1114.0</ele></trkpt><trkpt lat="35.245116" lon="-84.17112400000002"><ele>1101.0</ele></trkpt><trkpt lat="35.245459" lon="-84.170707"><ele>1099.845001998127</ele></trkpt><trkpt lat="35.246336" lon="-84.17019800000003"><ele>1119.0</ele></trkpt><trkpt lat="35.246526" lon="-84.169735"><ele>1118.0</ele></trkpt><trkpt lat="35.245535" lon="-84.168207"><ele>1100.0</ele></trkpt><trkpt lat="35.244849" lon="-84.16538300000002"><ele>1096.0</ele></trkpt><trkpt lat="35.243897" lon="-84.16297600000001"><ele>1106.0</ele></trkpt><trkpt lat="35.243516" lon="-84.16140100000001"><ele>1126.0</ele></trkpt><trkpt lat="35.243783" lon="-84.16089199999999"><ele>1118.8204161033518</ele></trkpt><trkpt lat="35.244545" lon="-84.16010499999999"><ele>1113.0</ele></trkpt><trkpt lat="35.245193" lon="-84.15950299999997"><ele>1120.0</ele></trkpt><trkpt lat="35.24565" lon="-84.15941099999998"><ele>1126.5024859387715</ele></trkpt><trkpt lat="35.245878" lon="-84.15774399999998"><ele>1096.0</ele></trkpt><trkpt lat="35.246526" lon="-84.15547500000002"><ele>1085.774848173735</ele></trkpt><trkpt lat="35.246564" lon="-84.15436399999999"><ele>1092.5795515347272</ele></trkpt><trkpt lat="35.24645" lon="-84.15376200000003"><ele>1098.0</ele></trkpt><trkpt lat="35.246107" lon="-84.15311400000002"><ele>1100.090205792987</ele></trkpt><trkpt lat="35.246031" lon="-84.15214200000003"><ele>1108.4333586594917</ele></trkpt><trkpt lat="35.246259" lon="-84.150892"><ele>1099.989136780578</ele></trkpt><trkpt lat="35.246145" lon="-84.14913200000001"><ele>1070.1471326838252</ele></trkpt><trkpt lat="35.246793" lon="-84.14811400000002"><ele>1081.0</ele></trkpt><trkpt lat="35.246869" lon="-84.147512"><ele>1087.0</ele></trkpt><trkpt lat="35.24664" lon="-84.145197"><ele>1095.0</ele></trkpt><trkpt lat="35.246755" lon="-84.14297499999998"><ele>1105.0</ele></trkpt><trkpt lat="35.246183" lon="-84.139364"><ele>1106.0</ele></trkpt><trkpt lat="35.245535" lon="-84.137743"><ele>1139.1560676251308</ele></trkpt><trkpt lat="35.245116" lon="-84.13737300000003"><ele>1139.27914880123</ele></trkpt><trkpt lat="35.244049" lon="-84.13529"><ele>1134.0950384140015</ele></trkpt><trkpt lat="35.243592" lon="-84.13496499999997"><ele>1148.0</ele></trkpt><trkpt lat="35.242182" lon="-84.13306699999998"><ele>1189.776327932239</ele></trkpt><trkpt lat="35.242029" lon="-84.13251200000002"><ele>1197.0</ele></trkpt><trkpt lat="35.242411" lon="-84.13135399999999"><ele>1208.1276039225074</ele></trkpt><trkpt lat="35.242106" lon="-84.13084500000002"><ele>1221.9669771697372</ele></trkpt><trkpt lat="35.241267" lon="-84.12802099999999"><ele>1222.4443598212674</ele></trkpt><trkpt lat="35.240886" lon="-84.12718699999999"><ele>1210.3356410515141</ele></trkpt><trkpt lat="35.240962" lon="-84.12658499999998"><ele>1200.0</ele></trkpt><trkpt lat="35.241572" lon="-84.12565999999998"><ele>1189.0</ele></trkpt><trkpt lat="35.242144" lon="-84.125474"><ele>1182.7455566218123</ele></trkpt><trkpt lat="35.243058" lon="-84.12607600000001"><ele>1177.0</ele></trkpt><trkpt lat="35.244691" lon="-84.12976600000002"><ele>1148.1255677696006</ele></trkpt><trkpt lat="35.244501" lon="-84.13009"><ele>1136.7377881806192</ele></trkpt><trkpt lat="35.244996" lon="-84.13115500000004"><ele>1133.4725519707</ele></trkpt><trkpt lat="35.244805" lon="-84.13226600000002"><ele>1109.0</ele></trkpt><trkpt lat="35.244805" lon="-84.133377"><ele>1099.9976714662027</ele></trkpt><trkpt lat="35.245034" lon="-84.13448800000003"><ele>1090.0</ele></trkpt><trkpt lat="35.246749" lon="-84.136618"><ele>1065.0225705727935</ele></trkpt><trkpt lat="35.247968" lon="-84.13768299999998"><ele>1049.6659328401188</ele></trkpt><trkpt lat="35.248388" lon="-84.13934899999998"><ele>1035.0</ele></trkpt><trkpt lat="35.250407" lon="-84.14425699999998"><ele>989.6284744227305</ele></trkpt><trkpt lat="35.251322" lon="-84.145646"><ele>980.1133499965072</ele></trkpt><trkpt lat="35.251741" lon="-84.14597000000003"><ele>979.792672310284</ele></trkpt><trkpt lat="35.251741" lon="-84.14708100000001"><ele>984.0</ele></trkpt><trkpt lat="35.252236" lon="-84.1481"><ele>970.0</ele></trkpt><trkpt lat="35.252122" lon="-84.14865500000002"><ele>972.5620119119479</ele></trkpt><trkpt lat="35.253342" lon="-84.14930300000003"><ele>957.0569295067046</ele></trkpt><trkpt lat="35.253456" lon="-84.15041400000001"><ele>967.0</ele></trkpt><trkpt lat="35.254333" lon="-84.15092400000003"><ele>940.4211583826691</ele></trkpt><trkpt lat="35.255705" lon="-84.15110900000002"><ele>899.966888618366</ele></trkpt><trkpt lat="35.256962" lon="-84.15027600000002"><ele>884.182780733332</ele></trkpt><trkpt lat="35.258601" lon="-84.1481"><ele>854.5167520820212</ele></trkpt><trkpt lat="35.259782" lon="-84.145553"><ele>834.6224309235545</ele></trkpt><trkpt lat="35.261954" lon="-84.143238"><ele>792.0</ele></trkpt><trkpt lat="35.262793" lon="-84.14110900000003"><ele>773.3838791456074</ele></trkpt><trkpt lat="35.263136" lon="-84.140692"><ele>764.0</ele></trkpt><trkpt lat="35.264508" lon="-84.14022899999998"><ele>756.6216042675078</ele></trkpt><trkpt lat="35.265232" lon="-84.13944200000003"><ele>744.4199123531016</ele></trkpt><trkpt lat="35.266146" lon="-84.139118"><ele>733.0014637997576</ele></trkpt><trkpt lat="35.26889" lon="-84.13958100000002"><ele>715.5570696974173</ele></trkpt><trkpt lat="35.269347" lon="-84.13953500000002"><ele>712.0460560364672</ele></trkpt><trkpt lat="35.270224" lon="-84.139072"><ele>700.8744539507663</ele></trkpt><trkpt lat="35.271139" lon="-84.139164"><ele>705.7483318816664</ele></trkpt><trkpt lat="35.270306" lon="-84.13529"><ele>721.5510840248317</ele></trkpt><trkpt lat="35.270001" lon="-84.13505800000001"><ele>728.9608831461519</ele></trkpt><trkpt lat="35.269849" lon="-84.13459499999999"><ele>743.1179073427029</ele></trkpt><trkpt lat="35.269735" lon="-84.13292799999999"><ele>764.3976844473999</ele></trkpt><trkpt lat="35.269544" lon="-84.13241900000003"><ele>766.046918489039</ele></trkpt><trkpt lat="35.267677" lon="-84.13214099999999"><ele>788.7275077080653</ele></trkpt><trkpt lat="35.266762" lon="-84.13172500000002"><ele>797.84319777973</ele></trkpt><trkpt lat="35.2652" lon="-84.130428"><ele>815.9996100161225</ele></trkpt><trkpt lat="35.263866" lon="-84.128715"><ele>846.0</ele></trkpt><trkpt lat="35.264094" lon="-84.12815999999998"><ele>850.1272466927767</ele></trkpt><trkpt lat="35.26398" lon="-84.12765000000002"><ele>853.0</ele></trkpt><trkpt lat="35.264133" lon="-84.12653899999998"><ele>865.5230876551941</ele></trkpt><trkpt lat="35.264933" lon="-84.12515000000002"><ele>867.0</ele></trkpt><trkpt lat="35.265314" lon="-84.122928"><ele>890.5072658956051</ele></trkpt><trkpt lat="35.265924" lon="-84.121308"><ele>907.3249153699726</ele></trkpt><trkpt lat="35.265504" lon="-84.121308"><ele>910.4041152000427</ele></trkpt><trkpt lat="35.264819" lon="-84.122187"><ele>918.185953955166</ele></trkpt><trkpt lat="35.264476" lon="-84.12223399999999"><ele>932.2493873778731</ele></trkpt><trkpt lat="35.263828" lon="-84.121354"><ele>940.950645506382</ele></trkpt><trkpt lat="35.26379" lon="-84.12024300000002"><ele>945.5022251458483</ele></trkpt><trkpt lat="35.264056" lon="-84.11977999999999"><ele>961.7038263101131</ele></trkpt><trkpt lat="35.264018" lon="-84.12033500000001"><ele>958.5349003300071</ele></trkpt><trkpt lat="35.264171" lon="-84.12084500000003"><ele>965.2862083381042</ele></trkpt><trkpt lat="35.264438" lon="-84.12098300000002"><ele>972.5502129765227</ele></trkpt><trkpt lat="35.2652" lon="-84.12024300000002"><ele>962.9992343495405</ele></trkpt><trkpt lat="35.265314" lon="-84.119687"><ele>980.4664529516749</ele></trkpt><trkpt lat="35.265123" lon="-84.11936300000002"><ele>995.0</ele></trkpt><trkpt lat="35.265352" lon="-84.118946"><ele>976.6492368902096</ele></trkpt><trkpt lat="35.265771" lon="-84.118761"><ele>986.7368546719285</ele></trkpt><trkpt lat="35.265962" lon="-84.11825199999998"><ele>995.0</ele></trkpt><trkpt lat="35.266838" lon="-84.11778900000002"><ele>998.1986143580705</ele></trkpt><trkpt lat="35.267143" lon="-84.11732599999999"><ele>1015.0940382894769</ele></trkpt><trkpt lat="35.267753" lon="-84.11570599999999"><ele>1049.277643006295</ele></trkpt><trkpt lat="35.267829" lon="-84.11459400000001"><ele>1062.2811193316484</ele></trkpt><trkpt lat="35.268286" lon="-84.11436300000003"><ele>1053.0645738653839</ele></trkpt><trkpt lat="35.271183" lon="-84.11436300000003"><ele>1076.0329061199193</ele></trkpt><trkpt lat="35.273126" lon="-84.11510399999997"><ele>1054.2239145710282</ele></trkpt><trkpt lat="35.274384" lon="-84.11612200000002"><ele>1047.78798249094</ele></trkpt><trkpt lat="35.275756" lon="-84.11626100000001"><ele>1040.1736824224722</ele></trkpt><trkpt lat="35.277128" lon="-84.11579799999998"><ele>1027.9763590215846</ele></trkpt><trkpt lat="35.277395" lon="-84.11357599999997"><ele>985.0</ele></trkpt><trkpt lat="35.278119" lon="-84.11283500000002"><ele>966.8483270935549</ele></trkpt><trkpt lat="35.280329" lon="-84.108946"><ele>937.0</ele></trkpt><trkpt lat="35.2801" lon="-84.10843699999998"><ele>928.8909046046847</ele></trkpt><trkpt lat="35.2801" lon="-84.10788100000002"><ele>929.3904357515275</ele></trkpt><trkpt lat="35.280291" lon="-84.107418"><ele>924.121531799367</ele></trkpt><trkpt lat="35.279834" lon="-84.10695499999997"><ele>900.352636532858</ele></trkpt><trkpt lat="35.279872" lon="-84.106539"><ele>887.6401419980134</ele></trkpt><trkpt lat="35.280291" lon="-84.10630700000002"><ele>876.7202200670539</ele></trkpt><trkpt lat="35.280596" lon="-84.10584399999999"><ele>872.9212508443743</ele></trkpt><trkpt lat="35.281472" lon="-84.10556600000001"><ele>868.965511823073</ele></trkpt><trkpt lat="35.282158" lon="-84.10510299999999"><ele>858.3881479101256</ele></trkpt><trkpt lat="35.282844" lon="-84.10431599999998"><ele>843.7112895986065</ele></trkpt><trkpt lat="35.283682" lon="-84.10288100000002"><ele>825.0</ele></trkpt><trkpt lat="35.283378" lon="-84.10274200000003"><ele>814.6774008069187</ele></trkpt><trkpt lat="35.283949" lon="-84.10176999999999"><ele>806.3190306578875</ele></trkpt><trkpt lat="35.284521" lon="-84.10014999999999"><ele>780.0</ele></trkpt><trkpt lat="35.28433" lon="-84.099872"><ele>774.0169645074935</ele></trkpt><trkpt lat="35.284978" lon="-84.09899200000001"><ele>754.0</ele></trkpt><trkpt lat="35.285131" lon="-84.09788100000003"><ele>739.9561549539915</ele></trkpt><trkpt lat="35.284826" lon="-84.09778799999998"><ele>727.6624995700695</ele></trkpt><trkpt lat="35.285283" lon="-84.09570500000001"><ele>693.0</ele></trkpt><trkpt lat="35.285855" lon="-84.094918"><ele>674.8257990237325</ele></trkpt><trkpt lat="35.28691818287215" lon="-84.09423766267497"><ele>646.0</ele></trkpt><trkpt lat="35.28758547832511" lon="-84.09486171977085"><ele>641.8901035357267</ele></trkpt><trkpt lat="35.28750409296968" lon="-84.09522204193274"><ele>641.0</ele></trkpt><trkpt lat="35.28799460975062" lon="-84.09572939673268"><ele>640.3867562757403</ele></trkpt><trkpt lat="35.288141" lon="-84.090936"><ele>660.0</ele></trkpt><trkpt lat="35.288294" lon="-84.09038099999998"><ele>662.0</ele></trkpt><trkpt lat="35.289284" lon="-84.08899200000002"><ele>669.0</ele></trkpt><trkpt lat="35.289932" lon="-84.086723"><ele>682.0</ele></trkpt><trkpt lat="35.291228" lon="-84.084408"><ele>695.7918160557747</ele></trkpt><trkpt lat="35.291952" lon="-84.083529"><ele>700.2249331075419</ele></trkpt><trkpt lat="35.292791" lon="-84.08204699999999"><ele>710.0</ele></trkpt><trkpt lat="35.294353" lon="-84.08042699999999"><ele>723.0</ele></trkpt><trkpt lat="35.295534" lon="-84.07959299999999"><ele>732.0</ele></trkpt><trkpt lat="35.295915" lon="-84.07908399999997"><ele>738.8675902365187</ele></trkpt><trkpt lat="35.296335" lon="-84.07732499999997"><ele>747.0738028386678</ele></trkpt><trkpt lat="35.296335" lon="-84.076214"><ele>755.0</ele></trkpt><trkpt lat="35.296716" lon="-84.074501"><ele>768.0</ele></trkpt><trkpt lat="35.296639" lon="-84.07288"><ele>779.0</ele></trkpt><trkpt lat="35.297554" lon="-84.06996300000003"><ele>803.0</ele></trkpt><trkpt lat="35.297783" lon="-84.06940800000001"><ele>806.1410921830684</ele></trkpt><trkpt lat="35.298202" lon="-84.06903799999998"><ele>811.0</ele></trkpt><trkpt lat="35.298469" lon="-84.067926"><ele>821.3124000746757</ele></trkpt><trkpt lat="35.298545" lon="-84.06676900000002"><ele>830.0</ele></trkpt><trkpt lat="35.298774" lon="-84.067047"><ele>833.7283214442432</ele></trkpt><trkpt lat="35.298774" lon="-84.068713"><ele>841.219552022405</ele></trkpt><trkpt lat="35.298964" lon="-84.06987100000003"><ele>851.5776171181351</ele></trkpt><trkpt lat="35.299498" lon="-84.07098200000001"><ele>861.8520867626664</ele></trkpt><trkpt lat="35.299574" lon="-84.07158400000003"><ele>866.8797896252945</ele></trkpt><trkpt lat="35.299803" lon="-84.072047"><ele>866.6192352501675</ele></trkpt><trkpt lat="35.299803" lon="-84.07260200000002"><ele>870.4861273393035</ele></trkpt><trkpt lat="35.300107" lon="-84.07246399999997"><ele>880.1457339953631</ele></trkpt><trkpt lat="35.300222" lon="-84.07130599999999"><ele>889.2744905008358</ele></trkpt><trkpt lat="35.299993" lon="-84.07074999999998"><ele>893.0</ele></trkpt><trkpt lat="35.30026" lon="-84.06908399999998"><ele>908.4903874245546</ele></trkpt><trkpt lat="35.30026" lon="-84.067973"><ele>916.5819133855402</ele></trkpt><trkpt lat="35.300908" lon="-84.066352"><ele>924.0451616216451</ele></trkpt><trkpt lat="35.301327" lon="-84.06602800000002"><ele>931.0348917135628</ele></trkpt><trkpt lat="35.301556" lon="-84.06556499999999"><ele>936.0</ele></trkpt><trkpt lat="35.301594" lon="-84.06440800000001"><ele>944.0330789963241</ele></trkpt><trkpt lat="35.301441" lon="-84.063852"><ele>949.0</ele></trkpt><trkpt lat="35.300641" lon="-84.063065"><ele>959.062678582035</ele></trkpt><trkpt lat="35.30045" lon="-84.06255599999997"><ele>963.4314082879573</ele></trkpt><trkpt lat="35.301136" lon="-84.05936099999997"><ele>985.2075117398626</ele></trkpt><trkpt lat="35.300755" lon="-84.05676900000003"><ele>1011.2917575938627</ele></trkpt><trkpt lat="35.300298" lon="-84.05686100000003"><ele>1010.6405445363604</ele></trkpt><trkpt lat="35.298659" lon="-84.05621300000001"><ele>1021.0</ele></trkpt><trkpt lat="35.298164" lon="-84.05519400000003"><ele>1025.7930886894464</ele></trkpt><trkpt lat="35.298507" lon="-84.05348100000003"><ele>1039.0</ele></trkpt><trkpt lat="35.298393" lon="-84.05237"><ele>1035.1164443323519</ele></trkpt><trkpt lat="35.298812" lon="-84.05088899999998"><ele>1052.0</ele></trkpt><trkpt lat="35.29885" lon="-84.05024100000003"><ele>1064.434400388971</ele></trkpt><trkpt lat="35.298621" lon="-84.04968500000001"><ele>1052.9918018635362</ele></trkpt><trkpt lat="35.299345" lon="-84.048203"><ele>1071.3333867751062</ele></trkpt><trkpt lat="35.299383" lon="-84.04760199999998"><ele>1084.352677688934</ele></trkpt><trkpt lat="35.29904" lon="-84.046491"><ele>1088.330052952578</ele></trkpt><trkpt lat="35.298697" lon="-84.04598099999998"><ele>1084.3315088730305</ele></trkpt><trkpt lat="35.298354" lon="-84.04422199999999"><ele>1095.0</ele></trkpt><trkpt lat="35.298659" lon="-84.04422199999999"><ele>1102.0</ele></trkpt><trkpt lat="35.299078" lon="-84.045703"><ele>1116.161549813037</ele></trkpt><trkpt lat="35.299955" lon="-84.04630500000002"><ele>1122.7972586657852</ele></trkpt><trkpt lat="35.301022" lon="-84.04755499999999"><ele>1141.0430697254087</ele></trkpt><trkpt lat="35.300717" lon="-84.04922199999999"><ele>1155.6778468061239</ele></trkpt><trkpt lat="35.30087" lon="-84.049778"><ele>1160.470865033567</ele></trkpt><trkpt lat="35.300755" lon="-84.05033300000002"><ele>1163.847756003961</ele></trkpt><trkpt lat="35.301098" lon="-84.05116700000002"><ele>1173.0</ele></trkpt><trkpt lat="35.301022" lon="-84.05172199999998"><ele>1175.0</ele></trkpt><trkpt lat="35.301136" lon="-84.052231"><ele>1179.0</ele></trkpt><trkpt lat="35.301517" lon="-84.05195400000002"><ele>1182.0</ele></trkpt><trkpt lat="35.302241" lon="-84.05038000000002"><ele>1202.185068955645</ele></trkpt><trkpt lat="35.302661" lon="-84.05005499999999"><ele>1210.697962936231</ele></trkpt><trkpt lat="35.303118" lon="-84.05010199999998"><ele>1212.8442332455888</ele></trkpt><trkpt lat="35.303995" lon="-84.04959200000002"><ele>1222.6119559099898</ele></trkpt><trkpt lat="35.30449" lon="-84.04968500000001"><ele>1230.036664410952</ele></trkpt><trkpt lat="35.304909" lon="-84.04936099999998"><ele>1235.3549837070825</ele></trkpt><trkpt lat="35.305557" lon="-84.04843499999998"><ele>1244.4980351810882</ele></trkpt><trkpt lat="35.307081" lon="-84.047324"><ele>1257.3084167111665</ele></trkpt><trkpt lat="35.308225" lon="-84.04621299999997"><ele>1271.0847694231197</ele></trkpt><trkpt lat="35.308682" lon="-84.04635200000001"><ele>1273.6068999106064</ele></trkpt><trkpt lat="35.309101" lon="-84.04709200000002"><ele>1283.0</ele></trkpt><trkpt lat="35.309254" lon="-84.048296"><ele>1290.1906828433275</ele></trkpt><trkpt lat="35.30952" lon="-84.048944"><ele>1300.3816714473069</ele></trkpt><trkpt lat="35.309589" lon="-84.05040099999997"><ele>1305.3221992067993</ele></trkpt><trkpt lat="35.309932" lon="-84.05202199999997"><ele>1322.9106696862727</ele></trkpt><trkpt lat="35.309475" lon="-84.05540100000002"><ele>1321.8117638491094</ele></trkpt><trkpt lat="35.309818" lon="-84.05554000000001"><ele>1332.0</ele></trkpt><trkpt lat="35.310008" lon="-84.05442900000003"><ele>1340.0</ele></trkpt><trkpt lat="35.311037" lon="-84.05178999999998"><ele>1364.0</ele></trkpt><trkpt lat="35.311533" lon="-84.04845699999998"><ele>1372.0</ele></trkpt><trkpt lat="35.312219" lon="-84.04632700000002"><ele>1398.0</ele></trkpt><trkpt lat="35.31199" lon="-84.04526199999998"><ele>1405.0</ele></trkpt><trkpt lat="35.312219" lon="-84.04470700000002"><ele>1410.0</ele></trkpt><trkpt lat="35.312104" lon="-84.044151"><ele>1417.8274112601923</ele></trkpt><trkpt lat="35.311807" lon="-84.04366600000003"><ele>1427.7853107254953</ele></trkpt><trkpt lat="35.311426" lon="-84.043388"><ele>1432.1721473285954</ele></trkpt><trkpt lat="35.310778" lon="-84.042509"><ele>1444.1586410701184</ele></trkpt><trkpt lat="35.30994" lon="-84.04195300000003"><ele>1449.2260982944772</ele></trkpt><trkpt lat="35.309635" lon="-84.04149000000001"><ele>1462.1827462834567</ele></trkpt><trkpt lat="35.30872" lon="-84.04121299999997"><ele>1464.1016583126038</ele></trkpt><trkpt lat="35.30792" lon="-84.04051800000002"><ele>1473.491005865857</ele></trkpt><trkpt lat="35.307806" lon="-84.039963"><ele>1477.497756280005</ele></trkpt><trkpt lat="35.30814842343733" lon="-84.03886441082324"><ele>1487.0</ele></trkpt><trkpt lat="35.30861453395916" lon="-84.0381687518319"><ele>1496.9914315337455</ele></trkpt><trkpt lat="35.30913192751214" lon="-84.03746750139362"><ele>1501.564719505608</ele></trkpt><trkpt lat="35.30937724398108" lon="-84.0372289884724"><ele>1504.0</ele></trkpt><trkpt lat="35.30967052010078" lon="-84.03758495609816"><ele>1507.0</ele></trkpt><trkpt lat="35.3095501863539" lon="-84.03785782926298"><ele>1507.0</ele></trkpt><trkpt lat="35.30949798029552" lon="-84.03818618460542"><ele>1507.8758533075452</ele></trkpt><trkpt lat="35.3094713944196" lon="-84.03847914103028"><ele>1508.0</ele></trkpt><trkpt lat="35.30937513907222" lon="-84.03875167232462"><ele>1510.0</ele></trkpt><trkpt lat="35.30929227994886" lon="-84.0391052988495"><ele>1512.0</ele></trkpt><trkpt lat="35.30928870583534" lon="-84.0391718421879"><ele>1513.0</ele></trkpt><trkpt lat="35.30921549599354" lon="-84.03935883636598"><ele>1513.0</ele></trkpt><trkpt lat="35.30928709885391" lon="-84.03913043374263"><ele>1512.8437196491286</ele></trkpt><trkpt lat="35.30933971188381" lon="-84.03881794955635"><ele>1511.0</ele></trkpt><trkpt lat="35.30943813765554" lon="-84.0386084917622"><ele>1509.0</ele></trkpt><trkpt lat="35.30949206227627" lon="-84.03834109638183"><ele>1508.0</ele></trkpt><trkpt lat="35.3095362004264" lon="-84.03797594570898"><ele>1507.0</ele></trkpt><trkpt lat="35.30957940735967" lon="-84.0377869281192"><ele>1507.0</ele></trkpt><trkpt lat="35.3096981080962" lon="-84.03756655771144"><ele>1507.0</ele></trkpt><trkpt lat="35.30987455014935" lon="-84.03735159565338"><ele>1507.405609981188</ele></trkpt><trkpt lat="35.30995461625494" lon="-84.03722426421302"><ele>1508.0</ele></trkpt><trkpt lat="35.30984101448241" lon="-84.03710694479258"><ele>1509.0</ele></trkpt><trkpt lat="35.30973112169123" lon="-84.0369032300107"><ele>1508.0</ele></trkpt><trkpt lat="35.31044817723762" lon="-84.03614098954932"><ele>1517.0</ele></trkpt><trkpt lat="35.31068222974508" lon="-84.03607469578856"><ele>1519.0</ele></trkpt><trkpt lat="35.31084985231347" lon="-84.03605283856069"><ele>1520.0</ele></trkpt><trkpt lat="35.31171965191814" lon="-84.03559518066766"><ele>1525.9113230744408</ele></trkpt><trkpt lat="35.31197436235161" lon="-84.03547698358113"><ele>1528.0</ele></trkpt><trkpt lat="35.31213499680631" lon="-84.03540809750962"><ele>1529.0</ele></trkpt><trkpt lat="35.3122813752181" lon="-84.03541197281476"><ele>1529.4491197243333</ele></trkpt><trkpt lat="35.31234732294631" lon="-84.03553040273692"><ele>1529.0</ele></trkpt><trkpt lat="35.3124836529688" lon="-84.03607384330542"><ele>1529.3841148465053</ele></trkpt><trkpt lat="35.3125228162738" lon="-84.03632921371377"><ele>1529.0</ele></trkpt><trkpt lat="35.31280503143294" lon="-84.03685037532267"><ele>1526.0</ele></trkpt><trkpt lat="35.31291206332351" lon="-84.03718254949968"><ele>1524.096535058058</ele></trkpt><trkpt lat="35.31339509027715" lon="-84.03783272773205"><ele>1519.4371628244278</ele></trkpt><trkpt lat="35.31350102170846" lon="-84.03792814756923"><ele>1519.0</ele></trkpt><trkpt lat="35.31385440594536" lon="-84.03813635953497"><ele>1516.0</ele></trkpt><trkpt lat="35.31404225991108" lon="-84.03815833423806"><ele>1515.0</ele></trkpt><trkpt lat="35.31460082156276" lon="-84.0381244073348"><ele>1513.0405090888962</ele></trkpt><trkpt lat="35.31486455749797" lon="-84.03814761905448"><ele>1511.0</ele></trkpt><trkpt lat="35.31515951843198" lon="-84.0380893704999"><ele>1510.6733439415693</ele></trkpt><trkpt lat="35.31534745307371" lon="-84.03802183577153"><ele>1509.0</ele></trkpt><trkpt lat="35.31560996687618" lon="-84.03796622470713"><ele>1507.3351896929576</ele></trkpt><trkpt lat="35.31596369923926" lon="-84.0378392234494"><ele>1504.2019274254412</ele></trkpt><trkpt lat="35.31624819883346" lon="-84.03765140656816"><ele>1502.4450875138864</ele></trkpt><trkpt lat="35.31649957099493" lon="-84.0374268458429"><ele>1499.553528033197</ele></trkpt><trkpt lat="35.31676338581018" lon="-84.03726007027092"><ele>1496.0</ele></trkpt><trkpt lat="35.31859" lon="-84.03537900000003"><ele>1471.0</ele></trkpt><trkpt lat="35.319962" lon="-84.03533299999998"><ele>1460.031976712802</ele></trkpt><trkpt lat="35.32042" lon="-84.03542500000003"><ele>1455.0</ele></trkpt><trkpt lat="35.3216513988872" lon="-84.03653144001873"><ele>1435.2781667066738</ele></trkpt><trkpt lat="35.32188121268274" lon="-84.03685732817172"><ele>1430.0906779998913</ele></trkpt><trkpt lat="35.32208663100259" lon="-84.03696945799567"><ele>1427.1206347047653</ele></trkpt><trkpt lat="35.32241029574479" lon="-84.03708289683715"><ele>1423.0</ele></trkpt><trkpt lat="35.32253154425538" lon="-84.03721604933213"><ele>1421.1795598082645</ele></trkpt><trkpt lat="35.3226132723078" lon="-84.03738734812549"><ele>1419.0</ele></trkpt><trkpt lat="35.32260787364744" lon="-84.03774164315348"><ele>1416.0</ele></trkpt><trkpt lat="35.32255816554902" lon="-84.03821176019659"><ele>1412.0</ele></trkpt><trkpt lat="35.32258348427648" lon="-84.03845732335986"><ele>1411.0</ele></trkpt><trkpt lat="35.32268470862656" lon="-84.03860770428639"><ele>1409.5172386746854</ele></trkpt><trkpt lat="35.32278597989035" lon="-84.03858798688839"><ele>1408.9774829983492</ele></trkpt><trkpt lat="35.32291688913872" lon="-84.03842081793005"><ele>1407.0</ele></trkpt><trkpt lat="35.32299989767747" lon="-84.03803709894538"><ele>1406.7297046836466</ele></trkpt><trkpt lat="35.3231790414892" lon="-84.0373632027509"><ele>1404.0</ele></trkpt><trkpt lat="35.32330312316055" lon="-84.03703332789269"><ele>1402.7740175883323</ele></trkpt><trkpt lat="35.32347159563295" lon="-84.03670380166943"><ele>1401.3864187888294</ele></trkpt><trkpt lat="35.32401229611438" lon="-84.03607858263075"><ele>1393.2854186873883</ele></trkpt><trkpt lat="35.32430508593765" lon="-84.03584309280848"><ele>1387.0</ele></trkpt><trkpt lat="35.32442074917224" lon="-84.03556133811867"><ele>1383.0</ele></trkpt><trkpt lat="35.32448650597355" lon="-84.03514600124618"><ele>1380.127048852129</ele></trkpt><trkpt lat="35.32447291605219" lon="-84.0347732410238"><ele>1377.0</ele></trkpt><trkpt lat="35.32460387633203" lon="-84.0341166420481"><ele>1373.0</ele></trkpt><trkpt lat="35.32458361249416" lon="-84.03370439752064"><ele>1371.0</ele></trkpt><trkpt lat="35.32464203122934" lon="-84.03317764516066"><ele>1368.0</ele></trkpt><trkpt lat="35.32473420709293" lon="-84.0326809013041"><ele>1367.0</ele></trkpt><trkpt lat="35.32477195727946" lon="-84.03255966069253"><ele>1366.0</ele></trkpt><trkpt lat="35.32505631352292" lon="-84.03264397950613"><ele>1366.0</ele></trkpt><trkpt lat="35.3255816721275" lon="-84.03249986206367"><ele>1368.0</ele></trkpt><trkpt lat="35.32574221840436" lon="-84.03239984349267"><ele>1369.0</ele></trkpt><trkpt lat="35.3259630729605" lon="-84.032545371776"><ele>1369.525800846517</ele></trkpt><trkpt lat="35.32639012681373" lon="-84.03245832110878"><ele>1372.0079934269447</ele></trkpt><trkpt lat="35.326669" lon="-84.03213800000003"><ele>1375.0</ele></trkpt><trkpt lat="35.327203" lon="-84.03116599999998"><ele>1388.0</ele></trkpt><trkpt lat="35.327508" lon="-84.030101"><ele>1398.0</ele></trkpt><trkpt lat="35.32827" lon="-84.02936"><ele>1409.6564144158442</ele></trkpt><trkpt lat="35.328499" lon="-84.02885100000003"><ele>1418.0</ele></trkpt><trkpt lat="35.328499" lon="-84.02774"><ele>1425.004214199721</ele></trkpt><trkpt lat="35.328651" lon="-84.02718400000003"><ele>1423.0</ele></trkpt><trkpt lat="35.329032" lon="-84.02672100000001"><ele>1416.1716514509171</ele></trkpt><trkpt lat="35.32987" lon="-84.02621199999999"><ele>1408.0</ele></trkpt><trkpt lat="35.331166" lon="-84.026906"><ele>1403.4136848794296</ele></trkpt><trkpt lat="35.332538" lon="-84.02727700000003"><ele>1405.0</ele></trkpt><trkpt lat="35.333415" lon="-84.02672100000001"><ele>1398.0</ele></trkpt><trkpt lat="35.334329" lon="-84.02686"><ele>1390.0001208893955</ele></trkpt><trkpt lat="35.335282" lon="-84.02672100000001"><ele>1377.522190934047</ele></trkpt><trkpt lat="35.336349" lon="-84.02551800000003"><ele>1360.2735275691375</ele></trkpt><trkpt lat="35.336806" lon="-84.02537899999999"><ele>1366.98045795504</ele></trkpt><trkpt lat="35.336768" lon="-84.025934"><ele>1365.0</ele></trkpt><trkpt lat="35.336006" lon="-84.02746200000001"><ele>1347.7243776768446</ele></trkpt><trkpt lat="35.335892" lon="-84.02801799999997"><ele>1343.0</ele></trkpt><trkpt lat="35.33612" lon="-84.028573"><ele>1333.2670995257795</ele></trkpt><trkpt lat="35.33593" lon="-84.02968399999997"><ele>1327.0</ele></trkpt><trkpt lat="35.336006" lon="-84.03023999999999"><ele>1320.4050216943567</ele></trkpt><trkpt lat="35.335663" lon="-84.03125799999998"><ele>1319.3984082513134</ele></trkpt><trkpt lat="35.336235" lon="-84.03153600000002"><ele>1308.082545065321</ele></trkpt><trkpt lat="35.337073" lon="-84.032601"><ele>1325.5467992092022</ele></trkpt><trkpt lat="35.337226" lon="-84.03315700000002"><ele>1336.423108634259</ele></trkpt><trkpt lat="35.337226" lon="-84.03482300000002"><ele>1365.9167515616864</ele></trkpt><trkpt lat="35.339474" lon="-84.03607299999999"><ele>1366.0</ele></trkpt><trkpt lat="35.339931" lon="-84.03611999999998"><ele>1371.7002378753189</ele></trkpt><trkpt lat="35.341303" lon="-84.03565700000001"><ele>1397.0</ele></trkpt><trkpt lat="35.341875" lon="-84.03468499999997"><ele>1406.3562994308888</ele></trkpt><trkpt lat="35.342294" lon="-84.03435999999999"><ele>1414.7407765303517</ele></trkpt><trkpt lat="35.343209" lon="-84.03403600000001"><ele>1414.68905078545</ele></trkpt><trkpt lat="35.343513" lon="-84.03357299999999"><ele>1401.98507657468</ele></trkpt><trkpt lat="35.343628" lon="-84.03408300000001"><ele>1399.3311622031033</ele></trkpt><trkpt lat="35.343513" lon="-84.03463799999997"><ele>1383.5699899011433</ele></trkpt><trkpt lat="35.343895" lon="-84.03435999999999"><ele>1387.076579676941</ele></trkpt><trkpt lat="35.343856" lon="-84.03487000000001"><ele>1377.7068835552782</ele></trkpt><trkpt lat="35.344314" lon="-84.03454599999998"><ele>1361.1642887055175</ele></trkpt><trkpt lat="35.344466" lon="-84.035055"><ele>1358.0</ele></trkpt><trkpt lat="35.345457" lon="-84.03519399999999"><ele>1351.0</ele></trkpt><trkpt lat="35.345914" lon="-84.03551800000002"><ele>1349.8592521017213</ele></trkpt><trkpt lat="35.346181" lon="-84.03602699999999"><ele>1351.6810901453719</ele></trkpt><trkpt lat="35.34801" lon="-84.03709200000003"><ele>1354.9948822125584</ele></trkpt><trkpt lat="35.348353" lon="-84.037555"><ele>1361.6360434274861</ele></trkpt><trkpt lat="35.34840902317887" lon="-84.03808549697374"><ele>1372.0</ele></trkpt><trkpt lat="35.34868565216942" lon="-84.03798626853518"><ele>1370.0</ele></trkpt><trkpt lat="35.34888581919852" lon="-84.03799798191835"><ele>1370.0</ele></trkpt><trkpt lat="35.34903092562482" lon="-84.03803721642657"><ele>1371.0</ele></trkpt><trkpt lat="35.34929305571133" lon="-84.03796203034011"><ele>1371.7422618073442</ele></trkpt><trkpt lat="35.34947145348603" lon="-84.03793962517335"><ele>1373.0</ele></trkpt><trkpt lat="35.3497993030181" lon="-84.0376745025892"><ele>1375.007589912042</ele></trkpt><trkpt lat="35.34995116334982" lon="-84.03759707637255"><ele>1376.0</ele></trkpt><trkpt lat="35.35009760294948" lon="-84.0375533238381"><ele>1376.654929028824</ele></trkpt><trkpt lat="35.350271928898" lon="-84.03758594201588"><ele>1379.0</ele></trkpt><trkpt lat="35.3506183025082" lon="-84.03760125332883"><ele>1384.0</ele></trkpt><trkpt lat="35.35076675077476" lon="-84.0376934431788"><ele>1384.1248944597319</ele></trkpt><trkpt lat="35.35091486211012" lon="-84.03771425208004"><ele>1385.0</ele></trkpt><trkpt lat="35.35099182612916" lon="-84.03763147069515"><ele>1385.5985274335849</ele></trkpt><trkpt lat="35.35098516343414" lon="-84.03706778566107"><ele>1390.0</ele></trkpt><trkpt lat="35.35103788092108" lon="-84.03679080177295"><ele>1392.0</ele></trkpt><trkpt lat="35.35106479656747" lon="-84.03655537473509"><ele>1392.0</ele></trkpt><trkpt lat="35.35103486589924" lon="-84.03635929796815"><ele>1391.0</ele></trkpt><trkpt lat="35.35094788264279" lon="-84.036010806369"><ele>1390.0</ele></trkpt><trkpt lat="35.35091216251529" lon="-84.03577315341562"><ele>1388.0</ele></trkpt><trkpt lat="35.35088403497883" lon="-84.03546738550119"><ele>1386.0</ele></trkpt><trkpt lat="35.35088451969709" lon="-84.03519739693138"><ele>1384.0</ele></trkpt><trkpt lat="35.35098854349909" lon="-84.03484056500452"><ele>1383.0</ele></trkpt><trkpt lat="35.35105564445361" lon="-84.0344961279585"><ele>1383.9537065649436</ele></trkpt><trkpt lat="35.35122389081157" lon="-84.03404186321279"><ele>1384.6342662787065</ele></trkpt><trkpt lat="35.35151274177026" lon="-84.03348814476794"><ele>1384.934862821363</ele></trkpt><trkpt lat="35.35183426946873" lon="-84.03310140965857"><ele>1383.0590463278977</ele></trkpt><trkpt lat="35.35217263193973" lon="-84.03285151053103"><ele>1380.0</ele></trkpt><trkpt lat="35.35258751166131" lon="-84.03247632629206"><ele>1377.0</ele></trkpt><trkpt lat="35.35276269102732" lon="-84.03219942618534"><ele>1376.0</ele></trkpt><trkpt lat="35.353155" lon="-84.030981"><ele>1372.9913207124919</ele></trkpt><trkpt lat="35.353612" lon="-84.028527"><ele>1383.0</ele></trkpt><trkpt lat="35.35346" lon="-84.026814"><ele>1384.3736790633743</ele></trkpt><trkpt lat="35.353727" lon="-84.02630499999998"><ele>1381.9063399339498</ele></trkpt><trkpt lat="35.353955" lon="-84.025193"><ele>1384.0</ele></trkpt><trkpt lat="35.353765" lon="-84.023619"><ele>1394.8641574084759</ele></trkpt><trkpt lat="35.353346" lon="-84.021953"><ele>1376.317285688594</ele></trkpt><trkpt lat="35.353689" lon="-84.02167500000002"><ele>1370.3615466672927</ele></trkpt><trkpt lat="35.35506" lon="-84.021953"><ele>1366.0439453394977</ele></trkpt><trkpt lat="35.355937" lon="-84.02144299999998"><ele>1375.9746532402933</ele></trkpt><trkpt lat="35.35647" lon="-84.01986899999997"><ele>1369.4313761573285</ele></trkpt><trkpt lat="35.356204" lon="-84.01875799999999"><ele>1360.2315606046468</ele></trkpt><trkpt lat="35.356585" lon="-84.01838800000002"><ele>1363.0</ele></trkpt><trkpt lat="35.357042" lon="-84.01875799999999"><ele>1357.9321600545134</ele></trkpt><trkpt lat="35.357957" lon="-84.01912800000002"><ele>1349.6627434678376</ele></trkpt><trkpt lat="35.358871" lon="-84.01889699999998"><ele>1357.9351359062557</ele></trkpt><trkpt lat="35.359817" lon="-84.01928299999997"><ele>1342.0</ele></trkpt><trkpt lat="35.361189" lon="-84.01909799999999"><ele>1326.9752373021981</ele></trkpt><trkpt lat="35.362065" lon="-84.01932999999997"><ele>1328.0</ele></trkpt><trkpt lat="35.363323" lon="-84.01835800000003"><ele>1313.3559404313564</ele></trkpt><trkpt lat="35.363704" lon="-84.01868200000001"><ele>1308.0999689637874</ele></trkpt><trkpt lat="35.364504" lon="-84.02016300000003"><ele>1319.5351153835654</ele></trkpt><trkpt lat="35.364961" lon="-84.02030200000002"><ele>1301.217587236867</ele></trkpt><trkpt lat="35.366867" lon="-84.01752399999998"><ele>1319.511391025968</ele></trkpt><trkpt lat="35.367781" lon="-84.01701500000001"><ele>1322.0</ele></trkpt><trkpt lat="35.368887" lon="-84.01817199999999"><ele>1327.9114396609366</ele></trkpt><trkpt lat="35.369725" lon="-84.01877400000001"><ele>1332.900007029439</ele></trkpt><trkpt lat="35.369992" lon="-84.01923699999998"><ele>1348.3473864719272</ele></trkpt><trkpt lat="35.369915" lon="-84.02090399999997"><ele>1337.0</ele></trkpt><trkpt lat="35.370144" lon="-84.021413"><ele>1327.9789134270525</ele></trkpt><trkpt lat="35.370525" lon="-84.02178300000003"><ele>1323.6357189193368</ele></trkpt><trkpt lat="35.370754" lon="-84.02229299999999"><ele>1331.7235928643495</ele></trkpt><trkpt lat="35.370792" lon="-84.02284800000001"><ele>1329.0</ele></trkpt><trkpt lat="35.371173" lon="-84.02331100000004"><ele>1330.0</ele></trkpt><trkpt lat="35.371485" lon="-84.02338800000001"><ele>1326.8068671990186</ele></trkpt><trkpt lat="35.371638" lon="-84.021119"><ele>1360.0</ele></trkpt><trkpt lat="35.372057" lon="-84.02074900000002"><ele>1352.8062691427767</ele></trkpt><trkpt lat="35.372591" lon="-84.01972999999998"><ele>1333.2055642360515</ele></trkpt><trkpt lat="35.372705" lon="-84.01917500000002"><ele>1324.9663291798631</ele></trkpt><trkpt lat="35.372476" lon="-84.01750800000002"><ele>1312.8822846932812</ele></trkpt><trkpt lat="35.373963" lon="-84.01500799999997"><ele>1304.3431729786098</ele></trkpt><trkpt lat="35.375258" lon="-84.01408200000003"><ele>1327.927172523303</ele></trkpt><trkpt lat="35.375601" lon="-84.01357300000001"><ele>1334.4146990477202</ele></trkpt><trkpt lat="35.375792" lon="-84.01269300000001"><ele>1319.590801314735</ele></trkpt><trkpt lat="35.375487" lon="-84.01222999999999"><ele>1328.6186873196812</ele></trkpt><trkpt lat="35.375754" lon="-84.01172099999997"><ele>1332.2672553263974</ele></trkpt><trkpt lat="35.37663" lon="-84.011165"><ele>1317.192198538814</ele></trkpt><trkpt lat="35.37724" lon="-84.01023900000001"><ele>1335.16592693422</ele></trkpt><trkpt lat="35.38006" lon="-84.00898899999999"><ele>1356.3857940714806</ele></trkpt><trkpt lat="35.380898" lon="-84.009591"><ele>1356.0</ele></trkpt><trkpt lat="35.38227" lon="-84.00949800000001"><ele>1334.0</ele></trkpt><trkpt lat="35.384328" lon="-84.011212"><ele>1356.143542443181</ele></trkpt><trkpt lat="35.384786" lon="-84.011258"><ele>1359.3245830168667</ele></trkpt><trkpt lat="35.386615" lon="-84.010378"><ele>1320.8831879114732</ele></trkpt><trkpt lat="35.389168" lon="-84.00838699999997"><ele>1305.0237169681996</ele></trkpt><trkpt lat="35.39054" lon="-84.00820199999998"><ele>1311.0</ele></trkpt><trkpt lat="35.390959" lon="-84.00848000000002"><ele>1304.0</ele></trkpt><trkpt lat="35.391874" lon="-84.010517"><ele>1259.0</ele></trkpt><trkpt lat="35.391721" lon="-84.01218399999999"><ele>1246.806982068345</ele></trkpt><trkpt lat="35.392141" lon="-84.01250800000003"><ele>1241.0</ele></trkpt><trkpt lat="35.395342" lon="-84.013804"><ele>1289.0</ele></trkpt><trkpt lat="35.395761" lon="-84.01408200000003"><ele>1297.0768696207097</ele></trkpt><trkpt lat="35.396142" lon="-84.01510000000002"><ele>1296.0521133297552</ele></trkpt><trkpt lat="35.396561" lon="-84.015286"><ele>1297.3874339554459</ele></trkpt><trkpt lat="35.397476" lon="-84.01510000000002"><ele>1285.8535313932225</ele></trkpt><trkpt lat="35.397895" lon="-84.015378"><ele>1282.099923199974</ele></trkpt><trkpt lat="35.398657" lon="-84.016999"><ele>1285.0</ele></trkpt><trkpt lat="35.398657" lon="-84.01810999999998"><ele>1269.5627449401327</ele></trkpt><trkpt lat="35.39839" lon="-84.01922100000002"><ele>1248.4569987300783</ele></trkpt><trkpt lat="35.398848" lon="-84.01931400000001"><ele>1245.908656063812</ele></trkpt><trkpt lat="35.399762" lon="-84.01912800000002"><ele>1236.3372565321624</ele></trkpt><trkpt lat="35.402049" lon="-84.01986899999997"><ele>1197.8041536007077</ele></trkpt><trkpt lat="35.402735" lon="-84.02079500000002"><ele>1183.2988515533507</ele></trkpt><trkpt lat="35.403192" lon="-84.02084100000002"><ele>1174.9975836681285</ele></trkpt><trkpt lat="35.404488" lon="-84.02148999999997"><ele>1170.7399217765778</ele></trkpt><trkpt lat="35.40586" lon="-84.021119"><ele>1164.0</ele></trkpt><trkpt lat="35.406813" lon="-84.021119"><ele>1159.0</ele></trkpt><trkpt lat="35.40746" lon="-84.021999"><ele>1176.0357736553997</ele></trkpt><trkpt lat="35.407613" lon="-84.02250800000002"><ele>1180.7840748336166</ele></trkpt><trkpt lat="35.408794" lon="-84.02375799999999"><ele>1210.6999303309722</ele></trkpt><trkpt lat="35.409251" lon="-84.02399000000003"><ele>1219.7516337763518</ele></trkpt><trkpt lat="35.410166" lon="-84.02389700000003"><ele>1238.0857479097322</ele></trkpt><trkpt lat="35.410623" lon="-84.02408200000002"><ele>1245.3586765816435</ele></trkpt><trkpt lat="35.41089" lon="-84.02459099999999"><ele>1250.9463942013701</ele></trkpt><trkpt lat="35.411309" lon="-84.02449899999999"><ele>1274.1206318680197</ele></trkpt><trkpt lat="35.411538" lon="-84.02565600000003"><ele>1276.3017810508286</ele></trkpt><trkpt lat="35.411538" lon="-84.02732300000002"><ele>1293.6683313355743</ele></trkpt><trkpt lat="35.411271" lon="-84.02783199999999"><ele>1281.9477499891073</ele></trkpt><trkpt lat="35.411386" lon="-84.02834200000001"><ele>1282.4573135571554</ele></trkpt><trkpt lat="35.4123" lon="-84.028388"><ele>1279.0025125276297</ele></trkpt><trkpt lat="35.413215" lon="-84.02889700000003"><ele>1243.1779859624803</ele></trkpt><trkpt lat="35.413825" lon="-84.02982299999996"><ele>1226.9141312018037</ele></trkpt><trkpt lat="35.414816" lon="-84.028481"><ele>1196.884968193248</ele></trkpt><trkpt lat="35.414968" lon="-84.02736900000002"><ele>1184.2788202650845</ele></trkpt><trkpt lat="35.415882" lon="-84.02704499999999"><ele>1171.7610218441114</ele></trkpt><trkpt lat="35.416492" lon="-84.02741600000002"><ele>1143.0442409421714</ele></trkpt><trkpt lat="35.416988" lon="-84.02648999999997"><ele>1113.5895851385262</ele></trkpt><trkpt lat="35.41794" lon="-84.02644299999997"><ele>1094.3016584515287</ele></trkpt><trkpt lat="35.418321" lon="-84.026073"><ele>1073.8158813007176</ele></trkpt><trkpt lat="35.418741" lon="-84.02505400000001"><ele>1058.16563982144</ele></trkpt><trkpt lat="35.421484" lon="-84.024314"><ele>1070.9913793316289</ele></trkpt><trkpt lat="35.421942" lon="-84.02403600000002"><ele>1078.493972108682</ele></trkpt><trkpt lat="35.422628" lon="-84.02320299999997"><ele>1078.0</ele></trkpt><trkpt lat="35.423695" lon="-84.02121199999999"><ele>1093.8749050178062</ele></trkpt><trkpt lat="35.424686" lon="-84.020332"><ele>1081.0959121659398</ele></trkpt><trkpt lat="35.425638" lon="-84.01898900000003"><ele>1076.9152712998405</ele></trkpt><trkpt lat="35.425829" lon="-84.01848000000001"><ele>1074.7132392544995</ele></trkpt><trkpt lat="35.426972" lon="-84.01741500000003"><ele>1064.8311573341489</ele></trkpt><trkpt lat="35.427582" lon="-84.01648899999998"><ele>1054.0896624641568</ele></trkpt><trkpt lat="35.428916" lon="-84.01588700000002"><ele>1051.0</ele></trkpt><trkpt lat="35.43085561086205" lon="-84.0145209181432"><ele>1031.0</ele></trkpt><trkpt lat="35.43112400249175" lon="-84.01451608968353"><ele>1031.1864491072668</ele></trkpt><trkpt lat="35.43147087375011" lon="-84.01476516463663"><ele>1020.8566740378737</ele></trkpt><trkpt lat="35.43167923911782" lon="-84.01546372511882"><ele>1018.0</ele></trkpt><trkpt lat="35.43184469167076" lon="-84.01572962302589"><ele>1016.0</ele></trkpt><trkpt lat="35.43220268895141" lon="-84.01532649993896"><ele>993.5</ele></trkpt><trkpt lat="35.43202785120155" lon="-84.01489734649658"><ele>991.0000000018626</ele></trkpt><trkpt lat="35.43195791599533" lon="-84.01440382003784"><ele>1002.0000000018626</ele></trkpt><trkpt lat="35.43211527012395" lon="-84.01382446289062"><ele>1002.0</ele></trkpt><trkpt lat="35.43215023766633" lon="-84.01350259780884"><ele>995.5</ele></trkpt><trkpt lat="35.43262229800229" lon="-84.01337385177612"><ele>981.5000000009313</ele></trkpt><trkpt lat="35.43276216720005" lon="-84.0131163597107"><ele>977.0</ele></trkpt><trkpt lat="35.43263978166532" lon="-84.01236534118652"><ele>981.0</ele></trkpt><trkpt lat="35.43253487963034" lon="-84.01208639144897"><ele>970.4999999990687</ele></trkpt><trkpt lat="35.43220268895141" lon="-84.0120005607605"><ele>957.0</ele></trkpt><trkpt lat="35.43178307771404" lon="-84.01227951049805"><ele>951.0</ele></trkpt><trkpt lat="35.4315732712754" lon="-84.01204347610474"><ele>953.0000000009313</ele></trkpt><trkpt lat="35.43134598035007" lon="-84.011549949646"><ele>955.5</ele></trkpt><trkpt lat="35.43080397632381" lon="-84.01129245758057"><ele>934.5</ele></trkpt><trkpt lat="35.4305417150015" lon="-84.01101350784302"><ele>933.5</ele></trkpt><trkpt lat="35.43013957931516" lon="-84.0109920501709"><ele>949.5</ele></trkpt><trkpt lat="35.43026196864968" lon="-84.01017665863037"><ele>958.0</ele></trkpt><trkpt lat="35.43024448447041" lon="-84.00979042053223"><ele>952.5</ele></trkpt><trkpt lat="35.43080397632381" lon="-84.00884628295898"><ele>917.0000000037253</ele></trkpt><trkpt lat="35.43178307771404" lon="-84.00648593902588"><ele>877.5</ele></trkpt><trkpt lat="35.43223765645585" lon="-84.00573492050171"><ele>848.0</ele></trkpt><trkpt lat="35.43232507515047" lon="-84.00534868240356"><ele>848.9999999990687</ele></trkpt><trkpt lat="35.43232507515047" lon="-84.0049409866333"><ele>838.4999999981374</ele></trkpt><trkpt lat="35.43204970594105" lon="-84.00498390197754"><ele>840.5</ele></trkpt><trkpt lat="35.43183115827923" lon="-84.0051019191742"><ele>840.75</ele></trkpt><trkpt lat="35.43164757778494" lon="-84.00553107261658"><ele>851.0</ele></trkpt><trkpt lat="35.43127167356224" lon="-84.00543451309204"><ele>834.25</ele></trkpt><trkpt lat="35.43103563978141" lon="-84.00561690330505"><ele>829.25</ele></trkpt><trkpt lat="35.43024011342501" lon="-84.00562763214111"><ele>818.5</ele></trkpt><trkpt lat="35.42854412990327" lon="-84.00552034378052"><ele>768.75</ele></trkpt><trkpt lat="35.42807204566152" lon="-84.00574564933777"><ele>739.75</ele></trkpt><trkpt lat="35.42757373151539" lon="-84.00630354881287"><ele>752.0</ele></trkpt><trkpt lat="35.4273988837159" lon="-84.00660395622253"><ele>739.5000000037253</ele></trkpt><trkpt lat="35.42706667185109" lon="-84.00664687156677"><ele>721.0</ele></trkpt><trkpt lat="35.42665577633336" lon="-84.00642156600952"><ele>716.0</ele></trkpt><trkpt lat="35.42612248328024" lon="-84.00703310966492"><ele>711.0</ele></trkpt><trkpt lat="35.42555421630501" lon="-84.00700092315674"><ele>698.25</ele></trkpt><trkpt lat="35.42523948210124" lon="-84.00703310966492"><ele>684.7499999962747</ele></trkpt><trkpt lat="35.42520451155826" lon="-84.00738716125488"><ele>686.75</ele></trkpt><trkpt lat="35.4249684599959" lon="-84.00752663612366"><ele>683.0</ele></trkpt><trkpt lat="35.4246362381066" lon="-84.00736570358276"><ele>671.25</ele></trkpt><trkpt lat="35.42435647124228" lon="-84.00745153427124"><ele>668.125</ele></trkpt><trkpt lat="35.42401550406266" lon="-84.00760173797607"><ele>661.0</ele></trkpt><trkpt lat="35.42378819180773" lon="-84.00753736495972"><ele>656.7499999981374</ele></trkpt><trkpt lat="35.42370076384658" lon="-84.00668978691101"><ele>647.7499999981374</ele></trkpt><trkpt lat="35.42338602240071" lon="-84.00582075119019"><ele>637.0</ele></trkpt><trkpt lat="35.42330733684711" lon="-84.00505900382996"><ele>626.0</ele></trkpt><trkpt lat="35.42317619408693" lon="-84.00274157524109"><ele>597.0</ele></trkpt><trkpt lat="35.42297510810666" lon="-84.0015721321106"><ele>583.0</ele></trkpt><trkpt lat="35.42272156419872" lon="-84.00107860565186"><ele>584.0</ele></trkpt><trkpt lat="35.42276090727122" lon="-84.00086402893066"><ele>583.0</ele></trkpt><trkpt lat="35.42249861975822" lon="-84.00026321411133"><ele>582.0</ele></trkpt><trkpt lat="35.42185164024146" lon="-83.99959802627563"><ele>589.0000000009313</ele></trkpt><trkpt lat="35.42132705844039" lon="-83.99873971939087"><ele>589.9999999990687</ele></trkpt><trkpt lat="35.42085493189878" lon="-83.99878263473511"><ele>594.0</ele></trkpt><trkpt lat="35.4204877204535" lon="-83.99820327758789"><ele>595.0</ele></trkpt><trkpt lat="35.42066258325524" lon="-83.99738788604736"><ele>595.0</ele></trkpt><trkpt lat="35.42069755577004" lon="-83.99695873260498"><ele>596.0</ele></trkpt><trkpt lat="35.4201205073344" lon="-83.9963150024414"><ele>601.4999999990687</ele></trkpt><trkpt lat="35.42005056178861" lon="-83.99554252624512"><ele>602.9999999990687</ele></trkpt><trkpt lat="35.41970083314876" lon="-83.99481296539307"><ele>607.5</ele></trkpt><trkpt lat="35.41919372392429" lon="-83.99470567703247"><ele>609.0</ele></trkpt><trkpt lat="35.41856420458435" lon="-83.99459838867188"><ele>613.0</ele></trkpt><trkpt lat="35.4181794958996" lon="-83.99479150772095"><ele>615.0</ele></trkpt><trkpt lat="35.4180745750304" lon="-83.99444818496704"><ele>615.0</ele></trkpt><trkpt lat="35.41812703548207" lon="-83.99410486221313"><ele>617.0</ele></trkpt><trkpt lat="35.41845928421615" lon="-83.99399757385254"><ele>614.0</ele></trkpt><trkpt lat="35.41873907156106" lon="-83.99380445480347"><ele>613.0</ele></trkpt><trkpt lat="35.41898388469086" lon="-83.99346113204956"><ele>616.0</ele></trkpt><trkpt lat="35.41931612989141" lon="-83.99333238601685"><ele>614.5</ele></trkpt><trkpt lat="35.42005056178861" lon="-83.99369716644287"><ele>612.0</ele></trkpt><trkpt lat="35.4204877204535" lon="-83.9936113357544"><ele>623.0</ele></trkpt><trkpt lat="35.42102979390348" lon="-83.99431943893433"><ele>646.4999999990687</ele></trkpt><trkpt lat="35.42136203066673" lon="-83.99492025375366"><ele>662.9999999990687</ele></trkpt><trkpt lat="35.42193907020954" lon="-83.99524211883545"><ele>683.0</ele></trkpt><trkpt lat="35.42216638768244" lon="-83.99502754211426"><ele>694.5</ele></trkpt><trkpt lat="35.42220135954442" lon="-83.99434089660645"><ele>708.0</ele></trkpt><trkpt lat="35.42253359147595" lon="-83.99431943893433"><ele>721.0</ele></trkpt><trkpt lat="35.42302319393023" lon="-83.9944052696228"><ele>729.5000000009313</ele></trkpt><trkpt lat="35.42375759203212" lon="-83.99401903152466"><ele>735.5</ele></trkpt><trkpt lat="35.42428215800562" lon="-83.99382591247559"><ele>745.4999999990687</ele></trkpt><trkpt lat="35.42475426446104" lon="-83.99386882781982"><ele>745.5</ele></trkpt><trkpt lat="35.42498157398973" lon="-83.99341821670532"><ele>755.5</ele></trkpt><trkpt lat="35.42524385341807" lon="-83.99318218231201"><ele>760.5</ele></trkpt><trkpt lat="35.42503402994372" lon="-83.99277448654175"><ele>759.5</ele></trkpt><trkpt lat="35.42498157398973" lon="-83.99258136749268"><ele>760.0</ele></trkpt><trkpt lat="35.42536625019233" lon="-83.99230241775513"><ele>748.0</ele></trkpt><trkpt lat="35.42552361720026" lon="-83.99163722991943"><ele>756.0</ele></trkpt><trkpt lat="35.42652026777743" lon="-83.99131536483765"><ele>758.5</ele></trkpt><trkpt lat="35.42695739133291" lon="-83.99107933044434"><ele>754.5</ele></trkpt><trkpt lat="35.42762181459371" lon="-83.99080038070679"><ele>746.5000000009313</ele></trkpt><trkpt lat="35.42786660072917" lon="-83.9905858039856"><ele>741.0</ele></trkpt><trkpt lat="35.42805893217085" lon="-83.99028539657593"><ele>731.0</ele></trkpt><trkpt lat="35.42849604737557" lon="-83.99007081985474"><ele>726.5</ele></trkpt><trkpt lat="35.42805893217085" lon="-83.98996353149414"><ele>718.5</ele></trkpt><trkpt lat="35.42807641682457" lon="-83.98942708969116"><ele>702.0</ele></trkpt><trkpt lat="35.42849604737557" lon="-83.98910522460938"><ele>682.5000000018626</ele></trkpt><trkpt lat="35.42805893217085" lon="-83.98869752883911"><ele>671.0</ele></trkpt><trkpt lat="35.42776169247651" lon="-83.98818254470825"><ele>656.5</ele></trkpt><trkpt lat="35.42794436072057" lon="-83.98715734369904"><ele>638.875721361625</ele></trkpt><trkpt lat="35.42789183173733" lon="-83.98664862635974"><ele>631.0079221310518</ele></trkpt><trkpt lat="35.42835617076818" lon="-83.98601531982422"><ele>628.0</ele></trkpt><trkpt lat="35.42870586183116" lon="-83.9856505393982"><ele>622.0000000018626</ele></trkpt><trkpt lat="35.42882825334452" lon="-83.98522138595581"><ele>618.0</ele></trkpt><trkpt lat="35.42961505148912" lon="-83.98492097854614"><ele>607.0</ele></trkpt><trkpt lat="35.4299472528423" lon="-83.98449182510376"><ele>604.0</ele></trkpt><trkpt lat="35.43078649226225" lon="-83.9833116531372"><ele>588.9999999981374</ele></trkpt><trkpt lat="35.43080397632381" lon="-83.98273229598999"><ele>587.0000000018626</ele></trkpt><trkpt lat="35.43096133270723" lon="-83.98226022720337"><ele>583.5000000009313</ele></trkpt><trkpt lat="35.43076900819685" lon="-83.98191690444946"><ele>582.0</ele></trkpt><trkpt lat="35.43111868878317" lon="-83.98135900497437"><ele>586.0</ele></trkpt><trkpt lat="35.431398432159" lon="-83.98125171661377"><ele>583.5</ele></trkpt><trkpt lat="35.43149896469733" lon="-83.98077964782715"><ele>587.0</ele></trkpt><trkpt lat="35.43150770665125" lon="-83.98030757904053"><ele>590.375</ele></trkpt><trkpt lat="35.43176996482763" lon="-83.98020029067993"><ele>582.3750000009313</ele></trkpt><trkpt lat="35.43177870675214" lon="-83.97978186607361"><ele>581.25</ele></trkpt><trkpt lat="35.43175248097578" lon="-83.97957801818848"><ele>585.875</ele></trkpt><trkpt lat="35.43193606123092" lon="-83.97939562797546"><ele>593.0</ele></trkpt><trkpt lat="35.43228573674963" lon="-83.97921323776245"><ele>604.0</ele></trkpt><trkpt lat="35.43201473835504" lon="-83.97874116897583"><ele>595.875</ele></trkpt><trkpt lat="35.43195354504292" lon="-83.97821545600891"><ele>588.25</ele></trkpt><trkpt lat="35.43258295974667" lon="-83.97826910018921"><ele>581.5</ele></trkpt><trkpt lat="35.43284521442126" lon="-83.9779794216156"><ele>585.25</ele></trkpt><trkpt lat="35.43304627575998" lon="-83.97753953933716"><ele>580.7500000018626</ele></trkpt><trkpt lat="35.43315991890332" lon="-83.97706747055054"><ele>588.5</ele></trkpt><trkpt lat="35.43336972120807" lon="-83.97720694541931"><ele>589.0</ele></trkpt><trkpt lat="35.43370190707265" lon="-83.9770245552063"><ele>601.8749999990687</ele></trkpt><trkpt lat="35.43386799949107" lon="-83.97665977478027"><ele>602.7499999981374</ele></trkpt><trkpt lat="35.43433130811059" lon="-83.97630572319031"><ele>582.2500000018626</ele></trkpt><trkpt lat="35.43455859060968" lon="-83.97583365440369"><ele>579.2500000018626</ele></trkpt><trkpt lat="35.43469845644411" lon="-83.9750611782074"><ele>588.0</ele></trkpt><trkpt lat="35.43488202998306" lon="-83.97499680519104"><ele>591.7500000018626</ele></trkpt><trkpt lat="35.43510931092765" lon="-83.97530794143677"><ele>581.5</ele></trkpt><trkpt lat="35.43578240842317" lon="-83.97441744804382"><ele>569.0</ele></trkpt><trkpt lat="35.43594849655005" lon="-83.97427797317505"><ele>565.25</ele></trkpt><trkpt lat="35.43600094536104" lon="-83.9741063117981"><ele>567.5</ele></trkpt><trkpt lat="35.43628941321079" lon="-83.97414922714233"><ele>566.6250000009313</ele></trkpt><trkpt lat="35.43649046594943" lon="-83.97378444671631"><ele>571.0</ele></trkpt><trkpt lat="35.43665655261572" lon="-83.9734411239624"><ele>577.5</ele></trkpt><trkpt lat="35.43692753538834" lon="-83.97318363189697"><ele>580.5</ele></trkpt><trkpt lat="35.43702369034651" lon="-83.97351622581482"><ele>567.25</ele></trkpt><trkpt lat="35.43714606921807" lon="-83.97323727607727"><ele>577.0</ele></trkpt><trkpt lat="35.43746075689081" lon="-83.97305488586426"><ele>580.5</ele></trkpt><trkpt lat="35.43778418460609" lon="-83.97202491760254"><ele>601.125</ele></trkpt><trkpt lat="35.43815131719486" lon="-83.97170305252075"><ele>613.25</ele></trkpt><trkpt lat="35.43849222452823" lon="-83.97145628929138"><ele>626.0</ele></trkpt><trkpt lat="35.43881564809985" lon="-83.97140264511108"><ele>636.0</ele></trkpt><trkpt lat="35.43898172996956" lon="-83.97087693214417"><ele>623.25</ele></trkpt><trkpt lat="35.43911284699312" lon="-83.97083401679993"><ele>614.5</ele></trkpt><trkpt lat="35.43927018713948" lon="-83.97010445594788"><ele>622.0</ele></trkpt><trkpt lat="35.43982961628063" lon="-83.97024393081665"><ele>622.7500000018626</ele></trkpt><trkpt lat="35.43990828569185" lon="-83.9696216583252"><ele>613.5</ele></trkpt><trkpt lat="35.44026666759226" lon="-83.9696216583252"><ele>616.5</ele></trkpt><trkpt lat="35.44051141529036" lon="-83.96955728530884"><ele>621.0</ele></trkpt><trkpt lat="35.44045896941768" lon="-83.96921396255493"><ele>618.2500000018626</ele></trkpt><trkpt lat="35.44059008403529" lon="-83.96883845329285"><ele>618.0</ele></trkpt><trkpt lat="35.44112328128018" lon="-83.96840929985046"><ele>618.0</ele></trkpt><trkpt lat="35.44149039864179" lon="-83.96830201148987"><ele>607.7500000018626</ele></trkpt><trkpt lat="35.44156906643003" lon="-83.96801233291626"><ele>608.5</ele></trkpt><trkpt lat="35.44175262430361" lon="-83.96788358688354"><ele>612.5</ele></trkpt><trkpt lat="35.44188373681422" lon="-83.96791577339172"><ele>608.2500000018626</ele></trkpt><trkpt lat="35.44225959149436" lon="-83.96756172180176"><ele>602.7500000018626</ele></trkpt><trkpt lat="35.44230329541303" lon="-83.96713256835938"><ele>593.25</ele></trkpt><trkpt lat="35.44248685161239" lon="-83.96673560142517"><ele>594.0</ele></trkpt><trkpt lat="35.44294136992361" lon="-83.9669394493103"><ele>581.5</ele></trkpt><trkpt lat="35.44335218234293" lon="-83.96695017814636"><ele>575.0</ele></trkpt><trkpt lat="35.44369306765239" lon="-83.96692872047424"><ele>575.75</ele></trkpt><trkpt lat="35.44426120662671" lon="-83.96674633026123"><ele>566.625</ele></trkpt><trkpt lat="35.44478563904374" lon="-83.96646738052368"><ele>567.25</ele></trkpt><trkpt lat="35.44507407541665" lon="-83.96628499031067"><ele>559.2499999981374</ele></trkpt><trkpt lat="35.44515273970259" lon="-83.96582365036011"><ele>537.5</ele></trkpt><trkpt lat="35.44506533493568" lon="-83.96568417549133"><ele>532.2500000018626</ele></trkpt><trkpt lat="35.44525762529759" lon="-83.96545886993408"><ele>521.6249999993015</ele></trkpt><trkpt lat="35.44541495343383" lon="-83.96524429321289"><ele>522.125</ele></trkpt><trkpt lat="35.44556354083569" lon="-83.96528720855713"><ele>516.5</ele></trkpt><trkpt lat="35.44597433987208" lon="-83.96435379981995"><ele>560.0</ele></trkpt><trkpt lat="35.44629773338318" lon="-83.9644181728363"><ele>544.7500000018626</ele></trkpt><trkpt lat="35.44654237902349" lon="-83.96505639293798"><ele>527.5019981656224</ele></trkpt><trkpt lat="35.447475" lon="-83.964404"><ele>548.2576648872346</ele></trkpt><trkpt lat="35.448351" lon="-83.96472799999998"><ele>549.5610076449811</ele></trkpt><trkpt lat="35.448732" lon="-83.96509900000001"><ele>550.7778259748593</ele></trkpt><trkpt lat="35.448923" lon="-83.96565399999997"><ele>552.0</ele></trkpt><trkpt lat="35.449304" lon="-83.966117"><ele>546.8289159117267</ele></trkpt><trkpt lat="35.449761" lon="-83.96616399999999"><ele>539.8649056669855</ele></trkpt><trkpt lat="35.450066" lon="-83.96509900000001"><ele>537.177633414045</ele></trkpt><trkpt lat="35.449723" lon="-83.96292299999999"><ele>553.6801045341417</ele></trkpt><trkpt lat="35.450142" lon="-83.96259900000001"><ele>552.8297746125609</ele></trkpt><trkpt lat="35.450371" lon="-83.96093200000001"><ele>551.6592602473875</ele></trkpt><trkpt lat="35.450562" lon="-83.96042299999999"><ele>549.1979401670396</ele></trkpt><trkpt lat="35.45079" lon="-83.95991400000003"><ele>540.0903317350894</ele></trkpt><trkpt lat="35.451171" lon="-83.959543"><ele>531.8388279303908</ele></trkpt><trkpt lat="35.45262" lon="-83.95917300000002"><ele>509.97146577577723</ele></trkpt><trkpt lat="35.453305" lon="-83.95833900000002"><ele>512.1248853262514</ele></trkpt><trkpt lat="35.453725" lon="-83.953848"><ele>482.51274702260656</ele></trkpt><trkpt lat="35.454639" lon="-83.95347800000002"><ele>456.5550824869424</ele></trkpt><trkpt lat="35.455249" lon="-83.95259799999997"><ele>427.35960076180703</ele></trkpt><trkpt lat="35.455592" lon="-83.95148699999999"><ele>400.33184134960175</ele></trkpt><trkpt lat="35.45563" lon="-83.95065399999999"><ele>364.93499829391305</ele></trkpt><trkpt lat="35.455900485915" lon="-83.9502792678395"><ele>353.04894707316964</ele></trkpt><trkpt lat="35.45658562677752" lon="-83.95095102111918"><ele>369.5687738470733</ele></trkpt><trkpt lat="35.45732501318573" lon="-83.95238818330665"><ele>393.8044367317009</ele></trkpt><trkpt lat="35.45946129711351" lon="-83.9547240571141"><ele>363.95214275808405</ele></trkpt><trkpt lat="35.4617750900765" lon="-83.95653360747417"><ele>364.8203776162118</ele></trkpt><trkpt lat="35.46254868563959" lon="-83.95733564751879"><ele>360.00917048665747</ele></trkpt><trkpt lat="35.4628844032643" lon="-83.95934177173757"><ele>358.21834308467805</ele></trkpt><trkpt lat="35.46274571492147" lon="-83.9602413847623"><ele>366.2082756298913</ele></trkpt><trkpt lat="35.46219790635165" lon="-83.96062701659139"><ele>365.68068669643253</ele></trkpt><trkpt lat="35.46043484321468" lon="-83.96096564622252"><ele>334.0</ele></trkpt><trkpt lat="35.46112241235633" lon="-83.96090430873278"><ele>346.5158725529909</ele></trkpt><trkpt lat="35.46249931489756" lon="-83.96033662817985"><ele>381.25715610943735</ele></trkpt><trkpt lat="35.46291304237877" lon="-83.95986396888492"><ele>351.195024917713</ele></trkpt><trkpt lat="35.46276934116878" lon="-83.95791500906728"><ele>350.8875318235348</ele></trkpt><trkpt lat="35.46213637345463" lon="-83.95675766151629"><ele>363.58816391548606</ele></trkpt><trkpt lat="35.45984685046506" lon="-83.95500603733916"><ele>349.2156058825495</ele></trkpt><trkpt lat="35.45868177352575" lon="-83.95381149393927"><ele>370.12386691553405</ele></trkpt><trkpt lat="35.45563" lon="-83.94996000000003"><ele>362.85774766281247</ele></trkpt><trkpt lat="35.453344" lon="-83.94931099999997"><ele>361.9547171546146</ele></trkpt><trkpt lat="35.452543" lon="-83.94852400000002"><ele>356.7475065626204</ele></trkpt><trkpt lat="35.4522" lon="-83.94810799999999"><ele>348.90097961891263</ele></trkpt><trkpt lat="35.452048" lon="-83.94759799999997"><ele>338.12313102092594</ele></trkpt><trkpt lat="35.451324" lon="-83.94676500000003"><ele>337.20860000140965</ele></trkpt><trkpt lat="35.451286" lon="-83.94620900000001"><ele>333.0</ele></trkpt><trkpt lat="35.450371" lon="-83.944774"><ele>334.728964721784</ele></trkpt><trkpt lat="35.44969783762004" lon="-83.94320612882649"><ele>337.23965480551124</ele></trkpt><trkpt lat="35.44952129752776" lon="-83.94240692016916"><ele>334.4722166346728</ele></trkpt><trkpt lat="35.44939950623913" lon="-83.94206584064455"><ele>336.0</ele></trkpt><trkpt lat="35.44912649675627" lon="-83.9416749005951"><ele>340.0</ele></trkpt><trkpt lat="35.44901983893434" lon="-83.94147381050914"><ele>341.0</ele></trkpt><trkpt lat="35.44852253290561" lon="-83.94091238795232"><ele>342.0</ele></trkpt><trkpt lat="35.4496576343624" lon="-83.94128392566216"><ele>331.0</ele></trkpt><trkpt lat="35.44860265476998" lon="-83.94089633591233"><ele>341.8029478043318</ele></trkpt><trkpt lat="35.447144" lon="-83.939772"><ele>343.0</ele></trkpt><trkpt lat="35.445887" lon="-83.93819400000001"><ele>349.0</ele></trkpt><trkpt lat="35.445561" lon="-83.93795599999999"><ele>348.2266375115141</ele></trkpt><trkpt lat="35.444628" lon="-83.93805600000002"><ele>341.59968550875783</ele></trkpt><trkpt lat="35.444019" lon="-83.93778800000001"><ele>347.0993949902276</ele></trkpt><trkpt lat="35.443239" lon="-83.93706700000001"><ele>349.0</ele></trkpt><trkpt lat="35.44318" lon="-83.93671599999999"><ele>350.0</ele></trkpt><trkpt lat="35.442855" lon="-83.936759"><ele>364.0108807105571</ele></trkpt><trkpt lat="35.442798" lon="-83.93600200000003"><ele>394.902530439198</ele></trkpt><trkpt lat="35.442517" lon="-83.93586700000003"><ele>413.6065074764192</ele></trkpt><trkpt lat="35.44246" lon="-83.93550800000003"><ele>423.285999359563</ele></trkpt><trkpt lat="35.441764" lon="-83.93485399999997"><ele>447.7118536312699</ele></trkpt><trkpt lat="35.44163" lon="-83.934124"><ele>455.0463412394747</ele></trkpt><trkpt lat="35.441764" lon="-83.93226099999998"><ele>476.9007209651172</ele></trkpt><trkpt lat="35.44165" lon="-83.93153799999999"><ele>483.7592262737453</ele></trkpt><trkpt lat="35.442006" lon="-83.928942"><ele>517.0</ele></trkpt><trkpt lat="35.441817" lon="-83.92715900000002"><ele>521.9597036896457</ele></trkpt><trkpt lat="35.441437" lon="-83.92613399999999"><ele>533.0</ele></trkpt><trkpt lat="35.440648" lon="-83.92558400000001"><ele>525.1134568115697</ele></trkpt><trkpt lat="35.44011" lon="-83.92471799999998"><ele>515.208910798024</ele></trkpt><trkpt lat="35.440127" lon="-83.92362200000002"><ele>516.0213318839669</ele></trkpt><trkpt lat="35.439657" lon="-83.92316299999999"><ele>518.0065284771845</ele></trkpt><trkpt lat="35.439971" lon="-83.92253900000003"><ele>520.626436301507</ele></trkpt><trkpt lat="35.439829" lon="-83.92222200000003"><ele>517.6989313708618</ele></trkpt><trkpt lat="35.440107" lon="-83.92158899999998"><ele>521.132633453235</ele></trkpt><trkpt lat="35.440207" lon="-83.92010099999999"><ele>511.50696720555425</ele></trkpt><trkpt lat="35.440023" lon="-83.9194"><ele>505.31182624027133</ele></trkpt><trkpt lat="35.440401" lon="-83.918433"><ele>504.86966351326555</ele></trkpt><trkpt lat="35.44103" lon="-83.91773999999998"><ele>508.36052266694605</ele></trkpt><trkpt lat="35.441213" lon="-83.91705999999999"><ele>524.2551817385705</ele></trkpt><trkpt lat="35.440712" lon="-83.916134"><ele>542.276169097051</ele></trkpt><trkpt lat="35.44054" lon="-83.91542400000003"><ele>557.293945598416</ele></trkpt><trkpt lat="35.440702" lon="-83.91392100000002"><ele>591.0</ele></trkpt><trkpt lat="35.4411170947786" lon="-83.91315117811234"><ele>591.0</ele></trkpt><trkpt lat="35.44114811537982" lon="-83.91282539729684"><ele>593.5960562349128</ele></trkpt><trkpt lat="35.44097758258032" lon="-83.9124035758253"><ele>597.0</ele></trkpt><trkpt lat="35.44028213873028" lon="-83.91176509934752"><ele>606.0</ele></trkpt><trkpt lat="35.44031005937399" lon="-83.91095417901226"><ele>618.3347850330174</ele></trkpt><trkpt lat="35.439993" lon="-83.91047200000003"><ele>625.6696538077667</ele></trkpt><trkpt lat="35.44022" lon="-83.90975600000002"><ele>630.7191816447303</ele></trkpt><trkpt lat="35.440071" lon="-83.908639"><ele>640.0574992317706</ele></trkpt><trkpt lat="35.440172" lon="-83.90753699999999"><ele>651.8348581697792</ele></trkpt><trkpt lat="35.442142" lon="-83.904245"><ele>684.0</ele></trkpt><trkpt lat="35.440679" lon="-83.902398"><ele>716.456111569434</ele></trkpt><trkpt lat="35.440865" lon="-83.90056700000002"><ele>707.0</ele></trkpt><trkpt lat="35.441186" lon="-83.89992899999999"><ele>702.0</ele></trkpt><trkpt lat="35.441344" lon="-83.89919399999997"><ele>712.6667669350281</ele></trkpt><trkpt lat="35.441213" lon="-83.898841"><ele>722.4548799457655</ele></trkpt><trkpt lat="35.44133" lon="-83.89808099999999"><ele>728.0</ele></trkpt><trkpt lat="35.441135" lon="-83.89735000000002"><ele>723.6033955542371</ele></trkpt><trkpt lat="35.44029" lon="-83.89625899999999"><ele>722.0</ele></trkpt><trkpt lat="35.439688" lon="-83.89495099999999"><ele>707.3444221851641</ele></trkpt><trkpt lat="35.438555" lon="-83.89431400000001"><ele>733.5679650120437</ele></trkpt><trkpt lat="35.438367" lon="-83.893576"><ele>751.4128895383328</ele></trkpt><trkpt lat="35.437648" lon="-83.89423899999997"><ele>775.1262448476627</ele></trkpt><trkpt lat="35.437611" lon="-83.89388500000001"><ele>787.0551805555917</ele></trkpt><trkpt lat="35.437323" lon="-83.89403299999998"><ele>796.316443413496</ele></trkpt><trkpt lat="35.437113" lon="-83.89295199999998"><ele>820.1415410153568</ele></trkpt><trkpt lat="35.436471" lon="-83.891729"><ele>835.8634325861931</ele></trkpt><trkpt lat="35.435588" lon="-83.888579"><ele>871.0</ele></trkpt><trkpt lat="35.435828" lon="-83.88838199999998"><ele>876.8363156835076</ele></trkpt><trkpt lat="35.436104" lon="-83.88735400000002"><ele>902.4507598206401</ele></trkpt><trkpt lat="35.436112" lon="-83.88620200000003"><ele>898.916988959316</ele></trkpt><trkpt lat="35.435543" lon="-83.88410299999998"><ele>909.9461222034971</ele></trkpt><trkpt lat="35.435519" lon="-83.88335599999999"><ele>912.5269918067862</ele></trkpt><trkpt lat="35.436035" lon="-83.88204300000001"><ele>904.038700800389</ele></trkpt><trkpt lat="35.43605412387197" lon="-83.88018275194668"><ele>911.191131012919</ele></trkpt><trkpt lat="35.43566527026834" lon="-83.87989291554032"><ele>916.0</ele></trkpt><trkpt lat="35.43547647072863" lon="-83.87979106032526"><ele>919.0</ele></trkpt><trkpt lat="35.43534034347704" lon="-83.87966675284542"><ele>918.0</ele></trkpt><trkpt lat="35.43523511504924" lon="-83.87940945071205"><ele>919.5542486384511</ele></trkpt><trkpt lat="35.43507182061354" lon="-83.87930176323943"><ele>921.8943709619343</ele></trkpt><trkpt lat="35.4349034273239" lon="-83.87912165185344"><ele>925.9964723430988</ele></trkpt><trkpt lat="35.43480628182376" lon="-83.87878858943998"><ele>929.0</ele></trkpt><trkpt lat="35.43459484095453" lon="-83.87853183484572"><ele>928.5831107059494</ele></trkpt><trkpt lat="35.4341103408647" lon="-83.87817774981329"><ele>934.7937340140343</ele></trkpt><trkpt lat="35.4338940707396" lon="-83.87789067886365"><ele>939.0</ele></trkpt><trkpt lat="35.43379764543347" lon="-83.87762986992902"><ele>939.7740484867245</ele></trkpt><trkpt lat="35.43378838932827" lon="-83.87728329466643"><ele>941.3034706506878</ele></trkpt><trkpt lat="35.43358052106547" lon="-83.87685062252353"><ele>945.0</ele></trkpt><trkpt lat="35.43355724250028" lon="-83.87671058517537"><ele>946.0</ele></trkpt><trkpt lat="35.43355482067113" lon="-83.8762795515807"><ele>945.0</ele></trkpt><trkpt lat="35.43348295978605" lon="-83.87602461340242"><ele>942.4341471179091</ele></trkpt><trkpt lat="35.43332070464201" lon="-83.87574716297445"><ele>940.6511807028892</ele></trkpt><trkpt lat="35.43330094654816" lon="-83.87560259270526"><ele>939.9134435788756</ele></trkpt><trkpt lat="35.433339431006" lon="-83.87513709389617"><ele>937.0</ele></trkpt><trkpt lat="35.4331929243624" lon="-83.87485346809456"><ele>934.9886658656053</ele></trkpt><trkpt lat="35.43319586177194" lon="-83.8746079955148"><ele>934.0</ele></trkpt><trkpt lat="35.43322895473319" lon="-83.87434753215621"><ele>932.5835575726907</ele></trkpt><trkpt lat="35.43319355204364" lon="-83.87394799418155"><ele>930.0</ele></trkpt><trkpt lat="35.433302" lon="-83.87186600000001"><ele>895.0</ele></trkpt><trkpt lat="35.432811" lon="-83.87044200000003"><ele>867.7930585406721</ele></trkpt><trkpt lat="35.432658" lon="-83.868672"><ele>856.0</ele></trkpt><trkpt lat="35.431599" lon="-83.86686600000002"><ele>852.137796024289</ele></trkpt><trkpt lat="35.43097647067619" lon="-83.86523130330295"><ele>908.517870944095</ele></trkpt><trkpt lat="35.43051364148087" lon="-83.86488784906783"><ele>907.2171723221918</ele></trkpt><trkpt lat="35.42976668684091" lon="-83.8651158092564"><ele>884.0</ele></trkpt><trkpt lat="35.43015520134383" lon="-83.86423242816011"><ele>878.0</ele></trkpt><trkpt lat="35.429984" lon="-83.86393099999998"><ele>868.0600526249036</ele></trkpt><trkpt lat="35.430369" lon="-83.862145"><ele>845.2753102229908</ele></trkpt><trkpt lat="35.430348" lon="-83.85953"><ele>889.1431431109086</ele></trkpt><trkpt lat="35.4306" lon="-83.85845699999999"><ele>893.9009943714996</ele></trkpt><trkpt lat="35.430065" lon="-83.853656"><ele>867.7344766203314</ele></trkpt><trkpt lat="35.42938" lon="-83.85244499999999"><ele>857.6261012096024</ele></trkpt><trkpt lat="35.42883" lon="-83.852056"><ele>874.9001025687903</ele></trkpt><trkpt lat="35.42859" lon="-83.85092700000001"><ele>881.9731097070045</ele></trkpt><trkpt lat="35.428887" lon="-83.84945700000003"><ele>908.0</ele></trkpt><trkpt lat="35.42851" lon="-83.84766300000001"><ele>920.2020030803978</ele></trkpt><trkpt lat="35.429184" lon="-83.84605699999997"><ele>938.6535404101014</ele></trkpt><trkpt lat="35.429028" lon="-83.84459500000003"><ele>936.8354097791016</ele></trkpt><trkpt lat="35.427885" lon="-83.84330699999998"><ele>946.9377679925507</ele></trkpt><trkpt lat="35.427123" lon="-83.84128699999997"><ele>973.4715375453234</ele></trkpt><trkpt lat="35.426224" lon="-83.841024"><ele>973.5525306112445</ele></trkpt><trkpt lat="35.42458" lon="-83.839338"><ele>949.813086182095</ele></trkpt><trkpt lat="35.423516" lon="-83.83851700000002"><ele>985.0</ele></trkpt><trkpt lat="35.423078" lon="-83.837515"><ele>988.0</ele></trkpt><trkpt lat="35.422374" lon="-83.833259"><ele>935.0</ele></trkpt><trkpt lat="35.422598" lon="-83.83180199999998"><ele>925.8855405709971</ele></trkpt><trkpt lat="35.423064" lon="-83.83086800000001"><ele>925.4075337617592</ele></trkpt><trkpt lat="35.423201" lon="-83.83014000000003"><ele>916.8313610684127</ele></trkpt><trkpt lat="35.423263" lon="-83.82803799999999"><ele>903.0</ele></trkpt><trkpt lat="35.424353" lon="-83.83022299999999"><ele>845.9458620536773</ele></trkpt><trkpt lat="35.42465" lon="-83.83160700000002"><ele>819.9425440851496</ele></trkpt><trkpt lat="35.424524" lon="-83.83245999999997"><ele>796.2866496062767</ele></trkpt><trkpt lat="35.42506" lon="-83.83340499999997"><ele>763.6814879232193</ele></trkpt><trkpt lat="35.425504" lon="-83.83319799999998"><ele>744.08495107076</ele></trkpt><trkpt lat="35.425953" lon="-83.83333099999999"><ele>725.4430148750544</ele></trkpt><trkpt lat="35.426151" lon="-83.83303699999999"><ele>718.0960313857302</ele></trkpt><trkpt lat="35.426719" lon="-83.833233"><ele>699.6341100838035</ele></trkpt><trkpt lat="35.427229" lon="-83.832333"><ele>678.4660703670233</ele></trkpt><trkpt lat="35.427535" lon="-83.83233100000001"><ele>666.9651578813791</ele></trkpt><trkpt lat="35.427741" lon="-83.83207900000002"><ele>662.1834603976458</ele></trkpt><trkpt lat="35.428339" lon="-83.83207700000003"><ele>649.991845448992</ele></trkpt><trkpt lat="35.428089" lon="-83.83187199999998"><ele>648.9006343102083</ele></trkpt><trkpt lat="35.42824" lon="-83.831166"><ele>642.6433051809488</ele></trkpt><trkpt lat="35.428005" lon="-83.830893"><ele>639.0233274303125</ele></trkpt><trkpt lat="35.428205" lon="-83.830623"><ele>636.7546270066858</ele></trkpt><trkpt lat="35.42836" lon="-83.828397"><ele>629.8270973786712</ele></trkpt><trkpt lat="35.428622" lon="-83.82821200000001"><ele>631.9323316078207</ele></trkpt><trkpt lat="35.428723" lon="-83.827854"><ele>635.0267760894759</ele></trkpt><trkpt lat="35.428546" lon="-83.82753400000001"><ele>633.8782244157046</ele></trkpt><trkpt lat="35.428878" lon="-83.82655599999998"><ele>628.0243174440334</ele></trkpt><trkpt lat="35.428745" lon="-83.82582200000002"><ele>625.0</ele></trkpt><trkpt lat="35.42921" lon="-83.82488000000001"><ele>615.0082945750596</ele></trkpt><trkpt lat="35.429762" lon="-83.82453399999997"><ele>605.2960831105041</ele></trkpt><trkpt lat="35.430169" lon="-83.824003"><ele>604.0</ele></trkpt><trkpt lat="35.430203" lon="-83.82363099999998"><ele>601.3726853057742</ele></trkpt><trkpt lat="35.430783" lon="-83.823531"><ele>595.1818602662534</ele></trkpt><trkpt lat="35.431043" lon="-83.82330300000001"><ele>588.3290314022452</ele></trkpt><trkpt lat="35.431099" lon="-83.822947"><ele>589.0</ele></trkpt><trkpt lat="35.431699" lon="-83.82310100000001"><ele>589.8575921775773</ele></trkpt><trkpt lat="35.43193319048281" lon="-83.8228701108186"><ele>593.8737006393097</ele></trkpt><trkpt lat="35.43223668769529" lon="-83.82191806382576"><ele>583.0</ele></trkpt><trkpt lat="35.43250441199451" lon="-83.82192977481117"><ele>582.0</ele></trkpt><trkpt lat="35.43261663362046" lon="-83.82152175095172"><ele>583.0</ele></trkpt><trkpt lat="35.43249902621864" lon="-83.82140437114253"><ele>586.0</ele></trkpt><trkpt lat="35.43276218313633" lon="-83.82207592331753"><ele>577.0</ele></trkpt><trkpt lat="35.43269188774809" lon="-83.82274214024005"><ele>569.5816691396758</ele></trkpt><trkpt lat="35.4329575700101" lon="-83.82355449791362"><ele>559.8236598204821</ele></trkpt><trkpt lat="35.43366993181381" lon="-83.82470218304286"><ele>547.0</ele></trkpt><trkpt lat="35.43468115282654" lon="-83.82524992614128"><ele>538.0</ele></trkpt><trkpt lat="35.43555827267351" lon="-83.82525114194141"><ele>530.6537150060758</ele></trkpt><trkpt lat="35.43441879524455" lon="-83.82518614739854"><ele>540.0</ele></trkpt><trkpt lat="35.43341897433441" lon="-83.824451313368"><ele>549.0</ele></trkpt><trkpt lat="35.43273931297744" lon="-83.82287652582102"><ele>568.0</ele></trkpt><trkpt lat="35.43280083466329" lon="-83.82219679582931"><ele>575.0</ele></trkpt><trkpt lat="35.43262242454979" lon="-83.8219193111122"><ele>580.9927619583905</ele></trkpt><trkpt lat="35.43260965317418" lon="-83.82155499038271"><ele>583.0</ele></trkpt><trkpt lat="35.43195687550609" lon="-83.82111331599299"><ele>596.0</ele></trkpt><trkpt lat="35.43210333282837" lon="-83.82041989606694"><ele>596.0</ele></trkpt><trkpt lat="35.43272795961539" lon="-83.82000977149778"><ele>598.8793376079741</ele></trkpt><trkpt lat="35.43278553916885" lon="-83.81929099607032"><ele>594.803530937545</ele></trkpt><trkpt lat="35.4332964120437" lon="-83.81917904903378"><ele>596.4430460166186</ele></trkpt><trkpt lat="35.43333846748184" lon="-83.81856768088153"><ele>600.0</ele></trkpt><trkpt lat="35.43374244680051" lon="-83.81827336369213"><ele>599.9312480781227</ele></trkpt><trkpt lat="35.43376375598643" lon="-83.81791875313911"><ele>597.632199626416</ele></trkpt><trkpt lat="35.43385826686006" lon="-83.81842214564313"><ele>592.2784669756729</ele></trkpt><trkpt lat="35.43353305334847" lon="-83.8187157521341"><ele>587.2249551210552</ele></trkpt><trkpt lat="35.433285" lon="-83.81945999999999"><ele>587.0517668420088</ele></trkpt><trkpt lat="35.43349096274903" lon="-83.81944533633578"><ele>578.5392363509163</ele></trkpt><trkpt lat="35.4336460229618" lon="-83.81886967649939"><ele>579.0230164444397</ele></trkpt><trkpt lat="35.43402485652719" lon="-83.81843337999362"><ele>583.4790320915843</ele></trkpt><trkpt lat="35.4342389349753" lon="-83.81754282579072"><ele>578.0</ele></trkpt><trkpt lat="35.43504598576107" lon="-83.81657110548872"><ele>569.0</ele></trkpt><trkpt lat="35.43527416797215" lon="-83.81537888485866"><ele>563.0</ele></trkpt><trkpt lat="35.43551890528983" lon="-83.8153349568206"><ele>555.2515888053293</ele></trkpt><trkpt lat="35.43590377265075" lon="-83.81481132742294"><ele>563.3081441111863</ele></trkpt><trkpt lat="35.43569595179792" lon="-83.81520261491664"><ele>558.8980321045965</ele></trkpt><trkpt lat="35.4352141837108" lon="-83.81551402143828"><ele>564.0</ele></trkpt><trkpt lat="35.43500604299721" lon="-83.81657019519196"><ele>569.0</ele></trkpt><trkpt lat="35.43488722228811" lon="-83.81617686965473"><ele>574.7513687155827</ele></trkpt><trkpt lat="35.43500949930552" lon="-83.81586386214428"><ele>571.4590228889138</ele></trkpt><trkpt lat="35.435004" lon="-83.81501300000002"><ele>581.7735718358308</ele></trkpt><trkpt lat="35.434753" lon="-83.81475999999998"><ele>585.5538656376302</ele></trkpt><trkpt lat="35.434698" lon="-83.81439599999999"><ele>584.2761075627059</ele></trkpt><trkpt lat="35.43393" lon="-83.813829"><ele>593.2396364752203</ele></trkpt><trkpt lat="35.434054" lon="-83.81347499999998"><ele>583.1112922541797</ele></trkpt><trkpt lat="35.435116" lon="-83.81282399999998"><ele>580.67430511287</ele></trkpt><trkpt lat="35.435792" lon="-83.81206099999997"><ele>583.6575065953657</ele></trkpt><trkpt lat="35.436103" lon="-83.812206"><ele>586.9651653911101</ele></trkpt><trkpt lat="35.437197" lon="-83.81166300000001"><ele>567.9070271998644</ele></trkpt><trkpt lat="35.437564" lon="-83.811124"><ele>580.0262478217483</ele></trkpt><trkpt lat="35.437459" lon="-83.809665"><ele>595.3504935968667</ele></trkpt><trkpt lat="35.436993" lon="-83.80913700000002"><ele>594.3728405348957</ele></trkpt><trkpt lat="35.436375" lon="-83.808918"><ele>595.3334015998989</ele></trkpt><trkpt lat="35.436143" lon="-83.808675"><ele>589.4667398137972</ele></trkpt><trkpt lat="35.436085" lon="-83.80830600000002"><ele>589.8843718916178</ele></trkpt><trkpt lat="35.435811" lon="-83.808177"><ele>599.7748075395784</ele></trkpt><trkpt lat="35.435278" lon="-83.80842999999999"><ele>597.4672335427329</ele></trkpt><trkpt lat="35.434632" lon="-83.80758300000002"><ele>603.0023470371962</ele></trkpt><trkpt lat="35.434485" lon="-83.80725899999999"><ele>600.3911043282424</ele></trkpt><trkpt lat="35.434481" lon="-83.80652499999997"><ele>604.1316283509775</ele></trkpt><trkpt lat="35.433889" lon="-83.805137"><ele>612.0</ele></trkpt><trkpt lat="35.433916" lon="-83.80476499999997"><ele>610.0</ele></trkpt><trkpt lat="35.434446" lon="-83.80441100000002"><ele>609.5646334141493</ele></trkpt><trkpt lat="35.434622" lon="-83.80370399999998"><ele>614.5130316110833</ele></trkpt><trkpt lat="35.434856" lon="-83.803497"><ele>618.4702101340517</ele></trkpt><trkpt lat="35.435476" lon="-83.80343299999998"><ele>621.5542295032575</ele></trkpt><trkpt lat="35.435733" lon="-83.80359799999997"><ele>628.0</ele></trkpt><trkpt lat="35.436022" lon="-83.80424299999999"><ele>629.3198661164854</ele></trkpt><trkpt lat="35.436552" lon="-83.80463600000002"><ele>629.158649967052</ele></trkpt><trkpt lat="35.437462" lon="-83.80454299999997"><ele>633.9504599815106</ele></trkpt><trkpt lat="35.437729" lon="-83.80467699999997"><ele>638.4782243566588</ele></trkpt><trkpt lat="35.438513" lon="-83.80409900000001"><ele>630.0616342201829</ele></trkpt><trkpt lat="35.438621" lon="-83.80333999999999"><ele>626.6709239995107</ele></trkpt><trkpt lat="35.438857" lon="-83.80309499999998"><ele>627.5894120009616</ele></trkpt><trkpt lat="35.438904" lon="-83.802371"><ele>619.6962114814669</ele></trkpt><trkpt lat="35.439121" lon="-83.80212399999999"><ele>622.6107647751949</ele></trkpt><trkpt lat="35.438976" lon="-83.80104"><ele>611.5631467222933</ele></trkpt><trkpt lat="35.439373" lon="-83.800477"><ele>608.7658276767334</ele></trkpt><trkpt lat="35.439329" lon="-83.79904499999998"><ele>605.4373981738463</ele></trkpt><trkpt lat="35.438691" lon="-83.79831200000001"><ele>591.986947290928</ele></trkpt><trkpt lat="35.438738" lon="-83.79793699999999"><ele>591.7765098921955</ele></trkpt><trkpt lat="35.439979" lon="-83.79630400000002"><ele>588.752215885378</ele></trkpt><trkpt lat="35.440131" lon="-83.79524100000003"><ele>583.7381042856723</ele></trkpt><trkpt lat="35.439876" lon="-83.79367200000002"><ele>578.4114635950036</ele></trkpt><trkpt lat="35.440752" lon="-83.79402700000003"><ele>563.9880887977779</ele></trkpt><trkpt lat="35.441095" lon="-83.79539999999997"><ele>537.0</ele></trkpt><trkpt lat="35.441362" lon="-83.79540400000002"><ele>530.6662666016282</ele></trkpt><trkpt lat="35.441649" lon="-83.79571099999998"><ele>527.0</ele></trkpt><trkpt lat="35.441935" lon="-83.795616"><ele>538.7514303997159</ele></trkpt><trkpt lat="35.441831" lon="-83.795165"><ele>547.733306189999</ele></trkpt><trkpt lat="35.442067" lon="-83.79480799999999"><ele>557.1382875402095</ele></trkpt><trkpt lat="35.442878" lon="-83.79449399999999"><ele>548.9848430100891</ele></trkpt><trkpt lat="35.443094" lon="-83.794149"><ele>551.9809946678579</ele></trkpt><trkpt lat="35.442992" lon="-83.79244"><ele>551.3479203416741</ele></trkpt><trkpt lat="35.444391" lon="-83.79036000000002"><ele>571.6987839983776</ele></trkpt><trkpt lat="35.445448" lon="-83.79039599999999"><ele>582.3595597110689</ele></trkpt><trkpt lat="35.44572" lon="-83.79076099999997"><ele>573.208984287734</ele></trkpt><trkpt lat="35.446212" lon="-83.79103199999997"><ele>567.0</ele></trkpt><trkpt lat="35.446643" lon="-83.79192"><ele>578.9975146660581</ele></trkpt><trkpt lat="35.44645" lon="-83.792912"><ele>572.9697560487616</ele></trkpt><trkpt lat="35.447147" lon="-83.79423500000001"><ele>555.1666291859001</ele></trkpt><trkpt lat="35.44743951399917" lon="-83.79471988693302"><ele>550.0</ele></trkpt><trkpt lat="35.44785062326122" lon="-83.79452192233634"><ele>523.9145823866129</ele></trkpt><trkpt lat="35.4483798309893" lon="-83.79390645202562"><ele>539.359938884154</ele></trkpt><trkpt lat="35.44854512329078" lon="-83.79397509477258"><ele>543.0</ele></trkpt><trkpt lat="35.44841475868628" lon="-83.79439015987589"><ele>546.0</ele></trkpt><trkpt lat="35.44882112845825" lon="-83.79530402299133"><ele>554.0</ele></trkpt><trkpt lat="35.44901815144573" lon="-83.79630857460927"><ele>564.9414491427804</ele></trkpt><trkpt lat="35.44948238217408" lon="-83.79675294224853"><ele>564.0</ele></trkpt><trkpt lat="35.45040311448068" lon="-83.79825206999783"><ele>555.891731582582</ele></trkpt><trkpt lat="35.45067394134049" lon="-83.79961538664782"><ele>544.7793662791202</ele></trkpt><trkpt lat="35.45135670827851" lon="-83.79995308021398"><ele>538.4166874248214</ele></trkpt><trkpt lat="35.451687" lon="-83.80038200000001"><ele>533.0</ele></trkpt><trkpt lat="35.45194608455294" lon="-83.80141847549987"><ele>526.0</ele></trkpt><trkpt lat="35.4508409988166" lon="-83.80157095079937"><ele>525.0</ele></trkpt><trkpt lat="35.45070716577047" lon="-83.8017844258697"><ele>524.0</ele></trkpt><trkpt lat="35.450906907796" lon="-83.80196026278895"><ele>524.0</ele></trkpt><trkpt lat="35.45153599673461" lon="-83.80182651494067"><ele>523.0</ele></trkpt><trkpt lat="35.45182969086502" lon="-83.8024367124932"><ele>509.6050198804587</ele></trkpt><trkpt lat="35.45259151007014" lon="-83.8023188929115"><ele>513.0147526515648</ele></trkpt><trkpt lat="35.45268638725318" lon="-83.80255336949676"><ele>515.1189677211299</ele></trkpt><trkpt lat="35.452417" lon="-83.80817100000002"><ele>526.6781527735293</ele></trkpt><trkpt lat="35.452759" lon="-83.80849799999999"><ele>529.3653053647184</ele></trkpt></trkseg></trk><trk><name>BMT 3</name><extensions><gpxx:TrackExtension><gpxx:DisplayColor>Red</gpxx:DisplayColor></gpxx:TrackExtension></extensions><trkseg><trkpt lat="35.452759" lon="-83.80849799999999"><ele>529.3653053647184</ele></trkpt><trkpt lat="35.453819" lon="-83.80937399999999"><ele>532.0</ele></trkpt><trkpt lat="35.454302" lon="-83.81015200000002"><ele>537.0</ele></trkpt><trkpt lat="35.454759" lon="-83.81050900000002"><ele>539.3126748455688</ele></trkpt><trkpt lat="35.455069" lon="-83.81039699999997"><ele>542.0</ele></trkpt><trkpt lat="35.456071" lon="-83.80900600000001"><ele>549.3591250311583</ele></trkpt><trkpt lat="35.456593" lon="-83.808719"><ele>551.0</ele></trkpt><trkpt lat="35.457065" lon="-83.80869999999999"><ele>552.0</ele></trkpt><trkpt lat="35.458213" lon="-83.809169"><ele>558.0</ele></trkpt><trkpt lat="35.459956" lon="-83.81099599999999"><ele>572.0</ele></trkpt><trkpt lat="35.460388" lon="-83.81118600000002"><ele>572.1368383988738</ele></trkpt><trkpt lat="35.46164" lon="-83.81088999999997"><ele>582.0</ele></trkpt><trkpt lat="35.46195" lon="-83.81063"><ele>585.0</ele></trkpt><trkpt lat="35.46215" lon="-83.81022999999999"><ele>589.0</ele></trkpt><trkpt lat="35.46233" lon="-83.80889000000002"><ele>598.0</ele></trkpt><trkpt lat="35.46215" lon="-83.80761999999999"><ele>595.6755164442584</ele></trkpt><trkpt lat="35.46194" lon="-83.80732"><ele>588.6945031108335</ele></trkpt><trkpt lat="35.4625" lon="-83.80622"><ele>584.778791256249</ele></trkpt><trkpt lat="35.46252" lon="-83.80536999999998"><ele>581.3539286218584</ele></trkpt><trkpt lat="35.46275" lon="-83.80516"><ele>579.0151675335196</ele></trkpt><trkpt lat="35.46311" lon="-83.80560000000003"><ele>576.4243173077703</ele></trkpt><trkpt lat="35.46399" lon="-83.80509"><ele>564.0</ele></trkpt><trkpt lat="35.46374" lon="-83.80428"><ele>558.3196102119982</ele></trkpt><trkpt lat="35.46372" lon="-83.80345"><ele>555.3548690518364</ele></trkpt><trkpt lat="35.46392" lon="-83.80306999999999"><ele>551.6301475549117</ele></trkpt><trkpt lat="35.46461" lon="-83.80286000000001"><ele>546.8434382230043</ele></trkpt><trkpt lat="35.46506" lon="-83.80306000000002"><ele>547.164113778621</ele></trkpt><trkpt lat="35.46533" lon="-83.80291999999997"><ele>551.1379054486752</ele></trkpt><trkpt lat="35.46546" lon="-83.80259999999998"><ele>554.1576233998128</ele></trkpt><trkpt lat="35.4647" lon="-83.80144999999999"><ele>563.0</ele></trkpt><trkpt lat="35.46468" lon="-83.80009000000001"><ele>568.2343776576448</ele></trkpt><trkpt lat="35.46411" lon="-83.79937999999999"><ele>583.0</ele></trkpt><trkpt lat="35.46243" lon="-83.79809999999998"><ele>552.9976785079087</ele></trkpt><trkpt lat="35.46173" lon="-83.79813000000001"><ele>547.0</ele></trkpt><trkpt lat="35.46076" lon="-83.79770000000002"><ele>538.6299911104143</ele></trkpt><trkpt lat="35.4602" lon="-83.79721999999998"><ele>542.9998493373804</ele></trkpt><trkpt lat="35.45989" lon="-83.7964"><ele>546.0269328642264</ele></trkpt><trkpt lat="35.45942" lon="-83.79581000000002"><ele>549.0</ele></trkpt><trkpt lat="35.45942" lon="-83.79543000000001"><ele>550.0</ele></trkpt><trkpt lat="35.45971" lon="-83.79498999999998"><ele>552.0</ele></trkpt><trkpt lat="35.46035" lon="-83.79434000000003"><ele>554.0</ele></trkpt><trkpt lat="35.46121" lon="-83.79433"><ele>556.1265290701494</ele></trkpt><trkpt lat="35.46195" lon="-83.79392000000001"><ele>554.7944584045733</ele></trkpt><trkpt lat="35.4625" lon="-83.79320000000001"><ele>550.7920429594235</ele></trkpt><trkpt lat="35.46294" lon="-83.79332999999997"><ele>550.0</ele></trkpt><trkpt lat="35.46338" lon="-83.79416000000003"><ele>546.0</ele></trkpt><trkpt lat="35.46364" lon="-83.79434000000003"><ele>542.3158207262893</ele></trkpt><trkpt lat="35.46374" lon="-83.79311999999999"><ele>544.851934390154</ele></trkpt><trkpt lat="35.46447" lon="-83.79326000000003"><ele>544.0</ele></trkpt><trkpt lat="35.46524" lon="-83.79298"><ele>549.0</ele></trkpt><trkpt lat="35.4651" lon="-83.79266000000001"><ele>550.0</ele></trkpt><trkpt lat="35.46472" lon="-83.79264"><ele>552.1037455366218</ele></trkpt><trkpt lat="35.46456" lon="-83.79169000000002"><ele>556.0224424624475</ele></trkpt><trkpt lat="35.46571" lon="-83.79124999999999"><ele>552.5564444437623</ele></trkpt><trkpt lat="35.46638" lon="-83.79178999999999"><ele>547.9440462216735</ele></trkpt><trkpt lat="35.46708" lon="-83.79208"><ele>545.0</ele></trkpt><trkpt lat="35.46741" lon="-83.79183"><ele>544.8081813342869</ele></trkpt><trkpt lat="35.46813" lon="-83.79191000000003"><ele>551.5364515567198</ele></trkpt><trkpt lat="35.46855" lon="-83.79254000000003"><ele>565.8965795570984</ele></trkpt><trkpt lat="35.46916" lon="-83.79269999999997"><ele>575.0</ele></trkpt><trkpt lat="35.46918" lon="-83.79309"><ele>583.7350951078262</ele></trkpt><trkpt lat="35.46938" lon="-83.79336"><ele>592.0</ele></trkpt><trkpt lat="35.46965" lon="-83.79314999999997"><ele>597.3327697794884</ele></trkpt><trkpt lat="35.47003" lon="-83.79233999999997"><ele>611.0</ele></trkpt><trkpt lat="35.47061" lon="-83.79246"><ele>612.1683093337342</ele></trkpt><trkpt lat="35.47114" lon="-83.79147"><ele>618.0184302406401</ele></trkpt><trkpt lat="35.47143" lon="-83.79156"><ele>625.8527451791574</ele></trkpt><trkpt lat="35.47162" lon="-83.79194000000001"><ele>633.0</ele></trkpt><trkpt lat="35.47273" lon="-83.79208"><ele>652.192028051051</ele></trkpt><trkpt lat="35.47298" lon="-83.79307"><ele>652.0</ele></trkpt><trkpt lat="35.47339" lon="-83.79307"><ele>653.0</ele></trkpt><trkpt lat="35.47352" lon="-83.79271"><ele>657.7894459236413</ele></trkpt><trkpt lat="35.47383" lon="-83.79259000000002"><ele>660.7560791345313</ele></trkpt><trkpt lat="35.47464" lon="-83.79250000000002"><ele>663.8498112205416</ele></trkpt><trkpt lat="35.47422" lon="-83.79174"><ele>674.8473473861814</ele></trkpt><trkpt lat="35.47415" lon="-83.79102"><ele>668.7915158275007</ele></trkpt><trkpt lat="35.47388" lon="-83.79079999999999"><ele>670.0755038194393</ele></trkpt><trkpt lat="35.47406" lon="-83.79003999999998"><ele>671.2682886436075</ele></trkpt><trkpt lat="35.47425" lon="-83.78962000000001"><ele>673.0</ele></trkpt><trkpt lat="35.4745" lon="-83.78982000000002"><ele>674.2472674139894</ele></trkpt><trkpt lat="35.47515" lon="-83.78991000000002"><ele>668.9546403768037</ele></trkpt><trkpt lat="35.47558" lon="-83.79106999999999"><ele>664.4514517626727</ele></trkpt><trkpt lat="35.47587" lon="-83.79111"><ele>659.4559262557029</ele></trkpt><trkpt lat="35.47623" lon="-83.79043999999999"><ele>652.8764426034993</ele></trkpt><trkpt lat="35.47688" lon="-83.79011000000003"><ele>649.6750391339452</ele></trkpt><trkpt lat="35.47708" lon="-83.78962000000001"><ele>651.0956269040862</ele></trkpt><trkpt lat="35.47668" lon="-83.78805"><ele>652.7796246135035</ele></trkpt><trkpt lat="35.47744" lon="-83.78825"><ele>643.0</ele></trkpt><trkpt lat="35.47666" lon="-83.78622999999999"><ele>631.5691743707337</ele></trkpt><trkpt lat="35.47685" lon="-83.78579000000002"><ele>635.0</ele></trkpt><trkpt lat="35.47759" lon="-83.78589999999997"><ele>627.2865223846325</ele></trkpt><trkpt lat="35.47798" lon="-83.78571999999997"><ele>628.0</ele></trkpt><trkpt lat="35.47802" lon="-83.78444999999999"><ele>629.2718646076441</ele></trkpt><trkpt lat="35.47864" lon="-83.7844"><ele>626.9055760720686</ele></trkpt><trkpt lat="35.47885" lon="-83.78406000000001"><ele>623.3778585139397</ele></trkpt><trkpt lat="35.47878" lon="-83.78269999999998"><ele>612.452411511294</ele></trkpt><trkpt lat="35.47941" lon="-83.78286000000003"><ele>604.1094355779392</ele></trkpt><trkpt lat="35.47974" lon="-83.78269999999998"><ele>600.3193422211334</ele></trkpt><trkpt lat="35.48044" lon="-83.78289999999998"><ele>593.4457514341921</ele></trkpt><trkpt lat="35.48055" lon="-83.78149000000002"><ele>580.030320613645</ele></trkpt><trkpt lat="35.48127" lon="-83.78125"><ele>580.051531133242</ele></trkpt><trkpt lat="35.48157" lon="-83.78093999999999"><ele>582.0</ele></trkpt><trkpt lat="35.48198" lon="-83.78170999999998"><ele>575.0</ele></trkpt><trkpt lat="35.48264" lon="-83.78035"><ele>586.5722087440512</ele></trkpt><trkpt lat="35.48292" lon="-83.78017999999997"><ele>592.6177742760628</ele></trkpt><trkpt lat="35.48337" lon="-83.77912000000003"><ele>607.0</ele></trkpt><trkpt lat="35.48384" lon="-83.77933999999999"><ele>605.3392926482484</ele></trkpt><trkpt lat="35.48425" lon="-83.77930000000003"><ele>603.8678577793762</ele></trkpt><trkpt lat="35.48484" lon="-83.77978999999999"><ele>599.7035128884017</ele></trkpt><trkpt lat="35.48593" lon="-83.77957000000004"><ele>593.4460193899012</ele></trkpt><trkpt lat="35.48617" lon="-83.77981999999997"><ele>589.2532428018749</ele></trkpt><trkpt lat="35.4865" lon="-83.78098999999997"><ele>563.3658749647439</ele></trkpt><trkpt lat="35.486836" lon="-83.78099500000002"><ele>569.7299584820867</ele></trkpt><trkpt lat="35.486825" lon="-83.78024399999998"><ele>558.1294578563472</ele></trkpt><trkpt lat="35.486085" lon="-83.778907"><ele>548.6055789457662</ele></trkpt><trkpt lat="35.485207" lon="-83.77869399999997"><ele>545.6262108432129</ele></trkpt><trkpt lat="35.484163" lon="-83.77767900000003"><ele>537.0</ele></trkpt><trkpt lat="35.483585" lon="-83.777447"><ele>530.4133735904092</ele></trkpt><trkpt lat="35.484109" lon="-83.77703400000001"><ele>523.0</ele></trkpt><trkpt lat="35.484755" lon="-83.776164"><ele>526.7608925085515</ele></trkpt><trkpt lat="35.484723" lon="-83.77466400000003"><ele>524.8145984010771</ele></trkpt><trkpt lat="35.484862" lon="-83.77429899999998"><ele>524.0</ele></trkpt><trkpt lat="35.485433" lon="-83.77412099999998"><ele>528.5089642656967</ele></trkpt><trkpt lat="35.486346" lon="-83.774315"><ele>526.0989978032054</ele></trkpt><trkpt lat="35.487329" lon="-83.77426700000001"><ele>527.0</ele></trkpt><trkpt lat="35.488252" lon="-83.773998"><ele>529.0</ele></trkpt><trkpt lat="35.488374" lon="-83.77326600000004"><ele>537.336923731491</ele></trkpt><trkpt lat="35.488081" lon="-83.77256"><ele>544.0</ele></trkpt><trkpt lat="35.487787" lon="-83.77232800000002"><ele>550.0</ele></trkpt><trkpt lat="35.487526" lon="-83.77299"><ele>566.1994559997693</ele></trkpt><trkpt lat="35.487198" lon="-83.772897"><ele>572.7555218404642</ele></trkpt><trkpt lat="35.48403" lon="-83.771346"><ele>627.8154090670869</ele></trkpt><trkpt lat="35.483364" lon="-83.770669"><ele>645.3658958217129</ele></trkpt><trkpt lat="35.483428" lon="-83.77029199999998"><ele>649.812900127843</ele></trkpt><trkpt lat="35.483799" lon="-83.76970599999999"><ele>655.3259641078484</ele></trkpt><trkpt lat="35.483758" lon="-83.768191"><ele>670.9546629742478</ele></trkpt><trkpt lat="35.483531" lon="-83.767064"><ele>685.0789115373045</ele></trkpt><trkpt lat="35.483188" lon="-83.76646399999998"><ele>689.0771499499679</ele></trkpt><trkpt lat="35.483198" lon="-83.76604500000002"><ele>691.5093867219985</ele></trkpt><trkpt lat="35.482902" lon="-83.76593000000003"><ele>690.4814038691181</ele></trkpt><trkpt lat="35.482836" lon="-83.76557600000001"><ele>693.9314572103322</ele></trkpt><trkpt lat="35.483095" lon="-83.76490100000001"><ele>700.0</ele></trkpt><trkpt lat="35.484344" lon="-83.764658"><ele>706.7392573375255</ele></trkpt><trkpt lat="35.484789" lon="-83.76356299999998"><ele>695.7068258970976</ele></trkpt><trkpt lat="35.484804" lon="-83.76317499999999"><ele>691.5653261821717</ele></trkpt><trkpt lat="35.484522" lon="-83.76214299999998"><ele>688.2568279513789</ele></trkpt><trkpt lat="35.484176" lon="-83.76153099999999"><ele>681.6229179706424</ele></trkpt><trkpt lat="35.483965" lon="-83.76127500000001"><ele>683.1580266654491</ele></trkpt><trkpt lat="35.483654" lon="-83.76121"><ele>689.187246222049</ele></trkpt><trkpt lat="35.483254" lon="-83.760581"><ele>681.8544771596789</ele></trkpt><trkpt lat="35.483218" lon="-83.759481"><ele>670.7941164765507</ele></trkpt><trkpt lat="35.483908" lon="-83.75876499999998"><ele>657.0377007589443</ele></trkpt><trkpt lat="35.483699" lon="-83.75758000000002"><ele>648.3575075548142</ele></trkpt><trkpt lat="35.48342" lon="-83.757453"><ele>660.2761365333572</ele></trkpt><trkpt lat="35.482867" lon="-83.75655799999998"><ele>652.7097221339791</ele></trkpt><trkpt lat="35.483806" lon="-83.75564300000002"><ele>662.1660939807762</ele></trkpt><trkpt lat="35.483824" lon="-83.75526000000002"><ele>664.4773439988494</ele></trkpt><trkpt lat="35.483702" lon="-83.75488200000001"><ele>666.0934207988903</ele></trkpt><trkpt lat="35.481639" lon="-83.75420099999997"><ele>709.2556366678327</ele></trkpt><trkpt lat="35.481401" lon="-83.75312400000001"><ele>723.0</ele></trkpt><trkpt lat="35.481505" lon="-83.75273400000003"><ele>720.5588777894154</ele></trkpt><trkpt lat="35.48169" lon="-83.75238000000002"><ele>714.3049280010164</ele></trkpt><trkpt lat="35.482278" lon="-83.75212499999998"><ele>692.4233034107929</ele></trkpt><trkpt lat="35.481205" lon="-83.75020599999999"><ele>656.5870835091919</ele></trkpt><trkpt lat="35.481125" lon="-83.74984699999999"><ele>652.0086221862584</ele></trkpt><trkpt lat="35.481311" lon="-83.748177"><ele>652.0</ele></trkpt><trkpt lat="35.480402" lon="-83.74812400000002"><ele>642.0246385761166</ele></trkpt><trkpt lat="35.480049" lon="-83.74752000000001"><ele>632.964620988653</ele></trkpt><trkpt lat="35.480285" lon="-83.74564700000002"><ele>618.9691104524419</ele></trkpt><trkpt lat="35.480148" lon="-83.74485099999998"><ele>621.0945309046656</ele></trkpt><trkpt lat="35.480196" lon="-83.74297100000001"><ele>595.0</ele></trkpt><trkpt lat="35.479287" lon="-83.74135999999999"><ele>585.8197282329202</ele></trkpt><trkpt lat="35.479148" lon="-83.73978499999998"><ele>576.290055745998</ele></trkpt><trkpt lat="35.478325" lon="-83.73878000000002"><ele>569.0</ele></trkpt><trkpt lat="35.477549" lon="-83.73709600000001"><ele>561.0067301672744</ele></trkpt><trkpt lat="35.476902" lon="-83.73614199999997"><ele>556.3295636158437</ele></trkpt><trkpt lat="35.476032" lon="-83.73376999999999"><ele>542.0</ele></trkpt><trkpt lat="35.476107" lon="-83.73335600000001"><ele>538.7222691560164</ele></trkpt><trkpt lat="35.475854" lon="-83.732621"><ele>537.0</ele></trkpt><trkpt lat="35.475333" lon="-83.73215500000003"><ele>533.0</ele></trkpt><trkpt lat="35.474832" lon="-83.730704"><ele>529.0</ele></trkpt><trkpt lat="35.473894" lon="-83.729109"><ele>528.0387899188751</ele></trkpt><trkpt lat="35.473914" lon="-83.72833100000003"><ele>532.0</ele></trkpt><trkpt lat="35.474372" lon="-83.72736900000001"><ele>528.6137419177857</ele></trkpt><trkpt lat="35.474154" lon="-83.72656899999998"><ele>529.7157451063395</ele></trkpt><trkpt lat="35.474219" lon="-83.72619900000001"><ele>531.790121562779</ele></trkpt><trkpt lat="35.47575" lon="-83.725392"><ele>554.2313011441261</ele></trkpt><trkpt lat="35.476125" lon="-83.72473000000002"><ele>553.8259123496912</ele></trkpt><trkpt lat="35.476122" lon="-83.72399899999999"><ele>544.6921494659036</ele></trkpt><trkpt lat="35.473898" lon="-83.72171400000002"><ele>526.0</ele></trkpt><trkpt lat="35.473613" lon="-83.72189800000001"><ele>524.6582420916297</ele></trkpt><trkpt lat="35.473289" lon="-83.72177799999997"><ele>528.0</ele></trkpt><trkpt lat="35.472746" lon="-83.72094900000002"><ele>528.0</ele></trkpt><trkpt lat="35.472405" lon="-83.72095200000001"><ele>534.016348393634</ele></trkpt><trkpt lat="35.470401" lon="-83.71964100000002"><ele>578.249822171405</ele></trkpt><trkpt lat="35.470154" lon="-83.71891599999998"><ele>570.7694940436631</ele></trkpt><trkpt lat="35.469713" lon="-83.718342"><ele>572.1435689553618</ele></trkpt><trkpt lat="35.469496" lon="-83.717622"><ele>577.4647232005373</ele></trkpt><trkpt lat="35.469104" lon="-83.717062"><ele>586.576593210929</ele></trkpt><trkpt lat="35.468641" lon="-83.71806700000002"><ele>587.8789668333587</ele></trkpt><trkpt lat="35.468126" lon="-83.71855199999999"><ele>600.0</ele></trkpt><trkpt lat="35.467831" lon="-83.71855399999998"><ele>597.2709292635941</ele></trkpt><trkpt lat="35.467544" lon="-83.71835099999998"><ele>596.3850290505216</ele></trkpt><trkpt lat="35.467425" lon="-83.71763199999998"><ele>582.0825641479294</ele></trkpt><trkpt lat="35.46713" lon="-83.71759800000001"><ele>585.0877028563964</ele></trkpt><trkpt lat="35.466335" lon="-83.71816100000001"><ele>588.8321123551577</ele></trkpt><trkpt lat="35.465713" lon="-83.718322"><ele>591.9659371860325</ele></trkpt><trkpt lat="35.465548" lon="-83.71681000000001"><ele>593.6117726135999</ele></trkpt><trkpt lat="35.46516" lon="-83.71622300000001"><ele>581.0</ele></trkpt><trkpt lat="35.46482" lon="-83.716138"><ele>583.0</ele></trkpt><trkpt lat="35.46452" lon="-83.716275"><ele>587.0</ele></trkpt><trkpt lat="35.464032" lon="-83.71675500000003"><ele>597.1324018482119</ele></trkpt><trkpt lat="35.463957" lon="-83.71711299999998"><ele>597.36505491597</ele></trkpt><trkpt lat="35.46353" lon="-83.71763099999998"><ele>591.2598104439676</ele></trkpt><trkpt lat="35.463107" lon="-83.717105"><ele>607.6292231101543</ele></trkpt><trkpt lat="35.462495" lon="-83.71708799999999"><ele>615.4657422471844</ele></trkpt><trkpt lat="35.462359" lon="-83.71674300000001"><ele>625.4287357629014</ele></trkpt><trkpt lat="35.462051" lon="-83.71667400000001"><ele>639.0</ele></trkpt><trkpt lat="35.461419" lon="-83.717578"><ele>651.5858254218474</ele></trkpt><trkpt lat="35.460858" lon="-83.71795199999997"><ele>663.0</ele></trkpt><trkpt lat="35.460532" lon="-83.71790299999998"><ele>666.4397276453674</ele></trkpt><trkpt lat="35.4596" lon="-83.71826199999998"><ele>681.9180088404095</ele></trkpt><trkpt lat="35.458875" lon="-83.71904699999999"><ele>702.1991250980645</ele></trkpt><trkpt lat="35.458545" lon="-83.71912399999997"><ele>714.0</ele></trkpt><trkpt lat="35.458471" lon="-83.71797600000002"><ele>717.686111304909</ele></trkpt><trkpt lat="35.458181" lon="-83.717332"><ele>687.0986212459068</ele></trkpt><trkpt lat="35.458283" lon="-83.71660099999997"><ele>687.8124502273276</ele></trkpt><trkpt lat="35.457418" lon="-83.71499599999999"><ele>663.9629696327288</ele></trkpt><trkpt lat="35.457673" lon="-83.71430599999997"><ele>654.0290728025138</ele></trkpt><trkpt lat="35.456033" lon="-83.711813"><ele>639.5467148702592</ele></trkpt><trkpt lat="35.455754" lon="-83.71109200000001"><ele>628.9080464355648</ele></trkpt><trkpt lat="35.455236" lon="-83.71063700000002"><ele>611.564589240407</ele></trkpt><trkpt lat="35.454917" lon="-83.71000500000002"><ele>600.0</ele></trkpt><trkpt lat="35.454632" lon="-83.70981"><ele>595.5919003610641</ele></trkpt><trkpt lat="35.454594" lon="-83.710552"><ele>584.9788423115388</ele></trkpt><trkpt lat="35.453392" lon="-83.71019799999999"><ele>553.0</ele></trkpt><trkpt lat="35.453198" lon="-83.70830799999999"><ele>535.4028507377701</ele></trkpt><trkpt lat="35.452282" lon="-83.70797600000003"><ele>525.55569611086</ele></trkpt><trkpt lat="35.450748" lon="-83.708053"><ele>542.4829987557605</ele></trkpt><trkpt lat="35.450199" lon="-83.708328"><ele>552.9483590712168</ele></trkpt><trkpt lat="35.449747" lon="-83.708799"><ele>552.8378151861937</ele></trkpt><trkpt lat="35.449495" lon="-83.70855699999998"><ele>556.1563482377678</ele></trkpt><trkpt lat="35.449443" lon="-83.70777699999996"><ele>542.8359899297357</ele></trkpt><trkpt lat="35.449172" lon="-83.70712200000003"><ele>537.9583955861108</ele></trkpt><trkpt lat="35.449135" lon="-83.70597900000001"><ele>550.699833794497</ele></trkpt><trkpt lat="35.449473" lon="-83.706006"><ele>556.0</ele></trkpt><trkpt lat="35.450011" lon="-83.70554400000003"><ele>559.133167262164</ele></trkpt><trkpt lat="35.450232" lon="-83.70438999999999"><ele>562.6786426896656</ele></trkpt><trkpt lat="35.450685" lon="-83.70383800000002"><ele>553.0837639123201</ele></trkpt><trkpt lat="35.45297" lon="-83.70305000000002"><ele>554.613635801208</ele></trkpt><trkpt lat="35.45282" lon="-83.70269000000002"><ele>557.0</ele></trkpt><trkpt lat="35.45292" lon="-83.70236"><ele>559.0201369927324</ele></trkpt><trkpt lat="35.45349" lon="-83.70155899999997"><ele>556.0</ele></trkpt><trkpt lat="35.452886" lon="-83.70172300000002"><ele>561.3288179570809</ele></trkpt><trkpt lat="35.452022" lon="-83.701325"><ele>579.0305244447663</ele></trkpt><trkpt lat="35.452855" lon="-83.70087000000001"><ele>586.2907015072991</ele></trkpt><trkpt lat="35.453038" lon="-83.70058499999999"><ele>587.8495885748416</ele></trkpt><trkpt lat="35.453223" lon="-83.69948899999997"><ele>573.6633679609556</ele></trkpt><trkpt lat="35.452994" lon="-83.698758"><ele>571.3386048004031</ele></trkpt><trkpt lat="35.45327" lon="-83.69861400000002"><ele>565.1225027162582</ele></trkpt><trkpt lat="35.453404" lon="-83.697858"><ele>561.4767617337279</ele></trkpt><trkpt lat="35.453059" lon="-83.69719600000002"><ele>559.027758493577</ele></trkpt><trkpt lat="35.453815" lon="-83.696505"><ele>546.0</ele></trkpt><trkpt lat="35.453471" lon="-83.69586200000003"><ele>544.2333554812849</ele></trkpt><trkpt lat="35.453778" lon="-83.69521299999997"><ele>537.0240777724197</ele></trkpt><trkpt lat="35.453498" lon="-83.694567"><ele>533.0</ele></trkpt><trkpt lat="35.452675" lon="-83.69403199999999"><ele>560.835736811161</ele></trkpt><trkpt lat="35.452598" lon="-83.69438300000002"><ele>556.6961775478867</ele></trkpt><trkpt lat="35.451781" lon="-83.695022"><ele>569.7224103128683</ele></trkpt><trkpt lat="35.451249" lon="-83.69469800000002"><ele>556.8711089771241</ele></trkpt><trkpt lat="35.450948" lon="-83.69471399999998"><ele>557.0</ele></trkpt><trkpt lat="35.449631" lon="-83.69572"><ele>574.2424568897113</ele></trkpt><trkpt lat="35.448421" lon="-83.69586700000002"><ele>595.7151133101434</ele></trkpt><trkpt lat="35.448396" lon="-83.69545499999998"><ele>598.1687769204311</ele></trkpt><trkpt lat="35.448105" lon="-83.695424"><ele>600.0</ele></trkpt><trkpt lat="35.447884" lon="-83.69518399999998"><ele>599.2218673788011</ele></trkpt><trkpt lat="35.447246" lon="-83.69523900000002"><ele>603.6586815994233</ele></trkpt><trkpt lat="35.447126" lon="-83.69295899999997"><ele>600.6320330761373</ele></trkpt><trkpt lat="35.44649" lon="-83.692991"><ele>604.3178095636117</ele></trkpt><trkpt lat="35.445303" lon="-83.69349999999997"><ele>601.7019555568695</ele></trkpt><trkpt lat="35.445157" lon="-83.69315699999999"><ele>597.3130858661607</ele></trkpt><trkpt lat="35.446205" lon="-83.69216900000004"><ele>591.9598657084784</ele></trkpt><trkpt lat="35.446359" lon="-83.69139100000001"><ele>591.0115207117051</ele></trkpt><trkpt lat="35.446549" lon="-83.691123"><ele>590.9223445352015</ele></trkpt><trkpt lat="35.446567" lon="-83.69038699999999"><ele>582.5087413373951</ele></trkpt><trkpt lat="35.446405" lon="-83.69003299999997"><ele>584.3862941805273</ele></trkpt><trkpt lat="35.446514" lon="-83.68931199999997"><ele>574.9534388837944</ele></trkpt><trkpt lat="35.445574" lon="-83.68825400000003"><ele>568.0</ele></trkpt><trkpt lat="35.445371" lon="-83.68751099999997"><ele>557.4260446960106</ele></trkpt><trkpt lat="35.445935" lon="-83.686556"><ele>563.6575868179249</ele></trkpt><trkpt lat="35.446126" lon="-83.68573500000002"><ele>576.4228160018101</ele></trkpt><trkpt lat="35.446947" lon="-83.685228"><ele>577.8753160213878</ele></trkpt><trkpt lat="35.447046" lon="-83.68445700000001"><ele>582.9116442044484</ele></trkpt><trkpt lat="35.448016" lon="-83.682887"><ele>586.546145439148</ele></trkpt><trkpt lat="35.44848" lon="-83.682409"><ele>593.0379475966631</ele></trkpt><trkpt lat="35.448723" lon="-83.68170900000001"><ele>595.990143200072</ele></trkpt><trkpt lat="35.448604" lon="-83.68138299999998"><ele>604.3950840895995</ele></trkpt><trkpt lat="35.447975" lon="-83.68116800000001"><ele>597.6154617974535</ele></trkpt><trkpt lat="35.447778" lon="-83.68049000000002"><ele>597.9308557454497</ele></trkpt><trkpt lat="35.447308" lon="-83.679959"><ele>602.8019312694669</ele></trkpt><trkpt lat="35.446455" lon="-83.67932300000001"><ele>609.3980423100293</ele></trkpt><trkpt lat="35.445791" lon="-83.67933099999999"><ele>608.0252152895555</ele></trkpt><trkpt lat="35.445204" lon="-83.679689"><ele>615.4495888179486</ele></trkpt><trkpt lat="35.444531" lon="-83.67969700000003"><ele>612.3610499914084</ele></trkpt><trkpt lat="35.444014" lon="-83.678721"><ele>604.608686434105</ele></trkpt><trkpt lat="35.444046" lon="-83.67795100000001"><ele>604.1484040848683</ele></trkpt><trkpt lat="35.443604" lon="-83.67655100000002"><ele>628.0</ele></trkpt><trkpt lat="35.443916" lon="-83.67645299999998"><ele>628.8502634661272</ele></trkpt><trkpt lat="35.444455" lon="-83.67682100000002"><ele>630.0003064898774</ele></trkpt><trkpt lat="35.44505" lon="-83.67663500000003"><ele>640.459314469248</ele></trkpt><trkpt lat="35.44534" lon="-83.67676499999999"><ele>643.3905173325911</ele></trkpt><trkpt lat="35.445452" lon="-83.677098"><ele>639.1307382695377</ele></trkpt><trkpt lat="35.446396" lon="-83.67695600000002"><ele>625.3828136064415</ele></trkpt><trkpt lat="35.447065" lon="-83.67551600000002"><ele>607.3253332450986</ele></trkpt><trkpt lat="35.447623" lon="-83.675274"><ele>600.9048810666427</ele></trkpt><trkpt lat="35.447536" lon="-83.674126"><ele>584.455905977383</ele></trkpt><trkpt lat="35.448009" lon="-83.67368899999997"><ele>582.1456951666623</ele></trkpt><trkpt lat="35.44795" lon="-83.67259899999999"><ele>586.7704728338867</ele></trkpt><trkpt lat="35.448313" lon="-83.67202600000002"><ele>588.5371100455523</ele></trkpt><trkpt lat="35.449084" lon="-83.67146200000002"><ele>579.0900431937439</ele></trkpt><trkpt lat="35.449084" lon="-83.67109499999998"><ele>575.6438234951347</ele></trkpt><trkpt lat="35.448898" lon="-83.67074100000002"><ele>570.0010998281334</ele></trkpt><trkpt lat="35.449149" lon="-83.67051100000003"><ele>590.429348600097</ele></trkpt><trkpt lat="35.44888" lon="-83.670278"><ele>582.9734178502113</ele></trkpt><trkpt lat="35.44893" lon="-83.66909099999998"><ele>582.0</ele></trkpt><trkpt lat="35.449636" lon="-83.66787999999997"><ele>579.2227165084332</ele></trkpt><trkpt lat="35.44947" lon="-83.66751199999999"><ele>584.1043946724385</ele></trkpt><trkpt lat="35.447874" lon="-83.667191"><ele>576.0</ele></trkpt><trkpt lat="35.447219" lon="-83.66734400000001"><ele>567.0</ele></trkpt><trkpt lat="35.446931" lon="-83.66719799999998"><ele>560.5360021321103</ele></trkpt><trkpt lat="35.447203" lon="-83.66651999999999"><ele>547.9389119995758</ele></trkpt><trkpt lat="35.447815" lon="-83.66619000000003"><ele>535.5807139106573</ele></trkpt><trkpt lat="35.448254" lon="-83.66562899999997"><ele>533.0749809261732</ele></trkpt><trkpt lat="35.445964" lon="-83.66586000000001"><ele>532.6894554720188</ele></trkpt><trkpt lat="35.444633" lon="-83.66569900000002"><ele>541.3224611552432</ele></trkpt><trkpt lat="35.444038" lon="-83.66539899999998"><ele>553.0</ele></trkpt><trkpt lat="35.443456" lon="-83.66543999999999"><ele>560.0</ele></trkpt><trkpt lat="35.442741" lon="-83.66466400000002"><ele>553.9061359808833</ele></trkpt><trkpt lat="35.442626" lon="-83.66431499999999"><ele>548.3882114989683</ele></trkpt><trkpt lat="35.443109" lon="-83.66377699999998"><ele>542.8560860673718</ele></trkpt><trkpt lat="35.442139" lon="-83.663746"><ele>535.0</ele></trkpt><trkpt lat="35.441691" lon="-83.664244"><ele>533.4054530393332</ele></trkpt><trkpt lat="35.440568" lon="-83.664895"><ele>530.406275850725</ele></trkpt><trkpt lat="35.439818" lon="-83.665614"><ele>527.2837482662871</ele></trkpt><trkpt lat="35.439193" lon="-83.665662"><ele>522.0390581383012</ele></trkpt><trkpt lat="35.439013" lon="-83.66593799999998"><ele>520.6455838931724</ele></trkpt><trkpt lat="35.438662" lon="-83.66598699999997"><ele>529.4154315608741</ele></trkpt><trkpt lat="35.438599" lon="-83.665189"><ele>529.0</ele></trkpt><trkpt lat="35.438845" lon="-83.66328399999998"><ele>540.938211823354</ele></trkpt><trkpt lat="35.438948" lon="-83.66292099999998"><ele>544.0</ele></trkpt><trkpt lat="35.439486" lon="-83.662463"><ele>544.5168177212436</ele></trkpt><trkpt lat="35.439557" lon="-83.662082"><ele>545.8868785779923</ele></trkpt><trkpt lat="35.439243" lon="-83.66143499999998"><ele>556.6556055452675</ele></trkpt><trkpt lat="35.440139" lon="-83.65975000000003"><ele>566.3812498888001</ele></trkpt><trkpt lat="35.440713" lon="-83.659517"><ele>566.3564903195947</ele></trkpt><trkpt lat="35.440925" lon="-83.65925900000002"><ele>564.5009507866548</ele></trkpt><trkpt lat="35.43951" lon="-83.65711499999998"><ele>581.3539833777031</ele></trkpt><trkpt lat="35.439434" lon="-83.65674000000001"><ele>580.6802155798327</ele></trkpt><trkpt lat="35.439846" lon="-83.65614900000003"><ele>572.0</ele></trkpt><trkpt lat="35.440159" lon="-83.65464600000001"><ele>567.0887663859539</ele></trkpt><trkpt lat="35.441366" lon="-83.65480400000001"><ele>558.7422743263115</ele></trkpt><trkpt lat="35.441606" lon="-83.654519"><ele>557.3004123430626</ele></trkpt><trkpt lat="35.440563" lon="-83.65354100000002"><ele>564.9411171913057</ele></trkpt><trkpt lat="35.440422" lon="-83.65319499999998"><ele>563.0069125278412</ele></trkpt><trkpt lat="35.440821" lon="-83.65253100000001"><ele>559.0</ele></trkpt><trkpt lat="35.440757" lon="-83.65212200000002"><ele>564.0168388833652</ele></trkpt><trkpt lat="35.439925" lon="-83.65096"><ele>565.7060822956264</ele></trkpt><trkpt lat="35.440076" lon="-83.65060800000003"><ele>560.3435069322586</ele></trkpt><trkpt lat="35.439896" lon="-83.64983699999999"><ele>563.0472410079092</ele></trkpt><trkpt lat="35.440046" lon="-83.649494"><ele>565.0972629683092</ele></trkpt><trkpt lat="35.440423" lon="-83.64880700000003"><ele>564.3660317580698</ele></trkpt><trkpt lat="35.441056" lon="-83.64878899999997"><ele>558.3678176121346</ele></trkpt><trkpt lat="35.44134" lon="-83.64853900000003"><ele>561.610398940742</ele></trkpt><trkpt lat="35.44132" lon="-83.64777200000003"><ele>566.3927744662356</ele></trkpt><trkpt lat="35.441804" lon="-83.64720899999998"><ele>562.0</ele></trkpt><trkpt lat="35.443604" lon="-83.646661"><ele>575.2874658219516</ele></trkpt><trkpt lat="35.44436" lon="-83.64732200000003"><ele>547.8458349145949</ele></trkpt><trkpt lat="35.444742" lon="-83.64842099999998"><ele>538.7463659383357</ele></trkpt><trkpt lat="35.444721" lon="-83.648795"><ele>548.947667779401</ele></trkpt><trkpt lat="35.445344" lon="-83.64968799999997"><ele>538.6178263761103</ele></trkpt><trkpt lat="35.445601" lon="-83.650868"><ele>532.3052918327</ele></trkpt><trkpt lat="35.445896" lon="-83.65107499999999"><ele>536.0</ele></trkpt><trkpt lat="35.445991" lon="-83.65025200000002"><ele>529.2361195322385</ele></trkpt><trkpt lat="35.446584" lon="-83.64982199999997"><ele>531.7557098651305</ele></trkpt><trkpt lat="35.446397" lon="-83.64907199999999"><ele>535.9286458902061</ele></trkpt><trkpt lat="35.446518" lon="-83.648347"><ele>542.8529311369243</ele></trkpt><trkpt lat="35.446991" lon="-83.64781299999999"><ele>538.0</ele></trkpt><trkpt lat="35.447027" lon="-83.64739500000002"><ele>540.0</ele></trkpt><trkpt lat="35.447315" lon="-83.64716099999998"><ele>539.0</ele></trkpt><trkpt lat="35.447755" lon="-83.64563900000002"><ele>539.0</ele></trkpt><trkpt lat="35.446534" lon="-83.643329"><ele>541.6433553524282</ele></trkpt><trkpt lat="35.44649" lon="-83.64292799999998"><ele>542.7208335334435</ele></trkpt><trkpt lat="35.446916" lon="-83.64232199999998"><ele>538.1826669431407</ele></trkpt><trkpt lat="35.446942" lon="-83.64194500000002"><ele>539.212079256773</ele></trkpt><trkpt lat="35.446949" lon="-83.64156100000002"><ele>535.3906101558465</ele></trkpt><trkpt lat="35.44665" lon="-83.640895"><ele>534.803590156138</ele></trkpt><trkpt lat="35.446623" lon="-83.64011199999999"><ele>530.7630883567035</ele></trkpt><trkpt lat="35.446181" lon="-83.63953900000001"><ele>532.5721592660993</ele></trkpt><trkpt lat="35.446174" lon="-83.63917400000003"><ele>533.1717181243002</ele></trkpt><trkpt lat="35.445755" lon="-83.63851899999997"><ele>538.4050378985703</ele></trkpt><trkpt lat="35.445638" lon="-83.63781699999998"><ele>536.0</ele></trkpt><trkpt lat="35.445168" lon="-83.637382"><ele>543.6229676678777</ele></trkpt><trkpt lat="35.445435" lon="-83.637111"><ele>548.2769456161186</ele></trkpt><trkpt lat="35.446698" lon="-83.63680099999999"><ele>531.0</ele></trkpt><trkpt lat="35.447841" lon="-83.63617699999998"><ele>534.078833382343</ele></trkpt><trkpt lat="35.447329" lon="-83.63571100000001"><ele>539.0</ele></trkpt><trkpt lat="35.447022" lon="-83.635602"><ele>540.0</ele></trkpt><trkpt lat="35.446712" lon="-83.63572499999998"><ele>544.4647255020433</ele></trkpt><trkpt lat="35.446456" lon="-83.63554899999997"><ele>546.7181042525917</ele></trkpt><trkpt lat="35.446696" lon="-83.63447200000002"><ele>538.0</ele></trkpt><trkpt lat="35.446254" lon="-83.63397199999997"><ele>553.159637523815</ele></trkpt><trkpt lat="35.445964" lon="-83.634095"><ele>558.8693345087381</ele></trkpt><trkpt lat="35.445531" lon="-83.634705"><ele>529.678902142015</ele></trkpt><trkpt lat="35.44466" lon="-83.634278"><ele>527.408604987769</ele></trkpt><trkpt lat="35.445786" lon="-83.63356699999997"><ele>542.1936962688342</ele></trkpt><trkpt lat="35.446251" lon="-83.63254899999998"><ele>531.9049682866043</ele></trkpt><trkpt lat="35.446037" lon="-83.631824"><ele>530.0039752268772</ele></trkpt><trkpt lat="35.445751" lon="-83.63160700000003"><ele>538.1248163543642</ele></trkpt><trkpt lat="35.445195" lon="-83.63191699999999"><ele>532.7317452304978</ele></trkpt><trkpt lat="35.444874" lon="-83.631913"><ele>534.0</ele></trkpt><trkpt lat="35.444431" lon="-83.63140199999998"><ele>538.3141209946671</ele></trkpt><trkpt lat="35.444769" lon="-83.63070900000002"><ele>536.7981654629111</ele></trkpt><trkpt lat="35.445258" lon="-83.63021500000002"><ele>534.003281778656</ele></trkpt><trkpt lat="35.445264" lon="-83.62980700000003"><ele>532.0</ele></trkpt><trkpt lat="35.445068" lon="-83.62951700000002"><ele>534.9024552367628</ele></trkpt><trkpt lat="35.445189" lon="-83.62919499999998"><ele>531.8242761828005</ele></trkpt><trkpt lat="35.444954" lon="-83.62890099999998"><ele>538.2335566226393</ele></trkpt><trkpt lat="35.445225" lon="-83.62780299999997"><ele>537.2877283571288</ele></trkpt><trkpt lat="35.444739" lon="-83.62510600000002"><ele>542.0820194948465</ele></trkpt><trkpt lat="35.445044" lon="-83.624077"><ele>535.0</ele></trkpt><trkpt lat="35.445365" lon="-83.62402600000001"><ele>536.0</ele></trkpt><trkpt lat="35.445274" lon="-83.62368700000002"><ele>534.0</ele></trkpt><trkpt lat="35.445385" lon="-83.62294700000001"><ele>538.0259203828128</ele></trkpt><trkpt lat="35.445222" lon="-83.62259499999999"><ele>538.9670418339074</ele></trkpt><trkpt lat="35.445337" lon="-83.62227200000001"><ele>536.0</ele></trkpt><trkpt lat="35.446113" lon="-83.62163499999997"><ele>537.8749614981498</ele></trkpt><trkpt lat="35.445939" lon="-83.620565"><ele>542.7283571586013</ele></trkpt><trkpt lat="35.44632" lon="-83.61998"><ele>539.5414936523885</ele></trkpt><trkpt lat="35.445891" lon="-83.61900000000003"><ele>544.63608400058</ele></trkpt><trkpt lat="35.446355" lon="-83.617929"><ele>536.9601755160838</ele></trkpt><trkpt lat="35.446237" lon="-83.61645499999997"><ele>529.5746336502707</ele></trkpt><trkpt lat="35.446819" lon="-83.61551400000002"><ele>534.0617859584677</ele></trkpt><trkpt lat="35.447151" lon="-83.61359600000003"><ele>544.06219708547</ele></trkpt><trkpt lat="35.447649" lon="-83.61265100000003"><ele>544.5511567294598</ele></trkpt><trkpt lat="35.447829" lon="-83.61147800000003"><ele>543.9690450690298</ele></trkpt><trkpt lat="35.448465" lon="-83.61002400000001"><ele>532.0344810672104</ele></trkpt><trkpt lat="35.449001" lon="-83.60956699999997"><ele>523.0</ele></trkpt><trkpt lat="35.45023300365179" lon="-83.60922787755334"><ele>530.3764285296202</ele></trkpt><trkpt lat="35.44925015353383" lon="-83.609410296438"><ele>524.4338221233338</ele></trkpt><trkpt lat="35.4488443139609" lon="-83.6093449558989"><ele>522.6112677045166</ele></trkpt><trkpt lat="35.448188" lon="-83.60832299999998"><ele>548.3857916239649</ele></trkpt><trkpt lat="35.447979" lon="-83.60756600000002"><ele>554.4294801130891</ele></trkpt><trkpt lat="35.447816" lon="-83.60566599999999"><ele>567.0</ele></trkpt><trkpt lat="35.446807" lon="-83.60485599999998"><ele>592.383179306984</ele></trkpt><trkpt lat="35.446187" lon="-83.604802"><ele>599.3283576881513</ele></trkpt><trkpt lat="35.445796" lon="-83.60297500000001"><ele>613.0</ele></trkpt><trkpt lat="35.446036" lon="-83.600347"><ele>592.7226858381182</ele></trkpt><trkpt lat="35.446566" lon="-83.59942000000001"><ele>580.4035243224353</ele></trkpt><trkpt lat="35.446879" lon="-83.59929499999998"><ele>576.0</ele></trkpt><trkpt lat="35.447089" lon="-83.59897799999999"><ele>576.0</ele></trkpt><trkpt lat="35.447782" lon="-83.597261"><ele>576.0</ele></trkpt><trkpt lat="35.448957" lon="-83.59648800000002"><ele>581.0</ele></trkpt><trkpt lat="35.449268" lon="-83.596359"><ele>591.1700970977545</ele></trkpt><trkpt lat="35.449497" lon="-83.59666500000003"><ele>593.0</ele></trkpt><trkpt lat="35.450111" lon="-83.59691800000002"><ele>601.0</ele></trkpt><trkpt lat="35.4506" lon="-83.59747900000002"><ele>601.6281175464392</ele></trkpt><trkpt lat="35.450603" lon="-83.59790299999997"><ele>602.1549390209839</ele></trkpt><trkpt lat="35.451216" lon="-83.59800000000001"><ele>599.1883600319893</ele></trkpt><trkpt lat="35.451384" lon="-83.59836100000001"><ele>600.4992860453203</ele></trkpt><trkpt lat="35.45201" lon="-83.59832699999998"><ele>600.8774624019861</ele></trkpt><trkpt lat="35.452671" lon="-83.599063"><ele>602.2148572448641</ele></trkpt><trkpt lat="35.45356" lon="-83.59946200000002"><ele>605.7136992104352</ele></trkpt><trkpt lat="35.453444" lon="-83.59832699999998"><ele>587.8375577628613</ele></trkpt><trkpt lat="35.454636" lon="-83.59825000000001"><ele>582.0</ele></trkpt><trkpt lat="35.454399" lon="-83.59754900000001"><ele>577.714083744213</ele></trkpt><trkpt lat="35.454565" lon="-83.59724"><ele>562.5137991122901</ele></trkpt><trkpt lat="35.454753" lon="-83.59695399999998"><ele>567.895411410369</ele></trkpt><trkpt lat="35.455376" lon="-83.59695199999999"><ele>582.6102755423635</ele></trkpt><trkpt lat="35.45509" lon="-83.59626300000002"><ele>580.7253994680941</ele></trkpt><trkpt lat="35.455775" lon="-83.596183"><ele>579.9971292447299</ele></trkpt><trkpt lat="35.456015" lon="-83.595954"><ele>583.8441992895678</ele></trkpt><trkpt lat="35.455435" lon="-83.59447899999998"><ele>587.5707828793675</ele></trkpt><trkpt lat="35.455685" lon="-83.59426400000001"><ele>575.2763010244817</ele></trkpt><trkpt lat="35.456287" lon="-83.59429399999999"><ele>574.026795173329</ele></trkpt><trkpt lat="35.456712" lon="-83.59380099999998"><ele>570.0005658334893</ele></trkpt><trkpt lat="35.456799" lon="-83.59345100000002"><ele>575.684545855518</ele></trkpt><trkpt lat="35.457126" lon="-83.59342400000003"><ele>577.4184099575505</ele></trkpt><trkpt lat="35.457263" lon="-83.59185500000001"><ele>566.6989789339441</ele></trkpt><trkpt lat="35.45756" lon="-83.59166500000003"><ele>563.0</ele></trkpt><trkpt lat="35.457495" lon="-83.591276"><ele>568.6287089772522</ele></trkpt><trkpt lat="35.457773" lon="-83.591136"><ele>566.5403629802167</ele></trkpt><trkpt lat="35.457889" lon="-83.590778"><ele>567.8292622170969</ele></trkpt><trkpt lat="35.457608" lon="-83.59010899999998"><ele>579.0717873778194</ele></trkpt><trkpt lat="35.457029" lon="-83.58981799999998"><ele>589.0</ele></trkpt><trkpt lat="35.457187" lon="-83.589496"><ele>583.2176161936812</ele></trkpt><trkpt lat="35.457769" lon="-83.58911499999999"><ele>581.604455110617</ele></trkpt><trkpt lat="35.458093" lon="-83.58909800000004"><ele>585.8121976908296</ele></trkpt><trkpt lat="35.458284" lon="-83.58878300000003"><ele>571.1321336906403</ele></trkpt><trkpt lat="35.457504" lon="-83.58809400000001"><ele>581.3518442227842</ele></trkpt><trkpt lat="35.457268" lon="-83.587376"><ele>588.3762611788195</ele></trkpt><trkpt lat="35.457438" lon="-83.58707099999998"><ele>587.3471509329975</ele></trkpt><trkpt lat="35.457708" lon="-83.58721700000001"><ele>586.0</ele></trkpt><trkpt lat="35.45832" lon="-83.587019"><ele>577.0431515168469</ele></trkpt><trkpt lat="35.457945" lon="-83.586344"><ele>572.0</ele></trkpt><trkpt lat="35.457927" lon="-83.585597"><ele>584.2152365865186</ele></trkpt><trkpt lat="35.458223" lon="-83.58535699999999"><ele>585.4689614214003</ele></trkpt><trkpt lat="35.45884" lon="-83.585217"><ele>586.9444885337725</ele></trkpt><trkpt lat="35.459014" lon="-83.58489600000001"><ele>579.0114538380188</ele></trkpt><trkpt lat="35.458921" lon="-83.58410200000003"><ele>586.556870901027</ele></trkpt><trkpt lat="35.46023" lon="-83.584362"><ele>579.3277241494507</ele></trkpt><trkpt lat="35.460577" lon="-83.583708"><ele>577.112635976214</ele></trkpt><trkpt lat="35.459852" lon="-83.58204"><ele>577.8146192366257</ele></trkpt><trkpt lat="35.459806" lon="-83.58126300000004"><ele>571.0</ele></trkpt><trkpt lat="35.459245" lon="-83.58092999999997"><ele>571.9953940744281</ele></trkpt><trkpt lat="35.459219" lon="-83.58056699999997"><ele>568.1152944669285</ele></trkpt><trkpt lat="35.459415" lon="-83.580285"><ele>564.067353285674</ele></trkpt><trkpt lat="35.459309" lon="-83.57992000000002"><ele>576.0</ele></trkpt><trkpt lat="35.459099" lon="-83.57963000000001"><ele>570.0</ele></trkpt><trkpt lat="35.458815" lon="-83.57955800000002"><ele>571.7840263098478</ele></trkpt><trkpt lat="35.457876" lon="-83.57959800000003"><ele>573.6435396485031</ele></trkpt><trkpt lat="35.457831" lon="-83.57887399999998"><ele>570.0233757879162</ele></trkpt><trkpt lat="35.458032" lon="-83.57814300000001"><ele>560.5689626540989</ele></trkpt><trkpt lat="35.457925" lon="-83.57737400000002"><ele>548.7599049146975</ele></trkpt><trkpt lat="35.457329" lon="-83.57747999999998"><ele>553.4083755887277</ele></trkpt><trkpt lat="35.456436" lon="-83.57712900000001"><ele>570.7441632077098</ele></trkpt><trkpt lat="35.457094" lon="-83.57579599999997"><ele>582.9978361884603</ele></trkpt><trkpt lat="35.457191" lon="-83.57471299999997"><ele>580.8745915703475</ele></trkpt><trkpt lat="35.456894" lon="-83.57453599999997"><ele>583.8261895133182</ele></trkpt><trkpt lat="35.456575" lon="-83.573938"><ele>592.2084743659943</ele></trkpt><trkpt lat="35.456281" lon="-83.574025"><ele>595.6121960952878</ele></trkpt><trkpt lat="35.45612" lon="-83.57438300000001"><ele>608.823489587754</ele></trkpt><trkpt lat="35.455927" lon="-83.574074"><ele>615.0</ele></trkpt><trkpt lat="35.455959" lon="-83.573285"><ele>626.0044156353238</ele></trkpt><trkpt lat="35.456285" lon="-83.57267000000002"><ele>622.1714362930506</ele></trkpt><trkpt lat="35.456555" lon="-83.57253600000001"><ele>623.0</ele></trkpt><trkpt lat="35.456943" lon="-83.571956"><ele>617.9370958227664</ele></trkpt><trkpt lat="35.458449" lon="-83.571461"><ele>627.0</ele></trkpt><trkpt lat="35.458714" lon="-83.57121899999999"><ele>632.0</ele></trkpt><trkpt lat="35.458729" lon="-83.57085799999999"><ele>629.7665870217606</ele></trkpt><trkpt lat="35.458302" lon="-83.570337"><ele>653.0</ele></trkpt><trkpt lat="35.458051" lon="-83.570086"><ele>648.2112206220627</ele></trkpt><trkpt lat="35.457462" lon="-83.57000600000003"><ele>662.939490842633</ele></trkpt><trkpt lat="35.457365" lon="-83.56966799999998"><ele>667.4071790743619</ele></trkpt><trkpt lat="35.457452" lon="-83.568826"><ele>668.3847850766033</ele></trkpt><trkpt lat="35.457324" lon="-83.56848300000001"><ele>669.0562806604919</ele></trkpt><trkpt lat="35.457849" lon="-83.56813299999999"><ele>664.8711392320693</ele></trkpt><trkpt lat="35.457827" lon="-83.56619799999999"><ele>644.2544994827608</ele></trkpt><trkpt lat="35.458109" lon="-83.56634700000001"><ele>636.0392899952357</ele></trkpt><trkpt lat="35.458565" lon="-83.56697200000002"><ele>633.6658609788865</ele></trkpt><trkpt lat="35.459206" lon="-83.567161"><ele>630.1278607465107</ele></trkpt><trkpt lat="35.459109" lon="-83.566823"><ele>628.1891821548343</ele></trkpt><trkpt lat="35.459291" lon="-83.56649099999998"><ele>620.6472993250936</ele></trkpt><trkpt lat="35.459623" lon="-83.56647599999997"><ele>616.8797382446202</ele></trkpt><trkpt lat="35.459641" lon="-83.56566499999997"><ele>614.2293148952003</ele></trkpt><trkpt lat="35.460191" lon="-83.56424900000002"><ele>604.7648632898927</ele></trkpt><trkpt lat="35.461397" lon="-83.56437900000003"><ele>578.883357115526</ele></trkpt><trkpt lat="35.462041" lon="-83.56566800000002"><ele>581.9468288626522</ele></trkpt><trkpt lat="35.46292" lon="-83.56457"><ele>575.5499427676043</ele></trkpt><trkpt lat="35.463221" lon="-83.56467900000001"><ele>554.0728615373373</ele></trkpt><trkpt lat="35.46339" lon="-83.56497100000001"><ele>563.4908864694753</ele></trkpt><trkpt lat="35.463887" lon="-83.56449099999998"><ele>553.0428807102144</ele></trkpt><trkpt lat="35.46419" lon="-83.56449600000002"><ele>556.9081415981054</ele></trkpt><trkpt lat="35.464162" lon="-83.56405699999999"><ele>561.2500217758252</ele></trkpt><trkpt lat="35.464396" lon="-83.563758"><ele>549.5778107251972</ele></trkpt><trkpt lat="35.465301" lon="-83.56370800000002"><ele>542.5524359121919</ele></trkpt><trkpt lat="35.466564" lon="-83.56336799999997"><ele>522.0</ele></trkpt><trkpt lat="35.466864" lon="-83.56344899999999"><ele>524.0</ele></trkpt><trkpt lat="35.467372" lon="-83.564031"><ele>524.0</ele></trkpt><trkpt lat="35.467232" lon="-83.56519500000002"><ele>532.0</ele></trkpt><trkpt lat="35.467421" lon="-83.56592"><ele>533.0</ele></trkpt><trkpt lat="35.467756" lon="-83.56409200000002"><ele>548.3822398329901</ele></trkpt><trkpt lat="35.466857" lon="-83.56212"><ele>561.826458307585</ele></trkpt><trkpt lat="35.467454" lon="-83.561692"><ele>570.6000263113528</ele></trkpt><trkpt lat="35.466778" lon="-83.56094200000001"><ele>581.3573746232171</ele></trkpt><trkpt lat="35.466174" lon="-83.560899"><ele>591.3564522666857</ele></trkpt><trkpt lat="35.465903" lon="-83.56070499999998"><ele>592.3223013523966</ele></trkpt><trkpt lat="35.465773" lon="-83.56032600000003"><ele>596.4862122554332</ele></trkpt><trkpt lat="35.465988" lon="-83.55962999999997"><ele>607.4961386676878</ele></trkpt><trkpt lat="35.465791" lon="-83.559373"><ele>609.2612900700176</ele></trkpt><trkpt lat="35.465784" lon="-83.55861199999998"><ele>604.1772529827431</ele></trkpt><trkpt lat="35.466678" lon="-83.55832499999997"><ele>609.6864533321932</ele></trkpt><trkpt lat="35.466907" lon="-83.55861400000003"><ele>604.0969331432575</ele></trkpt><trkpt lat="35.468848" lon="-83.55857100000003"><ele>600.0</ele></trkpt><trkpt lat="35.468755" lon="-83.55820399999999"><ele>603.0</ele></trkpt><trkpt lat="35.469742" lon="-83.55813999999998"><ele>607.0</ele></trkpt><trkpt lat="35.469996" lon="-83.557886"><ele>611.0</ele></trkpt><trkpt lat="35.470055" lon="-83.55751399999997"><ele>614.0</ele></trkpt><trkpt lat="35.47028" lon="-83.55518999999998"><ele>650.0320057021454</ele></trkpt><trkpt lat="35.469955" lon="-83.55523099999999"><ele>654.398183369291</ele></trkpt><trkpt lat="35.469414" lon="-83.55487599999998"><ele>663.8366088378156</ele></trkpt><trkpt lat="35.469278" lon="-83.55409600000002"><ele>663.4268803808422</ele></trkpt><trkpt lat="35.468639" lon="-83.55414000000002"><ele>681.3486826661974</ele></trkpt><trkpt lat="35.468369" lon="-83.55399599999998"><ele>682.0312410257757</ele></trkpt><trkpt lat="35.468005" lon="-83.553335"><ele>684.9725272092537</ele></trkpt><trkpt lat="35.466458" lon="-83.553246"><ele>707.0121023999527</ele></trkpt><trkpt lat="35.465604" lon="-83.551739"><ele>687.4420192301736</ele></trkpt><trkpt lat="35.465045" lon="-83.55132300000002"><ele>677.8303778097034</ele></trkpt><trkpt lat="35.464708" lon="-83.55062900000001"><ele>673.5059530582414</ele></trkpt><trkpt lat="35.4641" lon="-83.55023"><ele>668.862833478155</ele></trkpt><trkpt lat="35.464023" lon="-83.54985299999998"><ele>664.1373632000759</ele></trkpt><trkpt lat="35.463045" lon="-83.54969800000003"><ele>661.6121943299007</ele></trkpt><trkpt lat="35.462815" lon="-83.54940099999999"><ele>650.2331213727593</ele></trkpt><trkpt lat="35.462832" lon="-83.54898300000002"><ele>648.8881243672222</ele></trkpt><trkpt lat="35.462185" lon="-83.54890499999999"><ele>649.186106832698</ele></trkpt><trkpt lat="35.462037" lon="-83.54858999999999"><ele>636.0018456362563</ele></trkpt><trkpt lat="35.462124" lon="-83.548201"><ele>639.0</ele></trkpt><trkpt lat="35.461497" lon="-83.54814899999997"><ele>646.098473372954</ele></trkpt><trkpt lat="35.461233" lon="-83.547889"><ele>643.7155982851982</ele></trkpt><trkpt lat="35.46117" lon="-83.54708599999998"><ele>654.1679540660848</ele></trkpt><trkpt lat="35.460583" lon="-83.547459"><ele>653.7058495990932</ele></trkpt><trkpt lat="35.460397" lon="-83.54676999999998"><ele>660.978382688449</ele></trkpt><trkpt lat="35.460537" lon="-83.54646100000002"><ele>654.4840959931623</ele></trkpt><trkpt lat="35.460882" lon="-83.54634299999998"><ele>671.6326217614114</ele></trkpt><trkpt lat="35.460974" lon="-83.54560900000001"><ele>666.9663681984504</ele></trkpt><trkpt lat="35.461401" lon="-83.544445"><ele>658.8315697778016</ele></trkpt><trkpt lat="35.461403" lon="-83.54332899999997"><ele>657.0</ele></trkpt><trkpt lat="35.45996811390497" lon="-83.5395499196814"><ele>649.0</ele></trkpt><trkpt lat="35.45940985022133" lon="-83.53861436855789"><ele>644.0</ele></trkpt><trkpt lat="35.45865983113347" lon="-83.53752595265041"><ele>634.0</ele></trkpt><trkpt lat="35.45836897800679" lon="-83.53679524454566"><ele>629.0</ele></trkpt><trkpt lat="35.45826574979436" lon="-83.53632183769258"><ele>628.0</ele></trkpt><trkpt lat="35.45824750986576" lon="-83.5356113708454"><ele>627.0</ele></trkpt><trkpt lat="35.458461350956" lon="-83.53465728670977"><ele>625.0</ele></trkpt><trkpt lat="35.45879867506634" lon="-83.5335686384708"><ele>619.0</ele></trkpt><trkpt lat="35.45893008766584" lon="-83.53278107768404"><ele>614.0</ele></trkpt><trkpt lat="35.4589833563176" lon="-83.53213465643967"><ele>610.0</ele></trkpt><trkpt lat="35.45896525456455" lon="-83.53148176043351"><ele>606.0</ele></trkpt><trkpt lat="35.45878990842824" lon="-83.53045104208093"><ele>599.0</ele></trkpt><trkpt lat="35.45837499000703" lon="-83.52917792737003"><ele>587.0</ele></trkpt><trkpt lat="35.45834098218106" lon="-83.52872961604078"><ele>583.0</ele></trkpt><trkpt lat="35.45841998413228" lon="-83.52765297439754"><ele>566.8009746931493</ele></trkpt><trkpt lat="35.45842683541964" lon="-83.52740509371353"><ele>550.1137667097141</ele></trkpt><trkpt lat="35.45821672867952" lon="-83.52688329645167"><ele>560.8619021046907</ele></trkpt><trkpt lat="35.45792656938947" lon="-83.52669994567464"><ele>578.0</ele></trkpt><trkpt lat="35.45764345294963" lon="-83.52672634161024"><ele>580.661433307454</ele></trkpt><trkpt lat="35.45748566722555" lon="-83.52686342151213"><ele>578.5293744215742</ele></trkpt><trkpt lat="35.45747471204653" lon="-83.52717559886844"><ele>560.6650850120932</ele></trkpt><trkpt lat="35.45758096092" lon="-83.52731002647874"><ele>555.4321488905698</ele></trkpt><trkpt lat="35.45801022464742" lon="-83.52718843424066"><ele>558.3826834522188</ele></trkpt><trkpt lat="35.45815508550363" lon="-83.52706532776688"><ele>559.3887803498656</ele></trkpt><trkpt lat="35.45849171589826" lon="-83.52632144547914"><ele>555.0</ele></trkpt><trkpt lat="35.4584397995265" lon="-83.5248435281917"><ele>567.0</ele></trkpt><trkpt lat="35.45859548404744" lon="-83.52448406933149"><ele>569.0</ele></trkpt><trkpt lat="35.45877868241491" lon="-83.52417313959853"><ele>571.0</ele></trkpt><trkpt lat="35.45909655375563" lon="-83.52393399181261"><ele>569.3973595242139</ele></trkpt><trkpt lat="35.459809" lon="-83.52415500000001"><ele>571.0</ele></trkpt><trkpt lat="35.461068" lon="-83.52387699999997"><ele>571.2932956432924</ele></trkpt><trkpt lat="35.461983" lon="-83.52417300000002"><ele>579.0</ele></trkpt><trkpt lat="35.46302" lon="-83.52512300000001"><ele>583.0</ele></trkpt><trkpt lat="35.464289" lon="-83.525059"><ele>607.2167961198843</ele></trkpt><trkpt lat="35.464682" lon="-83.524381"><ele>607.0598210152239</ele></trkpt><trkpt lat="35.464679" lon="-83.52320800000001"><ele>590.8881639093161</ele></trkpt><trkpt lat="35.464812" lon="-83.52277300000003"><ele>594.2633178801443</ele></trkpt><trkpt lat="35.465752" lon="-83.522471"><ele>598.6571928221504</ele></trkpt><trkpt lat="35.46619" lon="-83.52187600000002"><ele>604.7199524893699</ele></trkpt><trkpt lat="35.466311" lon="-83.520309"><ele>605.2739409033052</ele></trkpt><trkpt lat="35.466636" lon="-83.51967100000002"><ele>603.0138382157311</ele></trkpt><trkpt lat="35.467522" lon="-83.51919199999998"><ele>603.9564707549289</ele></trkpt><trkpt lat="35.468704" lon="-83.51883299999997"><ele>609.2258581323549</ele></trkpt><trkpt lat="35.470024" lon="-83.51885600000003"><ele>618.9518296587902</ele></trkpt><trkpt lat="35.471332" lon="-83.51672400000001"><ele>618.0</ele></trkpt><trkpt lat="35.472869" lon="-83.516029"><ele>624.2947437487137</ele></trkpt><trkpt lat="35.474062" lon="-83.51476400000001"><ele>627.9991042092443</ele></trkpt><trkpt lat="35.47527" lon="-83.51434699999999"><ele>630.8475203259989</ele></trkpt><trkpt lat="35.475909" lon="-83.51341400000001"><ele>632.0</ele></trkpt><trkpt lat="35.476142" lon="-83.51184699999999"><ele>639.0</ele></trkpt><trkpt lat="35.476531" lon="-83.51076699999999"><ele>642.0</ele></trkpt><trkpt lat="35.477577" lon="-83.50978600000002"><ele>648.0</ele></trkpt><trkpt lat="35.478135" lon="-83.50892099999999"><ele>659.0</ele></trkpt><trkpt lat="35.478797" lon="-83.50858299999999"><ele>662.0</ele></trkpt><trkpt lat="35.480781" lon="-83.50908600000002"><ele>672.0172650655732</ele></trkpt><trkpt lat="35.482689" lon="-83.50864100000001"><ele>686.7557681770995</ele></trkpt><trkpt lat="35.484054" lon="-83.50865799999997"><ele>678.9766283412189</ele></trkpt><trkpt lat="35.484659" lon="-83.50838499999998"><ele>679.7335032001138</ele></trkpt><trkpt lat="35.48506" lon="-83.50732399999998"><ele>681.0</ele></trkpt><trkpt lat="35.484937" lon="-83.50659300000001"><ele>684.0</ele></trkpt><trkpt lat="35.48516" lon="-83.504772"><ele>692.0</ele></trkpt><trkpt lat="35.48559" lon="-83.50374699999998"><ele>706.6260892484443</ele></trkpt><trkpt lat="35.486275" lon="-83.50366099999997"><ele>726.9546141566943</ele></trkpt><trkpt lat="35.488288" lon="-83.50244600000002"><ele>727.5227047693519</ele></trkpt><trkpt lat="35.490701" lon="-83.503221"><ele>735.571104764007</ele></trkpt><trkpt lat="35.491386" lon="-83.50397800000002"><ele>739.6615381049988</ele></trkpt><trkpt lat="35.492114" lon="-83.50533899999999"><ele>753.399678808637</ele></trkpt><trkpt lat="35.49314" lon="-83.50597900000002"><ele>766.4986987570301</ele></trkpt><trkpt lat="35.494111" lon="-83.50702999999999"><ele>777.8991573881358</ele></trkpt><trkpt lat="35.4947002155787" lon="-83.50709447317581"><ele>768.1698069589283</ele></trkpt><trkpt lat="35.49503362301215" lon="-83.50709823630785"><ele>768.0</ele></trkpt><trkpt lat="35.49604740048377" lon="-83.50607824679378"><ele>767.1683593815327</ele></trkpt><trkpt lat="35.49656915954511" lon="-83.50560117403194"><ele>770.0</ele></trkpt><trkpt lat="35.49682366251105" lon="-83.50546961818213"><ele>768.4471268868074</ele></trkpt><trkpt lat="35.49700136096282" lon="-83.50528383230744"><ele>767.0</ele></trkpt><trkpt lat="35.49704232488466" lon="-83.50518642631027"><ele>767.0590918324888</ele></trkpt><trkpt lat="35.49708163458256" lon="-83.50489446324946"><ele>766.3092610742897</ele></trkpt><trkpt lat="35.49705629608349" lon="-83.50451001635469"><ele>765.8588323201984</ele></trkpt><trkpt lat="35.49694810313281" lon="-83.50402509787506"><ele>764.0</ele></trkpt><trkpt lat="35.49688236139717" lon="-83.5036031485837"><ele>765.0</ele></trkpt><trkpt lat="35.49716604146594" lon="-83.5030533949037"><ele>769.1349138965056</ele></trkpt><trkpt lat="35.49754599873384" lon="-83.50254186554065"><ele>772.0</ele></trkpt><trkpt lat="35.49774688798095" lon="-83.50193562723786"><ele>776.0</ele></trkpt><trkpt lat="35.49821210910395" lon="-83.50171510761493"><ele>779.9902987404653</ele></trkpt><trkpt lat="35.49770061400169" lon="-83.50187987726576"><ele>775.741081520915</ele></trkpt><trkpt lat="35.4969" lon="-83.49913600000002"><ele>784.34247121431</ele></trkpt><trkpt lat="35.49626" lon="-83.49830400000002"><ele>790.0</ele></trkpt><trkpt lat="35.49577532032668" lon="-83.49694260340345"><ele>799.466306746006</ele></trkpt><trkpt lat="35.49601073253669" lon="-83.49604433473672"><ele>806.7939342213795</ele></trkpt><trkpt lat="35.4961784685836" lon="-83.49569837179553"><ele>809.880763474298</ele></trkpt><trkpt lat="35.49632508925527" lon="-83.49551991228583"><ele>812.994343316729</ele></trkpt><trkpt lat="35.49641400005442" lon="-83.49507223506589"><ele>810.9208160797134</ele></trkpt><trkpt lat="35.49633458884799" lon="-83.49468443760998"><ele>816.0</ele></trkpt><trkpt lat="35.49638610704048" lon="-83.49446894786763"><ele>817.0</ele></trkpt><trkpt lat="35.49649141750731" lon="-83.49434729358859"><ele>817.8907679133117</ele></trkpt><trkpt lat="35.49665257369342" lon="-83.494048078339"><ele>821.0</ele></trkpt><trkpt lat="35.49684908240764" lon="-83.4934563177332"><ele>819.41471641235</ele></trkpt><trkpt lat="35.49740619918293" lon="-83.49330848104046"><ele>818.0</ele></trkpt><trkpt lat="35.49810074154379" lon="-83.49298540251704"><ele>823.3594920132309</ele></trkpt><trkpt lat="35.49853090212736" lon="-83.4929092340443"><ele>825.9755628355999</ele></trkpt><trkpt lat="35.49884250976053" lon="-83.49274889887278"><ele>825.2747957948595</ele></trkpt><trkpt lat="35.49902767368242" lon="-83.49249033679791"><ele>827.0</ele></trkpt><trkpt lat="35.49912744912078" lon="-83.49212370828735"><ele>830.7985049809934</ele></trkpt><trkpt lat="35.49931390391776" lon="-83.49160581535523"><ele>832.4712563334033</ele></trkpt><trkpt lat="35.49942012310255" lon="-83.49141333863935"><ele>834.0747463684529</ele></trkpt><trkpt lat="35.500942" lon="-83.49083100000001"><ele>840.2380736004561</ele></trkpt><trkpt lat="35.502048" lon="-83.48997199999997"><ele>849.0</ele></trkpt><trkpt lat="35.502719" lon="-83.48982899999999"><ele>850.0</ele></trkpt><trkpt lat="35.50384078620792" lon="-83.49051925667254"><ele>859.1859668362886</ele></trkpt><trkpt lat="35.50422239487503" lon="-83.49052671042693"><ele>861.0</ele></trkpt><trkpt lat="35.50483942378999" lon="-83.49025392312723"><ele>868.3443420911208</ele></trkpt><trkpt lat="35.50514121726776" lon="-83.49001510500517"><ele>870.4660356279248</ele></trkpt><trkpt lat="35.50544124387961" lon="-83.48980371318737"><ele>868.3630381850526</ele></trkpt><trkpt lat="35.50555051858051" lon="-83.48960848411747"><ele>867.0</ele></trkpt><trkpt lat="35.50566945438127" lon="-83.48920040144196"><ele>867.0</ele></trkpt><trkpt lat="35.50587633168595" lon="-83.48890041502068"><ele>869.0</ele></trkpt><trkpt lat="35.50599155038955" lon="-83.48858741469382"><ele>870.1153674348042</ele></trkpt><trkpt lat="35.50603542277113" lon="-83.48797091666859"><ele>872.0</ele></trkpt><trkpt lat="35.50625944788805" lon="-83.48667008867073"><ele>877.0</ele></trkpt><trkpt lat="35.50641038580589" lon="-83.48633012468832"><ele>878.0</ele></trkpt><trkpt lat="35.50658273200349" lon="-83.48609319647403"><ele>879.6446547694504</ele></trkpt><trkpt lat="35.50689482802439" lon="-83.48572672283547"><ele>881.0</ele></trkpt><trkpt lat="35.50703183959625" lon="-83.48548720676655"><ele>881.0</ele></trkpt><trkpt lat="35.50725431400365" lon="-83.48534856681499"><ele>882.0</ele></trkpt><trkpt lat="35.50744161084512" lon="-83.48516174265268"><ele>885.7999381606685</ele></trkpt><trkpt lat="35.50784057257686" lon="-83.48422515099935"><ele>889.0</ele></trkpt><trkpt lat="35.5079760013118" lon="-83.48409981074366"><ele>889.0</ele></trkpt><trkpt lat="35.5081448263776" lon="-83.48400185717941"><ele>890.0</ele></trkpt><trkpt lat="35.50826676682983" lon="-83.48366725615244"><ele>891.6143389251083</ele></trkpt><trkpt lat="35.50834057391558" lon="-83.48330181911962"><ele>893.0</ele></trkpt><trkpt lat="35.50845198031931" lon="-83.48296578129026"><ele>894.3076852345839</ele></trkpt><trkpt lat="35.50852968811491" lon="-83.48279357445995"><ele>896.0</ele></trkpt><trkpt lat="35.50853747008842" lon="-83.48268277022288"><ele>898.0557322612167</ele></trkpt><trkpt lat="35.50849796294441" lon="-83.48244991122885"><ele>899.8503530174494</ele></trkpt><trkpt lat="35.50849921521367" lon="-83.48216137166054"><ele>896.0</ele></trkpt><trkpt lat="35.50857568034774" lon="-83.48178772219114"><ele>899.0</ele></trkpt><trkpt lat="35.509215" lon="-83.48067200000003"><ele>904.9010801259428</ele></trkpt><trkpt lat="35.50896" lon="-83.47953000000001"><ele>918.0</ele></trkpt><trkpt lat="35.509145" lon="-83.47875499999998"><ele>922.1064707431942</ele></trkpt><trkpt lat="35.508782" lon="-83.47817099999997"><ele>928.2126106526389</ele></trkpt><trkpt lat="35.50872925989374" lon="-83.47785383307979"><ele>929.4582611322403</ele></trkpt><trkpt lat="35.50909259404857" lon="-83.47764817479538"><ele>925.0</ele></trkpt><trkpt lat="35.50921562761681" lon="-83.47751040942927"><ele>920.0285689294792</ele></trkpt><trkpt lat="35.5093938264464" lon="-83.47721844550932"><ele>922.0</ele></trkpt><trkpt lat="35.50948837809717" lon="-83.4769814677764"><ele>923.0</ele></trkpt><trkpt lat="35.50984897519802" lon="-83.47661456441847"><ele>925.2958444599062</ele></trkpt><trkpt lat="35.50998834122461" lon="-83.47659360227146"><ele>926.2727513154969</ele></trkpt><trkpt lat="35.51013061910444" lon="-83.47627487851975"><ele>929.0</ele></trkpt><trkpt lat="35.51030015115178" lon="-83.47613988821035"><ele>929.0</ele></trkpt><trkpt lat="35.51051045266499" lon="-83.47613660998672"><ele>929.0</ele></trkpt><trkpt lat="35.51080734462362" lon="-83.4760476660349"><ele>933.0</ele></trkpt><trkpt lat="35.51118272269817" lon="-83.47579841140765"><ele>937.0</ele></trkpt><trkpt lat="35.51161824006751" lon="-83.47524190097954"><ele>954.3545919064487</ele></trkpt><trkpt lat="35.51169195305471" lon="-83.47499826263544"><ele>949.9177839589734</ele></trkpt><trkpt lat="35.51182437494443" lon="-83.47491743369284"><ele>948.6121311951429</ele></trkpt><trkpt lat="35.51208228722609" lon="-83.47486154922626"><ele>950.0077262884006</ele></trkpt><trkpt lat="35.51245925421451" lon="-83.47462810270491"><ele>954.7691545980051</ele></trkpt><trkpt lat="35.5130902764406" lon="-83.47406533996167"><ele>959.4622497785349</ele></trkpt><trkpt lat="35.51327778720052" lon="-83.4738831327686"><ele>961.6226121618154</ele></trkpt><trkpt lat="35.51342084223274" lon="-83.47369676566814"><ele>961.4198937378824</ele></trkpt><trkpt lat="35.51374695254212" lon="-83.47249827883991"><ele>964.3660918865353</ele></trkpt><trkpt lat="35.514188" lon="-83.47139800000002"><ele>967.25047002824</ele></trkpt><trkpt lat="35.514213" lon="-83.470326"><ele>970.0492426455021</ele></trkpt><trkpt lat="35.51396659951956" lon="-83.46962435366692"><ele>966.9417734406888</ele></trkpt><trkpt lat="35.51396148128885" lon="-83.46943724561231"><ele>966.6487335506827</ele></trkpt><trkpt lat="35.514144" lon="-83.46889199999998"><ele>970.0</ele></trkpt><trkpt lat="35.51404334046509" lon="-83.46777397667768"><ele>973.0</ele></trkpt><trkpt lat="35.5140922909014" lon="-83.46758793122058"><ele>973.1381310224533</ele></trkpt><trkpt lat="35.51418462626273" lon="-83.46743315755873"><ele>974.0</ele></trkpt><trkpt lat="35.51415363977316" lon="-83.46724945098106"><ele>974.0</ele></trkpt><trkpt lat="35.51432750667828" lon="-83.4666922958495"><ele>977.0</ele></trkpt><trkpt lat="35.51455275858857" lon="-83.46643142699259"><ele>977.5694452842854</ele></trkpt><trkpt lat="35.51460968066138" lon="-83.46630125227585"><ele>978.0</ele></trkpt><trkpt lat="35.51461486181174" lon="-83.46591599422618"><ele>979.0</ele></trkpt><trkpt lat="35.51470630096293" lon="-83.46556907388202"><ele>983.0530126700178</ele></trkpt><trkpt lat="35.51473930266979" lon="-83.46520482292328"><ele>988.0231677602836</ele></trkpt><trkpt lat="35.51481289808229" lon="-83.46500333416691"><ele>988.6038749366999</ele></trkpt><trkpt lat="35.51494" lon="-83.464767"><ele>992.0</ele></trkpt><trkpt lat="35.516501" lon="-83.46414300000004"><ele>991.5128725310788</ele></trkpt><trkpt lat="35.517167" lon="-83.46428600000002"><ele>995.0</ele></trkpt><trkpt lat="35.517833" lon="-83.46418"><ele>997.7885475549847</ele></trkpt><trkpt lat="35.518416" lon="-83.46388000000002"><ele>1000.6954302564263</ele></trkpt><trkpt lat="35.519439" lon="-83.46292900000003"><ele>1017.7540989435247</ele></trkpt><trkpt lat="35.519688" lon="-83.463124"><ele>1022.0009040669685</ele></trkpt><trkpt lat="35.520324" lon="-83.46299499999998"><ele>1030.957232513465</ele></trkpt><trkpt lat="35.52106119471642" lon="-83.46313627707207"><ele>1040.429561461322</ele></trkpt><trkpt lat="35.5217502339677" lon="-83.46343535282733"><ele>1037.8010581127005</ele></trkpt><trkpt lat="35.52235772733626" lon="-83.46372589939813"><ele>1033.9511694535613</ele></trkpt><trkpt lat="35.5230825916307" lon="-83.46382639496005"><ele>1046.9265512944778</ele></trkpt><trkpt lat="35.52353820329061" lon="-83.46399216153475"><ele>1053.5308411438018</ele></trkpt><trkpt lat="35.52412234524898" lon="-83.46439206880666"><ele>1055.3424668023363</ele></trkpt><trkpt lat="35.52438008576932" lon="-83.46449970501777"><ele>1058.063183718556</ele></trkpt><trkpt lat="35.524565" lon="-83.46452299999999"><ele>1058.6071779560298</ele></trkpt><trkpt lat="35.525692" lon="-83.46367099999998"><ele>1069.1911422591656</ele></trkpt><trkpt lat="35.526668" lon="-83.463367"><ele>1065.0</ele></trkpt><trkpt lat="35.527279" lon="-83.463392"><ele>1068.683007966727</ele></trkpt><trkpt lat="35.528483" lon="-83.46456699999999"><ele>1061.3531028537282</ele></trkpt><trkpt lat="35.529404" lon="-83.46482800000001"><ele>1068.0</ele></trkpt><trkpt lat="35.52954" lon="-83.4656"><ele>1073.0</ele></trkpt><trkpt lat="35.529825" lon="-83.46575100000001"><ele>1080.565189938061</ele></trkpt><trkpt lat="35.530226" lon="-83.46632299999999"><ele>1085.9962097952935</ele></trkpt><trkpt lat="35.53029" lon="-83.46666900000002"><ele>1083.9210468765157</ele></trkpt><trkpt lat="35.530785" lon="-83.46722599999998"><ele>1088.8060410218093</ele></trkpt><trkpt lat="35.531074" lon="-83.46736499999997"><ele>1090.8724463749677</ele></trkpt><trkpt lat="35.531338" lon="-83.467154"><ele>1108.190102044493</ele></trkpt><trkpt lat="35.530868" lon="-83.46611200000001"><ele>1129.4696268076077</ele></trkpt><trkpt lat="35.530621" lon="-83.46496400000001"><ele>1146.5740759968758</ele></trkpt><trkpt lat="35.531303" lon="-83.46281199999999"><ele>1173.6296687573195</ele></trkpt><trkpt lat="35.531735" lon="-83.460601"><ele>1199.523039895561</ele></trkpt><trkpt lat="35.531919" lon="-83.460217"><ele>1198.428239678964</ele></trkpt><trkpt lat="35.532484" lon="-83.45989400000002"><ele>1220.0</ele></trkpt><trkpt lat="35.53239513539896" lon="-83.45782321401077"><ele>1242.1728754602373</ele></trkpt><trkpt lat="35.53259928932001" lon="-83.45763727403204"><ele>1247.0</ele></trkpt><trkpt lat="35.53266523904598" lon="-83.45750612879687"><ele>1246.6410048324615</ele></trkpt><trkpt lat="35.53283303302965" lon="-83.45733190618989"><ele>1260.1998017615615</ele></trkpt><trkpt lat="35.53287064251047" lon="-83.457184098293"><ele>1260.582761136815</ele></trkpt><trkpt lat="35.53279566218171" lon="-83.45669474880197"><ele>1254.6676235616571</ele></trkpt><trkpt lat="35.53280379647613" lon="-83.45659072725277"><ele>1256.2731197197227</ele></trkpt><trkpt lat="35.53251736693097" lon="-83.45652821015403"><ele>1257.493557369982</ele></trkpt><trkpt lat="35.53245214203641" lon="-83.45635717744273"><ele>1259.7959946235642</ele></trkpt><trkpt lat="35.532488" lon="-83.45612800000004"><ele>1264.4520369665697</ele></trkpt><trkpt lat="35.532707" lon="-83.45581500000003"><ele>1267.4271173504683</ele></trkpt><trkpt lat="35.532728" lon="-83.45543399999997"><ele>1271.3816896015778</ele></trkpt><trkpt lat="35.532526" lon="-83.45516399999997"><ele>1277.6435265920168</ele></trkpt><trkpt lat="35.532363" lon="-83.45441299999999"><ele>1293.2963069947436</ele></trkpt><trkpt lat="35.532516" lon="-83.454091"><ele>1290.029974045232</ele></trkpt><trkpt lat="35.534448" lon="-83.453645"><ele>1268.244867555797</ele></trkpt><trkpt lat="35.535025" lon="-83.45399399999997"><ele>1256.5094463992864</ele></trkpt><trkpt lat="35.535339" lon="-83.45391999999998"><ele>1253.060796443373</ele></trkpt><trkpt lat="35.535624" lon="-83.45374200000003"><ele>1246.7653952017426</ele></trkpt><trkpt lat="35.536068" lon="-83.452811"><ele>1234.0</ele></trkpt><trkpt lat="35.537016" lon="-83.45287000000002"><ele>1223.1024208475815</ele></trkpt><trkpt lat="35.537236" lon="-83.45255500000002"><ele>1218.4044267088175</ele></trkpt><trkpt lat="35.537388" lon="-83.45179999999999"><ele>1213.3712235614657</ele></trkpt><trkpt lat="35.537086" lon="-83.45023100000003"><ele>1188.8400621636447</ele></trkpt><trkpt lat="35.537308" lon="-83.449903"><ele>1185.38295001816</ele></trkpt><trkpt lat="35.537192" lon="-83.44955500000003"><ele>1182.0</ele></trkpt><trkpt lat="35.537942" lon="-83.44703300000003"><ele>1151.6922653700462</ele></trkpt><trkpt lat="35.537819" lon="-83.446325"><ele>1136.7933916468173</ele></trkpt><trkpt lat="35.537934" lon="-83.44552699999997"><ele>1129.918646754697</ele></trkpt><trkpt lat="35.538235" lon="-83.445558"><ele>1127.1387072495968</ele></trkpt><trkpt lat="35.538447" lon="-83.446215"><ele>1113.4621288422495</ele></trkpt><trkpt lat="35.538949" lon="-83.44671499999998"><ele>1100.8406614611176</ele></trkpt><trkpt lat="35.539057" lon="-83.44707599999998"><ele>1097.3789921015987</ele></trkpt><trkpt lat="35.539644" lon="-83.44739099999998"><ele>1092.4728952664882</ele></trkpt><trkpt lat="35.539998" lon="-83.44802700000002"><ele>1082.1755582589515</ele></trkpt><trkpt lat="35.540618" lon="-83.448239"><ele>1066.9319720944407</ele></trkpt><trkpt lat="35.540488" lon="-83.447453"><ele>1056.4416897466942</ele></trkpt><trkpt lat="35.540027" lon="-83.44653199999999"><ele>1041.1886496612703</ele></trkpt><trkpt lat="35.540279" lon="-83.44427000000002"><ele>1011.0208065649495</ele></trkpt><trkpt lat="35.54016" lon="-83.44270399999999"><ele>985.1769703160803</ele></trkpt><trkpt lat="35.539819" lon="-83.44203600000003"><ele>975.1108847009018</ele></trkpt><trkpt lat="35.539523" lon="-83.44225"><ele>975.8148929150775</ele></trkpt><trkpt lat="35.53922" lon="-83.44208300000003"><ele>973.4346913788332</ele></trkpt><trkpt lat="35.538274" lon="-83.442271"><ele>956.1780487112701</ele></trkpt><trkpt lat="35.537369" lon="-83.44182999999998"><ele>936.6339792735359</ele></trkpt><trkpt lat="35.537032" lon="-83.44109900000001"><ele>928.721209840849</ele></trkpt><trkpt lat="35.536801" lon="-83.43953899999997"><ele>909.0</ele></trkpt><trkpt lat="35.536895" lon="-83.438378"><ele>898.9689233690607</ele></trkpt><trkpt lat="35.536663" lon="-83.43653499999999"><ele>878.9182547338512</ele></trkpt><trkpt lat="35.536429" lon="-83.43577199999999"><ele>870.0566554036855</ele></trkpt><trkpt lat="35.535934" lon="-83.43527599999999"><ele>865.0</ele></trkpt><trkpt lat="35.535644" lon="-83.43519800000001"><ele>869.4251456270476</ele></trkpt><trkpt lat="35.534886" lon="-83.434325"><ele>853.0474586272612</ele></trkpt><trkpt lat="35.53475" lon="-83.43393000000003"><ele>848.0170673914566</ele></trkpt><trkpt lat="35.534225" lon="-83.433516"><ele>845.0</ele></trkpt><trkpt lat="35.53404" lon="-83.43276500000002"><ele>842.0</ele></trkpt><trkpt lat="35.534104" lon="-83.43163199999998"><ele>831.6843610312068</ele></trkpt><trkpt lat="35.533808" lon="-83.43098299999997"><ele>825.0</ele></trkpt><trkpt lat="35.532554" lon="-83.42982699999999"><ele>809.0</ele></trkpt><trkpt lat="35.5315" lon="-83.42840000000001"><ele>798.0797739708796</ele></trkpt><trkpt lat="35.531252" lon="-83.42816099999999"><ele>793.0</ele></trkpt><trkpt lat="35.530674" lon="-83.428109"><ele>791.0</ele></trkpt><trkpt lat="35.530066" lon="-83.42717299999998"><ele>783.7915439028293</ele></trkpt><trkpt lat="35.52953" lon="-83.426851"><ele>778.0</ele></trkpt><trkpt lat="35.529703" lon="-83.42418299999997"><ele>762.0</ele></trkpt><trkpt lat="35.529673" lon="-83.42381499999999"><ele>764.286208178848</ele></trkpt><trkpt lat="35.529397" lon="-83.42364900000001"><ele>759.0</ele></trkpt><trkpt lat="35.529322" lon="-83.423227"><ele>757.0</ele></trkpt><trkpt lat="35.529339" lon="-83.422122"><ele>748.0</ele></trkpt><trkpt lat="35.528527" lon="-83.42158699999999"><ele>764.6868693643617</ele></trkpt><trkpt lat="35.527185" lon="-83.42156599999998"><ele>745.0</ele></trkpt><trkpt lat="35.52612" lon="-83.421245"><ele>740.8269417025149</ele></trkpt><trkpt lat="35.524394" lon="-83.420031"><ele>736.0</ele></trkpt><trkpt lat="35.524247" lon="-83.41971000000001"><ele>735.0</ele></trkpt><trkpt lat="35.523685" lon="-83.41931999999997"><ele>733.6462089250635</ele></trkpt><trkpt lat="35.522149" lon="-83.41952300000003"><ele>732.0</ele></trkpt><trkpt lat="35.520815" lon="-83.41927199999998"><ele>732.0</ele></trkpt><trkpt lat="35.520452" lon="-83.41866199999998"><ele>739.2727984394878</ele></trkpt><trkpt lat="35.520801" lon="-83.41630099999998"><ele>771.1116721788421</ele></trkpt><trkpt lat="35.520999" lon="-83.41601700000001"><ele>776.5934499278665</ele></trkpt><trkpt lat="35.520956" lon="-83.415636"><ele>791.8686931114644</ele></trkpt><trkpt lat="35.520656" lon="-83.41553999999996"><ele>792.5304441275075</ele></trkpt><trkpt lat="35.520392" lon="-83.41481699999997"><ele>802.2710848012939</ele></trkpt><trkpt lat="35.520137" lon="-83.41462899999999"><ele>812.0573544742754</ele></trkpt><trkpt lat="35.518875" lon="-83.41433799999999"><ele>828.6408784249797</ele></trkpt><trkpt lat="35.518885" lon="-83.414716"><ele>831.9356647307244</ele></trkpt><trkpt lat="35.519201" lon="-83.415345"><ele>848.7843948307521</ele></trkpt><trkpt lat="35.518621" lon="-83.41536000000002"><ele>854.5322562102228</ele></trkpt><trkpt lat="35.517696" lon="-83.415817"><ele>868.2155946309792</ele></trkpt><trkpt lat="35.517253" lon="-83.41641700000002"><ele>876.8943426366895</ele></trkpt><trkpt lat="35.517267" lon="-83.41717499999999"><ele>885.4377964307005</ele></trkpt><trkpt lat="35.516983" lon="-83.417304"><ele>883.2382003049913</ele></trkpt><trkpt lat="35.516749" lon="-83.41706799999997"><ele>875.6153616029769</ele></trkpt><trkpt lat="35.516731" lon="-83.41627199999999"><ele>879.2178700603545</ele></trkpt><trkpt lat="35.517146" lon="-83.41569600000003"><ele>883.3067157324404</ele></trkpt><trkpt lat="35.517196" lon="-83.41530499999999"><ele>895.6030935239295</ele></trkpt><trkpt lat="35.516918" lon="-83.415165"><ele>905.0531093329191</ele></trkpt><trkpt lat="35.516548" lon="-83.41411700000003"><ele>908.8465643823147</ele></trkpt><trkpt lat="35.51678" lon="-83.413859"><ele>924.9405410857871</ele></trkpt><trkpt lat="35.516763" lon="-83.413501"><ele>923.0500659905374</ele></trkpt><trkpt lat="35.516935" lon="-83.41317300000003"><ele>933.7966767547148</ele></trkpt><trkpt lat="35.516454" lon="-83.41270600000001"><ele>949.3579545766115</ele></trkpt><trkpt lat="35.516839" lon="-83.41212000000002"><ele>950.4411395844072</ele></trkpt><trkpt lat="35.518004" lon="-83.41111999999998"><ele>979.6097847457955</ele></trkpt><trkpt lat="35.518365" lon="-83.410032"><ele>998.4929392561316</ele></trkpt><trkpt lat="35.51836" lon="-83.40930600000002"><ele>1002.1022997330874</ele></trkpt><trkpt lat="35.519011" lon="-83.40849300000002"><ele>1021.4726842269301</ele></trkpt><trkpt lat="35.519097" lon="-83.40812800000003"><ele>1029.0010787537321</ele></trkpt><trkpt lat="35.519701" lon="-83.40779299999997"><ele>1040.7182881771969</ele></trkpt><trkpt lat="35.520635" lon="-83.40799600000003"><ele>1037.0581075861965</ele></trkpt><trkpt lat="35.521277" lon="-83.40709600000002"><ele>1039.97405982297</ele></trkpt><trkpt lat="35.521299" lon="-83.40671099999997"><ele>1044.7712287679315</ele></trkpt><trkpt lat="35.521874" lon="-83.40642400000002"><ele>1046.1087188282982</ele></trkpt><trkpt lat="35.521946" lon="-83.404968"><ele>1060.550437820144</ele></trkpt><trkpt lat="35.522275" lon="-83.40428500000002"><ele>1058.5588539326563</ele></trkpt><trkpt lat="35.522832" lon="-83.40397000000002"><ele>1063.1222932743244</ele></trkpt><trkpt lat="35.523119" lon="-83.40395699999999"><ele>1062.6162325330079</ele></trkpt><trkpt lat="35.523393" lon="-83.40424000000002"><ele>1071.0674844969749</ele></trkpt><trkpt lat="35.523999" lon="-83.40415000000002"><ele>1076.2284739723445</ele></trkpt><trkpt lat="35.524037" lon="-83.40227099999998"><ele>1081.0429376000538</ele></trkpt><trkpt lat="35.52514" lon="-83.40322100000003"><ele>1094.3161464910954</ele></trkpt><trkpt lat="35.525732" lon="-83.40320600000001"><ele>1093.773878853768</ele></trkpt><trkpt lat="35.525969" lon="-83.40432699999997"><ele>1112.859482309781</ele></trkpt><trkpt lat="35.526481" lon="-83.40463499999998"><ele>1115.320226666092</ele></trkpt><trkpt lat="35.527395" lon="-83.404519"><ele>1117.6449346989393</ele></trkpt><trkpt lat="35.528359" lon="-83.40412200000003"><ele>1125.3057898683473</ele></trkpt><trkpt lat="35.528728" lon="-83.40358200000003"><ele>1139.1399658676237</ele></trkpt><trkpt lat="35.529021" lon="-83.40361100000001"><ele>1139.5421089241281</ele></trkpt><trkpt lat="35.5299" lon="-83.40455400000002"><ele>1141.1529891723767</ele></trkpt><trkpt lat="35.530239" lon="-83.40460200000001"><ele>1146.147191193717</ele></trkpt><trkpt lat="35.53056" lon="-83.404424"><ele>1148.3800099557266</ele></trkpt><trkpt lat="35.530859" lon="-83.40452900000003"><ele>1140.944395075059</ele></trkpt><trkpt lat="35.530878" lon="-83.40493300000003"><ele>1147.1011292459443</ele></trkpt><trkpt lat="35.531472" lon="-83.40531399999998"><ele>1150.8570161769167</ele></trkpt><trkpt lat="35.532451" lon="-83.40546699999999"><ele>1152.0</ele></trkpt><trkpt lat="35.534636" lon="-83.405059"><ele>1169.4894054717333</ele></trkpt><trkpt lat="35.534777" lon="-83.40472499999998"><ele>1173.342288894313</ele></trkpt><trkpt lat="35.53467" lon="-83.40433999999999"><ele>1168.7440932177942</ele></trkpt><trkpt lat="35.534103" lon="-83.40397000000002"><ele>1163.7826559168182</ele></trkpt><trkpt lat="35.53381" lon="-83.40408400000001"><ele>1165.3725533871225</ele></trkpt><trkpt lat="35.533156" lon="-83.403278"><ele>1155.972539022565</ele></trkpt><trkpt lat="35.534029" lon="-83.402893"><ele>1157.7710614018142</ele></trkpt><trkpt lat="35.535122" lon="-83.40208200000001"><ele>1142.234899200499</ele></trkpt><trkpt lat="35.536056" lon="-83.40176200000002"><ele>1134.3218183116987</ele></trkpt><trkpt lat="35.536113" lon="-83.40139899999997"><ele>1144.685039497912</ele></trkpt><trkpt lat="35.535964" lon="-83.40101700000002"><ele>1152.7779842792943</ele></trkpt><trkpt lat="35.536216" lon="-83.400284"><ele>1159.4420259548351</ele></trkpt><trkpt lat="35.536896" lon="-83.40029500000003"><ele>1169.9969359110855</ele></trkpt><trkpt lat="35.539354" lon="-83.39945"><ele>1183.5748088890687</ele></trkpt><trkpt lat="35.540516" lon="-83.399336"><ele>1195.0</ele></trkpt><trkpt lat="35.541054" lon="-83.39891799999998"><ele>1207.2723914246108</ele></trkpt><trkpt lat="35.541655" lon="-83.39801799999998"><ele>1225.490814782679</ele></trkpt><trkpt lat="35.54167" lon="-83.39728500000001"><ele>1240.3499233517796</ele></trkpt><trkpt lat="35.542081" lon="-83.39668699999999"><ele>1244.6992366816849</ele></trkpt><trkpt lat="35.542081" lon="-83.39588800000001"><ele>1251.684016651474</ele></trkpt><trkpt lat="35.542389" lon="-83.39601299999998"><ele>1254.3989994656295</ele></trkpt><trkpt lat="35.542677" lon="-83.395871"><ele>1256.9748874008656</ele></trkpt><trkpt lat="35.542733" lon="-83.39512500000001"><ele>1259.7862409543454</ele></trkpt><trkpt lat="35.543034" lon="-83.39489600000002"><ele>1259.0</ele></trkpt><trkpt lat="35.543163" lon="-83.39455499999997"><ele>1262.8606666009873</ele></trkpt><trkpt lat="35.543396" lon="-83.393483"><ele>1278.20575539954</ele></trkpt><trkpt lat="35.542655" lon="-83.392787"><ele>1297.7650709357113</ele></trkpt><trkpt lat="35.542826" lon="-83.39241500000003"><ele>1302.838994014077</ele></trkpt><trkpt lat="35.542098" lon="-83.39106400000003"><ele>1304.8632221538574</ele></trkpt><trkpt lat="35.542322" lon="-83.39080200000001"><ele>1302.0975957345217</ele></trkpt><trkpt lat="35.542655" lon="-83.390829"><ele>1308.807089066133</ele></trkpt><trkpt lat="35.54316" lon="-83.38989200000003"><ele>1301.1397240906954</ele></trkpt><trkpt lat="35.543453" lon="-83.38982599999997"><ele>1308.4704396761954</ele></trkpt><trkpt lat="35.543746" lon="-83.38875999999999"><ele>1305.7479010093957</ele></trkpt><trkpt lat="35.543876" lon="-83.387943"><ele>1320.2085231391256</ele></trkpt><trkpt lat="35.543725" lon="-83.387607"><ele>1322.950684092939</ele></trkpt><trkpt lat="35.543773" lon="-83.38678900000002"><ele>1339.0</ele></trkpt><trkpt lat="35.543344" lon="-83.38528300000002"><ele>1358.2274489589036</ele></trkpt><trkpt lat="35.544555" lon="-83.38417500000003"><ele>1366.0</ele></trkpt><trkpt lat="35.545361" lon="-83.38254699999999"><ele>1386.7527890987694</ele></trkpt><trkpt lat="35.545274" lon="-83.380653"><ele>1409.1986155118793</ele></trkpt><trkpt lat="35.544486" lon="-83.37940700000001"><ele>1427.636084901169</ele></trkpt><trkpt lat="35.545139" lon="-83.37848099999997"><ele>1436.3859937861562</ele></trkpt><trkpt lat="35.54505" lon="-83.37740100000002"><ele>1442.9398178812116</ele></trkpt><trkpt lat="35.545243" lon="-83.376259"><ele>1457.9988082479138</ele></trkpt><trkpt lat="35.545777" lon="-83.37580000000003"><ele>1455.7651867537259</ele></trkpt><trkpt lat="35.546413" lon="-83.37450899999999"><ele>1447.9918894320726</ele></trkpt><trkpt lat="35.546973" lon="-83.37307599999997"><ele>1440.9164909664541</ele></trkpt><trkpt lat="35.547119" lon="-83.37186700000001"><ele>1446.4908792709493</ele></trkpt><trkpt lat="35.546965" lon="-83.37151399999999"><ele>1451.2483771812645</ele></trkpt><trkpt lat="35.546453" lon="-83.37111400000003"><ele>1463.9849355425067</ele></trkpt><trkpt lat="35.546181" lon="-83.369643"><ele>1455.3368127052267</ele></trkpt><trkpt lat="35.545667" lon="-83.368652"><ele>1452.7999114103404</ele></trkpt><trkpt lat="35.543542" lon="-83.36785199999997"><ele>1480.9974442701787</ele></trkpt><trkpt lat="35.54262422365757" lon="-83.36806179401077"><ele>1489.9981566500464</ele></trkpt><trkpt lat="35.54241200757838" lon="-83.36806179155082"><ele>1493.221727236174</ele></trkpt><trkpt lat="35.54217448965489" lon="-83.36796299979511"><ele>1497.8257567491382</ele></trkpt><trkpt lat="35.54197824346454" lon="-83.36784887466695"><ele>1500.1480230234788</ele></trkpt><trkpt lat="35.54169420187097" lon="-83.36761093398786"><ele>1504.9692719001323</ele></trkpt><trkpt lat="35.54163725439128" lon="-83.36733040039758"><ele>1509.0</ele></trkpt><trkpt lat="35.54173038999264" lon="-83.36712121624316"><ele>1512.0</ele></trkpt><trkpt lat="35.54185681772927" lon="-83.36706394289678"><ele>1511.0</ele></trkpt><trkpt lat="35.54210005597253" lon="-83.3670664616019"><ele>1510.9884438128129</ele></trkpt><trkpt lat="35.5424988124922" lon="-83.36713452521866"><ele>1511.564529585652</ele></trkpt><trkpt lat="35.5428821816428" lon="-83.36725569147939"><ele>1508.3873037075819</ele></trkpt><trkpt lat="35.54272054908743" lon="-83.36735630805379"><ele>1511.0</ele></trkpt><trkpt lat="35.54243792153193" lon="-83.36745948244607"><ele>1516.0</ele></trkpt><trkpt lat="35.54294019138144" lon="-83.36726403701556"><ele>1508.0</ele></trkpt><trkpt lat="35.54312025157038" lon="-83.36709033332374"><ele>1511.0</ele></trkpt><trkpt lat="35.54315519153418" lon="-83.36683671090799"><ele>1512.5979833052934</ele></trkpt><trkpt lat="35.54324827806454" lon="-83.36643672837454"><ele>1517.0</ele></trkpt><trkpt lat="35.54362678419575" lon="-83.36587036102412"><ele>1523.7985100798642</ele></trkpt><trkpt lat="35.54418687691387" lon="-83.36492813117854"><ele>1531.4964333679527</ele></trkpt><trkpt lat="35.54432860988703" lon="-83.36437327605506"><ele>1533.4525252671106</ele></trkpt><trkpt lat="35.54432938913056" lon="-83.36378393427754"><ele>1532.0</ele></trkpt><trkpt lat="35.54408738639194" lon="-83.36247699910336"><ele>1532.0</ele></trkpt><trkpt lat="35.54396523031686" lon="-83.361571525552"><ele>1533.0</ele></trkpt><trkpt lat="35.54394269739322" lon="-83.3611755585215"><ele>1536.5562768990972</ele></trkpt><trkpt lat="35.54388699302505" lon="-83.36103100659318"><ele>1538.2882504013169</ele></trkpt><trkpt lat="35.54378549163435" lon="-83.36087913479457"><ele>1538.979487571279</ele></trkpt><trkpt lat="35.54372833684803" lon="-83.36067872068276"><ele>1539.4666092950415</ele></trkpt><trkpt lat="35.54368618287803" lon="-83.36051014274813"><ele>1540.0</ele></trkpt><trkpt lat="35.54370388861538" lon="-83.36031646947663"><ele>1543.0200514132157</ele></trkpt><trkpt lat="35.54323418219675" lon="-83.35982745234617"><ele>1539.9092618732664</ele></trkpt><trkpt lat="35.54310178218152" lon="-83.35963347018281"><ele>1540.0035342583974</ele></trkpt><trkpt lat="35.5425695391244" lon="-83.35866294162406"><ele>1540.208776860552</ele></trkpt><trkpt lat="35.54231676083548" lon="-83.35863692625833"><ele>1540.0</ele></trkpt><trkpt lat="35.54205365208349" lon="-83.35872367691763"><ele>1543.0</ele></trkpt><trkpt lat="35.54180192872914" lon="-83.35876694602098"><ele>1544.0</ele></trkpt><trkpt lat="35.54162000576781" lon="-83.35885580600689"><ele>1542.2517493572086</ele></trkpt><trkpt lat="35.54145724806638" lon="-83.3586478754454"><ele>1540.1552484146223</ele></trkpt><trkpt lat="35.54141567833043" lon="-83.35852618838129"><ele>1538.3033541224008</ele></trkpt><trkpt lat="35.54150747461907" lon="-83.3584403983125"><ele>1537.4049740191247</ele></trkpt><trkpt lat="35.54189632715018" lon="-83.35827500900325"><ele>1528.3622969407588</ele></trkpt><trkpt lat="35.54256146805694" lon="-83.3579459000494"><ele>1519.3435595640913</ele></trkpt><trkpt lat="35.54274544703311" lon="-83.3578280074679"><ele>1515.8493670513853</ele></trkpt><trkpt lat="35.54327908010005" lon="-83.35775904550246"><ele>1509.6355065247044</ele></trkpt><trkpt lat="35.54354184773391" lon="-83.35750668711688"><ele>1502.9447928686402</ele></trkpt><trkpt lat="35.54351677437521" lon="-83.35693583197042"><ele>1494.123130146414</ele></trkpt><trkpt lat="35.54371445622883" lon="-83.3564349064369"><ele>1486.9590459778376</ele></trkpt><trkpt lat="35.544236" lon="-83.35586"><ele>1491.3171269949526</ele></trkpt><trkpt lat="35.544617" lon="-83.354334"><ele>1463.0</ele></trkpt><trkpt lat="35.544668" lon="-83.35314499999998"><ele>1442.3707991294968</ele></trkpt><trkpt lat="35.544301" lon="-83.352014"><ele>1447.0</ele></trkpt><trkpt lat="35.544372" lon="-83.35122100000001"><ele>1445.8933654390275</ele></trkpt><trkpt lat="35.545367" lon="-83.34909500000003"><ele>1420.1249423123438</ele></trkpt><trkpt lat="35.546726" lon="-83.34740899999997"><ele>1391.0640604011714</ele></trkpt><trkpt lat="35.546901" lon="-83.34705400000001"><ele>1382.7545813914971</ele></trkpt><trkpt lat="35.546833" lon="-83.34670599999998"><ele>1378.9353615846485</ele></trkpt><trkpt lat="35.547082" lon="-83.346522"><ele>1373.0</ele></trkpt><trkpt lat="35.547663" lon="-83.34659499999998"><ele>1362.7861652358229</ele></trkpt><trkpt lat="35.547893" lon="-83.34637900000001"><ele>1360.220707187429</ele></trkpt><trkpt lat="35.547896" lon="-83.345527"><ele>1346.601352799938</ele></trkpt><trkpt lat="35.54747" lon="-83.34486700000002"><ele>1335.4493872076273</ele></trkpt><trkpt lat="35.548124" lon="-83.343592"><ele>1317.9914398653866</ele></trkpt><trkpt lat="35.548513" lon="-83.34300000000002"><ele>1305.3174584309395</ele></trkpt><trkpt lat="35.548801" lon="-83.34296799999998"><ele>1302.0</ele></trkpt><trkpt lat="35.548897" lon="-83.342554"><ele>1293.7128792945296</ele></trkpt><trkpt lat="35.549222" lon="-83.34242"><ele>1287.4106855311989</ele></trkpt><trkpt lat="35.549773" lon="-83.34291400000001"><ele>1278.1937571549788</ele></trkpt><trkpt lat="35.550405" lon="-83.34296799999998"><ele>1267.3352269586176</ele></trkpt><trkpt lat="35.551082" lon="-83.340487"><ele>1235.8565574074164</ele></trkpt><trkpt lat="35.551352" lon="-83.34034099999997"><ele>1234.0094454616135</ele></trkpt><trkpt lat="35.551922" lon="-83.339426"><ele>1218.7463388442993</ele></trkpt><trkpt lat="35.552254" lon="-83.33926600000001"><ele>1216.423010243103</ele></trkpt><trkpt lat="35.552396" lon="-83.338908"><ele>1209.0</ele></trkpt><trkpt lat="35.553294" lon="-83.33868999999999"><ele>1196.8893513251928</ele></trkpt><trkpt lat="35.553315" lon="-83.337963"><ele>1182.7198878768831</ele></trkpt><trkpt lat="35.554636" lon="-83.33698099999998"><ele>1160.9765216391534</ele></trkpt><trkpt lat="35.554655" lon="-83.33656100000002"><ele>1151.9703556198288</ele></trkpt><trkpt lat="35.554144" lon="-83.335535"><ele>1138.306718049935</ele></trkpt><trkpt lat="35.553559" lon="-83.33527400000003"><ele>1125.5128732472658</ele></trkpt><trkpt lat="35.553275" lon="-83.33459900000003"><ele>1118.2374135842547</ele></trkpt><trkpt lat="35.552986" lon="-83.33447699999999"><ele>1111.1207617521286</ele></trkpt><trkpt lat="35.552419" lon="-83.33482200000003"><ele>1098.9912316025961</ele></trkpt><trkpt lat="35.551816" lon="-83.33400799999998"><ele>1095.7556652156636</ele></trkpt><trkpt lat="35.552131" lon="-83.33383300000003"><ele>1086.8676564041525</ele></trkpt><trkpt lat="35.552252" lon="-83.333417"><ele>1077.7515372717753</ele></trkpt><trkpt lat="35.55215" lon="-83.33304599999997"><ele>1073.4273092912813</ele></trkpt><trkpt lat="35.552287" lon="-83.331929"><ele>1059.4008593000472</ele></trkpt><trkpt lat="35.552106" lon="-83.33155699999998"><ele>1051.8541372033874</ele></trkpt><trkpt lat="35.552147" lon="-83.331119"><ele>1047.671525400132</ele></trkpt><trkpt lat="35.551565" lon="-83.33085499999999"><ele>1034.7058837078512</ele></trkpt><trkpt lat="35.551294" lon="-83.33014600000001"><ele>1024.228921968387</ele></trkpt><trkpt lat="35.550814" lon="-83.33056799999997"><ele>1019.3485270775855</ele></trkpt><trkpt lat="35.550641" lon="-83.33026000000001"><ele>1014.9041923535988</ele></trkpt><trkpt lat="35.55059" lon="-83.32950199999999"><ele>1006.5624591119315</ele></trkpt><trkpt lat="35.550231" lon="-83.329386"><ele>999.4631707480605</ele></trkpt><trkpt lat="35.550057" lon="-83.32904000000002"><ele>996.0</ele></trkpt><trkpt lat="35.550537" lon="-83.32766800000002"><ele>974.7088547544554</ele></trkpt><trkpt lat="35.551161" lon="-83.32764500000002"><ele>965.7807324435562</ele></trkpt><trkpt lat="35.55197" lon="-83.32703800000002"><ele>952.7599016660824</ele></trkpt><trkpt lat="35.552191" lon="-83.32668999999999"><ele>952.0634828731418</ele></trkpt><trkpt lat="35.551793" lon="-83.32610799999998"><ele>936.2398160826415</ele></trkpt><trkpt lat="35.552356" lon="-83.32563299999998"><ele>926.0335680535063</ele></trkpt><trkpt lat="35.552272" lon="-83.32522599999999"><ele>920.7158812065766</ele></trkpt><trkpt lat="35.552508" lon="-83.32499000000001"><ele>917.8734938148409</ele></trkpt><trkpt lat="35.552815" lon="-83.32396799999998"><ele>903.3287017007904</ele></trkpt><trkpt lat="35.552395" lon="-83.322994"><ele>890.5741156468687</ele></trkpt><trkpt lat="35.552255" lon="-83.32225499999998"><ele>881.0270613329485</ele></trkpt><trkpt lat="35.551639" lon="-83.32203500000003"><ele>872.3019583523273</ele></trkpt><trkpt lat="35.551646" lon="-83.32092499999999"><ele>857.4554550014436</ele></trkpt><trkpt lat="35.552411" lon="-83.32012600000002"><ele>839.8128705583513</ele></trkpt><trkpt lat="35.552216" lon="-83.31901099999999"><ele>817.5071733066686</ele></trkpt><trkpt lat="35.552371" lon="-83.31826000000001"><ele>810.1534328879789</ele></trkpt><trkpt lat="35.553316" lon="-83.318509"><ele>807.5896861795336</ele></trkpt><trkpt lat="35.553441" lon="-83.31815"><ele>802.4294019974768</ele></trkpt><trkpt lat="35.553334" lon="-83.31781000000001"><ele>798.4888065181037</ele></trkpt><trkpt lat="35.552762" lon="-83.31764800000002"><ele>788.6492312038317</ele></trkpt><trkpt lat="35.552058" lon="-83.316978"><ele>774.0</ele></trkpt><trkpt lat="35.552181" lon="-83.31625200000002"><ele>762.7101331754532</ele></trkpt><trkpt lat="35.552599" lon="-83.31563900000003"><ele>746.0</ele></trkpt><trkpt lat="35.552533" lon="-83.314864"><ele>732.441452305764</ele></trkpt><trkpt lat="35.553182" lon="-83.314052"><ele>719.0</ele></trkpt><trkpt lat="35.553416" lon="-83.31237299999998"><ele>703.0</ele></trkpt><trkpt lat="35.553267" lon="-83.31161900000001"><ele>697.0</ele></trkpt><trkpt lat="35.553382" lon="-83.31123000000002"><ele>688.8519854666378</ele></trkpt><trkpt lat="35.553949" lon="-83.31150100000002"><ele>682.5724977026501</ele></trkpt><trkpt lat="35.554113" lon="-83.31116199999997"><ele>676.9949118055703</ele></trkpt><trkpt lat="35.55447586532268" lon="-83.31093165357754"><ele>669.0</ele></trkpt><trkpt lat="35.5542039977867" lon="-83.31062198190455"><ele>668.0</ele></trkpt><trkpt lat="35.55392424892616" lon="-83.31042122441426"><ele>668.0</ele></trkpt><trkpt lat="35.55318634355979" lon="-83.31015770386443"><ele>666.0</ele></trkpt><trkpt lat="35.55285542834662" lon="-83.31008904254236"><ele>666.0</ele></trkpt><trkpt lat="35.5527760784659" lon="-83.30989486511783"><ele>666.0</ele></trkpt><trkpt lat="35.55280334088125" lon="-83.3097620816593"><ele>666.0</ele></trkpt><trkpt lat="35.55289112295856" lon="-83.30970055392095"><ele>666.0</ele></trkpt><trkpt lat="35.55295095619613" lon="-83.309187351324"><ele>667.0</ele></trkpt><trkpt lat="35.55232368691746" lon="-83.30908062546825"><ele>665.9432919556275</ele></trkpt><trkpt lat="35.55081291517674" lon="-83.3086073859779"><ele>665.0</ele></trkpt><trkpt lat="35.55067415149938" lon="-83.30853632665594"><ele>665.0</ele></trkpt><trkpt lat="35.55076582062713" lon="-83.30848900881358"><ele>666.0</ele></trkpt><trkpt lat="35.55075173932285" lon="-83.308350645193"><ele>666.9823890153082</ele></trkpt><trkpt lat="35.55088275470597" lon="-83.30826211740077"><ele>669.0</ele></trkpt><trkpt lat="35.5509681097107" lon="-83.30825188389213"><ele>670.0</ele></trkpt><trkpt lat="35.55091993433318" lon="-83.30834661445527"><ele>669.0</ele></trkpt><trkpt lat="35.55077698529735" lon="-83.30846266767679"><ele>666.0</ele></trkpt><trkpt lat="35.55084902099646" lon="-83.30860297388125"><ele>665.0</ele></trkpt><trkpt lat="35.55145205744047" lon="-83.30882466681572"><ele>664.0</ele></trkpt><trkpt lat="35.55219435561" lon="-83.30905360300824"><ele>666.0</ele></trkpt><trkpt lat="35.55298573767078" lon="-83.30917605181463"><ele>667.0</ele></trkpt><trkpt lat="35.55324588591392" lon="-83.30917258355618"><ele>668.0</ele></trkpt><trkpt lat="35.55381788959551" lon="-83.30923944112664"><ele>671.0</ele></trkpt><trkpt lat="35.55404391329389" lon="-83.30929735429686"><ele>671.0</ele></trkpt><trkpt lat="35.55442993458109" lon="-83.30950515213527"><ele>671.0</ele></trkpt><trkpt lat="35.55471931824082" lon="-83.30982994988523"><ele>670.0222430732101</ele></trkpt><trkpt lat="35.55498193759929" lon="-83.31040045486901"><ele>670.0</ele></trkpt><trkpt lat="35.55526124389997" lon="-83.31114539477119"><ele>669.0</ele></trkpt><trkpt lat="35.55542414595092" lon="-83.31129840269517"><ele>670.0</ele></trkpt><trkpt lat="35.55558769259238" lon="-83.31137949787092"><ele>671.0</ele></trkpt><trkpt lat="35.55648925435684" lon="-83.31113844983327"><ele>672.0</ele></trkpt><trkpt lat="35.55694154734832" lon="-83.31114209877535"><ele>673.0</ele></trkpt><trkpt lat="35.55709252401706" lon="-83.31132107117742"><ele>673.0</ele></trkpt><trkpt lat="35.55723001005892" lon="-83.31162547916722"><ele>673.0</ele></trkpt><trkpt lat="35.55765906394338" lon="-83.31173241168102"><ele>674.0</ele></trkpt><trkpt lat="35.55793062664994" lon="-83.31184121739113"><ele>674.0</ele></trkpt><trkpt lat="35.55804861087496" lon="-83.31199690284734"><ele>675.0</ele></trkpt><trkpt lat="35.558393715078" lon="-83.31233601961299"><ele>675.0</ele></trkpt><trkpt lat="35.55890700809637" lon="-83.31221547547136"><ele>676.0</ele></trkpt><trkpt lat="35.55947701662699" lon="-83.31196638047822"><ele>677.0</ele></trkpt><trkpt lat="35.55999455011515" lon="-83.31182352968563"><ele>678.0</ele></trkpt><trkpt lat="35.56058496951974" lon="-83.31182213057428"><ele>679.0</ele></trkpt><trkpt lat="35.56107920730292" lon="-83.31224019993368"><ele>680.0</ele></trkpt><trkpt lat="35.56139532808951" lon="-83.31262393960247"><ele>681.0</ele></trkpt><trkpt lat="35.56155162957246" lon="-83.31263363105484"><ele>681.0</ele></trkpt><trkpt lat="35.56195573768295" lon="-83.31249644015787"><ele>682.0</ele></trkpt><trkpt lat="35.56232892142501" lon="-83.31208902169487"><ele>683.0</ele></trkpt><trkpt lat="35.56278362791248" lon="-83.31163958918904"><ele>684.0</ele></trkpt><trkpt lat="35.56292414014796" lon="-83.31133602610231"><ele>684.0</ele></trkpt><trkpt lat="35.56302099877666" lon="-83.31100125044838"><ele>685.0</ele></trkpt><trkpt lat="35.56303477877298" lon="-83.31084468801089"><ele>685.0</ele></trkpt><trkpt lat="35.56311487945311" lon="-83.31053032058861"><ele>685.0</ele></trkpt><trkpt lat="35.56325510575419" lon="-83.30977514569616"><ele>691.6696258645815</ele></trkpt><trkpt lat="35.5633520494779" lon="-83.30933969312889"><ele>692.1159658779717</ele></trkpt><trkpt lat="35.56347167629688" lon="-83.30904386586303"><ele>695.0031761510713</ele></trkpt><trkpt lat="35.56356607513234" lon="-83.30892293607536"><ele>695.6971454527229</ele></trkpt><trkpt lat="35.564113" lon="-83.30840899999998"><ele>705.2433073781431</ele></trkpt><trkpt lat="35.564916" lon="-83.308446"><ele>706.518982399255</ele></trkpt><trkpt lat="35.56546939992985" lon="-83.3086960298914"><ele>705.0</ele></trkpt><trkpt lat="35.56553040371416" lon="-83.30894726297186"><ele>701.269431949897</ele></trkpt><trkpt lat="35.56560924304602" lon="-83.30913506282417"><ele>700.0</ele></trkpt><trkpt lat="35.5657592606806" lon="-83.30892699732021"><ele>698.7816886746905</ele></trkpt><trkpt lat="35.56589642231882" lon="-83.3087806671287"><ele>700.8208652660251</ele></trkpt><trkpt lat="35.56615160541633" lon="-83.30871795049552"><ele>697.6903414409608</ele></trkpt><trkpt lat="35.56650915862615" lon="-83.30867762756418"><ele>697.7243555225432</ele></trkpt><trkpt lat="35.56674559921641" lon="-83.30870465697467"><ele>696.0</ele></trkpt><trkpt lat="35.56705031626151" lon="-83.30889368531467"><ele>695.482264080967</ele></trkpt><trkpt lat="35.56753576044275" lon="-83.30911121713223"><ele>696.0</ele></trkpt><trkpt lat="35.56790311144235" lon="-83.30914394642747"><ele>697.0</ele></trkpt><trkpt lat="35.56846171698792" lon="-83.30916481843553"><ele>700.0</ele></trkpt><trkpt lat="35.56877390482906" lon="-83.309346821703"><ele>699.0</ele></trkpt><trkpt lat="35.56910640738774" lon="-83.30967361510102"><ele>700.0</ele></trkpt><trkpt lat="35.56944601282049" lon="-83.30987639600568"><ele>700.4663756992668</ele></trkpt><trkpt lat="35.56958712111725" lon="-83.30989207162685"><ele>701.0</ele></trkpt><trkpt lat="35.56970645909168" lon="-83.30986306987148"><ele>702.0</ele></trkpt><trkpt lat="35.56977715943238" lon="-83.3098165906265"><ele>702.0</ele></trkpt><trkpt lat="35.57071063417253" lon="-83.30978960902007"><ele>703.0</ele></trkpt><trkpt lat="35.5712960282669" lon="-83.30980917342981"><ele>704.0</ele></trkpt><trkpt lat="35.57188087838897" lon="-83.30985392876943"><ele>706.0</ele></trkpt><trkpt lat="35.57223421562686" lon="-83.30982009760618"><ele>707.4813925558701</ele></trkpt><trkpt lat="35.57246718899616" lon="-83.30969679289706"><ele>711.0</ele></trkpt><trkpt lat="35.57273559754916" lon="-83.30963041034755"><ele>714.0</ele></trkpt><trkpt lat="35.57299989073646" lon="-83.309602158843"><ele>713.0</ele></trkpt><trkpt lat="35.573391121123" lon="-83.30965457203155"><ele>713.0</ele></trkpt><trkpt lat="35.57415022230589" lon="-83.30983207016607"><ele>713.0</ele></trkpt><trkpt lat="35.57457191291622" lon="-83.31014415824495"><ele>716.0</ele></trkpt><trkpt lat="35.57479592376912" lon="-83.31041316588323"><ele>715.8355250861496</ele></trkpt><trkpt lat="35.57499259761791" lon="-83.31071216966774"><ele>714.0</ele></trkpt><trkpt lat="35.57536916285247" lon="-83.31110236745832"><ele>717.8384501095861</ele></trkpt><trkpt lat="35.5756525883989" lon="-83.31156838120654"><ele>719.078622225124</ele></trkpt><trkpt lat="35.57589385728565" lon="-83.31202855288655"><ele>717.0</ele></trkpt><trkpt lat="35.57639785447429" lon="-83.31281280410639"><ele>720.7807960063219</ele></trkpt><trkpt lat="35.57657481941473" lon="-83.31292365538582"><ele>721.0</ele></trkpt><trkpt lat="35.57692039558291" lon="-83.31310186227631"><ele>722.0</ele></trkpt><trkpt lat="35.57709134947444" lon="-83.31315682275357"><ele>723.0</ele></trkpt><trkpt lat="35.57733270265669" lon="-83.31307012815302"><ele>724.0065846829407</ele></trkpt><trkpt lat="35.57755086700045" lon="-83.31294537355069"><ele>726.1415395762476</ele></trkpt><trkpt lat="35.57783317486997" lon="-83.31286908281925"><ele>727.6116171674803</ele></trkpt><trkpt lat="35.57799038188499" lon="-83.3127996010868"><ele>728.0</ele></trkpt><trkpt lat="35.57814810161549" lon="-83.31281319078391"><ele>729.0073316831949</ele></trkpt><trkpt lat="35.57842024620564" lon="-83.31276205916652"><ele>731.0</ele></trkpt><trkpt lat="35.57900546231799" lon="-83.31295105103396"><ele>734.4316128445789</ele></trkpt><trkpt lat="35.57929650470105" lon="-83.31297380152563"><ele>735.0</ele></trkpt><trkpt lat="35.57950354702754" lon="-83.31290494419954"><ele>736.0</ele></trkpt><trkpt lat="35.57963106010136" lon="-83.31281546552577"><ele>736.8871298152953</ele></trkpt><trkpt lat="35.57981034739632" lon="-83.31273635802472"><ele>738.5738065717742</ele></trkpt><trkpt lat="35.58006747543973" lon="-83.31270954800516"><ele>740.0</ele></trkpt><trkpt lat="35.5805399699961" lon="-83.31251330394474"><ele>743.0</ele></trkpt><trkpt lat="35.58081232291122" lon="-83.31242624085291"><ele>745.0</ele></trkpt><trkpt lat="35.58135873198665" lon="-83.31216020786621"><ele>749.976061847157</ele></trkpt><trkpt lat="35.58160292360456" lon="-83.31196441655874"><ele>751.0</ele></trkpt><trkpt lat="35.58182772824754" lon="-83.31195145862984"><ele>752.1527695897967</ele></trkpt><trkpt lat="35.58200059097535" lon="-83.3118701930465"><ele>753.8217154685408</ele></trkpt><trkpt lat="35.58235609224506" lon="-83.31179700480288"><ele>757.0</ele></trkpt><trkpt lat="35.58277072516976" lon="-83.31165498353329"><ele>760.0</ele></trkpt><trkpt lat="35.58302793758853" lon="-83.31154750658038"><ele>762.0</ele></trkpt><trkpt lat="35.58318194200859" lon="-83.31151125119214"><ele>762.6679231086746</ele></trkpt><trkpt lat="35.58334328222767" lon="-83.31142667547857"><ele>763.3117314884402</ele></trkpt><trkpt lat="35.5836790799108" lon="-83.31118432006889"><ele>766.0</ele></trkpt><trkpt lat="35.58382102363225" lon="-83.31118198456483"><ele>766.8631043330961</ele></trkpt><trkpt lat="35.5839358067045" lon="-83.31104019596796"><ele>767.6206876756623</ele></trkpt><trkpt lat="35.58419536373178" lon="-83.31086195335433"><ele>770.0</ele></trkpt><trkpt lat="35.58452845320303" lon="-83.3108899166358"><ele>773.0</ele></trkpt><trkpt lat="35.5846800464063" lon="-83.31086041508775"><ele>773.9990839529783</ele></trkpt><trkpt lat="35.58483908553715" lon="-83.3107869131016"><ele>774.0</ele></trkpt><trkpt lat="35.58517165261709" lon="-83.31068401988125"><ele>777.0</ele></trkpt><trkpt lat="35.58534760690923" lon="-83.31066208928911"><ele>778.0</ele></trkpt><trkpt lat="35.58550410303676" lon="-83.31058605410618"><ele>778.785232424736</ele></trkpt><trkpt lat="35.58591057949915" lon="-83.31045402526826"><ele>782.0</ele></trkpt><trkpt lat="35.58621937463293" lon="-83.31044666561087"><ele>784.0</ele></trkpt><trkpt lat="35.58635362080783" lon="-83.31046195706745"><ele>785.0</ele></trkpt><trkpt lat="35.58653503421799" lon="-83.31053299860304"><ele>786.1714592364754</ele></trkpt><trkpt lat="35.58720741048754" lon="-83.31045729847278"><ele>800.6134600839642</ele></trkpt><trkpt lat="35.58793594140395" lon="-83.31031184783319"><ele>814.5641709538177</ele></trkpt><trkpt lat="35.58816719678264" lon="-83.3101277296293"><ele>817.9459744170308</ele></trkpt><trkpt lat="35.58831463868459" lon="-83.30983127076803"><ele>820.6897493923057</ele></trkpt><trkpt lat="35.58831603632685" lon="-83.3094377923345"><ele>827.5698044337332</ele></trkpt><trkpt lat="35.58837658105452" lon="-83.30898742106945"><ele>834.0889729401097</ele></trkpt><trkpt lat="35.58849989552944" lon="-83.30886973622376"><ele>832.0</ele></trkpt><trkpt lat="35.58866851869718" lon="-83.30886889837643"><ele>844.8562961369753</ele></trkpt><trkpt lat="35.58884909843062" lon="-83.30913159831277"><ele>853.1571259568622</ele></trkpt><trkpt lat="35.58909532201129" lon="-83.30921883914232"><ele>855.8071762915065</ele></trkpt><trkpt lat="35.589681" lon="-83.30883799999998"><ele>864.5496180057526</ele></trkpt><trkpt lat="35.590703" lon="-83.30742800000002"><ele>868.9596163289709</ele></trkpt><trkpt lat="35.59082322282096" lon="-83.3072041815941"><ele>868.1789188832045</ele></trkpt><trkpt lat="35.59086150121278" lon="-83.30694249035946"><ele>870.3957605082542</ele></trkpt><trkpt lat="35.5909075354858" lon="-83.30678930797728"><ele>871.4840044602752</ele></trkpt><trkpt lat="35.59102145872703" lon="-83.30671624896507"><ele>874.0</ele></trkpt><trkpt lat="35.59125079069025" lon="-83.30695721398524"><ele>866.8155554225668</ele></trkpt><trkpt lat="35.5915413242557" lon="-83.30719931350802"><ele>867.1832227278501</ele></trkpt><trkpt lat="35.59226668864476" lon="-83.30719418752642"><ele>882.8576720133424</ele></trkpt><trkpt lat="35.59244297511449" lon="-83.3071417329507"><ele>884.3022324219346</ele></trkpt><trkpt lat="35.59270001273143" lon="-83.30687750005984"><ele>885.6163776554167</ele></trkpt><trkpt lat="35.59329730580846" lon="-83.30655622571663"><ele>889.388761067763</ele></trkpt><trkpt lat="35.59340920599275" lon="-83.30642758459635"><ele>889.5547334197909</ele></trkpt><trkpt lat="35.59430307564249" lon="-83.30630194702752"><ele>897.4390930514783</ele></trkpt><trkpt lat="35.59442633580672" lon="-83.30625859890796"><ele>897.5530789028853</ele></trkpt><trkpt lat="35.59456962907576" lon="-83.30608367657499"><ele>896.4465790720194</ele></trkpt><trkpt lat="35.59476572636789" lon="-83.30544249735948"><ele>902.285496968776</ele></trkpt><trkpt lat="35.59474306106255" lon="-83.30520174655203"><ele>901.9249692601887</ele></trkpt><trkpt lat="35.59523247043384" lon="-83.30482533755838"><ele>908.0394667433575</ele></trkpt><trkpt lat="35.59534045478869" lon="-83.3046450402145"><ele>908.0642795022577</ele></trkpt><trkpt lat="35.59558655716051" lon="-83.30336072066234"><ele>917.0</ele></trkpt><trkpt lat="35.59554372685625" lon="-83.3027490143902"><ele>919.0538641456515</ele></trkpt><trkpt lat="35.59565257140491" lon="-83.30241796199499"><ele>923.0</ele></trkpt><trkpt lat="35.59567135145407" lon="-83.302109553322"><ele>926.0</ele></trkpt><trkpt lat="35.59550426620095" lon="-83.30172662491862"><ele>932.6645577484742</ele></trkpt><trkpt lat="35.59569340015082" lon="-83.3011956727862"><ele>940.4087205566466</ele></trkpt><trkpt lat="35.59597246138232" lon="-83.30073182633589"><ele>946.0255319112912</ele></trkpt><trkpt lat="35.59605429542383" lon="-83.30011206082509"><ele>954.0</ele></trkpt><trkpt lat="35.59632644562162" lon="-83.30005479879696"><ele>958.0</ele></trkpt><trkpt lat="35.59653582327898" lon="-83.29990708666969"><ele>960.565743940174</ele></trkpt><trkpt lat="35.596614782607" lon="-83.29972425057531"><ele>962.6506079779938</ele></trkpt><trkpt lat="35.59643384816201" lon="-83.2991638378113"><ele>969.0385625939816</ele></trkpt><trkpt lat="35.59646459464916" lon="-83.29901218189661"><ele>971.1667713588104</ele></trkpt><trkpt lat="35.59666056165619" lon="-83.29898163877868"><ele>974.6085836245956</ele></trkpt><trkpt lat="35.59679426776697" lon="-83.29881469465533"><ele>977.0</ele></trkpt><trkpt lat="35.59689713035346" lon="-83.29860530362402"><ele>979.0</ele></trkpt><trkpt lat="35.59709031394166" lon="-83.29829962333173"><ele>981.2192758769818</ele></trkpt><trkpt lat="35.59723845360267" lon="-83.29824405002591"><ele>981.9239224027842</ele></trkpt><trkpt lat="35.59735839125465" lon="-83.29796676707815"><ele>982.0940543906386</ele></trkpt><trkpt lat="35.59736919286917" lon="-83.29768706669853"><ele>984.4307721480727</ele></trkpt><trkpt lat="35.59732636504732" lon="-83.29747748371142"><ele>985.1608485440897</ele></trkpt><trkpt lat="35.59733289698659" lon="-83.29725553958912"><ele>988.4952616394614</ele></trkpt><trkpt lat="35.59731635627905" lon="-83.29706047457319"><ele>988.984565824665</ele></trkpt><trkpt lat="35.59738997954864" lon="-83.29685020173747"><ele>990.2394096441567</ele></trkpt><trkpt lat="35.59738162992366" lon="-83.29670704119684"><ele>991.7179579827935</ele></trkpt><trkpt lat="35.59731873923585" lon="-83.2964560477883"><ele>993.3224576767534</ele></trkpt><trkpt lat="35.59732021843419" lon="-83.29621644976214"><ele>994.3463777550807</ele></trkpt><trkpt lat="35.59726681902652" lon="-83.29602801832402"><ele>996.1305537811869</ele></trkpt><trkpt lat="35.59699309656245" lon="-83.29551266876604"><ele>1000.72004085889</ele></trkpt><trkpt lat="35.59699585783149" lon="-83.29537544322602"><ele>1000.6510775033385</ele></trkpt><trkpt lat="35.59712874383857" lon="-83.29528043859489"><ele>1002.273749679259</ele></trkpt><trkpt lat="35.59734407445738" lon="-83.29505608361808"><ele>1005.9396480460156</ele></trkpt><trkpt lat="35.59744271944481" lon="-83.294700939807"><ele>1008.0</ele></trkpt><trkpt lat="35.59767857941014" lon="-83.29448568038333"><ele>1010.0817625786954</ele></trkpt><trkpt lat="35.59777262835727" lon="-83.29373141394842"><ele>1014.3083170633763</ele></trkpt><trkpt lat="35.597746" lon="-83.29314799999997"><ele>1017.452750690004</ele></trkpt><trkpt lat="35.598202" lon="-83.29254600000002"><ele>1031.0</ele></trkpt><trkpt lat="35.598853" lon="-83.290682"><ele>1058.0</ele></trkpt><trkpt lat="35.59944" lon="-83.28983599999998"><ele>1072.0</ele></trkpt><trkpt lat="35.599679" lon="-83.28908799999999"><ele>1082.9849641458563</ele></trkpt><trkpt lat="35.599886" lon="-83.28707800000001"><ele>1112.0</ele></trkpt><trkpt lat="35.599689" lon="-83.28677900000002"><ele>1117.0</ele></trkpt><trkpt lat="35.600363" lon="-83.28389500000003"><ele>1171.570815963989</ele></trkpt><trkpt lat="35.601166" lon="-83.28332799999998"><ele>1193.3700156926382</ele></trkpt><trkpt lat="35.602419" lon="-83.283299"><ele>1211.4548924713604</ele></trkpt><trkpt lat="35.602672" lon="-83.28352999999998"><ele>1222.8142646839842</ele></trkpt><trkpt lat="35.60254" lon="-83.28392400000001"><ele>1229.874198012054</ele></trkpt><trkpt lat="35.603251" lon="-83.28456499999999"><ele>1246.235735308379</ele></trkpt><trkpt lat="35.603224" lon="-83.28574900000001"><ele>1251.0392801656888</ele></trkpt><trkpt lat="35.604518" lon="-83.285775"><ele>1273.3124035932124</ele></trkpt><trkpt lat="35.604667" lon="-83.28644500000001"><ele>1284.9764523137057</ele></trkpt><trkpt lat="35.604568" lon="-83.28608199999996"><ele>1285.5564198185045</ele></trkpt><trkpt lat="35.604835" lon="-83.285417"><ele>1294.4825183339417</ele></trkpt><trkpt lat="35.604832" lon="-83.28503599999999"><ele>1311.5040561780334</ele></trkpt><trkpt lat="35.604534" lon="-83.284739"><ele>1327.5747648272663</ele></trkpt><trkpt lat="35.604466" lon="-83.28438499999999"><ele>1327.3318238202482</ele></trkpt><trkpt lat="35.604692" lon="-83.28364899999997"><ele>1345.6738671245912</ele></trkpt><trkpt lat="35.604632" lon="-83.28323"><ele>1351.8467583358288</ele></trkpt><trkpt lat="35.6052" lon="-83.28236300000003"><ele>1360.4040329810232</ele></trkpt><trkpt lat="35.605296" lon="-83.28157699999997"><ele>1380.5843214159277</ele></trkpt><trkpt lat="35.605164" lon="-83.28117900000001"><ele>1388.5938211493194</ele></trkpt><trkpt lat="35.605508" lon="-83.28055699999999"><ele>1398.2990116812289</ele></trkpt><trkpt lat="35.605251" lon="-83.28031900000002"><ele>1404.5507774740604</ele></trkpt><trkpt lat="35.605063" lon="-83.27961800000003"><ele>1410.002313952893</ele></trkpt><trkpt lat="35.604472" lon="-83.27943199999999"><ele>1423.0</ele></trkpt><trkpt lat="35.605975" lon="-83.278751"><ele>1441.0</ele></trkpt><trkpt lat="35.606415" lon="-83.27922799999999"><ele>1452.0083950101098</ele></trkpt><trkpt lat="35.607043" lon="-83.279381"><ele>1463.04480974935</ele></trkpt><trkpt lat="35.607411" lon="-83.28001499999999"><ele>1469.0</ele></trkpt><trkpt lat="35.608482" lon="-83.28078900000003"><ele>1466.3028380654825</ele></trkpt><trkpt lat="35.60866" lon="-83.28112900000002"><ele>1471.0</ele></trkpt><trkpt lat="35.610472" lon="-83.28159800000003"><ele>1462.710572423292</ele></trkpt><trkpt lat="35.610952" lon="-83.28107"><ele>1455.0</ele></trkpt><trkpt lat="35.611854" lon="-83.28103299999998"><ele>1441.2817485947696</ele></trkpt><trkpt lat="35.612907" lon="-83.28011100000003"><ele>1430.025691731833</ele></trkpt><trkpt lat="35.613234" lon="-83.28013399999998"><ele>1417.0890094975937</ele></trkpt><trkpt lat="35.61345" lon="-83.27988600000003"><ele>1414.511451731436</ele></trkpt><trkpt lat="35.614276" lon="-83.27958899999999"><ele>1398.3526549339294</ele></trkpt><trkpt lat="35.614594" lon="-83.27974599999999"><ele>1390.035924622789</ele></trkpt><trkpt lat="35.61427" lon="-83.27989300000002"><ele>1382.8652300229296</ele></trkpt><trkpt lat="35.614873" lon="-83.27993800000002"><ele>1374.200461499393</ele></trkpt><trkpt lat="35.615525" lon="-83.279133"><ele>1356.6307017792374</ele></trkpt><trkpt lat="35.616069" lon="-83.27879300000001"><ele>1350.9985856069252</ele></trkpt><trkpt lat="35.616697" lon="-83.27894800000001"><ele>1338.7734785685316</ele></trkpt><trkpt lat="35.618164" lon="-83.27813100000003"><ele>1329.0613279800416</ele></trkpt><trkpt lat="35.618062" lon="-83.27703500000001"><ele>1325.5614113107897</ele></trkpt><trkpt lat="35.618328" lon="-83.27689399999997"><ele>1324.9922208563858</ele></trkpt><trkpt lat="35.618371" lon="-83.27654000000001"><ele>1317.8128318211911</ele></trkpt><trkpt lat="35.618093" lon="-83.27587599999998"><ele>1311.5180481728166</ele></trkpt><trkpt lat="35.617897" lon="-83.27557999999999"><ele>1306.8743694704026</ele></trkpt><trkpt lat="35.617317" lon="-83.27536800000001"><ele>1297.8644738889054</ele></trkpt><trkpt lat="35.615626" lon="-83.27257800000001"><ele>1265.713113738224</ele></trkpt><trkpt lat="35.614092" lon="-83.272108"><ele>1244.8914674008265</ele></trkpt><trkpt lat="35.613798" lon="-83.271479"><ele>1236.7377222664654</ele></trkpt><trkpt lat="35.613742" lon="-83.27070600000002"><ele>1228.2612088722049</ele></trkpt><trkpt lat="35.614047" lon="-83.27006799999998"><ele>1221.536351826042</ele></trkpt><trkpt lat="35.614109" lon="-83.26923199999999"><ele>1225.0905458591878</ele></trkpt><trkpt lat="35.613951" lon="-83.268059"><ele>1206.0330890808254</ele></trkpt><trkpt lat="35.613865" lon="-83.26767899999999"><ele>1220.5019727479666</ele></trkpt><trkpt lat="35.613563" lon="-83.26772699999998"><ele>1199.080773391323</ele></trkpt><trkpt lat="35.61307622587795" lon="-83.26663553623513"><ele>1202.775950708418</ele></trkpt><trkpt lat="35.61306523257456" lon="-83.26624585970308"><ele>1199.1163236690077</ele></trkpt><trkpt lat="35.61311650584415" lon="-83.26605704182418"><ele>1198.195444425568</ele></trkpt><trkpt lat="35.61304920612142" lon="-83.26575146737378"><ele>1196.6749760396779</ele></trkpt><trkpt lat="35.6130420286107" lon="-83.26555428675397"><ele>1196.8520748615265</ele></trkpt><trkpt lat="35.61321579613364" lon="-83.2646936023915"><ele>1208.7149521904194</ele></trkpt><trkpt lat="35.61299115716772" lon="-83.26434618296935"><ele>1207.7292499402538</ele></trkpt><trkpt lat="35.61254251567608" lon="-83.26380281661119"><ele>1201.3038455310889</ele></trkpt><trkpt lat="35.61246766621155" lon="-83.26291370025535"><ele>1215.0008496195078</ele></trkpt><trkpt lat="35.61222259068553" lon="-83.26210470860372"><ele>1187.1317174360156</ele></trkpt><trkpt lat="35.61242412298668" lon="-83.26145254517445"><ele>1179.9320435402915</ele></trkpt><trkpt lat="35.61224113274392" lon="-83.26072630186667"><ele>1187.0236296338223</ele></trkpt><trkpt lat="35.61202903128735" lon="-83.26029614712576"><ele>1175.8563662115484</ele></trkpt><trkpt lat="35.61190877143521" lon="-83.25979240822272"><ele>1178.9032667893916</ele></trkpt><trkpt lat="35.6112134518879" lon="-83.25897569030451"><ele>1169.1041338145733</ele></trkpt><trkpt lat="35.6105987693328" lon="-83.25775780731709"><ele>1138.7684172105132</ele></trkpt><trkpt lat="35.61037045069445" lon="-83.25651429760251"><ele>1126.1320313669414</ele></trkpt><trkpt lat="35.61040784379857" lon="-83.25606739112402"><ele>1122.384884910658</ele></trkpt><trkpt lat="35.61047822344712" lon="-83.25561734956432"><ele>1123.4255024211031</ele></trkpt><trkpt lat="35.61048752427144" lon="-83.25546371641491"><ele>1125.4914966374636</ele></trkpt><trkpt lat="35.61048192218077" lon="-83.2552642916529"><ele>1126.3687533567527</ele></trkpt><trkpt lat="35.61044429026973" lon="-83.25505561498153"><ele>1123.0131886936724</ele></trkpt><trkpt lat="35.61042628811458" lon="-83.25485528909348"><ele>1119.9353705607355</ele></trkpt><trkpt lat="35.61037383574792" lon="-83.2547241108694"><ele>1115.0</ele></trkpt><trkpt lat="35.61014234181288" lon="-83.2547135587688"><ele>1109.0</ele></trkpt><trkpt lat="35.61010905717982" lon="-83.25488609642724"><ele>1109.6745001036254</ele></trkpt><trkpt lat="35.61006196423752" lon="-83.25501833453973"><ele>1109.9028746988624</ele></trkpt><trkpt lat="35.61006149498506" lon="-83.25518988178055"><ele>1110.070226419717</ele></trkpt><trkpt lat="35.60995689975664" lon="-83.25515195948452"><ele>1117.8509287275374</ele></trkpt><trkpt lat="35.60983105126073" lon="-83.25458314078662"><ele>1136.8495999518782</ele></trkpt><trkpt lat="35.60983774731006" lon="-83.25411662821642"><ele>1151.6214875029477</ele></trkpt><trkpt lat="35.609561" lon="-83.25227799999999"><ele>1166.0</ele></trkpt><trkpt lat="35.610146" lon="-83.25228500000003"><ele>1172.6225635521114</ele></trkpt><trkpt lat="35.610421" lon="-83.251623"><ele>1184.984599585645</ele></trkpt><trkpt lat="35.611119" lon="-83.25091900000001"><ele>1206.7816864727065</ele></trkpt><trkpt lat="35.611427" lon="-83.250811"><ele>1209.180465441888</ele></trkpt><trkpt lat="35.612123" lon="-83.25000699999998"><ele>1235.7307217726484</ele></trkpt><trkpt lat="35.612829" lon="-83.248718"><ele>1252.571609094739</ele></trkpt><trkpt lat="35.612913" lon="-83.24792400000001"><ele>1266.5191298192367</ele></trkpt><trkpt lat="35.613086" lon="-83.24760000000003"><ele>1274.5533034000546</ele></trkpt><trkpt lat="35.612571" lon="-83.24580300000002"><ele>1306.2488061181712</ele></trkpt><trkpt lat="35.612737" lon="-83.24463400000002"><ele>1313.5596845056862</ele></trkpt><trkpt lat="35.612606" lon="-83.24426900000003"><ele>1324.4531785408035</ele></trkpt><trkpt lat="35.612719" lon="-83.24314600000002"><ele>1337.4256360825798</ele></trkpt><trkpt lat="35.614096" lon="-83.24213600000002"><ele>1358.0728735353616</ele></trkpt><trkpt lat="35.615046" lon="-83.24198999999999"><ele>1378.7345631163525</ele></trkpt><trkpt lat="35.616246" lon="-83.24139000000002"><ele>1396.639462417923</ele></trkpt><trkpt lat="35.617881" lon="-83.240182"><ele>1412.0486016187747</ele></trkpt><trkpt lat="35.618197" lon="-83.240249"><ele>1416.0</ele></trkpt><trkpt lat="35.618564" lon="-83.24082900000002"><ele>1418.0</ele></trkpt><trkpt lat="35.618726" lon="-83.240524"><ele>1407.0197758946733</ele></trkpt><trkpt lat="35.618643" lon="-83.23940299999998"><ele>1384.8567893011495</ele></trkpt><trkpt lat="35.618838" lon="-83.239056"><ele>1382.129111192002</ele></trkpt><trkpt lat="35.619843" lon="-83.23807799999997"><ele>1382.9026085129008</ele></trkpt><trkpt lat="35.621148" lon="-83.23635000000002"><ele>1406.0</ele></trkpt><trkpt lat="35.621438" lon="-83.236422"><ele>1408.0</ele></trkpt><trkpt lat="35.621638" lon="-83.23676"><ele>1417.328721777536</ele></trkpt><trkpt lat="35.622551" lon="-83.23640499999999"><ele>1423.8805355099425</ele></trkpt><trkpt lat="35.623487" lon="-83.23631799999998"><ele>1424.9475365408753</ele></trkpt><trkpt lat="35.624232" lon="-83.23550699999998"><ele>1419.0</ele></trkpt><trkpt lat="35.624811" lon="-83.23537899999997"><ele>1417.1970624068588</ele></trkpt><trkpt lat="35.625094" lon="-83.23550499999999"><ele>1419.0</ele></trkpt><trkpt lat="35.625215" lon="-83.23583200000002"><ele>1422.8814030063963</ele></trkpt><trkpt lat="35.625688" lon="-83.23625800000002"><ele>1431.9372292828975</ele></trkpt><trkpt lat="35.625981" lon="-83.23738600000001"><ele>1454.5571494940668</ele></trkpt><trkpt lat="35.627382" lon="-83.23630500000002"><ele>1485.5332586662844</ele></trkpt><trkpt lat="35.628542" lon="-83.23575700000004"><ele>1499.5244040982798</ele></trkpt><trkpt lat="35.6294" lon="-83.234647"><ele>1505.198340977542</ele></trkpt><trkpt lat="35.630005" lon="-83.23441700000001"><ele>1507.0</ele></trkpt><trkpt lat="35.63024411299694" lon="-83.23414673742838"><ele>1504.9007164186264</ele></trkpt><trkpt lat="35.63041441021544" lon="-83.23392624927692"><ele>1502.1602563489569</ele></trkpt><trkpt lat="35.63079258350492" lon="-83.23373204385109"><ele>1495.5582939209417</ele></trkpt><trkpt lat="35.63101494565245" lon="-83.23326153124395"><ele>1486.7558623876778</ele></trkpt><trkpt lat="35.63124904087474" lon="-83.23304321228596"><ele>1488.2176616573706</ele></trkpt><trkpt lat="35.63186902677956" lon="-83.23150235603907"><ele>1469.2007622992992</ele></trkpt><trkpt lat="35.63233945056508" lon="-83.23108735435562"><ele>1462.3068302571774</ele></trkpt><trkpt lat="35.63239691841726" lon="-83.23057903857796"><ele>1460.5787451509386</ele></trkpt><trkpt lat="35.632062" lon="-83.22985299999999"><ele>1447.0</ele></trkpt><trkpt lat="35.632135" lon="-83.22947099999999"><ele>1446.0</ele></trkpt><trkpt lat="35.632686" lon="-83.229015"><ele>1431.0</ele></trkpt><trkpt lat="35.634286" lon="-83.22702400000003"><ele>1390.8385731056333</ele></trkpt><trkpt lat="35.63469600149686" lon="-83.2270411830429"><ele>1390.7415800178424</ele></trkpt><trkpt lat="35.63535450367405" lon="-83.22667923780853"><ele>1386.833595160395</ele></trkpt><trkpt lat="35.63546658132252" lon="-83.2264184793525"><ele>1385.4069499634206</ele></trkpt><trkpt lat="35.63539056065941" lon="-83.22609609653023"><ele>1386.0</ele></trkpt><trkpt lat="35.635143" lon="-83.22611"><ele>1382.3839006731287</ele></trkpt><trkpt lat="35.633984" lon="-83.226605"><ele>1360.0734545431376</ele></trkpt><trkpt lat="35.63339" lon="-83.22657500000003"><ele>1355.0</ele></trkpt><trkpt lat="35.633157" lon="-83.22586899999999"><ele>1340.1138908443972</ele></trkpt><trkpt lat="35.632601" lon="-83.22551299999998"><ele>1329.656891782855</ele></trkpt><trkpt lat="35.632023" lon="-83.225571"><ele>1319.1947161646342</ele></trkpt><trkpt lat="35.631757" lon="-83.22531200000003"><ele>1309.1558094238862</ele></trkpt><trkpt lat="35.630607" lon="-83.22565099999997"><ele>1285.908708974719</ele></trkpt><trkpt lat="35.629683" lon="-83.225189"><ele>1272.4417855552024</ele></trkpt><trkpt lat="35.629642" lon="-83.22477500000002"><ele>1269.0</ele></trkpt><trkpt lat="35.629906" lon="-83.224604"><ele>1263.0</ele></trkpt><trkpt lat="35.629904" lon="-83.22421500000002"><ele>1247.6513998925302</ele></trkpt><trkpt lat="35.629608" lon="-83.22402799999998"><ele>1247.5436853261062</ele></trkpt><trkpt lat="35.629522" lon="-83.22325599999999"><ele>1235.339264711365</ele></trkpt><trkpt lat="35.629274" lon="-83.22296900000003"><ele>1223.9640952907503</ele></trkpt><trkpt lat="35.628647" lon="-83.22291899999999"><ele>1211.2017243308946</ele></trkpt><trkpt lat="35.627703" lon="-83.22319099999999"><ele>1191.8901160808573</ele></trkpt><trkpt lat="35.62702" lon="-83.22303899999997"><ele>1183.5091543691233</ele></trkpt><trkpt lat="35.626803" lon="-83.22330399999998"><ele>1187.576226843521</ele></trkpt><trkpt lat="35.626162" lon="-83.223343"><ele>1169.0353069794953</ele></trkpt><trkpt lat="35.625958" lon="-83.22308599999997"><ele>1169.6065306235105</ele></trkpt><trkpt lat="35.625914" lon="-83.222263"><ele>1160.1833195691681</ele></trkpt><trkpt lat="35.625442" lon="-83.22134800000003"><ele>1145.0</ele></trkpt><trkpt lat="35.625361" lon="-83.22076099999998"><ele>1130.8454734379504</ele></trkpt><trkpt lat="35.624824" lon="-83.22044699999998"><ele>1118.8607530649751</ele></trkpt><trkpt lat="35.623852" lon="-83.220372"><ele>1108.6070613291058</ele></trkpt><trkpt lat="35.623668" lon="-83.22008299999999"><ele>1127.4332827944309</ele></trkpt><trkpt lat="35.625594" lon="-83.21810099999999"><ele>1081.476141674444</ele></trkpt><trkpt lat="35.625543" lon="-83.21729299999998"><ele>1068.8434960190207</ele></trkpt><trkpt lat="35.624995" lon="-83.21696500000002"><ele>1055.4672887683728</ele></trkpt><trkpt lat="35.624393" lon="-83.21706499999999"><ele>1044.8177528884262</ele></trkpt><trkpt lat="35.624119" lon="-83.21682199999998"><ele>1050.5578688982055</ele></trkpt><trkpt lat="35.623959" lon="-83.21604300000001"><ele>1036.3782016020268</ele></trkpt><trkpt lat="35.622974" lon="-83.21618000000001"><ele>1023.3951343005676</ele></trkpt><trkpt lat="35.622995" lon="-83.21529900000002"><ele>1016.2501946331762</ele></trkpt><trkpt lat="35.622625" lon="-83.21471400000001"><ele>1001.6975257135928</ele></trkpt><trkpt lat="35.622937" lon="-83.21407099999999"><ele>987.2872398216277</ele></trkpt><trkpt lat="35.622762" lon="-83.21326399999998"><ele>980.8935435947923</ele></trkpt><trkpt lat="35.622828" lon="-83.21289000000002"><ele>978.0591480452567</ele></trkpt><trkpt lat="35.6215" lon="-83.21130800000003"><ele>947.8046114556491</ele></trkpt><trkpt lat="35.621516" lon="-83.21092399999998"><ele>945.0</ele></trkpt><trkpt lat="35.622388" lon="-83.21129400000001"><ele>949.0</ele></trkpt><trkpt lat="35.624031" lon="-83.211408"><ele>959.0</ele></trkpt><trkpt lat="35.624541" lon="-83.21177"><ele>957.9471324440092</ele></trkpt><trkpt lat="35.624862" lon="-83.21169099999997"><ele>963.0</ele></trkpt><trkpt lat="35.625462" lon="-83.21144900000002"><ele>977.0</ele></trkpt><trkpt lat="35.626795" lon="-83.20929100000001"><ele>1019.6769728996641</ele></trkpt><trkpt lat="35.628219" lon="-83.208441"><ele>1048.1152534733656</ele></trkpt><trkpt lat="35.629132" lon="-83.208373"><ele>1065.375917557627</ele></trkpt><trkpt lat="35.629388" lon="-83.20911799999999"><ele>1079.0540858395398</ele></trkpt><trkpt lat="35.629324" lon="-83.209476"><ele>1095.8158296970164</ele></trkpt><trkpt lat="35.629019" lon="-83.20964800000002"><ele>1097.9708424742844</ele></trkpt><trkpt lat="35.628856" lon="-83.20998299999997"><ele>1102.3237014980987</ele></trkpt><trkpt lat="35.62885" lon="-83.210396"><ele>1108.2070522159338</ele></trkpt><trkpt lat="35.629357" lon="-83.21086100000002"><ele>1119.500600455876</ele></trkpt><trkpt lat="35.629503" lon="-83.211205"><ele>1128.827927088454</ele></trkpt><trkpt lat="35.630001" lon="-83.21083399999998"><ele>1133.5678940452635</ele></trkpt><trkpt lat="35.630602" lon="-83.21095600000001"><ele>1147.8822819553316</ele></trkpt><trkpt lat="35.631683" lon="-83.21025400000002"><ele>1169.7411499071873</ele></trkpt><trkpt lat="35.632104" lon="-83.20797299999998"><ele>1206.0953370816478</ele></trkpt><trkpt lat="35.634637" lon="-83.20565899999997"><ele>1269.7403740454465</ele></trkpt><trkpt lat="35.635249" lon="-83.20549499999998"><ele>1274.1167261842638</ele></trkpt><trkpt lat="35.635452" lon="-83.20619799999997"><ele>1281.135788390413</ele></trkpt><trkpt lat="35.635361" lon="-83.206908"><ele>1290.00615526177</ele></trkpt><trkpt lat="35.635489" lon="-83.208034"><ele>1310.0573518229648</ele></trkpt><trkpt lat="35.636107" lon="-83.20825000000002"><ele>1321.9938544823747</ele></trkpt><trkpt lat="35.637466" lon="-83.20731699999999"><ele>1354.0</ele></trkpt><trkpt lat="35.637452" lon="-83.20696299999997"><ele>1356.986596860127</ele></trkpt><trkpt lat="35.638292" lon="-83.206437"><ele>1370.7975107970149</ele></trkpt><trkpt lat="35.638539" lon="-83.20667100000003"><ele>1376.772140108049</ele></trkpt><trkpt lat="35.638861" lon="-83.20667000000003"><ele>1387.624359109439</ele></trkpt><trkpt lat="35.639398" lon="-83.20565599999998"><ele>1402.8535517507262</ele></trkpt><trkpt lat="35.64018" lon="-83.20622200000003"><ele>1420.4390248845548</ele></trkpt><trkpt lat="35.640665" lon="-83.20565299999998"><ele>1430.7055085357279</ele></trkpt><trkpt lat="35.641233" lon="-83.20556399999998"><ele>1440.4251582361758</ele></trkpt><trkpt lat="35.641813" lon="-83.205919"><ele>1457.6234958227724</ele></trkpt><trkpt lat="35.642156" lon="-83.20588600000002"><ele>1463.161407288164</ele></trkpt><trkpt lat="35.642923" lon="-83.205288"><ele>1481.0302272001281</ele></trkpt><trkpt lat="35.64411" lon="-83.20400000000001"><ele>1504.0553777776659</ele></trkpt><trkpt lat="35.645259" lon="-83.20339999999999"><ele>1527.0174044445157</ele></trkpt><trkpt lat="35.646668" lon="-83.201932"><ele>1549.0</ele></trkpt><trkpt lat="35.647574" lon="-83.20210900000001"><ele>1557.0</ele></trkpt><trkpt lat="35.648807" lon="-83.20182299999999"><ele>1570.8785911360756</ele></trkpt><trkpt lat="35.649349" lon="-83.20217500000001"><ele>1585.8934577787295</ele></trkpt><trkpt lat="35.650305" lon="-83.20212800000002"><ele>1603.0</ele></trkpt><trkpt lat="35.651045" lon="-83.20137999999997"><ele>1608.0</ele></trkpt><trkpt lat="35.651806" lon="-83.19964400000003"><ele>1628.0</ele></trkpt><trkpt lat="35.652709" lon="-83.19862"><ele>1640.0</ele></trkpt><trkpt lat="35.653762" lon="-83.196639"><ele>1672.0</ele></trkpt><trkpt lat="35.655371" lon="-83.19554399999998"><ele>1693.876531513893</ele></trkpt><trkpt lat="35.655697" lon="-83.195425"><ele>1695.0</ele></trkpt><trkpt lat="35.65659" lon="-83.19580200000001"><ele>1701.0</ele></trkpt><trkpt lat="35.65719" lon="-83.19551100000001"><ele>1704.4059620909393</ele></trkpt><trkpt lat="35.658106" lon="-83.19553000000002"><ele>1708.0</ele></trkpt><trkpt lat="35.659059" lon="-83.19453799999997"><ele>1719.6067774835974</ele></trkpt><trkpt lat="35.660014" lon="-83.19464299999999"><ele>1727.0</ele></trkpt><trkpt lat="35.661023" lon="-83.19382100000001"><ele>1735.0</ele></trkpt><trkpt lat="35.661379" lon="-83.193152"><ele>1734.0</ele></trkpt><trkpt lat="35.661466" lon="-83.19235000000003"><ele>1730.0</ele></trkpt><trkpt lat="35.661726" lon="-83.19163100000003"><ele>1722.2958756216324</ele></trkpt><trkpt lat="35.662643" lon="-83.191236"><ele>1705.117185737177</ele></trkpt><trkpt lat="35.663751" lon="-83.19037100000003"><ele>1682.0</ele></trkpt><trkpt lat="35.664213" lon="-83.18978300000003"><ele>1670.0</ele></trkpt><trkpt lat="35.664273" lon="-83.18935599999998"><ele>1668.0</ele></trkpt><trkpt lat="35.665154" lon="-83.18829700000003"><ele>1660.0</ele></trkpt><trkpt lat="35.665435" lon="-83.18762500000003"><ele>1659.0</ele></trkpt><trkpt lat="35.665698" lon="-83.18777499999999"><ele>1661.0</ele></trkpt><trkpt lat="35.666323" lon="-83.187477"><ele>1671.0</ele></trkpt><trkpt lat="35.667231" lon="-83.18640900000003"><ele>1689.0</ele></trkpt><trkpt lat="35.666704" lon="-83.183806"><ele>1690.1295486669987</ele></trkpt><trkpt lat="35.666564" lon="-83.18142699999999"><ele>1692.0986692067236</ele></trkpt><trkpt lat="35.666628" lon="-83.181018"><ele>1685.6757207717746</ele></trkpt><trkpt lat="35.667193" lon="-83.18073700000002"><ele>1686.1461470088557</ele></trkpt><trkpt lat="35.667349" lon="-83.18037099999998"><ele>1688.246591290459</ele></trkpt><trkpt lat="35.66706" lon="-83.180249"><ele>1687.5509913023561</ele></trkpt><trkpt lat="35.666401" lon="-83.17936400000002"><ele>1684.7484487220645</ele></trkpt><trkpt lat="35.665398" lon="-83.17699700000003"><ele>1681.2134630735964</ele></trkpt><trkpt lat="35.665605" lon="-83.17546600000003"><ele>1683.0875235497952</ele></trkpt><trkpt lat="35.666404" lon="-83.17490499999997"><ele>1678.019345776178</ele></trkpt><trkpt lat="35.66709" lon="-83.17489699999999"><ele>1677.6465187557042</ele></trkpt><trkpt lat="35.667663" lon="-83.17452200000002"><ele>1678.1414516195655</ele></trkpt><trkpt lat="35.668099" lon="-83.17308300000002"><ele>1681.152295468375</ele></trkpt><trkpt lat="35.66786" lon="-83.171944"><ele>1684.0</ele></trkpt><trkpt lat="35.667903" lon="-83.170052"><ele>1682.9088716991246</ele></trkpt><trkpt lat="35.667366" lon="-83.167731"><ele>1682.3849288755428</ele></trkpt><trkpt lat="35.667274" lon="-83.166564"><ele>1690.0</ele></trkpt><trkpt lat="35.667537" lon="-83.16636"><ele>1689.604814080191</ele></trkpt><trkpt lat="35.668455" lon="-83.16653200000002"><ele>1690.0</ele></trkpt><trkpt lat="35.668679" lon="-83.166247"><ele>1691.4238132312894</ele></trkpt><trkpt lat="35.66867" lon="-83.165122"><ele>1682.9075292125344</ele></trkpt><trkpt lat="35.668889" lon="-83.16401200000001"><ele>1684.4704568590969</ele></trkpt><trkpt lat="35.669378" lon="-83.16358300000002"><ele>1693.8979524141178</ele></trkpt><trkpt lat="35.670646" lon="-83.16337699999997"><ele>1686.0</ele></trkpt><trkpt lat="35.670889" lon="-83.16316599999999"><ele>1681.2019843496382</ele></trkpt><trkpt lat="35.67114" lon="-83.16245500000002"><ele>1679.6009940747172</ele></trkpt><trkpt lat="35.67139" lon="-83.16226599999999"><ele>1684.9992540441453</ele></trkpt><trkpt lat="35.672324" lon="-83.16232400000001"><ele>1681.3345332036433</ele></trkpt><trkpt lat="35.672788" lon="-83.16335500000002"><ele>1688.3939448420988</ele></trkpt><trkpt lat="35.673359" lon="-83.16303900000003"><ele>1684.9254343644398</ele></trkpt><trkpt lat="35.67398" lon="-83.16332699999998"><ele>1676.9202229371294</ele></trkpt><trkpt lat="35.674321" lon="-83.163363"><ele>1673.1231594672427</ele></trkpt><trkpt lat="35.67459" lon="-83.163187"><ele>1677.4412231082097</ele></trkpt><trkpt lat="35.675734" lon="-83.16178300000001"><ele>1676.4898225786164</ele></trkpt><trkpt lat="35.676065" lon="-83.16108099999997"><ele>1680.1405253056437</ele></trkpt><trkpt lat="35.676333" lon="-83.15912700000001"><ele>1679.8601778630937</ele></trkpt><trkpt lat="35.676657" lon="-83.15846699999997"><ele>1679.098934482603</ele></trkpt><trkpt lat="35.677205" lon="-83.15870999999999"><ele>1680.7346190158278</ele></trkpt><trkpt lat="35.678229" lon="-83.15966700000001"><ele>1686.8770752009004</ele></trkpt><trkpt lat="35.678837" lon="-83.15949699999999"><ele>1686.0</ele></trkpt><trkpt lat="35.67969" lon="-83.158818"><ele>1691.7763166233224</ele></trkpt><trkpt lat="35.680825" lon="-83.15603900000002"><ele>1674.0308559359983</ele></trkpt><trkpt lat="35.681021" lon="-83.153774"><ele>1648.719449589029</ele></trkpt><trkpt lat="35.682504" lon="-83.15076599999998"><ele>1607.0604095989838</ele></trkpt><trkpt lat="35.682925" lon="-83.147692"><ele>1615.0</ele></trkpt><trkpt lat="35.682805" lon="-83.145667"><ele>1621.0</ele></trkpt><trkpt lat="35.682964" lon="-83.14531299999999"><ele>1618.0</ele></trkpt><trkpt lat="35.685202" lon="-83.144138"><ele>1611.0</ele></trkpt><trkpt lat="35.686532" lon="-83.14238499999999"><ele>1582.4775004433468</ele></trkpt><trkpt lat="35.68655" lon="-83.14013499999999"><ele>1587.0</ele></trkpt><trkpt lat="35.688531" lon="-83.13707499999998"><ele>1647.986435555853</ele></trkpt><trkpt lat="35.688571" lon="-83.13672400000002"><ele>1652.0</ele></trkpt><trkpt lat="35.68823" lon="-83.13609500000001"><ele>1657.0</ele></trkpt><trkpt lat="35.688218" lon="-83.13572899999997"><ele>1656.2854179544374</ele></trkpt><trkpt lat="35.689158" lon="-83.134728"><ele>1644.985657794401</ele></trkpt><trkpt lat="35.690277" lon="-83.132789"><ele>1617.2714872891083</ele></trkpt><trkpt lat="35.690967" lon="-83.13197100000002"><ele>1616.301051366143</ele></trkpt><trkpt lat="35.692391" lon="-83.12944700000003"><ele>1633.3852844787762</ele></trkpt><trkpt lat="35.693545" lon="-83.12858799999998"><ele>1642.0</ele></trkpt><trkpt lat="35.694677" lon="-83.12720200000001"><ele>1666.9024068228046</ele></trkpt><trkpt lat="35.697298" lon="-83.125763"><ele>1714.0</ele></trkpt><trkpt lat="35.697895" lon="-83.12565899999998"><ele>1727.0</ele></trkpt><trkpt lat="35.70138504260567" lon="-83.12291118429471"><ele>1761.0680896434933</ele></trkpt><trkpt lat="35.70205609094852" lon="-83.12270381592919"><ele>1771.8654353133788</ele></trkpt><trkpt lat="35.70237269930158" lon="-83.12239631510727"><ele>1777.374428973054</ele></trkpt><trkpt lat="35.70236814268369" lon="-83.12212551435039"><ele>1780.0</ele></trkpt><trkpt lat="35.703153" lon="-83.12090899999998"><ele>1756.343822189743</ele></trkpt><trkpt lat="35.7042" lon="-83.119999"><ele>1730.57898656896</ele></trkpt><trkpt lat="35.70796" lon="-83.11940199999998"><ele>1685.2789437435567</ele></trkpt><trkpt lat="35.708602" lon="-83.11922700000002"><ele>1682.0</ele></trkpt><trkpt lat="35.709213" lon="-83.11834799999997"><ele>1671.7568314187229</ele></trkpt><trkpt lat="35.709501" lon="-83.118178"><ele>1661.1478603687196</ele></trkpt><trkpt lat="35.709643" lon="-83.11852599999997"><ele>1653.0773227028549</ele></trkpt><trkpt lat="35.710643" lon="-83.11704299999997"><ele>1619.6826015375555</ele></trkpt><trkpt lat="35.710696" lon="-83.11624899999998"><ele>1614.6406612228602</ele></trkpt><trkpt lat="35.712302" lon="-83.113362"><ele>1575.0427658594176</ele></trkpt><trkpt lat="35.712595" lon="-83.11323700000003"><ele>1568.970887832903</ele></trkpt><trkpt lat="35.712501" lon="-83.11402299999997"><ele>1555.0118730812933</ele></trkpt><trkpt lat="35.714191" lon="-83.11312499999997"><ele>1528.1721166759514</ele></trkpt><trkpt lat="35.716088" lon="-83.113226"><ele>1496.5190850248393</ele></trkpt><trkpt lat="35.716892" lon="-83.112616"><ele>1476.1415473781526</ele></trkpt><trkpt lat="35.716487" lon="-83.11205799999999"><ele>1464.3903117878363</ele></trkpt><trkpt lat="35.716409" lon="-83.11122699999999"><ele>1452.0</ele></trkpt><trkpt lat="35.716511" lon="-83.11089099999998"><ele>1447.87586604245</ele></trkpt><trkpt lat="35.717929" lon="-83.10997500000002"><ele>1415.45296983443</ele></trkpt><trkpt lat="35.718133" lon="-83.109689"><ele>1407.9395600466682</ele></trkpt><trkpt lat="35.718022" lon="-83.10892999999999"><ele>1394.1446903087199</ele></trkpt><trkpt lat="35.718489" lon="-83.10947199999998"><ele>1384.3695548409823</ele></trkpt><trkpt lat="35.719108" lon="-83.10970600000002"><ele>1372.908670210063</ele></trkpt><trkpt lat="35.71928" lon="-83.11005399999999"><ele>1368.6949238531383</ele></trkpt><trkpt lat="35.719265" lon="-83.11047500000001"><ele>1362.0</ele></trkpt><trkpt lat="35.719061" lon="-83.11081200000001"><ele>1355.9658383776214</ele></trkpt><trkpt lat="35.719276" lon="-83.11148800000001"><ele>1346.1640275698155</ele></trkpt><trkpt lat="35.719921" lon="-83.11187699999999"><ele>1336.841690956615</ele></trkpt><trkpt lat="35.720876" lon="-83.11212"><ele>1317.3651367527095</ele></trkpt><trkpt lat="35.722141" lon="-83.11163399999998"><ele>1299.3770303986967</ele></trkpt><trkpt lat="35.723061" lon="-83.11069299999997"><ele>1278.5733345050537</ele></trkpt><trkpt lat="35.723677" lon="-83.10929299999998"><ele>1261.5339327398688</ele></trkpt><trkpt lat="35.725157" lon="-83.108182"><ele>1242.0</ele></trkpt><trkpt lat="35.725359" lon="-83.10846100000003"><ele>1232.989200832912</ele></trkpt><trkpt lat="35.725289" lon="-83.10923700000001"><ele>1219.999003165027</ele></trkpt><trkpt lat="35.725492" lon="-83.10957200000001"><ele>1215.3436327688396</ele></trkpt><trkpt lat="35.725215" lon="-83.11065400000001"><ele>1193.0721002042105</ele></trkpt><trkpt lat="35.726346" lon="-83.11197700000002"><ele>1163.0</ele></trkpt><trkpt lat="35.727085" lon="-83.11319600000002"><ele>1147.895314194262</ele></trkpt><trkpt lat="35.727358" lon="-83.11337300000002"><ele>1136.0</ele></trkpt><trkpt lat="35.727776" lon="-83.11440600000003"><ele>1123.226956333965</ele></trkpt><trkpt lat="35.728597" lon="-83.115544"><ele>1100.0952184051275</ele></trkpt><trkpt lat="35.729121" lon="-83.11598300000003"><ele>1091.0677054650382</ele></trkpt><trkpt lat="35.730024" lon="-83.116221"><ele>1073.29455109547</ele></trkpt><trkpt lat="35.730294" lon="-83.11646300000001"><ele>1068.6727780662477</ele></trkpt><trkpt lat="35.730686" lon="-83.117528"><ele>1051.1683010868728</ele></trkpt><trkpt lat="35.730918" lon="-83.11684600000001"><ele>1037.807998282585</ele></trkpt><trkpt lat="35.731432" lon="-83.11647800000003"><ele>1026.29843422178</ele></trkpt><trkpt lat="35.732021" lon="-83.11663699999997"><ele>1015.4662705790251</ele></trkpt><trkpt lat="35.732714" lon="-83.11733400000003"><ele>999.9837162652984</ele></trkpt><trkpt lat="35.73337" lon="-83.117571"><ele>986.943529576627</ele></trkpt><trkpt lat="35.734336" lon="-83.11758099999997"><ele>970.0</ele></trkpt><trkpt lat="35.734768" lon="-83.11814600000002"><ele>959.0</ele></trkpt><trkpt lat="35.735107" lon="-83.11822599999999"><ele>948.3537625484169</ele></trkpt><trkpt lat="35.735295" lon="-83.117862"><ele>941.2112549475655</ele></trkpt><trkpt lat="35.736466" lon="-83.11738600000001"><ele>920.5603406215087</ele></trkpt><trkpt lat="35.736977" lon="-83.11775599999999"><ele>913.0</ele></trkpt><trkpt lat="35.737452" lon="-83.11874499999999"><ele>897.4926287578419</ele></trkpt><trkpt lat="35.737527" lon="-83.11953299999999"><ele>889.5028885342181</ele></trkpt><trkpt lat="35.738" lon="-83.12005199999999"><ele>878.0</ele></trkpt><trkpt lat="35.738025" lon="-83.11933699999997"><ele>869.820409886539</ele></trkpt><trkpt lat="35.73786" lon="-83.11856899999998"><ele>865.5876882076263</ele></trkpt><trkpt lat="35.738112" lon="-83.11789899999997"><ele>854.8253184836358</ele></trkpt><trkpt lat="35.738752" lon="-83.117412"><ele>834.4283035593107</ele></trkpt><trkpt lat="35.738901" lon="-83.11665700000003"><ele>834.5247576069087</ele></trkpt><trkpt lat="35.737996" lon="-83.11652300000003"><ele>830.2209443571046</ele></trkpt><trkpt lat="35.737465" lon="-83.116198"><ele>818.9472348748955</ele></trkpt><trkpt lat="35.737163" lon="-83.115455"><ele>806.7602471141145</ele></trkpt><trkpt lat="35.737213" lon="-83.11500999999998"><ele>793.1278750420524</ele></trkpt><trkpt lat="35.738213" lon="-83.11411199999998"><ele>784.3060113564134</ele></trkpt><trkpt lat="35.738373" lon="-83.11373800000001"><ele>781.99225114329</ele></trkpt><trkpt lat="35.737876" lon="-83.11267900000001"><ele>777.3752089198679</ele></trkpt><trkpt lat="35.737695" lon="-83.11150299999997"><ele>762.8305615141937</ele></trkpt><trkpt lat="35.737349" lon="-83.11086999999998"><ele>763.1211019444964</ele></trkpt><trkpt lat="35.737332" lon="-83.11046699999997"><ele>752.0055461657756</ele></trkpt><trkpt lat="35.737589" lon="-83.11022300000002"><ele>752.3803356429562</ele></trkpt><trkpt lat="35.737702" lon="-83.11057700000003"><ele>741.8827399089932</ele></trkpt><trkpt lat="35.738921" lon="-83.11185699999999"><ele>711.1460322262719</ele></trkpt><trkpt lat="35.739832" lon="-83.11336399999999"><ele>682.0</ele></trkpt><trkpt lat="35.740831" lon="-83.11433599999998"><ele>659.913667671673</ele></trkpt><trkpt lat="35.741691" lon="-83.11470300000002"><ele>641.1340757927173</ele></trkpt><trkpt lat="35.742569" lon="-83.11428599999999"><ele>624.0</ele></trkpt><trkpt lat="35.742712" lon="-83.11397399999998"><ele>623.8339704347367</ele></trkpt><trkpt lat="35.74303747885801" lon="-83.11390698757361"><ele>616.9791823104024</ele></trkpt><trkpt lat="35.7436255279542" lon="-83.11420057808533"><ele>610.0</ele></trkpt><trkpt lat="35.74386293409035" lon="-83.11446211097842"><ele>603.8897890958422</ele></trkpt><trkpt lat="35.74409609713756" lon="-83.11459833722688"><ele>601.4748419551179</ele></trkpt><trkpt lat="35.74517269035786" lon="-83.11495707763959"><ele>588.0</ele></trkpt><trkpt lat="35.745506" lon="-83.114821"><ele>584.0</ele></trkpt><trkpt lat="35.746386" lon="-83.11457200000001"><ele>572.7499566432089</ele></trkpt><trkpt lat="35.747861" lon="-83.11305700000003"><ele>554.0</ele></trkpt><trkpt lat="35.748243" lon="-83.112033"><ele>547.0</ele></trkpt><trkpt lat="35.748736" lon="-83.111449"><ele>529.8089848365635</ele></trkpt><trkpt lat="35.749034" lon="-83.11069900000001"><ele>525.0</ele></trkpt><trkpt lat="35.749462" lon="-83.110141"><ele>523.1200322546065</ele></trkpt><trkpt lat="35.75071482890026" lon="-83.10891431362211"><ele>513.0658503846972</ele></trkpt><trkpt lat="35.75091771175453" lon="-83.10917569099382"><ele>516.0</ele></trkpt></trkseg></trk></gpx>