<?xml version="1.0"?>
<gpx xmlns="http://www.topografix.com/GPX/1/1" xmlns:gpxx="http://www.garmin.com/xmlschemas/GpxExtensions/v3" creator="CALTOPO" version="1.1"><metadata><name><![CDATA[Bibbulmun Track 1]]></name></metadata><trk><name>Bibbulmun Track 1</name><extensions><gpxx:TrackExtension><gpxx:DisplayColor>Red</gpxx:DisplayColor></gpxx:TrackExtension></extensions><trkseg><trkpt lat="-35.02283792401067" lon="117.88334748566183"><ele>30.359230436578116</ele></trkpt><trkpt lat="-35.0242201232046" lon="117.88115225154081"><ele>30.199189300183207</ele></trkpt><trkpt lat="-35.024884861022755" lon="117.87752732419821"><ele>39.72565553500317</ele></trkpt><trkpt lat="-35.025429732555594" lon="117.8739171713807"><ele>43.96030061459169</ele></trkpt><trkpt lat="-35.02447182754956" lon="117.87053507238257"><ele>44.736381967319176</ele></trkpt><trkpt lat="-35.023779451377536" lon="117.86708475954958"><ele>47.47793089746375</ele></trkpt><trkpt lat="-35.02317090062601" lon="117.86352316865404"><ele>29.955869074429348</ele></trkpt><trkpt lat="-35.02197243690051" lon="117.86081902489067"><ele>11.804650304780479</ele></trkpt><trkpt lat="-35.01954263320584" lon="117.86029823477033"><ele>21.567333669795232</ele></trkpt><trkpt lat="-35.022481501408265" lon="117.85941652918451"><ele>9.959335272898898</ele></trkpt><trkpt lat="-35.02517592409631" lon="117.85773655428852"><ele>4.0</ele></trkpt><trkpt lat="-35.02646525439913" lon="117.8596988520585"><ele>2.0054567996500943</ele></trkpt><trkpt lat="-35.02809703640919" lon="117.85671863008378"><ele>0.647745881928131</ele></trkpt><trkpt lat="-35.02984160295406" lon="117.8538703300371"><ele>1.5678519672293778</ele></trkpt><trkpt lat="-35.03204854839971" lon="117.85139777763041"><ele>2.2835297619656014</ele></trkpt><trkpt lat="-35.034848626425486" lon="117.85005032698179"><ele>2.1813763233654457</ele></trkpt><trkpt lat="-35.03780161278462" lon="117.84920379337085"><ele>0.0</ele></trkpt><trkpt lat="-35.0407886335386" lon="117.84849956065793"><ele>1.0</ele></trkpt><trkpt lat="-35.04382347969508" lon="117.84823468308896"><ele>2.0958675091793606</ele></trkpt><trkpt lat="-35.04686435287875" lon="117.84809890705483"><ele>0.5657802002970129</ele></trkpt><trkpt lat="-35.04988055844009" lon="117.84848201265473"><ele>2.294122164830272</ele></trkpt><trkpt lat="-35.0518510764755" lon="117.85107841901521"><ele>1.001838591415435</ele></trkpt><trkpt lat="-35.05445344520199" lon="117.85240744379107"><ele>1.0</ele></trkpt><trkpt lat="-35.05690569808597" lon="117.85203616420938"><ele>10.53408032481093</ele></trkpt><trkpt lat="-35.05872516906237" lon="117.85132425845762"><ele>13.758112590148208</ele></trkpt><trkpt lat="-35.05995224491598" lon="117.84906218661516"><ele>9.0</ele></trkpt><trkpt lat="-35.06201783801394" lon="117.84689499284677"><ele>25.541307195089757</ele></trkpt><trkpt lat="-35.063590541252935" lon="117.84385564769406"><ele>40.7824050985653</ele></trkpt><trkpt lat="-35.065362184841916" lon="117.84130013860492"><ele>72.34295402420685</ele></trkpt><trkpt lat="-35.06804992773498" lon="117.84213411451267"><ele>77.93964567920193</ele></trkpt><trkpt lat="-35.07032416774507" lon="117.83992120478831"><ele>87.78128577739218</ele></trkpt><trkpt lat="-35.07217765505736" lon="117.83713385146567"><ele>102.29966458052013</ele></trkpt><trkpt lat="-35.0734758072479" lon="117.83382686846451"><ele>118.67736194024735</ele></trkpt><trkpt lat="-35.074568262381" lon="117.83043978594705"><ele>134.8752334532328</ele></trkpt><trkpt lat="-35.075814634467854" lon="117.82726089368884"><ele>146.5928090462694</ele></trkpt><trkpt lat="-35.07719506390733" lon="117.82442994271642"><ele>155.77006304985844</ele></trkpt><trkpt lat="-35.0758490620959" lon="117.82204371550047"><ele>163.1343369489673</ele></trkpt><trkpt lat="-35.073341151533725" lon="117.82151592879316"><ele>154.09680718404707</ele></trkpt><trkpt lat="-35.072341598848595" lon="117.81860473808464"><ele>146.89211829355918</ele></trkpt><trkpt lat="-35.071607928380374" lon="117.81661687256425"><ele>146.0</ele></trkpt><trkpt lat="-35.07196263449681" lon="117.81319352964827"><ele>141.09565858030692</ele></trkpt><trkpt lat="-35.07167036333199" lon="117.81075284411418"><ele>120.94375957806047</ele></trkpt><trkpt lat="-35.07085176944816" lon="117.80794400596955"><ele>124.77642269746866</ele></trkpt><trkpt lat="-35.06949127917558" lon="117.80605979955344"><ele>126.67063008553687</ele></trkpt><trkpt lat="-35.06887128456138" lon="117.8037165600285"><ele>100.0</ele></trkpt><trkpt lat="-35.06783853359477" lon="117.80076308938736"><ele>97.98687402973883</ele></trkpt><trkpt lat="-35.067383883841934" lon="117.79791289316267"><ele>88.08398393825047</ele></trkpt><trkpt lat="-35.06540482325106" lon="117.79691647737667"><ele>80.12515044609202</ele></trkpt><trkpt lat="-35.065321067852686" lon="117.79353830851342"><ele>82.87757848738693</ele></trkpt><trkpt lat="-35.06335949847055" lon="117.79218078057869"><ele>73.58574816197991</ele></trkpt><trkpt lat="-35.062833308252365" lon="117.78904739391072"><ele>80.12739808880724</ele></trkpt><trkpt lat="-35.06142535893369" lon="117.78630299329859"><ele>80.84631497575901</ele></trkpt><trkpt lat="-35.06048842736499" lon="117.78320154905104"><ele>85.44942329754122</ele></trkpt><trkpt lat="-35.05929613747371" lon="117.78020475741425"><ele>84.96228180150501</ele></trkpt><trkpt lat="-35.05829016512555" lon="117.77748422395123"><ele>84.43232091004029</ele></trkpt><trkpt lat="-35.05719692125947" lon="117.77441506968302"><ele>84.16202347184318</ele></trkpt><trkpt lat="-35.05620705678545" lon="117.77163311881804"><ele>99.01841883524321</ele></trkpt><trkpt lat="-35.05505973123979" lon="117.76911213568694"><ele>110.39719672221129</ele></trkpt><trkpt lat="-35.05357975091701" lon="117.7662620321405"><ele>117.700392722385</ele></trkpt><trkpt lat="-35.05280130068601" lon="117.76349338869733"><ele>127.80571858108893</ele></trkpt><trkpt lat="-35.05113740339504" lon="117.76115007290157"><ele>132.00089138757903</ele></trkpt><trkpt lat="-35.05093516954133" lon="117.75826090537568"><ele>133.34742286002597</ele></trkpt><trkpt lat="-35.05036495962192" lon="117.7560020992816"><ele>144.79959679592866</ele></trkpt><trkpt lat="-35.04948420728587" lon="117.75272187669746"><ele>143.206076164726</ele></trkpt><trkpt lat="-35.048444079725165" lon="117.75038613551312"><ele>155.73696951707825</ele></trkpt><trkpt lat="-35.0484755241019" lon="117.74794662374313"><ele>145.0488026941814</ele></trkpt><trkpt lat="-35.04830849374894" lon="117.74485778126969"><ele>136.83073110110126</ele></trkpt><trkpt lat="-35.04719810271874" lon="117.74206249979096"><ele>141.3842641178053</ele></trkpt><trkpt lat="-35.04708971519433" lon="117.73869668284539"><ele>144.01701993062912</ele></trkpt><trkpt lat="-35.04554683997672" lon="117.73635538419208"><ele>131.92801908346001</ele></trkpt><trkpt lat="-35.046062827311324" lon="117.73307033848434"><ele>124.78642577966397</ele></trkpt><trkpt lat="-35.04470372692276" lon="117.7298077824045"><ele>113.3384735698346</ele></trkpt><trkpt lat="-35.04428041201787" lon="117.72624189034994"><ele>111.07212588295069</ele></trkpt><trkpt lat="-35.04349580431609" lon="117.72313291671495"><ele>115.70355213296955</ele></trkpt><trkpt lat="-35.041991077700786" lon="117.72170771729161"><ele>129.86286847923685</ele></trkpt><trkpt lat="-35.04373571042038" lon="117.7189910358467"><ele>108.49595701204142</ele></trkpt><trkpt lat="-35.044403008263714" lon="117.71612318803909"><ele>94.76023848492194</ele></trkpt><trkpt lat="-35.04430672094978" lon="117.71261784023089"><ele>98.4516314472533</ele></trkpt><trkpt lat="-35.04241155047045" lon="117.71015580931427"><ele>84.94833357715329</ele></trkpt><trkpt lat="-35.041520640280645" lon="117.70716108881489"><ele>47.01553874019439</ele></trkpt><trkpt lat="-35.040987518464476" lon="117.70369966432895"><ele>43.97969883679876</ele></trkpt><trkpt lat="-35.042040449171914" lon="117.7006098770948"><ele>52.592091899777316</ele></trkpt><trkpt lat="-35.043340921467916" lon="117.69793281944266"><ele>36.653355999616906</ele></trkpt><trkpt lat="-35.04426907789324" lon="117.69509254929025"><ele>32.05190563315247</ele></trkpt><trkpt lat="-35.04572128593299" lon="117.69263886810339"><ele>20.6109008552787</ele></trkpt><trkpt lat="-35.04413541627227" lon="117.6896121071855"><ele>8.05854478412802</ele></trkpt><trkpt lat="-35.04341839761368" lon="117.68604539271352"><ele>6.835807081724457</ele></trkpt><trkpt lat="-35.04393033299054" lon="117.68239953447753"><ele>4.453718030825257</ele></trkpt><trkpt lat="-35.04466538574549" lon="117.67879866201334"><ele>6.133248709142208</ele></trkpt><trkpt lat="-35.04531715883941" lon="117.67538311431807"><ele>0.0</ele></trkpt><trkpt lat="-35.0469955299247" lon="117.6723308001854"><ele>7.865933491900403</ele></trkpt><trkpt lat="-35.048793468288835" lon="117.6693356755222"><ele>1.4234122112732293</ele></trkpt><trkpt lat="-35.05081212716767" lon="117.66655445294246"><ele>0.4423231623263546</ele></trkpt><trkpt lat="-35.05194183272415" lon="117.66313300944175"><ele>2.5170952377691838</ele></trkpt><trkpt lat="-35.05229118480492" lon="117.65958002299608"><ele>8.331945823948475</ele></trkpt><trkpt lat="-35.05244193811691" lon="117.6561785930564"><ele>11.535500936911951</ele></trkpt><trkpt lat="-35.05370345239186" lon="117.65287817260422"><ele>7.820108836633153</ele></trkpt><trkpt lat="-35.05548204901169" lon="117.65080662696363"><ele>7.0</ele></trkpt><trkpt lat="-35.05788961446999" lon="117.64973845521804"><ele>3.128939054789953</ele></trkpt><trkpt lat="-35.059847491755846" lon="117.64689097596268"><ele>2.2834213533378227</ele></trkpt><trkpt lat="-35.062260380452756" lon="117.64474592483946"><ele>3.9346435180905877</ele></trkpt><trkpt lat="-35.06510027081944" lon="117.64345942777294"><ele>5.031451059272513</ele></trkpt><trkpt lat="-35.06637608023368" lon="117.64070023068739"><ele>43.367856045719236</ele></trkpt><trkpt lat="-35.068672191748284" lon="117.63912379781601"><ele>52.848932351136014</ele></trkpt><trkpt lat="-35.069985082143404" lon="117.64232511396676"><ele>43.0</ele></trkpt><trkpt lat="-35.072323534992975" lon="117.64397972761013"><ele>40.991619566921145</ele></trkpt><trkpt lat="-35.073889128684684" lon="117.64255160336988"><ele>72.61717954860069</ele></trkpt><trkpt lat="-35.07588953394897" lon="117.64474281625013"><ele>64.29929367867894</ele></trkpt><trkpt lat="-35.07826558031984" lon="117.64620366281555"><ele>66.37209629034624</ele></trkpt><trkpt lat="-35.08069625974565" lon="117.64738367717013"><ele>75.43618728974168</ele></trkpt><trkpt lat="-35.08285592860358" lon="117.64658717879507"><ele>84.29135552204562</ele></trkpt><trkpt lat="-35.082840877659635" lon="117.64361845212099"><ele>83.11988807516173</ele></trkpt><trkpt lat="-35.082845812395114" lon="117.64061034618712"><ele>81.9101519890823</ele></trkpt><trkpt lat="-35.08406112861013" lon="117.63828076919363"><ele>86.94143545336556</ele></trkpt><trkpt lat="-35.08504637896143" lon="117.6356017836708"><ele>108.63721047958825</ele></trkpt><trkpt lat="-35.08672462979099" lon="117.63466455047441"><ele>125.94583167741075</ele></trkpt><trkpt lat="-35.08942955341864" lon="117.63387610496687"><ele>123.07691048271954</ele></trkpt><trkpt lat="-35.09216916002986" lon="117.63267222985817"><ele>122.57729448471218</ele></trkpt><trkpt lat="-35.09502816090321" lon="117.63274832642051"><ele>114.24582785856009</ele></trkpt><trkpt lat="-35.097922963831195" lon="117.63279725215318"><ele>126.9527319042451</ele></trkpt><trkpt lat="-35.0991548005003" lon="117.63083961669489"><ele>106.6191008796458</ele></trkpt><trkpt lat="-35.10026210562938" lon="117.628181956646"><ele>107.67808271477065</ele></trkpt><trkpt lat="-35.102990388329964" lon="117.62802625536824"><ele>91.56033798167482</ele></trkpt><trkpt lat="-35.10482896438019" lon="117.62705063085451"><ele>122.64392932166811</ele></trkpt><trkpt lat="-35.10458154347517" lon="117.6237859091272"><ele>160.82131484194935</ele></trkpt><trkpt lat="-35.105958006480904" lon="117.62074435431121"><ele>149.54343203490134</ele></trkpt><trkpt lat="-35.107988186550344" lon="117.61865547640353"><ele>139.55378827531354</ele></trkpt><trkpt lat="-35.10908116678091" lon="117.61548016523267"><ele>141.34962716327487</ele></trkpt><trkpt lat="-35.10829993799788" lon="117.61371190165244"><ele>158.80377202977022</ele></trkpt><trkpt lat="-35.10688810014827" lon="117.61198376307567"><ele>155.51557811861858</ele></trkpt><trkpt lat="-35.10745389965916" lon="117.60839547241915"><ele>150.1589558068663</ele></trkpt><trkpt lat="-35.105952516158396" lon="117.60650934791775"><ele>153.13039420914276</ele></trkpt><trkpt lat="-35.10455499443623" lon="117.60406358579806"><ele>168.4832146603662</ele></trkpt><trkpt lat="-35.103030637797325" lon="117.60294688054023"><ele>177.6403134376742</ele></trkpt><trkpt lat="-35.101582179686574" lon="117.60173253963802"><ele>189.25712155387737</ele></trkpt><trkpt lat="-35.101564250607474" lon="117.59897403792286"><ele>165.48651056282688</ele></trkpt><trkpt lat="-35.10258294221805" lon="117.5956357256617"><ele>145.36855869856663</ele></trkpt><trkpt lat="-35.1019057050375" lon="117.5921399196918"><ele>137.79701979178935</ele></trkpt><trkpt lat="-35.10124641266301" lon="117.59001243572203"><ele>111.8210253068246</ele></trkpt><trkpt lat="-35.10104612204192" lon="117.58710827678209"><ele>108.29429597651793</ele></trkpt><trkpt lat="-35.09857850903815" lon="117.58610574629458"><ele>109.04414467182846</ele></trkpt><trkpt lat="-35.09677143591401" lon="117.58659288479198"><ele>176.0352413081564</ele></trkpt><trkpt lat="-35.0950288177116" lon="117.5845455944033"><ele>208.20621959652232</ele></trkpt><trkpt lat="-35.09254662485712" lon="117.58472351137442"><ele>225.7837389065772</ele></trkpt><trkpt lat="-35.09117125607224" lon="117.58790574117668"><ele>230.03237297229504</ele></trkpt><trkpt lat="-35.08973303865292" lon="117.58737957813732"><ele>238.63404736085795</ele></trkpt><trkpt lat="-35.089851028392516" lon="117.58397032869975"><ele>210.36813866567866</ele></trkpt><trkpt lat="-35.08925168712688" lon="117.58181126558394"><ele>201.79927859990858</ele></trkpt><trkpt lat="-35.089185521159266" lon="117.57848426770072"><ele>190.36252489616163</ele></trkpt><trkpt lat="-35.08984360087883" lon="117.57506033012959"><ele>162.03444367158227</ele></trkpt><trkpt lat="-35.08832668702097" lon="117.57281110894121"><ele>158.08650591717117</ele></trkpt><trkpt lat="-35.08656200609948" lon="117.57085407331812"><ele>165.6568380221035</ele></trkpt><trkpt lat="-35.084942202764246" lon="117.57027308017626"><ele>158.48660431965254</ele></trkpt><trkpt lat="-35.08292679245672" lon="117.56898183962203"><ele>182.91900845726718</ele></trkpt><trkpt lat="-35.08266945341043" lon="117.56569111302869"><ele>162.48750811597716</ele></trkpt><trkpt lat="-35.08224495280605" lon="117.56236093280481"><ele>160.78767203679308</ele></trkpt><trkpt lat="-35.08230278748901" lon="117.55900892138669"><ele>174.0</ele></trkpt><trkpt lat="-35.081366236562886" lon="117.55671667761264"><ele>183.95288406263575</ele></trkpt><trkpt lat="-35.07897277713042" lon="117.55612236282563"><ele>176.9341752306791</ele></trkpt><trkpt lat="-35.078744670358134" lon="117.55337431859704"><ele>154.54800852634332</ele></trkpt><trkpt lat="-35.0794809287836" lon="117.55003196021848"><ele>153.75111353287204</ele></trkpt><trkpt lat="-35.07845262591305" lon="117.54774420935317"><ele>158.0713807148503</ele></trkpt><trkpt lat="-35.078571065288955" lon="117.54438745871315"><ele>145.1867994866334</ele></trkpt><trkpt lat="-35.076436706600475" lon="117.54281822793982"><ele>141.02218946849462</ele></trkpt><trkpt lat="-35.07626419469376" lon="117.5396733994634"><ele>126.72541397623718</ele></trkpt><trkpt lat="-35.07554760071382" lon="117.53656838075483"><ele>114.23499861509914</ele></trkpt><trkpt lat="-35.07433514885999" lon="117.53332722100824"><ele>111.27491392337718</ele></trkpt><trkpt lat="-35.07448838722656" lon="117.52976646263178"><ele>87.90483055601362</ele></trkpt><trkpt lat="-35.07274377245978" lon="117.52724746803783"><ele>79.23413834603338</ele></trkpt><trkpt lat="-35.07296877445421" lon="117.52394634154311"><ele>60.87819907659262</ele></trkpt><trkpt lat="-35.07294436891166" lon="117.52113089306056"><ele>30.358965083723888</ele></trkpt><trkpt lat="-35.071919392791706" lon="117.5195744150653"><ele>29.452753482091275</ele></trkpt><trkpt lat="-35.07166673380425" lon="117.51633852778068"><ele>25.0</ele></trkpt><trkpt lat="-35.073176507413415" lon="117.51339936788143"><ele>28.0</ele></trkpt><trkpt lat="-35.073649921658586" lon="117.51024235405384"><ele>51.72285197558813</ele></trkpt><trkpt lat="-35.072264377968956" lon="117.5073728843864"><ele>47.0</ele></trkpt><trkpt lat="-35.07153996485388" lon="117.50388275448842"><ele>66.24392713024281</ele></trkpt><trkpt lat="-35.07052259053018" lon="117.50059772422395"><ele>53.70856056222692</ele></trkpt><trkpt lat="-35.0707251745487" lon="117.49693991112636"><ele>62.43039723066613</ele></trkpt><trkpt lat="-35.070818196417754" lon="117.49356783593382"><ele>81.74652135879603</ele></trkpt><trkpt lat="-35.07191385786173" lon="117.49020010017045"><ele>120.31045907567054</ele></trkpt><trkpt lat="-35.07394777092323" lon="117.48747019042992"><ele>125.0</ele></trkpt><trkpt lat="-35.074291299490326" lon="117.48554855920952"><ele>142.22145251641578</ele></trkpt><trkpt lat="-35.07236672594319" lon="117.4847876900766"><ele>176.00731047990638</ele></trkpt><trkpt lat="-35.07130492589672" lon="117.48301942096414"><ele>167.86173388196204</ele></trkpt><trkpt lat="-35.06990021375206" lon="117.48121353984386"><ele>173.08158182198196</ele></trkpt><trkpt lat="-35.068207046870995" lon="117.48006951394134"><ele>157.10389918396817</ele></trkpt><trkpt lat="-35.06858646643292" lon="117.47648759767227"><ele>150.32268128690885</ele></trkpt><trkpt lat="-35.06651714359334" lon="117.47512192020652"><ele>164.25501043794637</ele></trkpt><trkpt lat="-35.06482024536689" lon="117.4735783486459"><ele>171.52212893112127</ele></trkpt><trkpt lat="-35.06409396467238" lon="117.47028048740464"><ele>165.18614411700833</ele></trkpt><trkpt lat="-35.062724719552676" lon="117.4674008806728"><ele>158.7611749775242</ele></trkpt><trkpt lat="-35.06289132911598" lon="117.463824284574"><ele>152.4336531655863</ele></trkpt><trkpt lat="-35.06225124884888" lon="117.46063677673348"><ele>128.9781753923744</ele></trkpt><trkpt lat="-35.06045955386598" lon="117.45868261749396"><ele>132.2596558529185</ele></trkpt><trkpt lat="-35.05829796441239" lon="117.45824625003249"><ele>133.113771883538</ele></trkpt><trkpt lat="-35.05721904735583" lon="117.45615236012446"><ele>116.03567868134098</ele></trkpt><trkpt lat="-35.057180014094705" lon="117.45468501598363"><ele>110.81691815657541</ele></trkpt><trkpt lat="-35.05490876831871" lon="117.45609487126879"><ele>109.55237813387066</ele></trkpt><trkpt lat="-35.05307508389824" lon="117.45732441520742"><ele>97.42215649865162</ele></trkpt><trkpt lat="-35.05080434792593" lon="117.45588119767353"><ele>84.84989298437722</ele></trkpt><trkpt lat="-35.04863580981239" lon="117.45408396768423"><ele>63.856974859838374</ele></trkpt><trkpt lat="-35.04683535380417" lon="117.45298262116575"><ele>63.184297730913386</ele></trkpt><trkpt lat="-35.04460762291946" lon="117.45266647551306"><ele>37.64012139801911</ele></trkpt><trkpt lat="-35.04291101776088" lon="117.45455099574869"><ele>19.0</ele></trkpt><trkpt lat="-35.040804060477384" lon="117.45501026532631"><ele>6.0</ele></trkpt><trkpt lat="-35.03882005649341" lon="117.45592950662989"><ele>7.545182011933719</ele></trkpt><trkpt lat="-35.03772610914776" lon="117.45316135647772"><ele>7.243763722246513</ele></trkpt><trkpt lat="-35.03593381930569" lon="117.45170864759108"><ele>17.552228635642678</ele></trkpt><trkpt lat="-35.03355318142031" lon="117.45088925966942"><ele>7.426389765909187</ele></trkpt><trkpt lat="-35.030708050642424" lon="117.45034135611641"><ele>6.563022078364156</ele></trkpt><trkpt lat="-35.02773392624492" lon="117.45047747372294"><ele>5.0</ele></trkpt><trkpt lat="-35.02498942579444" lon="117.44888298908313"><ele>4.167060217354447</ele></trkpt><trkpt lat="-35.02218487227985" lon="117.44818829453989"><ele>7.199101701002704</ele></trkpt><trkpt lat="-35.02361299099428" lon="117.4452841899024"><ele>9.077767985466505</ele></trkpt><trkpt lat="-35.025474446650676" lon="117.44235825570874"><ele>11.3313176126685</ele></trkpt><trkpt lat="-35.02511366245464" lon="117.43919123010583"><ele>13.016093978541903</ele></trkpt><trkpt lat="-35.02268694087103" lon="117.4370662378557"><ele>10.0</ele></trkpt><trkpt lat="-35.02224513133807" lon="117.43371470170634"><ele>7.189767091302201</ele></trkpt><trkpt lat="-35.02190373791897" lon="117.43009383140284"><ele>8.024937315658816</ele></trkpt><trkpt lat="-35.02116224613041" lon="117.42659372942464"><ele>5.667650044779293</ele></trkpt><trkpt lat="-35.01970629701762" lon="117.42336693831194"><ele>2.108461693394929</ele></trkpt><trkpt lat="-35.01790872219511" lon="117.4204058437816"><ele>1.0</ele></trkpt><trkpt lat="-35.01582566552573" lon="117.41774007771824"><ele>4.3178265268966225</ele></trkpt><trkpt lat="-35.01373314611294" lon="117.4150672754594"><ele>8.566472308315875</ele></trkpt><trkpt lat="-35.0126572795846" lon="117.41162179642134"><ele>0.48130240570753813</ele></trkpt><trkpt lat="-35.01187487598174" lon="117.40805698590663"><ele>6.786545411217958</ele></trkpt><trkpt lat="-35.01107971606767" lon="117.4044981601526"><ele>5.558141425486025</ele></trkpt><trkpt lat="-35.00970255671987" lon="117.4012363342249"><ele>0.0</ele></trkpt><trkpt lat="-35.00807461647971" lon="117.39817837214557"><ele>3.1331404577940702</ele></trkpt><trkpt lat="-35.005266748961226" lon="117.39683519685438"><ele>12.092235987816489</ele></trkpt><trkpt lat="-35.00228332581344" lon="117.39613105111258"><ele>14.547989386696287</ele></trkpt><trkpt lat="-34.99961237353901" lon="117.39529880803971"><ele>2.3842704698909074</ele></trkpt><trkpt lat="-35.00004252569086" lon="117.39172431213888"><ele>4.0</ele></trkpt><trkpt lat="-34.99991309417966" lon="117.38803704216386"><ele>7.045694700209424</ele></trkpt><trkpt lat="-34.99978610012522" lon="117.38441169791872"><ele>5.4008610719117645</ele></trkpt><trkpt lat="-35.00025500303953" lon="117.38089062068457"><ele>7.64590015618895</ele></trkpt><trkpt lat="-35.001220872352974" lon="117.37743612900917"><ele>4.198398729553446</ele></trkpt><trkpt lat="-35.00162267941908" lon="117.37378081807806"><ele>13.816794589498171</ele></trkpt><trkpt lat="-35.0019762326951" lon="117.37018960975018"><ele>8.817585799610242</ele></trkpt><trkpt lat="-35.00265677339921" lon="117.3666477777428"><ele>9.034903753199615</ele></trkpt><trkpt lat="-35.003503346342455" lon="117.36313119961972"><ele>7.554091492441927</ele></trkpt><trkpt lat="-35.00478783285091" lon="117.35980138148014"><ele>7.000635968545895</ele></trkpt><trkpt lat="-35.00563249921679" lon="117.3566864303903"><ele>3.897320116965593</ele></trkpt><trkpt lat="-35.007730619804995" lon="117.35421228028707"><ele>7.991826316388093</ele></trkpt><trkpt lat="-35.0089290361705" lon="117.35084354538742"><ele>0.0</ele></trkpt><trkpt lat="-35.01068402764627" lon="117.34791463250346"><ele>0.6655707482188562</ele></trkpt><trkpt lat="-35.01219967966635" lon="117.34495732033379"><ele>6.19871906910585</ele></trkpt><trkpt lat="-35.01369786570646" lon="117.34213013429351"><ele>11.540962082037623</ele></trkpt><trkpt lat="-35.01525359994226" lon="117.33936679982678"><ele>7.066846476306287</ele></trkpt><trkpt lat="-35.016807726826414" lon="117.33675987219183"><ele>8.031982307089493</ele></trkpt><trkpt lat="-35.01868003215664" lon="117.33468113480293"><ele>3.558920039329678</ele></trkpt><trkpt lat="-35.02135105814629" lon="117.33376849987151"><ele>4.000161918689375</ele></trkpt><trkpt lat="-35.02378233202832" lon="117.33286003474325"><ele>0.0</ele></trkpt><trkpt lat="-35.02605117222085" lon="117.33051609835428"><ele>0.0</ele></trkpt><trkpt lat="-35.02588169985612" lon="117.32767387741637"><ele>2.228419379098341</ele></trkpt><trkpt lat="-35.023750328457744" lon="117.32596250014187"><ele>2.2308080624789</ele></trkpt><trkpt lat="-35.02103930656192" lon="117.32667859549467"><ele>0.2182723875157535</ele></trkpt><trkpt lat="-35.01814730989748" lon="117.32621347096034"><ele>0.23120292066596448</ele></trkpt><trkpt lat="-35.01510755446231" lon="117.32630907090117"><ele>3.0</ele></trkpt><trkpt lat="-35.01208840068137" lon="117.326739853504"><ele>1.7023965122643858</ele></trkpt><trkpt lat="-35.009079906672724" lon="117.32725739632858"><ele>2.2835314532276243</ele></trkpt><trkpt lat="-35.00615723675622" lon="117.32683386739654"><ele>15.213991646101467</ele></trkpt><trkpt lat="-35.00352133044417" lon="117.32838954050129"><ele>18.54081276920624</ele></trkpt><trkpt lat="-35.001734229091234" lon="117.33133499935245"><ele>20.47402857290581</ele></trkpt><trkpt lat="-35.00084174790117" lon="117.33334819561068"><ele>15.412027103826404</ele></trkpt><trkpt lat="-34.99943891992826" lon="117.33545460446524"><ele>2.9352926013525575</ele></trkpt><trkpt lat="-34.99657100830408" lon="117.33568152641786"><ele>2.8573538195341825</ele></trkpt><trkpt lat="-34.994364611777485" lon="117.33762557895001"><ele>3.0712732073467235</ele></trkpt><trkpt lat="-34.99210693024901" lon="117.33866902886955"><ele>10.221718348795548</ele></trkpt><trkpt lat="-34.990646784782456" lon="117.34091578769561"><ele>2.9226156144165762</ele></trkpt><trkpt lat="-34.9890035009232" lon="117.34348899159014"><ele>30.22308324975893</ele></trkpt><trkpt lat="-34.98724482031505" lon="117.3463423225468"><ele>23.741136255768417</ele></trkpt><trkpt lat="-34.98589018462279" lon="117.34896845574347"><ele>6.209064276790226</ele></trkpt><trkpt lat="-34.98339175764719" lon="117.34933241319416"><ele>13.009324298624456</ele></trkpt><trkpt lat="-34.984765084941785" lon="117.35250730972538"><ele>10.0</ele></trkpt><trkpt lat="-34.98280702363416" lon="117.35493689361677"><ele>21.671934748766944</ele></trkpt><trkpt lat="-34.98018672860751" lon="117.35649324372166"><ele>25.007982584182173</ele></trkpt><trkpt lat="-34.97940422102557" lon="117.35898294657233"><ele>16.43739120475948</ele></trkpt><trkpt lat="-34.9784081468727" lon="117.36147726630034"><ele>13.657699933974072</ele></trkpt><trkpt lat="-34.97563085740238" lon="117.36116050314467"><ele>6.0</ele></trkpt><trkpt lat="-34.9746891611243" lon="117.36128603168831"><ele>7.0</ele></trkpt><trkpt lat="-34.97312445784323" lon="117.36400294131079"><ele>6.029004090420213</ele></trkpt><trkpt lat="-34.97032026478284" lon="117.36520681162453"><ele>2.878641690942459</ele></trkpt><trkpt lat="-34.96989639701034" lon="117.36795269126074"><ele>2.4403437723529997</ele></trkpt><trkpt lat="-34.96931249681529" lon="117.3658502075878"><ele>8.238406245596707</ele></trkpt><trkpt lat="-34.97198624521492" lon="117.36453087120155"><ele>4.644999834243208</ele></trkpt><trkpt lat="-34.974545051466606" lon="117.36273136465609"><ele>5.150791414841575</ele></trkpt><trkpt lat="-34.97462172240764" lon="117.36034801441119"><ele>7.284911304323293</ele></trkpt><trkpt lat="-34.97726625757637" lon="117.36190810281263"><ele>11.65920212608762</ele></trkpt><trkpt lat="-34.979397825179824" lon="117.36047151847214"><ele>13.847592953243293</ele></trkpt><trkpt lat="-34.97941865793576" lon="117.35675731851771"><ele>19.205497409799136</ele></trkpt><trkpt lat="-34.98186277458828" lon="117.35570208118861"><ele>30.01480824686587</ele></trkpt><trkpt lat="-34.98426674634237" lon="117.35376873211848"><ele>12.752233610255644</ele></trkpt><trkpt lat="-34.98408236100805" lon="117.35052129569449"><ele>9.834545300807804</ele></trkpt><trkpt lat="-34.98472449934114" lon="117.34863509602035"><ele>10.38630533371453</ele></trkpt><trkpt lat="-34.98678299325674" lon="117.34761892324524"><ele>24.52454438386485</ele></trkpt><trkpt lat="-34.988163528872334" lon="117.34453698474712"><ele>37.189807176589966</ele></trkpt><trkpt lat="-34.99008700816971" lon="117.34182578970932"><ele>16.624160378613862</ele></trkpt><trkpt lat="-34.9909426363887" lon="117.33905837460046"><ele>9.267245194176212</ele></trkpt><trkpt lat="-34.99336810922539" lon="117.33826514683284"><ele>4.6028604619205</ele></trkpt><trkpt lat="-34.995411756371155" lon="117.33596491074991"><ele>0.48762548074591905</ele></trkpt><trkpt lat="-34.99830632104166" lon="117.33554040816796"><ele>2.4354498046450317</ele></trkpt><trkpt lat="-35.0001943429495" lon="117.33415783183679"><ele>7.012497689225711</ele></trkpt><trkpt lat="-35.00103601911588" lon="117.33215789196605"><ele>20.0</ele></trkpt><trkpt lat="-35.00079462958819" lon="117.32859177277803"><ele>53.28999788488727</ele></trkpt><trkpt lat="-35.00150666551265" lon="117.32521559715089"><ele>72.25793832797882</ele></trkpt><trkpt lat="-35.001217019118094" lon="117.32176463118645"><ele>102.88935782550834</ele></trkpt><trkpt lat="-35.000035500167094" lon="117.31932359327088"><ele>127.15583396426355</ele></trkpt><trkpt lat="-34.9994813641576" lon="117.31664542525432"><ele>156.41190080111846</ele></trkpt><trkpt lat="-34.999951721323356" lon="117.31373798875046"><ele>156.11261585847816</ele></trkpt><trkpt lat="-35.00058334044549" lon="117.31046083611558"><ele>179.49310161691895</ele></trkpt><trkpt lat="-35.00258068737402" lon="117.30793187167082"><ele>215.8403606103966</ele></trkpt><trkpt lat="-35.0033223061391" lon="117.30466779361524"><ele>250.72721181236756</ele></trkpt><trkpt lat="-35.004215144452935" lon="117.30156202744313"><ele>299.1177676253719</ele></trkpt><trkpt lat="-35.006309446836994" lon="117.30210296619958"><ele>260.44257032443363</ele></trkpt><trkpt lat="-35.00863173715196" lon="117.30134526168094"><ele>198.88418519636616</ele></trkpt><trkpt lat="-35.010908723846754" lon="117.29992660092265"><ele>156.65160419768654</ele></trkpt><trkpt lat="-35.0120463726897" lon="117.29702382492769"><ele>99.97192079918445</ele></trkpt><trkpt lat="-35.01457847193034" lon="117.29511478840477"><ele>46.40568380116194</ele></trkpt><trkpt lat="-35.017400947705354" lon="117.29392386820854"><ele>33.162625408614986</ele></trkpt><trkpt lat="-35.020294920964545" lon="117.2928253264548"><ele>24.181835564193875</ele></trkpt><trkpt lat="-35.022037549636075" lon="117.29037004386419"><ele>34.37852720730007</ele></trkpt><trkpt lat="-35.02370997771909" lon="117.28817645426577"><ele>52.934765075963654</ele></trkpt><trkpt lat="-35.0242008386387" lon="117.28563867676408"><ele>70.14981643501359</ele></trkpt><trkpt lat="-35.02306316957847" lon="117.28260091958184"><ele>63.83452131770683</ele></trkpt><trkpt lat="-35.021874223642925" lon="117.27969075554675"><ele>36.55835779896006</ele></trkpt><trkpt lat="-35.02204157208969" lon="117.27641767495088"><ele>19.952373850260056</ele></trkpt><trkpt lat="-35.02162465825112" lon="117.27329232909372"><ele>3.0513500938811995</ele></trkpt><trkpt lat="-35.01944620874643" lon="117.27271484570187"><ele>19.623856178966687</ele></trkpt><trkpt lat="-35.01717567084717" lon="117.2747703345051"><ele>23.86313275925628</ele></trkpt><trkpt lat="-35.01719899365396" lon="117.27180963538846"><ele>24.53041352332673</ele></trkpt><trkpt lat="-35.01859886265099" lon="117.26920660383603"><ele>24.43562945688609</ele></trkpt><trkpt lat="-35.01705339011002" lon="117.266590810933"><ele>22.945220105501463</ele></trkpt><trkpt lat="-35.017266216757925" lon="117.26320735508479"><ele>26.20502952981924</ele></trkpt><trkpt lat="-35.015633418814126" lon="117.2611933597348"><ele>41.209407996269874</ele></trkpt><trkpt lat="-35.015855795594284" lon="117.25837294956061"><ele>48.26780134323053</ele></trkpt><trkpt lat="-35.017965584580196" lon="117.25580272199896"><ele>45.97651839314494</ele></trkpt><trkpt lat="-35.01934997160589" lon="117.2527311365161"><ele>39.253338814842834</ele></trkpt><trkpt lat="-35.02063113547065" lon="117.24958784805341"><ele>47.477582664165496</ele></trkpt><trkpt lat="-35.01901974239938" lon="117.24657582641923"><ele>64.20764265825053</ele></trkpt><trkpt lat="-35.017665686987144" lon="117.24410304335949"><ele>97.11883064848371</ele></trkpt><trkpt lat="-35.01641131611554" lon="117.24119827063413"><ele>107.15863704204668</ele></trkpt><trkpt lat="-35.01669194345202" lon="117.23812331184403"><ele>121.99023986105539</ele></trkpt><trkpt lat="-35.01553612937996" lon="117.23651952195502"><ele>101.98970168068155</ele></trkpt><trkpt lat="-35.01705188950075" lon="117.23349101410122"><ele>43.86777411318978</ele></trkpt><trkpt lat="-35.01828982962802" lon="117.2304237738041"><ele>19.215772446710616</ele></trkpt><trkpt lat="-35.01877933581382" lon="117.22698176699214"><ele>15.24562290638991</ele></trkpt><trkpt lat="-35.02006449017905" lon="117.22414686987494"><ele>6.7576572552789</ele></trkpt><trkpt lat="-35.01898884530614" lon="117.22082148739976"><ele>11.160373395927385</ele></trkpt><trkpt lat="-35.01883789452815" lon="117.21711602203307"><ele>11.324972632224672</ele></trkpt><trkpt lat="-35.01801465876518" lon="117.21353917781585"><ele>5.32241910463199</ele></trkpt><trkpt lat="-35.01721000608413" lon="117.2099589799998"><ele>3.9136309472378343</ele></trkpt><trkpt lat="-35.01697976689723" lon="117.2062630258001"><ele>4.658234070986509</ele></trkpt><trkpt lat="-35.01683296733777" lon="117.2025519603603"><ele>2.277389708440751</ele></trkpt><trkpt lat="-35.01684675939343" lon="117.1988387452796"><ele>3.1128603728026785</ele></trkpt><trkpt lat="-35.01694479743866" lon="117.19513427448257"><ele>6.029743437771685</ele></trkpt><trkpt lat="-35.01736295140352" lon="117.19145435957896"><ele>9.904251461150125</ele></trkpt><trkpt lat="-35.017807733598175" lon="117.18778437196036"><ele>9.379242801456712</ele></trkpt><trkpt lat="-35.01858746758694" lon="117.18419212072618"><ele>4.250644779425533</ele></trkpt><trkpt lat="-35.01957681976907" lon="117.18067806239048"><ele>8.633479934651405</ele></trkpt><trkpt lat="-35.02072288037243" lon="117.17724028609832"><ele>5.938240889692679</ele></trkpt><trkpt lat="-35.021985038899786" lon="117.17386151600508"><ele>8.102660767349608</ele></trkpt><trkpt lat="-35.023630987034544" lon="117.17074479295869"><ele>3.9087342427436655</ele></trkpt><trkpt lat="-35.02561365043101" lon="117.16792691100488"><ele>7.211684236768633</ele></trkpt><trkpt lat="-35.02745526682981" lon="117.16498052016658"><ele>0.0</ele></trkpt><trkpt lat="-35.02942615064097" lon="117.16218860117922"><ele>0.0</ele></trkpt><trkpt lat="-35.032188560743116" lon="117.16065614816785"><ele>6.534553120029159</ele></trkpt><trkpt lat="-35.03516860278513" lon="117.1599858598887"><ele>6.2296331259422</ele></trkpt><trkpt lat="-35.0381784952276" lon="117.1599631855813"><ele>4.493807954248041</ele></trkpt><trkpt lat="-35.04044084197302" lon="117.15841624031027"><ele>14.191847504931502</ele></trkpt><trkpt lat="-35.04041190461051" lon="117.1555228888532"><ele>15.113507210277021</ele></trkpt><trkpt lat="-35.04031563839426" lon="117.15239903837836"><ele>23.860381338471633</ele></trkpt><trkpt lat="-35.04144585080187" lon="117.14967080349376"><ele>17.76290871493048</ele></trkpt><trkpt lat="-35.04298036224029" lon="117.14681426650512"><ele>54.75447173672728</ele></trkpt><trkpt lat="-35.04314416138999" lon="117.14368134867925"><ele>89.9714214746329</ele></trkpt><trkpt lat="-35.04450086194959" lon="117.14062790826736"><ele>101.57915573881473</ele></trkpt><trkpt lat="-35.04586718818152" lon="117.13751821216705"><ele>131.9990404368048</ele></trkpt><trkpt lat="-35.04574129206236" lon="117.13669458725361"><ele>134.3803830868334</ele></trkpt><trkpt lat="-35.04543108341484" lon="117.13351496516239"><ele>135.90344141232197</ele></trkpt><trkpt lat="-35.044791108101656" lon="117.13041107573724"><ele>127.27820568229072</ele></trkpt><trkpt lat="-35.04423610429838" lon="117.12701835020637"><ele>115.85879555135034</ele></trkpt><trkpt lat="-35.042851682429024" lon="117.12410695010196"><ele>82.95209425105713</ele></trkpt><trkpt lat="-35.04153956477902" lon="117.12209830446913"><ele>56.93480028428682</ele></trkpt><trkpt lat="-35.0393737761864" lon="117.12023395483916"><ele>60.85174082439928</ele></trkpt><trkpt lat="-35.03815084712046" lon="117.11796106241835"><ele>52.43430516204124</ele></trkpt><trkpt lat="-35.03795221371425" lon="117.11467251169371"><ele>63.78799797178733</ele></trkpt><trkpt lat="-35.036842643282384" lon="117.1128763926566"><ele>67.4726026224671</ele></trkpt><trkpt lat="-35.03550884914607" lon="117.11063007228698"><ele>92.8902040314654</ele></trkpt><trkpt lat="-35.03385596635734" lon="117.10861477897123"><ele>92.96892459486887</ele></trkpt><trkpt lat="-35.03313010854389" lon="117.10591949463924"><ele>95.58688019109495</ele></trkpt><trkpt lat="-35.030857006274296" lon="117.10610996314935"><ele>104.49089176533744</ele></trkpt><trkpt lat="-35.02971257528112" lon="117.10399924245561"><ele>104.55889156879857</ele></trkpt><trkpt lat="-35.03010169017216" lon="117.10066325811476"><ele>99.18969428379442</ele></trkpt><trkpt lat="-35.030159147350986" lon="117.09719426603979"><ele>82.90236273920164</ele></trkpt><trkpt lat="-35.0302274437708" lon="117.09391199439598"><ele>64.90206226462033</ele></trkpt><trkpt lat="-35.029985875372574" lon="117.09088817482646"><ele>90.55202651489526</ele></trkpt><trkpt lat="-35.02986098510856" lon="117.0880711831324"><ele>84.82993240095675</ele></trkpt><trkpt lat="-35.028800572241586" lon="117.08513864894954"><ele>58.13934137957471</ele></trkpt><trkpt lat="-35.02872571504446" lon="117.08200411369859"><ele>38.32719262521438</ele></trkpt><trkpt lat="-35.0304415778905" lon="117.07975375393997"><ele>2.6668308438413666</ele></trkpt><trkpt lat="-35.0320310469194" lon="117.07672926530321"><ele>7.380770205921777</ele></trkpt><trkpt lat="-35.03197036625512" lon="117.07458982014813"><ele>4.747481755446643</ele></trkpt><trkpt lat="-35.032035419495244" lon="117.07236541969564"><ele>5.075488024507649</ele></trkpt><trkpt lat="-35.03325915401649" lon="117.0698821472206"><ele>22.438694323878735</ele></trkpt><trkpt lat="-35.03348043004333" lon="117.06669805281237"><ele>52.932990875592665</ele></trkpt><trkpt lat="-35.03128068536716" lon="117.06697395128197"><ele>51.45442280929238</ele></trkpt><trkpt lat="-35.029118314705144" lon="117.0661320735413"><ele>50.42848607644634</ele></trkpt><trkpt lat="-35.027761792521545" lon="117.06355843523755"><ele>63.49018230709066</ele></trkpt><trkpt lat="-35.02700352309806" lon="117.06029458777877"><ele>62.768059172900394</ele></trkpt><trkpt lat="-35.02701742829482" lon="117.0571127734616"><ele>71.82763085979968</ele></trkpt><trkpt lat="-35.02802946319787" lon="117.05408736210009"><ele>73.47077441459987</ele></trkpt><trkpt lat="-35.027536979567145" lon="117.05065388317773"><ele>70.0</ele></trkpt><trkpt lat="-35.02791445833455" lon="117.04740107866927"><ele>69.36367454568531</ele></trkpt><trkpt lat="-35.026255936377154" lon="117.04498129734033"><ele>47.8462730597239</ele></trkpt><trkpt lat="-35.0259669347939" lon="117.04157243109388"><ele>35.05293656319947</ele></trkpt><trkpt lat="-35.02574965156757" lon="117.03844907137523"><ele>22.436785319121554</ele></trkpt><trkpt lat="-35.02376909761751" lon="117.03869875725096"><ele>49.92080918282214</ele></trkpt><trkpt lat="-35.02229974738011" lon="117.03724745365503"><ele>44.31926804876613</ele></trkpt><trkpt lat="-35.02224339171347" lon="117.0343472372958"><ele>45.67646145820201</ele></trkpt><trkpt lat="-35.022480759560665" lon="117.03122216606809"><ele>19.498471256138217</ele></trkpt><trkpt lat="-35.024123029656835" lon="117.028981574086"><ele>10.459811431355774</ele></trkpt><trkpt lat="-35.02542286156145" lon="117.0260456133749"><ele>8.38661163535728</ele></trkpt><trkpt lat="-35.027516843652975" lon="117.02491380847967"><ele>4.240710461946964</ele></trkpt><trkpt lat="-35.029611433385014" lon="117.02318376709985"><ele>5.8851494753964175</ele></trkpt><trkpt lat="-35.031697332230856" lon="117.02218936519648"><ele>28.438588915742002</ele></trkpt><trkpt lat="-35.03291961252447" lon="117.01935342956634"><ele>42.04844938660972</ele></trkpt><trkpt lat="-35.03139657751933" lon="117.01646463717367"><ele>22.165567123447545</ele></trkpt><trkpt lat="-35.03040228182113" lon="117.01338019612544"><ele>8.22454773937352</ele></trkpt><trkpt lat="-35.0289741734605" lon="117.01044709653507"><ele>5.315979365142994</ele></trkpt><trkpt lat="-35.028251773197226" lon="117.00706434086383"><ele>3.923168760306302</ele></trkpt><trkpt lat="-35.02773089275071" lon="117.003936420515"><ele>6.895990477642044</ele></trkpt><trkpt lat="-35.02705922390877" lon="117.00034622505217"><ele>6.1015331055969</ele></trkpt><trkpt lat="-35.026197796740135" lon="116.9968227880565"><ele>2.119007562719934</ele></trkpt><trkpt lat="-35.02500551659564" lon="116.99343942348801"><ele>3.3773054337361827</ele></trkpt><trkpt lat="-35.02365184989743" lon="116.99022525421731"><ele>3.2260234113782644</ele></trkpt><trkpt lat="-35.02126107256768" lon="116.98950060009109"><ele>26.395433415775187</ele></trkpt><trkpt lat="-35.01869511990124" lon="116.9892803124427"><ele>19.155401192261095</ele></trkpt><trkpt lat="-35.016131388243494" lon="116.98810461688177"><ele>31.87100079015363</ele></trkpt><trkpt lat="-35.013445965299475" lon="116.98703507984823"><ele>32.85604483878706</ele></trkpt><trkpt lat="-35.01102043797827" lon="116.98649703062259"><ele>30.518305519712158</ele></trkpt><trkpt lat="-35.008065926895775" lon="116.98592206688089"><ele>28.450339716382956</ele></trkpt><trkpt lat="-35.005168632193325" lon="116.98567117329317"><ele>14.898910681949928</ele></trkpt><trkpt lat="-35.00304105267347" lon="116.98423548663487"><ele>30.61640729668955</ele></trkpt><trkpt lat="-35.00276473501237" lon="116.98139522214075"><ele>20.91391129605472</ele></trkpt><trkpt lat="-35.00384757771724" lon="116.97801658318876"><ele>14.919255934192481</ele></trkpt><trkpt lat="-35.004032138716354" lon="116.97438334381009"><ele>17.816251719370484</ele></trkpt><trkpt lat="-35.005062159299065" lon="116.97099388811543"><ele>18.868642663205108</ele></trkpt><trkpt lat="-35.007490327593565" lon="116.96899153024403"><ele>14.474857586901635</ele></trkpt><trkpt lat="-35.00790532896926" lon="116.96619380480053"><ele>10.659980489975776</ele></trkpt><trkpt lat="-35.006961870588526" lon="116.9634548116679"><ele>0.9911522250622511</ele></trkpt><trkpt lat="-35.00896335054948" lon="116.9612060690274"><ele>6.284328116452531</ele></trkpt><trkpt lat="-35.010729410881474" lon="116.95832670006453"><ele>9.0</ele></trkpt><trkpt lat="-35.0125833892176" lon="116.95558898575734"><ele>6.931689379360522</ele></trkpt><trkpt lat="-35.01412925182226" lon="116.95381502737044"><ele>17.6301190063823</ele></trkpt><trkpt lat="-35.01556584305293" lon="116.95285006593349"><ele>38.23321012989618</ele></trkpt><trkpt lat="-35.01797785234673" lon="116.95306089647154"><ele>12.464822097215801</ele></trkpt><trkpt lat="-35.0203373540991" lon="116.95380085669674"><ele>18.78851066378411</ele></trkpt><trkpt lat="-35.02158580809587" lon="116.95065412871058"><ele>15.0</ele></trkpt><trkpt lat="-35.02266861126547" lon="116.94739946625772"><ele>15.673067925811452</ele></trkpt><trkpt lat="-35.02438048190328" lon="116.94439568584681"><ele>12.0</ele></trkpt><trkpt lat="-35.026351535420375" lon="116.94159653365439"><ele>11.0</ele></trkpt><trkpt lat="-35.028261006343854" lon="116.93893347755247"><ele>11.0</ele></trkpt><trkpt lat="-35.0304106185492" lon="116.93639966150911"><ele>11.15179013775196</ele></trkpt><trkpt lat="-35.02915105918752" lon="116.93518814789738"><ele>12.142785179428756</ele></trkpt><trkpt lat="-35.02900840646355" lon="116.93164107405151"><ele>12.528457866050303</ele></trkpt><trkpt lat="-35.02866328430611" lon="116.9281587697639"><ele>10.410831830464303</ele></trkpt><trkpt lat="-35.0309440370608" lon="116.92616821070962"><ele>12.412299246471328</ele></trkpt><trkpt lat="-35.031722962987146" lon="116.92340779173048"><ele>10.90832671611598</ele></trkpt><trkpt lat="-35.033665606844764" lon="116.92445545805106"><ele>13.141636193021792</ele></trkpt><trkpt lat="-35.03520539547403" lon="116.92691380272217"><ele>10.558905180194415</ele></trkpt><trkpt lat="-35.036701960167704" lon="116.92934800398181"><ele>16.066536135125357</ele></trkpt><trkpt lat="-35.03801718202818" lon="116.9277152389081"><ele>8.0</ele></trkpt><trkpt lat="-35.041030410143655" lon="116.92812590020799"><ele>5.794609463556058</ele></trkpt><trkpt lat="-35.04313081068706" lon="116.92974099960142"><ele>4.776684465818107</ele></trkpt><trkpt lat="-35.045510930942875" lon="116.92981792498047"><ele>2.05703324242495</ele></trkpt><trkpt lat="-35.048278067254955" lon="116.9284720472053"><ele>0.0</ele></trkpt><trkpt lat="-35.05103444931547" lon="116.92838860663262"><ele>4.266602286603302</ele></trkpt><trkpt lat="-35.05313041715482" lon="116.92629879908618"><ele>3.8979284266242757</ele></trkpt><trkpt lat="-35.05380698710152" lon="116.92395438991598"><ele>22.9981542592598</ele></trkpt><trkpt lat="-35.05655332619442" lon="116.92424150422754"><ele>26.088220768837346</ele></trkpt><trkpt lat="-35.05906061872415" lon="116.92576237603528"><ele>19.565504369093105</ele></trkpt><trkpt lat="-35.06158234730566" lon="116.92471330312912"><ele>24.92719265841879</ele></trkpt><trkpt lat="-35.062581123548924" lon="116.92197874081323"><ele>44.969441242669006</ele></trkpt><trkpt lat="-35.060468321006034" lon="116.92034914254128"><ele>27.710114988809615</ele></trkpt><trkpt lat="-35.0591463984787" lon="116.91774873628995"><ele>31.41760133090429</ele></trkpt><trkpt lat="-35.057898014660836" lon="116.91490526642347"><ele>19.241641101016953</ele></trkpt><trkpt lat="-35.05829717770166" lon="116.91167424206779"><ele>7.940689187274059</ele></trkpt><trkpt lat="-35.05779885486697" lon="116.90810979347083"><ele>9.675671039498411</ele></trkpt><trkpt lat="-35.05615612128401" lon="116.90629577745274"><ele>2.399501687847078</ele></trkpt><trkpt lat="-35.053998253153736" lon="116.9042558297914"><ele>20.888974355068058</ele></trkpt><trkpt lat="-35.052168030357954" lon="116.90543252570075"><ele>19.001149851192753</ele></trkpt><trkpt lat="-35.05012295930895" lon="116.90730569849802"><ele>19.274103978262794</ele></trkpt><trkpt lat="-35.04857544740101" lon="116.9074688586718"><ele>20.0</ele></trkpt><trkpt lat="-35.04731091005893" lon="116.90422889937105"><ele>22.0</ele></trkpt><trkpt lat="-35.04658765970089" lon="116.90098763623185"><ele>22.484130402682222</ele></trkpt><trkpt lat="-35.044746382039826" lon="116.9006646485568"><ele>25.0</ele></trkpt><trkpt lat="-35.04471805618512" lon="116.89700438703926"><ele>22.312010525465084</ele></trkpt><trkpt lat="-35.04424479476135" lon="116.89413929688453"><ele>29.936499956531595</ele></trkpt><trkpt lat="-35.04261725665538" lon="116.89216619973274"><ele>28.88094550766982</ele></trkpt><trkpt lat="-35.04305544867339" lon="116.88951119374563"><ele>51.33509771246463</ele></trkpt><trkpt lat="-35.042270448899195" lon="116.88667037721548"><ele>37.58408686627912</ele></trkpt><trkpt lat="-35.04311766015786" lon="116.88332584271382"><ele>41.74093350691412</ele></trkpt><trkpt lat="-35.04387122760235" lon="116.87988891613465"><ele>35.41823806439061</ele></trkpt><trkpt lat="-35.0441782221269" lon="116.87643808229066"><ele>41.53985269857184</ele></trkpt><trkpt lat="-35.044975194685314" lon="116.87295356956864"><ele>50.45520165737627</ele></trkpt><trkpt lat="-35.04570112799567" lon="116.869465097253"><ele>65.0418464760296</ele></trkpt><trkpt lat="-35.04542961348315" lon="116.86658409480006"><ele>71.09198964471004</ele></trkpt><trkpt lat="-35.04499379362594" lon="116.86305377090333"><ele>86.96754034949421</ele></trkpt><trkpt lat="-35.04590362485543" lon="116.86008065068853"><ele>100.67740140052047</ele></trkpt><trkpt lat="-35.04618925115927" lon="116.85725762613947"><ele>104.39919615007713</ele></trkpt><trkpt lat="-35.046121623091786" lon="116.85426235541743"><ele>127.39758960634936</ele></trkpt><trkpt lat="-35.0450422053744" lon="116.85182126499542"><ele>130.88556811307126</ele></trkpt><trkpt lat="-35.04304587995908" lon="116.85044167443698"><ele>141.37666726426687</ele></trkpt><trkpt lat="-35.04107246177858" lon="116.85013474885609"><ele>98.34096191523943</ele></trkpt><trkpt lat="-35.03951464460689" lon="116.85085170781326"><ele>59.261295709293336</ele></trkpt><trkpt lat="-35.03905336040167" lon="116.84863134815622"><ele>33.04268463644099</ele></trkpt><trkpt lat="-35.03893997725529" lon="116.84562907054855"><ele>10.327160097826548</ele></trkpt><trkpt lat="-35.039420307342965" lon="116.84240066410663"><ele>6.446463388390839</ele></trkpt><trkpt lat="-35.038119342070665" lon="116.84340806704971"><ele>31.96377911758723</ele></trkpt><trkpt lat="-35.036586584647466" lon="116.84618921737416"><ele>35.472532312707905</ele></trkpt><trkpt lat="-35.03498376526349" lon="116.8490417028603"><ele>39.43191560827776</ele></trkpt><trkpt lat="-35.03354258588817" lon="116.85205444292168"><ele>37.60680336403148</ele></trkpt><trkpt lat="-35.03368778876513" lon="116.8549842225558"><ele>38.0</ele></trkpt><trkpt lat="-35.03286875541287" lon="116.8579688132078"><ele>46.96690898618261</ele></trkpt><trkpt lat="-35.033313317946195" lon="116.860770909687"><ele>45.77741425903514</ele></trkpt><trkpt lat="-35.032965116232106" lon="116.86302813729051"><ele>47.34167841542512</ele></trkpt><trkpt lat="-35.03171954545495" lon="116.86597713977378"><ele>57.155486039786254</ele></trkpt><trkpt lat="-35.030666132605724" lon="116.86887982365725"><ele>63.5296178618446</ele></trkpt><trkpt lat="-35.029732900239466" lon="116.87196215428837"><ele>51.34886153333355</ele></trkpt><trkpt lat="-35.028130981403635" lon="116.87450627849967"><ele>53.8460860226769</ele></trkpt><trkpt lat="-35.0269530685915" lon="116.8778411837701"><ele>68.40914174587768</ele></trkpt><trkpt lat="-35.02573072145222" lon="116.88043146649065"><ele>88.98720994234029</ele></trkpt><trkpt lat="-35.02390970304744" lon="116.88290619891781"><ele>79.43862305917281</ele></trkpt><trkpt lat="-35.022246954542105" lon="116.8820263253546"><ele>80.06515395909082</ele></trkpt><trkpt lat="-35.02004526964975" lon="116.88123130968883"><ele>84.66636696946807</ele></trkpt><trkpt lat="-35.01858070021667" lon="116.8828350653316"><ele>80.63521408243105</ele></trkpt><trkpt lat="-35.018047761787216" lon="116.88507053570976"><ele>78.10608143440913</ele></trkpt><trkpt lat="-35.01656300138021" lon="116.88670969999698"><ele>69.12278830248397</ele></trkpt><trkpt lat="-35.01706029403417" lon="116.89025150981655"><ele>59.97529554274744</ele></trkpt><trkpt lat="-35.01488218760403" lon="116.89087780406261"><ele>74.80040161013345</ele></trkpt><trkpt lat="-35.01240844439694" lon="116.89109459587051"><ele>106.12939658144023</ele></trkpt><trkpt lat="-35.00967738725611" lon="116.89026027595067"><ele>131.38022713758983</ele></trkpt><trkpt lat="-35.00698047216103" lon="116.89146519079503"><ele>132.7221788545139</ele></trkpt><trkpt lat="-35.004310571220906" lon="116.89098208959247"><ele>111.97179096820764</ele></trkpt><trkpt lat="-35.001933920103994" lon="116.8909402604458"><ele>113.63177479183645</ele></trkpt><trkpt lat="-34.99904154206682" lon="116.89156280227574"><ele>75.50951447485666</ele></trkpt><trkpt lat="-34.998343967234206" lon="116.8951184205682"><ele>59.07948352373205</ele></trkpt><trkpt lat="-34.9973868523172" lon="116.89863190284555"><ele>59.61196578782983</ele></trkpt><trkpt lat="-34.995846165976275" lon="116.9018319745584"><ele>63.952269610981794</ele></trkpt><trkpt lat="-34.99461066183973" lon="116.90517607706525"><ele>63.96936627849935</ele></trkpt><trkpt lat="-34.992560635162235" lon="116.90636642908484"><ele>108.96883964003064</ele></trkpt><trkpt lat="-34.98975790453148" lon="116.90660044694823"><ele>171.2071675150909</ele></trkpt><trkpt lat="-34.98787207775669" lon="116.90455497780823"><ele>217.40989651251584</ele></trkpt><trkpt lat="-34.98611473721343" lon="116.90746327290725"><ele>232.25917769230858</ele></trkpt><trkpt lat="-34.983273081782976" lon="116.90733644859353"><ele>208.12246035700923</ele></trkpt><trkpt lat="-34.98037747459873" lon="116.90665145065798"><ele>213.44181269493694</ele></trkpt><trkpt lat="-34.977641239385775" lon="116.90558857434742"><ele>206.4881473693531</ele></trkpt><trkpt lat="-34.97471773463115" lon="116.90509300519847"><ele>142.90999352695871</ele></trkpt><trkpt lat="-34.97411583870317" lon="116.90284685061513"><ele>141.29888293768232</ele></trkpt><trkpt lat="-34.97683460341001" lon="116.9018248040922"><ele>214.244577040663</ele></trkpt><trkpt lat="-34.97923313291968" lon="116.90098010301945"><ele>201.69441038646062</ele></trkpt><trkpt lat="-34.979646374806116" lon="116.89900790049245"><ele>188.82702498999424</ele></trkpt><trkpt lat="-34.978962669058525" lon="116.89565188343512"><ele>172.00800860590368</ele></trkpt><trkpt lat="-34.97928848004304" lon="116.89293704397016"><ele>184.85942644262965</ele></trkpt><trkpt lat="-34.981745124077655" lon="116.89110464259475"><ele>179.30898221838189</ele></trkpt><trkpt lat="-34.98120289640409" lon="116.88852121674796"><ele>143.13966392915063</ele></trkpt><trkpt lat="-34.98116158008096" lon="116.88495417427195"><ele>139.39841029726526</ele></trkpt><trkpt lat="-34.98056275072125" lon="116.88136032331239"><ele>149.33854795256144</ele></trkpt><trkpt lat="-34.97928635682933" lon="116.87804212743623"><ele>165.6768110351091</ele></trkpt><trkpt lat="-34.98054537830504" lon="116.87539729393761"><ele>158.02949387531783</ele></trkpt><trkpt lat="-34.98229424334127" lon="116.87264069962328"><ele>119.49925130512565</ele></trkpt><trkpt lat="-34.98426445340727" lon="116.86991842643474"><ele>107.78185573197048</ele></trkpt><trkpt lat="-34.98361534975987" lon="116.86728254491771"><ele>115.40069297230079</ele></trkpt><trkpt lat="-34.98292195560623" lon="116.86431309792138"><ele>118.93301073368639</ele></trkpt><trkpt lat="-34.982422613765465" lon="116.86103965218035"><ele>110.38997563330373</ele></trkpt><trkpt lat="-34.98362509877632" lon="116.8580500725663"><ele>140.29803016991355</ele></trkpt><trkpt lat="-34.984253324586845" lon="116.85509632988051"><ele>155.78759670024738</ele></trkpt><trkpt lat="-34.982267804827636" lon="116.85277516690242"><ele>133.79836190806236</ele></trkpt><trkpt lat="-34.97944761751353" lon="116.85331351465817"><ele>104.2211799496979</ele></trkpt><trkpt lat="-34.97677921755546" lon="116.85227873286412"><ele>103.94185764831491</ele></trkpt><trkpt lat="-34.97484524377676" lon="116.84985810199663"><ele>119.27962669101544</ele></trkpt><trkpt lat="-34.97313486200838" lon="116.84690550181853"><ele>95.70021171460394</ele></trkpt><trkpt lat="-34.97156935526307" lon="116.84377611579964"><ele>104.9813573884312</ele></trkpt><trkpt lat="-34.97074127853451" lon="116.84029366315843"><ele>98.48841654183343</ele></trkpt><trkpt lat="-34.97006204339245" lon="116.83712711270066"><ele>113.07006038435847</ele></trkpt><trkpt lat="-34.97009158521481" lon="116.83349863821694"><ele>101.88897425471805</ele></trkpt><trkpt lat="-34.96779707437318" lon="116.83134138674019"><ele>96.75465607558631</ele></trkpt><trkpt lat="-34.96545131063079" lon="116.8306216691649"><ele>96.20217347401194</ele></trkpt><trkpt lat="-34.96290194122268" lon="116.83095292903799"><ele>83.70480370163017</ele></trkpt><trkpt lat="-34.96073330349605" lon="116.83052657040334"><ele>66.02476339824504</ele></trkpt><trkpt lat="-34.95941890505872" lon="116.82739221783217"><ele>54.38117458950728</ele></trkpt><trkpt lat="-34.95887843050959" lon="116.82409149223139"><ele>23.934993528131432</ele></trkpt><trkpt lat="-34.9574521756942" lon="116.82302414400638"><ele>47.15714712069152</ele></trkpt><trkpt lat="-34.95496712184415" lon="116.82171370353933"><ele>63.393155511103245</ele></trkpt><trkpt lat="-34.95355420845729" lon="116.82428517576886"><ele>63.86391341748956</ele></trkpt><trkpt lat="-34.95167129636795" lon="116.82282514908762"><ele>43.671771074365054</ele></trkpt><trkpt lat="-34.949374387146904" lon="116.82112081066853"><ele>78.0540229978482</ele></trkpt><trkpt lat="-34.94861944699761" lon="116.81811476648437"><ele>93.64817176654469</ele></trkpt><trkpt lat="-34.94874379428751" lon="116.81472979461705"><ele>71.50680668533944</ele></trkpt><trkpt lat="-34.9501760730816" lon="116.81264593983741"><ele>50.551201890869486</ele></trkpt><trkpt lat="-34.95111850893688" lon="116.80983852734164"><ele>49.58378220223352</ele></trkpt><trkpt lat="-34.952735696430295" lon="116.80751066859318"><ele>72.4978372183085</ele></trkpt><trkpt lat="-34.95478982168562" lon="116.80987306552998"><ele>66.10209150100127</ele></trkpt><trkpt lat="-34.95653654320829" lon="116.81020511596347"><ele>81.19513955918399</ele></trkpt><trkpt lat="-34.95908182295101" lon="116.81019638209685"><ele>39.02635227865301</ele></trkpt><trkpt lat="-34.96165078442696" lon="116.81072696120168"><ele>49.926578635466285</ele></trkpt><trkpt lat="-34.964040794142356" lon="116.80915062874624"><ele>81.68364489398726</ele></trkpt><trkpt lat="-34.96557679974858" lon="116.80664249698539"><ele>96.44218291706578</ele></trkpt><trkpt lat="-34.96645541493584" lon="116.8031576614434"><ele>112.26306031190393</ele></trkpt><trkpt lat="-34.9674513833739" lon="116.79968855708408"><ele>132.84955339346402</ele></trkpt><trkpt lat="-34.968214722148794" lon="116.7961758642826"><ele>149.5053830408871</ele></trkpt><trkpt lat="-34.96940092454537" lon="116.79328031988496"><ele>167.93183233435263</ele></trkpt><trkpt lat="-34.97162100774154" lon="116.7908608932792"><ele>172.99208267289214</ele></trkpt><trkpt lat="-34.97413140391107" lon="116.78942976594537"><ele>171.7257582489401</ele></trkpt><trkpt lat="-34.976021746806694" lon="116.79192940000738"><ele>202.04450184346547</ele></trkpt><trkpt lat="-34.976792255309604" lon="116.79476269421909"><ele>199.4131712742713</ele></trkpt><trkpt lat="-34.97572535088479" lon="116.7965916235147"><ele>207.4756745308905</ele></trkpt><trkpt lat="-34.97575001350847" lon="116.79895421785952"><ele>224.57135385856964</ele></trkpt><trkpt lat="-34.977102784229416" lon="116.80166524702257"><ele>232.15936028796102</ele></trkpt><trkpt lat="-34.978343079170685" lon="116.80091627133064"><ele>215.3817780453549</ele></trkpt><trkpt lat="-34.97955612253035" lon="116.79779707056728"><ele>207.00397875629136</ele></trkpt><trkpt lat="-34.98193201733711" lon="116.79869612480147"><ele>206.7920565593522</ele></trkpt><trkpt lat="-34.98198675763322" lon="116.79527440648074"><ele>227.30227658273188</ele></trkpt><trkpt lat="-34.981903194005184" lon="116.79323826401057"><ele>224.31035200785846</ele></trkpt><trkpt lat="-34.983541468321846" lon="116.79049713430504"><ele>207.16560161696276</ele></trkpt><trkpt lat="-34.984102588138995" lon="116.78831406129729"><ele>205.831253480197</ele></trkpt><trkpt lat="-34.982334097155196" lon="116.78682723415167"><ele>212.43959790834657</ele></trkpt><trkpt lat="-34.98212723821392" lon="116.78360036296456"><ele>225.7956304855078</ele></trkpt><trkpt lat="-34.98318429795626" lon="116.78029029034457"><ele>224.1338513630908</ele></trkpt><trkpt lat="-34.98343880600385" lon="116.77689950887851"><ele>217.8680310419295</ele></trkpt><trkpt lat="-34.981873294100836" lon="116.77493917054056"><ele>217.6811810086947</ele></trkpt><trkpt lat="-34.98154750687673" lon="116.77251500328133"><ele>207.70384489302523</ele></trkpt><trkpt lat="-34.98190020942572" lon="116.7692470200904"><ele>180.14288409190715</ele></trkpt><trkpt lat="-34.98305686550038" lon="116.76612499438104"><ele>159.38970618537866</ele></trkpt><trkpt lat="-34.985464341993676" lon="116.76411318945536"><ele>150.08952936494813</ele></trkpt><trkpt lat="-34.98783148897328" lon="116.76215572491161"><ele>125.16815945249982</ele></trkpt><trkpt lat="-34.99011916415405" lon="116.7607135426637"><ele>79.60260793125016</ele></trkpt><trkpt lat="-34.990321199657515" lon="116.75848629156309"><ele>76.38546574676684</ele></trkpt><trkpt lat="-34.98922096940608" lon="116.75503565486937"><ele>75.46682028539563</ele></trkpt><trkpt lat="-34.98917714451092" lon="116.75165826943986"><ele>57.704360735665475</ele></trkpt><trkpt lat="-34.9901876122446" lon="116.74854088901338"><ele>16.63600113557186</ele></trkpt><trkpt lat="-34.990700154063504" lon="116.74524070060612"><ele>14.154898542561568</ele></trkpt><trkpt lat="-34.99027395341223" lon="116.74170955650581"><ele>9.772946162731387</ele></trkpt><trkpt lat="-34.99000013042261" lon="116.73834336206713"><ele>11.969121882575564</ele></trkpt><trkpt lat="-34.98889104475056" lon="116.73533490431807"><ele>3.2421774175056957</ele></trkpt><trkpt lat="-34.98693866464949" lon="116.73698731195022"><ele>6.740042308345437</ele></trkpt><trkpt lat="-34.985484897734125" lon="116.73982310818995"><ele>7.0</ele></trkpt><trkpt lat="-34.98294890436323" lon="116.73914814519264"><ele>3.0</ele></trkpt><trkpt lat="-34.98008050970259" lon="116.73928577781456"><ele>10.499884669086896</ele></trkpt><trkpt lat="-34.980197653309986" lon="116.7360930801585"><ele>9.843752478854707</ele></trkpt><trkpt lat="-34.98128966451188" lon="116.73387186565732"><ele>2.494228110415861</ele></trkpt><trkpt lat="-34.98014749711788" lon="116.73120797321195"><ele>10.06912964052954</ele></trkpt><trkpt lat="-34.97852730427837" lon="116.73392582983043"><ele>19.05122723702555</ele></trkpt><trkpt lat="-34.97582616419889" lon="116.73291109721077"><ele>13.001426363653772</ele></trkpt><trkpt lat="-34.97537185971415" lon="116.72962186139864"><ele>8.213880688883364</ele></trkpt><trkpt lat="-34.97402722917484" lon="116.72674273676077"><ele>8.856319696213356</ele></trkpt><trkpt lat="-34.97372585215675" lon="116.72381451620839"><ele>11.679404472538124</ele></trkpt><trkpt lat="-34.97606292777672" lon="116.72190406168437"><ele>10.18963520869147</ele></trkpt><trkpt lat="-34.978643729632054" lon="116.72163757220744"><ele>10.108692293288186</ele></trkpt><trkpt lat="-34.978350367757706" lon="116.71800108816281"><ele>5.800712865428068</ele></trkpt><trkpt lat="-34.98034855160446" lon="116.71535265988732"><ele>9.303217431064695</ele></trkpt><trkpt lat="-34.98225297106421" lon="116.71287375617604"><ele>21.08576035092119</ele></trkpt><trkpt lat="-34.98130281906292" lon="116.71057720189913"><ele>31.21999934921041</ele></trkpt><trkpt lat="-34.98305530718741" lon="116.70791188722387"><ele>38.495520665083546</ele></trkpt><trkpt lat="-34.98381012565681" lon="116.70576817237554"><ele>45.86002597561022</ele></trkpt><trkpt lat="-34.98283946130303" lon="116.70268888664431"><ele>52.83070302940905</ele></trkpt><trkpt lat="-34.98398100156542" lon="116.69959409256778"><ele>56.46500186356754</ele></trkpt><trkpt lat="-34.98308475034776" lon="116.69607935654847"><ele>65.5519947494613</ele></trkpt><trkpt lat="-34.98422071833687" lon="116.69267766328437"><ele>76.12619446916506</ele></trkpt><trkpt lat="-34.98516621657385" lon="116.68915664119872"><ele>91.87891472084114</ele></trkpt><trkpt lat="-34.9848915116388" lon="116.68553443878906"><ele>118.58726456994191</ele></trkpt><trkpt lat="-34.98578546985185" lon="116.68217644920628"><ele>124.05093524025813</ele></trkpt><trkpt lat="-34.98522722214389" lon="116.67869721850911"><ele>146.8949567682481</ele></trkpt><trkpt lat="-34.9871976763228" lon="116.67619588816433"><ele>177.918572748667</ele></trkpt><trkpt lat="-34.987468138079706" lon="116.67267618934437"><ele>193.59610258205794</ele></trkpt><trkpt lat="-34.986861815934674" lon="116.66910627142596"><ele>189.06633731287667</ele></trkpt><trkpt lat="-34.98638712049049" lon="116.66564272566592"><ele>184.21286116098054</ele></trkpt><trkpt lat="-34.9874624713122" lon="116.66227149977685"><ele>183.98889901580415</ele></trkpt><trkpt lat="-34.98886090002336" lon="116.65929438707147"><ele>146.5408827877466</ele></trkpt><trkpt lat="-34.990770454893266" lon="116.65666855451789"><ele>114.71441561129542</ele></trkpt><trkpt lat="-34.9927165027865" lon="116.65382568409592"><ele>124.78358719755312</ele></trkpt><trkpt lat="-34.99480234135284" lon="116.6518815036543"><ele>162.72357944623542</ele></trkpt><trkpt lat="-34.99664191593759" lon="116.64975089681506"><ele>180.75438927275366</ele></trkpt><trkpt lat="-34.99713092760016" lon="116.64623269518144"><ele>206.62558876676485</ele></trkpt><trkpt lat="-34.998580564815754" lon="116.6452060614933"><ele>202.95690429608695</ele></trkpt><trkpt lat="-34.99938541569404" lon="116.64207449389961"><ele>156.89534230879508</ele></trkpt><trkpt lat="-35.00161142916556" lon="116.64238198491833"><ele>98.39466115214519</ele></trkpt><trkpt lat="-35.004349319565556" lon="116.64344269181936"><ele>58.72614564742812</ele></trkpt><trkpt lat="-35.00714171487442" lon="116.64387645456348"><ele>29.53835698224206</ele></trkpt><trkpt lat="-35.009867720145294" lon="116.64421596339622"><ele>12.394244452769275</ele></trkpt><trkpt lat="-35.01233931219046" lon="116.64400564670495"><ele>17.0</ele></trkpt><trkpt lat="-35.01464932404313" lon="116.64292416191796"><ele>54.70221753405349</ele></trkpt><trkpt lat="-35.01577109653886" lon="116.63984635342919"><ele>48.28172428728485</ele></trkpt><trkpt lat="-35.01760484470772" lon="116.63769529503887"><ele>39.791165353927596</ele></trkpt><trkpt lat="-35.019013677422265" lon="116.6353095464615"><ele>41.575872275279835</ele></trkpt><trkpt lat="-35.021125264093214" lon="116.63272300802694"><ele>41.39317453070544</ele></trkpt><trkpt lat="-35.02341031603696" lon="116.63436581628937"><ele>43.574309740099125</ele></trkpt><trkpt lat="-35.02424387085415" lon="116.63785006619801"><ele>47.77627214649692</ele></trkpt><trkpt lat="-35.026465840089486" lon="116.63770106527605"><ele>61.0</ele></trkpt><trkpt lat="-35.02815179096265" lon="116.63486457483727"><ele>50.20954841666389</ele></trkpt><trkpt lat="-35.03000915008139" lon="116.63320480938299"><ele>70.67370884912089</ele></trkpt><trkpt lat="-35.03150799576815" lon="116.63051355301918"><ele>92.62482436365589</ele></trkpt><trkpt lat="-35.033368080586065" lon="116.62855569163241"><ele>107.93356893510213</ele></trkpt><trkpt lat="-35.03502548699384" lon="116.62575063171391"><ele>127.53951822465751</ele></trkpt><trkpt lat="-35.03514220455897" lon="116.623032087194"><ele>139.20658424147405</ele></trkpt><trkpt lat="-35.03398779252791" lon="116.6198623341013"><ele>142.9545884047482</ele></trkpt><trkpt lat="-35.03272182048372" lon="116.6169455521049"><ele>144.44344956579152</ele></trkpt><trkpt lat="-35.031903810325915" lon="116.61359867461087"><ele>125.94913238217123</ele></trkpt><trkpt lat="-35.030206573389364" lon="116.6108101278805"><ele>110.98169768322259</ele></trkpt><trkpt lat="-35.028591974734" lon="116.6092798329382"><ele>114.59783504464068</ele></trkpt><trkpt lat="-35.0265006696507" lon="116.6101796223382"><ele>90.78989935456775</ele></trkpt><trkpt lat="-35.02437233789318" lon="116.60917607614057"><ele>46.19693710587326</ele></trkpt><trkpt lat="-35.02300588381398" lon="116.60752249013612"><ele>48.0</ele></trkpt><trkpt lat="-35.02342032904565" lon="116.60405225599929"><ele>50.28096309362445</ele></trkpt><trkpt lat="-35.02384717543997" lon="116.60063557644251"><ele>60.86148647313362</ele></trkpt><trkpt lat="-35.02411545790903" lon="116.5971374688416"><ele>67.32780323247425</ele></trkpt><trkpt lat="-35.02357835809705" lon="116.5941035846113"><ele>70.99152514993631</ele></trkpt><trkpt lat="-35.02124541372706" lon="116.59292288304418"><ele>62.1248923755421</ele></trkpt><trkpt lat="-35.01947161614019" lon="116.5933626185568"><ele>58.78073698615093</ele></trkpt><trkpt lat="-35.01909053017813" lon="116.59045637058647"><ele>66.0</ele></trkpt><trkpt lat="-35.01917425993982" lon="116.58733287012103"><ele>69.48591457381039</ele></trkpt><trkpt lat="-35.019735043917606" lon="116.58440482721466"><ele>76.3346351163937</ele></trkpt><trkpt lat="-35.018842373990495" lon="116.58339339477794"><ele>87.00937598501332</ele></trkpt><trkpt lat="-35.01896945997386" lon="116.5798611022494"><ele>120.28965575015172</ele></trkpt><trkpt lat="-35.01865698752519" lon="116.5767187189952"><ele>137.68909385060647</ele></trkpt><trkpt lat="-35.01842213897851" lon="116.5733108761037"><ele>109.85067729419097</ele></trkpt><trkpt lat="-35.01685448744279" lon="116.5721021489225"><ele>111.6861809118418</ele></trkpt><trkpt lat="-35.015688866212045" lon="116.56910428354028"><ele>106.99501643072281</ele></trkpt><trkpt lat="-35.01644240499163" lon="116.56594224766756"><ele>102.18867355746877</ele></trkpt><trkpt lat="-35.0140223226074" lon="116.56517523541052"><ele>112.53340470192595</ele></trkpt><trkpt lat="-35.01220582495807" lon="116.56333097538156"><ele>107.76887699271695</ele></trkpt><trkpt lat="-35.01330489307997" lon="116.56037202064522"><ele>112.17045640060678</ele></trkpt><trkpt lat="-35.010680055926926" lon="116.56075550930832"><ele>114.97516277813197</ele></trkpt><trkpt lat="-35.00881935824163" lon="116.55824118194039"><ele>79.91247157333754</ele></trkpt><trkpt lat="-35.006747042705506" lon="116.5560992584468"><ele>43.88460657920223</ele></trkpt><trkpt lat="-35.005818765516295" lon="116.55321987584686"><ele>44.30552577355411</ele></trkpt><trkpt lat="-35.00481585672671" lon="116.55072098741996"><ele>58.440026538679376</ele></trkpt><trkpt lat="-35.00577988091145" lon="116.54739358697165"><ele>36.6062641081541</ele></trkpt><trkpt lat="-35.006271873106414" lon="116.54391316676586"><ele>13.255227200072305</ele></trkpt><trkpt lat="-35.00696837636751" lon="116.54093096289944"><ele>1.9302396714920178</ele></trkpt><trkpt lat="-35.005726939202205" lon="116.537547011333"><ele>0.0</ele></trkpt><trkpt lat="-35.00466489843977" lon="116.53406612120179"><ele>0.0</ele></trkpt><trkpt lat="-35.00254418128536" lon="116.53348427517795"><ele>39.55068198218942</ele></trkpt><trkpt lat="-35.00061756973736" lon="116.53248888172624"><ele>50.89111852219429</ele></trkpt><trkpt lat="-34.99809897963612" lon="116.53102816490501"><ele>31.378121258341707</ele></trkpt><trkpt lat="-34.996088377319644" lon="116.532391335618"><ele>36.7142602044938</ele></trkpt><trkpt lat="-34.99472792216376" lon="116.53532482282719"><ele>48.62045855843462</ele></trkpt><trkpt lat="-34.99359001028311" lon="116.53870625168527"><ele>48.22699540061876</ele></trkpt><trkpt lat="-34.99299529542067" lon="116.54197340169978"><ele>47.328863376169465</ele></trkpt><trkpt lat="-34.99190847715429" lon="116.54518209657824"><ele>46.358496650703984</ele></trkpt><trkpt lat="-34.99004858616392" lon="116.54713807011086"><ele>44.576100050937384</ele></trkpt><trkpt lat="-34.98709390842816" lon="116.5475473105898"><ele>40.0</ele></trkpt><trkpt lat="-34.98438009161403" lon="116.54828809289944"><ele>38.94068188885762</ele></trkpt><trkpt lat="-34.98212976923516" lon="116.54686863945986"><ele>44.27329902924071</ele></trkpt><trkpt lat="-34.98103018033562" lon="116.54467914249435"><ele>56.896804399541544</ele></trkpt><trkpt lat="-34.978942513364025" lon="116.54619632750385"><ele>56.62683711570876</ele></trkpt><trkpt lat="-34.97722260963291" lon="116.54712667286141"><ele>39.86509703151636</ele></trkpt><trkpt lat="-34.97472411797209" lon="116.54906982829773"><ele>42.29199784807861</ele></trkpt><trkpt lat="-34.97236475345205" lon="116.5505813873101"><ele>21.354761787573807</ele></trkpt><trkpt lat="-34.970813797273784" lon="116.55333911663135"><ele>27.258783786893908</ele></trkpt><trkpt lat="-34.968368982602826" lon="116.55487253212709"><ele>42.04681770429374</ele></trkpt><trkpt lat="-34.96550075804045" lon="116.55580326033744"><ele>30.460248410452138</ele></trkpt><trkpt lat="-34.965327503899445" lon="116.55853562715393"><ele>31.183632103027776</ele></trkpt><trkpt lat="-34.96232023394577" lon="116.55903447964998"><ele>30.77983572002102</ele></trkpt><trkpt lat="-34.95959091901113" lon="116.5576735327161"><ele>40.17269299812499</ele></trkpt><trkpt lat="-34.95683882073959" lon="116.55626320014858"><ele>26.62687914808864</ele></trkpt><trkpt lat="-34.95415418826753" lon="116.55729887469658"><ele>35.24835038604215</ele></trkpt><trkpt lat="-34.952197405905295" lon="116.56001396408277"><ele>26.204431099817157</ele></trkpt><trkpt lat="-34.950597775104924" lon="116.56314433452161"><ele>20.0</ele></trkpt><trkpt lat="-34.94902825162875" lon="116.56203974878545"><ele>17.30927134927753</ele></trkpt><trkpt lat="-34.94676491481829" lon="116.5608425420642"><ele>19.57605959650121</ele></trkpt><trkpt lat="-34.94442072567034" lon="116.55912602664735"><ele>13.0</ele></trkpt><trkpt lat="-34.94338995371461" lon="116.56177598943279"><ele>12.041843750699092</ele></trkpt><trkpt lat="-34.943835184803795" lon="116.56510416545808"><ele>26.607195317835508</ele></trkpt><trkpt lat="-34.94526777455558" lon="116.56735554605342"><ele>35.30672611971386</ele></trkpt><trkpt lat="-34.945180767316515" lon="116.5703965805661"><ele>14.0</ele></trkpt><trkpt lat="-34.9439677268985" lon="116.57370938501296"><ele>18.972900045104325</ele></trkpt><trkpt lat="-34.94137538351973" lon="116.57399426153654"><ele>12.620484084938653</ele></trkpt><trkpt lat="-34.93917868538469" lon="116.57203796712312"><ele>14.194128519201458</ele></trkpt><trkpt lat="-34.93754998927094" lon="116.56947581583793"><ele>20.914850378176197</ele></trkpt><trkpt lat="-34.93659922496229" lon="116.5664696002197"><ele>16.56097877630964</ele></trkpt><trkpt lat="-34.93549488280962" lon="116.56314024674"><ele>17.587161840578865</ele></trkpt><trkpt lat="-34.933251289580866" lon="116.56478818865708"><ele>19.0</ele></trkpt><trkpt lat="-34.93217502834936" lon="116.56799501229241"><ele>20.28995782241691</ele></trkpt><trkpt lat="-34.932921814785004" lon="116.57141712272187"><ele>20.692164978245273</ele></trkpt><trkpt lat="-34.93027205214848" lon="116.57144614555344"><ele>19.607147112023085</ele></trkpt><trkpt lat="-34.927511234206946" lon="116.5726383632733"><ele>19.0</ele></trkpt><trkpt lat="-34.92473575067305" lon="116.57199334111186"><ele>18.0</ele></trkpt><trkpt lat="-34.92250419712609" lon="116.56970072951862"><ele>17.0</ele></trkpt><trkpt lat="-34.920933365089795" lon="116.56662942819766"><ele>16.666559434263036</ele></trkpt><trkpt lat="-34.91940413484823" lon="116.5638250821806"><ele>18.266129007562995</ele></trkpt><trkpt lat="-34.91899030879777" lon="116.56029011902413"><ele>24.67696502234321</ele></trkpt><trkpt lat="-34.91747120267646" lon="116.55710504417095"><ele>54.019002666696906</ele></trkpt><trkpt lat="-34.91591496845103" lon="116.5539159986539"><ele>36.907561355897755</ele></trkpt><trkpt lat="-34.91433358917689" lon="116.55074426872454"><ele>52.08508306898983</ele></trkpt><trkpt lat="-34.91314649078056" lon="116.5473485469396"><ele>48.760157718409836</ele></trkpt><trkpt lat="-34.912048778538185" lon="116.54389330743884"><ele>40.10402285880568</ele></trkpt><trkpt lat="-34.910847460321236" lon="116.54049004807202"><ele>44.5567389276938</ele></trkpt><trkpt lat="-34.90952552148901" lon="116.53714892275937"><ele>57.28465271392161</ele></trkpt><trkpt lat="-34.90852749918048" lon="116.53365148054513"><ele>45.995905925343116</ele></trkpt><trkpt lat="-34.90631290150818" lon="116.5317219792411"><ele>40.978285372934394</ele></trkpt><trkpt lat="-34.9036604900226" lon="116.5312608542029"><ele>45.0</ele></trkpt><trkpt lat="-34.90072867213955" lon="116.53144393159329"><ele>49.0</ele></trkpt><trkpt lat="-34.898872212236554" lon="116.53217932223932"><ele>48.0</ele></trkpt><trkpt lat="-34.8966165139606" lon="116.53006624600609"><ele>49.0</ele></trkpt><trkpt lat="-34.89406752324549" lon="116.52872429212978"><ele>76.1021014181897</ele></trkpt><trkpt lat="-34.891345433925636" lon="116.52814324217849"><ele>66.21702671783521</ele></trkpt><trkpt lat="-34.88842985165031" lon="116.52849979524913"><ele>68.12996723200195</ele></trkpt><trkpt lat="-34.88547859649443" lon="116.52892554198709"><ele>62.0</ele></trkpt><trkpt lat="-34.883576214966666" lon="116.53175425423048"><ele>62.9486481155036</ele></trkpt><trkpt lat="-34.881386772053304" lon="116.53139189802678"><ele>65.2436131586614</ele></trkpt><trkpt lat="-34.879425602261534" lon="116.52920215921853"><ele>75.09267509651298</ele></trkpt><trkpt lat="-34.87729981131961" lon="116.52701752283967"><ele>91.45725677434827</ele></trkpt><trkpt lat="-34.87463411905418" lon="116.52698444104861"><ele>103.39450001615678</ele></trkpt><trkpt lat="-34.87439537379883" lon="116.52962040458435"><ele>90.6754612425575</ele></trkpt><trkpt lat="-34.87303299839618" lon="116.5316697800409"><ele>85.05318917811383</ele></trkpt><trkpt lat="-34.87020826159611" lon="116.53217583854568"><ele>90.26595200411975</ele></trkpt><trkpt lat="-34.867222918896005" lon="116.53190663759304"><ele>92.80437887335876</ele></trkpt><trkpt lat="-34.864915465373585" lon="116.5296543302377"><ele>91.9032901277508</ele></trkpt><trkpt lat="-34.8646075452115" lon="116.52619091976763"><ele>100.36678066593595</ele></trkpt><trkpt lat="-34.86244319501945" lon="116.52423406299596"><ele>88.26185280139268</ele></trkpt><trkpt lat="-34.86318450714706" lon="116.52162856045406"><ele>85.18709057978919</ele></trkpt><trkpt lat="-34.86107079934553" lon="116.51935345070187"><ele>87.9520306281047</ele></trkpt><trkpt lat="-34.85963306024544" lon="116.51714442507249"><ele>81.84839590761908</ele></trkpt><trkpt lat="-34.85739086505775" lon="116.5151355501622"><ele>88.49393218732439</ele></trkpt><trkpt lat="-34.85575117239392" lon="116.51250213120937"><ele>88.99592718423914</ele></trkpt><trkpt lat="-34.85473553406767" lon="116.50922854867311"><ele>88.95611859289549</ele></trkpt><trkpt lat="-34.85298258791917" lon="116.50697593808255"><ele>71.61383564805146</ele></trkpt><trkpt lat="-34.85005397280145" lon="116.5068112920067"><ele>86.13245929335244</ele></trkpt><trkpt lat="-34.84833121246465" lon="116.5040187029104"><ele>85.70073041718828</ele></trkpt><trkpt lat="-34.84618456896978" lon="116.50522261076274"><ele>99.0</ele></trkpt><trkpt lat="-34.84341000091921" lon="116.50537145533826"><ele>104.42224796292146</ele></trkpt><trkpt lat="-34.84059014413361" lon="116.50593499463966"><ele>97.99397284792002</ele></trkpt><trkpt lat="-34.838159446904314" lon="116.50646731945669"><ele>83.04666465212787</ele></trkpt><trkpt lat="-34.83593015424448" lon="116.5089241322585"><ele>92.30399689264596</ele></trkpt><trkpt lat="-34.83332995953936" lon="116.50973497801326"><ele>90.77363319003007</ele></trkpt><trkpt lat="-34.830986122970636" lon="116.50868191749349"><ele>89.90496977069775</ele></trkpt><trkpt lat="-34.82825578700789" lon="116.50730957321588"><ele>78.92351555773487</ele></trkpt><trkpt lat="-34.825290610969134" lon="116.50685516755361"><ele>97.7296146422155</ele></trkpt><trkpt lat="-34.82255414238092" lon="116.5058042740921"><ele>106.18319987598807</ele></trkpt><trkpt lat="-34.81981874885422" lon="116.5044531254083"><ele>99.18393762119881</ele></trkpt><trkpt lat="-34.817465396883996" lon="116.50255998404404"><ele>106.54629299312364</ele></trkpt><trkpt lat="-34.81597693183063" lon="116.49941670167365"><ele>92.94510729052126</ele></trkpt><trkpt lat="-34.8145000465975" lon="116.49624559914244"><ele>108.16397966419805</ele></trkpt><trkpt lat="-34.81405808015383" lon="116.49272700219012"><ele>97.64518347568115</ele></trkpt><trkpt lat="-34.812935938995764" lon="116.48935137410017"><ele>79.87937819853326</ele></trkpt><trkpt lat="-34.81054288072874" lon="116.48800373242653"><ele>75.36629439727403</ele></trkpt><trkpt lat="-34.808617628941306" lon="116.48565033414197"><ele>84.92752422532067</ele></trkpt><trkpt lat="-34.805981131116745" lon="116.48390752561028"><ele>68.00041885626086</ele></trkpt><trkpt lat="-34.80309308389771" lon="116.48316376527951"><ele>74.34401727230852</ele></trkpt><trkpt lat="-34.80130459773457" lon="116.48053245794576"><ele>72.8230700296117</ele></trkpt><trkpt lat="-34.80131475574107" lon="116.47758363157054"><ele>76.83178741931071</ele></trkpt><trkpt lat="-34.80112739231517" lon="116.47393318096366"><ele>71.0</ele></trkpt><trkpt lat="-34.8010621619123" lon="116.47025833204808"><ele>70.06888452428393</ele></trkpt><trkpt lat="-34.79923487634626" lon="116.46756307713092"><ele>70.0</ele></trkpt><trkpt lat="-34.797531385684536" lon="116.46455364354156"><ele>72.34257167100441</ele></trkpt><trkpt lat="-34.7972521292908" lon="116.46115774651778"><ele>69.07417418179102</ele></trkpt><trkpt lat="-34.79749531404171" lon="116.45782341112118"><ele>70.00302983490273</ele></trkpt><trkpt lat="-34.7995656889868" lon="116.45541752519972"><ele>93.3333060878778</ele></trkpt><trkpt lat="-34.800817358148294" lon="116.45319004280663"><ele>91.76600529346615</ele></trkpt><trkpt lat="-34.8019765255303" lon="116.44985152864919"><ele>80.15552497458901</ele></trkpt><trkpt lat="-34.802884370984444" lon="116.44633968038357"><ele>73.33145736001046</ele></trkpt><trkpt lat="-34.80472527554339" lon="116.44342480418287"><ele>56.67999174876604</ele></trkpt><trkpt lat="-34.806809142880745" lon="116.44082529512751"><ele>56.53707397927831</ele></trkpt><trkpt lat="-34.8087112181972" lon="116.4393805427002"><ele>73.79774154815823</ele></trkpt><trkpt lat="-34.80599249297808" lon="116.43785860014671"><ele>55.795589233827386</ele></trkpt><trkpt lat="-34.802980620561115" lon="116.43764390918416"><ele>59.330526312900844</ele></trkpt><trkpt lat="-34.799975788158974" lon="116.4379798678922"><ele>48.583522555166425</ele></trkpt><trkpt lat="-34.79750612140239" lon="116.43583812588734"><ele>67.21858350072226</ele></trkpt><trkpt lat="-34.79529473538014" lon="116.43330913966255"><ele>67.62492255891615</ele></trkpt><trkpt lat="-34.79295528338301" lon="116.43096621634658"><ele>68.71903716773515</ele></trkpt><trkpt lat="-34.79104633765094" lon="116.42812215562076"><ele>66.02754354422656</ele></trkpt><trkpt lat="-34.789311559634655" lon="116.42507809774325"><ele>62.0</ele></trkpt><trkpt lat="-34.78752525656487" lon="116.42207695376506"><ele>57.897478855447844</ele></trkpt><trkpt lat="-34.78576667581692" lon="116.41905190177233"><ele>52.42575760995365</ele></trkpt><trkpt lat="-34.784230595606914" lon="116.41593146278474"><ele>51.385784732254436</ele></trkpt><trkpt lat="-34.78360866846709" lon="116.41231164693359"><ele>54.808063479743</ele></trkpt><trkpt lat="-34.78298339482519" lon="116.40868553888485"><ele>48.512804203201085</ele></trkpt><trkpt lat="-34.7822882314901" lon="116.40511453858386"><ele>33.00883628857887</ele></trkpt><trkpt lat="-34.78098450371138" lon="116.40179655776053"><ele>49.0</ele></trkpt><trkpt lat="-34.779203222791494" lon="116.39884020026955"><ele>56.15899611660279</ele></trkpt><trkpt lat="-34.777611906037954" lon="116.39569878506566"><ele>52.450453284264704</ele></trkpt><trkpt lat="-34.77630049747342" lon="116.39237093959711"><ele>44.25812132819556</ele></trkpt><trkpt lat="-34.77366509855953" lon="116.39063607402761"><ele>46.97767501421912</ele></trkpt><trkpt lat="-34.770692084611376" lon="116.38991276018018"><ele>51.1953750725253</ele></trkpt><trkpt lat="-34.76768282700111" lon="116.38942601306556"><ele>59.934348448187116</ele></trkpt><trkpt lat="-34.764730237614344" lon="116.38853798581573"><ele>67.7148765475722</ele></trkpt><trkpt lat="-34.761892056916345" lon="116.38729898728913"><ele>88.03300128288362</ele></trkpt><trkpt lat="-34.7596430555557" lon="116.38486192379966"><ele>102.0</ele></trkpt><trkpt lat="-34.75850293633313" lon="116.3814293317051"><ele>90.03049374852353</ele></trkpt><trkpt lat="-34.75975217514696" lon="116.37826977114777"><ele>103.66301852122103</ele></trkpt><trkpt lat="-34.761768488802716" lon="116.3756009588445"><ele>73.66414387302939</ele></trkpt><trkpt lat="-34.76451799064013" lon="116.3761315739009"><ele>61.06522652937565</ele></trkpt><trkpt lat="-34.76666874069957" lon="116.37375932953177"><ele>59.37599764857441</ele></trkpt><trkpt lat="-34.76653371027208" lon="116.37018770592745"><ele>73.27964249668966</ele></trkpt><trkpt lat="-34.76589314079158" lon="116.36661035296495"><ele>62.41232167230919</ele></trkpt><trkpt lat="-34.76575294285348" lon="116.36291016114407"><ele>99.11799473295846</ele></trkpt><trkpt lat="-34.76551895353847" lon="116.3592161623732"><ele>67.06842757850362</ele></trkpt><trkpt lat="-34.765267932389975" lon="116.35552337072355"><ele>67.90383417656494</ele></trkpt><trkpt lat="-34.76505577108347" lon="116.35182693150867"><ele>102.02333700276108</ele></trkpt><trkpt lat="-34.76496171504573" lon="116.34812744973436"><ele>67.0</ele></trkpt><trkpt lat="-34.765086578357796" lon="116.34442545903953"><ele>67.1047620776067</ele></trkpt><trkpt lat="-34.76523380863813" lon="116.34072444203711"><ele>94.07029089787719</ele></trkpt><trkpt lat="-34.765437372976656" lon="116.33702826141194"><ele>100.89038561310065</ele></trkpt><trkpt lat="-34.76566631940664" lon="116.33333895576773"><ele>80.57326333767145</ele></trkpt><trkpt lat="-34.76558605874122" lon="116.32963637999757"><ele>77.0</ele></trkpt><trkpt lat="-34.76543316689054" lon="116.32593562910296"><ele>68.60583879286423</ele></trkpt><trkpt lat="-34.76731268267948" lon="116.32384420134252"><ele>69.0</ele></trkpt><trkpt lat="-34.76930791036978" lon="116.32113138058307"><ele>74.3058964373306</ele></trkpt><trkpt lat="-34.77171073879505" lon="116.31895671463205"><ele>82.41178141068667</ele></trkpt><trkpt lat="-34.774324749006574" lon="116.31783053317989"><ele>76.72782144526943</ele></trkpt><trkpt lat="-34.77713907034112" lon="116.31742933135472"><ele>67.40964064642321</ele></trkpt><trkpt lat="-34.77963980313348" lon="116.31617149036394"><ele>70.72095827812906</ele></trkpt><trkpt lat="-34.78267889261272" lon="116.31596770697354"><ele>72.61458675940654</ele></trkpt><trkpt lat="-34.78539195106622" lon="116.31452555392283"><ele>66.05581569729839</ele></trkpt><trkpt lat="-34.78794459769679" lon="116.3125071075957"><ele>60.986051328945905</ele></trkpt><trkpt lat="-34.79049095897375" lon="116.3104884017799"><ele>76.70095892169692</ele></trkpt><trkpt lat="-34.79332431088229" lon="116.30918467055463"><ele>64.60902839712799</ele></trkpt><trkpt lat="-34.795630891841185" lon="116.30697358470033"><ele>63.155622683922694</ele></trkpt><trkpt lat="-34.79859017326146" lon="116.30611132071276"><ele>67.12773033586953</ele></trkpt><trkpt lat="-34.80133898887961" lon="116.3046698735939"><ele>69.37548252404667</ele></trkpt><trkpt lat="-34.80408965146967" lon="116.30316653339591"><ele>61.38777605933137</ele></trkpt><trkpt lat="-34.80691456927864" lon="116.30225873305722"><ele>64.75263392761018</ele></trkpt><trkpt lat="-34.80932361660424" lon="116.30006328723958"><ele>44.14962102822028</ele></trkpt><trkpt lat="-34.81169963295448" lon="116.29789546924756"><ele>37.58166643616278</ele></trkpt><trkpt lat="-34.8145060496376" lon="116.29734406926674"><ele>63.04248335632607</ele></trkpt><trkpt lat="-34.81553759823502" lon="116.29400574792957"><ele>69.814604772022</ele></trkpt><trkpt lat="-34.81565219856413" lon="116.29058279588259"><ele>78.33097924568256</ele></trkpt><trkpt lat="-34.81623040531803" lon="116.28698760917659"><ele>81.16438652540091</ele></trkpt><trkpt lat="-34.81680630245262" lon="116.28350737638195"><ele>68.8231308905944</ele></trkpt><trkpt lat="-34.817317383860825" lon="116.27993910498282"><ele>77.40770809829476</ele></trkpt><trkpt lat="-34.81738739909434" lon="116.27631682181033"><ele>65.40680808969245</ele></trkpt><trkpt lat="-34.81661459202013" lon="116.27318492326854"><ele>62.38994106991053</ele></trkpt><trkpt lat="-34.8158777338375" lon="116.26991392463411"><ele>65.31256027112099</ele></trkpt><trkpt lat="-34.814988067220526" lon="116.2663880946791"><ele>63.45181393379664</ele></trkpt><trkpt lat="-34.81446553186189" lon="116.26275652049821"><ele>68.16980753904406</ele></trkpt><trkpt lat="-34.81298447193792" lon="116.26021618416252"><ele>62.6868356190932</ele></trkpt><trkpt lat="-34.81301546830518" lon="116.25714984994073"><ele>46.09009092312772</ele></trkpt><trkpt lat="-34.81294697974464" lon="116.25364459034651"><ele>90.9627814475852</ele></trkpt><trkpt lat="-34.812231612343204" lon="116.25021410203293"><ele>42.18919011026021</ele></trkpt><trkpt lat="-34.81327723515368" lon="116.24706797421265"><ele>54.81052640957576</ele></trkpt><trkpt lat="-34.81265670912716" lon="116.24424872405719"><ele>40.75575619064611</ele></trkpt><trkpt lat="-34.81437407006129" lon="116.24154251637145"><ele>78.90050896350294</ele></trkpt><trkpt lat="-34.8147875922963" lon="116.23890583457417"><ele>59.44249733071774</ele></trkpt><trkpt lat="-34.81364932466205" lon="116.23631773033098"><ele>72.87166444701143</ele></trkpt><trkpt lat="-34.81528640106423" lon="116.23398338445881"><ele>66.0</ele></trkpt><trkpt lat="-34.81544678053483" lon="116.23051299920235"><ele>56.19361783352461</ele></trkpt><trkpt lat="-34.81354511015295" lon="116.22806553435994"><ele>61.31355026517127</ele></trkpt><trkpt lat="-34.8113344876507" lon="116.22599201706876"><ele>42.93008816475049</ele></trkpt><trkpt lat="-34.809551772124685" lon="116.22350564037704"><ele>44.98856986388664</ele></trkpt><trkpt lat="-34.80812136267599" lon="116.22087947495973"><ele>55.19397964095697</ele></trkpt><trkpt lat="-34.80796331203509" lon="116.21757983292107"><ele>47.12658092262222</ele></trkpt><trkpt lat="-34.80763543996879" lon="116.214277313886"><ele>60.803409406520046</ele></trkpt><trkpt lat="-34.806159240995775" lon="116.21162873530295"><ele>26.039925002492964</ele></trkpt><trkpt lat="-34.804670124414855" lon="116.20874522635793"><ele>23.699759206036106</ele></trkpt><trkpt lat="-34.8062851865775" lon="116.20588189371605"><ele>50.91461184681519</ele></trkpt><trkpt lat="-34.80672499600471" lon="116.20256356797694"><ele>48.48498318748491</ele></trkpt><trkpt lat="-34.807673565713685" lon="116.19926837086881"><ele>53.6913651896175</ele></trkpt><trkpt lat="-34.80811461957343" lon="116.1965365696058"><ele>37.02563475016772</ele></trkpt><trkpt lat="-34.80989414282644" lon="116.1939421754685"><ele>55.49059062660672</ele></trkpt><trkpt lat="-34.81286098656077" lon="116.19370419563253"><ele>51.886503553250805</ele></trkpt><trkpt lat="-34.81574821413412" lon="116.19321522338345"><ele>50.08747848457066</ele></trkpt><trkpt lat="-34.818351107426786" lon="116.1945827710581"><ele>43.79014073103868</ele></trkpt><trkpt lat="-34.82128067417232" lon="116.19531229919735"><ele>57.88740664719084</ele></trkpt><trkpt lat="-34.82401168370582" lon="116.19624138664977"><ele>60.666712487116456</ele></trkpt><trkpt lat="-34.826757050256276" lon="116.1965501407388"><ele>62.465335418470204</ele></trkpt><trkpt lat="-34.82942316503146" lon="116.19554833802815"><ele>55.06141998642124</ele></trkpt><trkpt lat="-34.82884939600456" lon="116.19209189711825"><ele>62.10539171000282</ele></trkpt><trkpt lat="-34.828851936713846" lon="116.19042146436911"><ele>56.830935019863894</ele></trkpt><trkpt lat="-34.82745935904004" lon="116.1872889700571"><ele>35.90280013219399</ele></trkpt><trkpt lat="-34.8256829321859" lon="116.18464840727111"><ele>38.15165717145052</ele></trkpt><trkpt lat="-34.82310744011785" lon="116.18361688868674"><ele>35.81195686614052</ele></trkpt><trkpt lat="-34.82042248008644" lon="116.18201990286711"><ele>25.095527072466304</ele></trkpt><trkpt lat="-34.81754485442879" lon="116.18115516529097"><ele>19.44428656097845</ele></trkpt><trkpt lat="-34.81497757017125" lon="116.1792487220757"><ele>16.208869369522574</ele></trkpt><trkpt lat="-34.81201603260936" lon="116.17883696973809"><ele>16.86914775116722</ele></trkpt><trkpt lat="-34.81037254929162" lon="116.17984090143923"><ele>24.577528295258528</ele></trkpt><trkpt lat="-34.80772617898708" lon="116.18090054901647"><ele>18.681602805154398</ele></trkpt><trkpt lat="-34.80499585027522" lon="116.18188895842493"><ele>20.24170186102856</ele></trkpt><trkpt lat="-34.80388252781419" lon="116.18463667120993"><ele>24.040520161376293</ele></trkpt><trkpt lat="-34.80094726348642" lon="116.18462609506983"><ele>17.296228083432652</ele></trkpt><trkpt lat="-34.80081757949833" lon="116.18789387326586"><ele>28.0</ele></trkpt><trkpt lat="-34.80141410146599" lon="116.19131969509164"><ele>16.004218886606395</ele></trkpt><trkpt lat="-34.79976544426041" lon="116.19384884688344"><ele>20.070080277611243</ele></trkpt><trkpt lat="-34.79710864508969" lon="116.19481935328886"><ele>19.361218335392007</ele></trkpt><trkpt lat="-34.79422537350801" lon="116.19407657837877"><ele>22.92204865739711</ele></trkpt><trkpt lat="-34.79137739534557" lon="116.19309564346378"><ele>20.26364387136534</ele></trkpt><trkpt lat="-34.78848863460502" lon="116.19250931059489"><ele>32.09070627321489</ele></trkpt><trkpt lat="-34.78559965311121" lon="116.19158480616976"><ele>37.08922290439395</ele></trkpt><trkpt lat="-34.78322269486215" lon="116.18951674714462"><ele>59.818567869741415</ele></trkpt><trkpt lat="-34.78088317385564" lon="116.18722482878782"><ele>54.313461507977564</ele></trkpt><trkpt lat="-34.77815785860297" lon="116.18582771762425"><ele>43.64328203629702</ele></trkpt><trkpt lat="-34.776868660163984" lon="116.18338570852258"><ele>33.90665709564148</ele></trkpt><trkpt lat="-34.77613541515792" lon="116.1807639078541"><ele>21.496136433212087</ele></trkpt><trkpt lat="-34.773645708323606" lon="116.17967880692231"><ele>26.0</ele></trkpt><trkpt lat="-34.77129635458263" lon="116.18188657983116"><ele>21.95609814976342</ele></trkpt><trkpt lat="-34.76878236688882" lon="116.18328988101888"><ele>23.0</ele></trkpt><trkpt lat="-34.766906745669615" lon="116.1860797084584"><ele>25.023987000628413</ele></trkpt><trkpt lat="-34.76405601598253" lon="116.18546327132421"><ele>58.54245076115162</ele></trkpt><trkpt lat="-34.76105613542025" lon="116.18500132436209"><ele>24.93279656077327</ele></trkpt><trkpt lat="-34.758021626924304" lon="116.18472891535083"><ele>24.494944841334366</ele></trkpt><trkpt lat="-34.75512475229782" lon="116.1845007909418"><ele>27.4281267428305</ele></trkpt><trkpt lat="-34.752455042130045" lon="116.18490600968572"><ele>27.73679585789796</ele></trkpt><trkpt lat="-34.75043086754116" lon="116.18351197864037"><ele>30.01863733585924</ele></trkpt><trkpt lat="-34.74777872047771" lon="116.18440656605397"><ele>33.70807747105746</ele></trkpt><trkpt lat="-34.744804336866665" lon="116.18469806513961"><ele>37.660008121875585</ele></trkpt><trkpt lat="-34.742342593236366" lon="116.18616439638373"><ele>83.69604821876423</ele></trkpt><trkpt lat="-34.739396327826434" lon="116.18691192315454"><ele>48.74004691420123</ele></trkpt><trkpt lat="-34.737565799935275" lon="116.18523158152979"><ele>48.35383752647256</ele></trkpt><trkpt lat="-34.735085352274176" lon="116.18462539361565"><ele>71.68607932908972</ele></trkpt><trkpt lat="-34.73291750416113" lon="116.1844904528695"><ele>38.54178642293671</ele></trkpt><trkpt lat="-34.72999103096267" lon="116.18478755473016"><ele>72.65055927466634</ele></trkpt><trkpt lat="-34.72708521727734" lon="116.18534468341826"><ele>36.04409714718349</ele></trkpt><trkpt lat="-34.72452351812566" lon="116.18534114759234"><ele>32.365089274477214</ele></trkpt><trkpt lat="-34.723849348442336" lon="116.18295896140971"><ele>36.120242321972356</ele></trkpt><trkpt lat="-34.72151751383066" lon="116.18061242106486"><ele>49.81078506109833</ele></trkpt><trkpt lat="-34.71899561602704" lon="116.17856895738946"><ele>50.97131478972733</ele></trkpt><trkpt lat="-34.717112389876256" lon="116.17586347555847"><ele>51.394980727773316</ele></trkpt><trkpt lat="-34.715062438242214" lon="116.17336445277571"><ele>47.311176063492894</ele></trkpt><trkpt lat="-34.712781861620186" lon="116.17100264093122"><ele>71.31474719888689</ele></trkpt><trkpt lat="-34.71168905117613" lon="116.1676838207523"><ele>84.10290934878867</ele></trkpt><trkpt lat="-34.71187347390102" lon="116.16422840781031"><ele>47.54113759129336</ele></trkpt><trkpt lat="-34.710129103000696" lon="116.16231192123902"><ele>80.69996533240192</ele></trkpt><trkpt lat="-34.70753503468072" lon="116.16048438809588"><ele>86.98927572764022</ele></trkpt><trkpt lat="-34.70504786489927" lon="116.16093853400702"><ele>55.95757893910448</ele></trkpt><trkpt lat="-34.70421324607703" lon="116.1630499458977"><ele>62.62511188490316</ele></trkpt><trkpt lat="-34.70177930117292" lon="116.16453407469257"><ele>64.98509002162609</ele></trkpt><trkpt lat="-34.69954618486331" lon="116.16435312657835"><ele>88.30197244789451</ele></trkpt><trkpt lat="-34.698393552461326" lon="116.16106912198721"><ele>57.793185163341775</ele></trkpt><trkpt lat="-34.69602252958672" lon="116.15918457078347"><ele>58.27105683336082</ele></trkpt><trkpt lat="-34.695298399620555" lon="116.1557222560268"><ele>58.7030197638087</ele></trkpt><trkpt lat="-34.69339304371227" lon="116.15288637057373"><ele>87.72125812072368</ele></trkpt><trkpt lat="-34.690874955486855" lon="116.15128497904236"><ele>53.71370513851427</ele></trkpt><trkpt lat="-34.68840978964637" lon="116.14954407957688"><ele>71.37118797400035</ele></trkpt><trkpt lat="-34.68572669962437" lon="116.1491410081403"><ele>59.47712218897356</ele></trkpt><trkpt lat="-34.68309908226378" lon="116.14864378480223"><ele>56.88316281117389</ele></trkpt><trkpt lat="-34.68236250158007" lon="116.14520847227297"><ele>54.14585935240529</ele></trkpt><trkpt lat="-34.681393527344746" lon="116.14181156030821"><ele>53.589992565335706</ele></trkpt><trkpt lat="-34.67984996022721" lon="116.13876639494538"><ele>64.2901735338116</ele></trkpt><trkpt lat="-34.679136523971465" lon="116.13520587847553"><ele>73.39436890592333</ele></trkpt><trkpt lat="-34.67780397207032" lon="116.13212115417602"><ele>70.30480669300677</ele></trkpt><trkpt lat="-34.67580738659894" lon="116.13042406293059"><ele>71.28627295035993</ele></trkpt><trkpt lat="-34.673460415192395" lon="116.12815341797382"><ele>71.75766769966378</ele></trkpt><trkpt lat="-34.67120989164447" lon="116.1258567241413"><ele>66.363327564162</ele></trkpt><trkpt lat="-34.669983911162646" lon="116.1226748103987"><ele>72.31505554158754</ele></trkpt><trkpt lat="-34.66716248763775" lon="116.12147566793534"><ele>61.00897803598765</ele></trkpt><trkpt lat="-34.665016755697124" lon="116.11964833830663"><ele>58.64115444771869</ele></trkpt><trkpt lat="-34.66358268965632" lon="116.11756499277352"><ele>69.44420789182186</ele></trkpt><trkpt lat="-34.66185209528741" lon="116.11676056306096"><ele>66.12306192953328</ele></trkpt><trkpt lat="-34.6599240029956" lon="116.1158220717213"><ele>64.87087705599205</ele></trkpt><trkpt lat="-34.65729705763247" lon="116.11649165532123"><ele>79.02614680157865</ele></trkpt><trkpt lat="-34.65497510366773" lon="116.11560284070842"><ele>84.71906113997102</ele></trkpt><trkpt lat="-34.65283117802767" lon="116.11789822264322"><ele>74.27763139270246</ele></trkpt><trkpt lat="-34.65001226015752" lon="116.11858826104994"><ele>78.69869274161752</ele></trkpt><trkpt lat="-34.647283957926454" lon="116.11854333105956"><ele>75.83402530895546</ele></trkpt><trkpt lat="-34.645279768484244" lon="116.11578749818244"><ele>83.01463938434608</ele></trkpt><trkpt lat="-34.64244499142791" lon="116.11574586095276"><ele>111.25371169764549</ele></trkpt><trkpt lat="-34.64098004621349" lon="116.11874752287201"><ele>89.81286594672136</ele></trkpt><trkpt lat="-34.64065170893597" lon="116.12208903559548"><ele>91.42451174456417</ele></trkpt><trkpt lat="-34.63778604362783" lon="116.12308862160445"><ele>97.04193875007331</ele></trkpt><trkpt lat="-34.635096220178355" lon="116.12468840116507"><ele>107.90003933547996</ele></trkpt><trkpt lat="-34.63423966156523" lon="116.12696886008618"><ele>107.07023180031683</ele></trkpt><trkpt lat="-34.63440220472448" lon="116.13028288084394"><ele>124.40527397661239</ele></trkpt><trkpt lat="-34.63424991867395" lon="116.13315874482767"><ele>135.91639733626067</ele></trkpt><trkpt lat="-34.63549594462016" lon="116.1358253991726"><ele>112.27754463578242</ele></trkpt><trkpt lat="-34.6338193923481" lon="116.13867626168715"><ele>93.7503410266568</ele></trkpt><trkpt lat="-34.63176793260695" lon="116.13975428546321"><ele>97.48863615049049</ele></trkpt><trkpt lat="-34.62963599319485" lon="116.13793658947318"><ele>103.21606326518352</ele></trkpt><trkpt lat="-34.62789970754029" lon="116.1379184130486"><ele>95.25032274774276</ele></trkpt><trkpt lat="-34.62538528366317" lon="116.1395379686989"><ele>115.76717458390101</ele></trkpt><trkpt lat="-34.62278036436258" lon="116.14096910041164"><ele>130.0204855634219</ele></trkpt><trkpt lat="-34.62221858323383" lon="116.14380345848294"><ele>113.59160758213845</ele></trkpt><trkpt lat="-34.61959175350195" lon="116.14555981541683"><ele>109.18344617086437</ele></trkpt><trkpt lat="-34.61749792353153" lon="116.1478737540481"><ele>115.56892629584763</ele></trkpt><trkpt lat="-34.61551004816238" lon="116.1499224694318"><ele>118.62205534140477</ele></trkpt><trkpt lat="-34.61489869651078" lon="116.15344731969657"><ele>119.0965904608948</ele></trkpt><trkpt lat="-34.612078716264485" lon="116.15372759800516"><ele>124.7150609242535</ele></trkpt><trkpt lat="-34.61055264807509" lon="116.15667744853336"><ele>121.8570941882343</ele></trkpt><trkpt lat="-34.607645224926564" lon="116.15719881673999"><ele>106.89713211737188</ele></trkpt><trkpt lat="-34.60507886230674" lon="116.15913966705081"><ele>108.2451901369505</ele></trkpt><trkpt lat="-34.60208437022774" lon="116.15945991856717"><ele>109.32384754684495</ele></trkpt><trkpt lat="-34.599040365838604" lon="116.15945755735171"><ele>110.03111069218721</ele></trkpt><trkpt lat="-34.595997072015194" lon="116.15947633837023"><ele>115.49478323827498</ele></trkpt><trkpt lat="-34.595405521550646" lon="116.16255070053029"><ele>114.62711953455944</ele></trkpt><trkpt lat="-34.59578595414073" lon="116.16616955743423"><ele>113.87097035930492</ele></trkpt><trkpt lat="-34.59639326860906" lon="116.16974155227977"><ele>137.1446538710418</ele></trkpt><trkpt lat="-34.59611263101853" lon="116.17326404949756"><ele>134.2206390220672</ele></trkpt><trkpt lat="-34.594396473901156" lon="116.17540569587956"><ele>151.0</ele></trkpt><trkpt lat="-34.59161744048389" lon="116.17644366788232"><ele>154.43161966651678</ele></trkpt><trkpt lat="-34.589072733229116" lon="116.17713854364693"><ele>172.1251366375032</ele></trkpt><trkpt lat="-34.58617215739026" lon="116.17747256622954"><ele>175.08540874673054</ele></trkpt><trkpt lat="-34.583431735072885" lon="116.17655771343107"><ele>190.80571497970308</ele></trkpt><trkpt lat="-34.58094390726626" lon="116.17615678805986"><ele>194.9963366112206</ele></trkpt><trkpt lat="-34.57877955059183" lon="116.17837222477809"><ele>187.89689537219866</ele></trkpt><trkpt lat="-34.575864334511046" lon="116.17809941347548"><ele>183.0116851969288</ele></trkpt><trkpt lat="-34.57286139600522" lon="116.17774637910242"><ele>175.48026658862364</ele></trkpt><trkpt lat="-34.57026376874982" lon="116.17824849422809"><ele>153.2104447751617</ele></trkpt><trkpt lat="-34.56766898007875" lon="116.17857792613128"><ele>186.06693690407448</ele></trkpt><trkpt lat="-34.56493795420367" lon="116.17944637970211"><ele>185.3894033373909</ele></trkpt><trkpt lat="-34.56372485352686" lon="116.17609571245984"><ele>195.69897456777906</ele></trkpt><trkpt lat="-34.56069120938583" lon="116.17606959034237"><ele>183.8468819710792</ele></trkpt><trkpt lat="-34.557649339167156" lon="116.17605204500461"><ele>183.57233822799753</ele></trkpt><trkpt lat="-34.55461340855682" lon="116.17618174499275"><ele>153.09131701298534</ele></trkpt><trkpt lat="-34.55238067024017" lon="116.176852269302"><ele>183.9633998904717</ele></trkpt><trkpt lat="-34.550022319997204" lon="116.17867636845989"><ele>179.81074962986168</ele></trkpt><trkpt lat="-34.54730238805464" lon="116.1794762243605"><ele>170.18277517979192</ele></trkpt><trkpt lat="-34.544487904974964" lon="116.17921024154651"><ele>163.20853111394214</ele></trkpt><trkpt lat="-34.54260162504714" lon="116.17734188723142"><ele>155.18959957174135</ele></trkpt><trkpt lat="-34.539570641744454" lon="116.17740007584266"><ele>144.94943222575913</ele></trkpt><trkpt lat="-34.53865161859164" lon="116.17460238043466"><ele>166.8212288835959</ele></trkpt><trkpt lat="-34.53878175724428" lon="116.17092052682848"><ele>171.5342253195122</ele></trkpt><trkpt lat="-34.53774141832407" lon="116.16804694325356"><ele>170.9867498626767</ele></trkpt><trkpt lat="-34.53517272109827" lon="116.16629333898372"><ele>141.4441677397482</ele></trkpt><trkpt lat="-34.534784054406934" lon="116.16289920679219"><ele>117.94693868106697</ele></trkpt><trkpt lat="-34.535449379297454" lon="116.15968741017878"><ele>146.18531709966962</ele></trkpt><trkpt lat="-34.536428236459265" lon="116.15666590595163"><ele>149.58227805572096</ele></trkpt><trkpt lat="-34.53648529304139" lon="116.15417119700412"><ele>149.88389037503228</ele></trkpt><trkpt lat="-34.5367648600791" lon="116.15059240340267"><ele>158.45224530088447</ele></trkpt><trkpt lat="-34.53596946169901" lon="116.14758488347982"><ele>147.2148485539497</ele></trkpt><trkpt lat="-34.533208907017745" lon="116.1477884210824"><ele>132.5288777386304</ele></trkpt><trkpt lat="-34.530395441539206" lon="116.1466611486191"><ele>127.0445584859699</ele></trkpt><trkpt lat="-34.52781580380213" lon="116.14790209202175"><ele>114.55106776044704</ele></trkpt><trkpt lat="-34.52570540627216" lon="116.14774079822949"><ele>112.43182794361458</ele></trkpt><trkpt lat="-34.52346844074879" lon="116.14994786118118"><ele>166.75380736124472</ele></trkpt><trkpt lat="-34.52256492834378" lon="116.15302499579474"><ele>181.8216958011035</ele></trkpt><trkpt lat="-34.52032732204864" lon="116.15486278024878"><ele>178.329535033321</ele></trkpt><trkpt lat="-34.51794541520538" lon="116.15657172664207"><ele>173.98528657935094</ele></trkpt><trkpt lat="-34.51605827096617" lon="116.15927243612799"><ele>184.36554863129277</ele></trkpt><trkpt lat="-34.51480796878171" lon="116.16159094254725"><ele>187.80179610538727</ele></trkpt><trkpt lat="-34.511836033506285" lon="116.16203581031506"><ele>192.0491738547571</ele></trkpt><trkpt lat="-34.50991290689963" lon="116.15957789029301"><ele>190.61299688730523</ele></trkpt><trkpt lat="-34.50824897936722" lon="116.15660116906297"><ele>180.35469761525746</ele></trkpt><trkpt lat="-34.50646934857089" lon="116.15374988580596"><ele>150.0158789809665</ele></trkpt><trkpt lat="-34.50622306640405" lon="116.15038447337588"><ele>144.3887817428913</ele></trkpt><trkpt lat="-34.50828417982714" lon="116.14860184301232"><ele>121.82543992730626</ele></trkpt><trkpt lat="-34.510762081106975" lon="116.14771476410883"><ele>91.37422628840432</ele></trkpt><trkpt lat="-34.51304861688414" lon="116.14593856355873"><ele>84.90709580292807</ele></trkpt><trkpt lat="-34.513910030458426" lon="116.14279711901017"><ele>80.60861293471224</ele></trkpt><trkpt lat="-34.514969110400784" lon="116.14034103859714"><ele>69.76816124254287</ele></trkpt><trkpt lat="-34.51513817888328" lon="116.1367551942989"><ele>78.16224681869801</ele></trkpt><trkpt lat="-34.513449670914675" lon="116.13699006038249"><ele>82.56496725159533</ele></trkpt><trkpt lat="-34.5111523055749" lon="116.13499629204516"><ele>122.2882803699611</ele></trkpt><trkpt lat="-34.509115298400616" lon="116.13272237622928"><ele>83.34514137101064</ele></trkpt><trkpt lat="-34.511105135519266" lon="116.13049108800013"><ele>83.914074241572</ele></trkpt><trkpt lat="-34.51150475725872" lon="116.12732954789246"><ele>91.89863960806306</ele></trkpt><trkpt lat="-34.510211538750404" lon="116.1244894845945"><ele>103.50336266195461</ele></trkpt><trkpt lat="-34.51204374542925" lon="116.12237711551248"><ele>122.62420220149215</ele></trkpt><trkpt lat="-34.514478461597456" lon="116.12230897840267"><ele>120.44455391743492</ele></trkpt><trkpt lat="-34.51573162537647" lon="116.12074554082994"><ele>122.98322341940366</ele></trkpt><trkpt lat="-34.513438498808206" lon="116.11903196208578"><ele>121.81608606584214</ele></trkpt><trkpt lat="-34.511153028419976" lon="116.11758934263477"><ele>87.03623635797427</ele></trkpt><trkpt lat="-34.51242394598754" lon="116.1152291316325"><ele>93.80056575103663</ele></trkpt><trkpt lat="-34.514756761272075" lon="116.1146556857164"><ele>109.151561827537</ele></trkpt><trkpt lat="-34.51615900012993" lon="116.1137695316584"><ele>101.27715269741526</ele></trkpt><trkpt lat="-34.51473562637395" lon="116.11072920858577"><ele>109.56599447258549</ele></trkpt><trkpt lat="-34.51378808617319" lon="116.10744139602235"><ele>100.86582977227187</ele></trkpt><trkpt lat="-34.51183579464629" lon="116.10470051382825"><ele>86.40481871220295</ele></trkpt><trkpt lat="-34.51022497930063" lon="116.10245424526275"><ele>84.41134818609365</ele></trkpt><trkpt lat="-34.509482248835376" lon="116.10466871727027"><ele>69.25101434637635</ele></trkpt><trkpt lat="-34.50803458008241" lon="116.10670652566704"><ele>85.98110065438796</ele></trkpt><trkpt lat="-34.50788056872898" lon="116.1034313910679"><ele>110.11544373867332</ele></trkpt><trkpt lat="-34.50728585871516" lon="116.1008137749688"><ele>154.23941721278243</ele></trkpt><trkpt lat="-34.508506649129124" lon="116.09777468459448"><ele>157.0</ele></trkpt><trkpt lat="-34.50723115907588" lon="116.0955589963551"><ele>117.94463031132318</ele></trkpt><trkpt lat="-34.507841217850526" lon="116.09238375299094"><ele>101.18207668482566</ele></trkpt><trkpt lat="-34.507650690754986" lon="116.08873839995267"><ele>85.77220186404291</ele></trkpt><trkpt lat="-34.50507567593053" lon="116.08724592985449"><ele>80.08452233290524</ele></trkpt><trkpt lat="-34.502231049138445" lon="116.08606152532434"><ele>78.10012641444337</ele></trkpt><trkpt lat="-34.49970112165033" lon="116.08403846179638"><ele>61.00412230961956</ele></trkpt><trkpt lat="-34.50160097943342" lon="116.0833274777476"><ele>94.20896325912327</ele></trkpt><trkpt lat="-34.50243468119863" lon="116.08076391367864"><ele>106.04889766539785</ele></trkpt><trkpt lat="-34.504874525807125" lon="116.07969344727707"><ele>96.15376853794288</ele></trkpt><trkpt lat="-34.505313079237446" lon="116.07760434301115"><ele>90.58147106436081</ele></trkpt><trkpt lat="-34.505128570055824" lon="116.07405692194268"><ele>92.83324158890173</ele></trkpt><trkpt lat="-34.50271323734661" lon="116.07401866474083"><ele>95.56429414566449</ele></trkpt><trkpt lat="-34.50074530620116" lon="116.07282365589018"><ele>110.94872040278648</ele></trkpt><trkpt lat="-34.4999962699198" lon="116.07032666964244"><ele>71.0126114184122</ele></trkpt><trkpt lat="-34.49794128041828" lon="116.06806298082522"><ele>75.32064186758362</ele></trkpt><trkpt lat="-34.49551111515621" lon="116.06656453498398"><ele>102.22045988461468</ele></trkpt><trkpt lat="-34.49247389665491" lon="116.06655394472543"><ele>106.99415525293188</ele></trkpt><trkpt lat="-34.48961455491154" lon="116.06641054712244"><ele>103.96462382131722</ele></trkpt><trkpt lat="-34.48754526054539" lon="116.06494772858326"><ele>93.03224396222443</ele></trkpt><trkpt lat="-34.48656463271693" lon="116.06230737587805"><ele>119.83043764067992</ele></trkpt><trkpt lat="-34.48369884358779" lon="116.0616179855363"><ele>104.16232409217011</ele></trkpt><trkpt lat="-34.482127765580486" lon="116.0592067123916"><ele>126.38187584863044</ele></trkpt><trkpt lat="-34.482405954396235" lon="116.05588553590152"><ele>111.42813336277214</ele></trkpt><trkpt lat="-34.48013549870599" lon="116.05376642259039"><ele>89.67731403768994</ele></trkpt><trkpt lat="-34.47745077529012" lon="116.05246601626226"><ele>108.34342447039671</ele></trkpt><trkpt lat="-34.47506579788771" lon="116.05237527974734"><ele>96.57238446911045</ele></trkpt><trkpt lat="-34.47503662082335" lon="116.04916334243892"><ele>123.23582043452188</ele></trkpt><trkpt lat="-34.474419374193864" lon="116.04571531986073"><ele>94.40820556779207</ele></trkpt><trkpt lat="-34.476074951812436" lon="116.04473402674799"><ele>105.6637633824721</ele></trkpt><trkpt lat="-34.47630776025885" lon="116.04145615693741"><ele>107.81801930104848</ele></trkpt><trkpt lat="-34.47798252482946" lon="116.0391541432511"><ele>107.01283201681754</ele></trkpt><trkpt lat="-34.47891026935511" lon="116.03599336666221"><ele>95.1020874213167</ele></trkpt><trkpt lat="-34.47660081425986" lon="116.0337414530266"><ele>109.97468055766811</ele></trkpt><trkpt lat="-34.47470471997184" lon="116.03132784399276"><ele>105.09742604506036</ele></trkpt><trkpt lat="-34.47231973490738" lon="116.03324729805065"><ele>122.9648755484106</ele></trkpt><trkpt lat="-34.47002848937899" lon="116.03469597620852"><ele>125.66081088775972</ele></trkpt><trkpt lat="-34.467471583263915" lon="116.03553998102907"><ele>150.0</ele></trkpt><trkpt lat="-34.46518537958172" lon="116.03516050130102"><ele>116.43123706202228</ele></trkpt><trkpt lat="-34.463175956410936" lon="116.03761467172033"><ele>86.91537963852757</ele></trkpt><trkpt lat="-34.461539229874404" lon="116.04034728552801"><ele>98.96230877001355</ele></trkpt><trkpt lat="-34.45990710832769" lon="116.0433233683201"><ele>90.30395495908651</ele></trkpt><trkpt lat="-34.458863886612804" lon="116.04675944205027"><ele>102.05777110644695</ele></trkpt><trkpt lat="-34.45736805157832" lon="116.04997242505512"><ele>95.58312493131962</ele></trkpt><trkpt lat="-34.45566171335801" lon="116.05302159239105"><ele>102.89129067049505</ele></trkpt><trkpt lat="-34.4545956212618" lon="116.05644091410004"><ele>119.706257897662</ele></trkpt><trkpt lat="-34.453126803350415" lon="116.05965845666725"><ele>104.01468376770184</ele></trkpt><trkpt lat="-34.451044106167544" lon="116.06231814965764"><ele>122.7178797692747</ele></trkpt><trkpt lat="-34.450047590242775" lon="116.06142298066167"><ele>173.4956072973744</ele></trkpt><trkpt lat="-34.44915477481815" lon="116.05844890794802"><ele>201.5171490188432</ele></trkpt><trkpt lat="-34.44836132106841" lon="116.05618536432624"><ele>219.03280443523545</ele></trkpt><trkpt lat="-34.450619174404906" lon="116.05371229726137"><ele>215.52243206932204</ele></trkpt><trkpt lat="-34.452024563406326" lon="116.0507360107076"><ele>207.0</ele></trkpt><trkpt lat="-34.45088685780761" lon="116.04747001078343"><ele>185.94008386942573</ele></trkpt><trkpt lat="-34.44841923660169" lon="116.04531739337936"><ele>180.0</ele></trkpt><trkpt lat="-34.44882714727949" lon="116.04246703655568"><ele>175.0</ele></trkpt><trkpt lat="-34.450089382124105" lon="116.03950577669927"><ele>171.07471414702013</ele></trkpt><trkpt lat="-34.447582247625235" lon="116.03741239424727"><ele>151.2565897059362</ele></trkpt><trkpt lat="-34.44506888402429" lon="116.03532997895104"><ele>131.9915860721039</ele></trkpt><trkpt lat="-34.446039842708586" lon="116.03236572056372"><ele>111.16944218950812</ele></trkpt><trkpt lat="-34.44699906383417" lon="116.02956905453293"><ele>94.83035295633925</ele></trkpt><trkpt lat="-34.444389830920386" lon="116.02945922732388"><ele>91.91546117103309</ele></trkpt><trkpt lat="-34.44313149978773" lon="116.02746922533652"><ele>114.83745229835108</ele></trkpt><trkpt lat="-34.44276139275382" lon="116.02453533062027"><ele>100.03887293126479</ele></trkpt><trkpt lat="-34.43992856414214" lon="116.0236833088756"><ele>122.8723602285615</ele></trkpt><trkpt lat="-34.43810698191201" lon="116.02095681135096"><ele>108.76064443306117</ele></trkpt><trkpt lat="-34.435536923969096" lon="116.01905932809461"><ele>141.98397788777947</ele></trkpt><trkpt lat="-34.43421368751035" lon="116.01577171324939"><ele>115.32795126257469</ele></trkpt><trkpt lat="-34.431332181447914" lon="116.0148190567957"><ele>123.9134740652078</ele></trkpt><trkpt lat="-34.42849336087959" lon="116.01514702532559"><ele>127.85246019026484</ele></trkpt><trkpt lat="-34.425836829494315" lon="116.0157963799507"><ele>149.9687320819782</ele></trkpt><trkpt lat="-34.42325846362812" lon="116.01730470719977"><ele>149.82989111427383</ele></trkpt><trkpt lat="-34.420566471991805" lon="116.01859893603563"><ele>164.72206207811848</ele></trkpt><trkpt lat="-34.417656902764094" lon="116.01893787455087"><ele>194.2373881690437</ele></trkpt><trkpt lat="-34.41698386254841" lon="116.0224029672064"><ele>183.4578851130791</ele></trkpt><trkpt lat="-34.41454803347883" lon="116.02378810289932"><ele>210.48849810869433</ele></trkpt><trkpt lat="-34.41195306080342" lon="116.025633120957"><ele>190.13325497868192</ele></trkpt><trkpt lat="-34.40936528037149" lon="116.02686455304126"><ele>143.28509131987667</ele></trkpt><trkpt lat="-34.40729046276548" lon="116.02483405099785"><ele>140.0787075386035</ele></trkpt><trkpt lat="-34.405612475553255" lon="116.02181877463772"><ele>136.86783935665153</ele></trkpt><trkpt lat="-34.40627979442187" lon="116.0183265003038"><ele>127.50328403525054</ele></trkpt><trkpt lat="-34.407957851154784" lon="116.01556672670816"><ele>132.60426115244627</ele></trkpt><trkpt lat="-34.40707910728548" lon="116.01228766807675"><ele>148.52795744401416</ele></trkpt><trkpt lat="-34.406306402418195" lon="116.00878327678612"><ele>137.1728218921926</ele></trkpt><trkpt lat="-34.40654886239468" lon="116.0053323668719"><ele>164.41146946477238</ele></trkpt><trkpt lat="-34.40579936398151" lon="116.00244025541403"><ele>158.50080121704377</ele></trkpt><trkpt lat="-34.405953290536864" lon="115.99895021419478"><ele>182.24219085252844</ele></trkpt><trkpt lat="-34.40571346688204" lon="115.99548561140342"><ele>164.18874961252854</ele></trkpt><trkpt lat="-34.40580722411629" lon="115.99181875341164"><ele>187.63766605963463</ele></trkpt><trkpt lat="-34.40466123194273" lon="115.98867481249431"><ele>208.24683063593693</ele></trkpt><trkpt lat="-34.40521816973332" lon="115.98565328086256"><ele>211.90208129864186</ele></trkpt><trkpt lat="-34.407450270033706" lon="115.98315556432465"><ele>204.7111647478508</ele></trkpt><trkpt lat="-34.406717245409666" lon="115.97976479520115"><ele>232.51899037272352</ele></trkpt><trkpt lat="-34.4068182141012" lon="115.97641382546357"><ele>214.41448237050832</ele></trkpt><trkpt lat="-34.407283270622" lon="115.97303718042434"><ele>212.73424220191563</ele></trkpt><trkpt lat="-34.406774468313046" lon="115.97038239305414"><ele>177.02121915276177</ele></trkpt><trkpt lat="-34.40711105645363" lon="115.96714701601425"><ele>200.9480790324742</ele></trkpt><trkpt lat="-34.40684205136312" lon="115.96407528985942"><ele>193.78971046385618</ele></trkpt><trkpt lat="-34.40894057591587" lon="115.96178481178507"><ele>192.95459967930296</ele></trkpt><trkpt lat="-34.41092274873514" lon="115.95932991374158"><ele>209.18017699709162</ele></trkpt><trkpt lat="-34.41176275531413" lon="115.95595607842304"><ele>208.30223751009908</ele></trkpt><trkpt lat="-34.41211016989217" lon="115.95247324084778"><ele>198.212442929158</ele></trkpt><trkpt lat="-34.412004094388706" lon="115.94880796043535"><ele>196.73407668166328</ele></trkpt><trkpt lat="-34.41275563028853" lon="115.9453970737595"><ele>223.94924308289774</ele></trkpt><trkpt lat="-34.41402499525936" lon="115.94241448863531"><ele>226.0</ele></trkpt><trkpt lat="-34.41511565002513" lon="115.93917181968239"><ele>220.44314365508035</ele></trkpt><trkpt lat="-34.41604198390162" lon="115.93627068918333"><ele>193.0</ele></trkpt><trkpt lat="-34.41856966353679" lon="115.93506714693386"><ele>184.39702478886483</ele></trkpt><trkpt lat="-34.41849932052014" lon="115.93152594604665"><ele>159.2848834213408</ele></trkpt><trkpt lat="-34.42053348946094" lon="115.92986548763534"><ele>169.80382485651955</ele></trkpt><trkpt lat="-34.420337749435944" lon="115.92778842212911"><ele>160.63948933640495</ele></trkpt><trkpt lat="-34.42131785510548" lon="115.92580078654917"><ele>170.0517939441327</ele></trkpt><trkpt lat="-34.418713472111726" lon="115.92398296948359"><ele>162.25533677090425</ele></trkpt><trkpt lat="-34.4174287733859" lon="115.92083111587465"><ele>162.93288396974094</ele></trkpt><trkpt lat="-34.417751479936896" lon="115.91718497048042"><ele>165.41651991638355</ele></trkpt><trkpt lat="-34.41857877625174" lon="115.9136377403722"><ele>158.73185030753402</ele></trkpt><trkpt lat="-34.42039003082213" lon="115.91076015749843"><ele>159.65364128975057</ele></trkpt><trkpt lat="-34.42288297699602" lon="115.90869158184887"><ele>156.54151683486998</ele></trkpt><trkpt lat="-34.42433703599049" lon="115.90597901094434"><ele>165.27592950740507</ele></trkpt><trkpt lat="-34.42421598457726" lon="115.9023931122619"><ele>189.99943112395704</ele></trkpt><trkpt lat="-34.42305785507888" lon="115.89940448017751"><ele>179.15697122404498</ele></trkpt><trkpt lat="-34.42342985880996" lon="115.8958492211041"><ele>168.3327657863265</ele></trkpt><trkpt lat="-34.42313936719482" lon="115.89218541251581"><ele>159.30756602343172</ele></trkpt><trkpt lat="-34.42197197122387" lon="115.88924763242522"><ele>153.71429736605486</ele></trkpt><trkpt lat="-34.41943702319385" lon="115.88724942886536"><ele>155.3689043624999</ele></trkpt><trkpt lat="-34.417009429304265" lon="115.88516144375387"><ele>176.5623881604988</ele></trkpt><trkpt lat="-34.415645800676195" lon="115.88193236132919"><ele>200.57310344311904</ele></trkpt><trkpt lat="-34.413808014724836" lon="115.87906413014538"><ele>193.48790029545486</ele></trkpt><trkpt lat="-34.412389508584255" lon="115.87723082358154"><ele>171.24899204475633</ele></trkpt><trkpt lat="-34.41524861092727" lon="115.87641505973535"><ele>163.43874998132566</ele></trkpt><trkpt lat="-34.41597147508798" lon="115.87318845357593"><ele>179.10357108174819</ele></trkpt><trkpt lat="-34.41719995011172" lon="115.86990387032594"><ele>136.96380515882822</ele></trkpt><trkpt lat="-34.41901718602157" lon="115.86858336704447"><ele>113.61365911294706</ele></trkpt><trkpt lat="-34.41830997555159" lon="115.8666485911972"><ele>134.75215082695897</ele></trkpt><trkpt lat="-34.418796885480255" lon="115.8635395745903"><ele>91.08650828617698</ele></trkpt><trkpt lat="-34.417341953459825" lon="115.86095283242543"><ele>86.47939520695618</ele></trkpt><trkpt lat="-34.41436030774112" lon="115.86037002739972"><ele>109.9176481797865</ele></trkpt><trkpt lat="-34.411416763031454" lon="115.8595976531965"><ele>108.57482665637508</ele></trkpt><trkpt lat="-34.40935850557536" lon="115.85751560951462"><ele>119.2090858167503</ele></trkpt><trkpt lat="-34.40749952757348" lon="115.85564356945936"><ele>145.5620936222614</ele></trkpt><trkpt lat="-34.40485126379791" lon="115.85704849349366"><ele>172.02433886542482</ele></trkpt><trkpt lat="-34.402493408856905" lon="115.85922510850034"><ele>174.04144349161515</ele></trkpt><trkpt lat="-34.40015563985831" lon="115.86146292253099"><ele>159.99989045085385</ele></trkpt><trkpt lat="-34.39740156303252" lon="115.86297411511691"><ele>189.2605259984266</ele></trkpt><trkpt lat="-34.39492685035806" lon="115.861443744029"><ele>153.49963371863555</ele></trkpt><trkpt lat="-34.3941005375133" lon="115.85831408518582"><ele>154.28614642097145</ele></trkpt><trkpt lat="-34.39386939332138" lon="115.85478908661761"><ele>160.98497150763623</ele></trkpt><trkpt lat="-34.39194852021611" lon="115.85245851355447"><ele>126.69284418557524</ele></trkpt><trkpt lat="-34.390533569078244" lon="115.85160681674257"><ele>110.60388950945344</ele></trkpt><trkpt lat="-34.388962806021986" lon="115.85000089138478"><ele>103.60211725915612</ele></trkpt><trkpt lat="-34.39055708684244" lon="115.84711887679556"><ele>123.21374067855598</ele></trkpt><trkpt lat="-34.390780604589764" lon="115.84432531516569"><ele>109.69702475573138</ele></trkpt><trkpt lat="-34.389709916997276" lon="115.8416368939584"><ele>113.6593332302291</ele></trkpt><trkpt lat="-34.38703605184182" lon="115.84198889285733"><ele>124.78871676695638</ele></trkpt><trkpt lat="-34.38436748910362" lon="115.8432655078455"><ele>145.9422659255797</ele></trkpt><trkpt lat="-34.38148743811498" lon="115.84310712547428"><ele>138.07001143496018</ele></trkpt><trkpt lat="-34.378854028709696" lon="115.84258926112054"><ele>133.2640300574058</ele></trkpt><trkpt lat="-34.37766708907323" lon="115.8399327652831"><ele>134.64101697039027</ele></trkpt><trkpt lat="-34.37485373245431" lon="115.83989280406159"><ele>120.7235102194454</ele></trkpt><trkpt lat="-34.37252219344321" lon="115.84104158127909"><ele>118.74929412570782</ele></trkpt><trkpt lat="-34.370986041372404" lon="115.84348972384771"><ele>125.30163173628583</ele></trkpt><trkpt lat="-34.369696289866575" lon="115.84169610456047"><ele>149.6952779526728</ele></trkpt><trkpt lat="-34.371103751542606" lon="115.83909114250793"><ele>153.78526734810623</ele></trkpt><trkpt lat="-34.36879889047485" lon="115.83772982513423"><ele>140.18309106293717</ele></trkpt><trkpt lat="-34.36599666090363" lon="115.83674979623079"><ele>124.75009951680161</ele></trkpt><trkpt lat="-34.36317483277066" lon="115.83729549250022"><ele>150.6032812541789</ele></trkpt><trkpt lat="-34.36129372629071" lon="115.8348511725914"><ele>165.9101335258456</ele></trkpt><trkpt lat="-34.359250364563344" lon="115.83309254709663"><ele>184.32782262778477</ele></trkpt><trkpt lat="-34.356381462971584" lon="115.83350314675806"><ele>197.76035376946683</ele></trkpt><trkpt lat="-34.353663943090844" lon="115.83493924195392"><ele>177.00214570795652</ele></trkpt><trkpt lat="-34.350959341147025" lon="115.83624997216563"><ele>187.85333854553755</ele></trkpt><trkpt lat="-34.348101658116136" lon="115.83680320889876"><ele>191.29638379590023</ele></trkpt><trkpt lat="-34.34573722419738" lon="115.83508103498929"><ele>201.2461008502869</ele></trkpt><trkpt lat="-34.34289541406282" lon="115.83382821809194"><ele>202.400391221956</ele></trkpt><trkpt lat="-34.34007189391203" lon="115.83266200912674"><ele>163.8440806373575</ele></trkpt><trkpt lat="-34.337102741781266" lon="115.8319152108395"><ele>156.92649012725343</ele></trkpt><trkpt lat="-34.334301335041005" lon="115.8305470406721"><ele>116.89102589036338</ele></trkpt><trkpt lat="-34.33143549083214" lon="115.8300156249621"><ele>87.26521504146513</ele></trkpt><trkpt lat="-34.328689777107186" lon="115.82922786267255"><ele>68.26056150909804</ele></trkpt><trkpt lat="-34.32574508139765" lon="115.8291201844207"><ele>81.4050912007362</ele></trkpt><trkpt lat="-34.3243332237751" lon="115.83179445492995"><ele>78.52499326784164</ele></trkpt><trkpt lat="-34.323280128092016" lon="115.83461583898618"><ele>85.59146465652157</ele></trkpt><trkpt lat="-34.32294519900317" lon="115.83767850343746"><ele>98.77908931185492</ele></trkpt><trkpt lat="-34.322238045984385" lon="115.84027162172681"><ele>141.87726035452778</ele></trkpt><trkpt lat="-34.319855395398264" lon="115.83971004145513"><ele>135.66248368598133</ele></trkpt><trkpt lat="-34.316999693541575" lon="115.83963317491666"><ele>109.94234457811827</ele></trkpt><trkpt lat="-34.314172687432276" lon="115.84065015840753"><ele>125.60718356714902</ele></trkpt><trkpt lat="-34.31170704708743" lon="115.84009414033903"><ele>121.912623949931</ele></trkpt><trkpt lat="-34.30982720769094" lon="115.83792411170353"><ele>103.89647751709677</ele></trkpt><trkpt lat="-34.307025960017256" lon="115.83806408731505"><ele>93.40381187142339</ele></trkpt><trkpt lat="-34.30432306107983" lon="115.8387025443183"><ele>85.82027598792749</ele></trkpt><trkpt lat="-34.30346765130848" lon="115.84162852157147"><ele>69.19329330702426</ele></trkpt><trkpt lat="-34.30242791399523" lon="115.84426827482672"><ele>89.824082747597</ele></trkpt><trkpt lat="-34.300449545578786" lon="115.84577649022"><ele>83.29139344440773</ele></trkpt><trkpt lat="-34.30076482308525" lon="115.84932684012405"><ele>102.25766534789</ele></trkpt><trkpt lat="-34.300697427244856" lon="115.8521359824293"><ele>87.78087880067682</ele></trkpt><trkpt lat="-34.30339805430605" lon="115.85247124030926"><ele>134.18301312036692</ele></trkpt><trkpt lat="-34.305115341521365" lon="115.85092621727719"><ele>218.83152151939936</ele></trkpt><trkpt lat="-34.30718248763702" lon="115.85307075361675"><ele>211.89423839515075</ele></trkpt><trkpt lat="-34.30651931887612" lon="115.85617494641089"><ele>194.1950608275365</ele></trkpt><trkpt lat="-34.308224162432765" lon="115.85867657742514"><ele>219.85988553775013</ele></trkpt><trkpt lat="-34.31125033282983" lon="115.85857351166342"><ele>234.74153972980042</ele></trkpt><trkpt lat="-34.31203759617221" lon="115.86130372750279"><ele>236.52024527669474</ele></trkpt><trkpt lat="-34.30922301441106" lon="115.86224941865245"><ele>214.15942444559894</ele></trkpt><trkpt lat="-34.309231209723585" lon="115.86327978617584"><ele>215.17675568019</ele></trkpt><trkpt lat="-34.309778072746965" lon="115.8651585516954"><ele>225.22821427517883</ele></trkpt><trkpt lat="-34.30898262466941" lon="115.86777183273506"><ele>228.6606171875028</ele></trkpt><trkpt lat="-34.30662259715237" lon="115.86913137278104"><ele>203.86737511949818</ele></trkpt><trkpt lat="-34.303799402169034" lon="115.86977738373847"><ele>125.29589292564309</ele></trkpt><trkpt lat="-34.3017153188301" lon="115.87192556455742"><ele>160.42550374670967</ele></trkpt><trkpt lat="-34.30215620738189" lon="115.87540084044358"><ele>219.36877617710726</ele></trkpt><trkpt lat="-34.3000076315698" lon="115.87783434777191"><ele>190.13432403816842</ele></trkpt><trkpt lat="-34.297653842221536" lon="115.87971454963606"><ele>186.57707045972347</ele></trkpt><trkpt lat="-34.294749147430444" lon="115.87993101591715"><ele>167.99760448583925</ele></trkpt><trkpt lat="-34.29250712366482" lon="115.87929055960247"><ele>163.6147274942869</ele></trkpt><trkpt lat="-34.29002632809253" lon="115.88120525869579"><ele>166.35584180404902</ele></trkpt><trkpt lat="-34.28924377269466" lon="115.88338380795207"><ele>181.64466454138858</ele></trkpt><trkpt lat="-34.286529517940835" lon="115.884698718024"><ele>153.8558367724409</ele></trkpt><trkpt lat="-34.28371430198307" lon="115.88515363272705"><ele>112.4486048710534</ele></trkpt><trkpt lat="-34.28221305104445" lon="115.88500633098406"><ele>119.22393994312733</ele></trkpt><trkpt lat="-34.27943547139381" lon="115.88628350600614"><ele>128.43837165993602</ele></trkpt><trkpt lat="-34.27784940417974" lon="115.88882770648758"><ele>126.27753208451651</ele></trkpt><trkpt lat="-34.28076701085964" lon="115.88876893039705"><ele>108.02971537339889</ele></trkpt><trkpt lat="-34.28278823577401" lon="115.8908754342691"><ele>148.385475477996</ele></trkpt><trkpt lat="-34.28525319842367" lon="115.89247492363774"><ele>139.0303103578367</ele></trkpt><trkpt lat="-34.285528504176355" lon="115.89530584666295"><ele>146.13877147271262</ele></trkpt><trkpt lat="-34.28467815446115" lon="115.89800640566314"><ele>131.64389163553037</ele></trkpt><trkpt lat="-34.285618911141775" lon="115.9011124129303"><ele>211.68435805127956</ele></trkpt><trkpt lat="-34.28627009847312" lon="115.90458331296074"><ele>219.21552851854358</ele></trkpt><trkpt lat="-34.28766852445364" lon="115.90684931699775"><ele>216.0</ele></trkpt><trkpt lat="-34.2891594982127" lon="115.9084659370175"><ele>218.27504422530637</ele></trkpt><trkpt lat="-34.287180258393136" lon="115.91124268115924"><ele>217.6884587612003</ele></trkpt><trkpt lat="-34.2873703811441" lon="115.91488460238836"><ele>222.9565882470871</ele></trkpt><trkpt lat="-34.2889475973262" lon="115.9173945279359"><ele>217.92613054997702</ele></trkpt><trkpt lat="-34.29173579809675" lon="115.91631795798375"><ele>242.39992286311463</ele></trkpt><trkpt lat="-34.292005478427754" lon="115.91939316944598"><ele>225.06817251915209</ele></trkpt><trkpt lat="-34.29358826147706" lon="115.92224691460027"><ele>221.0</ele></trkpt><trkpt lat="-34.293198928443914" lon="115.9255587179828"><ele>215.0</ele></trkpt><trkpt lat="-34.291123596603484" lon="115.92780591170444"><ele>206.69205489067969</ele></trkpt><trkpt lat="-34.28964703899818" lon="115.93100016890912"><ele>181.2958628683175</ele></trkpt><trkpt lat="-34.28769495293529" lon="115.93314351499666"><ele>165.0105243397411</ele></trkpt><trkpt lat="-34.285169931425294" lon="115.93510141001862"><ele>137.4527897190047</ele></trkpt><trkpt lat="-34.28285982309562" lon="115.93353649634655"><ele>169.12212493826195</ele></trkpt><trkpt lat="-34.28121388452902" lon="115.9329026160499"><ele>170.9301962009631</ele></trkpt><trkpt lat="-34.27928908195487" lon="115.93102494799066"><ele>152.39916978911344</ele></trkpt><trkpt lat="-34.278276248904945" lon="115.93391438274591"><ele>165.63780748429434</ele></trkpt><trkpt lat="-34.2756396348817" lon="115.9339800509081"><ele>153.19527200485157</ele></trkpt><trkpt lat="-34.273707029118725" lon="115.93221416380058"><ele>165.99208038578638</ele></trkpt><trkpt lat="-34.27084263453004" lon="115.93256690805578"><ele>191.14527915763688</ele></trkpt><trkpt lat="-34.2682836490777" lon="115.93129950454866"><ele>186.78841670416296</ele></trkpt><trkpt lat="-34.266799152917294" lon="115.9299512088476"><ele>157.08828979171813</ele></trkpt><trkpt lat="-34.264901403333276" lon="115.93144438259698"><ele>200.26355147020615</ele></trkpt><trkpt lat="-34.263634169143096" lon="115.92887953002202"><ele>161.18121636484284</ele></trkpt><trkpt lat="-34.26178039786841" lon="115.93053692797335"><ele>165.73560853392354</ele></trkpt><trkpt lat="-34.26080935792741" lon="115.93381495966214"><ele>171.54976632713806</ele></trkpt><trkpt lat="-34.258143502283346" lon="115.93518394758928"><ele>173.8654834992382</ele></trkpt><trkpt lat="-34.2563032200299" lon="115.93786918608555"><ele>175.40917937415128</ele></trkpt><trkpt lat="-34.25335405613442" lon="115.93723244738743"><ele>166.0139001795802</ele></trkpt><trkpt lat="-34.25185974405111" lon="115.93417876594732"><ele>165.27834580964526</ele></trkpt><trkpt lat="-34.24931419561064" lon="115.93438902943824"><ele>182.27462273905985</ele></trkpt><trkpt lat="-34.246375050235976" lon="115.93509454151996"><ele>175.44287641497723</ele></trkpt><trkpt lat="-34.2456532277276" lon="115.93205426394968"><ele>183.98928873828962</ele></trkpt><trkpt lat="-34.2437657075327" lon="115.92980865000217"><ele>182.18514630936005</ele></trkpt><trkpt lat="-34.243062770606436" lon="115.93290650165865"><ele>192.20792575727702</ele></trkpt><trkpt lat="-34.240475253469526" lon="115.9341286950577"><ele>201.69647776172496</ele></trkpt><trkpt lat="-34.23843539346854" lon="115.93413956808305"><ele>202.56514600223332</ele></trkpt><trkpt lat="-34.235814801046914" lon="115.9358293103131"><ele>200.2932316106744</ele></trkpt><trkpt lat="-34.232991593739435" lon="115.93568251197412"><ele>182.033718139166</ele></trkpt><trkpt lat="-34.23197163332988" lon="115.93852573429288"><ele>174.59768128430005</ele></trkpt><trkpt lat="-34.233045342054055" lon="115.94190385708882"><ele>193.33327207568027</ele></trkpt><trkpt lat="-34.23222048331116" lon="115.9450111357495"><ele>196.373599528064</ele></trkpt><trkpt lat="-34.22948676867412" lon="115.9439252626791"><ele>195.8165397690609</ele></trkpt><trkpt lat="-34.22686793436734" lon="115.94495553194398"><ele>187.04996872453168</ele></trkpt><trkpt lat="-34.22426052485494" lon="115.94319132012475"><ele>184.8973553632386</ele></trkpt><trkpt lat="-34.221314786488186" lon="115.94361696638572"><ele>178.21038204221986</ele></trkpt><trkpt lat="-34.21840739214215" lon="115.94440034717908"><ele>178.29530368582525</ele></trkpt><trkpt lat="-34.216573295377735" lon="115.94319473630622"><ele>176.53728253080044</ele></trkpt><trkpt lat="-34.215270688166655" lon="115.94155181462163"><ele>181.92693577783533</ele></trkpt><trkpt lat="-34.21345723576589" lon="115.94066774168886"><ele>190.81347007173437</ele></trkpt><trkpt lat="-34.21062778141053" lon="115.9394158194555"><ele>177.61708795253315</ele></trkpt><trkpt lat="-34.207797744942994" lon="115.9392722049052"><ele>171.3761652721053</ele></trkpt><trkpt lat="-34.20522086886578" lon="115.94023820767815"><ele>204.54671038722412</ele></trkpt><trkpt lat="-34.20313126512224" lon="115.94196943255477"><ele>195.85382149249182</ele></trkpt><trkpt lat="-34.201090753824204" lon="115.9430925160355"><ele>181.4009392898452</ele></trkpt><trkpt lat="-34.198756051762174" lon="115.94482024860818"><ele>188.3684864623647</ele></trkpt><trkpt lat="-34.196639657480205" lon="115.94416073453482"><ele>193.7183748523239</ele></trkpt><trkpt lat="-34.19458352223168" lon="115.94267883098385"><ele>199.53787210211158</ele></trkpt><trkpt lat="-34.19193601696417" lon="115.94158168631265"><ele>206.73904687492177</ele></trkpt><trkpt lat="-34.19070372783254" lon="115.93853436454802"><ele>204.4795561415376</ele></trkpt><trkpt lat="-34.19025547236065" lon="115.93505514444607"><ele>211.74991140206512</ele></trkpt><trkpt lat="-34.18858830330102" lon="115.93611210122555"><ele>224.40117312922345</ele></trkpt><trkpt lat="-34.18837394281936" lon="115.93939752271496"><ele>231.1681298953481</ele></trkpt><trkpt lat="-34.187601558061985" lon="115.94080208262892"><ele>218.01319471692574</ele></trkpt><trkpt lat="-34.18534046290025" lon="115.94192552832156"><ele>230.72297619711526</ele></trkpt><trkpt lat="-34.183576257762056" lon="115.93953953116775"><ele>257.31991868304465</ele></trkpt><trkpt lat="-34.18306020343974" lon="115.93592433475908"><ele>251.40909034444485</ele></trkpt><trkpt lat="-34.18344916634784" lon="115.93233878456448"><ele>262.1317944023169</ele></trkpt><trkpt lat="-34.181556917763196" lon="115.9306112890856"><ele>250.09442914337222</ele></trkpt><trkpt lat="-34.17880386191989" lon="115.92956575302293"><ele>234.8314497678075</ele></trkpt><trkpt lat="-34.17693503077908" lon="115.93147346141043"><ele>221.3034165865509</ele></trkpt><trkpt lat="-34.17452125749896" lon="115.93256663214032"><ele>219.92751639243215</ele></trkpt><trkpt lat="-34.171625919501025" lon="115.93193471418309"><ele>227.4617112345416</ele></trkpt><trkpt lat="-34.16973398253568" lon="115.93445803091025"><ele>215.86921084788628</ele></trkpt><trkpt lat="-34.16718785746594" lon="115.93291201878185"><ele>226.4399695980121</ele></trkpt><trkpt lat="-34.16818608814734" lon="115.92978115132482"><ele>228.0892728161998</ele></trkpt><trkpt lat="-34.16565383955388" lon="115.92838534809297"><ele>229.00886901584454</ele></trkpt><trkpt lat="-34.16578347807737" lon="115.92567995264758"><ele>200.24614252600622</ele></trkpt><trkpt lat="-34.1652676573437" lon="115.92329354590552"><ele>219.02647520257952</ele></trkpt><trkpt lat="-34.16295400152335" lon="115.92106904652188"><ele>215.49193260876467</ele></trkpt><trkpt lat="-34.16221175285816" lon="115.91756367066941"><ele>221.89656411332544</ele></trkpt><trkpt lat="-34.16259648442769" lon="115.9142170254081"><ele>225.30561394733377</ele></trkpt><trkpt lat="-34.16361484760952" lon="115.91268906522278"><ele>221.1274462799009</ele></trkpt><trkpt lat="-34.16066355467905" lon="115.91317006600724"><ele>234.01163421726963</ele></trkpt><trkpt lat="-34.15767166308531" lon="115.91262676220455"><ele>220.28085525209707</ele></trkpt><trkpt lat="-34.15493766384728" lon="115.91417111775303"><ele>228.2100376905821</ele></trkpt><trkpt lat="-34.15216286621933" lon="115.91567900828649"><ele>226.85935084498487</ele></trkpt><trkpt lat="-34.150428968378414" lon="115.91865369942938"><ele>234.53395362291292</ele></trkpt><trkpt lat="-34.15146690375762" lon="115.92192407349611"><ele>228.82605731815732</ele></trkpt><trkpt lat="-34.15169700056586" lon="115.92537336635752"><ele>212.7966627058783</ele></trkpt><trkpt lat="-34.14970908436376" lon="115.92629698549851"><ele>238.56308022055183</ele></trkpt><trkpt lat="-34.14715995671164" lon="115.92745801713704"><ele>248.38826075485252</ele></trkpt><trkpt lat="-34.14564746488034" lon="115.93062833201148"><ele>261.8114162033144</ele></trkpt><trkpt lat="-34.14278454102259" lon="115.93062562391128"><ele>265.5964166561607</ele></trkpt><trkpt lat="-34.13987975589694" lon="115.93113535086806"><ele>285.3976053554684</ele></trkpt><trkpt lat="-34.137163304046844" lon="115.93191347224733"><ele>285.71799937612377</ele></trkpt><trkpt lat="-34.13584385809907" lon="115.93495562863387"><ele>266.4840351370065</ele></trkpt><trkpt lat="-34.13373794949123" lon="115.9372072498405"><ele>283.6861402609103</ele></trkpt><trkpt lat="-34.13110699605075" lon="115.93796951702599"><ele>281.2869094953104</ele></trkpt><trkpt lat="-34.12856426453711" lon="115.93605179406305"><ele>270.5257920694928</ele></trkpt><trkpt lat="-34.12779792705074" lon="115.93295036286165"><ele>292.04005184490234</ele></trkpt><trkpt lat="-34.12497370752803" lon="115.93330877760474"><ele>259.2728887073911</ele></trkpt><trkpt lat="-34.12233365750205" lon="115.93507879289054"><ele>228.73253602793272</ele></trkpt><trkpt lat="-34.120430353932655" lon="115.93734452610451"><ele>225.16457542323852</ele></trkpt><trkpt lat="-34.11919577008911" lon="115.93981224773665"><ele>223.38216350786382</ele></trkpt><trkpt lat="-34.120347571230646" lon="115.94267649032598"><ele>238.56480245443527</ele></trkpt><trkpt lat="-34.122498462345064" lon="115.94514587254895"><ele>241.4350888344925</ele></trkpt><trkpt lat="-34.12481394130211" lon="115.94637786360337"><ele>234.06070802540924</ele></trkpt><trkpt lat="-34.12695026766894" lon="115.94895302682751"><ele>218.32281764526851</ele></trkpt><trkpt lat="-34.12803467733287" lon="115.95233518381515"><ele>222.6358598956799</ele></trkpt><trkpt lat="-34.13078629951125" lon="115.95360890419182"><ele>217.43310971977235</ele></trkpt><trkpt lat="-34.1320971961694" lon="115.9568089441229"><ele>233.14938073109062</ele></trkpt><trkpt lat="-34.13057893380525" lon="115.95930354124867"><ele>238.74756704829633</ele></trkpt><trkpt lat="-34.13101055197354" lon="115.96242840395902"><ele>218.2975915959105</ele></trkpt><trkpt lat="-34.131379875740244" lon="115.96577239741664"><ele>244.38835482966329</ele></trkpt><trkpt lat="-34.13068081380785" lon="115.96930195461515"><ele>229.69723141882525</ele></trkpt><trkpt lat="-34.13066055086716" lon="115.97279388417498"><ele>215.97959945910281</ele></trkpt><trkpt lat="-34.13126451964992" lon="115.9761627860649"><ele>220.48739699972793</ele></trkpt><trkpt lat="-34.13016119508292" lon="115.97787566710412"><ele>241.9931357415468</ele></trkpt><trkpt lat="-34.1276255527525" lon="115.97951770912721"><ele>246.49257314531133</ele></trkpt><trkpt lat="-34.12539331561949" lon="115.97735578117012"><ele>267.9203589410754</ele></trkpt><trkpt lat="-34.122655276232436" lon="115.97626387361902"><ele>271.58385931071746</ele></trkpt><trkpt lat="-34.12036219896846" lon="115.97819163406257"><ele>269.59610632352593</ele></trkpt><trkpt lat="-34.11745310438013" lon="115.97746569123872"><ele>261.1941807411849</ele></trkpt><trkpt lat="-34.11454984419741" lon="115.97640397878541"><ele>263.0209914383013</ele></trkpt><trkpt lat="-34.111565874259846" lon="115.97685035539845"><ele>265.2472794604009</ele></trkpt><trkpt lat="-34.108655785588184" lon="115.97630841274194"><ele>259.97530548752</ele></trkpt><trkpt lat="-34.10605025161662" lon="115.97602911809261"><ele>275.632309113862</ele></trkpt><trkpt lat="-34.103536804425964" lon="115.97625638134117"><ele>253.8776893641334</ele></trkpt><trkpt lat="-34.101928811764424" lon="115.97608814576338"><ele>238.53812752084895</ele></trkpt><trkpt lat="-34.10132503188913" lon="115.97251424892686"><ele>253.80317399813794</ele></trkpt><trkpt lat="-34.10003676481578" lon="115.96958008690078"><ele>241.6134920886252</ele></trkpt><trkpt lat="-34.09883300358931" lon="115.96655122938665"><ele>234.23911690048408</ele></trkpt><trkpt lat="-34.09879393095662" lon="115.96327941928288"><ele>279.43510914454237</ele></trkpt><trkpt lat="-34.09743195271431" lon="115.9600567763979"><ele>235.0</ele></trkpt><trkpt lat="-34.09510794934336" lon="115.95793153618665"><ele>251.57471508872084</ele></trkpt><trkpt lat="-34.09308471608297" lon="115.95540927459204"><ele>238.60344366333447</ele></trkpt><trkpt lat="-34.091243861367865" lon="115.952579520474"><ele>246.409873183351</ele></trkpt><trkpt lat="-34.09064685744105" lon="115.94906756168682"><ele>240.94441691996917</ele></trkpt><trkpt lat="-34.09214618463668" lon="115.94593504517208"><ele>245.5991270452505</ele></trkpt><trkpt lat="-34.093774602585064" lon="115.94302832883493"><ele>251.0434388232298</ele></trkpt><trkpt lat="-34.09176967034695" lon="115.94060004686904"><ele>261.798939311023</ele></trkpt><trkpt lat="-34.08934607569591" lon="115.93851705621276"><ele>236.37265849579126</ele></trkpt><trkpt lat="-34.08679528137804" lon="115.93662608543696"><ele>234.03526291402522</ele></trkpt><trkpt lat="-34.085879888947744" lon="115.93353709874756"><ele>237.40269458478963</ele></trkpt><trkpt lat="-34.08561716400113" lon="115.93080794336632"><ele>222.94368354124595</ele></trkpt><trkpt lat="-34.082983385139876" lon="115.92963777077148"><ele>234.19173313630745</ele></trkpt><trkpt lat="-34.080157781896524" lon="115.92951910069021"><ele>263.30324980380954</ele></trkpt><trkpt lat="-34.07769046220419" lon="115.9313970529911"><ele>243.87511819847066</ele></trkpt><trkpt lat="-34.075626273317006" lon="115.93396314347638"><ele>244.0233891615644</ele></trkpt><trkpt lat="-34.07311166166697" lon="115.93556007420848"><ele>258.0</ele></trkpt><trkpt lat="-34.07077318440628" lon="115.93620030848822"><ele>249.9349530588204</ele></trkpt><trkpt lat="-34.068079592317346" lon="115.93609219667927"><ele>234.7426414177753</ele></trkpt><trkpt lat="-34.065248760192404" lon="115.93493328078276"><ele>230.0335537453362</ele></trkpt><trkpt lat="-34.062730416625314" lon="115.93333223384394"><ele>237.15164450998418</ele></trkpt><trkpt lat="-34.06009385637016" lon="115.9323153851044"><ele>244.29674655102235</ele></trkpt><trkpt lat="-34.0577912341669" lon="115.93271445546418"><ele>249.72401812381395</ele></trkpt><trkpt lat="-34.05523818369108" lon="115.93107195433355"><ele>254.48792535953578</ele></trkpt><trkpt lat="-34.05332562189042" lon="115.92904103745597"><ele>273.03958645113744</ele></trkpt><trkpt lat="-34.051869023958865" lon="115.92608595095486"><ele>278.6521572394937</ele></trkpt><trkpt lat="-34.04935855782904" lon="115.92456691649551"><ele>264.3882149019046</ele></trkpt><trkpt lat="-34.04676981823357" lon="115.92589460994101"><ele>249.78168958340274</ele></trkpt><trkpt lat="-34.043871082730554" lon="115.9268803985099"><ele>270.9135267652292</ele></trkpt><trkpt lat="-34.040949810976464" lon="115.92777249557842"><ele>276.3890172424659</ele></trkpt><trkpt lat="-34.03792677021734" lon="115.9279894244098"><ele>274.7540563541105</ele></trkpt><trkpt lat="-34.03555413478358" lon="115.93020446528121"><ele>279.11068118480034</ele></trkpt><trkpt lat="-34.032643220544735" lon="115.93074644221716"><ele>285.837653635378</ele></trkpt><trkpt lat="-34.02964426972245" lon="115.93124815190737"><ele>282.978453349795</ele></trkpt><trkpt lat="-34.026651787079615" lon="115.9311813805821"><ele>279.8061949180893</ele></trkpt><trkpt lat="-34.02426531484972" lon="115.93280515913888"><ele>294.2411692315938</ele></trkpt><trkpt lat="-34.02171250643597" lon="115.93435995666155"><ele>281.9540570866167</ele></trkpt><trkpt lat="-34.018755305583554" lon="115.93380315435115"><ele>293.83526811900083</ele></trkpt><trkpt lat="-34.01633372378629" lon="115.93196185413223"><ele>310.00012005153405</ele></trkpt><trkpt lat="-34.01357906998129" lon="115.93055892743675"><ele>329.5199738643132</ele></trkpt><trkpt lat="-34.01089531275211" lon="115.92953378223822"><ele>342.96593990960815</ele></trkpt><trkpt lat="-34.008046069527076" lon="115.93068482311652"><ele>336.1837247985517</ele></trkpt><trkpt lat="-34.00745429838353" lon="115.93385718094369"><ele>318.7864604990148</ele></trkpt><trkpt lat="-34.00758676381862" lon="115.93747872806051"><ele>319.581905170691</ele></trkpt><trkpt lat="-34.006179895358876" lon="115.94009639130068"><ele>311.8689150383091</ele></trkpt><trkpt lat="-34.00427642112665" lon="115.93981928233625"><ele>307.54695774878365</ele></trkpt><trkpt lat="-34.00152689003493" lon="115.93951445191881"><ele>318.03305159090087</ele></trkpt><trkpt lat="-34.00109271856644" lon="115.93661133020757"><ele>319.4644059044002</ele></trkpt><trkpt lat="-33.99964666947311" lon="115.933444343632"><ele>320.76297815702856</ele></trkpt><trkpt lat="-33.99696290011711" lon="115.93245310872891"><ele>337.0098520668689</ele></trkpt><trkpt lat="-33.993997384037215" lon="115.93269608539202"><ele>335.1918840436265</ele></trkpt><trkpt lat="-33.99238350571241" lon="115.93569421023"><ele>323.0</ele></trkpt><trkpt lat="-33.98987582229058" lon="115.93594170797067"><ele>324.5372986770235</ele></trkpt><trkpt lat="-33.98711821683125" lon="115.9358120568861"><ele>306.851796219009</ele></trkpt><trkpt lat="-33.985186896803334" lon="115.93757617341507"><ele>289.2831456065178</ele></trkpt><trkpt lat="-33.982746640742405" lon="115.9383917336643"><ele>276.33049231492674</ele></trkpt><trkpt lat="-33.98009885292293" lon="115.93865694998495"><ele>309.0</ele></trkpt><trkpt lat="-33.977209217535005" lon="115.93971450780418"><ele>314.11375504277805</ele></trkpt><trkpt lat="-33.9752703805144" lon="115.94181277854399"><ele>306.6828342583295</ele></trkpt><trkpt lat="-33.97287952011657" lon="115.9436318582143"><ele>281.518916763324</ele></trkpt><trkpt lat="-33.969877874695385" lon="115.94355299197213"><ele>244.78674211072226</ele></trkpt><trkpt lat="-33.966935417801125" lon="115.9435884744008"><ele>274.3584592406405</ele></trkpt><trkpt lat="-33.96509921709456" lon="115.94225380146999"><ele>293.7586760991363</ele></trkpt><trkpt lat="-33.96373811467752" lon="115.93899828545989"><ele>296.33436504009364</ele></trkpt><trkpt lat="-33.96212092468545" lon="115.93595233721598"><ele>296.4136908067942</ele></trkpt><trkpt lat="-33.9594389407881" lon="115.93428384187109"><ele>312.5482473334531</ele></trkpt><trkpt lat="-33.957301068277616" lon="115.93179350229649"><ele>289.26874728262726</ele></trkpt><trkpt lat="-33.95445667846913" lon="115.93112105110212"><ele>270.5909112592995</ele></trkpt><trkpt lat="-33.952750228308005" lon="115.92810711162551"><ele>295.7175164637075</ele></trkpt><trkpt lat="-33.950954567184326" lon="115.9297991106165"><ele>328.215629545939</ele></trkpt><trkpt lat="-33.948621454543456" lon="115.93181534367724"><ele>334.45326875848696</ele></trkpt><trkpt lat="-33.945634973155556" lon="115.93222681532067"><ele>349.0</ele></trkpt><trkpt lat="-33.94265336726383" lon="115.93225412317906"><ele>311.32409963477403</ele></trkpt><trkpt lat="-33.940026768365605" lon="115.93050690424826"><ele>296.4105198440707</ele></trkpt><trkpt lat="-33.93716594446352" lon="115.92975204628955"><ele>280.0017738159241</ele></trkpt><trkpt lat="-33.93613042572656" lon="115.93243086717794"><ele>291.6687536770478</ele></trkpt><trkpt lat="-33.93575870381292" lon="115.93602064935516"><ele>288.3086326882476</ele></trkpt><trkpt lat="-33.93422568806253" lon="115.9391333525011"><ele>285.39819570001</ele></trkpt><trkpt lat="-33.93168632178649" lon="115.94111363351742"><ele>297.82185806611704</ele></trkpt><trkpt lat="-33.92906072701862" lon="115.9396132697322"><ele>291.13285128446364</ele></trkpt><trkpt lat="-33.92615548425007" lon="115.93875133678621"><ele>294.20244436608994</ele></trkpt><trkpt lat="-33.923233359069386" lon="115.93851827327188"><ele>304.715567490605</ele></trkpt><trkpt lat="-33.92125360437783" lon="115.94127609024936"><ele>307.6879617667852</ele></trkpt><trkpt lat="-33.91943852280906" lon="115.94253471167559"><ele>304.4364203326404</ele></trkpt><trkpt lat="-33.91646239480459" lon="115.94251100102633"><ele>288.8472169583031</ele></trkpt><trkpt lat="-33.91427845478455" lon="115.9447671134609"><ele>272.76896106032655</ele></trkpt><trkpt lat="-33.91233490967363" lon="115.94738881871244"><ele>259.03492847688284</ele></trkpt><trkpt lat="-33.91126766606146" lon="115.95038431522872"><ele>281.47040586171954</ele></trkpt><trkpt lat="-33.911009365797355" lon="115.95363103338322"><ele>248.31244413131213</ele></trkpt><trkpt lat="-33.911814487576635" lon="115.956510642318"><ele>227.30547908414155</ele></trkpt><trkpt lat="-33.91383913457136" lon="115.95914589208402"><ele>201.0228426864408</ele></trkpt><trkpt lat="-33.9167836085712" lon="115.9596113277884"><ele>182.3956770959776</ele></trkpt><trkpt lat="-33.917409719902615" lon="115.9601602582216"><ele>151.9053851782576</ele></trkpt><trkpt lat="-33.914748534961056" lon="115.96192743184216"><ele>125.62201365176588</ele></trkpt><trkpt lat="-33.911774376882185" lon="115.96237565996677"><ele>108.07632564757898</ele></trkpt><trkpt lat="-33.90880713607156" lon="115.96287276976884"><ele>111.87022508910287</ele></trkpt><trkpt lat="-33.90578207007885" lon="115.96261836132194"><ele>105.513156614732</ele></trkpt><trkpt lat="-33.90346693550062" lon="115.96368872083889"><ele>109.13034753908869</ele></trkpt><trkpt lat="-33.90059352488011" lon="115.96486622233324"><ele>115.0</ele></trkpt><trkpt lat="-33.89778991589846" lon="115.96598354990523"><ele>107.6351869488135</ele></trkpt><trkpt lat="-33.89483786791501" lon="115.96663341383149"><ele>103.81745957047679</ele></trkpt><trkpt lat="-33.89235440537498" lon="115.96847417909142"><ele>110.82656008331105</ele></trkpt><trkpt lat="-33.889900582462815" lon="115.9693781671285"><ele>99.85566535475664</ele></trkpt><trkpt lat="-33.88702011937073" lon="115.97034374665118"><ele>101.0027426903322</ele></trkpt><trkpt lat="-33.88434387375746" lon="115.96985908098384"><ele>104.83371107642668</ele></trkpt><trkpt lat="-33.882885942477" lon="115.96832426594354"><ele>183.28283438710153</ele></trkpt><trkpt lat="-33.882230575157024" lon="115.9655034546301"><ele>232.59467487525737</ele></trkpt><trkpt lat="-33.87929530706049" lon="115.96629649078899"><ele>260.27895729495447</ele></trkpt><trkpt lat="-33.87681905578844" lon="115.96560567839462"><ele>260.301781372875</ele></trkpt><trkpt lat="-33.87554757174355" lon="115.96861065440385"><ele>243.51660408638418</ele></trkpt><trkpt lat="-33.87368986858182" lon="115.97102402471307"><ele>236.9221019654069</ele></trkpt><trkpt lat="-33.87181459546877" lon="115.97390495744575"><ele>245.9464910928702</ele></trkpt><trkpt lat="-33.870114477146664" lon="115.97619352679527"><ele>264.22468634857796</ele></trkpt><trkpt lat="-33.86959546690157" lon="115.97906098578208"><ele>249.3803684286011</ele></trkpt><trkpt lat="-33.8690335386627" lon="115.98246366512659"><ele>248.16137414670084</ele></trkpt><trkpt lat="-33.86624553658745" lon="115.98366649822171"><ele>199.5917720910099</ele></trkpt><trkpt lat="-33.86394972391639" lon="115.98597206451338"><ele>176.89679492225167</ele></trkpt><trkpt lat="-33.86377575538434" lon="115.98883090613842"><ele>152.34763922169805</ele></trkpt><trkpt lat="-33.86268500717277" lon="115.99010998813547"><ele>137.69265191438893</ele></trkpt><trkpt lat="-33.860749218641224" lon="115.99288799571691"><ele>157.64608289848167</ele></trkpt><trkpt lat="-33.859738344837226" lon="115.99634282916847"><ele>185.27591875664217</ele></trkpt><trkpt lat="-33.8580985371932" lon="115.99921600801756"><ele>224.91047307755798</ele></trkpt><trkpt lat="-33.85799593164575" lon="116.00200755772768"><ele>227.5668432135135</ele></trkpt><trkpt lat="-33.858622200411375" lon="116.00510760533949"><ele>227.76305221777875</ele></trkpt><trkpt lat="-33.858711676980995" lon="116.00823022567451"><ele>214.74989476590417</ele></trkpt><trkpt lat="-33.85733495031737" lon="116.01049513753239"><ele>193.3694738692386</ele></trkpt><trkpt lat="-33.855428540915376" lon="116.01307991457143"><ele>218.0459034987665</ele></trkpt><trkpt lat="-33.85338396209174" lon="116.01528457683386"><ele>220.03509271657094</ele></trkpt><trkpt lat="-33.850780966858224" lon="116.01620384960265"><ele>210.57804131162345</ele></trkpt><trkpt lat="-33.84849076543229" lon="116.0138347421312"><ele>252.82383474163927</ele></trkpt><trkpt lat="-33.84595729153514" lon="116.01285826970067"><ele>265.4660879760049</ele></trkpt><trkpt lat="-33.84345983137088" lon="116.01444073712044"><ele>242.04254380720442</ele></trkpt><trkpt lat="-33.841814083433825" lon="116.01689725500829"><ele>239.81083919433897</ele></trkpt><trkpt lat="-33.839139612780684" lon="116.01783088877428"><ele>256.2995330290869</ele></trkpt><trkpt lat="-33.83626995597985" lon="116.01675582437406"><ele>270.71831428585574</ele></trkpt><trkpt lat="-33.83398964313106" lon="116.01461863056416"><ele>271.3625268752221</ele></trkpt><trkpt lat="-33.831820358091704" lon="116.01206226231002"><ele>269.46407378302035</ele></trkpt><trkpt lat="-33.82966939341379" lon="116.0094911832602"><ele>275.6197376991548</ele></trkpt><trkpt lat="-33.8288857191876" lon="116.01186950656763"><ele>267.181616724818</ele></trkpt><trkpt lat="-33.827168151559995" lon="116.01442826358499"><ele>264.4486128255637</ele></trkpt><trkpt lat="-33.826033727936526" lon="116.0175263209482"><ele>251.88705744254125</ele></trkpt><trkpt lat="-33.82333979650181" lon="116.01819766870952"><ele>270.66830785549246</ele></trkpt><trkpt lat="-33.8203238138276" lon="116.01798189788985"><ele>274.91548928176053</ele></trkpt><trkpt lat="-33.81775841365178" lon="116.01723791548014"><ele>269.2555650090586</ele></trkpt><trkpt lat="-33.817918720151205" lon="116.01358837829706"><ele>263.3727205535021</ele></trkpt><trkpt lat="-33.81633146410222" lon="116.01080253656859"><ele>237.840924508404</ele></trkpt><trkpt lat="-33.814324255814526" lon="116.00818164724743"><ele>199.1027710129672</ele></trkpt><trkpt lat="-33.81252108911194" lon="116.00524792844173"><ele>170.0271680951931</ele></trkpt><trkpt lat="-33.81031846527002" lon="116.00271916984518"><ele>181.73521071086805</ele></trkpt><trkpt lat="-33.808014235529555" lon="116.00032821582752"><ele>158.49651858491643</ele></trkpt><trkpt lat="-33.80550858222331" lon="115.99839639636261"><ele>148.97210960162238</ele></trkpt><trkpt lat="-33.80338357188362" lon="115.99626207000857"><ele>141.9530797419842</ele></trkpt><trkpt lat="-33.80106502425464" lon="115.99437416888816"><ele>140.29506379947998</ele></trkpt><trkpt lat="-33.79888389792582" lon="115.99255502723211"><ele>133.12480523623367</ele></trkpt><trkpt lat="-33.79688849920045" lon="115.99031934962409"><ele>130.0</ele></trkpt><trkpt lat="-33.79581090758905" lon="115.98737312627293"><ele>125.21992701513227</ele></trkpt><trkpt lat="-33.793437428779846" lon="115.98512239771838"><ele>128.46466413927894</ele></trkpt><trkpt lat="-33.79049944644505" lon="115.98422422158464"><ele>124.66274028556336</ele></trkpt><trkpt lat="-33.787460841138156" lon="115.9842406191153"><ele>123.67273016367108</ele></trkpt><trkpt lat="-33.784429281536745" lon="115.98439651276384"><ele>113.85501295389616</ele></trkpt><trkpt lat="-33.78234549966804" lon="115.98536813997936"><ele>113.97950649747567</ele></trkpt><trkpt lat="-33.78163620907767" lon="115.98892485738502"><ele>117.11036999159639</ele></trkpt><trkpt lat="-33.779838387201586" lon="115.99036978164014"><ele>118.27898460545111</ele></trkpt><trkpt lat="-33.777505884422254" lon="115.99081684899468"><ele>126.11816593460486</ele></trkpt><trkpt lat="-33.7788093588716" lon="115.99379926166047"><ele>120.72872014385112</ele></trkpt><trkpt lat="-33.77987272263592" lon="115.99711094564239"><ele>116.4160304395482</ele></trkpt><trkpt lat="-33.78078718591517" lon="116.000103055712"><ele>124.83688622456975</ele></trkpt><trkpt lat="-33.78231670966669" lon="116.00287961236155"><ele>119.74726437986828</ele></trkpt><trkpt lat="-33.78044171557473" lon="116.00562605327735"><ele>135.82013224231386</ele></trkpt><trkpt lat="-33.77959537672724" lon="116.0088652413228"><ele>130.7989317018073</ele></trkpt><trkpt lat="-33.77976593318793" lon="116.01241507385575"><ele>140.37873185564428</ele></trkpt><trkpt lat="-33.78026752453706" lon="116.01578715029126"><ele>132.90639785758685</ele></trkpt><trkpt lat="-33.77895981331885" lon="116.01679979565762"><ele>139.72334658618246</ele></trkpt><trkpt lat="-33.77633987723061" lon="116.0184355866576"><ele>203.99269457303413</ele></trkpt><trkpt lat="-33.77357317006788" lon="116.01726426912003"><ele>240.7633054642938</ele></trkpt><trkpt lat="-33.77105316844473" lon="116.01553598917829"><ele>251.22573741991073</ele></trkpt><trkpt lat="-33.769055012399306" lon="116.01298478713957"><ele>231.7442220840339</ele></trkpt><trkpt lat="-33.766255691008006" lon="116.01158739669901"><ele>197.29242488381428</ele></trkpt><trkpt lat="-33.76395656633063" lon="116.0095897811878"><ele>176.67278192297897</ele></trkpt><trkpt lat="-33.7614643689504" lon="116.00866107021616"><ele>169.0</ele></trkpt><trkpt lat="-33.7591296792971" lon="116.00979837342608"><ele>168.12346973691808</ele></trkpt><trkpt lat="-33.75776127832109" lon="116.00800963513608"><ele>185.54578841824699</ele></trkpt><trkpt lat="-33.756256988332304" lon="116.0069099109242"><ele>212.1759631993482</ele></trkpt><trkpt lat="-33.75412785671977" lon="116.00565552276537"><ele>229.07864302549595</ele></trkpt><trkpt lat="-33.75203865961756" lon="116.0032750761091"><ele>232.4626716625644</ele></trkpt><trkpt lat="-33.74987243462148" lon="116.00098250368012"><ele>252.9576531040948</ele></trkpt><trkpt lat="-33.74774596925542" lon="115.9986120198648"><ele>263.6730216136408</ele></trkpt><trkpt lat="-33.74528972589458" lon="115.99779228267388"><ele>255.6168922057841</ele></trkpt><trkpt lat="-33.742682263709845" lon="115.99928766335961"><ele>265.671883916948</ele></trkpt><trkpt lat="-33.7400881949837" lon="115.99872136192417"><ele>252.0529197916456</ele></trkpt><trkpt lat="-33.73732829370475" lon="115.99762666205226"><ele>223.3479178440757</ele></trkpt><trkpt lat="-33.7355483496517" lon="116.0001085487668"><ele>225.2215264525267</ele></trkpt><trkpt lat="-33.73348573505925" lon="116.00262730296535"><ele>239.82405523280613</ele></trkpt><trkpt lat="-33.730947274055794" lon="116.00355757165234"><ele>235.18974605872887</ele></trkpt><trkpt lat="-33.72881963581014" lon="116.00612211804903"><ele>243.2421643929556</ele></trkpt><trkpt lat="-33.7265802831045" lon="116.00848238909748"><ele>254.00269182855914</ele></trkpt><trkpt lat="-33.7236985705362" lon="116.00945054540196"><ele>257.45904269325547</ele></trkpt><trkpt lat="-33.72247150349524" lon="116.00995362388122"><ele>265.1227488218574</ele></trkpt><trkpt lat="-33.721320328569796" lon="116.01150257655762"><ele>271.0</ele></trkpt><trkpt lat="-33.7188735358609" lon="116.01332591681617"><ele>279.0778729119338</ele></trkpt><trkpt lat="-33.71935029809206" lon="116.01671051247891"><ele>293.012283016278</ele></trkpt><trkpt lat="-33.71756477678569" lon="116.01596399957623"><ele>289.35099313707747</ele></trkpt><trkpt lat="-33.71574502937367" lon="116.01545712226303"><ele>303.4200995656263</ele></trkpt><trkpt lat="-33.713827942152264" lon="116.01679333548657"><ele>315.0652026811149</ele></trkpt><trkpt lat="-33.71119062491685" lon="116.01503340433663"><ele>318.74454911955354</ele></trkpt><trkpt lat="-33.70847188187987" lon="116.01468935716795"><ele>316.64729896173833</ele></trkpt><trkpt lat="-33.70840480106288" lon="116.0177882199427"><ele>309.18436427212333</ele></trkpt><trkpt lat="-33.70662377993625" lon="116.02058477663512"><ele>316.3927930276841</ele></trkpt><trkpt lat="-33.70394526730685" lon="116.02180655936976"><ele>299.6499809242104</ele></trkpt><trkpt lat="-33.7013453692069" lon="116.0204597396871"><ele>298.2709787331987</ele></trkpt><trkpt lat="-33.69894422091636" lon="116.02100562823983"><ele>296.7926511734936</ele></trkpt><trkpt lat="-33.69696789451379" lon="116.01933144521564"><ele>296.6329887204338</ele></trkpt><trkpt lat="-33.696521027493255" lon="116.01610535426883"><ele>317.4175933393417</ele></trkpt><trkpt lat="-33.69370301230442" lon="116.01718673032585"><ele>310.83039399559163</ele></trkpt><trkpt lat="-33.69106594966778" lon="116.01850749096248"><ele>306.13457252239976</ele></trkpt><trkpt lat="-33.688245645008024" lon="116.0190636883191"><ele>292.46818865067326</ele></trkpt><trkpt lat="-33.68532092317648" lon="116.01954008720857"><ele>285.9646568906028</ele></trkpt><trkpt lat="-33.68273127792908" lon="116.02123644348521"><ele>279.668852654635</ele></trkpt><trkpt lat="-33.68040387251823" lon="116.0234948942827"><ele>285.4965573573718</ele></trkpt><trkpt lat="-33.67751181818501" lon="116.02394167390005"><ele>282.15558914258145</ele></trkpt><trkpt lat="-33.674490517526216" lon="116.02403455800822"><ele>293.2102856863825</ele></trkpt><trkpt lat="-33.67148470373169" lon="116.02404994460807"><ele>287.08164202795626</ele></trkpt><trkpt lat="-33.66845109607499" lon="116.02404276025896"><ele>267.2400573824928</ele></trkpt><trkpt lat="-33.665418267659916" lon="116.02420405413173"><ele>286.5233874153346</ele></trkpt><trkpt lat="-33.66237631670804" lon="116.02411252375683"><ele>260.35783978515224</ele></trkpt><trkpt lat="-33.659340387976094" lon="116.02403766360037"><ele>266.7434709671652</ele></trkpt><trkpt lat="-33.65667510881606" lon="116.02508312449311"><ele>249.59756860276684</ele></trkpt><trkpt lat="-33.65488531366156" lon="116.02609858317189"><ele>271.04146940388944</ele></trkpt><trkpt lat="-33.652552813708255" lon="116.02430601567106"><ele>293.2181569906693</ele></trkpt><trkpt lat="-33.64976479811287" lon="116.02548265112927"><ele>291.443426291753</ele></trkpt><trkpt lat="-33.64711276052041" lon="116.02521844212038"><ele>263.5494057112754</ele></trkpt><trkpt lat="-33.644283911038485" lon="116.02514170676383"><ele>239.85038553341292</ele></trkpt><trkpt lat="-33.641776869492375" lon="116.02382927055756"><ele>276.0564582928698</ele></trkpt><trkpt lat="-33.6417316218792" lon="116.02034920421899"><ele>303.2051754312124</ele></trkpt><trkpt lat="-33.6397605880339" lon="116.02281412197667"><ele>298.0</ele></trkpt><trkpt lat="-33.63749940399145" lon="116.02522744848174"><ele>309.43831677315757</ele></trkpt><trkpt lat="-33.63553471189999" lon="116.02449827261681"><ele>311.1757167574251</ele></trkpt><trkpt lat="-33.633913275616905" lon="116.02141601777353"><ele>281.0812830853247</ele></trkpt><trkpt lat="-33.632784595264695" lon="116.02409465828542"><ele>287.0</ele></trkpt><trkpt lat="-33.63029778368201" lon="116.02333243805806"><ele>294.7981618796475</ele></trkpt><trkpt lat="-33.62775552214821" lon="116.02507588170019"><ele>304.55537627614103</ele></trkpt><trkpt lat="-33.625142106822715" lon="116.02577871385802"><ele>284.3106814290412</ele></trkpt><trkpt lat="-33.62256118336564" lon="116.02393877729814"><ele>274.8131123233606</ele></trkpt><trkpt lat="-33.61975368573719" lon="116.02355011539836"><ele>280.66571328928694</ele></trkpt><trkpt lat="-33.616907081453014" lon="116.0235881406979"><ele>274.173896189119</ele></trkpt><trkpt lat="-33.6139909700195" lon="116.02368281406106"><ele>235.6794927183073</ele></trkpt><trkpt lat="-33.61109215222284" lon="116.02335456616588"><ele>223.0</ele></trkpt><trkpt lat="-33.60974508295782" lon="116.02651073383551"><ele>237.06111494987272</ele></trkpt><trkpt lat="-33.60860891428286" lon="116.0298348424583"><ele>239.80308385385004</ele></trkpt><trkpt lat="-33.60851119561079" lon="116.03335279554665"><ele>254.0952527858317</ele></trkpt><trkpt lat="-33.60809295084704" lon="116.03692759368087"><ele>266.0404408042756</ele></trkpt><trkpt lat="-33.60905946599792" lon="116.04036792126377"><ele>277.5808919405099</ele></trkpt><trkpt lat="-33.61030476845913" lon="116.04367340943517"><ele>288.107663142262</ele></trkpt><trkpt lat="-33.61144493863709" lon="116.0470512090373"><ele>300.5906487579923</ele></trkpt><trkpt lat="-33.6105702738225" lon="116.05014330075761"><ele>312.82283200498205</ele></trkpt><trkpt lat="-33.60773954242551" lon="116.05124800234631"><ele>320.0190294906497</ele></trkpt><trkpt lat="-33.60847740871039" lon="116.05427322157266"><ele>323.0</ele></trkpt><trkpt lat="-33.608393295482394" lon="116.05687023922796"><ele>306.46963681153613</ele></trkpt><trkpt lat="-33.60600159438459" lon="116.05863599230818"><ele>296.2781023028074</ele></trkpt><trkpt lat="-33.603081144992544" lon="116.05872110566223"><ele>288.10602323152125</ele></trkpt><trkpt lat="-33.60005983708866" lon="116.05879211705718"><ele>280.9666829742491</ele></trkpt><trkpt lat="-33.59767068155275" lon="116.05983929849518"><ele>306.27324527699966</ele></trkpt><trkpt lat="-33.5965222631215" lon="116.06182499218596"><ele>310.6344611465465</ele></trkpt><trkpt lat="-33.597450393668865" lon="116.06529307644774"><ele>303.4129140097648</ele></trkpt><trkpt lat="-33.600160077048784" lon="116.06520178764644"><ele>315.27183422842063</ele></trkpt><trkpt lat="-33.6031115838684" lon="116.06540520571019"><ele>297.0148945984383</ele></trkpt><trkpt lat="-33.60500705924373" lon="116.06776044209818"><ele>305.210962963989</ele></trkpt><trkpt lat="-33.60333295713461" lon="116.07012791555617"><ele>307.5519408561854</ele></trkpt><trkpt lat="-33.60143007687496" lon="116.07221251759098"><ele>287.4569649909542</ele></trkpt><trkpt lat="-33.60163857411849" lon="116.07524814423115"><ele>255.44055744772777</ele></trkpt><trkpt lat="-33.6013683867457" lon="116.07869081993329"><ele>243.35514943196904</ele></trkpt><trkpt lat="-33.60155615934083" lon="116.0821833132632"><ele>267.7697228428442</ele></trkpt><trkpt lat="-33.60426841414175" lon="116.0833306547047"><ele>262.0169176545824</ele></trkpt><trkpt lat="-33.606593427015426" lon="116.0851620338851"><ele>244.62483094190281</ele></trkpt><trkpt lat="-33.60719242707553" lon="116.08830589198699"><ele>269.55019161559176</ele></trkpt><trkpt lat="-33.60719495625459" lon="116.09183013399199"><ele>278.4270810044836</ele></trkpt><trkpt lat="-33.604590016217834" lon="116.09318871433334"><ele>272.64583131554537</ele></trkpt><trkpt lat="-33.60159592711778" lon="116.09289353120764"><ele>301.650108184549</ele></trkpt><trkpt lat="-33.59857990884291" lon="116.09248702504998"><ele>278.62504416843876</ele></trkpt><trkpt lat="-33.59555588334541" lon="116.0924100969385"><ele>249.4789863221813</ele></trkpt><trkpt lat="-33.59254266047129" lon="116.09202463759966"><ele>283.5095151224447</ele></trkpt><trkpt lat="-33.58967079718044" lon="116.09174145789946"><ele>277.00674856698606</ele></trkpt><trkpt lat="-33.58680605743965" lon="116.09109484158415"><ele>265.2609747092938</ele></trkpt><trkpt lat="-33.58459233715812" lon="116.09291005411056"><ele>263.31007096472786</ele></trkpt><trkpt lat="-33.58327373113441" lon="116.09579776779152"><ele>295.4732387493045</ele></trkpt><trkpt lat="-33.58062111012322" lon="116.09725072281438"><ele>302.7299339238792</ele></trkpt><trkpt lat="-33.579767096468515" lon="116.10028870881482"><ele>299.57943672343134</ele></trkpt><trkpt lat="-33.57700302033742" lon="116.10126588841891"><ele>290.4258692836156</ele></trkpt><trkpt lat="-33.574178665210425" lon="116.09996004882254"><ele>277.10348037362564</ele></trkpt><trkpt lat="-33.571314161953" lon="116.09924790788646"><ele>261.8622390396107</ele></trkpt><trkpt lat="-33.568464069336876" lon="116.09940102217942"><ele>258.0783734985039</ele></trkpt><trkpt lat="-33.56546171531958" lon="116.09889795899227"><ele>249.46700109355152</ele></trkpt><trkpt lat="-33.56270398925989" lon="116.10013764784667"><ele>243.91944671992678</ele></trkpt><trkpt lat="-33.561462806732266" lon="116.1031951972744"><ele>261.3644023858774</ele></trkpt><trkpt lat="-33.56043590857495" lon="116.10636983380668"><ele>276.87302859080955</ele></trkpt><trkpt lat="-33.55871364343301" lon="116.1092214072111"><ele>268.6687480991279</ele></trkpt><trkpt lat="-33.55654492183562" lon="116.11048102162358"><ele>242.11234368244186</ele></trkpt><trkpt lat="-33.555275538262144" lon="116.11328138704704"><ele>286.290368551341</ele></trkpt><trkpt lat="-33.55295104881048" lon="116.11525686464904"><ele>283.9258651313437</ele></trkpt><trkpt lat="-33.550506772563175" lon="116.11556242103731"><ele>270.0281725963271</ele></trkpt><trkpt lat="-33.547986171318755" lon="116.1136475864451"><ele>281.0</ele></trkpt><trkpt lat="-33.54601196002566" lon="116.11102259132068"><ele>277.5442421804182</ele></trkpt><trkpt lat="-33.54554126016614" lon="116.1075069150298"><ele>268.611105564301</ele></trkpt><trkpt lat="-33.54346595187384" lon="116.10484943593016"><ele>246.2299168231846</ele></trkpt><trkpt lat="-33.54284986957574" lon="116.10132718173188"><ele>219.59703310602907</ele></trkpt><trkpt lat="-33.54149421487742" lon="116.098057672887"><ele>189.13802704008953</ele></trkpt><trkpt lat="-33.53858148989842" lon="116.09738526090369"><ele>166.0751656519144</ele></trkpt><trkpt lat="-33.535590969870476" lon="116.09672359882279"><ele>146.0</ele></trkpt><trkpt lat="-33.53261174342639" lon="116.09718479814259"><ele>144.87680594308767</ele></trkpt><trkpt lat="-33.52997614482882" lon="116.09555377365781"><ele>142.66289264329808</ele></trkpt><trkpt lat="-33.52962299672559" lon="116.09858518674562"><ele>142.00892004463822</ele></trkpt><trkpt lat="-33.529970335443274" lon="116.10218379575838"><ele>142.17009895337145</ele></trkpt><trkpt lat="-33.529716391600836" lon="116.10573312086119"><ele>141.58215033239685</ele></trkpt><trkpt lat="-33.52887868173718" lon="116.10923141340825"><ele>135.97064523631707</ele></trkpt><trkpt lat="-33.52839778242466" lon="116.11243841560812"><ele>132.95804538577795</ele></trkpt><trkpt lat="-33.52651068873535" lon="116.11439292256789"><ele>138.93491827361345</ele></trkpt><trkpt lat="-33.523568877431316" lon="116.11510481260798"><ele>145.08743052347563</ele></trkpt><trkpt lat="-33.52296048045624" lon="116.11843909094577"><ele>170.32684770738706</ele></trkpt><trkpt lat="-33.52235217967405" lon="116.12163635004751"><ele>184.09407332539558</ele></trkpt><trkpt lat="-33.52019815176635" lon="116.12352627576233"><ele>231.30222225307446</ele></trkpt><trkpt lat="-33.51780371570958" lon="116.12195426048139"><ele>254.41564633739878</ele></trkpt><trkpt lat="-33.5155759479186" lon="116.1198472480539"><ele>244.9731689893016</ele></trkpt><trkpt lat="-33.51316812374133" lon="116.1179203649371"><ele>250.43932686431108</ele></trkpt><trkpt lat="-33.51118427977695" lon="116.1156097836987"><ele>245.0</ele></trkpt><trkpt lat="-33.509158807448244" lon="116.11322375051465"><ele>240.9589318509656</ele></trkpt><trkpt lat="-33.507156293362314" lon="116.11083506329125"><ele>230.109042730066</ele></trkpt><trkpt lat="-33.5045675389445" lon="116.11058448431214"><ele>215.67615743586794</ele></trkpt><trkpt lat="-33.50397256360122" lon="116.10825711223957"><ele>219.87418338724297</ele></trkpt><trkpt lat="-33.5034195850467" lon="116.10533635997544"><ele>234.89345001336187</ele></trkpt><trkpt lat="-33.502676381323" lon="116.10201608791434"><ele>225.5673720732496</ele></trkpt><trkpt lat="-33.503179187484065" lon="116.09863253777948"><ele>198.97503831384256</ele></trkpt><trkpt lat="-33.50118331473305" lon="116.09727136227339"><ele>206.78967003407888</ele></trkpt><trkpt lat="-33.500056263476516" lon="116.0948088645988"><ele>228.57468306890223</ele></trkpt><trkpt lat="-33.497564107525214" lon="116.0963599772144"><ele>227.66067483299412</ele></trkpt><trkpt lat="-33.4954295528111" lon="116.09850222259465"><ele>231.01971554072236</ele></trkpt><trkpt lat="-33.493037537357324" lon="116.09678124865235"><ele>235.79642550225918</ele></trkpt><trkpt lat="-33.49053309020821" lon="116.09546642569934"><ele>225.68497744454694</ele></trkpt><trkpt lat="-33.488462489083005" lon="116.09308383014462"><ele>241.50527507228392</ele></trkpt><trkpt lat="-33.48619530909668" lon="116.09083899062855"><ele>248.00792489526793</ele></trkpt><trkpt lat="-33.48341702001718" lon="116.09095128057905"><ele>258.0</ele></trkpt><trkpt lat="-33.48093079193829" lon="116.09284052070501"><ele>257.0</ele></trkpt><trkpt lat="-33.47819416299139" lon="116.09255349779191"><ele>255.02184705486735</ele></trkpt><trkpt lat="-33.4763597801744" lon="116.09000814046087"><ele>266.0</ele></trkpt><trkpt lat="-33.474875488949095" lon="116.0871745204787"><ele>272.76682769967107</ele></trkpt><trkpt lat="-33.47393593296419" lon="116.08408658322014"><ele>259.15278978820425</ele></trkpt><trkpt lat="-33.47393894262497" lon="116.08066919335882"><ele>262.90944567223073</ele></trkpt><trkpt lat="-33.473025016649835" lon="116.07839228876651"><ele>269.8383056196617</ele></trkpt><trkpt lat="-33.47040155887382" lon="116.07681516786839"><ele>251.0</ele></trkpt><trkpt lat="-33.46771805682104" lon="116.0778651317815"><ele>263.92732047697064</ele></trkpt><trkpt lat="-33.46485617673147" lon="116.07816623869175"><ele>282.2077302845428</ele></trkpt><trkpt lat="-33.462168153910746" lon="116.0766940880681"><ele>264.06595804647077</ele></trkpt><trkpt lat="-33.46167984879829" lon="116.07387253125353"><ele>236.3163395572231</ele></trkpt><trkpt lat="-33.463067603914354" lon="116.07069350079227"><ele>231.38725744979496</ele></trkpt><trkpt lat="-33.46443244222969" lon="116.06757962368154"><ele>220.14040685841258</ele></trkpt><trkpt lat="-33.46454062173201" lon="116.0641151107502"><ele>221.5742386696024</ele></trkpt><trkpt lat="-33.46360835168463" lon="116.06067546201764"><ele>217.1979098215301</ele></trkpt><trkpt lat="-33.463084523086444" lon="116.05718824767041"><ele>215.57933518412867</ele></trkpt><trkpt lat="-33.464463346012025" lon="116.05407667589637"><ele>209.0</ele></trkpt><trkpt lat="-33.464624616284055" lon="116.05062437630045"><ele>207.2429574088078</ele></trkpt><trkpt lat="-33.46450383907596" lon="116.04719675637664"><ele>205.7506974595599</ele></trkpt><trkpt lat="-33.46450125899881" lon="116.04365151016839"><ele>202.54761441040318</ele></trkpt><trkpt lat="-33.46369231148686" lon="116.04022589464404"><ele>205.93251069346195</ele></trkpt><trkpt lat="-33.46227364380968" lon="116.0371045195517"><ele>204.8899373933673</ele></trkpt><trkpt lat="-33.460468878587065" lon="116.03424257921688"><ele>200.31971614463592</ele></trkpt><trkpt lat="-33.45993070195279" lon="116.03129985458666"><ele>198.3984523928957</ele></trkpt><trkpt lat="-33.45915699924779" lon="116.027829107568"><ele>197.99197084410116</ele></trkpt><trkpt lat="-33.45841304815035" lon="116.02460809814728"><ele>195.5735841129208</ele></trkpt><trkpt lat="-33.459792394697665" lon="116.02156800278533"><ele>205.06835959869423</ele></trkpt><trkpt lat="-33.458789944172985" lon="116.01935239037265"><ele>186.44012392196342</ele></trkpt><trkpt lat="-33.45657950540958" lon="116.01951739292085"><ele>181.99760887389021</ele></trkpt><trkpt lat="-33.45636341603195" lon="116.01589129708634"><ele>188.94279165783604</ele></trkpt><trkpt lat="-33.45553932239883" lon="116.01242188103089"><ele>217.47360161866527</ele></trkpt><trkpt lat="-33.454534947930185" lon="116.0096250026267"><ele>247.45905283093452</ele></trkpt><trkpt lat="-33.45558264203622" lon="116.00716816395777"><ele>248.57654142119475</ele></trkpt><trkpt lat="-33.456270817148834" lon="116.00421347782992"><ele>264.71783534099944</ele></trkpt><trkpt lat="-33.456308850778285" lon="116.00056703342712"><ele>247.6733576329425</ele></trkpt><trkpt lat="-33.45762600376535" lon="115.99775117466402"><ele>225.4928275416989</ele></trkpt><trkpt lat="-33.45669474187595" lon="115.99611556297924"><ele>213.31775126754957</ele></trkpt><trkpt lat="-33.45392889560942" lon="115.99518259979659"><ele>218.66264657548163</ele></trkpt><trkpt lat="-33.45221528523915" lon="115.9927816705366"><ele>224.6986293072086</ele></trkpt><trkpt lat="-33.44988180184144" lon="115.99050895537866"><ele>235.04618384409696</ele></trkpt><trkpt lat="-33.44749729828881" lon="115.9884491892206"><ele>242.71560140341214</ele></trkpt><trkpt lat="-33.44643428893391" lon="115.98503771866709"><ele>247.94779069617425</ele></trkpt><trkpt lat="-33.44512876487852" lon="115.98177749156298"><ele>250.59733807761222</ele></trkpt><trkpt lat="-33.44289340615173" lon="115.97932772582303"><ele>257.368107838165</ele></trkpt><trkpt lat="-33.441445293042015" lon="115.97615046387106"><ele>262.48794944143793</ele></trkpt><trkpt lat="-33.439375639801426" lon="115.97359669197836"><ele>254.44587343779858</ele></trkpt><trkpt lat="-33.436505660673525" lon="115.97440777872006"><ele>273.50855449330345</ele></trkpt><trkpt lat="-33.43348515992248" lon="115.97420787307883"><ele>273.0</ele></trkpt><trkpt lat="-33.43048903761743" lon="115.97453835192172"><ele>287.158516278374</ele></trkpt><trkpt lat="-33.4280975164007" lon="115.9751610450538"><ele>311.58595071740604</ele></trkpt><trkpt lat="-33.42553144677735" lon="115.97361552816528"><ele>288.91703429375775</ele></trkpt><trkpt lat="-33.42276137258991" lon="115.97289991021027"><ele>288.95570536819287</ele></trkpt><trkpt lat="-33.420197672018105" lon="115.97473227002595"><ele>281.5724853402939</ele></trkpt><trkpt lat="-33.41743794109644" lon="115.97559042985124"><ele>281.30462618315744</ele></trkpt><trkpt lat="-33.41473090035758" lon="115.97476694437813"><ele>275.9620467811531</ele></trkpt><trkpt lat="-33.41209697210004" lon="115.97499947944625"><ele>278.9192676033526</ele></trkpt><trkpt lat="-33.4097450609365" lon="115.97716321147291"><ele>258.17286548251286</ele></trkpt><trkpt lat="-33.40700455240965" lon="115.97845962528726"><ele>220.06133645458613</ele></trkpt><trkpt lat="-33.404718610585945" lon="115.97976831816716"><ele>182.49466999876313</ele></trkpt><trkpt lat="-33.40350355748355" lon="115.97865324082855"><ele>183.56785422889516</ele></trkpt><trkpt lat="-33.405765610680916" lon="115.97948709685012"><ele>218.74733909341188</ele></trkpt><trkpt lat="-33.408383524960605" lon="115.97813230581322"><ele>234.39129200973548</ele></trkpt><trkpt lat="-33.41091238821453" lon="115.97622661112038"><ele>268.77541383859784</ele></trkpt><trkpt lat="-33.413306472230175" lon="115.97416744308765"><ele>275.84437867635575</ele></trkpt><trkpt lat="-33.41616194409102" lon="115.97461900429715"><ele>274.468249336358</ele></trkpt><trkpt lat="-33.418810062256256" lon="115.97565877901967"><ele>280.3045393131906</ele></trkpt><trkpt lat="-33.42144054270127" lon="115.97387600593179"><ele>286.72661408782005</ele></trkpt><trkpt lat="-33.42408399929227" lon="115.97285009549219"><ele>288.091886711679</ele></trkpt><trkpt lat="-33.42674471119991" lon="115.97433328766152"><ele>298.2038473713147</ele></trkpt><trkpt lat="-33.429307289668" lon="115.9756001512412"><ele>304.66103979582175</ele></trkpt><trkpt lat="-33.431896036561746" lon="115.97416478323063"><ele>286.09307242557406</ele></trkpt><trkpt lat="-33.43491782100793" lon="115.97439048438542"><ele>275.1070321316365</ele></trkpt><trkpt lat="-33.43784425842848" lon="115.97385720688165"><ele>261.5412645588443</ele></trkpt><trkpt lat="-33.440564630351155" lon="115.97456922208093"><ele>263.58391334129817</ele></trkpt><trkpt lat="-33.44209829268925" lon="115.97767421569381"><ele>253.15868449630216</ele></trkpt><trkpt lat="-33.44393980287151" lon="115.98051825183512"><ele>257.5000382596627</ele></trkpt><trkpt lat="-33.445856357352575" lon="115.98326523384526"><ele>239.869719784474</ele></trkpt><trkpt lat="-33.4469931249405" lon="115.98663708327496"><ele>239.0</ele></trkpt><trkpt lat="-33.448462627531626" lon="115.98970759622705"><ele>232.5171957080849</ele></trkpt><trkpt lat="-33.45101207842588" lon="115.99154006470614"><ele>225.67884127341677</ele></trkpt><trkpt lat="-33.4534686027392" lon="115.99363171995027"><ele>225.61696369444405</ele></trkpt><trkpt lat="-33.45514579939523" lon="115.99579461146969"><ele>218.947570497358</ele></trkpt><trkpt lat="-33.45813999053244" lon="115.99611479914167"><ele>214.1551576401107</ele></trkpt><trkpt lat="-33.4566425098435" lon="115.99900391930765"><ele>237.4386106453603</ele></trkpt><trkpt lat="-33.456257560777956" lon="116.00230198819716"><ele>272.38631896232255</ele></trkpt><trkpt lat="-33.45629787445795" lon="116.00594986588658"><ele>249.73278026492335</ele></trkpt><trkpt lat="-33.454651039854575" lon="116.0077256585794"><ele>248.46642962784972</ele></trkpt><trkpt lat="-33.4543559925173" lon="116.01133517415512"><ele>223.45358221651986</ele></trkpt><trkpt lat="-33.45612105702416" lon="116.01400302166313"><ele>203.39434082416676</ele></trkpt><trkpt lat="-33.45652860734569" lon="116.01761536214049"><ele>187.16476037734026</ele></trkpt><trkpt lat="-33.45729461417442" lon="116.02000297919678"><ele>186.0107028129294</ele></trkpt><trkpt lat="-33.45994333937873" lon="116.01967872671068"><ele>185.6837837670721</ele></trkpt><trkpt lat="-33.459193012506404" lon="116.02297666445688"><ele>208.90225654051255</ele></trkpt><trkpt lat="-33.45867920064587" lon="116.02622472277844"><ele>197.75213937694207</ele></trkpt><trkpt lat="-33.45933506803653" lon="116.02954173594674"><ele>191.9078705215361</ele></trkpt><trkpt lat="-33.460257203999056" lon="116.03249753680768"><ele>198.72198248650426</ele></trkpt><trkpt lat="-33.46135558346678" lon="116.03555882867494"><ele>202.45001388597302</ele></trkpt><trkpt lat="-33.46287680778408" lon="116.03865138992988"><ele>202.60885574761778</ele></trkpt><trkpt lat="-33.4642485310481" lon="116.04178655237115"><ele>209.0</ele></trkpt><trkpt lat="-33.464789012199645" lon="116.04534498654334"><ele>205.64651437709108</ele></trkpt><trkpt lat="-33.464142946014256" lon="116.04883724476997"><ele>204.02001117278633</ele></trkpt><trkpt lat="-33.46488983577216" lon="116.05226531093052"><ele>210.94677600772837</ele></trkpt><trkpt lat="-33.463566900965866" lon="116.0554321582308"><ele>211.70634767414762</ele></trkpt><trkpt lat="-33.46303530599856" lon="116.05892033993206"><ele>215.34144836347124</ele></trkpt><trkpt lat="-33.464150324879284" lon="116.06226957154162"><ele>222.63897344935685</ele></trkpt><trkpt lat="-33.464671377115366" lon="116.0657728062177"><ele>220.1845926092723</ele></trkpt><trkpt lat="-33.46390495223065" lon="116.06917880649104"><ele>222.02596815697234</ele></trkpt><trkpt lat="-33.46221603504482" lon="116.07208733336215"><ele>233.3753027288106</ele></trkpt><trkpt lat="-33.4615256042106" lon="116.07559344406174"><ele>238.5351905991556</ele></trkpt><trkpt lat="-33.45906608950014" lon="116.07521460601721"><ele>254.6829896161417</ele></trkpt><trkpt lat="-33.45623863863152" lon="116.07615423648049"><ele>282.8353535690112</ele></trkpt><trkpt lat="-33.453743251340384" lon="116.07782161148059"><ele>290.0</ele></trkpt><trkpt lat="-33.45092170194955" lon="116.0788205632736"><ele>302.5049255799968</ele></trkpt><trkpt lat="-33.44824395034411" lon="116.08039373995788"><ele>311.60477462853305</ele></trkpt><trkpt lat="-33.445530653176505" lon="116.08162501970746"><ele>318.8375208695953</ele></trkpt><trkpt lat="-33.443347356375725" lon="116.08383549607476"><ele>306.22782870102674</ele></trkpt><trkpt lat="-33.44080436632784" lon="116.08558082462278"><ele>309.0030929569034</ele></trkpt><trkpt lat="-33.4382952206254" lon="116.08754591486247"><ele>311.81735386696954</ele></trkpt><trkpt lat="-33.43581248314823" lon="116.08935821105615"><ele>306.9729137974791</ele></trkpt><trkpt lat="-33.433335481020755" lon="116.09124897450144"><ele>292.9699803474406</ele></trkpt><trkpt lat="-33.430788975463855" lon="116.09309365093068"><ele>305.74456985038705</ele></trkpt><trkpt lat="-33.42807582010757" lon="116.09430733889553"><ele>326.1353142228144</ele></trkpt><trkpt lat="-33.42520117665284" lon="116.0937297103504"><ele>329.45014636439737</ele></trkpt><trkpt lat="-33.423438407298384" lon="116.09122846281628"><ele>330.15581526607275</ele></trkpt><trkpt lat="-33.42164707033807" lon="116.08832836800141"><ele>332.02781558572315</ele></trkpt><trkpt lat="-33.41900498469862" lon="116.08829067655797"><ele>330.0</ele></trkpt><trkpt lat="-33.41652055310874" lon="116.09005958680947"><ele>312.7742077964358</ele></trkpt><trkpt lat="-33.41364417009646" lon="116.09068166913255"><ele>295.12954045985396</ele></trkpt><trkpt lat="-33.41074994649499" lon="116.09072205488971"><ele>282.1678806581767</ele></trkpt><trkpt lat="-33.40780206910799" lon="116.09000073732912"><ele>274.7419961184496</ele></trkpt><trkpt lat="-33.40576185559716" lon="116.09015975535709"><ele>265.2201848720671</ele></trkpt><trkpt lat="-33.40556145343753" lon="116.09350436940917"><ele>277.470821535802</ele></trkpt><trkpt lat="-33.40636457050394" lon="116.09685808422276"><ele>269.6166515135325</ele></trkpt><trkpt lat="-33.405634007319314" lon="116.10002698538224"><ele>265.20534251327626</ele></trkpt><trkpt lat="-33.40358818979589" lon="116.1011860110248"><ele>288.7516003154451</ele></trkpt><trkpt lat="-33.40186044559767" lon="116.10377644796827"><ele>278.0615024094004</ele></trkpt><trkpt lat="-33.40005614270267" lon="116.10649763257013"><ele>265.74290633155033</ele></trkpt><trkpt lat="-33.39815989858371" lon="116.10901704698284"><ele>263.68027705559507</ele></trkpt><trkpt lat="-33.39706433648375" lon="116.11225643521261"><ele>261.0731995997495</ele></trkpt><trkpt lat="-33.395052881618994" lon="116.11480381467514"><ele>245.2466536001614</ele></trkpt><trkpt lat="-33.39284866923872" lon="116.1156131323952"><ele>220.2502064454602</ele></trkpt><trkpt lat="-33.390625129555524" lon="116.1167247791812"><ele>249.24014727165923</ele></trkpt><trkpt lat="-33.38926450660113" lon="116.11978290957532"><ele>248.6323907717203</ele></trkpt><trkpt lat="-33.38664453098254" lon="116.12081348973442"><ele>250.2673656209372</ele></trkpt><trkpt lat="-33.384170588274735" lon="116.12180788456885"><ele>231.87004127167165</ele></trkpt><trkpt lat="-33.381468205701765" lon="116.12072487215426"><ele>206.36812414738029</ele></trkpt><trkpt lat="-33.3801672029009" lon="116.12338145722404"><ele>185.0</ele></trkpt><trkpt lat="-33.37917496001224" lon="116.1265960795694"><ele>186.5801374152967</ele></trkpt><trkpt lat="-33.37689589077951" lon="116.1254496628159"><ele>188.96511178514817</ele></trkpt><trkpt lat="-33.37858370007701" lon="116.12312030715503"><ele>186.647078336915</ele></trkpt><trkpt lat="-33.37750393557204" lon="116.1211298447187"><ele>197.0976010870943</ele></trkpt><trkpt lat="-33.37450047361748" lon="116.1210414197657"><ele>203.6466728990199</ele></trkpt><trkpt lat="-33.37154277894817" lon="116.12119524511046"><ele>209.52624438423663</ele></trkpt><trkpt lat="-33.368721313497545" lon="116.12090287711945"><ele>202.0</ele></trkpt><trkpt lat="-33.36603969905204" lon="116.12229324081083"><ele>203.0</ele></trkpt><trkpt lat="-33.36332549977665" lon="116.12354049472788"><ele>218.57223411346786</ele></trkpt><trkpt lat="-33.36054296820955" lon="116.12462231563825"><ele>230.19363752997015</ele></trkpt><trkpt lat="-33.357740799433515" lon="116.12576538242548"><ele>236.0</ele></trkpt><trkpt lat="-33.357927825464884" lon="116.12924084531498"><ele>232.2066362691112</ele></trkpt><trkpt lat="-33.35838071101447" lon="116.13252257380356"><ele>227.47772415936925</ele></trkpt><trkpt lat="-33.358915793489054" lon="116.13607308788393"><ele>227.45519262460436</ele></trkpt><trkpt lat="-33.35671815414891" lon="116.13675174753484"><ele>213.8706553228157</ele></trkpt><trkpt lat="-33.35592192348765" lon="116.13979305576983"><ele>199.9286624262554</ele></trkpt><trkpt lat="-33.35700337502448" lon="116.14318577235348"><ele>198.0</ele></trkpt><trkpt lat="-33.35808178997732" lon="116.14659384536058"><ele>201.28145018522628</ele></trkpt><trkpt lat="-33.35891193561208" lon="116.14921732245766"><ele>197.43057209276594</ele></trkpt><trkpt lat="-33.357833521337774" lon="116.14580925159484"><ele>197.7874195331242</ele></trkpt><trkpt lat="-33.35677122803058" lon="116.14239438414941"><ele>198.01481247856282</ele></trkpt><trkpt lat="-33.356028158719184" lon="116.138996652603"><ele>198.06103011864332</ele></trkpt><trkpt lat="-33.357299558266206" lon="116.13643004474741"><ele>218.3702081476804</ele></trkpt><trkpt lat="-33.35884922939643" lon="116.1352572425872"><ele>230.5876674955613</ele></trkpt><trkpt lat="-33.3583003121846" lon="116.131844294858"><ele>228.91323791622727</ele></trkpt><trkpt lat="-33.35772683128492" lon="116.1284535773409"><ele>232.2258982565254</ele></trkpt><trkpt lat="-33.35772203727038" lon="116.12486564909935"><ele>237.1270951665938</ele></trkpt><trkpt lat="-33.357368972279644" lon="116.12127638960146"><ele>238.64962583381512</ele></trkpt><trkpt lat="-33.356972087402745" lon="116.11773409232107"><ele>244.7038891661423</ele></trkpt><trkpt lat="-33.35725280222488" lon="116.11422655060213"><ele>239.1776463284623</ele></trkpt><trkpt lat="-33.357454140604304" lon="116.11061571098196"><ele>225.5977746368153</ele></trkpt><trkpt lat="-33.355957775974886" lon="116.10867081505864"><ele>226.70410834241193</ele></trkpt><trkpt lat="-33.353033471418634" lon="116.10835313032474"><ele>222.0</ele></trkpt><trkpt lat="-33.350035522062186" lon="116.10831959613581"><ele>218.524927085964</ele></trkpt><trkpt lat="-33.3470323979316" lon="116.10827243472642"><ele>213.21042508725077</ele></trkpt><trkpt lat="-33.344047993989534" lon="116.10822828904631"><ele>187.72369221807458</ele></trkpt><trkpt lat="-33.34143959291862" lon="116.10910869707939"><ele>192.63989805465812</ele></trkpt><trkpt lat="-33.34085512665272" lon="116.11236188277911"><ele>205.51049819211238</ele></trkpt><trkpt lat="-33.33916679610616" lon="116.11534349289089"><ele>213.10736207536775</ele></trkpt><trkpt lat="-33.3374644315558" lon="116.11826021824119"><ele>206.91676345655412</ele></trkpt><trkpt lat="-33.335509750714124" lon="116.12051865071813"><ele>221.76670343626756</ele></trkpt><trkpt lat="-33.33258615043067" lon="116.12140310798853"><ele>236.55052514828276</ele></trkpt><trkpt lat="-33.33068610341202" lon="116.12348434519984"><ele>240.8262264013756</ele></trkpt><trkpt lat="-33.327649152910354" lon="116.12351625079003"><ele>246.59070939774114</ele></trkpt><trkpt lat="-33.32461804074084" lon="116.12348328976503"><ele>255.0</ele></trkpt><trkpt lat="-33.32159972881712" lon="116.12378288394206"><ele>265.4232912021655</ele></trkpt><trkpt lat="-33.31861632152085" lon="116.12438163578905"><ele>263.024137808576</ele></trkpt><trkpt lat="-33.315641146485085" lon="116.12477392324057"><ele>251.7121803300688</ele></trkpt><trkpt lat="-33.31278783402041" lon="116.12483074619155"><ele>232.37331922585145</ele></trkpt><trkpt lat="-33.30982068589139" lon="116.1256441893868"><ele>255.73049630783498</ele></trkpt><trkpt lat="-33.30689460626724" lon="116.12650139899762"><ele>246.85562090040185</ele></trkpt><trkpt lat="-33.30469575293836" lon="116.12858768682986"><ele>259.5840776176192</ele></trkpt><trkpt lat="-33.30170070812436" lon="116.12882856061307"><ele>267.03903821017593</ele></trkpt><trkpt lat="-33.2986689052847" lon="116.12900088553144"><ele>257.98461899747684</ele></trkpt><trkpt lat="-33.29565622397208" lon="116.12894440828202"><ele>257.6333992150612</ele></trkpt><trkpt lat="-33.29269324807866" lon="116.12856400356905"><ele>233.17932350968476</ele></trkpt><trkpt lat="-33.289971473419975" lon="116.12813170683033"><ele>232.41287455288693</ele></trkpt><trkpt lat="-33.288493964014904" lon="116.13009847192403"><ele>242.64995839400217</ele></trkpt><trkpt lat="-33.28572237013775" lon="116.13005634652336"><ele>271.90847203913074</ele></trkpt><trkpt lat="-33.28331540929504" lon="116.12926074268813"><ele>292.6385063150665</ele></trkpt><trkpt lat="-33.28084942464592" lon="116.13095721514806"><ele>281.919185064069</ele></trkpt><trkpt lat="-33.278203653111824" lon="116.13222063202502"><ele>267.2812141873874</ele></trkpt><trkpt lat="-33.27517439356448" lon="116.13214051625349"><ele>251.8092141537532</ele></trkpt><trkpt lat="-33.27219225579948" lon="116.1320891522758"><ele>271.0</ele></trkpt><trkpt lat="-33.26921494147466" lon="116.1323442497018"><ele>269.7193033528747</ele></trkpt><trkpt lat="-33.26699468174257" lon="116.12990709119705"><ele>264.4532092129307</ele></trkpt><trkpt lat="-33.264207120620426" lon="116.12847336513232"><ele>229.88937398325652</ele></trkpt><trkpt lat="-33.261887883579064" lon="116.12914861057075"><ele>223.09063470730138</ele></trkpt><trkpt lat="-33.261601332501144" lon="116.13247370057016"><ele>218.28485108687914</ele></trkpt><trkpt lat="-33.25944250294255" lon="116.13474833046939"><ele>212.66308132772312</ele></trkpt><trkpt lat="-33.25678150177705" lon="116.13614896216274"><ele>216.11736082303955</ele></trkpt><trkpt lat="-33.25531187378754" lon="116.13896565827301"><ele>208.63082700269297</ele></trkpt><trkpt lat="-33.253663767777496" lon="116.14012188212857"><ele>258.15426138881594</ele></trkpt><trkpt lat="-33.25178550652699" lon="116.14204671125876"><ele>260.5467969700694</ele></trkpt><trkpt lat="-33.24920010895709" lon="116.14364574728562"><ele>270.2749061433133</ele></trkpt><trkpt lat="-33.24660877827314" lon="116.14488970723743"><ele>263.848100414034</ele></trkpt><trkpt lat="-33.24420164574229" lon="116.14618158320252"><ele>252.0</ele></trkpt><trkpt lat="-33.242206234766215" lon="116.14811934425475"><ele>253.33549734042026</ele></trkpt><trkpt lat="-33.24337722181043" lon="116.15068141417034"><ele>263.0535976537259</ele></trkpt><trkpt lat="-33.24322490005746" lon="116.1542408356603"><ele>263.0994745723832</ele></trkpt><trkpt lat="-33.24386971023973" lon="116.15740948009194"><ele>265.0</ele></trkpt><trkpt lat="-33.244249064574745" lon="116.16098223150053"><ele>260.4655069122091</ele></trkpt><trkpt lat="-33.244656085272865" lon="116.16451749358225"><ele>247.93799501041704</ele></trkpt><trkpt lat="-33.24510372992492" lon="116.16785811190832"><ele>234.6778469311539</ele></trkpt><trkpt lat="-33.24467642507618" lon="116.17141823172702"><ele>251.21363637095783</ele></trkpt><trkpt lat="-33.244697042407864" lon="116.17503078106645"><ele>274.6427556545241</ele></trkpt><trkpt lat="-33.24516930705325" lon="116.17857609970503"><ele>276.3802807899366</ele></trkpt><trkpt lat="-33.24552076374205" lon="116.18215802920025"><ele>288.15559694485273</ele></trkpt><trkpt lat="-33.24590252872431" lon="116.18572834993334"><ele>310.89573594384365</ele></trkpt><trkpt lat="-33.24610183209079" lon="116.1893327437472"><ele>293.21797777665404</ele></trkpt><trkpt lat="-33.245040528570996" lon="116.19220266686011"><ele>274.2440304829903</ele></trkpt><trkpt lat="-33.24258561634499" lon="116.19394278229369"><ele>290.5527431820519</ele></trkpt><trkpt lat="-33.24042827976368" lon="116.1964146375372"><ele>307.72232326548976</ele></trkpt><trkpt lat="-33.238298599766175" lon="116.19891336163072"><ele>302.0</ele></trkpt><trkpt lat="-33.2360771165564" lon="116.20135881543389"><ele>313.0</ele></trkpt><trkpt lat="-33.233739528571704" lon="116.20358745025261"><ele>300.5779103905661</ele></trkpt><trkpt lat="-33.23108710406243" lon="116.20531146637236"><ele>292.0</ele></trkpt><trkpt lat="-33.228332297760645" lon="116.20627074476856"><ele>296.81608370598406</ele></trkpt><trkpt lat="-33.225563046864494" lon="116.20477320026038"><ele>294.0</ele></trkpt><trkpt lat="-33.222855374285764" lon="116.20547294039997"><ele>304.6529667880784</ele></trkpt><trkpt lat="-33.22077661271244" lon="116.207656018166"><ele>314.6028781202622</ele></trkpt><trkpt lat="-33.218501308431264" lon="116.2097181675677"><ele>301.9069342587722</ele></trkpt><trkpt lat="-33.21600085688526" lon="116.21157129891239"><ele>300.98467365688407</ele></trkpt><trkpt lat="-33.21374271027291" lon="116.21382828368199"><ele>299.85698096475437</ele></trkpt><trkpt lat="-33.21171831119464" lon="116.21644375105703"><ele>282.6015159897506</ele></trkpt><trkpt lat="-33.20973531243162" lon="116.21907606930372"><ele>277.0380751451012</ele></trkpt><trkpt lat="-33.20767075275628" lon="116.22163126168462"><ele>293.79050853859303</ele></trkpt><trkpt lat="-33.20579837694225" lon="116.2244829271233"><ele>290.2870644576615</ele></trkpt><trkpt lat="-33.20366543955745" lon="116.22692914422257"><ele>283.0585528778611</ele></trkpt><trkpt lat="-33.20201493761873" lon="116.2299022651329"><ele>279.0</ele></trkpt><trkpt lat="-33.20029219848396" lon="116.23284715992554"><ele>280.15375138855774</ele></trkpt><trkpt lat="-33.19853713949241" lon="116.23581946604448"><ele>285.87253918909266</ele></trkpt><trkpt lat="-33.19681610856588" lon="116.23875742547246"><ele>278.7208165101474</ele></trkpt><trkpt lat="-33.19498759212648" lon="116.24145270907732"><ele>281.8236696573892</ele></trkpt><trkpt lat="-33.19476155710658" lon="116.24488427319834"><ele>274.6678804686526</ele></trkpt><trkpt lat="-33.19411782313315" lon="116.2483660790076"><ele>279.1058413946968</ele></trkpt><trkpt lat="-33.19399297285653" lon="116.25192210954985"><ele>279.0</ele></trkpt><trkpt lat="-33.19340254069535" lon="116.2554253393389"><ele>273.9483531307196</ele></trkpt><trkpt lat="-33.193304948670004" lon="116.25898354952318"><ele>264.42171619489943</ele></trkpt><trkpt lat="-33.192613137150424" lon="116.26242309008391"><ele>272.437060930999</ele></trkpt><trkpt lat="-33.19115605685365" lon="116.26538944222627"><ele>279.7404964365964</ele></trkpt><trkpt lat="-33.19006968339409" lon="116.26861954109089"><ele>264.26694136591084</ele></trkpt><trkpt lat="-33.188907249864414" lon="116.27189780397205"><ele>256.0</ele></trkpt><trkpt lat="-33.18760042047792" lon="116.27501567844324"><ele>243.0</ele></trkpt><trkpt lat="-33.18644242140553" lon="116.27812680269396"><ele>247.27449035819154</ele></trkpt><trkpt lat="-33.18486944665088" lon="116.28104203973622"><ele>247.0745775251715</ele></trkpt><trkpt lat="-33.1837158207598" lon="116.28432987254206"><ele>241.71960127815825</ele></trkpt><trkpt lat="-33.18208812083895" lon="116.28727423273665"><ele>249.01189396117144</ele></trkpt><trkpt lat="-33.17954532158842" lon="116.28913414225165"><ele>256.0</ele></trkpt><trkpt lat="-33.176613835440364" lon="116.29001302230617"><ele>255.685139134177</ele></trkpt><trkpt lat="-33.17379504771292" lon="116.29128843802381"><ele>257.8919632104276</ele></trkpt><trkpt lat="-33.17146427341544" lon="116.2935526196125"><ele>245.4542685400229</ele></trkpt><trkpt lat="-33.169260436373705" lon="116.29605941042833"><ele>245.85115361516364</ele></trkpt><trkpt lat="-33.16793771413308" lon="116.29525287190816"><ele>248.0</ele></trkpt><trkpt lat="-33.16790455358198" lon="116.29173060073944"><ele>246.93170222756453</ele></trkpt><trkpt lat="-33.16810777942452" lon="116.28815820752803"><ele>243.24200685461983</ele></trkpt><trkpt lat="-33.16602201450796" lon="116.28634601842197"><ele>250.16463561390992</ele></trkpt><trkpt lat="-33.16419806848492" lon="116.28386345454012"><ele>249.0</ele></trkpt><trkpt lat="-33.16241868227316" lon="116.28490318413816"><ele>249.63431208883412</ele></trkpt><trkpt lat="-33.15940510571068" lon="116.28449149589164"><ele>274.89177138195373</ele></trkpt><trkpt lat="-33.156364646832046" lon="116.28450389644192"><ele>302.5022865509673</ele></trkpt><trkpt lat="-33.15332971168105" lon="116.28474550219266"><ele>306.6536046471056</ele></trkpt><trkpt lat="-33.15029791070347" lon="116.28464464267589"><ele>301.3261817486491</ele></trkpt><trkpt lat="-33.147280436373535" lon="116.28453246497767"><ele>310.81205435859886</ele></trkpt><trkpt lat="-33.14425057520419" lon="116.28487685567195"><ele>320.99363274364583</ele></trkpt><trkpt lat="-33.14121870716344" lon="116.28460316842765"><ele>317.6036151162116</ele></trkpt><trkpt lat="-33.13818144261816" lon="116.28450272516113"><ele>312.19377351364784</ele></trkpt><trkpt lat="-33.13514093939858" lon="116.28455930536873"><ele>325.3793695839122</ele></trkpt><trkpt lat="-33.13210941191409" lon="116.28452102754039"><ele>348.42377699376084</ele></trkpt><trkpt lat="-33.12907434364336" lon="116.2844895582989"><ele>331.81033151666634</ele></trkpt><trkpt lat="-33.12604730517768" lon="116.28440762532713"><ele>302.47401511098724</ele></trkpt><trkpt lat="-33.12301273143219" lon="116.28460292093354"><ele>281.5818970638517</ele></trkpt><trkpt lat="-33.119973182116794" lon="116.28464840540242"><ele>269.8013572667399</ele></trkpt><trkpt lat="-33.117093793170966" lon="116.28466104859709"><ele>276.35499223228544</ele></trkpt><trkpt lat="-33.11405836801534" lon="116.28457230224078"><ele>309.6834385696566</ele></trkpt><trkpt lat="-33.11101696550173" lon="116.28455372262543"><ele>303.94065743984146</ele></trkpt><trkpt lat="-33.108601436050066" lon="116.28562421071108"><ele>295.5075452417368</ele></trkpt><trkpt lat="-33.10834416255458" lon="116.28916096188124"><ele>281.6690804054406</ele></trkpt><trkpt lat="-33.1081080984553" lon="116.29266083173408"><ele>278.6493094644975</ele></trkpt><trkpt lat="-33.107712688856466" lon="116.29619584460997"><ele>276.9436330986209</ele></trkpt><trkpt lat="-33.106060096735305" lon="116.2991697098207"><ele>282.81368936551735</ele></trkpt><trkpt lat="-33.10425789810629" lon="116.30128103192472"><ele>282.6407341120066</ele></trkpt><trkpt lat="-33.10130489262192" lon="116.30188470293862"><ele>292.5439803655023</ele></trkpt><trkpt lat="-33.098467999242274" lon="116.30305638664605"><ele>312.42762219626456</ele></trkpt><trkpt lat="-33.095776019189785" lon="116.30474318144151"><ele>323.8062779613624</ele></trkpt><trkpt lat="-33.0929268471952" lon="116.30565006338182"><ele>307.2463370161131</ele></trkpt><trkpt lat="-33.09037740231395" lon="116.30571527319552"><ele>289.4054613102926</ele></trkpt><trkpt lat="-33.08821710934471" lon="116.30316911547308"><ele>285.34812778048706</ele></trkpt><trkpt lat="-33.085779496210876" lon="116.30128005246291"><ele>289.56598445028067</ele></trkpt><trkpt lat="-33.083003403178914" lon="116.30047566678434"><ele>304.2765093363138</ele></trkpt><trkpt lat="-33.080242158259736" lon="116.29914711399228"><ele>305.0736650956096</ele></trkpt><trkpt lat="-33.07739662802166" lon="116.29870602681729"><ele>296.56650431104936</ele></trkpt><trkpt lat="-33.07447048496321" lon="116.29871412302197"><ele>291.54114129205755</ele></trkpt><trkpt lat="-33.071806453228426" lon="116.29787255508818"><ele>254.49682897448065</ele></trkpt><trkpt lat="-33.06917071988589" lon="116.2964455614018"><ele>252.57163707271684</ele></trkpt><trkpt lat="-33.06623571482477" lon="116.29699607635223"><ele>243.13300064682687</ele></trkpt><trkpt lat="-33.06323762204364" lon="116.29650440780398"><ele>241.525689643041</ele></trkpt><trkpt lat="-33.06039253133142" lon="116.29541378507456"><ele>242.61219389806502</ele></trkpt><trkpt lat="-33.058107862347285" lon="116.29329603602211"><ele>229.97324310940817</ele></trkpt><trkpt lat="-33.05599583239956" lon="116.2918184914765"><ele>224.39193416386843</ele></trkpt><trkpt lat="-33.053495667012704" lon="116.29106226155577"><ele>225.9616557052359</ele></trkpt><trkpt lat="-33.05074237388038" lon="116.29212045126076"><ele>225.9862694113981</ele></trkpt><trkpt lat="-33.04772743987744" lon="116.29226408026594"><ele>214.96055428357795</ele></trkpt><trkpt lat="-33.045917824263846" lon="116.28994639541004"><ele>232.30060312937167</ele></trkpt><trkpt lat="-33.04490159916013" lon="116.28686963990674"><ele>258.098393394961</ele></trkpt><trkpt lat="-33.04412630249941" lon="116.2835200796971"><ele>260.010286011011</ele></trkpt><trkpt lat="-33.04168096833426" lon="116.28247090177922"><ele>252.97013840056024</ele></trkpt><trkpt lat="-33.03899464874113" lon="116.2808021820438"><ele>234.58297759026755</ele></trkpt><trkpt lat="-33.036236897084684" lon="116.27935707297355"><ele>211.14832091052085</ele></trkpt><trkpt lat="-33.03326369796056" lon="116.27911221889028"><ele>191.83842001017183</ele></trkpt><trkpt lat="-33.032666644967506" lon="116.276564283048"><ele>188.8456545726238</ele></trkpt><trkpt lat="-33.03210134229821" lon="116.27301997910773"><ele>188.0</ele></trkpt><trkpt lat="-33.03126696730948" lon="116.26957600424302"><ele>188.53971339040436</ele></trkpt><trkpt lat="-33.0303172728379" lon="116.26618319671334"><ele>187.83352584473323</ele></trkpt><trkpt lat="-33.02860955112096" lon="116.2632326154688"><ele>184.08106073386418</ele></trkpt><trkpt lat="-33.02830801467454" lon="116.2597852384803"><ele>179.97982610506006</ele></trkpt><trkpt lat="-33.02915691607572" lon="116.2573909646155"><ele>202.98941067873966</ele></trkpt><trkpt lat="-33.0293479864153" lon="116.25435131498412"><ele>223.58829558384605</ele></trkpt><trkpt lat="-33.030230179445425" lon="116.25184242770354"><ele>245.20314755046275</ele></trkpt><trkpt lat="-33.03061406994779" lon="116.24852724790563"><ele>229.99691610387526</ele></trkpt><trkpt lat="-33.031988299325775" lon="116.24537876353187"><ele>214.9126797176432</ele></trkpt><trkpt lat="-33.03216954413036" lon="116.2421133298404"><ele>214.84868900688562</ele></trkpt><trkpt lat="-33.02989965527172" lon="116.24064037317152"><ele>188.960957525298</ele></trkpt><trkpt lat="-33.0272494690545" lon="116.23924577074462"><ele>190.06955907850931</ele></trkpt><trkpt lat="-33.0247243346671" lon="116.23764219653961"><ele>185.92393877182622</ele></trkpt><trkpt lat="-33.02353183675076" lon="116.23579036085772"><ele>186.850833532284</ele></trkpt><trkpt lat="-33.024029355485006" lon="116.23259118081594"><ele>190.92232064623386</ele></trkpt><trkpt lat="-33.02276246252999" lon="116.22993849186085"><ele>191.41573453939054</ele></trkpt><trkpt lat="-33.02132967359519" lon="116.227215637586"><ele>208.9591999414201</ele></trkpt><trkpt lat="-33.019291332350875" lon="116.22469218354729"><ele>224.3342619126197</ele></trkpt><trkpt lat="-33.016551762774164" lon="116.22336623448221"><ele>241.28465965340783</ele></trkpt><trkpt lat="-33.01383180692317" lon="116.2224465565991"><ele>258.37245240586344</ele></trkpt><trkpt lat="-33.01125839026543" lon="116.22120438344226"><ele>263.72705962930536</ele></trkpt><trkpt lat="-33.00861193217847" lon="116.22123480789745"><ele>269.05577613040805</ele></trkpt><trkpt lat="-33.00603200995552" lon="116.22189510243045"><ele>285.1111817742931</ele></trkpt><trkpt lat="-33.003848927752905" lon="116.22193857515097"><ele>303.9646510601782</ele></trkpt><trkpt lat="-33.00166504515128" lon="116.22009295808809"><ele>316.5719456515961</ele></trkpt><trkpt lat="-32.99913935968774" lon="116.21960195564716"><ele>313.1882732769009</ele></trkpt><trkpt lat="-32.99685257362228" lon="116.22118073303776"><ele>282.3756388450274</ele></trkpt><trkpt lat="-32.995036621012616" lon="116.2186484060456"><ele>307.8723657244118</ele></trkpt><trkpt lat="-32.993813696363375" lon="116.21608232090183"><ele>327.79637028437804</ele></trkpt><trkpt lat="-32.99291036993807" lon="116.21270380515273"><ele>324.0</ele></trkpt><trkpt lat="-32.99172790477792" lon="116.20971345124804"><ele>324.147176977247</ele></trkpt><trkpt lat="-32.989432737273376" lon="116.20738513814157"><ele>302.20488196529914</ele></trkpt><trkpt lat="-32.98806085701571" lon="116.20483669546158"><ele>255.50654419273587</ele></trkpt><trkpt lat="-32.987509218101806" lon="116.20351217039229"><ele>219.2033535568046</ele></trkpt><trkpt lat="-32.985340200880884" lon="116.20263253418078"><ele>191.35768913561316</ele></trkpt><trkpt lat="-32.98305888848853" lon="116.20045642419063"><ele>210.77891415497288</ele></trkpt><trkpt lat="-32.98096773912512" lon="116.19920399539325"><ele>229.85031859390438</ele></trkpt><trkpt lat="-32.97886099619893" lon="116.20102380986359"><ele>215.46497770573478</ele></trkpt><trkpt lat="-32.9765645923732" lon="116.19934352633997"><ele>202.52402805024758</ele></trkpt><trkpt lat="-32.9738857411747" lon="116.19800244316171"><ele>198.88573536947933</ele></trkpt><trkpt lat="-32.97096761774327" lon="116.1974523118597"><ele>187.2795625128369</ele></trkpt><trkpt lat="-32.96937163927387" lon="116.19996570978455"><ele>166.52665173324147</ele></trkpt><trkpt lat="-32.96747654363051" lon="116.20119987470721"><ele>184.50977849744777</ele></trkpt><trkpt lat="-32.965448044531215" lon="116.2015856048608"><ele>216.87171449605376</ele></trkpt><trkpt lat="-32.96290416562722" lon="116.2030116250856"><ele>251.3186297621578</ele></trkpt><trkpt lat="-32.96277260050134" lon="116.2064271770484"><ele>249.9967577739153</ele></trkpt><trkpt lat="-32.9612459750425" lon="116.20943615520697"><ele>247.36549371218592</ele></trkpt><trkpt lat="-32.960949551758844" lon="116.21285768552968"><ele>238.0</ele></trkpt><trkpt lat="-32.95875004814461" lon="116.21531029286955"><ele>240.80310647203123</ele></trkpt><trkpt lat="-32.95916264658634" lon="116.21243531475453"><ele>261.54647096056715</ele></trkpt><trkpt lat="-32.95955095372158" lon="116.20888278392579"><ele>263.91777518903837</ele></trkpt><trkpt lat="-32.957943276747265" lon="116.20584020028465"><ele>286.8759974627209</ele></trkpt><trkpt lat="-32.95575988377341" lon="116.2034161448583"><ele>278.67173449043185</ele></trkpt><trkpt lat="-32.95439730755544" lon="116.20021286643238"><ele>243.5125682533253</ele></trkpt><trkpt lat="-32.9537123965237" lon="116.19668474641861"><ele>219.49894067412242</ele></trkpt><trkpt lat="-32.95242561803403" lon="116.19351960866919"><ele>201.0</ele></trkpt><trkpt lat="-32.95007968542139" lon="116.19121669431114"><ele>187.39575807773508</ele></trkpt><trkpt lat="-32.947915006259365" lon="116.18872604096697"><ele>176.67249626665503</ele></trkpt><trkpt lat="-32.945497146288474" lon="116.18696105859556"><ele>176.3951167894993</ele></trkpt><trkpt lat="-32.94310740800835" lon="116.18572926533724"><ele>177.4932331769992</ele></trkpt><trkpt lat="-32.94228427339399" lon="116.18228176624662"><ele>171.34602957684547</ele></trkpt><trkpt lat="-32.94227054835997" lon="116.17941468858031"><ele>176.5103032833431</ele></trkpt><trkpt lat="-32.94237210913394" lon="116.17583392428689"><ele>185.6199405916268</ele></trkpt><trkpt lat="-32.94168391389413" lon="116.17262409559777"><ele>176.30741500738077</ele></trkpt><trkpt lat="-32.93882909246362" lon="116.17293934087726"><ele>170.6837133242536</ele></trkpt><trkpt lat="-32.93594897425353" lon="116.1737590101435"><ele>163.25589439622127</ele></trkpt><trkpt lat="-32.933036655462054" lon="116.17440128268906"><ele>160.99376518038144</ele></trkpt><trkpt lat="-32.93024170618803" lon="116.17364357690911"><ele>163.18722146496478</ele></trkpt><trkpt lat="-32.92756734206447" lon="116.17229738818698"><ele>165.0308510346592</ele></trkpt><trkpt lat="-32.924589010233895" lon="116.17260116210142"><ele>172.797208315511</ele></trkpt><trkpt lat="-32.92166140363528" lon="116.1730428152872"><ele>177.52523934771307</ele></trkpt><trkpt lat="-32.91870154526937" lon="116.17336215401338"><ele>169.0587248707053</ele></trkpt><trkpt lat="-32.916381337294546" lon="116.17121128814634"><ele>174.77559108057147</ele></trkpt><trkpt lat="-32.91477684171138" lon="116.16857271642881"><ele>182.16705609764904</ele></trkpt><trkpt lat="-32.911954050544516" lon="116.167459588101"><ele>173.88907971239865</ele></trkpt><trkpt lat="-32.90895332034169" lon="116.16775657276774"><ele>162.99521933025758</ele></trkpt><trkpt lat="-32.90639568012099" lon="116.1687783525226"><ele>171.04882957902737</ele></trkpt><trkpt lat="-32.903574011710745" lon="116.16791394048387"><ele>178.41276114506195</ele></trkpt><trkpt lat="-32.900647635981" lon="116.16806245850802"><ele>157.53767487569712</ele></trkpt><trkpt lat="-32.89825129297677" lon="116.16997275821268"><ele>166.63316470151042</ele></trkpt><trkpt lat="-32.89983359366655" lon="116.17262921056243"><ele>163.03826943216072</ele></trkpt><trkpt lat="-32.89833937667921" lon="116.17440324778775"><ele>173.63510528115225</ele></trkpt><trkpt lat="-32.895600728128144" lon="116.17486129493429"><ele>184.97884456358642</ele></trkpt><trkpt lat="-32.89419224427787" lon="116.17183925474207"><ele>171.15047460893365</ele></trkpt><trkpt lat="-32.893894364623" lon="116.16842407416107"><ele>160.3666678814916</ele></trkpt><trkpt lat="-32.892989953007785" lon="116.16510163239384"><ele>167.13484552917816</ele></trkpt><trkpt lat="-32.89067545615891" lon="116.16375626497276"><ele>166.52175979388556</ele></trkpt><trkpt lat="-32.88814650483676" lon="116.16205362807626"><ele>165.71180065224328</ele></trkpt><trkpt lat="-32.88562046732939" lon="116.16083661780227"><ele>159.93002081991415</ele></trkpt><trkpt lat="-32.88359049267571" lon="116.1584193967487"><ele>178.3256756970659</ele></trkpt><trkpt lat="-32.882570740345386" lon="116.15599576397014"><ele>205.3598965733896</ele></trkpt><trkpt lat="-32.8843167801859" lon="116.15424394398924"><ele>201.32398429635325</ele></trkpt><trkpt lat="-32.88614085623189" lon="116.1519806628633"><ele>203.03818076467192</ele></trkpt><trkpt lat="-32.884988893511164" lon="116.14902799863546"><ele>207.03366432443727</ele></trkpt><trkpt lat="-32.88220156125112" lon="116.147830406017"><ele>224.64356311992742</ele></trkpt><trkpt lat="-32.87947304732454" lon="116.14673424660305"><ele>216.33359350031242</ele></trkpt><trkpt lat="-32.87753110131009" lon="116.14407623223536"><ele>185.04149338812567</ele></trkpt><trkpt lat="-32.87567130756387" lon="116.14172938876527"><ele>158.20881879364606</ele></trkpt><trkpt lat="-32.87280449334302" lon="116.14083431675331"><ele>170.70102008439704</ele></trkpt><trkpt lat="-32.869914570923285" lon="116.14010650476288"><ele>162.38847964343734</ele></trkpt><trkpt lat="-32.86778737136662" lon="116.13860107059247"><ele>161.4376721547451</ele></trkpt><trkpt lat="-32.86482187014891" lon="116.13861034426492"><ele>158.73667070898227</ele></trkpt><trkpt lat="-32.8624329941487" lon="116.13693671544651"><ele>180.07748722271128</ele></trkpt><trkpt lat="-32.86090608424666" lon="116.1341089685514"><ele>167.78813394915778</ele></trkpt><trkpt lat="-32.85911792451492" lon="116.13476488122325"><ele>157.54454832233165</ele></trkpt><trkpt lat="-32.85802996191324" lon="116.13764579780792"><ele>188.34059371369386</ele></trkpt><trkpt lat="-32.857865598136485" lon="116.14116593844818"><ele>230.51338005026048</ele></trkpt><trkpt lat="-32.8585961766477" lon="116.14463097247929"><ele>263.8117823757769</ele></trkpt><trkpt lat="-32.85704252173174" lon="116.14692551387705"><ele>299.57757654490916</ele></trkpt><trkpt lat="-32.85429582651733" lon="116.14731186624638"><ele>300.1466399808789</ele></trkpt><trkpt lat="-32.85173497809507" lon="116.14885320002266"><ele>292.53911154596545</ele></trkpt><trkpt lat="-32.849403592502654" lon="116.14690255364734"><ele>295.0820044534048</ele></trkpt><trkpt lat="-32.84675318008312" lon="116.14621944332318"><ele>297.1664733688905</ele></trkpt><trkpt lat="-32.84392306666402" lon="116.1469388637286"><ele>281.5470636425577</ele></trkpt><trkpt lat="-32.84162965043211" lon="116.14517122196406"><ele>270.4299817782594</ele></trkpt><trkpt lat="-32.839305101893835" lon="116.14646885803174"><ele>239.37410421255902</ele></trkpt><trkpt lat="-32.83727031769622" lon="116.14691825322049"><ele>266.6373715258233</ele></trkpt><trkpt lat="-32.834353360752445" lon="116.1468359473008"><ele>264.71833640988916</ele></trkpt><trkpt lat="-32.83344085716902" lon="116.15003601293567"><ele>271.4586210299749</ele></trkpt><trkpt lat="-32.83278864075231" lon="116.15314684629917"><ele>279.0489823881482</ele></trkpt><trkpt lat="-32.83172010217087" lon="116.15019113076333"><ele>285.3308123818133</ele></trkpt><trkpt lat="-32.82989865799543" lon="116.14805931300845"><ele>287.05600853639186</ele></trkpt><trkpt lat="-32.827094079618654" lon="116.14782111426584"><ele>300.0</ele></trkpt><trkpt lat="-32.824223959298656" lon="116.14671817014911"><ele>305.1678679983597</ele></trkpt><trkpt lat="-32.82178526173783" lon="116.14461382576123"><ele>309.83611502539935</ele></trkpt><trkpt lat="-32.81948413991287" lon="116.14229568541965"><ele>312.1977742053635</ele></trkpt><trkpt lat="-32.81779684206645" lon="116.14433761122478"><ele>314.8150657159645</ele></trkpt><trkpt lat="-32.81826585824289" lon="116.1478097146999"><ele>320.04327403660864</ele></trkpt><trkpt lat="-32.81637964598417" lon="116.14831292231341"><ele>320.34890097960033</ele></trkpt><trkpt lat="-32.81463045226415" lon="116.14553300393143"><ele>323.0688064070225</ele></trkpt><trkpt lat="-32.81332967738087" lon="116.14233252694466"><ele>315.730582569493</ele></trkpt><trkpt lat="-32.810959887868236" lon="116.14192869398232"><ele>279.7112412589016</ele></trkpt><trkpt lat="-32.80994509816742" lon="116.14494187095535"><ele>268.59545318104693</ele></trkpt><trkpt lat="-32.80861151327524" lon="116.14510257198052"><ele>220.3667863062976</ele></trkpt><trkpt lat="-32.80670089632279" lon="116.14703745299653"><ele>180.1270126790041</ele></trkpt><trkpt lat="-32.80393830695125" lon="116.14706095567144"><ele>217.24933336651884</ele></trkpt><trkpt lat="-32.803082277976245" lon="116.1454948457578"><ele>273.5756730730106</ele></trkpt><trkpt lat="-32.801669616062014" lon="116.14382875490182"><ele>319.7465766720663</ele></trkpt><trkpt lat="-32.79981750054675" lon="116.14242009404481"><ele>291.07283961266165</ele></trkpt><trkpt lat="-32.796927819928044" lon="116.14352285535806"><ele>252.56923698884808</ele></trkpt><trkpt lat="-32.794669698081854" lon="116.14557176742483"><ele>266.12570845385306</ele></trkpt><trkpt lat="-32.79237893050827" lon="116.14786537601186"><ele>275.03377465489484</ele></trkpt><trkpt lat="-32.78974122250227" lon="116.14945523485036"><ele>230.55134842272088</ele></trkpt><trkpt lat="-32.78733841707294" lon="116.15023096748888"><ele>198.30612353479955</ele></trkpt><trkpt lat="-32.78478974534407" lon="116.14829899933348"><ele>198.28229397826362</ele></trkpt><trkpt lat="-32.78261057604601" lon="116.14577265093192"><ele>197.6391009070897</ele></trkpt><trkpt lat="-32.78018792705349" lon="116.14363583478638"><ele>200.1791917962255</ele></trkpt><trkpt lat="-32.777711306984074" lon="116.14156535074761"><ele>192.39826528250705</ele></trkpt><trkpt lat="-32.77656963452275" lon="116.13857066972274"><ele>189.39009495501045</ele></trkpt><trkpt lat="-32.77830287857917" lon="116.13560140602934"><ele>188.41322182584554</ele></trkpt><trkpt lat="-32.77641218638729" lon="116.13456638142034"><ele>188.52584656629267</ele></trkpt><trkpt lat="-32.77590739779628" lon="116.13141501437524"><ele>214.44662942225114</ele></trkpt><trkpt lat="-32.77813063679661" lon="116.12902044575134"><ele>232.85805117723066</ele></trkpt><trkpt lat="-32.77951399463336" lon="116.12581534282818"><ele>222.78916012105475</ele></trkpt><trkpt lat="-32.78039742240638" lon="116.12240852080886"><ele>197.30418348917738</ele></trkpt><trkpt lat="-32.78040800986076" lon="116.11885316717837"><ele>193.86477861633225</ele></trkpt><trkpt lat="-32.77933949933912" lon="116.11717804632937"><ele>210.0784438373789</ele></trkpt><trkpt lat="-32.776728026758875" lon="116.11846349548432"><ele>235.15382258140016</ele></trkpt><trkpt lat="-32.774340287131466" lon="116.11896509375796"><ele>247.82072639156863</ele></trkpt><trkpt lat="-32.77180542937733" lon="116.12059565329847"><ele>251.67889854039942</ele></trkpt><trkpt lat="-32.768989088226064" lon="116.12030717569675"><ele>230.76024828338996</ele></trkpt><trkpt lat="-32.76765756470405" lon="116.11760459757292"><ele>249.41801050875802</ele></trkpt><trkpt lat="-32.765593098320686" lon="116.11520021990968"><ele>271.0079432372004</ele></trkpt><trkpt lat="-32.76271147751891" lon="116.1146923054736"><ele>299.90048831060994</ele></trkpt><trkpt lat="-32.75984258300171" lon="116.1145633510836"><ele>278.5391784298883</ele></trkpt><trkpt lat="-32.75729091302979" lon="116.11348268216425"><ele>266.0</ele></trkpt><trkpt lat="-32.75661564297468" lon="116.11024160450222"><ele>269.6366590829566</ele></trkpt><trkpt lat="-32.7577474957496" lon="116.10729891331454"><ele>273.0320166223592</ele></trkpt><trkpt lat="-32.75755350097513" lon="116.10404342117802"><ele>244.28647852921858</ele></trkpt><trkpt lat="-32.755025448519035" lon="116.103499667441"><ele>207.2555661685027</ele></trkpt><trkpt lat="-32.752615050971535" lon="116.10245572026018"><ele>159.5578728110188</ele></trkpt><trkpt lat="-32.75104884111529" lon="116.10024058126852"><ele>168.57851253217086</ele></trkpt><trkpt lat="-32.751348856181" lon="116.09690719651968"><ele>196.5635503719095</ele></trkpt><trkpt lat="-32.75083620828937" lon="116.09362625618314"><ele>226.04598736731077</ele></trkpt><trkpt lat="-32.75049532612444" lon="116.09049751329488"><ele>255.6963318142807</ele></trkpt><trkpt lat="-32.75049121256807" lon="116.0871405540957"><ele>250.8952197674662</ele></trkpt><trkpt lat="-32.75076878175413" lon="116.08372196606378"><ele>275.114293996459</ele></trkpt><trkpt lat="-32.74959940883811" lon="116.08054029376201"><ele>293.16820066038053</ele></trkpt><trkpt lat="-32.74845517013877" lon="116.07723400650094"><ele>271.22528147093726</ele></trkpt><trkpt lat="-32.746577274675374" lon="116.07470395843336"><ele>259.0</ele></trkpt><trkpt lat="-32.74372836470622" lon="116.07393571061775"><ele>255.3577387201367</ele></trkpt><trkpt lat="-32.74074413240443" lon="116.07366165132024"><ele>257.8292598194095</ele></trkpt><trkpt lat="-32.73852695412901" lon="116.0713703028583"><ele>265.52014788938686</ele></trkpt><trkpt lat="-32.73596793382756" lon="116.06999351162239"><ele>268.4213794178338</ele></trkpt><trkpt lat="-32.73364892822148" lon="116.0678559644824"><ele>269.0</ele></trkpt><trkpt lat="-32.73171002462482" lon="116.06580563053303"><ele>262.82336023217067</ele></trkpt><trkpt lat="-32.73012939541856" lon="116.06321134847664"><ele>258.65477148242593</ele></trkpt><trkpt lat="-32.72750535217709" lon="116.06436129299662"><ele>251.85214770508395</ele></trkpt><trkpt lat="-32.72460527294889" lon="116.06412560314995"><ele>250.48239011859042</ele></trkpt><trkpt lat="-32.72241624936007" lon="116.06641231414714"><ele>251.0695004357258</ele></trkpt><trkpt lat="-32.72017750969537" lon="116.06704673648895"><ele>268.2642279891297</ele></trkpt><trkpt lat="-32.717641667344594" lon="116.06589356020152"><ele>288.4869225262664</ele></trkpt><trkpt lat="-32.71587734601505" lon="116.06341935820612"><ele>278.92309407377616</ele></trkpt><trkpt lat="-32.71345607140456" lon="116.0614491950191"><ele>263.8026656686561</ele></trkpt><trkpt lat="-32.711531665450984" lon="116.06417385612602"><ele>266.91375821952073</ele></trkpt><trkpt lat="-32.70948253853605" lon="116.06676353766454"><ele>271.4577191130634</ele></trkpt><trkpt lat="-32.70964848564484" lon="116.0700094505535"><ele>268.78543016088764</ele></trkpt><trkpt lat="-32.710783592843995" lon="116.07329361523246"><ele>261.88676160028115</ele></trkpt><trkpt lat="-32.711783215307634" lon="116.07643144291356"><ele>254.44561169308145</ele></trkpt><trkpt lat="-32.71028892998794" lon="116.07949799063843"><ele>248.95214118924923</ele></trkpt><trkpt lat="-32.71054853616084" lon="116.08307560664728"><ele>243.20098021393642</ele></trkpt><trkpt lat="-32.71187408107701" lon="116.08624564122081"><ele>234.64727403185282</ele></trkpt><trkpt lat="-32.712558210634874" lon="116.08974255148362"><ele>230.68687754622158</ele></trkpt><trkpt lat="-32.71418569983565" lon="116.0927537638281"><ele>219.19238522322848</ele></trkpt><trkpt lat="-32.71587988383334" lon="116.09566200697294"><ele>225.19322997343593</ele></trkpt><trkpt lat="-32.71800806802673" lon="116.09810422400379"><ele>221.0</ele></trkpt><trkpt lat="-32.719765516347174" lon="116.1008324150996"><ele>216.65415290300734</ele></trkpt><trkpt lat="-32.72105549277739" lon="116.10377607762848"><ele>212.44843291450874</ele></trkpt><trkpt lat="-32.722144592216225" lon="116.10702129950992"><ele>214.07796580600552</ele></trkpt><trkpt lat="-32.724589955737244" lon="116.10892678754124"><ele>209.67290228663668</ele></trkpt><trkpt lat="-32.72694737614382" lon="116.11106374987735"><ele>210.52898560347967</ele></trkpt><trkpt lat="-32.72959653807756" lon="116.11206224362903"><ele>203.0949179943418</ele></trkpt><trkpt lat="-32.73208474671446" lon="116.11380912805846"><ele>194.4202133360213</ele></trkpt><trkpt lat="-32.73495233775276" lon="116.1146268893259"><ele>190.12526343100234</ele></trkpt><trkpt lat="-32.736206909078845" lon="116.11759043185195"><ele>189.6011776402679</ele></trkpt><trkpt lat="-32.737487123962666" lon="116.12070175651246"><ele>190.0081489449367</ele></trkpt><trkpt lat="-32.73805104343522" lon="116.1242348428955"><ele>195.40936153078565</ele></trkpt><trkpt lat="-32.73866430718596" lon="116.12775840758525"><ele>190.54641212609783</ele></trkpt><trkpt lat="-32.738011740904405" lon="116.13102163691835"><ele>200.1234175277127</ele></trkpt><trkpt lat="-32.73706676908148" lon="116.13416271900074"><ele>206.06452487688512</ele></trkpt><trkpt lat="-32.737963657851274" lon="116.13755008228009"><ele>214.3122188251</ele></trkpt><trkpt lat="-32.73944290880817" lon="116.14066915074058"><ele>225.38412197629583</ele></trkpt><trkpt lat="-32.740457953904915" lon="116.14381847357194"><ele>232.95040809494802</ele></trkpt><trkpt lat="-32.74115070452023" lon="116.14706117484188"><ele>237.7558835513525</ele></trkpt><trkpt lat="-32.7432292872395" lon="116.14963175217636"><ele>240.4460204085055</ele></trkpt><trkpt lat="-32.74534368712627" lon="116.15203413871777"><ele>237.0</ele></trkpt><trkpt lat="-32.74703308420454" lon="116.15493383339836"><ele>239.4077231794624</ele></trkpt><trkpt lat="-32.747568936391815" lon="116.15788931221907"><ele>251.39561861171387</ele></trkpt><trkpt lat="-32.748447309009386" lon="116.16132466934053"><ele>257.2402726036962</ele></trkpt><trkpt lat="-32.74923419945889" lon="116.16475001452415"><ele>257.29376757657155</ele></trkpt><trkpt lat="-32.75046297003064" lon="116.16753521863592"><ele>255.736107615984</ele></trkpt><trkpt lat="-32.752335214396595" lon="116.17033120998538"><ele>273.017542186426</ele></trkpt><trkpt lat="-32.75369013035406" lon="116.1735687164653"><ele>269.0</ele></trkpt><trkpt lat="-32.754872056989505" lon="116.17687441982173"><ele>266.8459535499569</ele></trkpt><trkpt lat="-32.75622143478083" lon="116.18002525323708"><ele>264.56037256331183</ele></trkpt><trkpt lat="-32.75706944884334" lon="116.18346163310997"><ele>269.05122979664856</ele></trkpt><trkpt lat="-32.7570749564562" lon="116.18703216838891"><ele>266.9756731316422</ele></trkpt><trkpt lat="-32.75514679122129" lon="116.18932830667586"><ele>262.0</ele></trkpt><trkpt lat="-32.75509425586997" lon="116.1928295448088"><ele>271.44837043853477</ele></trkpt><trkpt lat="-32.754974194162195" lon="116.19635755601126"><ele>271.1180195260262</ele></trkpt><trkpt lat="-32.75573748570643" lon="116.1997363126959"><ele>275.9594565432053</ele></trkpt><trkpt lat="-32.75690822927165" lon="116.20302231288827"><ele>279.8315291160252</ele></trkpt><trkpt lat="-32.75577726326742" lon="116.2062639988696"><ele>275.0</ele></trkpt><trkpt lat="-32.75565255705548" lon="116.20972678037948"><ele>278.0</ele></trkpt><trkpt lat="-32.75572714628292" lon="116.21333376867187"><ele>286.84262987948847</ele></trkpt><trkpt lat="-32.75459751275172" lon="116.21666138446957"><ele>286.33628703186366</ele></trkpt><trkpt lat="-32.75397313640551" lon="116.21984823939464"><ele>286.80150152067654</ele></trkpt><trkpt lat="-32.75524351134019" lon="116.22309965174188"><ele>296.54194535466377</ele></trkpt><trkpt lat="-32.75671602265142" lon="116.22626438939787"><ele>301.2204254915991</ele></trkpt><trkpt lat="-32.758713854280145" lon="116.22897259435776"><ele>291.3385216914967</ele></trkpt><trkpt lat="-32.76003452329241" lon="116.23209285801227"><ele>286.45380875840783</ele></trkpt><trkpt lat="-32.75979620007771" lon="116.235627199677"><ele>292.7556482865475</ele></trkpt><trkpt lat="-32.75915768814775" lon="116.23904913240425"><ele>298.30092147295363</ele></trkpt><trkpt lat="-32.759940853822314" lon="116.24254165185904"><ele>298.1368561037816</ele></trkpt><trkpt lat="-32.7598057451406" lon="116.24608555797288"><ele>298.41071377893525</ele></trkpt><trkpt lat="-32.75832203095647" lon="116.24920448095142"><ele>306.0</ele></trkpt><trkpt lat="-32.75689469433639" lon="116.25235601736476"><ele>309.94082511692267</ele></trkpt><trkpt lat="-32.755735611213034" lon="116.25569024025367"><ele>309.02450109525466</ele></trkpt><trkpt lat="-32.75294308261637" lon="116.25644623967709"><ele>316.3490560159553</ele></trkpt><trkpt lat="-32.75011960853303" lon="116.25721628426088"><ele>310.2226943189744</ele></trkpt><trkpt lat="-32.75102382311362" lon="116.26007513035529"><ele>317.4555328836013</ele></trkpt><trkpt lat="-32.74985739084785" lon="116.26317444716005"><ele>325.7223094578367</ele></trkpt><trkpt lat="-32.74842630260788" lon="116.26618417574954"><ele>331.3821663002018</ele></trkpt><trkpt lat="-32.74820480849072" lon="116.26977563538284"><ele>338.0058648719618</ele></trkpt><trkpt lat="-32.74762543630482" lon="116.27332481394666"><ele>342.71022282750346</ele></trkpt><trkpt lat="-32.74791640681858" lon="116.27685311077431"><ele>343.90224614704493</ele></trkpt><trkpt lat="-32.74755540329596" lon="116.28029506496304"><ele>323.98157825134695</ele></trkpt><trkpt lat="-32.747811939842975" lon="116.28386520484926"><ele>333.0977577563134</ele></trkpt><trkpt lat="-32.747643492365704" lon="116.28747337286886"><ele>326.91757688869757</ele></trkpt><trkpt lat="-32.747645787450246" lon="116.29108011138638"><ele>309.0813499686774</ele></trkpt><trkpt lat="-32.74740611732375" lon="116.29466927154913"><ele>287.29998742602766</ele></trkpt><trkpt lat="-32.746465443164254" lon="116.29804776781819"><ele>280.73186770966277</ele></trkpt><trkpt lat="-32.74787781296986" lon="116.30122406437101"><ele>276.4336001202464</ele></trkpt><trkpt lat="-32.747366663032956" lon="116.30457172921939"><ele>270.95478454071593</ele></trkpt><trkpt lat="-32.74562529830267" lon="116.30738808591678"><ele>274.7836346195545</ele></trkpt><trkpt lat="-32.74325338697888" lon="116.30964301549308"><ele>279.1838214836316</ele></trkpt><trkpt lat="-32.74085139468718" lon="116.3118251801222"><ele>282.0</ele></trkpt><trkpt lat="-32.73812737874425" lon="116.31282717468122"><ele>261.0</ele></trkpt><trkpt lat="-32.736915206754915" lon="116.3159424231957"><ele>274.3920665108858</ele></trkpt><trkpt lat="-32.736033418426175" lon="116.31903803967059"><ele>271.99093619082123</ele></trkpt><trkpt lat="-32.73400005364208" lon="116.32124324443484"><ele>263.0</ele></trkpt><trkpt lat="-32.73195104837384" lon="116.32383308483017"><ele>264.89963605172477</ele></trkpt><trkpt lat="-32.72997622496686" lon="116.326558489123"><ele>275.0747769504191</ele></trkpt><trkpt lat="-32.727471698333275" lon="116.32859390134098"><ele>269.0</ele></trkpt><trkpt lat="-32.72547007550545" lon="116.33127630963966"><ele>267.34915546867126</ele></trkpt><trkpt lat="-32.72381009636614" lon="116.33399211648452"><ele>265.2340459069237</ele></trkpt><trkpt lat="-32.72275717901101" lon="116.33701482073114"><ele>295.73140368331224</ele></trkpt><trkpt lat="-32.72117527830261" lon="116.3393035236576"><ele>325.0640645711683</ele></trkpt><trkpt lat="-32.718407740935234" lon="116.3378431344041"><ele>345.5931528166402</ele></trkpt><trkpt lat="-32.71578560687584" lon="116.33865154588102"><ele>375.20567429845687</ele></trkpt><trkpt lat="-32.71414073451118" lon="116.34075925587544"><ele>402.09068939492346</ele></trkpt><trkpt lat="-32.7113940101215" lon="116.33983698642405"><ele>437.73600842326414</ele></trkpt><trkpt lat="-32.70866485759781" lon="116.33831355173629"><ele>469.0907668889482</ele></trkpt><trkpt lat="-32.70613612415003" lon="116.33675276108535"><ele>476.68591484986246</ele></trkpt><trkpt lat="-32.7033217724012" lon="116.33592621169065"><ele>491.7305540406564</ele></trkpt><trkpt lat="-32.70039990621563" lon="116.33616699844727"><ele>543.4237934211433</ele></trkpt><trkpt lat="-32.69750942213193" lon="116.33635739331277"><ele>544.3959853601409</ele></trkpt><trkpt lat="-32.69493283954416" lon="116.33474889059525"><ele>487.8884855809156</ele></trkpt><trkpt lat="-32.69215979131611" lon="116.33517397796194"><ele>447.55059410003014</ele></trkpt><trkpt lat="-32.691508604844415" lon="116.33867360974445"><ele>421.3365585433785</ele></trkpt><trkpt lat="-32.68910812063354" lon="116.34014281204173"><ele>392.40235178917646</ele></trkpt><trkpt lat="-32.68607745788911" lon="116.3402535410645"><ele>369.4706632698653</ele></trkpt><trkpt lat="-32.68320932283813" lon="116.34138427360833"><ele>362.4440652807243</ele></trkpt><trkpt lat="-32.68020636124431" lon="116.34175618809682"><ele>354.9443885027431</ele></trkpt><trkpt lat="-32.67760259623832" lon="116.34014617222611"><ele>353.0388170973098</ele></trkpt><trkpt lat="-32.67538260734663" lon="116.33767904072388"><ele>343.04659543011803</ele></trkpt><trkpt lat="-32.67257019034721" lon="116.33795187326479"><ele>326.1901303359773</ele></trkpt><trkpt lat="-32.67184389617461" lon="116.34102562441572"><ele>348.25781709477974</ele></trkpt><trkpt lat="-32.67234536531852" lon="116.34457919409029"><ele>357.6279760032194</ele></trkpt><trkpt lat="-32.671943813805726" lon="116.348151019732"><ele>342.84907220385503</ele></trkpt><trkpt lat="-32.66985440262072" lon="116.3488366811358"><ele>341.233312499357</ele></trkpt><trkpt lat="-32.6674399271323" lon="116.34691963008812"><ele>334.31884478824213</ele></trkpt><trkpt lat="-32.66449521659676" lon="116.34602959056235"><ele>327.6960600623861</ele></trkpt><trkpt lat="-32.66153981606355" lon="116.345360913377"><ele>329.0</ele></trkpt><trkpt lat="-32.65866196477667" lon="116.34426972259078"><ele>327.0</ele></trkpt><trkpt lat="-32.65577647764228" lon="116.3431792106476"><ele>323.37462810763196</ele></trkpt><trkpt lat="-32.65354751609967" lon="116.34147622060965"><ele>312.1048302424606</ele></trkpt><trkpt lat="-32.65337388142248" lon="116.3435438868024"><ele>308.0821542601203</ele></trkpt><trkpt lat="-32.65308122375234" lon="116.34703912978448"><ele>315.6323433111777</ele></trkpt><trkpt lat="-32.65076541604988" lon="116.34766816987415"><ele>322.6965712730307</ele></trkpt><trkpt lat="-32.647754712454955" lon="116.3473489948681"><ele>326.9002943676931</ele></trkpt><trkpt lat="-32.64500958121651" lon="116.34640880858092"><ele>333.45534925861284</ele></trkpt><trkpt lat="-32.642101317515376" lon="116.34556257245247"><ele>334.1641660274472</ele></trkpt><trkpt lat="-32.63933046896007" lon="116.34420363312942"><ele>336.2185423593037</ele></trkpt><trkpt lat="-32.636921478269244" lon="116.3421312550609"><ele>340.0088568619685</ele></trkpt><trkpt lat="-32.63530459159674" lon="116.33936083297665"><ele>340.6593794262344</ele></trkpt><trkpt lat="-32.63423205521296" lon="116.33639708873739"><ele>334.1328539995011</ele></trkpt><trkpt lat="-32.63170905523509" lon="116.3363438433997"><ele>341.0</ele></trkpt><trkpt lat="-32.62946893526937" lon="116.33875898389465"><ele>360.89189053489827</ele></trkpt><trkpt lat="-32.627667404957" lon="116.34157570329592"><ele>380.8149005284067</ele></trkpt><trkpt lat="-32.62567420262913" lon="116.34393827121895"><ele>420.98135639785323</ele></trkpt><trkpt lat="-32.624108413529164" lon="116.3463308513331"><ele>487.31113043217414</ele></trkpt><trkpt lat="-32.622890276953015" lon="116.34645923398736"><ele>497.22113393980544</ele></trkpt><trkpt lat="-32.621008871356956" lon="116.34393452296948"><ele>458.3967915686875</ele></trkpt><trkpt lat="-32.618871866071686" lon="116.34257383628838"><ele>442.1821468018461</ele></trkpt><trkpt lat="-32.61615038354114" lon="116.34204844154186"><ele>422.94562978763133</ele></trkpt><trkpt lat="-32.613376297718055" lon="116.34140365417129"><ele>429.30549050949196</ele></trkpt><trkpt lat="-32.61127075165998" lon="116.33906906206873"><ele>440.0913947032329</ele></trkpt><trkpt lat="-32.609401336657704" lon="116.33632941754985"><ele>444.3627516257111</ele></trkpt><trkpt lat="-32.606637644972665" lon="116.33574649904605"><ele>471.89031639462337</ele></trkpt><trkpt lat="-32.60373757509397" lon="116.3355276707054"><ele>496.15076107915957</ele></trkpt><trkpt lat="-32.60132412668891" lon="116.33379659569998"><ele>464.9516522116028</ele></trkpt><trkpt lat="-32.59921203087249" lon="116.33143473438744"><ele>447.6122532193432</ele></trkpt><trkpt lat="-32.59721529873154" lon="116.32921122305027"><ele>410.5319429255068</ele></trkpt><trkpt lat="-32.59451645961197" lon="116.3304140407616"><ele>402.0</ele></trkpt><trkpt lat="-32.591933505653934" lon="116.33013438740652"><ele>365.1365170306526</ele></trkpt><trkpt lat="-32.58907183962321" lon="116.33123723038197"><ele>336.56213421361224</ele></trkpt><trkpt lat="-32.58670792769486" lon="116.33330231999304"><ele>322.10451938351616</ele></trkpt><trkpt lat="-32.584119565450976" lon="116.33462545798051"><ele>308.4868590585084</ele></trkpt><trkpt lat="-32.581820584411204" lon="116.33368213117407"><ele>308.0</ele></trkpt><trkpt lat="-32.57929628240493" lon="116.33526628312843"><ele>299.45456612389535</ele></trkpt><trkpt lat="-32.57865343086106" lon="116.33819351539901"><ele>295.82346002105623</ele></trkpt><trkpt lat="-32.57680305647718" lon="116.34099640841325"><ele>300.21311873034574</ele></trkpt><trkpt lat="-32.57655753714152" lon="116.34444477452325"><ele>306.2955760701144</ele></trkpt><trkpt lat="-32.57528115742142" lon="116.34745684796312"><ele>311.4114916284359</ele></trkpt><trkpt lat="-32.57323477801819" lon="116.34975305451918"><ele>322.5854711575319</ele></trkpt><trkpt lat="-32.574328984446026" lon="116.35269331001774"><ele>325.38148775487207</ele></trkpt><trkpt lat="-32.57389922711427" lon="116.35603838785102"><ele>348.4455105505739</ele></trkpt><trkpt lat="-32.57194123777299" lon="116.35859220498315"><ele>398.3650329737349</ele></trkpt><trkpt lat="-32.571288885665986" lon="116.36159026628653"><ele>433.1191809143638</ele></trkpt><trkpt lat="-32.572492047743616" lon="116.36452999896892"><ele>481.9372135027079</ele></trkpt><trkpt lat="-32.571755861212246" lon="116.36689949717052"><ele>461.9965330814059</ele></trkpt><trkpt lat="-32.570083007570844" lon="116.36945684530664"><ele>481.6674060911173</ele></trkpt><trkpt lat="-32.5676838796422" lon="116.3710001951082"><ele>486.2512307083234</ele></trkpt><trkpt lat="-32.566485626232826" lon="116.37399810858506"><ele>478.6506588035263</ele></trkpt><trkpt lat="-32.564335052296244" lon="116.37584047107154"><ele>433.11824026396926</ele></trkpt><trkpt lat="-32.56309683008959" lon="116.37888764305669"><ele>374.3417266344186</ele></trkpt><trkpt lat="-32.56266428761401" lon="116.38237534909806"><ele>341.0769484419143</ele></trkpt><trkpt lat="-32.56270802842633" lon="116.38463627511914"><ele>342.2929646591656</ele></trkpt><trkpt lat="-32.563032865491614" lon="116.38819331202524"><ele>357.6266861540921</ele></trkpt><trkpt lat="-32.563070891349795" lon="116.39177375320818"><ele>360.8630169891985</ele></trkpt><trkpt lat="-32.56303515338854" lon="116.39538037974022"><ele>356.4855999168366</ele></trkpt><trkpt lat="-32.56316751116974" lon="116.39892758638513"><ele>367.39940456324257</ele></trkpt><trkpt lat="-32.563052332142675" lon="116.4025281648772"><ele>353.36044141009916</ele></trkpt><trkpt lat="-32.56290575842773" lon="116.40612662913327"><ele>341.0</ele></trkpt><trkpt lat="-32.56304889369933" lon="116.40969854013649"><ele>335.4637783569076</ele></trkpt><trkpt lat="-32.563124437639864" lon="116.41330405215814"><ele>351.148387754336</ele></trkpt><trkpt lat="-32.56305899194285" lon="116.41691445351394"><ele>343.8194999564439</ele></trkpt><trkpt lat="-32.56300725044761" lon="116.42052408247909"><ele>334.91194083984556</ele></trkpt><trkpt lat="-32.56176373797509" lon="116.42354111902216"><ele>325.3883247113554</ele></trkpt><trkpt lat="-32.56126329390406" lon="116.42619401637887"><ele>322.23787176935</ele></trkpt><trkpt lat="-32.56012242219661" lon="116.42880956943574"><ele>328.9581329243956</ele></trkpt><trkpt lat="-32.55867165692087" lon="116.43172704372967"><ele>336.16818094315147</ele></trkpt><trkpt lat="-32.56007385950961" lon="116.43444558978683"><ele>351.1479065302992</ele></trkpt><trkpt lat="-32.562409377905" lon="116.43660037504179"><ele>362.0</ele></trkpt><trkpt lat="-32.565058104245516" lon="116.43799753292612"><ele>361.40222801131665</ele></trkpt><trkpt lat="-32.56724841828404" lon="116.44044530212867"><ele>346.00365459849127</ele></trkpt><trkpt lat="-32.56837534129177" lon="116.44342278809279"><ele>333.4147699244786</ele></trkpt><trkpt lat="-32.566275615029056" lon="116.44515795145722"><ele>351.27476626145653</ele></trkpt><trkpt lat="-32.563935406823994" lon="116.44434646125254"><ele>363.8577004123533</ele></trkpt><trkpt lat="-32.56223719146452" lon="116.44157658215181"><ele>367.9483301016735</ele></trkpt><trkpt lat="-32.56033465876125" lon="116.4388984415218"><ele>352.24651231756434</ele></trkpt><trkpt lat="-32.55785914324116" lon="116.43682818250818"><ele>348.02688779553864</ele></trkpt><trkpt lat="-32.55545987818811" lon="116.43467197285389"><ele>331.7420046775369</ele></trkpt><trkpt lat="-32.5531732383501" lon="116.43230934623816"><ele>344.6834460508544</ele></trkpt><trkpt lat="-32.550647545739785" lon="116.43034701858329"><ele>354.99938005035574</ele></trkpt><trkpt lat="-32.54816950355262" lon="116.42827396179268"><ele>346.64556799596176</ele></trkpt><trkpt lat="-32.545674876746205" lon="116.42721172587599"><ele>355.0</ele></trkpt><trkpt lat="-32.54345237856538" lon="116.42480674347962"><ele>342.2748587508686</ele></trkpt><trkpt lat="-32.5410558637893" lon="116.42259296764638"><ele>333.0744261856977</ele></trkpt><trkpt lat="-32.53887334248717" lon="116.42031915101916"><ele>326.99474208764684</ele></trkpt><trkpt lat="-32.53589681391426" lon="116.41990112731384"><ele>316.06447630911134</ele></trkpt><trkpt lat="-32.53363246625164" lon="116.41864201293453"><ele>313.68390499277973</ele></trkpt><trkpt lat="-32.53184075975865" lon="116.41576794258746"><ele>314.5015898144338</ele></trkpt><trkpt lat="-32.53082069137363" lon="116.41240618268031"><ele>310.0100249394309</ele></trkpt><trkpt lat="-32.52934818022143" lon="116.40981465636705"><ele>307.1513190740402</ele></trkpt><trkpt lat="-32.52669705083018" lon="116.40827210982005"><ele>309.8351990371011</ele></trkpt><trkpt lat="-32.52444760931115" lon="116.40778391889424"><ele>302.9050072123191</ele></trkpt><trkpt lat="-32.521654664997584" lon="116.40768451703663"><ele>296.9273054628866</ele></trkpt><trkpt lat="-32.518802994803245" lon="116.40745144359164"><ele>301.8524370435228</ele></trkpt><trkpt lat="-32.51597786823397" lon="116.40616345119321"><ele>307.33909359166864</ele></trkpt><trkpt lat="-32.51316177315449" lon="116.40516132707872"><ele>310.5728477453813</ele></trkpt><trkpt lat="-32.51046474204594" lon="116.40384076630373"><ele>314.3355553817237</ele></trkpt><trkpt lat="-32.50764468866663" lon="116.4028171227229"><ele>317.8919589100213</ele></trkpt><trkpt lat="-32.50477475049823" lon="116.40256862339326"><ele>318.81139586435387</ele></trkpt><trkpt lat="-32.50185853765554" lon="116.40275558927746"><ele>319.30086232116446</ele></trkpt><trkpt lat="-32.49940254705817" lon="116.40083104362516"><ele>322.4561464753933</ele></trkpt><trkpt lat="-32.4974693792991" lon="116.3984207889138"><ele>327.55290468852036</ele></trkpt><trkpt lat="-32.49514918460641" lon="116.39634865462925"><ele>334.54363715043337</ele></trkpt><trkpt lat="-32.493761934323295" lon="116.39315604446384"><ele>342.19555445000105</ele></trkpt><trkpt lat="-32.49446577723512" lon="116.38972836695555"><ele>350.53859534533694</ele></trkpt><trkpt lat="-32.49329218125635" lon="116.38755043281398"><ele>359.5588535804717</ele></trkpt><trkpt lat="-32.49037651250794" lon="116.38674768742055"><ele>370.0</ele></trkpt><trkpt lat="-32.48747803630886" lon="116.38678635019158"><ele>379.0</ele></trkpt><trkpt lat="-32.485082736819535" lon="116.38894239121935"><ele>366.98991028477036</ele></trkpt><trkpt lat="-32.482248793440505" lon="116.38855268182228"><ele>358.9795437598385</ele></trkpt><trkpt lat="-32.479673372603386" lon="116.39019826102445"><ele>344.54739862214774</ele></trkpt><trkpt lat="-32.476807169586195" lon="116.39125270470092"><ele>336.0</ele></trkpt><trkpt lat="-32.47389868956147" lon="116.3908005317883"><ele>328.42247839349113</ele></trkpt><trkpt lat="-32.47118300707636" lon="116.38968131801104"><ele>327.01241651002783</ele></trkpt><trkpt lat="-32.46826052542094" lon="116.38890052485975"><ele>324.09471416671295</ele></trkpt><trkpt lat="-32.46530002046714" lon="116.38884936685042"><ele>319.0</ele></trkpt><trkpt lat="-32.4626308189735" lon="116.38732185173545"><ele>316.79321436547843</ele></trkpt><trkpt lat="-32.46289624288947" lon="116.3838769811229"><ele>315.11940868897364</ele></trkpt><trkpt lat="-32.46184629892099" lon="116.38066867151238"><ele>316.5737096926936</ele></trkpt><trkpt lat="-32.461410088723426" lon="116.37748151759087"><ele>320.88507414236665</ele></trkpt><trkpt lat="-32.45987200970531" lon="116.3749606959457"><ele>327.8193050501868</ele></trkpt><trkpt lat="-32.45762168297038" lon="116.37359603529087"><ele>339.5733546250267</ele></trkpt><trkpt lat="-32.45479622039401" lon="116.37289187641"><ele>344.75189517785293</ele></trkpt><trkpt lat="-32.45211684799403" lon="116.3721206259979"><ele>353.05204172385857</ele></trkpt><trkpt lat="-32.44962997808505" lon="116.37028383875897"><ele>356.0</ele></trkpt><trkpt lat="-32.44700587993098" lon="116.36908068111988"><ele>355.0</ele></trkpt><trkpt lat="-32.44607933039191" lon="116.36576232830194"><ele>355.7446391758276</ele></trkpt><trkpt lat="-32.445775140757036" lon="116.36220328813955"><ele>357.6448205326451</ele></trkpt><trkpt lat="-32.447807352120975" lon="116.3600161481122"><ele>366.27615265059285</ele></trkpt><trkpt lat="-32.44987956262835" lon="116.35752732816309"><ele>373.7745796891395</ele></trkpt><trkpt lat="-32.451465367846936" lon="116.35456680384607"><ele>372.0208838349208</ele></trkpt><trkpt lat="-32.451173690586884" lon="116.35105632363826"><ele>370.0</ele></trkpt><trkpt lat="-32.44973304593346" lon="116.34789452590047"><ele>365.9667625086149</ele></trkpt><trkpt lat="-32.44798942987685" lon="116.34494292062642"><ele>364.08406700682826</ele></trkpt><trkpt lat="-32.44647418924889" lon="116.34183097699663"><ele>366.09992862566014</ele></trkpt><trkpt lat="-32.444543375849925" lon="116.33917059667256"><ele>365.1008823648656</ele></trkpt><trkpt lat="-32.44325956900025" lon="116.33596697752205"><ele>361.0</ele></trkpt><trkpt lat="-32.44197897242165" lon="116.33273963437199"><ele>360.0</ele></trkpt><trkpt lat="-32.43960656865394" lon="116.33087709861802"><ele>363.0234191082418</ele></trkpt><trkpt lat="-32.437968965175564" lon="116.32789807830899"><ele>366.47391733143104</ele></trkpt><trkpt lat="-32.43575244114472" lon="116.32565937100955"><ele>363.4188854682725</ele></trkpt><trkpt lat="-32.43293487412432" lon="116.32456147202168"><ele>360.6292212596163</ele></trkpt><trkpt lat="-32.430143840565776" lon="116.32361826187378"><ele>362.1984503276206</ele></trkpt><trkpt lat="-32.42992515963709" lon="116.32029706605036"><ele>375.8989053365076</ele></trkpt><trkpt lat="-32.428121969622005" lon="116.31778454052895"><ele>403.0820371923037</ele></trkpt><trkpt lat="-32.42533465790777" lon="116.31697003343504"><ele>435.42276245742164</ele></trkpt><trkpt lat="-32.424191516347385" lon="116.3144522376846"><ele>455.72506686253473</ele></trkpt><trkpt lat="-32.422911656789864" lon="116.3118724262381"><ele>525.4974376188469</ele></trkpt><trkpt lat="-32.420346649789224" lon="116.31054080952201"><ele>543.67971470157</ele></trkpt><trkpt lat="-32.417630332398176" lon="116.30929135443324"><ele>566.9288034756639</ele></trkpt><trkpt lat="-32.41481228868947" lon="116.30818595681146"><ele>574.6480172428243</ele></trkpt><trkpt lat="-32.41216473279793" lon="116.30727613433703"><ele>552.6840904056229</ele></trkpt><trkpt lat="-32.40961103485909" lon="116.30844543934973"><ele>506.2024692211171</ele></trkpt><trkpt lat="-32.40683943520872" lon="116.30813071196107"><ele>453.3056020083215</ele></trkpt><trkpt lat="-32.405454195411934" lon="116.30628390427196"><ele>410.99100444706926</ele></trkpt><trkpt lat="-32.40471773460597" lon="116.30293478798924"><ele>382.61909828777425</ele></trkpt><trkpt lat="-32.40343387126436" lon="116.2996868192534"><ele>364.84755892842077</ele></trkpt><trkpt lat="-32.40267321642982" lon="116.29633693020463"><ele>350.3971635035705</ele></trkpt><trkpt lat="-32.40102355467775" lon="116.29429367034234"><ele>363.654113486642</ele></trkpt><trkpt lat="-32.399349940979725" lon="116.2914030315983"><ele>358.51935565453533</ele></trkpt><trkpt lat="-32.39835682066479" lon="116.28847805044164"><ele>331.9842234440148</ele></trkpt><trkpt lat="-32.397026505975475" lon="116.28618482491773"><ele>318.6252165164333</ele></trkpt><trkpt lat="-32.39603625709526" lon="116.28290590836295"><ele>324.0829103271244</ele></trkpt><trkpt lat="-32.39534684562637" lon="116.27957083160868"><ele>330.69195667538395</ele></trkpt><trkpt lat="-32.39516639825559" lon="116.27613258858116"><ele>322.0</ele></trkpt><trkpt lat="-32.39411263888018" lon="116.27284645608944"><ele>315.92358633573167</ele></trkpt><trkpt lat="-32.3925701057489" lon="116.27059480630304"><ele>299.0</ele></trkpt><trkpt lat="-32.38956622166417" lon="116.27079118240133"><ele>297.0</ele></trkpt><trkpt lat="-32.38658268041889" lon="116.2701574694265"><ele>296.38837234106165</ele></trkpt><trkpt lat="-32.38382176269438" lon="116.26949206859828"><ele>296.76572580542415</ele></trkpt><trkpt lat="-32.382192111123814" lon="116.26774184741022"><ele>295.45987017207983</ele></trkpt><trkpt lat="-32.379325304237" lon="116.26693205107111"><ele>307.06064017815515</ele></trkpt><trkpt lat="-32.377537151769694" lon="116.26428884550347"><ele>313.777442795923</ele></trkpt><trkpt lat="-32.37693094660519" lon="116.26083555296087"><ele>294.0</ele></trkpt><trkpt lat="-32.37690434232728" lon="116.25729792947328"><ele>309.4444379619779</ele></trkpt><trkpt lat="-32.37525931917137" lon="116.25491965158716"><ele>345.31154355319376</ele></trkpt><trkpt lat="-32.372954346359066" lon="116.252855093573"><ele>363.6036233601626</ele></trkpt><trkpt lat="-32.370363972056055" lon="116.25111681677265"><ele>396.53967061461066</ele></trkpt><trkpt lat="-32.36866223022889" lon="116.25296161323038"><ele>431.1687943592281</ele></trkpt><trkpt lat="-32.365906270708564" lon="116.2536374139804"><ele>481.02573789586313</ele></trkpt><trkpt lat="-32.363472020188865" lon="116.25347541450402"><ele>501.65543663103796</ele></trkpt><trkpt lat="-32.36122332983125" lon="116.25307356757762"><ele>431.5378449019349</ele></trkpt><trkpt lat="-32.35940993178981" lon="116.2555770018864"><ele>405.24728065135423</ele></trkpt><trkpt lat="-32.35659588921021" lon="116.25642184385072"><ele>425.14025483559817</ele></trkpt><trkpt lat="-32.353878492938684" lon="116.25574178617333"><ele>447.60698417166714</ele></trkpt><trkpt lat="-32.351801351792716" lon="116.25484427823355"><ele>508.74521879853205</ele></trkpt><trkpt lat="-32.34908615384707" lon="116.25399342069683"><ele>507.4208597861963</ele></trkpt><trkpt lat="-32.34643560659347" lon="116.25308641658616"><ele>466.08662407617885</ele></trkpt><trkpt lat="-32.34504708144881" lon="116.25069313065387"><ele>418.7089165125508</ele></trkpt><trkpt lat="-32.34299398826623" lon="116.24844718872704"><ele>398.33996746561024</ele></trkpt><trkpt lat="-32.340351313051656" lon="116.2475740265991"><ele>391.3699165630387</ele></trkpt><trkpt lat="-32.337843466183074" lon="116.24596395727198"><ele>398.96008337894455</ele></trkpt><trkpt lat="-32.33601921147766" lon="116.24339886481785"><ele>419.3339538834049</ele></trkpt><trkpt lat="-32.33333864854403" lon="116.24276825892164"><ele>426.1350016333163</ele></trkpt><trkpt lat="-32.33061874245461" lon="116.24223002444629"><ele>438.77983199883255</ele></trkpt><trkpt lat="-32.328811088122" lon="116.24004654021604"><ele>459.0348722967224</ele></trkpt><trkpt lat="-32.32615828495788" lon="116.2392389997346"><ele>426.8117993576452</ele></trkpt><trkpt lat="-32.32322132042206" lon="116.23864163673464"><ele>402.30977740494507</ele></trkpt><trkpt lat="-32.320532497157735" lon="116.2373950113872"><ele>383.7663788203017</ele></trkpt><trkpt lat="-32.31824316528224" lon="116.23511602444636"><ele>369.9156524882419</ele></trkpt><trkpt lat="-32.31551924606249" lon="116.23367238096648"><ele>363.56388284126297</ele></trkpt><trkpt lat="-32.313175726083564" lon="116.23140766876986"><ele>358.4748461775016</ele></trkpt><trkpt lat="-32.31074558155477" lon="116.22934875653758"><ele>371.2337553765392</ele></trkpt><trkpt lat="-32.308428929358676" lon="116.23009584615929"><ele>374.3503002943471</ele></trkpt><trkpt lat="-32.30560803929262" lon="116.23060495821987"><ele>348.4286272882018</ele></trkpt><trkpt lat="-32.30260657342834" lon="116.23087031699228"><ele>345.21029432769865</ele></trkpt><trkpt lat="-32.30025908447052" lon="116.23275659843735"><ele>319.9281313363498</ele></trkpt><trkpt lat="-32.29746359399138" lon="116.23189196006602"><ele>318.3478177052457</ele></trkpt><trkpt lat="-32.29455946935738" lon="116.23199351558902"><ele>296.6373576394318</ele></trkpt><trkpt lat="-32.29173458372902" lon="116.23217463790171"><ele>303.0207814592868</ele></trkpt><trkpt lat="-32.28890928174162" lon="116.23164416882517"><ele>291.19426699960604</ele></trkpt><trkpt lat="-32.286069707965304" lon="116.23152337987926"><ele>304.42600046354346</ele></trkpt><trkpt lat="-32.284050072702385" lon="116.22916619776655"><ele>322.597083512228</ele></trkpt><trkpt lat="-32.28197093278474" lon="116.22679485917979"><ele>351.3464096703101</ele></trkpt><trkpt lat="-32.27909620280985" lon="116.22582744008739"><ele>345.10643760394305</ele></trkpt><trkpt lat="-32.276224242727885" lon="116.22583321809694"><ele>310.70656354779067</ele></trkpt><trkpt lat="-32.27401026615716" lon="116.22396152258011"><ele>289.1360661545187</ele></trkpt><trkpt lat="-32.27199631043212" lon="116.22209176196002"><ele>255.92445991723798</ele></trkpt><trkpt lat="-32.26958526269487" lon="116.2232694383021"><ele>238.47439792841044</ele></trkpt><trkpt lat="-32.267962426586465" lon="116.22093468244323"><ele>250.02960243198663</ele></trkpt><trkpt lat="-32.26565282854111" lon="116.22007072499721"><ele>268.97983574622776</ele></trkpt><trkpt lat="-32.263287512771875" lon="116.22180217509717"><ele>292.70729257841595</ele></trkpt><trkpt lat="-32.26059114673167" lon="116.22089001270582"><ele>315.9900931522716</ele></trkpt><trkpt lat="-32.259796727962" lon="116.21788748191031"><ele>327.83998027583584</ele></trkpt><trkpt lat="-32.257758583124755" lon="116.21551356166614"><ele>320.9352690980304</ele></trkpt><trkpt lat="-32.25477389203979" lon="116.21532696904887"><ele>325.35543446398435</ele></trkpt><trkpt lat="-32.25219885188493" lon="116.21389813543823"><ele>351.17804800742306</ele></trkpt><trkpt lat="-32.2495143651252" lon="116.21476624183506"><ele>360.74906171951443</ele></trkpt><trkpt lat="-32.248239250956416" lon="116.21779016214688"><ele>337.74535377684515</ele></trkpt><trkpt lat="-32.246784739538384" lon="116.22069787079707"><ele>322.3933825161075</ele></trkpt><trkpt lat="-32.244860719465144" lon="116.2231252025097"><ele>310.9233875683863</ele></trkpt><trkpt lat="-32.24489952766057" lon="116.22666565532289"><ele>303.00990243279375</ele></trkpt><trkpt lat="-32.24533668144716" lon="116.2301143664957"><ele>288.9066242298577</ele></trkpt><trkpt lat="-32.245121099494064" lon="116.23360232963802"><ele>267.59740059865277</ele></trkpt><trkpt lat="-32.24602932070631" lon="116.23678111784567"><ele>263.7897610387456</ele></trkpt><trkpt lat="-32.24408379642635" lon="116.23872768742953"><ele>257.9556721713848</ele></trkpt><trkpt lat="-32.2415331961638" lon="116.23939937161373"><ele>258.16039432492107</ele></trkpt><trkpt lat="-32.240741299345885" lon="116.24247516787467"><ele>272.99981032988785</ele></trkpt><trkpt lat="-32.24118062461433" lon="116.24587312135021"><ele>280.79252273845486</ele></trkpt><trkpt lat="-32.24163152024602" lon="116.24930795511435"><ele>277.9928613536685</ele></trkpt><trkpt lat="-32.24201863359741" lon="116.25278105287859"><ele>294.2875836169395</ele></trkpt><trkpt lat="-32.2421194460459" lon="116.25634669375266"><ele>295.202096570516</ele></trkpt><trkpt lat="-32.242200586840546" lon="116.25980166851784"><ele>318.06478794761153</ele></trkpt><trkpt lat="-32.242364072170645" lon="116.2632867093673"><ele>328.8474220568314</ele></trkpt><trkpt lat="-32.241791065011355" lon="116.26663151255818"><ele>318.48633956443365</ele></trkpt><trkpt lat="-32.23983982346437" lon="116.26921412830178"><ele>308.0718268869846</ele></trkpt><trkpt lat="-32.23817260040248" lon="116.27205812066363"><ele>288.1427489876829</ele></trkpt><trkpt lat="-32.23644270382834" lon="116.27473706019227"><ele>277.3435028775595</ele></trkpt><trkpt lat="-32.235556751218695" lon="116.27808478195524"><ele>278.88897316662025</ele></trkpt><trkpt lat="-32.23555178187625" lon="116.28127106699824"><ele>282.0</ele></trkpt><trkpt lat="-32.234536224121086" lon="116.28424912849913"><ele>300.1793351172237</ele></trkpt><trkpt lat="-32.23451233759343" lon="116.28751171528651"><ele>304.36004186677746</ele></trkpt><trkpt lat="-32.233432363644404" lon="116.28988737025165"><ele>304.89117528535587</ele></trkpt><trkpt lat="-32.23212848393016" lon="116.29221123427183"><ele>325.55555272614583</ele></trkpt><trkpt lat="-32.22957383323881" lon="116.29263808793384"><ele>349.78286033871825</ele></trkpt><trkpt lat="-32.22677142083131" lon="116.29194880596503"><ele>342.5677733997454</ele></trkpt><trkpt lat="-32.22424902082215" lon="116.29021857063333"><ele>336.5334665164648</ele></trkpt><trkpt lat="-32.22133691319515" lon="116.28932092682433"><ele>330.62024245318025</ele></trkpt><trkpt lat="-32.21936166251996" lon="116.28937564973523"><ele>339.5402283370495</ele></trkpt><trkpt lat="-32.21756984267095" lon="116.29156256601969"><ele>387.23563072574325</ele></trkpt><trkpt lat="-32.218514467871245" lon="116.2945788492458"><ele>393.160641270224</ele></trkpt><trkpt lat="-32.215986621372544" lon="116.29550578424795"><ele>373.8342876823382</ele></trkpt><trkpt lat="-32.21377429125253" lon="116.29751090380248"><ele>344.4018206743058</ele></trkpt><trkpt lat="-32.21094114891809" lon="116.29744650707804"><ele>318.229140974652</ele></trkpt><trkpt lat="-32.20835982139071" lon="116.29611148179143"><ele>307.4695186180761</ele></trkpt><trkpt lat="-32.20554115614641" lon="116.295009034304"><ele>300.0</ele></trkpt><trkpt lat="-32.202674330509616" lon="116.29411050753333"><ele>291.0</ele></trkpt><trkpt lat="-32.200002968903135" lon="116.2924310365477"><ele>284.0</ele></trkpt><trkpt lat="-32.19732401857451" lon="116.29072403901135"><ele>285.93931070568635</ele></trkpt><trkpt lat="-32.1961225879012" lon="116.29223865911764"><ele>297.4334354298189</ele></trkpt><trkpt lat="-32.19335091654529" lon="116.29325266123938"><ele>306.2016527126543</ele></trkpt><trkpt lat="-32.19092837312913" lon="116.29304110439186"><ele>309.26718589986393</ele></trkpt><trkpt lat="-32.18921664917283" lon="116.29599028114666"><ele>308.96529959561474</ele></trkpt><trkpt lat="-32.18672817500022" lon="116.29796051423818"><ele>307.7764212344773</ele></trkpt><trkpt lat="-32.184628719555676" lon="116.3003387125217"><ele>307.4001255070432</ele></trkpt><trkpt lat="-32.18230723975405" lon="116.30245990049178"><ele>313.5533014999237</ele></trkpt><trkpt lat="-32.17942178652589" lon="116.30336609915682"><ele>315.77451280902403</ele></trkpt><trkpt lat="-32.17650032249081" lon="116.30304790557122"><ele>319.7507689265767</ele></trkpt><trkpt lat="-32.17395271332491" lon="116.3034323442802"><ele>320.0916636476032</ele></trkpt><trkpt lat="-32.175046383899534" lon="116.30616587261882"><ele>335.6039080065675</ele></trkpt><trkpt lat="-32.17299189092205" lon="116.30813819979082"><ele>341.76188375723893</ele></trkpt><trkpt lat="-32.17031962206411" lon="116.30660399888967"><ele>344.4244736682158</ele></trkpt><trkpt lat="-32.16756002403816" lon="116.30573703626285"><ele>357.4748970202636</ele></trkpt><trkpt lat="-32.164695386676556" lon="116.30505992556411"><ele>351.0526320600308</ele></trkpt><trkpt lat="-32.16213658655599" lon="116.30567167171397"><ele>336.8556731157005</ele></trkpt><trkpt lat="-32.15915233868781" lon="116.3062185007575"><ele>321.77545668010134</ele></trkpt><trkpt lat="-32.15689945096701" lon="116.30839318192443"><ele>295.7256576984655</ele></trkpt><trkpt lat="-32.154777985741006" lon="116.30670381032984"><ele>289.7380345934205</ele></trkpt><trkpt lat="-32.15266655616816" lon="116.30424592550557"><ele>297.91877227660734</ele></trkpt><trkpt lat="-32.150822861256586" lon="116.30397320073794"><ele>297.067116901261</ele></trkpt><trkpt lat="-32.148530528936" lon="116.3062310456229"><ele>300.0</ele></trkpt><trkpt lat="-32.14676300590681" lon="116.30718705909422"><ele>304.0</ele></trkpt><trkpt lat="-32.143768419122765" lon="116.30737243788056"><ele>319.94799209432676</ele></trkpt><trkpt lat="-32.14094295111696" lon="116.30623545658148"><ele>323.49367066076957</ele></trkpt><trkpt lat="-32.13824879287226" lon="116.30456329799345"><ele>330.60007660114206</ele></trkpt><trkpt lat="-32.13833374508525" lon="116.30149811081614"><ele>346.0</ele></trkpt><trkpt lat="-32.13653817138167" lon="116.29888785668257"><ele>361.3742599510588</ele></trkpt><trkpt lat="-32.13512269068192" lon="116.29590641354196"><ele>375.66368672816657</ele></trkpt><trkpt lat="-32.13289834311171" lon="116.29382476698093"><ele>383.0</ele></trkpt><trkpt lat="-32.13013059070263" lon="116.29272834333185"><ele>393.4476137047168</ele></trkpt><trkpt lat="-32.12778875223356" lon="116.29065103369722"><ele>413.19966467341874</ele></trkpt><trkpt lat="-32.12551708123687" lon="116.28929247738286"><ele>417.6789093856215</ele></trkpt><trkpt lat="-32.124178948529504" lon="116.29201996125377"><ele>449.2346987957135</ele></trkpt><trkpt lat="-32.123169285537244" lon="116.2947147000579"><ele>472.352106137434</ele></trkpt><trkpt lat="-32.12571354830107" lon="116.29557216110521"><ele>482.8316798794549</ele></trkpt><trkpt lat="-32.1258268321898" lon="116.29891848982692"><ele>528.6505523453407</ele></trkpt><trkpt lat="-32.12680056386219" lon="116.30036835097758"><ele>540.3125429955544</ele></trkpt><trkpt lat="-32.12444000841702" lon="116.29964818878685"><ele>531.3755840013862</ele></trkpt><trkpt lat="-32.122837778668625" lon="116.2975094818162"><ele>490.9833161663264</ele></trkpt><trkpt lat="-32.120497551842945" lon="116.29625395677665"><ele>459.13676489901263</ele></trkpt><trkpt lat="-32.11791287639141" lon="116.29536422839571"><ele>438.6598899563024</ele></trkpt><trkpt lat="-32.1150974477093" lon="116.29436282211731"><ele>422.2262017390946</ele></trkpt><trkpt lat="-32.112441930281484" lon="116.29295298006065"><ele>415.1112539617849</ele></trkpt><trkpt lat="-32.10964156899296" lon="116.29191817527125"><ele>400.0488061471842</ele></trkpt><trkpt lat="-32.10680641753724" lon="116.29096657873401"><ele>398.31677891360596</ele></trkpt><trkpt lat="-32.104215308754995" lon="116.28916571374147"><ele>381.6736403752584</ele></trkpt><trkpt lat="-32.102138459068236" lon="116.290450026102"><ele>386.52031280915253</ele></trkpt><trkpt lat="-32.10102311662444" lon="116.29355196382913"><ele>347.8749537218828</ele></trkpt><trkpt lat="-32.10073421636779" lon="116.29682979342361"><ele>330.50104419208606</ele></trkpt><trkpt lat="-32.09981874186156" lon="116.30012973826419"><ele>304.2118026505923</ele></trkpt><trkpt lat="-32.099011874961114" lon="116.30354228365788"><ele>286.65969843421476</ele></trkpt><trkpt lat="-32.09755852644467" lon="116.30632136300086"><ele>284.02536387493296</ele></trkpt><trkpt lat="-32.097703217274656" lon="116.3093878321068"><ele>295.0385953688624</ele></trkpt><trkpt lat="-32.09543773721937" lon="116.30992482746348"><ele>256.9419186604209</ele></trkpt><trkpt lat="-32.092631222953486" lon="116.3098103867292"><ele>241.85316882052717</ele></trkpt><trkpt lat="-32.08971317247483" lon="116.3092421961297"><ele>216.74844298686367</ele></trkpt><trkpt lat="-32.08688470837024" lon="116.3084341211307"><ele>186.8278660204063</ele></trkpt><trkpt lat="-32.084329860133494" lon="116.30879124457287"><ele>170.02252835684692</ele></trkpt><trkpt lat="-32.08149134887328" lon="116.30960610496658"><ele>205.13965973095037</ele></trkpt><trkpt lat="-32.07911536355618" lon="116.31010534091001"><ele>256.3106219518231</ele></trkpt><trkpt lat="-32.07644780632157" lon="116.30866233668219"><ele>273.2700473063853</ele></trkpt><trkpt lat="-32.073461853891686" lon="116.30881721534551"><ele>269.53155334386975</ele></trkpt><trkpt lat="-32.07053833723426" lon="116.30870817982775"><ele>251.49980618502013</ele></trkpt><trkpt lat="-32.067678172132005" lon="116.30807838406774"><ele>244.74599827779457</ele></trkpt><trkpt lat="-32.065888330642615" lon="116.3055570401853"><ele>257.52345017017797</ele></trkpt><trkpt lat="-32.06355830971289" lon="116.30346587034755"><ele>267.1629010674101</ele></trkpt><trkpt lat="-32.06248132467836" lon="116.30186404673795"><ele>278.6707626514835</ele></trkpt><trkpt lat="-32.06202634955234" lon="116.29885662149843"><ele>283.76151221618056</ele></trkpt><trkpt lat="-32.059767822176696" lon="116.2964964291067"><ele>281.6946647053119</ele></trkpt><trkpt lat="-32.057435375441955" lon="116.29425460128964"><ele>268.0</ele></trkpt><trkpt lat="-32.054709490438185" lon="116.29277809129457"><ele>266.1767740251962</ele></trkpt><trkpt lat="-32.0539477711211" lon="116.28941105571519"><ele>259.4114221529585</ele></trkpt><trkpt lat="-32.05207111983793" lon="116.28708075158187"><ele>248.50003109208774</ele></trkpt><trkpt lat="-32.04930121063013" lon="116.2880925922423"><ele>249.13230013656948</ele></trkpt><trkpt lat="-32.048240959176454" lon="116.28628763674884"><ele>282.0916215131292</ele></trkpt><trkpt lat="-32.0462134357826" lon="116.28442132122481"><ele>302.5438767904416</ele></trkpt><trkpt lat="-32.04334688872417" lon="116.28531344183676"><ele>320.4005253845826</ele></trkpt><trkpt lat="-32.0405975029838" lon="116.28612463320395"><ele>316.26268951526674</ele></trkpt><trkpt lat="-32.03853110442252" lon="116.28448347576784"><ele>287.55005064735525</ele></trkpt><trkpt lat="-32.037538170825584" lon="116.28111294909877"><ele>305.75521048660227</ele></trkpt><trkpt lat="-32.03641362410579" lon="116.27779384618177"><ele>337.2034240908014</ele></trkpt><trkpt lat="-32.03483088362598" lon="116.27563971438052"><ele>351.67172423703596</ele></trkpt><trkpt lat="-32.03400565205318" lon="116.27252644708332"><ele>326.46134210168384</ele></trkpt><trkpt lat="-32.03175617787597" lon="116.27023479137722"><ele>321.19979457207955</ele></trkpt><trkpt lat="-32.02969635081878" lon="116.27216945912014"><ele>299.025453717215</ele></trkpt><trkpt lat="-32.02758565276345" lon="116.27144371681052"><ele>317.81915963099294</ele></trkpt><trkpt lat="-32.0257196421009" lon="116.26883460649829"><ele>323.70737068113823</ele></trkpt><trkpt lat="-32.02425337242509" lon="116.26693867040828"><ele>321.227519912508</ele></trkpt><trkpt lat="-32.02178106474945" lon="116.2657723224022"><ele>316.7137707511429</ele></trkpt><trkpt lat="-32.01907821449857" lon="116.26457173999465"><ele>314.59077119370403</ele></trkpt><trkpt lat="-32.01806776623417" lon="116.26149821399099"><ele>321.590012604456</ele></trkpt><trkpt lat="-32.016885052259205" lon="116.25833613062986"><ele>305.75009422563016</ele></trkpt><trkpt lat="-32.01432729084106" lon="116.25752061503869"><ele>311.3559086956084</ele></trkpt><trkpt lat="-32.01266821693176" lon="116.26020009423169"><ele>297.85708863893524</ele></trkpt><trkpt lat="-32.01042873160046" lon="116.26217848597676"><ele>270.54849012801424</ele></trkpt><trkpt lat="-32.0081992836185" lon="116.26343774715895"><ele>225.35277956584468</ele></trkpt><trkpt lat="-32.00736000127359" lon="116.26564848557356"><ele>214.9879313338344</ele></trkpt><trkpt lat="-32.00619976595598" lon="116.26730868180405"><ele>259.4327985376585</ele></trkpt><trkpt lat="-32.00453137436077" lon="116.26812048543744"><ele>290.70035956637</ele></trkpt><trkpt lat="-32.00228353603708" lon="116.26990973104247"><ele>292.07652222714387</ele></trkpt><trkpt lat="-32.00029857312814" lon="116.27160770951974"><ele>272.7073645410128</ele></trkpt><trkpt lat="-31.99768526426905" lon="116.26987916042611"><ele>257.3198092321854</ele></trkpt><trkpt lat="-31.995147603002852" lon="116.26862180962142"><ele>251.6264738398604</ele></trkpt><trkpt lat="-31.992168143719624" lon="116.26907705189754"><ele>237.8956461751368</ele></trkpt><trkpt lat="-31.990295696290605" lon="116.26976416339903"><ele>193.50251070162906</ele></trkpt><trkpt lat="-31.988208906065047" lon="116.27146162374108"><ele>152.1754082646221</ele></trkpt><trkpt lat="-31.98578957350139" lon="116.27008444001876"><ele>189.0902805593796</ele></trkpt><trkpt lat="-31.983179524013053" lon="116.26964276700902"><ele>241.63831365608968</ele></trkpt><trkpt lat="-31.980384185900927" lon="116.26900126288305"><ele>253.70869914779905</ele></trkpt><trkpt lat="-31.977993989528446" lon="116.26820629290785"><ele>252.9090936324792</ele></trkpt><trkpt lat="-31.97890744805529" lon="116.26570347176559"><ele>191.47584737010766</ele></trkpt><trkpt lat="-31.978026663546828" lon="116.26346555988724"><ele>159.45115969178732</ele></trkpt><trkpt lat="-31.98019543607605" lon="116.26295771747066"><ele>162.3649827274494</ele></trkpt><trkpt lat="-31.98289314042325" lon="116.26296713157981"><ele>153.28309554549332</ele></trkpt><trkpt lat="-31.985412492403157" lon="116.26153318903354"><ele>179.21606651786715</ele></trkpt><trkpt lat="-31.984382871629354" lon="116.25911688206979"><ele>204.39237476545063</ele></trkpt><trkpt lat="-31.982407313430542" lon="116.25652949081568"><ele>244.6043698925626</ele></trkpt><trkpt lat="-31.979980737290052" lon="116.25444834486122"><ele>259.3208032863864</ele></trkpt><trkpt lat="-31.97845999620141" lon="116.25155852417144"><ele>234.74148034170202</ele></trkpt><trkpt lat="-31.980194072953356" lon="116.24960161394935"><ele>239.49834289184608</ele></trkpt><trkpt lat="-31.981373365880657" lon="116.24763756840733"><ele>283.5654025708199</ele></trkpt><trkpt lat="-31.981569279081903" lon="116.24518695151635"><ele>298.97914340812713</ele></trkpt><trkpt lat="-31.981373321414814" lon="116.2419100198858"><ele>319.91553377883974</ele></trkpt><trkpt lat="-31.979532624152107" lon="116.23966397921157"><ele>319.62164814327843</ele></trkpt><trkpt lat="-31.977333449515708" lon="116.23781213724797"><ele>312.4484958838699</ele></trkpt><trkpt lat="-31.975777209008" lon="116.23596013438026"><ele>281.81187345951685</ele></trkpt><trkpt lat="-31.975755468561317" lon="116.23238457757517"><ele>275.28067966678645</ele></trkpt><trkpt lat="-31.976501989963232" lon="116.22918759140526"><ele>291.8940381710239</ele></trkpt><trkpt lat="-31.97411075798165" lon="116.23071269295647"><ele>278.7942209970844</ele></trkpt><trkpt lat="-31.972316809793877" lon="116.22788082629819"><ele>260.757943603443</ele></trkpt><trkpt lat="-31.971477810909377" lon="116.22507153663983"><ele>259.7912588018335</ele></trkpt><trkpt lat="-31.971636881661695" lon="116.22151930498964"><ele>263.85983631285933</ele></trkpt><trkpt lat="-31.97144087364393" lon="116.21810468070323"><ele>226.47352441910004</ele></trkpt><trkpt lat="-31.971482404005098" lon="116.21488388681735"><ele>211.74448671774007</ele></trkpt><trkpt lat="-31.969399020387616" lon="116.21338746820913"><ele>179.63097320373168</ele></trkpt><trkpt lat="-31.967598318771863" lon="116.21121040926636"><ele>161.95772231265437</ele></trkpt><trkpt lat="-31.964757457628703" lon="116.21148705734853"><ele>153.45746524084825</ele></trkpt><trkpt lat="-31.961945176090335" lon="116.21261171799398"><ele>157.06160896923393</ele></trkpt><trkpt lat="-31.95973111906667" lon="116.21373126576562"><ele>177.4566770104757</ele></trkpt><trkpt lat="-31.95702438170921" lon="116.21355784907203"><ele>200.14005262418772</ele></trkpt><trkpt lat="-31.95548317474819" lon="116.2114995500679"><ele>226.88353264905163</ele></trkpt><trkpt lat="-31.95412523721471" lon="116.20989435351174"><ele>237.00454781038096</ele></trkpt><trkpt lat="-31.95178906968946" lon="116.20814325364098"><ele>233.9379685400054</ele></trkpt><trkpt lat="-31.950906496674982" lon="116.20489273228316"><ele>244.63611798995262</ele></trkpt><trkpt lat="-31.949488415491132" lon="116.20210319251217"><ele>258.9002250188496</ele></trkpt><trkpt lat="-31.948988115978818" lon="116.19896544233411"><ele>262.1904192229267</ele></trkpt><trkpt lat="-31.950719072833422" lon="116.1969801048936"><ele>267.6517196196364</ele></trkpt><trkpt lat="-31.95157238753708" lon="116.19437458067192"><ele>291.0937651043223</ele></trkpt><trkpt lat="-31.953268309851556" lon="116.19230324292458"><ele>297.18070905224886</ele></trkpt><trkpt lat="-31.952876317544654" lon="116.18920830308366"><ele>277.5973733650753</ele></trkpt><trkpt lat="-31.951501826198324" lon="116.18641045382712"><ele>284.6503126280534</ele></trkpt><trkpt lat="-31.95316536731206" lon="116.18370223695467"><ele>279.8385359904496</ele></trkpt><trkpt lat="-31.9534511193866" lon="116.18038945247685"><ele>250.8343410624336</ele></trkpt><trkpt lat="-31.95413490975122" lon="116.1774311227507"><ele>224.09287925591056</ele></trkpt><trkpt lat="-31.954788614181332" lon="116.17444264968994"><ele>236.78814286156558</ele></trkpt><trkpt lat="-31.954960905649862" lon="116.17167004166117"><ele>226.30552416907437</ele></trkpt><trkpt lat="-31.9528061192114" lon="116.17067909542116"><ele>224.26671933894977</ele></trkpt><trkpt lat="-31.9505483423049" lon="116.17100733582383"><ele>187.4518796752425</ele></trkpt><trkpt lat="-31.95181860747278" lon="116.16800253004862"><ele>177.1634497125633</ele></trkpt><trkpt lat="-31.95382428617522" lon="116.16540034675033"><ele>151.66762681864202</ele></trkpt><trkpt lat="-31.956032466629217" lon="116.16514121251862"><ele>134.19669224857353</ele></trkpt><trkpt lat="-31.9589572471663" lon="116.16564063843921"><ele>148.34489371452946</ele></trkpt><trkpt lat="-31.961536378291107" lon="116.16565780188705"><ele>164.44399117200481</ele></trkpt><trkpt lat="-31.963085621025083" lon="116.16326359474166"><ele>189.94402936985716</ele></trkpt><trkpt lat="-31.96249367597074" lon="116.15984566425948"><ele>211.50710000224188</ele></trkpt><trkpt lat="-31.960719526724535" lon="116.15729910573245"><ele>209.51587404392194</ele></trkpt><trkpt lat="-31.96146006511946" lon="116.15619915315521"><ele>220.49450455859125</ele></trkpt><trkpt lat="-31.963068049239837" lon="116.1536701562406"><ele>198.72237925499212</ele></trkpt><trkpt lat="-31.962643994896602" lon="116.15038151452603"><ele>204.84480052813888</ele></trkpt><trkpt lat="-31.960446786021624" lon="116.14805239080893"><ele>209.8923143335285</ele></trkpt><trkpt lat="-31.95983980623437" lon="116.14465809627912"><ele>230.12389574141707</ele></trkpt><trkpt lat="-31.95748496585707" lon="116.14245287120323"><ele>227.3931535554584</ele></trkpt><trkpt lat="-31.95469895538355" lon="116.14123675487565"><ele>226.59131116536446</ele></trkpt><trkpt lat="-31.954876713445813" lon="116.13786526453674"><ele>215.8085453129493</ele></trkpt><trkpt lat="-31.956891415387055" lon="116.13541713670841"><ele>204.0496959198499</ele></trkpt><trkpt lat="-31.957516958084707" lon="116.13285374758473"><ele>189.12227235594764</ele></trkpt><trkpt lat="-31.957075635888494" lon="116.13026958385518"><ele>186.46897284453735</ele></trkpt><trkpt lat="-31.958397211574063" lon="116.12752602121218"><ele>207.3729646193083</ele></trkpt><trkpt lat="-31.958980828846443" lon="116.12427370549493"><ele>235.89109314687084</ele></trkpt><trkpt lat="-31.959996803535915" lon="116.12098625232184"><ele>256.7262193632778</ele></trkpt><trkpt lat="-31.961635528684933" lon="116.11808979051906"><ele>287.05584565526806</ele></trkpt><trkpt lat="-31.96170602658627" lon="116.11461140445027"><ele>282.2201014542952</ele></trkpt><trkpt lat="-31.962544767413682" lon="116.11126638944482"><ele>274.5733209333848</ele></trkpt><trkpt lat="-31.964244950517514" lon="116.10865365658131"><ele>280.4906378418673</ele></trkpt><trkpt lat="-31.964931873032498" lon="116.10552628380069"><ele>284.50106464954297</ele></trkpt><trkpt lat="-31.9647951678404" lon="116.10223018930566"><ele>292.0146134109581</ele></trkpt><trkpt lat="-31.96348325108719" lon="116.09916689074421"><ele>278.03847869780935</ele></trkpt><trkpt lat="-31.962835981725505" lon="116.09588827111001"><ele>260.7862601210363</ele></trkpt><trkpt lat="-31.96077953989889" lon="116.09333462253494"><ele>253.80863800435327</ele></trkpt><trkpt lat="-31.958486322714" lon="116.09123322808433"><ele>254.0</ele></trkpt><trkpt lat="-31.958541446234477" lon="116.08777421021871"><ele>246.39883757196367</ele></trkpt><trkpt lat="-31.95807077455029" lon="116.08432037327903"><ele>239.77518243924715</ele></trkpt><trkpt lat="-31.957553154610267" lon="116.0822369277562"><ele>233.73582683762632</ele></trkpt><trkpt lat="-31.96043215870299" lon="116.08127888143912"><ele>228.9615799104795</ele></trkpt><trkpt lat="-31.96117063104087" lon="116.0785345545872"><ele>197.97819920815527</ele></trkpt><trkpt lat="-31.95862765483652" lon="116.07699850926177"><ele>145.59240057237912</ele></trkpt><trkpt lat="-31.957208339714743" lon="116.07515944806015"><ele>154.97223624969965</ele></trkpt><trkpt lat="-31.955799397350965" lon="116.07310777014493"><ele>122.47767740994877</ele></trkpt><trkpt lat="-31.956305754672137" lon="116.07133687410438"><ele>94.00397918347815</ele></trkpt><trkpt lat="-31.95835345128782" lon="116.06926480395362"><ele>113.96506733563729</ele></trkpt><trkpt lat="-31.96087187560761" lon="116.06756524470441"><ele>149.1005962423875</ele></trkpt><trkpt lat="-31.961754912942865" lon="116.06918049516769"><ele>187.39746187398828</ele></trkpt><trkpt lat="-31.964548184344537" lon="116.06934640668212"><ele>220.54308997571934</ele></trkpt><trkpt lat="-31.96629966630205" lon="116.06942348827161"><ele>244.51225057110477</ele></trkpt><trkpt lat="-31.96852000435458" lon="116.06822257286024"><ele>240.92086476935359</ele></trkpt><trkpt lat="-31.970060435986824" lon="116.06568318835386"><ele>228.17425899230875</ele></trkpt><trkpt lat="-31.972214875181958" lon="116.0634386195385"><ele>262.71389233307116</ele></trkpt><trkpt lat="-31.973180331076204" lon="116.06066451879688"><ele>294.7484273551963</ele></trkpt></trkseg></trk></gpx>