<?xml version="1.0"?>
<gpx xmlns="http://www.topografix.com/GPX/1/1" xmlns:gpxx="http://www.garmin.com/xmlschemas/GpxExtensions/v3" creator="CALTOPO" version="1.1"><metadata><name><![CDATA[San Juan Islands Paddle 5 Day]]></name></metadata><trk><name>2018-07-01 14:20:33</name><extensions><gpxx:TrackExtension><gpxx:DisplayColor>DarkYellow</gpxx:DisplayColor></gpxx:TrackExtension></extensions><trkseg><trkpt lat="48.61126" lon="-123.04645"><ele>6.0</ele></trkpt><trkpt lat="48.611275" lon="-123.046455"><ele>6.0</ele></trkpt><trkpt lat="48.61124" lon="-123.04645"><ele>6.0</ele></trkpt><trkpt lat="48.61126" lon="-123.04642"><ele>6.0</ele></trkpt><trkpt lat="48.611248" lon="-123.046455"><ele>6.0</ele></trkpt><trkpt lat="48.61127" lon="-123.04644"><ele>6.0</ele></trkpt><trkpt lat="48.61127" lon="-123.04642"><ele>6.0</ele></trkpt><trkpt lat="48.611248" lon="-123.046425"><ele>6.0</ele></trkpt><trkpt lat="48.611267" lon="-123.04644"><ele>6.0</ele></trkpt><trkpt lat="48.61126" lon="-123.046425"><ele>6.0</ele></trkpt><trkpt lat="48.61124" lon="-123.04643"><ele>6.0</ele></trkpt><trkpt lat="48.611244" lon="-123.04642"><ele>6.0</ele></trkpt><trkpt lat="48.611244" lon="-123.04644"><ele>6.0</ele></trkpt><trkpt lat="48.611267" lon="-123.04642"><ele>6.0</ele></trkpt><trkpt lat="48.611248" lon="-123.04642"><ele>6.0</ele></trkpt><trkpt lat="48.61122" lon="-123.046455"><ele>6.0</ele></trkpt><trkpt lat="48.611237" lon="-123.04641"><ele>6.0</ele></trkpt><trkpt lat="48.611248" lon="-123.04645"><ele>6.0</ele></trkpt><trkpt lat="48.611294" lon="-123.04645"><ele>6.0</ele></trkpt><trkpt lat="48.61135" lon="-123.0465"><ele>7.010048129244353</ele></trkpt><trkpt lat="48.611347" lon="-123.04658"><ele>7.0</ele></trkpt><trkpt lat="48.611412" lon="-123.046646"><ele>8.0</ele></trkpt><trkpt lat="48.611546" lon="-123.04671"><ele>8.0</ele></trkpt><trkpt lat="48.61166" lon="-123.04671"><ele>8.0</ele></trkpt><trkpt lat="48.6118" lon="-123.04666"><ele>6.4802737780846655</ele></trkpt><trkpt lat="48.61188" lon="-123.04661"><ele>2.1501048891805112</ele></trkpt><trkpt lat="48.611988" lon="-123.04651"><ele>2.0</ele></trkpt><trkpt lat="48.612164" lon="-123.04625"><ele>2.953458858653903</ele></trkpt><trkpt lat="48.61224" lon="-123.04616"><ele>3.4891419005580246</ele></trkpt><trkpt lat="48.61228" lon="-123.04619"><ele>6.631753248331922</ele></trkpt><trkpt lat="48.61229" lon="-123.04623"><ele>7.0</ele></trkpt><trkpt lat="48.612293" lon="-123.04619"><ele>7.0</ele></trkpt><trkpt lat="48.61233" lon="-123.04625"><ele>8.0</ele></trkpt><trkpt lat="48.612373" lon="-123.046265"><ele>8.0</ele></trkpt><trkpt lat="48.612343" lon="-123.04617"><ele>7.644618667196482</ele></trkpt><trkpt lat="48.612186" lon="-123.046135"><ele>2.0</ele></trkpt><trkpt lat="48.61221" lon="-123.046165"><ele>3.0</ele></trkpt><trkpt lat="48.612194" lon="-123.04614"><ele>2.068101901561022</ele></trkpt><trkpt lat="48.61221" lon="-123.04616"><ele>3.0</ele></trkpt><trkpt lat="48.61219" lon="-123.046196"><ele>2.786149425432086</ele></trkpt><trkpt lat="48.61217" lon="-123.04617"><ele>2.0</ele></trkpt><trkpt lat="48.612152" lon="-123.04612"><ele>2.0</ele></trkpt><trkpt lat="48.61217" lon="-123.04614"><ele>2.0</ele></trkpt><trkpt lat="48.6122" lon="-123.0461"><ele>2.0</ele></trkpt><trkpt lat="48.6122" lon="-123.04612"><ele>2.1544044835513416</ele></trkpt><trkpt lat="48.612038" lon="-123.04597"><ele>2.0</ele></trkpt><trkpt lat="48.611988" lon="-123.04582"><ele>2.0</ele></trkpt><trkpt lat="48.61199" lon="-123.04576"><ele>2.0</ele></trkpt><trkpt lat="48.611866" lon="-123.04557"><ele>2.0</ele></trkpt><trkpt lat="48.611435" lon="-123.045685"><ele>2.0</ele></trkpt><trkpt lat="48.61105" lon="-123.045845"><ele>2.0</ele></trkpt><trkpt lat="48.61039" lon="-123.04627"><ele>2.0</ele></trkpt><trkpt lat="48.6103" lon="-123.04622"><ele>2.0</ele></trkpt><trkpt lat="48.610252" lon="-123.04615"><ele>2.0</ele></trkpt><trkpt lat="48.61015" lon="-123.04607"><ele>0.0</ele></trkpt><trkpt lat="48.610004" lon="-123.04625"><ele>0.0</ele></trkpt><trkpt lat="48.61001" lon="-123.04645"><ele>0.6935644443146884</ele></trkpt><trkpt lat="48.610035" lon="-123.04643"><ele>0.0</ele></trkpt><trkpt lat="48.609974" lon="-123.04616"><ele>0.0</ele></trkpt><trkpt lat="48.60983" lon="-123.04617"><ele>0.0</ele></trkpt><trkpt lat="48.609077" lon="-123.04571"><ele>0.0</ele></trkpt><trkpt lat="48.608814" lon="-123.04544"><ele>0.0</ele></trkpt><trkpt lat="48.60867" lon="-123.0451"><ele>0.0</ele></trkpt><trkpt lat="48.60834" lon="-123.044716"><ele>0.0</ele></trkpt><trkpt lat="48.608006" lon="-123.04436"><ele>0.0</ele></trkpt><trkpt lat="48.607605" lon="-123.04404"><ele>0.0</ele></trkpt><trkpt lat="48.607265" lon="-123.04361"><ele>0.0</ele></trkpt><trkpt lat="48.606873" lon="-123.04332"><ele>0.0</ele></trkpt><trkpt lat="48.60655" lon="-123.043"><ele>0.0</ele></trkpt><trkpt lat="48.606384" lon="-123.04265"><ele>0.0</ele></trkpt><trkpt lat="48.606087" lon="-123.042336"><ele>0.0</ele></trkpt><trkpt lat="48.60575" lon="-123.042046"><ele>0.0</ele></trkpt><trkpt lat="48.60538" lon="-123.04183"><ele>0.0</ele></trkpt><trkpt lat="48.60456" lon="-123.04066"><ele>0.0</ele></trkpt><trkpt lat="48.604145" lon="-123.04012"><ele>0.0</ele></trkpt><trkpt lat="48.603844" lon="-123.03981"><ele>0.0</ele></trkpt><trkpt lat="48.603745" lon="-123.03974"><ele>0.0</ele></trkpt><trkpt lat="48.603413" lon="-123.03944"><ele>0.0</ele></trkpt><trkpt lat="48.60329" lon="-123.03944"><ele>0.0</ele></trkpt><trkpt lat="48.603256" lon="-123.03961"><ele>0.0</ele></trkpt><trkpt lat="48.60322" lon="-123.03962"><ele>0.0</ele></trkpt><trkpt lat="48.602886" lon="-123.03933"><ele>0.0</ele></trkpt><trkpt lat="48.602425" lon="-123.03888"><ele>0.0</ele></trkpt><trkpt lat="48.601994" lon="-123.03851"><ele>0.0</ele></trkpt><trkpt lat="48.60154" lon="-123.03805"><ele>0.0</ele></trkpt><trkpt lat="48.60113" lon="-123.037704"><ele>0.0</ele></trkpt><trkpt lat="48.600796" lon="-123.03733"><ele>0.0</ele></trkpt><trkpt lat="48.600163" lon="-123.036865"><ele>0.0</ele></trkpt><trkpt lat="48.5998" lon="-123.03645"><ele>0.0</ele></trkpt><trkpt lat="48.599083" lon="-123.03586"><ele>0.0</ele></trkpt><trkpt lat="48.598793" lon="-123.03556"><ele>0.0</ele></trkpt><trkpt lat="48.59846" lon="-123.03513"><ele>0.0</ele></trkpt><trkpt lat="48.598114" lon="-123.03476"><ele>0.0</ele></trkpt><trkpt lat="48.59778" lon="-123.03444"><ele>0.0</ele></trkpt><trkpt lat="48.597397" lon="-123.03403"><ele>0.0</ele></trkpt><trkpt lat="48.596977" lon="-123.03364"><ele>0.0</ele></trkpt><trkpt lat="48.596607" lon="-123.033264"><ele>0.0</ele></trkpt><trkpt lat="48.596302" lon="-123.0329"><ele>0.0</ele></trkpt><trkpt lat="48.595924" lon="-123.032585"><ele>0.0</ele></trkpt><trkpt lat="48.59546" lon="-123.03194"><ele>0.0</ele></trkpt><trkpt lat="48.595123" lon="-123.03155"><ele>0.0</ele></trkpt><trkpt lat="48.594513" lon="-123.03078"><ele>0.0</ele></trkpt><trkpt lat="48.593758" lon="-123.02976"><ele>0.0</ele></trkpt><trkpt lat="48.593143" lon="-123.02883"><ele>2.0</ele></trkpt><trkpt lat="48.592857" lon="-123.028305"><ele>2.0</ele></trkpt><trkpt lat="48.59251" lon="-123.027916"><ele>2.0</ele></trkpt><trkpt lat="48.592155" lon="-123.02758"><ele>2.0</ele></trkpt><trkpt lat="48.591488" lon="-123.026886"><ele>2.0</ele></trkpt><trkpt lat="48.59115" lon="-123.026634"><ele>2.0</ele></trkpt><trkpt lat="48.590744" lon="-123.026535"><ele>2.0</ele></trkpt><trkpt lat="48.590637" lon="-123.02638"><ele>2.0</ele></trkpt><trkpt lat="48.590305" lon="-123.0262"><ele>2.0</ele></trkpt><trkpt lat="48.589954" lon="-123.02581"><ele>2.0</ele></trkpt><trkpt lat="48.589584" lon="-123.02554"><ele>2.0</ele></trkpt><trkpt lat="48.58926" lon="-123.0252"><ele>2.0</ele></trkpt><trkpt lat="48.588837" lon="-123.025"><ele>2.0</ele></trkpt><trkpt lat="48.58843" lon="-123.02485"><ele>1.0606044442392886</ele></trkpt><trkpt lat="48.58766" lon="-123.02461"><ele>0.0</ele></trkpt><trkpt lat="48.5873" lon="-123.02442"><ele>0.0</ele></trkpt><trkpt lat="48.586914" lon="-123.02425"><ele>0.0</ele></trkpt><trkpt lat="48.586147" lon="-123.02398"><ele>0.0</ele></trkpt><trkpt lat="48.58591" lon="-123.023735"><ele>0.0</ele></trkpt><trkpt lat="48.58562" lon="-123.0235"><ele>0.0</ele></trkpt><trkpt lat="48.58527" lon="-123.0233"><ele>0.0</ele></trkpt><trkpt lat="48.584187" lon="-123.02286"><ele>0.0</ele></trkpt><trkpt lat="48.583885" lon="-123.0226"><ele>0.0</ele></trkpt><trkpt lat="48.58364" lon="-123.02246"><ele>0.0</ele></trkpt><trkpt lat="48.583397" lon="-123.0222"><ele>0.0</ele></trkpt><trkpt lat="48.58306" lon="-123.02172"><ele>0.0</ele></trkpt><trkpt lat="48.582832" lon="-123.02159"><ele>0.0</ele></trkpt><trkpt lat="48.58252" lon="-123.021194"><ele>0.0</ele></trkpt><trkpt lat="48.58222" lon="-123.020584"><ele>0.0</ele></trkpt><trkpt lat="48.581833" lon="-123.02006"><ele>0.0</ele></trkpt><trkpt lat="48.581512" lon="-123.019775"><ele>0.0</ele></trkpt><trkpt lat="48.58115" lon="-123.019516"><ele>0.0</ele></trkpt><trkpt lat="48.581" lon="-123.019295"><ele>0.0</ele></trkpt><trkpt lat="48.580887" lon="-123.01909"><ele>0.0</ele></trkpt><trkpt lat="48.580708" lon="-123.01887"><ele>0.0</ele></trkpt><trkpt lat="48.580578" lon="-123.01875"><ele>0.0</ele></trkpt><trkpt lat="48.580402" lon="-123.01856"><ele>0.0</ele></trkpt><trkpt lat="48.58025" lon="-123.01836"><ele>0.0</ele></trkpt><trkpt lat="48.580017" lon="-123.01808"><ele>0.0</ele></trkpt><trkpt lat="48.579884" lon="-123.01762"><ele>0.0</ele></trkpt><trkpt lat="48.57969" lon="-123.017044"><ele>2.0</ele></trkpt><trkpt lat="48.579533" lon="-123.0165"><ele>2.0</ele></trkpt><trkpt lat="48.579376" lon="-123.01616"><ele>2.0</ele></trkpt><trkpt lat="48.579254" lon="-123.016"><ele>1.8925497271120548</ele></trkpt><trkpt lat="48.579044" lon="-123.01553"><ele>0.0</ele></trkpt><trkpt lat="48.578835" lon="-123.014984"><ele>0.0</ele></trkpt><trkpt lat="48.578552" lon="-123.014435"><ele>0.0</ele></trkpt><trkpt lat="48.578392" lon="-123.01402"><ele>0.0</ele></trkpt><trkpt lat="48.578125" lon="-123.01352"><ele>0.0</ele></trkpt><trkpt lat="48.57755" lon="-123.012596"><ele>0.0</ele></trkpt><trkpt lat="48.577206" lon="-123.012146"><ele>0.0</ele></trkpt><trkpt lat="48.576897" lon="-123.01165"><ele>0.0</ele></trkpt><trkpt lat="48.576344" lon="-123.01051"><ele>0.0</ele></trkpt><trkpt lat="48.575817" lon="-123.00925"><ele>0.0</ele></trkpt><trkpt lat="48.575027" lon="-123.00753"><ele>0.0</ele></trkpt><trkpt lat="48.574738" lon="-123.007"><ele>0.0</ele></trkpt><trkpt lat="48.57463" lon="-123.00664"><ele>0.0</ele></trkpt><trkpt lat="48.57444" lon="-123.00627"><ele>0.0</ele></trkpt><trkpt lat="48.573837" lon="-123.00524"><ele>0.0</ele></trkpt><trkpt lat="48.573196" lon="-123.004234"><ele>0.0</ele></trkpt><trkpt lat="48.572437" lon="-123.00318"><ele>0.0</ele></trkpt><trkpt lat="48.5718" lon="-123.0022"><ele>0.0</ele></trkpt><trkpt lat="48.57149" lon="-123.001785"><ele>0.0</ele></trkpt><trkpt lat="48.57038" lon="-122.999954"><ele>0.0</ele></trkpt><trkpt lat="48.569798" lon="-122.99886"><ele>0.0</ele></trkpt><trkpt lat="48.5695" lon="-122.998344"><ele>0.0</ele></trkpt><trkpt lat="48.569206" lon="-122.997894"><ele>0.0</ele></trkpt><trkpt lat="48.56899" lon="-122.997604"><ele>0.0</ele></trkpt><trkpt lat="48.568035" lon="-122.99641"><ele>0.0</ele></trkpt><trkpt lat="48.566917" lon="-122.995125"><ele>0.0</ele></trkpt><trkpt lat="48.566105" lon="-122.99423"><ele>0.0</ele></trkpt><trkpt lat="48.56532" lon="-122.99331"><ele>0.0</ele></trkpt><trkpt lat="48.564922" lon="-122.99291"><ele>0.0</ele></trkpt><trkpt lat="48.564526" lon="-122.99256"><ele>0.0</ele></trkpt><trkpt lat="48.56372" lon="-122.99193"><ele>0.0</ele></trkpt><trkpt lat="48.56345" lon="-122.99161"><ele>0.0</ele></trkpt><trkpt lat="48.563236" lon="-122.991425"><ele>0.0</ele></trkpt><trkpt lat="48.563046" lon="-122.991135"><ele>0.0</ele></trkpt><trkpt lat="48.562824" lon="-122.99085"><ele>0.0</ele></trkpt><trkpt lat="48.56232" lon="-122.990326"><ele>0.0</ele></trkpt><trkpt lat="48.561848" lon="-122.990036"><ele>0.0</ele></trkpt><trkpt lat="48.561665" lon="-122.98996"><ele>0.0</ele></trkpt><trkpt lat="48.561504" lon="-122.98992"><ele>0.0</ele></trkpt><trkpt lat="48.561363" lon="-122.98992"><ele>0.0</ele></trkpt><trkpt lat="48.560776" lon="-122.99003"><ele>0.0</ele></trkpt><trkpt lat="48.56042" lon="-122.99001"><ele>0.0</ele></trkpt><trkpt lat="48.560253" lon="-122.98996"><ele>0.0</ele></trkpt><trkpt lat="48.560036" lon="-122.98983"><ele>0.0</ele></trkpt><trkpt lat="48.55986" lon="-122.98976"><ele>0.0</ele></trkpt><trkpt lat="48.559597" lon="-122.98961"><ele>0.0</ele></trkpt><trkpt lat="48.559505" lon="-122.98941"><ele>0.0</ele></trkpt><trkpt lat="48.55924" lon="-122.98907"><ele>1.7659593321492106</ele></trkpt><trkpt lat="48.559166" lon="-122.989006"><ele>1.1125997299955641</ele></trkpt><trkpt lat="48.55908" lon="-122.989006"><ele>1.0</ele></trkpt><trkpt lat="48.55883" lon="-122.98886"><ele>1.1025031085668713</ele></trkpt><trkpt lat="48.558548" lon="-122.988625"><ele>1.0</ele></trkpt><trkpt lat="48.55803" lon="-122.98843"><ele>1.0</ele></trkpt><trkpt lat="48.55784" lon="-122.98831"><ele>1.1731804441660643</ele></trkpt><trkpt lat="48.55768" lon="-122.98817"><ele>1.2237918287499943</ele></trkpt><trkpt lat="48.55751" lon="-122.98791"><ele>1.5318293333984911</ele></trkpt><trkpt lat="48.5574" lon="-122.98767"><ele>2.0</ele></trkpt><trkpt lat="48.55724" lon="-122.98742"><ele>1.0</ele></trkpt><trkpt lat="48.557045" lon="-122.98729"><ele>2.0</ele></trkpt><trkpt lat="48.556423" lon="-122.986916"><ele>0.0</ele></trkpt><trkpt lat="48.556187" lon="-122.98675"><ele>0.0</ele></trkpt><trkpt lat="48.555973" lon="-122.986565"><ele>0.0</ele></trkpt><trkpt lat="48.55543" lon="-122.98599"><ele>0.0</ele></trkpt><trkpt lat="48.55496" lon="-122.9854"><ele>0.0</ele></trkpt><trkpt lat="48.554733" lon="-122.98503"><ele>0.0</ele></trkpt><trkpt lat="48.55443" lon="-122.98439"><ele>0.0</ele></trkpt><trkpt lat="48.553898" lon="-122.98336"><ele>0.0</ele></trkpt><trkpt lat="48.553146" lon="-122.98218"><ele>0.0</ele></trkpt><trkpt lat="48.552814" lon="-122.98155"><ele>0.0</ele></trkpt><trkpt lat="48.552433" lon="-122.98095"><ele>0.0</ele></trkpt><trkpt lat="48.552074" lon="-122.980286"><ele>1.0</ele></trkpt><trkpt lat="48.551483" lon="-122.97925"><ele>1.0</ele></trkpt><trkpt lat="48.55127" lon="-122.978745"><ele>1.0</ele></trkpt><trkpt lat="48.551155" lon="-122.97835"><ele>1.0</ele></trkpt><trkpt lat="48.55115" lon="-122.97808"><ele>1.0</ele></trkpt><trkpt lat="48.551285" lon="-122.978"><ele>1.0</ele></trkpt><trkpt lat="48.551407" lon="-122.97769"><ele>1.0</ele></trkpt><trkpt lat="48.551468" lon="-122.97728"><ele>1.0</ele></trkpt><trkpt lat="48.551476" lon="-122.97687"><ele>1.0</ele></trkpt><trkpt lat="48.55145" lon="-122.97652"><ele>1.0</ele></trkpt><trkpt lat="48.551483" lon="-122.97603"><ele>1.0</ele></trkpt><trkpt lat="48.551537" lon="-122.97564"><ele>1.0</ele></trkpt><trkpt lat="48.551697" lon="-122.974915"><ele>1.0</ele></trkpt><trkpt lat="48.552006" lon="-122.9739"><ele>1.0</ele></trkpt><trkpt lat="48.55205" lon="-122.97364"><ele>1.0</ele></trkpt><trkpt lat="48.552166" lon="-122.97329"><ele>1.0</ele></trkpt><trkpt lat="48.552326" lon="-122.972946"><ele>1.0</ele></trkpt><trkpt lat="48.552498" lon="-122.97267"><ele>1.0</ele></trkpt><trkpt lat="48.552906" lon="-122.9722"><ele>1.0</ele></trkpt><trkpt lat="48.552986" lon="-122.971985"><ele>1.0</ele></trkpt><trkpt lat="48.553074" lon="-122.97188"><ele>1.0</ele></trkpt><trkpt lat="48.55316" lon="-122.97187"><ele>1.0</ele></trkpt><trkpt lat="48.553154" lon="-122.9719"><ele>1.0</ele></trkpt><trkpt lat="48.553127" lon="-122.97192"><ele>1.0</ele></trkpt><trkpt lat="48.553234" lon="-122.97179"><ele>1.0</ele></trkpt><trkpt lat="48.553352" lon="-122.97151"><ele>1.0</ele></trkpt><trkpt lat="48.553543" lon="-122.9709"><ele>1.0</ele></trkpt><trkpt lat="48.5537" lon="-122.97058"><ele>1.0</ele></trkpt><trkpt lat="48.55423" lon="-122.969696"><ele>1.0</ele></trkpt><trkpt lat="48.554073" lon="-122.96965"><ele>1.0</ele></trkpt><trkpt lat="48.554005" lon="-122.96965"><ele>1.0</ele></trkpt><trkpt lat="48.55403" lon="-122.96966"><ele>1.0</ele></trkpt><trkpt lat="48.55403" lon="-122.969696"><ele>1.0</ele></trkpt><trkpt lat="48.553905" lon="-122.97008"><ele>1.0</ele></trkpt><trkpt lat="48.55389" lon="-122.9703"><ele>1.0</ele></trkpt><trkpt lat="48.553925" lon="-122.97057"><ele>1.0</ele></trkpt><trkpt lat="48.553852" lon="-122.97071"><ele>1.0</ele></trkpt><trkpt lat="48.554024" lon="-122.97112"><ele>1.0</ele></trkpt><trkpt lat="48.554092" lon="-122.97133"><ele>1.0</ele></trkpt><trkpt lat="48.554005" lon="-122.9718"><ele>1.0</ele></trkpt><trkpt lat="48.55401" lon="-122.9721"><ele>1.0</ele></trkpt><trkpt lat="48.554115" lon="-122.97209"><ele>1.0</ele></trkpt><trkpt lat="48.554276" lon="-122.97192"><ele>1.0</ele></trkpt><trkpt lat="48.55437" lon="-122.97177"><ele>1.0</ele></trkpt><trkpt lat="48.554485" lon="-122.97173"><ele>1.0</ele></trkpt><trkpt lat="48.554447" lon="-122.97178"><ele>1.0</ele></trkpt><trkpt lat="48.554443" lon="-122.97175"><ele>1.0</ele></trkpt><trkpt lat="48.554497" lon="-122.97175"><ele>1.1837131326437746</ele></trkpt><trkpt lat="48.55447" lon="-122.97176"><ele>1.0</ele></trkpt><trkpt lat="48.554497" lon="-122.97175"><ele>1.1837131326437746</ele></trkpt><trkpt lat="48.55449" lon="-122.97176"><ele>1.0</ele></trkpt><trkpt lat="48.55448" lon="-122.97175"><ele>1.0</ele></trkpt><trkpt lat="48.55448" lon="-122.97179"><ele>1.0</ele></trkpt><trkpt lat="48.554474" lon="-122.97178"><ele>1.0</ele></trkpt><trkpt lat="48.554516" lon="-122.97182"><ele>2.0</ele></trkpt><trkpt lat="48.55446" lon="-122.97173"><ele>1.0</ele></trkpt><trkpt lat="48.554466" lon="-122.97172"><ele>1.0</ele></trkpt><trkpt lat="48.554447" lon="-122.97172"><ele>1.0</ele></trkpt><trkpt lat="48.554474" lon="-122.97174"><ele>1.0</ele></trkpt><trkpt lat="48.55445" lon="-122.97173"><ele>1.0</ele></trkpt><trkpt lat="48.554447" lon="-122.97171"><ele>1.0</ele></trkpt><trkpt lat="48.55445" lon="-122.97174"><ele>1.0</ele></trkpt><trkpt lat="48.554466" lon="-122.97173"><ele>1.0</ele></trkpt><trkpt lat="48.554466" lon="-122.97177"><ele>1.0</ele></trkpt><trkpt lat="48.55444" lon="-122.97175"><ele>1.0</ele></trkpt><trkpt lat="48.55447" lon="-122.97178"><ele>1.0</ele></trkpt><trkpt lat="48.554466" lon="-122.97174"><ele>1.0</ele></trkpt><trkpt lat="48.554485" lon="-122.97172"><ele>1.0</ele></trkpt><trkpt lat="48.55447" lon="-122.97169"><ele>1.0</ele></trkpt><trkpt lat="48.5545" lon="-122.97172"><ele>1.0</ele></trkpt><trkpt lat="48.55451" lon="-122.971794"><ele>2.0</ele></trkpt><trkpt lat="48.55446" lon="-122.97174"><ele>1.0</ele></trkpt><trkpt lat="48.554436" lon="-122.97175"><ele>1.0</ele></trkpt><trkpt lat="48.55447" lon="-122.97175"><ele>1.0</ele></trkpt><trkpt lat="48.554474" lon="-122.97179"><ele>1.0</ele></trkpt><trkpt lat="48.554455" lon="-122.971756"><ele>1.0</ele></trkpt><trkpt lat="48.55449" lon="-122.97176"><ele>1.0</ele></trkpt><trkpt lat="48.554497" lon="-122.97181"><ele>1.5587340871638542</ele></trkpt><trkpt lat="48.55454" lon="-122.97178"><ele>2.0</ele></trkpt><trkpt lat="48.55451" lon="-122.9718"><ele>2.0</ele></trkpt><trkpt lat="48.55449" lon="-122.971695"><ele>1.0</ele></trkpt><trkpt lat="48.554478" lon="-122.971725"><ele>1.0</ele></trkpt><trkpt lat="48.55451" lon="-122.97173"><ele>1.3514202646911144</ele></trkpt><trkpt lat="48.554485" lon="-122.97174"><ele>1.0</ele></trkpt><trkpt lat="48.554516" lon="-122.97177"><ele>2.0</ele></trkpt><trkpt lat="48.554485" lon="-122.97175"><ele>1.0</ele></trkpt><trkpt lat="48.554512" lon="-122.97167"><ele>1.0</ele></trkpt><trkpt lat="48.55451" lon="-122.971695"><ele>1.3015392038110132</ele></trkpt><trkpt lat="48.554546" lon="-122.97169"><ele>2.0</ele></trkpt><trkpt lat="48.554558" lon="-122.97165"><ele>2.0</ele></trkpt><trkpt lat="48.554565" lon="-122.971664"><ele>2.0</ele></trkpt><trkpt lat="48.554558" lon="-122.97163"><ele>2.0</ele></trkpt><trkpt lat="48.55451" lon="-122.97169"><ele>1.2196523469741862</ele></trkpt><trkpt lat="48.554546" lon="-122.9717"><ele>2.0</ele></trkpt><trkpt lat="48.554535" lon="-122.97169"><ele>2.0</ele></trkpt><trkpt lat="48.554543" lon="-122.9717"><ele>2.0</ele></trkpt><trkpt lat="48.554474" lon="-122.97165"><ele>1.0</ele></trkpt><trkpt lat="48.55447" lon="-122.97168"><ele>1.0</ele></trkpt><trkpt lat="48.554504" lon="-122.9717"><ele>1.0</ele></trkpt><trkpt lat="48.554497" lon="-122.971725"><ele>1.0</ele></trkpt><trkpt lat="48.554478" lon="-122.97164"><ele>1.0</ele></trkpt><trkpt lat="48.554558" lon="-122.97164"><ele>2.0</ele></trkpt><trkpt lat="48.554512" lon="-122.97164"><ele>1.0</ele></trkpt><trkpt lat="48.554527" lon="-122.97172"><ele>2.0</ele></trkpt><trkpt lat="48.55449" lon="-122.97176"><ele>1.0</ele></trkpt><trkpt lat="48.554485" lon="-122.97169"><ele>1.0</ele></trkpt><trkpt lat="48.554543" lon="-122.971725"><ele>2.0</ele></trkpt><trkpt lat="48.55449" lon="-122.97176"><ele>1.0</ele></trkpt><trkpt lat="48.5545" lon="-122.97172"><ele>1.0</ele></trkpt><trkpt lat="48.554546" lon="-122.97173"><ele>2.0</ele></trkpt><trkpt lat="48.55451" lon="-122.97176"><ele>1.9268909396738534</ele></trkpt><trkpt lat="48.554493" lon="-122.971725"><ele>1.0</ele></trkpt><trkpt lat="48.5545" lon="-122.97178"><ele>1.6473431270569563</ele></trkpt><trkpt lat="48.55451" lon="-122.971756"><ele>1.8059869136403561</ele></trkpt><trkpt lat="48.554497" lon="-122.97182"><ele>1.8215212077727827</ele></trkpt><trkpt lat="48.554497" lon="-122.971756"><ele>1.3056611268504201</ele></trkpt><trkpt lat="48.554554" lon="-122.971794"><ele>2.4493613205850124</ele></trkpt><trkpt lat="48.554527" lon="-122.971794"><ele>2.0</ele></trkpt><trkpt lat="48.554504" lon="-122.97174"><ele>1.0</ele></trkpt><trkpt lat="48.554512" lon="-122.97169"><ele>1.3076678826059693</ele></trkpt><trkpt lat="48.554527" lon="-122.97173"><ele>2.0</ele></trkpt><trkpt lat="48.554546" lon="-122.971725"><ele>2.0</ele></trkpt><trkpt lat="48.55451" lon="-122.971664"><ele>1.0</ele></trkpt><trkpt lat="48.554497" lon="-122.97169"><ele>1.0</ele></trkpt><trkpt lat="48.554554" lon="-122.971725"><ele>2.0</ele></trkpt><trkpt lat="48.554558" lon="-122.97177"><ele>2.2582684077114754</ele></trkpt><trkpt lat="48.5545" lon="-122.971725"><ele>1.0</ele></trkpt><trkpt lat="48.554543" lon="-122.97174"><ele>2.0</ele></trkpt><trkpt lat="48.55451" lon="-122.971725"><ele>1.3514202646911144</ele></trkpt><trkpt lat="48.554546" lon="-122.97172"><ele>2.0</ele></trkpt><trkpt lat="48.554523" lon="-122.97174"><ele>2.0</ele></trkpt><trkpt lat="48.554527" lon="-122.97172"><ele>2.0</ele></trkpt><trkpt lat="48.55454" lon="-122.97174"><ele>2.0</ele></trkpt><trkpt lat="48.554523" lon="-122.97174"><ele>2.0</ele></trkpt><trkpt lat="48.554493" lon="-122.97172"><ele>1.0</ele></trkpt><trkpt lat="48.55452" lon="-122.971756"><ele>2.0</ele></trkpt><trkpt lat="48.55453" lon="-122.97174"><ele>2.0</ele></trkpt><trkpt lat="48.554512" lon="-122.97173"><ele>1.4922357089817524</ele></trkpt><trkpt lat="48.554523" lon="-122.97179"><ele>2.0</ele></trkpt><trkpt lat="48.55454" lon="-122.97176"><ele>2.0</ele></trkpt><trkpt lat="48.554516" lon="-122.97173"><ele>1.7738666124641895</ele></trkpt><trkpt lat="48.554558" lon="-122.97172"><ele>2.0</ele></trkpt><trkpt lat="48.554554" lon="-122.97177"><ele>2.1587647469734064</ele></trkpt><trkpt lat="48.554516" lon="-122.97171"><ele>1.7738666124641895</ele></trkpt><trkpt lat="48.554543" lon="-122.97178"><ele>2.0</ele></trkpt><trkpt lat="48.55453" lon="-122.97173"><ele>2.0</ele></trkpt><trkpt lat="48.55449" lon="-122.97174"><ele>1.0</ele></trkpt><trkpt lat="48.554478" lon="-122.971695"><ele>1.0</ele></trkpt><trkpt lat="48.554493" lon="-122.97173"><ele>1.0</ele></trkpt><trkpt lat="48.554462" lon="-122.971725"><ele>1.0</ele></trkpt><trkpt lat="48.554497" lon="-122.97177"><ele>1.4361200127750635</ele></trkpt><trkpt lat="48.554348" lon="-122.97168"><ele>1.0</ele></trkpt><trkpt lat="48.554306" lon="-122.97174"><ele>1.0</ele></trkpt><trkpt lat="48.554317" lon="-122.97179"><ele>1.0</ele></trkpt><trkpt lat="48.554283" lon="-122.97182"><ele>1.0</ele></trkpt><trkpt lat="48.554195" lon="-122.971695"><ele>1.0</ele></trkpt><trkpt lat="48.55424" lon="-122.97162"><ele>1.0</ele></trkpt><trkpt lat="48.55414" lon="-122.97173"><ele>1.0</ele></trkpt><trkpt lat="48.553963" lon="-122.97174"><ele>1.0</ele></trkpt><trkpt lat="48.55341" lon="-122.97149"><ele>1.0</ele></trkpt><trkpt lat="48.55337" lon="-122.97143"><ele>1.0</ele></trkpt><trkpt lat="48.553104" lon="-122.97146"><ele>1.0</ele></trkpt><trkpt lat="48.552975" lon="-122.97141"><ele>1.0</ele></trkpt><trkpt lat="48.552967" lon="-122.97135"><ele>1.0</ele></trkpt><trkpt lat="48.552895" lon="-122.97132"><ele>1.0</ele></trkpt><trkpt lat="48.552715" lon="-122.971375"><ele>1.0</ele></trkpt><trkpt lat="48.55249" lon="-122.97148"><ele>1.0</ele></trkpt><trkpt lat="48.55222" lon="-122.97153"><ele>1.0</ele></trkpt><trkpt lat="48.551987" lon="-122.971596"><ele>0.0</ele></trkpt><trkpt lat="48.551476" lon="-122.97184"><ele>0.0</ele></trkpt><trkpt lat="48.551006" lon="-122.972"><ele>0.0</ele></trkpt><trkpt lat="48.550774" lon="-122.97221"><ele>0.0</ele></trkpt><trkpt lat="48.55065" lon="-122.97245"><ele>0.0</ele></trkpt><trkpt lat="48.55053" lon="-122.97264"><ele>0.0</ele></trkpt><trkpt lat="48.550476" lon="-122.972855"><ele>0.0</ele></trkpt><trkpt lat="48.550476" lon="-122.973045"><ele>0.0</ele></trkpt><trkpt lat="48.550415" lon="-122.97336"><ele>0.0</ele></trkpt><trkpt lat="48.550358" lon="-122.973526"><ele>0.0</ele></trkpt><trkpt lat="48.55024" lon="-122.973854"><ele>0.0</ele></trkpt><trkpt lat="48.550068" lon="-122.974106"><ele>0.0</ele></trkpt><trkpt lat="48.549892" lon="-122.974304"><ele>0.0</ele></trkpt><trkpt lat="48.549854" lon="-122.97448"><ele>0.0</ele></trkpt><trkpt lat="48.549805" lon="-122.97454"><ele>0.0</ele></trkpt><trkpt lat="48.54956" lon="-122.97472"><ele>0.0</ele></trkpt><trkpt lat="48.549156" lon="-122.97491"><ele>0.0</ele></trkpt><trkpt lat="48.54892" lon="-122.9748"><ele>0.0</ele></trkpt><trkpt lat="48.54763" lon="-122.97407"><ele>0.0</ele></trkpt><trkpt lat="48.547363" lon="-122.97395"><ele>0.0</ele></trkpt><trkpt lat="48.5469" lon="-122.973595"><ele>0.0</ele></trkpt><trkpt lat="48.54571" lon="-122.973015"><ele>0.0</ele></trkpt><trkpt lat="48.5446" lon="-122.97243"><ele>0.0</ele></trkpt><trkpt lat="48.544136" lon="-122.9721"><ele>0.0</ele></trkpt><trkpt lat="48.54364" lon="-122.971695"><ele>0.0</ele></trkpt><trkpt lat="48.543293" lon="-122.971504"><ele>0.0</ele></trkpt><trkpt lat="48.542175" lon="-122.97104"><ele>0.0</ele></trkpt><trkpt lat="48.541843" lon="-122.970924"><ele>0.0</ele></trkpt><trkpt lat="48.541306" lon="-122.970695"><ele>0.0</ele></trkpt><trkpt lat="48.54107" lon="-122.97065"><ele>0.0</ele></trkpt><trkpt lat="48.54086" lon="-122.97055"><ele>0.0</ele></trkpt><trkpt lat="48.54066" lon="-122.97054"><ele>0.0</ele></trkpt><trkpt lat="48.53998" lon="-122.97039"><ele>0.0</ele></trkpt><trkpt lat="48.539818" lon="-122.97041"><ele>0.0</ele></trkpt><trkpt lat="48.539658" lon="-122.97037"><ele>0.0</ele></trkpt><trkpt lat="48.539165" lon="-122.970085"><ele>0.0</ele></trkpt><trkpt lat="48.538284" lon="-122.96968"><ele>0.0</ele></trkpt><trkpt lat="48.538284" lon="-122.96949"><ele>0.0</ele></trkpt><trkpt lat="48.53832" lon="-122.96936"><ele>0.0</ele></trkpt><trkpt lat="48.53823" lon="-122.9694"><ele>0.0</ele></trkpt><trkpt lat="48.5381" lon="-122.96933"><ele>0.0</ele></trkpt><trkpt lat="48.53775" lon="-122.96946"><ele>0.0</ele></trkpt><trkpt lat="48.53766" lon="-122.96953"><ele>0.0</ele></trkpt><trkpt lat="48.537598" lon="-122.9695"><ele>0.0</ele></trkpt><trkpt lat="48.53744" lon="-122.969696"><ele>0.0</ele></trkpt><trkpt lat="48.53735" lon="-122.969765"><ele>0.0</ele></trkpt><trkpt lat="48.537224" lon="-122.969826"><ele>0.0</ele></trkpt><trkpt lat="48.537033" lon="-122.96998"><ele>0.0</ele></trkpt><trkpt lat="48.53686" lon="-122.970215"><ele>0.0</ele></trkpt><trkpt lat="48.536797" lon="-122.97037"><ele>0.0</ele></trkpt><trkpt lat="48.53648" lon="-122.970955"><ele>0.0</ele></trkpt><trkpt lat="48.536144" lon="-122.97153"><ele>0.0</ele></trkpt><trkpt lat="48.536045" lon="-122.97163"><ele>0.0</ele></trkpt><trkpt lat="48.53556" lon="-122.97235"><ele>1.0</ele></trkpt><trkpt lat="48.535107" lon="-122.97277"><ele>1.0</ele></trkpt><trkpt lat="48.534496" lon="-122.97313"><ele>1.0</ele></trkpt><trkpt lat="48.533897" lon="-122.97356"><ele>1.0</ele></trkpt><trkpt lat="48.53333" lon="-122.973724"><ele>1.0</ele></trkpt><trkpt lat="48.533108" lon="-122.9737"><ele>1.0</ele></trkpt><trkpt lat="48.53295" lon="-122.97363"><ele>1.0</ele></trkpt><trkpt lat="48.532925" lon="-122.97364"><ele>1.0</ele></trkpt><trkpt lat="48.53285" lon="-122.973564"><ele>2.0</ele></trkpt><trkpt lat="48.53285" lon="-122.97359"><ele>2.0</ele></trkpt><trkpt lat="48.53287" lon="-122.973564"><ele>2.0</ele></trkpt><trkpt lat="48.53286" lon="-122.973564"><ele>2.0</ele></trkpt><trkpt lat="48.532906" lon="-122.97358"><ele>1.0</ele></trkpt><trkpt lat="48.532875" lon="-122.97359"><ele>1.9303966890207938</ele></trkpt><trkpt lat="48.532898" lon="-122.97359"><ele>1.0</ele></trkpt><trkpt lat="48.532887" lon="-122.973595"><ele>1.4463582380259183</ele></trkpt><trkpt lat="48.53293" lon="-122.973625"><ele>1.0</ele></trkpt><trkpt lat="48.53311" lon="-122.97367"><ele>1.0</ele></trkpt><trkpt lat="48.533108" lon="-122.97377"><ele>1.0</ele></trkpt><trkpt lat="48.53318" lon="-122.97438"><ele>1.0</ele></trkpt><trkpt lat="48.533165" lon="-122.974815"><ele>1.0</ele></trkpt><trkpt lat="48.533123" lon="-122.97511"><ele>1.0</ele></trkpt><trkpt lat="48.533043" lon="-122.9754"><ele>1.0</ele></trkpt><trkpt lat="48.532913" lon="-122.97569"><ele>1.0</ele></trkpt><trkpt lat="48.532757" lon="-122.976"><ele>1.0</ele></trkpt><trkpt lat="48.532623" lon="-122.97618"><ele>1.0</ele></trkpt><trkpt lat="48.532387" lon="-122.97623"><ele>1.0</ele></trkpt><trkpt lat="48.532154" lon="-122.97615"><ele>1.0</ele></trkpt><trkpt lat="48.532036" lon="-122.97604"><ele>1.0</ele></trkpt><trkpt lat="48.53191" lon="-122.97584"><ele>1.0</ele></trkpt><trkpt lat="48.531757" lon="-122.975845"><ele>1.0</ele></trkpt><trkpt lat="48.531616" lon="-122.97575"><ele>1.0</ele></trkpt><trkpt lat="48.531635" lon="-122.97554"><ele>1.0</ele></trkpt><trkpt lat="48.531925" lon="-122.97515"><ele>1.0</ele></trkpt><trkpt lat="48.532032" lon="-122.97483"><ele>1.0</ele></trkpt><trkpt lat="48.532112" lon="-122.9747"><ele>1.0</ele></trkpt><trkpt lat="48.532116" lon="-122.97442"><ele>4.0</ele></trkpt><trkpt lat="48.532074" lon="-122.9744"><ele>4.0</ele></trkpt><trkpt lat="48.532074" lon="-122.97437"><ele>4.0</ele></trkpt><trkpt lat="48.532074" lon="-122.97442"><ele>3.147736889310181</ele></trkpt><trkpt lat="48.532047" lon="-122.97442"><ele>3.0</ele></trkpt><trkpt lat="48.53207" lon="-122.97444"><ele>3.0</ele></trkpt><trkpt lat="48.53205" lon="-122.9744"><ele>3.079804444219917</ele></trkpt><trkpt lat="48.53207" lon="-122.97438"><ele>4.0</ele></trkpt><trkpt lat="48.532097" lon="-122.97443"><ele>3.4448589128475127</ele></trkpt><trkpt lat="48.532055" lon="-122.97444"><ele>3.0</ele></trkpt><trkpt lat="48.532032" lon="-122.97442"><ele>3.0</ele></trkpt><trkpt lat="48.53204" lon="-122.9744"><ele>3.079804444219917</ele></trkpt><trkpt lat="48.53208" lon="-122.97437"><ele>4.0</ele></trkpt><trkpt lat="48.53206" lon="-122.97443"><ele>3.0</ele></trkpt><trkpt lat="48.53206" lon="-122.97438"><ele>4.0</ele></trkpt><trkpt lat="48.532127" lon="-122.97434"><ele>4.763866979628801</ele></trkpt><trkpt lat="48.53221" lon="-122.97437"><ele>5.0</ele></trkpt><trkpt lat="48.532253" lon="-122.97441"><ele>5.0</ele></trkpt><trkpt lat="48.532276" lon="-122.974396"><ele>5.26621795585379</ele></trkpt></trkseg></trk><trk><name>2018-07-03 20:11:47</name><extensions><gpxx:TrackExtension><gpxx:DisplayColor>Green</gpxx:DisplayColor></gpxx:TrackExtension></extensions><trkseg><trkpt lat="48.606888" lon="-123.15476"><ele>4.0</ele></trkpt><trkpt lat="48.607124" lon="-123.15479"><ele>2.288738077506423</ele></trkpt><trkpt lat="48.60714" lon="-123.154816"><ele>2.0</ele></trkpt><trkpt lat="48.60713" lon="-123.154816"><ele>2.0</ele></trkpt><trkpt lat="48.607124" lon="-123.1548"><ele>2.288738077506423</ele></trkpt><trkpt lat="48.60714" lon="-123.15479"><ele>2.0</ele></trkpt><trkpt lat="48.607147" lon="-123.154816"><ele>2.0</ele></trkpt><trkpt lat="48.607132" lon="-123.15481"><ele>2.0</ele></trkpt><trkpt lat="48.60714" lon="-123.15481"><ele>2.0</ele></trkpt><trkpt lat="48.607132" lon="-123.154785"><ele>2.0</ele></trkpt><trkpt lat="48.607132" lon="-123.15481"><ele>2.0</ele></trkpt><trkpt lat="48.607338" lon="-123.15495"><ele>2.0</ele></trkpt><trkpt lat="48.60733" lon="-123.154976"><ele>2.0</ele></trkpt><trkpt lat="48.607502" lon="-123.15507"><ele>2.0</ele></trkpt><trkpt lat="48.607613" lon="-123.155045"><ele>2.0</ele></trkpt><trkpt lat="48.60769" lon="-123.1551"><ele>2.0</ele></trkpt><trkpt lat="48.607616" lon="-123.15503"><ele>2.0</ele></trkpt><trkpt lat="48.60759" lon="-123.15496"><ele>2.0</ele></trkpt><trkpt lat="48.607597" lon="-123.15507"><ele>2.0</ele></trkpt><trkpt lat="48.607635" lon="-123.15514"><ele>2.0</ele></trkpt><trkpt lat="48.607605" lon="-123.15514"><ele>2.0</ele></trkpt><trkpt lat="48.607906" lon="-123.15535"><ele>2.0</ele></trkpt><trkpt lat="48.608078" lon="-123.155495"><ele>2.0</ele></trkpt><trkpt lat="48.608578" lon="-123.15604"><ele>2.0</ele></trkpt><trkpt lat="48.60922" lon="-123.15694"><ele>2.0</ele></trkpt><trkpt lat="48.60941" lon="-123.15724"><ele>2.0</ele></trkpt><trkpt lat="48.609447" lon="-123.15775"><ele>2.0</ele></trkpt><trkpt lat="48.609444" lon="-123.158325"><ele>2.0</ele></trkpt><trkpt lat="48.609375" lon="-123.158875"><ele>2.0</ele></trkpt><trkpt lat="48.609203" lon="-123.15991"><ele>2.0</ele></trkpt><trkpt lat="48.60896" lon="-123.16085"><ele>2.0</ele></trkpt><trkpt lat="48.60847" lon="-123.162056"><ele>1.0</ele></trkpt><trkpt lat="48.60836" lon="-123.1625"><ele>1.0</ele></trkpt><trkpt lat="48.608093" lon="-123.163246"><ele>1.0</ele></trkpt><trkpt lat="48.607914" lon="-123.16361"><ele>1.0</ele></trkpt><trkpt lat="48.607635" lon="-123.16431"><ele>1.0</ele></trkpt><trkpt lat="48.60745" lon="-123.16468"><ele>1.0</ele></trkpt><trkpt lat="48.607044" lon="-123.16528"><ele>1.0</ele></trkpt><trkpt lat="48.606655" lon="-123.165794"><ele>1.0</ele></trkpt><trkpt lat="48.606224" lon="-123.16624"><ele>1.0</ele></trkpt><trkpt lat="48.605804" lon="-123.16664"><ele>1.0</ele></trkpt><trkpt lat="48.60554" lon="-123.166855"><ele>1.0</ele></trkpt><trkpt lat="48.605286" lon="-123.16702"><ele>1.0</ele></trkpt><trkpt lat="48.60503" lon="-123.16712"><ele>1.0</ele></trkpt><trkpt lat="48.60448" lon="-123.16723"><ele>1.0</ele></trkpt><trkpt lat="48.60417" lon="-123.167244"><ele>1.0</ele></trkpt><trkpt lat="48.60338" lon="-123.167015"><ele>1.0</ele></trkpt><trkpt lat="48.602627" lon="-123.16672"><ele>1.0</ele></trkpt><trkpt lat="48.602314" lon="-123.16663"><ele>1.0</ele></trkpt><trkpt lat="48.601944" lon="-123.166466"><ele>1.0</ele></trkpt><trkpt lat="48.601475" lon="-123.16623"><ele>1.0</ele></trkpt><trkpt lat="48.601112" lon="-123.16622"><ele>1.0</ele></trkpt><trkpt lat="48.600815" lon="-123.16646"><ele>1.0</ele></trkpt><trkpt lat="48.600544" lon="-123.1667"><ele>1.0</ele></trkpt><trkpt lat="48.599766" lon="-123.167465"><ele>1.0</ele></trkpt><trkpt lat="48.59947" lon="-123.16794"><ele>1.0</ele></trkpt><trkpt lat="48.598938" lon="-123.16868"><ele>1.0</ele></trkpt><trkpt lat="48.59874" lon="-123.16909"><ele>1.0</ele></trkpt><trkpt lat="48.598507" lon="-123.16966"><ele>1.0</ele></trkpt><trkpt lat="48.598" lon="-123.17054"><ele>1.0</ele></trkpt><trkpt lat="48.597736" lon="-123.1709"><ele>1.0</ele></trkpt><trkpt lat="48.597458" lon="-123.17109"><ele>1.0</ele></trkpt><trkpt lat="48.597187" lon="-123.17122"><ele>1.0</ele></trkpt><trkpt lat="48.595997" lon="-123.17188"><ele>1.0</ele></trkpt><trkpt lat="48.59589" lon="-123.17205"><ele>1.0</ele></trkpt><trkpt lat="48.59567" lon="-123.17229"><ele>1.0</ele></trkpt><trkpt lat="48.595413" lon="-123.17236"><ele>1.0</ele></trkpt><trkpt lat="48.594734" lon="-123.17246"><ele>1.0</ele></trkpt><trkpt lat="48.594494" lon="-123.17255"><ele>1.0</ele></trkpt><trkpt lat="48.59366" lon="-123.172775"><ele>1.0</ele></trkpt><trkpt lat="48.59309" lon="-123.1728"><ele>1.0</ele></trkpt><trkpt lat="48.592575" lon="-123.17293"><ele>1.0</ele></trkpt><trkpt lat="48.5924" lon="-123.17292"><ele>1.0</ele></trkpt><trkpt lat="48.59159" lon="-123.17278"><ele>1.0</ele></trkpt><trkpt lat="48.591022" lon="-123.17273"><ele>1.0</ele></trkpt><trkpt lat="48.590717" lon="-123.17267"><ele>1.0</ele></trkpt><trkpt lat="48.590103" lon="-123.17249"><ele>1.0</ele></trkpt><trkpt lat="48.589737" lon="-123.17234"><ele>1.0</ele></trkpt><trkpt lat="48.589535" lon="-123.17229"><ele>1.0</ele></trkpt><trkpt lat="48.588436" lon="-123.17216"><ele>1.0</ele></trkpt><trkpt lat="48.587887" lon="-123.17217"><ele>1.0</ele></trkpt><trkpt lat="48.587406" lon="-123.17227"><ele>1.0</ele></trkpt><trkpt lat="48.58664" lon="-123.17236"><ele>1.0</ele></trkpt><trkpt lat="48.5857" lon="-123.17254"><ele>1.0</ele></trkpt><trkpt lat="48.585182" lon="-123.17258"><ele>1.0</ele></trkpt><trkpt lat="48.5849" lon="-123.17256"><ele>1.0</ele></trkpt><trkpt lat="48.584663" lon="-123.17256"><ele>0.15267301866159083</ele></trkpt><trkpt lat="48.58457" lon="-123.17253"><ele>1.0</ele></trkpt><trkpt lat="48.584557" lon="-123.17247"><ele>1.0</ele></trkpt><trkpt lat="48.58456" lon="-123.1724"><ele>1.0</ele></trkpt><trkpt lat="48.584457" lon="-123.17229"><ele>1.0</ele></trkpt><trkpt lat="48.584282" lon="-123.17228"><ele>1.0</ele></trkpt><trkpt lat="48.583763" lon="-123.17238"><ele>1.0</ele></trkpt><trkpt lat="48.583496" lon="-123.17245"><ele>0.0</ele></trkpt><trkpt lat="48.58326" lon="-123.172485"><ele>1.0</ele></trkpt><trkpt lat="48.58297" lon="-123.17258"><ele>1.0</ele></trkpt><trkpt lat="48.582462" lon="-123.172806"><ele>1.0</ele></trkpt><trkpt lat="48.58173" lon="-123.17317"><ele>1.0</ele></trkpt><trkpt lat="48.581196" lon="-123.17348"><ele>1.0</ele></trkpt><trkpt lat="48.58052" lon="-123.17378"><ele>0.8728105053305626</ele></trkpt><trkpt lat="48.578773" lon="-123.17476"><ele>0.6270328881219029</ele></trkpt><trkpt lat="48.578285" lon="-123.174934"><ele>0.0</ele></trkpt><trkpt lat="48.577652" lon="-123.17506"><ele>0.0</ele></trkpt><trkpt lat="48.577145" lon="-123.17521"><ele>0.0</ele></trkpt><trkpt lat="48.576668" lon="-123.17539"><ele>0.0</ele></trkpt><trkpt lat="48.576435" lon="-123.17552"><ele>0.0</ele></trkpt><trkpt lat="48.57643" lon="-123.17548"><ele>0.0</ele></trkpt><trkpt lat="48.5765" lon="-123.17547"><ele>0.0</ele></trkpt><trkpt lat="48.57642" lon="-123.175186"><ele>0.0</ele></trkpt><trkpt lat="48.57624" lon="-123.17518"><ele>0.0</ele></trkpt><trkpt lat="48.575478" lon="-123.17543"><ele>0.0</ele></trkpt><trkpt lat="48.57501" lon="-123.175674"><ele>0.0</ele></trkpt><trkpt lat="48.57437" lon="-123.17608"><ele>0.0</ele></trkpt><trkpt lat="48.57422" lon="-123.17625"><ele>0.0</ele></trkpt><trkpt lat="48.57424" lon="-123.17633"><ele>0.0</ele></trkpt><trkpt lat="48.574173" lon="-123.17656"><ele>0.0</ele></trkpt><trkpt lat="48.573975" lon="-123.176765"><ele>0.0</ele></trkpt><trkpt lat="48.573776" lon="-123.17691"><ele>0.0</ele></trkpt><trkpt lat="48.57339" lon="-123.17724"><ele>0.0</ele></trkpt><trkpt lat="48.573193" lon="-123.17736"><ele>0.0</ele></trkpt><trkpt lat="48.57299" lon="-123.17755"><ele>0.0</ele></trkpt><trkpt lat="48.57278" lon="-123.17768"><ele>0.0</ele></trkpt><trkpt lat="48.572296" lon="-123.17791"><ele>0.0</ele></trkpt><trkpt lat="48.572136" lon="-123.178"><ele>0.0</ele></trkpt><trkpt lat="48.57199" lon="-123.178116"><ele>0.0</ele></trkpt><trkpt lat="48.571796" lon="-123.1782"><ele>0.0</ele></trkpt><trkpt lat="48.57143" lon="-123.178314"><ele>0.0</ele></trkpt><trkpt lat="48.570923" lon="-123.17855"><ele>0.0</ele></trkpt><trkpt lat="48.570446" lon="-123.17868"><ele>0.0</ele></trkpt><trkpt lat="48.5701" lon="-123.17874"><ele>0.0</ele></trkpt><trkpt lat="48.56954" lon="-123.17887"><ele>0.0</ele></trkpt><trkpt lat="48.56939" lon="-123.17886"><ele>0.0</ele></trkpt><trkpt lat="48.5691" lon="-123.1789"><ele>0.0</ele></trkpt><trkpt lat="48.568863" lon="-123.17871"><ele>0.0</ele></trkpt><trkpt lat="48.56871" lon="-123.178635"><ele>0.0</ele></trkpt><trkpt lat="48.568607" lon="-123.17859"><ele>0.0</ele></trkpt><trkpt lat="48.5685" lon="-123.17858"><ele>0.0</ele></trkpt><trkpt lat="48.56844" lon="-123.1786"><ele>0.0</ele></trkpt><trkpt lat="48.568222" lon="-123.17859"><ele>0.0</ele></trkpt><trkpt lat="48.567722" lon="-123.17876"><ele>0.0</ele></trkpt><trkpt lat="48.567436" lon="-123.17879"><ele>0.0</ele></trkpt><trkpt lat="48.567158" lon="-123.17872"><ele>0.0</ele></trkpt><trkpt lat="48.566906" lon="-123.1786"><ele>0.0</ele></trkpt><trkpt lat="48.566654" lon="-123.17842"><ele>0.0</ele></trkpt><trkpt lat="48.56634" lon="-123.17826"><ele>0.0</ele></trkpt><trkpt lat="48.566177" lon="-123.17815"><ele>0.0</ele></trkpt><trkpt lat="48.565998" lon="-123.178024"><ele>0.0</ele></trkpt><trkpt lat="48.565964" lon="-123.17794"><ele>0.0</ele></trkpt><trkpt lat="48.56604" lon="-123.17794"><ele>0.0</ele></trkpt><trkpt lat="48.565235" lon="-123.17769"><ele>0.0</ele></trkpt><trkpt lat="48.564735" lon="-123.17746"><ele>0.0</ele></trkpt><trkpt lat="48.564453" lon="-123.177414"><ele>0.0</ele></trkpt><trkpt lat="48.564137" lon="-123.17732"><ele>0.0</ele></trkpt><trkpt lat="48.56386" lon="-123.17729"><ele>0.0</ele></trkpt><trkpt lat="48.563435" lon="-123.1774"><ele>0.0</ele></trkpt><trkpt lat="48.563282" lon="-123.17758"><ele>0.0</ele></trkpt><trkpt lat="48.56324" lon="-123.17778"><ele>0.0</ele></trkpt><trkpt lat="48.563313" lon="-123.177895"><ele>0.0</ele></trkpt><trkpt lat="48.56343" lon="-123.17791"><ele>0.0</ele></trkpt><trkpt lat="48.564007" lon="-123.17787"><ele>0.0</ele></trkpt><trkpt lat="48.564514" lon="-123.178055"><ele>0.0</ele></trkpt><trkpt lat="48.56474" lon="-123.178085"><ele>0.0</ele></trkpt><trkpt lat="48.564884" lon="-123.178154"><ele>0.0</ele></trkpt><trkpt lat="48.56563" lon="-123.17878"><ele>0.0</ele></trkpt><trkpt lat="48.565994" lon="-123.17904"><ele>0.0</ele></trkpt><trkpt lat="48.566273" lon="-123.17929"><ele>0.0</ele></trkpt><trkpt lat="48.566597" lon="-123.17945"><ele>0.0</ele></trkpt><trkpt lat="48.56681" lon="-123.17965"><ele>0.0</ele></trkpt><trkpt lat="48.567127" lon="-123.179855"><ele>0.0</ele></trkpt><trkpt lat="48.567345" lon="-123.18005"><ele>0.0</ele></trkpt><trkpt lat="48.56763" lon="-123.180244"><ele>0.0</ele></trkpt><trkpt lat="48.567898" lon="-123.18053"><ele>0.0</ele></trkpt><trkpt lat="48.56796" lon="-123.18062"><ele>0.0</ele></trkpt><trkpt lat="48.568283" lon="-123.18089"><ele>0.0</ele></trkpt><trkpt lat="48.568626" lon="-123.18112"><ele>0.0</ele></trkpt><trkpt lat="48.569046" lon="-123.181465"><ele>0.0</ele></trkpt><trkpt lat="48.569935" lon="-123.18227"><ele>0.0</ele></trkpt><trkpt lat="48.570267" lon="-123.1826"><ele>0.0</ele></trkpt><trkpt lat="48.57096" lon="-123.183235"><ele>0.0</ele></trkpt><trkpt lat="48.571426" lon="-123.18356"><ele>0.0</ele></trkpt><trkpt lat="48.5717" lon="-123.183846"><ele>0.0</ele></trkpt><trkpt lat="48.571953" lon="-123.1842"><ele>0.0</ele></trkpt><trkpt lat="48.57221" lon="-123.18462"><ele>0.0</ele></trkpt><trkpt lat="48.572723" lon="-123.18532"><ele>0.0</ele></trkpt><trkpt lat="48.573017" lon="-123.18568"><ele>0.0</ele></trkpt><trkpt lat="48.57328" lon="-123.18596"><ele>0.0</ele></trkpt><trkpt lat="48.573425" lon="-123.18618"><ele>0.0</ele></trkpt><trkpt lat="48.57373" lon="-123.18679"><ele>0.0</ele></trkpt><trkpt lat="48.57394" lon="-123.18709"><ele>0.0</ele></trkpt><trkpt lat="48.57417" lon="-123.18736"><ele>0.0</ele></trkpt><trkpt lat="48.574368" lon="-123.18766"><ele>0.0</ele></trkpt><trkpt lat="48.574497" lon="-123.18791"><ele>0.0</ele></trkpt><trkpt lat="48.574673" lon="-123.18819"><ele>0.0</ele></trkpt><trkpt lat="48.57486" lon="-123.1884"><ele>0.0</ele></trkpt><trkpt lat="48.57499" lon="-123.1886"><ele>0.0</ele></trkpt><trkpt lat="48.575325" lon="-123.18922"><ele>0.0</ele></trkpt><trkpt lat="48.57553" lon="-123.18955"><ele>0.0</ele></trkpt><trkpt lat="48.575745" lon="-123.18983"><ele>0.0</ele></trkpt><trkpt lat="48.57595" lon="-123.190155"><ele>0.0</ele></trkpt><trkpt lat="48.576332" lon="-123.19068"><ele>0.0</ele></trkpt><trkpt lat="48.57656" lon="-123.19119"><ele>0.0</ele></trkpt><trkpt lat="48.577343" lon="-123.19212"><ele>0.0</ele></trkpt><trkpt lat="48.577606" lon="-123.19233"><ele>0.0</ele></trkpt><trkpt lat="48.577827" lon="-123.19257"><ele>0.0</ele></trkpt><trkpt lat="48.578392" lon="-123.19311"><ele>0.0</ele></trkpt><trkpt lat="48.578625" lon="-123.193375"><ele>0.0</ele></trkpt><trkpt lat="48.578922" lon="-123.193665"><ele>0.0</ele></trkpt><trkpt lat="48.57913" lon="-123.1938"><ele>0.0</ele></trkpt><trkpt lat="48.57966" lon="-123.19427"><ele>0.0</ele></trkpt><trkpt lat="48.57994" lon="-123.19446"><ele>0.0</ele></trkpt><trkpt lat="48.580685" lon="-123.19505"><ele>0.0</ele></trkpt><trkpt lat="48.581764" lon="-123.19603"><ele>0.0</ele></trkpt><trkpt lat="48.582047" lon="-123.19631"><ele>0.0</ele></trkpt><trkpt lat="48.58238" lon="-123.19654"><ele>0.0</ele></trkpt><trkpt lat="48.58274" lon="-123.19683"><ele>0.0</ele></trkpt><trkpt lat="48.583096" lon="-123.19717"><ele>0.0</ele></trkpt><trkpt lat="48.58374" lon="-123.19784"><ele>0.0</ele></trkpt><trkpt lat="48.58407" lon="-123.19815"><ele>0.0</ele></trkpt><trkpt lat="48.585762" lon="-123.199974"><ele>0.0</ele></trkpt><trkpt lat="48.58591" lon="-123.20021"><ele>0.0</ele></trkpt><trkpt lat="48.586136" lon="-123.20043"><ele>0.0</ele></trkpt><trkpt lat="48.586685" lon="-123.20103"><ele>0.0</ele></trkpt><trkpt lat="48.586792" lon="-123.20117"><ele>0.0</ele></trkpt><trkpt lat="48.586845" lon="-123.2013"><ele>0.0</ele></trkpt><trkpt lat="48.586906" lon="-123.201294"><ele>0.0</ele></trkpt><trkpt lat="48.587048" lon="-123.201416"><ele>0.0</ele></trkpt><trkpt lat="48.587063" lon="-123.20149"><ele>0.0</ele></trkpt><trkpt lat="48.587208" lon="-123.201584"><ele>0.0</ele></trkpt><trkpt lat="48.587322" lon="-123.201744"><ele>0.0</ele></trkpt><trkpt lat="48.58744" lon="-123.20182"><ele>0.0</ele></trkpt><trkpt lat="48.587494" lon="-123.20191"><ele>0.0</ele></trkpt><trkpt lat="48.58756" lon="-123.201965"><ele>0.0</ele></trkpt><trkpt lat="48.587597" lon="-123.20202"><ele>0.0</ele></trkpt><trkpt lat="48.5877" lon="-123.202065"><ele>0.0</ele></trkpt><trkpt lat="48.587803" lon="-123.20207"><ele>0.8887857771478593</ele></trkpt><trkpt lat="48.5879" lon="-123.202156"><ele>0.0</ele></trkpt><trkpt lat="48.58805" lon="-123.20233"><ele>0.0</ele></trkpt><trkpt lat="48.58822" lon="-123.20239"><ele>0.9757048888131976</ele></trkpt><trkpt lat="48.5883" lon="-123.202446"><ele>0.3659157333895564</ele></trkpt><trkpt lat="48.58846" lon="-123.20248"><ele>1.0</ele></trkpt><trkpt lat="48.588688" lon="-123.20261"><ele>0.0</ele></trkpt><trkpt lat="48.588898" lon="-123.20263"><ele>0.7908942219801247</ele></trkpt><trkpt lat="48.589058" lon="-123.20278"><ele>0.0</ele></trkpt><trkpt lat="48.589153" lon="-123.202805"><ele>0.0</ele></trkpt><trkpt lat="48.589363" lon="-123.20273"><ele>1.0</ele></trkpt><trkpt lat="48.589478" lon="-123.20289"><ele>0.0</ele></trkpt><trkpt lat="48.5896" lon="-123.20299"><ele>0.0</ele></trkpt><trkpt lat="48.58974" lon="-123.202965"><ele>0.0</ele></trkpt><trkpt lat="48.58997" lon="-123.2031"><ele>0.0</ele></trkpt><trkpt lat="48.590313" lon="-123.2031"><ele>0.0</ele></trkpt><trkpt lat="48.590725" lon="-123.203255"><ele>0.0</ele></trkpt><trkpt lat="48.590836" lon="-123.203224"><ele>0.0</ele></trkpt><trkpt lat="48.590874" lon="-123.20326"><ele>0.0</ele></trkpt><trkpt lat="48.591007" lon="-123.20332"><ele>0.0</ele></trkpt><trkpt lat="48.591187" lon="-123.20335"><ele>0.0</ele></trkpt><trkpt lat="48.591816" lon="-123.203255"><ele>0.663783110678196</ele></trkpt><trkpt lat="48.592407" lon="-123.20321"><ele>1.0</ele></trkpt><trkpt lat="48.592617" lon="-123.20317"><ele>1.0</ele></trkpt><trkpt lat="48.593033" lon="-123.20323"><ele>1.0</ele></trkpt><trkpt lat="48.593224" lon="-123.203224"><ele>1.0</ele></trkpt><trkpt lat="48.594055" lon="-123.2033"><ele>0.4333688886836171</ele></trkpt><trkpt lat="48.594357" lon="-123.20321"><ele>1.0</ele></trkpt><trkpt lat="48.59461" lon="-123.20318"><ele>1.0</ele></trkpt><trkpt lat="48.595097" lon="-123.203186"><ele>1.0</ele></trkpt><trkpt lat="48.595333" lon="-123.203224"><ele>1.0</ele></trkpt><trkpt lat="48.595818" lon="-123.20324"><ele>0.0</ele></trkpt><trkpt lat="48.596054" lon="-123.20321"><ele>0.0</ele></trkpt><trkpt lat="48.596287" lon="-123.203094"><ele>0.0</ele></trkpt><trkpt lat="48.596592" lon="-123.20292"><ele>0.0</ele></trkpt><trkpt lat="48.596928" lon="-123.20268"><ele>0.0</ele></trkpt><trkpt lat="48.597595" lon="-123.202354"><ele>0.0</ele></trkpt><trkpt lat="48.59792" lon="-123.20203"><ele>0.0</ele></trkpt><trkpt lat="48.598206" lon="-123.20153"><ele>1.0</ele></trkpt><trkpt lat="48.598515" lon="-123.20109"><ele>1.0</ele></trkpt><trkpt lat="48.598778" lon="-123.20102"><ele>0.6094383945741414</ele></trkpt><trkpt lat="48.59891" lon="-123.20087"><ele>0.0</ele></trkpt><trkpt lat="48.598988" lon="-123.2007"><ele>1.0</ele></trkpt><trkpt lat="48.599117" lon="-123.200294"><ele>1.0</ele></trkpt><trkpt lat="48.59919" lon="-123.2002"><ele>1.0</ele></trkpt><trkpt lat="48.59947" lon="-123.20039"><ele>1.0</ele></trkpt><trkpt lat="48.59962" lon="-123.200356"><ele>0.893226049429659</ele></trkpt><trkpt lat="48.599766" lon="-123.20025"><ele>1.0</ele></trkpt><trkpt lat="48.599945" lon="-123.20011"><ele>1.0</ele></trkpt><trkpt lat="48.60023" lon="-123.19981"><ele>1.0</ele></trkpt><trkpt lat="48.60079" lon="-123.19902"><ele>1.0</ele></trkpt><trkpt lat="48.601086" lon="-123.19888"><ele>1.0</ele></trkpt><trkpt lat="48.601357" lon="-123.19871"><ele>0.0</ele></trkpt><trkpt lat="48.60247" lon="-123.198395"><ele>0.0</ele></trkpt><trkpt lat="48.60285" lon="-123.19831"><ele>0.0</ele></trkpt><trkpt lat="48.603207" lon="-123.19807"><ele>0.0</ele></trkpt><trkpt lat="48.603596" lon="-123.19784"><ele>0.0</ele></trkpt><trkpt lat="48.603985" lon="-123.197685"><ele>0.0</ele></trkpt><trkpt lat="48.604324" lon="-123.19762"><ele>0.0</ele></trkpt><trkpt lat="48.605034" lon="-123.197395"><ele>0.0</ele></trkpt><trkpt lat="48.605324" lon="-123.197365"><ele>0.0</ele></trkpt><trkpt lat="48.60553" lon="-123.19724"><ele>0.0</ele></trkpt><trkpt lat="48.606174" lon="-123.19671"><ele>0.0</ele></trkpt><trkpt lat="48.606342" lon="-123.19664"><ele>0.0</ele></trkpt><trkpt lat="48.606674" lon="-123.19646"><ele>0.0</ele></trkpt><trkpt lat="48.607048" lon="-123.19611"><ele>0.0</ele></trkpt><trkpt lat="48.607384" lon="-123.19561"><ele>0.0</ele></trkpt><trkpt lat="48.607746" lon="-123.19519"><ele>0.0</ele></trkpt><trkpt lat="48.60845" lon="-123.19452"><ele>0.0</ele></trkpt><trkpt lat="48.608868" lon="-123.19415"><ele>0.0</ele></trkpt><trkpt lat="48.60929" lon="-123.193886"><ele>0.0</ele></trkpt><trkpt lat="48.60976" lon="-123.19351"><ele>0.0</ele></trkpt><trkpt lat="48.61075" lon="-123.1926"><ele>0.0</ele></trkpt><trkpt lat="48.611137" lon="-123.19221"><ele>0.0</ele></trkpt><trkpt lat="48.61136" lon="-123.19178"><ele>0.0</ele></trkpt><trkpt lat="48.61176" lon="-123.19146"><ele>0.0</ele></trkpt><trkpt lat="48.61208" lon="-123.19117"><ele>0.0</ele></trkpt><trkpt lat="48.613087" lon="-123.189964"><ele>0.0</ele></trkpt><trkpt lat="48.6135" lon="-123.18957"><ele>0.0</ele></trkpt><trkpt lat="48.61473" lon="-123.18853"><ele>0.0</ele></trkpt><trkpt lat="48.61554" lon="-123.1879"><ele>0.0</ele></trkpt><trkpt lat="48.615917" lon="-123.18762"><ele>0.0</ele></trkpt><trkpt lat="48.616467" lon="-123.18727"><ele>0.0</ele></trkpt><trkpt lat="48.61712" lon="-123.18697"><ele>0.0</ele></trkpt><trkpt lat="48.61845" lon="-123.18604"><ele>0.0</ele></trkpt><trkpt lat="48.61864" lon="-123.18586"><ele>0.0</ele></trkpt><trkpt lat="48.6189" lon="-123.18569"><ele>0.0</ele></trkpt><trkpt lat="48.61916" lon="-123.18558"><ele>0.0</ele></trkpt><trkpt lat="48.620228" lon="-123.185165"><ele>0.0</ele></trkpt><trkpt lat="48.620636" lon="-123.184944"><ele>0.0</ele></trkpt><trkpt lat="48.621334" lon="-123.184654"><ele>0.0</ele></trkpt><trkpt lat="48.62249" lon="-123.18407"><ele>0.0</ele></trkpt><trkpt lat="48.622826" lon="-123.18394"><ele>1.153478566557169</ele></trkpt><trkpt lat="48.62343" lon="-123.18376"><ele>2.0</ele></trkpt><trkpt lat="48.623737" lon="-123.18362"><ele>2.0</ele></trkpt><trkpt lat="48.624077" lon="-123.183525"><ele>2.0</ele></trkpt><trkpt lat="48.62435" lon="-123.1836"><ele>2.0</ele></trkpt><trkpt lat="48.624542" lon="-123.183716"><ele>2.0</ele></trkpt><trkpt lat="48.62466" lon="-123.18373"><ele>2.0</ele></trkpt><trkpt lat="48.625286" lon="-123.184"><ele>0.0</ele></trkpt><trkpt lat="48.62584" lon="-123.18429"><ele>0.0</ele></trkpt><trkpt lat="48.626087" lon="-123.18437"><ele>0.0</ele></trkpt><trkpt lat="48.626305" lon="-123.18449"><ele>0.0</ele></trkpt><trkpt lat="48.626392" lon="-123.18457"><ele>0.0</ele></trkpt><trkpt lat="48.626827" lon="-123.18469"><ele>0.0</ele></trkpt><trkpt lat="48.627083" lon="-123.1848"><ele>0.0</ele></trkpt><trkpt lat="48.627274" lon="-123.18493"><ele>0.0</ele></trkpt><trkpt lat="48.628136" lon="-123.185295"><ele>0.0</ele></trkpt><trkpt lat="48.628338" lon="-123.1854"><ele>0.0</ele></trkpt><trkpt lat="48.62856" lon="-123.185585"><ele>0.0</ele></trkpt><trkpt lat="48.62873" lon="-123.1858"><ele>0.0</ele></trkpt><trkpt lat="48.629208" lon="-123.186134"><ele>0.0</ele></trkpt><trkpt lat="48.62945" lon="-123.18636"><ele>0.0</ele></trkpt><trkpt lat="48.629646" lon="-123.18661"><ele>0.0</ele></trkpt><trkpt lat="48.62993" lon="-123.18684"><ele>0.0</ele></trkpt><trkpt lat="48.630493" lon="-123.18713"><ele>0.0</ele></trkpt><trkpt lat="48.63104" lon="-123.187485"><ele>0.0</ele></trkpt><trkpt lat="48.631634" lon="-123.18771"><ele>0.0</ele></trkpt><trkpt lat="48.6319" lon="-123.187935"><ele>0.0</ele></trkpt><trkpt lat="48.63207" lon="-123.188156"><ele>0.0</ele></trkpt><trkpt lat="48.63227" lon="-123.18831"><ele>0.0</ele></trkpt><trkpt lat="48.632553" lon="-123.18848"><ele>0.0</ele></trkpt><trkpt lat="48.63317" lon="-123.18864"><ele>0.0</ele></trkpt><trkpt lat="48.633713" lon="-123.18891"><ele>0.0</ele></trkpt><trkpt lat="48.63429" lon="-123.18927"><ele>0.0</ele></trkpt><trkpt lat="48.63458" lon="-123.18942"><ele>0.0</ele></trkpt><trkpt lat="48.63486" lon="-123.18961"><ele>0.0</ele></trkpt><trkpt lat="48.635162" lon="-123.18985"><ele>0.0</ele></trkpt><trkpt lat="48.635437" lon="-123.19012"><ele>0.0</ele></trkpt><trkpt lat="48.63577" lon="-123.19033"><ele>0.0</ele></trkpt><trkpt lat="48.636063" lon="-123.19044"><ele>0.0</ele></trkpt><trkpt lat="48.636364" lon="-123.190575"><ele>0.0</ele></trkpt><trkpt lat="48.636578" lon="-123.19073"><ele>0.0</ele></trkpt><trkpt lat="48.637093" lon="-123.19101"><ele>0.0</ele></trkpt><trkpt lat="48.637627" lon="-123.1914"><ele>0.0</ele></trkpt><trkpt lat="48.63786" lon="-123.191536"><ele>0.0</ele></trkpt><trkpt lat="48.63809" lon="-123.19163"><ele>0.0</ele></trkpt><trkpt lat="48.638657" lon="-123.191765"><ele>0.0</ele></trkpt><trkpt lat="48.6389" lon="-123.19189"><ele>0.0</ele></trkpt><trkpt lat="48.639656" lon="-123.192055"><ele>0.0</ele></trkpt><trkpt lat="48.639935" lon="-123.19215"><ele>0.0</ele></trkpt><trkpt lat="48.640198" lon="-123.19226"><ele>0.0</ele></trkpt><trkpt lat="48.64039" lon="-123.19241"><ele>0.0</ele></trkpt><trkpt lat="48.641026" lon="-123.19265"><ele>0.0</ele></trkpt><trkpt lat="48.641186" lon="-123.19265"><ele>0.0</ele></trkpt><trkpt lat="48.641335" lon="-123.19261"><ele>0.0</ele></trkpt><trkpt lat="48.641514" lon="-123.19263"><ele>0.0</ele></trkpt><trkpt lat="48.6417" lon="-123.19255"><ele>0.0</ele></trkpt><trkpt lat="48.64252" lon="-123.19254"><ele>0.0</ele></trkpt><trkpt lat="48.64274" lon="-123.19259"><ele>0.0</ele></trkpt><trkpt lat="48.643085" lon="-123.192795"><ele>0.0</ele></trkpt><trkpt lat="48.64328" lon="-123.19285"><ele>0.0</ele></trkpt><trkpt lat="48.643475" lon="-123.192825"><ele>0.0</ele></trkpt><trkpt lat="48.643696" lon="-123.192856"><ele>0.0</ele></trkpt><trkpt lat="48.643967" lon="-123.19295"><ele>0.0</ele></trkpt><trkpt lat="48.64451" lon="-123.19309"><ele>0.0</ele></trkpt><trkpt lat="48.64476" lon="-123.19309"><ele>0.0</ele></trkpt><trkpt lat="48.645218" lon="-123.19303"><ele>0.0</ele></trkpt><trkpt lat="48.645443" lon="-123.1929"><ele>0.0</ele></trkpt><trkpt lat="48.64572" lon="-123.19291"><ele>0.0</ele></trkpt><trkpt lat="48.646286" lon="-123.19284"><ele>0.0</ele></trkpt><trkpt lat="48.64656" lon="-123.19277"><ele>0.0</ele></trkpt><trkpt lat="48.646862" lon="-123.19278"><ele>0.0</ele></trkpt><trkpt lat="48.647163" lon="-123.192764"><ele>0.0</ele></trkpt><trkpt lat="48.64775" lon="-123.19284"><ele>0.0</ele></trkpt><trkpt lat="48.648384" lon="-123.19295"><ele>0.0</ele></trkpt><trkpt lat="48.648743" lon="-123.19304"><ele>0.0</ele></trkpt><trkpt lat="48.649643" lon="-123.19339"><ele>0.0</ele></trkpt><trkpt lat="48.650196" lon="-123.19356"><ele>0.0</ele></trkpt><trkpt lat="48.65049" lon="-123.19363"><ele>0.0</ele></trkpt><trkpt lat="48.65112" lon="-123.193726"><ele>0.0</ele></trkpt><trkpt lat="48.65223" lon="-123.19382"><ele>0.0</ele></trkpt><trkpt lat="48.65277" lon="-123.19376"><ele>0.0</ele></trkpt><trkpt lat="48.65338" lon="-123.19376"><ele>0.0</ele></trkpt><trkpt lat="48.654003" lon="-123.1938"><ele>0.0</ele></trkpt><trkpt lat="48.65429" lon="-123.193756"><ele>0.0</ele></trkpt><trkpt lat="48.65485" lon="-123.19362"><ele>0.0</ele></trkpt><trkpt lat="48.65511" lon="-123.19351"><ele>0.0</ele></trkpt><trkpt lat="48.6556" lon="-123.193405"><ele>0.0</ele></trkpt><trkpt lat="48.655994" lon="-123.193214"><ele>0.0</ele></trkpt><trkpt lat="48.6562" lon="-123.19313"><ele>0.0</ele></trkpt><trkpt lat="48.656437" lon="-123.19311"><ele>0.0</ele></trkpt><trkpt lat="48.65683" lon="-123.19318"><ele>0.0</ele></trkpt><trkpt lat="48.65752" lon="-123.193184"><ele>0.0</ele></trkpt><trkpt lat="48.658054" lon="-123.19325"><ele>0.0</ele></trkpt><trkpt lat="48.658245" lon="-123.193214"><ele>0.0</ele></trkpt><trkpt lat="48.658638" lon="-123.19323"><ele>0.0</ele></trkpt><trkpt lat="48.659103" lon="-123.19309"><ele>0.0</ele></trkpt><trkpt lat="48.65923" lon="-123.193245"><ele>0.0</ele></trkpt><trkpt lat="48.65932" lon="-123.19342"><ele>0.0</ele></trkpt><trkpt lat="48.659615" lon="-123.193756"><ele>0.0</ele></trkpt><trkpt lat="48.65967" lon="-123.19386"><ele>0.0</ele></trkpt><trkpt lat="48.65976" lon="-123.19406"><ele>0.0</ele></trkpt><trkpt lat="48.66016" lon="-123.19478"><ele>0.0</ele></trkpt><trkpt lat="48.66047" lon="-123.19554"><ele>0.0</ele></trkpt><trkpt lat="48.660614" lon="-123.19584"><ele>0.0</ele></trkpt><trkpt lat="48.66078" lon="-123.196175"><ele>0.0</ele></trkpt><trkpt lat="48.66114" lon="-123.196815"><ele>0.0</ele></trkpt><trkpt lat="48.661274" lon="-123.19709"><ele>0.0</ele></trkpt><trkpt lat="48.661427" lon="-123.197495"><ele>0.0</ele></trkpt><trkpt lat="48.661526" lon="-123.19791"><ele>0.0</ele></trkpt><trkpt lat="48.661766" lon="-123.19861"><ele>0.0</ele></trkpt><trkpt lat="48.662075" lon="-123.19961"><ele>0.0</ele></trkpt><trkpt lat="48.662167" lon="-123.20003"><ele>0.0</ele></trkpt><trkpt lat="48.66253" lon="-123.20134"><ele>0.0</ele></trkpt><trkpt lat="48.662727" lon="-123.202225"><ele>0.0</ele></trkpt><trkpt lat="48.662853" lon="-123.20258"><ele>0.0</ele></trkpt><trkpt lat="48.66297" lon="-123.20299"><ele>0.0</ele></trkpt><trkpt lat="48.66325" lon="-123.20357"><ele>0.0</ele></trkpt><trkpt lat="48.663403" lon="-123.20386"><ele>0.0</ele></trkpt><trkpt lat="48.663574" lon="-123.20412"><ele>0.0</ele></trkpt><trkpt lat="48.66395" lon="-123.204765"><ele>0.0</ele></trkpt><trkpt lat="48.664066" lon="-123.20515"><ele>0.0</ele></trkpt><trkpt lat="48.66421" lon="-123.2055"><ele>0.0</ele></trkpt><trkpt lat="48.664577" lon="-123.20619"><ele>0.0</ele></trkpt><trkpt lat="48.66493" lon="-123.206764"><ele>0.0</ele></trkpt><trkpt lat="48.665253" lon="-123.207405"><ele>0.0</ele></trkpt><trkpt lat="48.66542" lon="-123.20769"><ele>0.0</ele></trkpt><trkpt lat="48.66591" lon="-123.208725"><ele>0.0</ele></trkpt><trkpt lat="48.666515" lon="-123.21025"><ele>0.0</ele></trkpt><trkpt lat="48.66665" lon="-123.21067"><ele>0.0</ele></trkpt><trkpt lat="48.66675" lon="-123.21115"><ele>0.0</ele></trkpt><trkpt lat="48.666927" lon="-123.21164"><ele>0.0</ele></trkpt><trkpt lat="48.66745" lon="-123.21283"><ele>0.0</ele></trkpt><trkpt lat="48.66775" lon="-123.213684"><ele>0.0</ele></trkpt><trkpt lat="48.66792" lon="-123.21411"><ele>0.0</ele></trkpt><trkpt lat="48.66811" lon="-123.214584"><ele>0.0</ele></trkpt><trkpt lat="48.66864" lon="-123.215744"><ele>0.0</ele></trkpt><trkpt lat="48.669067" lon="-123.21676"><ele>0.0</ele></trkpt><trkpt lat="48.669285" lon="-123.21721"><ele>0.0</ele></trkpt><trkpt lat="48.669456" lon="-123.21763"><ele>2.0</ele></trkpt><trkpt lat="48.66965" lon="-123.21816"><ele>1.0211970079690218</ele></trkpt><trkpt lat="48.66996" lon="-123.21911"><ele>0.0</ele></trkpt><trkpt lat="48.6701" lon="-123.21946"><ele>0.0</ele></trkpt><trkpt lat="48.670322" lon="-123.21977"><ele>0.0</ele></trkpt><trkpt lat="48.670547" lon="-123.22017"><ele>0.0</ele></trkpt><trkpt lat="48.670696" lon="-123.22048"><ele>0.0</ele></trkpt><trkpt lat="48.670757" lon="-123.22067"><ele>0.0</ele></trkpt><trkpt lat="48.67102" lon="-123.22107"><ele>0.0</ele></trkpt><trkpt lat="48.671375" lon="-123.22146"><ele>0.0</ele></trkpt><trkpt lat="48.671776" lon="-123.221825"><ele>0.0</ele></trkpt><trkpt lat="48.67281" lon="-123.22309"><ele>0.0</ele></trkpt><trkpt lat="48.673706" lon="-123.22442"><ele>0.0</ele></trkpt><trkpt lat="48.67432" lon="-123.22537"><ele>0.0</ele></trkpt><trkpt lat="48.674667" lon="-123.225945"><ele>0.0</ele></trkpt><trkpt lat="48.67493" lon="-123.22646"><ele>0.0</ele></trkpt><trkpt lat="48.675205" lon="-123.22695"><ele>0.0</ele></trkpt><trkpt lat="48.676163" lon="-123.2286"><ele>0.0</ele></trkpt><trkpt lat="48.676487" lon="-123.22912"><ele>0.0</ele></trkpt><trkpt lat="48.676716" lon="-123.229515"><ele>0.0</ele></trkpt><trkpt lat="48.676926" lon="-123.230064"><ele>0.0</ele></trkpt><trkpt lat="48.677258" lon="-123.23063"><ele>0.0</ele></trkpt><trkpt lat="48.67757" lon="-123.2311"><ele>0.0</ele></trkpt><trkpt lat="48.677868" lon="-123.23149"><ele>0.0</ele></trkpt><trkpt lat="48.678276" lon="-123.23187"><ele>0.0</ele></trkpt><trkpt lat="48.67868" lon="-123.2322"><ele>0.0</ele></trkpt><trkpt lat="48.67907" lon="-123.232544"><ele>0.0</ele></trkpt><trkpt lat="48.679348" lon="-123.23287"><ele>0.0</ele></trkpt><trkpt lat="48.681133" lon="-123.2344"><ele>0.0</ele></trkpt><trkpt lat="48.681503" lon="-123.23478"><ele>0.0</ele></trkpt><trkpt lat="48.681946" lon="-123.2353"><ele>0.0</ele></trkpt><trkpt lat="48.682255" lon="-123.23574"><ele>0.0</ele></trkpt><trkpt lat="48.683" lon="-123.236855"><ele>0.0</ele></trkpt><trkpt lat="48.68337" lon="-123.23747"><ele>0.0</ele></trkpt><trkpt lat="48.683647" lon="-123.23766"><ele>0.0</ele></trkpt><trkpt lat="48.68389" lon="-123.237724"><ele>0.0</ele></trkpt><trkpt lat="48.684067" lon="-123.23775"><ele>0.0</ele></trkpt><trkpt lat="48.68503" lon="-123.23797"><ele>0.0</ele></trkpt><trkpt lat="48.685307" lon="-123.238"><ele>0.0</ele></trkpt><trkpt lat="48.685516" lon="-123.23796"><ele>0.0</ele></trkpt><trkpt lat="48.685707" lon="-123.23799"><ele>0.0</ele></trkpt><trkpt lat="48.685947" lon="-123.238174"><ele>0.0</ele></trkpt><trkpt lat="48.68622" lon="-123.238266"><ele>0.0</ele></trkpt><trkpt lat="48.686493" lon="-123.23843"><ele>0.0</ele></trkpt><trkpt lat="48.687054" lon="-123.238525"><ele>0.0</ele></trkpt><trkpt lat="48.687325" lon="-123.238495"><ele>0.0</ele></trkpt><trkpt lat="48.687595" lon="-123.23842"><ele>0.0</ele></trkpt><trkpt lat="48.687805" lon="-123.23835"><ele>0.0</ele></trkpt><trkpt lat="48.688026" lon="-123.23822"><ele>0.0</ele></trkpt><trkpt lat="48.68837" lon="-123.23809"><ele>0.0</ele></trkpt><trkpt lat="48.68885" lon="-123.23796"><ele>0.0</ele></trkpt><trkpt lat="48.689064" lon="-123.237724"><ele>0.0</ele></trkpt><trkpt lat="48.6892" lon="-123.23745"><ele>0.0</ele></trkpt><trkpt lat="48.689243" lon="-123.23702"><ele>0.0</ele></trkpt><trkpt lat="48.689323" lon="-123.236565"><ele>0.0</ele></trkpt><trkpt lat="48.68939" lon="-123.23606"><ele>0.0</ele></trkpt><trkpt lat="48.68941" lon="-123.235344"><ele>0.0</ele></trkpt><trkpt lat="48.689465" lon="-123.23499"><ele>0.0</ele></trkpt><trkpt lat="48.689514" lon="-123.234344"><ele>0.0</ele></trkpt><trkpt lat="48.689537" lon="-123.23366"><ele>0.0</ele></trkpt><trkpt lat="48.689625" lon="-123.23251"><ele>0.0</ele></trkpt><trkpt lat="48.68965" lon="-123.23014"><ele>0.0</ele></trkpt><trkpt lat="48.68978" lon="-123.22709"><ele>0.0</ele></trkpt><trkpt lat="48.68974" lon="-123.22592"><ele>0.0</ele></trkpt><trkpt lat="48.68974" lon="-123.22517"><ele>0.0</ele></trkpt><trkpt lat="48.68982" lon="-123.22461"><ele>0.0</ele></trkpt><trkpt lat="48.689865" lon="-123.223915"><ele>0.0</ele></trkpt><trkpt lat="48.6899" lon="-123.222725"><ele>0.0</ele></trkpt><trkpt lat="48.689926" lon="-123.22227"><ele>0.0</ele></trkpt><trkpt lat="48.689907" lon="-123.21956"><ele>0.0</ele></trkpt><trkpt lat="48.68999" lon="-123.218124"><ele>0.0</ele></trkpt><trkpt lat="48.690086" lon="-123.21739"><ele>0.0</ele></trkpt><trkpt lat="48.690113" lon="-123.2169"><ele>0.0</ele></trkpt><trkpt lat="48.690166" lon="-123.21638"><ele>0.0</ele></trkpt><trkpt lat="48.69017" lon="-123.21587"><ele>0.0</ele></trkpt><trkpt lat="48.69013" lon="-123.2154"><ele>0.0</ele></trkpt><trkpt lat="48.690063" lon="-123.21495"><ele>0.0</ele></trkpt><trkpt lat="48.690018" lon="-123.21452"><ele>0.0</ele></trkpt><trkpt lat="48.689983" lon="-123.21403"><ele>0.0</ele></trkpt><trkpt lat="48.689507" lon="-123.2111"><ele>0.0</ele></trkpt><trkpt lat="48.689243" lon="-123.20907"><ele>0.0</ele></trkpt><trkpt lat="48.688915" lon="-123.20708"><ele>0.0</ele></trkpt><trkpt lat="48.68877" lon="-123.20653"><ele>0.0</ele></trkpt><trkpt lat="48.68856" lon="-123.20605"><ele>0.0</ele></trkpt><trkpt lat="48.688293" lon="-123.20552"><ele>1.8083366509526968</ele></trkpt><trkpt lat="48.688183" lon="-123.205124"><ele>0.0</ele></trkpt><trkpt lat="48.688198" lon="-123.20486"><ele>0.0</ele></trkpt><trkpt lat="48.688023" lon="-123.204506"><ele>0.0</ele></trkpt><trkpt lat="48.68702" lon="-123.203415"><ele>0.0</ele></trkpt><trkpt lat="48.685787" lon="-123.20234"><ele>0.0</ele></trkpt><trkpt lat="48.685543" lon="-123.20228"><ele>0.0</ele></trkpt><trkpt lat="48.685257" lon="-123.202324"><ele>0.0</ele></trkpt><trkpt lat="48.685127" lon="-123.20243"><ele>0.0</ele></trkpt><trkpt lat="48.68507" lon="-123.20272"><ele>0.0</ele></trkpt><trkpt lat="48.68506" lon="-123.20327"><ele>0.0</ele></trkpt><trkpt lat="48.684982" lon="-123.20389"><ele>0.0</ele></trkpt><trkpt lat="48.684788" lon="-123.2048"><ele>0.0</ele></trkpt><trkpt lat="48.684677" lon="-123.205864"><ele>0.0</ele></trkpt><trkpt lat="48.684616" lon="-123.20669"><ele>0.0</ele></trkpt><trkpt lat="48.684536" lon="-123.20709"><ele>0.0</ele></trkpt><trkpt lat="48.6845" lon="-123.20754"><ele>0.0</ele></trkpt><trkpt lat="48.684544" lon="-123.20825"><ele>0.0</ele></trkpt><trkpt lat="48.684734" lon="-123.209274"><ele>2.80357316854877</ele></trkpt><trkpt lat="48.68475" lon="-123.20931"><ele>3.0</ele></trkpt><trkpt lat="48.684776" lon="-123.20929"><ele>3.0</ele></trkpt><trkpt lat="48.68476" lon="-123.20931"><ele>3.0</ele></trkpt><trkpt lat="48.68474" lon="-123.2093"><ele>3.0</ele></trkpt><trkpt lat="48.684746" lon="-123.20929"><ele>3.0</ele></trkpt><trkpt lat="48.684734" lon="-123.209305"><ele>2.954421678557992</ele></trkpt><trkpt lat="48.684746" lon="-123.20932"><ele>3.0</ele></trkpt><trkpt lat="48.68471" lon="-123.209145"><ele>1.0</ele></trkpt><trkpt lat="48.684483" lon="-123.20888"><ele>0.0</ele></trkpt><trkpt lat="48.68423" lon="-123.20826"><ele>0.0</ele></trkpt><trkpt lat="48.68392" lon="-123.2074"><ele>0.0</ele></trkpt><trkpt lat="48.68384" lon="-123.2071"><ele>0.0</ele></trkpt><trkpt lat="48.683605" lon="-123.20667"><ele>0.0</ele></trkpt><trkpt lat="48.683342" lon="-123.206245"><ele>0.0</ele></trkpt><trkpt lat="48.683105" lon="-123.205826"><ele>0.0</ele></trkpt><trkpt lat="48.68266" lon="-123.20491"><ele>0.0</ele></trkpt><trkpt lat="48.682407" lon="-123.204506"><ele>0.0</ele></trkpt><trkpt lat="48.682083" lon="-123.20427"><ele>0.0</ele></trkpt><trkpt lat="48.681496" lon="-123.20347"><ele>0.0</ele></trkpt><trkpt lat="48.680916" lon="-123.202644"><ele>0.0</ele></trkpt><trkpt lat="48.68065" lon="-123.202194"><ele>0.0</ele></trkpt><trkpt lat="48.680492" lon="-123.20184"><ele>0.0</ele></trkpt><trkpt lat="48.679974" lon="-123.20102"><ele>0.0</ele></trkpt><trkpt lat="48.67964" lon="-123.20064"><ele>0.0</ele></trkpt><trkpt lat="48.679356" lon="-123.20024"><ele>0.0</ele></trkpt><trkpt lat="48.679043" lon="-123.19992"><ele>0.0</ele></trkpt><trkpt lat="48.678722" lon="-123.19963"><ele>0.0</ele></trkpt><trkpt lat="48.678318" lon="-123.19962"><ele>0.9195663705468178</ele></trkpt><trkpt lat="48.678246" lon="-123.19956"><ele>1.273471999913454</ele></trkpt><trkpt lat="48.678204" lon="-123.19962"><ele>4.931491907685995</ele></trkpt><trkpt lat="48.678135" lon="-123.19962"><ele>7.0</ele></trkpt><trkpt lat="48.67814" lon="-123.19965"><ele>7.33104000100866</ele></trkpt><trkpt lat="48.678146" lon="-123.19963"><ele>7.0</ele></trkpt><trkpt lat="48.67817" lon="-123.19969"><ele>7.0</ele></trkpt><trkpt lat="48.678177" lon="-123.19963"><ele>5.0</ele></trkpt><trkpt lat="48.678154" lon="-123.19962"><ele>5.989532686769962</ele></trkpt><trkpt lat="48.67816" lon="-123.1996"><ele>5.142568163573742</ele></trkpt><trkpt lat="48.678146" lon="-123.1996"><ele>7.0</ele></trkpt><trkpt lat="48.67816" lon="-123.199646"><ele>5.421511574928047</ele></trkpt><trkpt lat="48.678158" lon="-123.199615"><ele>5.42488968372345</ele></trkpt><trkpt lat="48.67821" lon="-123.19967"><ele>5.626789813861251</ele></trkpt><trkpt lat="48.6782" lon="-123.19965"><ele>5.662080002017319</ele></trkpt><trkpt lat="48.67819" lon="-123.19967"><ele>7.0</ele></trkpt><trkpt lat="48.678185" lon="-123.199646"><ele>5.289252977818251</ele></trkpt><trkpt lat="48.678196" lon="-123.19965"><ele>5.662080002017319</ele></trkpt><trkpt lat="48.678196" lon="-123.19962"><ele>5.0</ele></trkpt><trkpt lat="48.6782" lon="-123.19964"><ele>5.0</ele></trkpt><trkpt lat="48.678238" lon="-123.1996"><ele>3.0</ele></trkpt><trkpt lat="48.678226" lon="-123.19959"><ele>3.0</ele></trkpt><trkpt lat="48.678085" lon="-123.19923"><ele>2.515242666937411</ele></trkpt><trkpt lat="48.677895" lon="-123.199165"><ele>2.0</ele></trkpt><trkpt lat="48.677612" lon="-123.199165"><ele>0.0</ele></trkpt><trkpt lat="48.677353" lon="-123.199135"><ele>0.33030044427141547</ele></trkpt><trkpt lat="48.677166" lon="-123.199066"><ele>3.0</ele></trkpt><trkpt lat="48.677048" lon="-123.19906"><ele>6.835047110915184</ele></trkpt><trkpt lat="48.677036" lon="-123.199104"><ele>7.0</ele></trkpt><trkpt lat="48.677074" lon="-123.19923"><ele>9.410689315107408</ele></trkpt><trkpt lat="48.677055" lon="-123.19922"><ele>9.291587555315346</ele></trkpt><trkpt lat="48.67715" lon="-123.199326"><ele>9.0</ele></trkpt><trkpt lat="48.67711" lon="-123.19918"><ele>7.0</ele></trkpt><trkpt lat="48.677116" lon="-123.19922"><ele>7.583175110630691</ele></trkpt><trkpt lat="48.67707" lon="-123.19917"><ele>9.0</ele></trkpt><trkpt lat="48.67711" lon="-123.19918"><ele>7.0</ele></trkpt><trkpt lat="48.67713" lon="-123.19916"><ele>6.536666914820671</ele></trkpt><trkpt lat="48.67715" lon="-123.19919"><ele>5.0</ele></trkpt><trkpt lat="48.677143" lon="-123.19916"><ele>5.0</ele></trkpt><trkpt lat="48.677082" lon="-123.19909"><ele>5.312241740524769</ele></trkpt><trkpt lat="48.67688" lon="-123.19904"><ele>10.0</ele></trkpt><trkpt lat="48.67669" lon="-123.19916"><ele>14.0</ele></trkpt><trkpt lat="48.676598" lon="-123.19924"><ele>16.0</ele></trkpt><trkpt lat="48.676575" lon="-123.19938"><ele>17.0</ele></trkpt><trkpt lat="48.676647" lon="-123.19951"><ele>19.0</ele></trkpt><trkpt lat="48.67668" lon="-123.19969"><ele>22.0</ele></trkpt><trkpt lat="48.67676" lon="-123.19979"><ele>22.0</ele></trkpt><trkpt lat="48.676765" lon="-123.19982"><ele>22.507228445261717</ele></trkpt><trkpt lat="48.6767" lon="-123.19999"><ele>26.352376889437437</ele></trkpt><trkpt lat="48.676792" lon="-123.20001"><ele>26.623934485018253</ele></trkpt><trkpt lat="48.67677" lon="-123.19992"><ele>25.827904000878334</ele></trkpt><trkpt lat="48.67678" lon="-123.19988"><ele>24.0</ele></trkpt><trkpt lat="48.676823" lon="-123.19989"><ele>23.0</ele></trkpt></trkseg></trk><trk><name>2018-06-30 15:12:23</name><extensions><gpxx:TrackExtension><gpxx:DisplayColor>Red</gpxx:DisplayColor></gpxx:TrackExtension></extensions><trkseg><trkpt lat="48.71365" lon="-122.90923"><ele>4.0</ele></trkpt><trkpt lat="48.71371" lon="-122.90928"><ele>4.0</ele></trkpt><trkpt lat="48.713974" lon="-122.90931"><ele>0.40635496750473976</ele></trkpt><trkpt lat="48.713966" lon="-122.90933"><ele>0.9713998064398766</ele></trkpt><trkpt lat="48.714024" lon="-122.90933"><ele>0.0</ele></trkpt><trkpt lat="48.714073" lon="-122.90928"><ele>0.0</ele></trkpt><trkpt lat="48.714188" lon="-122.90924"><ele>0.0</ele></trkpt><trkpt lat="48.71426" lon="-122.909195"><ele>0.0</ele></trkpt><trkpt lat="48.71436" lon="-122.909065"><ele>0.7812988506461465</ele></trkpt><trkpt lat="48.714466" lon="-122.909096"><ele>0.16060979363537906</ele></trkpt><trkpt lat="48.71463" lon="-122.90934"><ele>0.07237250916659832</ele></trkpt><trkpt lat="48.714737" lon="-122.90967"><ele>0.3476272919369471</ele></trkpt><trkpt lat="48.714806" lon="-122.909676"><ele>0.0</ele></trkpt><trkpt lat="48.71487" lon="-122.909744"><ele>0.0</ele></trkpt><trkpt lat="48.71492" lon="-122.91026"><ele>0.0</ele></trkpt><trkpt lat="48.714973" lon="-122.91149"><ele>0.0</ele></trkpt><trkpt lat="48.71496" lon="-122.91199"><ele>0.0</ele></trkpt><trkpt lat="48.714912" lon="-122.91257"><ele>0.0</ele></trkpt><trkpt lat="48.714886" lon="-122.91317"><ele>0.0</ele></trkpt><trkpt lat="48.71488" lon="-122.91414"><ele>0.0</ele></trkpt><trkpt lat="48.714848" lon="-122.91513"><ele>0.0</ele></trkpt><trkpt lat="48.714855" lon="-122.91569"><ele>0.0</ele></trkpt><trkpt lat="48.714878" lon="-122.91599"><ele>0.0</ele></trkpt><trkpt lat="48.71485" lon="-122.91637"><ele>0.0</ele></trkpt><trkpt lat="48.71498" lon="-122.91715"><ele>0.0</ele></trkpt><trkpt lat="48.714996" lon="-122.9176"><ele>0.0</ele></trkpt><trkpt lat="48.714985" lon="-122.91806"><ele>0.0</ele></trkpt><trkpt lat="48.714878" lon="-122.919975"><ele>0.0</ele></trkpt><trkpt lat="48.714867" lon="-122.9216"><ele>0.0</ele></trkpt><trkpt lat="48.714855" lon="-122.92196"><ele>0.0</ele></trkpt><trkpt lat="48.714893" lon="-122.92231"><ele>0.0</ele></trkpt><trkpt lat="48.714954" lon="-122.923164"><ele>0.0</ele></trkpt><trkpt lat="48.71502" lon="-122.92359"><ele>0.0</ele></trkpt><trkpt lat="48.715145" lon="-122.92505"><ele>0.0</ele></trkpt><trkpt lat="48.715244" lon="-122.92643"><ele>0.0</ele></trkpt><trkpt lat="48.71531" lon="-122.92689"><ele>0.0</ele></trkpt><trkpt lat="48.715343" lon="-122.92732"><ele>0.0</ele></trkpt><trkpt lat="48.715397" lon="-122.92778"><ele>0.0</ele></trkpt><trkpt lat="48.71541" lon="-122.92826"><ele>0.0</ele></trkpt><trkpt lat="48.715515" lon="-122.92931"><ele>0.0</ele></trkpt><trkpt lat="48.715607" lon="-122.93043"><ele>0.0</ele></trkpt><trkpt lat="48.715733" lon="-122.93144"><ele>0.0</ele></trkpt><trkpt lat="48.7158" lon="-122.93251"><ele>0.0</ele></trkpt><trkpt lat="48.715775" lon="-122.93309"><ele>0.0</ele></trkpt><trkpt lat="48.715786" lon="-122.93489"><ele>0.0</ele></trkpt><trkpt lat="48.71574" lon="-122.935974"><ele>0.0</ele></trkpt><trkpt lat="48.715733" lon="-122.93647"><ele>0.0</ele></trkpt><trkpt lat="48.715763" lon="-122.937004"><ele>0.0</ele></trkpt><trkpt lat="48.71565" lon="-122.938446"><ele>0.0</ele></trkpt><trkpt lat="48.715454" lon="-122.93987"><ele>0.0</ele></trkpt><trkpt lat="48.715412" lon="-122.940384"><ele>0.0</ele></trkpt><trkpt lat="48.71539" lon="-122.94084"><ele>0.0</ele></trkpt><trkpt lat="48.715393" lon="-122.94135"><ele>0.0</ele></trkpt><trkpt lat="48.715374" lon="-122.94193"><ele>0.0</ele></trkpt><trkpt lat="48.715294" lon="-122.943054"><ele>0.0</ele></trkpt><trkpt lat="48.71525" lon="-122.943565"><ele>0.0</ele></trkpt><trkpt lat="48.715126" lon="-122.94419"><ele>0.0</ele></trkpt><trkpt lat="48.71506" lon="-122.9447"><ele>0.0</ele></trkpt><trkpt lat="48.71488" lon="-122.94553"><ele>0.0</ele></trkpt><trkpt lat="48.714577" lon="-122.947075"><ele>0.0</ele></trkpt><trkpt lat="48.71443" lon="-122.94765"><ele>0.0</ele></trkpt><trkpt lat="48.71429" lon="-122.9483"><ele>0.0</ele></trkpt><trkpt lat="48.714096" lon="-122.94942"><ele>0.0</ele></trkpt><trkpt lat="48.713562" lon="-122.95089"><ele>0.0</ele></trkpt><trkpt lat="48.7133" lon="-122.9514"><ele>0.0</ele></trkpt><trkpt lat="48.71285" lon="-122.95222"><ele>0.0</ele></trkpt><trkpt lat="48.712593" lon="-122.95273"><ele>0.0</ele></trkpt><trkpt lat="48.712395" lon="-122.95296"><ele>0.0</ele></trkpt><trkpt lat="48.712067" lon="-122.95342"><ele>0.0</ele></trkpt><trkpt lat="48.711273" lon="-122.95429"><ele>0.0</ele></trkpt><trkpt lat="48.71033" lon="-122.95521"><ele>0.0</ele></trkpt><trkpt lat="48.71008" lon="-122.95549"><ele>0.0</ele></trkpt><trkpt lat="48.709705" lon="-122.95599"><ele>0.0</ele></trkpt><trkpt lat="48.709484" lon="-122.95625"><ele>0.0</ele></trkpt><trkpt lat="48.70917" lon="-122.95655"><ele>0.0</ele></trkpt><trkpt lat="48.708977" lon="-122.95683"><ele>0.0</ele></trkpt><trkpt lat="48.708714" lon="-122.95729"><ele>0.0</ele></trkpt><trkpt lat="48.708492" lon="-122.95763"><ele>0.0</ele></trkpt><trkpt lat="48.70826" lon="-122.957954"><ele>0.0</ele></trkpt><trkpt lat="48.708015" lon="-122.95827"><ele>0.0</ele></trkpt><trkpt lat="48.707058" lon="-122.959625"><ele>0.0</ele></trkpt><trkpt lat="48.706573" lon="-122.960144"><ele>0.0</ele></trkpt><trkpt lat="48.706154" lon="-122.96076"><ele>0.0</ele></trkpt><trkpt lat="48.70569" lon="-122.96126"><ele>0.0</ele></trkpt><trkpt lat="48.705578" lon="-122.96143"><ele>0.0</ele></trkpt><trkpt lat="48.70537" lon="-122.961685"><ele>0.0</ele></trkpt><trkpt lat="48.70512" lon="-122.961914"><ele>0.0</ele></trkpt><trkpt lat="48.70485" lon="-122.96208"><ele>0.0</ele></trkpt><trkpt lat="48.703957" lon="-122.962715"><ele>0.0</ele></trkpt><trkpt lat="48.70369" lon="-122.96283"><ele>0.0</ele></trkpt><trkpt lat="48.70345" lon="-122.9629"><ele>0.0</ele></trkpt><trkpt lat="48.70319" lon="-122.96303"><ele>0.0</ele></trkpt><trkpt lat="48.7027" lon="-122.96323"><ele>0.0</ele></trkpt><trkpt lat="48.70163" lon="-122.9635"><ele>0.0</ele></trkpt><trkpt lat="48.70135" lon="-122.963646"><ele>0.0</ele></trkpt><trkpt lat="48.700825" lon="-122.96405"><ele>0.0</ele></trkpt><trkpt lat="48.700375" lon="-122.96419"><ele>0.0</ele></trkpt><trkpt lat="48.700165" lon="-122.964294"><ele>0.0</ele></trkpt><trkpt lat="48.699844" lon="-122.964386"><ele>0.0</ele></trkpt><trkpt lat="48.69968" lon="-122.96441"><ele>0.0</ele></trkpt><trkpt lat="48.699448" lon="-122.964516"><ele>0.0</ele></trkpt><trkpt lat="48.698902" lon="-122.964615"><ele>0.0</ele></trkpt><trkpt lat="48.698246" lon="-122.96462"><ele>0.0</ele></trkpt><trkpt lat="48.69805" lon="-122.96459"><ele>0.0</ele></trkpt><trkpt lat="48.697807" lon="-122.96441"><ele>0.0</ele></trkpt><trkpt lat="48.697346" lon="-122.96426"><ele>0.0</ele></trkpt><trkpt lat="48.697037" lon="-122.96406"><ele>0.0</ele></trkpt><trkpt lat="48.696827" lon="-122.96398"><ele>0.0</ele></trkpt><trkpt lat="48.696842" lon="-122.963524"><ele>0.0</ele></trkpt><trkpt lat="48.69677" lon="-122.9635"><ele>0.0</ele></trkpt><trkpt lat="48.696648" lon="-122.96326"><ele>0.0</ele></trkpt><trkpt lat="48.696636" lon="-122.96294"><ele>0.0</ele></trkpt><trkpt lat="48.69666" lon="-122.96262"><ele>0.0</ele></trkpt><trkpt lat="48.696716" lon="-122.96206"><ele>0.0</ele></trkpt><trkpt lat="48.69679" lon="-122.961624"><ele>0.0</ele></trkpt><trkpt lat="48.696655" lon="-122.961395"><ele>0.0</ele></trkpt><trkpt lat="48.69632" lon="-122.96124"><ele>0.0</ele></trkpt><trkpt lat="48.696148" lon="-122.961205"><ele>0.0</ele></trkpt><trkpt lat="48.696026" lon="-122.96106"><ele>0.0</ele></trkpt><trkpt lat="48.695786" lon="-122.960915"><ele>0.0</ele></trkpt><trkpt lat="48.69527" lon="-122.96092"><ele>0.0</ele></trkpt><trkpt lat="48.694862" lon="-122.96103"><ele>0.0</ele></trkpt><trkpt lat="48.694706" lon="-122.96104"><ele>0.0</ele></trkpt><trkpt lat="48.69463" lon="-122.96097"><ele>0.0</ele></trkpt><trkpt lat="48.69427" lon="-122.961205"><ele>0.0</ele></trkpt><trkpt lat="48.69411" lon="-122.96119"><ele>0.0</ele></trkpt><trkpt lat="48.69392" lon="-122.96114"><ele>0.0</ele></trkpt><trkpt lat="48.693726" lon="-122.96123"><ele>0.0</ele></trkpt><trkpt lat="48.693592" lon="-122.96136"><ele>0.0</ele></trkpt><trkpt lat="48.693497" lon="-122.96149"><ele>0.0</ele></trkpt><trkpt lat="48.693295" lon="-122.96162"><ele>0.0</ele></trkpt><trkpt lat="48.69312" lon="-122.96169"><ele>0.0</ele></trkpt><trkpt lat="48.69285" lon="-122.96191"><ele>0.0</ele></trkpt><trkpt lat="48.692707" lon="-122.96195"><ele>0.0</ele></trkpt><trkpt lat="48.692604" lon="-122.962105"><ele>0.0</ele></trkpt><trkpt lat="48.69246" lon="-122.96223"><ele>0.0</ele></trkpt><trkpt lat="48.692345" lon="-122.96255"><ele>0.0</ele></trkpt><trkpt lat="48.692184" lon="-122.96276"><ele>0.0</ele></trkpt><trkpt lat="48.69166" lon="-122.96327"><ele>0.0</ele></trkpt><trkpt lat="48.691536" lon="-122.96344"><ele>0.0</ele></trkpt><trkpt lat="48.691456" lon="-122.96367"><ele>0.0</ele></trkpt><trkpt lat="48.69137" lon="-122.96401"><ele>0.0</ele></trkpt><trkpt lat="48.69126" lon="-122.9646"><ele>0.0</ele></trkpt><trkpt lat="48.69091" lon="-122.96566"><ele>0.0</ele></trkpt><trkpt lat="48.69083" lon="-122.96579"><ele>0.0</ele></trkpt><trkpt lat="48.690033" lon="-122.96622"><ele>0.0</ele></trkpt><trkpt lat="48.689888" lon="-122.96634"><ele>0.0</ele></trkpt><trkpt lat="48.68968" lon="-122.96647"><ele>0.0</ele></trkpt><trkpt lat="48.68942" lon="-122.96653"><ele>0.0</ele></trkpt><trkpt lat="48.68916" lon="-122.966675"><ele>0.0</ele></trkpt><trkpt lat="48.68894" lon="-122.96684"><ele>0.0</ele></trkpt><trkpt lat="48.688732" lon="-122.9669"><ele>0.0</ele></trkpt><trkpt lat="48.688488" lon="-122.96691"><ele>0.0</ele></trkpt><trkpt lat="48.688267" lon="-122.96702"><ele>0.0</ele></trkpt><trkpt lat="48.68806" lon="-122.96715"><ele>0.0</ele></trkpt><trkpt lat="48.687847" lon="-122.96735"><ele>0.0</ele></trkpt><trkpt lat="48.6872" lon="-122.967804"><ele>0.0</ele></trkpt><trkpt lat="48.68693" lon="-122.96786"><ele>0.0</ele></trkpt><trkpt lat="48.686672" lon="-122.967834"><ele>0.0</ele></trkpt><trkpt lat="48.68643" lon="-122.96791"><ele>0.0</ele></trkpt><trkpt lat="48.686222" lon="-122.96803"><ele>0.0</ele></trkpt><trkpt lat="48.68598" lon="-122.96805"><ele>0.0</ele></trkpt><trkpt lat="48.685722" lon="-122.968"><ele>0.0</ele></trkpt><trkpt lat="48.685482" lon="-122.96801"><ele>0.0</ele></trkpt><trkpt lat="48.68523" lon="-122.96806"><ele>0.0</ele></trkpt><trkpt lat="48.684956" lon="-122.96814"><ele>0.0</ele></trkpt><trkpt lat="48.684116" lon="-122.96863"><ele>0.0</ele></trkpt><trkpt lat="48.683926" lon="-122.968765"><ele>0.0</ele></trkpt><trkpt lat="48.68373" lon="-122.96905"><ele>0.0</ele></trkpt><trkpt lat="48.683712" lon="-122.96917"><ele>0.0</ele></trkpt><trkpt lat="48.683628" lon="-122.96931"><ele>0.0</ele></trkpt><trkpt lat="48.68309" lon="-122.96979"><ele>0.0</ele></trkpt><trkpt lat="48.682938" lon="-122.97"><ele>0.0</ele></trkpt><trkpt lat="48.682693" lon="-122.97048"><ele>0.0</ele></trkpt><trkpt lat="48.682533" lon="-122.97068"><ele>0.0</ele></trkpt><trkpt lat="48.682323" lon="-122.970856"><ele>0.0</ele></trkpt><trkpt lat="48.682163" lon="-122.97103"><ele>0.0</ele></trkpt><trkpt lat="48.681953" lon="-122.971214"><ele>0.0</ele></trkpt><trkpt lat="48.681778" lon="-122.9714"><ele>0.0</ele></trkpt><trkpt lat="48.681488" lon="-122.97187"><ele>0.0</ele></trkpt><trkpt lat="48.6812" lon="-122.9723"><ele>1.0</ele></trkpt><trkpt lat="48.681046" lon="-122.972466"><ele>1.0</ele></trkpt><trkpt lat="48.680927" lon="-122.97263"><ele>1.0</ele></trkpt><trkpt lat="48.6808" lon="-122.972755"><ele>1.0</ele></trkpt><trkpt lat="48.68049" lon="-122.97322"><ele>1.0</ele></trkpt><trkpt lat="48.680386" lon="-122.9735"><ele>1.0</ele></trkpt><trkpt lat="48.68032" lon="-122.97375"><ele>1.0</ele></trkpt><trkpt lat="48.680073" lon="-122.974304"><ele>1.0</ele></trkpt><trkpt lat="48.67978" lon="-122.97484"><ele>1.0</ele></trkpt><trkpt lat="48.67942" lon="-122.975555"><ele>1.0</ele></trkpt><trkpt lat="48.679028" lon="-122.97641"><ele>1.0</ele></trkpt><trkpt lat="48.678795" lon="-122.97685"><ele>1.0</ele></trkpt><trkpt lat="48.678444" lon="-122.97762"><ele>1.0</ele></trkpt><trkpt lat="48.67808" lon="-122.97835"><ele>1.0</ele></trkpt><trkpt lat="48.6779" lon="-122.97901"><ele>1.0</ele></trkpt><trkpt lat="48.677753" lon="-122.979385"><ele>1.0</ele></trkpt><trkpt lat="48.67759" lon="-122.979675"><ele>1.0</ele></trkpt><trkpt lat="48.67746" lon="-122.98004"><ele>1.3990193110305489</ele></trkpt><trkpt lat="48.676888" lon="-122.981"><ele>1.4263092813382976</ele></trkpt><trkpt lat="48.676704" lon="-122.98138"><ele>1.9650223786198997</ele></trkpt><trkpt lat="48.67636" lon="-122.98191"><ele>1.9115626667626202</ele></trkpt><trkpt lat="48.676174" lon="-122.98226"><ele>2.0</ele></trkpt><trkpt lat="48.675797" lon="-122.98289"><ele>2.0</ele></trkpt><trkpt lat="48.67561" lon="-122.98327"><ele>2.0</ele></trkpt><trkpt lat="48.675144" lon="-122.9841"><ele>1.0</ele></trkpt><trkpt lat="48.674953" lon="-122.98457"><ele>1.0</ele></trkpt><trkpt lat="48.674778" lon="-122.984924"><ele>2.0</ele></trkpt><trkpt lat="48.67457" lon="-122.985405"><ele>2.0</ele></trkpt><trkpt lat="48.674305" lon="-122.985886"><ele>2.0</ele></trkpt><trkpt lat="48.67409" lon="-122.98621"><ele>2.0</ele></trkpt><trkpt lat="48.67371" lon="-122.98629"><ele>2.0</ele></trkpt><trkpt lat="48.673466" lon="-122.98641"><ele>0.0</ele></trkpt><trkpt lat="48.673138" lon="-122.98671"><ele>0.0</ele></trkpt><trkpt lat="48.672764" lon="-122.98724"><ele>0.0</ele></trkpt><trkpt lat="48.672695" lon="-122.987465"><ele>0.0</ele></trkpt><trkpt lat="48.67245" lon="-122.987625"><ele>0.0</ele></trkpt><trkpt lat="48.67197" lon="-122.98814"><ele>0.0</ele></trkpt><trkpt lat="48.671307" lon="-122.988785"><ele>0.0</ele></trkpt><trkpt lat="48.670826" lon="-122.989334"><ele>0.0</ele></trkpt><trkpt lat="48.67062" lon="-122.98944"><ele>0.0</ele></trkpt><trkpt lat="48.67022" lon="-122.98946"><ele>0.0</ele></trkpt><trkpt lat="48.670147" lon="-122.9897"><ele>0.0</ele></trkpt><trkpt lat="48.669964" lon="-122.99004"><ele>0.0</ele></trkpt><trkpt lat="48.669582" lon="-122.99053"><ele>0.0</ele></trkpt><trkpt lat="48.669563" lon="-122.99064"><ele>0.0</ele></trkpt><trkpt lat="48.66933" lon="-122.990974"><ele>0.0</ele></trkpt><trkpt lat="48.669075" lon="-122.99123"><ele>0.0</ele></trkpt><trkpt lat="48.668793" lon="-122.991455"><ele>0.0</ele></trkpt><trkpt lat="48.668537" lon="-122.99163"><ele>0.0</ele></trkpt><trkpt lat="48.66823" lon="-122.99195"><ele>0.0</ele></trkpt><trkpt lat="48.667645" lon="-122.99275"><ele>0.0</ele></trkpt><trkpt lat="48.667385" lon="-122.99313"><ele>0.0</ele></trkpt><trkpt lat="48.66654" lon="-122.99451"><ele>0.0</ele></trkpt><trkpt lat="48.666286" lon="-122.995"><ele>0.0</ele></trkpt><trkpt lat="48.666027" lon="-122.995445"><ele>0.0</ele></trkpt><trkpt lat="48.665764" lon="-122.99586"><ele>0.0</ele></trkpt><trkpt lat="48.665497" lon="-122.99622"><ele>0.0</ele></trkpt><trkpt lat="48.66532" lon="-122.996544"><ele>0.0</ele></trkpt><trkpt lat="48.66515" lon="-122.996796"><ele>0.0</ele></trkpt><trkpt lat="48.664566" lon="-122.99746"><ele>2.0</ele></trkpt><trkpt lat="48.664215" lon="-122.9978"><ele>0.0</ele></trkpt><trkpt lat="48.66382" lon="-122.99807"><ele>0.0</ele></trkpt><trkpt lat="48.663456" lon="-122.99826"><ele>0.0</ele></trkpt><trkpt lat="48.663113" lon="-122.99852"><ele>0.0</ele></trkpt><trkpt lat="48.662815" lon="-122.998795"><ele>0.0</ele></trkpt><trkpt lat="48.6624" lon="-122.99925"><ele>0.0</ele></trkpt><trkpt lat="48.66171" lon="-122.999916"><ele>0.0</ele></trkpt><trkpt lat="48.66136" lon="-123.000305"><ele>2.0</ele></trkpt><trkpt lat="48.661064" lon="-123.000694"><ele>2.0</ele></trkpt><trkpt lat="48.6608" lon="-123.0012"><ele>2.0</ele></trkpt><trkpt lat="48.659756" lon="-123.00277"><ele>0.0</ele></trkpt><trkpt lat="48.65875" lon="-123.004524"><ele>2.0</ele></trkpt><trkpt lat="48.65811" lon="-123.005455"><ele>2.0</ele></trkpt><trkpt lat="48.657795" lon="-123.005806"><ele>2.0</ele></trkpt><trkpt lat="48.65742" lon="-123.006355"><ele>2.0</ele></trkpt><trkpt lat="48.65676" lon="-123.00742"><ele>2.0</ele></trkpt><trkpt lat="48.656452" lon="-123.00787"><ele>2.0</ele></trkpt><trkpt lat="48.6561" lon="-123.00855"><ele>2.0</ele></trkpt><trkpt lat="48.65552" lon="-123.00984"><ele>2.0</ele></trkpt><trkpt lat="48.655087" lon="-123.010475"><ele>2.0</ele></trkpt><trkpt lat="48.654697" lon="-123.01087"><ele>2.0</ele></trkpt><trkpt lat="48.65434" lon="-123.01119"><ele>2.0</ele></trkpt><trkpt lat="48.65397" lon="-123.01143"><ele>2.0</ele></trkpt><trkpt lat="48.653614" lon="-123.0116"><ele>2.0</ele></trkpt><trkpt lat="48.653347" lon="-123.01176"><ele>2.0</ele></trkpt><trkpt lat="48.652847" lon="-123.01212"><ele>2.0</ele></trkpt><trkpt lat="48.6525" lon="-123.012405"><ele>2.0</ele></trkpt><trkpt lat="48.652283" lon="-123.01266"><ele>2.0</ele></trkpt><trkpt lat="48.651768" lon="-123.01311"><ele>2.0</ele></trkpt><trkpt lat="48.65123" lon="-123.01348"><ele>2.0</ele></trkpt><trkpt lat="48.650417" lon="-123.013855"><ele>2.0</ele></trkpt><trkpt lat="48.650146" lon="-123.01408"><ele>2.0</ele></trkpt><trkpt lat="48.649574" lon="-123.01444"><ele>2.0</ele></trkpt><trkpt lat="48.64933" lon="-123.01464"><ele>2.0</ele></trkpt><trkpt lat="48.64906" lon="-123.014786"><ele>2.0</ele></trkpt><trkpt lat="48.648335" lon="-123.01503"><ele>2.0</ele></trkpt><trkpt lat="48.647728" lon="-123.01512"><ele>2.0</ele></trkpt><trkpt lat="48.647488" lon="-123.01518"><ele>2.0</ele></trkpt><trkpt lat="48.647118" lon="-123.015335"><ele>2.0</ele></trkpt><trkpt lat="48.64655" lon="-123.01552"><ele>2.0</ele></trkpt><trkpt lat="48.646088" lon="-123.01571"><ele>2.0</ele></trkpt><trkpt lat="48.645832" lon="-123.015686"><ele>2.0</ele></trkpt><trkpt lat="48.645588" lon="-123.01573"><ele>2.0</ele></trkpt><trkpt lat="48.645016" lon="-123.01597"><ele>2.0</ele></trkpt><trkpt lat="48.644768" lon="-123.01611"><ele>2.0</ele></trkpt><trkpt lat="48.644203" lon="-123.01656"><ele>0.0</ele></trkpt><trkpt lat="48.64394" lon="-123.016815"><ele>0.0</ele></trkpt><trkpt lat="48.643383" lon="-123.017204"><ele>0.0</ele></trkpt><trkpt lat="48.64305" lon="-123.01756"><ele>0.0</ele></trkpt><trkpt lat="48.64253" lon="-123.01829"><ele>0.0</ele></trkpt><trkpt lat="48.642303" lon="-123.01863"><ele>0.0</ele></trkpt><trkpt lat="48.642048" lon="-123.01892"><ele>0.0</ele></trkpt><trkpt lat="48.641724" lon="-123.01922"><ele>0.0</ele></trkpt><trkpt lat="48.641464" lon="-123.0195"><ele>0.0</ele></trkpt><trkpt lat="48.641205" lon="-123.01986"><ele>0.0</ele></trkpt><trkpt lat="48.640926" lon="-123.02018"><ele>0.0</ele></trkpt><trkpt lat="48.640614" lon="-123.02076"><ele>0.0</ele></trkpt><trkpt lat="48.640446" lon="-123.02096"><ele>0.0</ele></trkpt><trkpt lat="48.64026" lon="-123.02124"><ele>0.0</ele></trkpt><trkpt lat="48.64012" lon="-123.02153"><ele>0.0</ele></trkpt><trkpt lat="48.63982" lon="-123.022026"><ele>0.0</ele></trkpt><trkpt lat="48.639652" lon="-123.02252"><ele>0.0</ele></trkpt><trkpt lat="48.639473" lon="-123.02281"><ele>0.0</ele></trkpt><trkpt lat="48.639034" lon="-123.02364"><ele>0.0</ele></trkpt><trkpt lat="48.638844" lon="-123.02417"><ele>0.0</ele></trkpt><trkpt lat="48.638527" lon="-123.02492"><ele>0.0</ele></trkpt><trkpt lat="48.638447" lon="-123.02518"><ele>0.0</ele></trkpt><trkpt lat="48.638092" lon="-123.02555"><ele>0.0</ele></trkpt><trkpt lat="48.638004" lon="-123.02568"><ele>0.0</ele></trkpt><trkpt lat="48.63791" lon="-123.02573"><ele>0.0</ele></trkpt><trkpt lat="48.637802" lon="-123.02583"><ele>0.0</ele></trkpt><trkpt lat="48.637634" lon="-123.02595"><ele>0.0</ele></trkpt><trkpt lat="48.637527" lon="-123.02609"><ele>0.0</ele></trkpt><trkpt lat="48.637447" lon="-123.02629"><ele>0.0</ele></trkpt><trkpt lat="48.63739" lon="-123.02654"><ele>0.0</ele></trkpt><trkpt lat="48.637306" lon="-123.02653"><ele>0.0</ele></trkpt><trkpt lat="48.63718" lon="-123.0266"><ele>0.0</ele></trkpt><trkpt lat="48.63703" lon="-123.02662"><ele>0.0</ele></trkpt><trkpt lat="48.636913" lon="-123.026764"><ele>0.0</ele></trkpt><trkpt lat="48.637005" lon="-123.02676"><ele>0.0</ele></trkpt><trkpt lat="48.636986" lon="-123.0268"><ele>0.0</ele></trkpt><trkpt lat="48.636852" lon="-123.02673"><ele>0.0</ele></trkpt><trkpt lat="48.63663" lon="-123.026825"><ele>0.0</ele></trkpt><trkpt lat="48.63648" lon="-123.026955"><ele>0.0</ele></trkpt><trkpt lat="48.636353" lon="-123.02701"><ele>0.0</ele></trkpt><trkpt lat="48.635906" lon="-123.02732"><ele>0.0</ele></trkpt><trkpt lat="48.635548" lon="-123.027336"><ele>0.0</ele></trkpt><trkpt lat="48.635384" lon="-123.02741"><ele>0.0</ele></trkpt><trkpt lat="48.635292" lon="-123.0275"><ele>0.0</ele></trkpt><trkpt lat="48.63496" lon="-123.0277"><ele>0.0</ele></trkpt><trkpt lat="48.63487" lon="-123.027824"><ele>0.0</ele></trkpt><trkpt lat="48.634823" lon="-123.02796"><ele>0.0</ele></trkpt><trkpt lat="48.634823" lon="-123.027916"><ele>0.0</ele></trkpt><trkpt lat="48.63467" lon="-123.02801"><ele>0.0</ele></trkpt><trkpt lat="48.63455" lon="-123.02819"><ele>0.0</ele></trkpt><trkpt lat="48.63434" lon="-123.02838"><ele>0.0</ele></trkpt><trkpt lat="48.6342" lon="-123.02845"><ele>0.0</ele></trkpt><trkpt lat="48.634083" lon="-123.02857"><ele>0.0</ele></trkpt><trkpt lat="48.63388" lon="-123.02883"><ele>0.0</ele></trkpt><trkpt lat="48.6337" lon="-123.02896"><ele>0.0</ele></trkpt><trkpt lat="48.63312" lon="-123.02944"><ele>0.0</ele></trkpt><trkpt lat="48.632896" lon="-123.02958"><ele>0.0</ele></trkpt><trkpt lat="48.632618" lon="-123.02967"><ele>0.0</ele></trkpt><trkpt lat="48.632168" lon="-123.0299"><ele>0.0</ele></trkpt><trkpt lat="48.63196" lon="-123.030075"><ele>0.0</ele></trkpt><trkpt lat="48.631382" lon="-123.030205"><ele>0.0</ele></trkpt><trkpt lat="48.631214" lon="-123.03034"><ele>1.990408357232809</ele></trkpt><trkpt lat="48.63107" lon="-123.0305"><ele>2.0</ele></trkpt><trkpt lat="48.630856" lon="-123.03053"><ele>2.0</ele></trkpt><trkpt lat="48.630703" lon="-123.030594"><ele>2.0</ele></trkpt><trkpt lat="48.63045" lon="-123.030655"><ele>2.0</ele></trkpt><trkpt lat="48.630222" lon="-123.03076"><ele>2.0</ele></trkpt><trkpt lat="48.629623" lon="-123.03091"><ele>2.0</ele></trkpt><trkpt lat="48.62946" lon="-123.03086"><ele>2.0</ele></trkpt><trkpt lat="48.62924" lon="-123.03097"><ele>2.0</ele></trkpt><trkpt lat="48.628815" lon="-123.03097"><ele>2.0</ele></trkpt><trkpt lat="48.628574" lon="-123.03108"><ele>2.0</ele></trkpt><trkpt lat="48.628" lon="-123.03118"><ele>1.8800284434109926</ele></trkpt><trkpt lat="48.627537" lon="-123.031166"><ele>2.0</ele></trkpt><trkpt lat="48.6265" lon="-123.031395"><ele>0.0</ele></trkpt><trkpt lat="48.626465" lon="-123.03147"><ele>0.0</ele></trkpt><trkpt lat="48.62644" lon="-123.031815"><ele>0.0</ele></trkpt><trkpt lat="48.626396" lon="-123.03181"><ele>0.0</ele></trkpt><trkpt lat="48.626545" lon="-123.03173"><ele>0.0</ele></trkpt><trkpt lat="48.626465" lon="-123.03168"><ele>0.0</ele></trkpt><trkpt lat="48.62641" lon="-123.03169"><ele>0.0</ele></trkpt><trkpt lat="48.6262" lon="-123.03209"><ele>0.0</ele></trkpt><trkpt lat="48.626064" lon="-123.03242"><ele>0.0</ele></trkpt><trkpt lat="48.625946" lon="-123.032776"><ele>0.0</ele></trkpt><trkpt lat="48.625824" lon="-123.03302"><ele>0.0</ele></trkpt><trkpt lat="48.625748" lon="-123.03338"><ele>0.0</ele></trkpt><trkpt lat="48.625557" lon="-123.034"><ele>0.0</ele></trkpt><trkpt lat="48.62536" lon="-123.03492"><ele>0.0</ele></trkpt><trkpt lat="48.62533" lon="-123.03528"><ele>0.0</ele></trkpt><trkpt lat="48.625244" lon="-123.03566"><ele>0.0</ele></trkpt><trkpt lat="48.625126" lon="-123.03589"><ele>0.0</ele></trkpt><trkpt lat="48.62477" lon="-123.03695"><ele>0.0</ele></trkpt><trkpt lat="48.624577" lon="-123.03774"><ele>0.0</ele></trkpt><trkpt lat="48.62444" lon="-123.03851"><ele>0.0</ele></trkpt><trkpt lat="48.62441" lon="-123.03877"><ele>0.0</ele></trkpt><trkpt lat="48.62435" lon="-123.038956"><ele>0.0</ele></trkpt><trkpt lat="48.62429" lon="-123.039085"><ele>0.0</ele></trkpt><trkpt lat="48.624115" lon="-123.039375"><ele>0.0</ele></trkpt><trkpt lat="48.624027" lon="-123.03964"><ele>0.0</ele></trkpt><trkpt lat="48.62393" lon="-123.03988"><ele>0.0</ele></trkpt><trkpt lat="48.62358" lon="-123.04107"><ele>0.0</ele></trkpt><trkpt lat="48.62336" lon="-123.04163"><ele>0.0</ele></trkpt><trkpt lat="48.623043" lon="-123.04223"><ele>0.0</ele></trkpt><trkpt lat="48.622845" lon="-123.04244"><ele>0.0</ele></trkpt><trkpt lat="48.622475" lon="-123.04271"><ele>0.0</ele></trkpt><trkpt lat="48.622112" lon="-123.042854"><ele>0.0</ele></trkpt><trkpt lat="48.621353" lon="-123.04279"><ele>0.0</ele></trkpt><trkpt lat="48.620785" lon="-123.04263"><ele>0.0</ele></trkpt><trkpt lat="48.620068" lon="-123.04233"><ele>0.0</ele></trkpt><trkpt lat="48.619774" lon="-123.04217"><ele>0.0</ele></trkpt><trkpt lat="48.61941" lon="-123.04204"><ele>0.0</ele></trkpt><trkpt lat="48.619076" lon="-123.04183"><ele>2.0</ele></trkpt><trkpt lat="48.618553" lon="-123.041405"><ele>2.0</ele></trkpt><trkpt lat="48.618446" lon="-123.041275"><ele>2.0</ele></trkpt><trkpt lat="48.617718" lon="-123.040726"><ele>2.0</ele></trkpt><trkpt lat="48.61746" lon="-123.04049"><ele>2.0</ele></trkpt><trkpt lat="48.616768" lon="-123.039955"><ele>2.0</ele></trkpt><trkpt lat="48.616314" lon="-123.03973"><ele>2.0</ele></trkpt><trkpt lat="48.615616" lon="-123.03945"><ele>2.0</ele></trkpt><trkpt lat="48.61521" lon="-123.03922"><ele>2.0</ele></trkpt><trkpt lat="48.61435" lon="-123.03901"><ele>2.0</ele></trkpt><trkpt lat="48.614166" lon="-123.038925"><ele>2.0</ele></trkpt><trkpt lat="48.61376" lon="-123.0388"><ele>2.0</ele></trkpt><trkpt lat="48.61357" lon="-123.03871"><ele>2.0</ele></trkpt><trkpt lat="48.61334" lon="-123.0386"><ele>2.0</ele></trkpt><trkpt lat="48.612804" lon="-123.0382"><ele>2.0</ele></trkpt><trkpt lat="48.612576" lon="-123.03805"><ele>2.0</ele></trkpt><trkpt lat="48.61232" lon="-123.03794"><ele>2.0</ele></trkpt><trkpt lat="48.612103" lon="-123.03789"><ele>2.0</ele></trkpt><trkpt lat="48.611862" lon="-123.037766"><ele>2.0</ele></trkpt><trkpt lat="48.61185" lon="-123.03756"><ele>2.0</ele></trkpt><trkpt lat="48.611782" lon="-123.03754"><ele>2.0</ele></trkpt><trkpt lat="48.611637" lon="-123.03776"><ele>2.0</ele></trkpt><trkpt lat="48.611454" lon="-123.03793"><ele>2.0</ele></trkpt><trkpt lat="48.611145" lon="-123.038185"><ele>2.0</ele></trkpt><trkpt lat="48.61094" lon="-123.03831"><ele>2.0</ele></trkpt><trkpt lat="48.610752" lon="-123.03839"><ele>2.0</ele></trkpt><trkpt lat="48.610325" lon="-123.03865"><ele>2.0</ele></trkpt><trkpt lat="48.61029" lon="-123.03884"><ele>2.0</ele></trkpt><trkpt lat="48.610294" lon="-123.03914"><ele>2.0</ele></trkpt><trkpt lat="48.610355" lon="-123.03982"><ele>2.0</ele></trkpt><trkpt lat="48.610558" lon="-123.04095"><ele>2.0</ele></trkpt><trkpt lat="48.61064" lon="-123.04112"><ele>2.0</ele></trkpt><trkpt lat="48.61069" lon="-123.04143"><ele>2.0</ele></trkpt><trkpt lat="48.610645" lon="-123.04223"><ele>1.7190832670075595</ele></trkpt><trkpt lat="48.610607" lon="-123.04243"><ele>0.0</ele></trkpt><trkpt lat="48.610813" lon="-123.042755"><ele>2.0</ele></trkpt><trkpt lat="48.611027" lon="-123.043365"><ele>2.0</ele></trkpt><trkpt lat="48.611443" lon="-123.044075"><ele>2.0</ele></trkpt><trkpt lat="48.611614" lon="-123.04441"><ele>2.0</ele></trkpt><trkpt lat="48.611706" lon="-123.044655"><ele>2.0</ele></trkpt><trkpt lat="48.61172" lon="-123.044846"><ele>2.0</ele></trkpt><trkpt lat="48.61191" lon="-123.045296"><ele>2.0</ele></trkpt><trkpt lat="48.611973" lon="-123.045746"><ele>2.0</ele></trkpt><trkpt lat="48.612053" lon="-123.04586"><ele>2.0</ele></trkpt><trkpt lat="48.612057" lon="-123.04584"><ele>2.0</ele></trkpt><trkpt lat="48.61208" lon="-123.04588"><ele>2.0</ele></trkpt><trkpt lat="48.61219" lon="-123.04599"><ele>2.0</ele></trkpt><trkpt lat="48.6122" lon="-123.04598"><ele>2.0</ele></trkpt><trkpt lat="48.612183" lon="-123.04596"><ele>2.0</ele></trkpt><trkpt lat="48.612198" lon="-123.045975"><ele>2.0</ele></trkpt><trkpt lat="48.612183" lon="-123.04598"><ele>2.0</ele></trkpt><trkpt lat="48.612225" lon="-123.04601"><ele>2.0</ele></trkpt><trkpt lat="48.612362" lon="-123.046074"><ele>7.0</ele></trkpt><trkpt lat="48.612453" lon="-123.04603"><ele>8.0</ele></trkpt><trkpt lat="48.61243" lon="-123.04607"><ele>8.0</ele></trkpt><trkpt lat="48.61244" lon="-123.04609"><ele>8.0</ele></trkpt><trkpt lat="48.612415" lon="-123.04613"><ele>8.0</ele></trkpt><trkpt lat="48.61241" lon="-123.0461"><ele>8.0</ele></trkpt><trkpt lat="48.61244" lon="-123.04606"><ele>8.0</ele></trkpt><trkpt lat="48.612408" lon="-123.04612"><ele>8.0</ele></trkpt><trkpt lat="48.612415" lon="-123.046165"><ele>8.0</ele></trkpt><trkpt lat="48.61243" lon="-123.04616"><ele>8.0</ele></trkpt><trkpt lat="48.612427" lon="-123.046074"><ele>8.0</ele></trkpt><trkpt lat="48.61239" lon="-123.04612"><ele>8.0</ele></trkpt><trkpt lat="48.612396" lon="-123.0461"><ele>8.0</ele></trkpt><trkpt lat="48.612404" lon="-123.04612"><ele>8.0</ele></trkpt><trkpt lat="48.61235" lon="-123.04629"><ele>8.0</ele></trkpt><trkpt lat="48.61228" lon="-123.046455"><ele>8.0</ele></trkpt><trkpt lat="48.61216" lon="-123.04659"><ele>8.0</ele></trkpt><trkpt lat="48.61201" lon="-123.0467"><ele>9.0</ele></trkpt><trkpt lat="48.611874" lon="-123.04669"><ele>6.756750222295523</ele></trkpt><trkpt lat="48.61159" lon="-123.04671"><ele>8.0</ele></trkpt><trkpt lat="48.61145" lon="-123.04666"><ele>8.0</ele></trkpt><trkpt lat="48.61127" lon="-123.0465"><ele>6.022254098435673</ele></trkpt><trkpt lat="48.61128" lon="-123.04648"><ele>6.058899028771379</ele></trkpt><trkpt lat="48.611263" lon="-123.04648"><ele>6.0</ele></trkpt><trkpt lat="48.611286" lon="-123.04649"><ele>6.586653511555018</ele></trkpt><trkpt lat="48.61128" lon="-123.0465"><ele>6.651024777812067</ele></trkpt><trkpt lat="48.61123" lon="-123.04651"><ele>6.0</ele></trkpt><trkpt lat="48.611286" lon="-123.04649"><ele>6.586653511555018</ele></trkpt><trkpt lat="48.61124" lon="-123.0465"><ele>6.0</ele></trkpt><trkpt lat="48.61127" lon="-123.04655"><ele>7.0</ele></trkpt><trkpt lat="48.61124" lon="-123.04651"><ele>6.0</ele></trkpt><trkpt lat="48.611263" lon="-123.04647"><ele>6.0</ele></trkpt><trkpt lat="48.61124" lon="-123.046425"><ele>6.0</ele></trkpt><trkpt lat="48.611217" lon="-123.046455"><ele>6.0</ele></trkpt><trkpt lat="48.611263" lon="-123.04652"><ele>6.4246287865469665</ele></trkpt><trkpt lat="48.611237" lon="-123.04646"><ele>6.0</ele></trkpt><trkpt lat="48.61124" lon="-123.04643"><ele>6.0</ele></trkpt><trkpt lat="48.61128" lon="-123.04647"><ele>6.0</ele></trkpt><trkpt lat="48.61126" lon="-123.04648"><ele>6.0</ele></trkpt><trkpt lat="48.61126" lon="-123.04645"><ele>6.0</ele></trkpt></trkseg></trk><trk><name>2018-07-02 20:22:20</name><extensions><gpxx:TrackExtension><gpxx:DisplayColor>Yellow</gpxx:DisplayColor></gpxx:TrackExtension></extensions><trkseg><trkpt lat="48.53235" lon="-122.97421"><ele>5.969984147695305</ele></trkpt><trkpt lat="48.53244" lon="-122.97434"><ele>4.208191927522421</ele></trkpt><trkpt lat="48.532333" lon="-122.97434"><ele>5.09157194357532</ele></trkpt><trkpt lat="48.532375" lon="-122.97431"><ele>5.0</ele></trkpt><trkpt lat="48.53234" lon="-122.9743"><ele>5.181991787655303</ele></trkpt><trkpt lat="48.532333" lon="-122.97432"><ele>5.0</ele></trkpt><trkpt lat="48.53232" lon="-122.97427"><ele>6.0</ele></trkpt><trkpt lat="48.532288" lon="-122.97432"><ele>6.0</ele></trkpt><trkpt lat="48.5323" lon="-122.97433"><ele>6.0</ele></trkpt><trkpt lat="48.5323" lon="-122.97431"><ele>6.0</ele></trkpt><trkpt lat="48.532284" lon="-122.974335"><ele>6.0</ele></trkpt><trkpt lat="48.53228" lon="-122.97424"><ele>6.0</ele></trkpt><trkpt lat="48.532295" lon="-122.974236"><ele>6.0</ele></trkpt><trkpt lat="48.53231" lon="-122.97426"><ele>6.0</ele></trkpt><trkpt lat="48.53225" lon="-122.97427"><ele>6.0</ele></trkpt><trkpt lat="48.532246" lon="-122.974335"><ele>6.0</ele></trkpt><trkpt lat="48.532173" lon="-122.9743"><ele>5.0</ele></trkpt><trkpt lat="48.532124" lon="-122.97441"><ele>4.0</ele></trkpt><trkpt lat="48.532047" lon="-122.974434"><ele>3.0</ele></trkpt><trkpt lat="48.53208" lon="-122.97445"><ele>2.8638439879027953</ele></trkpt><trkpt lat="48.532047" lon="-122.974434"><ele>3.0</ele></trkpt><trkpt lat="48.532063" lon="-122.97448"><ele>2.0</ele></trkpt><trkpt lat="48.532043" lon="-122.97464"><ele>1.0</ele></trkpt><trkpt lat="48.53207" lon="-122.97465"><ele>1.0</ele></trkpt><trkpt lat="48.53206" lon="-122.974625"><ele>1.0</ele></trkpt><trkpt lat="48.532055" lon="-122.974686"><ele>1.0</ele></trkpt><trkpt lat="48.532055" lon="-122.97467"><ele>1.0</ele></trkpt><trkpt lat="48.532036" lon="-122.97466"><ele>1.0</ele></trkpt><trkpt lat="48.532" lon="-122.97473"><ele>1.0</ele></trkpt><trkpt lat="48.532013" lon="-122.974785"><ele>1.0</ele></trkpt><trkpt lat="48.53205" lon="-122.97484"><ele>1.0</ele></trkpt><trkpt lat="48.531944" lon="-122.97499"><ele>1.0</ele></trkpt><trkpt lat="48.53198" lon="-122.975006"><ele>1.0</ele></trkpt><trkpt lat="48.53194" lon="-122.975"><ele>1.0</ele></trkpt><trkpt lat="48.531853" lon="-122.975075"><ele>1.0</ele></trkpt><trkpt lat="48.531815" lon="-122.97535"><ele>1.0</ele></trkpt><trkpt lat="48.531948" lon="-122.97602"><ele>1.0</ele></trkpt><trkpt lat="48.53206" lon="-122.976364"><ele>1.0</ele></trkpt><trkpt lat="48.532207" lon="-122.976654"><ele>1.0</ele></trkpt><trkpt lat="48.532356" lon="-122.976746"><ele>1.0</ele></trkpt><trkpt lat="48.53269" lon="-122.976875"><ele>1.0</ele></trkpt><trkpt lat="48.532986" lon="-122.97707"><ele>1.0</ele></trkpt><trkpt lat="48.533245" lon="-122.97719"><ele>1.0</ele></trkpt><trkpt lat="48.53347" lon="-122.97722"><ele>1.0</ele></trkpt><trkpt lat="48.533722" lon="-122.97728"><ele>1.0</ele></trkpt><trkpt lat="48.533978" lon="-122.977486"><ele>1.0</ele></trkpt><trkpt lat="48.534187" lon="-122.977715"><ele>1.0</ele></trkpt><trkpt lat="48.53448" lon="-122.97811"><ele>1.0</ele></trkpt><trkpt lat="48.534847" lon="-122.97846"><ele>1.0</ele></trkpt><trkpt lat="48.535202" lon="-122.97884"><ele>0.0</ele></trkpt><trkpt lat="48.5354" lon="-122.97921"><ele>0.0</ele></trkpt><trkpt lat="48.53558" lon="-122.97948"><ele>0.0</ele></trkpt><trkpt lat="48.536106" lon="-122.98013"><ele>0.0</ele></trkpt><trkpt lat="48.53646" lon="-122.98072"><ele>0.0</ele></trkpt><trkpt lat="48.536873" lon="-122.98116"><ele>0.0</ele></trkpt><trkpt lat="48.537476" lon="-122.98203"><ele>0.0</ele></trkpt><trkpt lat="48.537766" lon="-122.9824"><ele>0.0</ele></trkpt><trkpt lat="48.53826" lon="-122.98291"><ele>0.0</ele></trkpt><trkpt lat="48.53857" lon="-122.98347"><ele>0.0</ele></trkpt><trkpt lat="48.538784" lon="-122.983795"><ele>0.0</ele></trkpt><trkpt lat="48.539074" lon="-122.98413"><ele>0.0</ele></trkpt><trkpt lat="48.53945" lon="-122.98451"><ele>0.0</ele></trkpt><trkpt lat="48.54009" lon="-122.985344"><ele>0.0</ele></trkpt><trkpt lat="48.540627" lon="-122.98657"><ele>0.0</ele></trkpt><trkpt lat="48.541866" lon="-122.988846"><ele>0.0</ele></trkpt><trkpt lat="48.542225" lon="-122.989365"><ele>0.0</ele></trkpt><trkpt lat="48.54269" lon="-122.989975"><ele>0.0</ele></trkpt><trkpt lat="48.54335" lon="-122.990616"><ele>0.0</ele></trkpt><trkpt lat="48.54376" lon="-122.9911"><ele>0.0</ele></trkpt><trkpt lat="48.54408" lon="-122.99153"><ele>0.0</ele></trkpt><trkpt lat="48.54446" lon="-122.99184"><ele>0.0</ele></trkpt><trkpt lat="48.544777" lon="-122.992256"><ele>0.0</ele></trkpt><trkpt lat="48.54548" lon="-122.99333"><ele>0.0</ele></trkpt><trkpt lat="48.545753" lon="-122.99366"><ele>0.0</ele></trkpt><trkpt lat="48.546013" lon="-122.99386"><ele>0.0</ele></trkpt><trkpt lat="48.546284" lon="-122.99411"><ele>0.0</ele></trkpt><trkpt lat="48.54662" lon="-122.99437"><ele>0.0</ele></trkpt><trkpt lat="48.54692" lon="-122.99467"><ele>0.0</ele></trkpt><trkpt lat="48.547215" lon="-122.99488"><ele>0.0</ele></trkpt><trkpt lat="48.547493" lon="-122.995125"><ele>0.0</ele></trkpt><trkpt lat="48.54771" lon="-122.99553"><ele>0.0</ele></trkpt><trkpt lat="48.548187" lon="-122.99613"><ele>0.0</ele></trkpt><trkpt lat="48.548363" lon="-122.996445"><ele>0.0</ele></trkpt><trkpt lat="48.54863" lon="-122.99677"><ele>0.0</ele></trkpt><trkpt lat="48.54893" lon="-122.997025"><ele>0.0</ele></trkpt><trkpt lat="48.54924" lon="-122.9974"><ele>0.0</ele></trkpt><trkpt lat="48.5495" lon="-122.99764"><ele>0.0</ele></trkpt><trkpt lat="48.549812" lon="-122.99787"><ele>0.0</ele></trkpt><trkpt lat="48.550064" lon="-122.99803"><ele>0.0</ele></trkpt><trkpt lat="48.550198" lon="-122.99819"><ele>0.0</ele></trkpt><trkpt lat="48.550346" lon="-122.998505"><ele>0.0</ele></trkpt><trkpt lat="48.5505" lon="-122.998726"><ele>0.0</ele></trkpt><trkpt lat="48.550617" lon="-122.998955"><ele>0.0</ele></trkpt><trkpt lat="48.550743" lon="-122.99925"><ele>0.0</ele></trkpt><trkpt lat="48.55079" lon="-122.99941"><ele>0.0</ele></trkpt><trkpt lat="48.55093" lon="-122.99973"><ele>0.0</ele></trkpt><trkpt lat="48.550995" lon="-122.99993"><ele>0.0</ele></trkpt><trkpt lat="48.55104" lon="-123.00001"><ele>0.0</ele></trkpt><trkpt lat="48.55112" lon="-123.000206"><ele>0.0</ele></trkpt><trkpt lat="48.551464" lon="-123.00069"><ele>0.0</ele></trkpt><trkpt lat="48.551807" lon="-123.001076"><ele>0.0</ele></trkpt><trkpt lat="48.551975" lon="-123.00124"><ele>0.0</ele></trkpt><trkpt lat="48.5523" lon="-123.00166"><ele>0.0</ele></trkpt><trkpt lat="48.55245" lon="-123.001884"><ele>0.0</ele></trkpt><trkpt lat="48.552746" lon="-123.00241"><ele>0.0</ele></trkpt><trkpt lat="48.552895" lon="-123.0026"><ele>0.0</ele></trkpt><trkpt lat="48.55295" lon="-123.00273"><ele>0.0</ele></trkpt><trkpt lat="48.55315" lon="-123.00308"><ele>0.0</ele></trkpt><trkpt lat="48.553417" lon="-123.00346"><ele>0.0</ele></trkpt><trkpt lat="48.553577" lon="-123.00367"><ele>0.0</ele></trkpt><trkpt lat="48.55376" lon="-123.00386"><ele>0.0</ele></trkpt><trkpt lat="48.553886" lon="-123.00404"><ele>0.0</ele></trkpt><trkpt lat="48.55414" lon="-123.004616"><ele>0.0</ele></trkpt><trkpt lat="48.554302" lon="-123.00518"><ele>0.0</ele></trkpt><trkpt lat="48.554592" lon="-123.00571"><ele>0.0</ele></trkpt><trkpt lat="48.55499" lon="-123.00619"><ele>0.0</ele></trkpt><trkpt lat="48.555187" lon="-123.00635"><ele>0.0</ele></trkpt><trkpt lat="48.55558" lon="-123.006775"><ele>0.0</ele></trkpt><trkpt lat="48.555737" lon="-123.00706"><ele>0.0</ele></trkpt><trkpt lat="48.556007" lon="-123.007416"><ele>0.0</ele></trkpt><trkpt lat="48.5562" lon="-123.00757"><ele>0.0</ele></trkpt><trkpt lat="48.55679" lon="-123.008194"><ele>0.0</ele></trkpt><trkpt lat="48.55699" lon="-123.008484"><ele>0.0</ele></trkpt><trkpt lat="48.557217" lon="-123.008705"><ele>0.0</ele></trkpt><trkpt lat="48.557255" lon="-123.00881"><ele>0.0</ele></trkpt><trkpt lat="48.5572" lon="-123.00881"><ele>0.0</ele></trkpt><trkpt lat="48.557186" lon="-123.00886"><ele>0.0</ele></trkpt><trkpt lat="48.5573" lon="-123.00899"><ele>0.0</ele></trkpt><trkpt lat="48.557564" lon="-123.00933"><ele>0.0</ele></trkpt><trkpt lat="48.557858" lon="-123.00958"><ele>0.0</ele></trkpt><trkpt lat="48.557995" lon="-123.00959"><ele>0.0</ele></trkpt><trkpt lat="48.55802" lon="-123.00962"><ele>0.0</ele></trkpt><trkpt lat="48.55813" lon="-123.00977"><ele>0.0</ele></trkpt><trkpt lat="48.558533" lon="-123.01024"><ele>0.0</ele></trkpt><trkpt lat="48.559322" lon="-123.01125"><ele>0.0</ele></trkpt><trkpt lat="48.559902" lon="-123.01186"><ele>0.0</ele></trkpt><trkpt lat="48.56042" lon="-123.01261"><ele>0.0</ele></trkpt><trkpt lat="48.56057" lon="-123.01287"><ele>0.0</ele></trkpt><trkpt lat="48.561367" lon="-123.014"><ele>0.0</ele></trkpt><trkpt lat="48.561535" lon="-123.014305"><ele>0.0</ele></trkpt><trkpt lat="48.561928" lon="-123.01481"><ele>0.0</ele></trkpt><trkpt lat="48.562237" lon="-123.01535"><ele>0.0</ele></trkpt><trkpt lat="48.562515" lon="-123.01621"><ele>0.0</ele></trkpt><trkpt lat="48.562572" lon="-123.016594"><ele>0.0</ele></trkpt><trkpt lat="48.562565" lon="-123.01724"><ele>0.0</ele></trkpt><trkpt lat="48.56268" lon="-123.017586"><ele>0.0</ele></trkpt><trkpt lat="48.56279" lon="-123.01801"><ele>0.0</ele></trkpt><trkpt lat="48.563057" lon="-123.0188"><ele>0.0</ele></trkpt><trkpt lat="48.563408" lon="-123.01956"><ele>0.0</ele></trkpt><trkpt lat="48.563793" lon="-123.02082"><ele>0.0</ele></trkpt><trkpt lat="48.563946" lon="-123.02121"><ele>0.0</ele></trkpt><trkpt lat="48.56413" lon="-123.02156"><ele>0.0</ele></trkpt><trkpt lat="48.564243" lon="-123.02195"><ele>0.0</ele></trkpt><trkpt lat="48.564434" lon="-123.02223"><ele>0.0</ele></trkpt><trkpt lat="48.56456" lon="-123.02266"><ele>0.0</ele></trkpt><trkpt lat="48.564583" lon="-123.023026"><ele>0.0</ele></trkpt><trkpt lat="48.56464" lon="-123.02338"><ele>0.0</ele></trkpt><trkpt lat="48.564762" lon="-123.02379"><ele>0.0</ele></trkpt><trkpt lat="48.564953" lon="-123.02414"><ele>0.0</ele></trkpt><trkpt lat="48.565357" lon="-123.02554"><ele>0.0</ele></trkpt><trkpt lat="48.565422" lon="-123.02589"><ele>0.0</ele></trkpt><trkpt lat="48.56581" lon="-123.02679"><ele>0.0</ele></trkpt><trkpt lat="48.56591" lon="-123.026955"><ele>0.0</ele></trkpt><trkpt lat="48.566116" lon="-123.02739"><ele>0.0</ele></trkpt><trkpt lat="48.56626" lon="-123.027756"><ele>0.0</ele></trkpt><trkpt lat="48.566467" lon="-123.02813"><ele>0.0</ele></trkpt><trkpt lat="48.566593" lon="-123.028465"><ele>0.0</ele></trkpt><trkpt lat="48.566685" lon="-123.02886"><ele>0.0</ele></trkpt><trkpt lat="48.566696" lon="-123.02918"><ele>0.0</ele></trkpt><trkpt lat="48.566895" lon="-123.029854"><ele>0.0</ele></trkpt><trkpt lat="48.567078" lon="-123.03064"><ele>0.0</ele></trkpt><trkpt lat="48.567192" lon="-123.03104"><ele>0.0</ele></trkpt><trkpt lat="48.56736" lon="-123.03143"><ele>0.0</ele></trkpt><trkpt lat="48.56751" lon="-123.0319"><ele>0.0</ele></trkpt><trkpt lat="48.56761" lon="-123.03229"><ele>0.0</ele></trkpt><trkpt lat="48.56793" lon="-123.033035"><ele>0.0</ele></trkpt><trkpt lat="48.568047" lon="-123.03336"><ele>0.0</ele></trkpt><trkpt lat="48.56843" lon="-123.03409"><ele>0.0</ele></trkpt><trkpt lat="48.569256" lon="-123.03573"><ele>0.0</ele></trkpt><trkpt lat="48.56937" lon="-123.03609"><ele>0.0</ele></trkpt><trkpt lat="48.569523" lon="-123.03646"><ele>0.0</ele></trkpt><trkpt lat="48.569813" lon="-123.037346"><ele>0.0</ele></trkpt><trkpt lat="48.57031" lon="-123.03861"><ele>0.0</ele></trkpt><trkpt lat="48.57079" lon="-123.03939"><ele>0.0</ele></trkpt><trkpt lat="48.57138" lon="-123.04046"><ele>0.0</ele></trkpt><trkpt lat="48.571568" lon="-123.04071"><ele>0.0</ele></trkpt><trkpt lat="48.571705" lon="-123.041046"><ele>0.0</ele></trkpt><trkpt lat="48.571884" lon="-123.04141"><ele>0.0</ele></trkpt><trkpt lat="48.572067" lon="-123.041695"><ele>0.0</ele></trkpt><trkpt lat="48.572216" lon="-123.04202"><ele>0.0</ele></trkpt><trkpt lat="48.57255" lon="-123.04289"><ele>0.0</ele></trkpt><trkpt lat="48.572727" lon="-123.04327"><ele>0.0</ele></trkpt><trkpt lat="48.572872" lon="-123.04364"><ele>0.0</ele></trkpt><trkpt lat="48.573093" lon="-123.044395"><ele>0.0</ele></trkpt><trkpt lat="48.573452" lon="-123.04508"><ele>0.0</ele></trkpt><trkpt lat="48.573544" lon="-123.04534"><ele>0.0</ele></trkpt><trkpt lat="48.573696" lon="-123.04564"><ele>0.0</ele></trkpt><trkpt lat="48.574364" lon="-123.04657"><ele>0.0</ele></trkpt><trkpt lat="48.574524" lon="-123.04685"><ele>0.0</ele></trkpt><trkpt lat="48.574615" lon="-123.04722"><ele>0.0</ele></trkpt><trkpt lat="48.57476" lon="-123.04749"><ele>0.0</ele></trkpt><trkpt lat="48.57514" lon="-123.04802"><ele>0.0</ele></trkpt><trkpt lat="48.5753" lon="-123.0482"><ele>0.0</ele></trkpt><trkpt lat="48.575417" lon="-123.04841"><ele>0.0</ele></trkpt><trkpt lat="48.57548" lon="-123.04863"><ele>0.0</ele></trkpt><trkpt lat="48.575592" lon="-123.04878"><ele>0.0</ele></trkpt><trkpt lat="48.575787" lon="-123.048996"><ele>0.0</ele></trkpt><trkpt lat="48.57593" lon="-123.04925"><ele>0.0</ele></trkpt><trkpt lat="48.57623" lon="-123.04968"><ele>0.0</ele></trkpt><trkpt lat="48.57678" lon="-123.0503"><ele>0.0</ele></trkpt><trkpt lat="48.57695" lon="-123.05045"><ele>0.0</ele></trkpt><trkpt lat="48.577198" lon="-123.05093"><ele>0.0</ele></trkpt><trkpt lat="48.577522" lon="-123.05129"><ele>0.0</ele></trkpt><trkpt lat="48.57761" lon="-123.05156"><ele>0.0</ele></trkpt><trkpt lat="48.577736" lon="-123.05183"><ele>0.0</ele></trkpt><trkpt lat="48.5779" lon="-123.05205"><ele>0.0</ele></trkpt><trkpt lat="48.5782" lon="-123.05237"><ele>0.0</ele></trkpt><trkpt lat="48.57835" lon="-123.0526"><ele>0.0</ele></trkpt><trkpt lat="48.57843" lon="-123.05277"><ele>0.0</ele></trkpt><trkpt lat="48.57849" lon="-123.053024"><ele>0.0</ele></trkpt><trkpt lat="48.57854" lon="-123.05355"><ele>0.0</ele></trkpt><trkpt lat="48.578644" lon="-123.053825"><ele>0.0</ele></trkpt><trkpt lat="48.578777" lon="-123.05412"><ele>0.0</ele></trkpt><trkpt lat="48.579052" lon="-123.05462"><ele>0.0</ele></trkpt><trkpt lat="48.579166" lon="-123.05495"><ele>0.0</ele></trkpt><trkpt lat="48.579433" lon="-123.05546"><ele>0.0</ele></trkpt><trkpt lat="48.579544" lon="-123.05606"><ele>0.0</ele></trkpt><trkpt lat="48.57957" lon="-123.05639"><ele>0.0</ele></trkpt><trkpt lat="48.57965" lon="-123.05663"><ele>0.0</ele></trkpt><trkpt lat="48.57977" lon="-123.05688"><ele>0.0</ele></trkpt><trkpt lat="48.579952" lon="-123.057045"><ele>0.0</ele></trkpt><trkpt lat="48.580364" lon="-123.05763"><ele>0.0</ele></trkpt><trkpt lat="48.58047" lon="-123.05782"><ele>0.0</ele></trkpt><trkpt lat="48.580837" lon="-123.05833"><ele>1.0</ele></trkpt><trkpt lat="48.581394" lon="-123.05889"><ele>1.0</ele></trkpt><trkpt lat="48.581528" lon="-123.05905"><ele>1.0</ele></trkpt><trkpt lat="48.581715" lon="-123.05916"><ele>1.0</ele></trkpt><trkpt lat="48.582027" lon="-123.05948"><ele>0.0</ele></trkpt><trkpt lat="48.58222" lon="-123.05984"><ele>0.0</ele></trkpt><trkpt lat="48.582333" lon="-123.06014"><ele>1.0</ele></trkpt><trkpt lat="48.582706" lon="-123.06072"><ele>1.0</ele></trkpt><trkpt lat="48.582893" lon="-123.060974"><ele>1.0</ele></trkpt><trkpt lat="48.583042" lon="-123.0611"><ele>1.0</ele></trkpt><trkpt lat="48.583202" lon="-123.06129"><ele>0.2876906665042043</ele></trkpt><trkpt lat="48.58332" lon="-123.06153"><ele>0.47250133380293846</ele></trkpt><trkpt lat="48.58345" lon="-123.06171"><ele>1.0</ele></trkpt><trkpt lat="48.58383" lon="-123.0621"><ele>0.0</ele></trkpt><trkpt lat="48.583916" lon="-123.0623"><ele>0.0</ele></trkpt><trkpt lat="48.584286" lon="-123.06294"><ele>1.0</ele></trkpt><trkpt lat="48.584415" lon="-123.06308"><ele>0.0</ele></trkpt><trkpt lat="48.584595" lon="-123.06333"><ele>0.0</ele></trkpt><trkpt lat="48.584858" lon="-123.06386"><ele>0.0</ele></trkpt><trkpt lat="48.58501" lon="-123.06401"><ele>0.0</ele></trkpt><trkpt lat="48.58513" lon="-123.06419"><ele>0.0</ele></trkpt><trkpt lat="48.58523" lon="-123.064384"><ele>0.0</ele></trkpt><trkpt lat="48.585285" lon="-123.064606"><ele>0.0</ele></trkpt><trkpt lat="48.585487" lon="-123.06511"><ele>0.0</ele></trkpt><trkpt lat="48.585808" lon="-123.06545"><ele>0.0</ele></trkpt><trkpt lat="48.585953" lon="-123.06578"><ele>0.0</ele></trkpt><trkpt lat="48.586052" lon="-123.06593"><ele>0.0</ele></trkpt><trkpt lat="48.58608" lon="-123.06602"><ele>0.0</ele></trkpt><trkpt lat="48.585884" lon="-123.065956"><ele>0.0</ele></trkpt><trkpt lat="48.585552" lon="-123.06572"><ele>0.0</ele></trkpt><trkpt lat="48.58554" lon="-123.06569"><ele>0.0</ele></trkpt><trkpt lat="48.585476" lon="-123.065674"><ele>0.5968988444656134</ele></trkpt><trkpt lat="48.585342" lon="-123.06569"><ele>1.0</ele></trkpt><trkpt lat="48.58528" lon="-123.065636"><ele>1.0</ele></trkpt><trkpt lat="48.585255" lon="-123.06547"><ele>1.0</ele></trkpt><trkpt lat="48.585346" lon="-123.06534"><ele>0.8941129241138697</ele></trkpt><trkpt lat="48.585453" lon="-123.06537"><ele>0.0</ele></trkpt><trkpt lat="48.585598" lon="-123.06554"><ele>0.0</ele></trkpt><trkpt lat="48.58571" lon="-123.065704"><ele>0.0</ele></trkpt><trkpt lat="48.585926" lon="-123.066154"><ele>0.0</ele></trkpt><trkpt lat="48.58607" lon="-123.066345"><ele>0.0</ele></trkpt><trkpt lat="48.586193" lon="-123.06646"><ele>0.0</ele></trkpt><trkpt lat="48.586296" lon="-123.0665"><ele>0.0</ele></trkpt><trkpt lat="48.586357" lon="-123.06656"><ele>0.0</ele></trkpt><trkpt lat="48.586628" lon="-123.06718"><ele>0.0</ele></trkpt><trkpt lat="48.586784" lon="-123.06741"><ele>0.0</ele></trkpt><trkpt lat="48.58713" lon="-123.068054"><ele>0.0</ele></trkpt><trkpt lat="48.58737" lon="-123.06846"><ele>0.0</ele></trkpt><trkpt lat="48.587505" lon="-123.06863"><ele>0.0</ele></trkpt><trkpt lat="48.588005" lon="-123.06943"><ele>0.0</ele></trkpt><trkpt lat="48.588333" lon="-123.069824"><ele>0.0</ele></trkpt><trkpt lat="48.58865" lon="-123.070244"><ele>0.0</ele></trkpt><trkpt lat="48.589207" lon="-123.07089"><ele>0.0</ele></trkpt><trkpt lat="48.590034" lon="-123.07208"><ele>0.0</ele></trkpt><trkpt lat="48.590477" lon="-123.07253"><ele>0.0</ele></trkpt><trkpt lat="48.590736" lon="-123.07268"><ele>0.0</ele></trkpt><trkpt lat="48.590904" lon="-123.072914"><ele>0.0</ele></trkpt><trkpt lat="48.5913" lon="-123.073296"><ele>0.0</ele></trkpt><trkpt lat="48.59147" lon="-123.07349"><ele>0.0</ele></trkpt><trkpt lat="48.591747" lon="-123.073845"><ele>0.0</ele></trkpt><trkpt lat="48.59181" lon="-123.07402"><ele>0.0</ele></trkpt><trkpt lat="48.59191" lon="-123.07421"><ele>0.0</ele></trkpt><trkpt lat="48.592102" lon="-123.07446"><ele>0.0</ele></trkpt><trkpt lat="48.59224" lon="-123.074684"><ele>0.0</ele></trkpt><trkpt lat="48.592396" lon="-123.07489"><ele>0.0</ele></trkpt><trkpt lat="48.592617" lon="-123.07509"><ele>0.0</ele></trkpt><trkpt lat="48.59283" lon="-123.07533"><ele>0.0</ele></trkpt><trkpt lat="48.59317" lon="-123.07566"><ele>0.0</ele></trkpt><trkpt lat="48.593338" lon="-123.07576"><ele>0.0</ele></trkpt><trkpt lat="48.593464" lon="-123.075966"><ele>0.0</ele></trkpt><trkpt lat="48.593624" lon="-123.07617"><ele>0.0</ele></trkpt><trkpt lat="48.593826" lon="-123.07637"><ele>0.0</ele></trkpt><trkpt lat="48.594173" lon="-123.076614"><ele>0.0</ele></trkpt><trkpt lat="48.59433" lon="-123.07683"><ele>0.0</ele></trkpt><trkpt lat="48.59467" lon="-123.077194"><ele>0.0</ele></trkpt><trkpt lat="48.59485" lon="-123.07733"><ele>0.0</ele></trkpt><trkpt lat="48.595047" lon="-123.07733"><ele>0.0</ele></trkpt><trkpt lat="48.595222" lon="-123.077385"><ele>0.0</ele></trkpt><trkpt lat="48.5954" lon="-123.07751"><ele>0.0</ele></trkpt><trkpt lat="48.595547" lon="-123.07776"><ele>0.0</ele></trkpt><trkpt lat="48.595722" lon="-123.07797"><ele>0.0</ele></trkpt><trkpt lat="48.595898" lon="-123.07813"><ele>0.0</ele></trkpt><trkpt lat="48.596043" lon="-123.07841"><ele>0.0</ele></trkpt><trkpt lat="48.59643" lon="-123.078865"><ele>0.0</ele></trkpt><trkpt lat="48.596634" lon="-123.079124"><ele>0.0</ele></trkpt><trkpt lat="48.59711" lon="-123.079544"><ele>0.0</ele></trkpt><trkpt lat="48.59763" lon="-123.079956"><ele>0.0</ele></trkpt><trkpt lat="48.59793" lon="-123.08036"><ele>0.0</ele></trkpt><trkpt lat="48.59813" lon="-123.08053"><ele>0.0</ele></trkpt><trkpt lat="48.59855" lon="-123.080986"><ele>0.0</ele></trkpt><trkpt lat="48.598763" lon="-123.08109"><ele>0.0</ele></trkpt><trkpt lat="48.598957" lon="-123.081276"><ele>0.0</ele></trkpt><trkpt lat="48.599743" lon="-123.0821"><ele>0.0</ele></trkpt><trkpt lat="48.60017" lon="-123.08238"><ele>0.0</ele></trkpt><trkpt lat="48.600384" lon="-123.08248"><ele>0.0</ele></trkpt><trkpt lat="48.60058" lon="-123.0827"><ele>0.0</ele></trkpt><trkpt lat="48.600838" lon="-123.08291"><ele>0.0</ele></trkpt><trkpt lat="48.601013" lon="-123.083015"><ele>0.0</ele></trkpt><trkpt lat="48.601154" lon="-123.083145"><ele>0.0</ele></trkpt><trkpt lat="48.601337" lon="-123.08323"><ele>0.0</ele></trkpt><trkpt lat="48.601494" lon="-123.08336"><ele>0.0</ele></trkpt><trkpt lat="48.60173" lon="-123.08372"><ele>0.0</ele></trkpt><trkpt lat="48.602177" lon="-123.08414"><ele>0.0</ele></trkpt><trkpt lat="48.602432" lon="-123.08426"><ele>0.0</ele></trkpt><trkpt lat="48.602684" lon="-123.08445"><ele>0.0</ele></trkpt><trkpt lat="48.603046" lon="-123.08481"><ele>0.0</ele></trkpt><trkpt lat="48.60365" lon="-123.08522"><ele>0.0</ele></trkpt><trkpt lat="48.604023" lon="-123.08566"><ele>0.0</ele></trkpt><trkpt lat="48.60424" lon="-123.08588"><ele>0.0</ele></trkpt><trkpt lat="48.604397" lon="-123.08595"><ele>0.0</ele></trkpt><trkpt lat="48.604523" lon="-123.08611"><ele>0.0</ele></trkpt><trkpt lat="48.6047" lon="-123.08638"><ele>0.0</ele></trkpt><trkpt lat="48.6049" lon="-123.086624"><ele>0.0</ele></trkpt><trkpt lat="48.605072" lon="-123.086754"><ele>0.0</ele></trkpt><trkpt lat="48.605236" lon="-123.08696"><ele>0.0</ele></trkpt><trkpt lat="48.605408" lon="-123.087105"><ele>0.0</ele></trkpt><trkpt lat="48.605625" lon="-123.087234"><ele>0.0</ele></trkpt><trkpt lat="48.60585" lon="-123.08742"><ele>0.0</ele></trkpt><trkpt lat="48.606224" lon="-123.087616"><ele>0.0</ele></trkpt><trkpt lat="48.606453" lon="-123.0878"><ele>0.0</ele></trkpt><trkpt lat="48.606586" lon="-123.08795"><ele>0.0</ele></trkpt><trkpt lat="48.60672" lon="-123.08816"><ele>0.0</ele></trkpt><trkpt lat="48.60691" lon="-123.08836"><ele>0.0</ele></trkpt><trkpt lat="48.607067" lon="-123.08851"><ele>0.0</ele></trkpt><trkpt lat="48.60725" lon="-123.08864"><ele>0.0</ele></trkpt><trkpt lat="48.607594" lon="-123.089066"><ele>0.0</ele></trkpt><trkpt lat="48.607723" lon="-123.08933"><ele>0.0</ele></trkpt><trkpt lat="48.607895" lon="-123.08952"><ele>0.0</ele></trkpt><trkpt lat="48.60805" lon="-123.08966"><ele>0.0</ele></trkpt><trkpt lat="48.60815" lon="-123.089836"><ele>0.0</ele></trkpt><trkpt lat="48.60832" lon="-123.09005"><ele>0.0</ele></trkpt><trkpt lat="48.608727" lon="-123.09049"><ele>0.0</ele></trkpt><trkpt lat="48.608974" lon="-123.09088"><ele>0.0</ele></trkpt><trkpt lat="48.609123" lon="-123.09108"><ele>0.0</ele></trkpt><trkpt lat="48.609398" lon="-123.09136"><ele>0.0</ele></trkpt><trkpt lat="48.609528" lon="-123.09152"><ele>0.0</ele></trkpt><trkpt lat="48.609863" lon="-123.09179"><ele>0.0</ele></trkpt><trkpt lat="48.61022" lon="-123.09221"><ele>0.0</ele></trkpt><trkpt lat="48.610325" lon="-123.09237"><ele>0.0</ele></trkpt><trkpt lat="48.610447" lon="-123.09271"><ele>0.0</ele></trkpt><trkpt lat="48.61078" lon="-123.093544"><ele>0.0</ele></trkpt><trkpt lat="48.61093" lon="-123.09382"><ele>0.0</ele></trkpt><trkpt lat="48.61113" lon="-123.09406"><ele>0.0</ele></trkpt><trkpt lat="48.61158" lon="-123.09448"><ele>0.0</ele></trkpt><trkpt lat="48.611874" lon="-123.09471"><ele>0.0</ele></trkpt><trkpt lat="48.61214" lon="-123.09499"><ele>0.0</ele></trkpt><trkpt lat="48.612408" lon="-123.095245"><ele>0.0</ele></trkpt><trkpt lat="48.61262" lon="-123.095505"><ele>0.0</ele></trkpt><trkpt lat="48.612926" lon="-123.09573"><ele>0.0</ele></trkpt><trkpt lat="48.613228" lon="-123.095856"><ele>0.0</ele></trkpt><trkpt lat="48.613525" lon="-123.09609"><ele>0.0</ele></trkpt><trkpt lat="48.613796" lon="-123.09625"><ele>0.0</ele></trkpt><trkpt lat="48.61404" lon="-123.09649"><ele>0.0</ele></trkpt><trkpt lat="48.6142" lon="-123.09667"><ele>0.0</ele></trkpt><trkpt lat="48.61443" lon="-123.09687"><ele>0.0</ele></trkpt><trkpt lat="48.6145" lon="-123.09723"><ele>0.0</ele></trkpt><trkpt lat="48.6145" lon="-123.09762"><ele>0.0</ele></trkpt><trkpt lat="48.614574" lon="-123.0979"><ele>0.0</ele></trkpt><trkpt lat="48.614967" lon="-123.098274"><ele>0.0</ele></trkpt><trkpt lat="48.615288" lon="-123.09842"><ele>0.0</ele></trkpt><trkpt lat="48.615566" lon="-123.09853"><ele>0.0</ele></trkpt><trkpt lat="48.615902" lon="-123.09862"><ele>0.0</ele></trkpt><trkpt lat="48.616417" lon="-123.09884"><ele>0.0</ele></trkpt><trkpt lat="48.616634" lon="-123.09888"><ele>0.0</ele></trkpt><trkpt lat="48.61686" lon="-123.098976"><ele>0.0</ele></trkpt><trkpt lat="48.617527" lon="-123.09919"><ele>0.0</ele></trkpt><trkpt lat="48.61782" lon="-123.09933"><ele>0.0</ele></trkpt><trkpt lat="48.61849" lon="-123.09974"><ele>0.0</ele></trkpt><trkpt lat="48.618736" lon="-123.099915"><ele>0.0</ele></trkpt><trkpt lat="48.618988" lon="-123.10005"><ele>0.0</ele></trkpt><trkpt lat="48.61924" lon="-123.10027"><ele>0.0</ele></trkpt><trkpt lat="48.619484" lon="-123.10043"><ele>0.0</ele></trkpt><trkpt lat="48.619934" lon="-123.10107"><ele>0.0</ele></trkpt><trkpt lat="48.620136" lon="-123.10141"><ele>0.0</ele></trkpt><trkpt lat="48.620358" lon="-123.101654"><ele>0.0</ele></trkpt><trkpt lat="48.62055" lon="-123.101944"><ele>0.0</ele></trkpt><trkpt lat="48.620735" lon="-123.10238"><ele>0.0</ele></trkpt><trkpt lat="48.620922" lon="-123.10273"><ele>0.0</ele></trkpt><trkpt lat="48.621765" lon="-123.10495"><ele>0.0</ele></trkpt><trkpt lat="48.622032" lon="-123.10571"><ele>0.0</ele></trkpt><trkpt lat="48.62221" lon="-123.10602"><ele>0.0</ele></trkpt><trkpt lat="48.622345" lon="-123.10641"><ele>0.0</ele></trkpt><trkpt lat="48.622536" lon="-123.10703"><ele>0.0</ele></trkpt><trkpt lat="48.62262" lon="-123.10766"><ele>1.0</ele></trkpt><trkpt lat="48.62263" lon="-123.10791"><ele>1.0</ele></trkpt><trkpt lat="48.622734" lon="-123.10809"><ele>0.0</ele></trkpt><trkpt lat="48.622787" lon="-123.10832"><ele>0.0</ele></trkpt><trkpt lat="48.622753" lon="-123.108665"><ele>0.0</ele></trkpt><trkpt lat="48.6228" lon="-123.109024"><ele>0.0</ele></trkpt><trkpt lat="48.62282" lon="-123.109474"><ele>0.0</ele></trkpt><trkpt lat="48.622795" lon="-123.109924"><ele>0.0</ele></trkpt><trkpt lat="48.622738" lon="-123.11035"><ele>0.0</ele></trkpt><trkpt lat="48.622623" lon="-123.11077"><ele>0.0</ele></trkpt><trkpt lat="48.622562" lon="-123.1112"><ele>0.0</ele></trkpt><trkpt lat="48.622585" lon="-123.11211"><ele>0.0</ele></trkpt><trkpt lat="48.622562" lon="-123.11265"><ele>0.0</ele></trkpt><trkpt lat="48.62258" lon="-123.11327"><ele>0.0</ele></trkpt><trkpt lat="48.622616" lon="-123.11374"><ele>0.0</ele></trkpt><trkpt lat="48.622772" lon="-123.1151"><ele>0.0</ele></trkpt><trkpt lat="48.622776" lon="-123.11562"><ele>0.0</ele></trkpt><trkpt lat="48.622833" lon="-123.11615"><ele>0.0</ele></trkpt><trkpt lat="48.622864" lon="-123.1167"><ele>0.0</ele></trkpt><trkpt lat="48.622868" lon="-123.117325"><ele>0.0</ele></trkpt><trkpt lat="48.622967" lon="-123.11873"><ele>0.0</ele></trkpt><trkpt lat="48.623024" lon="-123.1192"><ele>0.0</ele></trkpt><trkpt lat="48.62311" lon="-123.11948"><ele>0.0</ele></trkpt><trkpt lat="48.62318" lon="-123.121155"><ele>0.0</ele></trkpt><trkpt lat="48.62326" lon="-123.1217"><ele>0.0</ele></trkpt><trkpt lat="48.623283" lon="-123.12285"><ele>0.0</ele></trkpt><trkpt lat="48.623337" lon="-123.1232"><ele>0.0</ele></trkpt><trkpt lat="48.62334" lon="-123.12499"><ele>0.0</ele></trkpt><trkpt lat="48.623463" lon="-123.12626"><ele>0.0</ele></trkpt><trkpt lat="48.623455" lon="-123.12676"><ele>0.0</ele></trkpt><trkpt lat="48.62347" lon="-123.12725"><ele>0.0</ele></trkpt><trkpt lat="48.623528" lon="-123.12778"><ele>0.0</ele></trkpt><trkpt lat="48.62363" lon="-123.12831"><ele>0.0</ele></trkpt><trkpt lat="48.623676" lon="-123.12871"><ele>0.0</ele></trkpt><trkpt lat="48.623737" lon="-123.129555"><ele>0.0</ele></trkpt><trkpt lat="48.62374" lon="-123.12994"><ele>0.0</ele></trkpt><trkpt lat="48.623768" lon="-123.13031"><ele>0.0</ele></trkpt><trkpt lat="48.62376" lon="-123.13068"><ele>0.0</ele></trkpt><trkpt lat="48.623775" lon="-123.13124"><ele>0.0</ele></trkpt><trkpt lat="48.623802" lon="-123.13157"><ele>0.0</ele></trkpt><trkpt lat="48.623894" lon="-123.13208"><ele>0.0</ele></trkpt><trkpt lat="48.623898" lon="-123.132454"><ele>0.0</ele></trkpt><trkpt lat="48.62392" lon="-123.13286"><ele>0.0</ele></trkpt><trkpt lat="48.62398" lon="-123.133286"><ele>0.0</ele></trkpt><trkpt lat="48.624153" lon="-123.1342"><ele>0.0</ele></trkpt><trkpt lat="48.624245" lon="-123.13451"><ele>0.0</ele></trkpt><trkpt lat="48.624306" lon="-123.135254"><ele>0.0</ele></trkpt><trkpt lat="48.624207" lon="-123.13578"><ele>0.0</ele></trkpt><trkpt lat="48.624176" lon="-123.13618"><ele>0.0</ele></trkpt><trkpt lat="48.624187" lon="-123.13635"><ele>0.0</ele></trkpt><trkpt lat="48.624165" lon="-123.13642"><ele>0.0</ele></trkpt><trkpt lat="48.624176" lon="-123.1363"><ele>0.0</ele></trkpt><trkpt lat="48.624218" lon="-123.136734"><ele>0.0</ele></trkpt><trkpt lat="48.62427" lon="-123.1369"><ele>0.0</ele></trkpt><trkpt lat="48.62428" lon="-123.13709"><ele>0.0</ele></trkpt><trkpt lat="48.624474" lon="-123.13786"><ele>0.0</ele></trkpt><trkpt lat="48.624508" lon="-123.13803"><ele>0.0</ele></trkpt><trkpt lat="48.624523" lon="-123.138245"><ele>0.0</ele></trkpt><trkpt lat="48.62458" lon="-123.13847"><ele>0.0</ele></trkpt><trkpt lat="48.624577" lon="-123.13924"><ele>0.0</ele></trkpt><trkpt lat="48.62461" lon="-123.13951"><ele>0.0</ele></trkpt><trkpt lat="48.624596" lon="-123.13979"><ele>0.0</ele></trkpt><trkpt lat="48.624657" lon="-123.14003"><ele>0.0</ele></trkpt><trkpt lat="48.62467" lon="-123.14041"><ele>0.0</ele></trkpt><trkpt lat="48.624706" lon="-123.140724"><ele>0.0</ele></trkpt><trkpt lat="48.624775" lon="-123.141014"><ele>0.0</ele></trkpt><trkpt lat="48.62487" lon="-123.1419"><ele>0.0</ele></trkpt><trkpt lat="48.624893" lon="-123.14301"><ele>0.0</ele></trkpt><trkpt lat="48.62491" lon="-123.14327"><ele>0.0</ele></trkpt><trkpt lat="48.624958" lon="-123.14356"><ele>0.0</ele></trkpt><trkpt lat="48.624966" lon="-123.1439"><ele>0.0</ele></trkpt><trkpt lat="48.625008" lon="-123.1442"><ele>0.0</ele></trkpt><trkpt lat="48.625107" lon="-123.14457"><ele>0.0</ele></trkpt><trkpt lat="48.62517" lon="-123.14491"><ele>0.0</ele></trkpt><trkpt lat="48.625214" lon="-123.1459"><ele>0.0</ele></trkpt><trkpt lat="48.625294" lon="-123.146454"><ele>0.0</ele></trkpt><trkpt lat="48.625393" lon="-123.14668"><ele>0.0</ele></trkpt><trkpt lat="48.625435" lon="-123.14693"><ele>0.0</ele></trkpt><trkpt lat="48.625366" lon="-123.147385"><ele>0.0</ele></trkpt><trkpt lat="48.625362" lon="-123.147675"><ele>0.0</ele></trkpt><trkpt lat="48.625378" lon="-123.14827"><ele>0.0</ele></trkpt><trkpt lat="48.62536" lon="-123.14859"><ele>0.0</ele></trkpt><trkpt lat="48.625423" lon="-123.14882"><ele>0.0</ele></trkpt><trkpt lat="48.625404" lon="-123.14904"><ele>0.0</ele></trkpt><trkpt lat="48.625328" lon="-123.149345"><ele>0.0</ele></trkpt><trkpt lat="48.625256" lon="-123.14975"><ele>0.0</ele></trkpt><trkpt lat="48.624863" lon="-123.15094"><ele>0.0</ele></trkpt><trkpt lat="48.62449" lon="-123.15184"><ele>0.0</ele></trkpt><trkpt lat="48.624317" lon="-123.152336"><ele>0.0</ele></trkpt><trkpt lat="48.62409" lon="-123.152756"><ele>0.0</ele></trkpt><trkpt lat="48.623894" lon="-123.15321"><ele>0.0</ele></trkpt><trkpt lat="48.623665" lon="-123.15363"><ele>1.0</ele></trkpt><trkpt lat="48.62315" lon="-123.15482"><ele>1.0</ele></trkpt><trkpt lat="48.62296" lon="-123.15522"><ele>1.0</ele></trkpt><trkpt lat="48.62258" lon="-123.1562"><ele>1.0</ele></trkpt><trkpt lat="48.622437" lon="-123.15664"><ele>1.0</ele></trkpt><trkpt lat="48.62201" lon="-123.15768"><ele>1.3691574984682724</ele></trkpt><trkpt lat="48.62172" lon="-123.158485"><ele>1.4570214407022566</ele></trkpt><trkpt lat="48.621655" lon="-123.15884"><ele>2.0</ele></trkpt><trkpt lat="48.621525" lon="-123.15931"><ele>2.0</ele></trkpt><trkpt lat="48.621353" lon="-123.15988"><ele>2.0</ele></trkpt><trkpt lat="48.62115" lon="-123.16048"><ele>2.0</ele></trkpt><trkpt lat="48.621014" lon="-123.161"><ele>2.0</ele></trkpt><trkpt lat="48.620804" lon="-123.16208"><ele>2.0</ele></trkpt><trkpt lat="48.62066" lon="-123.16262"><ele>2.0</ele></trkpt><trkpt lat="48.620358" lon="-123.163506"><ele>2.0</ele></trkpt><trkpt lat="48.620243" lon="-123.16395"><ele>2.0</ele></trkpt><trkpt lat="48.620136" lon="-123.16425"><ele>2.0</ele></trkpt><trkpt lat="48.619804" lon="-123.164955"><ele>2.0</ele></trkpt><trkpt lat="48.61958" lon="-123.165344"><ele>2.0</ele></trkpt><trkpt lat="48.619377" lon="-123.165665"><ele>2.0</ele></trkpt><trkpt lat="48.619205" lon="-123.16599"><ele>2.0</ele></trkpt><trkpt lat="48.618954" lon="-123.16633"><ele>2.0</ele></trkpt><trkpt lat="48.618786" lon="-123.16659"><ele>2.0</ele></trkpt><trkpt lat="48.61877" lon="-123.16689"><ele>2.0</ele></trkpt><trkpt lat="48.618793" lon="-123.16701"><ele>2.0</ele></trkpt><trkpt lat="48.6188" lon="-123.16735"><ele>2.0</ele></trkpt><trkpt lat="48.618946" lon="-123.16774"><ele>2.0</ele></trkpt><trkpt lat="48.618988" lon="-123.16828"><ele>2.0</ele></trkpt><trkpt lat="48.618736" lon="-123.16853"><ele>2.0</ele></trkpt><trkpt lat="48.61844" lon="-123.16863"><ele>2.0</ele></trkpt><trkpt lat="48.61816" lon="-123.16849"><ele>2.0</ele></trkpt><trkpt lat="48.618027" lon="-123.16818"><ele>2.0</ele></trkpt><trkpt lat="48.61807" lon="-123.16786"><ele>2.0533736760563555</ele></trkpt><trkpt lat="48.618053" lon="-123.16787"><ele>2.0</ele></trkpt><trkpt lat="48.618095" lon="-123.16784"><ele>3.0</ele></trkpt><trkpt lat="48.61808" lon="-123.16783"><ele>2.9939814785487777</ele></trkpt><trkpt lat="48.618084" lon="-123.16782"><ele>3.0</ele></trkpt><trkpt lat="48.618095" lon="-123.16788"><ele>2.290033948386747</ele></trkpt><trkpt lat="48.618076" lon="-123.16787"><ele>2.0</ele></trkpt><trkpt lat="48.618095" lon="-123.16784"><ele>3.0</ele></trkpt><trkpt lat="48.618076" lon="-123.16784"><ele>2.739697995722752</ele></trkpt><trkpt lat="48.61811" lon="-123.1678"><ele>3.0</ele></trkpt><trkpt lat="48.618168" lon="-123.16781"><ele>3.0</ele></trkpt><trkpt lat="48.618134" lon="-123.16781"><ele>3.0</ele></trkpt><trkpt lat="48.618122" lon="-123.16777"><ele>3.0</ele></trkpt><trkpt lat="48.61816" lon="-123.1678"><ele>3.0</ele></trkpt><trkpt lat="48.618122" lon="-123.16778"><ele>3.0</ele></trkpt><trkpt lat="48.618134" lon="-123.16777"><ele>3.0</ele></trkpt><trkpt lat="48.61812" lon="-123.16781"><ele>3.0</ele></trkpt><trkpt lat="48.618145" lon="-123.1678"><ele>3.0</ele></trkpt><trkpt lat="48.618145" lon="-123.16778"><ele>3.0</ele></trkpt><trkpt lat="48.61819" lon="-123.167755"><ele>3.0</ele></trkpt><trkpt lat="48.618282" lon="-123.16766"><ele>4.0</ele></trkpt><trkpt lat="48.618332" lon="-123.1675"><ele>4.750498538836837</ele></trkpt><trkpt lat="48.618443" lon="-123.167496"><ele>4.0</ele></trkpt><trkpt lat="48.618446" lon="-123.16747"><ele>4.0</ele></trkpt></trkseg></trk><trk><name>2018-07-04 10:59:41</name><extensions><gpxx:TrackExtension><gpxx:DisplayColor>DarkBlue</gpxx:DisplayColor></gpxx:TrackExtension></extensions><trkseg><trkpt lat="48.67681" lon="-123.19989"><ele>23.0</ele></trkpt><trkpt lat="48.676853" lon="-123.20006"><ele>25.318645544350147</ele></trkpt><trkpt lat="48.676823" lon="-123.19999"><ele>25.17618844471872</ele></trkpt><trkpt lat="48.676853" lon="-123.19997"><ele>24.318645544350147</ele></trkpt><trkpt lat="48.676838" lon="-123.1998"><ele>21.0</ele></trkpt><trkpt lat="48.676876" lon="-123.1998"><ele>20.0</ele></trkpt><trkpt lat="48.676876" lon="-123.19987"><ele>22.0</ele></trkpt><trkpt lat="48.67686" lon="-123.19989"><ele>22.0</ele></trkpt><trkpt lat="48.676807" lon="-123.19984"><ele>23.0</ele></trkpt><trkpt lat="48.676804" lon="-123.19988"><ele>23.0</ele></trkpt><trkpt lat="48.67681" lon="-123.19984"><ele>23.0</ele></trkpt><trkpt lat="48.6768" lon="-123.19986"><ele>23.059306723996997</ele></trkpt><trkpt lat="48.67682" lon="-123.199905"><ele>23.429802666418254</ele></trkpt><trkpt lat="48.676792" lon="-123.19986"><ele>23.623934485018253</ele></trkpt><trkpt lat="48.676785" lon="-123.199875"><ele>24.0</ele></trkpt><trkpt lat="48.67675" lon="-123.19984"><ele>24.0</ele></trkpt><trkpt lat="48.676777" lon="-123.19984"><ele>24.0</ele></trkpt><trkpt lat="48.676815" lon="-123.19989"><ele>23.0</ele></trkpt><trkpt lat="48.67682" lon="-123.19994"><ele>25.0</ele></trkpt><trkpt lat="48.676765" lon="-123.1999"><ele>24.0</ele></trkpt><trkpt lat="48.676796" lon="-123.19997"><ele>25.341620614752173</ele></trkpt><trkpt lat="48.676815" lon="-123.19996"><ele>25.0</ele></trkpt><trkpt lat="48.676807" lon="-123.199875"><ele>23.0</ele></trkpt><trkpt lat="48.676773" lon="-123.19984"><ele>24.0</ele></trkpt><trkpt lat="48.676666" lon="-123.1996"><ele>21.0</ele></trkpt><trkpt lat="48.67663" lon="-123.19945"><ele>18.0</ele></trkpt><trkpt lat="48.67668" lon="-123.19926"><ele>15.0</ele></trkpt><trkpt lat="48.67673" lon="-123.19915"><ele>13.999796591699123</ele></trkpt><trkpt lat="48.67684" lon="-123.199066"><ele>12.0</ele></trkpt><trkpt lat="48.67702" lon="-123.19908"><ele>8.064016330987215</ele></trkpt><trkpt lat="48.677113" lon="-123.19915"><ele>7.0</ele></trkpt><trkpt lat="48.67703" lon="-123.19918"><ele>9.0</ele></trkpt><trkpt lat="48.677063" lon="-123.19925"><ele>10.0</ele></trkpt><trkpt lat="48.67705" lon="-123.199135"><ele>7.660600888542831</ele></trkpt><trkpt lat="48.67707" lon="-123.19908"><ele>7.0</ele></trkpt><trkpt lat="48.67709" lon="-123.199066"><ele>5.0</ele></trkpt><trkpt lat="48.677128" lon="-123.19909"><ele>4.818982660770416</ele></trkpt><trkpt lat="48.677097" lon="-123.199066"><ele>5.0</ele></trkpt><trkpt lat="48.67708" lon="-123.19908"><ele>5.594557221978903</ele></trkpt><trkpt lat="48.677074" lon="-123.19904"><ele>5.162255370989442</ele></trkpt><trkpt lat="48.677036" lon="-123.19908"><ele>7.0</ele></trkpt><trkpt lat="48.677116" lon="-123.19907"><ele>5.0</ele></trkpt><trkpt lat="48.677193" lon="-123.199005"><ele>0.3218575790524483</ele></trkpt><trkpt lat="48.677402" lon="-123.19903"><ele>0.0</ele></trkpt><trkpt lat="48.677685" lon="-123.19892"><ele>0.0</ele></trkpt><trkpt lat="48.67776" lon="-123.19896"><ele>0.0</ele></trkpt><trkpt lat="48.67777" lon="-123.1989"><ele>0.0</ele></trkpt><trkpt lat="48.677814" lon="-123.19883"><ele>0.0</ele></trkpt><trkpt lat="48.678024" lon="-123.198746"><ele>0.0</ele></trkpt><trkpt lat="48.67841" lon="-123.19887"><ele>0.0</ele></trkpt><trkpt lat="48.678673" lon="-123.198906"><ele>0.0</ele></trkpt><trkpt lat="48.67879" lon="-123.199"><ele>0.0</ele></trkpt><trkpt lat="48.67932" lon="-123.19906"><ele>0.0</ele></trkpt><trkpt lat="48.67955" lon="-123.19912"><ele>0.0</ele></trkpt><trkpt lat="48.680336" lon="-123.199165"><ele>0.0</ele></trkpt><trkpt lat="48.680584" lon="-123.19922"><ele>0.0</ele></trkpt><trkpt lat="48.680798" lon="-123.199295"><ele>0.0</ele></trkpt><trkpt lat="48.68085" lon="-123.19933"><ele>0.0</ele></trkpt><trkpt lat="48.681404" lon="-123.19948"><ele>0.0</ele></trkpt><trkpt lat="48.682415" lon="-123.19987"><ele>0.0</ele></trkpt><trkpt lat="48.682888" lon="-123.19961"><ele>0.0</ele></trkpt><trkpt lat="48.68314" lon="-123.19951"><ele>0.0</ele></trkpt><trkpt lat="48.683594" lon="-123.19923"><ele>0.0</ele></trkpt><trkpt lat="48.68426" lon="-123.19871"><ele>0.0</ele></trkpt><trkpt lat="48.684364" lon="-123.19861"><ele>0.0</ele></trkpt><trkpt lat="48.684742" lon="-123.1984"><ele>0.0</ele></trkpt><trkpt lat="48.684937" lon="-123.19824"><ele>0.0</ele></trkpt><trkpt lat="48.685097" lon="-123.19793"><ele>0.0</ele></trkpt><trkpt lat="48.685207" lon="-123.19762"><ele>0.0</ele></trkpt><trkpt lat="48.685265" lon="-123.19736"><ele>0.0</ele></trkpt><trkpt lat="48.68527" lon="-123.19722"><ele>0.0</ele></trkpt><trkpt lat="48.685406" lon="-123.19642"><ele>0.0</ele></trkpt><trkpt lat="48.68546" lon="-123.19589"><ele>0.0</ele></trkpt><trkpt lat="48.685463" lon="-123.19547"><ele>0.0</ele></trkpt><trkpt lat="48.68544" lon="-123.19504"><ele>0.0</ele></trkpt><trkpt lat="48.685455" lon="-123.19465"><ele>0.0</ele></trkpt><trkpt lat="48.685505" lon="-123.19424"><ele>0.0</ele></trkpt><trkpt lat="48.68549" lon="-123.19348"><ele>0.0</ele></trkpt><trkpt lat="48.68552" lon="-123.19233"><ele>0.0</ele></trkpt><trkpt lat="48.685543" lon="-123.19189"><ele>0.0</ele></trkpt><trkpt lat="48.685635" lon="-123.19123"><ele>0.0</ele></trkpt><trkpt lat="48.685646" lon="-123.19079"><ele>0.0</ele></trkpt><trkpt lat="48.68554" lon="-123.18918"><ele>0.0</ele></trkpt><trkpt lat="48.685463" lon="-123.18876"><ele>0.0</ele></trkpt><trkpt lat="48.68537" lon="-123.188065"><ele>0.0</ele></trkpt><trkpt lat="48.685246" lon="-123.18747"><ele>0.0</ele></trkpt><trkpt lat="48.68518" lon="-123.187065"><ele>0.0</ele></trkpt><trkpt lat="48.685146" lon="-123.18667"><ele>0.0</ele></trkpt><trkpt lat="48.685066" lon="-123.18601"><ele>0.0</ele></trkpt><trkpt lat="48.68498" lon="-123.18569"><ele>0.0</ele></trkpt><trkpt lat="48.684868" lon="-123.185356"><ele>0.0</ele></trkpt><trkpt lat="48.684486" lon="-123.18442"><ele>0.0</ele></trkpt><trkpt lat="48.684246" lon="-123.183754"><ele>0.0</ele></trkpt><trkpt lat="48.683907" lon="-123.18307"><ele>0.0</ele></trkpt><trkpt lat="48.683834" lon="-123.18272"><ele>0.0</ele></trkpt><trkpt lat="48.683685" lon="-123.18248"><ele>0.0</ele></trkpt><trkpt lat="48.683445" lon="-123.18195"><ele>0.0</ele></trkpt><trkpt lat="48.68329" lon="-123.181656"><ele>0.0</ele></trkpt><trkpt lat="48.683216" lon="-123.18142"><ele>0.0</ele></trkpt><trkpt lat="48.682957" lon="-123.18084"><ele>0.0</ele></trkpt><trkpt lat="48.68272" lon="-123.180374"><ele>0.0</ele></trkpt><trkpt lat="48.68253" lon="-123.1799"><ele>0.0</ele></trkpt><trkpt lat="48.682014" lon="-123.17896"><ele>0.0</ele></trkpt><trkpt lat="48.68187" lon="-123.17874"><ele>0.0</ele></trkpt><trkpt lat="48.68157" lon="-123.177986"><ele>0.0</ele></trkpt><trkpt lat="48.68138" lon="-123.17746"><ele>0.0</ele></trkpt><trkpt lat="48.681328" lon="-123.17717"><ele>0.0</ele></trkpt><trkpt lat="48.681107" lon="-123.17648"><ele>0.0</ele></trkpt><trkpt lat="48.681" lon="-123.17605"><ele>0.0</ele></trkpt><trkpt lat="48.68063" lon="-123.1743"><ele>0.0</ele></trkpt><trkpt lat="48.680412" lon="-123.17354"><ele>0.0</ele></trkpt><trkpt lat="48.68015" lon="-123.17285"><ele>0.0</ele></trkpt><trkpt lat="48.679955" lon="-123.1722"><ele>0.0</ele></trkpt><trkpt lat="48.68" lon="-123.17222"><ele>0.0</ele></trkpt><trkpt lat="48.680008" lon="-123.17217"><ele>0.0</ele></trkpt><trkpt lat="48.679897" lon="-123.17179"><ele>0.0</ele></trkpt><trkpt lat="48.67979" lon="-123.17158"><ele>0.0</ele></trkpt><trkpt lat="48.679672" lon="-123.17154"><ele>0.0</ele></trkpt><trkpt lat="48.67944" lon="-123.17138"><ele>0.0</ele></trkpt><trkpt lat="48.67939" lon="-123.170944"><ele>0.0</ele></trkpt><trkpt lat="48.67913" lon="-123.17031"><ele>0.0</ele></trkpt><trkpt lat="48.678967" lon="-123.170006"><ele>0.0</ele></trkpt><trkpt lat="48.678696" lon="-123.16939"><ele>0.0</ele></trkpt><trkpt lat="48.678436" lon="-123.16888"><ele>0.0</ele></trkpt><trkpt lat="48.678" lon="-123.1681"><ele>0.0</ele></trkpt><trkpt lat="48.677616" lon="-123.167305"><ele>0.0</ele></trkpt><trkpt lat="48.677383" lon="-123.16688"><ele>0.0</ele></trkpt><trkpt lat="48.67714" lon="-123.16635"><ele>0.0</ele></trkpt><trkpt lat="48.676987" lon="-123.166084"><ele>0.0</ele></trkpt><trkpt lat="48.67674" lon="-123.165405"><ele>0.0</ele></trkpt><trkpt lat="48.676613" lon="-123.16517"><ele>0.0</ele></trkpt><trkpt lat="48.676437" lon="-123.1649"><ele>0.0</ele></trkpt><trkpt lat="48.676186" lon="-123.16442"><ele>0.0</ele></trkpt><trkpt lat="48.67539" lon="-123.16304"><ele>0.0</ele></trkpt><trkpt lat="48.675262" lon="-123.16272"><ele>0.0</ele></trkpt><trkpt lat="48.67477" lon="-123.1619"><ele>0.0</ele></trkpt><trkpt lat="48.67425" lon="-123.16097"><ele>0.0</ele></trkpt><trkpt lat="48.674095" lon="-123.16066"><ele>0.0</ele></trkpt><trkpt lat="48.674015" lon="-123.16037"><ele>0.0</ele></trkpt><trkpt lat="48.673878" lon="-123.160034"><ele>0.0</ele></trkpt><trkpt lat="48.673534" lon="-123.15942"><ele>0.0</ele></trkpt><trkpt lat="48.673294" lon="-123.1588"><ele>0.0</ele></trkpt><trkpt lat="48.673126" lon="-123.15845"><ele>0.0</ele></trkpt><trkpt lat="48.672825" lon="-123.15766"><ele>0.0</ele></trkpt><trkpt lat="48.672752" lon="-123.15721"><ele>0.0</ele></trkpt><trkpt lat="48.67267" lon="-123.15683"><ele>0.0</ele></trkpt><trkpt lat="48.67256" lon="-123.15645"><ele>0.0</ele></trkpt><trkpt lat="48.67231" lon="-123.15575"><ele>0.0</ele></trkpt><trkpt lat="48.672157" lon="-123.15524"><ele>0.0</ele></trkpt><trkpt lat="48.672024" lon="-123.15488"><ele>0.0</ele></trkpt><trkpt lat="48.671753" lon="-123.15433"><ele>0.0</ele></trkpt><trkpt lat="48.671597" lon="-123.15395"><ele>0.0</ele></trkpt><trkpt lat="48.671444" lon="-123.15353"><ele>0.0</ele></trkpt><trkpt lat="48.671223" lon="-123.15274"><ele>0.0</ele></trkpt><trkpt lat="48.6711" lon="-123.152374"><ele>0.0</ele></trkpt><trkpt lat="48.670486" lon="-123.15084"><ele>0.0</ele></trkpt><trkpt lat="48.67035" lon="-123.15043"><ele>0.0</ele></trkpt><trkpt lat="48.669796" lon="-123.14926"><ele>0.0</ele></trkpt><trkpt lat="48.66966" lon="-123.14882"><ele>0.0</ele></trkpt><trkpt lat="48.669594" lon="-123.148476"><ele>0.0</ele></trkpt><trkpt lat="48.66956" lon="-123.1481"><ele>0.0</ele></trkpt><trkpt lat="48.669476" lon="-123.14768"><ele>0.0</ele></trkpt><trkpt lat="48.66933" lon="-123.14731"><ele>0.0</ele></trkpt><trkpt lat="48.66917" lon="-123.14695"><ele>0.0</ele></trkpt><trkpt lat="48.669094" lon="-123.14652"><ele>0.0</ele></trkpt><trkpt lat="48.66898" lon="-123.14606"><ele>0.0</ele></trkpt><trkpt lat="48.668617" lon="-123.1449"><ele>0.0</ele></trkpt><trkpt lat="48.668488" lon="-123.144516"><ele>0.0</ele></trkpt><trkpt lat="48.667953" lon="-123.14334"><ele>0.0</ele></trkpt><trkpt lat="48.667442" lon="-123.142044"><ele>0.0</ele></trkpt><trkpt lat="48.66726" lon="-123.14141"><ele>0.0</ele></trkpt><trkpt lat="48.666622" lon="-123.13989"><ele>0.0</ele></trkpt><trkpt lat="48.66643" lon="-123.13939"><ele>0.0</ele></trkpt><trkpt lat="48.666256" lon="-123.13904"><ele>0.0</ele></trkpt><trkpt lat="48.666107" lon="-123.13857"><ele>0.0</ele></trkpt><trkpt lat="48.665874" lon="-123.13772"><ele>0.0</ele></trkpt><trkpt lat="48.665497" lon="-123.13644"><ele>0.0</ele></trkpt><trkpt lat="48.665417" lon="-123.136"><ele>0.0</ele></trkpt><trkpt lat="48.665287" lon="-123.135506"><ele>0.0</ele></trkpt><trkpt lat="48.665047" lon="-123.13474"><ele>0.0</ele></trkpt><trkpt lat="48.664936" lon="-123.13429"><ele>0.0</ele></trkpt><trkpt lat="48.664867" lon="-123.13387"><ele>0.0</ele></trkpt><trkpt lat="48.66485" lon="-123.13353"><ele>0.0</ele></trkpt><trkpt lat="48.66443" lon="-123.13159"><ele>0.0</ele></trkpt><trkpt lat="48.664238" lon="-123.13076"><ele>0.0</ele></trkpt><trkpt lat="48.664124" lon="-123.13042"><ele>0.0</ele></trkpt><trkpt lat="48.663822" lon="-123.129105"><ele>0.0</ele></trkpt><trkpt lat="48.66371" lon="-123.128746"><ele>0.0</ele></trkpt><trkpt lat="48.663635" lon="-123.12835"><ele>0.0</ele></trkpt><trkpt lat="48.663628" lon="-123.12808"><ele>0.0</ele></trkpt><trkpt lat="48.663593" lon="-123.1277"><ele>0.0</ele></trkpt><trkpt lat="48.663517" lon="-123.12709"><ele>0.0</ele></trkpt><trkpt lat="48.66341" lon="-123.12646"><ele>0.0</ele></trkpt><trkpt lat="48.663372" lon="-123.12588"><ele>0.0</ele></trkpt><trkpt lat="48.66326" lon="-123.12506"><ele>0.0</ele></trkpt><trkpt lat="48.66318" lon="-123.12423"><ele>0.0</ele></trkpt><trkpt lat="48.66297" lon="-123.12274"><ele>0.0</ele></trkpt><trkpt lat="48.66293" lon="-123.12206"><ele>0.0</ele></trkpt><trkpt lat="48.66273" lon="-123.1211"><ele>0.0</ele></trkpt><trkpt lat="48.662685" lon="-123.12062"><ele>0.0</ele></trkpt><trkpt lat="48.662632" lon="-123.12033"><ele>0.0</ele></trkpt><trkpt lat="48.66259" lon="-123.119835"><ele>0.0</ele></trkpt><trkpt lat="48.662548" lon="-123.11957"><ele>0.0</ele></trkpt><trkpt lat="48.66246" lon="-123.11911"><ele>0.0</ele></trkpt><trkpt lat="48.662365" lon="-123.11882"><ele>0.0</ele></trkpt><trkpt lat="48.662205" lon="-123.11787"><ele>0.0</ele></trkpt><trkpt lat="48.662117" lon="-123.11759"><ele>0.0</ele></trkpt><trkpt lat="48.661873" lon="-123.11657"><ele>0.0</ele></trkpt><trkpt lat="48.661858" lon="-123.116356"><ele>0.0</ele></trkpt><trkpt lat="48.661793" lon="-123.116104"><ele>0.0</ele></trkpt><trkpt lat="48.661755" lon="-123.11582"><ele>0.0</ele></trkpt><trkpt lat="48.661663" lon="-123.115585"><ele>0.0</ele></trkpt><trkpt lat="48.66162" lon="-123.11534"><ele>0.0</ele></trkpt><trkpt lat="48.661243" lon="-123.11409"><ele>0.0</ele></trkpt><trkpt lat="48.661137" lon="-123.11367"><ele>0.0</ele></trkpt><trkpt lat="48.660778" lon="-123.11261"><ele>0.0</ele></trkpt><trkpt lat="48.66027" lon="-123.111305"><ele>0.0</ele></trkpt><trkpt lat="48.660164" lon="-123.11091"><ele>0.0</ele></trkpt><trkpt lat="48.66014" lon="-123.11053"><ele>0.0</ele></trkpt><trkpt lat="48.660095" lon="-123.11029"><ele>0.0</ele></trkpt><trkpt lat="48.65993" lon="-123.10976"><ele>0.0</ele></trkpt><trkpt lat="48.65982" lon="-123.109436"><ele>0.0</ele></trkpt><trkpt lat="48.65962" lon="-123.10905"><ele>0.0</ele></trkpt><trkpt lat="48.659546" lon="-123.10871"><ele>0.0</ele></trkpt><trkpt lat="48.65953" lon="-123.108505"><ele>0.0</ele></trkpt><trkpt lat="48.65945" lon="-123.108246"><ele>0.0</ele></trkpt><trkpt lat="48.659294" lon="-123.10792"><ele>0.0</ele></trkpt><trkpt lat="48.659233" lon="-123.10784"><ele>0.0</ele></trkpt><trkpt lat="48.65908" lon="-123.10757"><ele>0.0</ele></trkpt><trkpt lat="48.65891" lon="-123.1071"><ele>0.0</ele></trkpt><trkpt lat="48.65886" lon="-123.10691"><ele>0.0</ele></trkpt><trkpt lat="48.658783" lon="-123.10674"><ele>0.0</ele></trkpt><trkpt lat="48.658607" lon="-123.10651"><ele>0.0</ele></trkpt><trkpt lat="48.658455" lon="-123.10615"><ele>0.0</ele></trkpt><trkpt lat="48.658375" lon="-123.10603"><ele>0.0</ele></trkpt><trkpt lat="48.658195" lon="-123.10569"><ele>0.0</ele></trkpt><trkpt lat="48.65798" lon="-123.10514"><ele>0.0</ele></trkpt><trkpt lat="48.65783" lon="-123.104904"><ele>0.0</ele></trkpt><trkpt lat="48.6578" lon="-123.10475"><ele>0.0</ele></trkpt><trkpt lat="48.65763" lon="-123.10449"><ele>0.0</ele></trkpt><trkpt lat="48.65758" lon="-123.104324"><ele>0.0</ele></trkpt><trkpt lat="48.65749" lon="-123.1042"><ele>0.0</ele></trkpt><trkpt lat="48.65744" lon="-123.10409"><ele>0.0</ele></trkpt><trkpt lat="48.65736" lon="-123.10397"><ele>0.0</ele></trkpt><trkpt lat="48.657295" lon="-123.10368"><ele>0.0</ele></trkpt><trkpt lat="48.657124" lon="-123.10347"><ele>0.0</ele></trkpt><trkpt lat="48.657047" lon="-123.10332"><ele>0.0</ele></trkpt><trkpt lat="48.65695" lon="-123.103195"><ele>0.0</ele></trkpt><trkpt lat="48.65657" lon="-123.10244"><ele>0.0</ele></trkpt><trkpt lat="48.65645" lon="-123.10215"><ele>0.0</ele></trkpt><trkpt lat="48.656384" lon="-123.10193"><ele>0.0</ele></trkpt><trkpt lat="48.656292" lon="-123.101814"><ele>0.0</ele></trkpt><trkpt lat="48.656197" lon="-123.10127"><ele>0.0</ele></trkpt><trkpt lat="48.65612" lon="-123.10111"><ele>0.0</ele></trkpt><trkpt lat="48.65591" lon="-123.10049"><ele>0.0</ele></trkpt><trkpt lat="48.65595" lon="-123.10043"><ele>0.0</ele></trkpt><trkpt lat="48.656025" lon="-123.10043"><ele>0.0</ele></trkpt><trkpt lat="48.65606" lon="-123.10033"><ele>0.0</ele></trkpt><trkpt lat="48.656006" lon="-123.100204"><ele>0.0</ele></trkpt><trkpt lat="48.65581" lon="-123.0999"><ele>0.0</ele></trkpt><trkpt lat="48.65577" lon="-123.09972"><ele>0.0</ele></trkpt><trkpt lat="48.655773" lon="-123.09942"><ele>0.0</ele></trkpt><trkpt lat="48.655678" lon="-123.09874"><ele>0.0</ele></trkpt><trkpt lat="48.65565" lon="-123.09869"><ele>0.0</ele></trkpt><trkpt lat="48.655617" lon="-123.09839"><ele>0.0</ele></trkpt><trkpt lat="48.65562" lon="-123.098274"><ele>0.0</ele></trkpt><trkpt lat="48.655674" lon="-123.098015"><ele>0.0</ele></trkpt><trkpt lat="48.65557" lon="-123.09768"><ele>0.0</ele></trkpt><trkpt lat="48.65552" lon="-123.09743"><ele>0.0</ele></trkpt><trkpt lat="48.65544" lon="-123.09725"><ele>0.0</ele></trkpt><trkpt lat="48.655384" lon="-123.09705"><ele>0.0</ele></trkpt><trkpt lat="48.655342" lon="-123.096855"><ele>0.0</ele></trkpt><trkpt lat="48.65533" lon="-123.09619"><ele>0.0</ele></trkpt><trkpt lat="48.655273" lon="-123.09601"><ele>0.0</ele></trkpt><trkpt lat="48.655235" lon="-123.09578"><ele>0.0</ele></trkpt><trkpt lat="48.655098" lon="-123.09537"><ele>0.0</ele></trkpt><trkpt lat="48.655075" lon="-123.095245"><ele>0.0</ele></trkpt><trkpt lat="48.655025" lon="-123.09471"><ele>0.0</ele></trkpt><trkpt lat="48.655052" lon="-123.09453"><ele>0.0</ele></trkpt><trkpt lat="48.65486" lon="-123.0933"><ele>0.0</ele></trkpt><trkpt lat="48.65477" lon="-123.09254"><ele>0.0</ele></trkpt><trkpt lat="48.654736" lon="-123.09237"><ele>0.0</ele></trkpt><trkpt lat="48.654694" lon="-123.09194"><ele>0.0</ele></trkpt><trkpt lat="48.65471" lon="-123.09152"><ele>0.0</ele></trkpt><trkpt lat="48.65467" lon="-123.0912"><ele>0.0</ele></trkpt><trkpt lat="48.65468" lon="-123.09102"><ele>0.0</ele></trkpt><trkpt lat="48.65466" lon="-123.0908"><ele>0.0</ele></trkpt><trkpt lat="48.654613" lon="-123.09056"><ele>0.0</ele></trkpt><trkpt lat="48.65461" lon="-123.09032"><ele>0.0</ele></trkpt><trkpt lat="48.654575" lon="-123.089935"><ele>0.0</ele></trkpt><trkpt lat="48.654533" lon="-123.08976"><ele>0.0</ele></trkpt><trkpt lat="48.654537" lon="-123.089584"><ele>0.0</ele></trkpt><trkpt lat="48.65458" lon="-123.08932"><ele>0.0</ele></trkpt><trkpt lat="48.65458" lon="-123.089035"><ele>0.0</ele></trkpt><trkpt lat="48.65456" lon="-123.08878"><ele>0.0</ele></trkpt><trkpt lat="48.65447" lon="-123.088394"><ele>0.0</ele></trkpt><trkpt lat="48.654392" lon="-123.088196"><ele>0.0</ele></trkpt><trkpt lat="48.654373" lon="-123.08807"><ele>0.0</ele></trkpt><trkpt lat="48.654346" lon="-123.08776"><ele>0.0</ele></trkpt><trkpt lat="48.654346" lon="-123.08749"><ele>0.0</ele></trkpt><trkpt lat="48.65428" lon="-123.08677"><ele>0.0</ele></trkpt><trkpt lat="48.654247" lon="-123.08589"><ele>0.0</ele></trkpt><trkpt lat="48.654205" lon="-123.08554"><ele>0.0</ele></trkpt><trkpt lat="48.654152" lon="-123.0849"><ele>0.0</ele></trkpt><trkpt lat="48.654076" lon="-123.084526"><ele>0.0</ele></trkpt><trkpt lat="48.654064" lon="-123.08436"><ele>0.0</ele></trkpt><trkpt lat="48.654057" lon="-123.083725"><ele>0.0</ele></trkpt><trkpt lat="48.654083" lon="-123.08289"><ele>0.0</ele></trkpt><trkpt lat="48.654064" lon="-123.08275"><ele>0.0</ele></trkpt><trkpt lat="48.654076" lon="-123.08256"><ele>0.0</ele></trkpt><trkpt lat="48.654045" lon="-123.08215"><ele>0.0</ele></trkpt><trkpt lat="48.65405" lon="-123.08193"><ele>0.0</ele></trkpt><trkpt lat="48.654015" lon="-123.08156"><ele>0.0</ele></trkpt><trkpt lat="48.654003" lon="-123.08151"><ele>0.0</ele></trkpt><trkpt lat="48.65396" lon="-123.081474"><ele>0.0</ele></trkpt><trkpt lat="48.653942" lon="-123.0814"><ele>0.0</ele></trkpt><trkpt lat="48.65385" lon="-123.081184"><ele>0.0</ele></trkpt><trkpt lat="48.653652" lon="-123.08059"><ele>0.0</ele></trkpt><trkpt lat="48.65359" lon="-123.08037"><ele>0.0</ele></trkpt><trkpt lat="48.65356" lon="-123.08013"><ele>0.0</ele></trkpt><trkpt lat="48.653408" lon="-123.07929"><ele>0.0</ele></trkpt><trkpt lat="48.653328" lon="-123.07845"><ele>0.0</ele></trkpt><trkpt lat="48.653175" lon="-123.07759"><ele>0.0</ele></trkpt><trkpt lat="48.65314" lon="-123.07756"><ele>0.0</ele></trkpt><trkpt lat="48.653057" lon="-123.07766"><ele>0.0</ele></trkpt><trkpt lat="48.65299" lon="-123.077644"><ele>0.0</ele></trkpt><trkpt lat="48.65294" lon="-123.07748"><ele>0.0</ele></trkpt><trkpt lat="48.652893" lon="-123.07721"><ele>0.0</ele></trkpt><trkpt lat="48.65277" lon="-123.07669"><ele>0.0</ele></trkpt><trkpt lat="48.652565" lon="-123.07611"><ele>0.0</ele></trkpt><trkpt lat="48.652477" lon="-123.07593"><ele>0.0</ele></trkpt><trkpt lat="48.65201" lon="-123.0748"><ele>0.0</ele></trkpt><trkpt lat="48.651703" lon="-123.074265"><ele>0.0</ele></trkpt><trkpt lat="48.651474" lon="-123.07393"><ele>0.0</ele></trkpt><trkpt lat="48.651375" lon="-123.07373"><ele>0.0</ele></trkpt><trkpt lat="48.651196" lon="-123.07346"><ele>0.0</ele></trkpt><trkpt lat="48.651062" lon="-123.07315"><ele>0.0</ele></trkpt><trkpt lat="48.650974" lon="-123.072784"><ele>0.0</ele></trkpt><trkpt lat="48.650917" lon="-123.07263"><ele>0.0</ele></trkpt><trkpt lat="48.650654" lon="-123.07217"><ele>0.0</ele></trkpt><trkpt lat="48.650177" lon="-123.07152"><ele>0.0</ele></trkpt><trkpt lat="48.649803" lon="-123.07107"><ele>0.0</ele></trkpt><trkpt lat="48.649647" lon="-123.070915"><ele>0.0</ele></trkpt><trkpt lat="48.649197" lon="-123.07062"><ele>0.0</ele></trkpt><trkpt lat="48.64905" lon="-123.07047"><ele>0.0</ele></trkpt><trkpt lat="48.648804" lon="-123.07028"><ele>0.0</ele></trkpt><trkpt lat="48.64869" lon="-123.07033"><ele>0.0</ele></trkpt><trkpt lat="48.648582" lon="-123.070435"><ele>0.0</ele></trkpt><trkpt lat="48.64842" lon="-123.07038"><ele>0.0</ele></trkpt><trkpt lat="48.648132" lon="-123.07016"><ele>0.0</ele></trkpt><trkpt lat="48.64798" lon="-123.07008"><ele>0.0</ele></trkpt><trkpt lat="48.647564" lon="-123.06972"><ele>0.0</ele></trkpt><trkpt lat="48.64725" lon="-123.069336"><ele>0.0</ele></trkpt><trkpt lat="48.646873" lon="-123.06901"><ele>0.0</ele></trkpt><trkpt lat="48.64673" lon="-123.06885"><ele>0.0</ele></trkpt><trkpt lat="48.646595" lon="-123.06869"><ele>0.0</ele></trkpt><trkpt lat="48.646492" lon="-123.068535"><ele>0.0</ele></trkpt><trkpt lat="48.646267" lon="-123.06826"><ele>0.0</ele></trkpt><trkpt lat="48.645947" lon="-123.06792"><ele>0.0</ele></trkpt><trkpt lat="48.64581" lon="-123.067726"><ele>0.0</ele></trkpt><trkpt lat="48.645336" lon="-123.06718"><ele>0.0</ele></trkpt><trkpt lat="48.645096" lon="-123.06678"><ele>0.0</ele></trkpt><trkpt lat="48.644585" lon="-123.06617"><ele>0.0</ele></trkpt><trkpt lat="48.644005" lon="-123.06558"><ele>0.0</ele></trkpt><trkpt lat="48.64381" lon="-123.06535"><ele>0.0</ele></trkpt><trkpt lat="48.643604" lon="-123.06501"><ele>0.0</ele></trkpt><trkpt lat="48.643337" lon="-123.064705"><ele>0.0</ele></trkpt><trkpt lat="48.643013" lon="-123.06426"><ele>0.0</ele></trkpt><trkpt lat="48.64279" lon="-123.06391"><ele>0.0</ele></trkpt><trkpt lat="48.642475" lon="-123.06326"><ele>0.0</ele></trkpt><trkpt lat="48.642357" lon="-123.06307"><ele>0.0</ele></trkpt><trkpt lat="48.642136" lon="-123.062584"><ele>0.0</ele></trkpt><trkpt lat="48.641953" lon="-123.06224"><ele>0.0</ele></trkpt><trkpt lat="48.641705" lon="-123.0619"><ele>0.0</ele></trkpt><trkpt lat="48.64153" lon="-123.06156"><ele>0.0</ele></trkpt><trkpt lat="48.641422" lon="-123.06149"><ele>0.0</ele></trkpt><trkpt lat="48.641216" lon="-123.06123"><ele>0.0</ele></trkpt><trkpt lat="48.641098" lon="-123.06104"><ele>0.0</ele></trkpt><trkpt lat="48.641018" lon="-123.06087"><ele>0.0</ele></trkpt><trkpt lat="48.64082" lon="-123.0606"><ele>0.0</ele></trkpt><trkpt lat="48.640583" lon="-123.060196"><ele>0.0</ele></trkpt><trkpt lat="48.640423" lon="-123.05982"><ele>0.0</ele></trkpt><trkpt lat="48.64034" lon="-123.059685"><ele>0.0</ele></trkpt><trkpt lat="48.640236" lon="-123.059525"><ele>0.0</ele></trkpt><trkpt lat="48.63998" lon="-123.0592"><ele>0.0</ele></trkpt><trkpt lat="48.639286" lon="-123.05807"><ele>0.0</ele></trkpt><trkpt lat="48.63891" lon="-123.05753"><ele>0.0</ele></trkpt><trkpt lat="48.638817" lon="-123.05736"><ele>0.0</ele></trkpt><trkpt lat="48.638737" lon="-123.05714"><ele>0.0</ele></trkpt><trkpt lat="48.63853" lon="-123.05676"><ele>0.0</ele></trkpt><trkpt lat="48.63838" lon="-123.05645"><ele>0.0</ele></trkpt><trkpt lat="48.63825" lon="-123.056305"><ele>0.0</ele></trkpt><trkpt lat="48.638035" lon="-123.055954"><ele>0.0</ele></trkpt><trkpt lat="48.63755" lon="-123.055244"><ele>0.0</ele></trkpt><trkpt lat="48.637474" lon="-123.055084"><ele>0.0</ele></trkpt><trkpt lat="48.6374" lon="-123.05488"><ele>0.0</ele></trkpt><trkpt lat="48.637344" lon="-123.054634"><ele>0.0</ele></trkpt><trkpt lat="48.63721" lon="-123.05424"><ele>0.0</ele></trkpt><trkpt lat="48.637142" lon="-123.054054"><ele>0.0</ele></trkpt><trkpt lat="48.63688" lon="-123.05354"><ele>0.0</ele></trkpt><trkpt lat="48.636818" lon="-123.05337"><ele>0.0</ele></trkpt><trkpt lat="48.63651" lon="-123.05263"><ele>0.0</ele></trkpt><trkpt lat="48.636433" lon="-123.0524"><ele>0.0</ele></trkpt><trkpt lat="48.63557" lon="-123.05066"><ele>0.0</ele></trkpt><trkpt lat="48.635414" lon="-123.05028"><ele>0.0</ele></trkpt><trkpt lat="48.634926" lon="-123.049164"><ele>0.0</ele></trkpt><trkpt lat="48.634804" lon="-123.04915"><ele>0.0</ele></trkpt><trkpt lat="48.634613" lon="-123.04888"><ele>0.0</ele></trkpt><trkpt lat="48.63414" lon="-123.04796"><ele>0.0</ele></trkpt><trkpt lat="48.63407" lon="-123.04776"><ele>0.0</ele></trkpt><trkpt lat="48.63394" lon="-123.04749"><ele>0.0</ele></trkpt><trkpt lat="48.633656" lon="-123.046364"><ele>0.0</ele></trkpt><trkpt lat="48.633617" lon="-123.04603"><ele>0.0</ele></trkpt><trkpt lat="48.633488" lon="-123.04521"><ele>0.0</ele></trkpt><trkpt lat="48.63347" lon="-123.045006"><ele>0.0</ele></trkpt><trkpt lat="48.633545" lon="-123.04416"><ele>0.0</ele></trkpt><trkpt lat="48.633545" lon="-123.043724"><ele>0.0</ele></trkpt><trkpt lat="48.633606" lon="-123.042915"><ele>0.0</ele></trkpt><trkpt lat="48.63362" lon="-123.042206"><ele>0.0</ele></trkpt><trkpt lat="48.6336" lon="-123.04157"><ele>0.0</ele></trkpt><trkpt lat="48.633617" lon="-123.04131"><ele>0.0</ele></trkpt><trkpt lat="48.63363" lon="-123.0404"><ele>0.0</ele></trkpt><trkpt lat="48.633602" lon="-123.04005"><ele>0.0</ele></trkpt><trkpt lat="48.633514" lon="-123.03935"><ele>0.0</ele></trkpt><trkpt lat="48.633617" lon="-123.03846"><ele>0.0</ele></trkpt><trkpt lat="48.633625" lon="-123.03803"><ele>0.0</ele></trkpt><trkpt lat="48.633614" lon="-123.03764"><ele>0.0</ele></trkpt><trkpt lat="48.63366" lon="-123.03738"><ele>0.0</ele></trkpt><trkpt lat="48.63366" lon="-123.03724"><ele>0.0</ele></trkpt><trkpt lat="48.633633" lon="-123.03662"><ele>0.0</ele></trkpt><trkpt lat="48.63367" lon="-123.03617"><ele>0.0</ele></trkpt><trkpt lat="48.63372" lon="-123.035866"><ele>0.0</ele></trkpt><trkpt lat="48.633778" lon="-123.03533"><ele>0.0</ele></trkpt><trkpt lat="48.63384" lon="-123.03454"><ele>0.0</ele></trkpt><trkpt lat="48.63394" lon="-123.034134"><ele>0.0</ele></trkpt><trkpt lat="48.63402" lon="-123.03364"><ele>0.0</ele></trkpt><trkpt lat="48.63402" lon="-123.03347"><ele>0.0</ele></trkpt><trkpt lat="48.63405" lon="-123.03325"><ele>0.0</ele></trkpt><trkpt lat="48.634052" lon="-123.03277"><ele>0.0</ele></trkpt><trkpt lat="48.634094" lon="-123.03248"><ele>0.0</ele></trkpt><trkpt lat="48.634174" lon="-123.032036"><ele>0.0</ele></trkpt><trkpt lat="48.63423" lon="-123.031845"><ele>0.0</ele></trkpt><trkpt lat="48.634274" lon="-123.03156"><ele>0.0</ele></trkpt><trkpt lat="48.63437" lon="-123.03121"><ele>0.0</ele></trkpt><trkpt lat="48.634605" lon="-123.02962"><ele>0.0</ele></trkpt><trkpt lat="48.634624" lon="-123.02937"><ele>0.0</ele></trkpt><trkpt lat="48.63462" lon="-123.02911"><ele>0.0</ele></trkpt><trkpt lat="48.634686" lon="-123.02811"><ele>0.0</ele></trkpt><trkpt lat="48.63471" lon="-123.02791"><ele>0.0</ele></trkpt><trkpt lat="48.634796" lon="-123.02756"><ele>0.0</ele></trkpt><trkpt lat="48.63485" lon="-123.02705"><ele>0.0</ele></trkpt><trkpt lat="48.634922" lon="-123.026596"><ele>0.0</ele></trkpt><trkpt lat="48.635067" lon="-123.02594"><ele>0.0</ele></trkpt><trkpt lat="48.635094" lon="-123.02578"><ele>0.0</ele></trkpt><trkpt lat="48.63509" lon="-123.02543"><ele>0.0</ele></trkpt><trkpt lat="48.635136" lon="-123.02499"><ele>0.0</ele></trkpt><trkpt lat="48.63514" lon="-123.02475"><ele>0.0</ele></trkpt><trkpt lat="48.6352" lon="-123.02424"><ele>2.0</ele></trkpt><trkpt lat="48.635265" lon="-123.023895"><ele>2.0</ele></trkpt><trkpt lat="48.63543" lon="-123.02337"><ele>2.0</ele></trkpt><trkpt lat="48.63561" lon="-123.02297"><ele>2.0</ele></trkpt><trkpt lat="48.63573" lon="-123.02274"><ele>2.0</ele></trkpt><trkpt lat="48.635895" lon="-123.02251"><ele>2.0</ele></trkpt><trkpt lat="48.63631" lon="-123.022026"><ele>2.0</ele></trkpt><trkpt lat="48.63686" lon="-123.02148"><ele>2.0</ele></trkpt><trkpt lat="48.637146" lon="-123.02116"><ele>2.0</ele></trkpt><trkpt lat="48.63735" lon="-123.02085"><ele>2.0</ele></trkpt><trkpt lat="48.637486" lon="-123.02047"><ele>2.0</ele></trkpt><trkpt lat="48.637707" lon="-123.02001"><ele>2.0</ele></trkpt><trkpt lat="48.637817" lon="-123.01982"><ele>2.0</ele></trkpt><trkpt lat="48.638187" lon="-123.019455"><ele>2.0</ele></trkpt><trkpt lat="48.638363" lon="-123.0193"><ele>2.0</ele></trkpt><trkpt lat="48.638515" lon="-123.0192"><ele>2.0</ele></trkpt><trkpt lat="48.63849" lon="-123.01912"><ele>2.0</ele></trkpt><trkpt lat="48.638935" lon="-123.01907"><ele>2.0</ele></trkpt><trkpt lat="48.639153" lon="-123.01897"><ele>2.0</ele></trkpt><trkpt lat="48.639404" lon="-123.01878"><ele>2.0</ele></trkpt><trkpt lat="48.639614" lon="-123.018684"><ele>2.0</ele></trkpt><trkpt lat="48.640198" lon="-123.01848"><ele>2.0</ele></trkpt><trkpt lat="48.64057" lon="-123.01832"><ele>2.0</ele></trkpt><trkpt lat="48.641518" lon="-123.01777"><ele>2.0</ele></trkpt><trkpt lat="48.641647" lon="-123.01767"><ele>2.0</ele></trkpt><trkpt lat="48.642017" lon="-123.01729"><ele>2.0</ele></trkpt><trkpt lat="48.642265" lon="-123.01713"><ele>2.0</ele></trkpt><trkpt lat="48.642883" lon="-123.01655"><ele>2.0</ele></trkpt><trkpt lat="48.64374" lon="-123.01588"><ele>2.0</ele></trkpt><trkpt lat="48.644234" lon="-123.0156"><ele>2.0</ele></trkpt><trkpt lat="48.64473" lon="-123.01545"><ele>2.0</ele></trkpt><trkpt lat="48.6449" lon="-123.015335"><ele>2.0</ele></trkpt><trkpt lat="48.645294" lon="-123.01517"><ele>2.0</ele></trkpt><trkpt lat="48.64552" lon="-123.015045"><ele>2.0</ele></trkpt><trkpt lat="48.645687" lon="-123.015"><ele>2.0</ele></trkpt><trkpt lat="48.645893" lon="-123.01497"><ele>2.0</ele></trkpt><trkpt lat="48.64628" lon="-123.01502"><ele>2.0</ele></trkpt><trkpt lat="48.64642" lon="-123.01499"><ele>2.0</ele></trkpt><trkpt lat="48.64658" lon="-123.01496"><ele>2.0</ele></trkpt><trkpt lat="48.6471" lon="-123.014786"><ele>2.0</ele></trkpt><trkpt lat="48.647884" lon="-123.014595"><ele>2.0</ele></trkpt><trkpt lat="48.648552" lon="-123.0144"><ele>2.0</ele></trkpt><trkpt lat="48.648838" lon="-123.01424"><ele>2.0</ele></trkpt><trkpt lat="48.649" lon="-123.01417"><ele>2.0</ele></trkpt><trkpt lat="48.64915" lon="-123.01426"><ele>2.0</ele></trkpt><trkpt lat="48.649487" lon="-123.013794"><ele>2.0</ele></trkpt><trkpt lat="48.64968" lon="-123.01358"><ele>2.0</ele></trkpt><trkpt lat="48.650055" lon="-123.01323"><ele>2.0</ele></trkpt><trkpt lat="48.650223" lon="-123.0131"><ele>2.0</ele></trkpt><trkpt lat="48.650566" lon="-123.012886"><ele>2.0</ele></trkpt><trkpt lat="48.65084" lon="-123.012764"><ele>2.0</ele></trkpt><trkpt lat="48.65099" lon="-123.01275"><ele>2.0</ele></trkpt><trkpt lat="48.651363" lon="-123.01264"><ele>2.0</ele></trkpt><trkpt lat="48.651726" lon="-123.01237"><ele>2.0</ele></trkpt><trkpt lat="48.652245" lon="-123.01215"><ele>2.0</ele></trkpt><trkpt lat="48.65261" lon="-123.01195"><ele>2.0</ele></trkpt><trkpt lat="48.65281" lon="-123.0119"><ele>2.0</ele></trkpt><trkpt lat="48.652935" lon="-123.01184"><ele>2.0</ele></trkpt><trkpt lat="48.653122" lon="-123.01169"><ele>2.0</ele></trkpt><trkpt lat="48.653084" lon="-123.0117"><ele>2.0</ele></trkpt><trkpt lat="48.65307" lon="-123.01166"><ele>2.0</ele></trkpt><trkpt lat="48.6532" lon="-123.01149"><ele>2.0</ele></trkpt><trkpt lat="48.653366" lon="-123.01135"><ele>2.0</ele></trkpt><trkpt lat="48.65373" lon="-123.01118"><ele>2.0</ele></trkpt><trkpt lat="48.65414" lon="-123.01109"><ele>2.0</ele></trkpt><trkpt lat="48.65444" lon="-123.010864"><ele>2.0</ele></trkpt><trkpt lat="48.6545" lon="-123.01086"><ele>2.0</ele></trkpt><trkpt lat="48.654896" lon="-123.01048"><ele>2.0</ele></trkpt><trkpt lat="48.65506" lon="-123.01036"><ele>2.0</ele></trkpt><trkpt lat="48.655205" lon="-123.01017"><ele>2.0</ele></trkpt><trkpt lat="48.655315" lon="-123.009964"><ele>2.0</ele></trkpt><trkpt lat="48.65532" lon="-123.00982"><ele>2.0</ele></trkpt><trkpt lat="48.65539" lon="-123.009476"><ele>2.0</ele></trkpt><trkpt lat="48.655567" lon="-123.009026"><ele>2.0</ele></trkpt><trkpt lat="48.655655" lon="-123.008644"><ele>2.0</ele></trkpt><trkpt lat="48.65586" lon="-123.00832"><ele>2.0</ele></trkpt><trkpt lat="48.656128" lon="-123.00796"><ele>2.0</ele></trkpt><trkpt lat="48.656185" lon="-123.00783"><ele>2.0</ele></trkpt><trkpt lat="48.65653" lon="-123.00726"><ele>2.0</ele></trkpt><trkpt lat="48.656693" lon="-123.00709"><ele>2.0</ele></trkpt><trkpt lat="48.656906" lon="-123.006744"><ele>2.0</ele></trkpt><trkpt lat="48.657085" lon="-123.00651"><ele>2.0</ele></trkpt><trkpt lat="48.65735" lon="-123.00598"><ele>2.0</ele></trkpt><trkpt lat="48.657467" lon="-123.005775"><ele>2.0</ele></trkpt><trkpt lat="48.65778" lon="-123.00535"><ele>2.0</ele></trkpt><trkpt lat="48.65811" lon="-123.0048"><ele>2.0</ele></trkpt><trkpt lat="48.65819" lon="-123.0047"><ele>2.0</ele></trkpt><trkpt lat="48.65828" lon="-123.00453"><ele>2.0</ele></trkpt><trkpt lat="48.658386" lon="-123.0042"><ele>2.0</ele></trkpt><trkpt lat="48.658524" lon="-123.00396"><ele>2.0</ele></trkpt><trkpt lat="48.658653" lon="-123.00341"><ele>2.0</ele></trkpt><trkpt lat="48.65889" lon="-123.00287"><ele>2.0</ele></trkpt><trkpt lat="48.6591" lon="-123.00255"><ele>2.0</ele></trkpt><trkpt lat="48.659744" lon="-123.00175"><ele>2.0</ele></trkpt><trkpt lat="48.66011" lon="-123.00115"><ele>2.0</ele></trkpt><trkpt lat="48.660397" lon="-123.000725"><ele>2.0</ele></trkpt><trkpt lat="48.660564" lon="-123.00051"><ele>2.0</ele></trkpt><trkpt lat="48.66069" lon="-123.00027"><ele>2.0</ele></trkpt><trkpt lat="48.660793" lon="-123.00001"><ele>2.0</ele></trkpt><trkpt lat="48.66084" lon="-122.99982"><ele>2.0</ele></trkpt><trkpt lat="48.661057" lon="-122.99914"><ele>2.0</ele></trkpt><trkpt lat="48.661198" lon="-122.99876"><ele>2.0</ele></trkpt><trkpt lat="48.661373" lon="-122.99841"><ele>2.0</ele></trkpt><trkpt lat="48.66199" lon="-122.99734"><ele>2.0</ele></trkpt><trkpt lat="48.662273" lon="-122.99699"><ele>2.0</ele></trkpt><trkpt lat="48.662582" lon="-122.996735"><ele>2.0</ele></trkpt><trkpt lat="48.662975" lon="-122.99647"><ele>2.0</ele></trkpt><trkpt lat="48.663258" lon="-122.99632"><ele>2.0</ele></trkpt><trkpt lat="48.66353" lon="-122.99612"><ele>2.0</ele></trkpt><trkpt lat="48.66355" lon="-122.99609"><ele>2.0</ele></trkpt><trkpt lat="48.66355" lon="-122.99605"><ele>2.0</ele></trkpt><trkpt lat="48.663555" lon="-122.99608"><ele>2.0</ele></trkpt><trkpt lat="48.663574" lon="-122.99607"><ele>2.0</ele></trkpt><trkpt lat="48.663574" lon="-122.99604"><ele>2.0</ele></trkpt><trkpt lat="48.66358" lon="-122.996056"><ele>2.0</ele></trkpt><trkpt lat="48.663544" lon="-122.99601"><ele>2.0</ele></trkpt><trkpt lat="48.663548" lon="-122.99603"><ele>2.0</ele></trkpt><trkpt lat="48.66353" lon="-122.996025"><ele>2.0</ele></trkpt><trkpt lat="48.66355" lon="-122.99602"><ele>2.0</ele></trkpt><trkpt lat="48.66356" lon="-122.99603"><ele>2.0</ele></trkpt><trkpt lat="48.663532" lon="-122.99599"><ele>2.0</ele></trkpt><trkpt lat="48.663567" lon="-122.996"><ele>2.0</ele></trkpt><trkpt lat="48.663555" lon="-122.99601"><ele>2.0</ele></trkpt><trkpt lat="48.66358" lon="-122.99603"><ele>2.0</ele></trkpt><trkpt lat="48.663578" lon="-122.99605"><ele>2.0</ele></trkpt><trkpt lat="48.663578" lon="-122.996025"><ele>2.0</ele></trkpt><trkpt lat="48.663593" lon="-122.996025"><ele>2.0</ele></trkpt><trkpt lat="48.66361" lon="-122.996056"><ele>2.0</ele></trkpt><trkpt lat="48.663563" lon="-122.996"><ele>2.0</ele></trkpt><trkpt lat="48.663593" lon="-122.996025"><ele>2.0</ele></trkpt><trkpt lat="48.663563" lon="-122.99596"><ele>2.310979555360973</ele></trkpt><trkpt lat="48.663563" lon="-122.995926"><ele>3.0</ele></trkpt><trkpt lat="48.663586" lon="-122.99593"><ele>3.0</ele></trkpt><trkpt lat="48.663597" lon="-122.99598"><ele>2.512545853133888</ele></trkpt><trkpt lat="48.663605" lon="-122.99591"><ele>3.0</ele></trkpt><trkpt lat="48.663612" lon="-122.995926"><ele>3.0</ele></trkpt><trkpt lat="48.663586" lon="-122.99594"><ele>3.0</ele></trkpt><trkpt lat="48.663628" lon="-122.99596"><ele>3.0</ele></trkpt></trkseg></trk><trk><name>Resupply Paddle</name><extensions><gpxx:TrackExtension><gpxx:DisplayColor>Blue</gpxx:DisplayColor></gpxx:TrackExtension></extensions><trkseg><trkpt lat="48.618107" lon="-123.167274"><ele>2.0</ele></trkpt><trkpt lat="48.617344" lon="-123.16043"><ele>2.0</ele></trkpt><trkpt lat="48.613796" lon="-123.15747"><ele>2.0</ele></trkpt><trkpt lat="48.609455" lon="-123.15611"><ele>2.0</ele></trkpt><trkpt lat="48.607155" lon="-123.15474"><ele>2.0</ele></trkpt></trkseg></trk></gpx>