<?xml version="1.0"?>
<gpx xmlns="http://www.topografix.com/GPX/1/1" xmlns:gpxx="http://www.garmin.com/xmlschemas/GpxExtensions/v3" creator="CALTOPO" version="1.1"><metadata><name><![CDATA[GreenRiverPaddleRoute]]></name></metadata><trk><name>GreenRiverPaddleRoute</name><desc>Crystal Geyser to Confluence Colorado River</desc><extensions><gpxx:TrackExtension><gpxx:DisplayColor>Red</gpxx:DisplayColor></gpxx:TrackExtension></extensions><trkseg><trkpt lat="38.93795319063483" lon="-110.13659333519038"><ele>1229.0</ele></trkpt><trkpt lat="38.93680217" lon="-110.13595115"><ele>1229.0</ele></trkpt><trkpt lat="38.93452917" lon="-110.13484729"><ele>1229.0</ele></trkpt><trkpt lat="38.93105184" lon="-110.13433209"><ele>1229.0</ele></trkpt><trkpt lat="38.93044566" lon="-110.13470378"><ele>1229.0</ele></trkpt><trkpt lat="38.92982904" lon="-110.13508189"><ele>1229.0</ele></trkpt><trkpt lat="38.92776105" lon="-110.13482952"><ele>1230.5666117118672</ele></trkpt><trkpt lat="38.92758704" lon="-110.13480829"><ele>1231.0</ele></trkpt><trkpt lat="38.92662977" lon="-110.13544529"><ele>1228.0</ele></trkpt><trkpt lat="38.92613545" lon="-110.13600357"><ele>1228.0</ele></trkpt><trkpt lat="38.9261309" lon="-110.13600871"><ele>1228.0</ele></trkpt><trkpt lat="38.92575904" lon="-110.13642869"><ele>1228.0</ele></trkpt><trkpt lat="38.92452404" lon="-110.13948355"><ele>1228.0</ele></trkpt><trkpt lat="38.92444826" lon="-110.14014322"><ele>1228.1477524258523</ele></trkpt><trkpt lat="38.92429833" lon="-110.14144837"><ele>1228.0</ele></trkpt><trkpt lat="38.92398704" lon="-110.14415829"><ele>1228.0</ele></trkpt><trkpt lat="38.92410444" lon="-110.14863135"><ele>1228.0</ele></trkpt><trkpt lat="38.92411974" lon="-110.14867822"><ele>1228.0</ele></trkpt><trkpt lat="38.92559904" lon="-110.15320929"><ele>1227.0</ele></trkpt><trkpt lat="38.92567348" lon="-110.15380359"><ele>1227.0</ele></trkpt><trkpt lat="38.92641487" lon="-110.15972274"><ele>1230.0</ele></trkpt><trkpt lat="38.92678424" lon="-110.16267175"><ele>1227.0</ele></trkpt><trkpt lat="38.92704317" lon="-110.16700809"><ele>1227.0</ele></trkpt><trkpt lat="38.92695102" lon="-110.16780856"><ele>1227.0</ele></trkpt><trkpt lat="38.9263153" lon="-110.1733308"><ele>1230.0</ele></trkpt><trkpt lat="38.92624524" lon="-110.17393935"><ele>1228.0</ele></trkpt><trkpt lat="38.92611952" lon="-110.17419682"><ele>1228.6951551249576</ele></trkpt><trkpt lat="38.92587417" lon="-110.17469926"><ele>1226.9080563069788</ele></trkpt><trkpt lat="38.92558417" lon="-110.17529315"><ele>1226.0</ele></trkpt><trkpt lat="38.92478423" lon="-110.17606428"><ele>1226.0</ele></trkpt><trkpt lat="38.92430537" lon="-110.17652589"><ele>1226.0</ele></trkpt><trkpt lat="38.92143635" lon="-110.17779083"><ele>1226.0</ele></trkpt><trkpt lat="38.91964804" lon="-110.17857929"><ele>1226.0</ele></trkpt><trkpt lat="38.91945081" lon="-110.17854995"><ele>1226.0</ele></trkpt><trkpt lat="38.91680016" lon="-110.17815568"><ele>1226.0</ele></trkpt><trkpt lat="38.91617097" lon="-110.17806209"><ele>1226.0</ele></trkpt><trkpt lat="38.91594979" lon="-110.17785921"><ele>1226.0</ele></trkpt><trkpt lat="38.91548544" lon="-110.17743329"><ele>1225.0</ele></trkpt><trkpt lat="38.91428744" lon="-110.17686869"><ele>1225.0</ele></trkpt><trkpt lat="38.91181704" lon="-110.17638429"><ele>1225.0</ele></trkpt><trkpt lat="38.9112232" lon="-110.17704053"><ele>1225.0</ele></trkpt><trkpt lat="38.9112232" lon="-110.17704053"><ele>1225.0</ele></trkpt><trkpt lat="38.91080384" lon="-110.17750395"><ele>1225.0</ele></trkpt><trkpt lat="38.91080384" lon="-110.17750395"><ele>1225.0</ele></trkpt><trkpt lat="38.91041899" lon="-110.17787485"><ele>1225.0</ele></trkpt><trkpt lat="38.90980924" lon="-110.17846249"><ele>1225.0</ele></trkpt><trkpt lat="38.90967692" lon="-110.17854351"><ele>1225.0</ele></trkpt><trkpt lat="38.90890383" lon="-110.17901689"><ele>1225.0</ele></trkpt><trkpt lat="38.90858624" lon="-110.17921135"><ele>1225.0</ele></trkpt><trkpt lat="38.9081447" lon="-110.17912478"><ele>1225.0</ele></trkpt><trkpt lat="38.90735104" lon="-110.17896915"><ele>1224.0</ele></trkpt><trkpt lat="38.90714564" lon="-110.17860642"><ele>1224.0</ele></trkpt><trkpt lat="38.90714564" lon="-110.17860642"><ele>1224.0</ele></trkpt><trkpt lat="38.90682624" lon="-110.17804235"><ele>1224.0</ele></trkpt><trkpt lat="38.90682624" lon="-110.17804235"><ele>1224.0</ele></trkpt><trkpt lat="38.90677704" lon="-110.17737349"><ele>1224.0</ele></trkpt><trkpt lat="38.90583884" lon="-110.17455295"><ele>1224.0</ele></trkpt><trkpt lat="38.90520065" lon="-110.1735971"><ele>1224.0</ele></trkpt><trkpt lat="38.9030513" lon="-110.17037793"><ele>1224.0</ele></trkpt><trkpt lat="38.90077564" lon="-110.16696955"><ele>1223.0</ele></trkpt><trkpt lat="38.89908977" lon="-110.16515629"><ele>1223.0</ele></trkpt><trkpt lat="38.89183944" lon="-110.16011169"><ele>1223.0</ele></trkpt><trkpt lat="38.89137484" lon="-110.16002071"><ele>1223.0</ele></trkpt><trkpt lat="38.89044682" lon="-110.15983898"><ele>1223.0</ele></trkpt><trkpt lat="38.88912197" lon="-110.15957955"><ele>1223.0</ele></trkpt><trkpt lat="38.88797317" lon="-110.15968415"><ele>1223.0</ele></trkpt><trkpt lat="38.88697366" lon="-110.16007438"><ele>1223.0</ele></trkpt><trkpt lat="38.88572497" lon="-110.16056189"><ele>1223.0</ele></trkpt><trkpt lat="38.88213532" lon="-110.16143766"><ele>1223.0</ele></trkpt><trkpt lat="38.87935704" lon="-110.16211549"><ele>1223.0</ele></trkpt><trkpt lat="38.87626904" lon="-110.16151089"><ele>1222.0</ele></trkpt><trkpt lat="38.87312537" lon="-110.16138949"><ele>1224.0</ele></trkpt><trkpt lat="38.87128869" lon="-110.16187924"><ele>1224.8250683448277</ele></trkpt><trkpt lat="38.86778284" lon="-110.16281409"><ele>1222.0</ele></trkpt><trkpt lat="38.86575084" lon="-110.16291035"><ele>1221.0</ele></trkpt><trkpt lat="38.86451564" lon="-110.16266855"><ele>1221.0</ele></trkpt><trkpt lat="38.86435566" lon="-110.16258182"><ele>1221.0</ele></trkpt><trkpt lat="38.86370765" lon="-110.16223052"><ele>1221.0</ele></trkpt><trkpt lat="38.86356457" lon="-110.16215295"><ele>1221.0</ele></trkpt><trkpt lat="38.86303045" lon="-110.16129154"><ele>1221.0</ele></trkpt><trkpt lat="38.86251597" lon="-110.16046179"><ele>1221.0</ele></trkpt><trkpt lat="38.86228624" lon="-110.16009129"><ele>1221.0</ele></trkpt><trkpt lat="38.86183557" lon="-110.15852089"><ele>1221.0</ele></trkpt><trkpt lat="38.86194529" lon="-110.15782568"><ele>1221.0</ele></trkpt><trkpt lat="38.86197265" lon="-110.15765234"><ele>1221.0</ele></trkpt><trkpt lat="38.86276844" lon="-110.15261015"><ele>1221.0</ele></trkpt><trkpt lat="38.86332684" lon="-110.15151981"><ele>1221.0</ele></trkpt><trkpt lat="38.86348837" lon="-110.15120438"><ele>1221.0</ele></trkpt><trkpt lat="38.86407164" lon="-110.15006549"><ele>1221.0</ele></trkpt><trkpt lat="38.86479562" lon="-110.1494168"><ele>1220.0</ele></trkpt><trkpt lat="38.86618384" lon="-110.14817295"><ele>1220.0</ele></trkpt><trkpt lat="38.86792557" lon="-110.14620789"><ele>1220.0</ele></trkpt><trkpt lat="38.86888897" lon="-110.14441995"><ele>1220.0</ele></trkpt><trkpt lat="38.86901162" lon="-110.14360701"><ele>1220.0</ele></trkpt><trkpt lat="38.86929596" lon="-110.14172244"><ele>1220.0</ele></trkpt><trkpt lat="38.86941997" lon="-110.14090049"><ele>1220.0</ele></trkpt><trkpt lat="38.86896897" lon="-110.13933009"><ele>1220.0</ele></trkpt><trkpt lat="38.86844384" lon="-110.13840409"><ele>1220.0</ele></trkpt><trkpt lat="38.86740624" lon="-110.13754249"><ele>1220.0</ele></trkpt><trkpt lat="38.8632187" lon="-110.13606034"><ele>1220.0</ele></trkpt><trkpt lat="38.86130397" lon="-110.13569135"><ele>1220.0</ele></trkpt><trkpt lat="38.85815417" lon="-110.13672269"><ele>1219.0</ele></trkpt><trkpt lat="38.85670284" lon="-110.13726235"><ele>1219.0</ele></trkpt><trkpt lat="38.85478837" lon="-110.13853495"><ele>1219.0</ele></trkpt><trkpt lat="38.85451404" lon="-110.13873606"><ele>1219.0</ele></trkpt><trkpt lat="38.85295036" lon="-110.13988233"><ele>1219.0</ele></trkpt><trkpt lat="38.85230564" lon="-110.14035495"><ele>1219.0</ele></trkpt><trkpt lat="38.85224812" lon="-110.14040747"><ele>1219.0</ele></trkpt><trkpt lat="38.84948324" lon="-110.14293175"><ele>1220.0</ele></trkpt><trkpt lat="38.84683237" lon="-110.14445736"><ele>1219.7435235837474</ele></trkpt><trkpt lat="38.84633785" lon="-110.14474196"><ele>1218.0</ele></trkpt><trkpt lat="38.84542564" lon="-110.14526695"><ele>1219.0</ele></trkpt><trkpt lat="38.84361619" lon="-110.14576953"><ele>1218.0</ele></trkpt><trkpt lat="38.84333817" lon="-110.14584675"><ele>1218.0</ele></trkpt><trkpt lat="38.84277844" lon="-110.14589222"><ele>1218.0</ele></trkpt><trkpt lat="38.84155317" lon="-110.14599175"><ele>1218.0</ele></trkpt><trkpt lat="38.83943477" lon="-110.14574229"><ele>1218.0</ele></trkpt><trkpt lat="38.83887277" lon="-110.14513855"><ele>1218.0</ele></trkpt><trkpt lat="38.83647879" lon="-110.14091776"><ele>1217.0</ele></trkpt><trkpt lat="38.83572819" lon="-110.1395944"><ele>1217.0</ele></trkpt><trkpt lat="38.83530244" lon="-110.13884375"><ele>1217.0</ele></trkpt><trkpt lat="38.8350585" lon="-110.13771286"><ele>1217.0</ele></trkpt><trkpt lat="38.83469464" lon="-110.13602603"><ele>1217.0</ele></trkpt><trkpt lat="38.83456104" lon="-110.13540669"><ele>1217.0</ele></trkpt><trkpt lat="38.83457056" lon="-110.13358089"><ele>1217.0</ele></trkpt><trkpt lat="38.83458504" lon="-110.13080215"><ele>1217.0</ele></trkpt><trkpt lat="38.83398544" lon="-110.12722829"><ele>1217.0</ele></trkpt><trkpt lat="38.83334192" lon="-110.12609421"><ele>1219.0</ele></trkpt><trkpt lat="38.82946897" lon="-110.11926895"><ele>1216.0</ele></trkpt><trkpt lat="38.82892298" lon="-110.11916245"><ele>1216.0</ele></trkpt><trkpt lat="38.82835717" lon="-110.11905209"><ele>1216.0</ele></trkpt><trkpt lat="38.82743704" lon="-110.11936635"><ele>1216.0</ele></trkpt><trkpt lat="38.82658484" lon="-110.12018775"><ele>1216.0</ele></trkpt><trkpt lat="38.82619399" lon="-110.12091312"><ele>1216.0</ele></trkpt><trkpt lat="38.82546137" lon="-110.12227275"><ele>1216.0</ele></trkpt><trkpt lat="38.8248282" lon="-110.12284277"><ele>1216.0</ele></trkpt><trkpt lat="38.82328708" lon="-110.12423019"><ele>1216.0</ele></trkpt><trkpt lat="38.82320744" lon="-110.12430189"><ele>1216.0</ele></trkpt><trkpt lat="38.82286644" lon="-110.12475603"><ele>1216.0</ele></trkpt><trkpt lat="38.82239224" lon="-110.12480115"><ele>1216.0</ele></trkpt><trkpt lat="38.82152757" lon="-110.12463249"><ele>1216.0</ele></trkpt><trkpt lat="38.82094697" lon="-110.12418995"><ele>1216.0</ele></trkpt><trkpt lat="38.82078618" lon="-110.12390668"><ele>1216.0</ele></trkpt><trkpt lat="38.82044825" lon="-110.12331133"><ele>1216.0</ele></trkpt><trkpt lat="38.82042177" lon="-110.12326469"><ele>1216.0</ele></trkpt><trkpt lat="38.82016217" lon="-110.12222649"><ele>1216.0</ele></trkpt><trkpt lat="38.8200829" lon="-110.12115824"><ele>1216.0</ele></trkpt><trkpt lat="38.81981517" lon="-110.11755069"><ele>1216.0</ele></trkpt><trkpt lat="38.81870837" lon="-110.11289135"><ele>1216.0</ele></trkpt><trkpt lat="38.81730577" lon="-110.11080769"><ele>1216.0</ele></trkpt><trkpt lat="38.81605777" lon="-110.10957695"><ele>1216.0</ele></trkpt><trkpt lat="38.81209784" lon="-110.10666609"><ele>1216.0</ele></trkpt><trkpt lat="38.81074622" lon="-110.10618711"><ele>1216.0</ele></trkpt><trkpt lat="38.81048323" lon="-110.10609392"><ele>1216.0</ele></trkpt><trkpt lat="38.80797164" lon="-110.10520389"><ele>1216.0</ele></trkpt><trkpt lat="38.80412364" lon="-110.10461889"><ele>1216.0</ele></trkpt><trkpt lat="38.80318895" lon="-110.10471979"><ele>1216.0</ele></trkpt><trkpt lat="38.80274058" lon="-110.10476819"><ele>1216.0</ele></trkpt><trkpt lat="38.80194977" lon="-110.10485355"><ele>1216.0</ele></trkpt><trkpt lat="38.80035657" lon="-110.10553049"><ele>1215.0</ele></trkpt><trkpt lat="38.79922057" lon="-110.10662535"><ele>1215.0</ele></trkpt><trkpt lat="38.79266477" lon="-110.11752235"><ele>1215.0</ele></trkpt><trkpt lat="38.79162777" lon="-110.11995249"><ele>1215.0</ele></trkpt><trkpt lat="38.79120177" lon="-110.12036289"><ele>1215.0</ele></trkpt><trkpt lat="38.79021344" lon="-110.12017015"><ele>1215.0</ele></trkpt><trkpt lat="38.78990412" lon="-110.11998213"><ele>1215.0</ele></trkpt><trkpt lat="38.78702617" lon="-110.11823269"><ele>1215.0</ele></trkpt><trkpt lat="38.78547163" lon="-110.11710728"><ele>1215.0</ele></trkpt><trkpt lat="38.78525154" lon="-110.11694794"><ele>1215.0</ele></trkpt><trkpt lat="38.78516057" lon="-110.11688209"><ele>1215.0</ele></trkpt><trkpt lat="38.78379493" lon="-110.11536207"><ele>1214.0</ele></trkpt><trkpt lat="38.78247317" lon="-110.11389089"><ele>1214.0</ele></trkpt><trkpt lat="38.77891471" lon="-110.10940822"><ele>1214.0</ele></trkpt><trkpt lat="38.77861157" lon="-110.10902635"><ele>1214.0</ele></trkpt><trkpt lat="38.77860861" lon="-110.10902093"><ele>1214.0</ele></trkpt><trkpt lat="38.77628298" lon="-110.1047676"><ele>1214.0</ele></trkpt><trkpt lat="38.77579344" lon="-110.10387229"><ele>1214.0</ele></trkpt><trkpt lat="38.77512535" lon="-110.10184797"><ele>1214.0</ele></trkpt><trkpt lat="38.77457524" lon="-110.10018115"><ele>1214.0</ele></trkpt><trkpt lat="38.77274504" lon="-110.09521989"><ele>1214.0</ele></trkpt><trkpt lat="38.77153957" lon="-110.09251849"><ele>1214.0</ele></trkpt><trkpt lat="38.77116464" lon="-110.09185879"><ele>1213.0</ele></trkpt><trkpt lat="38.77028328" lon="-110.09030802"><ele>1213.0</ele></trkpt><trkpt lat="38.77017344" lon="-110.09011475"><ele>1213.0</ele></trkpt><trkpt lat="38.76924057" lon="-110.08943995"><ele>1213.0</ele></trkpt><trkpt lat="38.76885968" lon="-110.08934699"><ele>1213.0</ele></trkpt><trkpt lat="38.76592357" lon="-110.08863035"><ele>1213.0</ele></trkpt><trkpt lat="38.76546058" lon="-110.08841328"><ele>1213.0</ele></trkpt><trkpt lat="38.76472517" lon="-110.08806849"><ele>1213.0</ele></trkpt><trkpt lat="38.76438817" lon="-110.08788644"><ele>1213.0</ele></trkpt><trkpt lat="38.76377377" lon="-110.08755455"><ele>1213.0</ele></trkpt><trkpt lat="38.76308491" lon="-110.08692517"><ele>1213.0</ele></trkpt><trkpt lat="38.76308491" lon="-110.08692518"><ele>1213.0</ele></trkpt><trkpt lat="38.76278903" lon="-110.08665484"><ele>1213.0</ele></trkpt><trkpt lat="38.76194477" lon="-110.08588349"><ele>1213.0</ele></trkpt><trkpt lat="38.76194477" lon="-110.08588349"><ele>1213.0</ele></trkpt><trkpt lat="38.75812624" lon="-110.08283909"><ele>1213.0</ele></trkpt><trkpt lat="38.75715028" lon="-110.08231208"><ele>1213.0</ele></trkpt><trkpt lat="38.75669917" lon="-110.08206849"><ele>1213.0</ele></trkpt><trkpt lat="38.75656812" lon="-110.08193069"><ele>1213.0</ele></trkpt><trkpt lat="38.75613679" lon="-110.08147718"><ele>1213.0</ele></trkpt><trkpt lat="38.75613679" lon="-110.08147718"><ele>1213.0</ele></trkpt><trkpt lat="38.75498817" lon="-110.08157149"><ele>1213.0</ele></trkpt><trkpt lat="38.75498817" lon="-110.08157149"><ele>1213.0</ele></trkpt><trkpt lat="38.75416971" lon="-110.08172519"><ele>1213.0</ele></trkpt><trkpt lat="38.75376454" lon="-110.08180129"><ele>1213.0</ele></trkpt><trkpt lat="38.75369744" lon="-110.08181389"><ele>1213.0</ele></trkpt><trkpt lat="38.75366245" lon="-110.08184761"><ele>1213.0</ele></trkpt><trkpt lat="38.75238612" lon="-110.08307761"><ele>1213.0</ele></trkpt><trkpt lat="38.75227764" lon="-110.08318215"><ele>1213.0</ele></trkpt><trkpt lat="38.75197786" lon="-110.08381435"><ele>1213.0</ele></trkpt><trkpt lat="38.75194808" lon="-110.08387714"><ele>1213.0</ele></trkpt><trkpt lat="38.75177797" lon="-110.08423589"><ele>1213.0</ele></trkpt><trkpt lat="38.75123577" lon="-110.08676115"><ele>1213.0</ele></trkpt><trkpt lat="38.7512286" lon="-110.08685472"><ele>1213.0</ele></trkpt><trkpt lat="38.75089074" lon="-110.0912599"><ele>1213.0</ele></trkpt><trkpt lat="38.75077132" lon="-110.09281699"><ele>1213.0</ele></trkpt><trkpt lat="38.75072637" lon="-110.09340309"><ele>1213.0</ele></trkpt><trkpt lat="38.74994964" lon="-110.09686909"><ele>1213.0</ele></trkpt><trkpt lat="38.74935389" lon="-110.09833146"><ele>1213.0</ele></trkpt><trkpt lat="38.74889464" lon="-110.09945875"><ele>1212.0</ele></trkpt><trkpt lat="38.74825277" lon="-110.10064915"><ele>1213.0</ele></trkpt><trkpt lat="38.74794257" lon="-110.10094803"><ele>1212.0</ele></trkpt><trkpt lat="38.74768484" lon="-110.10119635"><ele>1212.0</ele></trkpt><trkpt lat="38.74711961" lon="-110.10137026"><ele>1213.0</ele></trkpt><trkpt lat="38.74637564" lon="-110.10159915"><ele>1213.0</ele></trkpt><trkpt lat="38.74384384" lon="-110.10275055"><ele>1212.0</ele></trkpt><trkpt lat="38.73999717" lon="-110.10545415"><ele>1212.0</ele></trkpt><trkpt lat="38.73743979" lon="-110.10781318"><ele>1212.0</ele></trkpt><trkpt lat="38.73293377" lon="-110.11196969"><ele>1212.0</ele></trkpt><trkpt lat="38.73240696" lon="-110.11223614"><ele>1214.0</ele></trkpt><trkpt lat="38.73024105" lon="-110.11333164"><ele>1212.0</ele></trkpt><trkpt lat="38.73011784" lon="-110.11339395"><ele>1212.0</ele></trkpt><trkpt lat="38.73004478" lon="-110.11338614"><ele>1212.0</ele></trkpt><trkpt lat="38.72824644" lon="-110.11319389"><ele>1212.0</ele></trkpt><trkpt lat="38.72641582" lon="-110.11235198"><ele>1212.0</ele></trkpt><trkpt lat="38.72452797" lon="-110.11148375"><ele>1212.0</ele></trkpt><trkpt lat="38.72402792" lon="-110.11108594"><ele>1212.0</ele></trkpt><trkpt lat="38.71851084" lon="-110.10669688"><ele>1212.0</ele></trkpt><trkpt lat="38.71813554" lon="-110.1065878"><ele>1212.0</ele></trkpt><trkpt lat="38.71694599" lon="-110.10624203"><ele>1212.0</ele></trkpt><trkpt lat="38.71679984" lon="-110.10619955"><ele>1212.0</ele></trkpt><trkpt lat="38.71656345" lon="-110.10625341"><ele>1212.0</ele></trkpt><trkpt lat="38.71587676" lon="-110.10640987"><ele>1212.0</ele></trkpt><trkpt lat="38.71563264" lon="-110.10646549"><ele>1212.0</ele></trkpt><trkpt lat="38.71507753" lon="-110.10691213"><ele>1212.0</ele></trkpt><trkpt lat="38.71404659" lon="-110.10774164"><ele>1212.0</ele></trkpt><trkpt lat="38.71382357" lon="-110.10792109"><ele>1212.0</ele></trkpt><trkpt lat="38.7136624" lon="-110.10823374"><ele>1212.0</ele></trkpt><trkpt lat="38.71339276" lon="-110.10875681"><ele>1212.0</ele></trkpt><trkpt lat="38.71236077" lon="-110.11075875"><ele>1212.0</ele></trkpt><trkpt lat="38.71232091" lon="-110.11110543"><ele>1212.0</ele></trkpt><trkpt lat="38.71231499" lon="-110.11115692"><ele>1212.0</ele></trkpt><trkpt lat="38.71210204" lon="-110.11300909"><ele>1212.0</ele></trkpt><trkpt lat="38.71219718" lon="-110.11371658"><ele>1212.0</ele></trkpt><trkpt lat="38.71244244" lon="-110.11554035"><ele>1212.0</ele></trkpt><trkpt lat="38.71251724" lon="-110.11818429"><ele>1212.0</ele></trkpt><trkpt lat="38.71242856" lon="-110.1187123"><ele>1212.0</ele></trkpt><trkpt lat="38.71219015" lon="-110.1201319"><ele>1212.0</ele></trkpt><trkpt lat="38.71211637" lon="-110.12057115"><ele>1212.0</ele></trkpt><trkpt lat="38.71163484" lon="-110.12146335"><ele>1212.0</ele></trkpt><trkpt lat="38.71007616" lon="-110.122735"><ele>1212.0</ele></trkpt><trkpt lat="38.70968357" lon="-110.12305529"><ele>1211.0</ele></trkpt><trkpt lat="38.70966063" lon="-110.12305817"><ele>1211.0</ele></trkpt><trkpt lat="38.70917097" lon="-110.12311975"><ele>1211.0</ele></trkpt><trkpt lat="38.70886776" lon="-110.12306068"><ele>1211.0</ele></trkpt><trkpt lat="38.70793564" lon="-110.12287909"><ele>1211.0</ele></trkpt><trkpt lat="38.70768361" lon="-110.12278728"><ele>1211.0</ele></trkpt><trkpt lat="38.70696597" lon="-110.12252589"><ele>1211.0</ele></trkpt><trkpt lat="38.70680601" lon="-110.1222196"><ele>1211.0</ele></trkpt><trkpt lat="38.70581755" lon="-110.12032693"><ele>1211.0</ele></trkpt><trkpt lat="38.70572404" lon="-110.12014789"><ele>1211.0</ele></trkpt><trkpt lat="38.70565479" lon="-110.11870949"><ele>1211.0</ele></trkpt><trkpt lat="38.70561224" lon="-110.11782555"><ele>1211.0</ele></trkpt><trkpt lat="38.70562659" lon="-110.11770077"><ele>1211.0</ele></trkpt><trkpt lat="38.70590804" lon="-110.11525409"><ele>1211.0</ele></trkpt><trkpt lat="38.70636811" lon="-110.11418452"><ele>1211.0</ele></trkpt><trkpt lat="38.70735333" lon="-110.11189412"><ele>1211.0</ele></trkpt><trkpt lat="38.70832124" lon="-110.10964395"><ele>1211.0</ele></trkpt><trkpt lat="38.70894464" lon="-110.10861495"><ele>1211.0</ele></trkpt><trkpt lat="38.70917908" lon="-110.10837369"><ele>1211.0</ele></trkpt><trkpt lat="38.71109324" lon="-110.10640389"><ele>1211.0</ele></trkpt><trkpt lat="38.71294497" lon="-110.10347749"><ele>1211.0</ele></trkpt><trkpt lat="38.71325521" lon="-110.10257692"><ele>1211.0</ele></trkpt><trkpt lat="38.71357501" lon="-110.1016486"><ele>1211.0</ele></trkpt><trkpt lat="38.71427137" lon="-110.09962715"><ele>1211.0</ele></trkpt><trkpt lat="38.71451583" lon="-110.09749848"><ele>1211.0</ele></trkpt><trkpt lat="38.71453477" lon="-110.09733357"><ele>1211.0</ele></trkpt><trkpt lat="38.71478824" lon="-110.09512635"><ele>1211.0</ele></trkpt><trkpt lat="38.71452684" lon="-110.09080289"><ele>1211.0</ele></trkpt><trkpt lat="38.71416197" lon="-110.08958169"><ele>1211.0</ele></trkpt><trkpt lat="38.71332124" lon="-110.08810369"><ele>1211.0</ele></trkpt><trkpt lat="38.71320727" lon="-110.0879897"><ele>1211.0</ele></trkpt><trkpt lat="38.71240206" lon="-110.08718433"><ele>1211.0</ele></trkpt><trkpt lat="38.71230164" lon="-110.08708389"><ele>1211.0</ele></trkpt><trkpt lat="38.71136877" lon="-110.08640969"><ele>1211.0</ele></trkpt><trkpt lat="38.70865097" lon="-110.08588169"><ele>1211.0</ele></trkpt><trkpt lat="38.70527304" lon="-110.08670415"><ele>1210.0</ele></trkpt><trkpt lat="38.70411648" lon="-110.08785652"><ele>1210.0</ele></trkpt><trkpt lat="38.70287242" lon="-110.08909605"><ele>1210.0</ele></trkpt><trkpt lat="38.70099517" lon="-110.09096649"><ele>1210.0</ele></trkpt><trkpt lat="38.69903857" lon="-110.09370789"><ele>1210.0</ele></trkpt><trkpt lat="38.69881392" lon="-110.09423396"><ele>1210.0</ele></trkpt><trkpt lat="38.69800204" lon="-110.09613515"><ele>1210.0</ele></trkpt><trkpt lat="38.69745161" lon="-110.09702718"><ele>1210.0</ele></trkpt><trkpt lat="38.69691577" lon="-110.09789555"><ele>1210.0</ele></trkpt><trkpt lat="38.69494637" lon="-110.09964835"><ele>1210.0</ele></trkpt><trkpt lat="38.69371382" lon="-110.10017133"><ele>1210.0</ele></trkpt><trkpt lat="38.69335317" lon="-110.10032435"><ele>1210.0</ele></trkpt><trkpt lat="38.69317554" lon="-110.10030541"><ele>1210.0</ele></trkpt><trkpt lat="38.6917776" lon="-110.10015631"><ele>1210.0</ele></trkpt><trkpt lat="38.69148177" lon="-110.10012475"><ele>1210.0</ele></trkpt><trkpt lat="38.69090288" lon="-110.09988063"><ele>1210.0</ele></trkpt><trkpt lat="38.69055491" lon="-110.09973388"><ele>1210.0</ele></trkpt><trkpt lat="38.69003624" lon="-110.09951515"><ele>1210.0</ele></trkpt><trkpt lat="38.68933197" lon="-110.09904969"><ele>1210.0</ele></trkpt><trkpt lat="38.68851494" lon="-110.09821206"><ele>1210.0</ele></trkpt><trkpt lat="38.68775024" lon="-110.09742809"><ele>1210.0</ele></trkpt><trkpt lat="38.68741807" lon="-110.09699777"><ele>1210.0</ele></trkpt><trkpt lat="38.68566157" lon="-110.09472229"><ele>1210.0</ele></trkpt><trkpt lat="38.68327604" lon="-110.09130195"><ele>1210.0</ele></trkpt><trkpt lat="38.68286731" lon="-110.09058363"><ele>1210.0</ele></trkpt><trkpt lat="38.68190997" lon="-110.08890115"><ele>1210.0</ele></trkpt><trkpt lat="38.68123939" lon="-110.08828914"><ele>1210.0</ele></trkpt><trkpt lat="38.6812216" lon="-110.0882729"><ele>1210.0</ele></trkpt><trkpt lat="38.68008097" lon="-110.08723189"><ele>1210.0</ele></trkpt><trkpt lat="38.67934974" lon="-110.08708985"><ele>1209.0</ele></trkpt><trkpt lat="38.67856524" lon="-110.08693746"><ele>1209.0</ele></trkpt><trkpt lat="38.67810444" lon="-110.08684795"><ele>1209.0</ele></trkpt><trkpt lat="38.67683224" lon="-110.08692949"><ele>1209.0</ele></trkpt><trkpt lat="38.67664214" lon="-110.08701015"><ele>1209.0</ele></trkpt><trkpt lat="38.67649941" lon="-110.08707071"><ele>1209.0</ele></trkpt><trkpt lat="38.67603564" lon="-110.08726749"><ele>1209.0</ele></trkpt><trkpt lat="38.67522064" lon="-110.08776615"><ele>1209.0</ele></trkpt><trkpt lat="38.67483777" lon="-110.08813468"><ele>1209.0</ele></trkpt><trkpt lat="38.67322203" lon="-110.08968989"><ele>1209.0</ele></trkpt><trkpt lat="38.67252297" lon="-110.09036275"><ele>1209.0</ele></trkpt><trkpt lat="38.67183198" lon="-110.0912765"><ele>1209.0</ele></trkpt><trkpt lat="38.67133177" lon="-110.09193795"><ele>1209.0</ele></trkpt><trkpt lat="38.67000391" lon="-110.09321583"><ele>1209.0</ele></trkpt><trkpt lat="38.66820797" lon="-110.09494415"><ele>1209.0</ele></trkpt><trkpt lat="38.66653493" lon="-110.0946191"><ele>1209.0</ele></trkpt><trkpt lat="38.66635504" lon="-110.09458415"><ele>1209.0</ele></trkpt><trkpt lat="38.66589777" lon="-110.09416689"><ele>1209.0</ele></trkpt><trkpt lat="38.6657043" lon="-110.09386185"><ele>1209.0</ele></trkpt><trkpt lat="38.66518347" lon="-110.09304069"><ele>1209.0</ele></trkpt><trkpt lat="38.66482857" lon="-110.09248115"><ele>1209.0</ele></trkpt><trkpt lat="38.66464255" lon="-110.09110087"><ele>1209.0</ele></trkpt><trkpt lat="38.66463644" lon="-110.09105548"><ele>1209.0</ele></trkpt><trkpt lat="38.66462404" lon="-110.09096349"><ele>1209.0</ele></trkpt><trkpt lat="38.66502437" lon="-110.08857789"><ele>1209.0</ele></trkpt><trkpt lat="38.66684437" lon="-110.08482575"><ele>1209.0</ele></trkpt><trkpt lat="38.66724102" lon="-110.08430531"><ele>1209.0</ele></trkpt><trkpt lat="38.66743737" lon="-110.08404769"><ele>1209.0</ele></trkpt><trkpt lat="38.66847984" lon="-110.08267989"><ele>1209.0</ele></trkpt><trkpt lat="38.67020204" lon="-110.08087929"><ele>1209.0</ele></trkpt><trkpt lat="38.67199684" lon="-110.07804294"><ele>1209.0</ele></trkpt><trkpt lat="38.67251597" lon="-110.07722255"><ele>1209.0</ele></trkpt><trkpt lat="38.67321297" lon="-110.07555115"><ele>1213.0</ele></trkpt><trkpt lat="38.67348937" lon="-110.07314129"><ele>1209.0</ele></trkpt><trkpt lat="38.67331604" lon="-110.07245075"><ele>1209.0</ele></trkpt><trkpt lat="38.67205464" lon="-110.07023529"><ele>1209.0</ele></trkpt><trkpt lat="38.67091144" lon="-110.06919235"><ele>1209.0</ele></trkpt><trkpt lat="38.67037974" lon="-110.06905176"><ele>1209.0</ele></trkpt><trkpt lat="38.66891285" lon="-110.06866387"><ele>1209.0</ele></trkpt><trkpt lat="38.66858264" lon="-110.06857655"><ele>1209.0</ele></trkpt><trkpt lat="38.66732884" lon="-110.06849755"><ele>1209.0</ele></trkpt><trkpt lat="38.66559384" lon="-110.06931068"><ele>1208.0</ele></trkpt><trkpt lat="38.66558155" lon="-110.06932334"><ele>1208.0</ele></trkpt><trkpt lat="38.66289152" lon="-110.07209223"><ele>1208.0</ele></trkpt><trkpt lat="38.66129817" lon="-110.07373229"><ele>1208.0</ele></trkpt><trkpt lat="38.66023268" lon="-110.07411585"><ele>1209.0</ele></trkpt><trkpt lat="38.66011257" lon="-110.07415909"><ele>1209.0</ele></trkpt><trkpt lat="38.66000346" lon="-110.07413793"><ele>1209.0</ele></trkpt><trkpt lat="38.6590602" lon="-110.07395501"><ele>1208.0</ele></trkpt><trkpt lat="38.65900077" lon="-110.07394349"><ele>1208.0</ele></trkpt><trkpt lat="38.6587749" lon="-110.07373746"><ele>1209.0</ele></trkpt><trkpt lat="38.65740024" lon="-110.07248355"><ele>1208.0</ele></trkpt><trkpt lat="38.65645424" lon="-110.07082235"><ele>1208.0</ele></trkpt><trkpt lat="38.65631115" lon="-110.07003669"><ele>1208.0</ele></trkpt><trkpt lat="38.65629924" lon="-110.06997129"><ele>1208.0</ele></trkpt><trkpt lat="38.65633151" lon="-110.06977489"><ele>1208.0</ele></trkpt><trkpt lat="38.65661495" lon="-110.06804983"><ele>1208.0</ele></trkpt><trkpt lat="38.65671757" lon="-110.06742529"><ele>1208.0</ele></trkpt><trkpt lat="38.65798224" lon="-110.06520749"><ele>1208.0</ele></trkpt><trkpt lat="38.65901383" lon="-110.06398989"><ele>1208.0</ele></trkpt><trkpt lat="38.65929664" lon="-110.06365609"><ele>1208.0</ele></trkpt><trkpt lat="38.66109217" lon="-110.06121269"><ele>1208.0</ele></trkpt><trkpt lat="38.66133197" lon="-110.06076805"><ele>1208.0</ele></trkpt><trkpt lat="38.66185681" lon="-110.05979487"><ele>1208.0</ele></trkpt><trkpt lat="38.66189398" lon="-110.05972595"><ele>1208.0</ele></trkpt><trkpt lat="38.66207804" lon="-110.05811969"><ele>1208.0</ele></trkpt><trkpt lat="38.66134217" lon="-110.05682755"><ele>1208.0</ele></trkpt><trkpt lat="38.66008422" lon="-110.05576871"><ele>1208.0</ele></trkpt><trkpt lat="38.66007524" lon="-110.05576115"><ele>1208.0</ele></trkpt><trkpt lat="38.65907966" lon="-110.05564546"><ele>1208.0</ele></trkpt><trkpt lat="38.65795664" lon="-110.05551495"><ele>1208.0</ele></trkpt><trkpt lat="38.65405258" lon="-110.05772521"><ele>1208.0</ele></trkpt><trkpt lat="38.65255484" lon="-110.05857315"><ele>1208.0</ele></trkpt><trkpt lat="38.65223711" lon="-110.05869728"><ele>1208.0</ele></trkpt><trkpt lat="38.65044254" lon="-110.05939837"><ele>1208.0</ele></trkpt><trkpt lat="38.65030744" lon="-110.05945115"><ele>1208.0</ele></trkpt><trkpt lat="38.65023807" lon="-110.0594273"><ele>1208.0</ele></trkpt><trkpt lat="38.64892991" lon="-110.05897746"><ele>1208.0</ele></trkpt><trkpt lat="38.64812057" lon="-110.05869915"><ele>1208.0</ele></trkpt><trkpt lat="38.64697997" lon="-110.05793205"><ele>1208.0</ele></trkpt><trkpt lat="38.64664344" lon="-110.05726375"><ele>1208.0</ele></trkpt><trkpt lat="38.64653548" lon="-110.05694852"><ele>1208.0</ele></trkpt><trkpt lat="38.64614743" lon="-110.0558154"><ele>1208.0</ele></trkpt><trkpt lat="38.64598104" lon="-110.05532955"><ele>1208.0</ele></trkpt><trkpt lat="38.64581297" lon="-110.05349115"><ele>1207.0</ele></trkpt><trkpt lat="38.64600152" lon="-110.05184544"><ele>1207.0</ele></trkpt><trkpt lat="38.64601362" lon="-110.05173982"><ele>1207.0</ele></trkpt><trkpt lat="38.64601537" lon="-110.05172455"><ele>1207.0</ele></trkpt><trkpt lat="38.64683544" lon="-110.05007749"><ele>1207.0</ele></trkpt><trkpt lat="38.64737821" lon="-110.04959723"><ele>1207.0</ele></trkpt><trkpt lat="38.6481258" lon="-110.04893574"><ele>1207.0</ele></trkpt><trkpt lat="38.64866224" lon="-110.04846109"><ele>1207.0</ele></trkpt><trkpt lat="38.65090964" lon="-110.04758275"><ele>1207.0</ele></trkpt><trkpt lat="38.65684908" lon="-110.04717208"><ele>1208.0</ele></trkpt><trkpt lat="38.65778324" lon="-110.04710749"><ele>1208.0</ele></trkpt><trkpt lat="38.65799901" lon="-110.04689967"><ele>1208.0</ele></trkpt><trkpt lat="38.6586398" lon="-110.04628248"><ele>1208.0</ele></trkpt><trkpt lat="38.65877684" lon="-110.04615049"><ele>1208.0</ele></trkpt><trkpt lat="38.65888147" lon="-110.04592991"><ele>1207.0</ele></trkpt><trkpt lat="38.65927617" lon="-110.04509775"><ele>1207.0</ele></trkpt><trkpt lat="38.65942447" lon="-110.04380241"><ele>1207.0</ele></trkpt><trkpt lat="38.65953364" lon="-110.04284889"><ele>1207.0</ele></trkpt><trkpt lat="38.65901304" lon="-110.04077775"><ele>1207.0</ele></trkpt><trkpt lat="38.65733057" lon="-110.03782509"><ele>1207.0</ele></trkpt><trkpt lat="38.65641577" lon="-110.03699135"><ele>1207.0</ele></trkpt><trkpt lat="38.65571124" lon="-110.03652669"><ele>1207.0</ele></trkpt><trkpt lat="38.65502091" lon="-110.03643114"><ele>1207.0</ele></trkpt><trkpt lat="38.65376313" lon="-110.03625705"><ele>1207.0</ele></trkpt><trkpt lat="38.65272777" lon="-110.03611375"><ele>1207.0</ele></trkpt><trkpt lat="38.65102984" lon="-110.03660615"><ele>1207.0</ele></trkpt><trkpt lat="38.64771544" lon="-110.03908429"><ele>1207.0</ele></trkpt><trkpt lat="38.64764959" lon="-110.03914772"><ele>1207.0</ele></trkpt><trkpt lat="38.64615424" lon="-110.04058809"><ele>1207.0</ele></trkpt><trkpt lat="38.64508688" lon="-110.04195954"><ele>1207.0</ele></trkpt><trkpt lat="38.64393337" lon="-110.04344169"><ele>1210.0</ele></trkpt><trkpt lat="38.64162824" lon="-110.04537589"><ele>1210.0</ele></trkpt><trkpt lat="38.64162824" lon="-110.04537589"><ele>1210.0</ele></trkpt><trkpt lat="38.64063373" lon="-110.04633357"><ele>1209.7846296368937</ele></trkpt><trkpt lat="38.64027984" lon="-110.04667435"><ele>1207.0</ele></trkpt><trkpt lat="38.6384355" lon="-110.04780353"><ele>1207.0</ele></trkpt><trkpt lat="38.63783537" lon="-110.04817095"><ele>1207.0</ele></trkpt><trkpt lat="38.635238" lon="-110.04899377"><ele>1207.0</ele></trkpt><trkpt lat="38.63429737" lon="-110.04929175"><ele>1207.0</ele></trkpt><trkpt lat="38.63416548" lon="-110.04926622"><ele>1207.0</ele></trkpt><trkpt lat="38.63196011" lon="-110.04883933"><ele>1206.0</ele></trkpt><trkpt lat="38.63182657" lon="-110.04881349"><ele>1206.0</ele></trkpt><trkpt lat="38.62965797" lon="-110.04790135"><ele>1206.0</ele></trkpt><trkpt lat="38.62949692" lon="-110.04780634"><ele>1206.0</ele></trkpt><trkpt lat="38.62800197" lon="-110.04692435"><ele>1206.0</ele></trkpt><trkpt lat="38.62347817" lon="-110.04342315"><ele>1207.0</ele></trkpt><trkpt lat="38.62122277" lon="-110.04216629"><ele>1206.0</ele></trkpt><trkpt lat="38.62042396" lon="-110.04201179"><ele>1206.0</ele></trkpt><trkpt lat="38.61924302" lon="-110.04178338"><ele>1206.0</ele></trkpt><trkpt lat="38.61887544" lon="-110.04171229"><ele>1206.0</ele></trkpt><trkpt lat="38.61809744" lon="-110.04188995"><ele>1206.0</ele></trkpt><trkpt lat="38.61723081" lon="-110.0425619"><ele>1206.0</ele></trkpt><trkpt lat="38.61657297" lon="-110.04307195"><ele>1206.0</ele></trkpt><trkpt lat="38.6165512" lon="-110.04310511"><ele>1206.0</ele></trkpt><trkpt lat="38.61580817" lon="-110.04423689"><ele>1206.0</ele></trkpt><trkpt lat="38.61577841" lon="-110.04443452"><ele>1206.0</ele></trkpt><trkpt lat="38.61553139" lon="-110.04607502"><ele>1206.0</ele></trkpt><trkpt lat="38.61527997" lon="-110.04774475"><ele>1206.0</ele></trkpt><trkpt lat="38.6154042" lon="-110.04855062"><ele>1206.0</ele></trkpt><trkpt lat="38.6159068" lon="-110.05181108"><ele>1206.0</ele></trkpt><trkpt lat="38.61593184" lon="-110.05197349"><ele>1206.0</ele></trkpt><trkpt lat="38.61616066" lon="-110.05260495"><ele>1206.0</ele></trkpt><trkpt lat="38.61900157" lon="-110.06044489"><ele>1209.0</ele></trkpt><trkpt lat="38.61935604" lon="-110.06395975"><ele>1205.0</ele></trkpt><trkpt lat="38.61917197" lon="-110.06556529"><ele>1205.0</ele></trkpt><trkpt lat="38.61883277" lon="-110.06632009"><ele>1205.0</ele></trkpt><trkpt lat="38.61794878" lon="-110.06734409"><ele>1206.0</ele></trkpt><trkpt lat="38.61770166" lon="-110.06763034"><ele>1205.0</ele></trkpt><trkpt lat="38.61737637" lon="-110.06800715"><ele>1205.0</ele></trkpt><trkpt lat="38.61629584" lon="-110.06861835"><ele>1205.0</ele></trkpt><trkpt lat="38.61625609" lon="-110.06862338"><ele>1205.0</ele></trkpt><trkpt lat="38.61530251" lon="-110.06874389"><ele>1205.0</ele></trkpt><trkpt lat="38.61475817" lon="-110.06881269"><ele>1205.0</ele></trkpt><trkpt lat="38.61455252" lon="-110.06877283"><ele>1205.0</ele></trkpt><trkpt lat="38.61253444" lon="-110.06838175"><ele>1205.0</ele></trkpt><trkpt lat="38.61050076" lon="-110.06704006"><ele>1205.0</ele></trkpt><trkpt lat="38.61042137" lon="-110.06698769"><ele>1205.0</ele></trkpt><trkpt lat="38.60894437" lon="-110.06555289"><ele>1205.0</ele></trkpt><trkpt lat="38.60888912" lon="-110.06548786"><ele>1205.0</ele></trkpt><trkpt lat="38.60827677" lon="-110.06476729"><ele>1205.0</ele></trkpt><trkpt lat="38.60691528" lon="-110.06237849"><ele>1205.0</ele></trkpt><trkpt lat="38.60648964" lon="-110.06163169"><ele>1205.0</ele></trkpt><trkpt lat="38.60641878" lon="-110.06141321"><ele>1205.0</ele></trkpt><trkpt lat="38.6056244" lon="-110.05896403"><ele>1205.0</ele></trkpt><trkpt lat="38.60518357" lon="-110.05760489"><ele>1205.0</ele></trkpt><trkpt lat="38.60512518" lon="-110.05672312"><ele>1205.0</ele></trkpt><trkpt lat="38.6050055" lon="-110.05491578"><ele>1205.0</ele></trkpt><trkpt lat="38.60495244" lon="-110.05411455"><ele>1205.0</ele></trkpt><trkpt lat="38.60512076" lon="-110.05264619"><ele>1205.0</ele></trkpt><trkpt lat="38.60519043" lon="-110.05203846"><ele>1205.0</ele></trkpt><trkpt lat="38.60522844" lon="-110.05170688"><ele>1205.0</ele></trkpt><trkpt lat="38.60600384" lon="-110.04824715"><ele>1205.0</ele></trkpt><trkpt lat="38.60605434" lon="-110.0481075"><ele>1205.0</ele></trkpt><trkpt lat="38.60877657" lon="-110.04057955"><ele>1205.0</ele></trkpt><trkpt lat="38.60880707" lon="-110.04023111"><ele>1205.0</ele></trkpt><trkpt lat="38.60896707" lon="-110.03840337"><ele>1205.0</ele></trkpt><trkpt lat="38.60918617" lon="-110.03590035"><ele>1205.0</ele></trkpt><trkpt lat="38.60890202" lon="-110.03335047"><ele>1205.0</ele></trkpt><trkpt lat="38.60881244" lon="-110.03254655"><ele>1205.0</ele></trkpt><trkpt lat="38.60881944" lon="-110.02696929"><ele>1205.0</ele></trkpt><trkpt lat="38.60905817" lon="-110.02488235"><ele>1205.0</ele></trkpt><trkpt lat="38.60963084" lon="-110.02318809"><ele>1205.0</ele></trkpt><trkpt lat="38.61029024" lon="-110.02183875"><ele>1205.0</ele></trkpt><trkpt lat="38.61104725" lon="-110.02120645"><ele>1205.0</ele></trkpt><trkpt lat="38.61202427" lon="-110.02039039"><ele>1205.0</ele></trkpt><trkpt lat="38.61252404" lon="-110.01997295"><ele>1205.0</ele></trkpt><trkpt lat="38.61505504" lon="-110.01882075"><ele>1205.0</ele></trkpt><trkpt lat="38.61546385" lon="-110.01874071"><ele>1205.0</ele></trkpt><trkpt lat="38.61874378" lon="-110.01809849"><ele>1205.0</ele></trkpt><trkpt lat="38.62025928" lon="-110.01780176"><ele>1205.0</ele></trkpt><trkpt lat="38.62138424" lon="-110.01758149"><ele>1205.0</ele></trkpt><trkpt lat="38.62244604" lon="-110.01713009"><ele>1205.0</ele></trkpt><trkpt lat="38.62316133" lon="-110.01644101"><ele>1205.0</ele></trkpt><trkpt lat="38.62321954" lon="-110.01638493"><ele>1205.0</ele></trkpt><trkpt lat="38.62329744" lon="-110.01630989"><ele>1205.0</ele></trkpt><trkpt lat="38.62365464" lon="-110.01539415"><ele>1205.0</ele></trkpt><trkpt lat="38.62367672" lon="-110.01520105"><ele>1205.0</ele></trkpt><trkpt lat="38.62378598" lon="-110.01424555"><ele>1205.0</ele></trkpt><trkpt lat="38.62387497" lon="-110.01346735"><ele>1204.0</ele></trkpt><trkpt lat="38.62266384" lon="-110.00748995"><ele>1204.0</ele></trkpt><trkpt lat="38.62206937" lon="-110.00606235"><ele>1204.0</ele></trkpt><trkpt lat="38.620529" lon="-110.00314049"><ele>1204.0</ele></trkpt><trkpt lat="38.61964944" lon="-110.00182129"><ele>1204.0</ele></trkpt><trkpt lat="38.61824997" lon="-110.00068169"><ele>1204.0</ele></trkpt><trkpt lat="38.61725657" lon="-109.99955489"><ele>1204.0</ele></trkpt><trkpt lat="38.61581381" lon="-109.99890107"><ele>1204.9169903593133</ele></trkpt><trkpt lat="38.61550862" lon="-109.99876277"><ele>1205.0</ele></trkpt><trkpt lat="38.61473537" lon="-109.99841235"><ele>1204.0</ele></trkpt><trkpt lat="38.61393874" lon="-109.99822332"><ele>1204.0</ele></trkpt><trkpt lat="38.61104717" lon="-109.99753715"><ele>1204.0</ele></trkpt><trkpt lat="38.61026144" lon="-109.99711481"><ele>1204.0</ele></trkpt><trkpt lat="38.61009537" lon="-109.99702555"><ele>1204.0</ele></trkpt><trkpt lat="38.60981154" lon="-109.99698377"><ele>1204.0</ele></trkpt><trkpt lat="38.60773651" lon="-109.99667827"><ele>1204.0</ele></trkpt><trkpt lat="38.60649404" lon="-109.99649535"><ele>1204.0</ele></trkpt><trkpt lat="38.60540044" lon="-109.99612055"><ele>1204.0</ele></trkpt><trkpt lat="38.60352493" lon="-109.99655003"><ele>1204.0</ele></trkpt><trkpt lat="38.60228857" lon="-109.99683315"><ele>1205.0</ele></trkpt><trkpt lat="38.59634863" lon="-109.99614827"><ele>1204.0</ele></trkpt><trkpt lat="38.59593244" lon="-109.99610029"><ele>1204.0</ele></trkpt><trkpt lat="38.59549553" lon="-109.99621623"><ele>1204.0</ele></trkpt><trkpt lat="38.59361066" lon="-109.99671642"><ele>1204.0</ele></trkpt><trkpt lat="38.59306777" lon="-109.99686049"><ele>1204.0</ele></trkpt><trkpt lat="38.59158037" lon="-109.99772209"><ele>1204.0</ele></trkpt><trkpt lat="38.59154095" lon="-109.99776006"><ele>1204.0</ele></trkpt><trkpt lat="38.59002148" lon="-109.99922378"><ele>1204.0</ele></trkpt><trkpt lat="38.59001964" lon="-109.99922555"><ele>1204.0</ele></trkpt><trkpt lat="38.59001463" lon="-109.99923672"><ele>1204.0</ele></trkpt><trkpt lat="38.58936624" lon="-110.00068135"><ele>1204.0</ele></trkpt><trkpt lat="38.58888085" lon="-110.00176296"><ele>1204.0</ele></trkpt><trkpt lat="38.58866457" lon="-110.00224489"><ele>1204.0</ele></trkpt><trkpt lat="38.58751977" lon="-110.00563269"><ele>1204.0</ele></trkpt><trkpt lat="38.58724643" lon="-110.00755032"><ele>1204.0</ele></trkpt><trkpt lat="38.58702022" lon="-110.00913731"><ele>1203.0</ele></trkpt><trkpt lat="38.58688264" lon="-110.01010249"><ele>1203.0</ele></trkpt><trkpt lat="38.58707998" lon="-110.01205001"><ele>1203.0</ele></trkpt><trkpt lat="38.58711997" lon="-110.01244469"><ele>1203.0</ele></trkpt><trkpt lat="38.58775776" lon="-110.01457017"><ele>1203.0</ele></trkpt><trkpt lat="38.58785137" lon="-110.01488215"><ele>1203.0</ele></trkpt><trkpt lat="38.58797893" lon="-110.01510568"><ele>1203.0</ele></trkpt><trkpt lat="38.58911364" lon="-110.01709409"><ele>1203.0</ele></trkpt><trkpt lat="38.59080164" lon="-110.01889615"><ele>1203.0</ele></trkpt><trkpt lat="38.59271837" lon="-110.02029555"><ele>1203.0</ele></trkpt><trkpt lat="38.59330297" lon="-110.02052735"><ele>1203.0</ele></trkpt><trkpt lat="38.59351477" lon="-110.02056829"><ele>1203.0</ele></trkpt><trkpt lat="38.59769124" lon="-110.02285109"><ele>1203.0</ele></trkpt><trkpt lat="38.59853844" lon="-110.02301469"><ele>1203.0</ele></trkpt><trkpt lat="38.60088077" lon="-110.02461549"><ele>1207.0</ele></trkpt><trkpt lat="38.60129944" lon="-110.0250729"><ele>1207.0</ele></trkpt><trkpt lat="38.60181213" lon="-110.02563305"><ele>1206.0</ele></trkpt><trkpt lat="38.60233997" lon="-110.02620975"><ele>1206.0</ele></trkpt><trkpt lat="38.60360204" lon="-110.02842235"><ele>1206.0</ele></trkpt><trkpt lat="38.60376286" lon="-110.02891107"><ele>1206.7591889724135</ele></trkpt><trkpt lat="38.60401124" lon="-110.02966586"><ele>1207.0</ele></trkpt><trkpt lat="38.60435157" lon="-110.03070009"><ele>1203.0</ele></trkpt><trkpt lat="38.60447004" lon="-110.03187135"><ele>1203.0</ele></trkpt><trkpt lat="38.60439397" lon="-110.03253649"><ele>1203.0</ele></trkpt><trkpt lat="38.60434547" lon="-110.03295969"><ele>1203.0</ele></trkpt><trkpt lat="38.60431263" lon="-110.03324627"><ele>1203.0</ele></trkpt><trkpt lat="38.60426784" lon="-110.03363709"><ele>1203.0</ele></trkpt><trkpt lat="38.60416708" lon="-110.03386154"><ele>1203.0</ele></trkpt><trkpt lat="38.60392897" lon="-110.03439195"><ele>1203.0</ele></trkpt><trkpt lat="38.60256009" lon="-110.03629926"><ele>1203.0</ele></trkpt><trkpt lat="38.59265884" lon="-110.05009495"><ele>1204.1316938940963</ele></trkpt><trkpt lat="38.59244093" lon="-110.05030463"><ele>1206.0</ele></trkpt><trkpt lat="38.59100334" lon="-110.05168791"><ele>1202.0</ele></trkpt><trkpt lat="38.59067164" lon="-110.05200709"><ele>1202.0</ele></trkpt><trkpt lat="38.58453657" lon="-110.05705329"><ele>1202.0</ele></trkpt><trkpt lat="38.58452643" lon="-110.05705759"><ele>1202.0</ele></trkpt><trkpt lat="38.5819669" lon="-110.0581435"><ele>1202.0</ele></trkpt><trkpt lat="38.58135064" lon="-110.05840495"><ele>1202.0</ele></trkpt><trkpt lat="38.58117955" lon="-110.05837184"><ele>1202.0</ele></trkpt><trkpt lat="38.57974464" lon="-110.05809409"><ele>1202.0</ele></trkpt><trkpt lat="38.57893517" lon="-110.05744535"><ele>1202.0</ele></trkpt><trkpt lat="38.57803539" lon="-110.05568064"><ele>1202.0</ele></trkpt><trkpt lat="38.57800737" lon="-110.05562569"><ele>1202.0</ele></trkpt><trkpt lat="38.57800668" lon="-110.05560996"><ele>1202.0</ele></trkpt><trkpt lat="38.57791769" lon="-110.05360231"><ele>1202.0</ele></trkpt><trkpt lat="38.57783137" lon="-110.05165515"><ele>1202.0</ele></trkpt><trkpt lat="38.57789355" lon="-110.05052069"><ele>1202.0</ele></trkpt><trkpt lat="38.57806264" lon="-110.04743555"><ele>1202.0</ele></trkpt><trkpt lat="38.57784437" lon="-110.04493315"><ele>1206.0</ele></trkpt><trkpt lat="38.57759416" lon="-110.04455424"><ele>1205.0</ele></trkpt><trkpt lat="38.57700048" lon="-110.04365519"><ele>1202.0</ele></trkpt><trkpt lat="38.57623037" lon="-110.04248895"><ele>1202.0</ele></trkpt><trkpt lat="38.57453273" lon="-110.04110616"><ele>1202.0</ele></trkpt><trkpt lat="38.57438237" lon="-110.04098369"><ele>1202.0</ele></trkpt><trkpt lat="38.57428161" lon="-110.04084655"><ele>1202.0</ele></trkpt><trkpt lat="38.57241597" lon="-110.03830755"><ele>1201.0</ele></trkpt><trkpt lat="38.57164304" lon="-110.03733829"><ele>1201.0</ele></trkpt><trkpt lat="38.57141662" lon="-110.03643868"><ele>1201.0</ele></trkpt><trkpt lat="38.57120917" lon="-110.03561449"><ele>1201.0</ele></trkpt><trkpt lat="38.57134852" lon="-110.03480136"><ele>1201.0</ele></trkpt><trkpt lat="38.57148439" lon="-110.03400855"><ele>1201.0</ele></trkpt><trkpt lat="38.57159004" lon="-110.03339209"><ele>1201.0</ele></trkpt><trkpt lat="38.57207097" lon="-110.03250095"><ele>1201.0</ele></trkpt><trkpt lat="38.57293302" lon="-110.0316713"><ele>1201.0</ele></trkpt><trkpt lat="38.57363204" lon="-110.03099855"><ele>1201.0</ele></trkpt><trkpt lat="38.57459163" lon="-110.0296216"><ele>1201.0</ele></trkpt><trkpt lat="38.57507185" lon="-110.0289325"><ele>1201.0</ele></trkpt><trkpt lat="38.57514304" lon="-110.02883035"><ele>1201.0</ele></trkpt><trkpt lat="38.57561743" lon="-110.02795116"><ele>1202.0</ele></trkpt><trkpt lat="38.57706644" lon="-110.02526568"><ele>1202.0</ele></trkpt><trkpt lat="38.57708209" lon="-110.025129"><ele>1204.0476926658303</ele></trkpt><trkpt lat="38.57717664" lon="-110.02430295"><ele>1201.0</ele></trkpt><trkpt lat="38.57624844" lon="-110.02248369"><ele>1201.0</ele></trkpt><trkpt lat="38.5761263" lon="-110.02237253"><ele>1201.0</ele></trkpt><trkpt lat="38.57573753" lon="-110.02201873"><ele>1201.0</ele></trkpt><trkpt lat="38.57510477" lon="-110.02144289"><ele>1201.0</ele></trkpt><trkpt lat="38.57221304" lon="-110.02022875"><ele>1201.0</ele></trkpt><trkpt lat="38.56568141" lon="-110.01882814"><ele>1202.0</ele></trkpt><trkpt lat="38.56457157" lon="-110.01859015"><ele>1201.0</ele></trkpt><trkpt lat="38.56440198" lon="-110.01847848"><ele>1201.0</ele></trkpt><trkpt lat="38.56297082" lon="-110.01753613"><ele>1201.0</ele></trkpt><trkpt lat="38.56281017" lon="-110.01743035"><ele>1201.0</ele></trkpt><trkpt lat="38.562727" lon="-110.01728467"><ele>1201.0</ele></trkpt><trkpt lat="38.56165304" lon="-110.01540349"><ele>1201.0</ele></trkpt><trkpt lat="38.56125191" lon="-110.0136251"><ele>1201.0</ele></trkpt><trkpt lat="38.56115037" lon="-110.01317495"><ele>1201.0</ele></trkpt><trkpt lat="38.56118481" lon="-110.01287379"><ele>1201.0</ele></trkpt><trkpt lat="38.56132396" lon="-110.01165702"><ele>1201.0</ele></trkpt><trkpt lat="38.56135217" lon="-110.01141029"><ele>1201.0</ele></trkpt><trkpt lat="38.56220844" lon="-110.00944375"><ele>1201.0</ele></trkpt><trkpt lat="38.56281833" lon="-110.00835732"><ele>1201.0</ele></trkpt><trkpt lat="38.56395264" lon="-110.00633669"><ele>1201.0</ele></trkpt><trkpt lat="38.56404422" lon="-110.00600562"><ele>1201.0</ele></trkpt><trkpt lat="38.56416797" lon="-110.00555829"><ele>1201.0</ele></trkpt><trkpt lat="38.56707424" lon="-110.00068115"><ele>1201.0</ele></trkpt><trkpt lat="38.56741442" lon="-110.00011027"><ele>1201.0</ele></trkpt><trkpt lat="38.56776144" lon="-109.99952789"><ele>1201.0</ele></trkpt><trkpt lat="38.56837037" lon="-109.99751349"><ele>1201.0</ele></trkpt><trkpt lat="38.56868197" lon="-109.99478589"><ele>1201.0</ele></trkpt><trkpt lat="38.56826584" lon="-109.99290195"><ele>1200.0</ele></trkpt><trkpt lat="38.56723184" lon="-109.99089909"><ele>1200.0</ele></trkpt><trkpt lat="38.56529637" lon="-109.98905055"><ele>1200.0</ele></trkpt><trkpt lat="38.56457951" lon="-109.98868063"><ele>1200.0</ele></trkpt><trkpt lat="38.5634489" lon="-109.9880972"><ele>1200.0</ele></trkpt><trkpt lat="38.56326924" lon="-109.98800449"><ele>1200.0</ele></trkpt><trkpt lat="38.56292348" lon="-109.98801254"><ele>1200.0</ele></trkpt><trkpt lat="38.56231747" lon="-109.98802666"><ele>1200.0</ele></trkpt><trkpt lat="38.56174997" lon="-109.98803989"><ele>1200.0</ele></trkpt><trkpt lat="38.56147206" lon="-109.98814342"><ele>1200.0</ele></trkpt><trkpt lat="38.56040182" lon="-109.98854214"><ele>1200.0</ele></trkpt><trkpt lat="38.56029924" lon="-109.98858035"><ele>1200.0</ele></trkpt><trkpt lat="38.56013537" lon="-109.98869558"><ele>1200.0</ele></trkpt><trkpt lat="38.55786526" lon="-109.99029183"><ele>1200.0</ele></trkpt><trkpt lat="38.55755344" lon="-109.99051109"><ele>1200.0</ele></trkpt><trkpt lat="38.55740856" lon="-109.99066171"><ele>1200.0</ele></trkpt><trkpt lat="38.55590647" lon="-109.99222343"><ele>1200.0</ele></trkpt><trkpt lat="38.55569077" lon="-109.99244769"><ele>1200.0</ele></trkpt><trkpt lat="38.55563864" lon="-109.99252851"><ele>1200.0</ele></trkpt><trkpt lat="38.55542137" lon="-109.99286535"><ele>1200.0</ele></trkpt><trkpt lat="38.55208044" lon="-109.99775809"><ele>1200.0</ele></trkpt><trkpt lat="38.54970157" lon="-110.00068095"><ele>1200.0</ele></trkpt><trkpt lat="38.54904464" lon="-110.00198775"><ele>1201.0</ele></trkpt><trkpt lat="38.54894606" lon="-110.00206119"><ele>1201.0</ele></trkpt><trkpt lat="38.54644973" lon="-110.00392095"><ele>1200.0</ele></trkpt><trkpt lat="38.54642217" lon="-110.00394149"><ele>1200.0</ele></trkpt><trkpt lat="38.54637793" lon="-110.00396197"><ele>1200.0</ele></trkpt><trkpt lat="38.54442224" lon="-110.00486749"><ele>1200.0</ele></trkpt><trkpt lat="38.54297144" lon="-110.00540755"><ele>1200.0</ele></trkpt><trkpt lat="38.54030357" lon="-110.00554909"><ele>1200.0</ele></trkpt><trkpt lat="38.53925066" lon="-110.00534626"><ele>1200.0</ele></trkpt><trkpt lat="38.53919164" lon="-110.00533489"><ele>1200.0</ele></trkpt><trkpt lat="38.53859562" lon="-110.00501465"><ele>1200.0</ele></trkpt><trkpt lat="38.53823997" lon="-110.00482355"><ele>1200.0</ele></trkpt><trkpt lat="38.53695424" lon="-110.00392015"><ele>1200.0</ele></trkpt><trkpt lat="38.53364484" lon="-110.00068075"><ele>1199.0</ele></trkpt><trkpt lat="38.53308357" lon="-110.00022429"><ele>1199.0</ele></trkpt><trkpt lat="38.53179984" lon="-109.99874075"><ele>1200.0</ele></trkpt><trkpt lat="38.53087291" lon="-109.9978584"><ele>1199.0</ele></trkpt><trkpt lat="38.53047577" lon="-109.99748035"><ele>1200.0</ele></trkpt><trkpt lat="38.52903904" lon="-109.99583955"><ele>1199.0</ele></trkpt><trkpt lat="38.52902859" lon="-109.99582543"><ele>1199.0</ele></trkpt><trkpt lat="38.52853374494157" lon="-109.99515645995011"><ele>1199.0</ele></trkpt><trkpt lat="38.52648584" lon="-109.99387309"><ele>1199.0</ele></trkpt><trkpt lat="38.52560264" lon="-109.99386688"><ele>1199.0</ele></trkpt><trkpt lat="38.52528929" lon="-109.99409642"><ele>1199.0</ele></trkpt><trkpt lat="38.52436244" lon="-109.99477535"><ele>1199.0</ele></trkpt><trkpt lat="38.52245824" lon="-109.99817789"><ele>1199.0</ele></trkpt><trkpt lat="38.52208284" lon="-109.99925275"><ele>1199.0</ele></trkpt><trkpt lat="38.52191957" lon="-110.00068055"><ele>1199.0</ele></trkpt><trkpt lat="38.5218837" lon="-110.00099442"><ele>1199.0</ele></trkpt><trkpt lat="38.52188117" lon="-110.00101655"><ele>1199.0</ele></trkpt><trkpt lat="38.52372864" lon="-110.00694435"><ele>1199.0</ele></trkpt><trkpt lat="38.52375278" lon="-110.00700559"><ele>1199.0</ele></trkpt><trkpt lat="38.52470724" lon="-110.00942729"><ele>1199.0</ele></trkpt><trkpt lat="38.52522837" lon="-110.01149435"><ele>1199.0</ele></trkpt><trkpt lat="38.52511824" lon="-110.01245649"><ele>1200.0</ele></trkpt><trkpt lat="38.52454697" lon="-110.01293316"><ele>1199.0</ele></trkpt><trkpt lat="38.52421246" lon="-110.01321227"><ele>1199.0</ele></trkpt><trkpt lat="38.52400144" lon="-110.01338835"><ele>1199.0</ele></trkpt><trkpt lat="38.52322344" lon="-110.01356615"><ele>1199.0</ele></trkpt><trkpt lat="38.52194046" lon="-110.01354559"><ele>1199.0</ele></trkpt><trkpt lat="38.51981644" lon="-110.01351155"><ele>1199.0</ele></trkpt><trkpt lat="38.51894944" lon="-110.01339775"><ele>1199.0</ele></trkpt><trkpt lat="38.51686257" lon="-110.01397869"><ele>1199.0</ele></trkpt><trkpt lat="38.51496777" lon="-110.01508829"><ele>1199.0</ele></trkpt><trkpt lat="38.51469152" lon="-110.01532587"><ele>1199.0</ele></trkpt><trkpt lat="38.51385212" lon="-110.01604778"><ele>1199.0</ele></trkpt><trkpt lat="38.51356704" lon="-110.01629295"><ele>1198.0</ele></trkpt><trkpt lat="38.51316975" lon="-110.01772823"><ele>1198.0</ele></trkpt><trkpt lat="38.51313644" lon="-110.01784855"><ele>1198.0</ele></trkpt><trkpt lat="38.5128927" lon="-110.01997694"><ele>1198.0</ele></trkpt><trkpt lat="38.51286104" lon="-110.02025335"><ele>1198.0</ele></trkpt><trkpt lat="38.5128951" lon="-110.02053013"><ele>1198.0</ele></trkpt><trkpt lat="38.51325097" lon="-110.02342239"><ele>1198.0</ele></trkpt><trkpt lat="38.51325344" lon="-110.02344249"><ele>1198.0</ele></trkpt><trkpt lat="38.51355064" lon="-110.02415529"><ele>1198.0</ele></trkpt><trkpt lat="38.5135518" lon="-110.02415783"><ele>1198.0</ele></trkpt><trkpt lat="38.51472173" lon="-110.02672112"><ele>1198.0</ele></trkpt><trkpt lat="38.51486284" lon="-110.02703029"><ele>1198.0</ele></trkpt><trkpt lat="38.51826495" lon="-110.03298778"><ele>1202.0</ele></trkpt><trkpt lat="38.51854384" lon="-110.03347615"><ele>1202.0</ele></trkpt><trkpt lat="38.51865204" lon="-110.03693849"><ele>1198.0</ele></trkpt><trkpt lat="38.51863428" lon="-110.03709332"><ele>1198.0</ele></trkpt><trkpt lat="38.51859464" lon="-110.037439"><ele>1198.0</ele></trkpt><trkpt lat="38.51846817" lon="-110.03854175"><ele>1198.0</ele></trkpt><trkpt lat="38.5181088" lon="-110.0396295"><ele>1198.0</ele></trkpt><trkpt lat="38.5178134" lon="-110.04052363"><ele>1198.0</ele></trkpt><trkpt lat="38.51750117" lon="-110.04146869"><ele>1198.0</ele></trkpt><trkpt lat="38.51710413" lon="-110.04220371"><ele>1198.0</ele></trkpt><trkpt lat="38.51623221" lon="-110.04381781"><ele>1198.0</ele></trkpt><trkpt lat="38.51589797" lon="-110.04443655"><ele>1198.0</ele></trkpt><trkpt lat="38.51518824" lon="-110.04511875"><ele>1198.0</ele></trkpt><trkpt lat="38.51492466" lon="-110.04524723"><ele>1198.0</ele></trkpt><trkpt lat="38.51399262" lon="-110.04570157"><ele>1198.0</ele></trkpt><trkpt lat="38.51398444" lon="-110.04570555"><ele>1198.0</ele></trkpt><trkpt lat="38.51395651" lon="-110.04570812"><ele>1198.0</ele></trkpt><trkpt lat="38.51168717" lon="-110.04591715"><ele>1198.0</ele></trkpt><trkpt lat="38.50896917" lon="-110.04539209"><ele>1198.0</ele></trkpt><trkpt lat="38.50804" lon="-110.04489257"><ele>1198.0</ele></trkpt><trkpt lat="38.50801764" lon="-110.04488055"><ele>1198.0</ele></trkpt><trkpt lat="38.50764751" lon="-110.04451763"><ele>1198.0</ele></trkpt><trkpt lat="38.5069546" lon="-110.04383823"><ele>1198.0</ele></trkpt><trkpt lat="38.50676904" lon="-110.04365629"><ele>1198.0</ele></trkpt><trkpt lat="38.50582264" lon="-110.04199875"><ele>1198.0</ele></trkpt><trkpt lat="38.50563874" lon="-110.04155267"><ele>1198.0</ele></trkpt><trkpt lat="38.5045334" lon="-110.03887156"><ele>1198.0</ele></trkpt><trkpt lat="38.50325397" lon="-110.03576815"><ele>1198.0</ele></trkpt><trkpt lat="38.50295053" lon="-110.03435951"><ele>1199.0</ele></trkpt><trkpt lat="38.50152324" lon="-110.02773369"><ele>1198.0</ele></trkpt><trkpt lat="38.50070018" lon="-110.02610035"><ele>1198.0</ele></trkpt><trkpt lat="38.50058416" lon="-110.02600477"><ele>1198.0</ele></trkpt><trkpt lat="38.50044897" lon="-110.02570208"><ele>1198.0</ele></trkpt><trkpt lat="38.49998097" lon="-110.02540208"><ele>1198.0</ele></trkpt><trkpt lat="38.4999278" lon="-110.02544355"><ele>1198.0</ele></trkpt><trkpt lat="38.49988097" lon="-110.02548008"><ele>1198.0</ele></trkpt><trkpt lat="38.49938097" lon="-110.02498008"><ele>1198.0</ele></trkpt><trkpt lat="38.49911235" lon="-110.02459774"><ele>1198.0</ele></trkpt><trkpt lat="38.49879034" lon="-110.02421132"><ele>1198.0</ele></trkpt><trkpt lat="38.49834867" lon="-110.02374778"><ele>1198.0</ele></trkpt><trkpt lat="38.49808097" lon="-110.02348008"><ele>1198.0</ele></trkpt><trkpt lat="38.49745937" lon="-110.02285848"><ele>1198.0</ele></trkpt><trkpt lat="38.49708097" lon="-110.02248008"><ele>1198.0</ele></trkpt><trkpt lat="38.49598097" lon="-110.02158008"><ele>1198.0</ele></trkpt><trkpt lat="38.49539824" lon="-110.02114304"><ele>1199.0</ele></trkpt><trkpt lat="38.49518097" lon="-110.02098008"><ele>1199.0</ele></trkpt><trkpt lat="38.49486508" lon="-110.0206993"><ele>1199.0</ele></trkpt><trkpt lat="38.49428096" lon="-110.02018008"><ele>1198.3869678347287</ele></trkpt><trkpt lat="38.49294808" lon="-110.01894151"><ele>1198.0</ele></trkpt><trkpt lat="38.49288196" lon="-110.01888008"><ele>1198.0</ele></trkpt><trkpt lat="38.49208196" lon="-110.01808008"><ele>1198.0</ele></trkpt><trkpt lat="38.49128197" lon="-110.01728008"><ele>1198.0</ele></trkpt><trkpt lat="38.49075797" lon="-110.01658143"><ele>1198.0</ele></trkpt><trkpt lat="38.49068196" lon="-110.01648008"><ele>1198.0</ele></trkpt><trkpt lat="38.4904032" lon="-110.01616647"><ele>1198.0</ele></trkpt><trkpt lat="38.48988196" lon="-110.01558008"><ele>1198.0</ele></trkpt><trkpt lat="38.48928197" lon="-110.01458007"><ele>1198.0</ele></trkpt><trkpt lat="38.48868197" lon="-110.01338008"><ele>1198.0</ele></trkpt><trkpt lat="38.48808196" lon="-110.01228008"><ele>1198.0</ele></trkpt><trkpt lat="38.48738196" lon="-110.01038008"><ele>1198.0</ele></trkpt><trkpt lat="38.48688197" lon="-110.00928008"><ele>1198.0</ele></trkpt><trkpt lat="38.4863728" lon="-110.00826175"><ele>1198.0</ele></trkpt><trkpt lat="38.48608197" lon="-110.00768008"><ele>1198.0</ele></trkpt><trkpt lat="38.48547657" lon="-110.00664225"><ele>1198.0</ele></trkpt><trkpt lat="38.48538197" lon="-110.00648008"><ele>1198.0</ele></trkpt><trkpt lat="38.48478197" lon="-110.00558008"><ele>1198.0</ele></trkpt><trkpt lat="38.48418196" lon="-110.00468008"><ele>1198.0</ele></trkpt><trkpt lat="38.48371358" lon="-110.00391064"><ele>1198.0</ele></trkpt><trkpt lat="38.48356897" lon="-110.00367308"><ele>1197.0</ele></trkpt><trkpt lat="38.48330302" lon="-110.00346298"><ele>1197.0</ele></trkpt><trkpt lat="38.48276896" lon="-110.00304108"><ele>1197.0</ele></trkpt><trkpt lat="38.48243864" lon="-110.00275843"><ele>1197.0</ele></trkpt><trkpt lat="38.48188896" lon="-110.00228808"><ele>1197.0</ele></trkpt><trkpt lat="38.48135826" lon="-110.00215268"><ele>1197.0</ele></trkpt><trkpt lat="38.48066285" lon="-110.00197526"><ele>1197.0</ele></trkpt><trkpt lat="38.48023097" lon="-110.00186508"><ele>1197.0</ele></trkpt><trkpt lat="38.47989143" lon="-110.00191099"><ele>1197.0</ele></trkpt><trkpt lat="38.47841896" lon="-110.00211008"><ele>1197.0</ele></trkpt><trkpt lat="38.47728196" lon="-110.00218008"><ele>1197.0</ele></trkpt><trkpt lat="38.47608197" lon="-110.00218008"><ele>1197.0</ele></trkpt><trkpt lat="38.47458197" lon="-110.00238008"><ele>1197.0</ele></trkpt><trkpt lat="38.47298197" lon="-110.00268008"><ele>1197.0</ele></trkpt><trkpt lat="38.47198197" lon="-110.00308008"><ele>1197.0</ele></trkpt><trkpt lat="38.47078197" lon="-110.00348008"><ele>1197.0</ele></trkpt><trkpt lat="38.46968196" lon="-110.00388008"><ele>1197.0</ele></trkpt><trkpt lat="38.46875629" lon="-110.00426578"><ele>1197.0</ele></trkpt><trkpt lat="38.46848196" lon="-110.00438008"><ele>1197.0</ele></trkpt><trkpt lat="38.46754897" lon="-110.00494608"><ele>1197.0</ele></trkpt><trkpt lat="38.46648197" lon="-110.00578008"><ele>1197.0</ele></trkpt><trkpt lat="38.46538197" lon="-110.00668008"><ele>1197.0</ele></trkpt><trkpt lat="38.46432197" lon="-110.00746008"><ele>1197.0</ele></trkpt><trkpt lat="38.46288197" lon="-110.00848008"><ele>1197.148954737257</ele></trkpt><trkpt lat="38.46198196" lon="-110.00918008"><ele>1197.8801696826522</ele></trkpt><trkpt lat="38.46098197" lon="-110.00988008"><ele>1197.0</ele></trkpt><trkpt lat="38.46018196" lon="-110.01048008"><ele>1197.0</ele></trkpt><trkpt lat="38.45954014" lon="-110.01098437"><ele>1197.0</ele></trkpt><trkpt lat="38.45878196" lon="-110.01158008"><ele>1197.0</ele></trkpt><trkpt lat="38.45748197" lon="-110.01188108"><ele>1197.7540152030997</ele></trkpt><trkpt lat="38.45608197" lon="-110.01138108"><ele>1197.0</ele></trkpt><trkpt lat="38.45478196" lon="-110.01108108"><ele>1196.0</ele></trkpt><trkpt lat="38.45338197" lon="-110.01098108"><ele>1196.0</ele></trkpt><trkpt lat="38.45143596" lon="-110.01090008"><ele>1197.0</ele></trkpt><trkpt lat="38.4494041" lon="-110.01102911"><ele>1196.0</ele></trkpt><trkpt lat="38.44907397" lon="-110.01105008"><ele>1196.0</ele></trkpt><trkpt lat="38.44868517" lon="-110.01130219"><ele>1196.0</ele></trkpt><trkpt lat="38.44772459" lon="-110.01192504"><ele>1196.0</ele></trkpt><trkpt lat="38.44764897" lon="-110.01197408"><ele>1196.0</ele></trkpt><trkpt lat="38.44755368" lon="-110.01211733"><ele>1196.0</ele></trkpt><trkpt lat="38.44706497" lon="-110.01285208"><ele>1196.0</ele></trkpt><trkpt lat="38.44675414" lon="-110.01342659"><ele>1196.0</ele></trkpt><trkpt lat="38.44643196" lon="-110.01402208"><ele>1196.0</ele></trkpt><trkpt lat="38.44628397" lon="-110.01519508"><ele>1196.0</ele></trkpt><trkpt lat="38.44606197" lon="-110.01715708"><ele>1196.0</ele></trkpt><trkpt lat="38.44620497" lon="-110.01845308"><ele>1196.0</ele></trkpt><trkpt lat="38.44659896" lon="-110.01965908"><ele>1196.0</ele></trkpt><trkpt lat="38.44705096" lon="-110.02057108"><ele>1196.0</ele></trkpt><trkpt lat="38.44734487" lon="-110.02100913"><ele>1196.0</ele></trkpt><trkpt lat="38.44763063" lon="-110.02143504"><ele>1196.0</ele></trkpt><trkpt lat="38.44814796" lon="-110.02220608"><ele>1196.0</ele></trkpt><trkpt lat="38.45001997" lon="-110.02432008"><ele>1196.0</ele></trkpt><trkpt lat="38.45038339" lon="-110.02462562"><ele>1196.0</ele></trkpt><trkpt lat="38.45128197" lon="-110.02538108"><ele>1196.0</ele></trkpt><trkpt lat="38.45215485" lon="-110.02632671"><ele>1196.0</ele></trkpt><trkpt lat="38.45248197" lon="-110.02668108"><ele>1196.0</ele></trkpt><trkpt lat="38.45308197" lon="-110.02768108"><ele>1198.0</ele></trkpt><trkpt lat="38.45468197" lon="-110.02808108"><ele>1196.0</ele></trkpt><trkpt lat="38.45578196" lon="-110.02908108"><ele>1196.0</ele></trkpt><trkpt lat="38.45678197" lon="-110.03008108"><ele>1196.0</ele></trkpt><trkpt lat="38.45788197" lon="-110.03118108"><ele>1200.0</ele></trkpt><trkpt lat="38.45928197" lon="-110.03278108"><ele>1198.0</ele></trkpt><trkpt lat="38.45918197" lon="-110.03748108"><ele>1196.0</ele></trkpt><trkpt lat="38.4587027" lon="-110.03867534"><ele>1196.0</ele></trkpt><trkpt lat="38.45828197" lon="-110.03998108"><ele>1196.0</ele></trkpt><trkpt lat="38.45748197" lon="-110.04158108"><ele>1196.0</ele></trkpt><trkpt lat="38.45658196" lon="-110.04288109"><ele>1196.0</ele></trkpt><trkpt lat="38.45528197" lon="-110.04378108"><ele>1196.0</ele></trkpt><trkpt lat="38.45358197" lon="-110.04438108"><ele>1196.0</ele></trkpt><trkpt lat="38.45258196" lon="-110.04448108"><ele>1196.0</ele></trkpt><trkpt lat="38.45128197" lon="-110.04438108"><ele>1196.0</ele></trkpt><trkpt lat="38.44985596" lon="-110.04395308"><ele>1196.0</ele></trkpt><trkpt lat="38.44868197" lon="-110.04318108"><ele>1196.0</ele></trkpt><trkpt lat="38.44811277" lon="-110.04257122"><ele>1196.0066147106054</ele></trkpt><trkpt lat="38.44728197" lon="-110.04168108"><ele>1196.0</ele></trkpt><trkpt lat="38.44668197" lon="-110.04078108"><ele>1195.503656975925</ele></trkpt><trkpt lat="38.44628197" lon="-110.03968108"><ele>1195.0</ele></trkpt><trkpt lat="38.44618197" lon="-110.03808108"><ele>1195.0</ele></trkpt><trkpt lat="38.44638196" lon="-110.03638108"><ele>1195.0</ele></trkpt><trkpt lat="38.44678196" lon="-110.03448108"><ele>1195.0</ele></trkpt><trkpt lat="38.44688197" lon="-110.03258108"><ele>1195.0</ele></trkpt><trkpt lat="38.44724927" lon="-110.03120372"><ele>1195.0</ele></trkpt><trkpt lat="38.44728197" lon="-110.03108108"><ele>1195.0</ele></trkpt><trkpt lat="38.44748196" lon="-110.02978108"><ele>1195.0</ele></trkpt><trkpt lat="38.4475521" lon="-110.02900963"><ele>1195.0</ele></trkpt><trkpt lat="38.44758197" lon="-110.02868108"><ele>1195.0</ele></trkpt><trkpt lat="38.44761896" lon="-110.02764708"><ele>1195.0</ele></trkpt><trkpt lat="38.44683697" lon="-110.02639808"><ele>1195.0</ele></trkpt><trkpt lat="38.44568196" lon="-110.02550208"><ele>1195.0</ele></trkpt><trkpt lat="38.44380897" lon="-110.02379308"><ele>1195.0</ele></trkpt><trkpt lat="38.44374411" lon="-110.02372063"><ele>1195.0</ele></trkpt><trkpt lat="38.44308197" lon="-110.02298108"><ele>1195.0</ele></trkpt><trkpt lat="38.44178197" lon="-110.02218108"><ele>1195.0</ele></trkpt><trkpt lat="38.44068197" lon="-110.02128108"><ele>1195.0</ele></trkpt><trkpt lat="38.43958197" lon="-110.02048108"><ele>1195.0</ele></trkpt><trkpt lat="38.43828197" lon="-110.01978108"><ele>1195.0</ele></trkpt><trkpt lat="38.43728196" lon="-110.01898108"><ele>1195.0</ele></trkpt><trkpt lat="38.43635847" lon="-110.01839341"><ele>1195.0</ele></trkpt><trkpt lat="38.43618197" lon="-110.01828108"><ele>1195.0</ele></trkpt><trkpt lat="38.43508197" lon="-110.01738108"><ele>1195.0</ele></trkpt><trkpt lat="38.43418197" lon="-110.01678108"><ele>1195.0</ele></trkpt><trkpt lat="38.43308197" lon="-110.01608108"><ele>1195.0</ele></trkpt><trkpt lat="38.43208197" lon="-110.01538108"><ele>1195.0</ele></trkpt><trkpt lat="38.43118196" lon="-110.01468108"><ele>1195.0</ele></trkpt><trkpt lat="38.43028197" lon="-110.01398108"><ele>1195.0</ele></trkpt><trkpt lat="38.42948197" lon="-110.01318108"><ele>1195.0</ele></trkpt><trkpt lat="38.42878197" lon="-110.01238108"><ele>1195.0</ele></trkpt><trkpt lat="38.42788196" lon="-110.01138108"><ele>1195.0</ele></trkpt><trkpt lat="38.42658197" lon="-110.01028108"><ele>1198.0</ele></trkpt><trkpt lat="38.42527055" lon="-110.00943803"><ele>1195.0</ele></trkpt><trkpt lat="38.42518197" lon="-110.00938108"><ele>1195.0</ele></trkpt><trkpt lat="38.42334797" lon="-110.00874208"><ele>1197.0</ele></trkpt><trkpt lat="38.42218725" lon="-110.00827499"><ele>1197.0</ele></trkpt><trkpt lat="38.42210297" lon="-110.00824108"><ele>1197.0</ele></trkpt><trkpt lat="38.42182238" lon="-110.00804338"><ele>1197.0</ele></trkpt><trkpt lat="38.42072607" lon="-110.00727092"><ele>1197.0</ele></trkpt><trkpt lat="38.42059997" lon="-110.00718208"><ele>1197.0</ele></trkpt><trkpt lat="38.41978497" lon="-110.00636908"><ele>1197.0364433619336</ele></trkpt><trkpt lat="38.41866452" lon="-110.00500356"><ele>1195.0</ele></trkpt><trkpt lat="38.41848196" lon="-110.00478108"><ele>1195.0</ele></trkpt><trkpt lat="38.4176825" lon="-110.0042481"><ele>1195.0</ele></trkpt><trkpt lat="38.41698196" lon="-110.00378108"><ele>1195.0</ele></trkpt><trkpt lat="38.41518197" lon="-110.00308108"><ele>1195.0</ele></trkpt><trkpt lat="38.41388197" lon="-110.00308108"><ele>1195.0</ele></trkpt><trkpt lat="38.41268196" lon="-110.00388108"><ele>1195.0</ele></trkpt><trkpt lat="38.41198196" lon="-110.00468108"><ele>1197.1759626027197</ele></trkpt><trkpt lat="38.41108197" lon="-110.00588109"><ele>1197.695516724927</ele></trkpt><trkpt lat="38.41038197" lon="-110.00708108"><ele>1198.0</ele></trkpt><trkpt lat="38.40948197" lon="-110.00858108"><ele>1194.981012562023</ele></trkpt><trkpt lat="38.40878197" lon="-110.00988108"><ele>1194.0</ele></trkpt><trkpt lat="38.40828197" lon="-110.01098108"><ele>1194.0</ele></trkpt><trkpt lat="38.40751097" lon="-110.01260808"><ele>1194.0</ele></trkpt><trkpt lat="38.40655247" lon="-110.01453108"><ele>1194.0</ele></trkpt><trkpt lat="38.40594697" lon="-110.01588408"><ele>1194.0</ele></trkpt><trkpt lat="38.40536247" lon="-110.01684483"><ele>1194.0</ele></trkpt><trkpt lat="38.40468196" lon="-110.01768108"><ele>1194.0</ele></trkpt><trkpt lat="38.4030585" lon="-110.01901806"><ele>1194.0</ele></trkpt><trkpt lat="38.40298197" lon="-110.01908108"><ele>1194.0</ele></trkpt><trkpt lat="38.40118197" lon="-110.02018108"><ele>1194.0</ele></trkpt><trkpt lat="38.39968197" lon="-110.02098108"><ele>1194.0</ele></trkpt><trkpt lat="38.39818196" lon="-110.02188108"><ele>1194.0</ele></trkpt><trkpt lat="38.39678197" lon="-110.02278108"><ele>1194.0</ele></trkpt><trkpt lat="38.39496997" lon="-110.02393508"><ele>1194.0</ele></trkpt><trkpt lat="38.39424797" lon="-110.02489308"><ele>1194.1571668479592</ele></trkpt><trkpt lat="38.39423609" lon="-110.02492651"><ele>1194.9569005073215</ele></trkpt><trkpt lat="38.39358097" lon="-110.02677008"><ele>1195.0</ele></trkpt><trkpt lat="38.39347388" lon="-110.02735592"><ele>1195.0</ele></trkpt><trkpt lat="38.39332797" lon="-110.02815408"><ele>1194.0</ele></trkpt><trkpt lat="38.39323597" lon="-110.02940708"><ele>1194.3803927581757</ele></trkpt><trkpt lat="38.39288297" lon="-110.03058208"><ele>1194.0</ele></trkpt><trkpt lat="38.39205018" lon="-110.03202669"><ele>1194.0</ele></trkpt><trkpt lat="38.39183897" lon="-110.03239308"><ele>1194.0</ele></trkpt><trkpt lat="38.39159851" lon="-110.03255818"><ele>1194.0</ele></trkpt><trkpt lat="38.39129855" lon="-110.03276413"><ele>1195.0</ele></trkpt><trkpt lat="38.39080196" lon="-110.03310508"><ele>1194.0</ele></trkpt><trkpt lat="38.389969" lon="-110.03319106"><ele>1193.0</ele></trkpt><trkpt lat="38.38884497" lon="-110.03330708"><ele>1193.0</ele></trkpt><trkpt lat="38.38870398" lon="-110.03329359"><ele>1193.0</ele></trkpt><trkpt lat="38.38784197" lon="-110.03321108"><ele>1193.0</ele></trkpt><trkpt lat="38.38666097" lon="-110.03288208"><ele>1193.0</ele></trkpt><trkpt lat="38.38619309" lon="-110.03268113"><ele>1193.0</ele></trkpt><trkpt lat="38.38594868" lon="-110.03257616"><ele>1193.0</ele></trkpt><trkpt lat="38.38573197" lon="-110.03248308"><ele>1193.0</ele></trkpt><trkpt lat="38.38548414" lon="-110.03225021"><ele>1193.0</ele></trkpt><trkpt lat="38.38464417" lon="-110.03146093"><ele>1193.0</ele></trkpt><trkpt lat="38.38445597" lon="-110.03128408"><ele>1193.0</ele></trkpt><trkpt lat="38.38429119" lon="-110.03061562"><ele>1193.0</ele></trkpt><trkpt lat="38.38392697" lon="-110.02913808"><ele>1193.895692864433</ele></trkpt><trkpt lat="38.38366297" lon="-110.02758008"><ele>1193.0</ele></trkpt><trkpt lat="38.3833129" lon="-110.02563518"><ele>1193.0</ele></trkpt><trkpt lat="38.38321497" lon="-110.02509108"><ele>1193.0</ele></trkpt><trkpt lat="38.38306396" lon="-110.02370508"><ele>1193.0</ele></trkpt><trkpt lat="38.38293796" lon="-110.02184408"><ele>1197.006116166824</ele></trkpt><trkpt lat="38.38264797" lon="-110.02017408"><ele>1193.144173387438</ele></trkpt><trkpt lat="38.38188697" lon="-110.01729908"><ele>1193.0</ele></trkpt><trkpt lat="38.38128297" lon="-110.01566908"><ele>1193.0</ele></trkpt><trkpt lat="38.38060856" lon="-110.01386718"><ele>1193.0</ele></trkpt><trkpt lat="38.38038096" lon="-110.01325908"><ele>1194.0</ele></trkpt><trkpt lat="38.3800182" lon="-110.01274452"><ele>1193.0</ele></trkpt><trkpt lat="38.37937939" lon="-110.01183839"><ele>1194.0</ele></trkpt><trkpt lat="38.37930797" lon="-110.01173708"><ele>1194.0</ele></trkpt><trkpt lat="38.37736197" lon="-110.00983808"><ele>1193.0</ele></trkpt><trkpt lat="38.37610997" lon="-110.00918508"><ele>1193.0</ele></trkpt><trkpt lat="38.37520279" lon="-110.00903375"><ele>1193.0</ele></trkpt><trkpt lat="38.37498296" lon="-110.00899708"><ele>1193.0</ele></trkpt><trkpt lat="38.37283564" lon="-110.00941574"><ele>1193.0</ele></trkpt><trkpt lat="38.37275697" lon="-110.00943108"><ele>1193.0</ele></trkpt><trkpt lat="38.37108897" lon="-110.01054508"><ele>1193.0</ele></trkpt><trkpt lat="38.37017697" lon="-110.01144308"><ele>1193.0</ele></trkpt><trkpt lat="38.36994684" lon="-110.01171691"><ele>1193.0</ele></trkpt><trkpt lat="38.36910297" lon="-110.01272108"><ele>1193.0</ele></trkpt><trkpt lat="38.36794401" lon="-110.01376446"><ele>1193.0</ele></trkpt><trkpt lat="38.36764897" lon="-110.01403008"><ele>1193.0</ele></trkpt><trkpt lat="38.36653696" lon="-110.01505608"><ele>1193.0</ele></trkpt><trkpt lat="38.36605088" lon="-110.01515776"><ele>1193.0</ele></trkpt><trkpt lat="38.36551397" lon="-110.01527008"><ele>1193.0</ele></trkpt><trkpt lat="38.36425496" lon="-110.01467008"><ele>1193.0</ele></trkpt><trkpt lat="38.36418297" lon="-110.01312408"><ele>1192.0</ele></trkpt><trkpt lat="38.36423736" lon="-110.01265667"><ele>1192.0</ele></trkpt><trkpt lat="38.36442396" lon="-110.01105308"><ele>1192.0</ele></trkpt><trkpt lat="38.36500199" lon="-110.00926564"><ele>1192.0</ele></trkpt><trkpt lat="38.36500896" lon="-110.00924408"><ele>1192.0</ele></trkpt><trkpt lat="38.36658396" lon="-110.00632208"><ele>1192.0</ele></trkpt><trkpt lat="38.36665461" lon="-110.00621015"><ele>1192.0</ele></trkpt><trkpt lat="38.3674994" lon="-110.00487157"><ele>1192.0</ele></trkpt><trkpt lat="38.36793896" lon="-110.00417508"><ele>1192.0</ele></trkpt><trkpt lat="38.36866044" lon="-110.00332975"><ele>1192.0</ele></trkpt><trkpt lat="38.36953496" lon="-110.00230508"><ele>1192.0</ele></trkpt><trkpt lat="38.36976696" lon="-110.00195493"><ele>1192.0</ele></trkpt><trkpt lat="38.37061097" lon="-110.00068108"><ele>1192.0</ele></trkpt><trkpt lat="38.37144197" lon="-109.99994707"><ele>1192.0</ele></trkpt><trkpt lat="38.37287797" lon="-109.99860808"><ele>1192.0</ele></trkpt><trkpt lat="38.37398197" lon="-109.99748508"><ele>1192.0</ele></trkpt><trkpt lat="38.37498296" lon="-109.99647908"><ele>1193.8263169194774</ele></trkpt><trkpt lat="38.37632469" lon="-109.99538781"><ele>1195.9468829813216</ele></trkpt><trkpt lat="38.37738297" lon="-109.99452708"><ele>1194.9989972482435</ele></trkpt><trkpt lat="38.37908897" lon="-109.99337408"><ele>1192.265302670654</ele></trkpt><trkpt lat="38.38054687" lon="-109.99227006"><ele>1192.0</ele></trkpt><trkpt lat="38.38056797" lon="-109.99225408"><ele>1192.0</ele></trkpt><trkpt lat="38.38230597" lon="-109.99087608"><ele>1192.0</ele></trkpt><trkpt lat="38.38408829" lon="-109.98952202"><ele>1192.0</ele></trkpt><trkpt lat="38.38413297" lon="-109.98948808"><ele>1192.0</ele></trkpt><trkpt lat="38.38571697" lon="-109.98807108"><ele>1192.0</ele></trkpt><trkpt lat="38.38611242" lon="-109.98757712"><ele>1192.0</ele></trkpt><trkpt lat="38.38683844" lon="-109.98667024"><ele>1192.0</ele></trkpt><trkpt lat="38.38712197" lon="-109.98631608"><ele>1192.0</ele></trkpt><trkpt lat="38.38726912" lon="-109.98608539"><ele>1192.0</ele></trkpt><trkpt lat="38.38833313" lon="-109.98441731"><ele>1192.0</ele></trkpt><trkpt lat="38.38843597" lon="-109.98425608"><ele>1192.0</ele></trkpt><trkpt lat="38.38845849" lon="-109.98412418"><ele>1192.0</ele></trkpt><trkpt lat="38.38873769" lon="-109.98248896"><ele>1193.0</ele></trkpt><trkpt lat="38.38889697" lon="-109.98155608"><ele>1193.0</ele></trkpt><trkpt lat="38.38895718" lon="-109.98010138"><ele>1193.0</ele></trkpt><trkpt lat="38.38901797" lon="-109.97863308"><ele>1193.0</ele></trkpt><trkpt lat="38.38839582" lon="-109.97631178"><ele>1192.0</ele></trkpt><trkpt lat="38.38830397" lon="-109.97596908"><ele>1192.0</ele></trkpt><trkpt lat="38.38779268" lon="-109.97534906"><ele>1192.0</ele></trkpt><trkpt lat="38.38746939" lon="-109.97495702"><ele>1192.0</ele></trkpt><trkpt lat="38.38694497" lon="-109.97432108"><ele>1192.0</ele></trkpt><trkpt lat="38.38510897" lon="-109.97296108"><ele>1192.0</ele></trkpt><trkpt lat="38.38364096" lon="-109.97233508"><ele>1191.0</ele></trkpt><trkpt lat="38.38328968" lon="-109.97232208"><ele>1191.0</ele></trkpt><trkpt lat="38.38169496" lon="-109.97226308"><ele>1191.0</ele></trkpt><trkpt lat="38.37970297" lon="-109.97242608"><ele>1191.0</ele></trkpt><trkpt lat="38.37818796" lon="-109.97282208"><ele>1191.0</ele></trkpt><trkpt lat="38.37619697" lon="-109.97354708"><ele>1191.0</ele></trkpt><trkpt lat="38.37533467" lon="-109.97400096"><ele>1193.0</ele></trkpt><trkpt lat="38.37498296" lon="-109.97418608"><ele>1193.0</ele></trkpt><trkpt lat="38.37491297" lon="-109.97429682"><ele>1193.0</ele></trkpt><trkpt lat="38.37439897" lon="-109.97511008"><ele>1193.0</ele></trkpt><trkpt lat="38.37298597" lon="-109.97614308"><ele>1193.0</ele></trkpt><trkpt lat="38.37149734" lon="-109.97676103"><ele>1192.0</ele></trkpt><trkpt lat="38.37105397" lon="-109.97694508"><ele>1193.0</ele></trkpt><trkpt lat="38.36993297" lon="-109.97799708"><ele>1191.0</ele></trkpt><trkpt lat="38.369149" lon="-109.97888779"><ele>1191.0</ele></trkpt><trkpt lat="38.36884597" lon="-109.97923208"><ele>1191.0</ele></trkpt><trkpt lat="38.36878678" lon="-109.97927174"><ele>1191.0</ele></trkpt><trkpt lat="38.36747297" lon="-109.98015208"><ele>1191.0</ele></trkpt><trkpt lat="38.36665897" lon="-109.98092508"><ele>1191.0</ele></trkpt><trkpt lat="38.36636586" lon="-109.98118014"><ele>1191.0</ele></trkpt><trkpt lat="38.36580397" lon="-109.98166908"><ele>1191.0</ele></trkpt><trkpt lat="38.36496039" lon="-109.98210574"><ele>1195.0</ele></trkpt><trkpt lat="38.36430096" lon="-109.98244708"><ele>1195.0</ele></trkpt><trkpt lat="38.36316196" lon="-109.98313008"><ele>1195.0</ele></trkpt><trkpt lat="38.36223488" lon="-109.98395125"><ele>1194.0</ele></trkpt><trkpt lat="38.36203297" lon="-109.98413008"><ele>1194.5363215073012</ele></trkpt><trkpt lat="38.3619977" lon="-109.98412662"><ele>1194.6975691951811</ele></trkpt><trkpt lat="38.36067897" lon="-109.98399708"><ele>1194.0</ele></trkpt><trkpt lat="38.35897696" lon="-109.98372408"><ele>1194.0</ele></trkpt><trkpt lat="38.35710897" lon="-109.98444408"><ele>1195.0</ele></trkpt><trkpt lat="38.35571597" lon="-109.98449508"><ele>1194.0</ele></trkpt><trkpt lat="38.35460023" lon="-109.98450357"><ele>1194.0</ele></trkpt><trkpt lat="38.35387697" lon="-109.98450908"><ele>1191.0</ele></trkpt><trkpt lat="38.35286951" lon="-109.98397818"><ele>1191.0</ele></trkpt><trkpt lat="38.35248597" lon="-109.98377608"><ele>1191.0</ele></trkpt><trkpt lat="38.35149297" lon="-109.98290508"><ele>1191.0</ele></trkpt><trkpt lat="38.35091886" lon="-109.98207243"><ele>1191.0</ele></trkpt><trkpt lat="38.34985197" lon="-109.98052509"><ele>1191.0</ele></trkpt><trkpt lat="38.34676497" lon="-109.97568408"><ele>1191.0</ele></trkpt><trkpt lat="38.34376797" lon="-109.97116808"><ele>1191.0</ele></trkpt><trkpt lat="38.34119697" lon="-109.96766208"><ele>1190.0</ele></trkpt><trkpt lat="38.34008296" lon="-109.96534008"><ele>1190.0</ele></trkpt><trkpt lat="38.33973596" lon="-109.96399408"><ele>1190.0</ele></trkpt><trkpt lat="38.33973796" lon="-109.96290008"><ele>1190.0</ele></trkpt><trkpt lat="38.34006097" lon="-109.96138508"><ele>1190.0</ele></trkpt><trkpt lat="38.34022244" lon="-109.96085431"><ele>1190.0</ele></trkpt><trkpt lat="38.34034752" lon="-109.96044316"><ele>1190.0</ele></trkpt><trkpt lat="38.34059397" lon="-109.95963308"><ele>1190.0</ele></trkpt><trkpt lat="38.34085658" lon="-109.95906273"><ele>1190.0</ele></trkpt><trkpt lat="38.34109034" lon="-109.95855506"><ele>1190.0</ele></trkpt><trkpt lat="38.34114696" lon="-109.95843208"><ele>1190.0</ele></trkpt><trkpt lat="38.34159586" lon="-109.95773727"><ele>1190.0</ele></trkpt><trkpt lat="38.34183696" lon="-109.95736408"><ele>1190.0</ele></trkpt><trkpt lat="38.34263396" lon="-109.95643708"><ele>1190.0</ele></trkpt><trkpt lat="38.34341597" lon="-109.95570508"><ele>1190.0</ele></trkpt><trkpt lat="38.34429515" lon="-109.955075"><ele>1190.0</ele></trkpt><trkpt lat="38.34491597" lon="-109.95463008"><ele>1190.0</ele></trkpt><trkpt lat="38.34532147" lon="-109.95454243"><ele>1190.0</ele></trkpt><trkpt lat="38.34678497" lon="-109.95422608"><ele>1190.0</ele></trkpt><trkpt lat="38.34831397" lon="-109.95387608"><ele>1190.0</ele></trkpt><trkpt lat="38.34978597" lon="-109.95353708"><ele>1190.0</ele></trkpt><trkpt lat="38.35044723" lon="-109.95336738"><ele>1190.0</ele></trkpt><trkpt lat="38.35159796" lon="-109.95307208"><ele>1190.0</ele></trkpt><trkpt lat="38.35320797" lon="-109.95278308"><ele>1190.0</ele></trkpt><trkpt lat="38.35433997" lon="-109.95244608"><ele>1190.0</ele></trkpt><trkpt lat="38.35486616" lon="-109.95129683"><ele>1191.3472487016716</ele></trkpt><trkpt lat="38.35506796" lon="-109.95085608"><ele>1191.0</ele></trkpt><trkpt lat="38.35529096" lon="-109.94879908"><ele>1191.2890242157937</ele></trkpt><trkpt lat="38.35532304" lon="-109.94845915"><ele>1191.3610482513905</ele></trkpt><trkpt lat="38.35545997" lon="-109.94700808"><ele>1190.0</ele></trkpt><trkpt lat="38.35548297" lon="-109.94548508"><ele>1190.0</ele></trkpt><trkpt lat="38.35542696" lon="-109.94418708"><ele>1190.0</ele></trkpt><trkpt lat="38.35498296" lon="-109.94299508"><ele>1190.0</ele></trkpt><trkpt lat="38.35429697" lon="-109.94193708"><ele>1190.0</ele></trkpt><trkpt lat="38.35373616" lon="-109.94140335"><ele>1190.0</ele></trkpt><trkpt lat="38.35357196" lon="-109.94124708"><ele>1190.0</ele></trkpt><trkpt lat="38.35354212" lon="-109.94124112"><ele>1190.0</ele></trkpt><trkpt lat="38.35198802" lon="-109.94093068"><ele>1190.0</ele></trkpt><trkpt lat="38.35194996" lon="-109.94092308"><ele>1190.0</ele></trkpt><trkpt lat="38.35189625" lon="-109.940927"><ele>1190.0</ele></trkpt><trkpt lat="38.35066297" lon="-109.94101708"><ele>1190.0</ele></trkpt><trkpt lat="38.34935596" lon="-109.94197908"><ele>1190.0</ele></trkpt><trkpt lat="38.34811497" lon="-109.94305208"><ele>1190.0</ele></trkpt><trkpt lat="38.34665497" lon="-109.94399508"><ele>1190.0</ele></trkpt><trkpt lat="38.34597716" lon="-109.94443412"><ele>1190.0</ele></trkpt><trkpt lat="38.34579196" lon="-109.94455408"><ele>1190.0</ele></trkpt><trkpt lat="38.34570513" lon="-109.94462936"><ele>1190.367753473036</ele></trkpt><trkpt lat="38.34501797" lon="-109.94522508"><ele>1190.0</ele></trkpt><trkpt lat="38.34326397" lon="-109.94578108"><ele>1190.0</ele></trkpt><trkpt lat="38.34221097" lon="-109.94584108"><ele>1190.0</ele></trkpt><trkpt lat="38.34108797" lon="-109.94632008"><ele>1190.0</ele></trkpt><trkpt lat="38.34008596" lon="-109.94664608"><ele>1189.0</ele></trkpt><trkpt lat="38.33949139" lon="-109.94706656"><ele>1190.0</ele></trkpt><trkpt lat="38.33923897" lon="-109.94724508"><ele>1190.0</ele></trkpt><trkpt lat="38.33835297" lon="-109.94813208"><ele>1190.0</ele></trkpt><trkpt lat="38.33826271" lon="-109.9482474"><ele>1190.0</ele></trkpt><trkpt lat="38.33777724" lon="-109.94886768"><ele>1189.0</ele></trkpt><trkpt lat="38.33753196" lon="-109.94918108"><ele>1189.0</ele></trkpt><trkpt lat="38.33702599" lon="-109.95017197"><ele>1189.0</ele></trkpt><trkpt lat="38.33683549" lon="-109.95054505"><ele>1189.0</ele></trkpt><trkpt lat="38.33683497" lon="-109.95054608"><ele>1189.0</ele></trkpt><trkpt lat="38.33683252" lon="-109.95055354"><ele>1189.0</ele></trkpt><trkpt lat="38.33603897" lon="-109.95297508"><ele>1189.0</ele></trkpt><trkpt lat="38.33514997" lon="-109.95630408"><ele>1189.0</ele></trkpt><trkpt lat="38.33496754" lon="-109.95705615"><ele>1189.0</ele></trkpt><trkpt lat="38.33405697" lon="-109.96081008"><ele>1189.0</ele></trkpt><trkpt lat="38.33373197" lon="-109.96222308"><ele>1189.0</ele></trkpt><trkpt lat="38.33318696" lon="-109.96324008"><ele>1189.0</ele></trkpt><trkpt lat="38.33282335" lon="-109.96386842"><ele>1189.0</ele></trkpt><trkpt lat="38.33261696" lon="-109.96422508"><ele>1189.0</ele></trkpt><trkpt lat="38.33173796" lon="-109.96487608"><ele>1189.0</ele></trkpt><trkpt lat="38.33120125" lon="-109.96503427"><ele>1189.0</ele></trkpt><trkpt lat="38.33059796" lon="-109.96521208"><ele>1189.0</ele></trkpt><trkpt lat="38.32935097" lon="-109.96528408"><ele>1189.0</ele></trkpt><trkpt lat="38.32523396" lon="-109.96460208"><ele>1189.0</ele></trkpt><trkpt lat="38.32297197" lon="-109.96419108"><ele>1189.0</ele></trkpt><trkpt lat="38.32061197" lon="-109.96367808"><ele>1189.0</ele></trkpt><trkpt lat="38.31932897" lon="-109.96303508"><ele>1189.0</ele></trkpt><trkpt lat="38.31851694" lon="-109.96249193"><ele>1189.0</ele></trkpt><trkpt lat="38.31827197" lon="-109.96232808"><ele>1189.0</ele></trkpt><trkpt lat="38.31816828" lon="-109.96217618"><ele>1189.0</ele></trkpt><trkpt lat="38.31765832" lon="-109.96142912"><ele>1189.0</ele></trkpt><trkpt lat="38.31725897" lon="-109.96084408"><ele>1189.0</ele></trkpt><trkpt lat="38.31715892" lon="-109.96055827"><ele>1189.0</ele></trkpt><trkpt lat="38.31632164" lon="-109.95816641"><ele>1189.0</ele></trkpt><trkpt lat="38.31629597" lon="-109.95809308"><ele>1189.0</ele></trkpt><trkpt lat="38.31575097" lon="-109.95605408"><ele>1189.0</ele></trkpt><trkpt lat="38.31475297" lon="-109.95281308"><ele>1189.0</ele></trkpt><trkpt lat="38.31454654" lon="-109.9523599"><ele>1189.0</ele></trkpt><trkpt lat="38.31411296" lon="-109.95140808"><ele>1189.0</ele></trkpt><trkpt lat="38.31334497" lon="-109.95016808"><ele>1189.0</ele></trkpt><trkpt lat="38.31313162" lon="-109.94989327"><ele>1189.0</ele></trkpt><trkpt lat="38.31243897" lon="-109.94900108"><ele>1189.0</ele></trkpt><trkpt lat="38.31159197" lon="-109.94812908"><ele>1188.0</ele></trkpt><trkpt lat="38.31054197" lon="-109.94733008"><ele>1188.0</ele></trkpt><trkpt lat="38.30964797" lon="-109.94678608"><ele>1188.0</ele></trkpt><trkpt lat="38.30857892" lon="-109.94640118"><ele>1188.0</ele></trkpt><trkpt lat="38.30851197" lon="-109.94637708"><ele>1188.0</ele></trkpt><trkpt lat="38.30740997" lon="-109.94618108"><ele>1188.0</ele></trkpt><trkpt lat="38.30701642" lon="-109.94628763"><ele>1188.0</ele></trkpt><trkpt lat="38.30530951" lon="-109.94674977"><ele>1188.0</ele></trkpt><trkpt lat="38.30507197" lon="-109.94681408"><ele>1188.0</ele></trkpt><trkpt lat="38.30271297" lon="-109.94790608"><ele>1188.0</ele></trkpt><trkpt lat="38.30062896" lon="-109.94879208"><ele>1188.0</ele></trkpt><trkpt lat="38.29758097" lon="-109.94983808"><ele>1188.0</ele></trkpt><trkpt lat="38.29585797" lon="-109.95026108"><ele>1188.0</ele></trkpt><trkpt lat="38.29450697" lon="-109.95047708"><ele>1188.0</ele></trkpt><trkpt lat="38.2942913" lon="-109.95045929"><ele>1188.0</ele></trkpt><trkpt lat="38.29303997" lon="-109.95035608"><ele>1188.0</ele></trkpt><trkpt lat="38.29193588" lon="-109.95000864"><ele>1188.0</ele></trkpt><trkpt lat="38.29180697" lon="-109.94996808"><ele>1188.0</ele></trkpt><trkpt lat="38.29036797" lon="-109.94912208"><ele>1188.0</ele></trkpt><trkpt lat="38.28999801" lon="-109.94877372"><ele>1188.0</ele></trkpt><trkpt lat="38.28906596" lon="-109.94789608"><ele>1188.0</ele></trkpt><trkpt lat="38.28819897" lon="-109.94649408"><ele>1188.0</ele></trkpt><trkpt lat="38.28789624" lon="-109.94578831"><ele>1188.0</ele></trkpt><trkpt lat="38.28730699" lon="-109.94441455"><ele>1188.0</ele></trkpt><trkpt lat="38.28717297" lon="-109.94410208"><ele>1188.0</ele></trkpt><trkpt lat="38.28713343" lon="-109.94390054"><ele>1188.0</ele></trkpt><trkpt lat="38.28710125" lon="-109.94373648"><ele>1188.0</ele></trkpt><trkpt lat="38.28667297" lon="-109.94155308"><ele>1188.0</ele></trkpt><trkpt lat="38.28639497" lon="-109.93963508"><ele>1188.0</ele></trkpt><trkpt lat="38.28584697" lon="-109.93732108"><ele>1188.0</ele></trkpt><trkpt lat="38.28520096" lon="-109.93476308"><ele>1188.0</ele></trkpt><trkpt lat="38.28425728" lon="-109.93198578"><ele>1188.0</ele></trkpt><trkpt lat="38.28425297" lon="-109.93197308"><ele>1188.0</ele></trkpt><trkpt lat="38.28331296" lon="-109.93054108"><ele>1188.0</ele></trkpt><trkpt lat="38.28319979" lon="-109.93041212"><ele>1188.0</ele></trkpt><trkpt lat="38.28253897" lon="-109.92965908"><ele>1188.0</ele></trkpt><trkpt lat="38.28171697" lon="-109.92906308"><ele>1188.0</ele></trkpt><trkpt lat="38.28091197" lon="-109.92846708"><ele>1188.0</ele></trkpt><trkpt lat="38.27982873" lon="-109.92809465"><ele>1188.0</ele></trkpt><trkpt lat="38.27928897" lon="-109.92790908"><ele>1188.0</ele></trkpt><trkpt lat="38.27879812" lon="-109.92789787"><ele>1188.0</ele></trkpt><trkpt lat="38.27766897" lon="-109.92787208"><ele>1188.0</ele></trkpt><trkpt lat="38.27602008" lon="-109.92837218"><ele>1188.0</ele></trkpt><trkpt lat="38.27593797" lon="-109.92839708"><ele>1188.0</ele></trkpt><trkpt lat="38.27579658" lon="-109.92849232"><ele>1188.0</ele></trkpt><trkpt lat="38.27478596" lon="-109.92917308"><ele>1188.0</ele></trkpt><trkpt lat="38.27263196" lon="-109.93077408"><ele>1188.0</ele></trkpt><trkpt lat="38.27163122" lon="-109.93160983"><ele>1188.0</ele></trkpt><trkpt lat="38.27096396" lon="-109.93216708"><ele>1188.0</ele></trkpt><trkpt lat="38.26979419" lon="-109.93307761"><ele>1188.0</ele></trkpt><trkpt lat="38.26876196" lon="-109.93388108"><ele>1187.0</ele></trkpt><trkpt lat="38.26748097" lon="-109.93494408"><ele>1187.0</ele></trkpt><trkpt lat="38.26677391" lon="-109.93539266"><ele>1187.0</ele></trkpt><trkpt lat="38.26663297" lon="-109.93548208"><ele>1187.0</ele></trkpt><trkpt lat="38.26636704" lon="-109.93561825"><ele>1187.0</ele></trkpt><trkpt lat="38.26567997" lon="-109.93597008"><ele>1187.0</ele></trkpt><trkpt lat="38.26468894" lon="-109.9359034"><ele>1187.0</ele></trkpt><trkpt lat="38.26459496" lon="-109.93589708"><ele>1187.0</ele></trkpt><trkpt lat="38.26456747" lon="-109.9358908"><ele>1187.0</ele></trkpt><trkpt lat="38.26361809" lon="-109.93567379"><ele>1187.0</ele></trkpt><trkpt lat="38.26347497" lon="-109.93564108"><ele>1187.0</ele></trkpt><trkpt lat="38.26253096" lon="-109.93485308"><ele>1187.0</ele></trkpt><trkpt lat="38.26251035" lon="-109.93482766"><ele>1187.0</ele></trkpt><trkpt lat="38.26187938" lon="-109.93404981"><ele>1187.0</ele></trkpt><trkpt lat="38.26165897" lon="-109.93377808"><ele>1187.0</ele></trkpt><trkpt lat="38.26104497" lon="-109.93272108"><ele>1187.0</ele></trkpt><trkpt lat="38.26102478" lon="-109.93267532"><ele>1187.0</ele></trkpt><trkpt lat="38.26065031" lon="-109.93182652"><ele>1187.0</ele></trkpt><trkpt lat="38.26051997" lon="-109.93153108"><ele>1187.0</ele></trkpt><trkpt lat="38.26011496" lon="-109.93021708"><ele>1187.0</ele></trkpt><trkpt lat="38.26002444" lon="-109.92971358"><ele>1187.0</ele></trkpt><trkpt lat="38.25995366" lon="-109.92931989"><ele>1187.0</ele></trkpt><trkpt lat="38.25987297" lon="-109.92887108"><ele>1187.0</ele></trkpt><trkpt lat="38.25982397" lon="-109.92753408"><ele>1187.0</ele></trkpt><trkpt lat="38.26001197" lon="-109.92639908"><ele>1187.0</ele></trkpt><trkpt lat="38.26024336" lon="-109.92583551"><ele>1187.0</ele></trkpt><trkpt lat="38.26056297" lon="-109.92505708"><ele>1187.0</ele></trkpt><trkpt lat="38.26098696" lon="-109.92405308"><ele>1187.0</ele></trkpt><trkpt lat="38.26198897" lon="-109.92233908"><ele>1187.0</ele></trkpt><trkpt lat="38.26332296" lon="-109.92048008"><ele>1187.0</ele></trkpt><trkpt lat="38.26497997" lon="-109.91849508"><ele>1187.0</ele></trkpt><trkpt lat="38.26678197" lon="-109.91636508"><ele>1187.0</ele></trkpt><trkpt lat="38.26762004" lon="-109.9154018"><ele>1187.0</ele></trkpt><trkpt lat="38.26837496" lon="-109.91453408"><ele>1187.0</ele></trkpt><trkpt lat="38.26888207" lon="-109.91393724"><ele>1187.0</ele></trkpt><trkpt lat="38.26945997" lon="-109.91325708"><ele>1186.610961840072</ele></trkpt><trkpt lat="38.26968595" lon="-109.91285772"><ele>1186.0</ele></trkpt><trkpt lat="38.2701056" lon="-109.9121161"><ele>1186.0</ele></trkpt><trkpt lat="38.27030196" lon="-109.91176908"><ele>1187.0</ele></trkpt><trkpt lat="38.27083897" lon="-109.91071308"><ele>1187.0</ele></trkpt><trkpt lat="38.27107774" lon="-109.91013111"><ele>1187.0</ele></trkpt><trkpt lat="38.27117297" lon="-109.909899"><ele>1186.5340062566102</ele></trkpt><trkpt lat="38.27122996" lon="-109.90976008"><ele>1186.5231089317829</ele></trkpt><trkpt lat="38.2712063" lon="-109.90960643"><ele>1186.0</ele></trkpt><trkpt lat="38.27103908" lon="-109.90852046"><ele>1186.0</ele></trkpt><trkpt lat="38.27098497" lon="-109.90816908"><ele>1186.0</ele></trkpt><trkpt lat="38.27062811" lon="-109.90770965"><ele>1186.0</ele></trkpt><trkpt lat="38.27010715" lon="-109.90703896"><ele>1186.0</ele></trkpt><trkpt lat="38.27006297" lon="-109.90698208"><ele>1186.0</ele></trkpt><trkpt lat="38.26973148" lon="-109.90668678"><ele>1186.0</ele></trkpt><trkpt lat="38.26845097" lon="-109.90554608"><ele>1186.0</ele></trkpt><trkpt lat="38.26711095" lon="-109.90446041"><ele>1186.0</ele></trkpt><trkpt lat="38.26701797" lon="-109.90438508"><ele>1186.0</ele></trkpt><trkpt lat="38.26691834" lon="-109.90434167"><ele>1186.0</ele></trkpt><trkpt lat="38.26528085" lon="-109.90362809"><ele>1186.0</ele></trkpt><trkpt lat="38.26513397" lon="-109.90356408"><ele>1186.0</ele></trkpt><trkpt lat="38.26402196" lon="-109.90312508"><ele>1186.0</ele></trkpt><trkpt lat="38.26359905" lon="-109.90299617"><ele>1186.0</ele></trkpt><trkpt lat="38.26291826" lon="-109.90278865"><ele>1186.0</ele></trkpt><trkpt lat="38.26134919" lon="-109.90231037"><ele>1186.0</ele></trkpt><trkpt lat="38.26115797" lon="-109.90225208"><ele>1186.0</ele></trkpt><trkpt lat="38.25965797" lon="-109.90197908"><ele>1186.0</ele></trkpt><trkpt lat="38.25938709" lon="-109.90197298"><ele>1186.0</ele></trkpt><trkpt lat="38.25836997" lon="-109.90195008"><ele>1186.0</ele></trkpt><trkpt lat="38.25704897" lon="-109.90195108"><ele>1186.0</ele></trkpt><trkpt lat="38.25617274" lon="-109.90215569"><ele>1186.0</ele></trkpt><trkpt lat="38.25595697" lon="-109.90220608"><ele>1186.0</ele></trkpt><trkpt lat="38.25502097" lon="-109.90273508"><ele>1186.0</ele></trkpt><trkpt lat="38.25492701" lon="-109.90279627"><ele>1186.0</ele></trkpt><trkpt lat="38.25397694" lon="-109.903415"><ele>1186.0</ele></trkpt><trkpt lat="38.25393997" lon="-109.90343908"><ele>1186.0</ele></trkpt><trkpt lat="38.25387271" lon="-109.90351516"><ele>1186.0</ele></trkpt><trkpt lat="38.25233897" lon="-109.90525009"><ele>1186.0</ele></trkpt><trkpt lat="38.25135808" lon="-109.9066782"><ele>1186.0</ele></trkpt><trkpt lat="38.25129497" lon="-109.90677008"><ele>1186.0</ele></trkpt><trkpt lat="38.25100529" lon="-109.90738902"><ele>1186.0</ele></trkpt><trkpt lat="38.24998497" lon="-109.90956908"><ele>1186.0</ele></trkpt><trkpt lat="38.24939497" lon="-109.91083908"><ele>1186.0</ele></trkpt><trkpt lat="38.24882697" lon="-109.91208508"><ele>1185.0</ele></trkpt><trkpt lat="38.24878239" lon="-109.91221387"><ele>1185.0</ele></trkpt><trkpt lat="38.24833196" lon="-109.91351508"><ele>1186.0</ele></trkpt><trkpt lat="38.24795214" lon="-109.9145648"><ele>1186.0</ele></trkpt><trkpt lat="38.24783697" lon="-109.91488308"><ele>1186.0</ele></trkpt><trkpt lat="38.24752467" lon="-109.91553617"><ele>1186.0</ele></trkpt><trkpt lat="38.24721197" lon="-109.91619008"><ele>1186.098259480291</ele></trkpt><trkpt lat="38.2465614" lon="-109.91708403"><ele>1186.0</ele></trkpt><trkpt lat="38.24623897" lon="-109.91752708"><ele>1186.0</ele></trkpt><trkpt lat="38.24590353" lon="-109.91771592"><ele>1186.0</ele></trkpt><trkpt lat="38.24512306" lon="-109.91815529"><ele>1185.0</ele></trkpt><trkpt lat="38.24500797" lon="-109.91822008"><ele>1185.0</ele></trkpt><trkpt lat="38.24360797" lon="-109.91840208"><ele>1185.0</ele></trkpt><trkpt lat="38.24336826" lon="-109.91835796"><ele>1185.0</ele></trkpt><trkpt lat="38.24215197" lon="-109.91813408"><ele>1185.0</ele></trkpt><trkpt lat="38.241344" lon="-109.91755218"><ele>1185.0</ele></trkpt><trkpt lat="38.24080097" lon="-109.91716108"><ele>1185.0</ele></trkpt><trkpt lat="38.24034816" lon="-109.91657491"><ele>1185.0</ele></trkpt><trkpt lat="38.23979089" lon="-109.91585348"><ele>1185.0</ele></trkpt><trkpt lat="38.23971796" lon="-109.91575908"><ele>1185.0</ele></trkpt><trkpt lat="38.23957558" lon="-109.91547878"><ele>1185.0</ele></trkpt><trkpt lat="38.23913208" lon="-109.91460567"><ele>1185.0</ele></trkpt><trkpt lat="38.23904797" lon="-109.91444008"><ele>1185.0</ele></trkpt><trkpt lat="38.23868597" lon="-109.91303008"><ele>1185.0</ele></trkpt><trkpt lat="38.23868017" lon="-109.91282642"><ele>1185.0</ele></trkpt><trkpt lat="38.23864776" lon="-109.91168876"><ele>1185.0</ele></trkpt><trkpt lat="38.23864697" lon="-109.91166108"><ele>1185.0</ele></trkpt><trkpt lat="38.23865353" lon="-109.91163814"><ele>1185.0</ele></trkpt><trkpt lat="38.23902096" lon="-109.91035408"><ele>1185.0</ele></trkpt><trkpt lat="38.23959697" lon="-109.90903608"><ele>1185.0</ele></trkpt><trkpt lat="38.24032697" lon="-109.90752508"><ele>1185.0</ele></trkpt><trkpt lat="38.24074291" lon="-109.90666027"><ele>1185.0</ele></trkpt><trkpt lat="38.24195697" lon="-109.90413608"><ele>1185.0</ele></trkpt><trkpt lat="38.24248497" lon="-109.90260308"><ele>1185.0</ele></trkpt><trkpt lat="38.24284296" lon="-109.90079508"><ele>1185.0</ele></trkpt><trkpt lat="38.24260197" lon="-109.89933408"><ele>1185.0</ele></trkpt><trkpt lat="38.24175397" lon="-109.89785108"><ele>1185.0</ele></trkpt><trkpt lat="38.24088897" lon="-109.89673608"><ele>1185.0</ele></trkpt><trkpt lat="38.23960297" lon="-109.89549808"><ele>1185.0</ele></trkpt><trkpt lat="38.23868097" lon="-109.89477208"><ele>1185.0</ele></trkpt><trkpt lat="38.23737997" lon="-109.89366708"><ele>1185.0</ele></trkpt><trkpt lat="38.23641697" lon="-109.89298108"><ele>1185.0</ele></trkpt><trkpt lat="38.23618754" lon="-109.89278157"><ele>1185.0</ele></trkpt><trkpt lat="38.23538197" lon="-109.89208108"><ele>1185.0</ele></trkpt><trkpt lat="38.23428197" lon="-109.89125208"><ele>1185.0</ele></trkpt><trkpt lat="38.23298797" lon="-109.89028008"><ele>1184.0</ele></trkpt><trkpt lat="38.23202597" lon="-109.88950208"><ele>1184.0</ele></trkpt><trkpt lat="38.23189851" lon="-109.88942089"><ele>1184.0</ele></trkpt><trkpt lat="38.23078897" lon="-109.88871408"><ele>1184.0</ele></trkpt><trkpt lat="38.22990982" lon="-109.88848324"><ele>1184.0</ele></trkpt><trkpt lat="38.22969597" lon="-109.88842708"><ele>1184.0</ele></trkpt><trkpt lat="38.22963081" lon="-109.88846321"><ele>1184.0</ele></trkpt><trkpt lat="38.22897423" lon="-109.88882727"><ele>1184.0</ele></trkpt><trkpt lat="38.22866797" lon="-109.88899708"><ele>1184.0</ele></trkpt><trkpt lat="38.22857859" lon="-109.88915703"><ele>1184.0</ele></trkpt><trkpt lat="38.22796515" lon="-109.89025485"><ele>1184.0</ele></trkpt><trkpt lat="38.22789796" lon="-109.89037508"><ele>1184.0</ele></trkpt><trkpt lat="38.22767796" lon="-109.89212208"><ele>1184.0</ele></trkpt><trkpt lat="38.22773792" lon="-109.89329829"><ele>1184.0</ele></trkpt><trkpt lat="38.22774097" lon="-109.89335808"><ele>1184.0</ele></trkpt><trkpt lat="38.22774988" lon="-109.89341899"><ele>1184.0</ele></trkpt><trkpt lat="38.22867397" lon="-109.89973408"><ele>1184.0</ele></trkpt><trkpt lat="38.22897897" lon="-109.90165508"><ele>1184.0</ele></trkpt><trkpt lat="38.22911497" lon="-109.90278908"><ele>1184.0</ele></trkpt><trkpt lat="38.22913797" lon="-109.90443408"><ele>1184.0</ele></trkpt><trkpt lat="38.22911374" lon="-109.90561484"><ele>1184.0</ele></trkpt><trkpt lat="38.22911197" lon="-109.90570108"><ele>1184.0</ele></trkpt><trkpt lat="38.22908159" lon="-109.90589683"><ele>1184.0</ele></trkpt><trkpt lat="38.22892497" lon="-109.90690608"><ele>1184.0</ele></trkpt><trkpt lat="38.22878497" lon="-109.90836608"><ele>1184.0</ele></trkpt><trkpt lat="38.22852497" lon="-109.90974508"><ele>1184.0</ele></trkpt><trkpt lat="38.22815897" lon="-109.91121608"><ele>1184.0</ele></trkpt><trkpt lat="38.22773697" lon="-109.91255308"><ele>1184.0</ele></trkpt><trkpt lat="38.22732996" lon="-109.91405408"><ele>1184.0</ele></trkpt><trkpt lat="38.22677729" lon="-109.91565816"><ele>1184.0</ele></trkpt><trkpt lat="38.22674597" lon="-109.91574908"><ele>1184.0</ele></trkpt><trkpt lat="38.22666758" lon="-109.91591456"><ele>1184.0</ele></trkpt><trkpt lat="38.22616097" lon="-109.91698408"><ele>1184.0</ele></trkpt><trkpt lat="38.22573406" lon="-109.91777624"><ele>1184.0</ele></trkpt><trkpt lat="38.22535797" lon="-109.91847408"><ele>1184.0</ele></trkpt><trkpt lat="38.22416696" lon="-109.91969808"><ele>1184.0</ele></trkpt><trkpt lat="38.22390718" lon="-109.91977066"><ele>1184.0</ele></trkpt><trkpt lat="38.22267797" lon="-109.92011408"><ele>1184.0</ele></trkpt><trkpt lat="38.22122897" lon="-109.92014208"><ele>1184.0</ele></trkpt><trkpt lat="38.22075784" lon="-109.92005426"><ele>1184.0</ele></trkpt><trkpt lat="38.21968396" lon="-109.91985408"><ele>1184.0</ele></trkpt><trkpt lat="38.21907962" lon="-109.91962258"><ele>1184.0</ele></trkpt><trkpt lat="38.2186378" lon="-109.91945334"><ele>1184.0</ele></trkpt><trkpt lat="38.21839697" lon="-109.91936108"><ele>1184.0</ele></trkpt><trkpt lat="38.21690897" lon="-109.91852108"><ele>1184.0</ele></trkpt><trkpt lat="38.21602797" lon="-109.91797908"><ele>1184.0</ele></trkpt><trkpt lat="38.21594104" lon="-109.91789917"><ele>1184.0</ele></trkpt><trkpt lat="38.21493696" lon="-109.91697608"><ele>1188.3835611399263</ele></trkpt><trkpt lat="38.21371697" lon="-109.91471708"><ele>1184.0</ele></trkpt><trkpt lat="38.21250597" lon="-109.91220208"><ele>1184.0</ele></trkpt><trkpt lat="38.21138397" lon="-109.90969908"><ele>1184.0</ele></trkpt><trkpt lat="38.21005196" lon="-109.90661208"><ele>1184.0</ele></trkpt><trkpt lat="38.20957416" lon="-109.90553404"><ele>1184.0</ele></trkpt><trkpt lat="38.20909196" lon="-109.90444608"><ele>1184.0594647925511</ele></trkpt><trkpt lat="38.20813096" lon="-109.90211608"><ele>1184.0</ele></trkpt><trkpt lat="38.20683997" lon="-109.89890808"><ele>1184.0</ele></trkpt><trkpt lat="38.20650196" lon="-109.89790608"><ele>1184.0</ele></trkpt><trkpt lat="38.20634897" lon="-109.89680308"><ele>1184.0</ele></trkpt><trkpt lat="38.20655297" lon="-109.89558808"><ele>1184.0</ele></trkpt><trkpt lat="38.20669397" lon="-109.89517962"><ele>1184.0</ele></trkpt><trkpt lat="38.20684264" lon="-109.89474891"><ele>1184.0</ele></trkpt><trkpt lat="38.20695097" lon="-109.89443508"><ele>1184.0</ele></trkpt><trkpt lat="38.20733996" lon="-109.89344508"><ele>1184.0</ele></trkpt><trkpt lat="38.20836297" lon="-109.89049508"><ele>1184.0</ele></trkpt><trkpt lat="38.20842022" lon="-109.8890429"><ele>1184.0</ele></trkpt><trkpt lat="38.20842097" lon="-109.88902408"><ele>1184.0</ele></trkpt><trkpt lat="38.20839047" lon="-109.88899117"><ele>1184.0</ele></trkpt><trkpt lat="38.20764378" lon="-109.88818557"><ele>1184.0</ele></trkpt><trkpt lat="38.20748297" lon="-109.88801208"><ele>1184.0</ele></trkpt><trkpt lat="38.20695531" lon="-109.88798392"><ele>1184.0</ele></trkpt><trkpt lat="38.20611596" lon="-109.88793914"><ele>1183.0</ele></trkpt><trkpt lat="38.20611497" lon="-109.88793908"><ele>1183.0</ele></trkpt><trkpt lat="38.20609897" lon="-109.88794635"><ele>1183.0</ele></trkpt><trkpt lat="38.20483597" lon="-109.88852008"><ele>1183.0</ele></trkpt><trkpt lat="38.20455467" lon="-109.88870912"><ele>1183.0</ele></trkpt><trkpt lat="38.20377497" lon="-109.88923308"><ele>1183.0</ele></trkpt><trkpt lat="38.20269797" lon="-109.89024308"><ele>1183.0</ele></trkpt><trkpt lat="38.20257957" lon="-109.89039497"><ele>1183.0</ele></trkpt><trkpt lat="38.20144996" lon="-109.89184408"><ele>1183.0</ele></trkpt><trkpt lat="38.20015297" lon="-109.89378308"><ele>1183.0</ele></trkpt><trkpt lat="38.2001485" lon="-109.89378953"><ele>1183.0</ele></trkpt><trkpt lat="38.19560596" lon="-109.90034208"><ele>1183.0</ele></trkpt><trkpt lat="38.19477196" lon="-109.90145408"><ele>1183.0</ele></trkpt><trkpt lat="38.19370997" lon="-109.90269808"><ele>1183.0</ele></trkpt><trkpt lat="38.19293197" lon="-109.90335008"><ele>1183.0</ele></trkpt><trkpt lat="38.19126702" lon="-109.90395665"><ele>1183.0</ele></trkpt><trkpt lat="38.19119996" lon="-109.90398108"><ele>1183.0</ele></trkpt><trkpt lat="38.19112097" lon="-109.90397534"><ele>1183.0</ele></trkpt><trkpt lat="38.19091479" lon="-109.90396035"><ele>1183.0</ele></trkpt><trkpt lat="38.19019596" lon="-109.90390808"><ele>1183.0</ele></trkpt><trkpt lat="38.19000892" lon="-109.90378793"><ele>1183.0</ele></trkpt><trkpt lat="38.18885399" lon="-109.90304605"><ele>1183.0</ele></trkpt><trkpt lat="38.18861897" lon="-109.90289508"><ele>1183.0</ele></trkpt><trkpt lat="38.18795696" lon="-109.90142408"><ele>1183.0</ele></trkpt><trkpt lat="38.18793115" lon="-109.90098883"><ele>1183.0</ele></trkpt><trkpt lat="38.18790384" lon="-109.90052846"><ele>1183.0</ele></trkpt><trkpt lat="38.18789397" lon="-109.90036208"><ele>1183.0</ele></trkpt><trkpt lat="38.18796797" lon="-109.89936208"><ele>1183.0</ele></trkpt><trkpt lat="38.18812772" lon="-109.89856558"><ele>1183.0</ele></trkpt><trkpt lat="38.18817896" lon="-109.89831008"><ele>1183.0</ele></trkpt><trkpt lat="38.18897497" lon="-109.89563608"><ele>1183.0</ele></trkpt><trkpt lat="38.18933297" lon="-109.89415608"><ele>1182.0</ele></trkpt><trkpt lat="38.18941729" lon="-109.89379865"><ele>1182.0</ele></trkpt><trkpt lat="38.18974697" lon="-109.89240108"><ele>1182.0</ele></trkpt><trkpt lat="38.18994165" lon="-109.89151274"><ele>1182.0</ele></trkpt><trkpt lat="38.19003997" lon="-109.89106408"><ele>1182.0</ele></trkpt><trkpt lat="38.19023497" lon="-109.88972708"><ele>1182.0</ele></trkpt><trkpt lat="38.19023574" lon="-109.88893186"><ele>1182.0</ele></trkpt><trkpt lat="38.19023596" lon="-109.88869508"><ele>1182.0</ele></trkpt><trkpt lat="38.19021679" lon="-109.88744913"><ele>1182.0</ele></trkpt><trkpt lat="38.19021397" lon="-109.88726608"><ele>1182.0</ele></trkpt><trkpt lat="38.19018413" lon="-109.88721623"><ele>1182.0</ele></trkpt><trkpt lat="38.18979884" lon="-109.88657246"><ele>1182.0</ele></trkpt></trkseg></trk></gpx>