<?xml version="1.0"?>
<gpx xmlns="http://www.topografix.com/GPX/1/1" xmlns:gpxx="http://www.garmin.com/xmlschemas/GpxExtensions/v3" creator="CALTOPO" version="1.1"><metadata><name><![CDATA[Suwannee River]]></name></metadata><trk><name>Suwannee River</name><extensions><gpxx:TrackExtension><gpxx:DisplayColor>DarkBlue</gpxx:DisplayColor></gpxx:TrackExtension></extensions><trkseg><trkpt lat="30.83447004" lon="-82.34306123"><ele>35.0</ele></trkpt><trkpt lat="30.8345399" lon="-82.35012503"><ele>35.0</ele></trkpt><trkpt lat="30.83415064" lon="-82.35453323"><ele>35.0</ele></trkpt><trkpt lat="30.83387584" lon="-82.35596723"><ele>35.0</ele></trkpt><trkpt lat="30.83224574" lon="-82.35859064"><ele>35.0</ele></trkpt><trkpt lat="30.83251743" lon="-82.36385117"><ele>35.0</ele></trkpt><trkpt lat="30.8267031" lon="-82.3775295"><ele>35.0</ele></trkpt><trkpt lat="30.8254885" lon="-82.37893663"><ele>35.0</ele></trkpt><trkpt lat="30.82438864" lon="-82.37824623"><ele>35.0</ele></trkpt><trkpt lat="30.82342624" lon="-82.3778213"><ele>35.0</ele></trkpt><trkpt lat="30.8218909" lon="-82.37771489"><ele>35.0</ele></trkpt><trkpt lat="30.8187971" lon="-82.3795733"><ele>35.0</ele></trkpt><trkpt lat="30.81829303" lon="-82.38013083"><ele>34.188642534427345</ele></trkpt><trkpt lat="30.8160467" lon="-82.38469723"><ele>34.0</ele></trkpt><trkpt lat="30.8153361" lon="-82.38621043"><ele>34.0</ele></trkpt><trkpt lat="30.81533584" lon="-82.38761763"><ele>34.0</ele></trkpt><trkpt lat="30.81334184" lon="-82.38971463"><ele>34.0</ele></trkpt><trkpt lat="30.8123333" lon="-82.39120123"><ele>34.0</ele></trkpt><trkpt lat="30.8113017" lon="-82.39313903"><ele>34.0</ele></trkpt><trkpt lat="30.8062809" lon="-82.4026949"><ele>34.0</ele></trkpt><trkpt lat="30.80586824" lon="-82.4037035"><ele>34.0</ele></trkpt><trkpt lat="30.80520283" lon="-82.4067295"><ele>34.0</ele></trkpt><trkpt lat="30.8050419" lon="-82.40805683"><ele>34.0</ele></trkpt><trkpt lat="30.80524804" lon="-82.40893289"><ele>34.0</ele></trkpt><trkpt lat="30.8055685" lon="-82.40967643"><ele>34.0</ele></trkpt><trkpt lat="30.8058649" lon="-82.41389763"><ele>34.0</ele></trkpt><trkpt lat="30.80554364" lon="-82.41527783"><ele>34.0</ele></trkpt><trkpt lat="30.805478896612918" lon="-82.41537570111257"><ele>34.0</ele></trkpt><trkpt lat="30.804771068070796" lon="-82.41649477813232"><ele>34.0</ele></trkpt><trkpt lat="30.803785590628184" lon="-82.41730086173828"><ele>34.0</ele></trkpt><trkpt lat="30.80408318571766" lon="-82.42010103265503"><ele>34.0</ele></trkpt><trkpt lat="30.80352578" lon="-82.42079826"><ele>34.0</ele></trkpt><trkpt lat="30.7981371" lon="-82.42695423"><ele>33.743526144418865</ele></trkpt><trkpt lat="30.7960273" lon="-82.43029763"><ele>34.0</ele></trkpt><trkpt lat="30.79584364" lon="-82.43098749"><ele>34.0</ele></trkpt><trkpt lat="30.7955445" lon="-82.43350903"><ele>34.0</ele></trkpt><trkpt lat="30.7954067" lon="-82.43411943"><ele>33.28868861589581</ele></trkpt><trkpt lat="30.79491712" lon="-82.43579264"><ele>33.0</ele></trkpt><trkpt lat="30.79435063" lon="-82.43772869"><ele>34.0</ele></trkpt><trkpt lat="30.7942359" lon="-82.43802049"><ele>34.0</ele></trkpt><trkpt lat="30.79396083" lon="-82.43825923"><ele>34.0</ele></trkpt><trkpt lat="30.79237964" lon="-82.43839089"><ele>34.0</ele></trkpt><trkpt lat="30.79205864" lon="-82.43868269"><ele>34.0</ele></trkpt><trkpt lat="30.79120963" lon="-82.44085863"><ele>33.26047086948529</ele></trkpt><trkpt lat="30.78428563" lon="-82.44690489"><ele>33.39565853568995</ele></trkpt><trkpt lat="30.78302404" lon="-82.44894749"><ele>34.0</ele></trkpt><trkpt lat="30.7828861" lon="-82.44958443"><ele>33.0</ele></trkpt><trkpt lat="30.7832965" lon="-82.45284923"><ele>33.11289493276859</ele></trkpt><trkpt lat="30.7829967" lon="-82.45571529"><ele>33.0</ele></trkpt><trkpt lat="30.78281263" lon="-82.45682983"><ele>33.0</ele></trkpt><trkpt lat="30.78026343" lon="-82.46463023"><ele>33.0</ele></trkpt><trkpt lat="30.78010263" lon="-82.4650547"><ele>33.0</ele></trkpt><trkpt lat="30.7773965" lon="-82.46805103"><ele>33.0</ele></trkpt><trkpt lat="30.77324643" lon="-82.47128443"><ele>33.0</ele></trkpt><trkpt lat="30.77276524" lon="-82.47125729"><ele>33.0</ele></trkpt><trkpt lat="30.77255923" lon="-82.47093869"><ele>33.0</ele></trkpt><trkpt lat="30.7723309" lon="-82.46979743"><ele>33.0</ele></trkpt><trkpt lat="30.77212504" lon="-82.46937263"><ele>33.0</ele></trkpt><trkpt lat="30.77201044" lon="-82.46937249"><ele>33.0</ele></trkpt><trkpt lat="30.7712995" lon="-82.47008829"><ele>33.0</ele></trkpt><trkpt lat="30.7696481" lon="-82.47199723"><ele>33.0</ele></trkpt><trkpt lat="30.76923443" lon="-82.47345623"><ele>33.0</ele></trkpt><trkpt lat="30.76930304" lon="-82.4737747"><ele>33.0</ele></trkpt><trkpt lat="30.77047123" lon="-82.47422709"><ele>33.0</ele></trkpt><trkpt lat="30.7708605" lon="-82.47454603"><ele>33.0</ele></trkpt><trkpt lat="30.77104364" lon="-82.47483809"><ele>33.0</ele></trkpt><trkpt lat="30.77154664" lon="-82.47629809"><ele>33.0</ele></trkpt><trkpt lat="30.77145464" lon="-82.47664303"><ele>33.0</ele></trkpt><trkpt lat="30.76996303" lon="-82.47921543"><ele>33.0</ele></trkpt><trkpt lat="30.7691833" lon="-82.47982503"><ele>33.0</ele></trkpt><trkpt lat="30.76801444" lon="-82.48011549"><ele>33.0</ele></trkpt><trkpt lat="30.7640731" lon="-82.47997849"><ele>33.0</ele></trkpt><trkpt lat="30.76340844" lon="-82.48021663"><ele>33.0</ele></trkpt><trkpt lat="30.76184924" lon="-82.48135583"><ele>33.0</ele></trkpt><trkpt lat="30.76143643" lon="-82.48172683"><ele>32.95689012017101</ele></trkpt><trkpt lat="30.75877463" lon="-82.48586303"><ele>32.0</ele></trkpt><trkpt lat="30.75861364" lon="-82.48657923"><ele>33.0</ele></trkpt><trkpt lat="30.7588179" lon="-82.48862249"><ele>32.0</ele></trkpt><trkpt lat="30.75851944" lon="-82.48923243"><ele>32.0</ele></trkpt><trkpt lat="30.7575337" lon="-82.48973529"><ele>32.0</ele></trkpt><trkpt lat="30.75712103" lon="-82.48992049"><ele>32.0</ele></trkpt><trkpt lat="30.75549284" lon="-82.49119223"><ele>32.0</ele></trkpt><trkpt lat="30.75475924" lon="-82.49158923"><ele>32.0</ele></trkpt><trkpt lat="30.7505867" lon="-82.49357389"><ele>33.0</ele></trkpt><trkpt lat="30.7503805" lon="-82.49362669"><ele>32.0</ele></trkpt><trkpt lat="30.74600724" lon="-82.49236049"><ele>33.0</ele></trkpt><trkpt lat="30.7404165" lon="-82.49192863"><ele>32.0</ele></trkpt><trkpt lat="30.73821564" lon="-82.49290709"><ele>32.0</ele></trkpt><trkpt lat="30.7358311" lon="-82.49425683"><ele>32.0</ele></trkpt><trkpt lat="30.7247127" lon="-82.49890989"><ele>32.0</ele></trkpt><trkpt lat="30.7236353" lon="-82.49930629"><ele>32.03568761342569</ele></trkpt><trkpt lat="30.7231649" lon="-82.50086903"><ele>32.0</ele></trkpt><trkpt lat="30.7227533" lon="-82.50187729"><ele>32.0</ele></trkpt><trkpt lat="30.7224787" lon="-82.50230203"><ele>32.0</ele></trkpt><trkpt lat="30.72085283" lon="-82.50357689"><ele>32.0</ele></trkpt><trkpt lat="30.7162289" lon="-82.50944329"><ele>32.0</ele></trkpt><trkpt lat="30.7160687" lon="-82.50978823"><ele>32.0</ele></trkpt><trkpt lat="30.71556684" lon="-82.51257349"><ele>32.0</ele></trkpt><trkpt lat="30.71568583" lon="-82.51854049"><ele>31.0</ele></trkpt><trkpt lat="30.71637424" lon="-82.51989263"><ele>31.7052152575925</ele></trkpt><trkpt lat="30.7164205" lon="-82.52042289"><ele>31.0</ele></trkpt><trkpt lat="30.7157341" lon="-82.52212083"><ele>31.0</ele></trkpt><trkpt lat="30.71410783" lon="-82.52289149"><ele>31.21109811779617</ele></trkpt><trkpt lat="30.71067323" lon="-82.52676649"><ele>31.0</ele></trkpt><trkpt lat="30.70779004" lon="-82.53313349"><ele>31.0</ele></trkpt><trkpt lat="30.7076101" lon="-82.53878223"><ele>31.0</ele></trkpt><trkpt lat="30.7064659" lon="-82.54164703"><ele>31.0</ele></trkpt><trkpt lat="30.70612263" lon="-82.54228369"><ele>31.0</ele></trkpt><trkpt lat="30.7018643" lon="-82.54960543"><ele>31.0</ele></trkpt><trkpt lat="30.7017269" lon="-82.54965849"><ele>31.0</ele></trkpt><trkpt lat="30.70131444" lon="-82.54955283"><ele>31.0</ele></trkpt><trkpt lat="30.6994809" lon="-82.54897063"><ele>31.0</ele></trkpt><trkpt lat="30.69897643" lon="-82.54828163"><ele>31.0</ele></trkpt><trkpt lat="30.69858704" lon="-82.54833483"><ele>31.0</ele></trkpt><trkpt lat="30.6974877" lon="-82.54968789"><ele>31.0</ele></trkpt><trkpt lat="30.6954269" lon="-82.55260589"><ele>31.0</ele></trkpt><trkpt lat="30.69169364" lon="-82.55669143"><ele>31.0</ele></trkpt><trkpt lat="30.6911897" lon="-82.55706289"><ele>31.0</ele></trkpt><trkpt lat="30.6901129" lon="-82.55727563"><ele>31.0</ele></trkpt><trkpt lat="30.6887839" lon="-82.55740903"><ele>30.0</ele></trkpt><trkpt lat="30.68553173" lon="-82.55742282"><ele>30.0</ele></trkpt><trkpt lat="30.68347015" lon="-82.55924187"><ele>31.0</ele></trkpt><trkpt lat="30.68346783" lon="-82.55924391"><ele>31.0</ele></trkpt><trkpt lat="30.68178899" lon="-82.56072524"><ele>34.833983516320586</ele></trkpt><trkpt lat="30.68178789" lon="-82.56072622"><ele>34.856819171924144</ele></trkpt><trkpt lat="30.6793319" lon="-82.56289326"><ele>30.0</ele></trkpt><trkpt lat="30.67677903" lon="-82.56034039"><ele>31.0</ele></trkpt><trkpt lat="30.6738457" lon="-82.56179169"><ele>30.0</ele></trkpt><trkpt lat="30.6729071" lon="-82.56404543"><ele>30.416208726353943</ele></trkpt><trkpt lat="30.6727473" lon="-82.56571549"><ele>30.0</ele></trkpt><trkpt lat="30.67249544" lon="-82.56624589"><ele>30.0</ele></trkpt><trkpt lat="30.6712359" lon="-82.56810203"><ele>30.0</ele></trkpt><trkpt lat="30.6710527" lon="-82.56828769"><ele>30.0</ele></trkpt><trkpt lat="30.66757064" lon="-82.57107263"><ele>29.0</ele></trkpt><trkpt lat="30.6667229" lon="-82.57141763"><ele>29.0</ele></trkpt><trkpt lat="30.66585224" lon="-82.57147109"><ele>29.0</ele></trkpt><trkpt lat="30.6656459" lon="-82.57136509"><ele>29.0</ele></trkpt><trkpt lat="30.6644999" lon="-82.57030529"><ele>29.0</ele></trkpt><trkpt lat="30.6640873" lon="-82.57014649"><ele>29.0</ele></trkpt><trkpt lat="30.6626667" lon="-82.57027963"><ele>29.0</ele></trkpt><trkpt lat="30.66207104" lon="-82.57049203"><ele>29.64093632027209</ele></trkpt><trkpt lat="30.6617275" lon="-82.57118129"><ele>29.0</ele></trkpt><trkpt lat="30.6614529" lon="-82.57226823"><ele>29.0</ele></trkpt><trkpt lat="30.66133884" lon="-82.57367303"><ele>29.0</ele></trkpt><trkpt lat="30.66072063" lon="-82.57476003"><ele>29.0</ele></trkpt><trkpt lat="30.66003324" lon="-82.57542289"><ele>29.0</ele></trkpt><trkpt lat="30.6586139" lon="-82.57987629"><ele>29.0</ele></trkpt><trkpt lat="30.65706931" lon="-82.58277424"><ele>30.0</ele></trkpt><trkpt lat="30.65643804" lon="-82.58395863"><ele>29.0</ele></trkpt><trkpt lat="30.65426224" lon="-82.58798803"><ele>29.0</ele></trkpt><trkpt lat="30.6517653" lon="-82.59193763"><ele>29.0</ele></trkpt><trkpt lat="30.64885563" lon="-82.59384643"><ele>29.0</ele></trkpt><trkpt lat="30.64839724" lon="-82.59363449"><ele>29.0</ele></trkpt><trkpt lat="30.64782444" lon="-82.59371423"><ele>29.0</ele></trkpt><trkpt lat="30.6446625" lon="-82.59541089"><ele>29.0</ele></trkpt><trkpt lat="30.64450224" lon="-82.59562289"><ele>29.0</ele></trkpt><trkpt lat="30.6440903" lon="-82.59965109"><ele>29.0</ele></trkpt><trkpt lat="30.6441591" lon="-82.59991623"><ele>29.0</ele></trkpt><trkpt lat="30.6443653" lon="-82.60015463"><ele>29.0</ele></trkpt><trkpt lat="30.64493339" lon="-82.6003285"><ele>29.343172977678478</ele></trkpt><trkpt lat="30.64514444" lon="-82.60039309"><ele>29.89917593679776</ele></trkpt><trkpt lat="30.64532784" lon="-82.60057863"><ele>30.0</ele></trkpt><trkpt lat="30.6453277" lon="-82.60076409"><ele>29.468026541745132</ele></trkpt><trkpt lat="30.64516744" lon="-82.60097609"><ele>29.0</ele></trkpt><trkpt lat="30.64392352" lon="-82.6022389"><ele>29.428669742046385</ele></trkpt><trkpt lat="30.6397373" lon="-82.60648869"><ele>29.0</ele></trkpt><trkpt lat="30.63943944" lon="-82.60654183"><ele>29.0</ele></trkpt><trkpt lat="30.6391873" lon="-82.60625029"><ele>29.0</ele></trkpt><trkpt lat="30.63838523" lon="-82.60439549"><ele>29.0</ele></trkpt><trkpt lat="30.6380873" lon="-82.60410403"><ele>29.0</ele></trkpt><trkpt lat="30.63769784" lon="-82.60394509"><ele>29.0</ele></trkpt><trkpt lat="30.6369645" lon="-82.60391863"><ele>29.0</ele></trkpt><trkpt lat="30.63652924" lon="-82.60410423"><ele>29.0</ele></trkpt><trkpt lat="30.6360251" lon="-82.60463423"><ele>29.0</ele></trkpt><trkpt lat="30.63302384" lon="-82.61109989"><ele>30.0</ele></trkpt><trkpt lat="30.63265724" lon="-82.61194789"><ele>29.0</ele></trkpt><trkpt lat="30.6322219" lon="-82.61435923"><ele>29.0</ele></trkpt><trkpt lat="30.6321761" lon="-82.61486269"><ele>29.0</ele></trkpt><trkpt lat="30.6322677" lon="-82.61499509"><ele>29.0</ele></trkpt><trkpt lat="30.63304683" lon="-82.61549849"><ele>29.0</ele></trkpt><trkpt lat="30.63217603" lon="-82.62199043"><ele>29.0</ele></trkpt><trkpt lat="30.63190104" lon="-82.62320929"><ele>29.0</ele></trkpt><trkpt lat="30.63272584" lon="-82.62397769"><ele>29.0</ele></trkpt><trkpt lat="30.63398604" lon="-82.62604469"><ele>29.0</ele></trkpt><trkpt lat="30.6339171" lon="-82.62689263"><ele>29.0</ele></trkpt><trkpt lat="30.6337337" lon="-82.62739603"><ele>29.0</ele></trkpt><trkpt lat="30.63345884" lon="-82.62760803"><ele>29.0</ele></trkpt><trkpt lat="30.63281723" lon="-82.62758143"><ele>29.0</ele></trkpt><trkpt lat="30.63187783" lon="-82.62702489"><ele>29.0</ele></trkpt><trkpt lat="30.6312591" lon="-82.62694529"><ele>29.0</ele></trkpt><trkpt lat="30.6308467" lon="-82.62728983"><ele>28.082656335490842</ele></trkpt><trkpt lat="30.63006763" lon="-82.62816403"><ele>28.0</ele></trkpt><trkpt lat="30.62981543" lon="-82.62877349"><ele>28.0</ele></trkpt><trkpt lat="30.62821063" lon="-82.6357947"><ele>28.0</ele></trkpt><trkpt lat="30.6287825" lon="-82.64146489"><ele>28.0</ele></trkpt><trkpt lat="30.62864504" lon="-82.64172989"><ele>28.0</ele></trkpt><trkpt lat="30.6265129" lon="-82.64686949"><ele>28.0</ele></trkpt><trkpt lat="30.62724564" lon="-82.64893643"><ele>28.0</ele></trkpt><trkpt lat="30.62889404" lon="-82.65442149"><ele>28.0</ele></trkpt><trkpt lat="30.62779324" lon="-82.65717669"><ele>28.0</ele></trkpt><trkpt lat="30.62779109726082" lon="-82.65719514392045"><ele>28.0</ele></trkpt><trkpt lat="30.62765543" lon="-82.65836903"><ele>28.0</ele></trkpt><trkpt lat="30.62598224" lon="-82.65998443"><ele>28.0</ele></trkpt><trkpt lat="30.62499684" lon="-82.66040789"><ele>28.0</ele></trkpt><trkpt lat="30.6232781" lon="-82.66101663"><ele>28.0</ele></trkpt><trkpt lat="30.6217639" lon="-82.66634109"><ele>28.0</ele></trkpt><trkpt lat="30.62148824" lon="-82.66816903"><ele>28.0</ele></trkpt><trkpt lat="30.62128184" lon="-82.66875183"><ele>28.0</ele></trkpt><trkpt lat="30.6163535" lon="-82.67304089"><ele>27.0</ele></trkpt><trkpt lat="30.6159181" lon="-82.67325269"><ele>27.0</ele></trkpt><trkpt lat="30.6139475" lon="-82.67319849"><ele>27.34933666093275</ele></trkpt><trkpt lat="30.6119081" lon="-82.67372723"><ele>27.0</ele></trkpt><trkpt lat="30.61117484" lon="-82.67401823"><ele>28.626063480190147</ele></trkpt><trkpt lat="30.60879063" lon="-82.67650689"><ele>26.01389186533473</ele></trkpt><trkpt lat="30.6084697" lon="-82.67690409"><ele>26.0</ele></trkpt><trkpt lat="30.60791843" lon="-82.67976469"><ele>27.782637638835837</ele></trkpt><trkpt lat="30.6061525" lon="-82.68294223"><ele>26.0</ele></trkpt><trkpt lat="30.6057399" lon="-82.68325983"><ele>26.0</ele></trkpt><trkpt lat="30.60525863" lon="-82.68347143"><ele>26.0</ele></trkpt><trkpt lat="30.6034025" lon="-82.68376149"><ele>26.0</ele></trkpt><trkpt lat="30.6021881" lon="-82.68384023"><ele>26.0</ele></trkpt><trkpt lat="30.6009731" lon="-82.68476643"><ele>26.0</ele></trkpt><trkpt lat="30.5989101" lon="-82.68648669"><ele>26.0</ele></trkpt><trkpt lat="30.59768342" lon="-82.68927791"><ele>27.0</ele></trkpt><trkpt lat="30.59750827" lon="-82.68940449"><ele>26.364236188712145</ele></trkpt><trkpt lat="30.59626054" lon="-82.6903062"><ele>25.0</ele></trkpt><trkpt lat="30.5948061" lon="-82.69135729"><ele>25.0</ele></trkpt><trkpt lat="30.59455384" lon="-82.69167503"><ele>25.0</ele></trkpt><trkpt lat="30.5944617" lon="-82.69233709"><ele>25.0</ele></trkpt><trkpt lat="30.5947127" lon="-82.69416483"><ele>25.0</ele></trkpt><trkpt lat="30.5949413" lon="-82.69506549"><ele>25.0</ele></trkpt><trkpt lat="30.5951703" lon="-82.69533063"><ele>25.13554621457059</ele></trkpt><trkpt lat="30.59595873" lon="-82.69607103"><ele>27.274298340002794</ele></trkpt><trkpt lat="30.5963841" lon="-82.69647049"><ele>28.0</ele></trkpt><trkpt lat="30.5963841" lon="-82.69647049"><ele>28.0</ele></trkpt><trkpt lat="30.5954713" lon="-82.69670709"><ele>25.0</ele></trkpt><trkpt lat="30.59546744" lon="-82.69670809"><ele>25.0</ele></trkpt><trkpt lat="30.59444742" lon="-82.69633871"><ele>29.0</ele></trkpt><trkpt lat="30.59414694" lon="-82.6962299"><ele>28.84302323797019</ele></trkpt><trkpt lat="30.59326823" lon="-82.69591169"><ele>25.0</ele></trkpt><trkpt lat="30.59298894" lon="-82.69572702"><ele>25.957818877883255</ele></trkpt><trkpt lat="30.5929475" lon="-82.69569963"><ele>27.034772736020386</ele></trkpt><trkpt lat="30.59183148" lon="-82.69575138"><ele>25.967449094752414</ele></trkpt><trkpt lat="30.5918247" lon="-82.69575169"><ele>26.10982259452257</ele></trkpt><trkpt lat="30.59141204" lon="-82.69620163"><ele>25.0</ele></trkpt><trkpt lat="30.58941703" lon="-82.69882189"><ele>25.0</ele></trkpt><trkpt lat="30.58923344" lon="-82.69927209"><ele>25.0</ele></trkpt><trkpt lat="30.58918719" lon="-82.70076371"><ele>25.0</ele></trkpt><trkpt lat="30.58918663" lon="-82.70078169"><ele>25.0</ele></trkpt><trkpt lat="30.5890031" lon="-82.70117883"><ele>25.0</ele></trkpt><trkpt lat="30.5849219" lon="-82.70514789"><ele>25.0</ele></trkpt><trkpt lat="30.5849136" lon="-82.70514648"><ele>25.0</ele></trkpt><trkpt lat="30.5830433" lon="-82.70482843"><ele>25.0</ele></trkpt><trkpt lat="30.58276884" lon="-82.70419249"><ele>25.0</ele></trkpt><trkpt lat="30.58223251" lon="-82.70357193"><ele>25.0</ele></trkpt><trkpt lat="30.5821974" lon="-82.7035313"><ele>25.0</ele></trkpt><trkpt lat="30.5821963" lon="-82.70353003"><ele>25.0</ele></trkpt><trkpt lat="30.5818299" lon="-82.70326489"><ele>27.585980534766076</ele></trkpt><trkpt lat="30.5811883" lon="-82.70326435"><ele>25.764020764268935</ele></trkpt><trkpt lat="30.58111963" lon="-82.70326429"><ele>26.530837731435895</ele></trkpt><trkpt lat="30.58099916" lon="-82.7033016"><ele>25.89603285351768</ele></trkpt><trkpt lat="30.5774527" lon="-82.70439969"><ele>25.0</ele></trkpt><trkpt lat="30.5767193" lon="-82.70471683"><ele>25.0</ele></trkpt><trkpt lat="30.57550729" lon="-82.70543931"><ele>25.0</ele></trkpt><trkpt lat="30.57534403" lon="-82.70553663"><ele>25.0</ele></trkpt><trkpt lat="30.5742663" lon="-82.70675383"><ele>25.0</ele></trkpt><trkpt lat="30.57413501" lon="-82.70698511"><ele>25.0</ele></trkpt><trkpt lat="30.57225616" lon="-82.71029479"><ele>25.0</ele></trkpt><trkpt lat="30.57213284" lon="-82.71051203"><ele>25.0</ele></trkpt><trkpt lat="30.5713295" lon="-82.71225889"><ele>25.0</ele></trkpt><trkpt lat="30.5711674" lon="-82.71268256"><ele>25.0</ele></trkpt><trkpt lat="30.57064083" lon="-82.71405883"><ele>25.0</ele></trkpt><trkpt lat="30.5699289" lon="-82.71638829"><ele>25.0</ele></trkpt><trkpt lat="30.56987506" lon="-82.71652573"><ele>25.0</ele></trkpt><trkpt lat="30.56960744" lon="-82.71720889"><ele>25.363696651559703</ele></trkpt><trkpt lat="30.56930337" lon="-82.71753782"><ele>25.068626989092433</ele></trkpt><trkpt lat="30.5692405" lon="-82.71760583"><ele>25.15877206594292</ele></trkpt><trkpt lat="30.5691807" lon="-82.71763647"><ele>25.0</ele></trkpt><trkpt lat="30.5686217" lon="-82.71792289"><ele>25.0</ele></trkpt><trkpt lat="30.5675675" lon="-82.71802763"><ele>28.079209639136355</ele></trkpt><trkpt lat="30.5672241" lon="-82.71781543"><ele>27.0</ele></trkpt><trkpt lat="30.56687083" lon="-82.71747114"><ele>25.0</ele></trkpt><trkpt lat="30.56679088" lon="-82.71739322"><ele>25.0</ele></trkpt><trkpt lat="30.56678903" lon="-82.71739143"><ele>25.0</ele></trkpt><trkpt lat="30.5666519" lon="-82.71680883"><ele>26.982938727363944</ele></trkpt><trkpt lat="30.5667667" lon="-82.71651763"><ele>29.46721916650882</ele></trkpt><trkpt lat="30.56736263" lon="-82.71638583"><ele>25.00999597878038</ele></trkpt><trkpt lat="30.56737649" lon="-82.71637922"><ele>25.021256207772566</ele></trkpt><trkpt lat="30.56802724" lon="-82.71606869"><ele>25.0</ele></trkpt><trkpt lat="30.56839209" lon="-82.71578833"><ele>25.0</ele></trkpt><trkpt lat="30.5684324" lon="-82.71575736"><ele>25.0</ele></trkpt><trkpt lat="30.56844004" lon="-82.71575149"><ele>25.0</ele></trkpt><trkpt lat="30.5684863" lon="-82.71514249"><ele>25.0</ele></trkpt><trkpt lat="30.5682573" lon="-82.71479789"><ele>26.8018771998793</ele></trkpt><trkpt lat="30.5680971" lon="-82.71469183"><ele>28.757011086554336</ele></trkpt><trkpt lat="30.5672493" lon="-82.71469103"><ele>34.0</ele></trkpt><trkpt lat="30.5664929" lon="-82.71498149"><ele>29.463461496161152</ele></trkpt><trkpt lat="30.5657593" lon="-82.71543103"><ele>26.088958343490958</ele></trkpt><trkpt lat="30.56514043" lon="-82.71585403"><ele>29.150761411531107</ele></trkpt><trkpt lat="30.56323704" lon="-82.71804969"><ele>25.0</ele></trkpt><trkpt lat="30.56293844" lon="-82.71892323"><ele>25.0</ele></trkpt><trkpt lat="30.56126581" lon="-82.72256895"><ele>25.0</ele></trkpt><trkpt lat="30.5612629" lon="-82.72257529"><ele>25.0</ele></trkpt><trkpt lat="30.5592435" lon="-82.72649163"><ele>26.130958440872913</ele></trkpt><trkpt lat="30.55862463" lon="-82.72675583"><ele>25.0</ele></trkpt><trkpt lat="30.5574791" lon="-82.72654283"><ele>25.67224399652332</ele></trkpt><trkpt lat="30.5569523" lon="-82.72627742"><ele>25.440468732810427</ele></trkpt><trkpt lat="30.55392984" lon="-82.72381189"><ele>25.0589938824635</ele></trkpt><trkpt lat="30.54827124" lon="-82.72253523"><ele>24.0</ele></trkpt><trkpt lat="30.54554543" lon="-82.72152643"><ele>24.0</ele></trkpt><trkpt lat="30.54522483" lon="-82.72128783"><ele>26.78649710956961</ele></trkpt><trkpt lat="30.54322735" lon="-82.71910034"><ele>24.0</ele></trkpt><trkpt lat="30.54309564" lon="-82.71895609"><ele>26.119977158959955</ele></trkpt><trkpt lat="30.5417911" lon="-82.71683689"><ele>27.6218701871112</ele></trkpt><trkpt lat="30.54147064" lon="-82.71643963"><ele>27.011697273277246</ele></trkpt><trkpt lat="30.5324903" lon="-82.71418089"><ele>24.0</ele></trkpt><trkpt lat="30.53194044" lon="-82.71418043"><ele>24.048897068209325</ele></trkpt><trkpt lat="30.5316653" lon="-82.71436543"><ele>27.090108273550868</ele></trkpt><trkpt lat="30.53090783" lon="-82.71621749"><ele>24.0</ele></trkpt><trkpt lat="30.53075071" lon="-82.71682053"><ele>24.0</ele></trkpt><trkpt lat="30.53063203" lon="-82.71727603"><ele>24.0</ele></trkpt><trkpt lat="30.53053722" lon="-82.71790279"><ele>24.0</ele></trkpt><trkpt lat="30.5302637" lon="-82.71971083"><ele>24.0</ele></trkpt><trkpt lat="30.5301477" lon="-82.72140469"><ele>24.0</ele></trkpt><trkpt lat="30.5311745" lon="-82.72696423"><ele>24.0</ele></trkpt><trkpt lat="30.53115208" lon="-82.72699007"><ele>24.067818825502695</ele></trkpt><trkpt lat="30.53060123" lon="-82.72762509"><ele>24.0</ele></trkpt><trkpt lat="30.53014284" lon="-82.72773049"><ele>24.0</ele></trkpt><trkpt lat="30.5301326" lon="-82.72773196"><ele>24.0</ele></trkpt><trkpt lat="30.53009939" lon="-82.72773671"><ele>24.0</ele></trkpt><trkpt lat="30.5259263" lon="-82.72833429"><ele>24.0</ele></trkpt><trkpt lat="30.52560564" lon="-82.72830743"><ele>27.21796178491786</ele></trkpt><trkpt lat="30.52502493" lon="-82.72798352"><ele>29.0</ele></trkpt><trkpt lat="30.52498723" lon="-82.72796249"><ele>29.0</ele></trkpt><trkpt lat="30.52493915" lon="-82.72793427"><ele>28.638602703809738</ele></trkpt><trkpt lat="30.51817824" lon="-82.72396698"><ele>28.0</ele></trkpt><trkpt lat="30.5181623" lon="-82.72395763"><ele>28.0</ele></trkpt><trkpt lat="30.51810508" lon="-82.72391071"><ele>28.0</ele></trkpt><trkpt lat="30.5176127" lon="-82.72350703"><ele>28.95874001155624</ele></trkpt><trkpt lat="30.51736104" lon="-82.72297729"><ele>24.42991105932852</ele></trkpt><trkpt lat="30.5173385" lon="-82.72250089"><ele>24.45223807620215</ele></trkpt><trkpt lat="30.5177285" lon="-82.72176023"><ele>24.0</ele></trkpt><trkpt lat="30.51800364" lon="-82.72160189"><ele>24.46836869698018</ele></trkpt><trkpt lat="30.51919524" lon="-82.72144449"><ele>24.0</ele></trkpt><trkpt lat="30.5208917" lon="-82.72025549"><ele>24.0</ele></trkpt><trkpt lat="30.52089779" lon="-82.72024941"><ele>24.0</ele></trkpt><trkpt lat="30.52123584" lon="-82.71991189"><ele>24.0</ele></trkpt><trkpt lat="30.5214423" lon="-82.71948883"><ele>24.0</ele></trkpt><trkpt lat="30.52153444" lon="-82.71888023"><ele>24.0</ele></trkpt><trkpt lat="30.52146584" lon="-82.71861543"><ele>26.659090328030288</ele></trkpt><trkpt lat="30.52093924" lon="-82.71803249"><ele>26.660971803942637</ele></trkpt><trkpt lat="30.5204123" lon="-82.71784663"><ele>23.0</ele></trkpt><trkpt lat="30.51352557" lon="-82.71644772"><ele>24.569234516937286</ele></trkpt><trkpt lat="30.51181235" lon="-82.71609971"><ele>23.0</ele></trkpt><trkpt lat="30.50759525" lon="-82.71524309"><ele>30.82018960047458</ele></trkpt><trkpt lat="30.50758891" lon="-82.7152418"><ele>30.573880734379635</ele></trkpt><trkpt lat="30.50555937" lon="-82.71482954"><ele>25.231390864983947</ele></trkpt><trkpt lat="30.50464249" lon="-82.71464329"><ele>28.0</ele></trkpt><trkpt lat="30.50643385" lon="-82.70783612"><ele>23.0</ele></trkpt><trkpt lat="30.50646597" lon="-82.70771407"><ele>23.0</ele></trkpt><trkpt lat="30.50629823" lon="-82.70758806"><ele>23.0</ele></trkpt><trkpt lat="30.50371403" lon="-82.70564676"><ele>23.0</ele></trkpt><trkpt lat="30.50344203" lon="-82.70544242"><ele>27.022622492164373</ele></trkpt><trkpt lat="30.50298045" lon="-82.70541976"><ele>26.61798254866153</ele></trkpt><trkpt lat="30.5028921" lon="-82.70541543"><ele>26.920671487227082</ele></trkpt><trkpt lat="30.5019523" lon="-82.70589069"><ele>23.006423270157693</ele></trkpt><trkpt lat="30.50172448" lon="-82.70612922"><ele>23.0</ele></trkpt><trkpt lat="30.50041877" lon="-82.70749627"><ele>23.0</ele></trkpt><trkpt lat="30.50023523" lon="-82.70768843"><ele>23.0</ele></trkpt><trkpt lat="30.50013062" lon="-82.70774979"><ele>23.0</ele></trkpt><trkpt lat="30.4995597" lon="-82.70808469"><ele>23.0</ele></trkpt><trkpt lat="30.49912348" lon="-82.70831926"><ele>23.0</ele></trkpt><trkpt lat="30.4988721" lon="-82.70845443"><ele>23.0</ele></trkpt><trkpt lat="30.49772973" lon="-82.70852044"><ele>23.0</ele></trkpt><trkpt lat="30.49754304" lon="-82.70853123"><ele>26.862066110862468</ele></trkpt><trkpt lat="30.4966727" lon="-82.70786669"><ele>23.0</ele></trkpt><trkpt lat="30.49610063" lon="-82.70699163"><ele>23.0</ele></trkpt><trkpt lat="30.49552863" lon="-82.70585269"><ele>23.0</ele></trkpt><trkpt lat="30.49548304" lon="-82.70550869"><ele>26.02791817393154</ele></trkpt><trkpt lat="30.49527412" lon="-82.70556992"><ele>23.0</ele></trkpt><trkpt lat="30.49309162" lon="-82.70620956"><ele>23.0</ele></trkpt><trkpt lat="30.49305363" lon="-82.70622069"><ele>23.0</ele></trkpt><trkpt lat="30.49303705" lon="-82.70622234"><ele>23.0</ele></trkpt><trkpt lat="30.49252664" lon="-82.70627309"><ele>23.0</ele></trkpt><trkpt lat="30.49062019" lon="-82.70220292"><ele>23.0</ele></trkpt><trkpt lat="30.4906049" lon="-82.70217029"><ele>23.0</ele></trkpt><trkpt lat="30.49056802" lon="-82.70208761"><ele>23.0</ele></trkpt><trkpt lat="30.4902389" lon="-82.70134983"><ele>23.0</ele></trkpt><trkpt lat="30.49007398" lon="-82.70064947"><ele>23.0</ele></trkpt><trkpt lat="30.49003324" lon="-82.70047643"><ele>23.0</ele></trkpt><trkpt lat="30.48998803" lon="-82.69944463"><ele>25.670246369205415</ele></trkpt><trkpt lat="30.4901497" lon="-82.69767203"><ele>23.0</ele></trkpt><trkpt lat="30.48987504" lon="-82.69716909"><ele>23.0</ele></trkpt><trkpt lat="30.48955444" lon="-82.69693069"><ele>23.65100438753143</ele></trkpt><trkpt lat="30.4887985" lon="-82.69666549"><ele>23.0</ele></trkpt><trkpt lat="30.4875383" lon="-82.69661143"><ele>23.0</ele></trkpt><trkpt lat="30.4846511" lon="-82.69668829"><ele>23.0</ele></trkpt><trkpt lat="30.484568" lon="-82.69675672"><ele>23.0</ele></trkpt><trkpt lat="30.48455539" lon="-82.69676711"><ele>23.0</ele></trkpt><trkpt lat="30.48449064" lon="-82.69682043"><ele>23.0</ele></trkpt><trkpt lat="30.48375643" lon="-82.69848663"><ele>23.0</ele></trkpt><trkpt lat="30.4837557" lon="-82.69849518"><ele>23.0</ele></trkpt><trkpt lat="30.4836409" lon="-82.69983583"><ele>25.448828005231917</ele></trkpt><trkpt lat="30.4839603" lon="-82.70166149"><ele>23.0</ele></trkpt><trkpt lat="30.48394643" lon="-82.70165877"><ele>23.0</ele></trkpt><trkpt lat="30.4808445" lon="-82.70105009"><ele>23.0</ele></trkpt><trkpt lat="30.47981444" lon="-82.69977943"><ele>23.0</ele></trkpt><trkpt lat="30.47953964" lon="-82.69954103"><ele>23.0</ele></trkpt><trkpt lat="30.47905844" lon="-82.69948769"><ele>22.0</ele></trkpt><trkpt lat="30.47903476" lon="-82.70067501"><ele>22.0</ele></trkpt><trkpt lat="30.4790347" lon="-82.70067809"><ele>22.0</ele></trkpt><trkpt lat="30.47892004" lon="-82.70102189"><ele>22.014196655740932</ele></trkpt><trkpt lat="30.4785071" lon="-82.70155069"><ele>22.69099259771231</ele></trkpt><trkpt lat="30.47850298" lon="-82.70155054"><ele>22.95126061956594</ele></trkpt><trkpt lat="30.47839502" lon="-82.70154666"><ele>27.794234420764237</ele></trkpt><trkpt lat="30.47775103" lon="-82.70152349"><ele>27.0</ele></trkpt><trkpt lat="30.47750187" lon="-82.70145692"><ele>27.727911152356455</ele></trkpt><trkpt lat="30.4774531" lon="-82.70144389"><ele>27.183813319075853</ele></trkpt><trkpt lat="30.47584828" lon="-82.69966617"><ele>22.0</ele></trkpt><trkpt lat="30.47527804" lon="-82.69903449"><ele>22.0</ele></trkpt><trkpt lat="30.47527231" lon="-82.69902192"><ele>22.0</ele></trkpt><trkpt lat="30.475232" lon="-82.6989333"><ele>22.0</ele></trkpt><trkpt lat="30.4750493" lon="-82.69853169"><ele>22.022203230529026</ele></trkpt><trkpt lat="30.47421445" lon="-82.69656538"><ele>22.0</ele></trkpt><trkpt lat="30.4737909" lon="-82.69556783"><ele>22.0</ele></trkpt><trkpt lat="30.47335664" lon="-82.69398029"><ele>22.0</ele></trkpt><trkpt lat="30.47325083" lon="-82.69350256"><ele>22.0</ele></trkpt><trkpt lat="30.47267104" lon="-82.69088469"><ele>22.0</ele></trkpt><trkpt lat="30.47221191" lon="-82.68833568"><ele>23.607118448242545</ele></trkpt><trkpt lat="30.47212304" lon="-82.68784223"><ele>22.0</ele></trkpt><trkpt lat="30.47210437" lon="-82.68773361"><ele>22.0</ele></trkpt><trkpt lat="30.47117637" lon="-82.68233425"><ele>22.0</ele></trkpt><trkpt lat="30.47114084" lon="-82.68212749"><ele>22.0</ele></trkpt><trkpt lat="30.47124806" lon="-82.68101836"><ele>22.0</ele></trkpt><trkpt lat="30.4712559" lon="-82.68093723"><ele>22.0</ele></trkpt><trkpt lat="30.47125827" lon="-82.68092962"><ele>22.0</ele></trkpt><trkpt lat="30.47192164" lon="-82.67879503"><ele>22.0</ele></trkpt><trkpt lat="30.47203664" lon="-82.67797509"><ele>23.0</ele></trkpt><trkpt lat="30.4718307" lon="-82.67741943"><ele>22.002863120043664</ele></trkpt><trkpt lat="30.4715329" lon="-82.67712829"><ele>22.0</ele></trkpt><trkpt lat="30.4710977" lon="-82.67691629"><ele>22.0</ele></trkpt><trkpt lat="30.4656907" lon="-82.67561669"><ele>22.0</ele></trkpt><trkpt lat="30.46496088" lon="-82.67561611"><ele>22.0</ele></trkpt><trkpt lat="30.4649345" lon="-82.67561609"><ele>22.0</ele></trkpt><trkpt lat="30.46491083" lon="-82.6756343"><ele>22.0</ele></trkpt><trkpt lat="30.4646595" lon="-82.67582763"><ele>22.0</ele></trkpt><trkpt lat="30.46452899" lon="-82.67858699"><ele>22.096054023131728</ele></trkpt><trkpt lat="30.46452064" lon="-82.67876363"><ele>22.870320942252874</ele></trkpt><trkpt lat="30.4645653" lon="-82.68080029"><ele>22.0</ele></trkpt><trkpt lat="30.46435904" lon="-82.68109123"><ele>22.0</ele></trkpt><trkpt lat="30.4638549" lon="-82.68106443"><ele>22.0</ele></trkpt><trkpt lat="30.46163263" lon="-82.68058669"><ele>22.0</ele></trkpt><trkpt lat="30.46162273" lon="-82.68058097"><ele>22.0</ele></trkpt><trkpt lat="30.46160272" lon="-82.68056941"><ele>22.0</ele></trkpt><trkpt lat="30.46126604" lon="-82.68037489"><ele>22.0</ele></trkpt><trkpt lat="30.4579911" lon="-82.67677549"><ele>22.0</ele></trkpt><trkpt lat="30.45658367" lon="-82.6744448"><ele>22.0</ele></trkpt><trkpt lat="30.45645723" lon="-82.67423543"><ele>22.0</ele></trkpt><trkpt lat="30.45641133" lon="-82.67419564"><ele>22.0</ele></trkpt><trkpt lat="30.45370864" lon="-82.67185343"><ele>22.0</ele></trkpt><trkpt lat="30.45311324" lon="-82.67119183"><ele>25.22486718417703</ele></trkpt><trkpt lat="30.45293108" lon="-82.67042872"><ele>22.0</ele></trkpt><trkpt lat="30.4529301" lon="-82.67042463"><ele>22.0</ele></trkpt><trkpt lat="30.45348124" lon="-82.66788603"><ele>22.0</ele></trkpt><trkpt lat="30.4535049" lon="-82.66598169"><ele>22.0</ele></trkpt><trkpt lat="30.4532303" lon="-82.66516163"><ele>22.0</ele></trkpt><trkpt lat="30.45274944" lon="-82.66431503"><ele>22.0</ele></trkpt><trkpt lat="30.45206224" lon="-82.66349483"><ele>22.0</ele></trkpt><trkpt lat="30.4511919" lon="-82.66275389"><ele>22.0</ele></trkpt><trkpt lat="30.4504359" lon="-82.66235683"><ele>22.0</ele></trkpt><trkpt lat="30.44958824" lon="-82.66209183"><ele>22.0</ele></trkpt><trkpt lat="30.44894664" lon="-82.66206503"><ele>22.0</ele></trkpt><trkpt lat="30.44871744" lon="-82.66222362"><ele>22.0</ele></trkpt><trkpt lat="30.44862564" lon="-82.66280543"><ele>22.0</ele></trkpt><trkpt lat="30.44863658" lon="-82.6628196"><ele>22.0</ele></trkpt><trkpt lat="30.44872616" lon="-82.66293558"><ele>22.0</ele></trkpt><trkpt lat="30.44995384" lon="-82.66452509"><ele>22.0</ele></trkpt><trkpt lat="30.45060333" lon="-82.66509447"><ele>22.0</ele></trkpt><trkpt lat="30.4506181" lon="-82.66510742"><ele>22.0</ele></trkpt><trkpt lat="30.4508471" lon="-82.66555709"><ele>27.452898186749245</ele></trkpt><trkpt lat="30.4509843" lon="-82.66611263"><ele>27.0</ele></trkpt><trkpt lat="30.4510071" lon="-82.66656223"><ele>26.0</ele></trkpt><trkpt lat="30.44896544" lon="-82.67214143"><ele>22.0</ele></trkpt><trkpt lat="30.44873604" lon="-82.67253803"><ele>22.0</ele></trkpt><trkpt lat="30.44843803" lon="-82.67280222"><ele>22.0</ele></trkpt><trkpt lat="30.44843479" lon="-82.67280294"><ele>22.0</ele></trkpt><trkpt lat="30.44795683" lon="-82.67290783"><ele>22.0</ele></trkpt><trkpt lat="30.44516903" lon="-82.67136241"><ele>22.0</ele></trkpt><trkpt lat="30.44513924" lon="-82.67134589"><ele>22.0</ele></trkpt><trkpt lat="30.44510981" lon="-82.67132272"><ele>22.0</ele></trkpt><trkpt lat="30.44463524" lon="-82.67094889"><ele>22.0</ele></trkpt><trkpt lat="30.4444403" lon="-82.67064849"><ele>22.0</ele></trkpt><trkpt lat="30.44442924" lon="-82.67063143"><ele>22.0</ele></trkpt><trkpt lat="30.4436281" lon="-82.66843589"><ele>22.87597691640258</ele></trkpt><trkpt lat="30.44289543" lon="-82.66711309"><ele>24.529150086455047</ele></trkpt><trkpt lat="30.44278885" lon="-82.66696151"><ele>24.877712308894843</ele></trkpt><trkpt lat="30.44183952" lon="-82.66561142"><ele>22.373650968562693</ele></trkpt><trkpt lat="30.43864011" lon="-82.66106136"><ele>23.541856989264488</ele></trkpt><trkpt lat="30.4386357" lon="-82.66105509"><ele>23.92633426655084</ele></trkpt><trkpt lat="30.43730803" lon="-82.65764329"><ele>21.0</ele></trkpt><trkpt lat="30.43396471" lon="-82.65558165"><ele>26.0</ele></trkpt><trkpt lat="30.43032239" lon="-82.65333563"><ele>21.0</ele></trkpt><trkpt lat="30.42885444" lon="-82.65243043"><ele>21.0</ele></trkpt><trkpt lat="30.42885175" lon="-82.65242978"><ele>21.0</ele></trkpt><trkpt lat="30.4283045" lon="-82.65229809"><ele>21.0</ele></trkpt><trkpt lat="30.42550393" lon="-82.65358425"><ele>22.298173014540225</ele></trkpt><trkpt lat="30.4254857" lon="-82.65359263"><ele>22.83783745432621</ele></trkpt><trkpt lat="30.4217965" lon="-82.65393483"><ele>21.0</ele></trkpt><trkpt lat="30.42178991" lon="-82.65392721"><ele>21.0</ele></trkpt><trkpt lat="30.42177664" lon="-82.65391189"><ele>21.0</ele></trkpt><trkpt lat="30.42131544" lon="-82.65337943"><ele>21.87590969633311</ele></trkpt><trkpt lat="30.42058263" lon="-82.65187209"><ele>21.480895328965374</ele></trkpt><trkpt lat="30.42002724" lon="-82.65098412"><ele>21.0</ele></trkpt><trkpt lat="30.41968944" lon="-82.65044403"><ele>21.0</ele></trkpt><trkpt lat="30.4190021" lon="-82.64978283"><ele>21.396192890908367</ele></trkpt><trkpt lat="30.4183607" lon="-82.64928029"><ele>21.0</ele></trkpt><trkpt lat="30.4180629" lon="-82.64912149"><ele>21.0</ele></trkpt><trkpt lat="30.41762581" lon="-82.64907094"><ele>21.0</ele></trkpt><trkpt lat="30.41761097" lon="-82.64906923"><ele>21.0</ele></trkpt><trkpt lat="30.41760464" lon="-82.64906849"><ele>21.0</ele></trkpt><trkpt lat="30.4169169" lon="-82.64962349"><ele>21.501419651926845</ele></trkpt><trkpt lat="30.4165043" lon="-82.65054869"><ele>22.103846715121655</ele></trkpt><trkpt lat="30.4164751" lon="-82.65059358"><ele>21.85930935511553</ele></trkpt><trkpt lat="30.4160917" lon="-82.65118289"><ele>21.009670218904084</ele></trkpt><trkpt lat="30.41577416" lon="-82.6514271"><ele>21.0</ele></trkpt><trkpt lat="30.41575273" lon="-82.65144358"><ele>21.0</ele></trkpt><trkpt lat="30.4157479" lon="-82.65144729"><ele>21.0</ele></trkpt><trkpt lat="30.4150375" lon="-82.65144703"><ele>21.0</ele></trkpt><trkpt lat="30.4101803" lon="-82.64999129"><ele>21.0</ele></trkpt><trkpt lat="30.40937844" lon="-82.64956789"><ele>21.0</ele></trkpt><trkpt lat="30.4088057" lon="-82.64893329"><ele>21.0</ele></trkpt><trkpt lat="30.4084163" lon="-82.64827223"><ele>21.0</ele></trkpt><trkpt lat="30.40811864" lon="-82.64734683"><ele>21.0</ele></trkpt><trkpt lat="30.40802724" lon="-82.64642163"><ele>25.053425523388963</ele></trkpt><trkpt lat="30.4080731" lon="-82.64605149"><ele>21.0</ele></trkpt><trkpt lat="30.40807303" lon="-82.64605121"><ele>21.0</ele></trkpt><trkpt lat="30.40791284" lon="-82.64544343"><ele>23.91223226512682</ele></trkpt><trkpt lat="30.40716129" lon="-82.64560545"><ele>21.0</ele></trkpt><trkpt lat="30.4039943" lon="-82.64628823"><ele>21.0</ele></trkpt><trkpt lat="30.40380907" lon="-82.64630079"><ele>21.0</ele></trkpt><trkpt lat="30.39856364" lon="-82.64665663"><ele>21.0</ele></trkpt><trkpt lat="30.3973951" lon="-82.64665629"><ele>21.0</ele></trkpt><trkpt lat="30.3952869" lon="-82.64694623"><ele>21.0</ele></trkpt><trkpt lat="30.39494324" lon="-82.64710483"><ele>21.0</ele></trkpt><trkpt lat="30.39404924" lon="-82.64779169"><ele>21.0</ele></trkpt><trkpt lat="30.3919067" lon="-82.64973431"><ele>21.0</ele></trkpt><trkpt lat="30.39168988" lon="-82.6499309"><ele>21.447946793765386</ele></trkpt><trkpt lat="30.39168864" lon="-82.64993203"><ele>21.490354783046534</ele></trkpt><trkpt lat="30.3909317" lon="-82.65294503"><ele>23.614804543554783</ele></trkpt><trkpt lat="30.3908397" lon="-82.65424003"><ele>21.781370574608445</ele></trkpt><trkpt lat="30.3914805" lon="-82.65667203"><ele>21.0</ele></trkpt><trkpt lat="30.39148497" lon="-82.65671077"><ele>21.0</ele></trkpt><trkpt lat="30.3915719" lon="-82.65746503"><ele>21.0</ele></trkpt><trkpt lat="30.39122537" lon="-82.65816413"><ele>21.0</ele></trkpt><trkpt lat="30.39120951" lon="-82.65819613"><ele>21.0</ele></trkpt><trkpt lat="30.3912051" lon="-82.65820503"><ele>21.0</ele></trkpt><trkpt lat="30.39083844" lon="-82.65844269"><ele>21.0</ele></trkpt><trkpt lat="30.3894635" lon="-82.65867989"><ele>21.0</ele></trkpt><trkpt lat="30.3885011" lon="-82.65867949"><ele>24.333442360628396</ele></trkpt><trkpt lat="30.3852703" lon="-82.65814963"><ele>21.0</ele></trkpt><trkpt lat="30.38371904" lon="-82.65849097"><ele>21.05939202848822</ele></trkpt><trkpt lat="30.3837121" lon="-82.65849249"><ele>21.02397346124053</ele></trkpt><trkpt lat="30.38245164" lon="-82.65925843"><ele>21.0</ele></trkpt><trkpt lat="30.38214293" lon="-82.65957856"><ele>21.0</ele></trkpt><trkpt lat="30.3817639" lon="-82.65997163"><ele>21.0</ele></trkpt><trkpt lat="30.38173354" lon="-82.66002219"><ele>21.0</ele></trkpt><trkpt lat="30.38155764" lon="-82.66031523"><ele>21.0</ele></trkpt><trkpt lat="30.38110223" lon="-82.6615699"><ele>26.51400495738951</ele></trkpt><trkpt lat="30.3810301" lon="-82.66176863"><ele>25.52103180199777</ele></trkpt><trkpt lat="30.3804337" lon="-82.66359183"><ele>21.0</ele></trkpt><trkpt lat="30.38008964" lon="-82.66451669"><ele>21.0</ele></trkpt><trkpt lat="30.37965404" lon="-82.66507143"><ele>21.0</ele></trkpt><trkpt lat="30.3784165" lon="-82.66578449"><ele>21.0</ele></trkpt><trkpt lat="30.37772904" lon="-82.66581063"><ele>21.201105653038937</ele></trkpt><trkpt lat="30.37721995" lon="-82.66556075"><ele>21.0</ele></trkpt><trkpt lat="30.37115384" lon="-82.66258329"><ele>21.0</ele></trkpt><trkpt lat="30.37113886" lon="-82.66258123"><ele>21.0</ele></trkpt><trkpt lat="30.37102317" lon="-82.66256529"><ele>21.0</ele></trkpt><trkpt lat="30.3701915" lon="-82.66245069"><ele>21.0</ele></trkpt><trkpt lat="30.36993208" lon="-82.66258865"><ele>21.0</ele></trkpt><trkpt lat="30.36989364" lon="-82.66260909"><ele>21.0</ele></trkpt><trkpt lat="30.36957507" lon="-82.66292931"><ele>21.0</ele></trkpt><trkpt lat="30.3677389" lon="-82.66477503"><ele>21.0</ele></trkpt><trkpt lat="30.36727499" lon="-82.66530972"><ele>21.0</ele></trkpt><trkpt lat="30.36718884" lon="-82.66540903"><ele>21.0</ele></trkpt><trkpt lat="30.36661544" lon="-82.66659783"><ele>21.087461544518845</ele></trkpt><trkpt lat="30.36659294" lon="-82.666679"><ele>21.337597101926804</ele></trkpt><trkpt lat="30.36564249" lon="-82.67010824"><ele>21.0</ele></trkpt><trkpt lat="30.3655829" lon="-82.67032323"><ele>21.0</ele></trkpt><trkpt lat="30.36549064" lon="-82.67190862"><ele>21.0</ele></trkpt><trkpt lat="30.3653069" lon="-82.67283343"><ele>21.0</ele></trkpt><trkpt lat="30.36472423" lon="-82.6742012"><ele>21.0</ele></trkpt><trkpt lat="30.3647105" lon="-82.67423343"><ele>21.0</ele></trkpt><trkpt lat="30.36456118" lon="-82.67449859"><ele>21.0</ele></trkpt><trkpt lat="30.3641601" lon="-82.67521083"><ele>21.0</ele></trkpt><trkpt lat="30.36377044" lon="-82.67565983"><ele>21.0</ele></trkpt><trkpt lat="30.36328904" lon="-82.67597663"><ele>21.0</ele></trkpt><trkpt lat="30.35842864" lon="-82.68170743"><ele>21.0</ele></trkpt><trkpt lat="30.35841475" lon="-82.68171399"><ele>21.0</ele></trkpt><trkpt lat="30.35624036" lon="-82.68274217"><ele>21.0</ele></trkpt><trkpt lat="30.3558617" lon="-82.68292123"><ele>21.0</ele></trkpt><trkpt lat="30.3540277" lon="-82.68463749"><ele>21.0</ele></trkpt><trkpt lat="30.35401125" lon="-82.68465019"><ele>21.0</ele></trkpt><trkpt lat="30.35187518" lon="-82.68629877"><ele>21.0</ele></trkpt><trkpt lat="30.35187304" lon="-82.68630043"><ele>21.0</ele></trkpt><trkpt lat="30.35186004" lon="-82.6862943"><ele>21.0</ele></trkpt><trkpt lat="30.3518432" lon="-82.68628636"><ele>21.0</ele></trkpt><trkpt lat="30.34890538" lon="-82.68490155"><ele>21.0</ele></trkpt><trkpt lat="30.3473829" lon="-82.68418389"><ele>21.0</ele></trkpt><trkpt lat="30.34492773" lon="-82.68218927"><ele>21.0</ele></trkpt><trkpt lat="30.3449093" lon="-82.68217429"><ele>21.0</ele></trkpt><trkpt lat="30.34378684" lon="-82.68161883"><ele>21.0</ele></trkpt><trkpt lat="30.34277864" lon="-82.68156529"><ele>21.0</ele></trkpt><trkpt lat="30.34272541" lon="-82.68158061"><ele>21.0</ele></trkpt><trkpt lat="30.3424119" lon="-82.68167083"><ele>21.0</ele></trkpt><trkpt lat="30.34190764" lon="-82.68193463"><ele>21.0</ele></trkpt><trkpt lat="30.3389511" lon="-82.68351769"><ele>18.0</ele></trkpt><trkpt lat="30.3384774" lon="-82.68382671"><ele>18.19282327409784</ele></trkpt><trkpt lat="30.33826344" lon="-82.68396629"><ele>18.0</ele></trkpt><trkpt lat="30.33818563" lon="-82.68406016"><ele>18.561199054734438</ele></trkpt><trkpt lat="30.3377819" lon="-82.68454723"><ele>19.81378583523326</ele></trkpt><trkpt lat="30.33711628" lon="-82.68576433"><ele>19.816554318274616</ele></trkpt><trkpt lat="30.33700204" lon="-82.68597323"><ele>18.796866840682924</ele></trkpt><trkpt lat="30.3367267" lon="-82.68673909"><ele>22.366707640334823</ele></trkpt><trkpt lat="30.33528204" lon="-82.68890429"><ele>18.22381666886893</ele></trkpt><trkpt lat="30.3348005" lon="-82.68935303"><ele>18.0</ele></trkpt><trkpt lat="30.3335401" lon="-82.68969549"><ele>18.195274258018518</ele></trkpt><trkpt lat="30.33352223" lon="-82.68970371"><ele>18.75049446383491</ele></trkpt><trkpt lat="30.3331963" lon="-82.68985369"><ele>18.073192553155966</ele></trkpt><trkpt lat="30.33294404" lon="-82.69038183"><ele>18.0</ele></trkpt><trkpt lat="30.33214898" lon="-82.69325232"><ele>18.0</ele></trkpt><trkpt lat="30.33211744" lon="-82.69336623"><ele>18.0</ele></trkpt><trkpt lat="30.33211418" lon="-82.69340724"><ele>18.0</ele></trkpt><trkpt lat="30.33204824" lon="-82.69423783"><ele>18.0</ele></trkpt><trkpt lat="30.33269961" lon="-82.69530104"><ele>18.0</ele></trkpt><trkpt lat="30.3327121" lon="-82.69532143"><ele>18.0</ele></trkpt><trkpt lat="30.33319244" lon="-82.69685383"><ele>18.0</ele></trkpt><trkpt lat="30.33348964" lon="-82.69796362"><ele>18.0</ele></trkpt><trkpt lat="30.33348824" lon="-82.70015609"><ele>18.0</ele></trkpt><trkpt lat="30.33298284" lon="-82.70229529"><ele>18.0</ele></trkpt><trkpt lat="30.3323861" lon="-82.70374769"><ele>18.0</ele></trkpt><trkpt lat="30.32993164" lon="-82.70789263"><ele>19.995417294558138</ele></trkpt><trkpt lat="30.3288535" lon="-82.70960863"><ele>18.0551903783024</ele></trkpt><trkpt lat="30.32772964" lon="-82.71119242"><ele>18.45427724957741</ele></trkpt><trkpt lat="30.3277287" lon="-82.7111935"><ele>18.44068201593712</ele></trkpt><trkpt lat="30.32767475" lon="-82.71125559"><ele>18.87726508801455</ele></trkpt><trkpt lat="30.32665184" lon="-82.71243289"><ele>18.0</ele></trkpt><trkpt lat="30.32574914" lon="-82.71326844"><ele>18.0</ele></trkpt><trkpt lat="30.32559704" lon="-82.71340923"><ele>18.0</ele></trkpt><trkpt lat="30.32505055" lon="-82.7137202"><ele>18.0</ele></trkpt><trkpt lat="30.3234193" lon="-82.71464843"><ele>23.504269681870937</ele></trkpt><trkpt lat="30.32337358" lon="-82.71466511"><ele>23.645090253470666</ele></trkpt><trkpt lat="30.32043451" lon="-82.71573738"><ele>21.93517002283552</ele></trkpt><trkpt lat="30.32139751" lon="-82.71759503"><ele>18.0</ele></trkpt><trkpt lat="30.3222245" lon="-82.71919029"><ele>18.244914521732603</ele></trkpt><trkpt lat="30.3224679" lon="-82.71948399"><ele>18.0</ele></trkpt><trkpt lat="30.32400081" lon="-82.72133371"><ele>18.0</ele></trkpt><trkpt lat="30.32426184" lon="-82.72164869"><ele>18.0</ele></trkpt><trkpt lat="30.32428502" lon="-82.72167546"><ele>18.0</ele></trkpt><trkpt lat="30.3245595" lon="-82.72199242"><ele>21.049863284546696</ele></trkpt><trkpt lat="30.32813184" lon="-82.72484883"><ele>18.0</ele></trkpt><trkpt lat="30.32849824" lon="-82.72503423"><ele>18.0</ele></trkpt><trkpt lat="30.32895644" lon="-82.72511389"><ele>18.0</ele></trkpt><trkpt lat="30.32946064" lon="-82.72492943"><ele>18.013600158890956</ele></trkpt><trkpt lat="30.33005704" lon="-82.72421689"><ele>18.0</ele></trkpt><trkpt lat="30.33085984" lon="-82.72316109"><ele>18.0</ele></trkpt><trkpt lat="30.33100613" lon="-82.72307695"><ele>18.0</ele></trkpt><trkpt lat="30.33168504" lon="-82.72268649"><ele>18.0</ele></trkpt><trkpt lat="30.3327849" lon="-82.72271423"><ele>18.0</ele></trkpt><trkpt lat="30.3331285" lon="-82.72284663"><ele>18.0</ele></trkpt><trkpt lat="30.3336093" lon="-82.72337549"><ele>18.0</ele></trkpt><trkpt lat="30.33374644" lon="-82.72374543"><ele>18.0</ele></trkpt><trkpt lat="30.33379164" lon="-82.72459069"><ele>18.0</ele></trkpt><trkpt lat="30.33360784" lon="-82.72517169"><ele>17.0</ele></trkpt><trkpt lat="30.32973426" lon="-82.73506627"><ele>21.0</ele></trkpt><trkpt lat="30.32880931" lon="-82.73565919"><ele>16.0</ele></trkpt><trkpt lat="30.32744271" lon="-82.73653522"><ele>22.720721364952624</ele></trkpt><trkpt lat="30.32743966" lon="-82.73653717"><ele>22.638383605517447</ele></trkpt><trkpt lat="30.32534886" lon="-82.73787743"><ele>25.789926423269698</ele></trkpt><trkpt lat="30.32534592" lon="-82.73787931"><ele>25.566202771031445</ele></trkpt><trkpt lat="30.32262269" lon="-82.73962497"><ele>20.102227842900902</ele></trkpt><trkpt lat="30.32255933" lon="-82.73968815"><ele>20.972034986596555</ele></trkpt><trkpt lat="30.32075075" lon="-82.74149188"><ele>20.074665898854565</ele></trkpt><trkpt lat="30.31748244" lon="-82.74475143"><ele>17.656031657972207</ele></trkpt><trkpt lat="30.31727935" lon="-82.74537325"><ele>16.0</ele></trkpt><trkpt lat="30.3172755" lon="-82.74538503"><ele>16.0</ele></trkpt><trkpt lat="30.31727424" lon="-82.74673189"><ele>16.0</ele></trkpt><trkpt lat="30.31730501" lon="-82.74681975"><ele>16.0</ele></trkpt><trkpt lat="30.31946691" lon="-82.75299129"><ele>16.0</ele></trkpt><trkpt lat="30.31948293" lon="-82.75303703"><ele>16.0</ele></trkpt><trkpt lat="30.3197159" lon="-82.75370209"><ele>16.0</ele></trkpt><trkpt lat="30.32118173" lon="-82.75605757"><ele>16.0</ele></trkpt><trkpt lat="30.32127624" lon="-82.75620942"><ele>16.0</ele></trkpt><trkpt lat="30.32136154" lon="-82.75634425"><ele>16.0</ele></trkpt><trkpt lat="30.32371719" lon="-82.76006733"><ele>16.0</ele></trkpt><trkpt lat="30.3239147" lon="-82.76037949"><ele>16.0</ele></trkpt><trkpt lat="30.3246487" lon="-82.76117103"><ele>16.0</ele></trkpt><trkpt lat="30.32465047" lon="-82.76117165"><ele>16.0</ele></trkpt><trkpt lat="30.32769558" lon="-82.76224953"><ele>24.0</ele></trkpt><trkpt lat="30.32780758" lon="-82.762386"><ele>23.0</ele></trkpt><trkpt lat="30.32792827" lon="-82.76251486"><ele>23.723593629852633</ele></trkpt><trkpt lat="30.32805712" lon="-82.76263555"><ele>22.903240710131996</ele></trkpt><trkpt lat="30.32814065" lon="-82.76270586"><ele>21.437632237561047</ele></trkpt><trkpt lat="30.32849965" lon="-82.76299586"><ele>23.0</ele></trkpt><trkpt lat="30.3285526" lon="-82.76303755"><ele>23.0</ele></trkpt><trkpt lat="30.32869611" lon="-82.76314039"><ele>23.0</ele></trkpt><trkpt lat="30.32884603" lon="-82.76323362"><ele>22.375858157558405</ele></trkpt><trkpt lat="30.32899518" lon="-82.7633136"><ele>23.0</ele></trkpt><trkpt lat="30.32942618" lon="-82.7635276"><ele>22.0</ele></trkpt><trkpt lat="30.32943274" lon="-82.76353084"><ele>22.0</ele></trkpt><trkpt lat="30.32959355" lon="-82.76360371"><ele>22.0</ele></trkpt><trkpt lat="30.32975878" lon="-82.7636659"><ele>22.0</ele></trkpt><trkpt lat="30.32992773" lon="-82.76371715"><ele>22.0</ele></trkpt><trkpt lat="30.33009967" lon="-82.76375724"><ele>23.0</ele></trkpt><trkpt lat="30.33024599" lon="-82.76378218"><ele>23.0</ele></trkpt><trkpt lat="30.32855798" lon="-82.76701274"><ele>15.0</ele></trkpt><trkpt lat="30.32854864" lon="-82.76703063"><ele>15.0</ele></trkpt><trkpt lat="30.3285241" lon="-82.76705896"><ele>15.0</ele></trkpt><trkpt lat="30.3280221" lon="-82.76763862"><ele>15.0</ele></trkpt><trkpt lat="30.32559664" lon="-82.77210489"><ele>15.0</ele></trkpt><trkpt lat="30.32504744" lon="-82.77316189"><ele>15.0</ele></trkpt><trkpt lat="30.3231947" lon="-82.77749529"><ele>15.0</ele></trkpt><trkpt lat="30.32324084" lon="-82.77789143"><ele>15.0</ele></trkpt><trkpt lat="30.3234243" lon="-82.77828742"><ele>15.0</ele></trkpt><trkpt lat="30.32426679" lon="-82.77841116"><ele>15.0</ele></trkpt><trkpt lat="30.3243181" lon="-82.77841869"><ele>15.0</ele></trkpt><trkpt lat="30.3245015" lon="-82.77860343"><ele>15.0</ele></trkpt><trkpt lat="30.3247539" lon="-82.77921069"><ele>15.0</ele></trkpt><trkpt lat="30.32473013" lon="-82.77994533"><ele>15.0</ele></trkpt><trkpt lat="30.32457444" lon="-82.78475729"><ele>15.0</ele></trkpt><trkpt lat="30.32452336" lon="-82.78497734"><ele>15.0</ele></trkpt><trkpt lat="30.3238948" lon="-82.78768544"><ele>15.0</ele></trkpt><trkpt lat="30.32382024" lon="-82.78800669"><ele>15.0</ele></trkpt><trkpt lat="30.32395891" lon="-82.78800658"><ele>16.588244014279013</ele></trkpt><trkpt lat="30.32631784" lon="-82.78800469"><ele>15.0</ele></trkpt><trkpt lat="30.32700669" lon="-82.78836266"><ele>15.0</ele></trkpt><trkpt lat="30.3270283" lon="-82.78837389"><ele>15.302935029410401</ele></trkpt><trkpt lat="30.32771624" lon="-82.78913923"><ele>15.0</ele></trkpt><trkpt lat="30.32771126" lon="-82.78917376"><ele>15.0</ele></trkpt><trkpt lat="30.3276021" lon="-82.78993169"><ele>15.0</ele></trkpt><trkpt lat="30.32716802" lon="-82.79100617"><ele>15.0</ele></trkpt><trkpt lat="30.3271217" lon="-82.79112083"><ele>15.0</ele></trkpt><trkpt lat="30.32704858" lon="-82.79125344"><ele>15.0</ele></trkpt><trkpt lat="30.32680124" lon="-82.79170203"><ele>15.0</ele></trkpt><trkpt lat="30.32642136" lon="-82.79214038"><ele>15.0</ele></trkpt><trkpt lat="30.32641801" lon="-82.79214511"><ele>15.0</ele></trkpt><trkpt lat="30.32705168" lon="-82.79315744"><ele>15.0</ele></trkpt><trkpt lat="30.32893952" lon="-82.79309861"><ele>17.577871958259493</ele></trkpt><trkpt lat="30.33074902" lon="-82.79346511"><ele>15.0</ele></trkpt><trkpt lat="30.33352102" lon="-82.79354411"><ele>15.0</ele></trkpt><trkpt lat="30.33462101" lon="-82.79254011"><ele>15.0</ele></trkpt><trkpt lat="30.33560602" lon="-82.79227611"><ele>15.0</ele></trkpt><trkpt lat="30.33689002" lon="-82.79460011"><ele>15.0</ele></trkpt><trkpt lat="30.33689419" lon="-82.79460325"><ele>15.0</ele></trkpt><trkpt lat="30.3404139" lon="-82.79586523"><ele>14.0</ele></trkpt><trkpt lat="30.34050751" lon="-82.79593262"><ele>14.0</ele></trkpt><trkpt lat="30.34051391" lon="-82.79593723"><ele>14.0</ele></trkpt><trkpt lat="30.34059724" lon="-82.79599723"><ele>14.0</ele></trkpt><trkpt lat="30.34314204" lon="-82.79868983"><ele>14.0</ele></trkpt><trkpt lat="30.34412784" lon="-82.79979869"><ele>14.0</ele></trkpt><trkpt lat="30.3441867" lon="-82.7999206"><ele>14.0</ele></trkpt><trkpt lat="30.34418852" lon="-82.79992435"><ele>14.0</ele></trkpt><trkpt lat="30.34424264" lon="-82.80003643"><ele>14.0</ele></trkpt><trkpt lat="30.3453903" lon="-82.80423603"><ele>14.0</ele></trkpt><trkpt lat="30.34539008" lon="-82.80423848"><ele>14.0</ele></trkpt><trkpt lat="30.3452991" lon="-82.80523983"><ele>14.0</ele></trkpt><trkpt lat="30.34421621" lon="-82.80669814"><ele>14.0</ele></trkpt><trkpt lat="30.34378784" lon="-82.80727503"><ele>23.0</ele></trkpt><trkpt lat="30.3433109" lon="-82.80717056"><ele>14.426158279180527</ele></trkpt><trkpt lat="30.34330664" lon="-82.80716963"><ele>14.404487708583474</ele></trkpt><trkpt lat="30.3428253" lon="-82.80690569"><ele>14.0</ele></trkpt><trkpt lat="30.3422295" lon="-82.80682689"><ele>14.836133717559278</ele></trkpt><trkpt lat="30.3412443" lon="-82.80688023"><ele>14.660978944040835</ele></trkpt><trkpt lat="30.3405113" lon="-82.80730343"><ele>14.0</ele></trkpt><trkpt lat="30.33885446" lon="-82.80880143"><ele>20.89142837996056</ele></trkpt><trkpt lat="30.33776304" lon="-82.80978823"><ele>22.620386052060084</ele></trkpt><trkpt lat="30.33776029" lon="-82.80979103"><ele>22.62520957797178</ele></trkpt><trkpt lat="30.33696144" lon="-82.81060749"><ele>14.0</ele></trkpt><trkpt lat="30.33684704" lon="-82.81100383"><ele>14.0</ele></trkpt><trkpt lat="30.33705344" lon="-82.81134703"><ele>18.120732926763594</ele></trkpt><trkpt lat="30.33715113" lon="-82.81140331"><ele>16.300699945388658</ele></trkpt><trkpt lat="30.3371907" lon="-82.81142611"><ele>16.284888966940343</ele></trkpt><trkpt lat="30.33723684" lon="-82.81145269"><ele>16.414038641378284</ele></trkpt><trkpt lat="30.33917876" lon="-82.81142611"><ele>14.0</ele></trkpt><trkpt lat="30.33925304" lon="-82.81142509"><ele>14.0</ele></trkpt><trkpt lat="30.3398029" lon="-82.81168889"><ele>14.0</ele></trkpt><trkpt lat="30.3401469" lon="-82.81205862"><ele>14.0</ele></trkpt><trkpt lat="30.3404221" lon="-82.81271882"><ele>14.0</ele></trkpt><trkpt lat="30.34051404" lon="-82.81335269"><ele>14.0</ele></trkpt><trkpt lat="30.34048061" lon="-82.81565892"><ele>14.0</ele></trkpt><trkpt lat="30.34045012" lon="-82.81776323"><ele>14.0</ele></trkpt><trkpt lat="30.34042571" lon="-82.81944733"><ele>14.0</ele></trkpt><trkpt lat="30.34042484" lon="-82.81950783"><ele>14.0</ele></trkpt><trkpt lat="30.34022392" lon="-82.82315657"><ele>14.0</ele></trkpt><trkpt lat="30.34016457" lon="-82.82423446"><ele>19.964141668229036</ele></trkpt><trkpt lat="30.34408163" lon="-82.82736811"><ele>23.0</ele></trkpt><trkpt lat="30.34582134" lon="-82.82875988"><ele>14.0</ele></trkpt><trkpt lat="30.34745849" lon="-82.8300696"><ele>23.0</ele></trkpt><trkpt lat="30.34632837" lon="-82.83125108"><ele>14.0</ele></trkpt><trkpt lat="30.34562026" lon="-82.83199137"><ele>26.79295086953789</ele></trkpt><trkpt lat="30.34561974" lon="-82.83199192"><ele>26.80576679809019</ele></trkpt><trkpt lat="30.34344683" lon="-82.8342636"><ele>15.260252586565912</ele></trkpt><trkpt lat="30.34270128" lon="-82.83577117"><ele>14.0</ele></trkpt><trkpt lat="30.34211538" lon="-82.83695591"><ele>14.0</ele></trkpt><trkpt lat="30.34205704" lon="-82.83707389"><ele>14.0</ele></trkpt><trkpt lat="30.34075243" lon="-82.84370469"><ele>14.0</ele></trkpt><trkpt lat="30.34077544" lon="-82.84415382"><ele>14.0</ele></trkpt><trkpt lat="30.34093584" lon="-82.84455009"><ele>14.0</ele></trkpt><trkpt lat="30.3465503" lon="-82.85078323"><ele>14.0</ele></trkpt><trkpt lat="30.34696976" lon="-82.85111327"><ele>14.0</ele></trkpt><trkpt lat="30.34707362" lon="-82.85119499"><ele>14.612382550881279</ele></trkpt><trkpt lat="30.34892153" lon="-82.852649"><ele>14.0</ele></trkpt><trkpt lat="30.3489335" lon="-82.85265842"><ele>14.0</ele></trkpt><trkpt lat="30.3489617" lon="-82.85265842"><ele>14.0</ele></trkpt><trkpt lat="30.3493689" lon="-82.85265842"><ele>14.0</ele></trkpt><trkpt lat="30.35019761" lon="-82.85231527"><ele>14.405235450173633</ele></trkpt><trkpt lat="30.35026243" lon="-82.85228842"><ele>14.0</ele></trkpt><trkpt lat="30.35140804" lon="-82.85205063"><ele>14.20758673036471</ele></trkpt><trkpt lat="30.35420324" lon="-82.85181229"><ele>14.0</ele></trkpt><trkpt lat="30.35599044" lon="-82.85175909"><ele>14.0</ele></trkpt><trkpt lat="30.35663204" lon="-82.85194389"><ele>14.0</ele></trkpt><trkpt lat="30.35697564" lon="-82.85212883"><ele>14.0</ele></trkpt><trkpt lat="30.3571361" lon="-82.85247229"><ele>14.0</ele></trkpt><trkpt lat="30.35867677" lon="-82.85829308"><ele>13.634172528555919</ele></trkpt><trkpt lat="30.35871038" lon="-82.85842007"><ele>15.397164759454284</ele></trkpt><trkpt lat="30.35878644" lon="-82.85870742"><ele>15.977762432768941</ele></trkpt><trkpt lat="30.35862813" lon="-82.85941152"><ele>15.262829364654188</ele></trkpt><trkpt lat="30.35862604" lon="-82.85942083"><ele>15.052473446200041</ele></trkpt><trkpt lat="30.358546" lon="-82.85959927"><ele>15.827580324125856</ele></trkpt><trkpt lat="30.35828244" lon="-82.86018689"><ele>13.802995352540165</ele></trkpt><trkpt lat="30.35776384" lon="-82.86098443"><ele>13.0</ele></trkpt><trkpt lat="30.35773264" lon="-82.86103243"><ele>13.0</ele></trkpt><trkpt lat="30.35762814" lon="-82.86126663"><ele>13.0</ele></trkpt><trkpt lat="30.3573201" lon="-82.86195709"><ele>13.0</ele></trkpt><trkpt lat="30.35728513" lon="-82.86208315"><ele>13.0</ele></trkpt><trkpt lat="30.35713684" lon="-82.86261769"><ele>13.0</ele></trkpt><trkpt lat="30.35713684" lon="-82.86351603"><ele>13.0</ele></trkpt><trkpt lat="30.35713707" lon="-82.86351684"><ele>13.0</ele></trkpt><trkpt lat="30.35725414" lon="-82.86392175"><ele>13.0</ele></trkpt><trkpt lat="30.3574347" lon="-82.86454629"><ele>13.0</ele></trkpt><trkpt lat="30.35767658" lon="-82.865197"><ele>13.0</ele></trkpt><trkpt lat="30.35777844" lon="-82.86547103"><ele>13.0</ele></trkpt><trkpt lat="30.35784353" lon="-82.86558777"><ele>13.0</ele></trkpt><trkpt lat="30.3581909" lon="-82.86621083"><ele>13.0</ele></trkpt><trkpt lat="30.3609861" lon="-82.87033249"><ele>13.0</ele></trkpt><trkpt lat="30.36110495" lon="-82.87043622"><ele>14.010039925578296</ele></trkpt><trkpt lat="30.36268164" lon="-82.87181223"><ele>13.0</ele></trkpt><trkpt lat="30.36315783" lon="-82.87180819"><ele>13.0364383143064</ele></trkpt><trkpt lat="30.36525807" lon="-82.8717904"><ele>13.355132017284632</ele></trkpt><trkpt lat="30.3657977" lon="-82.87178583"><ele>13.0</ele></trkpt><trkpt lat="30.36579147" lon="-82.8718296"><ele>13.0</ele></trkpt><trkpt lat="30.3653163" lon="-82.87516789"><ele>20.0</ele></trkpt><trkpt lat="30.3654307" lon="-82.87696463"><ele>14.387847933894003</ele></trkpt><trkpt lat="30.36639601" lon="-82.88190721"><ele>14.386179969464472</ele></trkpt><trkpt lat="30.3668963" lon="-82.88446883"><ele>13.0</ele></trkpt><trkpt lat="30.36696029" lon="-82.88470558"><ele>13.123072313144803</ele></trkpt><trkpt lat="30.36754647" lon="-82.88687454"><ele>13.0</ele></trkpt><trkpt lat="30.36756044" lon="-82.88692623"><ele>13.0</ele></trkpt><trkpt lat="30.36757934" lon="-82.88697804"><ele>13.0</ele></trkpt><trkpt lat="30.36792684" lon="-82.88793042"><ele>20.0</ele></trkpt><trkpt lat="30.36851845" lon="-82.88863814"><ele>20.0</ele></trkpt><trkpt lat="30.36854544" lon="-82.88867042"><ele>20.0</ele></trkpt><trkpt lat="30.36858302" lon="-82.88870639"><ele>20.0</ele></trkpt><trkpt lat="30.37337059" lon="-82.89328774"><ele>16.653144818055022</ele></trkpt><trkpt lat="30.3733789" lon="-82.89329569"><ele>16.547780548222363</ele></trkpt><trkpt lat="30.37340968" lon="-82.89331184"><ele>15.18276702100411</ele></trkpt><trkpt lat="30.3736309" lon="-82.89342789"><ele>13.73525265045464</ele></trkpt><trkpt lat="30.37448898" lon="-82.89345219"><ele>13.0</ele></trkpt><trkpt lat="30.3745703" lon="-82.89345449"><ele>13.0</ele></trkpt><trkpt lat="30.37484123" lon="-82.89319601"><ele>13.0</ele></trkpt><trkpt lat="30.37523484" lon="-82.89282049"><ele>13.0</ele></trkpt><trkpt lat="30.3756933" lon="-82.89229209"><ele>13.0</ele></trkpt><trkpt lat="30.3761149" lon="-82.8919737"><ele>14.550373229688832</ele></trkpt><trkpt lat="30.3776869" lon="-82.89078649"><ele>13.0</ele></trkpt><trkpt lat="30.3782139" lon="-82.89057523"><ele>13.0</ele></trkpt><trkpt lat="30.38543144" lon="-82.88885922"><ele>13.0</ele></trkpt><trkpt lat="30.38591264" lon="-82.88888583"><ele>13.0</ele></trkpt><trkpt lat="30.3861187" lon="-82.88920289"><ele>13.0</ele></trkpt><trkpt lat="30.3865081" lon="-82.89004883"><ele>13.0</ele></trkpt><trkpt lat="30.3875617" lon="-82.89171403"><ele>13.0</ele></trkpt><trkpt lat="30.3868049" lon="-82.89525509"><ele>12.747767433524132</ele></trkpt><trkpt lat="30.38682168" lon="-82.89613789"><ele>13.0</ele></trkpt><trkpt lat="30.3868501" lon="-82.89763362"><ele>13.0</ele></trkpt><trkpt lat="30.38733895" lon="-82.90127994"><ele>13.0</ele></trkpt><trkpt lat="30.38735323" lon="-82.90138649"><ele>13.0</ele></trkpt><trkpt lat="30.3881085" lon="-82.90439963"><ele>13.0</ele></trkpt><trkpt lat="30.38797063" lon="-82.90577383"><ele>12.762910367920995</ele></trkpt><trkpt lat="30.38778724" lon="-82.90627589"><ele>14.149860382529196</ele></trkpt><trkpt lat="30.38767263" lon="-82.90640802"><ele>14.127041560348015</ele></trkpt><trkpt lat="30.38719143" lon="-82.90643409"><ele>13.320776174776256</ele></trkpt><trkpt lat="30.3871444" lon="-82.90624649"><ele>19.01375284477064</ele></trkpt><trkpt lat="30.3864361" lon="-82.90342123"><ele>12.0</ele></trkpt><trkpt lat="30.38611564" lon="-82.90273389"><ele>12.0</ele></trkpt><trkpt lat="30.3855429" lon="-82.90239009"><ele>12.0</ele></trkpt><trkpt lat="30.38492316" lon="-82.90236439"><ele>12.0</ele></trkpt><trkpt lat="30.38491624" lon="-82.90236411"><ele>12.0</ele></trkpt><trkpt lat="30.38490144" lon="-82.90236349"><ele>12.0</ele></trkpt><trkpt lat="30.38432864" lon="-82.90246903"><ele>14.187480361662686</ele></trkpt><trkpt lat="30.38360519" lon="-82.90283368"><ele>13.384744020178914</ele></trkpt><trkpt lat="30.38359524" lon="-82.90283869"><ele>13.034519637934864</ele></trkpt><trkpt lat="30.38358569" lon="-82.9028497"><ele>12.474168428219855</ele></trkpt><trkpt lat="30.38320564" lon="-82.90328783"><ele>12.0</ele></trkpt><trkpt lat="30.38226528" lon="-82.90822689"><ele>12.0</ele></trkpt><trkpt lat="30.38226484" lon="-82.90822923"><ele>12.0</ele></trkpt><trkpt lat="30.38244764" lon="-82.90952409"><ele>12.0</ele></trkpt><trkpt lat="30.38251178" lon="-82.90966366"><ele>12.0</ele></trkpt><trkpt lat="30.38355782" lon="-82.91193976"><ele>15.88634056597948</ele></trkpt><trkpt lat="30.38540675" lon="-82.9159629"><ele>13.4907310558483</ele></trkpt><trkpt lat="30.3854239" lon="-82.91600023"><ele>14.048832137405533</ele></trkpt><trkpt lat="30.38550126" lon="-82.91612302"><ele>15.466408461332321</ele></trkpt><trkpt lat="30.3857903" lon="-82.91658183"><ele>12.0</ele></trkpt><trkpt lat="30.38583443" lon="-82.91691325"><ele>12.0</ele></trkpt><trkpt lat="30.38583604" lon="-82.91692529"><ele>12.0</ele></trkpt><trkpt lat="30.3857431" lon="-82.91970003"><ele>12.0</ele></trkpt><trkpt lat="30.38588024" lon="-82.92054583"><ele>20.430838180422562</ele></trkpt><trkpt lat="30.38814683" lon="-82.92453769"><ele>12.0</ele></trkpt><trkpt lat="30.3889465" lon="-82.92916323"><ele>12.0</ele></trkpt><trkpt lat="30.38926323" lon="-82.92948917"><ele>12.101033451979212</ele></trkpt><trkpt lat="30.39199126" lon="-82.93229651"><ele>12.0</ele></trkpt><trkpt lat="30.39482828" lon="-82.93521602"><ele>12.0</ele></trkpt><trkpt lat="30.39578072" lon="-82.93619615"><ele>12.0</ele></trkpt><trkpt lat="30.39590655" lon="-82.93629178"><ele>12.0</ele></trkpt><trkpt lat="30.39819537" lon="-82.93803129"><ele>20.29782348824665</ele></trkpt><trkpt lat="30.39820067" lon="-82.93803531"><ele>20.204150698613375</ele></trkpt><trkpt lat="30.39997785" lon="-82.93938597"><ele>12.791186895221472</ele></trkpt><trkpt lat="30.40033941" lon="-82.93966076"><ele>20.043915101792663</ele></trkpt><trkpt lat="30.40075676" lon="-82.94609382"><ele>12.0</ele></trkpt><trkpt lat="30.4008701" lon="-82.94784089"><ele>12.0</ele></trkpt><trkpt lat="30.40087234" lon="-82.94787543"><ele>12.0</ele></trkpt><trkpt lat="30.4008729" lon="-82.94788403"><ele>12.0</ele></trkpt><trkpt lat="30.40098703" lon="-82.94865069"><ele>12.0</ele></trkpt><trkpt lat="30.40112443" lon="-82.94873009"><ele>12.0</ele></trkpt><trkpt lat="30.40169723" lon="-82.94873069"><ele>12.0</ele></trkpt><trkpt lat="30.40174682" lon="-82.94871108"><ele>12.0</ele></trkpt><trkpt lat="30.40316384" lon="-82.94815043"><ele>12.0</ele></trkpt><trkpt lat="30.40520343" lon="-82.94749129"><ele>12.0</ele></trkpt><trkpt lat="30.40520859" lon="-82.94749693"><ele>12.0</ele></trkpt><trkpt lat="30.40642071" lon="-82.94882331"><ele>12.0</ele></trkpt><trkpt lat="30.4086605" lon="-82.95127423"><ele>12.0</ele></trkpt><trkpt lat="30.40902683" lon="-82.95175029"><ele>12.724666417249534</ele></trkpt><trkpt lat="30.40923263" lon="-82.95238489"><ele>12.0</ele></trkpt><trkpt lat="30.4092378" lon="-82.95242984"><ele>12.0</ele></trkpt><trkpt lat="30.40941483" lon="-82.95397103"><ele>12.0</ele></trkpt><trkpt lat="30.40959535" lon="-82.95470218"><ele>12.0</ele></trkpt><trkpt lat="30.40959763" lon="-82.95471143"><ele>12.0</ele></trkpt><trkpt lat="30.40960884" lon="-82.95473733"><ele>12.0</ele></trkpt><trkpt lat="30.4098035" lon="-82.95518742"><ele>12.0</ele></trkpt><trkpt lat="30.41013055" lon="-82.95561571"><ele>12.0</ele></trkpt><trkpt lat="30.41014683" lon="-82.95563702"><ele>12.0</ele></trkpt><trkpt lat="30.41016576" lon="-82.95563462"><ele>12.0</ele></trkpt><trkpt lat="30.41055924" lon="-82.95558463"><ele>12.0</ele></trkpt><trkpt lat="30.41085507" lon="-82.95522727"><ele>12.0</ele></trkpt><trkpt lat="30.4114995" lon="-82.95444883"><ele>12.0</ele></trkpt><trkpt lat="30.41207224" lon="-82.95450223"><ele>12.0</ele></trkpt><trkpt lat="30.4136061" lon="-82.95608969"><ele>12.0</ele></trkpt><trkpt lat="30.41363008" lon="-82.956164"><ele>12.0</ele></trkpt><trkpt lat="30.4142461" lon="-82.95807283"><ele>12.0</ele></trkpt><trkpt lat="30.4139243" lon="-82.95960583"><ele>13.182317897677422</ele></trkpt><trkpt lat="30.41399263" lon="-82.96021383"><ele>12.0</ele></trkpt><trkpt lat="30.41472403" lon="-82.96269929"><ele>12.0</ele></trkpt><trkpt lat="30.41479231" lon="-82.96284171"><ele>12.0</ele></trkpt><trkpt lat="30.41588845" lon="-82.96512806"><ele>12.0</ele></trkpt><trkpt lat="30.41589063" lon="-82.96513263"><ele>12.0</ele></trkpt><trkpt lat="30.4168967" lon="-82.96753909"><ele>12.0</ele></trkpt><trkpt lat="30.4168045" lon="-82.96822643"><ele>12.0</ele></trkpt><trkpt lat="30.41732616" lon="-82.97384965"><ele>17.028149344492704</ele></trkpt><trkpt lat="30.4173269" lon="-82.97385769"><ele>16.740826739463955</ele></trkpt><trkpt lat="30.41737839" lon="-82.97406637"><ele>12.0</ele></trkpt><trkpt lat="30.4181489" lon="-82.97718949"><ele>12.0</ele></trkpt><trkpt lat="30.41838299" lon="-82.97750931"><ele>12.0</ele></trkpt><trkpt lat="30.41840063" lon="-82.97753343"><ele>12.0</ele></trkpt><trkpt lat="30.41986704" lon="-82.97740289"><ele>12.0</ele></trkpt><trkpt lat="30.41960972" lon="-82.97802055"><ele>13.967340572737157</ele></trkpt><trkpt lat="30.41908655" lon="-82.97927636"><ele>12.0</ele></trkpt><trkpt lat="30.4190635" lon="-82.97933169"><ele>12.0</ele></trkpt><trkpt lat="30.41906054" lon="-82.97947731"><ele>12.0</ele></trkpt><trkpt lat="30.4189915" lon="-82.98287403"><ele>12.0</ele></trkpt><trkpt lat="30.41923415" lon="-82.98340981"><ele>12.13248254738122</ele></trkpt><trkpt lat="30.41924304" lon="-82.98342943"><ele>12.486376100687083</ele></trkpt><trkpt lat="30.42089263" lon="-82.98345789"><ele>12.0</ele></trkpt><trkpt lat="30.42533624" lon="-82.98473242"><ele>12.0</ele></trkpt><trkpt lat="30.4255193" lon="-82.98486483"><ele>12.0</ele></trkpt><trkpt lat="30.42540009" lon="-82.9859555"><ele>16.997006706893444</ele></trkpt><trkpt lat="30.42538064" lon="-82.98613349"><ele>16.448933862813394</ele></trkpt><trkpt lat="30.4254481" lon="-82.98745549"><ele>12.201126218773425</ele></trkpt><trkpt lat="30.42557593" lon="-82.9881725"><ele>12.0</ele></trkpt><trkpt lat="30.42558484" lon="-82.98822242"><ele>12.0</ele></trkpt><trkpt lat="30.4260191" lon="-82.98935969"><ele>12.0</ele></trkpt><trkpt lat="30.42602105" lon="-82.98936251"><ele>12.0</ele></trkpt><trkpt lat="30.42775506" lon="-82.99186938"><ele>12.0</ele></trkpt><trkpt lat="30.4277579" lon="-82.99187349"><ele>12.0</ele></trkpt><trkpt lat="30.4277666" lon="-82.99194462"><ele>12.0</ele></trkpt><trkpt lat="30.42818803" lon="-82.99539029"><ele>12.0</ele></trkpt><trkpt lat="30.4283251" lon="-82.99560203"><ele>12.0</ele></trkpt><trkpt lat="30.4285767" lon="-82.99578742"><ele>16.86884713206373</ele></trkpt><trkpt lat="30.42861698" lon="-82.99580366"><ele>17.29984249444654</ele></trkpt><trkpt lat="30.42910303" lon="-82.99599963"><ele>12.0</ele></trkpt><trkpt lat="30.42957836" lon="-82.99631081"><ele>12.0</ele></trkpt><trkpt lat="30.4296291" lon="-82.99634403"><ele>12.0</ele></trkpt><trkpt lat="30.42965194" lon="-82.99636946"><ele>12.0</ele></trkpt><trkpt lat="30.4302235" lon="-82.99700603"><ele>12.0</ele></trkpt><trkpt lat="30.43061342" lon="-82.99783411"><ele>12.0</ele></trkpt><trkpt lat="30.4306345" lon="-82.99787889"><ele>12.0</ele></trkpt><trkpt lat="30.43031143" lon="-82.99985629"><ele>14.582566824990012</ele></trkpt><trkpt lat="30.43032309" lon="-82.99988498"><ele>13.841512160773323</ele></trkpt><trkpt lat="30.43084024" lon="-83.00115775"><ele>15.447645868989063</ele></trkpt><trkpt lat="30.43120663" lon="-83.00205949"><ele>18.028204988078745</ele></trkpt><trkpt lat="30.43133331" lon="-83.00241609"><ele>19.159903842024505</ele></trkpt><trkpt lat="30.43182624" lon="-83.00380369"><ele>12.0</ele></trkpt><trkpt lat="30.43171203" lon="-83.00467629"><ele>12.0</ele></trkpt><trkpt lat="30.4315517" lon="-83.00486163"><ele>12.0</ele></trkpt><trkpt lat="30.43111643" lon="-83.00486203"><ele>12.991698593940557</ele></trkpt><trkpt lat="30.43074983" lon="-83.00457169"><ele>12.0</ele></trkpt><trkpt lat="30.42777124" lon="-83.00446923"><ele>11.603625709656626</ele></trkpt><trkpt lat="30.42766456" lon="-83.00455516"><ele>16.304898398928344</ele></trkpt><trkpt lat="30.42690051" lon="-83.00517066"><ele>12.837111551780254</ele></trkpt><trkpt lat="30.4239921" lon="-83.00751363"><ele>11.0</ele></trkpt><trkpt lat="30.42292324" lon="-83.00961553"><ele>11.0</ele></trkpt><trkpt lat="30.42291604" lon="-83.00962969"><ele>11.0</ele></trkpt><trkpt lat="30.42329019" lon="-83.01197381"><ele>11.0</ele></trkpt><trkpt lat="30.4240889" lon="-83.01697789"><ele>11.0</ele></trkpt><trkpt lat="30.42412749" lon="-83.01709549"><ele>11.0</ele></trkpt><trkpt lat="30.4257191" lon="-83.02194649"><ele>10.0</ele></trkpt><trkpt lat="30.42833604" lon="-83.02971689"><ele>10.0</ele></trkpt><trkpt lat="30.4286801" lon="-83.03048329"><ele>10.0</ele></trkpt><trkpt lat="30.42932223" lon="-83.03135523"><ele>10.0</ele></trkpt><trkpt lat="30.4299873" lon="-83.03257082"><ele>10.873868417519322</ele></trkpt><trkpt lat="30.43049965" lon="-83.0337257"><ele>10.0</ele></trkpt><trkpt lat="30.4305149" lon="-83.03376009"><ele>10.0</ele></trkpt><trkpt lat="30.4306527" lon="-83.03431523"><ele>10.0</ele></trkpt><trkpt lat="30.4306321" lon="-83.03836022"><ele>10.0</ele></trkpt><trkpt lat="30.43057119" lon="-83.03885484"><ele>10.0</ele></trkpt><trkpt lat="30.4305637" lon="-83.03891562"><ele>10.0</ele></trkpt><trkpt lat="30.43019243" lon="-83.03977385"><ele>10.0</ele></trkpt><trkpt lat="30.42974004" lon="-83.04081963"><ele>10.0</ele></trkpt><trkpt lat="30.42973065" lon="-83.04088206"><ele>10.0</ele></trkpt><trkpt lat="30.42964863" lon="-83.04142783"><ele>10.0</ele></trkpt><trkpt lat="30.42966955" lon="-83.04199812"><ele>10.0</ele></trkpt><trkpt lat="30.42967149" lon="-83.04205094"><ele>10.0</ele></trkpt><trkpt lat="30.4296719" lon="-83.04206229"><ele>10.0</ele></trkpt><trkpt lat="30.42967462" lon="-83.04207336"><ele>10.0</ele></trkpt><trkpt lat="30.43026884" lon="-83.04449423"><ele>10.0</ele></trkpt><trkpt lat="30.4302707" lon="-83.04819549"><ele>10.0</ele></trkpt><trkpt lat="30.42942466" lon="-83.05922909"><ele>10.30783801086348</ele></trkpt><trkpt lat="30.42940504" lon="-83.05948509"><ele>10.0</ele></trkpt><trkpt lat="30.42830597" lon="-83.06109141"><ele>10.0</ele></trkpt><trkpt lat="30.4282831" lon="-83.06112483"><ele>10.0</ele></trkpt><trkpt lat="30.4278715" lon="-83.06313423"><ele>10.0</ele></trkpt><trkpt lat="30.4285831" lon="-83.06712589"><ele>10.0</ele></trkpt><trkpt lat="30.42842303" lon="-83.06786629"><ele>10.0</ele></trkpt><trkpt lat="30.4282169" lon="-83.06805143"><ele>10.0</ele></trkpt><trkpt lat="30.42711724" lon="-83.06818409"><ele>10.0</ele></trkpt><trkpt lat="30.42539903" lon="-83.06818483"><ele>10.0</ele></trkpt><trkpt lat="30.42519259" lon="-83.06828022"><ele>10.0</ele></trkpt><trkpt lat="30.42482643" lon="-83.06844943"><ele>10.0</ele></trkpt><trkpt lat="30.42466296" lon="-83.06860902"><ele>10.0</ele></trkpt><trkpt lat="30.4245285" lon="-83.06874029"><ele>10.0</ele></trkpt><trkpt lat="30.42448992" lon="-83.06882944"><ele>10.0</ele></trkpt><trkpt lat="30.4243683" lon="-83.06911049"><ele>10.0</ele></trkpt><trkpt lat="30.42429983" lon="-83.06987722"><ele>10.0</ele></trkpt><trkpt lat="30.42446043" lon="-83.07074963"><ele>10.0</ele></trkpt><trkpt lat="30.4253553" lon="-83.07524343"><ele>10.0</ele></trkpt><trkpt lat="30.4255615" lon="-83.07563983"><ele>10.0</ele></trkpt><trkpt lat="30.42606563" lon="-83.07585123"><ele>10.860458922572434</ele></trkpt><trkpt lat="30.4320457" lon="-83.07799049"><ele>10.0</ele></trkpt><trkpt lat="30.43367243" lon="-83.07817503"><ele>10.0</ele></trkpt><trkpt lat="30.43733803" lon="-83.07833242"><ele>10.0</ele></trkpt><trkpt lat="30.43775645" lon="-83.07847715"><ele>10.0</ele></trkpt><trkpt lat="30.4384835" lon="-83.07872862"><ele>9.8124123304151</ele></trkpt><trkpt lat="30.44228723" lon="-83.08137143"><ele>10.0</ele></trkpt><trkpt lat="30.44233004" lon="-83.08147016"><ele>10.0</ele></trkpt><trkpt lat="30.44236419" lon="-83.08154893"><ele>10.0</ele></trkpt><trkpt lat="30.4425165" lon="-83.08190023"><ele>11.011704492848366</ele></trkpt><trkpt lat="30.44244567" lon="-83.08255545"><ele>15.834625490941107</ele></trkpt><trkpt lat="30.44243106" lon="-83.08269053"><ele>16.22950128931552</ele></trkpt><trkpt lat="30.44242504" lon="-83.08274629"><ele>16.392208480276167</ele></trkpt><trkpt lat="30.4421959" lon="-83.08311663"><ele>12.383731586704762</ele></trkpt><trkpt lat="30.4419439" lon="-83.08327523"><ele>9.0</ele></trkpt><trkpt lat="30.44141704" lon="-83.08324903"><ele>10.174408404092997</ele></trkpt><trkpt lat="30.44006575" lon="-83.08266791"><ele>9.017098841278667</ele></trkpt><trkpt lat="30.44006523" lon="-83.08266769"><ele>9.021058954232085</ele></trkpt><trkpt lat="30.4390801" lon="-83.08274742"><ele>9.0</ele></trkpt><trkpt lat="30.4388281" lon="-83.08285323"><ele>9.426617284336333</ele></trkpt><trkpt lat="30.43839929" lon="-83.0832702"><ele>9.0</ele></trkpt><trkpt lat="30.43839303" lon="-83.08327629"><ele>9.0</ele></trkpt><trkpt lat="30.4378205" lon="-83.08441343"><ele>9.839725414291024</ele></trkpt><trkpt lat="30.43715663" lon="-83.08774489"><ele>11.124852883581717</ele></trkpt><trkpt lat="30.43713743" lon="-83.08788666"><ele>11.026599687911446</ele></trkpt><trkpt lat="30.4368593" lon="-83.08993943"><ele>9.0</ele></trkpt><trkpt lat="30.43663731" lon="-83.09500194"><ele>15.49369416351199</ele></trkpt><trkpt lat="30.43662702" lon="-83.09509011"><ele>15.628156595863402</ele></trkpt><trkpt lat="30.43623402" lon="-83.09646911"><ele>9.0</ele></trkpt><trkpt lat="30.43619103" lon="-83.09674098"><ele>9.0</ele></trkpt><trkpt lat="30.43616159" lon="-83.09692719"><ele>9.0</ele></trkpt><trkpt lat="30.43616131" lon="-83.09692901"><ele>9.0</ele></trkpt><trkpt lat="30.43614683" lon="-83.09702057"><ele>9.0</ele></trkpt><trkpt lat="30.43603102" lon="-83.09775311"><ele>9.0</ele></trkpt><trkpt lat="30.43572407" lon="-83.09957845"><ele>9.0</ele></trkpt><trkpt lat="30.43559443" lon="-83.10043069"><ele>9.0</ele></trkpt><trkpt lat="30.43523143" lon="-83.10166723"><ele>9.0</ele></trkpt><trkpt lat="30.43373249" lon="-83.10478799"><ele>9.0</ele></trkpt><trkpt lat="30.43369923" lon="-83.10485723"><ele>9.0</ele></trkpt><trkpt lat="30.43376629" lon="-83.10542635"><ele>9.0</ele></trkpt><trkpt lat="30.43385885" lon="-83.10621193"><ele>9.0</ele></trkpt><trkpt lat="30.43416278" lon="-83.10879154"><ele>9.0</ele></trkpt><trkpt lat="30.4342447" lon="-83.10948689"><ele>9.0</ele></trkpt><trkpt lat="30.43400083" lon="-83.11173609"><ele>9.0</ele></trkpt><trkpt lat="30.43381093" lon="-83.11220867"><ele>9.0</ele></trkpt><trkpt lat="30.43359995" lon="-83.11273371"><ele>9.0</ele></trkpt><trkpt lat="30.43311543" lon="-83.11393943"><ele>9.0</ele></trkpt><trkpt lat="30.43215992" lon="-83.11563447"><ele>9.0</ele></trkpt><trkpt lat="30.4317475" lon="-83.11636609"><ele>9.0</ele></trkpt><trkpt lat="30.43170155" lon="-83.11664883"><ele>9.0</ele></trkpt><trkpt lat="30.43152624" lon="-83.11772742"><ele>9.0</ele></trkpt><trkpt lat="30.43169871" lon="-83.11919267"><ele>9.0</ele></trkpt><trkpt lat="30.43174763" lon="-83.11960829"><ele>9.0</ele></trkpt><trkpt lat="30.43204569" lon="-83.12026475"><ele>9.0</ele></trkpt><trkpt lat="30.43223323" lon="-83.12067783"><ele>9.0</ele></trkpt><trkpt lat="30.43220556" lon="-83.12075871"><ele>9.0</ele></trkpt><trkpt lat="30.43131983" lon="-83.12334703"><ele>9.0</ele></trkpt><trkpt lat="30.43118685" lon="-83.12360585"><ele>9.0</ele></trkpt><trkpt lat="30.42933483" lon="-83.12721029"><ele>9.442957379855216</ele></trkpt><trkpt lat="30.42856283" lon="-83.12821642"><ele>16.0</ele></trkpt><trkpt lat="30.42779418" lon="-83.12885351"><ele>16.802086524665356</ele></trkpt><trkpt lat="30.42677889" lon="-83.12969502"><ele>17.95002810615972</ele></trkpt><trkpt lat="30.42439023" lon="-83.13167483"><ele>9.0</ele></trkpt><trkpt lat="30.42338727" lon="-83.13233372"><ele>9.643864899922344</ele></trkpt><trkpt lat="30.4226189" lon="-83.13283849"><ele>15.601247846446155</ele></trkpt><trkpt lat="30.42178161" lon="-83.13376815"><ele>13.154955300502479</ele></trkpt><trkpt lat="30.4213813" lon="-83.13421263"><ele>9.0</ele></trkpt><trkpt lat="30.42102363" lon="-83.13441629"><ele>9.0</ele></trkpt><trkpt lat="30.42077465" lon="-83.13443617"><ele>11.73241346841678</ele></trkpt><trkpt lat="30.41943657" lon="-83.13454301"><ele>9.0</ele></trkpt><trkpt lat="30.41915431" lon="-83.13456555"><ele>9.0</ele></trkpt><trkpt lat="30.4191333" lon="-83.13456723"><ele>9.0</ele></trkpt><trkpt lat="30.41889683" lon="-83.13492749"><ele>9.0</ele></trkpt><trkpt lat="30.41880963" lon="-83.13506029"><ele>9.0</ele></trkpt><trkpt lat="30.4188607" lon="-83.13549429"><ele>9.0</ele></trkpt><trkpt lat="30.41906213" lon="-83.13567169"><ele>9.0</ele></trkpt><trkpt lat="30.4191445" lon="-83.13574423"><ele>9.0</ele></trkpt><trkpt lat="30.4205863" lon="-83.13610609"><ele>9.0</ele></trkpt><trkpt lat="30.4214717" lon="-83.13714522"><ele>9.0</ele></trkpt><trkpt lat="30.42176401" lon="-83.13794258"><ele>10.488835760856936</ele></trkpt><trkpt lat="30.42180277" lon="-83.13804829"><ele>10.850649592466652</ele></trkpt><trkpt lat="30.42203343" lon="-83.13867749"><ele>9.046253574120568</ele></trkpt><trkpt lat="30.42249843" lon="-83.14155109"><ele>11.760864668525755</ele></trkpt><trkpt lat="30.42228263" lon="-83.14187983"><ele>15.0</ele></trkpt><trkpt lat="30.42126006" lon="-83.14204112"><ele>9.0</ele></trkpt><trkpt lat="30.4207839" lon="-83.14211623"><ele>10.383301252917377</ele></trkpt><trkpt lat="30.42008563" lon="-83.14266829"><ele>10.125176032073796</ele></trkpt><trkpt lat="30.4192225" lon="-83.14398309"><ele>9.978699125629412</ele></trkpt><trkpt lat="30.41872232" lon="-83.14528463"><ele>9.0</ele></trkpt><trkpt lat="30.4182367" lon="-83.14654829"><ele>14.567632559221238</ele></trkpt><trkpt lat="30.4180151" lon="-83.14884189"><ele>9.0</ele></trkpt><trkpt lat="30.4181679" lon="-83.14896075"><ele>9.0</ele></trkpt><trkpt lat="30.4188138" lon="-83.14946319"><ele>9.0</ele></trkpt><trkpt lat="30.41885223" lon="-83.14949309"><ele>9.0</ele></trkpt><trkpt lat="30.4189201" lon="-83.15007182"><ele>9.839738670648845</ele></trkpt><trkpt lat="30.41838063" lon="-83.15089349"><ele>9.0</ele></trkpt><trkpt lat="30.41787386" lon="-83.15129404"><ele>9.0</ele></trkpt><trkpt lat="30.41768223" lon="-83.15144549"><ele>10.873863712884486</ele></trkpt><trkpt lat="30.4171597" lon="-83.15241189"><ele>9.0</ele></trkpt><trkpt lat="30.4171857" lon="-83.15288258"><ele>9.0</ele></trkpt><trkpt lat="30.41727263" lon="-83.15445682"><ele>9.261982211962533</ele></trkpt><trkpt lat="30.41704216" lon="-83.1548078"><ele>16.62883773603984</ele></trkpt><trkpt lat="30.4169489" lon="-83.15494983"><ele>16.72949017584324</ele></trkpt><trkpt lat="30.41683961" lon="-83.15505638"><ele>17.0</ele></trkpt><trkpt lat="30.41359925" lon="-83.15821574"><ele>11.865443135180053</ele></trkpt><trkpt lat="30.41352984" lon="-83.15828341"><ele>11.352289984934032</ele></trkpt><trkpt lat="30.4135247" lon="-83.15828842"><ele>11.25768866110593</ele></trkpt><trkpt lat="30.41293423" lon="-83.15867609"><ele>9.0</ele></trkpt><trkpt lat="30.4102375" lon="-83.15954269"><ele>10.622347426600754</ele></trkpt><trkpt lat="30.40961303" lon="-83.15964103"><ele>9.41660726023838</ele></trkpt><trkpt lat="30.40918743" lon="-83.15926603"><ele>9.0</ele></trkpt><trkpt lat="30.40898363" lon="-83.15753029"><ele>9.0</ele></trkpt><trkpt lat="30.40909925" lon="-83.15704597"><ele>9.0</ele></trkpt><trkpt lat="30.40923943" lon="-83.15645869"><ele>9.0</ele></trkpt><trkpt lat="30.4091715" lon="-83.15588009"><ele>9.0</ele></trkpt><trkpt lat="30.40885313" lon="-83.15559966"><ele>9.0</ele></trkpt><trkpt lat="30.40865589" lon="-83.15542592"><ele>9.0</ele></trkpt><trkpt lat="30.4084621" lon="-83.15525522"><ele>12.346208876691108</ele></trkpt><trkpt lat="30.40753681" lon="-83.15564189"><ele>9.0</ele></trkpt><trkpt lat="30.40741953" lon="-83.1556909"><ele>9.0</ele></trkpt><trkpt lat="30.4067645" lon="-83.15596463"><ele>16.87948895595621</ele></trkpt><trkpt lat="30.40183843" lon="-83.15812909"><ele>15.0</ele></trkpt><trkpt lat="30.40177685" lon="-83.15826572"><ele>15.0</ele></trkpt><trkpt lat="30.40029663" lon="-83.16154949"><ele>9.0</ele></trkpt><trkpt lat="30.4000577" lon="-83.16276549"><ele>13.942401188418701</ele></trkpt><trkpt lat="30.3996599" lon="-83.16371189"><ele>15.0</ele></trkpt><trkpt lat="30.39940949" lon="-83.16400815"><ele>16.0</ele></trkpt><trkpt lat="30.39908663" lon="-83.16439014"><ele>16.75432354165241</ele></trkpt><trkpt lat="30.39865463" lon="-83.16490122"><ele>16.0</ele></trkpt><trkpt lat="30.39818903" lon="-83.16526909"><ele>15.202063852139876</ele></trkpt><trkpt lat="30.39724668" lon="-83.16535932"><ele>16.0</ele></trkpt><trkpt lat="30.39645073" lon="-83.16543552"><ele>11.185612031258643</ele></trkpt><trkpt lat="30.39622963" lon="-83.16545669"><ele>9.0</ele></trkpt><trkpt lat="30.39242866" lon="-83.16579727"><ele>9.0</ele></trkpt><trkpt lat="30.39003487" lon="-83.16601175"><ele>18.0</ele></trkpt><trkpt lat="30.38657324" lon="-83.16955006"><ele>9.0</ele></trkpt><trkpt lat="30.38525382" lon="-83.17089871"><ele>9.0</ele></trkpt><trkpt lat="30.3842761" lon="-83.1710698"><ele>20.0</ele></trkpt><trkpt lat="30.38427295" lon="-83.17107035"><ele>20.0</ele></trkpt><trkpt lat="30.3802497" lon="-83.17177439"><ele>21.0</ele></trkpt><trkpt lat="30.38024606" lon="-83.17177503"><ele>21.0</ele></trkpt><trkpt lat="30.37748841" lon="-83.17225759"><ele>23.0</ele></trkpt><trkpt lat="30.37828283" lon="-83.17390123"><ele>22.0</ele></trkpt><trkpt lat="30.37948817" lon="-83.17507918"><ele>19.0</ele></trkpt><trkpt lat="30.38184406" lon="-83.17631191"><ele>16.714940772658274</ele></trkpt><trkpt lat="30.3842567" lon="-83.17722976"><ele>9.0</ele></trkpt><trkpt lat="30.38436431" lon="-83.1772707"><ele>9.0</ele></trkpt><trkpt lat="30.3842131" lon="-83.17754858"><ele>9.0</ele></trkpt><trkpt lat="30.38321625" lon="-83.17938062"><ele>9.0</ele></trkpt><trkpt lat="30.38004664" lon="-83.18520583"><ele>9.0</ele></trkpt><trkpt lat="30.37745543" lon="-83.18914703"><ele>8.0</ele></trkpt><trkpt lat="30.37569404" lon="-83.19148509"><ele>8.0</ele></trkpt><trkpt lat="30.37431364" lon="-83.19273249"><ele>8.0</ele></trkpt><trkpt lat="30.37413917" lon="-83.19275988"><ele>8.0</ele></trkpt><trkpt lat="30.37318108" lon="-83.19291029"><ele>8.0</ele></trkpt><trkpt lat="30.3726897" lon="-83.19298742"><ele>7.389401912689209</ele></trkpt><trkpt lat="30.36810824" lon="-83.19297022"><ele>7.0</ele></trkpt><trkpt lat="30.3600405" lon="-83.19348922"><ele>7.0</ele></trkpt><trkpt lat="30.35968465" lon="-83.19352734"><ele>7.0</ele></trkpt><trkpt lat="30.35955967" lon="-83.19354073"><ele>7.0</ele></trkpt><trkpt lat="30.35768513" lon="-83.19374158"><ele>13.2805858082138</ele></trkpt><trkpt lat="30.35768013" lon="-83.19374211"><ele>13.452657135669142</ele></trkpt><trkpt lat="30.35493476" lon="-83.19403626"><ele>17.0</ele></trkpt><trkpt lat="30.35420536" lon="-83.19148339"><ele>7.0</ele></trkpt><trkpt lat="30.3506666" lon="-83.1921708"><ele>7.0</ele></trkpt><trkpt lat="30.35058824" lon="-83.19218603"><ele>7.0</ele></trkpt><trkpt lat="30.35028195" lon="-83.19293052"><ele>7.0</ele></trkpt><trkpt lat="30.34934847" lon="-83.19519956"><ele>7.0</ele></trkpt><trkpt lat="30.34890504" lon="-83.19627742"><ele>7.0</ele></trkpt><trkpt lat="30.34880783" lon="-83.19660697"><ele>7.0</ele></trkpt><trkpt lat="30.34828145" lon="-83.19839147"><ele>7.0</ele></trkpt><trkpt lat="30.34826764" lon="-83.19843829"><ele>7.0</ele></trkpt><trkpt lat="30.34828712" lon="-83.19860472"><ele>7.0</ele></trkpt><trkpt lat="30.3484707" lon="-83.20017289"><ele>7.048335302174278</ele></trkpt><trkpt lat="30.34911641" lon="-83.20074168"><ele>7.0</ele></trkpt><trkpt lat="30.34932184" lon="-83.20092262"><ele>7.0</ele></trkpt><trkpt lat="30.3493235" lon="-83.20092299"><ele>7.0</ele></trkpt><trkpt lat="30.3497135" lon="-83.20100842"><ele>7.0</ele></trkpt><trkpt lat="30.35074024" lon="-83.20217229"><ele>7.0</ele></trkpt><trkpt lat="30.3509105" lon="-83.20362652"><ele>16.0</ele></trkpt><trkpt lat="30.35102306" lon="-83.20458794"><ele>16.0</ele></trkpt><trkpt lat="30.3511295" lon="-83.20549702"><ele>7.674207839154327</ele></trkpt><trkpt lat="30.35103598" lon="-83.20606864"><ele>7.557841360569</ele></trkpt><trkpt lat="30.35076903" lon="-83.20770018"><ele>8.260194018277673</ele></trkpt><trkpt lat="30.3507587" lon="-83.20776329"><ele>8.53232324309647</ele></trkpt><trkpt lat="30.35026944" lon="-83.20901763"><ele>10.674743192621284</ele></trkpt><trkpt lat="30.35007761" lon="-83.20927203"><ele>8.23390855919888</ele></trkpt><trkpt lat="30.35000957" lon="-83.20936227"><ele>7.823110591160005</ele></trkpt><trkpt lat="30.34996488" lon="-83.20942153"><ele>7.089883364365645</ele></trkpt><trkpt lat="30.34938844" lon="-83.21018603"><ele>7.0</ele></trkpt><trkpt lat="30.34885824" lon="-83.21055334"><ele>7.0</ele></trkpt><trkpt lat="30.34690605" lon="-83.21190579"><ele>7.0</ele></trkpt><trkpt lat="30.34609364" lon="-83.21246862"><ele>7.0</ele></trkpt><trkpt lat="30.34594877" lon="-83.21249132"><ele>7.0</ele></trkpt><trkpt lat="30.34434464" lon="-83.21274263"><ele>7.0</ele></trkpt><trkpt lat="30.34404394" lon="-83.21267232"><ele>7.0225587123007545</ele></trkpt><trkpt lat="30.33793584" lon="-83.21124423"><ele>7.0</ele></trkpt><trkpt lat="30.33756504" lon="-83.21109773"><ele>7.0</ele></trkpt><trkpt lat="30.3360685" lon="-83.21050649"><ele>8.241824013646692</ele></trkpt><trkpt lat="30.33328243" lon="-83.20844089"><ele>7.0</ele></trkpt><trkpt lat="30.33168184" lon="-83.20780869"><ele>7.0</ele></trkpt><trkpt lat="30.33068243" lon="-83.20796522"><ele>7.0</ele></trkpt><trkpt lat="30.33042038" lon="-83.20812436"><ele>7.0</ele></trkpt><trkpt lat="30.32982395" lon="-83.20848655"><ele>7.0</ele></trkpt><trkpt lat="30.3293759" lon="-83.20875862"><ele>7.0</ele></trkpt><trkpt lat="30.32866833" lon="-83.20948023"><ele>7.0</ele></trkpt><trkpt lat="30.32664824" lon="-83.21154042"><ele>7.0</ele></trkpt><trkpt lat="30.3254835" lon="-83.21245862"><ele>7.0</ele></trkpt><trkpt lat="30.32356924" lon="-83.21349422"><ele>7.0</ele></trkpt><trkpt lat="30.32212084" lon="-83.21416242"><ele>7.0</ele></trkpt><trkpt lat="30.32199732" lon="-83.21418176"><ele>7.0</ele></trkpt><trkpt lat="30.32083741" lon="-83.21436335"><ele>7.0</ele></trkpt><trkpt lat="30.3204967" lon="-83.21441669"><ele>7.0</ele></trkpt><trkpt lat="30.31982124" lon="-83.21424673"><ele>7.0</ele></trkpt><trkpt lat="30.31905484" lon="-83.21405389"><ele>7.0</ele></trkpt><trkpt lat="30.3147253" lon="-83.21075889"><ele>7.0</ele></trkpt><trkpt lat="30.31309084" lon="-83.20983769"><ele>7.0</ele></trkpt><trkpt lat="30.31225403" lon="-83.20996875"><ele>7.0</ele></trkpt><trkpt lat="30.31165792" lon="-83.21006212"><ele>7.0</ele></trkpt><trkpt lat="30.31134184" lon="-83.21011162"><ele>7.0</ele></trkpt><trkpt lat="30.30966044" lon="-83.21096343"><ele>7.0</ele></trkpt><trkpt lat="30.3077461" lon="-83.21199882"><ele>7.0</ele></trkpt><trkpt lat="30.30749837" lon="-83.21237501"><ele>7.0</ele></trkpt><trkpt lat="30.30688243" lon="-83.21331032"><ele>7.0</ele></trkpt><trkpt lat="30.30666584" lon="-83.21363922"><ele>9.503350941929966</ele></trkpt><trkpt lat="30.30657879" lon="-83.21393401"><ele>10.682750219479203</ele></trkpt><trkpt lat="30.30611924" lon="-83.21549029"><ele>7.0</ele></trkpt><trkpt lat="30.30334348" lon="-83.2220761"><ele>7.0</ele></trkpt><trkpt lat="30.30333104" lon="-83.22210562"><ele>7.0</ele></trkpt><trkpt lat="30.30187468" lon="-83.22495464"><ele>7.0</ele></trkpt><trkpt lat="30.30177804" lon="-83.22514369"><ele>7.0</ele></trkpt><trkpt lat="30.3014994" lon="-83.22547037"><ele>7.0</ele></trkpt><trkpt lat="30.30035445" lon="-83.22681273"><ele>7.0</ele></trkpt><trkpt lat="30.29931664" lon="-83.22802949"><ele>7.0</ele></trkpt><trkpt lat="30.29925024" lon="-83.22808179"><ele>7.0</ele></trkpt><trkpt lat="30.2970877" lon="-83.22978534"><ele>7.0</ele></trkpt><trkpt lat="30.29652083" lon="-83.23023189"><ele>7.0</ele></trkpt><trkpt lat="30.29559579" lon="-83.23080668"><ele>7.0</ele></trkpt><trkpt lat="30.29302767" lon="-83.23240241"><ele>7.0</ele></trkpt><trkpt lat="30.2927253" lon="-83.23259029"><ele>7.0</ele></trkpt><trkpt lat="30.29270859" lon="-83.23259389"><ele>7.0</ele></trkpt><trkpt lat="30.29031088" lon="-83.23311069"><ele>7.0</ele></trkpt><trkpt lat="30.29024344" lon="-83.23312522"><ele>7.0</ele></trkpt><trkpt lat="30.29014824" lon="-83.23307608"><ele>7.0</ele></trkpt><trkpt lat="30.2874001" lon="-83.23165742"><ele>7.0</ele></trkpt><trkpt lat="30.28597504" lon="-83.23143882"><ele>6.0</ele></trkpt><trkpt lat="30.2838341" lon="-83.23162629"><ele>6.0</ele></trkpt><trkpt lat="30.27494284" lon="-83.23610389"><ele>6.0</ele></trkpt><trkpt lat="30.27449643" lon="-83.23637241"><ele>6.0</ele></trkpt><trkpt lat="30.27423802" lon="-83.23649811"><ele>6.0</ele></trkpt><trkpt lat="30.27214802" lon="-83.23775611"><ele>6.0</ele></trkpt><trkpt lat="30.26980102" lon="-83.23910011"><ele>6.0</ele></trkpt><trkpt lat="30.26821101" lon="-83.23996511"><ele>6.0</ele></trkpt><trkpt lat="30.26638976" lon="-83.24008261"><ele>6.0</ele></trkpt><trkpt lat="30.26632001" lon="-83.24008711"><ele>6.0</ele></trkpt><trkpt lat="30.26532201" lon="-83.23922911"><ele>6.0</ele></trkpt><trkpt lat="30.26498214" lon="-83.23874513"><ele>6.0</ele></trkpt><trkpt lat="30.26473002" lon="-83.23838611"><ele>6.0</ele></trkpt><trkpt lat="30.26403202" lon="-83.23766511"><ele>6.0</ele></trkpt><trkpt lat="30.26339098" lon="-83.23723305"><ele>6.0</ele></trkpt><trkpt lat="30.26289702" lon="-83.23690011"><ele>6.0</ele></trkpt><trkpt lat="30.26172064" lon="-83.23695017"><ele>6.0</ele></trkpt><trkpt lat="30.26162802" lon="-83.23695411"><ele>6.0</ele></trkpt><trkpt lat="30.26160456" lon="-83.23698566"><ele>6.0</ele></trkpt><trkpt lat="30.26085022" lon="-83.2380002"><ele>6.0</ele></trkpt><trkpt lat="30.26076701" lon="-83.23811211"><ele>6.0</ele></trkpt><trkpt lat="30.26068292" lon="-83.23850611"><ele>6.0</ele></trkpt><trkpt lat="30.26030502" lon="-83.24027661"><ele>6.0</ele></trkpt><trkpt lat="30.26031808" lon="-83.24197282"><ele>6.0</ele></trkpt><trkpt lat="30.26032301" lon="-83.24261411"><ele>6.621666410937905</ele></trkpt><trkpt lat="30.26068601" lon="-83.24720751"><ele>6.0</ele></trkpt><trkpt lat="30.25949204" lon="-83.25086762"><ele>6.0</ele></trkpt><trkpt lat="30.25926066" lon="-83.25109323"><ele>6.0</ele></trkpt><trkpt lat="30.25888088" lon="-83.25146354"><ele>6.0</ele></trkpt><trkpt lat="30.2582355" lon="-83.25209282"><ele>6.0</ele></trkpt><trkpt lat="30.25695208" lon="-83.25257527"><ele>6.0</ele></trkpt><trkpt lat="30.25666445" lon="-83.2526834"><ele>6.0</ele></trkpt><trkpt lat="30.2561185" lon="-83.25288862"><ele>6.0</ele></trkpt><trkpt lat="30.25470764" lon="-83.25322703"><ele>6.0</ele></trkpt><trkpt lat="30.2541011" lon="-83.25323402"><ele>6.0</ele></trkpt><trkpt lat="30.25386573" lon="-83.2532102"><ele>6.0</ele></trkpt><trkpt lat="30.25357624" lon="-83.25318089"><ele>6.0</ele></trkpt><trkpt lat="30.25285709" lon="-83.25318185"><ele>6.0</ele></trkpt><trkpt lat="30.2512381" lon="-83.25318402"><ele>6.293043456040323</ele></trkpt><trkpt lat="30.2504377" lon="-83.25286769"><ele>6.0</ele></trkpt><trkpt lat="30.2503267" lon="-83.25278204"><ele>6.0</ele></trkpt><trkpt lat="30.24869958" lon="-83.2515264"><ele>6.0</ele></trkpt><trkpt lat="30.2480605" lon="-83.25103323"><ele>6.0</ele></trkpt><trkpt lat="30.2477263" lon="-83.25035023"><ele>6.572152830660343</ele></trkpt><trkpt lat="30.24763065" lon="-83.24953151"><ele>6.0</ele></trkpt><trkpt lat="30.24762431" lon="-83.24947723"><ele>6.0</ele></trkpt><trkpt lat="30.24760824" lon="-83.24933962"><ele>6.0</ele></trkpt><trkpt lat="30.24803094" lon="-83.24869875"><ele>6.431779843289405</ele></trkpt><trkpt lat="30.2489675" lon="-83.24727882"><ele>6.0</ele></trkpt><trkpt lat="30.24923724" lon="-83.24682049"><ele>6.0</ele></trkpt><trkpt lat="30.2495775" lon="-83.24550402"><ele>6.0</ele></trkpt><trkpt lat="30.24955796" lon="-83.24418248"><ele>6.0</ele></trkpt><trkpt lat="30.24954064" lon="-83.24301049"><ele>6.0</ele></trkpt><trkpt lat="30.24908753" lon="-83.24268192"><ele>6.0</ele></trkpt><trkpt lat="30.2487065" lon="-83.24240562"><ele>6.0</ele></trkpt><trkpt lat="30.24840353" lon="-83.24248292"><ele>6.0</ele></trkpt><trkpt lat="30.24755297" lon="-83.24269993"><ele>6.0</ele></trkpt><trkpt lat="30.2472239" lon="-83.24278389"><ele>6.0</ele></trkpt><trkpt lat="30.2470588" lon="-83.24292996"><ele>6.0</ele></trkpt><trkpt lat="30.24692813" lon="-83.24304556"><ele>6.0</ele></trkpt><trkpt lat="30.2464167" lon="-83.24349802"><ele>6.0</ele></trkpt><trkpt lat="30.24611098" lon="-83.24410532"><ele>6.0</ele></trkpt><trkpt lat="30.24580434" lon="-83.24471445"><ele>6.0</ele></trkpt><trkpt lat="30.2456939" lon="-83.24493383"><ele>6.0</ele></trkpt><trkpt lat="30.24570978" lon="-83.24555956"><ele>6.0</ele></trkpt><trkpt lat="30.2457645" lon="-83.24771603"><ele>6.0</ele></trkpt><trkpt lat="30.24563172" lon="-83.24807277"><ele>6.0</ele></trkpt><trkpt lat="30.24557977" lon="-83.24821236"><ele>6.0</ele></trkpt><trkpt lat="30.24547404" lon="-83.24849643"><ele>6.0</ele></trkpt><trkpt lat="30.24534025" lon="-83.24869925"><ele>6.0</ele></trkpt><trkpt lat="30.24504769" lon="-83.24914278"><ele>6.0</ele></trkpt><trkpt lat="30.24493364" lon="-83.24931569"><ele>6.0</ele></trkpt><trkpt lat="30.24402328" lon="-83.25006132"><ele>6.0</ele></trkpt><trkpt lat="30.24249504" lon="-83.25131303"><ele>6.0</ele></trkpt><trkpt lat="30.24109421" lon="-83.25201097"><ele>6.0</ele></trkpt><trkpt lat="30.2394891" lon="-83.25281069"><ele>6.0</ele></trkpt><trkpt lat="30.23786464" lon="-83.25306402"><ele>6.0</ele></trkpt><trkpt lat="30.2365813" lon="-83.25297009"><ele>6.0</ele></trkpt><trkpt lat="30.23607135" lon="-83.25278415"><ele>6.0</ele></trkpt><trkpt lat="30.23454751" lon="-83.25222851"><ele>6.0</ele></trkpt><trkpt lat="30.23432204" lon="-83.25214629"><ele>6.0</ele></trkpt><trkpt lat="30.23428138" lon="-83.25211219"><ele>6.0</ele></trkpt><trkpt lat="30.23227737" lon="-83.25043141"><ele>6.0</ele></trkpt><trkpt lat="30.2312187" lon="-83.24954349"><ele>6.0</ele></trkpt><trkpt lat="30.23009104" lon="-83.24751462"><ele>6.0</ele></trkpt><trkpt lat="30.22998304" lon="-83.24707442"><ele>6.0</ele></trkpt><trkpt lat="30.22989082" lon="-83.24669849"><ele>6.0</ele></trkpt><trkpt lat="30.2291187" lon="-83.24355083"><ele>6.0</ele></trkpt><trkpt lat="30.22897567" lon="-83.2434249"><ele>6.0</ele></trkpt><trkpt lat="30.22883504" lon="-83.24330109"><ele>10.86258082324639</ele></trkpt><trkpt lat="30.22876571" lon="-83.24270809"><ele>6.0</ele></trkpt><trkpt lat="30.22870004" lon="-83.24214629"><ele>6.0</ele></trkpt><trkpt lat="30.22834884" lon="-83.24131922"><ele>6.0</ele></trkpt><trkpt lat="30.22771404" lon="-83.24024242"><ele>6.0</ele></trkpt><trkpt lat="30.22687984" lon="-83.23963769"><ele>6.0</ele></trkpt><trkpt lat="30.2265955" lon="-83.23970189"><ele>6.0</ele></trkpt><trkpt lat="30.22501144" lon="-83.24005953"><ele>6.0</ele></trkpt><trkpt lat="30.22477243" lon="-83.24011349"><ele>8.097469208174505</ele></trkpt><trkpt lat="30.2241813" lon="-83.24049969"><ele>7.127139880649526</ele></trkpt><trkpt lat="30.22347878" lon="-83.2410094"><ele>6.0</ele></trkpt><trkpt lat="30.2216009" lon="-83.24237189"><ele>6.0</ele></trkpt><trkpt lat="30.22115124" lon="-83.24261786"><ele>6.0</ele></trkpt><trkpt lat="30.21972667" lon="-83.24339712"><ele>6.0</ele></trkpt><trkpt lat="30.2189699" lon="-83.24381109"><ele>6.0</ele></trkpt><trkpt lat="30.21817458" lon="-83.24393512"><ele>6.0</ele></trkpt><trkpt lat="30.21754563" lon="-83.2440332"><ele>6.0</ele></trkpt><trkpt lat="30.2169705" lon="-83.24412289"><ele>6.0</ele></trkpt><trkpt lat="30.21658682" lon="-83.24402634"><ele>6.0</ele></trkpt><trkpt lat="30.21552844" lon="-83.24376003"><ele>6.0</ele></trkpt><trkpt lat="30.21386659" lon="-83.24408933"><ele>6.0</ele></trkpt><trkpt lat="30.21286935" lon="-83.24428693"><ele>6.0</ele></trkpt><trkpt lat="30.2120463" lon="-83.24445002"><ele>6.0</ele></trkpt><trkpt lat="30.2101143" lon="-83.24533909"><ele>6.0</ele></trkpt><trkpt lat="30.2082921" lon="-83.24663629"><ele>6.0</ele></trkpt><trkpt lat="30.20459684" lon="-83.24806162"><ele>6.0</ele></trkpt><trkpt lat="30.2031745" lon="-83.24860117"><ele>6.0</ele></trkpt><trkpt lat="30.20198331" lon="-83.24905304"><ele>6.0</ele></trkpt><trkpt lat="30.2004375" lon="-83.24963943"><ele>6.0</ele></trkpt><trkpt lat="30.1981711" lon="-83.24984569"><ele>6.0</ele></trkpt><trkpt lat="30.19606458" lon="-83.24982197"><ele>6.0</ele></trkpt><trkpt lat="30.19139079" lon="-83.24976934"><ele>6.0</ele></trkpt><trkpt lat="30.1893795" lon="-83.24974669"><ele>6.0</ele></trkpt><trkpt lat="30.18599911" lon="-83.24926359"><ele>6.0</ele></trkpt><trkpt lat="30.18446184" lon="-83.24904389"><ele>6.0</ele></trkpt><trkpt lat="30.18367824" lon="-83.24887223"><ele>6.0</ele></trkpt><trkpt lat="30.18262784" lon="-83.24859522"><ele>6.0</ele></trkpt><trkpt lat="30.17996624" lon="-83.24720687"><ele>6.0</ele></trkpt><trkpt lat="30.1796663" lon="-83.24705041"><ele>6.0</ele></trkpt><trkpt lat="30.17937544" lon="-83.24689869"><ele>6.0</ele></trkpt><trkpt lat="30.17750693" lon="-83.24534075"><ele>6.0</ele></trkpt><trkpt lat="30.1769063" lon="-83.24483995"><ele>6.0</ele></trkpt><trkpt lat="30.1765553" lon="-83.24454729"><ele>6.0</ele></trkpt><trkpt lat="30.1747855" lon="-83.24247302"><ele>6.0</ele></trkpt><trkpt lat="30.1724383" lon="-83.23916303"><ele>6.0</ele></trkpt><trkpt lat="30.17234704" lon="-83.23903422"><ele>6.0</ele></trkpt><trkpt lat="30.17129604" lon="-83.23712769"><ele>6.0</ele></trkpt><trkpt lat="30.17050679" lon="-83.23569627"><ele>6.0</ele></trkpt><trkpt lat="30.1694389" lon="-83.23375949"><ele>6.0</ele></trkpt><trkpt lat="30.16877112" lon="-83.23305333"><ele>6.0</ele></trkpt><trkpt lat="30.16858973" lon="-83.23286151"><ele>6.0</ele></trkpt><trkpt lat="30.1679865" lon="-83.23222362"><ele>6.0</ele></trkpt><trkpt lat="30.1666185" lon="-83.23140889"><ele>6.0</ele></trkpt><trkpt lat="30.16509191" lon="-83.23127339"><ele>6.0</ele></trkpt><trkpt lat="30.16499083" lon="-83.23126442"><ele>6.0</ele></trkpt><trkpt lat="30.1648181" lon="-83.23124909"><ele>6.0</ele></trkpt><trkpt lat="30.16407571" lon="-83.23139515"><ele>6.0</ele></trkpt><trkpt lat="30.16169822" lon="-83.23186291"><ele>6.0</ele></trkpt><trkpt lat="30.1612107" lon="-83.23195882"><ele>6.0</ele></trkpt><trkpt lat="30.16087398" lon="-83.23216475"><ele>6.0</ele></trkpt><trkpt lat="30.16018546" lon="-83.23258583"><ele>6.0</ele></trkpt><trkpt lat="30.15895444" lon="-83.23333869"><ele>6.0</ele></trkpt><trkpt lat="30.15840846" lon="-83.23387048"><ele>6.0</ele></trkpt><trkpt lat="30.15392824" lon="-83.23823429"><ele>6.0</ele></trkpt><trkpt lat="30.15301382" lon="-83.23856001"><ele>6.0</ele></trkpt><trkpt lat="30.15270276" lon="-83.23867081"><ele>6.0</ele></trkpt><trkpt lat="30.15246224" lon="-83.23875649"><ele>6.0</ele></trkpt><trkpt lat="30.15164484" lon="-83.23829662"><ele>6.0</ele></trkpt><trkpt lat="30.15140275" lon="-83.23796018"><ele>6.0</ele></trkpt><trkpt lat="30.1507693" lon="-83.23707982"><ele>6.0</ele></trkpt><trkpt lat="30.15036777" lon="-83.23665404"><ele>6.0</ele></trkpt><trkpt lat="30.1487093" lon="-83.23489542"><ele>6.0</ele></trkpt><trkpt lat="30.1484865" lon="-83.23466646"><ele>6.0</ele></trkpt><trkpt lat="30.1420447" lon="-83.22804669"><ele>6.0</ele></trkpt><trkpt lat="30.14142425" lon="-83.22750142"><ele>6.0</ele></trkpt><trkpt lat="30.14080567" lon="-83.22695779"><ele>6.0</ele></trkpt><trkpt lat="30.13977464" lon="-83.22605169"><ele>6.0</ele></trkpt><trkpt lat="30.13862322" lon="-83.22552107"><ele>6.0</ele></trkpt><trkpt lat="30.13760486" lon="-83.22505177"><ele>6.0</ele></trkpt><trkpt lat="30.1366803" lon="-83.22462569"><ele>6.0</ele></trkpt><trkpt lat="30.13553905" lon="-83.22464545"><ele>6.0</ele></trkpt><trkpt lat="30.13445656" lon="-83.22466419"><ele>6.0</ele></trkpt><trkpt lat="30.12715444" lon="-83.22479062"><ele>6.0</ele></trkpt><trkpt lat="30.11863844" lon="-83.22597209"><ele>6.0</ele></trkpt><trkpt lat="30.1147131" lon="-83.22614402"><ele>6.0</ele></trkpt><trkpt lat="30.11391244" lon="-83.22582849"><ele>6.0</ele></trkpt><trkpt lat="30.1124935" lon="-83.22458202"><ele>6.0</ele></trkpt><trkpt lat="30.1114119" lon="-83.22218609"><ele>6.0</ele></trkpt><trkpt lat="30.1109459" lon="-83.22115402"><ele>6.0</ele></trkpt><trkpt lat="30.11042563" lon="-83.22037065"><ele>6.0</ele></trkpt><trkpt lat="30.11032764" lon="-83.22022309"><ele>6.0</ele></trkpt><trkpt lat="30.10802344" lon="-83.21794069"><ele>5.0</ele></trkpt><trkpt lat="30.10662368" lon="-83.21702011"><ele>5.0</ele></trkpt><trkpt lat="30.10587019" lon="-83.21652456"><ele>5.0</ele></trkpt><trkpt lat="30.1056787" lon="-83.21639862"><ele>5.0</ele></trkpt><trkpt lat="30.10567056" lon="-83.21639147"><ele>5.0</ele></trkpt><trkpt lat="30.1041177" lon="-83.21502782"><ele>5.0</ele></trkpt><trkpt lat="30.1037327" lon="-83.21430815"><ele>5.0</ele></trkpt><trkpt lat="30.1034655" lon="-83.21380869"><ele>5.0</ele></trkpt><trkpt lat="30.10344928" lon="-83.21367045"><ele>5.0</ele></trkpt><trkpt lat="30.10327944" lon="-83.21222342"><ele>5.0</ele></trkpt><trkpt lat="30.10341904" lon="-83.21114809"><ele>5.0</ele></trkpt><trkpt lat="30.1043988" lon="-83.20783946"><ele>5.0</ele></trkpt><trkpt lat="30.10490037" lon="-83.2061457"><ele>5.0</ele></trkpt><trkpt lat="30.1051425" lon="-83.20532802"><ele>5.0</ele></trkpt><trkpt lat="30.10551344" lon="-83.20306862"><ele>5.0</ele></trkpt><trkpt lat="30.10556461" lon="-83.20247482"><ele>5.0</ele></trkpt><trkpt lat="30.1057827" lon="-83.19994429"><ele>5.0</ele></trkpt><trkpt lat="30.10531904" lon="-83.19708142"><ele>5.0</ele></trkpt><trkpt lat="30.10398024" lon="-83.19435529"><ele>5.0</ele></trkpt><trkpt lat="30.1018915" lon="-83.19174649"><ele>5.0</ele></trkpt><trkpt lat="30.0996205" lon="-83.18975342"><ele>5.0</ele></trkpt><trkpt lat="30.0969915" lon="-83.18796322"><ele>5.0</ele></trkpt><trkpt lat="30.0947035" lon="-83.18582622"><ele>5.0</ele></trkpt><trkpt lat="30.09436114" lon="-83.18502252"><ele>5.0</ele></trkpt><trkpt lat="30.09435184" lon="-83.18500069"><ele>5.0</ele></trkpt><trkpt lat="30.09415619" lon="-83.1833385"><ele>5.0</ele></trkpt><trkpt lat="30.0941483" lon="-83.18327149"><ele>5.0</ele></trkpt><trkpt lat="30.0944215" lon="-83.18234822"><ele>5.0</ele></trkpt><trkpt lat="30.09444903" lon="-83.18231355"><ele>5.0</ele></trkpt><trkpt lat="30.09473727" lon="-83.18195048"><ele>5.0</ele></trkpt><trkpt lat="30.09508664" lon="-83.18151043"><ele>5.0</ele></trkpt><trkpt lat="30.09585916" lon="-83.18138954"><ele>5.0</ele></trkpt><trkpt lat="30.0980863" lon="-83.18104103"><ele>5.0</ele></trkpt><trkpt lat="30.09932544" lon="-83.17967302"><ele>5.0</ele></trkpt><trkpt lat="30.10005384" lon="-83.17721082"><ele>5.0</ele></trkpt><trkpt lat="30.10000631" lon="-83.17626232"><ele>5.0</ele></trkpt><trkpt lat="30.09998401" lon="-83.17581744"><ele>5.0</ele></trkpt><trkpt lat="30.0999028" lon="-83.1741968"><ele>5.0</ele></trkpt><trkpt lat="30.09981201" lon="-83.17138221"><ele>12.0</ele></trkpt><trkpt lat="30.09981188" lon="-83.1713781"><ele>12.0</ele></trkpt><trkpt lat="30.09975309" lon="-83.16955588"><ele>5.0</ele></trkpt><trkpt lat="30.09972045" lon="-83.16854401"><ele>12.990417022101383</ele></trkpt><trkpt lat="30.10079629" lon="-83.16774975"><ele>5.0</ele></trkpt><trkpt lat="30.1035824" lon="-83.16569285"><ele>5.0</ele></trkpt><trkpt lat="30.10365504" lon="-83.16563922"><ele>5.0</ele></trkpt><trkpt lat="30.10371247" lon="-83.16563022"><ele>5.0</ele></trkpt><trkpt lat="30.1057797" lon="-83.16530629"><ele>5.0</ele></trkpt><trkpt lat="30.10821144" lon="-83.16433809"><ele>5.0</ele></trkpt><trkpt lat="30.1091433" lon="-83.16360489"><ele>5.0</ele></trkpt><trkpt lat="30.10920104" lon="-83.16351742"><ele>5.0</ele></trkpt><trkpt lat="30.10929293" lon="-83.16337812"><ele>5.0</ele></trkpt><trkpt lat="30.10976431" lon="-83.16266356"><ele>5.0</ele></trkpt><trkpt lat="30.10989924" lon="-83.16245902"><ele>5.0</ele></trkpt><trkpt lat="30.10988903" lon="-83.16227477"><ele>5.0</ele></trkpt><trkpt lat="30.10978904" lon="-83.16046878"><ele>5.0</ele></trkpt><trkpt lat="30.10978644" lon="-83.16042169"><ele>5.0</ele></trkpt><trkpt lat="30.1095295" lon="-83.15979396"><ele>5.0</ele></trkpt><trkpt lat="30.10924991" lon="-83.15911089"><ele>5.0</ele></trkpt><trkpt lat="30.1087137" lon="-83.15780089"><ele>5.0</ele></trkpt><trkpt lat="30.10758316" lon="-83.15580028"><ele>5.0</ele></trkpt><trkpt lat="30.10726604" lon="-83.15523909"><ele>5.0</ele></trkpt><trkpt lat="30.1051423" lon="-83.15234289"><ele>5.0</ele></trkpt><trkpt lat="30.1045417" lon="-83.15099447"><ele>5.0</ele></trkpt><trkpt lat="30.10438996" lon="-83.1506538"><ele>5.0</ele></trkpt><trkpt lat="30.1041035" lon="-83.15001069"><ele>5.0</ele></trkpt><trkpt lat="30.10402912" lon="-83.1495262"><ele>5.0</ele></trkpt><trkpt lat="30.10401887" lon="-83.14945937"><ele>5.0</ele></trkpt><trkpt lat="30.10355344" lon="-83.14642762"><ele>5.0</ele></trkpt><trkpt lat="30.1041331" lon="-83.14486883"><ele>5.0</ele></trkpt><trkpt lat="30.10423514" lon="-83.14424547"><ele>5.0</ele></trkpt><trkpt lat="30.10435504" lon="-83.14351302"><ele>5.0</ele></trkpt><trkpt lat="30.10427924" lon="-83.14311939"><ele>5.0</ele></trkpt><trkpt lat="30.10411011" lon="-83.14224098"><ele>5.0</ele></trkpt><trkpt lat="30.10402584" lon="-83.14180329"><ele>5.0</ele></trkpt><trkpt lat="30.10349784" lon="-83.14056522"><ele>5.0</ele></trkpt><trkpt lat="30.1026517" lon="-83.13878989"><ele>5.0</ele></trkpt><trkpt lat="30.1016577" lon="-83.13791849"><ele>5.0</ele></trkpt><trkpt lat="30.10082438" lon="-83.13748022"><ele>5.0</ele></trkpt><trkpt lat="30.0990789" lon="-83.13656222"><ele>5.0</ele></trkpt><trkpt lat="30.09794304" lon="-83.13556642"><ele>5.0</ele></trkpt><trkpt lat="30.0971649" lon="-83.13436769"><ele>5.0</ele></trkpt><trkpt lat="30.09716254" lon="-83.13435543"><ele>5.0</ele></trkpt><trkpt lat="30.09695577" lon="-83.13328194"><ele>5.0</ele></trkpt><trkpt lat="30.09683564" lon="-83.13265822"><ele>5.0</ele></trkpt><trkpt lat="30.0980799" lon="-83.13026122"><ele>5.0</ele></trkpt><trkpt lat="30.10057964" lon="-83.12663942"><ele>5.0</ele></trkpt><trkpt lat="30.10147724" lon="-83.12561762"><ele>5.0</ele></trkpt><trkpt lat="30.10353316" lon="-83.12392546"><ele>5.0</ele></trkpt><trkpt lat="30.10368144" lon="-83.12380342"><ele>5.0</ele></trkpt><trkpt lat="30.10381251" lon="-83.12360457"><ele>5.0</ele></trkpt><trkpt lat="30.10400464" lon="-83.12331307"><ele>5.0</ele></trkpt><trkpt lat="30.1045449" lon="-83.12249342"><ele>5.0</ele></trkpt><trkpt lat="30.10507324" lon="-83.12050209"><ele>5.0</ele></trkpt><trkpt lat="30.10500701" lon="-83.11994216"><ele>5.190229140792152</ele></trkpt><trkpt lat="30.10487668" lon="-83.11884025"><ele>5.0</ele></trkpt><trkpt lat="30.10476644" lon="-83.11790823"><ele>5.0</ele></trkpt><trkpt lat="30.104216" lon="-83.11681538"><ele>5.0</ele></trkpt><trkpt lat="30.10393555" lon="-83.11625858"><ele>5.0</ele></trkpt><trkpt lat="30.10360184" lon="-83.11559603"><ele>5.0</ele></trkpt><trkpt lat="30.1021475" lon="-83.11406343"><ele>5.0</ele></trkpt><trkpt lat="30.1014885" lon="-83.11387349"><ele>5.0</ele></trkpt><trkpt lat="30.09997744" lon="-83.11402309"><ele>5.0</ele></trkpt><trkpt lat="30.0982345" lon="-83.11405182"><ele>5.0</ele></trkpt><trkpt lat="30.09703803" lon="-83.11406009"><ele>5.0</ele></trkpt><trkpt lat="30.09362084" lon="-83.11408369"><ele>4.0</ele></trkpt><trkpt lat="30.09253584" lon="-83.11352062"><ele>4.0</ele></trkpt><trkpt lat="30.09220068" lon="-83.11312931"><ele>4.0</ele></trkpt><trkpt lat="30.09171293" lon="-83.11255985"><ele>4.0</ele></trkpt><trkpt lat="30.09120644" lon="-83.11196849"><ele>4.0</ele></trkpt><trkpt lat="30.09110004" lon="-83.11145689"><ele>4.0</ele></trkpt><trkpt lat="30.09091729" lon="-83.11057815"><ele>4.0</ele></trkpt><trkpt lat="30.0909109" lon="-83.11054742"><ele>4.0</ele></trkpt><trkpt lat="30.09087084" lon="-83.10805869"><ele>4.230960668925092</ele></trkpt><trkpt lat="30.09099576" lon="-83.10729374"><ele>7.313415020972731</ele></trkpt><trkpt lat="30.09116784" lon="-83.10624002"><ele>6.267972805537283</ele></trkpt><trkpt lat="30.09146124" lon="-83.10444349"><ele>4.0</ele></trkpt><trkpt lat="30.09145783" lon="-83.10320978"><ele>4.0</ele></trkpt><trkpt lat="30.09145175" lon="-83.10100249"><ele>4.0</ele></trkpt><trkpt lat="30.0914491" lon="-83.10004249"><ele>4.0</ele></trkpt><trkpt lat="30.0906419" lon="-83.09752782"><ele>4.0</ele></trkpt><trkpt lat="30.09016464" lon="-83.09672242"><ele>4.0</ele></trkpt><trkpt lat="30.08942024" lon="-83.09581229"><ele>4.0</ele></trkpt><trkpt lat="30.0890503" lon="-83.09556516"><ele>4.0</ele></trkpt><trkpt lat="30.08843263" lon="-83.09515253"><ele>4.0</ele></trkpt><trkpt lat="30.0881759" lon="-83.09498103"><ele>4.0</ele></trkpt><trkpt lat="30.0866938" lon="-83.09356204"><ele>4.0</ele></trkpt><trkpt lat="30.0865963" lon="-83.09346869"><ele>4.0</ele></trkpt><trkpt lat="30.08623012" lon="-83.09295131"><ele>4.0</ele></trkpt><trkpt lat="30.08580776" lon="-83.09235456"><ele>4.0</ele></trkpt><trkpt lat="30.08491424" lon="-83.09109209"><ele>4.0</ele></trkpt><trkpt lat="30.08453975" lon="-83.09037314"><ele>4.0</ele></trkpt><trkpt lat="30.08293623" lon="-83.08729462"><ele>4.0</ele></trkpt><trkpt lat="30.08264735" lon="-83.08402271"><ele>4.0</ele></trkpt><trkpt lat="30.08256564" lon="-83.08309722"><ele>4.0</ele></trkpt><trkpt lat="30.0827449" lon="-83.08177852"><ele>4.0</ele></trkpt><trkpt lat="30.0827695" lon="-83.08159749"><ele>4.0</ele></trkpt><trkpt lat="30.08276361" lon="-83.08152075"><ele>4.0</ele></trkpt><trkpt lat="30.0825355" lon="-83.07855262"><ele>4.0</ele></trkpt><trkpt lat="30.08264506" lon="-83.07829264"><ele>4.0</ele></trkpt><trkpt lat="30.08273424" lon="-83.07808103"><ele>4.0</ele></trkpt><trkpt lat="30.0826079" lon="-83.07487229"><ele>4.0</ele></trkpt><trkpt lat="30.08237304" lon="-83.07332344"><ele>4.0</ele></trkpt><trkpt lat="30.08209248" lon="-83.07147319"><ele>4.0</ele></trkpt><trkpt lat="30.0820211" lon="-83.07100249"><ele>4.0</ele></trkpt><trkpt lat="30.0811909" lon="-83.06937249"><ele>4.0</ele></trkpt><trkpt lat="30.0800885" lon="-83.06866589"><ele>6.035091798752546</ele></trkpt><trkpt lat="30.0778391" lon="-83.06902089"><ele>4.0</ele></trkpt><trkpt lat="30.07698144" lon="-83.06930303"><ele>4.0</ele></trkpt><trkpt lat="30.07675783" lon="-83.06953091"><ele>4.0</ele></trkpt><trkpt lat="30.0766407" lon="-83.06965029"><ele>4.0</ele></trkpt><trkpt lat="30.0751581" lon="-83.07003103"><ele>4.0</ele></trkpt><trkpt lat="30.07462478" lon="-83.07009121"><ele>4.0</ele></trkpt><trkpt lat="30.07219815" lon="-83.07036504"><ele>4.0</ele></trkpt><trkpt lat="30.0718917" lon="-83.07039963"><ele>4.0</ele></trkpt><trkpt lat="30.0703407" lon="-83.07020423"><ele>4.0</ele></trkpt><trkpt lat="30.06914998" lon="-83.06963099"><ele>4.0</ele></trkpt><trkpt lat="30.06845218" lon="-83.06929506"><ele>4.0</ele></trkpt><trkpt lat="30.0680451" lon="-83.06909909"><ele>4.0</ele></trkpt><trkpt lat="30.06759904" lon="-83.06870882"><ele>4.0</ele></trkpt><trkpt lat="30.06608794" lon="-83.06738672"><ele>4.0</ele></trkpt><trkpt lat="30.0660559" lon="-83.06735869"><ele>4.0</ele></trkpt><trkpt lat="30.06602351" lon="-83.06730944"><ele>4.0</ele></trkpt><trkpt lat="30.0649093" lon="-83.06561509"><ele>4.0</ele></trkpt><trkpt lat="30.0646573" lon="-83.06523189"><ele>4.0</ele></trkpt><trkpt lat="30.0639691" lon="-83.06372649"><ele>4.0</ele></trkpt><trkpt lat="30.06381077" lon="-83.06306381"><ele>4.0</ele></trkpt><trkpt lat="30.06295564" lon="-83.05948483"><ele>4.0</ele></trkpt><trkpt lat="30.0623617" lon="-83.05828016"><ele>4.0</ele></trkpt><trkpt lat="30.0619489" lon="-83.05744289"><ele>4.0</ele></trkpt><trkpt lat="30.06159623" lon="-83.05661829"><ele>4.0</ele></trkpt><trkpt lat="30.06151554" lon="-83.05593967"><ele>4.0</ele></trkpt><trkpt lat="30.06145924" lon="-83.05546622"><ele>4.0</ele></trkpt><trkpt lat="30.0605945" lon="-83.05354869"><ele>4.0</ele></trkpt><trkpt lat="30.0582027" lon="-83.05006942"><ele>4.0</ele></trkpt><trkpt lat="30.05727618" lon="-83.04872178"><ele>4.0</ele></trkpt><trkpt lat="30.0565913" lon="-83.04772562"><ele>4.0</ele></trkpt><trkpt lat="30.0558343" lon="-83.04564449"><ele>4.0</ele></trkpt><trkpt lat="30.05567971" lon="-83.04495679"><ele>4.0</ele></trkpt><trkpt lat="30.0552929" lon="-83.04323603"><ele>4.0</ele></trkpt><trkpt lat="30.05464333" lon="-83.04171801"><ele>4.0</ele></trkpt><trkpt lat="30.05452371" lon="-83.04143846"><ele>4.0</ele></trkpt><trkpt lat="30.05441084" lon="-83.04117469"><ele>4.0</ele></trkpt><trkpt lat="30.0537909" lon="-83.04024582"><ele>3.0</ele></trkpt><trkpt lat="30.0516419" lon="-83.03823822"><ele>3.0</ele></trkpt><trkpt lat="30.0499099" lon="-83.03748034"><ele>3.0</ele></trkpt><trkpt lat="30.0486867" lon="-83.03694509"><ele>3.0</ele></trkpt><trkpt lat="30.04827442" lon="-83.03664498"><ele>3.0</ele></trkpt><trkpt lat="30.04710477" lon="-83.03579357"><ele>3.0</ele></trkpt><trkpt lat="30.0460377" lon="-83.03501683"><ele>3.0</ele></trkpt><trkpt lat="30.04596157" lon="-83.03486253"><ele>3.0</ele></trkpt><trkpt lat="30.04573361" lon="-83.03440049"><ele>3.0</ele></trkpt><trkpt lat="30.04570204" lon="-83.03433649"><ele>3.0</ele></trkpt><trkpt lat="30.04524935" lon="-83.03136048"><ele>3.0</ele></trkpt><trkpt lat="30.0451137" lon="-83.03046869"><ele>3.0</ele></trkpt><trkpt lat="30.04453284" lon="-83.02880022"><ele>3.0</ele></trkpt><trkpt lat="30.0434005" lon="-83.02677902"><ele>3.0</ele></trkpt><trkpt lat="30.04082964" lon="-83.02337182"><ele>3.0</ele></trkpt><trkpt lat="30.0376031" lon="-83.02064782"><ele>3.0</ele></trkpt><trkpt lat="30.0357081" lon="-83.01839662"><ele>3.0</ele></trkpt><trkpt lat="30.03419243" lon="-83.01576822"><ele>3.0</ele></trkpt><trkpt lat="30.0325427" lon="-83.01368262"><ele>3.0</ele></trkpt><trkpt lat="30.0322259" lon="-83.01342915"><ele>3.0</ele></trkpt><trkpt lat="30.03080339" lon="-83.01229102"><ele>3.0</ele></trkpt><trkpt lat="30.0290231" lon="-83.01086662"><ele>3.0</ele></trkpt><trkpt lat="30.02425364" lon="-83.00824889"><ele>3.0</ele></trkpt><trkpt lat="30.02417655" lon="-83.00821485"><ele>3.0</ele></trkpt><trkpt lat="30.02342929" lon="-83.00788488"><ele>3.0</ele></trkpt><trkpt lat="30.02273498" lon="-83.0075783"><ele>3.0</ele></trkpt><trkpt lat="30.01929935" lon="-83.00606123"><ele>3.0</ele></trkpt><trkpt lat="30.0188763" lon="-83.00587442"><ele>3.0</ele></trkpt><trkpt lat="30.01833088" lon="-83.00576765"><ele>3.0</ele></trkpt><trkpt lat="30.01820204" lon="-83.00574242"><ele>3.0</ele></trkpt><trkpt lat="30.01664864" lon="-83.00534749"><ele>3.0</ele></trkpt><trkpt lat="30.01214144" lon="-83.00386202"><ele>3.0</ele></trkpt><trkpt lat="30.01095214" lon="-83.00325876"><ele>3.0</ele></trkpt><trkpt lat="30.01072034" lon="-83.00314118"><ele>3.0</ele></trkpt><trkpt lat="30.0103791" lon="-83.00296809"><ele>3.0</ele></trkpt><trkpt lat="30.01020981" lon="-83.00279301"><ele>3.0</ele></trkpt><trkpt lat="30.00891728" lon="-83.00145633"><ele>3.0</ele></trkpt><trkpt lat="30.0087807" lon="-83.00131509"><ele>3.0</ele></trkpt><trkpt lat="30.00874638" lon="-83.00123104"><ele>3.0</ele></trkpt><trkpt lat="30.00818324" lon="-82.99985222"><ele>3.0</ele></trkpt><trkpt lat="30.0078087" lon="-82.99851023"><ele>3.0</ele></trkpt><trkpt lat="30.00637044" lon="-82.99172303"><ele>3.0</ele></trkpt><trkpt lat="30.0072707" lon="-82.98762382"><ele>3.0</ele></trkpt><trkpt lat="30.0078271" lon="-82.98269642"><ele>3.0</ele></trkpt><trkpt lat="30.0076419" lon="-82.98008622"><ele>3.0</ele></trkpt><trkpt lat="30.00742185" lon="-82.97957313"><ele>3.0</ele></trkpt><trkpt lat="30.00721127" lon="-82.97908215"><ele>3.0</ele></trkpt><trkpt lat="30.0069353" lon="-82.97843869"><ele>3.0</ele></trkpt><trkpt lat="30.00661123" lon="-82.9781807"><ele>3.0</ele></trkpt><trkpt lat="30.0056195" lon="-82.9773912"><ele>3.0</ele></trkpt><trkpt lat="30.00524604" lon="-82.97709389"><ele>3.0</ele></trkpt><trkpt lat="30.00205704" lon="-82.97598729"><ele>3.0</ele></trkpt><trkpt lat="30.0013977" lon="-82.97579869"><ele>3.0</ele></trkpt><trkpt lat="30.00024614" lon="-82.97574187"><ele>3.0</ele></trkpt><trkpt lat="30.0002385" lon="-82.97574149"><ele>3.0</ele></trkpt><trkpt lat="29.9999885" lon="-82.97572923"><ele>3.0</ele></trkpt><trkpt lat="29.9981527" lon="-82.97528762"><ele>3.0</ele></trkpt><trkpt lat="29.99803609" lon="-82.97520756"><ele>3.0</ele></trkpt><trkpt lat="29.99699025" lon="-82.97448951"><ele>3.0</ele></trkpt><trkpt lat="29.99676504" lon="-82.97433489"><ele>3.0</ele></trkpt><trkpt lat="29.99671988" lon="-82.97422967"><ele>3.0</ele></trkpt><trkpt lat="29.99661775" lon="-82.97399171"><ele>3.0</ele></trkpt><trkpt lat="29.9965883" lon="-82.97392309"><ele>3.0</ele></trkpt><trkpt lat="29.99628818" lon="-82.97100547"><ele>3.0</ele></trkpt><trkpt lat="29.99581664" lon="-82.96642129"><ele>3.0</ele></trkpt><trkpt lat="29.9957713" lon="-82.96632482"><ele>3.0</ele></trkpt><trkpt lat="29.99512512" lon="-82.96494967"><ele>2.0</ele></trkpt><trkpt lat="29.99479084" lon="-82.96423829"><ele>2.0</ele></trkpt><trkpt lat="29.99471355" lon="-82.96417091"><ele>2.0</ele></trkpt><trkpt lat="29.99408628" lon="-82.963624"><ele>2.0</ele></trkpt><trkpt lat="29.99393743" lon="-82.96349422"><ele>2.0</ele></trkpt><trkpt lat="29.99353148" lon="-82.96334994"><ele>2.0</ele></trkpt><trkpt lat="29.99281021" lon="-82.96309359"><ele>2.0</ele></trkpt><trkpt lat="29.99194204" lon="-82.96278502"><ele>2.0</ele></trkpt><trkpt lat="29.99092504" lon="-82.96280003"><ele>2.0</ele></trkpt><trkpt lat="29.9905155" lon="-82.96257189"><ele>2.0</ele></trkpt><trkpt lat="29.98774062" lon="-82.96270204"><ele>2.0</ele></trkpt><trkpt lat="29.9865895" lon="-82.96275603"><ele>2.0</ele></trkpt><trkpt lat="29.98436144" lon="-82.96223049"><ele>2.0</ele></trkpt><trkpt lat="29.98046309" lon="-82.96136301"><ele>2.0</ele></trkpt><trkpt lat="29.9793379" lon="-82.96111262"><ele>2.0</ele></trkpt><trkpt lat="29.97888637" lon="-82.96109044"><ele>2.0</ele></trkpt><trkpt lat="29.9765693" lon="-82.96097662"><ele>2.0</ele></trkpt><trkpt lat="29.9721689" lon="-82.95933049"><ele>2.0</ele></trkpt><trkpt lat="29.9710001" lon="-82.95861609"><ele>2.0</ele></trkpt><trkpt lat="29.9702025" lon="-82.95787552"><ele>2.0</ele></trkpt><trkpt lat="29.9679189" lon="-82.95575523"><ele>2.0</ele></trkpt><trkpt lat="29.96750974" lon="-82.95542745"><ele>2.0</ele></trkpt><trkpt lat="29.9660869" lon="-82.95428762"><ele>2.0</ele></trkpt><trkpt lat="29.9628761" lon="-82.95406522"><ele>2.0</ele></trkpt><trkpt lat="29.96197241" lon="-82.95387115"><ele>2.0</ele></trkpt><trkpt lat="29.96130724" lon="-82.95372829"><ele>2.0</ele></trkpt><trkpt lat="29.9592175" lon="-82.95214755"><ele>2.0</ele></trkpt><trkpt lat="29.95906584" lon="-82.95203282"><ele>2.0</ele></trkpt><trkpt lat="29.9586045" lon="-82.95137329"><ele>2.0</ele></trkpt><trkpt lat="29.95838074" lon="-82.95068081"><ele>2.0</ele></trkpt><trkpt lat="29.95830317" lon="-82.95044076"><ele>2.0</ele></trkpt><trkpt lat="29.9581991" lon="-82.95011869"><ele>2.0</ele></trkpt><trkpt lat="29.95686864" lon="-82.93904522"><ele>2.0</ele></trkpt><trkpt lat="29.95692328" lon="-82.93677545"><ele>2.0</ele></trkpt><trkpt lat="29.95695364" lon="-82.93551422"><ele>2.0</ele></trkpt><trkpt lat="29.9576249" lon="-82.93262269"><ele>2.0</ele></trkpt><trkpt lat="29.95762135" lon="-82.93259315"><ele>2.0</ele></trkpt><trkpt lat="29.95745204" lon="-82.93118462"><ele>2.0</ele></trkpt><trkpt lat="29.95664173" lon="-82.93035913"><ele>2.0</ele></trkpt><trkpt lat="29.95658104" lon="-82.93029729"><ele>2.0</ele></trkpt><trkpt lat="29.95537347" lon="-82.92955178"><ele>2.0</ele></trkpt><trkpt lat="29.95536784" lon="-82.9295483"><ele>2.0</ele></trkpt><trkpt lat="29.9499765" lon="-82.92621983"><ele>2.0</ele></trkpt><trkpt lat="29.9488901" lon="-82.92566009"><ele>2.0</ele></trkpt><trkpt lat="29.94793582" lon="-82.92557087"><ele>2.0</ele></trkpt><trkpt lat="29.9477307" lon="-82.92555169"><ele>2.0</ele></trkpt><trkpt lat="29.94560984" lon="-82.92486369"><ele>2.0</ele></trkpt><trkpt lat="29.94462053" lon="-82.92419934"><ele>2.0</ele></trkpt><trkpt lat="29.9436697" lon="-82.92356082"><ele>2.0</ele></trkpt><trkpt lat="29.9427429" lon="-82.92326882"><ele>2.0</ele></trkpt><trkpt lat="29.93962493" lon="-82.92376551"><ele>2.0</ele></trkpt><trkpt lat="29.93749364" lon="-82.92410502"><ele>2.0</ele></trkpt><trkpt lat="29.9374357" lon="-82.92409262"><ele>2.0</ele></trkpt><trkpt lat="29.9367491" lon="-82.92394546"><ele>2.0</ele></trkpt><trkpt lat="29.9367091" lon="-82.92393689"><ele>2.0</ele></trkpt><trkpt lat="29.93476904" lon="-82.92263409"><ele>2.0</ele></trkpt><trkpt lat="29.93204261" lon="-82.92144751"><ele>2.0</ele></trkpt><trkpt lat="29.9303329" lon="-82.92070342"><ele>2.0</ele></trkpt><trkpt lat="29.9289581" lon="-82.92092249"><ele>2.0</ele></trkpt><trkpt lat="29.9282601" lon="-82.92147322"><ele>2.0</ele></trkpt><trkpt lat="29.9249989" lon="-82.92506929"><ele>2.0</ele></trkpt><trkpt lat="29.92488609" lon="-82.92513347"><ele>2.0</ele></trkpt><trkpt lat="29.92442872" lon="-82.92539368"><ele>2.0</ele></trkpt><trkpt lat="29.92428364" lon="-82.92547622"><ele>2.0</ele></trkpt><trkpt lat="29.92190884" lon="-82.92585442"><ele>2.0</ele></trkpt><trkpt lat="29.92176946" lon="-82.92581469"><ele>2.0</ele></trkpt><trkpt lat="29.9212493" lon="-82.92566642"><ele>2.0</ele></trkpt><trkpt lat="29.92068884" lon="-82.92517865"><ele>2.0</ele></trkpt><trkpt lat="29.92053784" lon="-82.92504722"><ele>2.0</ele></trkpt><trkpt lat="29.92052928" lon="-82.92500336"><ele>2.0</ele></trkpt><trkpt lat="29.9202051" lon="-82.92334222"><ele>2.0</ele></trkpt><trkpt lat="29.92011647" lon="-82.9231114"><ele>2.0</ele></trkpt><trkpt lat="29.92010172" lon="-82.92307297"><ele>2.0</ele></trkpt><trkpt lat="29.91983404" lon="-82.92237582"><ele>2.0</ele></trkpt><trkpt lat="29.91951261" lon="-82.9219591"><ele>2.0</ele></trkpt><trkpt lat="29.91923024" lon="-82.92159302"><ele>2.0</ele></trkpt><trkpt lat="29.91896317" lon="-82.92136062"><ele>2.0</ele></trkpt><trkpt lat="29.9176649" lon="-82.92023082"><ele>2.0</ele></trkpt><trkpt lat="29.91567405" lon="-82.91901598"><ele>2.0</ele></trkpt><trkpt lat="29.91519004" lon="-82.91872062"><ele>2.0</ele></trkpt><trkpt lat="29.91455975" lon="-82.91861806"><ele>2.0</ele></trkpt><trkpt lat="29.9142805" lon="-82.91857262"><ele>2.0</ele></trkpt><trkpt lat="29.91337678" lon="-82.918692"><ele>2.0</ele></trkpt><trkpt lat="29.9110913" lon="-82.91899389"><ele>2.0</ele></trkpt><trkpt lat="29.90992325" lon="-82.91890784"><ele>2.0</ele></trkpt><trkpt lat="29.90831944" lon="-82.91878969"><ele>2.0</ele></trkpt><trkpt lat="29.90814449" lon="-82.91863749"><ele>2.0</ele></trkpt><trkpt lat="29.90803484" lon="-82.91854209"><ele>2.0</ele></trkpt><trkpt lat="29.90766364" lon="-82.91757582"><ele>2.0</ele></trkpt><trkpt lat="29.90706108" lon="-82.91510332"><ele>2.0</ele></trkpt><trkpt lat="29.90690764" lon="-82.91447369"><ele>2.0</ele></trkpt><trkpt lat="29.90625785" lon="-82.91352249"><ele>2.0</ele></trkpt><trkpt lat="29.90582484" lon="-82.91288862"><ele>2.0</ele></trkpt><trkpt lat="29.9045581" lon="-82.91210977"><ele>2.0</ele></trkpt><trkpt lat="29.9043113" lon="-82.91195803"><ele>2.0</ele></trkpt><trkpt lat="29.90318644" lon="-82.91213722"><ele>2.0</ele></trkpt><trkpt lat="29.90236344" lon="-82.91270782"><ele>2.0</ele></trkpt><trkpt lat="29.90164444" lon="-82.91414062"><ele>2.0</ele></trkpt><trkpt lat="29.9016768" lon="-82.91440921"><ele>2.5550990980118513</ele></trkpt><trkpt lat="29.9017137" lon="-82.91471542"><ele>5.276518600567247</ele></trkpt><trkpt lat="29.9012619" lon="-82.91625209"><ele>2.0</ele></trkpt><trkpt lat="29.90081204" lon="-82.91693568"><ele>2.0</ele></trkpt><trkpt lat="29.90070933" lon="-82.91709175"><ele>2.0</ele></trkpt><trkpt lat="29.90061584" lon="-82.91723382"><ele>2.0</ele></trkpt><trkpt lat="29.90010471" lon="-82.91763698"><ele>2.0</ele></trkpt><trkpt lat="29.89988906" lon="-82.91780709"><ele>2.0</ele></trkpt><trkpt lat="29.8994525" lon="-82.91815142"><ele>2.0</ele></trkpt><trkpt lat="29.8978449" lon="-82.91855389"><ele>2.0</ele></trkpt><trkpt lat="29.8974215" lon="-82.91852475"><ele>2.0</ele></trkpt><trkpt lat="29.8965603" lon="-82.91846549"><ele>2.0</ele></trkpt><trkpt lat="29.89575844" lon="-82.91815382"><ele>2.0</ele></trkpt><trkpt lat="29.89506826" lon="-82.91772947"><ele>2.0</ele></trkpt><trkpt lat="29.89273144" lon="-82.91629269"><ele>2.0</ele></trkpt><trkpt lat="29.89215909" lon="-82.91579488"><ele>2.0</ele></trkpt><trkpt lat="29.89160063" lon="-82.91530915"><ele>2.0</ele></trkpt><trkpt lat="29.89145064" lon="-82.91517869"><ele>2.0</ele></trkpt><trkpt lat="29.8899409" lon="-82.91322249"><ele>2.0</ele></trkpt><trkpt lat="29.8899297" lon="-82.91319435"><ele>2.0</ele></trkpt><trkpt lat="29.8896117" lon="-82.91239556"><ele>2.0</ele></trkpt><trkpt lat="29.88939264" lon="-82.91184529"><ele>2.0</ele></trkpt><trkpt lat="29.88933819" lon="-82.91139372"><ele>2.0</ele></trkpt><trkpt lat="29.88921632" lon="-82.91038291"><ele>2.0</ele></trkpt><trkpt lat="29.88916743" lon="-82.90997742"><ele>2.0</ele></trkpt><trkpt lat="29.88935498" lon="-82.90969245"><ele>2.0</ele></trkpt><trkpt lat="29.8899211" lon="-82.90883222"><ele>2.0</ele></trkpt><trkpt lat="29.890391" lon="-82.90860336"><ele>2.0</ele></trkpt><trkpt lat="29.89304964" lon="-82.90730842"><ele>2.0</ele></trkpt><trkpt lat="29.8941745" lon="-82.90712909"><ele>2.0</ele></trkpt><trkpt lat="29.89456745" lon="-82.90723306"><ele>2.0</ele></trkpt><trkpt lat="29.89693804" lon="-82.90786029"><ele>2.6669210456311703</ele></trkpt><trkpt lat="29.89781304" lon="-82.90772082"><ele>2.0</ele></trkpt><trkpt lat="29.89796643" lon="-82.90760669"><ele>2.0</ele></trkpt><trkpt lat="29.89872294" lon="-82.90704377"><ele>2.0</ele></trkpt><trkpt lat="29.8995665" lon="-82.90641609"><ele>2.0</ele></trkpt><trkpt lat="29.89997939" lon="-82.90578859"><ele>2.0</ele></trkpt><trkpt lat="29.90021435" lon="-82.9054315"><ele>2.0</ele></trkpt><trkpt lat="29.9005355" lon="-82.90494342"><ele>2.0</ele></trkpt><trkpt lat="29.90087859" lon="-82.90392426"><ele>2.0</ele></trkpt><trkpt lat="29.90097457" lon="-82.90363915"><ele>2.0</ele></trkpt><trkpt lat="29.90100444" lon="-82.90355042"><ele>2.0</ele></trkpt><trkpt lat="29.90112523" lon="-82.90280378"><ele>2.0</ele></trkpt><trkpt lat="29.9013693" lon="-82.90129522"><ele>2.0</ele></trkpt><trkpt lat="29.90150848" lon="-82.89999862"><ele>2.0</ele></trkpt><trkpt lat="29.90160924" lon="-82.89905989"><ele>2.0</ele></trkpt><trkpt lat="29.90141844" lon="-82.89747909"><ele>2.0</ele></trkpt><trkpt lat="29.90071044" lon="-82.89583442"><ele>2.0</ele></trkpt><trkpt lat="29.90051762" lon="-82.89565985"><ele>2.0</ele></trkpt><trkpt lat="29.89891893" lon="-82.89421236"><ele>2.0</ele></trkpt><trkpt lat="29.89801057" lon="-82.89338991"><ele>2.0</ele></trkpt><trkpt lat="29.89713464" lon="-82.89259683"><ele>2.0</ele></trkpt><trkpt lat="29.89695372" lon="-82.89228525"><ele>2.0</ele></trkpt><trkpt lat="29.89480504" lon="-82.88858481"><ele>2.0</ele></trkpt><trkpt lat="29.8947219" lon="-82.88844163"><ele>2.0</ele></trkpt><trkpt lat="29.89429865" lon="-82.88792786"><ele>2.0</ele></trkpt><trkpt lat="29.89322904" lon="-82.88662949"><ele>2.0</ele></trkpt><trkpt lat="29.8918212" lon="-82.88540572"><ele>2.0</ele></trkpt><trkpt lat="29.8916631" lon="-82.88526829"><ele>2.0</ele></trkpt><trkpt lat="29.89060112" lon="-82.88500721"><ele>2.0</ele></trkpt><trkpt lat="29.89021884" lon="-82.88491322"><ele>2.0</ele></trkpt><trkpt lat="29.89010489" lon="-82.88493141"><ele>2.0</ele></trkpt><trkpt lat="29.88884742" lon="-82.88513215"><ele>2.0</ele></trkpt><trkpt lat="29.8885939" lon="-82.88517262"><ele>2.0</ele></trkpt><trkpt lat="29.88828755" lon="-82.88563846"><ele>2.0</ele></trkpt><trkpt lat="29.88800987" lon="-82.8860607"><ele>2.0</ele></trkpt><trkpt lat="29.88794824" lon="-82.88615443"><ele>2.0</ele></trkpt><trkpt lat="29.88806756" lon="-82.88672087"><ele>2.0</ele></trkpt><trkpt lat="29.88821086" lon="-82.8874011"><ele>2.0</ele></trkpt><trkpt lat="29.8882467" lon="-82.88757122"><ele>2.0</ele></trkpt><trkpt lat="29.89033005" lon="-82.88926362"><ele>2.0</ele></trkpt><trkpt lat="29.8905069" lon="-82.88940729"><ele>2.0</ele></trkpt><trkpt lat="29.89064011" lon="-82.89010941"><ele>2.0</ele></trkpt><trkpt lat="29.89082984" lon="-82.89110942"><ele>2.0</ele></trkpt><trkpt lat="29.8908575" lon="-82.89125522"><ele>2.0</ele></trkpt><trkpt lat="29.89065512" lon="-82.89165863"><ele>2.0</ele></trkpt><trkpt lat="29.89019595" lon="-82.89257392"><ele>2.0</ele></trkpt><trkpt lat="29.8901387" lon="-82.89268803"><ele>2.0</ele></trkpt><trkpt lat="29.89001968" lon="-82.89271985"><ele>2.0</ele></trkpt><trkpt lat="29.88897715" lon="-82.89299861"><ele>2.0</ele></trkpt><trkpt lat="29.8887811" lon="-82.89305103"><ele>2.0</ele></trkpt><trkpt lat="29.88857153" lon="-82.89293463"><ele>2.0</ele></trkpt><trkpt lat="29.88682555" lon="-82.89196494"><ele>2.0</ele></trkpt><trkpt lat="29.8863231" lon="-82.89168589"><ele>2.0</ele></trkpt><trkpt lat="29.88592093" lon="-82.8913363"><ele>2.0</ele></trkpt><trkpt lat="29.88590785" lon="-82.89132493"><ele>2.0</ele></trkpt><trkpt lat="29.88546904" lon="-82.89094349"><ele>2.0</ele></trkpt><trkpt lat="29.88517918" lon="-82.89041996"><ele>2.0</ele></trkpt><trkpt lat="29.88438728" lon="-82.88898961"><ele>2.0</ele></trkpt><trkpt lat="29.8828617" lon="-82.88623409"><ele>2.0</ele></trkpt><trkpt lat="29.88245904" lon="-82.88395542"><ele>2.0</ele></trkpt><trkpt lat="29.88249606" lon="-82.88389914"><ele>2.0287109836935997</ele></trkpt><trkpt lat="29.88321245" lon="-82.88281003"><ele>2.0</ele></trkpt><trkpt lat="29.88453524" lon="-82.88215949"><ele>2.0</ele></trkpt><trkpt lat="29.8862711" lon="-82.88071069"><ele>2.0</ele></trkpt><trkpt lat="29.88667897" lon="-82.88009058"><ele>2.0</ele></trkpt><trkpt lat="29.88689221" lon="-82.87978931"><ele>2.0</ele></trkpt><trkpt lat="29.88635879" lon="-82.87720442"><ele>2.0</ele></trkpt><trkpt lat="29.8863543" lon="-82.87718269"><ele>2.0</ele></trkpt><trkpt lat="29.88634289" lon="-82.87717393"><ele>2.0</ele></trkpt><trkpt lat="29.8854719" lon="-82.87650569"><ele>2.0</ele></trkpt><trkpt lat="29.88509044" lon="-82.87621302"><ele>2.0</ele></trkpt><trkpt lat="29.88451762" lon="-82.87608574"><ele>2.0</ele></trkpt><trkpt lat="29.8842432" lon="-82.87602477"><ele>2.0</ele></trkpt><trkpt lat="29.87972264" lon="-82.87502029"><ele>2.0</ele></trkpt><trkpt lat="29.87785734" lon="-82.87523469"><ele>2.0</ele></trkpt><trkpt lat="29.87690618" lon="-82.87534401"><ele>2.0</ele></trkpt><trkpt lat="29.87645544" lon="-82.87539582"><ele>2.0</ele></trkpt><trkpt lat="29.87529327" lon="-82.87590096"><ele>2.0</ele></trkpt><trkpt lat="29.87482593" lon="-82.87610409"><ele>2.0</ele></trkpt><trkpt lat="29.87404192" lon="-82.87644485"><ele>2.0</ele></trkpt><trkpt lat="29.87379244" lon="-82.87655329"><ele>2.0</ele></trkpt><trkpt lat="29.87245364" lon="-82.87676718"><ele>2.0</ele></trkpt><trkpt lat="29.87148142" lon="-82.8769225"><ele>2.0</ele></trkpt><trkpt lat="29.87141764" lon="-82.87693269"><ele>2.0</ele></trkpt><trkpt lat="29.8699731" lon="-82.87657769"><ele>2.0</ele></trkpt><trkpt lat="29.86827866" lon="-82.87581275"><ele>2.0</ele></trkpt><trkpt lat="29.8678169" lon="-82.87560429"><ele>2.0</ele></trkpt><trkpt lat="29.86750379" lon="-82.87565431"><ele>2.0</ele></trkpt><trkpt lat="29.86618879" lon="-82.8758644"><ele>2.0</ele></trkpt><trkpt lat="29.86594204" lon="-82.87590382"><ele>2.0</ele></trkpt><trkpt lat="29.86557684" lon="-82.8761218"><ele>2.0</ele></trkpt><trkpt lat="29.86225824" lon="-82.87810262"><ele>2.0</ele></trkpt><trkpt lat="29.85887304" lon="-82.88171749"><ele>2.0</ele></trkpt><trkpt lat="29.85786701" lon="-82.88266294"><ele>2.0</ele></trkpt><trkpt lat="29.85418204" lon="-82.88612603"><ele>2.0</ele></trkpt><trkpt lat="29.85241124" lon="-82.88728682"><ele>2.0</ele></trkpt><trkpt lat="29.8497653" lon="-82.88858722"><ele>2.0</ele></trkpt><trkpt lat="29.8457617" lon="-82.89025049"><ele>2.0</ele></trkpt><trkpt lat="29.84425348" lon="-82.89047729"><ele>2.0</ele></trkpt><trkpt lat="29.84005981" lon="-82.89110794"><ele>2.0</ele></trkpt><trkpt lat="29.83664384" lon="-82.89162162"><ele>2.0</ele></trkpt><trkpt lat="29.83609098" lon="-82.89171771"><ele>2.0</ele></trkpt><trkpt lat="29.83316164" lon="-82.89222685"><ele>2.0</ele></trkpt><trkpt lat="29.8321787" lon="-82.89239769"><ele>2.0</ele></trkpt><trkpt lat="29.83123844" lon="-82.89233337"><ele>2.0</ele></trkpt><trkpt lat="29.8303339" lon="-82.89227149"><ele>2.0</ele></trkpt><trkpt lat="29.82881873" lon="-82.89251304"><ele>2.0</ele></trkpt><trkpt lat="29.82832734" lon="-82.89259138"><ele>2.0</ele></trkpt><trkpt lat="29.8282087" lon="-82.89261029"><ele>2.0</ele></trkpt><trkpt lat="29.82814994" lon="-82.8926488"><ele>2.0</ele></trkpt><trkpt lat="29.8270281" lon="-82.89338389"><ele>2.0</ele></trkpt><trkpt lat="29.8258785" lon="-82.89546962"><ele>2.0</ele></trkpt><trkpt lat="29.82565964" lon="-82.89682149"><ele>2.0</ele></trkpt><trkpt lat="29.8256661" lon="-82.90003983"><ele>2.0</ele></trkpt><trkpt lat="29.82543109" lon="-82.90071973"><ele>2.0</ele></trkpt><trkpt lat="29.82433521" lon="-82.90389011"><ele>2.0</ele></trkpt><trkpt lat="29.8219075" lon="-82.90795509"><ele>2.0</ele></trkpt><trkpt lat="29.82102504" lon="-82.91014409"><ele>2.0</ele></trkpt><trkpt lat="29.82087904" lon="-82.91104542"><ele>2.0</ele></trkpt><trkpt lat="29.82115624" lon="-82.91334242"><ele>2.0</ele></trkpt><trkpt lat="29.8226489" lon="-82.91515349"><ele>2.0</ele></trkpt><trkpt lat="29.82378384" lon="-82.91716782"><ele>2.0</ele></trkpt><trkpt lat="29.82399544" lon="-82.91786582"><ele>2.0</ele></trkpt><trkpt lat="29.82404827" lon="-82.91853762"><ele>2.0</ele></trkpt><trkpt lat="29.82408302" lon="-82.91870811"><ele>2.0</ele></trkpt><trkpt lat="29.82414302" lon="-82.92060811"><ele>2.0</ele></trkpt><trkpt lat="29.82390801" lon="-82.92209411"><ele>2.0</ele></trkpt><trkpt lat="29.82336802" lon="-82.92382911"><ele>2.0</ele></trkpt><trkpt lat="29.82283702" lon="-82.92492711"><ele>2.0</ele></trkpt><trkpt lat="29.82230502" lon="-82.92585111"><ele>2.0</ele></trkpt><trkpt lat="29.82166637" lon="-82.92669422"><ele>2.0</ele></trkpt><trkpt lat="29.82157102" lon="-82.9268201"><ele>2.0</ele></trkpt><trkpt lat="29.82069202" lon="-82.92781711"><ele>2.0</ele></trkpt><trkpt lat="29.81966155" lon="-82.92885747"><ele>2.0</ele></trkpt><trkpt lat="29.8166983" lon="-82.93131709"><ele>2.0</ele></trkpt><trkpt lat="29.80982661" lon="-82.93517089"><ele>2.0</ele></trkpt><trkpt lat="29.80941804" lon="-82.93540002"><ele>2.0</ele></trkpt><trkpt lat="29.8075427" lon="-82.93569789"><ele>2.0</ele></trkpt><trkpt lat="29.80447987" lon="-82.93500049"><ele>2.0</ele></trkpt><trkpt lat="29.80413644" lon="-82.93492229"><ele>2.0</ele></trkpt><trkpt lat="29.80361708" lon="-82.93472062"><ele>2.0</ele></trkpt><trkpt lat="29.80306704" lon="-82.93450702"><ele>2.0</ele></trkpt><trkpt lat="29.80250944" lon="-82.93402245"><ele>2.0</ele></trkpt><trkpt lat="29.80164384" lon="-82.93327022"><ele>2.0</ele></trkpt><trkpt lat="29.8007033" lon="-82.93181049"><ele>2.0</ele></trkpt><trkpt lat="29.80063251" lon="-82.93135338"><ele>2.0</ele></trkpt><trkpt lat="29.80012844" lon="-82.92809842"><ele>2.0</ele></trkpt><trkpt lat="29.80027464" lon="-82.92719749"><ele>2.0</ele></trkpt><trkpt lat="29.80008424" lon="-82.92561862"><ele>2.0</ele></trkpt><trkpt lat="29.7987243" lon="-82.92173882"><ele>2.0</ele></trkpt><trkpt lat="29.7979607" lon="-82.92068989"><ele>2.0</ele></trkpt><trkpt lat="29.79754884" lon="-82.92033209"><ele>2.0</ele></trkpt><trkpt lat="29.79710664" lon="-82.91994809"><ele>2.0</ele></trkpt><trkpt lat="29.79684634" lon="-82.91987405"><ele>2.0</ele></trkpt><trkpt lat="29.79656104" lon="-82.91979289"><ele>2.0</ele></trkpt><trkpt lat="29.7964469" lon="-82.91976042"><ele>2.0</ele></trkpt><trkpt lat="29.79600188" lon="-82.9198312"><ele>2.0</ele></trkpt><trkpt lat="29.7955717" lon="-82.91989962"><ele>2.0</ele></trkpt><trkpt lat="29.79498124" lon="-82.92028603"><ele>2.0</ele></trkpt><trkpt lat="29.79397724" lon="-82.92146962"><ele>2.0</ele></trkpt><trkpt lat="29.79139224" lon="-82.92539109"><ele>2.0</ele></trkpt><trkpt lat="29.7884413" lon="-82.93156429"><ele>2.0</ele></trkpt><trkpt lat="29.7880017" lon="-82.93228949"><ele>2.0</ele></trkpt><trkpt lat="29.78761546" lon="-82.93292665"><ele>2.0</ele></trkpt><trkpt lat="29.78627628" lon="-82.9351358"><ele>2.0</ele></trkpt><trkpt lat="29.78589044" lon="-82.93577229"><ele>2.0</ele></trkpt><trkpt lat="29.78415344" lon="-82.93721809"><ele>2.0</ele></trkpt><trkpt lat="29.78354083" lon="-82.93739442"><ele>2.0</ele></trkpt><trkpt lat="29.77848844" lon="-82.93884869"><ele>2.0</ele></trkpt><trkpt lat="29.77728712" lon="-82.93945737"><ele>2.0</ele></trkpt><trkpt lat="29.7759665" lon="-82.94012649"><ele>2.0</ele></trkpt><trkpt lat="29.7731599" lon="-82.94115682"><ele>2.0</ele></trkpt><trkpt lat="29.77186083" lon="-82.94193382"><ele>2.0</ele></trkpt><trkpt lat="29.7714959" lon="-82.94215209"><ele>2.0</ele></trkpt><trkpt lat="29.77058204" lon="-82.94302822"><ele>2.0</ele></trkpt><trkpt lat="29.76862723" lon="-82.94568829"><ele>2.0</ele></trkpt><trkpt lat="29.7683925" lon="-82.94600769"><ele>2.0</ele></trkpt><trkpt lat="29.76822886" lon="-82.94612276"><ele>2.0</ele></trkpt><trkpt lat="29.7665129" lon="-82.94732942"><ele>2.0</ele></trkpt><trkpt lat="29.76511469" lon="-82.94771228"><ele>2.0</ele></trkpt><trkpt lat="29.7576311" lon="-82.94976142"><ele>2.0</ele></trkpt><trkpt lat="29.75650584" lon="-82.94993983"><ele>2.0</ele></trkpt><trkpt lat="29.75619343" lon="-82.94987993"><ele>2.0</ele></trkpt><trkpt lat="29.7544187" lon="-82.94953969"><ele>2.0</ele></trkpt><trkpt lat="29.75320757" lon="-82.94837957"><ele>2.0</ele></trkpt><trkpt lat="29.75297824" lon="-82.94815989"><ele>2.0</ele></trkpt><trkpt lat="29.75276684" lon="-82.94746249"><ele>2.0</ele></trkpt><trkpt lat="29.75271904" lon="-82.94600809"><ele>2.0</ele></trkpt><trkpt lat="29.7540333" lon="-82.94316802"><ele>2.0</ele></trkpt><trkpt lat="29.75389749" lon="-82.94109399"><ele>2.0</ele></trkpt><trkpt lat="29.7538817" lon="-82.94085289"><ele>2.0</ele></trkpt><trkpt lat="29.75370484" lon="-82.94044229"><ele>2.0</ele></trkpt><trkpt lat="29.75331408" lon="-82.94010293"><ele>2.0</ele></trkpt><trkpt lat="29.75293553" lon="-82.93977418"><ele>2.0</ele></trkpt><trkpt lat="29.75285084" lon="-82.93970062"><ele>2.0</ele></trkpt><trkpt lat="29.7513543" lon="-82.93891469"><ele>2.0</ele></trkpt><trkpt lat="29.7503021" lon="-82.93864309"><ele>2.0</ele></trkpt><trkpt lat="29.74994271" lon="-82.93860251"><ele>2.0</ele></trkpt><trkpt lat="29.74707244" lon="-82.93827842"><ele>1.0</ele></trkpt><trkpt lat="29.74629061" lon="-82.93836118"><ele>1.0</ele></trkpt><trkpt lat="29.7444542" lon="-82.93855555"><ele>1.0</ele></trkpt><trkpt lat="29.74430424" lon="-82.93857142"><ele>1.0</ele></trkpt><trkpt lat="29.73615446" lon="-82.94291668"><ele>1.0</ele></trkpt><trkpt lat="29.73376724" lon="-82.94418949"><ele>1.0</ele></trkpt><trkpt lat="29.73020604" lon="-82.94636189"><ele>1.0</ele></trkpt><trkpt lat="29.72937468" lon="-82.9471135"><ele>1.0</ele></trkpt><trkpt lat="29.72879555" lon="-82.94763708"><ele>1.0</ele></trkpt><trkpt lat="29.72775715" lon="-82.94857587"><ele>1.0</ele></trkpt><trkpt lat="29.72687344" lon="-82.94937482"><ele>1.0</ele></trkpt><trkpt lat="29.72634496" lon="-82.94964233"><ele>1.0</ele></trkpt><trkpt lat="29.72623079" lon="-82.94970012"><ele>1.0</ele></trkpt><trkpt lat="29.72603264" lon="-82.94980042"><ele>1.0</ele></trkpt><trkpt lat="29.72491452" lon="-82.94997763"><ele>1.0</ele></trkpt><trkpt lat="29.72489593" lon="-82.94998057"><ele>1.0</ele></trkpt><trkpt lat="29.7246571" lon="-82.95001842"><ele>1.0</ele></trkpt><trkpt lat="29.7236049" lon="-82.94974669"><ele>1.0</ele></trkpt><trkpt lat="29.72360283" lon="-82.94974489"><ele>1.0</ele></trkpt><trkpt lat="29.72289324" lon="-82.94912869"><ele>1.0</ele></trkpt><trkpt lat="29.72280486" lon="-82.94805264"><ele>1.0</ele></trkpt><trkpt lat="29.7226207" lon="-82.94581062"><ele>1.0</ele></trkpt><trkpt lat="29.72261585" lon="-82.94578501"><ele>1.0</ele></trkpt><trkpt lat="29.72227244" lon="-82.94397433"><ele>1.0</ele></trkpt><trkpt lat="29.7222709" lon="-82.94396622"><ele>1.0</ele></trkpt><trkpt lat="29.72226226" lon="-82.94395872"><ele>1.0</ele></trkpt><trkpt lat="29.72124436" lon="-82.94307497"><ele>1.0</ele></trkpt><trkpt lat="29.72113224" lon="-82.94297762"><ele>1.0</ele></trkpt><trkpt lat="29.72073927" lon="-82.94289354"><ele>1.0</ele></trkpt><trkpt lat="29.72034744" lon="-82.94280969"><ele>1.0</ele></trkpt><trkpt lat="29.71993012" lon="-82.94285724"><ele>1.0</ele></trkpt><trkpt lat="29.7192861" lon="-82.94293062"><ele>1.0</ele></trkpt><trkpt lat="29.71707884" lon="-82.94318182"><ele>1.0</ele></trkpt><trkpt lat="29.7158629" lon="-82.94366689"><ele>1.0</ele></trkpt><trkpt lat="29.71516444" lon="-82.94421602"><ele>1.0</ele></trkpt><trkpt lat="29.7147507" lon="-82.94501229"><ele>1.0</ele></trkpt><trkpt lat="29.71490624" lon="-82.94630282"><ele>1.0</ele></trkpt><trkpt lat="29.71687764" lon="-82.94891302"><ele>1.0</ele></trkpt><trkpt lat="29.72180467" lon="-82.95281696"><ele>1.0</ele></trkpt><trkpt lat="29.72194964" lon="-82.95293182"><ele>1.0</ele></trkpt><trkpt lat="29.72204204" lon="-82.95311785"><ele>1.0</ele></trkpt><trkpt lat="29.72224694" lon="-82.95353038"><ele>1.0</ele></trkpt><trkpt lat="29.7222861" lon="-82.95360922"><ele>1.0</ele></trkpt><trkpt lat="29.72231213" lon="-82.95382529"><ele>1.0</ele></trkpt><trkpt lat="29.72239885" lon="-82.95454518"><ele>1.0</ele></trkpt><trkpt lat="29.7224243" lon="-82.95475649"><ele>1.0</ele></trkpt><trkpt lat="29.72188544" lon="-82.95557249"><ele>1.0</ele></trkpt><trkpt lat="29.7210619" lon="-82.95614142"><ele>1.0</ele></trkpt><trkpt lat="29.72076343" lon="-82.95618871"><ele>1.0</ele></trkpt><trkpt lat="29.7197213" lon="-82.95635379"><ele>1.0</ele></trkpt><trkpt lat="29.71831084" lon="-82.95657722"><ele>1.0</ele></trkpt><trkpt lat="29.71806617" lon="-82.95645148"><ele>1.0</ele></trkpt><trkpt lat="29.71613724" lon="-82.95546009"><ele>1.0</ele></trkpt><trkpt lat="29.71469372" lon="-82.95412062"><ele>1.0</ele></trkpt><trkpt lat="29.71398504" lon="-82.95346302"><ele>1.0</ele></trkpt><trkpt lat="29.71331204" lon="-82.95210829"><ele>1.0</ele></trkpt><trkpt lat="29.71284144" lon="-82.94926029"><ele>1.0</ele></trkpt><trkpt lat="29.7120087" lon="-82.94763882"><ele>1.0</ele></trkpt><trkpt lat="29.71080675" lon="-82.94659535"><ele>1.0</ele></trkpt><trkpt lat="29.7105853" lon="-82.94640309"><ele>1.0</ele></trkpt><trkpt lat="29.70691042" lon="-82.94497743"><ele>1.0</ele></trkpt><trkpt lat="29.70684184" lon="-82.94495082"><ele>1.0</ele></trkpt><trkpt lat="29.70623156" lon="-82.94447166"><ele>1.0</ele></trkpt><trkpt lat="29.70529344" lon="-82.94373509"><ele>1.0</ele></trkpt><trkpt lat="29.70524915" lon="-82.94365331"><ele>1.0</ele></trkpt><trkpt lat="29.7046375" lon="-82.94252402"><ele>1.0</ele></trkpt><trkpt lat="29.70451144" lon="-82.9406481"><ele>1.0</ele></trkpt><trkpt lat="29.7043169" lon="-82.93775309"><ele>1.0</ele></trkpt><trkpt lat="29.70403868" lon="-82.93751161"><ele>1.0</ele></trkpt><trkpt lat="29.70360524" lon="-82.93713542"><ele>1.0</ele></trkpt><trkpt lat="29.70264539" lon="-82.9372876"><ele>1.0</ele></trkpt><trkpt lat="29.70260484" lon="-82.93729402"><ele>1.0</ele></trkpt><trkpt lat="29.70165624" lon="-82.93788282"><ele>1.0</ele></trkpt><trkpt lat="29.7007769" lon="-82.93904502"><ele>1.0</ele></trkpt><trkpt lat="29.69987744" lon="-82.94532402"><ele>1.0</ele></trkpt><trkpt lat="29.70006764" lon="-82.94690103"><ele>1.0</ele></trkpt><trkpt lat="29.7007579" lon="-82.94839882"><ele>1.0</ele></trkpt><trkpt lat="29.7015215" lon="-82.94944669"><ele>1.0</ele></trkpt><trkpt lat="29.70251784" lon="-82.95031162"><ele>1.0</ele></trkpt><trkpt lat="29.70286693" lon="-82.95038622"><ele>1.0</ele></trkpt><trkpt lat="29.7029103" lon="-82.95039549"><ele>1.0</ele></trkpt><trkpt lat="29.70306684" lon="-82.95057662"><ele>1.0</ele></trkpt><trkpt lat="29.70379884" lon="-82.95142362"><ele>1.0</ele></trkpt><trkpt lat="29.70388524" lon="-82.95214049"><ele>1.0</ele></trkpt><trkpt lat="29.70363104" lon="-82.95320349"><ele>1.0</ele></trkpt><trkpt lat="29.70323444" lon="-82.95414302"><ele>1.0</ele></trkpt><trkpt lat="29.7017255" lon="-82.95642742"><ele>1.0</ele></trkpt><trkpt lat="29.70083451" lon="-82.9571276"><ele>1.0</ele></trkpt><trkpt lat="29.7005613" lon="-82.95734229"><ele>1.0</ele></trkpt><trkpt lat="29.70014161" lon="-82.95740874"><ele>1.0</ele></trkpt><trkpt lat="29.69863177" lon="-82.95764778"><ele>1.0</ele></trkpt><trkpt lat="29.6984353" lon="-82.95767889"><ele>1.0</ele></trkpt><trkpt lat="29.69837198" lon="-82.95766801"><ele>1.0</ele></trkpt><trkpt lat="29.69766722" lon="-82.95754689"><ele>1.0</ele></trkpt><trkpt lat="29.69622304" lon="-82.95729869"><ele>1.0</ele></trkpt><trkpt lat="29.69551998" lon="-82.95707118"><ele>1.0</ele></trkpt><trkpt lat="29.6941011" lon="-82.95661202"><ele>1.0</ele></trkpt><trkpt lat="29.69287659" lon="-82.95654442"><ele>1.0</ele></trkpt><trkpt lat="29.69274125" lon="-82.95653695"><ele>1.0</ele></trkpt><trkpt lat="29.6920483" lon="-82.95649869"><ele>1.0</ele></trkpt><trkpt lat="29.69194717" lon="-82.9565147"><ele>1.0</ele></trkpt><trkpt lat="29.69042264" lon="-82.95675609"><ele>1.0</ele></trkpt><trkpt lat="29.6892065" lon="-82.95724082"><ele>1.0</ele></trkpt><trkpt lat="29.68682624" lon="-82.95864022"><ele>1.0</ele></trkpt><trkpt lat="29.68676011" lon="-82.95867486"><ele>1.0</ele></trkpt><trkpt lat="29.68562744" lon="-82.95926809"><ele>1.0</ele></trkpt><trkpt lat="29.68544966" lon="-82.95929623"><ele>1.0</ele></trkpt><trkpt lat="29.6843767" lon="-82.95946609"><ele>1.0</ele></trkpt><trkpt lat="29.68321664" lon="-82.95935749"><ele>1.0</ele></trkpt><trkpt lat="29.68223044" lon="-82.95850149"><ele>1.0</ele></trkpt><trkpt lat="29.68193545" lon="-82.9581102"><ele>1.0</ele></trkpt><trkpt lat="29.68169108" lon="-82.95778605"><ele>1.0</ele></trkpt><trkpt lat="29.68055104" lon="-82.95627382"><ele>1.0</ele></trkpt><trkpt lat="29.68032449" lon="-82.95607721"><ele>1.0</ele></trkpt><trkpt lat="29.67873362" lon="-82.9546965"><ele>1.0</ele></trkpt><trkpt lat="29.67855824" lon="-82.95454429"><ele>1.0</ele></trkpt><trkpt lat="29.67698844" lon="-82.95420862"><ele>1.0</ele></trkpt><trkpt lat="29.6755049" lon="-82.95458949"><ele>1.0</ele></trkpt><trkpt lat="29.67509843" lon="-82.95495776"><ele>1.0</ele></trkpt><trkpt lat="29.67383681" lon="-82.9561008"><ele>1.0</ele></trkpt><trkpt lat="29.6735515" lon="-82.95635929"><ele>1.0</ele></trkpt><trkpt lat="29.67294074" lon="-82.95718906"><ele>1.0</ele></trkpt><trkpt lat="29.6724563" lon="-82.95784722"><ele>1.0</ele></trkpt><trkpt lat="29.6716417" lon="-82.95856549"><ele>1.0</ele></trkpt><trkpt lat="29.6711843" lon="-82.95892482"><ele>1.0</ele></trkpt><trkpt lat="29.67027174" lon="-82.95906919"><ele>1.0</ele></trkpt><trkpt lat="29.6700587" lon="-82.95910289"><ele>1.0</ele></trkpt><trkpt lat="29.66989389" lon="-82.95895989"><ele>1.0</ele></trkpt><trkpt lat="29.66934627" lon="-82.95848471"><ele>1.0</ele></trkpt><trkpt lat="29.66920464" lon="-82.95836182"><ele>1.0</ele></trkpt><trkpt lat="29.66837991" lon="-82.95727998"><ele>1.0</ele></trkpt><trkpt lat="29.6677599" lon="-82.95646668"><ele>1.0</ele></trkpt><trkpt lat="29.66760909" lon="-82.95626885"><ele>1.0</ele></trkpt><trkpt lat="29.66609418" lon="-82.95428167"><ele>1.0</ele></trkpt><trkpt lat="29.66602544" lon="-82.95419149"><ele>1.0</ele></trkpt><trkpt lat="29.665411" lon="-82.95369827"><ele>1.0</ele></trkpt><trkpt lat="29.66468699" lon="-82.9531171"><ele>1.0</ele></trkpt><trkpt lat="29.6640499" lon="-82.95260569"><ele>1.0</ele></trkpt><trkpt lat="29.66291035" lon="-82.95224037"><ele>1.0</ele></trkpt><trkpt lat="29.66163513" lon="-82.95183155"><ele>1.0</ele></trkpt><trkpt lat="29.6610005" lon="-82.95162809"><ele>1.0</ele></trkpt><trkpt lat="29.6591245" lon="-82.95192502"><ele>1.0</ele></trkpt><trkpt lat="29.65872483" lon="-82.95247815"><ele>1.0</ele></trkpt><trkpt lat="29.65782281" lon="-82.95372647"><ele>1.0</ele></trkpt><trkpt lat="29.65781384" lon="-82.95373889"><ele>1.0</ele></trkpt><trkpt lat="29.65713279" lon="-82.95585837"><ele>1.0</ele></trkpt><trkpt lat="29.6570723" lon="-82.95604662"><ele>1.0</ele></trkpt><trkpt lat="29.65696652" lon="-82.95620669"><ele>1.0</ele></trkpt><trkpt lat="29.65653344" lon="-82.95686202"><ele>1.0</ele></trkpt><trkpt lat="29.65617544" lon="-82.95706469"><ele>1.0</ele></trkpt><trkpt lat="29.6544245" lon="-82.95734182"><ele>1.0</ele></trkpt><trkpt lat="29.6531009" lon="-82.95699202"><ele>1.0</ele></trkpt><trkpt lat="29.65110844" lon="-82.95660129"><ele>1.0</ele></trkpt><trkpt lat="29.64609164" lon="-82.95588602"><ele>1.0</ele></trkpt><trkpt lat="29.6436461" lon="-82.95568889"><ele>1.0</ele></trkpt><trkpt lat="29.64287844" lon="-82.95566442"><ele>1.0</ele></trkpt><trkpt lat="29.64246496" lon="-82.95575007"><ele>1.0</ele></trkpt><trkpt lat="29.6398939" lon="-82.95628262"><ele>1.0</ele></trkpt><trkpt lat="29.63826046" lon="-82.95781363"><ele>1.0</ele></trkpt><trkpt lat="29.63783264" lon="-82.95821462"><ele>1.0</ele></trkpt><trkpt lat="29.63511478" lon="-82.9621142"><ele>1.0</ele></trkpt><trkpt lat="29.6348159" lon="-82.96254302"><ele>1.0</ele></trkpt><trkpt lat="29.63269699" lon="-82.96547202"><ele>1.0</ele></trkpt><trkpt lat="29.63064842" lon="-82.96830378"><ele>1.0</ele></trkpt><trkpt lat="29.63009164" lon="-82.96907342"><ele>1.0</ele></trkpt><trkpt lat="29.6287115" lon="-82.97031342"><ele>1.0</ele></trkpt><trkpt lat="29.6285628" lon="-82.97042641"><ele>1.0</ele></trkpt><trkpt lat="29.62664033" lon="-82.97188718"><ele>1.0</ele></trkpt><trkpt lat="29.62642527" lon="-82.97205059"><ele>1.0</ele></trkpt><trkpt lat="29.62555864" lon="-82.97270909"><ele>1.0</ele></trkpt><trkpt lat="29.62535527" lon="-82.97272651"><ele>1.0</ele></trkpt><trkpt lat="29.62354004" lon="-82.97288202"><ele>1.0</ele></trkpt><trkpt lat="29.6214179" lon="-82.97219549"><ele>1.0</ele></trkpt><trkpt lat="29.6201369" lon="-82.97108429"><ele>1.0</ele></trkpt><trkpt lat="29.61887731" lon="-82.96909389"><ele>1.0</ele></trkpt><trkpt lat="29.6174539" lon="-82.96785929"><ele>1.0</ele></trkpt><trkpt lat="29.61691904" lon="-82.96765189"><ele>1.0</ele></trkpt><trkpt lat="29.6157933" lon="-82.96782969"><ele>1.0</ele></trkpt><trkpt lat="29.6149695" lon="-82.96839782"><ele>1.0</ele></trkpt><trkpt lat="29.61317524" lon="-82.97043262"><ele>1.0</ele></trkpt><trkpt lat="29.61279819" lon="-82.9710025"><ele>1.0</ele></trkpt><trkpt lat="29.6120969" lon="-82.97206242"><ele>1.0</ele></trkpt><trkpt lat="29.61062456" lon="-82.97240324"><ele>1.0</ele></trkpt><trkpt lat="29.61036757" lon="-82.97246273"><ele>1.0</ele></trkpt><trkpt lat="29.61011284" lon="-82.97252169"><ele>1.0</ele></trkpt><trkpt lat="29.60932784" lon="-82.97235382"><ele>1.0</ele></trkpt><trkpt lat="29.60917548" lon="-82.97220478"><ele>1.0</ele></trkpt><trkpt lat="29.60849528" lon="-82.97153942"><ele>1.0</ele></trkpt><trkpt lat="29.60817184" lon="-82.97122302"><ele>1.0</ele></trkpt><trkpt lat="29.60710669" lon="-82.96947301"><ele>1.0</ele></trkpt><trkpt lat="29.60403924" lon="-82.96443322"><ele>1.0</ele></trkpt><trkpt lat="29.60348526" lon="-82.96389143"><ele>1.0</ele></trkpt><trkpt lat="29.60311265" lon="-82.96352702"><ele>1.0</ele></trkpt><trkpt lat="29.60172704" lon="-82.96217189"><ele>1.0</ele></trkpt><trkpt lat="29.60038971" lon="-82.96165362"><ele>1.0</ele></trkpt><trkpt lat="29.59858836" lon="-82.9614305"><ele>1.0</ele></trkpt><trkpt lat="29.59676644" lon="-82.96120482"><ele>1.0</ele></trkpt><trkpt lat="29.59369919" lon="-82.96029035"><ele>1.0</ele></trkpt><trkpt lat="29.59340946" lon="-82.96020397"><ele>1.0</ele></trkpt><trkpt lat="29.59156543" lon="-82.95965418"><ele>1.0</ele></trkpt><trkpt lat="29.59094426" lon="-82.95897879"><ele>1.0</ele></trkpt><trkpt lat="29.59079982" lon="-82.95882174"><ele>1.0</ele></trkpt><trkpt lat="29.59072177" lon="-82.95874036"><ele>1.0</ele></trkpt><trkpt lat="29.59067077" lon="-82.95869069"><ele>1.0</ele></trkpt><trkpt lat="29.58997077" lon="-82.95802669"><ele>1.0</ele></trkpt><trkpt lat="29.58992291" lon="-82.95798238"><ele>1.0</ele></trkpt><trkpt lat="29.5898849" lon="-82.95794803"><ele>1.0</ele></trkpt><trkpt lat="29.58892019" lon="-82.95707625"><ele>1.0</ele></trkpt><trkpt lat="29.58787513" lon="-82.95613187"><ele>1.0</ele></trkpt><trkpt lat="29.58712484" lon="-82.95533587"><ele>1.0</ele></trkpt><trkpt lat="29.58697996" lon="-82.95516616"><ele>1.0</ele></trkpt><trkpt lat="29.58684177" lon="-82.95489805"><ele>1.0348817788046154</ele></trkpt><trkpt lat="29.58648677" lon="-82.95420925"><ele>3.0</ele></trkpt><trkpt lat="29.58639158" lon="-82.95385229"><ele>3.0</ele></trkpt><trkpt lat="29.58627169" lon="-82.95283999"><ele>2.6557864942856635</ele></trkpt><trkpt lat="29.58635669" lon="-82.9510829"><ele>2.0</ele></trkpt><trkpt lat="29.58650538" lon="-82.95053395"><ele>2.0</ele></trkpt><trkpt lat="29.58671058" lon="-82.95007028"><ele>2.0</ele></trkpt><trkpt lat="29.59068562" lon="-82.94646891"><ele>1.3129727146588266</ele></trkpt><trkpt lat="29.5919975" lon="-82.94528035"><ele>2.0</ele></trkpt><trkpt lat="29.59210548" lon="-82.94518252"><ele>2.0</ele></trkpt><trkpt lat="29.59220177" lon="-82.94509086"><ele>2.0</ele></trkpt><trkpt lat="29.59232246" lon="-82.944962"><ele>2.0</ele></trkpt><trkpt lat="29.59243446" lon="-82.94482553"><ele>2.0</ele></trkpt><trkpt lat="29.59253729" lon="-82.94468202"><ele>2.0</ele></trkpt><trkpt lat="29.59263052" lon="-82.94453209"><ele>2.0</ele></trkpt><trkpt lat="29.59271375" lon="-82.94437639"><ele>2.0</ele></trkpt><trkpt lat="29.59278482" lon="-82.94421988"><ele>2.0</ele></trkpt><trkpt lat="29.59343582" lon="-82.94265588"><ele>2.0</ele></trkpt><trkpt lat="29.59343761" lon="-82.94265158"><ele>2.0</ele></trkpt><trkpt lat="29.5934998" lon="-82.94248634"><ele>2.0</ele></trkpt><trkpt lat="29.59355105" lon="-82.94231739"><ele>2.0</ele></trkpt><trkpt lat="29.59358417" lon="-82.9421794"><ele>2.0</ele></trkpt><trkpt lat="29.59370549" lon="-82.93806191"><ele>2.0</ele></trkpt><trkpt lat="29.59124609" lon="-82.93727175"><ele>2.0</ele></trkpt><trkpt lat="29.59124061" lon="-82.93726999"><ele>2.0</ele></trkpt><trkpt lat="29.59123662" lon="-82.93726871"><ele>2.0</ele></trkpt><trkpt lat="29.58853016" lon="-82.93734807"><ele>2.0</ele></trkpt><trkpt lat="29.58636644" lon="-82.94052509"><ele>2.0</ele></trkpt><trkpt lat="29.58622926" lon="-82.94109796"><ele>2.0</ele></trkpt><trkpt lat="29.58611224" lon="-82.94158669"><ele>2.0</ele></trkpt><trkpt lat="29.5851421" lon="-82.94305329"><ele>2.0</ele></trkpt><trkpt lat="29.58439203" lon="-82.94360333"><ele>2.0</ele></trkpt><trkpt lat="29.5836197" lon="-82.94416969"><ele>2.0</ele></trkpt><trkpt lat="29.58359089" lon="-82.94417425"><ele>2.0</ele></trkpt><trkpt lat="29.58263416" lon="-82.94432563"><ele>2.0</ele></trkpt><trkpt lat="29.58098007" lon="-82.94458736"><ele>2.0</ele></trkpt><trkpt lat="29.58036744" lon="-82.94468429"><ele>2.0</ele></trkpt><trkpt lat="29.57989085" lon="-82.94462537"><ele>2.0</ele></trkpt><trkpt lat="29.57881444" lon="-82.94449229"><ele>2.0</ele></trkpt><trkpt lat="29.577578" lon="-82.94472078"><ele>2.0</ele></trkpt><trkpt lat="29.57371586" lon="-82.94543449"><ele>2.0</ele></trkpt><trkpt lat="29.5733277" lon="-82.94550622"><ele>2.0</ele></trkpt><trkpt lat="29.5713781" lon="-82.94625222"><ele>2.0</ele></trkpt><trkpt lat="29.57052401" lon="-82.94696076"><ele>2.0</ele></trkpt><trkpt lat="29.56964004" lon="-82.94769409"><ele>2.0</ele></trkpt><trkpt lat="29.56928495" lon="-82.94786762"><ele>2.0</ele></trkpt><trkpt lat="29.56831584" lon="-82.94834122"><ele>2.0</ele></trkpt><trkpt lat="29.56787343" lon="-82.94837711"><ele>2.0</ele></trkpt><trkpt lat="29.56525191" lon="-82.94858974"><ele>2.0</ele></trkpt><trkpt lat="29.56452844" lon="-82.94864842"><ele>2.0</ele></trkpt><trkpt lat="29.56055084" lon="-82.94738109"><ele>2.0</ele></trkpt><trkpt lat="29.56030262" lon="-82.94724372"><ele>2.0</ele></trkpt><trkpt lat="29.5601409" lon="-82.94715422"><ele>2.0</ele></trkpt><trkpt lat="29.55876484" lon="-82.94737182"><ele>2.0</ele></trkpt><trkpt lat="29.55869318" lon="-82.94741454"><ele>2.0</ele></trkpt><trkpt lat="29.55746566" lon="-82.94814637"><ele>2.0</ele></trkpt><trkpt lat="29.5570999" lon="-82.94836442"><ele>2.0</ele></trkpt><trkpt lat="29.55696332" lon="-82.9485708"><ele>2.0</ele></trkpt><trkpt lat="29.55689062" lon="-82.94868066"><ele>2.0</ele></trkpt><trkpt lat="29.55612964" lon="-82.94983049"><ele>2.0</ele></trkpt><trkpt lat="29.55554174" lon="-82.95181787"><ele>2.0</ele></trkpt><trkpt lat="29.55495284" lon="-82.95380862"><ele>2.0</ele></trkpt><trkpt lat="29.55483187" lon="-82.9545002"><ele>1.0</ele></trkpt><trkpt lat="29.55456901" lon="-82.95600306"><ele>1.0</ele></trkpt><trkpt lat="29.55438055" lon="-82.95708054"><ele>1.0</ele></trkpt><trkpt lat="29.55434944" lon="-82.95725842"><ele>1.0</ele></trkpt><trkpt lat="29.55332304" lon="-82.95931649"><ele>1.0</ele></trkpt><trkpt lat="29.5521369" lon="-82.96110822"><ele>1.0</ele></trkpt><trkpt lat="29.54813024" lon="-82.96569362"><ele>1.0</ele></trkpt><trkpt lat="29.54483646" lon="-82.9692786"><ele>1.0</ele></trkpt><trkpt lat="29.54438544" lon="-82.96976949"><ele>1.0</ele></trkpt><trkpt lat="29.54395358" lon="-82.97046182"><ele>1.0</ele></trkpt><trkpt lat="29.54359661" lon="-82.9710341"><ele>1.0</ele></trkpt><trkpt lat="29.5425693" lon="-82.97268103"><ele>1.0</ele></trkpt><trkpt lat="29.5419567" lon="-82.97394422"><ele>1.0</ele></trkpt><trkpt lat="29.54166221" lon="-82.9751107"><ele>1.0</ele></trkpt><trkpt lat="29.54161164" lon="-82.97531102"><ele>1.0</ele></trkpt><trkpt lat="29.54149401" lon="-82.9754886"><ele>1.0</ele></trkpt><trkpt lat="29.54096886" lon="-82.97628137"><ele>1.0</ele></trkpt><trkpt lat="29.54053304" lon="-82.97693929"><ele>1.0</ele></trkpt><trkpt lat="29.54000161" lon="-82.97723954"><ele>1.0</ele></trkpt><trkpt lat="29.53970623" lon="-82.97740642"><ele>1.0</ele></trkpt><trkpt lat="29.5380265" lon="-82.97835542"><ele>1.0</ele></trkpt><trkpt lat="29.53473811" lon="-82.97898393"><ele>1.0</ele></trkpt><trkpt lat="29.53419469" lon="-82.97908779"><ele>1.0</ele></trkpt><trkpt lat="29.53366504" lon="-82.97918902"><ele>1.0</ele></trkpt><trkpt lat="29.5331473" lon="-82.97912482"><ele>1.0</ele></trkpt><trkpt lat="29.53209684" lon="-82.97850893"><ele>1.0</ele></trkpt><trkpt lat="29.53177544" lon="-82.97832049"><ele>1.0</ele></trkpt><trkpt lat="29.5293725" lon="-82.97636669"><ele>1.0</ele></trkpt><trkpt lat="29.52914184" lon="-82.9761095"><ele>1.0</ele></trkpt><trkpt lat="29.52834144" lon="-82.97521709"><ele>0.0</ele></trkpt><trkpt lat="29.52675201" lon="-82.97222553"><ele>0.0</ele></trkpt><trkpt lat="29.5261973" lon="-82.97118149"><ele>0.0</ele></trkpt><trkpt lat="29.52602534" lon="-82.97104455"><ele>0.0</ele></trkpt><trkpt lat="29.52492957" lon="-82.97017192"><ele>0.0</ele></trkpt><trkpt lat="29.52436371" lon="-82.96972129"><ele>0.0</ele></trkpt><trkpt lat="29.52304351" lon="-82.96934642"><ele>0.0</ele></trkpt><trkpt lat="29.5225717" lon="-82.96942085"><ele>0.0</ele></trkpt><trkpt lat="29.5220867" lon="-82.96949737"><ele>0.0</ele></trkpt><trkpt lat="29.52104171" lon="-82.96966222"><ele>0.0</ele></trkpt><trkpt lat="29.5194671" lon="-82.97034802"><ele>0.0</ele></trkpt><trkpt lat="29.51858541" lon="-82.97097352"><ele>0.0</ele></trkpt><trkpt lat="29.5184101" lon="-82.97109789"><ele>0.0</ele></trkpt><trkpt lat="29.51808199" lon="-82.97159315"><ele>0.0</ele></trkpt><trkpt lat="29.51754731" lon="-82.97240022"><ele>0.0</ele></trkpt><trkpt lat="29.51751812" lon="-82.97255547"><ele>0.0</ele></trkpt><trkpt lat="29.51723664" lon="-82.97405282"><ele>0.0</ele></trkpt><trkpt lat="29.5174061" lon="-82.97545755"><ele>0.0</ele></trkpt><trkpt lat="29.51749551" lon="-82.97619862"><ele>0.0</ele></trkpt><trkpt lat="29.51792106" lon="-82.97690883"><ele>0.0</ele></trkpt><trkpt lat="29.51829364" lon="-82.97753062"><ele>0.0</ele></trkpt><trkpt lat="29.51837184" lon="-82.97817924"><ele>0.0</ele></trkpt><trkpt lat="29.51843805" lon="-82.97872846"><ele>0.0</ele></trkpt><trkpt lat="29.5185351" lon="-82.97953342"><ele>0.0</ele></trkpt><trkpt lat="29.51826331" lon="-82.98045089"><ele>0.0</ele></trkpt><trkpt lat="29.51740031" lon="-82.98175309"><ele>0.0</ele></trkpt><trkpt lat="29.51721362" lon="-82.98187867"><ele>0.0</ele></trkpt><trkpt lat="29.51679629" lon="-82.98215942"><ele>0.0</ele></trkpt><trkpt lat="29.51598524" lon="-82.98270502"><ele>0.0</ele></trkpt><trkpt lat="29.51555553" lon="-82.98281884"><ele>0.0</ele></trkpt><trkpt lat="29.51520883" lon="-82.98291067"><ele>0.0</ele></trkpt><trkpt lat="29.5146261" lon="-82.98306502"><ele>0.0</ele></trkpt><trkpt lat="29.51132017" lon="-82.9834491"><ele>0.0</ele></trkpt><trkpt lat="29.51110564" lon="-82.98347402"><ele>0.0</ele></trkpt><trkpt lat="29.51089506" lon="-82.98347284"><ele>0.0</ele></trkpt><trkpt lat="29.51021264" lon="-82.98346902"><ele>0.0</ele></trkpt><trkpt lat="29.50929586" lon="-82.9832588"><ele>0.0</ele></trkpt><trkpt lat="29.50794871" lon="-82.98294989"><ele>0.0</ele></trkpt><trkpt lat="29.5033009" lon="-82.98324629"><ele>0.0</ele></trkpt><trkpt lat="29.50092371" lon="-82.98362082"><ele>0.0</ele></trkpt><trkpt lat="29.5004357" lon="-82.98390248"><ele>0.0</ele></trkpt><trkpt lat="29.50024371" lon="-82.98401329"><ele>0.0</ele></trkpt><trkpt lat="29.49543564" lon="-82.98463122"><ele>0.0</ele></trkpt><trkpt lat="29.49279524" lon="-82.98388129"><ele>0.0</ele></trkpt><trkpt lat="29.4896759" lon="-82.98233249"><ele>0.0</ele></trkpt><trkpt lat="29.4874625" lon="-82.98195262"><ele>0.0</ele></trkpt><trkpt lat="29.48470984" lon="-82.98238622"><ele>0.0</ele></trkpt><trkpt lat="29.48349304" lon="-82.98286942"><ele>0.0</ele></trkpt><trkpt lat="29.48134424" lon="-82.98408209"><ele>0.0</ele></trkpt><trkpt lat="29.47976491" lon="-82.98578802"><ele>0.0</ele></trkpt><trkpt lat="29.47836684" lon="-82.98688242"><ele>0.0</ele></trkpt><trkpt lat="29.47597224" lon="-82.98711369"><ele>0.0</ele></trkpt><trkpt lat="29.47531204" lon="-82.98692629"><ele>0.0</ele></trkpt><trkpt lat="29.47404813" lon="-82.98583187"><ele>0.0</ele></trkpt><trkpt lat="29.4730341" lon="-82.98495382"><ele>0.0</ele></trkpt><trkpt lat="29.47157144" lon="-82.98445569"><ele>0.0</ele></trkpt><trkpt lat="29.47134774" lon="-82.98450472"><ele>0.0</ele></trkpt><trkpt lat="29.46921124" lon="-82.98497302"><ele>0.0</ele></trkpt><trkpt lat="29.46675197" lon="-82.98632326"><ele>0.0</ele></trkpt><trkpt lat="29.46586284" lon="-82.98681142"><ele>0.0</ele></trkpt><trkpt lat="29.46469771" lon="-82.98772329"><ele>0.0</ele></trkpt><trkpt lat="29.46351084" lon="-82.98951262"><ele>0.0</ele></trkpt><trkpt lat="29.463406" lon="-82.98983765"><ele>0.0</ele></trkpt><trkpt lat="29.46311115" lon="-82.99075175"><ele>0.0</ele></trkpt><trkpt lat="29.46276831" lon="-82.99181462"><ele>0.0</ele></trkpt><trkpt lat="29.46269044" lon="-82.99328369"><ele>0.0</ele></trkpt><trkpt lat="29.4634992" lon="-82.99813866"><ele>0.0</ele></trkpt><trkpt lat="29.46361271" lon="-82.99882002"><ele>0.0</ele></trkpt><trkpt lat="29.4633657" lon="-82.99984729"><ele>0.0</ele></trkpt><trkpt lat="29.46335791" lon="-82.99987982"><ele>0.0</ele></trkpt><trkpt lat="29.46292624" lon="-83.00053042"><ele>0.0</ele></trkpt><trkpt lat="29.46195964" lon="-83.00097382"><ele>0.0</ele></trkpt><trkpt lat="29.45898281" lon="-83.00122722"><ele>0.0</ele></trkpt><trkpt lat="29.45792084" lon="-83.00131762"><ele>0.0</ele></trkpt><trkpt lat="29.45598751" lon="-83.00220422"><ele>0.0</ele></trkpt><trkpt lat="29.45367424" lon="-83.00417022"><ele>0.0</ele></trkpt><trkpt lat="29.45279224" lon="-83.00538248"><ele>0.0</ele></trkpt><trkpt lat="29.4498453" lon="-83.00943289"><ele>0.0</ele></trkpt><trkpt lat="29.44894598" lon="-83.01027789"><ele>0.0</ele></trkpt><trkpt lat="29.44838814" lon="-83.01080202"><ele>0.0</ele></trkpt><trkpt lat="29.44686704" lon="-83.01223122"><ele>0.0</ele></trkpt><trkpt lat="29.44615064" lon="-83.01263502"><ele>0.0</ele></trkpt><trkpt lat="29.44614786" lon="-83.01263546"><ele>0.0</ele></trkpt><trkpt lat="29.4453029" lon="-83.01276819"><ele>0.0</ele></trkpt><trkpt lat="29.4440231" lon="-83.01296922"><ele>0.0</ele></trkpt><trkpt lat="29.44273685" lon="-83.01271492"><ele>0.0</ele></trkpt><trkpt lat="29.44114951" lon="-83.01240109"><ele>0.0</ele></trkpt><trkpt lat="29.43941471" lon="-83.01281922"><ele>0.0</ele></trkpt><trkpt lat="29.43742491" lon="-83.01429669"><ele>0.0</ele></trkpt><trkpt lat="29.43586945" lon="-83.01614384"><ele>0.0</ele></trkpt><trkpt lat="29.43318551" lon="-83.01933109"><ele>0.0</ele></trkpt><trkpt lat="29.43194651" lon="-83.02069049"><ele>0.0</ele></trkpt><trkpt lat="29.43088904" lon="-83.02143889"><ele>0.0</ele></trkpt><trkpt lat="29.43033752" lon="-83.02149359"><ele>0.0</ele></trkpt><trkpt lat="29.42922309" lon="-83.02160411"><ele>0.0</ele></trkpt><trkpt lat="29.42836884" lon="-83.02168882"><ele>0.0</ele></trkpt><trkpt lat="29.42754911" lon="-83.02123502"><ele>0.0</ele></trkpt><trkpt lat="29.42569864" lon="-83.01963249"><ele>0.0</ele></trkpt><trkpt lat="29.42413591" lon="-83.01733999"><ele>0.0</ele></trkpt><trkpt lat="29.42399511" lon="-83.01713342"><ele>0.0</ele></trkpt><trkpt lat="29.42257151" lon="-83.01590082"><ele>0.0</ele></trkpt><trkpt lat="29.4220365" lon="-83.01569362"><ele>0.0</ele></trkpt><trkpt lat="29.42003411" lon="-83.01600789"><ele>0.0</ele></trkpt><trkpt lat="29.41990311" lon="-83.01620516"><ele>0.0</ele></trkpt><trkpt lat="29.41873884" lon="-83.01795842"><ele>0.0</ele></trkpt><trkpt lat="29.41880946" lon="-83.01854515"><ele>0.0</ele></trkpt><trkpt lat="29.41885924" lon="-83.01895869"><ele>0.0</ele></trkpt><trkpt lat="29.41924002" lon="-83.01995705"><ele>0.0</ele></trkpt><trkpt lat="29.4205359" lon="-83.02335469"><ele>0.0</ele></trkpt><trkpt lat="29.42069071" lon="-83.02464082"><ele>0.0</ele></trkpt><trkpt lat="29.42017825" lon="-83.02550296"><ele>0.0</ele></trkpt><trkpt lat="29.41973631" lon="-83.02624649"><ele>0.0</ele></trkpt><trkpt lat="29.41949525" lon="-83.02646764"><ele>0.0</ele></trkpt><trkpt lat="29.4191621" lon="-83.02677329"><ele>0.0</ele></trkpt><trkpt lat="29.41907006" lon="-83.02678773"><ele>0.0</ele></trkpt><trkpt lat="29.41762696" lon="-83.02701408"><ele>0.0</ele></trkpt><trkpt lat="29.41753511" lon="-83.02702849"><ele>0.0</ele></trkpt><trkpt lat="29.41688368" lon="-83.02646436"><ele>0.0</ele></trkpt><trkpt lat="29.41639103" lon="-83.02603773"><ele>0.0</ele></trkpt><trkpt lat="29.41625404" lon="-83.02591909"><ele>0.0</ele></trkpt><trkpt lat="29.41616809" lon="-83.0256452"><ele>0.0</ele></trkpt><trkpt lat="29.41542671" lon="-83.02328269"><ele>0.0</ele></trkpt><trkpt lat="29.41465712" lon="-83.02253108"><ele>0.0</ele></trkpt><trkpt lat="29.41428692" lon="-83.02216953"><ele>0.0</ele></trkpt><trkpt lat="29.4142707" lon="-83.02215369"><ele>0.0</ele></trkpt><trkpt lat="29.41332584" lon="-83.02171962"><ele>0.0</ele></trkpt><trkpt lat="29.41311095" lon="-83.02177016"><ele>0.0</ele></trkpt><trkpt lat="29.41146571" lon="-83.02215709"><ele>0.0</ele></trkpt><trkpt lat="29.41114426" lon="-83.02246315"><ele>0.0</ele></trkpt><trkpt lat="29.4105505" lon="-83.02302849"><ele>0.0</ele></trkpt><trkpt lat="29.40979484" lon="-83.02416609"><ele>0.0</ele></trkpt><trkpt lat="29.40845538" lon="-83.02542354"><ele>0.0</ele></trkpt><trkpt lat="29.40830531" lon="-83.02556442"><ele>0.0</ele></trkpt><trkpt lat="29.4055691" lon="-83.02613909"><ele>0.0</ele></trkpt><trkpt lat="29.40492611" lon="-83.02609429"><ele>0.0</ele></trkpt><trkpt lat="29.40207431" lon="-83.02464922"><ele>0.0</ele></trkpt><trkpt lat="29.40138404" lon="-83.02409334"><ele>0.0</ele></trkpt><trkpt lat="29.39995624" lon="-83.02294349"><ele>0.0</ele></trkpt><trkpt lat="29.39857944" lon="-83.02315942"><ele>0.0</ele></trkpt><trkpt lat="29.39845802" lon="-83.02332146"><ele>0.0</ele></trkpt><trkpt lat="29.39843938" lon="-83.02334633"><ele>0.0</ele></trkpt><trkpt lat="29.39759064" lon="-83.02447902"><ele>0.0</ele></trkpt><trkpt lat="29.3972103" lon="-83.02555749"><ele>0.0</ele></trkpt><trkpt lat="29.39802791" lon="-83.03023269"><ele>0.0</ele></trkpt><trkpt lat="29.39813339" lon="-83.03177922"><ele>0.0</ele></trkpt><trkpt lat="29.3981949" lon="-83.03268103"><ele>0.0</ele></trkpt><trkpt lat="29.39709804" lon="-83.03416289"><ele>0.0</ele></trkpt><trkpt lat="29.3954709" lon="-83.03441782"><ele>0.0</ele></trkpt><trkpt lat="29.39369483" lon="-83.03384378"><ele>0.0</ele></trkpt><trkpt lat="29.39334804" lon="-83.03373169"><ele>0.0</ele></trkpt><trkpt lat="29.39261869" lon="-83.03362299"><ele>0.0</ele></trkpt><trkpt lat="29.3919197" lon="-83.03351882"><ele>0.0</ele></trkpt><trkpt lat="29.3912013" lon="-83.03363137"><ele>0.0</ele></trkpt><trkpt lat="29.39079331" lon="-83.03369529"><ele>0.0</ele></trkpt><trkpt lat="29.3892349" lon="-83.03452169"><ele>0.0</ele></trkpt><trkpt lat="29.38359024" lon="-83.04166382"><ele>-1.0</ele></trkpt><trkpt lat="29.38187631" lon="-83.04394937"><ele>-1.0</ele></trkpt><trkpt lat="29.38048174" lon="-83.04580907"><ele>-1.0</ele></trkpt><trkpt lat="29.37963364" lon="-83.04694002"><ele>-1.0</ele></trkpt><trkpt lat="29.37850924" lon="-83.05031742"><ele>-1.0</ele></trkpt><trkpt lat="29.37824884" lon="-83.05239542"><ele>-1.0</ele></trkpt><trkpt lat="29.37850776" lon="-83.05455055"><ele>-1.0</ele></trkpt><trkpt lat="29.37859204" lon="-83.05525209"><ele>-1.0</ele></trkpt><trkpt lat="29.37848134" lon="-83.05556566"><ele>-1.0</ele></trkpt><trkpt lat="29.37783084" lon="-83.05740829"><ele>-1.0</ele></trkpt><trkpt lat="29.37687191" lon="-83.05952538"><ele>-1.0</ele></trkpt><trkpt lat="29.37591564" lon="-83.06163662"><ele>-1.0</ele></trkpt><trkpt lat="29.37397111" lon="-83.06455969"><ele>-1.0</ele></trkpt><trkpt lat="29.37271424" lon="-83.06577469"><ele>-1.0</ele></trkpt><trkpt lat="29.37199744" lon="-83.06617769"><ele>-1.0</ele></trkpt><trkpt lat="29.36999471" lon="-83.06649062"><ele>-1.0</ele></trkpt><trkpt lat="29.3686915" lon="-83.06625782"><ele>-1.0</ele></trkpt><trkpt lat="29.36671624" lon="-83.06467502"><ele>-1.0</ele></trkpt><trkpt lat="29.36659549" lon="-83.0642774"><ele>-1.0</ele></trkpt><trkpt lat="29.36650531" lon="-83.06398042"><ele>-1.0</ele></trkpt><trkpt lat="29.36493984" lon="-83.06262469"><ele>-1.0</ele></trkpt><trkpt lat="29.36451631" lon="-83.06249163"><ele>-1.0</ele></trkpt><trkpt lat="29.36402042" lon="-83.06233584"><ele>-1.0</ele></trkpt><trkpt lat="29.3640121" lon="-83.06233322"><ele>-1.0</ele></trkpt><trkpt lat="29.36238484" lon="-83.06258749"><ele>-1.0</ele></trkpt><trkpt lat="29.36132684" lon="-83.06333482"><ele>-1.0</ele></trkpt><trkpt lat="29.36057064" lon="-83.06447129"><ele>-1.0</ele></trkpt><trkpt lat="29.35950744" lon="-83.06623782"><ele>-1.0</ele></trkpt><trkpt lat="29.35876368" lon="-83.06790108"><ele>-1.0</ele></trkpt><trkpt lat="29.35789884" lon="-83.06983509"><ele>-1.0</ele></trkpt><trkpt lat="29.35735864" lon="-83.07064682"><ele>-1.0</ele></trkpt><trkpt lat="29.35713526" lon="-83.07079641"><ele>-1.0</ele></trkpt><trkpt lat="29.3559421" lon="-83.07159542"><ele>-1.0</ele></trkpt><trkpt lat="29.35431484" lon="-83.07184949"><ele>-1.0</ele></trkpt><trkpt lat="29.35367236" lon="-83.07166673"><ele>-1.0</ele></trkpt><trkpt lat="29.35365464" lon="-83.07166169"><ele>-1.0</ele></trkpt><trkpt lat="29.35294304" lon="-83.07104542"><ele>-1.0</ele></trkpt><trkpt lat="29.35257271" lon="-83.07008502"><ele>-1.0</ele></trkpt><trkpt lat="29.35228131" lon="-83.06765749"><ele>-1.0</ele></trkpt><trkpt lat="29.35255706" lon="-83.06642961"><ele>-1.0</ele></trkpt><trkpt lat="29.35319544" lon="-83.06358702"><ele>-1.0</ele></trkpt><trkpt lat="29.35298971" lon="-83.06187349"><ele>-1.0</ele></trkpt><trkpt lat="29.35281304" lon="-83.06146469"><ele>-1.0</ele></trkpt><trkpt lat="29.35167444" lon="-83.06047889"><ele>-1.0</ele></trkpt><trkpt lat="29.34988764" lon="-83.06046722"><ele>-1.0</ele></trkpt><trkpt lat="29.34974419" lon="-83.06057912"><ele>-1.0</ele></trkpt><trkpt lat="29.34895484" lon="-83.06119482"><ele>-1.0</ele></trkpt><trkpt lat="29.34509266" lon="-83.06674867"><ele>-1.0</ele></trkpt><trkpt lat="29.3437347" lon="-83.06870142"><ele>-1.0</ele></trkpt><trkpt lat="29.34335404" lon="-83.06977902"><ele>-1.0</ele></trkpt><trkpt lat="29.34113771" lon="-83.07681569"><ele>-1.0</ele></trkpt><trkpt lat="29.34111039" lon="-83.07690733"><ele>-1.0</ele></trkpt><trkpt lat="29.34109535" lon="-83.07695781"><ele>-1.0</ele></trkpt><trkpt lat="29.34041031" lon="-83.07925629"><ele>-1.0</ele></trkpt><trkpt lat="29.34038643" lon="-83.07995891"><ele>-1.0</ele></trkpt><trkpt lat="29.34032584" lon="-83.08174209"><ele>-1.0</ele></trkpt><trkpt lat="29.3397973" lon="-83.08371529"><ele>-1.0</ele></trkpt><trkpt lat="29.33904084" lon="-83.08485142"><ele>-1.0</ele></trkpt><trkpt lat="29.33740804" lon="-83.08612409"><ele>-1.0</ele></trkpt><trkpt lat="29.33351104" lon="-83.08978582"><ele>-1.0</ele></trkpt><trkpt lat="29.33255544" lon="-83.09138902"><ele>-1.0</ele></trkpt><trkpt lat="29.33270944" lon="-83.09267389"><ele>-1.0</ele></trkpt><trkpt lat="29.33303093" lon="-83.09326651"><ele>-1.0</ele></trkpt><trkpt lat="29.33336411" lon="-83.09388069"><ele>-1.0</ele></trkpt><trkpt lat="29.33407564" lon="-83.09449702"><ele>-1.0</ele></trkpt><trkpt lat="29.33549934" lon="-83.09470999"><ele>-1.0</ele></trkpt><trkpt lat="29.33550404" lon="-83.09471069"><ele>-1.0</ele></trkpt><trkpt lat="29.33551094" lon="-83.09471667"><ele>-1.0</ele></trkpt><trkpt lat="29.33611951" lon="-83.09524384"><ele>-1.0</ele></trkpt><trkpt lat="29.33635784" lon="-83.09545029"><ele>-1.0</ele></trkpt><trkpt lat="29.33675063" lon="-83.09617443"><ele>-1.0</ele></trkpt><trkpt lat="29.33680651" lon="-83.09627746"><ele>-1.0</ele></trkpt><trkpt lat="29.3370125" lon="-83.09665722"><ele>-1.0</ele></trkpt><trkpt lat="29.33716644" lon="-83.09794222"><ele>-1.0</ele></trkpt><trkpt lat="29.3370015" lon="-83.09869502"><ele>-1.0</ele></trkpt><trkpt lat="29.33635304" lon="-83.09966869"><ele>-1.0</ele></trkpt><trkpt lat="29.33348524" lon="-83.10127882"><ele>-1.0</ele></trkpt><trkpt lat="29.33153856" lon="-83.10183708"><ele>-1.0</ele></trkpt><trkpt lat="29.32939286" lon="-83.10245242"><ele>-1.0</ele></trkpt><trkpt lat="29.32904671" lon="-83.10255169"><ele>-1.0</ele></trkpt><trkpt lat="29.3273111" lon="-83.10296742"><ele>-1.0</ele></trkpt><trkpt lat="29.32694082" lon="-83.10349543"><ele>-1.0</ele></trkpt><trkpt lat="29.32544002" lon="-83.10452011"><ele>-1.0</ele></trkpt><trkpt lat="29.32545275" lon="-83.10742953"><ele>-1.0</ele></trkpt><trkpt lat="29.325675860719524" lon="-83.10796104251251"><ele>-1.0</ele></trkpt><trkpt lat="29.325825523560404" lon="-83.11087928592072"><ele>-1.0</ele></trkpt><trkpt lat="29.32417922023216" lon="-83.1124242383133"><ele>-1.0</ele></trkpt><trkpt lat="29.32283222501713" lon="-83.1127675610672"><ele>-1.0</ele></trkpt><trkpt lat="29.318641459486344" lon="-83.1127675610672"><ele>-1.0</ele></trkpt><trkpt lat="29.317593741204384" lon="-83.1156858044754"><ele>-1.0</ele></trkpt><trkpt lat="29.317294391147637" lon="-83.11877570926056"><ele>-1.0</ele></trkpt><trkpt lat="29.31789309038284" lon="-83.1234105664383"><ele>-1.0</ele></trkpt><trkpt lat="29.318940805590675" lon="-83.12770210086212"><ele>-1.0</ele></trkpt><trkpt lat="29.32387988949937" lon="-83.13645683108673"><ele>-1.0</ele></trkpt><trkpt lat="29.323730223803572" lon="-83.14006172000275"><ele>-1.0</ele></trkpt><trkpt lat="29.322083886656056" lon="-83.14263664065705"><ele>-1.0</ele></trkpt><trkpt lat="29.31938982310031" lon="-83.14418159304962"><ele>-1.0</ele></trkpt><trkpt lat="29.315797627689545" lon="-83.14452491580353"><ele>-1.0</ele></trkpt><trkpt lat="29.310858152498504" lon="-83.14709983645783"><ele>-1.0</ele></trkpt><trkpt lat="29.30546936143501" lon="-83.15224967776642"><ele>-1.0</ele></trkpt><trkpt lat="29.30322394785726" lon="-83.1567128735672"><ele>-1.0</ele></trkpt><trkpt lat="29.296936527095138" lon="-83.16100440799103"><ele>-1.0</ele></trkpt></trkseg></trk></gpx>