<?xml version="1.0"?>
<gpx xmlns="http://www.topografix.com/GPX/1/1" xmlns:gpxx="http://www.garmin.com/xmlschemas/GpxExtensions/v3" creator="CALTOPO" version="1.1"><metadata><name><![CDATA[Map Items]]></name></metadata><trk><name>South Pass</name><extensions><gpxx:TrackExtension><gpxx:DisplayColor>Blue</gpxx:DisplayColor></gpxx:TrackExtension></extensions><trkseg><trkpt lat="29.15145302850734" lon="-89.25063467461771"><ele>-1.0</ele></trkpt><trkpt lat="29.138067" lon="-89.24538"><ele>-1.0</ele></trkpt><trkpt lat="29.109877" lon="-89.23851"><ele>-1.0</ele></trkpt><trkpt lat="29.086477" lon="-89.223404"><ele>-1.0</ele></trkpt><trkpt lat="29.071474" lon="-89.21036"><ele>-1.0</ele></trkpt><trkpt lat="29.049868" lon="-89.200745"><ele>-1.0</ele></trkpt><trkpt lat="29.024052" lon="-89.176025"><ele>-1.0</ele></trkpt><trkpt lat="28.99507867009677" lon="-89.14186849731445"><ele>-1.0</ele></trkpt></trkseg></trk><trk><name>Atchafalaya Dennis</name><extensions><gpxx:TrackExtension><gpxx:DisplayColor>DarkBlue</gpxx:DisplayColor></gpxx:TrackExtension></extensions><trkseg><trkpt lat="30.987933605753433" lon="-91.66377609663702"><ele>9.0</ele></trkpt><trkpt lat="30.991440619315014" lon="-91.66430908338104"><ele>9.0</ele></trkpt><trkpt lat="30.99508260343071" lon="-91.66523176328216"><ele>9.0</ele></trkpt><trkpt lat="30.9994935894429" lon="-91.66833304633717"><ele>9.0</ele></trkpt><trkpt lat="31.005231817741908" lon="-91.67537116279225"><ele>4.0</ele></trkpt><trkpt lat="31.01864893548365" lon="-91.69195269024695"><ele>4.0</ele></trkpt><trkpt lat="31.019274166803843" lon="-91.69495676434363"><ele>4.0</ele></trkpt><trkpt lat="31.01942127945944" lon="-91.69856165325965"><ele>4.0</ele></trkpt><trkpt lat="31.018538600118912" lon="-91.70203779614295"><ele>4.0</ele></trkpt><trkpt lat="31.016993891597846" lon="-91.70439814007605"><ele>4.0</ele></trkpt><trkpt lat="31.014676781865553" lon="-91.70615766918982"><ele>4.0</ele></trkpt><trkpt lat="31.008350417633693" lon="-91.7100629655155"><ele>4.0</ele></trkpt><trkpt lat="31.006843602731948" lon="-91.71306703961218"><ele>4.0</ele></trkpt><trkpt lat="31.00702751750182" lon="-91.7195901719364"><ele>4.0</ele></trkpt><trkpt lat="31.01191952013037" lon="-91.72860239422644"><ele>4.0</ele></trkpt><trkpt lat="31.01784029160319" lon="-91.74173448956336"><ele>4.0</ele></trkpt><trkpt lat="31.018621836744927" lon="-91.74315069592322"><ele>4.0</ele></trkpt><trkpt lat="31.019053982482884" lon="-91.74714182293738"><ele>4.0</ele></trkpt><trkpt lat="31.013978445050242" lon="-91.75692652142371"><ele>4.0</ele></trkpt><trkpt lat="31.01177261045731" lon="-91.7616257516178"><ele>4.0</ele></trkpt><trkpt lat="31.00642081199039" lon="-91.76862095272864"><ele>4.0</ele></trkpt><trkpt lat="30.9980451321445" lon="-91.77494023716773"><ele>4.0</ele></trkpt><trkpt lat="30.989999822564545" lon="-91.77992914593543"><ele>3.0</ele></trkpt><trkpt lat="30.986431175579177" lon="-91.78628061688269"><ele>3.0</ele></trkpt><trkpt lat="30.98374540476401" lon="-91.79228876507605"><ele>3.0</ele></trkpt><trkpt lat="30.98084007577175" lon="-91.79924105084265"><ele>3.0</ele></trkpt><trkpt lat="30.97671916866602" lon="-91.80507753765906"><ele>3.0</ele></trkpt><trkpt lat="30.961176953166415" lon="-91.80501340808782"><ele>3.0</ele></trkpt><trkpt lat="30.94608751616691" lon="-91.80261014881047"><ele>3.0</ele></trkpt><trkpt lat="30.918936500234235" lon="-91.80183767261418"><ele>3.0</ele></trkpt><trkpt lat="30.904662215974113" lon="-91.80183767261418"><ele>3.0</ele></trkpt><trkpt lat="30.87578913508791" lon="-91.80355428638372"><ele>3.0</ele></trkpt><trkpt lat="30.864245358615406" lon="-91.80514215412053"><ele>3.0</ele></trkpt><trkpt lat="30.85879319489256" lon="-91.81951879444036"><ele>3.0</ele></trkpt><trkpt lat="30.85510912498042" lon="-91.82093500080022"><ele>3.0</ele></trkpt><trkpt lat="30.84368760890647" lon="-91.80861829700383"><ele>3.0</ele></trkpt><trkpt lat="30.837618275118754" lon="-91.80295347156438"><ele>3.0</ele></trkpt><trkpt lat="30.832643649449427" lon="-91.80046438159856"><ele>3.0</ele></trkpt><trkpt lat="30.823578113077158" lon="-91.80338262500676"><ele>3.0</ele></trkpt><trkpt lat="30.814806576251613" lon="-91.80741666736516"><ele>3.0</ele></trkpt><trkpt lat="30.80824582763951" lon="-91.8028676408759"><ele>3.0</ele></trkpt><trkpt lat="30.789387202867648" lon="-91.77308439197454"><ele>3.0</ele></trkpt><trkpt lat="30.784014534496045" lon="-91.76905034961614"><ele>3.0</ele></trkpt><trkpt lat="30.763365852755683" lon="-91.75883649768743"><ele>3.0</ele></trkpt><trkpt lat="30.756990793289805" lon="-91.75651906909856"><ele>3.0</ele></trkpt><trkpt lat="30.748102533357823" lon="-91.75643323841008"><ele>3.0</ele></trkpt><trkpt lat="30.737228653242042" lon="-91.75424455585393"><ele>3.0</ele></trkpt><trkpt lat="30.7305150559845" lon="-91.75033925952825"><ele>3.0</ele></trkpt><trkpt lat="30.721561476863656" lon="-91.74699186267766"><ele>3.0</ele></trkpt><trkpt lat="30.70872199439961" lon="-91.73763631763372"><ele>3.0</ele></trkpt><trkpt lat="30.70171121077375" lon="-91.73488973560247"><ele>3.0</ele></trkpt><trkpt lat="30.69492133476627" lon="-91.73497556629094"><ele>3.0</ele></trkpt><trkpt lat="30.684194920580936" lon="-91.73755048694524"><ele>3.0</ele></trkpt><trkpt lat="30.670058543798365" lon="-91.73471807422551"><ele>3.0</ele></trkpt><trkpt lat="30.66706860116006" lon="-91.73600553455266"><ele>3.0</ele></trkpt><trkpt lat="30.661944851533548" lon="-91.7406403917304"><ele>3.0</ele></trkpt><trkpt lat="30.657551819033348" lon="-91.74589752139958"><ele>3.0</ele></trkpt><trkpt lat="30.64008846385675" lon="-91.74424528064641"><ele>3.0</ele></trkpt><trkpt lat="30.63124361563265" lon="-91.74340843143376"><ele>3.0</ele></trkpt><trkpt lat="30.62751390439733" lon="-91.74381612720403"><ele>3.0</ele></trkpt><trkpt lat="30.620829606818102" lon="-91.75068258228215"><ele>3.0</ele></trkpt><trkpt lat="30.615585249130813" lon="-91.75377248706731"><ele>3.0</ele></trkpt><trkpt lat="30.610266737144702" lon="-91.75411580982122"><ele>3.0</ele></trkpt><trkpt lat="30.601143331507252" lon="-91.75231336536321"><ele>3.0</ele></trkpt><trkpt lat="30.58675639241068" lon="-91.7545449632636"><ele>3.0</ele></trkpt><trkpt lat="30.572568824234416" lon="-91.75651906909856"><ele>3.0</ele></trkpt><trkpt lat="30.561224665933764" lon="-91.75737737598332"><ele>3.0</ele></trkpt><trkpt lat="30.539730928204897" lon="-91.74746393146428"><ele>3.0</ele></trkpt><trkpt lat="30.52688115421677" lon="-91.73956750812444"><ele>3.0</ele></trkpt><trkpt lat="30.5188959781191" lon="-91.73364519061955"><ele>3.0</ele></trkpt><trkpt lat="30.51298060986766" lon="-91.73248647632512"><ele>3.0</ele></trkpt><trkpt lat="30.509024506499713" lon="-91.73497556629094"><ele>3.0</ele></trkpt><trkpt lat="30.508063186045057" lon="-91.73707841815862"><ele>3.0</ele></trkpt><trkpt lat="30.507915289746887" lon="-91.74523233356389"><ele>3.0</ele></trkpt><trkpt lat="30.50429176017695" lon="-91.75493120136174"><ele>3.0</ele></trkpt><trkpt lat="30.499157619898337" lon="-91.75797819080266"><ele>3.0</ele></trkpt><trkpt lat="30.49198373353315" lon="-91.75729154529485"><ele>3.0</ele></trkpt><trkpt lat="30.477856287394268" lon="-91.75119756641301"><ele>3.0</ele></trkpt><trkpt lat="30.464703736919798" lon="-91.74398778858098"><ele>3.0</ele></trkpt><trkpt lat="30.45035035672007" lon="-91.73772214832219"><ele>3.0</ele></trkpt><trkpt lat="30.44864848826546" lon="-91.73171400012883"><ele>3.0</ele></trkpt><trkpt lat="30.449462410476738" lon="-91.71952604236516"><ele>3.0</ele></trkpt><trkpt lat="30.447470426790783" lon="-91.71746610584172"><ele>3.0</ele></trkpt><trkpt lat="30.428970138779906" lon="-91.71162961902532"><ele>3.0</ele></trkpt><trkpt lat="30.41232456985209" lon="-91.69781087818059"><ele>3.0</ele></trkpt><trkpt lat="30.399004933900034" lon="-91.69060110034856"><ele>3.0</ele></trkpt><trkpt lat="30.395895586758567" lon="-91.6849362749091"><ele>3.0</ele></trkpt><trkpt lat="30.39286017621342" lon="-91.67755483570012"><ele>3.0</ele></trkpt><trkpt lat="30.39071934314125" lon="-91.67858480396184"><ele>3.0</ele></trkpt><trkpt lat="30.384870231132933" lon="-91.68785451831731"><ele>3.0</ele></trkpt><trkpt lat="30.382056609499905" lon="-91.69128774585637"><ele>3.0</ele></trkpt><trkpt lat="30.369327485435445" lon="-91.70029996814641"><ele>3.0</ele></trkpt><trkpt lat="30.365476633703352" lon="-91.70433401050481"><ele>3.0</ele></trkpt><trkpt lat="30.363032745296042" lon="-91.71223043384465"><ele>3.0</ele></trkpt><trkpt lat="30.361773748646755" lon="-91.71326040210637"><ele>3.0</ele></trkpt><trkpt lat="30.355404458417635" lon="-91.7160928148261"><ele>3.0</ele></trkpt><trkpt lat="30.35066425236475" lon="-91.72107099475774"><ele>3.0</ele></trkpt><trkpt lat="30.347267762060525" lon="-91.72175764026555"><ele>3.0</ele></trkpt><trkpt lat="30.343193822622556" lon="-91.7172086137763"><ele>3.0</ele></trkpt><trkpt lat="30.334008318886834" lon="-91.70150159778508"><ele>3.0</ele></trkpt><trkpt lat="30.332156298419736" lon="-91.6955792802802"><ele>3.0</ele></trkpt><trkpt lat="30.328827797908183" lon="-91.68957113208684"><ele>3.0</ele></trkpt><trkpt lat="30.32586439158827" lon="-91.68733953418645"><ele>3.0</ele></trkpt><trkpt lat="30.32141911399781" lon="-91.68888448657903"><ele>3.0</ele></trkpt><trkpt lat="30.317195913446145" lon="-91.69206022205266"><ele>3.0</ele></trkpt><trkpt lat="30.314158060137622" lon="-91.69326185169133"><ele>3.0</ele></trkpt><trkpt lat="30.30749618396208" lon="-91.69051526966008"><ele>3.0</ele></trkpt><trkpt lat="30.294676016645283" lon="-91.6860520738593"><ele>3.0</ele></trkpt><trkpt lat="30.2855680336804" lon="-91.68733953418645"><ele>3.0</ele></trkpt><trkpt lat="30.283196269338315" lon="-91.68742536487493"><ele>3.0</ele></trkpt><trkpt lat="30.280527965921323" lon="-91.68588041248235"><ele>3.0</ele></trkpt><trkpt lat="30.281046808379717" lon="-91.68270467700872"><ele>3.0</ele></trkpt><trkpt lat="30.286902125926137" lon="-91.66905759754094"><ele>3.0</ele></trkpt><trkpt lat="30.29171953020933" lon="-91.66631101550969"><ele>3.0</ele></trkpt><trkpt lat="30.293646425676087" lon="-91.66339277210149"><ele>3.0</ele></trkpt><trkpt lat="30.291867754281572" lon="-91.65884374561223"><ele>3.0</ele></trkpt><trkpt lat="30.29120082230413" lon="-91.65549634876164"><ele>3.0</ele></trkpt><trkpt lat="30.292460726441035" lon="-91.65086149158391"><ele>3.0</ele></trkpt><trkpt lat="30.297055533791788" lon="-91.64545415820989"><ele>3.0</ele></trkpt><trkpt lat="30.296906795888624" lon="-91.64107679309758"><ele>3.0</ele></trkpt><trkpt lat="30.29082973748012" lon="-91.62803052844914"><ele>3.0</ele></trkpt><trkpt lat="30.287791067072014" lon="-91.62485479297551"><ele>3.0</ele></trkpt><trkpt lat="30.284159361895195" lon="-91.62330984058293"><ele>3.0</ele></trkpt><trkpt lat="30.27201085063417" lon="-91.61730169238957"><ele>3.0</ele></trkpt><trkpt lat="30.262744540857582" lon="-91.60434125842961"><ele>3.0</ele></trkpt><trkpt lat="30.259862914450963" lon="-91.60202382984075"><ele>3.0</ele></trkpt><trkpt lat="30.253783561855897" lon="-91.59979223194036"><ele>3.0</ele></trkpt><trkpt lat="30.250373028583848" lon="-91.59644483508977"><ele>3.0</ele></trkpt><trkpt lat="30.239102598425678" lon="-91.59112333240422"><ele>3.0</ele></trkpt><trkpt lat="30.229388230196538" lon="-91.58726095142278"><ele>3.0</ele></trkpt><trkpt lat="30.225842343916025" lon="-91.5868317979804"><ele>3.0</ele></trkpt><trkpt lat="30.22146669916528" lon="-91.59112333240422"><ele>3.0</ele></trkpt><trkpt lat="30.21753586925903" lon="-91.59404157581243"><ele>3.0</ele></trkpt><trkpt lat="30.212640653938717" lon="-91.59687398853215"><ele>3.0</ele></trkpt><trkpt lat="30.203368745366287" lon="-91.5967023271552"><ele>3.0</ele></trkpt><trkpt lat="30.19618209656207" lon="-91.59695981922063"><ele>3.0</ele></trkpt><trkpt lat="30.193140498283665" lon="-91.5970456499091"><ele>2.0</ele></trkpt><trkpt lat="30.189431104939445" lon="-91.5992772478095"><ele>2.0</ele></trkpt><trkpt lat="30.180061059793328" lon="-91.59906007335316"><ele>2.0</ele></trkpt><trkpt lat="30.178131936547295" lon="-91.6000042109264"><ele>2.0</ele></trkpt><trkpt lat="30.177464154315707" lon="-91.60124875590931"><ele>2.0</ele></trkpt><trkpt lat="30.176462472482577" lon="-91.60575486705433"><ele>2.0</ele></trkpt><trkpt lat="30.174497935255413" lon="-91.60631276652943"><ele>2.0</ele></trkpt><trkpt lat="30.171084652653427" lon="-91.60772897288929"><ele>2.0</ele></trkpt><trkpt lat="30.16819069002248" lon="-91.61000348613392"><ele>2.0</ele></trkpt><trkpt lat="30.16681788316456" lon="-91.61283589885365"><ele>2.0</ele></trkpt><trkpt lat="30.16522243495782" lon="-91.61481000468861"><ele>2.0</ele></trkpt><trkpt lat="30.161514628559527" lon="-91.61665536449085"><ele>2.0</ele></trkpt><trkpt lat="30.15776693795896" lon="-91.6168270258678"><ele>2.0</ele></trkpt><trkpt lat="30.155948700115697" lon="-91.61837197826038"><ele>2.0</ele></trkpt><trkpt lat="30.1551694450633" lon="-91.62124730632435"><ele>2.0</ele></trkpt><trkpt lat="30.151718384390573" lon="-91.62180520579945"><ele>2.0</ele></trkpt><trkpt lat="30.150161300061527" lon="-91.62317849681507"><ele>2.0</ele></trkpt><trkpt lat="30.146376067182274" lon="-91.62335015819203"><ele>2.0</ele></trkpt><trkpt lat="30.14344426740156" lon="-91.6251096873058"><ele>2.0</ele></trkpt><trkpt lat="30.13787950869246" lon="-91.62626840160023"><ele>2.0</ele></trkpt><trkpt lat="30.133796880522222" lon="-91.62661172435413"><ele>2.0</ele></trkpt><trkpt lat="30.128526328999637" lon="-91.62553884074818"><ele>2.0</ele></trkpt><trkpt lat="30.127227206173007" lon="-91.62335015819203"><ele>2.0</ele></trkpt><trkpt lat="30.125299774890923" lon="-91.62300683543812"><ele>2.0</ele></trkpt><trkpt lat="30.12181054944318" lon="-91.62322141215931"><ele>2.0</ele></trkpt><trkpt lat="30.11405214895011" lon="-91.6210756449474"><ele>2.0</ele></trkpt><trkpt lat="30.1065944512772" lon="-91.61751367137562"><ele>2.0</ele></trkpt><trkpt lat="30.101582342030852" lon="-91.6130075602306"><ele>2.0</ele></trkpt><trkpt lat="30.087475126300998" lon="-91.60528279826771"><ele>2.0</ele></trkpt><trkpt lat="30.074518291238192" lon="-91.59803010509144"><ele>2.0</ele></trkpt><trkpt lat="30.063229776314785" lon="-91.59112073466908"><ele>2.0</ele></trkpt><trkpt lat="30.0613726551093" lon="-91.58966161296497"><ele>2.0</ele></trkpt><trkpt lat="30.054837580312004" lon="-91.58592797801624"><ele>2.0</ele></trkpt><trkpt lat="30.048708428640218" lon="-91.58163644359242"><ele>2.0</ele></trkpt><trkpt lat="30.036674812774276" lon="-91.57266713664661"><ele>2.0</ele></trkpt><trkpt lat="30.02501224057002" lon="-91.56369782970081"><ele>2.0</ele></trkpt><trkpt lat="30.02025797759637" lon="-91.55949212596546"><ele>2.0</ele></trkpt><trkpt lat="30.01375508126857" lon="-91.55296899364124"><ele>2.0</ele></trkpt><trkpt lat="30.00186473605331" lon="-91.5439567713512"><ele>2.0</ele></trkpt><trkpt lat="29.989155602134737" lon="-91.53485871837269"><ele>2.0</ele></trkpt><trkpt lat="29.977374614618775" lon="-91.5254602579845"><ele>2.0</ele></trkpt><trkpt lat="29.973582768871214" lon="-91.52284242198597"><ele>2.0</ele></trkpt><trkpt lat="29.96458825581529" lon="-91.52009583995472"><ele>2.0</ele></trkpt><trkpt lat="29.962357488789426" lon="-91.51919461772572"><ele>2.0</ele></trkpt><trkpt lat="29.95860225121582" lon="-91.51653386638294"><ele>2.0</ele></trkpt><trkpt lat="29.957228854893277" lon="-91.51254273936878"><ele>2.0</ele></trkpt><trkpt lat="29.95533256571863" lon="-91.51069737956654"><ele>2.0</ele></trkpt><trkpt lat="29.94897415571488" lon="-91.50825120494495"><ele>0.0</ele></trkpt><trkpt lat="29.94280323142905" lon="-91.50747872874867"><ele>0.0</ele></trkpt><trkpt lat="29.939121632441374" lon="-91.50816537425648"><ele>0.0</ele></trkpt><trkpt lat="29.934621715314254" lon="-91.50868035838734"><ele>0.0</ele></trkpt><trkpt lat="29.924917137760435" lon="-91.50468923137318"><ele>0.0</ele></trkpt><trkpt lat="29.919040333552726" lon="-91.50151349589954"><ele>0.0</ele></trkpt><trkpt lat="29.91078691042357" lon="-91.49353124187122"><ele>0.0</ele></trkpt><trkpt lat="29.907178528076077" lon="-91.48932553813587"><ele>0.0</ele></trkpt><trkpt lat="29.902639964686305" lon="-91.48091413066517"><ele>0.0</ele></trkpt><trkpt lat="29.898252566001265" lon="-91.46833993480335"><ele>0.0</ele></trkpt><trkpt lat="29.894271677232137" lon="-91.45876981303822"><ele>0.0</ele></trkpt><trkpt lat="29.88924883368407" lon="-91.44984342143665"><ele>0.0</ele></trkpt><trkpt lat="29.886684002160735" lon="-91.44100286052357"><ele>0.0</ele></trkpt><trkpt lat="29.87284161209738" lon="-91.42954446361195"><ele>0.0</ele></trkpt><trkpt lat="29.861308729857665" lon="-91.42538167522083"><ele>0.0</ele></trkpt><trkpt lat="29.856730858807495" lon="-91.42229177043568"><ele>0.0</ele></trkpt><trkpt lat="29.848247115890448" lon="-91.41366578624378"><ele>0.0</ele></trkpt><trkpt lat="29.844340526643048" lon="-91.40383817241322"><ele>0.0</ele></trkpt><trkpt lat="29.832095212931588" lon="-91.38907529399525"><ele>0.0</ele></trkpt><trkpt lat="29.825952321585607" lon="-91.38289548442494"><ele>0.0</ele></trkpt><trkpt lat="29.81005713432131" lon="-91.37650109813343"><ele>0.0</ele></trkpt><trkpt lat="29.797212332848403" lon="-91.36808969066273"><ele>0.0</ele></trkpt><trkpt lat="29.790585697615207" lon="-91.36259652660023"><ele>0.0</ele></trkpt><trkpt lat="29.77885316358964" lon="-91.35757543132435"><ele>0.0</ele></trkpt><trkpt lat="29.776348131985532" lon="-91.35716643668651"><ele>0.0</ele></trkpt><trkpt lat="29.77193399808815" lon="-91.354913381114"><ele>0.0</ele></trkpt><trkpt lat="29.7709840957362" lon="-91.354913381114"><ele>0.0</ele></trkpt><trkpt lat="29.77081646497422" lon="-91.35583606101513"><ele>0.0</ele></trkpt><trkpt lat="29.770388073974576" lon="-91.35650124885082"><ele>0.0</ele></trkpt><trkpt lat="29.769773422818332" lon="-91.35695185996532"><ele>0.0</ele></trkpt><trkpt lat="29.762211846916113" lon="-91.35875430442333"><ele>0.0</ele></trkpt><trkpt lat="29.760945185524708" lon="-91.3584968123579"><ele>0.0</ele></trkpt><trkpt lat="29.76025642064833" lon="-91.35716643668651"><ele>0.0</ele></trkpt><trkpt lat="29.756866136608572" lon="-91.354012158885"><ele>0.0</ele></trkpt><trkpt lat="29.75524661885201" lon="-91.35281052924633"><ele>0.0</ele></trkpt><trkpt lat="29.752918023001815" lon="-91.3519951377058"><ele>0.0</ele></trkpt><trkpt lat="29.75010500706853" lon="-91.35178056098461"><ele>0.0</ele></trkpt><trkpt lat="29.74833518837798" lon="-91.35223117209911"><ele>0.0</ele></trkpt><trkpt lat="29.73997854213501" lon="-91.35725224067207"><ele>0.0</ele></trkpt><trkpt lat="29.71922420275982" lon="-91.36493408729072"><ele>0.0</ele></trkpt><trkpt lat="29.703982760335393" lon="-91.37180054236885"><ele>0.0</ele></trkpt><trkpt lat="29.692056629944247" lon="-91.3763495688581"><ele>0.0</ele></trkpt><trkpt lat="29.678116489156707" lon="-91.38171398688789"><ele>0.0</ele></trkpt><trkpt lat="29.66439702272534" lon="-91.38686382819648"><ele>0.0</ele></trkpt><trkpt lat="29.63672681814311" lon="-91.39789307166572"><ele>0.0</ele></trkpt><trkpt lat="29.623301437620672" lon="-91.40274250556465"><ele>0.0</ele></trkpt><trkpt lat="29.609425946257975" lon="-91.40845024634834"><ele>0.0</ele></trkpt><trkpt lat="29.59523757056618" lon="-91.41394600814598"><ele>0.0</ele></trkpt><trkpt lat="29.572835893444918" lon="-91.42233595794457"><ele>0.0</ele></trkpt><trkpt lat="29.57159837149301" lon="-91.43162453223701"><ele>0.0</ele></trkpt><trkpt lat="29.57088919063275" lon="-91.43445694495674"><ele>0.0</ele></trkpt><trkpt lat="29.57283009483334" lon="-91.4384480719709"><ele>0.0</ele></trkpt><trkpt lat="29.572158247601248" lon="-91.43995010901924"><ele>0.0</ele></trkpt><trkpt lat="29.57021733048659" lon="-91.440808415904"><ele>0.0</ele></trkpt><trkpt lat="29.567380538365992" lon="-91.44072258521552"><ele>0.0</ele></trkpt><trkpt lat="29.56659667386027" lon="-91.44201004554267"><ele>0.0</ele></trkpt><trkpt lat="29.56704459717994" lon="-91.44462788154121"><ele>0.0</ele></trkpt><trkpt lat="29.568201723227453" lon="-91.44711697150703"><ele>0.0</ele></trkpt><trkpt lat="29.569321510004798" lon="-91.44823277045722"><ele>0.0</ele></trkpt><trkpt lat="29.570814539726143" lon="-91.4483186011457"><ele>0.0</ele></trkpt><trkpt lat="29.573277990504543" lon="-91.44746029426094"><ele>0.0</ele></trkpt><trkpt lat="29.57704770033251" lon="-91.44891941596504"><ele>0.0</ele></trkpt><trkpt lat="29.577495577293405" lon="-91.45003521491523"><ele>0.0</ele></trkpt><trkpt lat="29.57674911458802" lon="-91.45132267524238"><ele>0.0</ele></trkpt><trkpt lat="29.574882933677152" lon="-91.45205223609443"><ele>0.0</ele></trkpt><trkpt lat="29.57279277010439" lon="-91.45273888160224"><ele>0.0</ele></trkpt><trkpt lat="29.57197162257676" lon="-91.45449841071601"><ele>0.0</ele></trkpt><trkpt lat="29.572718120605106" lon="-91.45587170173164"><ele>0.0</ele></trkpt><trkpt lat="29.57548011532178" lon="-91.45578587104316"><ele>0.0</ele></trkpt><trkpt lat="29.577607546223163" lon="-91.45484173346992"><ele>0.0</ele></trkpt><trkpt lat="29.578167389009085" lon="-91.45544254828926"><ele>0.0</ele></trkpt><trkpt lat="29.57600231896845" lon="-91.460978627696"><ele>0.0</ele></trkpt><trkpt lat="29.57469598628984" lon="-91.46260941077705"><ele>0.0</ele></trkpt><trkpt lat="29.572307219965765" lon="-91.46411144782539"><ele>0.0</ele></trkpt><trkpt lat="29.571336767503574" lon="-91.46505558539863"><ele>0.0</ele></trkpt><trkpt lat="29.571168803630606" lon="-91.4669760470533"><ele>0.0</ele></trkpt><trkpt lat="29.572307219965765" lon="-91.4684888129377"><ele>0.0</ele></trkpt><trkpt lat="29.57359494542335" lon="-91.46819913436408"><ele>0.0</ele></trkpt><trkpt lat="29.57525586931117" lon="-91.46501267005439"><ele>0.0</ele></trkpt><trkpt lat="29.576021004830533" lon="-91.46457815219398"><ele>0.0</ele></trkpt><trkpt lat="29.577112712544142" lon="-91.46442258407112"><ele>-1.0</ele></trkpt><trkpt lat="29.577915156839808" lon="-91.4653935437345"><ele>-1.0</ele></trkpt><trkpt lat="29.578204408452137" lon="-91.46634841014381"><ele>-1.0</ele></trkpt><trkpt lat="29.577234012672474" lon="-91.4697333579206"><ele>-1.0</ele></trkpt><trkpt lat="29.577532596982792" lon="-91.47106373359199"><ele>-1.0</ele></trkpt><trkpt lat="29.57842834461502" lon="-91.47260868598457"><ele>-1.0</ele></trkpt><trkpt lat="29.577644565871505" lon="-91.47561276008125"><ele>-1.0</ele></trkpt><trkpt lat="29.57674881128465" lon="-91.4783593421125"><ele>-1.0</ele></trkpt><trkpt lat="29.575741077874145" lon="-91.47956097175117"><ele>-1.0</ele></trkpt><trkpt lat="29.572531193299383" lon="-91.47865974952217"><ele>-1.0</ele></trkpt><trkpt lat="29.571112839701158" lon="-91.47906744529243"><ele>-1.0</ele></trkpt><trkpt lat="29.567605338297906" lon="-91.48226463843818"><ele>-1.0</ele></trkpt><trkpt lat="29.566074933917967" lon="-91.48479664374824"><ele>-1.0</ele></trkpt><trkpt lat="29.56510442156351" lon="-91.48724281836982"><ele>-1.0</ele></trkpt><trkpt lat="29.56670949464593" lon="-91.48921692420478"><ele>-1.0</ele></trkpt><trkpt lat="29.568575826620165" lon="-91.49054729987617"><ele>-1.0</ele></trkpt><trkpt lat="29.569182377085614" lon="-91.49233901549812"><ele>-1.0</ele></trkpt><trkpt lat="29.568379863383473" lon="-91.49329388190742"><ele>-1.0</ele></trkpt><trkpt lat="29.567409373178045" lon="-91.49309003402229"><ele>-1.0</ele></trkpt><trkpt lat="29.566084265722246" lon="-91.4926608805799"><ele>-1.0</ele></trkpt><trkpt lat="29.563835275951913" lon="-91.49249994803901"><ele>-1.0</ele></trkpt><trkpt lat="29.562519453738137" lon="-91.49298274566169"><ele>-1.0</ele></trkpt><trkpt lat="29.561371594830234" lon="-91.49638378669258"><ele>-1.0</ele></trkpt><trkpt lat="29.558497224244604" lon="-91.50161945868965"><ele>-1.0</ele></trkpt><trkpt lat="29.557460314198018" lon="-91.50318456988677"><ele>-1.0</ele></trkpt><trkpt lat="29.557292327247957" lon="-91.51414944033965"><ele>-1.0</ele></trkpt><trkpt lat="29.557348469009316" lon="-91.5219385753189"><ele>-1.0</ele></trkpt><trkpt lat="29.55718981449929" lon="-91.5229846368347"><ele>-1.0</ele></trkpt><trkpt lat="29.556788510803106" lon="-91.52404142718657"><ele>-1.0</ele></trkpt><trkpt lat="29.55436198938185" lon="-91.52449203830108"><ele>-1.0</ele></trkpt><trkpt lat="29.551403420968466" lon="-91.52599943976745"><ele>-1.0</ele></trkpt></trkseg></trk><trk><name>Big River</name><extensions><gpxx:TrackExtension><gpxx:DisplayColor>DarkYellow</gpxx:DisplayColor></gpxx:TrackExtension></extensions><trkseg><trkpt lat="38.68417326631558" lon="-90.19370548984651"><ele>119.0</ele></trkpt><trkpt lat="38.67214661251259" lon="-90.18536434115897"><ele>119.0</ele></trkpt><trkpt lat="38.65767078201118" lon="-90.18115863742362"><ele>118.0</ele></trkpt><trkpt lat="38.6423412263837" lon="-90.17824039401542"><ele>118.0</ele></trkpt><trkpt lat="38.62852989266389" lon="-90.17909870090018"><ele>118.0</ele></trkpt><trkpt lat="38.61491709176933" lon="-90.18356189670097"><ele>118.0</ele></trkpt><trkpt lat="38.60173178064591" lon="-90.19094333590995"><ele>118.0</ele></trkpt><trkpt lat="38.58945567257373" lon="-90.20132884921561"><ele>117.0</ele></trkpt><trkpt lat="38.58019689116822" lon="-90.21514759006034"><ele>117.0</ele></trkpt><trkpt lat="38.5725474322632" lon="-90.22819385470878"><ele>117.0</ele></trkpt><trkpt lat="38.559350131748616" lon="-90.23883686007987"><ele>117.0</ele></trkpt><trkpt lat="38.54552282071961" lon="-90.2489648813201"><ele>117.0</ele></trkpt><trkpt lat="38.533050841532294" lon="-90.25720462741386"><ele>117.0</ele></trkpt><trkpt lat="38.52002431540234" lon="-90.26415691318046"><ele>116.0</ele></trkpt><trkpt lat="38.506067229934224" lon="-90.27007923068534"><ele>116.0</ele></trkpt><trkpt lat="38.491759421430906" lon="-90.27368411960136"><ele>116.0</ele></trkpt><trkpt lat="38.477460709833906" lon="-90.27728900851737"><ele>116.0</ele></trkpt><trkpt lat="38.46114330017883" lon="-90.28140888156425"><ele>116.0</ele></trkpt><trkpt lat="38.44743156172908" lon="-90.28312549533378"><ele>116.0</ele></trkpt><trkpt lat="38.43432231707008" lon="-90.28904781283866"><ele>115.0</ele></trkpt><trkpt lat="38.42176250698756" lon="-90.29754505099784"><ele>115.0</ele></trkpt><trkpt lat="38.41362544072904" lon="-90.31187877597343"><ele>115.0</ele></trkpt><trkpt lat="38.40416301681809" lon="-90.32612667026054"><ele>115.0</ele></trkpt><trkpt lat="38.39326590133733" lon="-90.33771381320487"><ele>115.0</ele></trkpt><trkpt lat="38.380079541162075" lon="-90.34689769687186"><ele>114.0</ele></trkpt><trkpt lat="38.36644130638434" lon="-90.35427913608085"><ele>114.0</ele></trkpt><trkpt lat="38.35338467317484" lon="-90.36063060702811"><ele>114.0</ele></trkpt><trkpt lat="38.34066228665136" lon="-90.36826953830253"><ele>114.0</ele></trkpt><trkpt lat="38.32573560987443" lon="-90.3720460885955"><ele>114.0</ele></trkpt><trkpt lat="38.31145939727741" lon="-90.37281856479179"><ele>113.0</ele></trkpt><trkpt lat="38.296978291872755" lon="-90.3735052102996"><ele>113.0</ele></trkpt><trkpt lat="38.282380634487005" lon="-90.37144527377616"><ele>114.0</ele></trkpt><trkpt lat="38.268432824797564" lon="-90.36895618381034"><ele>113.0</ele></trkpt><trkpt lat="38.25382792703537" lon="-90.36749706210624"><ele>113.0</ele></trkpt><trkpt lat="38.23926790836348" lon="-90.3654371255828"><ele>113.0</ele></trkpt><trkpt lat="38.22546913178085" lon="-90.36063060702811"><ele>113.0</ele></trkpt><trkpt lat="38.21339869090634" lon="-90.35316333713065"><ele>112.0</ele></trkpt><trkpt lat="38.20092155011575" lon="-90.34329280795585"><ele>112.0</ele></trkpt><trkpt lat="38.18871238219157" lon="-90.33084735812675"><ele>112.0</ele></trkpt><trkpt lat="38.17828022229684" lon="-90.31788692416679"><ele>111.0</ele></trkpt><trkpt lat="38.17585123465565" lon="-90.29857501925956"><ele>112.0</ele></trkpt><trkpt lat="38.16782150491537" lon="-90.28492793979179"><ele>112.0</ele></trkpt><trkpt lat="38.15547153888372" lon="-90.27522907199393"><ele>109.0</ele></trkpt><trkpt lat="38.14298447433196" lon="-90.26570186557304"><ele>109.0</ele></trkpt><trkpt lat="38.12984650881534" lon="-90.25677547397147"><ele>109.0</ele></trkpt><trkpt lat="38.11830043209326" lon="-90.24553165378104"><ele>109.0</ele></trkpt><trkpt lat="38.105942081804585" lon="-90.23557529391776"><ele>109.0</ele></trkpt><trkpt lat="38.09691544344282" lon="-90.22158489169608"><ele>109.0</ele></trkpt><trkpt lat="38.08725572344615" lon="-90.20810947360526"><ele>108.0</ele></trkpt><trkpt lat="38.078337925802536" lon="-90.19360408725272"><ele>108.0</ele></trkpt><trkpt lat="38.07050017546073" lon="-90.17875537814628"><ele>108.0</ele></trkpt><trkpt lat="38.068077732459685" lon="-90.1603876108123"><ele>108.0</ele></trkpt><trkpt lat="38.0674020026272" lon="-90.14219150485526"><ele>108.0</ele></trkpt><trkpt lat="38.060441622133965" lon="-90.12648448886405"><ele>110.0</ele></trkpt><trkpt lat="38.04780312257254" lon="-90.11841640414725"><ele>109.1648421879454</ele></trkpt><trkpt lat="38.03416461930573" lon="-90.11283740939628"><ele>108.0</ele></trkpt><trkpt lat="38.022873883873615" lon="-90.10228023471366"><ele>108.0</ele></trkpt><trkpt lat="38.0155711643803" lon="-90.08648738803397"><ele>108.0</ele></trkpt><trkpt lat="38.01011160831435" lon="-90.06940708102714"><ele>108.0</ele></trkpt><trkpt lat="38.0049718385671" lon="-90.05164012851249"><ele>107.0</ele></trkpt><trkpt lat="37.997268497576194" lon="-90.03644809665214"><ele>107.0</ele></trkpt><trkpt lat="37.98813692771868" lon="-90.02314433993827"><ele>109.0</ele></trkpt><trkpt lat="37.976027214843256" lon="-90.01404628695975"><ele>107.0</ele></trkpt><trkpt lat="37.964195522197436" lon="-90.00039920749198"><ele>107.0</ele></trkpt><trkpt lat="37.96216543871624" lon="-89.98108730258475"><ele>107.0</ele></trkpt><trkpt lat="37.96446723929339" lon="-89.96203288974296"><ele>106.0</ele></trkpt><trkpt lat="37.97048946777418" lon="-89.94435176791679"><ele>107.58506081561899</ele></trkpt><trkpt lat="37.9733308030185" lon="-89.92572650851737"><ele>108.0</ele></trkpt><trkpt lat="37.96176001507615" lon="-89.91147861423026"><ele>107.0</ele></trkpt><trkpt lat="37.94904647764654" lon="-89.90203723849784"><ele>107.0</ele></trkpt><trkpt lat="37.93767494246914" lon="-89.89371166171561"><ele>107.0</ele></trkpt><trkpt lat="37.925489202145556" lon="-89.88358364047538"><ele>107.0</ele></trkpt><trkpt lat="37.91650429423044" lon="-89.87062320651542"><ele>107.0</ele></trkpt><trkpt lat="37.910139049493935" lon="-89.85388622226249"><ele>109.0</ele></trkpt><trkpt lat="37.90343463244391" lon="-89.83766422214042"><ele>109.0</ele></trkpt><trkpt lat="37.89423339580327" lon="-89.82427463473807"><ele>109.0</ele></trkpt><trkpt lat="37.884479206830086" lon="-89.80994090976249"><ele>109.0</ele></trkpt><trkpt lat="37.87878866652172" lon="-89.79320392550956"><ele>109.0</ele></trkpt><trkpt lat="37.87432848028238" lon="-89.77552280368339"><ele>106.0</ele></trkpt><trkpt lat="37.86707874018666" lon="-89.76024494113456"><ele>106.0</ele></trkpt><trkpt lat="37.856988220931285" lon="-89.74925861300956"><ele>106.0</ele></trkpt><trkpt lat="37.85353201315277" lon="-89.74453792514335"><ele>106.0</ele></trkpt><trkpt lat="37.84472133882729" lon="-89.73930225314628"><ele>108.0</ele></trkpt><trkpt lat="37.832994731864325" lon="-89.72857341708671"><ele>108.0</ele></trkpt><trkpt lat="37.82269004736613" lon="-89.71552715243827"><ele>108.0</ele></trkpt><trkpt lat="37.81526158623534" lon="-89.70024928988944"><ele>108.0</ele></trkpt><trkpt lat="37.80990475472811" lon="-89.68334064425956"><ele>110.0</ele></trkpt><trkpt lat="37.80020722315486" lon="-89.66952190341483"><ele>110.0</ele></trkpt><trkpt lat="37.78840564719412" lon="-89.66042385043632"><ele>109.0</ele></trkpt><trkpt lat="37.7741599339036" lon="-89.66076717319022"><ele>109.0</ele></trkpt><trkpt lat="37.760888192513136" lon="-89.66832027377616"><ele>109.0</ele></trkpt><trkpt lat="37.74962333128597" lon="-89.66291294040214"><ele>109.0</ele></trkpt><trkpt lat="37.74310792999795" lon="-89.6487508768035"><ele>109.0</ele></trkpt><trkpt lat="37.73713497494747" lon="-89.63544712008964"><ele>109.0</ele></trkpt><trkpt lat="37.73009711479802" lon="-89.62059841098319"><ele>109.0</ele></trkpt><trkpt lat="37.720592789809" lon="-89.60532054843436"><ele>109.0</ele></trkpt><trkpt lat="37.714074833507" lon="-89.59210262240897"><ele>109.0</ele></trkpt><trkpt lat="37.7096613083571" lon="-89.575537299533"><ele>108.0</ele></trkpt><trkpt lat="37.70579076997047" lon="-89.55785617770682"><ele>108.0</ele></trkpt><trkpt lat="37.69839487534283" lon="-89.52326641025077"><ele>107.0</ele></trkpt><trkpt lat="37.68854687537167" lon="-89.51030597629081"><ele>107.0</ele></trkpt><trkpt lat="37.67450427813261" lon="-89.51416835727225"><ele>107.0</ele></trkpt><trkpt lat="37.65982895146261" lon="-89.51605663241874"><ele>107.0</ele></trkpt><trkpt lat="37.645150723270866" lon="-89.51742992343436"><ele>107.0</ele></trkpt><trkpt lat="37.6379745656555" lon="-89.5154558175994"><ele>107.0</ele></trkpt><trkpt lat="37.632944760359116" lon="-89.51073512973319"><ele>107.0</ele></trkpt><trkpt lat="37.619281003350046" lon="-89.50549945773612"><ele>107.0</ele></trkpt><trkpt lat="37.6038467752749" lon="-89.50987682284843"><ele>105.0</ele></trkpt><trkpt lat="37.59115073189715" lon="-89.51923236789237"><ele>105.0</ele></trkpt><trkpt lat="37.5780234797725" lon="-89.522408103366"><ele>106.0</ele></trkpt><trkpt lat="37.56382973336424" lon="-89.52395305575858"><ele>105.0</ele></trkpt><trkpt lat="37.54933669594155" lon="-89.52129230441581"><ele>101.0</ele></trkpt><trkpt lat="37.535793705711534" lon="-89.51562747897636"><ele>101.0</ele></trkpt><trkpt lat="37.523269355074355" lon="-89.5070444101287"><ele>101.0</ele></trkpt><trkpt lat="37.51084048801571" lon="-89.49828967990409"><ele>100.0</ele></trkpt><trkpt lat="37.49695002384608" lon="-89.49296817721854"><ele>100.0</ele></trkpt><trkpt lat="37.483874285154805" lon="-89.4854150766326"><ele>100.0</ele></trkpt><trkpt lat="37.47218531687757" lon="-89.47623119296561"><ele>100.0</ele></trkpt><trkpt lat="37.46053598829825" lon="-89.4642148965789"><ele>100.0</ele></trkpt><trkpt lat="37.451133452253615" lon="-89.44996700229179"><ele>100.0</ele></trkpt><trkpt lat="37.4377770940689" lon="-89.44172725619804"><ele>100.0</ele></trkpt><trkpt lat="37.42567167721792" lon="-89.43177089633475"><ele>99.0</ele></trkpt><trkpt lat="37.412515296220334" lon="-89.42456111850272"><ele>99.0</ele></trkpt><trkpt lat="37.39826562427622" lon="-89.42164287509452"><ele>99.0</ele></trkpt><trkpt lat="37.38485344333927" lon="-89.42009792270194"><ele>99.0</ele></trkpt><trkpt lat="37.372235579323046" lon="-89.42387447299491"><ele>99.0</ele></trkpt><trkpt lat="37.35791002615818" lon="-89.42507610263358"><ele>99.0</ele></trkpt><trkpt lat="37.3461918151815" lon="-89.43314418735038"><ele>98.0</ele></trkpt><trkpt lat="37.33848096803967" lon="-89.44739208163749"><ele>98.0</ele></trkpt><trkpt lat="37.338276244494914" lon="-89.46524486484061"><ele>98.0</ele></trkpt><trkpt lat="37.336304463057274" lon="-89.48266849460136"><ele>98.0</ele></trkpt><trkpt lat="37.32593080079297" lon="-89.49442729892264"><ele>98.0</ele></trkpt><trkpt lat="37.31576729332752" lon="-89.50807437839042"><ele>98.0</ele></trkpt><trkpt lat="37.303206087422865" lon="-89.51579914035331"><ele>98.0</ele></trkpt><trkpt lat="37.28901266582567" lon="-89.51820239963065"><ele>97.0</ele></trkpt><trkpt lat="37.27262223881519" lon="-89.5264421457244"><ele>96.0</ele></trkpt><trkpt lat="37.262190174509534" lon="-89.52249393405448"><ele>96.0</ele></trkpt><trkpt lat="37.25699840936284" lon="-89.51468334140311"><ele>100.0</ele></trkpt><trkpt lat="37.2526944380387" lon="-89.50515613498222"><ele>97.0</ele></trkpt><trkpt lat="37.2519429257674" lon="-89.49142322482597"><ele>96.0</ele></trkpt><trkpt lat="37.25180628636726" lon="-89.47640285434257"><ele>96.0</ele></trkpt><trkpt lat="37.251264495289085" lon="-89.46335658969413"><ele>96.0</ele></trkpt><trkpt lat="37.24887324847849" lon="-89.45966587008964"><ele>96.0</ele></trkpt><trkpt lat="37.23520752522719" lon="-89.4605241769744"><ele>96.0</ele></trkpt><trkpt lat="37.22148191655202" lon="-89.46593151034843"><ele>96.0</ele></trkpt><trkpt lat="37.2070592681746" lon="-89.46241245212089"><ele>96.0</ele></trkpt><trkpt lat="37.192796708676525" lon="-89.45837840976249"><ele>95.0</ele></trkpt><trkpt lat="37.17891566632851" lon="-89.45254192294608"><ele>95.0</ele></trkpt><trkpt lat="37.16776795808551" lon="-89.44198474826347"><ele>95.0</ele></trkpt><trkpt lat="37.15436117408091" lon="-89.4359766000701"><ele>95.0</ele></trkpt><trkpt lat="37.140775008044045" lon="-89.4297967904998"><ele>95.0</ele></trkpt><trkpt lat="37.128868936434564" lon="-89.41923961581718"><ele>94.0</ele></trkpt><trkpt lat="37.11880889879038" lon="-89.40696582736503"><ele>94.0</ele></trkpt><trkpt lat="37.109790596336566" lon="-89.39220294894706"><ele>94.0</ele></trkpt><trkpt lat="37.09911190414725" lon="-89.38061580600272"><ele>94.0</ele></trkpt><trkpt lat="37.08541907098012" lon="-89.37563762607108"><ele>94.0</ele></trkpt><trkpt lat="37.07153596920425" lon="-89.37829837741386"><ele>94.0</ele></trkpt><trkpt lat="37.05818062993085" lon="-89.38567981662284"><ele>94.0</ele></trkpt><trkpt lat="37.044411896282014" lon="-89.38095912875663"><ele>94.0</ele></trkpt><trkpt lat="37.034232087438724" lon="-89.36739787997733"><ele>94.0</ele></trkpt><trkpt lat="37.026831938224376" lon="-89.35143337192069"><ele>94.0</ele></trkpt><trkpt lat="37.02011636405401" lon="-89.33598384799491"><ele>94.0</ele></trkpt><trkpt lat="37.01505239390892" lon="-89.32019100131522"><ele>93.0</ele></trkpt><trkpt lat="37.00326365525026" lon="-89.30688724460136"><ele>93.0</ele></trkpt><trkpt lat="36.99448945386282" lon="-89.29349765719901"><ele>91.0</ele></trkpt><trkpt lat="36.98956238089637" lon="-89.2876611703826"><ele>91.0</ele></trkpt><trkpt lat="36.98901392416368" lon="-89.27787647189628"><ele>91.0</ele></trkpt><trkpt lat="36.99093372439196" lon="-89.27246913852225"><ele>91.0</ele></trkpt><trkpt lat="37.0032041883075" lon="-89.2613111490203"><ele>91.0</ele></trkpt><trkpt lat="37.01608592007623" lon="-89.25822124423514"><ele>91.0</ele></trkpt><trkpt lat="37.025881748307356" lon="-89.26079616488944"><ele>91.0</ele></trkpt><trkpt lat="37.029307875806694" lon="-89.26594600619804"><ele>91.0</ele></trkpt><trkpt lat="37.037187382566565" lon="-89.2829404825164"><ele>91.0</ele></trkpt><trkpt lat="37.04417547830523" lon="-89.29839000644218"><ele>90.0</ele></trkpt><trkpt lat="37.055748607184164" lon="-89.30860385837089"><ele>90.0</ele></trkpt><trkpt lat="37.0700631597384" lon="-89.30662975253593"><ele>90.0</ele></trkpt><trkpt lat="37.08238557458718" lon="-89.29744586886893"><ele>90.0</ele></trkpt><trkpt lat="37.08930104134064" lon="-89.28199634494315"><ele>90.0</ele></trkpt><trkpt lat="37.08628844031598" lon="-89.26543102206718"><ele>90.0</ele></trkpt><trkpt lat="37.07423802113832" lon="-89.25538883151542"><ele>90.0</ele></trkpt><trkpt lat="37.06088315765429" lon="-89.24706325473319"><ele>90.0</ele></trkpt><trkpt lat="37.04711491436843" lon="-89.24217090549003"><ele>90.0</ele></trkpt><trkpt lat="37.03534423526878" lon="-89.23375949801932"><ele>90.0</ele></trkpt><trkpt lat="37.02890349965254" lon="-89.2170225137664"><ele>89.0</ele></trkpt><trkpt lat="37.020829178310635" lon="-89.20208797397147"><ele>89.0</ele></trkpt><trkpt lat="37.00787615898966" lon="-89.19599399508964"><ele>89.0</ele></trkpt><trkpt lat="36.99301531231793" lon="-89.19582233371268"><ele>89.0</ele></trkpt><trkpt lat="36.978617666091296" lon="-89.19213161410819"><ele>89.0</ele></trkpt><trkpt lat="36.97162354049547" lon="-89.17616710605155"><ele>89.0</ele></trkpt><trkpt lat="36.974023557992645" lon="-89.15857181491386"><ele>89.0</ele></trkpt><trkpt lat="36.981086609813204" lon="-89.1430364602996"><ele>89.0</ele></trkpt><trkpt lat="36.98341747052574" lon="-89.12510012415757"><ele>89.0</ele></trkpt><trkpt lat="36.98341747052574" lon="-89.12510012415757"><ele>89.0</ele></trkpt><trkpt lat="36.98341776652359" lon="-89.125097846408"><ele>89.0</ele></trkpt><trkpt lat="36.98341580199605" lon="-89.12509809898562"><ele>89.0</ele></trkpt><trkpt lat="36.98096251463891" lon="-89.11591689752764"><ele>89.0</ele></trkpt><trkpt lat="36.97103240099528" lon="-89.1032594687125"><ele>89.0</ele></trkpt><trkpt lat="36.95699267313448" lon="-89.09819545809238"><ele>89.0</ele></trkpt><trkpt lat="36.942245214880934" lon="-89.10042705599277"><ele>89.0</ele></trkpt><trkpt lat="36.92900436715687" lon="-89.10592022005527"><ele>89.0</ele></trkpt><trkpt lat="36.915332639464296" lon="-89.11339268542302"><ele>89.0</ele></trkpt><trkpt lat="36.90201848145014" lon="-89.11734089709294"><ele>95.0</ele></trkpt><trkpt lat="36.88691714025742" lon="-89.120774124632"><ele>95.0</ele></trkpt><trkpt lat="36.87318605569535" lon="-89.1255806431867"><ele>95.0</ele></trkpt><trkpt lat="36.85972719763441" lon="-89.13073048449529"><ele>94.0</ele></trkpt><trkpt lat="36.84580261521964" lon="-89.13776860095037"><ele>94.0</ele></trkpt><trkpt lat="36.83137715240106" lon="-89.14188847399724"><ele>94.0</ele></trkpt><trkpt lat="36.8179109324707" lon="-89.14017186022771"><ele>94.0</ele></trkpt><trkpt lat="36.80416744903782" lon="-89.13502201891912"><ele>94.0</ele></trkpt><trkpt lat="36.7912463251797" lon="-89.12678227282537"><ele>94.0</ele></trkpt><trkpt lat="36.77839928543566" lon="-89.11819920397771"><ele>94.0</ele></trkpt><trkpt lat="36.764373674990054" lon="-89.11716923571599"><ele>94.0</ele></trkpt><trkpt lat="36.74993286666277" lon="-89.1230057225324"><ele>94.0</ele></trkpt><trkpt lat="36.743880672056775" lon="-89.13055882311833"><ele>93.0</ele></trkpt><trkpt lat="36.74209243230298" lon="-89.13776860095037"><ele>93.0</ele></trkpt><trkpt lat="36.7339760513113" lon="-89.15184483386052"><ele>93.0</ele></trkpt><trkpt lat="36.720905498971824" lon="-89.16077122546208"><ele>93.0</ele></trkpt><trkpt lat="36.707462739302194" lon="-89.15647969103826"><ele>93.0</ele></trkpt><trkpt lat="36.69342416143336" lon="-89.14944157458318"><ele>93.0</ele></trkpt><trkpt lat="36.679138704244835" lon="-89.15064320422185"><ele>93.0</ele></trkpt><trkpt lat="36.665370346940165" lon="-89.15750965929998"><ele>93.0</ele></trkpt><trkpt lat="36.653803023019385" lon="-89.16918263293279"><ele>93.0</ele></trkpt><trkpt lat="36.64374905617867" lon="-89.1805122838117"><ele>92.0</ele></trkpt><trkpt lat="36.631535447721895" lon="-89.19115528918279"><ele>92.0</ele></trkpt><trkpt lat="36.61899859574084" lon="-89.1999100194074"><ele>92.0</ele></trkpt><trkpt lat="36.604806072466275" lon="-89.20437321520818"><ele>92.0</ele></trkpt><trkpt lat="36.590506086094" lon="-89.20780644274724"><ele>92.0</ele></trkpt><trkpt lat="36.57768685857104" lon="-89.21278462267888"><ele>92.0</ele></trkpt><trkpt lat="36.56872591957639" lon="-89.22823414660466"><ele>92.0</ele></trkpt><trkpt lat="36.56555487672317" lon="-89.24471363879216"><ele>92.0</ele></trkpt><trkpt lat="36.566523572584806" lon="-89.26376805163396"><ele>91.0</ele></trkpt><trkpt lat="36.57534691045791" lon="-89.27698597765935"><ele>91.0</ele></trkpt><trkpt lat="36.58692584000524" lon="-89.29003224230779"><ele>91.0</ele></trkpt><trkpt lat="36.59698721974631" lon="-89.3020485386945"><ele>91.0</ele></trkpt><trkpt lat="36.604566844820134" lon="-89.31629643298162"><ele>91.0</ele></trkpt><trkpt lat="36.60139727402012" lon="-89.33311924792302"><ele>91.0</ele></trkpt><trkpt lat="36.59037166569229" lon="-89.3453072056867"><ele>91.0</ele></trkpt><trkpt lat="36.58101110086276" lon="-89.35749516345037"><ele>91.0</ele></trkpt><trkpt lat="36.57784056244496" lon="-89.37431797839177"><ele>91.0</ele></trkpt><trkpt lat="36.570809773704056" lon="-89.3892525181867"><ele>90.0</ele></trkpt><trkpt lat="36.557849387892524" lon="-89.39714894152654"><ele>90.0</ele></trkpt><trkpt lat="36.54447309329439" lon="-89.40144047595037"><ele>90.0</ele></trkpt><trkpt lat="36.530542738833866" lon="-89.406418655882"><ele>90.0</ele></trkpt><trkpt lat="36.51610847655599" lon="-89.41088185168279"><ele>90.0</ele></trkpt><trkpt lat="36.50148307376725" lon="-89.41431507922185"><ele>90.0</ele></trkpt><trkpt lat="36.48864907680751" lon="-89.4199799046613"><ele>85.0</ele></trkpt><trkpt lat="36.47667533038363" lon="-89.43113789416326"><ele>84.0</ele></trkpt><trkpt lat="36.46728853623845" lon="-89.44538578845037"><ele>83.0</ele></trkpt><trkpt lat="36.46245665495759" lon="-89.46117863513005"><ele>83.0</ele></trkpt><trkpt lat="36.46204247969307" lon="-89.47937474108708"><ele>83.0</ele></trkpt><trkpt lat="36.46977338649384" lon="-89.49379429675115"><ele>83.0</ele></trkpt><trkpt lat="36.48371467994908" lon="-89.49276432848943"><ele>82.0</ele></trkpt><trkpt lat="36.49806745020483" lon="-89.48486790514958"><ele>88.0</ele></trkpt><trkpt lat="36.51186568253679" lon="-89.47868809557927"><ele>88.0</ele></trkpt><trkpt lat="36.52414404077529" lon="-89.47130665637029"><ele>88.0</ele></trkpt><trkpt lat="36.53792452348719" lon="-89.46701512194646"><ele>88.0</ele></trkpt><trkpt lat="36.552680935926205" lon="-89.46718678332341"><ele>88.0</ele></trkpt><trkpt lat="36.56440131185202" lon="-89.4771431431867"><ele>88.0</ele></trkpt><trkpt lat="36.573500612808395" lon="-89.49053273058904"><ele>87.0</ele></trkpt><trkpt lat="36.57749845149192" lon="-89.50769886828435"><ele>87.0</ele></trkpt><trkpt lat="36.57514856311776" lon="-89.52761158801091"><ele>87.0</ele></trkpt><trkpt lat="36.566600947857744" lon="-89.54220280505193"><ele>87.0</ele></trkpt><trkpt lat="36.55708716705604" lon="-89.5547340855695"><ele>87.0</ele></trkpt><trkpt lat="36.55101979655517" lon="-89.55902561999333"><ele>87.0</ele></trkpt><trkpt lat="36.54205576396229" lon="-89.56039891100896"><ele>87.0</ele></trkpt><trkpt lat="36.52826291489825" lon="-89.5595406041242"><ele>87.0</ele></trkpt><trkpt lat="36.51476869332094" lon="-89.55250248766912"><ele>86.0</ele></trkpt><trkpt lat="36.502902806597184" lon="-89.54323277331365"><ele>86.0</ele></trkpt><trkpt lat="36.490941552565445" lon="-89.5324181065656"><ele>80.0</ele></trkpt><trkpt lat="36.47907201401906" lon="-89.52160343981755"><ele>80.0</ele></trkpt><trkpt lat="36.46582014873045" lon="-89.52005848742498"><ele>80.0</ele></trkpt><trkpt lat="36.45270409343602" lon="-89.52743992663396"><ele>80.0</ele></trkpt><trkpt lat="36.44248583972254" lon="-89.5408295140363"><ele>80.0</ele></trkpt><trkpt lat="36.429663909300956" lon="-89.54460606432927"><ele>80.0</ele></trkpt><trkpt lat="36.41612732028311" lon="-89.53653797961248"><ele>80.0</ele></trkpt><trkpt lat="36.4042463288193" lon="-89.52675328112615"><ele>80.0</ele></trkpt><trkpt lat="36.392056914514725" lon="-89.51748356677068"><ele>79.0</ele></trkpt><trkpt lat="36.37837556431524" lon="-89.51061711169255"><ele>79.0</ele></trkpt><trkpt lat="36.3645535749826" lon="-89.51284870959294"><ele>80.0</ele></trkpt><trkpt lat="36.35059087321164" lon="-89.51868519640935"><ele>79.0</ele></trkpt><trkpt lat="36.339114698915736" lon="-89.52915654040349"><ele>79.0</ele></trkpt><trkpt lat="36.33607253784067" lon="-89.54700932360662"><ele>78.0</ele></trkpt><trkpt lat="36.33966780634579" lon="-89.56348881579412"><ele>79.97572206939489</ele></trkpt><trkpt lat="36.34383846294476" lon="-89.5818565831281"><ele>78.0</ele></trkpt><trkpt lat="36.34397673178368" lon="-89.59885105944646"><ele>78.0</ele></trkpt><trkpt lat="36.339275453534846" lon="-89.6144722447492"><ele>78.0</ele></trkpt><trkpt lat="36.32475500870893" lon="-89.6173904881574"><ele>79.0</ele></trkpt><trkpt lat="36.31147680530158" lon="-89.61206898547185"><ele>77.0</ele></trkpt><trkpt lat="36.30082494503576" lon="-89.59970936633123"><ele>77.0</ele></trkpt><trkpt lat="36.29266214551918" lon="-89.58391651965154"><ele>77.0</ele></trkpt><trkpt lat="36.28436011751015" lon="-89.56984028674138"><ele>77.0</ele></trkpt><trkpt lat="36.273199879190436" lon="-89.55936894274724"><ele>79.0</ele></trkpt><trkpt lat="36.258805547582504" lon="-89.56142887927068"><ele>79.0</ele></trkpt><trkpt lat="36.24759274002457" lon="-89.571213577757"><ele>77.0</ele></trkpt><trkpt lat="36.24108580533617" lon="-89.58872303820623"><ele>77.0</ele></trkpt><trkpt lat="36.2384551886171" lon="-89.60554585314763"><ele>77.0</ele></trkpt><trkpt lat="36.244011349950824" lon="-89.62271199084294"><ele>77.0</ele></trkpt><trkpt lat="36.25051804107808" lon="-89.65464100695623"><ele>77.0</ele></trkpt><trkpt lat="36.244011349950824" lon="-89.67043385363591"><ele>76.0</ele></trkpt><trkpt lat="36.240965478606185" lon="-89.67918858386052"><ele>76.0</ele></trkpt><trkpt lat="36.23418106586242" lon="-89.68279347277654"><ele>76.0</ele></trkpt><trkpt lat="36.22074896149547" lon="-89.68468174792302"><ele>76.0</ele></trkpt><trkpt lat="36.21175691000805" lon="-89.67180714465154"><ele>76.0</ele></trkpt><trkpt lat="36.203030727489576" lon="-89.65721592761052"><ele>76.0</ele></trkpt><trkpt lat="36.19416503795159" lon="-89.64365467883123"><ele>76.0</ele></trkpt><trkpt lat="36.185264814593275" lon="-89.6283768162824"><ele>76.0</ele></trkpt><trkpt lat="36.17625854770063" lon="-89.61464390612615"><ele>76.0</ele></trkpt><trkpt lat="36.16517249023521" lon="-89.60314259387029"><ele>75.0</ele></trkpt><trkpt lat="36.15242158555052" lon="-89.59455952502263"><ele>75.0</ele></trkpt><trkpt lat="36.13897545124886" lon="-89.593186234007"><ele>75.0</ele></trkpt><trkpt lat="36.12455641714834" lon="-89.59764942980779"><ele>74.0</ele></trkpt><trkpt lat="36.11568184872671" lon="-89.61172566271794"><ele>74.0</ele></trkpt><trkpt lat="36.10781901877348" lon="-89.62820515490544"><ele>74.0</ele></trkpt><trkpt lat="36.102410045325605" lon="-89.64348301745427"><ele>74.0</ele></trkpt><trkpt lat="36.1004682717089" lon="-89.66082081652654"><ele>73.0</ele></trkpt><trkpt lat="36.09283941077444" lon="-89.6752403721906"><ele>73.0</ele></trkpt><trkpt lat="36.07896685718974" lon="-89.6807335362531"><ele>73.0</ele></trkpt><trkpt lat="36.065091855748214" lon="-89.68227848864568"><ele>73.0</ele></trkpt><trkpt lat="36.049718571730914" lon="-89.68536839343083"><ele>73.0</ele></trkpt><trkpt lat="36.036116039174416" lon="-89.68725666857732"><ele>73.0</ele></trkpt><trkpt lat="36.021986473866534" lon="-89.692063187132"><ele>73.0</ele></trkpt><trkpt lat="36.01018433961545" lon="-89.70253453112615"><ele>73.0</ele></trkpt><trkpt lat="35.99896453980845" lon="-89.71420750475896"><ele>73.0</ele></trkpt><trkpt lat="35.98702005910529" lon="-89.72279057360662"><ele>73.0</ele></trkpt><trkpt lat="35.97271207999712" lon="-89.72244725085271"><ele>73.0</ele></trkpt><trkpt lat="35.9657650151828" lon="-89.71764073229802"><ele>72.0</ele></trkpt><trkpt lat="35.961041007872026" lon="-89.71249089098943"><ele>72.0</ele></trkpt><trkpt lat="35.95285788676152" lon="-89.69669804430974"><ele>72.0</ele></trkpt><trkpt lat="35.94438087546373" lon="-89.68382344103826"><ele>72.0</ele></trkpt><trkpt lat="35.93468282245604" lon="-89.66803059435857"><ele>72.0</ele></trkpt><trkpt lat="35.92801092939599" lon="-89.65395436144841"><ele>72.0</ele></trkpt><trkpt lat="35.91716790237244" lon="-89.64365467883123"><ele>72.0</ele></trkpt><trkpt lat="35.90270822063633" lon="-89.6426247105695"><ele>72.0</ele></trkpt><trkpt lat="35.8886886709525" lon="-89.64554295397771"><ele>72.0</ele></trkpt><trkpt lat="35.87811843789899" lon="-89.65773091174138"><ele>72.0</ele></trkpt><trkpt lat="35.87881389132052" lon="-89.67592701769841"><ele>72.0</ele></trkpt><trkpt lat="35.898702228795074" lon="-89.70339283801091"><ele>72.0</ele></trkpt><trkpt lat="35.90523755070979" lon="-89.71746907092107"><ele>72.0</ele></trkpt><trkpt lat="35.91039067235205" lon="-89.73515019274724"><ele>72.0</ele></trkpt><trkpt lat="35.90580239730153" lon="-89.75042805529607"><ele>69.0</ele></trkpt><trkpt lat="35.8937047605694" lon="-89.76158604479802"><ele>72.0</ele></trkpt><trkpt lat="35.880631672760856" lon="-89.76810917712224"><ele>72.0</ele></trkpt><trkpt lat="35.86630442846471" lon="-89.76690754748357"><ele>71.0</ele></trkpt><trkpt lat="35.856844245469276" lon="-89.76261601305974"><ele>71.0</ele></trkpt><trkpt lat="35.85086148821467" lon="-89.7382400975324"><ele>71.0</ele></trkpt><trkpt lat="35.845063995621" lon="-89.72158894396794"><ele>71.0</ele></trkpt><trkpt lat="35.837132088294176" lon="-89.70716938830388"><ele>71.0</ele></trkpt><trkpt lat="35.82544151609779" lon="-89.6997879490949"><ele>71.0</ele></trkpt><trkpt lat="35.81374922168115" lon="-89.70888600207341"><ele>71.0</ele></trkpt><trkpt lat="35.805141670609025" lon="-89.72399220324529"><ele>71.0</ele></trkpt><trkpt lat="35.79798445137798" lon="-89.74062327909172"><ele>71.0</ele></trkpt><trkpt lat="35.797933942440416" lon="-89.74070784408495"><ele>71.0</ele></trkpt><trkpt lat="35.79090871358321" lon="-89.7548068335348"><ele>71.0</ele></trkpt><trkpt lat="35.78179116882038" lon="-89.76849682834681"><ele>71.0</ele></trkpt><trkpt lat="35.77273873807074" lon="-89.7822726538473"><ele>70.0</ele></trkpt><trkpt lat="35.7632940894182" lon="-89.7965660612138"><ele>70.0</ele></trkpt><trkpt lat="35.755075399576754" lon="-89.81107144756633"><ele>70.0</ele></trkpt><trkpt lat="35.74797042427353" lon="-89.82669263286907"><ele>70.0</ele></trkpt><trkpt lat="35.74288510155287" lon="-89.84351544781047"><ele>69.0</ele></trkpt><trkpt lat="35.73732675633891" lon="-89.85956578655559"><ele>69.0</ele></trkpt><trkpt lat="35.73407447913936" lon="-89.87587101963099"><ele>69.0</ele></trkpt><trkpt lat="35.73086987961074" lon="-89.89346631076869"><ele>69.0</ele></trkpt><trkpt lat="35.727781897186816" lon="-89.91093545360881"><ele>66.0</ele></trkpt><trkpt lat="35.722277192856204" lon="-89.92750077648479"><ele>66.0</ele></trkpt><trkpt lat="35.71176064379554" lon="-89.93943124218303"><ele>65.0</ele></trkpt><trkpt lat="35.6978211438741" lon="-89.94363694591839"><ele>65.0</ele></trkpt><trkpt lat="35.684018638228224" lon="-89.94046121044475"><ele>65.0</ele></trkpt><trkpt lat="35.670372455269394" lon="-89.93402390880901"><ele>65.0</ele></trkpt><trkpt lat="35.659215263162245" lon="-89.92338090343792"><ele>65.0</ele></trkpt><trkpt lat="35.65266661951928" lon="-89.90750222606975"><ele>65.0</ele></trkpt><trkpt lat="35.64694748539281" lon="-89.89162354870159"><ele>64.0</ele></trkpt><trkpt lat="35.638088993926694" lon="-89.87754731579143"><ele>64.0</ele></trkpt><trkpt lat="35.625620243760515" lon="-89.877289823726"><ele>64.0</ele></trkpt><trkpt lat="35.617247807537524" lon="-89.89153771801311"><ele>64.0</ele></trkpt><trkpt lat="35.605594708402506" lon="-89.90003495617229"><ele>64.0</ele></trkpt><trkpt lat="35.59032558475044" lon="-89.90346818371135"><ele>64.0</ele></trkpt><trkpt lat="35.57629507143926" lon="-89.9044123212846"><ele>64.0</ele></trkpt><trkpt lat="35.5617733453419" lon="-89.90415482921917"><ele>64.0</ele></trkpt><trkpt lat="35.547970524170566" lon="-89.90106492443401"><ele>63.0</ele></trkpt><trkpt lat="35.533513512613844" lon="-89.89943414135296"><ele>63.0</ele></trkpt><trkpt lat="35.51961276958184" lon="-89.90398316784221"><ele>63.0</ele></trkpt><trkpt lat="35.512853515136236" lon="-89.91900353832561"><ele>63.0</ele></trkpt><trkpt lat="35.51795349174105" lon="-89.93556886120159"><ele>63.0</ele></trkpt><trkpt lat="35.52152110404756" lon="-89.95316415233928"><ele>63.0</ele></trkpt><trkpt lat="35.5230579514537" lon="-89.97058778210003"><ele>63.0</ele></trkpt><trkpt lat="35.52110195873852" lon="-89.98809724254924"><ele>64.0</ele></trkpt><trkpt lat="35.514256992312774" lon="-90.0032892744096"><ele>62.0</ele></trkpt><trkpt lat="35.5018901667121" lon="-90.01212983532268"><ele>62.0</ele></trkpt><trkpt lat="35.48784417417158" lon="-90.01075654430706"><ele>62.0</ele></trkpt><trkpt lat="35.474428001593544" lon="-90.00354676647503"><ele>62.0</ele></trkpt><trkpt lat="35.46018161563678" lon="-89.99874024792034"><ele>62.0</ele></trkpt><trkpt lat="35.445289254773684" lon="-89.9966803113969"><ele>62.0</ele></trkpt><trkpt lat="35.438576303796026" lon="-89.9970236341508"><ele>62.0</ele></trkpt><trkpt lat="35.43179285768107" lon="-90.00019936962444"><ele>62.0</ele></trkpt><trkpt lat="35.42335965088302" lon="-90.01487641735393"><ele>62.0</ele></trkpt><trkpt lat="35.41713450979658" lon="-90.0307550947221"><ele>61.0</ele></trkpt><trkpt lat="35.40999948691832" lon="-90.04620461864788"><ele>61.0</ele></trkpt><trkpt lat="35.4014047892826" lon="-90.06028085155803"><ele>61.0</ele></trkpt><trkpt lat="35.39615748646692" lon="-90.06749062939006"><ele>61.0</ele></trkpt><trkpt lat="35.39118972514319" lon="-90.0721254865678"><ele>61.0</ele></trkpt><trkpt lat="35.37747431677584" lon="-90.08002190990764"><ele>61.13876351831469</ele></trkpt><trkpt lat="35.36453367504395" lon="-90.08774667187053"><ele>60.0</ele></trkpt><trkpt lat="35.35081373573252" lon="-90.09392648144085"><ele>60.0</ele></trkpt><trkpt lat="35.33633096075996" lon="-90.09710221691448"><ele>60.0</ele></trkpt><trkpt lat="35.323384418810875" lon="-90.10448365612346"><ele>59.0</ele></trkpt><trkpt lat="35.30874694896227" lon="-90.10697274608928"><ele>59.0</ele></trkpt><trkpt lat="35.29467381719464" lon="-90.10757356090862"><ele>59.0</ele></trkpt><trkpt lat="35.279977494842" lon="-90.10748773022014"><ele>59.0</ele></trkpt><trkpt lat="35.266453438803005" lon="-90.10293870373089"><ele>59.0</ele></trkpt><trkpt lat="35.25211138926101" lon="-90.09547662930372"><ele>59.0</ele></trkpt><trkpt lat="35.240054826871706" lon="-90.08758020596387"><ele>59.0</ele></trkpt><trkpt lat="35.22729534960096" lon="-90.07916879849317"><ele>58.0</ele></trkpt><trkpt lat="35.214378976431334" lon="-90.06972742276075"><ele>58.0</ele></trkpt><trkpt lat="35.20203626876352" lon="-90.06337595181348"><ele>58.0</ele></trkpt><trkpt lat="35.18590376623998" lon="-90.06251764492872"><ele>57.70702021429315</ele></trkpt><trkpt lat="35.17299545785755" lon="-90.06337595181348"><ele>57.0</ele></trkpt><trkpt lat="35.15812030034547" lon="-90.0644059200752"><ele>57.0</ele></trkpt><trkpt lat="35.143803901042084" lon="-90.06474924282911"><ele>57.0</ele></trkpt><trkpt lat="35.13173125440996" lon="-90.07298898892286"><ele>60.0</ele></trkpt><trkpt lat="35.12100827509622" lon="-90.08517694668653"><ele>57.0</ele></trkpt><trkpt lat="35.11777881545445" lon="-90.10182810025098"><ele>57.43452371964859</ele></trkpt><trkpt lat="35.12423760671222" lon="-90.11813593106153"><ele>58.17848897203369</ele></trkpt><trkpt lat="35.13139784184879" lon="-90.13375711636427"><ele>57.0</ele></trkpt><trkpt lat="35.13083627753085" lon="-90.15040826992872"><ele>57.0</ele></trkpt><trkpt lat="35.12339518472065" lon="-90.1662011166084"><ele>57.0</ele></trkpt><trkpt lat="35.11160036203768" lon="-90.17564249234083"><ele>56.0</ele></trkpt><trkpt lat="35.09489225229507" lon="-90.17993402676466"><ele>56.0</ele></trkpt><trkpt lat="35.082812356160375" lon="-90.18062067227247"><ele>56.0</ele></trkpt><trkpt lat="35.06918521007517" lon="-90.17873239712598"><ele>56.0</ele></trkpt><trkpt lat="35.05323854847395" lon="-90.18250894741895"><ele>56.0</ele></trkpt><trkpt lat="35.0411524855243" lon="-90.19263696865919"><ele>56.0</ele></trkpt><trkpt lat="35.02990803090103" lon="-90.20362329678419"><ele>56.0</ele></trkpt><trkpt lat="35.02231714941237" lon="-90.21769952969434"><ele>55.0</ele></trkpt><trkpt lat="35.01936494959125" lon="-90.23572397427442"><ele>55.0</ele></trkpt><trkpt lat="35.02034902804203" lon="-90.25254678921583"><ele>55.0</ele></trkpt><trkpt lat="35.02119251443036" lon="-90.27005624966505"><ele>55.0</ele></trkpt><trkpt lat="35.016553231615006" lon="-90.28602075772169"><ele>55.0</ele></trkpt><trkpt lat="35.014022602776215" lon="-90.29391718106153"><ele>55.0</ele></trkpt><trkpt lat="35.00600842818991" lon="-90.30009699063184"><ele>55.0</ele></trkpt><trkpt lat="34.99702760416818" lon="-90.30387354092481"><ele>55.0</ele></trkpt><trkpt lat="34.992105690521974" lon="-90.30456018643262"><ele>55.0</ele></trkpt><trkpt lat="34.984230013045284" lon="-90.30301523404005"><ele>55.0</ele></trkpt><trkpt lat="34.9681950429038" lon="-90.28293085293653"><ele>55.0</ele></trkpt><trkpt lat="34.95989500978917" lon="-90.26902628140333"><ele>55.0</ele></trkpt><trkpt lat="34.954164162776095" lon="-90.2537484188545"><ele>55.0</ele></trkpt><trkpt lat="34.94262632067909" lon="-90.24430704312208"><ele>55.0</ele></trkpt><trkpt lat="34.928835062585925" lon="-90.2431054134834"><ele>55.0</ele></trkpt><trkpt lat="34.914337669761245" lon="-90.2431054134834"><ele>55.0</ele></trkpt><trkpt lat="34.901386376985705" lon="-90.25100183682325"><ele>54.0</ele></trkpt><trkpt lat="34.891345296401965" lon="-90.26353311734083"><ele>54.0</ele></trkpt><trkpt lat="34.88514972050441" lon="-90.27846765713575"><ele>54.0</ele></trkpt><trkpt lat="34.88106601734518" lon="-90.29563379483106"><ele>54.0</ele></trkpt><trkpt lat="34.874984499759265" lon="-90.31305222912151"><ele>53.0</ele></trkpt><trkpt lat="34.87125238644641" lon="-90.32206445141155"><ele>53.0</ele></trkpt><trkpt lat="34.86512571993901" lon="-90.32807259960491"><ele>53.0</ele></trkpt><trkpt lat="34.858655095781586" lon="-90.34232049389202"><ele>53.0</ele></trkpt><trkpt lat="34.855133539497096" lon="-90.35940080089885"><ele>53.0</ele></trkpt><trkpt lat="34.85175270363979" lon="-90.37588029308635"><ele>54.0</ele></trkpt><trkpt lat="34.84555916943748" lon="-90.39193063183147"><ele>52.0</ele></trkpt><trkpt lat="34.83900791160597" lon="-90.40540604992229"><ele>52.46710336788577</ele></trkpt><trkpt lat="34.832597036318184" lon="-90.41690736217815"><ele>52.0</ele></trkpt><trkpt lat="34.82414237167877" lon="-90.43227105541546"><ele>52.0</ele></trkpt><trkpt lat="34.82153534167453" lon="-90.4361334363969"><ele>52.0</ele></trkpt><trkpt lat="34.8168918008372" lon="-90.4526129285844"><ele>52.0</ele></trkpt><trkpt lat="34.8101973199315" lon="-90.46814828319866"><ele>51.0</ele></trkpt><trkpt lat="34.796736243948665" lon="-90.4749289075883"><ele>51.0</ele></trkpt><trkpt lat="34.78293759980539" lon="-90.47012238903362"><ele>51.0</ele></trkpt><trkpt lat="34.77024763439762" lon="-90.46136765880901"><ele>51.0</ele></trkpt><trkpt lat="34.75784649674563" lon="-90.45175462169964"><ele>51.0</ele></trkpt><trkpt lat="34.74522319988709" lon="-90.4482355634721"><ele>51.0</ele></trkpt><trkpt lat="34.73240390198848" lon="-90.45613198681194"><ele>51.0</ele></trkpt><trkpt lat="34.72640994651618" lon="-90.47226815624553"><ele>51.0</ele></trkpt><trkpt lat="34.724011461307" lon="-90.48969178600628"><ele>56.0</ele></trkpt><trkpt lat="34.72549305705113" lon="-90.50823121471721"><ele>56.0</ele></trkpt><trkpt lat="34.73325247142745" lon="-90.52273660106975"><ele>56.0</ele></trkpt><trkpt lat="34.73967107272836" lon="-90.53810029430706"><ele>56.0</ele></trkpt><trkpt lat="34.742419407362185" lon="-90.55543809337932"><ele>56.0</ele></trkpt><trkpt lat="34.73205099463351" lon="-90.5665102521928"><ele>55.0</ele></trkpt><trkpt lat="34.71716616926624" lon="-90.56839852733928"><ele>55.0</ele></trkpt><trkpt lat="34.70272101361402" lon="-90.56951432628948"><ele>55.0</ele></trkpt><trkpt lat="34.687830908809175" lon="-90.56839852733928"><ele>55.0</ele></trkpt><trkpt lat="34.673996942382736" lon="-90.56925683422405"><ele>55.0</ele></trkpt><trkpt lat="34.66172050616519" lon="-90.57672410412151"><ele>55.0</ele></trkpt><trkpt lat="34.64789531014045" lon="-90.58350472851116"><ele>55.0</ele></trkpt><trkpt lat="34.633984053157945" lon="-90.58693795605022"><ele>55.0</ele></trkpt><trkpt lat="34.61931146451065" lon="-90.58856873913128"><ele>55.0</ele></trkpt><trkpt lat="34.605819287441655" lon="-90.58324723644573"><ele>54.0</ele></trkpt><trkpt lat="34.59310213989981" lon="-90.5745783369096"><ele>54.0</ele></trkpt><trkpt lat="34.58238937911173" lon="-90.56299119396526"><ele>54.0</ele></trkpt><trkpt lat="34.571294180527076" lon="-90.55217652721721"><ele>54.0</ele></trkpt><trkpt lat="34.55941997128451" lon="-90.54522424145061"><ele>54.0</ele></trkpt><trkpt lat="34.54521110058759" lon="-90.54385095043499"><ele>54.0</ele></trkpt><trkpt lat="34.531732267627845" lon="-90.5529490034135"><ele>53.0</ele></trkpt><trkpt lat="34.52381255218091" lon="-90.56779771251995"><ele>53.0</ele></trkpt><trkpt lat="34.51468980381976" lon="-90.58024316234905"><ele>53.0</ele></trkpt><trkpt lat="34.49977222079742" lon="-90.58633714123089"><ele>53.0</ele></trkpt><trkpt lat="34.486968110156795" lon="-90.59097199840862"><ele>53.0</ele></trkpt><trkpt lat="34.4723326797481" lon="-90.5899420301469"><ele>53.0</ele></trkpt><trkpt lat="34.458474886801326" lon="-90.58625131054241"><ele>53.0</ele></trkpt><trkpt lat="34.44410723265635" lon="-90.58221726818401"><ele>48.0</ele></trkpt><trkpt lat="34.42989434457011" lon="-90.58384805126506"><ele>48.0</ele></trkpt><trkpt lat="34.41488451034388" lon="-90.58453469677288"><ele>48.0</ele></trkpt><trkpt lat="34.40215525643527" lon="-90.59449105663616"><ele>52.0</ele></trkpt><trkpt lat="34.392948379353" lon="-90.60796647472698"><ele>52.0</ele></trkpt><trkpt lat="34.386502962742966" lon="-90.62375932140667"><ele>52.0</ele></trkpt><trkpt lat="34.38289988852343" lon="-90.64075379772503"><ele>52.0</ele></trkpt><trkpt lat="34.382262375336225" lon="-90.65714745922405"><ele>52.0</ele></trkpt><trkpt lat="34.374824362856295" lon="-90.67216782970745"><ele>52.0</ele></trkpt><trkpt lat="34.36873804446632" lon="-90.68899064464885"><ele>52.0</ele></trkpt><trkpt lat="34.364416296061556" lon="-90.70486932201702"><ele>52.0</ele></trkpt><trkpt lat="34.3619365037065" lon="-90.72152047558147"><ele>52.0</ele></trkpt><trkpt lat="34.36604583393595" lon="-90.73885827465374"><ele>52.0</ele></trkpt><trkpt lat="34.3677718141953" lon="-90.75628709988477"><ele>51.0</ele></trkpt><trkpt lat="34.35841944546003" lon="-90.76830339627149"><ele>51.0</ele></trkpt><trkpt lat="34.34467240323037" lon="-90.76624345974805"><ele>51.0</ele></trkpt><trkpt lat="34.33333294026644" lon="-90.75405550198438"><ele>51.0</ele></trkpt><trkpt lat="34.32298434263191" lon="-90.74289751248243"><ele>51.0</ele></trkpt><trkpt lat="34.30866431543297" lon="-90.73912096218946"><ele>51.0</ele></trkpt><trkpt lat="34.298524060615335" lon="-90.73723268704298"><ele>50.0</ele></trkpt><trkpt lat="34.29313504458009" lon="-90.73963594632032"><ele>50.0</ele></trkpt><trkpt lat="34.28646813712787" lon="-90.73997926907423"><ele>50.0</ele></trkpt><trkpt lat="34.27625561172093" lon="-90.75388384060743"><ele>50.0</ele></trkpt><trkpt lat="34.27313487035431" lon="-90.77053499417188"><ele>50.0</ele></trkpt><trkpt lat="34.27639746084877" lon="-90.78855943875196"><ele>50.0</ele></trkpt><trkpt lat="34.277967347517" lon="-90.80555391507032"><ele>50.0</ele></trkpt><trkpt lat="34.2754140742768" lon="-90.8235783596504"><ele>50.0</ele></trkpt><trkpt lat="34.26548394118891" lon="-90.83422136502149"><ele>49.0</ele></trkpt><trkpt lat="34.25072843536215" lon="-90.83662462429884"><ele>49.0</ele></trkpt><trkpt lat="34.236679924616055" lon="-90.83885622219923"><ele>49.0</ele></trkpt><trkpt lat="34.22234518949011" lon="-90.83988619046094"><ele>49.0</ele></trkpt><trkpt lat="34.209193135898786" lon="-90.84537935452344"><ele>48.0</ele></trkpt><trkpt lat="34.19826132941842" lon="-90.8565373440254"><ele>43.0</ele></trkpt><trkpt lat="34.18860608783402" lon="-90.8700985928047"><ele>43.0</ele></trkpt><trkpt lat="34.18278401093019" lon="-90.88554811673048"><ele>43.0</ele></trkpt><trkpt lat="34.173882349860754" lon="-90.89996767239454"><ele>42.0</ele></trkpt><trkpt lat="34.16422431772051" lon="-90.91301393704298"><ele>42.0</ele></trkpt><trkpt lat="34.15641186573128" lon="-90.92674684719923"><ele>42.0</ele></trkpt><trkpt lat="34.1477463008469" lon="-90.94065141873243"><ele>42.0</ele></trkpt><trkpt lat="34.135243591716275" lon="-90.95146608548048"><ele>42.0</ele></trkpt><trkpt lat="34.121767353079406" lon="-90.95386934475782"><ele>42.0</ele></trkpt><trkpt lat="34.113382482551955" lon="-90.95009279446485"><ele>41.0</ele></trkpt><trkpt lat="34.10911867024861" lon="-90.94391298489454"><ele>41.0</ele></trkpt><trkpt lat="34.098600347715085" lon="-90.92760515408399"><ele>41.0</ele></trkpt><trkpt lat="34.09149263286633" lon="-90.9169621487129"><ele>41.0</ele></trkpt><trkpt lat="34.07935364432988" lon="-90.9059758205879"><ele>41.0</ele></trkpt><trkpt lat="34.06655641937098" lon="-90.89739275174024"><ele>41.0</ele></trkpt><trkpt lat="34.057028341137745" lon="-90.8920712490547"><ele>41.0</ele></trkpt><trkpt lat="34.05148165310869" lon="-90.89052629666212"><ele>41.0</ele></trkpt><trkpt lat="34.038111221288446" lon="-90.89189958767774"><ele>41.0</ele></trkpt><trkpt lat="34.02772634669034" lon="-90.89464616970899"><ele>41.0</ele></trkpt><trkpt lat="34.02488095373452" lon="-90.9004826565254"><ele>40.0</ele></trkpt><trkpt lat="34.022035465373776" lon="-90.91816377835157"><ele>40.0</ele></trkpt><trkpt lat="34.02047040611045" lon="-90.93532991604688"><ele>40.0</ele></trkpt><trkpt lat="34.02175091129059" lon="-90.95215273098829"><ele>40.0</ele></trkpt><trkpt lat="34.02280362860151" lon="-90.96880388455274"><ele>40.0</ele></trkpt><trkpt lat="34.02010035075949" lon="-90.98631334500196"><ele>40.0</ele></trkpt><trkpt lat="34.012132294185" lon="-91.00090456204298"><ele>39.0</ele></trkpt><trkpt lat="34.00359426084101" lon="-91.01498079495313"><ele>39.0</ele></trkpt><trkpt lat="33.996620896849464" lon="-91.0294003506172"><ele>39.0</ele></trkpt><trkpt lat="33.98793897036422" lon="-91.0513730068672"><ele>39.0</ele></trkpt><trkpt lat="33.98551925902551" lon="-91.06356096463087"><ele>39.0</ele></trkpt><trkpt lat="33.98069698987887" lon="-91.07695055203321"><ele>39.0</ele></trkpt><trkpt lat="33.967173038353664" lon="-91.08536195950391"><ele>39.0</ele></trkpt><trkpt lat="33.965606968177134" lon="-91.08587694363477"><ele>39.0</ele></trkpt><trkpt lat="33.965433452945646" lon="-91.08590913014295"><ele>39.0</ele></trkpt><trkpt lat="33.96523332526559" lon="-91.08599524200682"><ele>39.0</ele></trkpt><trkpt lat="33.95957385189676" lon="-91.08483652771238"><ele>39.0</ele></trkpt><trkpt lat="33.95558707859589" lon="-91.0783563107324"><ele>39.0</ele></trkpt><trkpt lat="33.950936617408196" lon="-91.06153609352614"><ele>39.0</ele></trkpt><trkpt lat="33.946095019824526" lon="-91.04436995583083"><ele>38.0</ele></trkpt><trkpt lat="33.93898443455833" lon="-91.02849127846267"><ele>38.0</ele></trkpt><trkpt lat="33.928231357111336" lon="-91.01733328896071"><ele>38.0</ele></trkpt><trkpt lat="33.92132263044483" lon="-91.01750495033767"><ele>38.0</ele></trkpt><trkpt lat="33.91441374791061" lon="-91.02222563820388"><ele>37.0</ele></trkpt><trkpt lat="33.90213102030482" lon="-91.0323588549144"><ele>37.0</ele></trkpt><trkpt lat="33.891159547720505" lon="-91.04420348992417"><ele>37.0</ele></trkpt><trkpt lat="33.879474089937574" lon="-91.05518981804917"><ele>37.0</ele></trkpt><trkpt lat="33.86636167121832" lon="-91.06566116204331"><ele>37.0</ele></trkpt><trkpt lat="33.85585019216253" lon="-91.07132598748277"><ele>37.0</ele></trkpt><trkpt lat="33.839454818586646" lon="-91.0653178392894"><ele>37.0</ele></trkpt><trkpt lat="33.82619365040144" lon="-91.05673477044175"><ele>36.0</ele></trkpt><trkpt lat="33.813643554085054" lon="-91.04798004021714"><ele>36.0</ele></trkpt><trkpt lat="33.799032117602614" lon="-91.04317352166245"><ele>36.0</ele></trkpt><trkpt lat="33.78476597381248" lon="-91.04437515130113"><ele>36.0</ele></trkpt><trkpt lat="33.77763201051879" lon="-91.05879470696519"><ele>36.0</ele></trkpt><trkpt lat="33.77492094866873" lon="-91.07699081292222"><ele>36.0</ele></trkpt><trkpt lat="33.77208616074975" lon="-91.09381362786363"><ele>36.0</ele></trkpt><trkpt lat="33.770659204416205" lon="-91.11115142693589"><ele>36.0</ele></trkpt><trkpt lat="33.76380948321519" lon="-91.12642928948472"><ele>36.0</ele></trkpt><trkpt lat="33.75339114943003" lon="-91.13707229485581"><ele>36.0</ele></trkpt><trkpt lat="33.74040213854501" lon="-91.14531204094956"><ele>36.0</ele></trkpt><trkpt lat="33.72569791775801" lon="-91.14788696160386"><ele>35.0</ele></trkpt><trkpt lat="33.71304430854288" lon="-91.15458175530503"><ele>35.0</ele></trkpt><trkpt lat="33.70376228129753" lon="-91.16951629509995"><ele>35.0</ele></trkpt><trkpt lat="33.70133450868473" lon="-91.1854808031566"><ele>35.0</ele></trkpt><trkpt lat="33.70133450868473" lon="-91.20384857049058"><ele>35.0</ele></trkpt><trkpt lat="33.69492500738858" lon="-91.21964141717027"><ele>35.0</ele></trkpt><trkpt lat="33.683212737599455" lon="-91.22736617913316"><ele>35.0</ele></trkpt><trkpt lat="33.66835585592238" lon="-91.22444793572495"><ele>35.0</ele></trkpt><trkpt lat="33.65978341049244" lon="-91.21346160759995"><ele>35.0</ele></trkpt><trkpt lat="33.657068624698375" lon="-91.19543716301988"><ele>35.0</ele></trkpt><trkpt lat="33.6523532668587" lon="-91.17895767083238"><ele>35.0</ele></trkpt><trkpt lat="33.64463666948384" lon="-91.16453811516831"><ele>35.0</ele></trkpt><trkpt lat="33.636347701830026" lon="-91.15132018914292"><ele>35.0</ele></trkpt><trkpt lat="33.62715116144396" lon="-91.13758727898667"><ele>35.0</ele></trkpt><trkpt lat="33.61328531448804" lon="-91.1305491625316"><ele>34.0</ele></trkpt><trkpt lat="33.5997031988687" lon="-91.13260909905503"><ele>34.0</ele></trkpt><trkpt lat="33.58711996190475" lon="-91.1418788134105"><ele>34.0</ele></trkpt><trkpt lat="33.576680202041224" lon="-91.15492507805894"><ele>34.0</ele></trkpt><trkpt lat="33.569815014205254" lon="-91.17054626336167"><ele>34.0</ele></trkpt><trkpt lat="33.56781256491205" lon="-91.18754073968003"><ele>34.0</ele></trkpt><trkpt lat="33.56827549683788" lon="-91.20436355462144"><ele>34.0</ele></trkpt><trkpt lat="33.56770336300574" lon="-91.22152969231675"><ele>34.0</ele></trkpt><trkpt lat="33.558119557762005" lon="-91.23251602044175"><ele>34.0</ele></trkpt><trkpt lat="33.54424261206109" lon="-91.22770950188706"><ele>34.0</ele></trkpt><trkpt lat="33.531222007975195" lon="-91.21861144890855"><ele>34.0</ele></trkpt><trkpt lat="33.52177726593544" lon="-91.20608016839097"><ele>34.0</ele></trkpt><trkpt lat="33.512651559982274" lon="-91.19286224236558"><ele>34.0</ele></trkpt><trkpt lat="33.504493046746475" lon="-91.17758437981675"><ele>34.0</ele></trkpt><trkpt lat="33.49662006801321" lon="-91.1641947924144"><ele>33.0</ele></trkpt><trkpt lat="33.4886215611962" lon="-91.15011855950425"><ele>33.0</ele></trkpt><trkpt lat="33.47845626379773" lon="-91.13741561760972"><ele>33.0</ele></trkpt><trkpt lat="33.46630135521555" lon="-91.12660095086167"><ele>35.0</ele></trkpt><trkpt lat="33.454128357018554" lon="-91.11887618889878"><ele>33.0</ele></trkpt><trkpt lat="33.439825613705885" lon="-91.11509963860581"><ele>33.0</ele></trkpt><trkpt lat="33.42607296406413" lon="-91.11321136345933"><ele>32.0</ele></trkpt><trkpt lat="33.41059862849494" lon="-91.1118380724437"><ele>32.0</ele></trkpt><trkpt lat="33.395838128539715" lon="-91.10994979729722"><ele>32.0</ele></trkpt><trkpt lat="33.38186329086388" lon="-91.10960647454331"><ele>32.0</ele></trkpt><trkpt lat="33.37025189159088" lon="-91.11921951165269"><ele>32.0</ele></trkpt><trkpt lat="33.35892570040955" lon="-91.12986251702378"><ele>31.0</ele></trkpt><trkpt lat="33.34802822645391" lon="-91.14102050652573"><ele>31.0</ele></trkpt><trkpt lat="33.33727280297295" lon="-91.15303680291245"><ele>31.0</ele></trkpt><trkpt lat="33.32708977817838" lon="-91.16556808343003"><ele>31.0</ele></trkpt><trkpt lat="33.31461036453398" lon="-91.17380782952378"><ele>34.0</ele></trkpt><trkpt lat="33.30031698874073" lon="-91.16711303582261"><ele>31.0</ele></trkpt><trkpt lat="33.289268689417945" lon="-91.15612670769761"><ele>31.0</ele></trkpt><trkpt lat="33.27836250259698" lon="-91.14531204094956"><ele>31.0</ele></trkpt><trkpt lat="33.26573258384589" lon="-91.13329574456284"><ele>30.0</ele></trkpt><trkpt lat="33.25511055646234" lon="-91.12402603020738"><ele>30.0</ele></trkpt><trkpt lat="33.24136105946078" lon="-91.1147563158519"><ele>30.0</ele></trkpt><trkpt lat="33.22858219783341" lon="-91.10617324700425"><ele>30.0</ele></trkpt><trkpt lat="33.21738121062757" lon="-91.09896346917222"><ele>30.0</ele></trkpt><trkpt lat="33.204336513008755" lon="-91.09106704583238"><ele>30.0</ele></trkpt><trkpt lat="33.190833969961275" lon="-91.08557388176988"><ele>30.0</ele></trkpt><trkpt lat="33.17718566762475" lon="-91.0817973314769"><ele>29.0</ele></trkpt><trkpt lat="33.162173753295285" lon="-91.08248397698472"><ele>29.0</ele></trkpt><trkpt lat="33.147514910186246" lon="-91.08471557488511"><ele>29.0</ele></trkpt><trkpt lat="33.133141117254965" lon="-91.08935043206284"><ele>29.0</ele></trkpt><trkpt lat="33.12135285043572" lon="-91.09965011468003"><ele>29.0</ele></trkpt><trkpt lat="33.11502678652886" lon="-91.11527129998277"><ele>29.0</ele></trkpt><trkpt lat="33.11330141729648" lon="-91.13192245354722"><ele>29.0</ele></trkpt><trkpt lat="33.11017147128504" lon="-91.14926025261948"><ele>29.0</ele></trkpt><trkpt lat="33.101975212689496" lon="-91.16213485589097"><ele>28.0</ele></trkpt><trkpt lat="33.088744551076545" lon="-91.16797134270738"><ele>28.0</ele></trkpt><trkpt lat="33.07436113881701" lon="-91.1641947924144"><ele>28.0</ele></trkpt><trkpt lat="33.06045051170334" lon="-91.15973159661363"><ele>28.0</ele></trkpt><trkpt lat="33.04620636578818" lon="-91.1557833849437"><ele>28.0</ele></trkpt><trkpt lat="33.032391660212284" lon="-91.15114852776597"><ele>28.0</ele></trkpt><trkpt lat="33.018286913987296" lon="-91.15132018914292"><ele>28.0</ele></trkpt><trkpt lat="33.00409066128813" lon="-91.1580149828441"><ele>28.0</ele></trkpt><trkpt lat="32.99070130314778" lon="-91.16110488762925"><ele>27.0</ele></trkpt><trkpt lat="32.9760138647307" lon="-91.16058990349839"><ele>27.0</ele></trkpt><trkpt lat="32.962764275583865" lon="-91.15475341668198"><ele>27.0</ele></trkpt><trkpt lat="32.95801122129768" lon="-91.14754363884995"><ele>27.0</ele></trkpt><trkpt lat="32.957867185358474" lon="-91.13878890862534"><ele>27.0</ele></trkpt><trkpt lat="32.955014854580966" lon="-91.12213775506089"><ele>27.0</ele></trkpt><trkpt lat="32.95184590224981" lon="-91.10462829461167"><ele>27.0</ele></trkpt><trkpt lat="32.94550765674292" lon="-91.08935043206284"><ele>27.0</ele></trkpt><trkpt lat="32.9374401416091" lon="-91.0759608446605"><ele>27.0</ele></trkpt><trkpt lat="32.92605793128343" lon="-91.06651946892808"><ele>27.0</ele></trkpt><trkpt lat="32.911121901100216" lon="-91.0646311937816"><ele>27.0</ele></trkpt><trkpt lat="32.8968536437712" lon="-91.06720611443589"><ele>27.0</ele></trkpt><trkpt lat="32.884024662351706" lon="-91.0763041674144"><ele>27.0</ele></trkpt><trkpt lat="32.87220305788177" lon="-91.0869471727855"><ele>26.0</ele></trkpt><trkpt lat="32.86297534438168" lon="-91.09930679192613"><ele>26.0</ele></trkpt><trkpt lat="32.854223505424464" lon="-91.11389800896714"><ele>26.0</ele></trkpt><trkpt lat="32.84427281961886" lon="-91.12677261223863"><ele>26.0</ele></trkpt><trkpt lat="32.835042200607084" lon="-91.13861724724839"><ele>26.0</ele></trkpt><trkpt lat="32.822060018848624" lon="-91.14634200921128"><ele>25.0</ele></trkpt><trkpt lat="32.80835454615437" lon="-91.15200683465073"><ele>25.0</ele></trkpt><trkpt lat="32.794594410297854" lon="-91.15458175530503"><ele>25.0</ele></trkpt><trkpt lat="32.780307405135204" lon="-91.15664169182847"><ele>25.0</ele></trkpt><trkpt lat="32.765152013538746" lon="-91.15784332146714"><ele>24.0</ele></trkpt><trkpt lat="32.75158214048774" lon="-91.15595504632066"><ele>24.0</ele></trkpt><trkpt lat="32.738154592990455" lon="-91.14891692986558"><ele>24.0</ele></trkpt><trkpt lat="32.73252308374866" lon="-91.13484069695542"><ele>24.0</ele></trkpt><trkpt lat="32.73448382404453" lon="-91.09999343743394"><ele>24.0</ele></trkpt><trkpt lat="32.73376182582923" lon="-91.08162567009995"><ele>24.0</ele></trkpt><trkpt lat="32.73145139223887" lon="-91.0649745165355"><ele>24.0</ele></trkpt><trkpt lat="32.72192022068636" lon="-91.05330154290269"><ele>24.0</ele></trkpt><trkpt lat="32.70819932144505" lon="-91.05639144768784"><ele>24.0</ele></trkpt><trkpt lat="32.69476523897359" lon="-91.06445953240464"><ele>24.0</ele></trkpt><trkpt lat="32.683351903086034" lon="-91.07493087639878"><ele>24.0</ele></trkpt><trkpt lat="32.67511605849977" lon="-91.09089538445542"><ele>24.0</ele></trkpt><trkpt lat="32.67020308787671" lon="-91.1063449083812"><ele>23.0</ele></trkpt><trkpt lat="32.66384472486463" lon="-91.12230941643784"><ele>23.0</ele></trkpt><trkpt lat="32.65783204297108" lon="-91.13587066521714"><ele>23.0</ele></trkpt><trkpt lat="32.65262905949601" lon="-91.14462539544175"><ele>24.855701959980316</ele></trkpt><trkpt lat="32.64395674751172" lon="-91.14926025261948"><ele>23.0</ele></trkpt><trkpt lat="32.63195866297183" lon="-91.15389510979722"><ele>23.0</ele></trkpt><trkpt lat="32.618368527886574" lon="-91.1528651415355"><ele>23.0</ele></trkpt><trkpt lat="32.602173332805535" lon="-91.14599868645738"><ele>23.0</ele></trkpt><trkpt lat="32.58120198959555" lon="-91.12162277093003"><ele>23.0</ele></trkpt><trkpt lat="32.57436617826723" lon="-91.1114947496898"><ele>23.0</ele></trkpt><trkpt lat="32.56033326411917" lon="-91.10359832634995"><ele>22.0</ele></trkpt><trkpt lat="32.546876965731634" lon="-91.09947845330308"><ele>22.0</ele></trkpt><trkpt lat="32.53240557694812" lon="-91.09965011468003"><ele>22.0</ele></trkpt><trkpt lat="32.519524079727766" lon="-91.10617324700425"><ele>22.0</ele></trkpt><trkpt lat="32.506640735850695" lon="-91.1140696703441"><ele>22.0</ele></trkpt><trkpt lat="32.4925972359407" lon="-91.11887618889878"><ele>22.0</ele></trkpt><trkpt lat="32.47869635556841" lon="-91.11424133172105"><ele>22.0</ele></trkpt><trkpt lat="32.46561010469899" lon="-91.10428497185777"><ele>22.0</ele></trkpt><trkpt lat="32.456919701186834" lon="-91.09295532097886"><ele>22.0</ele></trkpt><trkpt lat="32.447504151243386" lon="-91.07802078118394"><ele>22.0</ele></trkpt><trkpt lat="32.44112982749074" lon="-91.06360122551988"><ele>22.0</ele></trkpt><trkpt lat="32.43562450710572" lon="-91.04798004021714"><ele>22.0</ele></trkpt><trkpt lat="32.43243706269635" lon="-91.03047057976792"><ele>22.0</ele></trkpt><trkpt lat="32.42738201509748" lon="-91.01656600823472"><ele>21.0</ele></trkpt><trkpt lat="32.41839810749621" lon="-91.00317642083238"><ele>21.0</ele></trkpt><trkpt lat="32.40593507705146" lon="-90.99373504509995"><ele>21.0</ele></trkpt><trkpt lat="32.39187587273128" lon="-90.99527999749253"><ele>21.0</ele></trkpt><trkpt lat="32.377234581163854" lon="-91.00128814568589"><ele>21.0</ele></trkpt><trkpt lat="32.36324204526799" lon="-91.00626632561753"><ele>21.0</ele></trkpt><trkpt lat="32.35309165236635" lon="-90.99682494988511"><ele>21.0</ele></trkpt><trkpt lat="32.349466235940774" lon="-90.97983047356675"><ele>20.0</ele></trkpt><trkpt lat="32.34714565045499" lon="-90.94549819817613"><ele>20.0</ele></trkpt><trkpt lat="32.34527142419923" lon="-90.92884704461167"><ele>20.0</ele></trkpt><trkpt lat="32.34092053096172" lon="-90.91219589104722"><ele>20.0</ele></trkpt><trkpt lat="32.331347829448596" lon="-90.90103790154527"><ele>20.0</ele></trkpt><trkpt lat="32.31756716354336" lon="-90.9030978380687"><ele>20.0</ele></trkpt><trkpt lat="32.305960765690834" lon="-90.91219589104722"><ele>20.0</ele></trkpt><trkpt lat="32.29551373636674" lon="-90.92558547844956"><ele>20.0</ele></trkpt><trkpt lat="32.286516718444545" lon="-90.93846008172105"><ele>20.0</ele></trkpt><trkpt lat="32.27679313092269" lon="-90.95150634636948"><ele>21.0</ele></trkpt><trkpt lat="32.266438853511" lon="-90.96300765862534"><ele>20.0</ele></trkpt><trkpt lat="32.25424522322387" lon="-90.97347900261948"><ele>20.0</ele></trkpt><trkpt lat="32.2413239946459" lon="-90.98171874871323"><ele>20.0</ele></trkpt><trkpt lat="32.227384428897565" lon="-90.98412200799058"><ele>20.0</ele></trkpt><trkpt lat="32.21344272489388" lon="-90.98618194451402"><ele>20.0</ele></trkpt><trkpt lat="32.19949888313246" lon="-90.99133178582261"><ele>20.0</ele></trkpt><trkpt lat="32.185988748302044" lon="-90.99751159539292"><ele>20.0</ele></trkpt><trkpt lat="32.17096866535176" lon="-91.00042983880113"><ele>20.0</ele></trkpt><trkpt lat="32.156582333064435" lon="-91.00283309807847"><ele>20.0</ele></trkpt><trkpt lat="32.14262978114138" lon="-91.00540801873277"><ele>20.0</ele></trkpt><trkpt lat="32.12736673262197" lon="-91.01313278069566"><ele>20.0</ele></trkpt><trkpt lat="32.12082464433431" lon="-91.026522368098"><ele>19.0</ele></trkpt><trkpt lat="32.11980694400345" lon="-91.04317352166245"><ele>19.0</ele></trkpt><trkpt lat="32.12474995358939" lon="-91.059481352473"><ele>19.0</ele></trkpt><trkpt lat="32.13248273983501" lon="-91.0730426012523"><ele>19.0</ele></trkpt><trkpt lat="32.134953934759245" lon="-91.08849212517808"><ele>19.0</ele></trkpt><trkpt lat="32.133354933923336" lon="-91.09982177605698"><ele>19.0</ele></trkpt><trkpt lat="32.12245190846345" lon="-91.10840484490464"><ele>19.0</ele></trkpt><trkpt lat="32.10893034759942" lon="-91.10274001946519"><ele>19.0</ele></trkpt><trkpt lat="32.09584305925751" lon="-91.09381362786363"><ele>19.0</ele></trkpt><trkpt lat="32.08377200902793" lon="-91.08557388176988"><ele>19.0</ele></trkpt><trkpt lat="32.07001795566369" lon="-91.08093902459214"><ele>19.0</ele></trkpt><trkpt lat="32.054597277777994" lon="-91.0840289293773"><ele>18.0</ele></trkpt><trkpt lat="32.03990157200974" lon="-91.07956573357652"><ele>18.0</ele></trkpt><trkpt lat="32.026949935156246" lon="-91.0733859240062"><ele>18.0</ele></trkpt><trkpt lat="32.01297757688922" lon="-91.07699081292222"><ele>18.0</ele></trkpt><trkpt lat="32.00133231747744" lon="-91.08574554314683"><ele>17.0</ele></trkpt><trkpt lat="31.990181225745513" lon="-91.09656020989488"><ele>16.0</ele></trkpt><trkpt lat="31.98406612892131" lon="-91.11252471795152"><ele>16.0</ele></trkpt><trkpt lat="31.982464488586245" lon="-91.12969085564683"><ele>16.0</ele></trkpt><trkpt lat="31.982318883533054" lon="-91.14668533196519"><ele>16.0</ele></trkpt><trkpt lat="31.98202767273352" lon="-91.16402313103745"><ele>16.0</ele></trkpt><trkpt lat="31.98100842765681" lon="-91.16745635857652"><ele>16.0</ele></trkpt><trkpt lat="31.98088557145887" lon="-91.16767629971574"><ele>16.0</ele></trkpt><trkpt lat="31.980870783201745" lon="-91.16773530831406"><ele>16.0</ele></trkpt><trkpt lat="31.980845183397708" lon="-91.16781507205816"><ele>16.0</ele></trkpt><trkpt lat="31.97733233504826" lon="-91.17725644779058"><ele>16.0</ele></trkpt><trkpt lat="31.962917058035735" lon="-91.18766731537109"><ele>15.0</ele></trkpt><trkpt lat="31.948087333562725" lon="-91.19119156906892"><ele>15.0</ele></trkpt><trkpt lat="31.93395727924173" lon="-91.19325150559236"><ele>15.0</ele></trkpt><trkpt lat="31.920061846491663" lon="-91.19599808762361"><ele>15.0</ele></trkpt><trkpt lat="31.904907395113046" lon="-91.20046128342439"><ele>15.0</ele></trkpt><trkpt lat="31.892373944272634" lon="-91.21041764328767"><ele>15.0</ele></trkpt><trkpt lat="31.883337142157146" lon="-91.22157563278962"><ele>15.0</ele></trkpt><trkpt lat="31.87357056885373" lon="-91.23427857468415"><ele>11.0</ele></trkpt><trkpt lat="31.865552458793992" lon="-91.24835480759431"><ele>8.0</ele></trkpt><trkpt lat="31.860012266191994" lon="-91.26311768601228"><ele>15.0</ele></trkpt><trkpt lat="31.856950437963732" lon="-91.27873887131501"><ele>15.0</ele></trkpt><trkpt lat="31.856230947036522" lon="-91.29676331589509"><ele>14.0</ele></trkpt><trkpt lat="31.855501919640133" lon="-91.31410111496736"><ele>14.0</ele></trkpt><trkpt lat="31.853168993238537" lon="-91.33126725266267"><ele>14.0</ele></trkpt><trkpt lat="31.845003286065158" lon="-91.3439701945572"><ele>14.0</ele></trkpt><trkpt lat="31.83129493823229" lon="-91.34963501999665"><ele>14.0</ele></trkpt><trkpt lat="31.80042892228055" lon="-91.3601063639908"><ele>14.0</ele></trkpt><trkpt lat="31.789340383579695" lon="-91.36182297776033"><ele>14.0</ele></trkpt><trkpt lat="31.77358069834993" lon="-91.3633679301529"><ele>13.0</ele></trkpt><trkpt lat="31.758694085413453" lon="-91.36680115769197"><ele>13.0</ele></trkpt><trkpt lat="31.74650412688571" lon="-91.37177933762361"><ele>13.0</ele></trkpt><trkpt lat="31.720224333377505" lon="-91.38911713669587"><ele>16.0</ele></trkpt><trkpt lat="31.709126182767996" lon="-91.39667023728181"><ele>13.0</ele></trkpt><trkpt lat="31.694375269163533" lon="-91.40164841721345"><ele>16.0</ele></trkpt><trkpt lat="31.680352424746545" lon="-91.40010346482087"><ele>16.0</ele></trkpt><trkpt lat="31.651394967364443" lon="-91.39770020554353"><ele>16.0</ele></trkpt><trkpt lat="31.636488729116767" lon="-91.39787186692048"><ele>16.0</ele></trkpt><trkpt lat="31.623041837101745" lon="-91.4018200785904"><ele>16.0</ele></trkpt><trkpt lat="31.607253875257193" lon="-91.40473832199861"><ele>15.0</ele></trkpt><trkpt lat="31.59351032158108" lon="-91.40576829026033"><ele>15.0</ele></trkpt><trkpt lat="31.58020346009218" lon="-91.40508164475251"><ele>16.0</ele></trkpt><trkpt lat="31.56700707536573" lon="-91.41126145432283"><ele>16.0</ele></trkpt><trkpt lat="31.556183178501374" lon="-91.4237927348404"><ele>16.0</ele></trkpt><trkpt lat="31.54682095756636" lon="-91.43752564499665"><ele>16.0</ele></trkpt><trkpt lat="31.53892085304535" lon="-91.45040024826814"><ele>16.0</ele></trkpt><trkpt lat="31.534092682250606" lon="-91.46705140183259"><ele>16.0</ele></trkpt><trkpt lat="31.528983101359188" lon="-91.48267258713533"><ele>14.0</ele></trkpt><trkpt lat="31.522252139069774" lon="-91.49692048142244"><ele>14.0</ele></trkpt><trkpt lat="31.512886515143283" lon="-91.50996674607087"><ele>14.0</ele></trkpt><trkpt lat="31.499421786207595" lon="-91.51511658737947"><ele>12.0</ele></trkpt><trkpt lat="31.484491232854158" lon="-91.516833201149"><ele>12.0</ele></trkpt><trkpt lat="31.470436770325886" lon="-91.51854981491853"><ele>15.0</ele></trkpt><trkpt lat="31.45526813814693" lon="-91.51751984665681"><ele>15.0</ele></trkpt><trkpt lat="31.441355745464783" lon="-91.51545991013337"><ele>15.0</ele></trkpt><trkpt lat="31.42890606417675" lon="-91.50636185715486"><ele>15.0</ele></trkpt><trkpt lat="31.419384604071848" lon="-91.49417389939119"><ele>12.0</ele></trkpt><trkpt lat="31.40916246580376" lon="-91.48112763474275"><ele>15.571651849277801</ele></trkpt><trkpt lat="31.39846681606048" lon="-91.47185792038728"><ele>12.0</ele></trkpt><trkpt lat="31.386890698648347" lon="-91.4648198039322"><ele>12.0</ele></trkpt><trkpt lat="31.373700977822768" lon="-91.46962632248689"><ele>16.0</ele></trkpt><trkpt lat="31.3640273389822" lon="-91.48250092575837"><ele>13.38263898063451</ele></trkpt><trkpt lat="31.353912924728803" lon="-91.49297226975251"><ele>13.0</ele></trkpt><trkpt lat="31.341698248812765" lon="-91.50138367722322"><ele>13.0</ele></trkpt><trkpt lat="31.32630266258485" lon="-91.50739182541658"><ele>13.0</ele></trkpt><trkpt lat="31.29873094150322" lon="-91.51013840744783"><ele>14.0</ele></trkpt><trkpt lat="31.284061844646516" lon="-91.51374329636384"><ele>14.0</ele></trkpt><trkpt lat="31.271004428821097" lon="-91.52284134934236"><ele>16.0</ele></trkpt><trkpt lat="31.26454840948113" lon="-91.53760422776033"><ele>16.0</ele></trkpt><trkpt lat="31.262347392834414" lon="-91.55356873581697"><ele>13.0</ele></trkpt><trkpt lat="31.261613709211282" lon="-91.57021988938142"><ele>13.0</ele></trkpt><trkpt lat="31.2617604463922" lon="-91.58772934983064"><ele>13.0</ele></trkpt><trkpt lat="31.264125796191756" lon="-91.60300721237947"><ele>15.0</ele></trkpt><trkpt lat="31.267353875536507" lon="-91.61983002732087"><ele>13.0</ele></trkpt><trkpt lat="31.267500603791895" lon="-91.63630951950837"><ele>13.0</ele></trkpt><trkpt lat="31.26089760641924" lon="-91.64987076828767"><ele>13.0</ele></trkpt><trkpt lat="31.246516146950512" lon="-91.65244568894197"><ele>11.409157233312726</ele></trkpt><trkpt lat="31.235214892054852" lon="-91.64403428147126"><ele>10.112978137599926</ele></trkpt><trkpt lat="31.22674486993101" lon="-91.62841309616853"><ele>10.0</ele></trkpt><trkpt lat="31.218377385107576" lon="-91.61502350876619"><ele>10.0</ele></trkpt><trkpt lat="31.20883461256739" lon="-91.60317887375642"><ele>10.0</ele></trkpt><trkpt lat="31.19826303270093" lon="-91.59202088425447"><ele>10.0</ele></trkpt><trkpt lat="31.18507408360646" lon="-91.5885876567154"><ele>10.0</ele></trkpt><trkpt lat="31.164218211176244" lon="-91.59322251389314"><ele>15.0</ele></trkpt><trkpt lat="31.157901794588884" lon="-91.5995739848404"><ele>15.0</ele></trkpt><trkpt lat="31.147324526424317" lon="-91.61141861985017"><ele>10.0</ele></trkpt><trkpt lat="31.136070314861154" lon="-91.6212033183365"><ele>10.285700918612081</ele></trkpt><trkpt lat="31.121669872522514" lon="-91.62515153000642"><ele>14.0</ele></trkpt><trkpt lat="31.108737000676662" lon="-91.61965836594392"><ele>9.0</ele></trkpt><trkpt lat="31.099624146658467" lon="-91.60712708542634"><ele>9.0</ele></trkpt><trkpt lat="31.08055328019478" lon="-91.58292283127595"><ele>9.0</ele></trkpt><trkpt lat="31.069967389553568" lon="-91.56764496872712"><ele>9.0</ele></trkpt><trkpt lat="31.059527371041717" lon="-91.56043519089509"><ele>9.0</ele></trkpt><trkpt lat="31.045997755441405" lon="-91.56232346604158"><ele>9.0</ele></trkpt><trkpt lat="31.03202493821065" lon="-91.5691899211197"><ele>9.0</ele></trkpt><trkpt lat="31.022069026930637" lon="-91.58172120163728"><ele>9.0</ele></trkpt><trkpt lat="31.014271959864658" lon="-91.5966557414322"><ele>9.0</ele></trkpt><trkpt lat="31.00882834621671" lon="-91.61210526535798"><ele>9.0</ele></trkpt><trkpt lat="31.004414377193864" lon="-91.62721146652986"><ele>9.0</ele></trkpt><trkpt lat="30.99823447723319" lon="-91.64300431320954"><ele>9.0</ele></trkpt><trkpt lat="30.98687648132209" lon="-91.66229398961329"><ele>9.0</ele></trkpt></trkseg></trk><trk><name>Cancer Alley</name><extensions><gpxx:TrackExtension><gpxx:DisplayColor>Blue</gpxx:DisplayColor></gpxx:TrackExtension></extensions><trkseg><trkpt lat="30.98687648132209" lon="-91.66229398961329"><ele>9.0</ele></trkpt><trkpt lat="30.986876027447213" lon="-91.66229476044465"><ele>9.0</ele></trkpt><trkpt lat="30.978367800675315" lon="-91.66291703293611"><ele>9.0</ele></trkpt><trkpt lat="30.96429193861477" lon="-91.66205872605134"><ele>17.0</ele></trkpt><trkpt lat="30.950896018418355" lon="-91.6570805461197"><ele>17.0</ele></trkpt><trkpt lat="30.937645458475032" lon="-91.64969910691072"><ele>17.0</ele></trkpt><trkpt lat="30.925865640785023" lon="-91.63905610153962"><ele>17.0</ele></trkpt><trkpt lat="30.918797053605438" lon="-91.62497986862947"><ele>17.0</ele></trkpt><trkpt lat="30.915998926875425" lon="-91.60815705368806"><ele>17.0</ele></trkpt><trkpt lat="30.915557109910605" lon="-91.59099091599275"><ele>17.0</ele></trkpt><trkpt lat="30.916165731608857" lon="-91.57536973069001"><ele>17.0</ele></trkpt><trkpt lat="30.917785391597864" lon="-91.55837525437165"><ele>17.0</ele></trkpt><trkpt lat="30.91233627485538" lon="-91.54275406906892"><ele>17.0</ele></trkpt><trkpt lat="30.90349920969446" lon="-91.52953614304353"><ele>16.0</ele></trkpt><trkpt lat="30.891567877494985" lon="-91.52163971970369"><ele>16.0</ele></trkpt><trkpt lat="30.87716517308426" lon="-91.51631821701814"><ele>16.0</ele></trkpt><trkpt lat="30.862578222267523" lon="-91.51545991013337"><ele>16.0</ele></trkpt><trkpt lat="30.849757554300982" lon="-91.5194081218033"><ele>16.0</ele></trkpt><trkpt lat="30.834871640765957" lon="-91.52455796311189"><ele>7.0</ele></trkpt><trkpt lat="30.821821106467606" lon="-91.52970780442048"><ele>7.0</ele></trkpt><trkpt lat="30.807815493948187" lon="-91.53417100022126"><ele>6.58014554482257</ele></trkpt><trkpt lat="30.793365459400174" lon="-91.53897751877595"><ele>7.778693798052441</ele></trkpt><trkpt lat="30.781420423806328" lon="-91.549792185524"><ele>6.0</ele></trkpt><trkpt lat="30.775816068657505" lon="-91.56558503220369"><ele>6.0</ele></trkpt><trkpt lat="30.773332663418174" lon="-91.58189286301423"><ele>6.0</ele></trkpt><trkpt lat="30.765515315824953" lon="-91.59511078903962"><ele>6.0</ele></trkpt><trkpt lat="30.752534166463455" lon="-91.59545411179353"><ele>16.0</ele></trkpt><trkpt lat="30.74310651890708" lon="-91.58446778366853"><ele>16.0</ele></trkpt><trkpt lat="30.734106314277376" lon="-91.56936158249665"><ele>16.0</ele></trkpt><trkpt lat="30.730712576249758" lon="-91.55253876755525"><ele>16.0</ele></trkpt><trkpt lat="30.732483237087646" lon="-91.53674592087556"><ele>16.0</ele></trkpt><trkpt lat="30.73749993279181" lon="-91.52129639694978"><ele>16.0</ele></trkpt><trkpt lat="30.74310651890708" lon="-91.50481690476228"><ele>16.0</ele></trkpt><trkpt lat="30.74531955518746" lon="-91.48833741257478"><ele>16.0</ele></trkpt><trkpt lat="30.742221290159232" lon="-91.47237290451814"><ele>15.0</ele></trkpt><trkpt lat="30.73588160026852" lon="-91.45692338059236"><ele>15.0</ele></trkpt><trkpt lat="30.737504620219866" lon="-91.44044388840486"><ele>15.0</ele></trkpt><trkpt lat="30.751667997470392" lon="-91.41091813156892"><ele>15.0</ele></trkpt><trkpt lat="30.757568789975355" lon="-91.39564026902009"><ele>15.0</ele></trkpt><trkpt lat="30.757716305154677" lon="-91.3795040995865"><ele>15.0</ele></trkpt><trkpt lat="30.748127348398256" lon="-91.36714448044587"><ele>15.0</ele></trkpt><trkpt lat="30.73484875515674" lon="-91.35907639572908"><ele>15.0</ele></trkpt><trkpt lat="30.721568331914384" lon="-91.35323990891267"><ele>15.0</ele></trkpt><trkpt lat="30.6925326485904" lon="-91.3465451152115"><ele>14.0</ele></trkpt><trkpt lat="30.6788034917809" lon="-91.34259690354158"><ele>14.0</ele></trkpt><trkpt lat="30.664924726083058" lon="-91.33933533737947"><ele>14.0</ele></trkpt><trkpt lat="30.658590782544536" lon="-91.33452881882478"><ele>14.0</ele></trkpt><trkpt lat="30.65593274492061" lon="-91.32783402512361"><ele>14.0</ele></trkpt><trkpt lat="30.65356998345068" lon="-91.31204117844392"><ele>14.0</ele></trkpt><trkpt lat="30.647515143603925" lon="-91.29847992966462"><ele>14.0</ele></trkpt><trkpt lat="30.63437040601478" lon="-91.29264344284822"><ele>14.0</ele></trkpt><trkpt lat="30.618303181310637" lon="-91.29539002487947"><ele>13.0</ele></trkpt><trkpt lat="30.60441573095768" lon="-91.30208481858064"><ele>13.0</ele></trkpt><trkpt lat="30.593361725695342" lon="-91.3135861308365"><ele>13.0</ele></trkpt><trkpt lat="30.58006184761675" lon="-91.31753434250642"><ele>13.0</ele></trkpt><trkpt lat="30.572376641929225" lon="-91.30534638474275"><ele>13.0</ele></trkpt><trkpt lat="30.57178544703451" lon="-91.28715027878572"><ele>13.0</ele></trkpt><trkpt lat="30.57148984823581" lon="-91.27084244797517"><ele>13.0</ele></trkpt><trkpt lat="30.566464530826277" lon="-91.25676621506501"><ele>13.0</ele></trkpt><trkpt lat="30.558530940584287" lon="-91.24303330490876"><ele>13.0</ele></trkpt><trkpt lat="30.545078445877166" lon="-91.23977173874665"><ele>13.0</ele></trkpt><trkpt lat="30.534876960018476" lon="-91.24457825730134"><ele>13.0</ele></trkpt><trkpt lat="30.52570949352012" lon="-91.26346100876619"><ele>13.0</ele></trkpt><trkpt lat="30.518611506032396" lon="-91.27959717819978"><ele>13.0</ele></trkpt><trkpt lat="30.507519862831533" lon="-91.28423203537751"><ele>13.0</ele></trkpt><trkpt lat="30.503822367237465" lon="-91.26861085007478"><ele>13.0</ele></trkpt><trkpt lat="30.50825934507985" lon="-91.25161637375642"><ele>13.0</ele></trkpt><trkpt lat="30.512696120469446" lon="-91.23616684983064"><ele>12.0</ele></trkpt><trkpt lat="30.519351220430774" lon="-91.21968735764314"><ele>12.0</ele></trkpt><trkpt lat="30.5214215045761" lon="-91.20440949509431"><ele>12.0</ele></trkpt><trkpt lat="30.508723210844796" lon="-91.19754304001619"><ele>12.0</ele></trkpt><trkpt lat="30.49422840292578" lon="-91.19719971726228"><ele>12.0</ele></trkpt><trkpt lat="30.478991736089476" lon="-91.19685639450837"><ele>12.0</ele></trkpt><trkpt lat="30.464640461311255" lon="-91.19754304001619"><ele>12.0</ele></trkpt><trkpt lat="30.450583039313212" lon="-91.19599808762361"><ele>12.0</ele></trkpt><trkpt lat="30.43555960576594" lon="-91.19737137863923"><ele>4.0</ele></trkpt><trkpt lat="30.421349961790735" lon="-91.19994629929353"><ele>4.0</ele></trkpt><trkpt lat="30.40832263669328" lon="-91.20543946335603"><ele>4.0</ele></trkpt><trkpt lat="30.39484936971193" lon="-91.21367920944978"><ele>4.0</ele></trkpt><trkpt lat="30.384928303770213" lon="-91.22466553757478"><ele>4.0</ele></trkpt><trkpt lat="30.372784732767744" lon="-91.23513688156892"><ele>4.0</ele></trkpt><trkpt lat="30.359981489969943" lon="-91.24131669113923"><ele>4.0</ele></trkpt><trkpt lat="30.34561270558593" lon="-91.23977173874665"><ele>4.0</ele></trkpt><trkpt lat="30.338057137593463" lon="-91.22449387619783"><ele>4.0</ele></trkpt><trkpt lat="30.33805817541665" lon="-91.21676911423494"><ele>4.0</ele></trkpt><trkpt lat="30.34279899207395" lon="-91.20732773850251"><ele>4.0</ele></trkpt><trkpt lat="30.347095158843985" lon="-91.19187821457673"><ele>4.0</ele></trkpt><trkpt lat="30.346058170338022" lon="-91.17574204514314"><ele>4.0</ele></trkpt><trkpt lat="30.342502697759365" lon="-91.15909089157869"><ele>4.0</ele></trkpt><trkpt lat="30.334354252657246" lon="-91.14690293381501"><ele>4.0</ele></trkpt><trkpt lat="30.321167150403834" lon="-91.143298044899"><ele>4.0</ele></trkpt><trkpt lat="30.31598072493012" lon="-91.14776124069978"><ele>3.0</ele></trkpt><trkpt lat="30.31435064879534" lon="-91.15891923020173"><ele>3.0</ele></trkpt><trkpt lat="30.317314403416326" lon="-91.19187821457673"><ele>3.0</ele></trkpt><trkpt lat="30.314795217703143" lon="-91.20887269089509"><ele>3.0</ele></trkpt><trkpt lat="30.309756651984497" lon="-91.22294892380525"><ele>3.0</ele></trkpt><trkpt lat="30.298673836105202" lon="-91.23170365402986"><ele>3.0</ele></trkpt><trkpt lat="30.292300441031166" lon="-91.2286137492447"><ele>3.0</ele></trkpt><trkpt lat="30.28681602537307" lon="-91.22226227829744"><ele>3.0</ele></trkpt><trkpt lat="30.280293618438034" lon="-91.20698441574861"><ele>3.0</ele></trkpt><trkpt lat="30.277625236088905" lon="-91.19084824631501"><ele>3.0</ele></trkpt><trkpt lat="30.27836646068622" lon="-91.17265214035798"><ele>3.0</ele></trkpt><trkpt lat="30.280293618438034" lon="-91.15668763230134"><ele>3.0</ele></trkpt><trkpt lat="30.276439265088484" lon="-91.14123810837556"><ele>3.0</ele></trkpt><trkpt lat="30.269940752094055" lon="-91.12596024582673"><ele>3.0</ele></trkpt><trkpt lat="30.2598587526145" lon="-91.11342896530915"><ele>3.0</ele></trkpt><trkpt lat="30.253186272020834" lon="-91.10999573777009"><ele>3.0</ele></trkpt><trkpt lat="30.246068459802412" lon="-91.11119736740876"><ele>3.0</ele></trkpt><trkpt lat="30.246068459802412" lon="-91.11119736740876"><ele>3.0</ele></trkpt><trkpt lat="30.245813580661615" lon="-91.11128856251527"><ele>3.0</ele></trkpt><trkpt lat="30.2456950784235" lon="-91.1113896922868"><ele>3.0</ele></trkpt><trkpt lat="30.237922597922225" lon="-91.12396453758241"><ele>3.0</ele></trkpt><trkpt lat="30.22930354623596" lon="-91.13690741047297"><ele>3.0</ele></trkpt><trkpt lat="30.2190690426839" lon="-91.14858038410578"><ele>3.0</ele></trkpt><trkpt lat="30.209130172328738" lon="-91.16214163288508"><ele>3.0</ele></trkpt><trkpt lat="30.1961750121548" lon="-91.16557486042414"><ele>3.0</ele></trkpt><trkpt lat="30.190388475826516" lon="-91.16368658527766"><ele>3.0</ele></trkpt><trkpt lat="30.183414505894085" lon="-91.15759260639582"><ele>3.0</ele></trkpt><trkpt lat="30.177998209900764" lon="-91.1481512306634"><ele>3.0</ele></trkpt><trkpt lat="30.177701417953763" lon="-91.142314743847"><ele>3.0</ele></trkpt><trkpt lat="30.186159638094644" lon="-91.12892515644465"><ele>3.0</ele></trkpt><trkpt lat="30.195953617812805" lon="-91.11656553730403"><ele>2.0</ele></trkpt><trkpt lat="30.203594309379262" lon="-91.10248930439387"><ele>2.0</ele></trkpt><trkpt lat="30.209376834444374" lon="-91.08712561115657"><ele>2.0</ele></trkpt><trkpt lat="30.212417931066156" lon="-91.07073194965754"><ele>2.0</ele></trkpt><trkpt lat="30.213011304814238" lon="-91.054424118847"><ele>2.0</ele></trkpt><trkpt lat="30.2074482854507" lon="-91.0394037483636"><ele>2.0</ele></trkpt><trkpt lat="30.198101704991295" lon="-91.02670080646907"><ele>2.0</ele></trkpt><trkpt lat="30.18579609067652" lon="-91.01725943073664"><ele>2.0</ele></trkpt><trkpt lat="30.173405247118524" lon="-91.00893385395442"><ele>2.0</ele></trkpt><trkpt lat="30.16058023725499" lon="-91.00077993854914"><ele>2.0</ele></trkpt><trkpt lat="30.147147133578077" lon="-90.99966413959895"><ele>2.0</ele></trkpt><trkpt lat="30.13942783759053" lon="-91.00361235126887"><ele>2.0</ele></trkpt><trkpt lat="30.13549373330548" lon="-91.01133711323176"><ele>2.0</ele></trkpt><trkpt lat="30.12903552402792" lon="-91.02601416096125"><ele>2.0</ele></trkpt><trkpt lat="30.12415594527261" lon="-91.03219397053157"><ele>2.0</ele></trkpt><trkpt lat="30.119701541550832" lon="-91.03270895466243"><ele>2.0</ele></trkpt><trkpt lat="30.117548507729076" lon="-91.02961904987727"><ele>2.0</ele></trkpt><trkpt lat="30.11420750026047" lon="-91.01365454182063"><ele>2.0</ele></trkpt><trkpt lat="30.114281746098605" lon="-90.9969175575677"><ele>2.0</ele></trkpt><trkpt lat="30.11138611706303" lon="-90.9807813881341"><ele>2.0</ele></trkpt><trkpt lat="30.107381506354773" lon="-90.96593267902766"><ele>2.0</ele></trkpt><trkpt lat="30.10708450192484" lon="-90.95451719746028"><ele>2.0</ele></trkpt><trkpt lat="30.110054506050698" lon="-90.9500540016595"><ele>2.0</ele></trkpt><trkpt lat="30.117698492096174" lon="-90.94584829792414"><ele>2.0</ele></trkpt><trkpt lat="30.123563534065514" lon="-90.9478224037591"><ele>2.0</ele></trkpt><trkpt lat="30.132917183953296" lon="-90.94516165241633"><ele>2.0</ele></trkpt><trkpt lat="30.13588641128852" lon="-90.94035513386164"><ele>2.0</ele></trkpt><trkpt lat="30.136109099737887" lon="-90.93005545124446"><ele>2.0</ele></trkpt><trkpt lat="30.13239755998644" lon="-90.92524893268977"><ele>2.0</ele></trkpt><trkpt lat="30.12014848869636" lon="-90.9170950172845"><ele>2.0</ele></trkpt><trkpt lat="30.10529909253798" lon="-90.91434843525325"><ele>2.0</ele></trkpt><trkpt lat="30.09150117733767" lon="-90.91108686909114"><ele>2.0</ele></trkpt><trkpt lat="30.07791012795353" lon="-90.90559370502864"><ele>2.0</ele></trkpt><trkpt lat="30.068699579833726" lon="-90.90070135578547"><ele>2.0</ele></trkpt><trkpt lat="30.06595117995984" lon="-90.89606649860774"><ele>2.0</ele></trkpt><trkpt lat="30.061205079997155" lon="-90.88662512287532"><ele>2.0</ele></trkpt><trkpt lat="30.06283935126409" lon="-90.88035948261653"><ele>2.0</ele></trkpt><trkpt lat="30.06417646223224" lon="-90.8636224983636"><ele>2.0</ele></trkpt><trkpt lat="30.058605047377355" lon="-90.84851629719172"><ele>2.0</ele></trkpt><trkpt lat="30.046055761124077" lon="-90.84096319660578"><ele>1.0</ele></trkpt><trkpt lat="30.03112093124299" lon="-90.83752996906672"><ele>1.0</ele></trkpt><trkpt lat="30.01760689017633" lon="-90.834697556347"><ele>1.0</ele></trkpt><trkpt lat="30.00341106658862" lon="-90.8321226356927"><ele>1.0</ele></trkpt><trkpt lat="29.988636580203625" lon="-90.82851774677668"><ele>1.0</ele></trkpt><trkpt lat="29.981127949589762" lon="-90.82499868854914"><ele>1.0</ele></trkpt><trkpt lat="29.98120241294929" lon="-90.81735975727473"><ele>1.0</ele></trkpt><trkpt lat="29.983432756873523" lon="-90.81487066730891"><ele>1.0</ele></trkpt><trkpt lat="29.993394348146598" lon="-90.80311186298762"><ele>1.0</ele></trkpt><trkpt lat="30.003800913105145" lon="-90.79135305866633"><ele>1.0</ele></trkpt><trkpt lat="30.012122136628268" lon="-90.77779180988703"><ele>1.0</ele></trkpt><trkpt lat="30.014500427325636" lon="-90.7610548256341"><ele>1.0</ele></trkpt><trkpt lat="30.015169311309304" lon="-90.73693640217219"><ele>1.0</ele></trkpt><trkpt lat="30.012270781467564" lon="-90.72801001057063"><ele>1.0</ele></trkpt><trkpt lat="30.028619517499454" lon="-90.69994337543879"><ele>1.0</ele></trkpt><trkpt lat="30.03723911554839" lon="-90.6867254494134"><ele>1.0</ele></trkpt><trkpt lat="30.046003589266565" lon="-90.67333586201106"><ele>1.0</ele></trkpt><trkpt lat="30.051278541152023" lon="-90.65762884601985"><ele>1.0</ele></trkpt><trkpt lat="30.046300777122166" lon="-90.64269430622493"><ele>1.0</ele></trkpt><trkpt lat="30.03664171543933" lon="-90.62947638019953"><ele>1.0</ele></trkpt><trkpt lat="30.032110376053073" lon="-90.61797506794368"><ele>1.0</ele></trkpt><trkpt lat="30.041992779963255" lon="-90.60475714191828"><ele>1.0</ele></trkpt><trkpt lat="30.04927392055419" lon="-90.59059507831965"><ele>1.0</ele></trkpt><trkpt lat="30.051723678016483" lon="-90.5742872475091"><ele>1.0</ele></trkpt><trkpt lat="30.050014929229373" lon="-90.5578077553216"><ele>1.0</ele></trkpt><trkpt lat="30.04763749056912" lon="-90.54149992451106"><ele>1.0</ele></trkpt><trkpt lat="30.04696882566386" lon="-90.52459127888118"><ele>1.0</ele></trkpt><trkpt lat="30.052984737759" lon="-90.49223310932551"><ele>1.0</ele></trkpt><trkpt lat="30.046223949691356" lon="-90.4794443367425"><ele>1.0</ele></trkpt><trkpt lat="30.0328496031792" lon="-90.47455198749934"><ele>1.0</ele></trkpt><trkpt lat="30.018366646433787" lon="-90.47412283405696"><ele>1.0</ele></trkpt><trkpt lat="30.00454257304747" lon="-90.47386534199153"><ele>1.0</ele></trkpt><trkpt lat="29.999276919560167" lon="-90.46708471760188"><ele>1.0</ele></trkpt><trkpt lat="29.99541132696788" lon="-90.44305212482844"><ele>1.0</ele></trkpt><trkpt lat="29.995113986548958" lon="-90.42700178608332"><ele>1.0</ele></trkpt><trkpt lat="29.9919945743029" lon="-90.41112310871516"><ele>1.0</ele></trkpt><trkpt lat="29.987608561844727" lon="-90.40296919330989"><ele>1.0</ele></trkpt><trkpt lat="29.982330222179957" lon="-90.3996217964593"><ele>1.0</ele></trkpt><trkpt lat="29.967906286079298" lon="-90.39627439960871"><ele>1.0</ele></trkpt><trkpt lat="29.95304388805793" lon="-90.39327032551203"><ele>1.0</ele></trkpt><trkpt lat="29.9469456314601" lon="-90.38786299213801"><ele>1.0</ele></trkpt><trkpt lat="29.939664465507068" lon="-90.36486036762629"><ele>1.0</ele></trkpt><trkpt lat="29.935201762961306" lon="-90.34889585956965"><ele>1.0</ele></trkpt><trkpt lat="29.933789203730882" lon="-90.3325880287591"><ele>1.0</ele></trkpt><trkpt lat="29.93505371337231" lon="-90.32297499164973"><ele>1.0</ele></trkpt><trkpt lat="29.938995783468545" lon="-90.31765348896418"><ele>1.0</ele></trkpt><trkpt lat="29.95000106961809" lon="-90.30563719257746"><ele>1.0</ele></trkpt><trkpt lat="29.960560903735473" lon="-90.29499418720637"><ele>1.0</ele></trkpt><trkpt lat="29.967030107104417" lon="-90.28066046223078"><ele>1.0</ele></trkpt><trkpt lat="29.970153020078907" lon="-90.26366598591243"><ele>1.0</ele></trkpt><trkpt lat="29.96821709343176" lon="-90.24770147785578"><ele>1.0</ele></trkpt><trkpt lat="29.96003766821458" lon="-90.23311026081477"><ele>0.0</ele></trkpt><trkpt lat="29.948139120855725" lon="-90.22401220783625"><ele>0.0</ele></trkpt><trkpt lat="29.93431364238946" lon="-90.21963484272395"><ele>0.0</ele></trkpt><trkpt lat="29.92642897501081" lon="-90.21585829243098"><ele>0.0</ele></trkpt><trkpt lat="29.923304688733676" lon="-90.21027929768"><ele>0.0</ele></trkpt><trkpt lat="29.922560796595228" lon="-90.20058042988215"><ele>0.0</ele></trkpt><trkpt lat="29.934909106648647" lon="-90.18015272602473"><ele>0.0</ele></trkpt><trkpt lat="29.944502321203437" lon="-90.1685655830804"><ele>0.0</ele></trkpt><trkpt lat="29.954616547141487" lon="-90.15594847187434"><ele>0.0</ele></trkpt><trkpt lat="29.957219306486813" lon="-90.14710791096125"><ele>0.0</ele></trkpt><trkpt lat="29.951121305975924" lon="-90.14161474689875"><ele>0.0</ele></trkpt><trkpt lat="29.937659761551533" lon="-90.13929731830989"><ele>0.0</ele></trkpt><trkpt lat="29.92308822180821" lon="-90.13938314899836"><ele>0.0</ele></trkpt><trkpt lat="29.915351455042604" lon="-90.1370657204095"><ele>0.0</ele></trkpt><trkpt lat="29.9120036292387" lon="-90.12959845051203"><ele>0.0</ele></trkpt><trkpt lat="29.909552898728275" lon="-90.12075788959895"><ele>0.0</ele></trkpt><trkpt lat="29.908660104205193" lon="-90.11320478901301"><ele>0.0</ele></trkpt><trkpt lat="29.91096647369001" lon="-90.09706861957942"><ele>0.0</ele></trkpt><trkpt lat="29.91542857098044" lon="-90.0813616035882"><ele>0.0</ele></trkpt><trkpt lat="29.922123879745595" lon="-90.06642706379328"><ele>0.0</ele></trkpt><trkpt lat="29.92956258362018" lon="-90.05964643940364"><ele>0.0</ele></trkpt><trkpt lat="29.934248681607905" lon="-90.0579298256341"><ele>0.0</ele></trkpt><trkpt lat="29.94919504959176" lon="-90.05913145527278"><ele>0.0</ele></trkpt><trkpt lat="29.95692918522053" lon="-90.0579298256341"><ele>0.0</ele></trkpt><trkpt lat="29.95886262512179" lon="-90.05080587849055"><ele>0.0</ele></trkpt><trkpt lat="29.95611118009597" lon="-90.03484137043391"><ele>0.0</ele></trkpt><trkpt lat="29.950087480559713" lon="-90.01973516926203"><ele>0.0</ele></trkpt><trkpt lat="29.942357271502534" lon="-90.00574476704035"><ele>0.0</ele></trkpt><trkpt lat="29.933729432845055" lon="-89.99175436481868"><ele>0.0</ele></trkpt><trkpt lat="29.926662973230652" lon="-89.97724897846614"><ele>0.0</ele></trkpt><trkpt lat="29.92294795180798" lon="-89.96171362385188"><ele>0.0</ele></trkpt><trkpt lat="29.92294795180798" lon="-89.94377500996028"><ele>3.0</ele></trkpt><trkpt lat="29.921832107517115" lon="-89.92841131672297"><ele>3.0</ele></trkpt><trkpt lat="29.917371788475265" lon="-89.91965658649836"><ele>3.0</ele></trkpt><trkpt lat="29.898697302197895" lon="-89.9081552742425"><ele>3.0</ele></trkpt><trkpt lat="29.885458248150645" lon="-89.90326292499934"><ele>3.0</ele></trkpt><trkpt lat="29.871317977361112" lon="-89.90575201496516"><ele>3.0</ele></trkpt><trkpt lat="29.86641754540926" lon="-89.91313345417414"><ele>3.0</ele></trkpt><trkpt lat="29.86649197679116" lon="-89.92197401508723"><ele>3.0</ele></trkpt><trkpt lat="29.871255469737598" lon="-89.93750936970149"><ele>2.0</ele></trkpt><trkpt lat="29.882938072720876" lon="-89.9656618355218"><ele>2.0</ele></trkpt><trkpt lat="29.8815985202384" lon="-89.96755011066828"><ele>2.0</ele></trkpt><trkpt lat="29.878323982856266" lon="-89.97295744404231"><ele>2.0</ele></trkpt><trkpt lat="29.869095162678818" lon="-89.97501738056575"><ele>2.0</ele></trkpt><trkpt lat="29.85443149110702" lon="-89.97793562397395"><ele>2.0</ele></trkpt><trkpt lat="29.849022239974047" lon="-89.97990972980891"><ele>2.0</ele></trkpt><trkpt lat="29.842619817793864" lon="-89.98591787800227"><ele>2.0</ele></trkpt><trkpt lat="29.82477720318468" lon="-89.99982764500577"><ele>2.0</ele></trkpt><trkpt lat="29.802733887040286" lon="-90.00566413182217"><ele>1.0</ele></trkpt><trkpt lat="29.790071677766896" lon="-90.01373221653897"><ele>1.0</ele></trkpt><trkpt lat="29.777468282251522" lon="-90.02162863987881"><ele>1.0</ele></trkpt><trkpt lat="29.764355833125915" lon="-90.02454688328702"><ele>1.0</ele></trkpt><trkpt lat="29.749900349452854" lon="-90.020941994371"><ele>1.0</ele></trkpt><trkpt lat="29.73022562091148" lon="-89.99450614232022"><ele>1.0</ele></trkpt><trkpt lat="29.703425923797006" lon="-89.98008658665616"><ele>1.0</ele></trkpt><trkpt lat="29.68038206902032" lon="-89.96292044896084"><ele>1.0</ele></trkpt><trkpt lat="29.651594007392582" lon="-89.95691230076748"><ele>1.0</ele></trkpt><trkpt lat="29.644582195849843" lon="-89.95141913670498"><ele>1.0</ele></trkpt><trkpt lat="29.64204588841982" lon="-89.94558264988858"><ele>1.0</ele></trkpt><trkpt lat="29.627572794375904" lon="-89.9169151999374"><ele>1.0</ele></trkpt><trkpt lat="29.619514706898155" lon="-89.90283896702725"><ele>1.0</ele></trkpt><trkpt lat="29.6117544580985" lon="-89.8887627341171"><ele>1.0</ele></trkpt><trkpt lat="29.607296391491307" lon="-89.87365653294522"><ele>1.0</ele></trkpt><trkpt lat="29.604609893541465" lon="-89.85631873387295"><ele>1.0</ele></trkpt><trkpt lat="29.600281496298926" lon="-89.83915259617764"><ele>1.0</ele></trkpt><trkpt lat="29.58416031396721" lon="-89.81391837376553"><ele>1.0</ele></trkpt><trkpt lat="29.567321849036464" lon="-89.78593756932217"><ele>1.0</ele></trkpt><trkpt lat="29.535215736524286" lon="-89.75418021458584"><ele>1.0</ele></trkpt><trkpt lat="29.52748768620384" lon="-89.73649909275967"><ele>1.0</ele></trkpt><trkpt lat="29.520915373708483" lon="-89.72413947361905"><ele>1.0</ele></trkpt><trkpt lat="29.51090671424194" lon="-89.713324806871"><ele>1.0</ele></trkpt><trkpt lat="29.49925359526083" lon="-89.70405509251553"><ele>1.0</ele></trkpt><trkpt lat="29.487748559882224" lon="-89.69444205540616"><ele>1.0</ele></trkpt><trkpt lat="29.462681841116936" lon="-89.66525962132413"><ele>1.0</ele></trkpt><trkpt lat="29.455058942217264" lon="-89.61530616063077"><ele>0.0</ele></trkpt><trkpt lat="29.443548890457613" lon="-89.60037162083584"><ele>0.0</ele></trkpt><trkpt lat="29.424742331047955" lon="-89.6063797690292"><ele>0.0</ele></trkpt><trkpt lat="29.416518543509113" lon="-89.60655143040616"><ele>0.0</ele></trkpt><trkpt lat="29.404854576242016" lon="-89.60363318699795"><ele>0.0</ele></trkpt><trkpt lat="29.39303970671272" lon="-89.59470679539639"><ele>0.0</ele></trkpt><trkpt lat="29.37598798198187" lon="-89.57033087986905"><ele>0.0</ele></trkpt><trkpt lat="29.358817056512333" lon="-89.51728751439053"><ele>0.0</ele></trkpt><trkpt lat="29.34101139957544" lon="-89.47917868870694"><ele>0.0</ele></trkpt><trkpt lat="29.36091163509987" lon="-89.45840766209561"><ele>0.0</ele></trkpt><trkpt lat="29.364356229612337" lon="-89.44896628636319"><ele>0.0</ele></trkpt><trkpt lat="29.34909525830505" lon="-89.41343238133389"><ele>0.0</ele></trkpt><trkpt lat="29.33699354830195" lon="-89.39746787327725"><ele>0.0</ele></trkpt><trkpt lat="29.292988033662066" lon="-89.36021735447842"><ele>0.0</ele></trkpt><trkpt lat="29.270874913688736" lon="-89.34081961888272"><ele>0.0</ele></trkpt><trkpt lat="29.239124406554666" lon="-89.30305411595303"><ele>0.0</ele></trkpt><trkpt lat="29.233555176430098" lon="-89.2968846973233"><ele>0.0</ele></trkpt><trkpt lat="29.164570727787545" lon="-89.25825049656827"><ele>0.0</ele></trkpt><trkpt lat="29.15563598992412" lon="-89.25329645651776"><ele>0.0</ele></trkpt><trkpt lat="29.15372928144701" lon="-89.25183733481366"><ele>-1.0</ele></trkpt><trkpt lat="29.15145711333103" lon="-89.25067057389218"><ele>-1.0</ele></trkpt></trkseg></trk><trk><name>Locks and Dams</name><extensions><gpxx:TrackExtension><gpxx:DisplayColor>Blue</gpxx:DisplayColor></gpxx:TrackExtension></extensions><trkseg><trkpt lat="44.98127324023089" lon="-93.2581458188179"><ele>237.2802692175616</ele></trkpt><trkpt lat="44.981033" lon="-93.257484"><ele>230.2485361565607</ele></trkpt><trkpt lat="44.980934" lon="-93.257195"><ele>231.32555197270736</ele></trkpt><trkpt lat="44.98091669980715" lon="-93.2571437318945"><ele>230.25850237948904</ele></trkpt><trkpt lat="44.980900395337045" lon="-93.25708332390785"><ele>229.45606240925153</ele></trkpt><trkpt lat="44.98088" lon="-93.25695"><ele>228.9457283140383</ele></trkpt><trkpt lat="44.97991" lon="-93.25447"><ele>228.0</ele></trkpt><trkpt lat="44.97883" lon="-93.25095"><ele>228.0</ele></trkpt><trkpt lat="44.97884" lon="-93.25093"><ele>228.0</ele></trkpt><trkpt lat="44.978832" lon="-93.24921"><ele>228.0</ele></trkpt><trkpt lat="44.978687" lon="-93.24763"><ele>224.43715930048384</ele></trkpt><trkpt lat="44.97856" lon="-93.246574"><ele>223.92279822482243</ele></trkpt><trkpt lat="44.97852" lon="-93.24655"><ele>225.55295312249464</ele></trkpt><trkpt lat="44.97852" lon="-93.246544"><ele>225.52989074109547</ele></trkpt><trkpt lat="44.978546" lon="-93.24649"><ele>224.27881332620188</ele></trkpt><trkpt lat="44.978516" lon="-93.24586"><ele>223.00538251201334</ele></trkpt><trkpt lat="44.97853" lon="-93.24424"><ele>223.0</ele></trkpt><trkpt lat="44.978157" lon="-93.24273"><ele>223.0</ele></trkpt><trkpt lat="44.977623" lon="-93.241646"><ele>223.0</ele></trkpt><trkpt lat="44.97715" lon="-93.24063"><ele>223.0</ele></trkpt><trkpt lat="44.975933" lon="-93.239975"><ele>223.0</ele></trkpt><trkpt lat="44.974133" lon="-93.2397"><ele>223.0</ele></trkpt><trkpt lat="44.97344" lon="-93.23973"><ele>223.0</ele></trkpt><trkpt lat="44.97214" lon="-93.23944"><ele>223.0</ele></trkpt><trkpt lat="44.970226" lon="-93.238045"><ele>223.0</ele></trkpt><trkpt lat="44.96956" lon="-93.23678"><ele>223.0</ele></trkpt><trkpt lat="44.96827" lon="-93.23113"><ele>223.0</ele></trkpt><trkpt lat="44.96701" lon="-93.22771"><ele>223.0</ele></trkpt><trkpt lat="44.95762" lon="-93.21613"><ele>223.0</ele></trkpt><trkpt lat="44.95111690279074" lon="-93.20392837036133"><ele>223.0</ele></trkpt><trkpt lat="44.94997044169308" lon="-93.20182507934571"><ele>223.0</ele></trkpt><trkpt lat="44.94977860662095" lon="-93.20166050262449"><ele>223.0</ele></trkpt><trkpt lat="44.949610931067475" lon="-93.20154738357544"><ele>223.0</ele></trkpt><trkpt lat="44.94941013763513" lon="-93.2015017565918"><ele>223.0</ele></trkpt><trkpt lat="44.94919371584451" lon="-93.20141175659178"><ele>223.0</ele></trkpt><trkpt lat="44.94882079663958" lon="-93.20132589416504"><ele>223.0</ele></trkpt><trkpt lat="44.947880133587084" lon="-93.20123755554201"><ele>223.0</ele></trkpt><trkpt lat="44.94304736923433" lon="-93.20058294708252"><ele>223.0</ele></trkpt><trkpt lat="44.938740975247335" lon="-93.20008837036133"><ele>223.0</ele></trkpt><trkpt lat="44.93402114203843" lon="-93.19998504760743"><ele>223.0</ele></trkpt><trkpt lat="44.929466850878505" lon="-93.20090101586914"><ele>223.0</ele></trkpt><trkpt lat="44.9257744600576" lon="-93.20135959259032"><ele>223.0</ele></trkpt><trkpt lat="44.92117219421242" lon="-93.20235084655762"><ele>223.0</ele></trkpt><trkpt lat="44.915688" lon="-93.20266"><ele>223.0</ele></trkpt><trkpt lat="44.91562" lon="-93.202805"><ele>223.0</ele></trkpt><trkpt lat="44.915314" lon="-93.202736"><ele>219.6016648798741</ele></trkpt><trkpt lat="44.914776" lon="-93.20269"><ele>216.78256621924953</ele></trkpt><trkpt lat="44.91475" lon="-93.20275"><ele>219.02012762891997</ele></trkpt><trkpt lat="44.914745" lon="-93.202736"><ele>218.61502373651058</ele></trkpt><trkpt lat="44.914646" lon="-93.20264"><ele>215.50233150378176</ele></trkpt><trkpt lat="44.913853" lon="-93.20245"><ele>214.21724445394702</ele></trkpt><trkpt lat="44.91344" lon="-93.202324"><ele>214.0</ele></trkpt><trkpt lat="44.91208" lon="-93.20146"><ele>214.0</ele></trkpt><trkpt lat="44.910908" lon="-93.20078"><ele>214.0</ele></trkpt><trkpt lat="44.908653" lon="-93.199486"><ele>213.0</ele></trkpt><trkpt lat="44.907036" lon="-93.19734"><ele>213.0</ele></trkpt><trkpt lat="44.90593" lon="-93.195274"><ele>213.0</ele></trkpt><trkpt lat="44.90514" lon="-93.193535"><ele>213.0</ele></trkpt><trkpt lat="44.904472" lon="-93.19248"><ele>213.0</ele></trkpt><trkpt lat="44.904243" lon="-93.19186"><ele>213.0</ele></trkpt><trkpt lat="44.904164229865536" lon="-93.19168405158995"><ele>213.0</ele></trkpt><trkpt lat="44.904031643880764" lon="-93.19158285648345"><ele>213.0</ele></trkpt><trkpt lat="44.90388224426481" lon="-93.19150172023774"><ele>213.0</ele></trkpt><trkpt lat="44.90235" lon="-93.19094"><ele>213.0</ele></trkpt><trkpt lat="44.90041" lon="-93.19102"><ele>213.0</ele></trkpt><trkpt lat="44.897606" lon="-93.19019"><ele>213.0</ele></trkpt><trkpt lat="44.895596" lon="-93.18812"><ele>213.0</ele></trkpt><trkpt lat="44.894478" lon="-93.18507"><ele>213.0</ele></trkpt><trkpt lat="44.894344" lon="-93.182304"><ele>213.0</ele></trkpt><trkpt lat="44.894043" lon="-93.18092"><ele>213.0</ele></trkpt><trkpt lat="44.8937" lon="-93.170006"><ele>213.0</ele></trkpt><trkpt lat="44.894123" lon="-93.16609"><ele>213.0</ele></trkpt><trkpt lat="44.89693" lon="-93.15766"><ele>213.0</ele></trkpt><trkpt lat="44.89723" lon="-93.154854"><ele>213.0</ele></trkpt><trkpt lat="44.89766" lon="-93.15141"><ele>213.0</ele></trkpt><trkpt lat="44.89801" lon="-93.14911"><ele>213.0</ele></trkpt><trkpt lat="44.90031" lon="-93.14578"><ele>213.0</ele></trkpt><trkpt lat="44.902653" lon="-93.14235"><ele>213.0</ele></trkpt><trkpt lat="44.904396" lon="-93.13986"><ele>213.0</ele></trkpt><trkpt lat="44.905087" lon="-93.13877"><ele>213.0</ele></trkpt><trkpt lat="44.90714761234194" lon="-93.13551999999999"><ele>213.0</ele></trkpt><trkpt lat="44.910892" lon="-93.13369"><ele>213.0</ele></trkpt><trkpt lat="44.91405" lon="-93.131966"><ele>213.0</ele></trkpt><trkpt lat="44.917282" lon="-93.13034"><ele>213.0</ele></trkpt><trkpt lat="44.91919" lon="-93.12853"><ele>213.0</ele></trkpt><trkpt lat="44.920525" lon="-93.126686"><ele>212.0</ele></trkpt><trkpt lat="44.922504" lon="-93.12052"><ele>212.0</ele></trkpt><trkpt lat="44.923565" lon="-93.11655"><ele>212.0</ele></trkpt><trkpt lat="44.924328" lon="-93.11492"><ele>212.0</ele></trkpt><trkpt lat="44.926353" lon="-93.11074"><ele>212.0</ele></trkpt><trkpt lat="44.932274" lon="-93.10507"><ele>212.0</ele></trkpt><trkpt lat="44.937799471434694" lon="-93.09992566137696"><ele>212.0</ele></trkpt><trkpt lat="44.939102" lon="-93.09738"><ele>212.0</ele></trkpt><trkpt lat="44.939827" lon="-93.096214"><ele>212.0</ele></trkpt><trkpt lat="44.94074" lon="-93.09483"><ele>212.0</ele></trkpt><trkpt lat="44.941364" lon="-93.09324"><ele>212.0</ele></trkpt><trkpt lat="44.94138" lon="-93.09229"><ele>212.0</ele></trkpt><trkpt lat="44.941433" lon="-93.09127"><ele>212.0</ele></trkpt><trkpt lat="44.942276" lon="-93.08921"><ele>212.0</ele></trkpt><trkpt lat="44.9433" lon="-93.087326"><ele>212.0</ele></trkpt><trkpt lat="44.94363" lon="-93.086716"><ele>212.0</ele></trkpt><trkpt lat="44.94403" lon="-93.086494"><ele>212.0</ele></trkpt><trkpt lat="44.945118" lon="-93.08339"><ele>212.0</ele></trkpt><trkpt lat="44.94619" lon="-93.079735"><ele>212.0</ele></trkpt><trkpt lat="44.9466" lon="-93.07784"><ele>212.0</ele></trkpt><trkpt lat="44.94696" lon="-93.07487"><ele>212.0</ele></trkpt><trkpt lat="44.946976" lon="-93.07263"><ele>212.0</ele></trkpt><trkpt lat="44.94657" lon="-93.06987"><ele>212.0</ele></trkpt><trkpt lat="44.946033" lon="-93.06737"><ele>212.0</ele></trkpt><trkpt lat="44.944897" lon="-93.064095"><ele>212.0</ele></trkpt><trkpt lat="44.94334" lon="-93.06036"><ele>212.0</ele></trkpt><trkpt lat="44.941668259946944" lon="-93.0563329788208"><ele>212.0</ele></trkpt><trkpt lat="44.938954320890424" lon="-93.05410169311523"><ele>212.0</ele></trkpt><trkpt lat="44.93573493809151" lon="-93.05054714813231"><ele>212.0</ele></trkpt><trkpt lat="44.93336476203739" lon="-93.05042270898437"><ele>212.0</ele></trkpt><trkpt lat="44.9312794158879" lon="-93.05016711639405"><ele>212.0</ele></trkpt><trkpt lat="44.929104000000024" lon="-93.0504633544922"><ele>212.0</ele></trkpt><trkpt lat="44.927517" lon="-93.05156"><ele>212.0</ele></trkpt><trkpt lat="44.926296" lon="-93.05219"><ele>212.0</ele></trkpt><trkpt lat="44.923965" lon="-93.05242"><ele>212.0</ele></trkpt><trkpt lat="44.922398" lon="-93.05272"><ele>212.0</ele></trkpt><trkpt lat="44.91671" lon="-93.04931"><ele>212.0</ele></trkpt><trkpt lat="44.907967" lon="-93.04366"><ele>212.0</ele></trkpt><trkpt lat="44.90386" lon="-93.04031"><ele>212.0</ele></trkpt><trkpt lat="44.89997372" lon="-93.03621417"><ele>211.0</ele></trkpt><trkpt lat="44.89995549" lon="-93.0361847"><ele>211.0</ele></trkpt><trkpt lat="44.89957182" lon="-93.0356958"><ele>211.0</ele></trkpt><trkpt lat="44.89907141" lon="-93.03464956"><ele>211.0</ele></trkpt><trkpt lat="44.89848" lon="-93.03292"><ele>211.0</ele></trkpt><trkpt lat="44.89777" lon="-93.031235"><ele>211.0</ele></trkpt><trkpt lat="44.89494246280122" lon="-93.0242916772461"><ele>211.0</ele></trkpt><trkpt lat="44.89316727641374" lon="-93.0212902671814"><ele>211.0</ele></trkpt><trkpt lat="44.89211747862848" lon="-93.02052423278809"><ele>211.0</ele></trkpt><trkpt lat="44.89119197306236" lon="-93.01937464019775"><ele>211.0</ele></trkpt><trkpt lat="44.88950031229301" lon="-93.01860652114868"><ele>211.0</ele></trkpt><trkpt lat="44.887584228906725" lon="-93.01813653967285"><ele>211.0</ele></trkpt><trkpt lat="44.884815" lon="-93.018"><ele>211.0</ele></trkpt><trkpt lat="44.88195744940351" lon="-93.01644501586915"><ele>211.0</ele></trkpt><trkpt lat="44.879723000000006" lon="-93.0158175238037"><ele>211.0</ele></trkpt><trkpt lat="44.87819174403856" lon="-93.01537962432862"><ele>211.0</ele></trkpt><trkpt lat="44.876706988653545" lon="-93.01514711639405"><ele>211.0</ele></trkpt><trkpt lat="44.873668063034195" lon="-93.01455545501707"><ele>211.0</ele></trkpt><trkpt lat="44.871263522510034" lon="-93.01375545501709"><ele>211.0</ele></trkpt><trkpt lat="44.869475850485045" lon="-93.01317504760742"><ele>211.0</ele></trkpt><trkpt lat="44.8683616366822" lon="-93.01240257141113"><ele>211.0</ele></trkpt><trkpt lat="44.866490679917554" lon="-93.01160928039552"><ele>211.0</ele></trkpt><trkpt lat="44.86483017487911" lon="-93.00996642852783"><ele>211.0</ele></trkpt><trkpt lat="44.863747286004624" lon="-93.00930852905273"><ele>211.0</ele></trkpt><trkpt lat="44.862330597521606" lon="-93.00866269836426"><ele>211.0</ele></trkpt><trkpt lat="44.86103476326086" lon="-93.0086576824951"><ele>211.0</ele></trkpt><trkpt lat="44.859948268425136" lon="-93.00858890472412"><ele>211.0</ele></trkpt><trkpt lat="44.85915414145173" lon="-93.0086180581665"><ele>211.0</ele></trkpt><trkpt lat="44.857922813500934" lon="-93.00846178833007"><ele>211.0</ele></trkpt><trkpt lat="44.856472612142426" lon="-93.00870509521485"><ele>211.0</ele></trkpt><trkpt lat="44.855308634894776" lon="-93.00866982537842"><ele>211.0</ele></trkpt><trkpt lat="44.85413354065065" lon="-93.00889423278808"><ele>211.0</ele></trkpt><trkpt lat="44.85198527524446" lon="-93.00937548675537"><ele>211.0</ele></trkpt><trkpt lat="44.85035743371012" lon="-93.00998338623047"><ele>210.0</ele></trkpt><trkpt lat="44.848230965662545" lon="-93.01053086242676"><ele>210.0</ele></trkpt><trkpt lat="44.84205" lon="-93.01233"><ele>210.0</ele></trkpt><trkpt lat="44.83134" lon="-93.01099"><ele>210.0</ele></trkpt><trkpt lat="44.82219" lon="-93.00885"><ele>210.0</ele></trkpt><trkpt lat="44.81422" lon="-93.00829"><ele>210.0</ele></trkpt><trkpt lat="44.81256" lon="-93.0082"><ele>210.0</ele></trkpt><trkpt lat="44.809475" lon="-93.010025"><ele>210.0</ele></trkpt><trkpt lat="44.80519" lon="-93.01297"><ele>210.0</ele></trkpt><trkpt lat="44.797382" lon="-93.017494"><ele>210.0</ele></trkpt><trkpt lat="44.795113" lon="-93.018715"><ele>210.0</ele></trkpt><trkpt lat="44.79384" lon="-93.019554"><ele>210.0</ele></trkpt><trkpt lat="44.792202" lon="-93.019875"><ele>210.0</ele></trkpt><trkpt lat="44.789845" lon="-93.02028"><ele>210.0</ele></trkpt><trkpt lat="44.788345" lon="-93.020256"><ele>210.0</ele></trkpt><trkpt lat="44.786377" lon="-93.01987"><ele>210.0</ele></trkpt><trkpt lat="44.784714" lon="-93.01916"><ele>210.0</ele></trkpt><trkpt lat="44.78295" lon="-93.0186"><ele>210.0</ele></trkpt><trkpt lat="44.78077" lon="-93.017784"><ele>210.0</ele></trkpt><trkpt lat="44.77957" lon="-93.01711"><ele>210.0</ele></trkpt><trkpt lat="44.77814" lon="-93.01615"><ele>210.0</ele></trkpt><trkpt lat="44.77658" lon="-93.01452"><ele>209.0</ele></trkpt><trkpt lat="44.774902" lon="-93.012375"><ele>209.0</ele></trkpt><trkpt lat="44.774227" lon="-93.011154"><ele>209.0</ele></trkpt><trkpt lat="44.773926" lon="-93.01018"><ele>209.0</ele></trkpt><trkpt lat="44.773174" lon="-93.00777"><ele>209.0</ele></trkpt><trkpt lat="44.772568" lon="-93.00552"><ele>209.0</ele></trkpt><trkpt lat="44.772236" lon="-93.003105"><ele>209.0</ele></trkpt><trkpt lat="44.772453" lon="-93.00124"><ele>209.0</ele></trkpt><trkpt lat="44.772785" lon="-93.00049"><ele>209.0</ele></trkpt><trkpt lat="44.772266" lon="-92.997925"><ele>209.0</ele></trkpt><trkpt lat="44.7726" lon="-92.996315"><ele>209.0</ele></trkpt><trkpt lat="44.774015565809265" lon="-92.99410749206541"><ele>209.0</ele></trkpt><trkpt lat="44.77507092447075" lon="-92.99217830688477"><ele>209.0</ele></trkpt><trkpt lat="44.775321848980944" lon="-92.99026247619629"><ele>209.0</ele></trkpt><trkpt lat="44.77532162277483" lon="-92.98731291534423"><ele>209.0</ele></trkpt><trkpt lat="44.77525328226295" lon="-92.98528376190187"><ele>209.0</ele></trkpt><trkpt lat="44.77530587033136" lon="-92.98391586242676"><ele>209.0</ele></trkpt><trkpt lat="44.77518713844478" lon="-92.98256921691895"><ele>209.0</ele></trkpt><trkpt lat="44.7748314266663" lon="-92.9816324020996"><ele>209.0</ele></trkpt><trkpt lat="44.772853637420454" lon="-92.97307706789404"><ele>209.0</ele></trkpt><trkpt lat="44.77279970622037" lon="-92.97281011027344"><ele>209.0</ele></trkpt><trkpt lat="44.76626124190476" lon="-92.9555366455078"><ele>209.0</ele></trkpt><trkpt lat="44.766077238022554" lon="-92.95171880950927"><ele>209.0</ele></trkpt><trkpt lat="44.76665968448911" lon="-92.94910258728028"><ele>209.0</ele></trkpt><trkpt lat="44.767114843913134" lon="-92.94767674072266"><ele>209.0</ele></trkpt><trkpt lat="44.76796721601647" lon="-92.94514136505127"><ele>209.0</ele></trkpt><trkpt lat="44.76884" lon="-92.94303"><ele>209.0</ele></trkpt><trkpt lat="44.77334626821046" lon="-92.93908244445801"><ele>209.0</ele></trkpt><trkpt lat="44.77541769475488" lon="-92.93752329101564"><ele>209.0</ele></trkpt><trkpt lat="44.77808827974547" lon="-92.935702444458"><ele>209.0</ele></trkpt><trkpt lat="44.77985556473977" lon="-92.93431661376951"><ele>209.0</ele></trkpt><trkpt lat="44.781205273365515" lon="-92.93092833862305"><ele>209.0</ele></trkpt><trkpt lat="44.78227200613184" lon="-92.92702586242677"><ele>209.0</ele></trkpt><trkpt lat="44.781671659231414" lon="-92.92298674072265"><ele>209.0</ele></trkpt><trkpt lat="44.779662868552485" lon="-92.91987091003419"><ele>209.0</ele></trkpt><trkpt lat="44.77771966519352" lon="-92.91673924865722"><ele>209.0</ele></trkpt><trkpt lat="44.776194828123614" lon="-92.91495338623047"><ele>209.0</ele></trkpt><trkpt lat="44.77513211152722" lon="-92.91288711639405"><ele>209.0</ele></trkpt><trkpt lat="44.77431709606418" lon="-92.91108084655762"><ele>209.0</ele></trkpt><trkpt lat="44.77437088809844" lon="-92.90710464019776"><ele>209.0</ele></trkpt><trkpt lat="44.77434814753156" lon="-92.90360216400147"><ele>209.0</ele></trkpt><trkpt lat="44.774453733464604" lon="-92.9009126031494"><ele>209.0</ele></trkpt><trkpt lat="44.774391393993014" lon="-92.8976413809204"><ele>209.0</ele></trkpt><trkpt lat="44.774528176894826" lon="-92.89509808990479"><ele>209.0</ele></trkpt><trkpt lat="44.77450310601758" lon="-92.89227286767579"><ele>209.0</ele></trkpt><trkpt lat="44.77323944312798" lon="-92.88811821685792"><ele>209.0</ele></trkpt><trkpt lat="44.77221648459722" lon="-92.88376498931885"><ele>209.0</ele></trkpt><trkpt lat="44.7710745823809" lon="-92.87908301574707"><ele>209.0</ele></trkpt><trkpt lat="44.76977952261071" lon="-92.87522088348389"><ele>209.0</ele></trkpt><trkpt lat="44.76735942704265" lon="-92.87401673004152"><ele>209.0</ele></trkpt><trkpt lat="44.76490645943812" lon="-92.87283655548096"><ele>209.0</ele></trkpt><trkpt lat="44.76256" lon="-92.87197"><ele>209.0</ele></trkpt><trkpt lat="44.762245" lon="-92.871284"><ele>209.0</ele></trkpt><trkpt lat="44.759796" lon="-92.86859"><ele>208.08537050389543</ele></trkpt><trkpt lat="44.75946" lon="-92.86834"><ele>208.0798612897003</ele></trkpt><trkpt lat="44.759407" lon="-92.8684"><ele>208.5256265842738</ele></trkpt><trkpt lat="44.7594" lon="-92.86839"><ele>208.57769863142843</ele></trkpt><trkpt lat="44.759254" lon="-92.86816"><ele>208.58764997446363</ele></trkpt><trkpt lat="44.758488" lon="-92.86724"><ele>208.02882097845912</ele></trkpt><trkpt lat="44.757484" lon="-92.86625"><ele>208.0</ele></trkpt><trkpt lat="44.75607" lon="-92.864845"><ele>208.0</ele></trkpt><trkpt lat="44.755077" lon="-92.86391"><ele>208.0</ele></trkpt><trkpt lat="44.754143" lon="-92.86325"><ele>208.0</ele></trkpt><trkpt lat="44.752277" lon="-92.86179"><ele>208.0</ele></trkpt><trkpt lat="44.750336" lon="-92.860344"><ele>208.0</ele></trkpt><trkpt lat="44.748703" lon="-92.85856"><ele>208.0</ele></trkpt><trkpt lat="44.74698" lon="-92.85708"><ele>208.0</ele></trkpt><trkpt lat="44.746197" lon="-92.85629"><ele>208.0</ele></trkpt><trkpt lat="44.746056" lon="-92.85609"><ele>208.0</ele></trkpt><trkpt lat="44.74591" lon="-92.85585"><ele>208.0</ele></trkpt><trkpt lat="44.745865" lon="-92.855774"><ele>208.0</ele></trkpt><trkpt lat="44.745808" lon="-92.855804"><ele>208.06797176355468</ele></trkpt><trkpt lat="44.74584" lon="-92.85589"><ele>208.0</ele></trkpt><trkpt lat="44.745945" lon="-92.856064"><ele>208.0</ele></trkpt><trkpt lat="44.745934" lon="-92.856064"><ele>208.0154660666169</ele></trkpt><trkpt lat="44.745792" lon="-92.8558"><ele>208.1631141892458</ele></trkpt><trkpt lat="44.745777" lon="-92.85437"><ele>208.0</ele></trkpt><trkpt lat="44.745903" lon="-92.85203"><ele>208.0</ele></trkpt><trkpt lat="44.74678" lon="-92.84403"><ele>208.0</ele></trkpt><trkpt lat="44.747246" lon="-92.836586"><ele>208.0</ele></trkpt><trkpt lat="44.74939" lon="-92.82995"><ele>208.0</ele></trkpt><trkpt lat="44.75002" lon="-92.82667"><ele>208.0</ele></trkpt><trkpt lat="44.748657" lon="-92.81652"><ele>208.0</ele></trkpt><trkpt lat="44.7488" lon="-92.814514"><ele>208.0</ele></trkpt><trkpt lat="44.74759" lon="-92.807655"><ele>208.0</ele></trkpt><trkpt lat="44.74752" lon="-92.80659"><ele>208.0</ele></trkpt><trkpt lat="44.746933" lon="-92.80474"><ele>208.0</ele></trkpt><trkpt lat="44.74698" lon="-92.80349"><ele>208.0</ele></trkpt><trkpt lat="44.746727" lon="-92.80258"><ele>208.0</ele></trkpt><trkpt lat="44.746674" lon="-92.80217"><ele>208.0</ele></trkpt><trkpt lat="44.746796" lon="-92.802155"><ele>208.0</ele></trkpt><trkpt lat="44.746944" lon="-92.80194"><ele>208.22493582174855</ele></trkpt><trkpt lat="44.74674" lon="-92.80135"><ele>208.0</ele></trkpt><trkpt lat="44.7468" lon="-92.80118"><ele>208.51247191842185</ele></trkpt><trkpt lat="44.746788" lon="-92.80123"><ele>208.14475361429672</ele></trkpt><trkpt lat="44.74671" lon="-92.80129"><ele>208.0</ele></trkpt><trkpt lat="44.746025" lon="-92.80047"><ele>208.0</ele></trkpt><trkpt lat="44.741676" lon="-92.79641"><ele>208.0</ele></trkpt><trkpt lat="44.739662" lon="-92.79442"><ele>208.0</ele></trkpt><trkpt lat="44.736694" lon="-92.79042"><ele>208.0</ele></trkpt><trkpt lat="44.73597" lon="-92.78735"><ele>208.0</ele></trkpt><trkpt lat="44.734985" lon="-92.78381"><ele>208.0</ele></trkpt><trkpt lat="44.73347" lon="-92.77878"><ele>208.0</ele></trkpt><trkpt lat="44.729126" lon="-92.76849"><ele>208.0</ele></trkpt><trkpt lat="44.72682" lon="-92.76475"><ele>208.0</ele></trkpt><trkpt lat="44.726215" lon="-92.763916"><ele>208.0</ele></trkpt><trkpt lat="44.72374" lon="-92.759155"><ele>208.0</ele></trkpt><trkpt lat="44.721195" lon="-92.75347"><ele>208.0</ele></trkpt><trkpt lat="44.72062" lon="-92.75225"><ele>208.0</ele></trkpt><trkpt lat="44.719257" lon="-92.74797"><ele>208.0</ele></trkpt><trkpt lat="44.71821" lon="-92.74541"><ele>208.0</ele></trkpt><trkpt lat="44.716503" lon="-92.74058"><ele>208.0</ele></trkpt><trkpt lat="44.715015" lon="-92.73648"><ele>206.0</ele></trkpt><trkpt lat="44.714355" lon="-92.734695"><ele>206.0</ele></trkpt><trkpt lat="44.71381901" lon="-92.73379431"><ele>206.0</ele></trkpt><trkpt lat="44.71370076" lon="-92.73358271"><ele>206.0</ele></trkpt><trkpt lat="44.71369207" lon="-92.73356685"><ele>206.0</ele></trkpt><trkpt lat="44.71361697" lon="-92.73346195"><ele>206.0</ele></trkpt><trkpt lat="44.712997" lon="-92.73231"><ele>206.0</ele></trkpt><trkpt lat="44.712193" lon="-92.73134"><ele>206.0</ele></trkpt><trkpt lat="44.70958" lon="-92.7284"><ele>206.0</ele></trkpt><trkpt lat="44.70785" lon="-92.72553"><ele>206.0</ele></trkpt><trkpt lat="44.704777" lon="-92.72076"><ele>206.0</ele></trkpt><trkpt lat="44.70242" lon="-92.71752"><ele>206.0</ele></trkpt><trkpt lat="44.700962" lon="-92.715706"><ele>206.0</ele></trkpt><trkpt lat="44.698418" lon="-92.71104"><ele>206.0</ele></trkpt><trkpt lat="44.696808" lon="-92.707726"><ele>206.0</ele></trkpt><trkpt lat="44.695484" lon="-92.70583"><ele>206.0</ele></trkpt><trkpt lat="44.69296" lon="-92.70264"><ele>206.0</ele></trkpt><trkpt lat="44.69133" lon="-92.70066"><ele>206.0</ele></trkpt><trkpt lat="44.688766" lon="-92.69599"><ele>206.0</ele></trkpt><trkpt lat="44.68672" lon="-92.692795"><ele>206.0</ele></trkpt><trkpt lat="44.685726" lon="-92.69177"><ele>206.0</ele></trkpt><trkpt lat="44.684135" lon="-92.687"><ele>206.0</ele></trkpt><trkpt lat="44.683711999999986" lon="-92.68567206878663"><ele>206.0</ele></trkpt><trkpt lat="44.67130667614297" lon="-92.67571438827353"><ele>206.0</ele></trkpt><trkpt lat="44.67099011386807" lon="-92.67510429964197"><ele>206.0</ele></trkpt><trkpt lat="44.66128410533303" lon="-92.66162888155115"><ele>206.0</ele></trkpt><trkpt lat="44.65322505228976" lon="-92.64489189729822"><ele>206.0</ele></trkpt><trkpt lat="44.64827916974253" lon="-92.63133064851893"><ele>206.0</ele></trkpt><trkpt lat="44.64528701135968" lon="-92.62892738924158"><ele>206.0</ele></trkpt><trkpt lat="44.64364582826039" lon="-92.62755409822596"><ele>206.0</ele></trkpt><trkpt lat="44.64297407901819" lon="-92.62678162202967"><ele>206.0</ele></trkpt><trkpt lat="44.642731177527246" lon="-92.62659636729796"><ele>206.0</ele></trkpt><trkpt lat="44.639290217321744" lon="-92.62214192855835"><ele>206.0</ele></trkpt><trkpt lat="44.63437419187927" lon="-92.61862328039551"><ele>206.0</ele></trkpt><trkpt lat="44.63249730146643" lon="-92.61901924865721"><ele>206.0</ele></trkpt><trkpt lat="44.63114935475773" lon="-92.61934257141115"><ele>206.0</ele></trkpt><trkpt lat="44.630252754721226" lon="-92.61931711639406"><ele>206.0</ele></trkpt><trkpt lat="44.628666167180015" lon="-92.61945576455689"><ele>205.07547884481028</ele></trkpt><trkpt lat="44.62555999999999" lon="-92.62067059524534"><ele>205.0</ele></trkpt><trkpt lat="44.62322602213313" lon="-92.62182891799927"><ele>205.0</ele></trkpt><trkpt lat="44.62038672357468" lon="-92.62241762963868"><ele>205.0</ele></trkpt><trkpt lat="44.61801378234297" lon="-92.62206976455688"><ele>205.0</ele></trkpt><trkpt lat="44.61601122732086" lon="-92.62164020635987"><ele>205.0</ele></trkpt><trkpt lat="44.61343180568043" lon="-92.61975767990113"><ele>205.0</ele></trkpt><trkpt lat="44.61211264354094" lon="-92.61734456085205"><ele>205.0</ele></trkpt><trkpt lat="44.61092" lon="-92.61455"><ele>205.0585885969237</ele></trkpt><trkpt lat="44.610077" lon="-92.61029"><ele>205.0</ele></trkpt><trkpt lat="44.60996" lon="-92.609764"><ele>205.00927296380937</ele></trkpt><trkpt lat="44.609867" lon="-92.60975"><ele>205.30877631745452</ele></trkpt><trkpt lat="44.609863" lon="-92.60972"><ele>205.17961451435804</ele></trkpt><trkpt lat="44.609867" lon="-92.609375"><ele>205.0</ele></trkpt><trkpt lat="44.609562" lon="-92.60771"><ele>205.0</ele></trkpt><trkpt lat="44.608868" lon="-92.60464"><ele>205.0</ele></trkpt><trkpt lat="44.6085" lon="-92.60277"><ele>205.0</ele></trkpt><trkpt lat="44.606976" lon="-92.59666"><ele>205.0</ele></trkpt><trkpt lat="44.605724" lon="-92.59089"><ele>205.0</ele></trkpt><trkpt lat="44.605019750913996" lon="-92.58577583068848"><ele>205.0</ele></trkpt><trkpt lat="44.6052064121508" lon="-92.58223166137695"><ele>205.0</ele></trkpt><trkpt lat="44.605131086098005" lon="-92.58055681481933"><ele>205.0</ele></trkpt><trkpt lat="44.60452709245161" lon="-92.57620666137696"><ele>205.0</ele></trkpt><trkpt lat="44.60402742827354" lon="-92.57333498413087"><ele>205.0</ele></trkpt><trkpt lat="44.60346699111378" lon="-92.56959501586914"><ele>205.0</ele></trkpt><trkpt lat="44.6019636755559" lon="-92.56791250793457"><ele>205.0</ele></trkpt><trkpt lat="44.5999725693765" lon="-92.56573379364015"><ele>205.0</ele></trkpt><trkpt lat="44.59839442393088" lon="-92.56478921691894"><ele>205.0</ele></trkpt><trkpt lat="44.59621526619062" lon="-92.56252169311522"><ele>205.0</ele></trkpt><trkpt lat="44.59352625393121" lon="-92.55983169311523"><ele>205.0</ele></trkpt><trkpt lat="44.59076330346134" lon="-92.55836226983642"><ele>205.0</ele></trkpt><trkpt lat="44.58831819381783" lon="-92.55692877777099"><ele>205.0</ele></trkpt><trkpt lat="44.586930329662174" lon="-92.55609586242676"><ele>205.0</ele></trkpt><trkpt lat="44.58596338563398" lon="-92.5556106772461"><ele>205.0</ele></trkpt><trkpt lat="44.584173391280906" lon="-92.55334959259034"><ele>205.0</ele></trkpt><trkpt lat="44.58279075485289" lon="-92.55145626983642"><ele>205.0</ele></trkpt><trkpt lat="44.58050999999998" lon="-92.550674"><ele>205.0</ele></trkpt><trkpt lat="44.57893713586863" lon="-92.54941460845947"><ele>205.0</ele></trkpt><trkpt lat="44.575094215316476" lon="-92.55016918518066"><ele>205.0</ele></trkpt><trkpt lat="44.57343299999999" lon="-92.55123247619629"><ele>205.0</ele></trkpt><trkpt lat="44.572117" lon="-92.55154142593383"><ele>205.0</ele></trkpt><trkpt lat="44.570449138299544" lon="-92.55104996826174"><ele>205.0</ele></trkpt><trkpt lat="44.56888169572629" lon="-92.54978039154052"><ele>205.0</ele></trkpt><trkpt lat="44.5679279696981" lon="-92.54781894973755"><ele>205.0</ele></trkpt><trkpt lat="44.56731967014942" lon="-92.54606786508178"><ele>205.0</ele></trkpt><trkpt lat="44.566930751579015" lon="-92.54444007011412"><ele>205.0</ele></trkpt><trkpt lat="44.56679367329209" lon="-92.54314906745911"><ele>205.0</ele></trkpt><trkpt lat="44.56679746661743" lon="-92.54267554100036"><ele>205.0</ele></trkpt><trkpt lat="44.566842971770775" lon="-92.54221492988586"><ele>205.0</ele></trkpt><trkpt lat="44.56692275172725" lon="-92.54132562432859"><ele>205.0</ele></trkpt><trkpt lat="44.56725429811729" lon="-92.5402437460327"><ele>205.0</ele></trkpt><trkpt lat="44.57101100239569" lon="-92.53218749206543"><ele>205.0</ele></trkpt><trkpt lat="44.5722690047024" lon="-92.5300278994751"><ele>205.0</ele></trkpt><trkpt lat="44.57346213096092" lon="-92.5274893571472"><ele>205.0</ele></trkpt><trkpt lat="44.57484151424679" lon="-92.524082335968"><ele>205.0</ele></trkpt><trkpt lat="44.57528678793175" lon="-92.52141525131226"><ele>205.0</ele></trkpt><trkpt lat="44.57533151371341" lon="-92.51914650527954"><ele>205.0</ele></trkpt><trkpt lat="44.574803831118636" lon="-92.51725318252565"><ele>205.0</ele></trkpt><trkpt lat="44.57435627790013" lon="-92.51644379364014"><ele>205.0</ele></trkpt><trkpt lat="44.57395613819528" lon="-92.51578210052492"><ele>205.0</ele></trkpt><trkpt lat="44.572204571721535" lon="-92.51324376190186"><ele>205.0</ele></trkpt><trkpt lat="44.57150315625369" lon="-92.51195959259033"><ele>205.0</ele></trkpt><trkpt lat="44.571051310343044" lon="-92.51044542327881"><ele>205.0</ele></trkpt><trkpt lat="44.57036702443557" lon="-92.50849440475464"><ele>205.0</ele></trkpt><trkpt lat="44.569630442426" lon="-92.50658840209961"><ele>205.0</ele></trkpt><trkpt lat="44.568842614832874" lon="-92.50309796295166"><ele>205.0</ele></trkpt><trkpt lat="44.568116327520045" lon="-92.501978777771"><ele>205.0</ele></trkpt><trkpt lat="44.56765975771208" lon="-92.49956545501709"><ele>205.0</ele></trkpt><trkpt lat="44.567331078837796" lon="-92.49679589416503"><ele>205.0</ele></trkpt><trkpt lat="44.56643477252159" lon="-92.49252128570555"><ele>205.0</ele></trkpt><trkpt lat="44.56659138568766" lon="-92.49037379364012"><ele>205.0</ele></trkpt><trkpt lat="44.56690183244727" lon="-92.48934460845949"><ele>205.0</ele></trkpt><trkpt lat="44.56717966882486" lon="-92.48754793121338"><ele>205.0</ele></trkpt><trkpt lat="44.56798032880674" lon="-92.48523247619629"><ele>205.0</ele></trkpt><trkpt lat="44.56859548643237" lon="-92.4830237301636"><ele>205.0</ele></trkpt><trkpt lat="44.56852548742578" lon="-92.4802554232788"><ele>205.0</ele></trkpt><trkpt lat="44.567692461138506" lon="-92.47806750793457"><ele>205.0</ele></trkpt><trkpt lat="44.56712665643101" lon="-92.47508669311523"><ele>205.0</ele></trkpt><trkpt lat="44.565435408727346" lon="-92.46858504760742"><ele>205.0</ele></trkpt><trkpt lat="44.563404" lon="-92.4632"><ele>205.0</ele></trkpt><trkpt lat="44.561966" lon="-92.455315"><ele>205.0</ele></trkpt><trkpt lat="44.56213" lon="-92.44763"><ele>205.0</ele></trkpt><trkpt lat="44.562016" lon="-92.44296"><ele>205.0</ele></trkpt><trkpt lat="44.56238682404372" lon="-92.43871730422974"><ele>205.0</ele></trkpt><trkpt lat="44.56127204082028" lon="-92.43632583068847"><ele>205.0</ele></trkpt><trkpt lat="44.560708264307124" lon="-92.4335472883606"><ele>205.0</ele></trkpt><trkpt lat="44.5595999689547" lon="-92.4306693313761"><ele>205.0</ele></trkpt><trkpt lat="44.55954994235097" lon="-92.4303782881871"><ele>205.0</ele></trkpt><trkpt lat="44.550865111359826" lon="-92.4127829970494"><ele>205.0</ele></trkpt><trkpt lat="44.545849336913946" lon="-92.39209780112655"><ele>205.0</ele></trkpt><trkpt lat="44.54487059882137" lon="-92.37055429831894"><ele>205.0</ele></trkpt><trkpt lat="44.543112745444056" lon="-92.35149988547714"><ele>205.0</ele></trkpt><trkpt lat="44.54146103772497" lon="-92.34077104941757"><ele>205.0</ele></trkpt><trkpt lat="44.539197510298536" lon="-92.33338961020858"><ele>205.0</ele></trkpt><trkpt lat="44.53063201549906" lon="-92.31974253074081"><ele>205.0</ele></trkpt><trkpt lat="44.50745130290381" lon="-92.29948648826034"><ele>205.0</ele></trkpt><trkpt lat="44.49490170691135" lon="-92.2886718215123"><ele>205.0</ele></trkpt><trkpt lat="44.482550355526385" lon="-92.27828630820663"><ele>205.0</ele></trkpt><trkpt lat="44.470240400772546" lon="-92.26772913352401"><ele>205.0</ele></trkpt><trkpt lat="44.458308226685624" lon="-92.25708612815292"><ele>205.0</ele></trkpt><trkpt lat="44.44599315842744" lon="-92.2461856307164"><ele>205.0</ele></trkpt><trkpt lat="44.43753653344687" lon="-92.23099359885605"><ele>205.0</ele></trkpt><trkpt lat="44.43123960561651" lon="-92.21271166221054"><ele>204.0</ele></trkpt><trkpt lat="44.42658130929574" lon="-92.1930564345494"><ele>204.0</ele></trkpt><trkpt lat="44.422596945531446" lon="-92.17348703757675"><ele>204.0</ele></trkpt><trkpt lat="44.41874281172655" lon="-92.15529093161972"><ele>204.0</ele></trkpt><trkpt lat="44.41494183807677" lon="-92.13460573569687"><ele>204.0</ele></trkpt><trkpt lat="44.4115697998085" lon="-92.1007884444371"><ele>204.0</ele></trkpt><trkpt lat="44.40954648352044" lon="-92.09203371421249"><ele>204.0</ele></trkpt><trkpt lat="44.40428667575659" lon="-92.07787165061386"><ele>205.0</ele></trkpt><trkpt lat="44.40410256155059" lon="-92.0619929732457"><ele>205.0</ele></trkpt><trkpt lat="44.40330540415501" lon="-92.05692896262558"><ele>204.0</ele></trkpt><trkpt lat="44.393554677122246" lon="-92.04482683555038"><ele>204.0</ele></trkpt><trkpt lat="44.38473103189467" lon="-92.02911981955917"><ele>204.0</ele></trkpt><trkpt lat="44.38037566307041" lon="-92.01590189353378"><ele>204.0</ele></trkpt><trkpt lat="44.37994625176699" lon="-92.01015123740585"><ele>204.0</ele></trkpt><trkpt lat="44.37203225108485" lon="-91.99401506797226"><ele>204.0</ele></trkpt><trkpt lat="44.36853765112354" lon="-91.98448786155136"><ele>204.0</ele></trkpt><trkpt lat="44.367740009256615" lon="-91.97504648581894"><ele>204.0</ele></trkpt><trkpt lat="44.362585532446744" lon="-91.96397432700546"><ele>203.0</ele></trkpt><trkpt lat="44.359333209345806" lon="-91.9590819777623"><ele>203.0</ele></trkpt><trkpt lat="44.34694725742133" lon="-91.94740900412948"><ele>203.0</ele></trkpt><trkpt lat="44.34068623844957" lon="-91.94105753318222"><ele>203.0</ele></trkpt><trkpt lat="44.33743269989097" lon="-91.93436273948105"><ele>203.0</ele></trkpt><trkpt lat="44.3343698074571" lon="-91.92620882407577"><ele>203.0</ele></trkpt><trkpt lat="44.327616251344736" lon="-91.92088732139023"><ele>203.0</ele></trkpt><trkpt lat="44.31508941609628" lon="-91.91359171286972"><ele>202.0</ele></trkpt><trkpt lat="44.3096449894538" lon="-91.91350588218124"><ele>202.0</ele></trkpt><trkpt lat="44.30172149294453" lon="-91.91959986106308"><ele>202.0</ele></trkpt><trkpt lat="44.29434983833387" lon="-91.92371973410995"><ele>202.0</ele></trkpt><trkpt lat="44.28906624990208" lon="-91.92294725791366"><ele>202.0</ele></trkpt><trkpt lat="44.28556407471233" lon="-91.91899904624374"><ele>202.0</ele></trkpt><trkpt lat="44.28224603192017" lon="-91.90681108848007"><ele>202.0</ele></trkpt><trkpt lat="44.27648381861221" lon="-91.8978846968785"><ele>202.0</ele></trkpt><trkpt lat="44.2714444566586" lon="-91.89539560691269"><ele>202.0</ele></trkpt><trkpt lat="44.26548270226222" lon="-91.89668306723983"><ele>202.0</ele></trkpt><trkpt lat="44.26204058935138" lon="-91.89556726828964"><ele>202.0</ele></trkpt><trkpt lat="44.25755324670554" lon="-91.89007410422714"><ele>202.0</ele></trkpt><trkpt lat="44.25388342485455" lon="-91.88792833701523"><ele>202.0</ele></trkpt><trkpt lat="44.25031767225084" lon="-91.88672670737655"><ele>201.0</ele></trkpt><trkpt lat="44.24459972114018" lon="-91.8880141677037"><ele>201.0</ele></trkpt><trkpt lat="44.23580651834153" lon="-91.89273485556991"><ele>201.0</ele></trkpt><trkpt lat="44.23193217281626" lon="-91.89307817832382"><ele>201.0</ele></trkpt><trkpt lat="44.2265426066983" lon="-91.8894732894078"><ele>201.0</ele></trkpt><trkpt lat="44.2187309275205" lon="-91.8825210036412"><ele>201.0</ele></trkpt><trkpt lat="44.21368661547874" lon="-91.87728533164413"><ele>201.0</ele></trkpt><trkpt lat="44.20907253708514" lon="-91.87582620994003"><ele>201.0</ele></trkpt><trkpt lat="44.20611933720617" lon="-91.87599787131698"><ele>201.0</ele></trkpt><trkpt lat="44.200704752874245" lon="-91.87513956443222"><ele>201.0</ele></trkpt><trkpt lat="44.195905046175284" lon="-91.8671573104039"><ele>201.0</ele></trkpt><trkpt lat="44.187673729698105" lon="-91.85136446372421"><ele>201.0</ele></trkpt><trkpt lat="44.18065709059843" lon="-91.83351168052108"><ele>201.0</ele></trkpt><trkpt lat="44.16946652677929" lon="-91.82218202964218"><ele>201.0</ele></trkpt><trkpt lat="44.15930745827124" lon="-91.80947908774765"><ele>200.0</ele></trkpt><trkpt lat="44.1524721914737" lon="-91.79128298179062"><ele>199.0</ele></trkpt><trkpt lat="44.14651975475" lon="-91.77308687583358"><ele>199.0</ele></trkpt><trkpt lat="44.13789669894998" lon="-91.75823816672714"><ele>199.0</ele></trkpt><trkpt lat="44.13438550017338" lon="-91.75025591269882"><ele>199.0</ele></trkpt><trkpt lat="44.1342622972115" lon="-91.73918375388534"><ele>199.0</ele></trkpt><trkpt lat="44.13094192209822" lon="-91.72073015586288"><ele>199.0</ele></trkpt><trkpt lat="44.11886610611409" lon="-91.70940050498398"><ele>198.0</ele></trkpt><trkpt lat="44.11356675460029" lon="-91.69987329856308"><ele>198.0</ele></trkpt><trkpt lat="44.108143670397304" lon="-91.69875749961288"><ele>198.0</ele></trkpt><trkpt lat="44.10347469189062" lon="-91.69970163718612"><ele>198.0</ele></trkpt><trkpt lat="44.100146380991745" lon="-91.69910082236679"><ele>198.0</ele></trkpt><trkpt lat="44.09737264544425" lon="-91.692835182108"><ele>198.0</ele></trkpt><trkpt lat="44.098420516388614" lon="-91.68536791221054"><ele>198.0</ele></trkpt><trkpt lat="44.09731100539863" lon="-91.68064722434433"><ele>198.0</ele></trkpt><trkpt lat="44.09299604252795" lon="-91.67549738303573"><ele>198.0</ele></trkpt><trkpt lat="44.08584483943307" lon="-91.6657126845494"><ele>198.0</ele></trkpt><trkpt lat="44.0820222901123" lon="-91.66382440940292"><ele>198.0</ele></trkpt><trkpt lat="44.07377922368209" lon="-91.65944704429062"><ele>198.0</ele></trkpt><trkpt lat="44.06933920570545" lon="-91.65386804953964"><ele>198.0</ele></trkpt><trkpt lat="44.05836106493806" lon="-91.64288172141464"><ele>197.0</ele></trkpt><trkpt lat="44.053992567086276" lon="-91.6239989699498"><ele>198.0</ele></trkpt><trkpt lat="44.05127835532872" lon="-91.61378511802108"><ele>198.0</ele></trkpt><trkpt lat="44.04726849670661" lon="-91.60683283225448"><ele>198.0</ele></trkpt><trkpt lat="44.03412659612535" lon="-91.59721979514511"><ele>197.0</ele></trkpt><trkpt lat="44.02716465291123" lon="-91.58108362571151"><ele>197.0</ele></trkpt><trkpt lat="44.02697951315603" lon="-91.5708697737828"><ele>197.0</ele></trkpt><trkpt lat="44.02556008915513" lon="-91.56048426047714"><ele>197.0</ele></trkpt><trkpt lat="44.02235083134152" lon="-91.54821047202499"><ele>197.0</ele></trkpt><trkpt lat="44.02154848974206" lon="-91.54185900107773"><ele>197.0</ele></trkpt><trkpt lat="44.02148976928073" lon="-91.52168878928573"><ele>197.0</ele></trkpt><trkpt lat="44.01741617116246" lon="-91.5031493605748"><ele>197.0</ele></trkpt><trkpt lat="44.008408199642524" lon="-91.48761400596054"><ele>196.0</ele></trkpt><trkpt lat="44.00853166487389" lon="-91.46855959311874"><ele>196.0</ele></trkpt><trkpt lat="44.00865781121978" lon="-91.46280893699081"><ele>197.0</ele></trkpt><trkpt lat="44.004336384398364" lon="-91.45053514853866"><ele>197.0</ele></trkpt><trkpt lat="43.9972979582976" lon="-91.43362650290878"><ele>196.0</ele></trkpt><trkpt lat="43.98452295097107" lon="-91.42504343406112"><ele>196.0</ele></trkpt><trkpt lat="43.9730349383366" lon="-91.41191133872421"><ele>195.0</ele></trkpt><trkpt lat="43.96384416310433" lon="-91.4060748519078"><ele>195.0</ele></trkpt><trkpt lat="43.96124938665738" lon="-91.39938005820663"><ele>195.0</ele></trkpt><trkpt lat="43.953464377336886" lon="-91.38444551841171"><ele>195.0</ele></trkpt><trkpt lat="43.941483177546196" lon="-91.37363085166366"><ele>195.0</ele></trkpt><trkpt lat="43.929625204227825" lon="-91.36384615317733"><ele>194.0</ele></trkpt><trkpt lat="43.91719916846997" lon="-91.35534891501815"><ele>194.0</ele></trkpt><trkpt lat="43.9060222271363" lon="-91.34462007895858"><ele>194.0</ele></trkpt><trkpt lat="43.89272532679938" lon="-91.33912691489608"><ele>194.0</ele></trkpt><trkpt lat="43.88239498769224" lon="-91.32865557090194"><ele>194.0</ele></trkpt><trkpt lat="43.872148849380295" lon="-91.31586679831894"><ele>194.0</ele></trkpt><trkpt lat="43.861381745145444" lon="-91.30264887229355"><ele>193.0</ele></trkpt><trkpt lat="43.84789770047183" lon="-91.2947524489537"><ele>193.0</ele></trkpt><trkpt lat="43.83533077985685" lon="-91.28436693564804"><ele>193.0</ele></trkpt><trkpt lat="43.82600154959602" lon="-91.26960405723007"><ele>193.0</ele></trkpt><trkpt lat="43.81999479291875" lon="-91.26050600425155"><ele>193.0</ele></trkpt><trkpt lat="43.81497837840445" lon="-91.25827440635116"><ele>193.0</ele></trkpt><trkpt lat="43.80060804416308" lon="-91.26230844870956"><ele>193.0</ele></trkpt><trkpt lat="43.79201353677984" lon="-91.26239427939804"><ele>193.0</ele></trkpt><trkpt lat="43.78742850906343" lon="-91.25827440635116"><ele>193.0</ele></trkpt><trkpt lat="43.77695597823694" lon="-91.24574312583358"><ele>193.0</ele></trkpt><trkpt lat="43.77280363868666" lon="-91.24428400412948"><ele>193.0</ele></trkpt><trkpt lat="43.76369227150094" lon="-91.24720224753769"><ele>193.0</ele></trkpt><trkpt lat="43.75026587774783" lon="-91.25406870261581"><ele>192.0</ele></trkpt><trkpt lat="43.73643812004956" lon="-91.25578531638534"><ele>192.0</ele></trkpt><trkpt lat="43.72269336955189" lon="-91.25836023703964"><ele>193.0</ele></trkpt><trkpt lat="43.710286229819346" lon="-91.26908907309921"><ele>193.0</ele></trkpt><trkpt lat="43.695890729377254" lon="-91.26917490378769"><ele>192.0</ele></trkpt><trkpt lat="43.680895102498624" lon="-91.2698615492955"><ele>192.0</ele></trkpt><trkpt lat="43.66891390674534" lon="-91.26110681907089"><ele>192.0</ele></trkpt><trkpt lat="43.66295347985976" lon="-91.25269541160019"><ele>192.0</ele></trkpt><trkpt lat="43.662456749031826" lon="-91.24436983481796"><ele>192.0</ele></trkpt><trkpt lat="43.64906597675175" lon="-91.24179491416366"><ele>192.0</ele></trkpt><trkpt lat="43.63608453349013" lon="-91.23166689292343"><ele>192.0</ele></trkpt><trkpt lat="43.62434291839036" lon="-91.22368463889511"><ele>192.0</ele></trkpt><trkpt lat="43.60981838858598" lon="-91.2248004378453"><ele>192.0</ele></trkpt><trkpt lat="43.59558526508148" lon="-91.22720369712265"><ele>192.0</ele></trkpt><trkpt lat="43.58155781379668" lon="-91.22926363364608"><ele>192.0</ele></trkpt><trkpt lat="43.567069245013954" lon="-91.23063692466171"><ele>191.0</ele></trkpt><trkpt lat="43.55495308507526" lon="-91.24102243796737"><ele>191.0</ele></trkpt><trkpt lat="43.547612721025985" lon="-91.24411234275253"><ele>191.0</ele></trkpt><trkpt lat="43.54114250643461" lon="-91.24299654380233"><ele>191.0</ele></trkpt><trkpt lat="43.531827618485536" lon="-91.23647341147812"><ele>191.0</ele></trkpt><trkpt lat="43.528280600709024" lon="-91.23441347495468"><ele>191.0</ele></trkpt><trkpt lat="43.52292856506588" lon="-91.23218187705429"><ele>191.0</ele></trkpt><trkpt lat="43.51539757133719" lon="-91.22686037436874"><ele>191.0</ele></trkpt><trkpt lat="43.50992682649014" lon="-91.22256883994491"><ele>191.0</ele></trkpt><trkpt lat="43.50793482099688" lon="-91.21844896689804"><ele>191.0</ele></trkpt><trkpt lat="43.50320354446902" lon="-91.2175048293248"><ele>191.0</ele></trkpt><trkpt lat="43.49523424053571" lon="-91.2178481520787"><ele>191.0</ele></trkpt><trkpt lat="43.48906976064375" lon="-91.21716150657089"><ele>191.0</ele></trkpt><trkpt lat="43.48143122841459" lon="-91.2160457076207"><ele>191.0</ele></trkpt><trkpt lat="43.47445563084926" lon="-91.21844896689804"><ele>191.0</ele></trkpt><trkpt lat="43.46648253327671" lon="-91.22377046958358"><ele>191.0</ele></trkpt><trkpt lat="43.462993972348436" lon="-91.22952112571151"><ele>191.0</ele></trkpt><trkpt lat="43.45802099264005" lon="-91.23304018393905"><ele>190.0</ele></trkpt><trkpt lat="43.44948492679161" lon="-91.23166689292343"><ele>190.0</ele></trkpt><trkpt lat="43.44313534949199" lon="-91.22677454368026"><ele>190.0</ele></trkpt><trkpt lat="43.437214850924605" lon="-91.22102388755233"><ele>190.0</ele></trkpt><trkpt lat="43.426872415928734" lon="-91.20789179221542"><ele>190.0</ele></trkpt><trkpt lat="43.41322598405537" lon="-91.20059618369491"><ele>189.08221983513795</ele></trkpt><trkpt lat="43.39919588165431" lon="-91.19836458579452"><ele>189.0</ele></trkpt><trkpt lat="43.39216600381772" lon="-91.19827875510605"><ele>189.0</ele></trkpt><trkpt lat="43.38518010893326" lon="-91.20128282920273"><ele>189.0</ele></trkpt><trkpt lat="43.37663376771982" lon="-91.2050593794957"><ele>189.0</ele></trkpt><trkpt lat="43.37232894992125" lon="-91.20900759116562"><ele>189.0</ele></trkpt><trkpt lat="43.36847896144852" lon="-91.21450075522812"><ele>189.0</ele></trkpt><trkpt lat="43.360991118685455" lon="-91.21175417319687"><ele>189.0</ele></trkpt><trkpt lat="43.35206689912757" lon="-91.2065185011998"><ele>189.0</ele></trkpt><trkpt lat="43.34888381799916" lon="-91.2013686598912"><ele>189.0</ele></trkpt><trkpt lat="43.347015457351915" lon="-91.18162760154159"><ele>189.0</ele></trkpt><trkpt lat="43.341152069548585" lon="-91.17175707236679"><ele>189.0</ele></trkpt><trkpt lat="43.33853024937225" lon="-91.16497644797714"><ele>189.0</ele></trkpt><trkpt lat="43.33203971830217" lon="-91.14703783408554"><ele>189.0</ele></trkpt><trkpt lat="43.326170797593214" lon="-91.12909922019394"><ele>189.0</ele></trkpt><trkpt lat="43.3167511187881" lon="-91.11322054282577"><ele>189.0</ele></trkpt><trkpt lat="43.31106794944013" lon="-91.10523828879745"><ele>189.0</ele></trkpt><trkpt lat="43.3068833964582" lon="-91.10060343161972"><ele>189.0</ele></trkpt><trkpt lat="43.29502674214924" lon="-91.088587135233"><ele>189.0</ele></trkpt><trkpt lat="43.29071613550742" lon="-91.08463892356308"><ele>189.0</ele></trkpt><trkpt lat="43.281906554450636" lon="-91.08000406638534"><ele>189.0</ele></trkpt><trkpt lat="43.274180591668404" lon="-91.07442507163437"><ele>189.0</ele></trkpt><trkpt lat="43.27074344798923" lon="-91.06927523032577"><ele>189.0</ele></trkpt><trkpt lat="43.25905570748435" lon="-91.05717310325058"><ele>189.0</ele></trkpt><trkpt lat="43.24549663766379" lon="-91.06086382285507"><ele>189.0</ele></trkpt><trkpt lat="43.23330378290785" lon="-91.07305178061874"><ele>188.0</ele></trkpt><trkpt lat="43.2243122192561" lon="-91.08764299765976"><ele>190.0</ele></trkpt><trkpt lat="43.212427902096394" lon="-91.09880098716171"><ele>188.0</ele></trkpt><trkpt lat="43.20355979665087" lon="-91.11407884971054"><ele>188.0</ele></trkpt><trkpt lat="43.198304175087266" lon="-91.121546119608"><ele>188.0</ele></trkpt><trkpt lat="43.19135855220776" lon="-91.12437853232773"><ele>188.0</ele></trkpt><trkpt lat="43.18680461623621" lon="-91.12480768577011"><ele>188.0</ele></trkpt><trkpt lat="43.17672817785349" lon="-91.13227495566757"><ele>188.0</ele></trkpt><trkpt lat="43.16583624412073" lon="-91.14111551658065"><ele>188.0</ele></trkpt><trkpt lat="43.157133820964134" lon="-91.14257463828476"><ele>188.0</ele></trkpt><trkpt lat="43.15202158867644" lon="-91.14566454306991"><ele>188.0</ele></trkpt><trkpt lat="43.14231517408237" lon="-91.156307548441"><ele>188.0</ele></trkpt><trkpt lat="43.139810042697704" lon="-91.16265901938827"><ele>188.0</ele></trkpt><trkpt lat="43.13617741986746" lon="-91.17287287131698"><ele>188.0</ele></trkpt><trkpt lat="43.13417312178848" lon="-91.17596277610214"><ele>188.0</ele></trkpt><trkpt lat="43.128598322330355" lon="-91.17802271262558"><ele>188.0</ele></trkpt><trkpt lat="43.11957734588452" lon="-91.17810854331405"><ele>187.0</ele></trkpt><trkpt lat="43.10549912543141" lon="-91.17596277610214"><ele>187.0</ele></trkpt><trkpt lat="43.091335264609334" lon="-91.17716440574081"><ele>187.0</ele></trkpt><trkpt lat="43.076179213569134" lon="-91.17707857505233"><ele>187.0</ele></trkpt><trkpt lat="43.062886494147236" lon="-91.1775935591832"><ele>187.0</ele></trkpt><trkpt lat="43.04829154643485" lon="-91.17630609885605"><ele>187.0</ele></trkpt><trkpt lat="43.033424339094026" lon="-91.17321619407089"><ele>187.0</ele></trkpt><trkpt lat="43.018950317626285" lon="-91.16849550620468"><ele>187.0</ele></trkpt><trkpt lat="43.0055196583671" lon="-91.16222986594589"><ele>187.0</ele></trkpt><trkpt lat="42.991287997030796" lon="-91.15776667014511"><ele>189.0</ele></trkpt><trkpt lat="42.981304929225146" lon="-91.15690836326034"><ele>189.0</ele></trkpt><trkpt lat="42.97734892560161" lon="-91.15381845847519"><ele>189.0</ele></trkpt><trkpt lat="42.96384636185811" lon="-91.14377626792343"><ele>188.0</ele></trkpt><trkpt lat="42.94954690395192" lon="-91.14729532615097"><ele>188.0</ele></trkpt><trkpt lat="42.942133212199266" lon="-91.15004190818222"><ele>188.0</ele></trkpt><trkpt lat="42.9355355323815" lon="-91.14798197165878"><ele>188.0</ele></trkpt><trkpt lat="42.92161034695998" lon="-91.143518775858"><ele>188.0</ele></trkpt><trkpt lat="42.91193028316654" lon="-91.14669451133163"><ele>188.0</ele></trkpt><trkpt lat="42.90778121890123" lon="-91.14583620444687"><ele>188.0</ele></trkpt><trkpt lat="42.90237444336594" lon="-91.14145883933456"><ele>188.0</ele></trkpt><trkpt lat="42.89721870413051" lon="-91.13347658530624"><ele>188.0</ele></trkpt><trkpt lat="42.888188292163655" lon="-91.11888536826523"><ele>188.0</ele></trkpt><trkpt lat="42.87906904596732" lon="-91.10335001365097"><ele>188.0</ele></trkpt><trkpt lat="42.86661438100315" lon="-91.09511026755722"><ele>187.0</ele></trkpt><trkpt lat="42.85253851761242" lon="-91.09596857444198"><ele>187.0</ele></trkpt><trkpt lat="42.83819039865767" lon="-91.08961710349472"><ele>187.0</ele></trkpt><trkpt lat="42.83170748020866" lon="-91.0856688918248"><ele>187.0</ele></trkpt><trkpt lat="42.824972077724304" lon="-91.0871280135289"><ele>187.0</ele></trkpt><trkpt lat="42.82109618852183" lon="-91.09433779136093"><ele>187.0</ele></trkpt><trkpt lat="42.81379296993602" lon="-91.09631189719589"><ele>188.0</ele></trkpt><trkpt lat="42.800128598479766" lon="-91.09253534690292"><ele>188.0</ele></trkpt><trkpt lat="42.78395539062364" lon="-91.09459528342636"><ele>187.0</ele></trkpt><trkpt lat="42.7798607188325" lon="-91.09244951621444"><ele>187.0</ele></trkpt><trkpt lat="42.77204859388625" lon="-91.08403810874374"><ele>187.0</ele></trkpt><trkpt lat="42.76802165959923" lon="-91.08180651084335"><ele>187.0</ele></trkpt><trkpt lat="42.75901070614511" lon="-91.08395227805526"><ele>187.0</ele></trkpt><trkpt lat="42.750817792967986" lon="-91.08584055320175"><ele>187.0</ele></trkpt><trkpt lat="42.74514514165707" lon="-91.08180651084335"><ele>187.0</ele></trkpt><trkpt lat="42.73603185319769" lon="-91.0669578017369"><ele>187.0</ele></trkpt><trkpt lat="42.730925272681525" lon="-91.04893335715683"><ele>187.0</ele></trkpt><trkpt lat="42.72190892511227" lon="-91.03442797080429"><ele>187.0</ele></trkpt><trkpt lat="42.718759704418886" lon="-91.01477274314315"><ele>186.0</ele></trkpt><trkpt lat="42.719642437390085" lon="-91.00833544150741"><ele>186.0</ele></trkpt><trkpt lat="42.714975950155974" lon="-90.99709162131698"><ele>186.0</ele></trkpt><trkpt lat="42.709687332848254" lon="-90.98945269004257"><ele>186.0</ele></trkpt><trkpt lat="42.702938648984556" lon="-90.98490366355331"><ele>186.0</ele></trkpt><trkpt lat="42.695936902547636" lon="-90.97692140952499"><ele>186.0</ele></trkpt><trkpt lat="42.6937920654995" lon="-90.97108492270858"><ele>186.0</ele></trkpt><trkpt lat="42.68799639779807" lon="-90.95426210776718"><ele>186.0</ele></trkpt><trkpt lat="42.684400139831645" lon="-90.94276079551132"><ele>186.0</ele></trkpt><trkpt lat="42.68395847976285" lon="-90.93572267905624"><ele>186.0</ele></trkpt><trkpt lat="42.68509417073888" lon="-90.91692575827987"><ele>186.0</ele></trkpt><trkpt lat="42.67683515924156" lon="-90.89993128196151"><ele>185.0</ele></trkpt><trkpt lat="42.670082904785225" lon="-90.88310846702011"><ele>185.0</ele></trkpt><trkpt lat="42.66855978320967" lon="-90.86855756758818"><ele>185.0</ele></trkpt><trkpt lat="42.66845370386933" lon="-90.86812581641065"><ele>185.0</ele></trkpt><trkpt lat="42.66684437130315" lon="-90.86366262060987"><ele>185.0</ele></trkpt><trkpt lat="42.66296286840295" lon="-90.84482278448927"><ele>185.0</ele></trkpt><trkpt lat="42.66007088761173" lon="-90.8256422233499"><ele>185.0</ele></trkpt><trkpt lat="42.65792619226098" lon="-90.80555784224639"><ele>185.0</ele></trkpt><trkpt lat="42.654833188715415" lon="-90.7868467521585"><ele>185.0</ele></trkpt><trkpt lat="42.65110875581963" lon="-90.7677923393167"><ele>184.0</ele></trkpt><trkpt lat="42.645055251636926" lon="-90.74942457198271"><ele>184.0</ele></trkpt><trkpt lat="42.642151019152564" lon="-90.7304559898294"><ele>184.0</ele></trkpt><trkpt lat="42.63811012234113" lon="-90.71200239180693"><ele>184.0</ele></trkpt><trkpt lat="42.63141680972777" lon="-90.70307600020537"><ele>184.0</ele></trkpt><trkpt lat="42.628006732184446" lon="-90.70093023299346"><ele>184.0</ele></trkpt><trkpt lat="42.61362137416724" lon="-90.693462963096"><ele>184.0</ele></trkpt><trkpt lat="42.60123962599777" lon="-90.68822729109893"><ele>184.0</ele></trkpt><trkpt lat="42.59292380045038" lon="-90.68702566146025"><ele>184.0</ele></trkpt><trkpt lat="42.587173527813476" lon="-90.68316328047881"><ele>184.0</ele></trkpt><trkpt lat="42.57838896523978" lon="-90.67561017989287"><ele>184.0</ele></trkpt><trkpt lat="42.57611366510668" lon="-90.67046033858428"><ele>184.0</ele></trkpt><trkpt lat="42.56505199568022" lon="-90.66041814803252"><ele>184.0</ele></trkpt><trkpt lat="42.55116794596758" lon="-90.65492498397002"><ele>183.0</ele></trkpt><trkpt lat="42.540544534518304" lon="-90.64419614791045"><ele>183.0</ele></trkpt><trkpt lat="42.525618117360075" lon="-90.6399904441751"><ele>183.0</ele></trkpt><trkpt lat="42.519752496964124" lon="-90.6370722007669"><ele>183.0</ele></trkpt><trkpt lat="42.5123505184252" lon="-90.63801633834014"><ele>183.0</ele></trkpt><trkpt lat="42.50684591475462" lon="-90.64471113204131"><ele>183.0</ele></trkpt><trkpt lat="42.49893615283942" lon="-90.64814435958037"><ele>181.0</ele></trkpt><trkpt lat="42.4872432607942" lon="-90.65689908980498"><ele>181.0</ele></trkpt><trkpt lat="42.47914111308835" lon="-90.65406667708525"><ele>181.0</ele></trkpt><trkpt lat="42.474013430677886" lon="-90.65029012679229"><ele>181.0</ele></trkpt><trkpt lat="42.464389979077026" lon="-90.63406812667021"><ele>181.0</ele></trkpt><trkpt lat="42.45592340872666" lon="-90.61896192549834"><ele>181.0</ele></trkpt><trkpt lat="42.44997051843081" lon="-90.60050832747588"><ele>181.0</ele></trkpt><trkpt lat="42.44515712963869" lon="-90.58299886702666"><ele>181.0</ele></trkpt><trkpt lat="42.44155037358302" lon="-90.57021009444365"><ele>181.0</ele></trkpt><trkpt lat="42.4390167166532" lon="-90.56497442244658"><ele>181.0</ele></trkpt><trkpt lat="42.43072507487967" lon="-90.55922376631865"><ele>181.0</ele></trkpt><trkpt lat="42.426163630791066" lon="-90.55802213667998"><ele>181.0</ele></trkpt><trkpt lat="42.419067391343575" lon="-90.5575929832376"><ele>181.0</ele></trkpt><trkpt lat="42.41418826082501" lon="-90.55021154402861"><ele>181.0</ele></trkpt><trkpt lat="42.40805116867788" lon="-90.53201543807158"><ele>181.0</ele></trkpt><trkpt lat="42.40203035005072" lon="-90.51424848555693"><ele>181.0</ele></trkpt><trkpt lat="42.39405173751086" lon="-90.49802648543486"><ele>181.0</ele></trkpt><trkpt lat="42.385303564789226" lon="-90.48669683455596"><ele>180.0</ele></trkpt><trkpt lat="42.385303564789226" lon="-90.48420774459014"><ele>180.0</ele></trkpt><trkpt lat="42.38429345926326" lon="-90.47725545882354"><ele>180.0</ele></trkpt><trkpt lat="42.37725588759256" lon="-90.46892988204131"><ele>180.0</ele></trkpt><trkpt lat="42.36515319491987" lon="-90.4598318290628"><ele>180.0</ele></trkpt><trkpt lat="42.354054183997846" lon="-90.44592725752959"><ele>180.0</ele></trkpt><trkpt lat="42.34201586927813" lon="-90.43597089766631"><ele>180.0</ele></trkpt><trkpt lat="42.33110301632177" lon="-90.42275297164092"><ele>180.0</ele></trkpt><trkpt lat="42.32786689745131" lon="-90.41777479170928"><ele>180.0</ele></trkpt><trkpt lat="42.318982578091116" lon="-90.4147707176126"><ele>180.0</ele></trkpt><trkpt lat="42.30802259259718" lon="-90.42558538436064"><ele>180.0</ele></trkpt><trkpt lat="42.29329468006583" lon="-90.42524206160674"><ele>180.0</ele></trkpt><trkpt lat="42.278704929049006" lon="-90.429791088096"><ele>180.0</ele></trkpt><trkpt lat="42.2648594248907" lon="-90.42421209334502"><ele>180.0</ele></trkpt><trkpt lat="42.257127115456534" lon="-90.41992055892119"><ele>180.0</ele></trkpt><trkpt lat="42.252171873100096" lon="-90.41708814620146"><ele>180.0</ele></trkpt><trkpt lat="42.241434179042265" lon="-90.40292608260283"><ele>180.0</ele></trkpt><trkpt lat="42.233820103631544" lon="-90.39623128890166"><ele>180.0</ele></trkpt><trkpt lat="42.22911724872471" lon="-90.39502965926299"><ele>180.0</ele></trkpt><trkpt lat="42.217930672573885" lon="-90.38164007186064"><ele>180.0</ele></trkpt><trkpt lat="42.20401945722696" lon="-90.34816610335479"><ele>180.0</ele></trkpt><trkpt lat="42.20211203672195" lon="-90.32902585982451"><ele>180.0</ele></trkpt><trkpt lat="42.19290575016337" lon="-90.31452047347197"><ele>180.0</ele></trkpt><trkpt lat="42.184956386990024" lon="-90.29812681197295"><ele>180.0</ele></trkpt><trkpt lat="42.17719684457211" lon="-90.28216230391631"><ele>180.0</ele></trkpt><trkpt lat="42.17313234963618" lon="-90.26310789107451"><ele>180.0</ele></trkpt><trkpt lat="42.170206185275426" lon="-90.24422513960967"><ele>180.0</ele></trkpt><trkpt lat="42.16098696618039" lon="-90.22868978499541"><ele>180.0</ele></trkpt><trkpt lat="42.15500612052562" lon="-90.21118032454619"><ele>180.0</ele></trkpt><trkpt lat="42.1515150312123" lon="-90.20826208113799"><ele>180.0</ele></trkpt><trkpt lat="42.142287641287005" lon="-90.20397054671416"><ele>180.0</ele></trkpt><trkpt lat="42.12815758324342" lon="-90.20096647261748"><ele>180.0</ele></trkpt><trkpt lat="42.12587286911645" lon="-90.18234121321807"><ele>180.0</ele></trkpt><trkpt lat="42.125236171914416" lon="-90.16989576338896"><ele>179.0</ele></trkpt><trkpt lat="42.12007958745683" lon="-90.16491758345732"><ele>179.0</ele></trkpt><trkpt lat="42.10709828430126" lon="-90.16071187972197"><ele>179.0</ele></trkpt><trkpt lat="42.091622844137135" lon="-90.16174184798369"><ele>179.0</ele></trkpt><trkpt lat="42.078912934582334" lon="-90.16929494856963"><ele>179.0</ele></trkpt><trkpt lat="42.064832463702075" lon="-90.16783582686553"><ele>179.0</ele></trkpt><trkpt lat="42.04992032538712" lon="-90.1664625358499"><ele>179.0</ele></trkpt><trkpt lat="42.03712965939511" lon="-90.15865194319854"><ele>179.0</ele></trkpt><trkpt lat="42.02610040218007" lon="-90.14860975264678"><ele>178.0</ele></trkpt><trkpt lat="42.01239085480108" lon="-90.1456056785501"><ele>178.0</ele></trkpt><trkpt lat="41.998961265686084" lon="-90.1389967155374"><ele>178.0</ele></trkpt><trkpt lat="41.99003064487232" lon="-90.14277326583037"><ele>178.0</ele></trkpt><trkpt lat="41.986202852346494" lon="-90.1470648002542"><ele>178.0</ele></trkpt><trkpt lat="41.972101831417476" lon="-90.15281545638213"><ele>177.0</ele></trkpt><trkpt lat="41.95999327365328" lon="-90.16225683211455"><ele>177.0</ele></trkpt><trkpt lat="41.95258917624015" lon="-90.16508924483428"><ele>177.0</ele></trkpt><trkpt lat="41.9450565394266" lon="-90.16414510726104"><ele>177.0</ele></trkpt><trkpt lat="41.93997191977822" lon="-90.16071187972197"><ele>177.0</ele></trkpt><trkpt lat="41.932693200896175" lon="-90.1522146415628"><ele>177.0</ele></trkpt><trkpt lat="41.918133271032175" lon="-90.15307294844756"><ele>177.0</ele></trkpt><trkpt lat="41.904783749798234" lon="-90.15315877913604"><ele>177.0</ele></trkpt><trkpt lat="41.89107225504421" lon="-90.15993940352568"><ele>177.0</ele></trkpt><trkpt lat="41.87829223620499" lon="-90.16963827132354"><ele>177.0</ele></trkpt><trkpt lat="41.86507738636006" lon="-90.1730714988626"><ele>177.0</ele></trkpt><trkpt lat="41.84999055800499" lon="-90.17727720259795"><ele>177.0</ele></trkpt><trkpt lat="41.83708620227837" lon="-90.18354284285674"><ele>176.0</ele></trkpt><trkpt lat="41.82224862213922" lon="-90.1814829063333"><ele>176.0</ele></trkpt><trkpt lat="41.80934387175272" lon="-90.18105375289092"><ele>175.0</ele></trkpt><trkpt lat="41.803657423400786" lon="-90.18628942488799"><ele>175.0</ele></trkpt><trkpt lat="41.80065024272064" lon="-90.1965032768167"><ele>175.0</ele></trkpt><trkpt lat="41.795403334270176" lon="-90.21487104415068"><ele>175.0</ele></trkpt><trkpt lat="41.789969753346966" lon="-90.23220884322295"><ele>175.0</ele></trkpt><trkpt lat="41.78145788891652" lon="-90.24722921370635"><ele>175.0</ele></trkpt><trkpt lat="41.772570558249306" lon="-90.26285039900908"><ele>175.0</ele></trkpt><trkpt lat="41.766681174815176" lon="-90.2803598594583"><ele>175.0</ele></trkpt><trkpt lat="41.75612044726008" lon="-90.29306280135283"><ele>175.0</ele></trkpt><trkpt lat="41.74601513484956" lon="-90.30688154219756"><ele>175.0</ele></trkpt><trkpt lat="41.73262967390909" lon="-90.31692373274932"><ele>175.0</ele></trkpt><trkpt lat="41.719625813627815" lon="-90.31649457930693"><ele>175.0</ele></trkpt><trkpt lat="41.70528535022585" lon="-90.31211721419463"><ele>175.0</ele></trkpt><trkpt lat="41.697274951055356" lon="-90.31409132002959"><ele>175.0</ele></trkpt><trkpt lat="41.69216125145168" lon="-90.31898366927275"><ele>175.0</ele></trkpt><trkpt lat="41.684213317753255" lon="-90.33194410323271"><ele>175.0</ele></trkpt><trkpt lat="41.68043129488183" lon="-90.33554899214873"><ele>175.0</ele></trkpt><trkpt lat="41.66895566189273" lon="-90.33872472762236"><ele>175.0</ele></trkpt><trkpt lat="41.6542954773551" lon="-90.34001218794951"><ele>175.0</ele></trkpt><trkpt lat="41.63960803435737" lon="-90.34087049483428"><ele>175.0</ele></trkpt><trkpt lat="41.625173879615176" lon="-90.34069883345732"><ele>175.0</ele></trkpt><trkpt lat="41.610891001047236" lon="-90.34104215621123"><ele>175.0</ele></trkpt><trkpt lat="41.596065290514986" lon="-90.34018384932646"><ele>175.0</ele></trkpt><trkpt lat="41.58830382064514" lon="-90.3433595848001"><ele>175.0</ele></trkpt><trkpt lat="41.585029759154274" lon="-90.35451757430205"><ele>174.0</ele></trkpt><trkpt lat="41.580150457506704" lon="-90.3726278495706"><ele>174.0</ele></trkpt><trkpt lat="41.579265101606794" lon="-90.38258420943389"><ele>174.0</ele></trkpt><trkpt lat="41.58183323627265" lon="-90.39193975447783"><ele>174.0</ele></trkpt><trkpt lat="41.57862305198261" lon="-90.40146696089873"><ele>174.0</ele></trkpt><trkpt lat="41.57310116172447" lon="-90.40644514083037"><ele>174.1474732009852</ele></trkpt><trkpt lat="41.5678356639172" lon="-90.40979253768096"><ele>173.0</ele></trkpt><trkpt lat="41.56141374429789" lon="-90.4173456382669"><ele>173.0</ele></trkpt><trkpt lat="41.549606405704864" lon="-90.4272161674417"><ele>172.0</ele></trkpt><trkpt lat="41.546201907675375" lon="-90.43597089766631"><ele>172.0</ele></trkpt><trkpt lat="41.539520862201826" lon="-90.44292318343291"><ele>172.0</ele></trkpt><trkpt lat="41.528869478975956" lon="-90.45373785018096"><ele>172.0</ele></trkpt><trkpt lat="41.5230220351806" lon="-90.46326505660186"><ele>172.0</ele></trkpt><trkpt lat="41.52154402616312" lon="-90.4708181571878"><ele>172.0</ele></trkpt><trkpt lat="41.51917191835467" lon="-90.48558103560576"><ele>172.0</ele></trkpt><trkpt lat="41.51930044692917" lon="-90.49116003035674"><ele>172.0</ele></trkpt><trkpt lat="41.519364711120694" lon="-90.51021444319854"><ele>171.0</ele></trkpt><trkpt lat="41.524312862231774" lon="-90.5278955650247"><ele>170.0</ele></trkpt><trkpt lat="41.52643225314295" lon="-90.54085599898467"><ele>170.0</ele></trkpt><trkpt lat="41.524247473461834" lon="-90.55639135359893"><ele>170.0</ele></trkpt><trkpt lat="41.518463877039146" lon="-90.56445943831572"><ele>171.28937585909415</ele></trkpt><trkpt lat="41.51589322382238" lon="-90.57098257063994"><ele>169.0</ele></trkpt><trkpt lat="41.514543590010945" lon="-90.58351385115752"><ele>169.0</ele></trkpt><trkpt lat="41.511779966304594" lon="-90.59372770308623"><ele>169.0</ele></trkpt><trkpt lat="41.5036169469734" lon="-90.60196744917998"><ele>169.0</ele></trkpt><trkpt lat="41.4935307552174" lon="-90.60660230635771"><ele>169.0</ele></trkpt><trkpt lat="41.483243569491485" lon="-90.62007772444854"><ele>169.0</ele></trkpt><trkpt lat="41.47637814165925" lon="-90.63690053938994"><ele>169.0</ele></trkpt><trkpt lat="41.466345500260154" lon="-90.64994680403838"><ele>169.0</ele></trkpt><trkpt lat="41.46203613278139" lon="-90.65604078292021"><ele>169.0</ele></trkpt><trkpt lat="41.46171452670958" lon="-90.6674562644876"><ele>169.0</ele></trkpt><trkpt lat="41.459151344172014" lon="-90.68582403182158"><ele>169.0</ele></trkpt><trkpt lat="41.456706989296435" lon="-90.69020139693389"><ele>169.0</ele></trkpt><trkpt lat="41.454584185323874" lon="-90.70384847640166"><ele>169.0</ele></trkpt><trkpt lat="41.45284729403458" lon="-90.72264539717803"><ele>169.0</ele></trkpt><trkpt lat="41.449119534622334" lon="-90.74101316451201"><ele>169.0</ele></trkpt><trkpt lat="41.45059919664219" lon="-90.76066839217314"><ele>168.0</ele></trkpt><trkpt lat="41.45188583183605" lon="-90.77946531294951"><ele>168.0</ele></trkpt><trkpt lat="41.45510095819472" lon="-90.79740392684111"><ele>168.0</ele></trkpt><trkpt lat="41.45497230220061" lon="-90.81705915450225"><ele>168.0</ele></trkpt><trkpt lat="41.455744234337395" lon="-90.8366285514749"><ele>168.0</ele></trkpt><trkpt lat="41.4551015114228" lon="-90.84718572615752"><ele>168.0</ele></trkpt><trkpt lat="41.45207802812236" lon="-90.85491048812041"><ele>168.0</ele></trkpt><trkpt lat="41.443907485391215" lon="-90.87018835066924"><ele>168.0</ele></trkpt><trkpt lat="41.43695849777676" lon="-90.88701116561064"><ele>168.0</ele></trkpt><trkpt lat="41.43245670371984" lon="-90.90555059432158"><ele>166.0</ele></trkpt><trkpt lat="41.42466984009712" lon="-90.92134344100127"><ele>166.0</ele></trkpt><trkpt lat="41.423253946371126" lon="-90.93275892256865"><ele>166.0</ele></trkpt><trkpt lat="41.42428369032459" lon="-90.94031202315459"><ele>166.0</ele></trkpt><trkpt lat="41.428466857212165" lon="-90.95825063704619"><ele>166.0</ele></trkpt><trkpt lat="41.433166164106844" lon="-90.97661840438018"><ele>166.0</ele></trkpt><trkpt lat="41.433230513757195" lon="-90.98520147322783"><ele>166.0</ele></trkpt><trkpt lat="41.43065647798688" lon="-90.99541532515654"><ele>166.0</ele></trkpt><trkpt lat="41.42537938558113" lon="-91.01326810835967"><ele>164.0</ele></trkpt><trkpt lat="41.423516584434175" lon="-91.0314642143167"><ele>164.0</ele></trkpt><trkpt lat="41.41650104757234" lon="-91.04888784407744"><ele>164.0</ele></trkpt><trkpt lat="41.40980661783296" lon="-91.05721342085967"><ele>164.0</ele></trkpt><trkpt lat="41.40510723103296" lon="-91.05953084944854"><ele>164.0</ele></trkpt><trkpt lat="41.391797930062026" lon="-91.05206357955107"><ele>164.0</ele></trkpt><trkpt lat="41.38632449233994" lon="-91.0523210716165"><ele>164.0</ele></trkpt><trkpt lat="41.378338886177005" lon="-91.05798589705596"><ele>164.0</ele></trkpt><trkpt lat="41.36586532456638" lon="-91.06742727278838"><ele>164.0</ele></trkpt><trkpt lat="41.35117673831108" lon="-91.07086050032744"><ele>164.0</ele></trkpt><trkpt lat="41.337193733055" lon="-91.07326375960479"><ele>164.0</ele></trkpt><trkpt lat="41.32259211456886" lon="-91.07300626753936"><ele>164.0</ele></trkpt><trkpt lat="41.308087186104856" lon="-91.07231962203154"><ele>164.0</ele></trkpt><trkpt lat="41.297196987188535" lon="-91.08416425704131"><ele>164.0</ele></trkpt><trkpt lat="41.28566068677927" lon="-91.0944639396585"><ele>164.0</ele></trkpt><trkpt lat="41.27179263940398" lon="-91.09763967513213"><ele>164.0</ele></trkpt><trkpt lat="41.25897251880423" lon="-91.10742437361846"><ele>164.0</ele></trkpt><trkpt lat="41.25239093657785" lon="-91.11308919905791"><ele>164.0</ele></trkpt><trkpt lat="41.246454038702694" lon="-91.11471998213896"><ele>164.0</ele></trkpt><trkpt lat="41.23935486573118" lon="-91.11308919905791"><ele>164.0</ele></trkpt><trkpt lat="41.23309404605792" lon="-91.10811101912627"><ele>164.0</ele></trkpt><trkpt lat="41.22330937279104" lon="-91.09429227828154"><ele>164.0</ele></trkpt><trkpt lat="41.21259198556125" lon="-91.08013021468291"><ele>163.0</ele></trkpt><trkpt lat="41.20264777897091" lon="-91.06751310347686"><ele>163.0</ele></trkpt><trkpt lat="41.190134324192265" lon="-91.0563551139749"><ele>163.0</ele></trkpt><trkpt lat="41.17786106958947" lon="-91.04923116683135"><ele>163.0</ele></trkpt><trkpt lat="41.165338265314695" lon="-91.03910314559111"><ele>163.0</ele></trkpt><trkpt lat="41.163141336175684" lon="-91.0300050926126"><ele>163.0</ele></trkpt><trkpt lat="41.164498271693645" lon="-91.0204778861917"><ele>163.0</ele></trkpt><trkpt lat="41.16695360739895" lon="-91.00296842574248"><ele>163.0</ele></trkpt><trkpt lat="41.15649052232199" lon="-90.99052297591338"><ele>163.0</ele></trkpt><trkpt lat="41.14291824482518" lon="-90.9805666160501"><ele>163.0</ele></trkpt><trkpt lat="41.131358176959715" lon="-90.97146856307158"><ele>163.0</ele></trkpt><trkpt lat="41.11791002024656" lon="-90.96340047835479"><ele>163.0</ele></trkpt><trkpt lat="41.106473695973186" lon="-90.95069753646025"><ele>162.0</ele></trkpt><trkpt lat="41.093214497296266" lon="-90.94700681685576"><ele>162.0</ele></trkpt><trkpt lat="41.07861340653707" lon="-90.94898092269072"><ele>162.0</ele></trkpt><trkpt lat="41.06437788271045" lon="-90.94898092269072"><ele>162.0</ele></trkpt><trkpt lat="41.050029068037006" lon="-90.94417440413604"><ele>162.0</ele></trkpt><trkpt lat="41.035787356086686" lon="-90.94194280623564"><ele>162.0</ele></trkpt><trkpt lat="41.02149881794102" lon="-90.94331609725127"><ele>162.0</ele></trkpt><trkpt lat="41.00686231126914" lon="-90.9453760337747"><ele>162.0</ele></trkpt><trkpt lat="40.99299996689709" lon="-90.95095502852568"><ele>161.6096182242036</ele></trkpt><trkpt lat="40.98018691423891" lon="-90.95928060530791"><ele>161.0</ele></trkpt><trkpt lat="40.965930097323685" lon="-90.95498907088408"><ele>161.0</ele></trkpt><trkpt lat="40.95194435671949" lon="-90.95258581160674"><ele>161.0</ele></trkpt><trkpt lat="40.93768143772044" lon="-90.95825063704619"><ele>161.0</ele></trkpt><trkpt lat="40.92421306323413" lon="-90.96288549422393"><ele>161.0</ele></trkpt><trkpt lat="40.919349009061804" lon="-90.97052442549834"><ele>161.0</ele></trkpt><trkpt lat="40.91701413591123" lon="-90.97842084883818"><ele>161.0</ele></trkpt><trkpt lat="40.911900768812544" lon="-90.98614561080107"><ele>161.0</ele></trkpt><trkpt lat="40.90852776779249" lon="-90.9948145103372"><ele>161.0</ele></trkpt><trkpt lat="40.90230797294093" lon="-91.01009237288604"><ele>161.0</ele></trkpt><trkpt lat="40.88907252430158" lon="-91.01953374861846"><ele>160.0</ele></trkpt><trkpt lat="40.88135816756648" lon="-91.02528440474639"><ele>160.0</ele></trkpt><trkpt lat="40.87798360891194" lon="-91.0311208915628"><ele>160.0</ele></trkpt><trkpt lat="40.873765168663645" lon="-91.03858816146025"><ele>160.0</ele></trkpt><trkpt lat="40.86779399375352" lon="-91.04408132552275"><ele>160.0</ele></trkpt><trkpt lat="40.85475728615052" lon="-91.0523210716165"><ele>160.0</ele></trkpt><trkpt lat="40.84547297518828" lon="-91.0574709129251"><ele>159.0</ele></trkpt><trkpt lat="40.842486179614156" lon="-91.06313573836455"><ele>159.0</ele></trkpt><trkpt lat="40.83217079028589" lon="-91.0768686485208"><ele>159.0</ele></trkpt><trkpt lat="40.82327315217389" lon="-91.0915456962503"><ele>159.0</ele></trkpt><trkpt lat="40.80964248732865" lon="-91.09746801375518"><ele>159.0</ele></trkpt><trkpt lat="40.795868697011215" lon="-91.09326231001982"><ele>159.0</ele></trkpt><trkpt lat="40.78145254650509" lon="-91.09274732588896"><ele>159.0</ele></trkpt><trkpt lat="40.76702285352304" lon="-91.09721052168975"><ele>159.0</ele></trkpt><trkpt lat="40.75359168243252" lon="-91.10416280745635"><ele>159.0</ele></trkpt><trkpt lat="40.75248635344221" lon="-91.10502111434111"><ele>159.0</ele></trkpt><trkpt lat="40.75217643677195" lon="-91.10562192916045"><ele>159.0</ele></trkpt><trkpt lat="40.74970562342128" lon="-91.10888349532256"><ele>159.0</ele></trkpt><trkpt lat="40.740471771487954" lon="-91.11180173873076"><ele>159.0</ele></trkpt><trkpt lat="40.72683348322008" lon="-91.1164365959085"><ele>159.0</ele></trkpt><trkpt lat="40.71284734484614" lon="-91.1124025535501"><ele>159.0</ele></trkpt><trkpt lat="40.6983376874626" lon="-91.11248838423857"><ele>158.0</ele></trkpt><trkpt lat="40.68410257232158" lon="-91.11755239485869"><ele>158.0</ele></trkpt><trkpt lat="40.67069335959474" lon="-91.12398969649443"><ele>158.0</ele></trkpt><trkpt lat="40.66178597713217" lon="-91.13901006697783"><ele>158.0</ele></trkpt><trkpt lat="40.653712033631734" lon="-91.15454542159209"><ele>158.0</ele></trkpt><trkpt lat="40.64199005435145" lon="-91.16596090315947"><ele>158.0</ele></trkpt><trkpt lat="40.635560970181714" lon="-91.18278371810088"><ele>158.0</ele></trkpt><trkpt lat="40.633867462132855" lon="-91.18956434249053"><ele>158.0</ele></trkpt><trkpt lat="40.63406286909997" lon="-91.2014089775003"><ele>158.0</ele></trkpt><trkpt lat="40.63530043327781" lon="-91.22029172896514"><ele>158.0</ele></trkpt><trkpt lat="40.636668240680734" lon="-91.23900281905303"><ele>158.0</ele></trkpt><trkpt lat="40.635822494381436" lon="-91.25874387740264"><ele>158.0</ele></trkpt><trkpt lat="40.632500585711895" lon="-91.27651082991729"><ele>158.0</ele></trkpt><trkpt lat="40.62872252793518" lon="-91.29530775069365"><ele>158.0</ele></trkpt><trkpt lat="40.62384222419152" lon="-91.31350385665068"><ele>158.0</ele></trkpt><trkpt lat="40.618565227809434" lon="-91.33032667159209"><ele>158.0</ele></trkpt><trkpt lat="40.61100732182354" lon="-91.3471494865335"><ele>158.0</ele></trkpt><trkpt lat="40.6004001063267" lon="-91.35925161360869"><ele>158.0</ele></trkpt><trkpt lat="40.58645261636884" lon="-91.36491643904814"><ele>158.0</ele></trkpt><trkpt lat="40.574849216795066" lon="-91.37616025923857"><ele>158.0</ele></trkpt><trkpt lat="40.56435227355509" lon="-91.3910947990335"><ele>158.0</ele></trkpt><trkpt lat="40.55439865336782" lon="-91.40276777266631"><ele>158.0</ele></trkpt><trkpt lat="40.54839876886915" lon="-91.4053426933206"><ele>158.0</ele></trkpt><trkpt lat="40.54070247790472" lon="-91.40259611128936"><ele>158.0</ele></trkpt><trkpt lat="40.53040451333572" lon="-91.38972150801787"><ele>158.0</ele></trkpt><trkpt lat="40.51996584796355" lon="-91.37658941268096"><ele>158.0</ele></trkpt><trkpt lat="40.50685977584321" lon="-91.36817800521025"><ele>158.0</ele></trkpt><trkpt lat="40.49270446388915" lon="-91.365431423179"><ele>158.0</ele></trkpt><trkpt lat="40.47834988732042" lon="-91.36663305281768"><ele>158.0</ele></trkpt><trkpt lat="40.46392924762172" lon="-91.37109624861846"><ele>158.0</ele></trkpt><trkpt lat="40.449561436886945" lon="-91.37358533858428"><ele>158.0</ele></trkpt><trkpt lat="40.43461879343692" lon="-91.37358533858428"><ele>158.0</ele></trkpt><trkpt lat="40.42024471596405" lon="-91.37444364546904"><ele>158.0</ele></trkpt><trkpt lat="40.40633466096533" lon="-91.37272703169951"><ele>158.0</ele></trkpt><trkpt lat="40.39757622552635" lon="-91.37289869307646"><ele>158.0</ele></trkpt><trkpt lat="40.3923467656206" lon="-91.37547361373076"><ele>148.0</ele></trkpt><trkpt lat="40.389151743100456" lon="-91.3778768730081"><ele>148.0</ele></trkpt><trkpt lat="40.384706171959195" lon="-91.39152395247588"><ele>148.0</ele></trkpt><trkpt lat="40.383529354012495" lon="-91.4108358573831"><ele>148.0</ele></trkpt><trkpt lat="40.37504378071798" lon="-91.42499792098174"><ele>146.0</ele></trkpt><trkpt lat="40.36562731118017" lon="-91.43915998458037"><ele>146.0</ele></trkpt><trkpt lat="40.356078714127726" lon="-91.45306455611357"><ele>146.0</ele></trkpt><trkpt lat="40.344061522805724" lon="-91.46242010115752"><ele>146.0</ele></trkpt><trkpt lat="40.329733539025874" lon="-91.4657674980081"><ele>147.0</ele></trkpt><trkpt lat="40.31651507579709" lon="-91.4723764610208"><ele>146.0</ele></trkpt><trkpt lat="40.3041693751789" lon="-91.48250448226104"><ele>146.0</ele></trkpt><trkpt lat="40.29055309112657" lon="-91.48962842940459"><ele>146.0</ele></trkpt><trkpt lat="40.27667213192652" lon="-91.49563657759795"><ele>146.0</ele></trkpt><trkpt lat="40.26274581623751" lon="-91.49194585799346"><ele>146.0</ele></trkpt><trkpt lat="40.24892465799611" lon="-91.48842679976592"><ele>147.0</ele></trkpt><trkpt lat="40.23478761681378" lon="-91.49349081038604"><ele>146.0</ele></trkpt><trkpt lat="40.223385569759905" lon="-91.50413381575713"><ele>145.0</ele></trkpt><trkpt lat="40.20930986443408" lon="-91.50945531844268"><ele>145.0</ele></trkpt><trkpt lat="40.19567448083543" lon="-91.50413381575713"><ele>146.0</ele></trkpt><trkpt lat="40.18118388096257" lon="-91.50001394271025"><ele>146.0</ele></trkpt><trkpt lat="40.16703838370442" lon="-91.50284635542998"><ele>146.0</ele></trkpt><trkpt lat="40.154444127749" lon="-91.51211606978545"><ele>144.0</ele></trkpt><trkpt lat="40.140422911186924" lon="-91.51469099043975"><ele>143.0</ele></trkpt><trkpt lat="40.126576796980665" lon="-91.5119444084085"><ele>143.0</ele></trkpt><trkpt lat="40.11143422289835" lon="-91.508253688804"><ele>143.0</ele></trkpt><trkpt lat="40.096859983222856" lon="-91.5035330009378"><ele>143.0</ele></trkpt><trkpt lat="40.08372736422998" lon="-91.50181638716826"><ele>143.0</ele></trkpt><trkpt lat="40.070551813895534" lon="-91.49486410140166"><ele>143.0</ele></trkpt><trkpt lat="40.05701994982367" lon="-91.48954259871611"><ele>143.0</ele></trkpt><trkpt lat="40.042705894637756" lon="-91.4946924400247"><ele>143.0</ele></trkpt><trkpt lat="40.036594685489554" lon="-91.49486410140166"><ele>143.0</ele></trkpt><trkpt lat="40.029234222761524" lon="-91.49160253523955"><ele>143.0</ele></trkpt><trkpt lat="40.01623721858658" lon="-91.48319112776885"><ele>143.0</ele></trkpt><trkpt lat="40.002891813678595" lon="-91.47392141341338"><ele>143.0</ele></trkpt><trkpt lat="39.99376363399368" lon="-91.46842824935088"><ele>143.0</ele></trkpt><trkpt lat="39.98994967216256" lon="-91.46808492659697"><ele>143.0</ele></trkpt><trkpt lat="39.982321109603184" lon="-91.46499502181182"><ele>143.0</ele></trkpt><trkpt lat="39.97719107995008" lon="-91.45924436568389"><ele>143.0</ele></trkpt><trkpt lat="39.96601798898669" lon="-91.44791471480498"><ele>145.0</ele></trkpt><trkpt lat="39.95180742066197" lon="-91.44388067244658"><ele>143.0</ele></trkpt><trkpt lat="39.94083378589699" lon="-91.43263685225615"><ele>143.0</ele></trkpt><trkpt lat="39.93214670276783" lon="-91.41847478865752"><ele>145.0</ele></trkpt><trkpt lat="39.91801103173342" lon="-91.41727315901885"><ele>144.81357577323138</ele></trkpt><trkpt lat="39.906029105191436" lon="-91.42765867232451"><ele>144.0</ele></trkpt><trkpt lat="39.89629849240791" lon="-91.44173490523467"><ele>140.0</ele></trkpt><trkpt lat="39.88260035084639" lon="-91.44791471480498"><ele>140.0</ele></trkpt><trkpt lat="39.86850421390134" lon="-91.44654142378936"><ele>140.0</ele></trkpt><trkpt lat="39.85509123949637" lon="-91.44036161421904"><ele>140.0</ele></trkpt><trkpt lat="39.84131896377599" lon="-91.4335809898294"><ele>140.0</ele></trkpt><trkpt lat="39.83235561631503" lon="-91.41941892623076"><ele>140.0</ele></trkpt><trkpt lat="39.8235335465303" lon="-91.40414106368193"><ele>140.0</ele></trkpt><trkpt lat="39.81601828616218" lon="-91.38809072493682"><ele>140.0</ele></trkpt><trkpt lat="39.808773706899274" lon="-91.37255537032256"><ele>142.0</ele></trkpt><trkpt lat="39.79624512644787" lon="-91.3639723014749"><ele>142.0</ele></trkpt><trkpt lat="39.78167872591501" lon="-91.36337148665557"><ele>140.0</ele></trkpt><trkpt lat="39.76782575941935" lon="-91.36500226973662"><ele>140.0</ele></trkpt><trkpt lat="39.75280310536431" lon="-91.36740552901396"><ele>140.0</ele></trkpt><trkpt lat="39.73848232121299" lon="-91.37066709517607"><ele>140.0</ele></trkpt><trkpt lat="39.729252535648676" lon="-91.36860715865264"><ele>140.0</ele></trkpt><trkpt lat="39.72496174606204" lon="-91.36551725386748"><ele>140.0</ele></trkpt><trkpt lat="39.7138704683206" lon="-91.35367261885771"><ele>140.0</ele></trkpt><trkpt lat="39.70470667760482" lon="-91.3390814018167"><ele>140.0</ele></trkpt><trkpt lat="39.6946688420054" lon="-91.32474767684111"><ele>140.0</ele></trkpt><trkpt lat="39.684827704596984" lon="-91.31110059737334"><ele>139.0</ele></trkpt><trkpt lat="39.67757667388769" lon="-91.29582273482451"><ele>140.0</ele></trkpt><trkpt lat="39.667138477130386" lon="-91.28208982466826"><ele>139.0</ele></trkpt><trkpt lat="39.65802751033095" lon="-91.2680135917581"><ele>139.0</ele></trkpt><trkpt lat="39.646661118786646" lon="-91.25719892501006"><ele>139.0</ele></trkpt><trkpt lat="39.63411317824216" lon="-91.24586927413115"><ele>137.0</ele></trkpt><trkpt lat="39.623734527656396" lon="-91.23428213118682"><ele>137.0</ele></trkpt><trkpt lat="39.61527180062007" lon="-91.21926176070342"><ele>137.0</ele></trkpt><trkpt lat="39.61072403035808" lon="-91.2014089775003"><ele>137.0</ele></trkpt><trkpt lat="39.60490492303809" lon="-91.18450033187041"><ele>137.0</ele></trkpt><trkpt lat="39.599680535113094" lon="-91.17797719954619"><ele>137.2854444924742</ele></trkpt><trkpt lat="39.59306682065434" lon="-91.17342817305693"><ele>137.0</ele></trkpt><trkpt lat="39.57853187555592" lon="-91.17128240584502"><ele>137.0</ele></trkpt><trkpt lat="39.56430726822517" lon="-91.16827833174834"><ele>137.0</ele></trkpt><trkpt lat="39.55505583068002" lon="-91.16021024703154"><ele>137.0</ele></trkpt><trkpt lat="39.54698181835359" lon="-91.15282880782256"><ele>137.0</ele></trkpt><trkpt lat="39.54473151635513" lon="-91.1424432945169"><ele>137.0</ele></trkpt><trkpt lat="39.54215428734798" lon="-91.10648023604521"><ele>137.0</ele></trkpt><trkpt lat="39.531831154751465" lon="-91.09386312483916"><ele>137.0</ele></trkpt><trkpt lat="39.518590146715155" lon="-91.08648168563018"><ele>137.0</ele></trkpt><trkpt lat="39.5058911859508" lon="-91.07807027815947"><ele>137.0</ele></trkpt><trkpt lat="39.49443358378617" lon="-91.06613981246123"><ele>137.0</ele></trkpt><trkpt lat="39.4798706987252" lon="-91.06193410872588"><ele>137.0</ele></trkpt><trkpt lat="39.46562586759826" lon="-91.0589300346292"><ele>137.0</ele></trkpt><trkpt lat="39.45538106030827" lon="-91.04545461653838"><ele>137.0</ele></trkpt><trkpt lat="39.4439151355258" lon="-91.03455411910186"><ele>137.0</ele></trkpt><trkpt lat="39.43470126158579" lon="-91.01944791792998"><ele>136.0</ele></trkpt><trkpt lat="39.42901295556911" lon="-91.00279676436553"><ele>136.0</ele></trkpt><trkpt lat="39.41999602658071" lon="-90.98726140975127"><ele>136.0</ele></trkpt><trkpt lat="39.41283469309892" lon="-90.9713827323831"><ele>136.0</ele></trkpt><trkpt lat="39.400441486443405" lon="-90.96099721907744"><ele>136.0</ele></trkpt><trkpt lat="39.39108919885523" lon="-90.94855176924834"><ele>136.0</ele></trkpt><trkpt lat="39.38843583934328" lon="-90.9296690177835"><ele>136.0</ele></trkpt><trkpt lat="39.382610887462036" lon="-90.9175668907083"><ele>136.0</ele></trkpt><trkpt lat="39.38161576857966" lon="-90.91284620284209"><ele>136.0</ele></trkpt><trkpt lat="39.37040311546656" lon="-90.89954244612822"><ele>132.0</ele></trkpt><trkpt lat="39.36224129482655" lon="-90.88486539839873"><ele>132.0</ele></trkpt><trkpt lat="39.35561605666114" lon="-90.86838590621123"><ele>132.0</ele></trkpt><trkpt lat="39.34778437819468" lon="-90.85207807540068"><ele>132.0</ele></trkpt><trkpt lat="39.33809312042227" lon="-90.83911764144072"><ele>132.0</ele></trkpt><trkpt lat="39.32675252956597" lon="-90.82598554610381"><ele>132.0</ele></trkpt><trkpt lat="39.3182536007601" lon="-90.81216680525908"><ele>132.0</ele></trkpt><trkpt lat="39.31255120368385" lon="-90.79517232894072"><ele>135.0</ele></trkpt><trkpt lat="39.30478111499354" lon="-90.77869283675322"><ele>134.0</ele></trkpt><trkpt lat="39.294827520511596" lon="-90.76650487898955"><ele>134.0</ele></trkpt><trkpt lat="39.2806777480486" lon="-90.76453077315459"><ele>134.0</ele></trkpt><trkpt lat="39.268131181772254" lon="-90.75543272017607"><ele>132.0</ele></trkpt><trkpt lat="39.26294793179835" lon="-90.74521886824736"><ele>132.0</ele></trkpt><trkpt lat="39.26175174275341" lon="-90.73826658248076"><ele>132.0</ele></trkpt><trkpt lat="39.25172715156354" lon="-90.726421947471"><ele>132.0</ele></trkpt><trkpt lat="39.23763515235614" lon="-90.72152959822783"><ele>134.0</ele></trkpt><trkpt lat="39.22634523888304" lon="-90.72101461409697"><ele>132.0</ele></trkpt><trkpt lat="39.222688244856215" lon="-90.71938383101592"><ele>134.0</ele></trkpt><trkpt lat="39.208324388537164" lon="-90.71715223311553"><ele>134.0</ele></trkpt><trkpt lat="39.19377701696877" lon="-90.71758138655791"><ele>134.0</ele></trkpt><trkpt lat="39.18013911214755" lon="-90.7099424552835"><ele>133.0</ele></trkpt><trkpt lat="39.16597810531504" lon="-90.70951330184111"><ele>133.0</ele></trkpt><trkpt lat="39.152201689117256" lon="-90.71037160872588"><ele>133.0</ele></trkpt><trkpt lat="39.13831265857161" lon="-90.7047926139749"><ele>133.0</ele></trkpt><trkpt lat="39.12526326188764" lon="-90.69655286788115"><ele>133.0</ele></trkpt><trkpt lat="39.11334358815453" lon="-90.68556653975615"><ele>132.0</ele></trkpt><trkpt lat="39.100309948338136" lon="-90.67784177779326"><ele>132.0</ele></trkpt><trkpt lat="39.08638743830639" lon="-90.68204748152861"><ele>132.0</ele></trkpt><trkpt lat="39.07539404149796" lon="-90.69414960860381"><ele>132.0</ele></trkpt><trkpt lat="39.06382092647311" lon="-90.70633756636748"><ele>132.0</ele></trkpt><trkpt lat="39.05688973868105" lon="-90.71294652938018"><ele>132.0</ele></trkpt><trkpt lat="39.05069108100242" lon="-90.71354734419951"><ele>132.0</ele></trkpt><trkpt lat="39.03762546168948" lon="-90.704449291221"><ele>132.0</ele></trkpt><trkpt lat="39.02498007625819" lon="-90.69629537581572"><ele>131.0</ele></trkpt><trkpt lat="39.01057585504747" lon="-90.69208967208037"><ele>131.0</ele></trkpt><trkpt lat="38.998836912794324" lon="-90.6817041587747"><ele>131.0</ele></trkpt><trkpt lat="38.98591452520316" lon="-90.67509519576201"><ele>131.0</ele></trkpt><trkpt lat="38.9714356186349" lon="-90.67518102645049"><ele>131.0</ele></trkpt><trkpt lat="38.9567089347948" lon="-90.67131864546904"><ele>130.0</ele></trkpt><trkpt lat="38.94242432946233" lon="-90.66994535445342"><ele>130.0</ele></trkpt><trkpt lat="38.92887131910455" lon="-90.66470968245635"><ele>130.0</ele></trkpt><trkpt lat="38.91667334230381" lon="-90.65380918501982"><ele>130.0</ele></trkpt><trkpt lat="38.90892627040249" lon="-90.63878881453643"><ele>130.0</ele></trkpt><trkpt lat="38.89537554981751" lon="-90.62908994673857"><ele>130.0</ele></trkpt><trkpt lat="38.88174673737072" lon="-90.62411176680693"><ele>130.0</ele></trkpt><trkpt lat="38.87112984451104" lon="-90.61115133284697"><ele>129.0</ele></trkpt><trkpt lat="38.866184674667274" lon="-90.59329854964385"><ele>129.0</ele></trkpt><trkpt lat="38.86925873962193" lon="-90.57484495162139"><ele>130.0</ele></trkpt><trkpt lat="38.8706654873048" lon="-90.55716382979521"><ele>129.0</ele></trkpt><trkpt lat="38.87674627776378" lon="-90.54051267623076"><ele>129.0</ele></trkpt><trkpt lat="38.88736970692858" lon="-90.52798139571318"><ele>129.0</ele></trkpt><trkpt lat="38.90012604091785" lon="-90.51862585066924"><ele>129.0</ele></trkpt><trkpt lat="38.90373358076544" lon="-90.51836835860381"><ele>129.0</ele></trkpt><trkpt lat="38.913284427764204" lon="-90.51227437972197"><ele>129.0</ele></trkpt><trkpt lat="38.924633102023535" lon="-90.50103055953154"><ele>129.0</ele></trkpt><trkpt lat="38.935783478027304" lon="-90.48892843245635"><ele>129.0</ele></trkpt><trkpt lat="38.94633132180477" lon="-90.47605382918486"><ele>129.0</ele></trkpt><trkpt lat="38.955007717716434" lon="-90.46189176558623"><ele>128.0</ele></trkpt><trkpt lat="38.95781096774232" lon="-90.44455396651396"><ele>128.0</ele></trkpt><trkpt lat="38.963884317706786" lon="-90.42824613570342"><ele>128.0</ele></trkpt><trkpt lat="38.96455168463694" lon="-90.41022169112334"><ele>128.0</ele></trkpt><trkpt lat="38.96121578981726" lon="-90.39271223067412"><ele>128.0</ele></trkpt><trkpt lat="38.95440803165038" lon="-90.37580358504424"><ele>128.0</ele></trkpt><trkpt lat="38.94780344526507" lon="-90.35949575423369"><ele>128.0</ele></trkpt><trkpt lat="38.94032680988498" lon="-90.34387456893096"><ele>127.0</ele></trkpt><trkpt lat="38.93045314191862" lon="-90.33031332015166"><ele>127.0</ele></trkpt><trkpt lat="38.92390952825587" lon="-90.31503545760283"><ele>127.0</ele></trkpt><trkpt lat="38.92324531647158" lon="-90.29752599715361"><ele>127.0</ele></trkpt><trkpt lat="38.92384631337373" lon="-90.28018819808135"><ele>127.0</ele></trkpt><trkpt lat="38.92291146131557" lon="-90.26156293868193"><ele>127.0</ele></trkpt><trkpt lat="38.91977293931485" lon="-90.24345266341338"><ele>127.0</ele></trkpt><trkpt lat="38.912031546826086" lon="-90.22765981673369"><ele>127.0</ele></trkpt><trkpt lat="38.901615848814245" lon="-90.21744596480498"><ele>127.0</ele></trkpt><trkpt lat="38.89493597211577" lon="-90.20079481124053"><ele>127.0</ele></trkpt><trkpt lat="38.88679659564601" lon="-90.18680440901885"><ele>127.0</ele></trkpt><trkpt lat="38.878778995598445" lon="-90.17238485335479"><ele>127.0</ele></trkpt><trkpt lat="38.870299318688765" lon="-90.15667783736357"><ele>127.0</ele></trkpt><trkpt lat="38.86294818027336" lon="-90.14174329756865"><ele>124.0</ele></trkpt><trkpt lat="38.86188661328738" lon="-90.13908254622588"><ele>124.0</ele></trkpt><trkpt lat="38.86185923991766" lon="-90.13901187277891"><ele>124.0</ele></trkpt><trkpt lat="38.85579388561991" lon="-90.12598706580259"><ele>124.0</ele></trkpt><trkpt lat="38.84799806921381" lon="-90.1100023989414"><ele>124.0</ele></trkpt><trkpt lat="38.83309185664231" lon="-90.10957324549902"><ele>124.0</ele></trkpt><trkpt lat="38.81942187594408" lon="-90.11296355769385"><ele>123.0</ele></trkpt><trkpt lat="38.805826262872834" lon="-90.1153264993621"><ele>123.0</ele></trkpt><trkpt lat="38.79398652017538" lon="-90.12657031955253"><ele>123.0</ele></trkpt><trkpt lat="38.78450971674771" lon="-90.1398740762664"><ele>123.0</ele></trkpt><trkpt lat="38.776146019791554" lon="-90.15643939914237"><ele>122.0</ele></trkpt><trkpt lat="38.766576747541265" lon="-90.16811237277518"><ele>122.0</ele></trkpt><trkpt lat="38.75341169236328" lon="-90.17635211886893"><ele>120.0</ele></trkpt><trkpt lat="38.74343770701538" lon="-90.18999919833671"><ele>120.0</ele></trkpt><trkpt lat="38.73547090583982" lon="-90.2043329233123"><ele>120.0</ele></trkpt><trkpt lat="38.722363348687786" lon="-90.21317348422538"><ele>120.0</ele></trkpt><trkpt lat="38.70863442496689" lon="-90.21300182284843"><ele>120.0</ele></trkpt><trkpt lat="38.69570673573436" lon="-90.20493373813163"><ele>120.0</ele></trkpt><trkpt lat="38.68427456867734" lon="-90.19377574862968"><ele>119.0</ele></trkpt><trkpt lat="38.68417326631558" lon="-90.19370548984651"><ele>119.0</ele></trkpt></trkseg></trk><trk><name>Dennis Headwaters</name><extensions><gpxx:TrackExtension><gpxx:DisplayColor>Red</gpxx:DisplayColor></gpxx:TrackExtension></extensions><trkseg><trkpt lat="47.23980368879099" lon="-95.20770144725802"><ele>447.0</ele></trkpt><trkpt lat="47.239603952139646" lon="-95.20825808680783"><ele>447.0</ele></trkpt><trkpt lat="47.239277984471265" lon="-95.20859604514371"><ele>447.0</ele></trkpt><trkpt lat="47.23916509131306" lon="-95.20890449918042"><ele>447.0</ele></trkpt><trkpt lat="47.239163270255105" lon="-95.20906006730328"><ele>447.0</ele></trkpt><trkpt lat="47.239356302048414" lon="-95.20935779250394"><ele>447.0</ele></trkpt><trkpt lat="47.239771496638824" lon="-95.20951872504483"><ele>447.0</ele></trkpt><trkpt lat="47.23991900043586" lon="-95.20987009442578"><ele>447.0</ele></trkpt><trkpt lat="47.240086535114635" lon="-95.20988618767987"><ele>447.2986410502584</ele></trkpt><trkpt lat="47.24028320558335" lon="-95.20960992015134"><ele>447.0</ele></trkpt><trkpt lat="47.24035604631241" lon="-95.20958846247922"><ele>447.0</ele></trkpt><trkpt lat="47.240423423897646" lon="-95.20963406003247"><ele>447.0</ele></trkpt><trkpt lat="47.24060734268667" lon="-95.20960187352429"><ele>447.0</ele></trkpt><trkpt lat="47.240707498050575" lon="-95.20946776307355"><ele>447.0</ele></trkpt><trkpt lat="47.24085499924176" lon="-95.20904933846722"><ele>447.0</ele></trkpt><trkpt lat="47.240949691148046" lon="-95.2089018169714"><ele>447.0</ele></trkpt><trkpt lat="47.241383082905465" lon="-95.20916735566388"><ele>447.0</ele></trkpt><trkpt lat="47.24158521148576" lon="-95.2094784919096"><ele>447.0</ele></trkpt><trkpt lat="47.24175638283358" lon="-95.20967965758572"><ele>447.0</ele></trkpt><trkpt lat="47.24190752303204" lon="-95.20996128953229"><ele>447.0</ele></trkpt><trkpt lat="47.24220980005038" lon="-95.21019464171658"><ele>447.0</ele></trkpt><trkpt lat="47.24228263813064" lon="-95.2103233877493"><ele>447.0</ele></trkpt><trkpt lat="47.242360938955294" lon="-95.21069889701138"><ele>447.0</ele></trkpt><trkpt lat="47.24243195588218" lon="-95.21086251176129"><ele>447.0</ele></trkpt><trkpt lat="47.24253028685458" lon="-95.2109000626875"><ele>447.09856441196865</ele></trkpt><trkpt lat="47.24275244134245" lon="-95.21082227862607"><ele>446.2601020410657</ele></trkpt><trkpt lat="47.24300372618613" lon="-95.21083568967114"><ele>447.0</ele></trkpt><trkpt lat="47.24344438843818" lon="-95.21110659278165"><ele>446.0</ele></trkpt><trkpt lat="47.24387411792618" lon="-95.21101271546613"><ele>445.98254572847793</ele></trkpt><trkpt lat="47.244094445890326" lon="-95.21112268603574"><ele>445.5083074542375</ele></trkpt><trkpt lat="47.24424922118498" lon="-95.21134262717496"><ele>445.2288520410657</ele></trkpt><trkpt lat="47.24430748566324" lon="-95.21151697076093"><ele>445.20513544730727</ele></trkpt><trkpt lat="47.24454237881168" lon="-95.21172081864606"><ele>445.0194212102991</ele></trkpt><trkpt lat="47.24475359966814" lon="-95.21201854384671"><ele>445.0</ele></trkpt><trkpt lat="47.24491383213646" lon="-95.21211778558026"><ele>445.2867729589343</ele></trkpt><trkpt lat="47.245185139628546" lon="-95.21199172175656"><ele>445.0</ele></trkpt><trkpt lat="47.2454145663563" lon="-95.21192198432217"><ele>445.8538520410075</ele></trkpt><trkpt lat="47.2454910417114" lon="-95.2120158616377"><ele>445.3069770410075</ele></trkpt><trkpt lat="47.24549468339223" lon="-95.21210437453519"><ele>445.0</ele></trkpt><trkpt lat="47.24543641646904" lon="-95.21223848498593"><ele>445.0</ele></trkpt><trkpt lat="47.24530895735107" lon="-95.21259521878491"><ele>445.0</ele></trkpt><trkpt lat="47.24530713650432" lon="-95.21273469365369"><ele>445.0</ele></trkpt><trkpt lat="47.24546372608538" lon="-95.21313702500592"><ele>445.4871753024791</ele></trkpt><trkpt lat="47.24568040577034" lon="-95.21331673300992"><ele>445.2711479589925</ele></trkpt><trkpt lat="47.24594988851164" lon="-95.21325235999356"><ele>445.0</ele></trkpt><trkpt lat="47.245994827652694" lon="-95.21299746895792"><ele>445.0</ele></trkpt><trkpt lat="47.246087689552276" lon="-95.21291566158297"><ele>445.0662723453936</ele></trkpt><trkpt lat="47.24627068164266" lon="-95.21308061743738"><ele>445.0</ele></trkpt><trkpt lat="47.246321663465686" lon="-95.2132267978287"><ele>445.0</ele></trkpt><trkpt lat="47.24637901901017" lon="-95.21338102484705"><ele>445.0</ele></trkpt><trkpt lat="47.24644183691624" lon="-95.21339845920565"><ele>445.0</ele></trkpt><trkpt lat="47.24656292049596" lon="-95.21322411561968"><ele>445.0251187658927</ele></trkpt><trkpt lat="47.24679051952828" lon="-95.213280442009"><ele>445.0</ele></trkpt><trkpt lat="47.24693618206595" lon="-95.21356609726908"><ele>445.0</ele></trkpt><trkpt lat="47.247015386406495" lon="-95.2136411991215"><ele>445.3226001113653</ele></trkpt><trkpt lat="47.24706090608882" lon="-95.21362108255389"><ele>445.0882251113653</ele></trkpt><trkpt lat="47.247151945336164" lon="-95.21357146168711"><ele>445.0</ele></trkpt><trkpt lat="47.24719018086303" lon="-95.21352452302935"><ele>445.0</ele></trkpt><trkpt lat="47.24733948478213" lon="-95.21352452302935"><ele>445.0</ele></trkpt><trkpt lat="47.24759439201941" lon="-95.21345344449045"><ele>445.0</ele></trkpt><trkpt lat="47.24771183143638" lon="-95.21350440646174"><ele>445.0</ele></trkpt><trkpt lat="47.24791939721398" lon="-95.21347087884905"><ele>445.0</ele></trkpt><trkpt lat="47.24804958117956" lon="-95.21347758437159"><ele>445.0</ele></trkpt><trkpt lat="47.24817430181525" lon="-95.21357548500063"><ele>445.0</ele></trkpt><trkpt lat="47.24830630589805" lon="-95.21374044085505"><ele>445.0</ele></trkpt><trkpt lat="47.24837731485477" lon="-95.21379006172182"><ele>445.0</ele></trkpt><trkpt lat="47.2484346681734" lon="-95.21372166539194"><ele>444.84395475219935</ele></trkpt><trkpt lat="47.24854482203317" lon="-95.21375787521364"><ele>444.0</ele></trkpt><trkpt lat="47.24867500446157" lon="-95.2136599745846"><ele>444.1593857899934</ele></trkpt><trkpt lat="47.24877332295001" lon="-95.21355805064204"><ele>445.0</ele></trkpt><trkpt lat="47.2489335467406" lon="-95.2136237647629"><ele>444.94026244425913</ele></trkpt><trkpt lat="47.24900273413672" lon="-95.21372300649645"><ele>444.3819310224563</ele></trkpt><trkpt lat="47.24901183773471" lon="-95.21378872061732"><ele>444.12757434913897</ele></trkpt><trkpt lat="47.24898634765633" lon="-95.21390942002299"><ele>444.64447598638617</ele></trkpt><trkpt lat="47.248937188184755" lon="-95.2140193905926"><ele>444.46853110194206</ele></trkpt><trkpt lat="47.24887073162894" lon="-95.21409449244501"><ele>444.0</ele></trkpt><trkpt lat="47.24884706220776" lon="-95.214181664238"><ele>444.0</ele></trkpt><trkpt lat="47.24888496548666" lon="-95.21443789637814"><ele>444.0040248853593</ele></trkpt><trkpt lat="47.24901059528052" lon="-95.21465783751736"><ele>444.0</ele></trkpt><trkpt lat="47.24917081835335" lon="-95.21473830378781"><ele>444.0</ele></trkpt><trkpt lat="47.249296447469156" lon="-95.21491264737378"><ele>444.0</ele></trkpt><trkpt lat="47.24931465456268" lon="-95.2150253001524"><ele>444.0</ele></trkpt><trkpt lat="47.24928188178985" lon="-95.2150977197958"><ele>444.0</ele></trkpt><trkpt lat="47.249185384063196" lon="-95.21515941060315"><ele>444.0</ele></trkpt><trkpt lat="47.24904154750281" lon="-95.21554833091031"><ele>444.17241793210957</ele></trkpt><trkpt lat="47.24898692592183" lon="-95.21554296649228"><ele>444.2398979589925</ele></trkpt><trkpt lat="47.248817598662875" lon="-95.21537130511533"><ele>444.0</ele></trkpt><trkpt lat="47.24877390121785" lon="-95.21506553328763"><ele>444.0</ele></trkpt><trkpt lat="47.24870835498272" lon="-95.21507089770566"><ele>444.0</ele></trkpt><trkpt lat="47.248602752544386" lon="-95.2151513639761"><ele>444.0</ele></trkpt><trkpt lat="47.248540847568854" lon="-95.21534180081616"><ele>444.0</ele></trkpt><trkpt lat="47.248417037400735" lon="-95.2154034916235"><ele>444.0</ele></trkpt><trkpt lat="47.2481657869213" lon="-95.21536862290631"><ele>444.0</ele></trkpt><trkpt lat="47.247802883679974" lon="-95.2157319810486"><ele>444.0</ele></trkpt><trkpt lat="47.2474347618964" lon="-95.21609416044484"><ele>444.0</ele></trkpt><trkpt lat="47.24738195943392" lon="-95.2164482120348"><ele>444.0</ele></trkpt><trkpt lat="47.247369214004074" lon="-95.21692564523946"><ele>444.0</ele></trkpt><trkpt lat="47.24760955427776" lon="-95.21763106621037"><ele>444.0</ele></trkpt><trkpt lat="47.24768602646389" lon="-95.21796902454625"><ele>444.0</ele></trkpt><trkpt lat="47.24751305598677" lon="-95.21865298784505"><ele>444.0</ele></trkpt><trkpt lat="47.24753126369332" lon="-95.21912505663167"><ele>444.0</ele></trkpt><trkpt lat="47.24806406744989" lon="-95.21914399445322"><ele>444.0</ele></trkpt><trkpt lat="47.248450065473286" lon="-95.21916008770731"><ele>444.0</ele></trkpt><trkpt lat="47.24900356716396" lon="-95.21914935887125"><ele>444.0</ele></trkpt><trkpt lat="47.249374992686995" lon="-95.21924591839579"><ele>444.0</ele></trkpt><trkpt lat="47.249473310771805" lon="-95.21950877487924"><ele>444.0</ele></trkpt><trkpt lat="47.24959347707206" lon="-95.22048509896067"><ele>444.0</ele></trkpt><trkpt lat="47.249476946648464" lon="-95.22081232846048"><ele>444.0</ele></trkpt><trkpt lat="47.24899992019393" lon="-95.22120929539469"><ele>444.0</ele></trkpt><trkpt lat="47.24881669106355" lon="-95.22152026928197"><ele>444.0</ele></trkpt><trkpt lat="47.24900968768448" lon="-95.22218813932668"><ele>444.0</ele></trkpt><trkpt lat="47.24910071982971" lon="-95.22265752590428"><ele>444.0</ele></trkpt><trkpt lat="47.24933559172357" lon="-95.22291770017873"><ele>444.0</ele></trkpt><trkpt lat="47.25020702547885" lon="-95.2230117398527"><ele>444.0</ele></trkpt><trkpt lat="47.250873389567396" lon="-95.22360182583597"><ele>444.0</ele></trkpt><trkpt lat="47.25128121481913" lon="-95.22361255467203"><ele>444.0</ele></trkpt><trkpt lat="47.25194755303307" lon="-95.22439575970438"><ele>445.0</ele></trkpt><trkpt lat="47.25255927732575" lon="-95.22509313404825"><ele>444.0</ele></trkpt><trkpt lat="47.25318190325017" lon="-95.2252111512449"><ele>444.0</ele></trkpt><trkpt lat="47.253360319406895" lon="-95.2254632788923"><ele>444.4710855003347</ele></trkpt><trkpt lat="47.2536807387507" lon="-95.22555447399881"><ele>444.0</ele></trkpt><trkpt lat="47.254321556614855" lon="-95.22605872929361"><ele>444.0</ele></trkpt><trkpt lat="47.254933253485525" lon="-95.22662199318674"><ele>444.0</ele></trkpt><trkpt lat="47.255526738338645" lon="-95.22739983380106"><ele>444.0</ele></trkpt><trkpt lat="47.256025537295834" lon="-95.2284888106611"><ele>444.0</ele></trkpt><trkpt lat="47.25619666198272" lon="-95.2289930659559"><ele>444.0</ele></trkpt><trkpt lat="47.25622943047671" lon="-95.2296046096113"><ele>444.0</ele></trkpt><trkpt lat="47.256349581447815" lon="-95.23022151768473"><ele>444.0</ele></trkpt><trkpt lat="47.25672094707096" lon="-95.23099399388101"><ele>444.0</ele></trkpt><trkpt lat="47.25702678253137" lon="-95.23118174851206"><ele>444.0</ele></trkpt><trkpt lat="47.25758746514005" lon="-95.23107982456949"><ele>444.0</ele></trkpt><trkpt lat="47.25830470758856" lon="-95.23129976570871"><ele>444.0</ele></trkpt><trkpt lat="47.258537718272805" lon="-95.23114956200388"><ele>444.0</ele></trkpt><trkpt lat="47.25916757014643" lon="-95.23017323792246"><ele>444.0</ele></trkpt><trkpt lat="47.25921489975333" lon="-95.22966898262766"><ele>444.0</ele></trkpt><trkpt lat="47.25947339147533" lon="-95.22945440590647"><ele>444.0</ele></trkpt><trkpt lat="47.2597245856775" lon="-95.22939539730814"><ele>444.06047148663475</ele></trkpt><trkpt lat="47.2600049190139" lon="-95.2291003543165"><ele>444.0</ele></trkpt><trkpt lat="47.260372626724234" lon="-95.22833860695627"><ele>444.0</ele></trkpt><trkpt lat="47.26045883583015" lon="-95.2282070163561"><ele>444.0</ele></trkpt><trkpt lat="47.260784673363965" lon="-95.22824993170033"><ele>444.0</ele></trkpt><trkpt lat="47.26089207182301" lon="-95.22802194393407"><ele>444.0</ele></trkpt><trkpt lat="47.26097944667983" lon="-95.2280648592783"><ele>444.0</ele></trkpt><trkpt lat="47.261048618339196" lon="-95.22848864830266"><ele>444.0</ele></trkpt><trkpt lat="47.26100675129299" lon="-95.22858789003621"><ele>444.0</ele></trkpt><trkpt lat="47.2609648842137" lon="-95.22869786060582"><ele>444.0</ele></trkpt><trkpt lat="47.26102859497339" lon="-95.22888561523686"><ele>444.0</ele></trkpt><trkpt lat="47.261134172634975" lon="-95.22896608150731"><ele>444.0</ele></trkpt><trkpt lat="47.2613999361614" lon="-95.2286039832903"><ele>444.0</ele></trkpt><trkpt lat="47.26167115604563" lon="-95.2283330801798"><ele>444.0</ele></trkpt><trkpt lat="47.261889589702854" lon="-95.22771080768834"><ele>444.0</ele></trkpt><trkpt lat="47.26197150209197" lon="-95.22767325676213"><ele>444.0</ele></trkpt><trkpt lat="47.262220879029705" lon="-95.22777249849568"><ele>444.0</ele></trkpt><trkpt lat="47.26241746475474" lon="-95.22778859174977"><ele>444.0</ele></trkpt><trkpt lat="47.26281609988117" lon="-95.22773226536046"><ele>444.0</ele></trkpt><trkpt lat="47.262987202622035" lon="-95.22760351932774"><ele>444.0</ele></trkpt><trkpt lat="47.263052731184864" lon="-95.22759010828267"><ele>444.0</ele></trkpt><trkpt lat="47.263107338258564" lon="-95.22767325676213"><ele>444.0</ele></trkpt><trkpt lat="47.263120079901014" lon="-95.22783150709401"><ele>444.0</ele></trkpt><trkpt lat="47.26309459661309" lon="-95.22813459671269"><ele>444.0</ele></trkpt><trkpt lat="47.26320199038625" lon="-95.22820433414708"><ele>444.0</ele></trkpt><trkpt lat="47.263282080515985" lon="-95.22816410101186"><ele>444.0</ele></trkpt><trkpt lat="47.2633494252178" lon="-95.22804876602422"><ele>444.0</ele></trkpt><trkpt lat="47.26351688579353" lon="-95.22791465557347"><ele>444.0</ele></trkpt><trkpt lat="47.26362791914407" lon="-95.22800316847096"><ele>444.0</ele></trkpt><trkpt lat="47.263626098927084" lon="-95.22846182621251"><ele>444.0</ele></trkpt><trkpt lat="47.263815401158205" lon="-95.22847255504857"><ele>444.0</ele></trkpt><trkpt lat="47.2641575959813" lon="-95.22826066053639"><ele>444.0</ele></trkpt><trkpt lat="47.26423950486125" lon="-95.22832235134373"><ele>444.0</ele></trkpt><trkpt lat="47.264266807793064" lon="-95.22853424585591"><ele>444.0</ele></trkpt><trkpt lat="47.264224942932096" lon="-95.22871931827794"><ele>444.0</ele></trkpt><trkpt lat="47.2640374623684" lon="-95.22901167906056"><ele>444.0</ele></trkpt><trkpt lat="47.264002878502545" lon="-95.2292155269457"><ele>444.0</ele></trkpt><trkpt lat="47.264064765404406" lon="-95.22943815029393"><ele>444.0</ele></trkpt><trkpt lat="47.26430685170785" lon="-95.22958298958073"><ele>444.0</ele></trkpt><trkpt lat="47.26470364868281" lon="-95.22947033680211"><ele>444.0</ele></trkpt><trkpt lat="47.2651787135219" lon="-95.22870590723286"><ele>444.0</ele></trkpt><trkpt lat="47.26546629547335" lon="-95.22848596609364"><ele>444.0</ele></trkpt><trkpt lat="47.265651950829415" lon="-95.22838672436009"><ele>444.0</ele></trkpt><trkpt lat="47.26584852637904" lon="-95.22840013540517"><ele>444.0</ele></trkpt><trkpt lat="47.26599777769772" lon="-95.22868176735173"><ele>444.0</ele></trkpt><trkpt lat="47.2660196193188" lon="-95.22887756860982"><ele>444.0</ele></trkpt><trkpt lat="47.265943171858595" lon="-95.22960981167088"><ele>443.89503083857494</ele></trkpt><trkpt lat="47.26600505649214" lon="-95.23020526207219"><ele>444.0</ele></trkpt><trkpt lat="47.266700339949125" lon="-95.23061564005147"><ele>444.0</ele></trkpt><trkpt lat="47.266960612202276" lon="-95.23072292841206"><ele>443.44261145993</ele></trkpt><trkpt lat="47.26705707758294" lon="-95.23068537748586"><ele>443.99805560764645</ele></trkpt><trkpt lat="47.26710258003944" lon="-95.23065319097768"><ele>444.0</ele></trkpt><trkpt lat="47.267370133692445" lon="-95.23026695287953"><ele>444.0</ele></trkpt><trkpt lat="47.268351148430334" lon="-95.22949984110127"><ele>443.51261230780676</ele></trkpt><trkpt lat="47.268518589428496" lon="-95.22964468038808"><ele>443.6116645410075</ele></trkpt><trkpt lat="47.26860049156049" lon="-95.2298833969904"><ele>443.83325278396796</ele></trkpt><trkpt lat="47.26862961228804" lon="-95.23015698230992"><ele>444.0</ele></trkpt><trkpt lat="47.268616871971695" lon="-95.23060491121541"><ele>443.00691944996765</ele></trkpt><trkpt lat="47.268636889832756" lon="-95.23079266584645"><ele>443.0</ele></trkpt><trkpt lat="47.26878067317022" lon="-95.23084631002675"><ele>443.79247506405227</ele></trkpt><trkpt lat="47.26897541706784" lon="-95.23078193701039"><ele>443.4714932017763</ele></trkpt><trkpt lat="47.26913375970878" lon="-95.23058881796132"><ele>443.75142784267223</ele></trkpt><trkpt lat="47.26920838078912" lon="-95.23039838112126"><ele>443.46435006381944</ele></trkpt><trkpt lat="47.26932485885259" lon="-95.22984048164616"><ele>443.245607325648</ele></trkpt><trkpt lat="47.26956328107469" lon="-95.22901704347859"><ele>443.6257610129828</ele></trkpt><trkpt lat="47.270010998799044" lon="-95.22856375015508"><ele>443.0</ele></trkpt><trkpt lat="47.270300377605274" lon="-95.2284054998232"><ele>443.97274597526126</ele></trkpt><trkpt lat="47.270569735072314" lon="-95.22852888143788"><ele>443.2465052651642</ele></trkpt><trkpt lat="47.27086456745212" lon="-95.228909755118"><ele>443.60987151974797</ele></trkpt><trkpt lat="47.27115940146558" lon="-95.22952934540044"><ele>443.4370499308656</ele></trkpt><trkpt lat="47.27123037780111" lon="-95.23039301670323"><ele>443.7477104589925</ele></trkpt><trkpt lat="47.27134685482724" lon="-95.23109307325612"><ele>443.0</ele></trkpt><trkpt lat="47.27132137549969" lon="-95.23122718370686"><ele>443.0</ele></trkpt><trkpt lat="47.27126495694501" lon="-95.2313586119486"><ele>443.044909826036</ele></trkpt><trkpt lat="47.2711211856078" lon="-95.23164292610417"><ele>443.0032967052041</ele></trkpt><trkpt lat="47.27113028540349" lon="-95.23180385864507"><ele>443.0345120142543</ele></trkpt><trkpt lat="47.27136323601072" lon="-95.23237248695622"><ele>443.0</ele></trkpt><trkpt lat="47.27151247177963" lon="-95.23252537287007"><ele>443.0416347801871</ele></trkpt><trkpt lat="47.27168536635159" lon="-95.23230006731282"><ele>443.66417656740543</ele></trkpt><trkpt lat="47.271759980373865" lon="-95.23203452862035"><ele>443.3704794291407</ele></trkpt><trkpt lat="47.27178727942667" lon="-95.2313237432314"><ele>443.3281346278793</ele></trkpt><trkpt lat="47.27189829558313" lon="-95.23094018734227"><ele>443.4420192539692</ele></trkpt><trkpt lat="47.272056625960005" lon="-95.23079266584645"><ele>443.0</ele></trkpt><trkpt lat="47.27229139603813" lon="-95.2308007124735"><ele>443.0</ele></trkpt><trkpt lat="47.272376932164335" lon="-95.23101260698567"><ele>443.0</ele></trkpt><trkpt lat="47.27232961339267" lon="-95.23221960104237"><ele>443.2610675289761</ele></trkpt><trkpt lat="47.27253708360782" lon="-95.23243149555455"><ele>443.9576824712567</ele></trkpt><trkpt lat="47.27317950458914" lon="-95.23244222439061"><ele>443.0</ele></trkpt><trkpt lat="47.273599893466475" lon="-95.2324395421816"><ele>443.0</ele></trkpt><trkpt lat="47.27405419477957" lon="-95.23261673033502"><ele>443.0</ele></trkpt><trkpt lat="47.274290775846474" lon="-95.23262209475305"><ele>443.0</ele></trkpt><trkpt lat="47.27440724613705" lon="-95.23247189104822"><ele>443.0849824395398</ele></trkpt><trkpt lat="47.27455283363979" lon="-95.2319998222616"><ele>443.0</ele></trkpt><trkpt lat="47.274818514779014" lon="-95.2320910173681"><ele>443.2273121610758</ele></trkpt><trkpt lat="47.27496410115029" lon="-95.23231632292536"><ele>443.0</ele></trkpt><trkpt lat="47.275655630943916" lon="-95.23238606035974"><ele>443.0</ele></trkpt><trkpt lat="47.2758121187946" lon="-95.23233241617945"><ele>443.0</ele></trkpt><trkpt lat="47.276008656610784" lon="-95.23219294131067"><ele>443.0</ele></trkpt><trkpt lat="47.276358055370494" lon="-95.23211783945825"><ele>443.0</ele></trkpt><trkpt lat="47.27654731206872" lon="-95.23236996710565"><ele>443.0</ele></trkpt><trkpt lat="47.27667105646693" lon="-95.23242361128595"><ele>443.0</ele></trkpt><trkpt lat="47.27673656809002" lon="-95.23227340758112"><ele>443.0</ele></trkpt><trkpt lat="47.276769323871164" lon="-95.23175305903223"><ele>443.0</ele></trkpt><trkpt lat="47.276929450945794" lon="-95.23137218535211"><ele>443.0</ele></trkpt><trkpt lat="47.277191495671836" lon="-95.23112005770471"><ele>443.0169687345624</ele></trkpt><trkpt lat="47.277482654956515" lon="-95.23106641352442"><ele>443.1663595066266</ele></trkpt><trkpt lat="47.27775561533083" lon="-95.23125953257349"><ele>443.0</ele></trkpt><trkpt lat="47.277973967625044" lon="-95.23152775347498"><ele>443.0</ele></trkpt><trkpt lat="47.278268762031196" lon="-95.23200518667963"><ele>443.0</ele></trkpt><trkpt lat="47.27841069949281" lon="-95.23202127993372"><ele>443.11035286047934</ele></trkpt><trkpt lat="47.27850896366625" lon="-95.231892533901"><ele>443.3173038822133</ele></trkpt><trkpt lat="47.278501684844855" lon="-95.23171014368799"><ele>443.25480388244614</ele></trkpt><trkpt lat="47.27836338704791" lon="-95.23097521841791"><ele>443.0</ele></trkpt><trkpt lat="47.278097708686914" lon="-95.22995597899225"><ele>443.0</ele></trkpt><trkpt lat="47.27813045294566" lon="-95.22953755438593"><ele>443.0</ele></trkpt><trkpt lat="47.2783379004188" lon="-95.22919423163202"><ele>443.0357203030037</ele></trkpt><trkpt lat="47.27855626530131" lon="-95.2289742904928"><ele>443.0</ele></trkpt><trkpt lat="47.27894568043855" lon="-95.22890991747644"><ele>443.0</ele></trkpt><trkpt lat="47.27936784688225" lon="-95.22874362051752"><ele>443.0</ele></trkpt><trkpt lat="47.279527978100404" lon="-95.22879726469782"><ele>443.0368469769059</ele></trkpt><trkpt lat="47.27996104317861" lon="-95.22988624155786"><ele>443.0</ele></trkpt><trkpt lat="47.28009205819696" lon="-95.22988087713983"><ele>443.0</ele></trkpt><trkpt lat="47.280310415839935" lon="-95.2293176132467"><ele>443.0</ele></trkpt><trkpt lat="47.28040503720537" lon="-95.22894746840265"><ele>443.0</ele></trkpt><trkpt lat="47.28065249262898" lon="-95.22855586588648"><ele>443.0</ele></trkpt><trkpt lat="47.28097274680455" lon="-95.22844321310785"><ele>443.0</ele></trkpt><trkpt lat="47.28129663826038" lon="-95.22811061919"><ele>443.0</ele></trkpt><trkpt lat="47.28161324934" lon="-95.2275151687887"><ele>443.0</ele></trkpt><trkpt lat="47.2820535782391" lon="-95.22710747301844"><ele>443.0</ele></trkpt><trkpt lat="47.28259217215918" lon="-95.22686070978907"><ele>443.0</ele></trkpt><trkpt lat="47.283025226807254" lon="-95.2269036251333"><ele>443.0</ele></trkpt><trkpt lat="47.283480112325925" lon="-95.2273703295019"><ele>443.0</ele></trkpt><trkpt lat="47.28396409156693" lon="-95.2280730682638"><ele>443.0</ele></trkpt><trkpt lat="47.284160599103345" lon="-95.22792822897699"><ele>443.0</ele></trkpt><trkpt lat="47.284204267345665" lon="-95.22774583876398"><ele>443.0</ele></trkpt><trkpt lat="47.28414968203716" lon="-95.22705382883814"><ele>443.0</ele></trkpt><trkpt lat="47.28420062832685" lon="-95.22693044722345"><ele>443.0</ele></trkpt><trkpt lat="47.28436802293323" lon="-95.2267587858465"><ele>443.0</ele></trkpt><trkpt lat="47.28453905600569" lon="-95.22672123492029"><ele>443.0</ele></trkpt><trkpt lat="47.284608196878025" lon="-95.22685534537104"><ele>443.0</ele></trkpt><trkpt lat="47.28481561895285" lon="-95.22776193201807"><ele>443.0</ele></trkpt><trkpt lat="47.284924773487226" lon="-95.2278584915426"><ele>443.0</ele></trkpt><trkpt lat="47.285063054133246" lon="-95.22778338969019"><ele>443.0</ele></trkpt><trkpt lat="47.286056480779244" lon="-95.2265978533056"><ele>443.0</ele></trkpt><trkpt lat="47.286496769771475" lon="-95.22656566679743"><ele>443.0</ele></trkpt><trkpt lat="47.28696981958425" lon="-95.22663540423181"><ele>443.0</ele></trkpt><trkpt lat="47.2870207631579" lon="-95.22682315886286"><ele>443.0</ele></trkpt><trkpt lat="47.28706079021707" lon="-95.22743470251825"><ele>443.0</ele></trkpt><trkpt lat="47.28723909220357" lon="-95.22745616019037"><ele>443.0</ele></trkpt><trkpt lat="47.28773031544" lon="-95.22725767672327"><ele>443.0</ele></trkpt><trkpt lat="47.28788678258194" lon="-95.22717721045282"><ele>443.0</ele></trkpt><trkpt lat="47.287992306672166" lon="-95.22708065092829"><ele>443.0</ele></trkpt><trkpt lat="47.28839620727933" lon="-95.22702164232996"><ele>443.0</ele></trkpt><trkpt lat="47.28856722732764" lon="-95.22663540423181"><ele>443.0</ele></trkpt><trkpt lat="47.28869456734842" lon="-95.22665686190393"><ele>443.0</ele></trkpt><trkpt lat="47.289014772840645" lon="-95.22710747301844"><ele>443.0</ele></trkpt><trkpt lat="47.28919306824042" lon="-95.22753126204279"><ele>443.0</ele></trkpt><trkpt lat="47.28942230429986" lon="-95.22779948294428"><ele>443.0</ele></trkpt><trkpt lat="47.289742491330614" lon="-95.22781021178034"><ele>443.0</ele></trkpt><trkpt lat="47.28992078427725" lon="-95.22795505106714"><ele>443.0</ele></trkpt><trkpt lat="47.28993897740127" lon="-95.22815353453424"><ele>443.0</ele></trkpt><trkpt lat="47.28984073445719" lon="-95.22838420450952"><ele>443.0</ele></trkpt><trkpt lat="47.289833457194796" lon="-95.22854513705042"><ele>443.0</ele></trkpt><trkpt lat="47.28994625464915" lon="-95.22863633215692"><ele>443.0</ele></trkpt><trkpt lat="47.29070308295934" lon="-95.22865778982904"><ele>443.0</ele></trkpt><trkpt lat="47.29093593638822" lon="-95.22853977263239"><ele>443.0</ele></trkpt><trkpt lat="47.29117608051205" lon="-95.22835201800135"><ele>443.0</ele></trkpt><trkpt lat="47.29130706775639" lon="-95.22839493334558"><ele>443.0</ele></trkpt><trkpt lat="47.291354368625974" lon="-95.22863633215692"><ele>443.0</ele></trkpt><trkpt lat="47.29132162187461" lon="-95.22951073229578"><ele>443.0</ele></trkpt><trkpt lat="47.29127432097572" lon="-95.22988087713983"><ele>443.0</ele></trkpt><trkpt lat="47.291310694278906" lon="-95.23006326735285"><ele>443.0</ele></trkpt><trkpt lat="47.291488981939054" lon="-95.23020274222162"><ele>443.0</ele></trkpt><trkpt lat="47.292176657283825" lon="-95.22995597899225"><ele>443.0</ele></trkpt><trkpt lat="47.29256961060901" lon="-95.23000962317255"><ele>443.0</ele></trkpt><trkpt lat="47.29319176588381" lon="-95.22953755438593"><ele>443.0</ele></trkpt><trkpt lat="47.29337004720256" lon="-95.22924787581232"><ele>443.0</ele></trkpt><trkpt lat="47.2935847116664" lon="-95.22903329909113"><ele>443.0</ele></trkpt><trkpt lat="47.293762991660444" lon="-95.2290654855993"><ele>443.0</ele></trkpt><trkpt lat="47.293843035543915" lon="-95.22940344393518"><ele>443.0</ele></trkpt><trkpt lat="47.29395580998028" lon="-95.23001498759058"><ele>443.0</ele></trkpt><trkpt lat="47.29410498203076" lon="-95.23017592013147"><ele>443.0</ele></trkpt><trkpt lat="47.29443243139767" lon="-95.23015446245935"><ele>443.0</ele></trkpt><trkpt lat="47.29484355939837" lon="-95.23000425875452"><ele>443.0</ele></trkpt><trkpt lat="47.29521464871737" lon="-95.22987014830377"><ele>443.0</ele></trkpt><trkpt lat="47.29551662353611" lon="-95.22995061457422"><ele>443.0</ele></trkpt><trkpt lat="47.2956184941703" lon="-95.23010081827906"><ele>443.0</ele></trkpt><trkpt lat="47.29562577063666" lon="-95.2303797680166"><ele>443.0</ele></trkpt><trkpt lat="47.295243755858344" lon="-95.23132390558985"><ele>443.0</ele></trkpt><trkpt lat="47.29509822528954" lon="-95.23166722834375"><ele>443.0</ele></trkpt><trkpt lat="47.29505456604082" lon="-95.23218757689264"><ele>443.0</ele></trkpt><trkpt lat="47.295174628888105" lon="-95.23245579779413"><ele>443.0</ele></trkpt><trkpt lat="47.295301967973735" lon="-95.23249334872034"><ele>443.0</ele></trkpt><trkpt lat="47.29593864596514" lon="-95.23257917940882"><ele>443.0</ele></trkpt><trkpt lat="47.296204234730595" lon="-95.23274547636774"><ele>443.0</ele></trkpt><trkpt lat="47.29627699854313" lon="-95.23301906168726"><ele>443.0</ele></trkpt><trkpt lat="47.296178767372545" lon="-95.23327118933466"><ele>443.0</ele></trkpt><trkpt lat="47.29592045490497" lon="-95.23336238444116"><ele>443.0</ele></trkpt><trkpt lat="47.295432932161866" lon="-95.23350185930994"><ele>443.0</ele></trkpt><trkpt lat="47.29518918543572" lon="-95.23367352068689"><ele>443.0</ele></trkpt><trkpt lat="47.295138249729646" lon="-95.23409194529322"><ele>443.0</ele></trkpt><trkpt lat="47.295218291531455" lon="-95.23450500548151"><ele>443.0</ele></trkpt><trkpt lat="47.29554209576601" lon="-95.23492343008783"><ele>443.0</ele></trkpt><trkpt lat="47.29587680487452" lon="-95.23610360205438"><ele>443.0</ele></trkpt><trkpt lat="47.29620788146295" lon="-95.23645765364435"><ele>443.0</ele></trkpt><trkpt lat="47.29703010666091" lon="-95.236575670841"><ele>443.0</ele></trkpt><trkpt lat="47.29720836004745" lon="-95.23683316290644"><ele>443.0</ele></trkpt><trkpt lat="47.29723018878719" lon="-95.23708529055384"><ele>443.0965917373542</ele></trkpt><trkpt lat="47.29714651190256" lon="-95.23753053725031"><ele>443.0</ele></trkpt><trkpt lat="47.29719744567417" lon="-95.23771292746332"><ele>443.0</ele></trkpt><trkpt lat="47.29758308549595" lon="-95.23802406370905"><ele>443.0</ele></trkpt><trkpt lat="47.29792505072071" lon="-95.23872143805292"><ele>442.9827652403288</ele></trkpt><trkpt lat="47.29842710264995" lon="-95.23910767615106"><ele>442.3777137019206</ele></trkpt><trkpt lat="47.298710869023004" lon="-95.23962802469995"><ele>443.0</ele></trkpt><trkpt lat="47.29883819959283" lon="-95.24053997576502"><ele>442.07811199004186</ele></trkpt><trkpt lat="47.29914377670815" lon="-95.24146265566614"><ele>442.69919642200693</ele></trkpt><trkpt lat="47.29946391893588" lon="-95.24177379191187"><ele>442.7616964217741</ele></trkpt><trkpt lat="47.29973676589534" lon="-95.24180061400202"><ele>442.2017812654958</ele></trkpt><trkpt lat="47.29996231831873" lon="-95.24160749495294"><ele>441.5216910152858</ele></trkpt><trkpt lat="47.30043160979328" lon="-95.24095303595331"><ele>440.2969840183494</ele></trkpt><trkpt lat="47.30064623109146" lon="-95.24088866293695"><ele>440.15943058107507</ele></trkpt><trkpt lat="47.30084631452505" lon="-95.24093694269922"><ele>440.2632904463777</ele></trkpt><trkpt lat="47.300940899157325" lon="-95.24132318079737"><ele>440.01210697338405</ele></trkpt><trkpt lat="47.30095181275788" lon="-95.24176306307581"><ele>440.12881828557926</ele></trkpt><trkpt lat="47.3006134900939" lon="-95.24216539442804"><ele>440.0</ele></trkpt><trkpt lat="47.300555283825894" lon="-95.24236924231317"><ele>440.35103780813995</ele></trkpt><trkpt lat="47.30059530064203" lon="-95.24250871718195"><ele>441.63229837413314</ele></trkpt><trkpt lat="47.301039121481004" lon="-95.24259454787043"><ele>440.97976863111364</ele></trkpt><trkpt lat="47.30127194403779" lon="-95.24244970858362"><ele>440.0</ele></trkpt><trkpt lat="47.30173757268165" lon="-95.24199909746912"><ele>441.4028010410701</ele></trkpt><trkpt lat="47.302166832802165" lon="-95.24239606440332"><ele>440.0</ele></trkpt><trkpt lat="47.3024178241857" lon="-95.2423746067312"><ele>440.0</ele></trkpt><trkpt lat="47.30287618066327" lon="-95.24266964972284"><ele>440.0</ele></trkpt><trkpt lat="47.30335635937743" lon="-95.24287349760797"><ele>441.18574128386814</ele></trkpt><trkpt lat="47.30418937193142" lon="-95.24346358359125"><ele>439.4020503569911</ele></trkpt><trkpt lat="47.3045785983733" lon="-95.24386591494348"><ele>440.650337619707</ele></trkpt><trkpt lat="47.304611336915286" lon="-95.24405366957453"><ele>441.0083688851446</ele></trkpt><trkpt lat="47.304524034091536" lon="-95.24431652605799"><ele>439.0</ele></trkpt><trkpt lat="47.30432395654656" lon="-95.24446136534479"><ele>439.0</ele></trkpt><trkpt lat="47.30429485546312" lon="-95.24453646719721"><ele>439.3560080283787</ele></trkpt><trkpt lat="47.304462186474105" lon="-95.24469203532007"><ele>439.0455312654376</ele></trkpt><trkpt lat="47.30474592045613" lon="-95.24456328928736"><ele>440.16820164886957</ele></trkpt><trkpt lat="47.304916887633084" lon="-95.24474567950037"><ele>440.1861283392485</ele></trkpt><trkpt lat="47.304913250039306" lon="-95.24502999365595"><ele>439.09577323682606</ele></trkpt><trkpt lat="47.304847773308985" lon="-95.24531967222956"><ele>439.0</ele></trkpt><trkpt lat="47.30485141090724" lon="-95.2455449777868"><ele>439.4497580283787</ele></trkpt><trkpt lat="47.30547705994149" lon="-95.24586147845056"><ele>439.0</ele></trkpt><trkpt lat="47.30568440017438" lon="-95.246118970516"><ele>439.0</ele></trkpt><trkpt lat="47.30585172678691" lon="-95.24619943678644"><ele>439.13075689936557</ele></trkpt><trkpt lat="47.305975402638346" lon="-95.2461565214422"><ele>439.8313168504174</ele></trkpt><trkpt lat="47.30620456595117" lon="-95.24574346125391"><ele>439.0322989191882</ele></trkpt><trkpt lat="47.3065464757495" lon="-95.2456147152212"><ele>441.4416839127653</ele></trkpt><trkpt lat="47.30662286280554" lon="-95.24526602804926"><ele>439.0</ele></trkpt><trkpt lat="47.30658648803072" lon="-95.24490124762323"><ele>439.0</ele></trkpt><trkpt lat="47.3067538117877" lon="-95.24468667090204"><ele>439.0</ele></trkpt><trkpt lat="47.306862935691676" lon="-95.24478323042658"><ele>438.5123161009002</ele></trkpt><trkpt lat="47.307124832142094" lon="-95.24534112990168"><ele>439.0</ele></trkpt><trkpt lat="47.307503124724036" lon="-95.24535722315576"><ele>439.02745856119896</ele></trkpt><trkpt lat="47.30772499184709" lon="-95.24569518149164"><ele>439.0278623399688</ele></trkpt><trkpt lat="47.30781228938432" lon="-95.24609214842584"><ele>439.2017812654958</ele></trkpt><trkpt lat="47.3079177737161" lon="-95.24612969935205"><ele>439.4205312654376</ele></trkpt><trkpt lat="47.30846337896837" lon="-95.24559325754907"><ele>439.0</ele></trkpt><trkpt lat="47.30908170974079" lon="-95.2454537826803"><ele>439.0</ele></trkpt><trkpt lat="47.30931449687762" lon="-95.24524993479517"><ele>438.7044687345624</ele></trkpt><trkpt lat="47.30941270364345" lon="-95.24537331640985"><ele>438.7443364676046</ele></trkpt><trkpt lat="47.309492723836264" lon="-95.24568445265558"><ele>438.4390205303207</ele></trkpt><trkpt lat="47.30949636111489" lon="-95.24592585146692"><ele>438.4660625309916</ele></trkpt><trkpt lat="47.309587292998856" lon="-95.24602241099146"><ele>439.3909700849204</ele></trkpt><trkpt lat="47.30968549925784" lon="-95.24598486006525"><ele>438.6171015387737</ele></trkpt><trkpt lat="47.30975096999576" lon="-95.24570054590967"><ele>438.0271965428669</ele></trkpt><trkpt lat="47.309830978197404" lon="-95.24564690172937"><ele>438.13529659549624</ele></trkpt><trkpt lat="47.31019470249182" lon="-95.24600631773737"><ele>438.6281765700621</ele></trkpt><trkpt lat="47.31022380032725" lon="-95.2462638098028"><ele>438.2017812654376</ele></trkpt><trkpt lat="47.310372915664594" lon="-95.24643547117975"><ele>438.4035625309916</ele></trkpt><trkpt lat="47.31079846847658" lon="-95.24644620001581"><ele>438.0904954648445</ele></trkpt><trkpt lat="47.3110676197682" lon="-95.24654812395838"><ele>442.88031585421413</ele></trkpt><trkpt lat="47.31139495105526" lon="-95.24656421721247"><ele>438.7008177305106</ele></trkpt><trkpt lat="47.311631365135305" lon="-95.24689144671228"><ele>438.0</ele></trkpt><trkpt lat="47.312082367524134" lon="-95.2468592602041"><ele>438.0</ele></trkpt><trkpt lat="47.31246060969622" lon="-95.24685389578607"><ele>438.0</ele></trkpt><trkpt lat="47.313158923384336" lon="-95.24623698771265"><ele>438.04273513294595</ele></trkpt><trkpt lat="47.3131843825632" lon="-95.24567908823755"><ele>438.1722978822441</ele></trkpt><trkpt lat="47.3134316846726" lon="-95.2455986219671"><ele>438.0</ele></trkpt><trkpt lat="47.31375537736273" lon="-95.24520701945093"><ele>438.0</ele></trkpt><trkpt lat="47.31437366126037" lon="-95.24520701945093"><ele>438.0</ele></trkpt><trkpt lat="47.31473006541962" lon="-95.24522847712305"><ele>438.07474909654707</ele></trkpt><trkpt lat="47.31509011910455" lon="-95.24494416296747"><ele>438.53208074485883</ele></trkpt><trkpt lat="47.31502101808254" lon="-95.2443379837301"><ele>437.06166925514117</ele></trkpt><trkpt lat="47.31507920842286" lon="-95.24397320330408"><ele>437.64140872880205</ele></trkpt><trkpt lat="47.31542469787103" lon="-95.2435440498617"><ele>437.0</ele></trkpt><trkpt lat="47.31562108851259" lon="-95.24335629523065"><ele>437.7357187345624</ele></trkpt><trkpt lat="47.31583929948049" lon="-95.24351186335352"><ele>438.3053112313015</ele></trkpt><trkpt lat="47.31629390276943" lon="-95.24272865832117"><ele>437.09743778174686</ele></trkpt><trkpt lat="47.31666120461272" lon="-95.24250871718195"><ele>437.0214288183122</ele></trkpt><trkpt lat="47.31683577002299" lon="-95.2427340227392"><ele>437.6392812654376</ele></trkpt><trkpt lat="47.31729400148106" lon="-95.2426803785589"><ele>437.0</ele></trkpt><trkpt lat="47.31780677959154" lon="-95.24310416758325"><ele>437.0</ele></trkpt><trkpt lat="47.317988614605746" lon="-95.24319536268976"><ele>437.6535625309916</ele></trkpt><trkpt lat="47.31812317211339" lon="-95.24312026083734"><ele>437.0</ele></trkpt><trkpt lat="47.31821407556633" lon="-95.24279303133753"><ele>437.0</ele></trkpt><trkpt lat="47.31829044575982" lon="-95.24272329390314"><ele>437.0</ele></trkpt><trkpt lat="47.31853410230589" lon="-95.24281448900965"><ele>437.0135539950753</ele></trkpt><trkpt lat="47.31886503700932" lon="-95.24261064112451"><ele>436.1078085472005</ele></trkpt><trkpt lat="47.31899231903561" lon="-95.2420849281576"><ele>436.06296363356523</ele></trkpt><trkpt lat="47.31900322890932" lon="-95.24167723238733"><ele>436.15671363356523</ele></trkpt><trkpt lat="47.318967512974844" lon="-95.24116745031606"><ele>436.0771020021865</ele></trkpt><trkpt lat="47.31903115390289" lon="-95.24090727604161"><ele>436.0009082080668</ele></trkpt><trkpt lat="47.31900933416478" lon="-95.24079462326299"><ele>436.13775127067845</ele></trkpt><trkpt lat="47.31888932544401" lon="-95.24050494468938"><ele>436.0</ele></trkpt><trkpt lat="47.318902053654575" lon="-95.24029841459523"><ele>436.0</ele></trkpt><trkpt lat="47.31914570738021" lon="-95.2398075703455"><ele>436.0</ele></trkpt><trkpt lat="47.3192620760854" lon="-95.23943742550145"><ele>436.5647895410075</ele></trkpt><trkpt lat="47.31950209156105" lon="-95.23936232364903"><ele>436.0025481327167</ele></trkpt><trkpt lat="47.31963300863366" lon="-95.23928990400563"><ele>436.0</ele></trkpt><trkpt lat="47.31969301218353" lon="-95.23884733951817"><ele>436.0</ele></trkpt><trkpt lat="47.319807560744906" lon="-95.23861130512486"><ele>436.35144607125864</ele></trkpt><trkpt lat="47.32009303062691" lon="-95.23839404619466"><ele>436.0</ele></trkpt><trkpt lat="47.32033849712645" lon="-95.23831357992421"><ele>436.0</ele></trkpt><trkpt lat="47.32057304925273" lon="-95.2381499651743"><ele>436.0228972043524</ele></trkpt><trkpt lat="47.32086760623911" lon="-95.23810436762105"><ele>435.9412387345259</ele></trkpt><trkpt lat="47.32096760693239" lon="-95.23798903263341"><ele>435.0393107995063</ele></trkpt><trkpt lat="47.32107306500769" lon="-95.23772349394093"><ele>435.6367828686068</ele></trkpt><trkpt lat="47.32134398220162" lon="-95.2376269344164"><ele>435.1930047265806</ele></trkpt><trkpt lat="47.32160762144011" lon="-95.2376457098795"><ele>435.0035193907737</ele></trkpt><trkpt lat="47.32176580655782" lon="-95.23785223997365"><ele>435.10346503555775</ele></trkpt><trkpt lat="47.32192944583634" lon="-95.23815532959233"><ele>435.01015526875676</ele></trkpt><trkpt lat="47.32252035747386" lon="-95.23891439474355"><ele>435.4808543177945</ele></trkpt><trkpt lat="47.322940354187466" lon="-95.23898413217793"><ele>435.0</ele></trkpt><trkpt lat="47.32318580745801" lon="-95.23871591127644"><ele>434.4241394938437</ele></trkpt><trkpt lat="47.323629435052204" lon="-95.23789247310887"><ele>434.04966491804964</ele></trkpt><trkpt lat="47.323843972902175" lon="-95.23774226940404"><ele>434.4397895410075</ele></trkpt><trkpt lat="47.32423850900205" lon="-95.2375920656992"><ele>434.0</ele></trkpt><trkpt lat="47.32480575977238" lon="-95.23703684843312"><ele>433.99789784814453</ele></trkpt><trkpt lat="47.32516392670022" lon="-95.23651918209325"><ele>433.551895937802</ele></trkpt><trkpt lat="47.325327555453015" lon="-95.23637970722447"><ele>433.7545790822478</ele></trkpt><trkpt lat="47.3255584491875" lon="-95.23642798698674"><ele>433.04897090065583</ele></trkpt><trkpt lat="47.325954787053156" lon="-95.23600419796239"><ele>433.05855942782773</ele></trkpt><trkpt lat="47.32632930890791" lon="-95.23556968010197"><ele>433.2190846969736</ele></trkpt><trkpt lat="47.32636021591815" lon="-95.23525586164723"><ele>433.732515744128</ele></trkpt><trkpt lat="47.32626385570731" lon="-95.23509224689732"><ele>433.0</ele></trkpt><trkpt lat="47.326225676387054" lon="-95.23490985668431"><ele>433.0</ele></trkpt><trkpt lat="47.32627476407944" lon="-95.23461749590169"><ele>432.5844894204769</ele></trkpt><trkpt lat="47.326082049022965" lon="-95.2340247277094"><ele>432.00900272841346</ele></trkpt><trkpt lat="47.32592569490321" lon="-95.23371359146367"><ele>432.0323504063506</ele></trkpt><trkpt lat="47.32588569726338" lon="-95.2335392478777"><ele>432.6445670670112</ele></trkpt><trkpt lat="47.32599296359287" lon="-95.23214718139897"><ele>431.4413047852907</ele></trkpt><trkpt lat="47.32601296266097" lon="-95.23179849422704"><ele>431.0391138836637</ele></trkpt><trkpt lat="47.326127501000144" lon="-95.23128619230519"><ele>430.96955083845506</ele></trkpt><trkpt lat="47.32601296266097" lon="-95.2304225210024"><ele>430.0</ele></trkpt><trkpt lat="47.32596932858292" lon="-95.22945960796605"><ele>430.0</ele></trkpt><trkpt lat="47.32594388044905" lon="-95.22917529381047"><ele>430.0</ele></trkpt><trkpt lat="47.32580570670325" lon="-95.22890170849095"><ele>430.5780477584243</ele></trkpt><trkpt lat="47.32569480383003" lon="-95.22886415756474"><ele>430.47561862302246</ele></trkpt><trkpt lat="47.3249930257396" lon="-95.22938987053166"><ele>429.0960395410657</ele></trkpt><trkpt lat="47.324894859134325" lon="-95.2293791416956"><ele>429.1247874659251</ele></trkpt><trkpt lat="47.32471304788846" lon="-95.22926380670796"><ele>429.13149550254894</ele></trkpt><trkpt lat="47.3245403266253" lon="-95.22907068765889"><ele>429.05616736730195</ele></trkpt><trkpt lat="47.32419125804567" lon="-95.22860934770833"><ele>429.0</ele></trkpt><trkpt lat="47.32353308960201" lon="-95.22807290590535"><ele>429.0</ele></trkpt><trkpt lat="47.32342400540186" lon="-95.22775372303258"><ele>429.8533709864132</ele></trkpt><trkpt lat="47.32345491411203" lon="-95.22744526899587"><ele>428.83704699296914</ele></trkpt><trkpt lat="47.32356582168781" lon="-95.22706707752477"><ele>429.0253806486756</ele></trkpt><trkpt lat="47.32367672903076" lon="-95.2269651535822"><ele>428.90253552771173</ele></trkpt><trkpt lat="47.32386581642281" lon="-95.22690078056584"><ele>428.03367384181377</ele></trkpt><trkpt lat="47.32403126733569" lon="-95.22662719524632"><ele>428.1204444258062</ele></trkpt><trkpt lat="47.324209444662316" lon="-95.22645016945134"><ele>428.02284907544777</ele></trkpt><trkpt lat="47.32426398526639" lon="-95.22634288109074"><ele>428.0</ele></trkpt><trkpt lat="47.32446579742666" lon="-95.22625705040227"><ele>428.0652163228528</ele></trkpt><trkpt lat="47.32491487216977" lon="-95.22562404907475"><ele>427.1488787274575</ele></trkpt><trkpt lat="47.3250966803725" lon="-95.22542020118962"><ele>427.4325390182406</ele></trkpt><trkpt lat="47.32550938800135" lon="-95.22518684900533"><ele>427.0</ele></trkpt><trkpt lat="47.325756647415005" lon="-95.2251090649439"><ele>427.0670790821314</ele></trkpt><trkpt lat="47.32609662360575" lon="-95.22486766613255"><ele>428.16088423154656</ele></trkpt><trkpt lat="47.326111168147506" lon="-95.22473623789082"><ele>430.44383319458274</ele></trkpt><trkpt lat="47.32626752171824" lon="-95.22431513107549"><ele>427.62552213801916</ele></trkpt><trkpt lat="47.32624570496872" lon="-95.22397180832158"><ele>426.6026036166074</ele></trkpt><trkpt lat="47.32622025208288" lon="-95.22355338371526"><ele>427.8243110338277</ele></trkpt><trkpt lat="47.325961510041985" lon="-95.22330519820215"><ele>426.02103228529694</ele></trkpt><trkpt lat="47.325872425366995" lon="-95.22316035891535"><ele>426.07267268809306</ele></trkpt><trkpt lat="47.32576061452946" lon="-95.22282508278849"><ele>426.0770709354975</ele></trkpt><trkpt lat="47.32555517114282" lon="-95.22248176003458"><ele>426.0</ele></trkpt><trkpt lat="47.32551699224567" lon="-95.22231680418017"><ele>426.0</ele></trkpt><trkpt lat="47.32553608216537" lon="-95.22213039065363"><ele>426.54144759527725</ele></trkpt><trkpt lat="47.32564789441355" lon="-95.22196945811274"><ele>426.47892155505656</ele></trkpt><trkpt lat="47.325987874015475" lon="-95.22171330715182"><ele>426.0333773816459</ele></trkpt><trkpt lat="47.326026962542784" lon="-95.22146922613146"><ele>426.1146293742687</ele></trkpt><trkpt lat="47.32610513860977" lon="-95.22128415370943"><ele>426.2558419852435</ele></trkpt><trkpt lat="47.32636512164743" lon="-95.2211889352894"><ele>426.0549922311206</ele></trkpt><trkpt lat="47.3265087471517" lon="-95.22101861501696"><ele>426.0906062036139</ele></trkpt><trkpt lat="47.3266223753909" lon="-95.22075441742899"><ele>426.0</ele></trkpt><trkpt lat="47.32671964022903" lon="-95.22036549712183"><ele>426.0</ele></trkpt><trkpt lat="47.326708731948756" lon="-95.22013750935557"><ele>426.0</ele></trkpt><trkpt lat="47.32680326945368" lon="-95.22002619768145"><ele>426.0</ele></trkpt><trkpt lat="47.326910533919865" lon="-95.21996048356058"><ele>426.02330923621093</ele></trkpt><trkpt lat="47.327126880231326" lon="-95.2198907461262"><ele>426.0</ele></trkpt><trkpt lat="47.327178693227225" lon="-95.21977407003405"><ele>426.0</ele></trkpt><trkpt lat="47.327418671798775" lon="-95.21949914361002"><ele>426.0</ele></trkpt><trkpt lat="47.32747866650603" lon="-95.21946561599734"><ele>426.0</ele></trkpt><trkpt lat="47.327550478263" lon="-95.2194602515793"><ele>426.0</ele></trkpt><trkpt lat="47.327675921351045" lon="-95.2194763448334"><ele>426.0</ele></trkpt><trkpt lat="47.327746822894376" lon="-95.21942135954859"><ele>426.0</ele></trkpt><trkpt lat="47.327810453247004" lon="-95.21935698653223"><ele>426.0</ele></trkpt><trkpt lat="47.32787771953642" lon="-95.21938112641337"><ele>426.0</ele></trkpt><trkpt lat="47.327900444614826" lon="-95.21943342948916"><ele>426.0</ele></trkpt><trkpt lat="47.327924077764706" lon="-95.21958363319399"><ele>426.0</ele></trkpt><trkpt lat="47.32810678695811" lon="-95.2198920872307"><ele>426.0</ele></trkpt><trkpt lat="47.328184960847814" lon="-95.21987062955859"><ele>426.0</ele></trkpt><trkpt lat="47.328261316628364" lon="-95.21969628597262"><ele>426.0</ele></trkpt><trkpt lat="47.328237681788295" lon="-95.21948573256495"><ele>426.0</ele></trkpt><trkpt lat="47.32825131674359" lon="-95.21943477059367"><ele>426.0</ele></trkpt><trkpt lat="47.328309492513306" lon="-95.21940392519"><ele>426.0</ele></trkpt><trkpt lat="47.3284431147418" lon="-95.21942001844408"><ele>426.0</ele></trkpt><trkpt lat="47.328553102853114" lon="-95.21948170925143"><ele>426.0</ele></trkpt><trkpt lat="47.328631275151274" lon="-95.21959436203005"><ele>426.0</ele></trkpt><trkpt lat="47.3286567268753" lon="-95.21967348719599"><ele>426.0</ele></trkpt><trkpt lat="47.32866854374303" lon="-95.21987599397661"><ele>426.0</ele></trkpt><trkpt lat="47.32866672525427" lon="-95.22016567255022"><ele>426.0</ele></trkpt><trkpt lat="47.328690358982584" lon="-95.22024211550715"><ele>426.0</ele></trkpt><trkpt lat="47.32874398932683" lon="-95.22027430201533"><ele>426.0</ele></trkpt><trkpt lat="47.32881307240186" lon="-95.22024211550715"><ele>426.0</ele></trkpt><trkpt lat="47.32891396895642" lon="-95.220125439415"><ele>426.0</ele></trkpt><trkpt lat="47.329050316605226" lon="-95.2199645068741"><ele>426.0</ele></trkpt><trkpt lat="47.32910212861946" lon="-95.21999535227778"><ele>426.0</ele></trkpt><trkpt lat="47.329163939377004" lon="-95.2200543608761"><ele>426.0</ele></trkpt><trkpt lat="47.32923302190278" lon="-95.22003960872652"><ele>426.0</ele></trkpt><trkpt lat="47.329286651695995" lon="-95.21996853018763"><ele>426.0</ele></trkpt><trkpt lat="47.32932755483603" lon="-95.21982905531885"><ele>426.0</ele></trkpt><trkpt lat="47.32937936657828" lon="-95.21978479887011"><ele>426.0</ele></trkpt><trkpt lat="47.329475718104256" lon="-95.21976870561602"><ele>426.0</ele></trkpt><trkpt lat="47.329658421027254" lon="-95.21994304920199"><ele>426.0</ele></trkpt><trkpt lat="47.32992111254047" lon="-95.21980357433321"><ele>426.0</ele></trkpt><trkpt lat="47.32999928374485" lon="-95.21972310806277"><ele>426.0</ele></trkpt><trkpt lat="47.3300865444875" lon="-95.219676169405"><ele>426.0</ele></trkpt><trkpt lat="47.330194710309954" lon="-95.2197110381222"><ele>426.0</ele></trkpt><trkpt lat="47.330264700428174" lon="-95.21966544056895"><ele>426.0</ele></trkpt><trkpt lat="47.33027106314738" lon="-95.21951791907313"><ele>426.0</ele></trkpt><trkpt lat="47.33022652398359" lon="-95.21938246751787"><ele>426.0</ele></trkpt><trkpt lat="47.330236522574644" lon="-95.21931138897898"><ele>426.0</ele></trkpt><trkpt lat="47.33035650551969" lon="-95.21923360491755"><ele>426.0</ele></trkpt><trkpt lat="47.330355596558995" lon="-95.2191531386471"><ele>426.0</ele></trkpt><trkpt lat="47.33024924783273" lon="-95.21902171040537"><ele>426.0</ele></trkpt><trkpt lat="47.33017289474092" lon="-95.21874141956332"><ele>426.0</ele></trkpt><trkpt lat="47.330177439559904" lon="-95.21864217782976"><ele>426.0</ele></trkpt><trkpt lat="47.33025106557266" lon="-95.21853891278269"><ele>426.0</ele></trkpt><trkpt lat="47.330348324469206" lon="-95.21848124528887"><ele>426.0</ele></trkpt><trkpt lat="47.330471942145905" lon="-95.21847051645281"><ele>426.0</ele></trkpt><trkpt lat="47.330568291678716" lon="-95.21832835937502"><ele>426.0</ele></trkpt><trkpt lat="47.330581017075545" lon="-95.21827471519472"><ele>426.0</ele></trkpt><trkpt lat="47.33057647229129" lon="-95.21819022561075"><ele>426.0</ele></trkpt><trkpt lat="47.330596468723506" lon="-95.2181258525944"><ele>426.0</ele></trkpt><trkpt lat="47.330639189663714" lon="-95.21810573602679"><ele>426.0</ele></trkpt><trkpt lat="47.33068281952445" lon="-95.21811914707186"><ele>426.0</ele></trkpt><trkpt lat="47.33072826725772" lon="-95.21817547346117"><ele>426.0</ele></trkpt><trkpt lat="47.330779167891826" lon="-95.21832165385248"><ele>426.0</ele></trkpt><trkpt lat="47.330851884113606" lon="-95.2183793213463"><ele>426.0</ele></trkpt><trkpt lat="47.33101549524659" lon="-95.21834981704714"><ele>425.2488972858087</ele></trkpt><trkpt lat="47.33109002810648" lon="-95.21821302438738"><ele>425.19928161189205</ele></trkpt><trkpt lat="47.33119455702858" lon="-95.21816876793864"><ele>425.03221686205774</ele></trkpt><trkpt lat="47.331261819008155" lon="-95.21806282068255"><ele>425.03974427406195</ele></trkpt><trkpt lat="47.331363620760285" lon="-95.21764439607622"><ele>425.0</ele></trkpt><trkpt lat="47.33136362011675" lon="-95.21751967335703"><ele>425.0</ele></trkpt><trkpt lat="47.331294540377755" lon="-95.21738019848826"><ele>425.0</ele></trkpt><trkpt lat="47.33126000047439" lon="-95.21727827454569"><ele>425.0</ele></trkpt><trkpt lat="47.3312799972633" lon="-95.21721524263384"><ele>425.0</ele></trkpt><trkpt lat="47.33140634043641" lon="-95.21714416409495"><ele>425.0</ele></trkpt><trkpt lat="47.331482690696234" lon="-95.21705431009295"><ele>425.0</ele></trkpt><trkpt lat="47.331610851262624" lon="-95.21707844997408"><ele>425.0</ele></trkpt><trkpt lat="47.33171174340461" lon="-95.21707174445154"><ele>425.0</ele></trkpt><trkpt lat="47.33184353822213" lon="-95.216972502718"><ele>425.0</ele></trkpt><trkpt lat="47.331885349219256" lon="-95.21685180331232"><ele>425.0</ele></trkpt><trkpt lat="47.331883531350485" lon="-95.21677133704188"><ele>425.0</ele></trkpt><trkpt lat="47.33181354335599" lon="-95.21645617748263"><ele>425.0</ele></trkpt><trkpt lat="47.331674476026706" lon="-95.21652189160349"><ele>425.0</ele></trkpt><trkpt lat="47.33152722934218" lon="-95.21652725602152"><ele>425.0</ele></trkpt><trkpt lat="47.33143815309576" lon="-95.216433378706"><ele>425.0</ele></trkpt><trkpt lat="47.33114365741969" lon="-95.21642264986994"><ele>425.0</ele></trkpt><trkpt lat="47.33108821161595" lon="-95.21635827685358"><ele>425.0</ele></trkpt><trkpt lat="47.33107094159961" lon="-95.21626842285158"><ele>425.0</ele></trkpt><trkpt lat="47.33107003265123" lon="-95.21615040565493"><ele>425.0</ele></trkpt><trkpt lat="47.33111820694905" lon="-95.21606591607096"><ele>425.0</ele></trkpt><trkpt lat="47.331160927467245" lon="-95.2160538461304"><ele>425.0</ele></trkpt><trkpt lat="47.331419067735474" lon="-95.2160538461304"><ele>425.0</ele></trkpt><trkpt lat="47.33150359930965" lon="-95.21599483753207"><ele>425.0</ele></trkpt><trkpt lat="47.33172719754447" lon="-95.21602434183123"><ele>425.0</ele></trkpt><trkpt lat="47.33177900693274" lon="-95.2160015430546"><ele>425.0</ele></trkpt><trkpt lat="47.33180354820416" lon="-95.21590364242556"><ele>425.0</ele></trkpt><trkpt lat="47.33179082310189" lon="-95.21572929883959"><ele>425.0</ele></trkpt><trkpt lat="47.33174719373585" lon="-95.21523711348536"><ele>425.0</ele></trkpt><trkpt lat="47.3318226354312" lon="-95.21491524840357"><ele>425.0</ele></trkpt><trkpt lat="47.331896259150476" lon="-95.21482405329706"><ele>425.0</ele></trkpt><trkpt lat="47.331945340649405" lon="-95.21463361645701"><ele>425.0</ele></trkpt><trkpt lat="47.33204441428916" lon="-95.21451828146937"><ele>425.0</ele></trkpt><trkpt lat="47.3320825894035" lon="-95.21445793176653"><ele>425.0</ele></trkpt><trkpt lat="47.33208077156334" lon="-95.21433723236086"><ele>425.0</ele></trkpt><trkpt lat="47.33210167697216" lon="-95.2142889525986"><ele>425.0</ele></trkpt><trkpt lat="47.33214076097506" lon="-95.21425676609041"><ele>425.0</ele></trkpt><trkpt lat="47.33217439137303" lon="-95.21422323847773"><ele>425.0</ele></trkpt><trkpt lat="47.33234981445307" lon="-95.21416959429743"><ele>425.0</ele></trkpt><trkpt lat="47.33234799567651" lon="-95.21407169366839"><ele>425.0</ele></trkpt><trkpt lat="47.33236435634914" lon="-95.21404487157824"><ele>425.0</ele></trkpt><trkpt lat="47.33250342186179" lon="-95.2139308776951"><ele>425.0</ele></trkpt><trkpt lat="47.33256431971609" lon="-95.21397245193484"><ele>425.0</ele></trkpt><trkpt lat="47.332593405233666" lon="-95.21400061512949"><ele>425.0</ele></trkpt><trkpt lat="47.332663392194654" lon="-95.21401536727907"><ele>425.0</ele></trkpt><trkpt lat="47.3327433771794" lon="-95.21393892432215"><ele>425.0</ele></trkpt><trkpt lat="47.33277882409441" lon="-95.21388393903734"><ele>425.0</ele></trkpt><trkpt lat="47.332909708265724" lon="-95.21388662124636"><ele>425.0</ele></trkpt><trkpt lat="47.33295151841876" lon="-95.21382627154352"><ele>425.0</ele></trkpt><trkpt lat="47.33297969480755" lon="-95.21364656353953"><ele>425.0</ele></trkpt><trkpt lat="47.33307331302367" lon="-95.21359426046374"><ele>425.0</ele></trkpt><trkpt lat="47.33311603102574" lon="-95.21344673896792"><ele>425.0</ele></trkpt><trkpt lat="47.33314784295051" lon="-95.21323216224673"><ele>425.0</ele></trkpt><trkpt lat="47.33313966273617" lon="-95.21311012173655"><ele>425.0</ele></trkpt><trkpt lat="47.33315238751344" lon="-95.21301356221201"><ele>425.0</ele></trkpt><trkpt lat="47.33319510638619" lon="-95.21291029716494"><ele>425.0</ele></trkpt><trkpt lat="47.33324782234447" lon="-95.212741317997"><ele>424.9531724528006</ele></trkpt><trkpt lat="47.33340779042246" lon="-95.21248248482706"><ele>424.95392232364975</ele></trkpt><trkpt lat="47.333509588037984" lon="-95.21260318423273"><ele>424.88557494431734</ele></trkpt><trkpt lat="47.3335550333387" lon="-95.21258172656061"><ele>424.7827743768425</ele></trkpt><trkpt lat="47.33357593816388" lon="-95.2124167707062"><ele>424.98862677572083</ele></trkpt><trkpt lat="47.33360593202907" lon="-95.2123993363476"><ele>424.9749387522922</ele></trkpt><trkpt lat="47.33375771834021" lon="-95.21249053145411"><ele>424.0207356514155</ele></trkpt><trkpt lat="47.33382043255027" lon="-95.21246370936396"><ele>424.0</ele></trkpt><trkpt lat="47.3338576974804" lon="-95.2124167707062"><ele>424.0</ele></trkpt><trkpt lat="47.333869513184446" lon="-95.21227595473292"><ele>424.0</ele></trkpt><trkpt lat="47.33389405348442" lon="-95.21223974491122"><ele>424.0</ele></trkpt><trkpt lat="47.334009483631355" lon="-95.21218610073092"><ele>424.0</ele></trkpt><trkpt lat="47.33404311283933" lon="-95.21209624672892"><ele>424.0</ele></trkpt><trkpt lat="47.33406219873845" lon="-95.21192994977"><ele>424.0</ele></trkpt><trkpt lat="47.33410582577136" lon="-95.21185216570856"><ele>424.0</ele></trkpt><trkpt lat="47.33423943333541" lon="-95.21174487734797"><ele>424.0</ele></trkpt><trkpt lat="47.33428124243569" lon="-95.21162149573328"><ele>424.0</ele></trkpt><trkpt lat="47.33429214915204" lon="-95.21149274970057"><ele>424.0</ele></trkpt><trkpt lat="47.33440303397386" lon="-95.2114994552231"><ele>424.0</ele></trkpt><trkpt lat="47.33448392428283" lon="-95.2113894846535"><ele>424.0</ele></trkpt><trkpt lat="47.33461298645336" lon="-95.21141764784815"><ele>424.0</ele></trkpt><trkpt lat="47.33480294269078" lon="-95.21120709444048"><ele>424.0</ele></trkpt><trkpt lat="47.334959270548616" lon="-95.21100324655535"><ele>424.0</ele></trkpt><trkpt lat="47.33498017481795" lon="-95.2108503606415"><ele>424.0</ele></trkpt><trkpt lat="47.33507651531728" lon="-95.21069613362314"><ele>424.0</ele></trkpt><trkpt lat="47.33519376063439" lon="-95.21061164403918"><ele>424.0</ele></trkpt><trkpt lat="47.335338271045366" lon="-95.21059018636706"><ele>424.0</ele></trkpt><trkpt lat="47.335497323918766" lon="-95.21060493851664"><ele>424.0</ele></trkpt><trkpt lat="47.33567000846896" lon="-95.21048826242449"><ele>424.0</ele></trkpt><trkpt lat="47.335799067740666" lon="-95.21034744645121"><ele>424.0</ele></trkpt><trkpt lat="47.33609899208971" lon="-95.21035415197375"><ele>424.0</ele></trkpt><trkpt lat="47.336249862939255" lon="-95.2103823151684"><ele>424.0</ele></trkpt><trkpt lat="47.33639527932326" lon="-95.21037158633234"><ele>424.0</ele></trkpt><trkpt lat="47.33649525346982" lon="-95.21044802928927"><ele>424.0</ele></trkpt><trkpt lat="47.33657523265076" lon="-95.2104185249901"><ele>424.0</ele></trkpt><trkpt lat="47.33664612318714" lon="-95.21039036179545"><ele>424.0</ele></trkpt><trkpt lat="47.336786994196046" lon="-95.21052044893267"><ele>424.0</ele></trkpt><trkpt lat="47.336836980922136" lon="-95.21046009922983"><ele>424.0</ele></trkpt><trkpt lat="47.337039653890365" lon="-95.21017310286524"><ele>424.0</ele></trkpt><trkpt lat="47.337167800092416" lon="-95.21038499737742"><ele>424.0</ele></trkpt><trkpt lat="47.33723232793732" lon="-95.2105620231724"><ele>424.0</ele></trkpt><trkpt lat="47.33743772496485" lon="-95.21062907839777"><ele>424.0</ele></trkpt><trkpt lat="47.337475896180436" lon="-95.21053251887324"><ele>424.0</ele></trkpt><trkpt lat="47.33743318077068" lon="-95.21035817528727"><ele>424.0</ele></trkpt><trkpt lat="47.33748407572306" lon="-95.21029648447993"><ele>424.0</ele></trkpt><trkpt lat="47.33775457389606" lon="-95.21015843189488"><ele>424.0</ele></trkpt><trkpt lat="47.33784182182476" lon="-95.21015574968587"><ele>424.0</ele></trkpt><trkpt lat="47.33819990035548" lon="-95.21038105524312"><ele>424.0</ele></trkpt><trkpt lat="47.3382835122515" lon="-95.21035423315297"><ele>424.0</ele></trkpt><trkpt lat="47.33833440638424" lon="-95.2102335337473"><ele>424.0</ele></trkpt><trkpt lat="47.33827987695442" lon="-95.20989557541142"><ele>424.0</ele></trkpt><trkpt lat="47.33832167923527" lon="-95.20971586740743"><ele>424.0</ele></trkpt><trkpt lat="47.3384416438116" lon="-95.20965149439107"><ele>424.0</ele></trkpt><trkpt lat="47.338677936262826" lon="-95.20960857904683"><ele>424.0</ele></trkpt><trkpt lat="47.33884333716738" lon="-95.2092250231577"><ele>424.0</ele></trkpt><trkpt lat="47.33893967142722" lon="-95.2091177347971"><ele>424.0959526677142</ele></trkpt><trkpt lat="47.33903782313382" lon="-95.20912846363316"><ele>424.0828242424705</ele></trkpt><trkpt lat="47.339192320820885" lon="-95.20947983301411"><ele>424.0</ele></trkpt><trkpt lat="47.33935408850285" lon="-95.20946642196904"><ele>424.0</ele></trkpt><trkpt lat="47.33949040560741" lon="-95.20937790907155"><ele>424.0</ele></trkpt><trkpt lat="47.339683071590116" lon="-95.20925452745686"><ele>424.0</ele></trkpt><trkpt lat="47.33977031633213" lon="-95.20930548942815"><ele>424.0</ele></trkpt><trkpt lat="47.34006840144633" lon="-95.20973732507954"><ele>424.0</ele></trkpt><trkpt lat="47.34018472327612" lon="-95.20977487600575"><ele>424.0</ele></trkpt><trkpt lat="47.340413738240464" lon="-95.20972391403447"><ele>424.0</ele></trkpt><trkpt lat="47.34059549544164" lon="-95.20982852018605"><ele>424.0</ele></trkpt><trkpt lat="47.340707520186335" lon="-95.20979113161829"><ele>424.0</ele></trkpt><trkpt lat="47.34096197867682" lon="-95.20942098677423"><ele>424.0</ele></trkpt><trkpt lat="47.34084565494762" lon="-95.20901329100397"><ele>424.0</ele></trkpt><trkpt lat="47.340972884013276" lon="-95.20879871428278"><ele>424.0</ele></trkpt><trkpt lat="47.34096924890138" lon="-95.20864314615991"><ele>424.0</ele></trkpt><trkpt lat="47.34088927637609" lon="-95.20861632406977"><ele>424.0</ele></trkpt><trkpt lat="47.340776587612154" lon="-95.20876116335657"><ele>423.48444112290395</ele></trkpt><trkpt lat="47.34072933096215" lon="-95.2086753326681"><ele>423.79250302807355</ele></trkpt><trkpt lat="47.34070388505617" lon="-95.20829982340601"><ele>423.9694177663028</ele></trkpt><trkpt lat="47.34078022273734" lon="-95.20799941599634"><ele>424.0</ele></trkpt><trkpt lat="47.34107830214969" lon="-95.20794040739801"><ele>423.04293518888267</ele></trkpt><trkpt lat="47.341132828689375" lon="-95.20784384787348"><ele>423.7505390124874</ele></trkpt><trkpt lat="47.341118938785726" lon="-95.20759692228566"><ele>423.03737647465425</ele></trkpt><trkpt lat="47.341175282832374" lon="-95.20748695171605"><ele>423.1902835165246</ele></trkpt><trkpt lat="47.341386118086454" lon="-95.20737698114644"><ele>423.0</ele></trkpt><trkpt lat="47.34142973906838" lon="-95.20725091732274"><ele>423.0</ele></trkpt><trkpt lat="47.341402475958894" lon="-95.20702024734746"><ele>423.0</ele></trkpt><trkpt lat="47.341442461848" lon="-95.20691832340489"><ele>423.0</ele></trkpt><trkpt lat="47.341582412221285" lon="-95.20687272585164"><ele>423.0</ele></trkpt><trkpt lat="47.341733267403036" lon="-95.20695319212209"><ele>423.521017647814</ele></trkpt><trkpt lat="47.34180778606868" lon="-95.20672520435582"><ele>423.1410672293477</ele></trkpt><trkpt lat="47.341793245849495" lon="-95.206397974856"><ele>423.0335395410657</ele></trkpt><trkpt lat="47.342018618796835" lon="-95.20641406811009"><ele>423.0</ele></trkpt><trkpt lat="47.342271253456985" lon="-95.20625849998723"><ele>423.14601764804684</ele></trkpt><trkpt lat="47.3422385382454" lon="-95.20606001652013"><ele>423.864767647814</ele></trkpt><trkpt lat="47.342073144365365" lon="-95.20584275758992"><ele>423.1492571605852</ele></trkpt><trkpt lat="47.34211312974647" lon="-95.20567914284001"><ele>423.3872364820415</ele></trkpt><trkpt lat="47.34248753308666" lon="-95.20561745203267"><ele>423.57730332705444</ele></trkpt><trkpt lat="47.34290192231437" lon="-95.20540555752049"><ele>423.0</ele></trkpt><trkpt lat="47.343069129362505" lon="-95.20545115507375"><ele>423.0</ele></trkpt><trkpt lat="47.343161820951" lon="-95.205317044623"><ele>423.0</ele></trkpt><trkpt lat="47.34331812404534" lon="-95.20525535381566"><ele>423.1459705505986</ele></trkpt><trkpt lat="47.34325632985406" lon="-95.20500590837727"><ele>423.6147205508314</ele></trkpt><trkpt lat="47.34313819369881" lon="-95.20487448013554"><ele>423.0</ele></trkpt><trkpt lat="47.34292373046444" lon="-95.20481010711919"><ele>423.0</ele></trkpt><trkpt lat="47.34292736544177" lon="-95.20453383959065"><ele>423.1905519357907</ele></trkpt><trkpt lat="47.343036414645354" lon="-95.20448019541035"><ele>423.0566747858039</ele></trkpt><trkpt lat="47.34318908315194" lon="-95.20447214878331"><ele>423.0</ele></trkpt><trkpt lat="47.34350350618522" lon="-95.20437827146779"><ele>423.0</ele></trkpt><trkpt lat="47.34381974480374" lon="-95.20423343218098"><ele>423.0</ele></trkpt><trkpt lat="47.34382337667007" lon="-95.20401349104176"><ele>423.0</ele></trkpt><trkpt lat="47.34379429733794" lon="-95.20381768978368"><ele>423.0</ele></trkpt><trkpt lat="47.34393969383829" lon="-95.20336439646016"><ele>423.0</ele></trkpt><trkpt lat="47.34387608291865" lon="-95.2032624725176"><ele>423.0</ele></trkpt><trkpt lat="47.34358528916713" lon="-95.20329734123479"><ele>423.0</ele></trkpt><trkpt lat="47.34354712236832" lon="-95.2032088283373"><ele>423.0</ele></trkpt><trkpt lat="47.34357256690393" lon="-95.20307740009557"><ele>423.0</ele></trkpt><trkpt lat="47.34409962676525" lon="-95.20266433990727"><ele>423.0</ele></trkpt><trkpt lat="47.34442131412449" lon="-95.20218154228459"><ele>423.0</ele></trkpt><trkpt lat="47.344414044375306" lon="-95.20208230055104"><ele>423.0</ele></trkpt><trkpt lat="47.344134157046106" lon="-95.20198037660847"><ele>423.0</ele></trkpt><trkpt lat="47.34418141064842" lon="-95.20184626615773"><ele>423.0</ele></trkpt><trkpt lat="47.34464122233951" lon="-95.20177116430531"><ele>423.0</ele></trkpt><trkpt lat="47.34477570866981" lon="-95.2016075495554"><ele>423.0</ele></trkpt><trkpt lat="47.34501924305385" lon="-95.20165046489964"><ele>423.0</ele></trkpt><trkpt lat="47.34508285259595" lon="-95.20149221456776"><ele>423.0</ele></trkpt><trkpt lat="47.345251868124926" lon="-95.20138224399815"><ele>423.0</ele></trkpt><trkpt lat="47.34527549443112" lon="-95.20120521820317"><ele>423.0</ele></trkpt><trkpt lat="47.34515372797065" lon="-95.20101478136311"><ele>423.0</ele></trkpt><trkpt lat="47.34466848543182" lon="-95.20118376053105"><ele>423.0</ele></trkpt><trkpt lat="47.34460124057207" lon="-95.20106037891637"><ele>423.0</ele></trkpt><trkpt lat="47.34465576347319" lon="-95.20076533592473"><ele>423.0</ele></trkpt><trkpt lat="47.34486476755909" lon="-95.20073583162556"><ele>423.0</ele></trkpt><trkpt lat="47.34508285773688" lon="-95.20047833956014"><ele>423.0</ele></trkpt><trkpt lat="47.345493588045606" lon="-95.20047833956014"><ele>423.0</ele></trkpt><trkpt lat="47.345588092666475" lon="-95.20035495794545"><ele>423.0</ele></trkpt><trkpt lat="47.34540817005692" lon="-95.19994189775716"><ele>423.0</ele></trkpt><trkpt lat="47.345526301132345" lon="-95.19988825357686"><ele>423.0</ele></trkpt><trkpt lat="47.3457425711854" lon="-95.19990971124898"><ele>423.0</ele></trkpt><trkpt lat="47.346031532035255" lon="-95.2001108769251"><ele>423.0</ele></trkpt><trkpt lat="47.346013358214826" lon="-95.20024230516682"><ele>423.0</ele></trkpt><trkpt lat="47.345940662870454" lon="-95.20046224630605"><ele>423.0</ele></trkpt><trkpt lat="47.34597337578782" lon="-95.20057758129369"><ele>423.0</ele></trkpt><trkpt lat="47.346075149178816" lon="-95.20057758129369"><ele>423.0</ele></trkpt><trkpt lat="47.346240530520696" lon="-95.2003281358553"><ele>423.0</ele></trkpt><trkpt lat="47.34651494960308" lon="-95.20010283029805"><ele>423.0</ele></trkpt><trkpt lat="47.346745754464656" lon="-95.20021816528569"><ele>423.0</ele></trkpt><trkpt lat="47.34688750813136" lon="-95.20007064378987"><ele>423.0</ele></trkpt><trkpt lat="47.34695838482196" lon="-95.20012697017918"><ele>423.0</ele></trkpt><trkpt lat="47.34697292361852" lon="-95.2003093603922"><ele>423.0</ele></trkpt><trkpt lat="47.34682571811833" lon="-95.20079752243291"><ele>423.0</ele></trkpt><trkpt lat="47.346927489865976" lon="-95.20105501449834"><ele>423.0</ele></trkpt><trkpt lat="47.34700200119964" lon="-95.20107110775243"><ele>423.0</ele></trkpt><trkpt lat="47.34745996909828" lon="-95.20074924267064"><ele>423.0</ele></trkpt><trkpt lat="47.34752175836887" lon="-95.20080020464192"><ele>423.0</ele></trkpt><trkpt lat="47.34755083564763" lon="-95.20107110775243"><ele>423.0</ele></trkpt><trkpt lat="47.347634432734885" lon="-95.20110597646962"><ele>423.0</ele></trkpt><trkpt lat="47.34773256827703" lon="-95.20102282799016"><ele>423.0</ele></trkpt><trkpt lat="47.34791066564683" lon="-95.20049979723225"><ele>423.0</ele></trkpt><trkpt lat="47.34779072258632" lon="-95.20044347084294"><ele>423.0</ele></trkpt><trkpt lat="47.34752721035985" lon="-95.20043810642491"><ele>423.0</ele></trkpt><trkpt lat="47.347505402457855" lon="-95.20024230516682"><ele>422.23728452492327</ele></trkpt><trkpt lat="47.34774347228028" lon="-95.19978096521626"><ele>422.0</ele></trkpt><trkpt lat="47.34836135467015" lon="-95.19945105350743"><ele>422.25373477908647</ele></trkpt><trkpt lat="47.34865393940331" lon="-95.19949128664265"><ele>423.0</ele></trkpt><trkpt lat="47.34877388050223" lon="-95.19941350258122"><ele>422.98548529530683</ele></trkpt><trkpt lat="47.34886656207381" lon="-95.19923915899525"><ele>423.0</ele></trkpt><trkpt lat="47.34890653895411" lon="-95.1989950779749"><ele>422.0</ele></trkpt><trkpt lat="47.34900467213114" lon="-95.19896557367574"><ele>422.01201967398407</ele></trkpt><trkpt lat="47.349126429708214" lon="-95.19915064609776"><ele>422.0210037494202</ele></trkpt><trkpt lat="47.349440813649146" lon="-95.1993544939829"><ele>422.0</ele></trkpt><trkpt lat="47.34952622500447" lon="-95.19926866329442"><ele>422.2266230098529</ele></trkpt><trkpt lat="47.34959891541076" lon="-95.19891729391347"><ele>422.0565884391638</ele></trkpt><trkpt lat="47.34985514480965" lon="-95.19829502142201"><ele>422.2366645410657</ele></trkpt><trkpt lat="47.35053677995388" lon="-95.19856773439014"><ele>422.0</ele></trkpt><trkpt lat="47.35068215788274" lon="-95.19882522645557"><ele>422.45965880248696</ele></trkpt><trkpt lat="47.35082390097784" lon="-95.1988681417998"><ele>422.3907913673221</ele></trkpt><trkpt lat="47.350991084651966" lon="-95.19873939576709"><ele>422.11590880248696</ele></trkpt><trkpt lat="47.35098381546257" lon="-95.1985248190459"><ele>422.90344394611407</ele></trkpt><trkpt lat="47.350627640861326" lon="-95.19832097116077"><ele>422.0</ele></trkpt><trkpt lat="47.35044591819994" lon="-95.1980742079314"><ele>422.2240546909992</ele></trkpt><trkpt lat="47.350260560440745" lon="-95.19804202142322"><ele>422.1653441642411</ele></trkpt><trkpt lat="47.35025329149577" lon="-95.19788645330036"><ele>422.2278441640083</ele></trkpt><trkpt lat="47.350355056634626" lon="-95.19752703729236"><ele>422.25069449301566</ele></trkpt><trkpt lat="47.35054768296741" lon="-95.19753776612842"><ele>422.19660587618614</ele></trkpt><trkpt lat="47.35078028741333" lon="-95.19779525819385"><ele>422.0</ele></trkpt><trkpt lat="47.35095474007501" lon="-95.19764505448902"><ele>422.0</ele></trkpt><trkpt lat="47.3510528694438" lon="-95.19729100289905"><ele>422.0301668903245</ele></trkpt><trkpt lat="47.351233424900215" lon="-95.19689119139738"><ele>422.19963773246855</ele></trkpt><trkpt lat="47.3511571023347" lon="-95.19661224165984"><ele>422.0</ele></trkpt><trkpt lat="47.3510771437247" lon="-95.19636547843047"><ele>422.14412532164715</ele></trkpt><trkpt lat="47.351175272865916" lon="-95.19625014344282"><ele>422.7443632285759</ele></trkpt><trkpt lat="47.351584142323645" lon="-95.19644862690993"><ele>422.00730783719337</ele></trkpt><trkpt lat="47.35167318458553" lon="-95.19634402075835"><ele>422.0</ele></trkpt><trkpt lat="47.35175131993317" lon="-95.19604361334868"><ele>422.545184084859</ele></trkpt><trkpt lat="47.35217835663215" lon="-95.19553935805388"><ele>422.80442438065046</ele></trkpt><trkpt lat="47.35218562531201" lon="-95.19520408192702"><ele>422.5358409069178</ele></trkpt><trkpt lat="47.35226376355728" lon="-95.19501900950499"><ele>423.0</ele></trkpt><trkpt lat="47.35249635683552" lon="-95.19486344138213"><ele>422.9544454663417</ele></trkpt><trkpt lat="47.35265444944397" lon="-95.19481516161986"><ele>422.2956818681711</ele></trkpt><trkpt lat="47.352808907282196" lon="-95.19486880580016"><ele>422.1461652238599</ele></trkpt><trkpt lat="47.35285433597211" lon="-95.19469178000517"><ele>423.0</ele></trkpt><trkpt lat="47.35274894135163" lon="-95.19437527934141"><ele>422.285283941161</ele></trkpt><trkpt lat="47.35241458461082" lon="-95.19399708787031"><ele>422.0</ele></trkpt><trkpt lat="47.352441842033144" lon="-95.19378519335814"><ele>422.0</ele></trkpt><trkpt lat="47.35272168197856" lon="-95.19310927668639"><ele>422.4458171627484</ele></trkpt><trkpt lat="47.35290157965879" lon="-95.1930583147151"><ele>422.7426921627484</ele></trkpt><trkpt lat="47.352999705407676" lon="-95.19321120062895"><ele>422.0</ele></trkpt><trkpt lat="47.35310328238915" lon="-95.1935250190837"><ele>422.0</ele></trkpt><trkpt lat="47.353243201848336" lon="-95.19356793442793"><ele>422.2260578372516</ele></trkpt><trkpt lat="47.35338675521535" lon="-95.19339359084196"><ele>422.15049510414974</ele></trkpt><trkpt lat="47.35338857234378" lon="-95.19317096749373"><ele>422.06317143946194</ele></trkpt><trkpt lat="47.353141442300185" lon="-95.19261575022765"><ele>422.0</ele></trkpt><trkpt lat="47.35311600237703" lon="-95.19206589737959"><ele>422.3211533373101</ele></trkpt><trkpt lat="47.353026968932156" lon="-95.19187814274855"><ele>422.23759444921825</ele></trkpt><trkpt lat="47.3528452545323" lon="-95.1917976764781"><ele>422.0</ele></trkpt><trkpt lat="47.35277983719514" lon="-95.19193715134688"><ele>422.0</ele></trkpt><trkpt lat="47.35279255723929" lon="-95.19219732562132"><ele>422.0</ele></trkpt><trkpt lat="47.35260175625549" lon="-95.19229656735487"><ele>422.0</ele></trkpt><trkpt lat="47.35246183509559" lon="-95.19215977469511"><ele>422.0</ele></trkpt><trkpt lat="47.35245638361433" lon="-95.19179499426909"><ele>422.0</ele></trkpt><trkpt lat="47.35261447632088" lon="-95.19139534512587"><ele>422.0</ele></trkpt><trkpt lat="47.35253452143706" lon="-95.19099301377364"><ele>422.0</ele></trkpt><trkpt lat="47.35238006279575" lon="-95.1910037426097"><ele>422.0</ele></trkpt><trkpt lat="47.35227103289442" lon="-95.19112444201537"><ele>422.0</ele></trkpt><trkpt lat="47.352198346168414" lon="-95.1909500984294"><ele>422.0</ele></trkpt><trkpt lat="47.35226376422632" lon="-95.19062823334761"><ele>422.0</ele></trkpt><trkpt lat="47.35222378711896" lon="-95.18999254981108"><ele>422.0</ele></trkpt><trkpt lat="47.35234917159831" lon="-95.18996840992995"><ele>422.0</ele></trkpt><trkpt lat="47.35248545873801" lon="-95.18998450318404"><ele>422.0</ele></trkpt><trkpt lat="47.352534522022125" lon="-95.18980747738905"><ele>422.0</ele></trkpt><trkpt lat="47.35238006338083" lon="-95.18948561230727"><ele>422.0</ele></trkpt><trkpt lat="47.352221969950406" lon="-95.1892388490779"><ele>422.0</ele></trkpt><trkpt lat="47.35220016688875" lon="-95.18893575945921"><ele>422.0</ele></trkpt><trkpt lat="47.352063879012285" lon="-95.18891161957808"><ele>422.0</ele></trkpt><trkpt lat="47.351771313182155" lon="-95.18905377665587"><ele>422.0</ele></trkpt><trkpt lat="47.35152964249736" lon="-95.18902963677473"><ele>422.0</ele></trkpt><trkpt lat="47.35152600811238" lon="-95.18882847109862"><ele>422.0</ele></trkpt><trkpt lat="47.351682286440486" lon="-95.18863535204954"><ele>422.0</ele></trkpt><trkpt lat="47.35187309074859" lon="-95.1885012415988"><ele>422.0</ele></trkpt><trkpt lat="47.351838564305865" lon="-95.18797284642287"><ele>422.14813822746635</ele></trkpt><trkpt lat="47.35167320050388" lon="-95.18787896910735"><ele>422.0</ele></trkpt><trkpt lat="47.351460589139926" lon="-95.18810963908263"><ele>422.0</ele></trkpt><trkpt lat="47.35128977255184" lon="-95.1884475974185"><ele>422.0</ele></trkpt><trkpt lat="47.35094632050453" lon="-95.1886085299594"><ele>422.0</ele></trkpt><trkpt lat="47.350879083598734" lon="-95.18847173729964"><ele>422.0</ele></trkpt><trkpt lat="47.35114076188516" lon="-95.18795675316878"><ele>422.0</ele></trkpt><trkpt lat="47.351028101828916" lon="-95.18749809542723"><ele>422.0</ele></trkpt><trkpt lat="47.35106081159331" lon="-95.18730765858717"><ele>422.0</ele></trkpt><trkpt lat="47.351473316326675" lon="-95.18720305243559"><ele>422.223514456487</ele></trkpt><trkpt lat="47.35140608009227" lon="-95.18699920455046"><ele>422.73625789373176</ele></trkpt><trkpt lat="47.35106444601034" lon="-95.18690800944395"><ele>422.0</ele></trkpt><trkpt lat="47.35086818713336" lon="-95.18705553093977"><ele>422.0</ele></trkpt><trkpt lat="47.3508136706491" lon="-95.18729156533308"><ele>422.0</ele></trkpt><trkpt lat="47.35068464807874" lon="-95.1872406033618"><ele>422.0</ele></trkpt><trkpt lat="47.350619228063394" lon="-95.18694824257918"><ele>422.0</ele></trkpt><trkpt lat="47.350820939986214" lon="-95.1863045124156"><ele>422.0</ele></trkpt><trkpt lat="47.35096813434416" lon="-95.18607652464934"><ele>422.0</ele></trkpt><trkpt lat="47.350884542536924" lon="-95.18588608780928"><ele>422.1046963590227</ele></trkpt><trkpt lat="47.35061378863539" lon="-95.18594241419859"><ele>422.0</ele></trkpt><trkpt lat="47.35035392496904" lon="-95.18616503754683"><ele>422.0</ele></trkpt><trkpt lat="47.350146760010766" lon="-95.18603629151411"><ele>422.0</ele></trkpt><trkpt lat="47.3498996147863" lon="-95.18599069396086"><ele>422.0</ele></trkpt><trkpt lat="47.34987781114753" lon="-95.18563396016188"><ele>422.0</ele></trkpt><trkpt lat="47.349945049328895" lon="-95.18521017113753"><ele>422.0</ele></trkpt><trkpt lat="47.34981602463505" lon="-95.18516457358427"><ele>422.0</ele></trkpt><trkpt lat="47.34960522304815" lon="-95.18549984971114"><ele>422.0</ele></trkpt><trkpt lat="47.34948892570427" lon="-95.18536037484236"><ele>422.0</ele></trkpt><trkpt lat="47.34954889533907" lon="-95.18448061028548"><ele>422.0</ele></trkpt><trkpt lat="47.34961068216424" lon="-95.18421238938399"><ele>422.0</ele></trkpt><trkpt lat="47.34941078335063" lon="-95.18395489731856"><ele>422.0</ele></trkpt><trkpt lat="47.34941078335063" lon="-95.18377518931456"><ele>422.0</ele></trkpt><trkpt lat="47.349468935810854" lon="-95.18362498560973"><ele>422.0</ele></trkpt><trkpt lat="47.34917272846352" lon="-95.1834050444705"><ele>422.0</ele></trkpt><trkpt lat="47.34912366205406" lon="-95.18301612416334"><ele>422.0</ele></trkpt><trkpt lat="47.34919998747396" lon="-95.1818198589427"><ele>422.0</ele></trkpt><trkpt lat="47.34933809925431" lon="-95.18129146376677"><ele>422.0</ele></trkpt><trkpt lat="47.34937807913265" lon="-95.18047607222624"><ele>422.0</ele></trkpt><trkpt lat="47.34972880684787" lon="-95.17999059239455"><ele>421.1323078373098</ele></trkpt><trkpt lat="47.350106794416504" lon="-95.17992621937819"><ele>422.09515889713833</ele></trkpt><trkpt lat="47.35092090855606" lon="-95.18041974583693"><ele>421.18844634629704</ele></trkpt><trkpt lat="47.3511389700089" lon="-95.18074697533675"><ele>421.0</ele></trkpt><trkpt lat="47.35131705588461" lon="-95.18074965754576"><ele>421.5091440349189</ele></trkpt><trkpt lat="47.351413367448664" lon="-95.18056458512373"><ele>421.0</ele></trkpt><trkpt lat="47.35147333489681" lon="-95.18023199120589"><ele>421.46144216280663</ele></trkpt><trkpt lat="47.35185857513564" lon="-95.18029636422224"><ele>421.5252494296021</ele></trkpt><trkpt lat="47.35188401566492" lon="-95.18004155436583"><ele>421.45305717655987</ele></trkpt><trkpt lat="47.351298880388576" lon="-95.17940318862028"><ele>421.0</ele></trkpt><trkpt lat="47.35130978358969" lon="-95.17913764992781"><ele>421.4811239093513</ele></trkpt><trkpt lat="47.35168049044492" lon="-95.17883724251814"><ele>421.0436937666964</ele></trkpt><trkpt lat="47.35181132776353" lon="-95.17793870249815"><ele>421.03022702775314</ele></trkpt><trkpt lat="47.35204574011266" lon="-95.17751759568281"><ele>421.0</ele></trkpt><trkpt lat="47.352383733516454" lon="-95.17748540917464"><ele>421.0</ele></trkpt><trkpt lat="47.35281439939466" lon="-95.1780540374858"><ele>421.0</ele></trkpt><trkpt lat="47.35296885300567" lon="-95.17804867306776"><ele>421.0</ele></trkpt><trkpt lat="47.353366805794025" lon="-95.17790115157194"><ele>421.0</ele></trkpt><trkpt lat="47.35363210231326" lon="-95.17786091843672"><ele>421.0</ele></trkpt><trkpt lat="47.35356668584347" lon="-95.17672902623244"><ele>421.0</ele></trkpt><trkpt lat="47.353675713068" lon="-95.17644202986784"><ele>421.0</ele></trkpt><trkpt lat="47.35379564275481" lon="-95.17645007649489"><ele>421.0</ele></trkpt><trkpt lat="47.35397189949884" lon="-95.17669147530623"><ele>421.0</ele></trkpt><trkpt lat="47.35431351475968" lon="-95.17649030963011"><ele>421.0</ele></trkpt><trkpt lat="47.35435893843954" lon="-95.17615771571226"><ele>421.0</ele></trkpt><trkpt lat="47.35457880647721" lon="-95.17604238072462"><ele>421.0</ele></trkpt><trkpt lat="47.35470418536126" lon="-95.17580634633131"><ele>421.0</ele></trkpt><trkpt lat="47.35480594191773" lon="-95.17581439295836"><ele>421.0</ele></trkpt><trkpt lat="47.35485682012238" lon="-95.17608529606886"><ele>420.6022302494411</ele></trkpt><trkpt lat="47.35500399994735" lon="-95.17601287642546"><ele>421.0</ele></trkpt><trkpt lat="47.35491859745693" lon="-95.17553544322081"><ele>420.27172120390225</ele></trkpt><trkpt lat="47.35507123159787" lon="-95.17545765915938"><ele>421.0</ele></trkpt><trkpt lat="47.3555400336989" lon="-95.17605310956068"><ele>420.1948078372516</ele></trkpt><trkpt lat="47.35567994669726" lon="-95.17576611319609"><ele>420.49697908866665</ele></trkpt><trkpt lat="47.355890720323515" lon="-95.17564004937239"><ele>420.7885578373098</ele></trkpt><trkpt lat="47.35597067012239" lon="-95.17542010823317"><ele>420.4926921626902</ele></trkpt><trkpt lat="47.35607969238016" lon="-95.17544156590529"><ele>420.3676921626902</ele></trkpt><trkpt lat="47.35614147155958" lon="-95.17573392668791"><ele>420.3354328373098</ele></trkpt><trkpt lat="47.35625776158345" lon="-95.17571515122481"><ele>420.5378434503813</ele></trkpt><trkpt lat="47.35655938391212" lon="-95.17469322959013"><ele>420.2719971824851</ele></trkpt><trkpt lat="47.356657502859555" lon="-95.17462080994673"><ele>420.0237828090786</ele></trkpt><trkpt lat="47.35685192319792" lon="-95.17468518296309"><ele>420.2260578372516</ele></trkpt><trkpt lat="47.35726619611863" lon="-95.17438477555342"><ele>420.51517870916706</ele></trkpt><trkpt lat="47.35732433992324" lon="-95.17428553381987"><ele>420.5746663939208</ele></trkpt><trkpt lat="47.35730435299763" lon="-95.17419970313139"><ele>420.4027913939208</ele></trkpt><trkpt lat="47.35697911014421" lon="-95.17409777918883"><ele>420.11864882903944</ele></trkpt><trkpt lat="47.35693913602389" lon="-95.17401463070937"><ele>420.1783235263073</ele></trkpt><trkpt lat="47.3569373190177" lon="-95.17391538897581"><ele>420.1828555205431</ele></trkpt><trkpt lat="47.35699728018889" lon="-95.17361766377516"><ele>420.0</ele></trkpt><trkpt lat="47.35721532023704" lon="-95.17348891774245"><ele>420.0</ele></trkpt><trkpt lat="47.357304349866034" lon="-95.1728505519969"><ele>420.0</ele></trkpt><trkpt lat="47.357371578585706" lon="-95.17278617898054"><ele>420.0</ele></trkpt><trkpt lat="47.35742608829553" lon="-95.1728130010707"><ele>420.0</ele></trkpt><trkpt lat="47.357515120700505" lon="-95.17302489558287"><ele>420.0</ele></trkpt><trkpt lat="47.35768228317743" lon="-95.1729953912837"><ele>420.0</ele></trkpt><trkpt lat="47.35791122223219" lon="-95.17316437045164"><ele>420.0</ele></trkpt><trkpt lat="47.35809291918765" lon="-95.17311877289839"><ele>420.0</ele></trkpt><trkpt lat="47.358211021873196" lon="-95.17341918030806"><ele>420.16990473068563</ele></trkpt><trkpt lat="47.358227370865244" lon="-95.1738402871234"><ele>420.0</ele></trkpt><trkpt lat="47.358370910651914" lon="-95.17388052025862"><ele>420.0</ele></trkpt><trkpt lat="47.35881606320309" lon="-95.1733360318286"><ele>420.0</ele></trkpt><trkpt lat="47.35910676931973" lon="-95.17348355332442"><ele>420.0</ele></trkpt><trkpt lat="47.359248489830904" lon="-95.17329579869337"><ele>420.105382308123</ele></trkpt><trkpt lat="47.359357505316225" lon="-95.17255819121428"><ele>420.0</ele></trkpt><trkpt lat="47.35927574273571" lon="-95.17234897891112"><ele>420.0</ele></trkpt><trkpt lat="47.35910858528541" lon="-95.17220413962431"><ele>420.0</ele></trkpt><trkpt lat="47.3591667270598" lon="-95.17194396534987"><ele>420.0</ele></trkpt><trkpt lat="47.35931571506418" lon="-95.17187422791548"><ele>420.0</ele></trkpt><trkpt lat="47.35978810958088" lon="-95.17202979603834"><ele>420.0</ele></trkpt><trkpt lat="47.35988985633356" lon="-95.17175889292784"><ele>420.0</ele></trkpt><trkpt lat="47.360002504295174" lon="-95.17173743525572"><ele>420.0</ele></trkpt><trkpt lat="47.36008971545509" lon="-95.17186349907942"><ele>420.075228127546</ele></trkpt><trkpt lat="47.3601315040848" lon="-95.172147813235"><ele>420.0</ele></trkpt><trkpt lat="47.36030229205347" lon="-95.1721290377719"><ele>420.0</ele></trkpt><trkpt lat="47.360300475163086" lon="-95.17176425734587"><ele>420.0</ele></trkpt><trkpt lat="47.36041130183032" lon="-95.1716247824771"><ele>420.0</ele></trkpt><trkpt lat="47.360540300620436" lon="-95.17166769782133"><ele>420.0</ele></trkpt><trkpt lat="47.36068383411475" lon="-95.17194664755888"><ele>420.0</ele></trkpt><trkpt lat="47.360820099729054" lon="-95.1718956855876"><ele>420.0</ele></trkpt><trkpt lat="47.36083463470714" lon="-95.17145312110014"><ele>420.0</ele></trkpt><trkpt lat="47.36076195977666" lon="-95.17127073088713"><ele>420.0</ele></trkpt><trkpt lat="47.360840085322906" lon="-95.17117148915358"><ele>420.04638321134587</ele></trkpt><trkpt lat="47.36094183004684" lon="-95.17123317996092"><ele>420.0</ele></trkpt><trkpt lat="47.36112169623526" lon="-95.17141288796492"><ele>420.0</ele></trkpt><trkpt lat="47.3612434258572" lon="-95.1713190106494"><ele>420.0</ele></trkpt><trkpt lat="47.36135970463673" lon="-95.17060554305144"><ele>420.0</ele></trkpt><trkpt lat="47.361450547254925" lon="-95.17059749642439"><ele>420.0</ele></trkpt><trkpt lat="47.36162133095369" lon="-95.17095423022337"><ele>420.0</ele></trkpt><trkpt lat="47.36149778535457" lon="-95.1712304977519"><ele>420.0</ele></trkpt><trkpt lat="47.361579543504014" lon="-95.17134046832152"><ele>420.0</ele></trkpt><trkpt lat="47.3620501008606" lon="-95.17118758240767"><ele>420.0</ele></trkpt><trkpt lat="47.36225358544524" lon="-95.17143971005507"><ele>420.0</ele></trkpt><trkpt lat="47.36234442652428" lon="-95.17134046832152"><ele>420.0</ele></trkpt><trkpt lat="47.3624661504213" lon="-95.17103469649382"><ele>420.0</ele></trkpt><trkpt lat="47.36282769553142" lon="-95.1705438522441"><ele>419.1886656761224</ele></trkpt><trkpt lat="47.363045711485746" lon="-95.17082548419066"><ele>419.3658450428908</ele></trkpt><trkpt lat="47.36353260775569" lon="-95.17076915780135"><ele>419.434071851644</ele></trkpt><trkpt lat="47.36375243756838" lon="-95.17024612704344"><ele>419.0914227878921</ele></trkpt><trkpt lat="47.36403403264829" lon="-95.17011738101073"><ele>419.3833171627484</ele></trkpt><trkpt lat="47.364408284257344" lon="-95.17016834298201"><ele>419.0864421627484</ele></trkpt><trkpt lat="47.3645245560613" lon="-95.17036950865813"><ele>419.0854328372516</ele></trkpt><trkpt lat="47.364782533211255" lon="-95.17024612704344"><ele>419.0</ele></trkpt><trkpt lat="47.3654747015584" lon="-95.17116880694456"><ele>419.17257698044165</ele></trkpt><trkpt lat="47.36581623872312" lon="-95.17111784497328"><ele>419.3361969261878</ele></trkpt><trkpt lat="47.3661123600652" lon="-95.17134046832152"><ele>419.15242556179874</ele></trkpt><trkpt lat="47.36628675970984" lon="-95.17174548188277"><ele>419.0</ele></trkpt><trkpt lat="47.36610690766304" lon="-95.17212099114485"><ele>419.03045165639554</ele></trkpt><trkpt lat="47.36623044246819" lon="-95.17248040715285"><ele>419.1037911305419</ele></trkpt><trkpt lat="47.366428460890596" lon="-95.17268425503798"><ele>419.07341659876073</ele></trkpt><trkpt lat="47.366501128015095" lon="-95.17262256423064"><ele>419.10440741213955</ele></trkpt><trkpt lat="47.3665774283881" lon="-95.1723087457759"><ele>419.0582658217963</ele></trkpt><trkpt lat="47.366735475080056" lon="-95.17224705496855"><ele>419.01119699372293</ele></trkpt><trkpt lat="47.366864458406475" lon="-95.17239725867339"><ele>419.0</ele></trkpt><trkpt lat="47.36697163948691" lon="-95.17303294220991"><ele>419.0</ele></trkpt><trkpt lat="47.36710425554816" lon="-95.17295515814848"><ele>419.0</ele></trkpt><trkpt lat="47.36727865066776" lon="-95.1724348095996"><ele>419.0214200994193</ele></trkpt><trkpt lat="47.367473031868464" lon="-95.17228997031279"><ele>419.0</ele></trkpt><trkpt lat="47.36761654650091" lon="-95.17234361449309"><ele>419.0</ele></trkpt><trkpt lat="47.367692845260436" lon="-95.17274862805434"><ele>419.0</ele></trkpt><trkpt lat="47.36762744469662" lon="-95.17356670180388"><ele>419.0531533408457</ele></trkpt><trkpt lat="47.367765509009274" lon="-95.17390734234877"><ele>419.0</ele></trkpt><trkpt lat="47.367918105986995" lon="-95.17384833375044"><ele>419.0</ele></trkpt><trkpt lat="47.367914472730725" lon="-95.17336821833678"><ele>419.0</ele></trkpt><trkpt lat="47.36803618667866" lon="-95.17326092997618"><ele>419.0</ele></trkpt><trkpt lat="47.36817788315976" lon="-95.17364448586531"><ele>419.0</ele></trkpt><trkpt lat="47.36824509802407" lon="-95.1741648344142"><ele>419.0</ele></trkpt><trkpt lat="47.36842493928628" lon="-95.17420774975844"><ele>419.0</ele></trkpt><trkpt lat="47.368564818117235" lon="-95.17383492270537"><ele>419.0</ele></trkpt><trkpt lat="47.36853211920297" lon="-95.17340040484495"><ele>419.0</ele></trkpt><trkpt lat="47.36864293210817" lon="-95.17336017170973"><ele>419.0</ele></trkpt><trkpt lat="47.36879189335161" lon="-95.17357206622191"><ele>419.0</ele></trkpt><trkpt lat="47.36879189335161" lon="-95.17406559268065"><ele>419.0</ele></trkpt><trkpt lat="47.368951753730244" lon="-95.17426139393874"><ele>419.0</ele></trkpt><trkpt lat="47.36899716852216" lon="-95.17459130564757"><ele>419.0</ele></trkpt><trkpt lat="47.369097080926714" lon="-95.17455375472136"><ele>419.0</ele></trkpt><trkpt lat="47.369471292871246" lon="-95.17421043196745"><ele>419.0</ele></trkpt><trkpt lat="47.369731062394294" lon="-95.17430162707396"><ele>419.0</ele></trkpt><trkpt lat="47.36994904659053" lon="-95.1741836098773"><ele>419.0</ele></trkpt><trkpt lat="47.37030690732405" lon="-95.17419970313139"><ele>419.0</ele></trkpt><trkpt lat="47.37051580967552" lon="-95.17383224049635"><ele>419.0</ele></trkpt><trkpt lat="47.370819166998906" lon="-95.17362302819319"><ele>419.0</ele></trkpt><trkpt lat="47.37095177338645" lon="-95.17323947230406"><ele>419.0</ele></trkpt><trkpt lat="47.37144222875825" lon="-95.17238921204634"><ele>419.0</ele></trkpt><trkpt lat="47.37154213653103" lon="-95.17251795807906"><ele>419.0</ele></trkpt><trkpt lat="47.37166929160446" lon="-95.1731214551074"><ele>419.0</ele></trkpt><trkpt lat="47.371618429611864" lon="-95.17344868460722"><ele>419.0</ele></trkpt><trkpt lat="47.37172015354798" lon="-95.17349159995146"><ele>419.0</ele></trkpt><trkpt lat="47.372185171007" lon="-95.17264402190276"><ele>419.0</ele></trkpt><trkpt lat="47.37231050805328" lon="-95.17260915318556"><ele>419.0</ele></trkpt><trkpt lat="47.37272829229832" lon="-95.17291224280424"><ele>419.0</ele></trkpt><trkpt lat="47.37306978612069" lon="-95.17291760722227"><ele>419.0</ele></trkpt><trkpt lat="47.37345486852071" lon="-95.17267352620192"><ele>419.0</ele></trkpt><trkpt lat="47.37372914978351" lon="-95.17185277024336"><ele>419.0</ele></trkpt><trkpt lat="47.37359109755225" lon="-95.17121440449782"><ele>419.0</ele></trkpt><trkpt lat="47.37370371625719" lon="-95.17089253941603"><ele>419.0</ele></trkpt><trkpt lat="47.3738889916678" lon="-95.17088449278899"><ele>419.0</ele></trkpt><trkpt lat="47.37429223244952" lon="-95.17116880694456"><ele>419.0</ele></trkpt><trkpt lat="47.3746773096485" lon="-95.17131096402235"><ele>419.0</ele></trkpt><trkpt lat="47.37455197822729" lon="-95.17172134200163"><ele>419.0</ele></trkpt><trkpt lat="47.37501152531537" lon="-95.171968105231"><ele>419.0</ele></trkpt><trkpt lat="47.37508962975825" lon="-95.17183935919829"><ele>419.0</ele></trkpt><trkpt lat="47.37504603389118" lon="-95.17101592103072"><ele>419.0</ele></trkpt><trkpt lat="47.37520224255907" lon="-95.1702917245967"><ele>419.0</ele></trkpt><trkpt lat="47.37560910585931" lon="-95.16990012208052"><ele>419.0</ele></trkpt><trkpt lat="47.37581072178396" lon="-95.17022198716231"><ele>419.0</ele></trkpt><trkpt lat="47.37595057791052" lon="-95.17022466937132"><ele>419.0</ele></trkpt><trkpt lat="47.376266622105526" lon="-95.16999131718703"><ele>419.0</ele></trkpt><trkpt lat="47.37630476524234" lon="-95.16952997723646"><ele>419.0</ele></trkpt><trkpt lat="47.37648094984955" lon="-95.16927516738005"><ele>419.0</ele></trkpt><trkpt lat="47.37698043561808" lon="-95.16897475997038"><ele>419.0</ele></trkpt><trkpt lat="47.3772801268927" lon="-95.16890234032698"><ele>419.0</ele></trkpt><trkpt lat="47.37730737146954" lon="-95.1687440899951"><ele>419.0</ele></trkpt><trkpt lat="47.377158434277476" lon="-95.16851878443785"><ele>419.0</ele></trkpt><trkpt lat="47.377025843496426" lon="-95.1682398347003"><ele>419.0</ele></trkpt><trkpt lat="47.37675157931591" lon="-95.16782141009398"><ele>419.0</ele></trkpt><trkpt lat="47.37666803492583" lon="-95.16752904931136"><ele>419.0</ele></trkpt><trkpt lat="47.376355625811755" lon="-95.16710257807799"><ele>419.0</ele></trkpt><trkpt lat="47.376237563746024" lon="-95.1668155817134"><ele>418.5340719666149</ele></trkpt><trkpt lat="47.37632656440473" lon="-95.1663301018817"><ele>419.0</ele></trkpt><trkpt lat="47.37637923819318" lon="-95.16581511775084"><ele>418.23875942770974</ele></trkpt><trkpt lat="47.37648640194522" lon="-95.16572124043532"><ele>418.38349724386455</ele></trkpt><trkpt lat="47.376984074820676" lon="-95.16620940247603"><ele>418.9005706193425</ele></trkpt><trkpt lat="47.377203844966274" lon="-95.16563004532881"><ele>418.0</ele></trkpt><trkpt lat="47.377209293890644" lon="-95.16515797654219"><ele>418.6050393790938</ele></trkpt><trkpt lat="47.37726741396897" lon="-95.16462958136626"><ele>418.1050243526697</ele></trkpt><trkpt lat="47.37736004549521" lon="-95.16429698744841"><ele>418.09810064709745</ele></trkpt><trkpt lat="47.378084742208266" lon="-95.1644391445262"><ele>418.0733770723349</ele></trkpt><trkpt lat="47.37813559796431" lon="-95.16414141932555"><ele>418.1123495760952</ele></trkpt><trkpt lat="47.37790856295986" lon="-95.16374981680937"><ele>418.29607853860807</ele></trkpt><trkpt lat="47.377563467880826" lon="-95.16372299471922"><ele>418.0</ele></trkpt><trkpt lat="47.376915056466544" lon="-95.16332870999403"><ele>418.1333342780065</ele></trkpt><trkpt lat="47.37654271892733" lon="-95.16280567923613"><ele>418.129212618107</ele></trkpt><trkpt lat="47.37656451489476" lon="-95.16238993683882"><ele>418.0350340874232</ele></trkpt><trkpt lat="47.376856939673246" lon="-95.16192055026121"><ele>418.05680889803773</ele></trkpt><trkpt lat="47.377191141525564" lon="-95.16156649867125"><ele>418.0</ele></trkpt><trkpt lat="47.37747811406134" lon="-95.16164160052367"><ele>418.22176862929786</ele></trkpt><trkpt lat="47.377875881992416" lon="-95.16141897717543"><ele>418.32074043057185</ele></trkpt><trkpt lat="47.37830088722957" lon="-95.16008591929503"><ele>418.17841137921687</ele></trkpt><trkpt lat="47.37840259502646" lon="-95.15945560017653"><ele>418.4289706220852</ele></trkpt><trkpt lat="47.3787404195928" lon="-95.15860265770979"><ele>418.5815854631484</ele></trkpt><trkpt lat="47.378634411370214" lon="-95.1572268468436"><ele>418.0</ele></trkpt><trkpt lat="47.37872522423913" lon="-95.15700690570438"><ele>418.91415630179324</ele></trkpt><trkpt lat="47.37911753403549" lon="-95.15689961734378"><ele>418.0211930591613</ele></trkpt><trkpt lat="47.37937543981133" lon="-95.15744142356479"><ele>418.05425624995917</ele></trkpt><trkpt lat="47.3795824900142" lon="-95.15749506774509"><ele>418.08637864375487</ele></trkpt><trkpt lat="47.379753215008414" lon="-95.1573180419501"><ele>418.0270098963558</ele></trkpt><trkpt lat="47.37985855568652" lon="-95.15691034617984"><ele>418.3961930589285</ele></trkpt><trkpt lat="47.37973868524322" lon="-95.15640072646701"><ele>418.25961269863956</ele></trkpt><trkpt lat="47.37996751863259" lon="-95.15577308955753"><ele>418.0183913278057</ele></trkpt><trkpt lat="47.37966602640925" lon="-95.15546731772983"><ele>418.0</ele></trkpt><trkpt lat="47.3794807712964" lon="-95.15544586005771"><ele>418.1271263605431</ele></trkpt><trkpt lat="47.379466241456086" lon="-95.15531174960697"><ele>418.0133477645311</ele></trkpt><trkpt lat="47.37964786417208" lon="-95.15492551150882"><ele>418.06864895615763</ele></trkpt><trkpt lat="47.379782264579106" lon="-95.15473775687778"><ele>418.0</ele></trkpt><trkpt lat="47.3799239295021" lon="-95.15469484153354"><ele>418.0093597331452</ele></trkpt><trkpt lat="47.380359804672906" lon="-95.15465729060733"><ele>418.0</ele></trkpt><trkpt lat="47.380635866275135" lon="-95.15438906970584"><ele>418.0</ele></trkpt><trkpt lat="47.3810317942077" lon="-95.15359513583743"><ele>418.0</ele></trkpt><trkpt lat="47.38160205629834" lon="-95.15347711864078"><ele>418.0</ele></trkpt><trkpt lat="47.38173281941944" lon="-95.15356294932926"><ele>418.0</ele></trkpt><trkpt lat="47.382208649150556" lon="-95.15355758491123"><ele>418.0</ele></trkpt><trkpt lat="47.3823176171869" lon="-95.15371851745212"><ele>418.0</ele></trkpt><trkpt lat="47.38239752693707" lon="-95.15435151877963"><ele>418.0</ele></trkpt><trkpt lat="47.38265540178056" lon="-95.1543461543616"><ele>418.0</ele></trkpt><trkpt lat="47.38286243910252" lon="-95.15384726348483"><ele>418.2002979325816</ele></trkpt><trkpt lat="47.38294598024781" lon="-95.15318744006717"><ele>418.00737135624513</ele></trkpt><trkpt lat="47.38302588904552" lon="-95.15311233821475"><ele>418.44487135624513</ele></trkpt><trkpt lat="47.38342906340484" lon="-95.153337643772"><ele>418.13237135624513</ele></trkpt><trkpt lat="47.383792267140294" lon="-95.15387944999301"><ele>418.0</ele></trkpt><trkpt lat="47.38415911427849" lon="-95.15502743545139"><ele>418.0</ele></trkpt><trkpt lat="47.384482360054584" lon="-95.15543513122165"><ele>418.08637864375487</ele></trkpt><trkpt lat="47.3849908536983" lon="-95.15548877540195"><ele>418.3988786438131</ele></trkpt><trkpt lat="47.38518335358348" lon="-95.15534930053317"><ele>418.3299639128993</ele></trkpt><trkpt lat="47.385753570765885" lon="-95.15397064509952"><ele>418.114126020344</ele></trkpt><trkpt lat="47.3856954582957" lon="-95.15291921916568"><ele>418.0</ele></trkpt><trkpt lat="47.3860114440794" lon="-95.15245787921512"><ele>418.0</ele></trkpt><trkpt lat="47.38600054804943" lon="-95.15230767551029"><ele>418.0</ele></trkpt><trkpt lat="47.38588069157105" lon="-95.15208773437107"><ele>418.0</ele></trkpt><trkpt lat="47.38590611569529" lon="-95.15189461532199"><ele>418.8474528268031</ele></trkpt><trkpt lat="47.38724992991276" lon="-95.15179269137943"><ele>418.0</ele></trkpt><trkpt lat="47.387438789636974" lon="-95.15114359679782"><ele>418.0</ele></trkpt><trkpt lat="47.387620384887505" lon="-95.15105240169132"><ele>418.07851883960626</ele></trkpt><trkpt lat="47.38755137876601" lon="-95.1508324605521"><ele>418.4231456619696</ele></trkpt><trkpt lat="47.38715186786599" lon="-95.1506715280112"><ele>418.0</ele></trkpt><trkpt lat="47.386923055714036" lon="-95.1505266887244"><ele>418.0</ele></trkpt><trkpt lat="47.38669424256881" lon="-95.15009753528201"><ele>419.58450429234654</ele></trkpt><trkpt lat="47.38725718271876" lon="-95.14914803329074"><ele>418.0</ele></trkpt><trkpt lat="47.38743151529693" lon="-95.14863304915988"><ele>418.7802429311461</ele></trkpt><trkpt lat="47.38769301229556" lon="-95.1485472184714"><ele>418.11586406856077</ele></trkpt><trkpt lat="47.387950876120996" lon="-95.14858476939762"><ele>418.0</ele></trkpt><trkpt lat="47.38874986792316" lon="-95.1488154393729"><ele>418.0</ele></trkpt><trkpt lat="47.38883339973826" lon="-95.14867060008609"><ele>418.0</ele></trkpt><trkpt lat="47.38883339973826" lon="-95.1485472184714"><ele>418.0</ele></trkpt><trkpt lat="47.38870628605403" lon="-95.1482038957175"><ele>418.0</ele></trkpt><trkpt lat="47.38872081334775" lon="-95.1480590564307"><ele>418.0</ele></trkpt><trkpt lat="47.388826136107426" lon="-95.14796786132419"><ele>418.0</ele></trkpt><trkpt lat="47.38911304876455" lon="-95.14818243804538"><ele>418.0</ele></trkpt><trkpt lat="47.389276479326725" lon="-95.14857940497959"><ele>418.0</ele></trkpt><trkpt lat="47.38971954045154" lon="-95.14871351543033"><ele>418.0</ele></trkpt><trkpt lat="47.389995553041175" lon="-95.1489066344794"><ele>418.0889584846934</ele></trkpt><trkpt lat="47.390307881333506" lon="-95.14859549823368"><ele>418.0730682704522</ele></trkpt><trkpt lat="47.390663775556284" lon="-95.1480590564307"><ele>418.0</ele></trkpt><trkpt lat="47.390798147879664" lon="-95.14775864902103"><ele>418.9360391853047</ele></trkpt><trkpt lat="47.3911068397574" lon="-95.14780156436527"><ele>418.6974281119697</ele></trkpt><trkpt lat="47.39137921344213" lon="-95.14828972640598"><ele>418.0</ele></trkpt><trkpt lat="47.391538990903335" lon="-95.14886371913516"><ele>418.0</ele></trkpt><trkpt lat="47.39221446951924" lon="-95.14947526279056"><ele>418.0</ele></trkpt><trkpt lat="47.392668404063286" lon="-95.15019945922458"><ele>418.0</ele></trkpt><trkpt lat="47.39282092898069" lon="-95.15024237456882"><ele>418.0</ele></trkpt><trkpt lat="47.39333297368908" lon="-95.14997415366733"><ele>418.1818958287438</ele></trkpt><trkpt lat="47.39358354694607" lon="-95.14913194003665"><ele>418.0</ele></trkpt><trkpt lat="47.39373970069203" lon="-95.1490514737662"><ele>418.1181022841131</ele></trkpt><trkpt lat="47.3944078733913" lon="-95.14916412654483"><ele>418.0</ele></trkpt><trkpt lat="47.395239464537504" lon="-95.14843456569278"><ele>418.0</ele></trkpt><trkpt lat="47.395439189714246" lon="-95.14842920127475"><ele>418.0</ele></trkpt><trkpt lat="47.39576599627718" lon="-95.14869742217624"><ele>417.0</ele></trkpt><trkpt lat="47.39609644694865" lon="-95.14868669334018"><ele>417.0875012655917</ele></trkpt><trkpt lat="47.39634700706543" lon="-95.1484560233649"><ele>417.0</ele></trkpt><trkpt lat="47.3968335986712" lon="-95.14832191291416"><ele>417.29641974202536</ele></trkpt><trkpt lat="47.39743637006" lon="-95.14635853591525"><ele>417.0</ele></trkpt><trkpt lat="47.39813717644037" lon="-95.14598302665317"><ele>417.0</ele></trkpt><trkpt lat="47.39866006290707" lon="-95.14606885734165"><ele>417.0</ele></trkpt><trkpt lat="47.399023175455945" lon="-95.14641754451358"><ele>417.900935085956</ele></trkpt><trkpt lat="47.399034068793746" lon="-95.14740996184909"><ele>417.13255393862704</ele></trkpt><trkpt lat="47.39893239755332" lon="-95.14777474227512"><ele>417.0</ele></trkpt><trkpt lat="47.399121215415086" lon="-95.14792494597995"><ele>417.0</ele></trkpt><trkpt lat="47.39953877597046" lon="-95.14808051410282"><ele>417.0636457253083</ele></trkpt><trkpt lat="47.4002686174813" lon="-95.14816634479129"><ele>417.0</ele></trkpt><trkpt lat="47.40164837576743" lon="-95.14878861728275"><ele>417.0</ele></trkpt><trkpt lat="47.40181902929741" lon="-95.1486169559058"><ele>416.5969027233465</ele></trkpt><trkpt lat="47.401927950149634" lon="-95.14831654849613"><ele>416.5676631757209</ele></trkpt><trkpt lat="47.40211675727598" lon="-95.148112700611"><ele>416.07499477639794</ele></trkpt><trkpt lat="47.4022692548456" lon="-95.1482038957175"><ele>416.533907611904</ele></trkpt><trkpt lat="47.40248347687636" lon="-95.14872424426639"><ele>416.08802761859374</ele></trkpt><trkpt lat="47.40294459591915" lon="-95.14871351543033"><ele>416.9301286438131</ele></trkpt><trkpt lat="47.40316970768644" lon="-95.14848284545505"><ele>416.58422008013304</ele></trkpt><trkpt lat="47.4032858940287" lon="-95.14754943671787"><ele>417.0</ele></trkpt><trkpt lat="47.403304037492546" lon="-95.14639608684146"><ele>417.0</ele></trkpt><trkpt lat="47.403416592728476" lon="-95.14621369662845"><ele>417.0</ele></trkpt><trkpt lat="47.404142735059665" lon="-95.14569334807956"><ele>417.0</ele></trkpt><trkpt lat="47.4048942851602" lon="-95.14465265098178"><ele>417.0</ele></trkpt><trkpt lat="47.40523557063824" lon="-95.1438801747855"><ele>417.0</ele></trkpt><trkpt lat="47.40530702004836" lon="-95.14341599026747"><ele>417.0</ele></trkpt><trkpt lat="47.40546132371764" lon="-95.14324969330855"><ele>417.0</ele></trkpt><trkpt lat="47.40558476632763" lon="-95.14336234608717"><ele>417.0</ele></trkpt><trkpt lat="47.405595658308734" lon="-95.14411068240233"><ele>417.0</ele></trkpt><trkpt lat="47.405829831742395" lon="-95.14431184807844"><ele>417.0</ele></trkpt><trkpt lat="47.406114833214396" lon="-95.1441965130908"><ele>417.0</ele></trkpt><trkpt lat="47.40664308638823" lon="-95.14386660138197"><ele>417.0</ele></trkpt><trkpt lat="47.406822800177764" lon="-95.14396316090651"><ele>417.0</ele></trkpt><trkpt lat="47.40684821419953" lon="-95.14422869959898"><ele>417.0</ele></trkpt><trkpt lat="47.406301813527044" lon="-95.14545446911879"><ele>417.0</ele></trkpt><trkpt lat="47.40637987161266" lon="-95.14573341885634"><ele>417.217803532091</ele></trkpt><trkpt lat="47.40679920124844" lon="-95.14551347771712"><ele>417.0</ele></trkpt><trkpt lat="47.40702066598232" lon="-95.14499581137724"><ele>417.0</ele></trkpt><trkpt lat="47.407093273414915" lon="-95.14474636593886"><ele>417.0</ele></trkpt><trkpt lat="47.4073819018874" lon="-95.144411089812"><ele>416.1009616625495</ele></trkpt><trkpt lat="47.407545275793495" lon="-95.14446741620131"><ele>416.5225259800325</ele></trkpt><trkpt lat="47.40757613525221" lon="-95.1449877647502"><ele>417.0</ele></trkpt><trkpt lat="47.40763966111231" lon="-95.14503336230345"><ele>417.0</ele></trkpt><trkpt lat="47.40785930706053" lon="-95.14492607394286"><ele>416.95307241679495</ele></trkpt><trkpt lat="47.40822053722168" lon="-95.14445936957426"><ele>416.0</ele></trkpt><trkpt lat="47.408409321795105" lon="-95.14438426772185"><ele>416.28956716280663</ele></trkpt><trkpt lat="47.409469403525" lon="-95.14420187750883"><ele>416.0</ele></trkpt><trkpt lat="47.40964002935797" lon="-95.14414018670149"><ele>416.1962309372191</ele></trkpt><trkpt lat="47.410315275937954" lon="-95.1433864859683"><ele>416.0</ele></trkpt><trkpt lat="47.410422370702264" lon="-95.14337575713225"><ele>416.06819913814815</ele></trkpt><trkpt lat="47.410636555823174" lon="-95.143512549792"><ele>416.25813290895894</ele></trkpt><trkpt lat="47.410678304400825" lon="-95.1439980296237"><ele>416.0</ele></trkpt><trkpt lat="47.41099958274915" lon="-95.14517015496321"><ele>416.2725580630244</ele></trkpt><trkpt lat="47.411044961323555" lon="-95.1458702115161"><ele>416.0</ele></trkpt><trkpt lat="47.411226475041865" lon="-95.14586216488905"><ele>416.10752892640824</ele></trkpt><trkpt lat="47.41161490922176" lon="-95.1452774433238"><ele>416.0</ele></trkpt><trkpt lat="47.41162761507808" lon="-95.14505213776656"><ele>416.0</ele></trkpt><trkpt lat="47.41145154793888" lon="-95.14437085667677"><ele>416.0</ele></trkpt><trkpt lat="47.411694774553396" lon="-95.14412141123839"><ele>416.0</ele></trkpt><trkpt lat="47.412279236188866" lon="-95.14402216950484"><ele>416.0</ele></trkpt><trkpt lat="47.412801978542646" lon="-95.14354205409117"><ele>416.0</ele></trkpt><trkpt lat="47.412952630103014" lon="-95.14354205409117"><ele>416.0</ele></trkpt><trkpt lat="47.41290906825031" lon="-95.14374858418532"><ele>416.0</ele></trkpt><trkpt lat="47.412858246043314" lon="-95.14394170323439"><ele>416.0</ele></trkpt><trkpt lat="47.4129054380943" lon="-95.14413214007445"><ele>416.0</ele></trkpt><trkpt lat="47.413054270364015" lon="-95.14434403458662"><ele>416.0</ele></trkpt><trkpt lat="47.41369498721451" lon="-95.14437353888579"><ele>416.0</ele></trkpt><trkpt lat="47.414288502449004" lon="-95.14419383088179"><ele>416.0</ele></trkpt><trkpt lat="47.414760404678766" lon="-95.1437083510501"><ele>416.0</ele></trkpt><trkpt lat="47.414764034706884" lon="-95.14359033385344"><ele>416.0</ele></trkpt><trkpt lat="47.41471865935879" lon="-95.14350986758299"><ele>416.0</ele></trkpt><trkpt lat="47.41467146781641" lon="-95.14316386262007"><ele>416.0</ele></trkpt><trkpt lat="47.4146878029687" lon="-95.1422680048091"><ele>416.0</ele></trkpt><trkpt lat="47.4149019744965" lon="-95.14215266982146"><ele>416.0</ele></trkpt><trkpt lat="47.41514155517333" lon="-95.14219826737471"><ele>416.0</ele></trkpt><trkpt lat="47.4153738710303" lon="-95.1423940686328"><ele>416.0</ele></trkpt><trkpt lat="47.41561526454484" lon="-95.1434937743289"><ele>416.0</ele></trkpt><trkpt lat="47.415680601126255" lon="-95.14434403458662"><ele>416.0</ele></trkpt><trkpt lat="47.415954662758324" lon="-95.14490729847975"><ele>416.0</ele></trkpt><trkpt lat="47.41613797095861" lon="-95.14501726904936"><ele>416.0</ele></trkpt><trkpt lat="47.416368471219215" lon="-95.14498508254118"><ele>416.0</ele></trkpt><trkpt lat="47.41652637239019" lon="-95.14477050581999"><ele>416.0</ele></trkpt><trkpt lat="47.41660078542156" lon="-95.14425820389815"><ele>416.0</ele></trkpt><trkpt lat="47.41622145881587" lon="-95.14285540858336"><ele>416.0</ele></trkpt><trkpt lat="47.41627046281504" lon="-95.14242625514098"><ele>416.0</ele></trkpt><trkpt lat="47.41652455689424" lon="-95.14225459376402"><ele>416.0</ele></trkpt><trkpt lat="47.41724327018943" lon="-95.14204269925185"><ele>416.0</ele></trkpt><trkpt lat="47.41734490320068" lon="-95.14184153357573"><ele>416.0</ele></trkpt><trkpt lat="47.4170762920233" lon="-95.1403421787364"><ele>416.0</ele></trkpt><trkpt lat="47.41645558935414" lon="-95.14046556035109"><ele>416.0</ele></trkpt><trkpt lat="47.41620512487095" lon="-95.14006591120787"><ele>416.0</ele></trkpt><trkpt lat="47.41624324287955" lon="-95.13925320187636"><ele>416.0</ele></trkpt><trkpt lat="47.41648826231798" lon="-95.1386309293849"><ele>416.0</ele></trkpt><trkpt lat="47.417130748654685" lon="-95.13883209506102"><ele>416.0</ele></trkpt><trkpt lat="47.418030935444335" lon="-95.13933903256483"><ele>416.0</ele></trkpt><trkpt lat="47.418130754927084" lon="-95.13982719460554"><ele>416.0</ele></trkpt><trkpt lat="47.418154348595344" lon="-95.14027780572005"><ele>416.0</ele></trkpt><trkpt lat="47.4182723132117" lon="-95.14050042906828"><ele>416.0</ele></trkpt><trkpt lat="47.41854273158715" lon="-95.14057284871168"><ele>416.0</ele></trkpt><trkpt lat="47.41911985773632" lon="-95.14051115790434"><ele>416.0</ele></trkpt><trkpt lat="47.419517311424116" lon="-95.14096981564589"><ele>416.0</ele></trkpt><trkpt lat="47.41970605174532" lon="-95.14084106961317"><ele>416.0</ele></trkpt><trkpt lat="47.420154312479774" lon="-95.13987547436781"><ele>416.0</ele></trkpt><trkpt lat="47.42076046161398" lon="-95.13923979083128"><ele>416.0</ele></trkpt><trkpt lat="47.42104901150488" lon="-95.13914323130675"><ele>416.0</ele></trkpt><trkpt lat="47.42124863883749" lon="-95.13922637978621"><ele>416.0</ele></trkpt><trkpt lat="47.421292193791295" lon="-95.13942754546233"><ele>416.0</ele></trkpt><trkpt lat="47.420998196712326" lon="-95.14091080704756"><ele>416.0</ele></trkpt><trkpt lat="47.42109075138634" lon="-95.14119780341215"><ele>416.0</ele></trkpt><trkpt lat="47.421294008138666" lon="-95.14107173958845"><ele>416.0</ele></trkpt><trkpt lat="47.42161341002112" lon="-95.14062381068297"><ele>416.0</ele></trkpt><trkpt lat="47.42187836337916" lon="-95.13970649519987"><ele>416.0</ele></trkpt><trkpt lat="47.42171321916071" lon="-95.13934439698286"><ele>416.0</ele></trkpt><trkpt lat="47.42168236800728" lon="-95.13879990855284"><ele>416.0</ele></trkpt><trkpt lat="47.421834808932026" lon="-95.13849950114317"><ele>416.0</ele></trkpt><trkpt lat="47.42196547223048" lon="-95.13846463242598"><ele>416.0</ele></trkpt><trkpt lat="47.42264418672882" lon="-95.13888037482329"><ele>416.0</ele></trkpt><trkpt lat="47.422580670707006" lon="-95.14020270386763"><ele>416.0</ele></trkpt><trkpt lat="47.42328296849094" lon="-95.14048165360518"><ele>416.0</ele></trkpt><trkpt lat="47.423513437472906" lon="-95.14028048792906"><ele>416.0</ele></trkpt><trkpt lat="47.4235206946078" lon="-95.13910299817152"><ele>416.0</ele></trkpt><trkpt lat="47.4234208853438" lon="-95.13850218335219"><ele>416.0</ele></trkpt><trkpt lat="47.42350798859145" lon="-95.13826614895888"><ele>416.0</ele></trkpt><trkpt lat="47.423840079951354" lon="-95.13842708149977"><ele>416.0</ele></trkpt><trkpt lat="47.42433730276995" lon="-95.13938463011809"><ele>416.0</ele></trkpt><trkpt lat="47.42466031197459" lon="-95.1395857957942"><ele>416.0</ele></trkpt><trkpt lat="47.42490166291505" lon="-95.13951069394179"><ele>416.0</ele></trkpt><trkpt lat="47.42518589739261" lon="-95.13821803155506"><ele>416.0</ele></trkpt><trkpt lat="47.42496450904552" lon="-95.13766013207996"><ele>416.0</ele></trkpt><trkpt lat="47.42498265566639" lon="-95.1373436314162"><ele>416.0</ele></trkpt><trkpt lat="47.42585005684733" lon="-95.13667844358051"><ele>416.0</ele></trkpt><trkpt lat="47.42609320614233" lon="-95.13610981526935"><ele>416.0</ele></trkpt><trkpt lat="47.4261694202737" lon="-95.1357772213515"><ele>416.0</ele></trkpt><trkpt lat="47.42640053621766" lon="-95.1356214908702"><ele>416.0</ele></trkpt><trkpt lat="47.42649489600361" lon="-95.13596749583311"><ele>416.0</ele></trkpt><trkpt lat="47.42652211514119" lon="-95.13638860264845"><ele>416.0</ele></trkpt><trkpt lat="47.42671627791426" lon="-95.136308136378"><ele>416.0</ele></trkpt><trkpt lat="47.427113670563834" lon="-95.1354417828662"><ele>416.0</ele></trkpt><trkpt lat="47.427391301842974" lon="-95.13565367737837"><ele>416.0</ele></trkpt><trkpt lat="47.42735863941555" lon="-95.13602650443144"><ele>416.0</ele></trkpt><trkpt lat="47.42707556226353" lon="-95.1371181635005"><ele>416.0</ele></trkpt><trkpt lat="47.4272316167398" lon="-95.13724154511519"><ele>416.0</ele></trkpt><trkpt lat="47.42762174764956" lon="-95.13697064200468"><ele>416.0</ele></trkpt><trkpt lat="47.42832034902242" lon="-95.13586020747252"><ele>416.0</ele></trkpt><trkpt lat="47.42846188347549" lon="-95.13587093630858"><ele>416.0</ele></trkpt><trkpt lat="47.42859071578778" lon="-95.13610160628386"><ele>416.0</ele></trkpt><trkpt lat="47.42857619948665" lon="-95.13710475245543"><ele>416.0</ele></trkpt><trkpt lat="47.428793939853485" lon="-95.13770020285673"><ele>416.0</ele></trkpt><trkpt lat="47.428815714213606" lon="-95.13833856860228"><ele>416.0</ele></trkpt><trkpt lat="47.42912236580805" lon="-95.13872212449141"><ele>416.0</ele></trkpt><trkpt lat="47.42959413530205" lon="-95.13974136391707"><ele>416.0</ele></trkpt><trkpt lat="47.429828205642174" lon="-95.13972527066298"><ele>416.0</ele></trkpt><trkpt lat="47.429982412939644" lon="-95.13884014168806"><ele>416.0</ele></trkpt><trkpt lat="47.43002414361835" lon="-95.13855314532347"><ele>416.0</ele></trkpt><trkpt lat="47.429989668335615" lon="-95.13829297104903"><ele>416.0</ele></trkpt><trkpt lat="47.43053219779801" lon="-95.13766801634856"><ele>416.0</ele></trkpt><trkpt lat="47.430675540768775" lon="-95.13718790093489"><ele>416.0</ele></trkpt><trkpt lat="47.4309876243504" lon="-95.13716376105376"><ele>416.0</ele></trkpt><trkpt lat="47.43183249021538" lon="-95.13733558478916"><ele>416.0</ele></trkpt><trkpt lat="47.43250380848451" lon="-95.13714783015811"><ele>416.0</ele></trkpt><trkpt lat="47.432540096521606" lon="-95.13674549880588"><ele>416.0</ele></trkpt><trkpt lat="47.43214092673723" lon="-95.13617687049472"><ele>416.0</ele></trkpt><trkpt lat="47.43164377468125" lon="-95.13577990356052"><ele>416.0</ele></trkpt><trkpt lat="47.43130630039186" lon="-95.1348035794791"><ele>416.0</ele></trkpt><trkpt lat="47.43128815595107" lon="-95.1343529683646"><ele>416.0</ele></trkpt><trkpt lat="47.43138250697491" lon="-95.13400428119266"><ele>416.0</ele></trkpt><trkpt lat="47.43238769776667" lon="-95.13366095843875"><ele>416.0</ele></trkpt><trkpt lat="47.43244575874216" lon="-95.13309769454563"><ele>416.0</ele></trkpt><trkpt lat="47.432111899410074" lon="-95.13247005763614"><ele>416.0</ele></trkpt><trkpt lat="47.432166331861715" lon="-95.13178341212833"><ele>416.0</ele></trkpt><trkpt lat="47.43290660761443" lon="-95.13118796172702"><ele>416.0</ele></trkpt><trkpt lat="47.433371074467246" lon="-95.13052813830936"><ele>416.0</ele></trkpt><trkpt lat="47.43333841575068" lon="-95.12851111713016"><ele>416.0</ele></trkpt><trkpt lat="47.43300819870018" lon="-95.12807123485172"><ele>416.0</ele></trkpt><trkpt lat="47.43206113438569" lon="-95.12756697955692"><ele>416.0</ele></trkpt><trkpt lat="47.4318978365355" lon="-95.12706272426212"><ele>416.0</ele></trkpt><trkpt lat="47.431963155736376" lon="-95.12663357081973"><ele>416.0</ele></trkpt><trkpt lat="47.432384099752916" lon="-95.12603812041843"><ele>416.0</ele></trkpt><trkpt lat="47.43279413941698" lon="-95.12520663562381"><ele>416.0</ele></trkpt><trkpt lat="47.4331787892151" lon="-95.1251690846976"><ele>416.0</ele></trkpt><trkpt lat="47.434133144025395" lon="-95.12644581618869"><ele>416.0</ele></trkpt><trkpt lat="47.43441616630671" lon="-95.12635998550022"><ele>416.0</ele></trkpt><trkpt lat="47.43472460261577" lon="-95.12579135718906"><ele>416.0</ele></trkpt><trkpt lat="47.43476814641969" lon="-95.12517981353366"><ele>416.0</ele></trkpt><trkpt lat="47.43450687830209" lon="-95.12333445373142"><ele>416.0</ele></trkpt><trkpt lat="47.434768141665955" lon="-95.12266926589572"><ele>416.0</ele></trkpt><trkpt lat="47.435152777035455" lon="-95.12226693454349"><ele>416.0</ele></trkpt><trkpt lat="47.435018517839076" lon="-95.121998713642"><ele>416.0</ele></trkpt><trkpt lat="47.433864600351995" lon="-95.12242786708438"><ele>416.0</ele></trkpt><trkpt lat="47.43337840552611" lon="-95.1224117738303"><ele>416.0</ele></trkpt><trkpt lat="47.433040931191215" lon="-95.12203626456821"><ele>416.0</ele></trkpt><trkpt lat="47.433200597262584" lon="-95.12134425464237"><ele>416.0</ele></trkpt><trkpt lat="47.43340017851445" lon="-95.12100093188846"><ele>416.0</ele></trkpt><trkpt lat="47.43402794733541" lon="-95.1206468802985"><ele>416.0</ele></trkpt><trkpt lat="47.43404971953007" lon="-95.12030892196262"><ele>416.0</ele></trkpt><trkpt lat="47.43376668029661" lon="-95.12007288756931"><ele>416.0</ele></trkpt><trkpt lat="47.43312802207424" lon="-95.12056104961002"><ele>416.0</ele></trkpt><trkpt lat="47.43283046275563" lon="-95.1210813981589"><ele>416.0</ele></trkpt><trkpt lat="47.432529272951435" lon="-95.12117259326541"><ele>416.0</ele></trkpt><trkpt lat="47.432010430466484" lon="-95.12042157474124"><ele>416.0</ele></trkpt><trkpt lat="47.43164028758868" lon="-95.1208292705115"><ele>416.0</ele></trkpt><trkpt lat="47.43070766114747" lon="-95.11978857341373"><ele>416.0</ele></trkpt><trkpt lat="47.43048629602442" lon="-95.1198744041022"><ele>416.0</ele></trkpt><trkpt lat="47.43002909120995" lon="-95.12089364352786"><ele>416.0</ele></trkpt><trkpt lat="47.42971699838296" lon="-95.12075953307712"><ele>416.0</ele></trkpt><trkpt lat="47.42963716038577" lon="-95.11930041137302"><ele>416.0</ele></trkpt><trkpt lat="47.42931420231234" lon="-95.11709027114475"><ele>416.0</ele></trkpt><trkpt lat="47.42915815401063" lon="-95.11694006743991"><ele>416.0</ele></trkpt><trkpt lat="47.42874081325593" lon="-95.11693470302188"><ele>415.29770247804606</ele></trkpt><trkpt lat="47.428388792829196" lon="-95.1165591937598"><ele>416.0</ele></trkpt><trkpt lat="47.428377905561945" lon="-95.11617832007968"><ele>416.0</ele></trkpt><trkpt lat="47.428624683066104" lon="-95.1158940059241"><ele>416.0</ele></trkpt><trkpt lat="47.42944847606213" lon="-95.11585109057987"><ele>416.0</ele></trkpt><trkpt lat="47.42989847207712" lon="-95.11593155685031"><ele>416.0</ele></trkpt><trkpt lat="47.430254111367034" lon="-95.11570625129306"><ele>416.0</ele></trkpt><trkpt lat="47.4305117537818" lon="-95.11356048408115"><ele>416.0</ele></trkpt><trkpt lat="47.43132461910896" lon="-95.11168830218875"><ele>416.0</ele></trkpt><trkpt lat="47.431157690075764" lon="-95.1114093524512"><ele>416.0</ele></trkpt><trkpt lat="47.42985127066001" lon="-95.11161320033634"><ele>416.0</ele></trkpt><trkpt lat="47.42974970705065" lon="-95.11188678565586"><ele>416.0</ele></trkpt><trkpt lat="47.42902027402822" lon="-95.11247687163913"><ele>416.0</ele></trkpt><trkpt lat="47.42869002988262" lon="-95.11326007667148"><ele>416.0</ele></trkpt><trkpt lat="47.42871543335198" lon="-95.11377506080234"><ele>416.0</ele></trkpt><trkpt lat="47.4285884158825" lon="-95.11399500194156"><ele>415.4454075078608</ele></trkpt><trkpt lat="47.42837792911531" lon="-95.11390917125308"><ele>416.0</ele></trkpt><trkpt lat="47.42778279852027" lon="-95.11295966926181"><ele>415.0789704874345</ele></trkpt><trkpt lat="47.42752150047689" lon="-95.11201553168857"><ele>416.0</ele></trkpt><trkpt lat="47.42859208839634" lon="-95.11072270694339"><ele>416.0</ele></trkpt><trkpt lat="47.42847232879556" lon="-95.11014334979618"><ele>415.38213873100585</ele></trkpt><trkpt lat="47.428152969586776" lon="-95.10806732001865"><ele>415.9902028766745</ele></trkpt><trkpt lat="47.42793522283875" lon="-95.10804586234653"><ele>415.9806775471508</ele></trkpt><trkpt lat="47.42714043956394" lon="-95.10872177901828"><ele>415.0</ele></trkpt><trkpt lat="47.42694449723161" lon="-95.10851793113315"><ele>415.2632392270881</ele></trkpt><trkpt lat="47.42677392510595" lon="-95.10696761432254"><ele>415.0491822007825</ele></trkpt><trkpt lat="47.42646182993114" lon="-95.10624878230655"><ele>415.0</ele></trkpt><trkpt lat="47.42675942525796" lon="-95.10558895888889"><ele>415.01911836346113</ele></trkpt><trkpt lat="47.426603369381766" lon="-95.1053582889136"><ele>415.0</ele></trkpt><trkpt lat="47.42563436091112" lon="-95.10524027171695"><ele>415.0</ele></trkpt><trkpt lat="47.42539119868238" lon="-95.10478429618442"><ele>415.0</ele></trkpt><trkpt lat="47.42523526103107" lon="-95.10491304221713"><ele>415.0</ele></trkpt><trkpt lat="47.424777966472334" lon="-95.10624341788852"><ele>415.0025110511824</ele></trkpt><trkpt lat="47.42331532307622" lon="-95.10588936629856"><ele>415.81519627923365</ele></trkpt><trkpt lat="47.422803596184664" lon="-95.10509543243015"><ele>415.0</ele></trkpt><trkpt lat="47.42259308628445" lon="-95.10352902236545"><ele>415.0</ele></trkpt><trkpt lat="47.423155653964216" lon="-95.10367922607028"><ele>415.0</ele></trkpt><trkpt lat="47.42348956226009" lon="-95.10331981006229"><ele>415.0</ele></trkpt><trkpt lat="47.42348230340661" lon="-95.10309450450504"><ele>415.0</ele></trkpt><trkpt lat="47.42316654231162" lon="-95.10245613875949"><ele>415.0</ele></trkpt><trkpt lat="47.42322098401485" lon="-95.1018821460303"><ele>415.0</ele></trkpt><trkpt lat="47.42350407485465" lon="-95.10130278888309"><ele>415.0</ele></trkpt><trkpt lat="47.42341333913927" lon="-95.10096483054721"><ele>415.0</ele></trkpt><trkpt lat="47.42268744778609" lon="-95.1008360845145"><ele>415.0</ele></trkpt><trkpt lat="47.422578563219815" lon="-95.10101311030948"><ele>415.0</ele></trkpt><trkpt lat="47.42229183278461" lon="-95.10130278888309"><ele>415.0</ele></trkpt><trkpt lat="47.4222265015809" lon="-95.10166220489108"><ele>415.0</ele></trkpt><trkpt lat="47.42204871361598" lon="-95.10168902698123"><ele>415.0</ele></trkpt><trkpt lat="47.42177649847534" lon="-95.10124914470279"><ele>415.0</ele></trkpt><trkpt lat="47.42161316871532" lon="-95.10020308318698"><ele>415.0</ele></trkpt><trkpt lat="47.42164946426132" lon="-95.09973637881839"><ele>415.0</ele></trkpt><trkpt lat="47.422150343525715" lon="-95.09906582656467"><ele>415.0</ele></trkpt><trkpt lat="47.422117677846224" lon="-95.09875469031894"><ele>415.0</ele></trkpt><trkpt lat="47.422008792101494" lon="-95.0986581307944"><ele>415.0</ele></trkpt><trkpt lat="47.421388139056255" lon="-95.09883515658939"><ele>415.0</ele></trkpt><trkpt lat="47.42127925180265" lon="-95.09857766452396"><ele>415.0</ele></trkpt><trkpt lat="47.42179101993644" lon="-95.09747795882785"><ele>415.0</ele></trkpt><trkpt lat="47.421569629948344" lon="-95.09715072932804"><ele>415.0</ele></trkpt><trkpt lat="47.42111956272664" lon="-95.09698979678714"><ele>415.0</ele></trkpt><trkpt lat="47.42066226058594" lon="-95.09720437350833"><ele>415.0</ele></trkpt><trkpt lat="47.42032107506788" lon="-95.09693615260684"><ele>415.0</ele></trkpt><trkpt lat="47.420353742036134" lon="-95.09664647403324"><ele>415.0</ele></trkpt><trkpt lat="47.42138092089411" lon="-95.09522490325534"><ele>415.0</ele></trkpt><trkpt lat="47.420880037594124" lon="-95.09454898658359"><ele>415.0</ele></trkpt><trkpt lat="47.42045900156861" lon="-95.09480111423099"><ele>415.0</ele></trkpt><trkpt lat="47.42020855612875" lon="-95.09509615722263"><ele>415.0</ele></trkpt><trkpt lat="47.41996903058478" lon="-95.09491913142764"><ele>415.0</ele></trkpt><trkpt lat="47.419838362331355" lon="-95.09409837546909"><ele>415.45224271237385</ele></trkpt><trkpt lat="47.419667767179085" lon="-95.09405009570682"><ele>415.51048545145346</ele></trkpt><trkpt lat="47.41918501619977" lon="-95.09410373988712"><ele>415.0</ele></trkpt><trkpt lat="47.418880118563806" lon="-95.09387843432987"><ele>415.0</ele></trkpt><trkpt lat="47.419032567602486" lon="-95.09274654212558"><ele>415.05434137349033</ele></trkpt><trkpt lat="47.41877488903444" lon="-95.09213499847019"><ele>415.0</ele></trkpt><trkpt lat="47.41838650418874" lon="-95.09199015918338"><ele>415.0</ele></trkpt><trkpt lat="47.418469989023485" lon="-95.09123914065921"><ele>415.0</ele></trkpt><trkpt lat="47.4183284277039" lon="-95.09083144488895"><ele>415.0</ele></trkpt><trkpt lat="47.418832964510905" lon="-95.09042374911868"><ele>415.0</ele></trkpt><trkpt lat="47.4184409503192" lon="-95.09007506194675"><ele>415.0</ele></trkpt><trkpt lat="47.417602507296294" lon="-95.08894316974246"><ele>415.0</ele></trkpt><trkpt lat="47.417177815198876" lon="-95.08917920413577"><ele>415.0</ele></trkpt><trkpt lat="47.41707980884379" lon="-95.08891634765232"><ele>415.0</ele></trkpt><trkpt lat="47.41775858985595" lon="-95.08773081126773"><ele>415.1820952993926</ele></trkpt><trkpt lat="47.41771141723894" lon="-95.0875806075629"><ele>415.55289924750105</ele></trkpt><trkpt lat="47.41649904178488" lon="-95.08660964789951"><ele>415.0</ele></trkpt><trkpt lat="47.41580940587856" lon="-95.08613221469486"><ele>415.0</ele></trkpt><trkpt lat="47.4160889117456" lon="-95.08534364524448"><ele>415.0</ele></trkpt><trkpt lat="47.41608165187171" lon="-95.08500032249057"><ele>415.0</ele></trkpt><trkpt lat="47.415860225498804" lon="-95.08463017764652"><ele>415.0</ele></trkpt><trkpt lat="47.41597638384928" lon="-95.08437804999912"><ele>415.0</ele></trkpt><trkpt lat="47.41628855814644" lon="-95.08442632976138"><ele>415.0</ele></trkpt><trkpt lat="47.41689473675235" lon="-95.08486621203983"><ele>415.1312455770231</ele></trkpt><trkpt lat="47.41696007457232" lon="-95.0846999150809"><ele>415.0165889766733</ele></trkpt><trkpt lat="47.41673139184767" lon="-95.08431367698276"><ele>415.0</ele></trkpt><trkpt lat="47.41627402447781" lon="-95.08277945342624"><ele>415.0</ele></trkpt><trkpt lat="47.41648092973529" lon="-95.08262388530338"><ele>415.0</ele></trkpt><trkpt lat="47.416666054802846" lon="-95.08321933570468"><ele>415.0652084156685</ele></trkpt><trkpt lat="47.41689836769227" lon="-95.08310131850803"><ele>415.11629570821106</ele></trkpt><trkpt lat="47.41713430942147" lon="-95.08275799575412"><ele>415.74883449915245</ele></trkpt><trkpt lat="47.41722868581714" lon="-95.08247904601657"><ele>415.1297546601854</ele></trkpt><trkpt lat="47.417232315675115" lon="-95.08197479072177"><ele>415.1268955101814</ele></trkpt><trkpt lat="47.41751180048695" lon="-95.08058540645206"><ele>415.0</ele></trkpt><trkpt lat="47.41737023694016" lon="-95.08011333766544"><ele>415.0</ele></trkpt><trkpt lat="47.417497281479505" lon="-95.07993094745243"><ele>415.0</ele></trkpt><trkpt lat="47.41803812480251" lon="-95.08031718555057"><ele>415.0</ele></trkpt><trkpt lat="47.4181506485541" lon="-95.08016698184574"><ele>415.0</ele></trkpt><trkpt lat="47.417805816768734" lon="-95.07950179401004"><ele>415.0</ele></trkpt><trkpt lat="47.41784574475526" lon="-95.07914774242008"><ele>415.0</ele></trkpt><trkpt lat="47.41804175443174" lon="-95.07882051292026"><ele>415.0</ele></trkpt><trkpt lat="47.41847369910594" lon="-95.07876686873996"><ele>415.0</ele></trkpt><trkpt lat="47.41872776787565" lon="-95.07871322455966"><ele>415.0</ele></trkpt><trkpt lat="47.41880399267073" lon="-95.0788634282645"><ele>415.0</ele></trkpt><trkpt lat="47.418876587611074" lon="-95.07919602218234"><ele>415.0</ele></trkpt><trkpt lat="47.41906896371889" lon="-95.07909409823978"><ele>415.0</ele></trkpt><trkpt lat="47.41909437183153" lon="-95.07869176688754"><ele>415.0</ele></trkpt><trkpt lat="47.419250449968736" lon="-95.07849864783847"><ele>415.0</ele></trkpt><trkpt lat="47.41940289793514" lon="-95.07847719016635"><ele>415.0</ele></trkpt><trkpt lat="47.419617050285275" lon="-95.07865958037937"><ele>415.0</ele></trkpt><trkpt lat="47.41974771908794" lon="-95.0782143336829"><ele>415.0</ele></trkpt><trkpt lat="47.41971866897536" lon="-95.07784955325687"><ele>415.0</ele></trkpt><trkpt lat="47.419932820041076" lon="-95.07742039981449"><ele>415.0</ele></trkpt><trkpt lat="47.41983844849236" lon="-95.07691614451969"><ele>415.0</ele></trkpt><trkpt lat="47.4201106736539" lon="-95.07665328803623"><ele>415.0</ele></trkpt><trkpt lat="47.42029215631295" lon="-95.07633142295444"><ele>415.0</ele></trkpt><trkpt lat="47.4204881568821" lon="-95.07636360946262"><ele>415.0</ele></trkpt><trkpt lat="47.420760364385465" lon="-95.07654599967563"><ele>415.0</ele></trkpt><trkpt lat="47.420861993497496" lon="-95.07630460086429"><ele>415.0</ele></trkpt><trkpt lat="47.420807549354755" lon="-95.0759290916022"><ele>415.08250015631995</ele></trkpt><trkpt lat="47.420872882319294" lon="-95.0758378964957"><ele>415.83060328438205</ele></trkpt><trkpt lat="47.42172583302882" lon="-95.07614903274143"><ele>415.0</ele></trkpt><trkpt lat="47.42226662024292" lon="-95.07646016898715"><ele>415.0</ele></trkpt><trkpt lat="47.4224081709739" lon="-95.07622949901187"><ele>415.0</ele></trkpt><trkpt lat="47.42235735793477" lon="-95.0757306081351"><ele>415.0</ele></trkpt><trkpt lat="47.42301066469939" lon="-95.07499031844699"><ele>415.76710745342655</ele></trkpt><trkpt lat="47.423351832787375" lon="-95.07490448775852"><ele>415.0106055290113</ele></trkpt><trkpt lat="47.42371113075407" lon="-95.07521025958621"><ele>415.0</ele></trkpt><trkpt lat="47.42389260100189" lon="-95.07561259093845"><ele>415.0</ele></trkpt><trkpt lat="47.424063182464444" lon="-95.07553748908603"><ele>415.0</ele></trkpt><trkpt lat="47.42404866491468" lon="-95.07470600429141"><ele>415.40902063316486</ele></trkpt><trkpt lat="47.42420835774184" lon="-95.07453434291446"><ele>415.7599459856491</ele></trkpt><trkpt lat="47.42446604287324" lon="-95.07462017360294"><ele>415.0</ele></trkpt><trkpt lat="47.424571294183785" lon="-95.07486157241428"><ele>415.0</ele></trkpt><trkpt lat="47.424393455639894" lon="-95.07577352347934"><ele>415.0</ele></trkpt><trkpt lat="47.42453137129768" lon="-95.0763421517905"><ele>415.0</ele></trkpt><trkpt lat="47.42482897753856" lon="-95.07631532970035"><ele>415.0</ele></trkpt><trkpt lat="47.42507212889038" lon="-95.07568769279086"><ele>415.0</ele></trkpt><trkpt lat="47.426001210906485" lon="-95.07512979331577"><ele>415.0</ele></trkpt><trkpt lat="47.42647664094442" lon="-95.07545702281558"><ele>415.0</ele></trkpt><trkpt lat="47.42657099999288" lon="-95.0752263528403"><ele>415.0</ele></trkpt><trkpt lat="47.42640768510794" lon="-95.07503859820926"><ele>415.0</ele></trkpt><trkpt lat="47.42600846881161" lon="-95.07456116500461"><ele>415.0</ele></trkpt><trkpt lat="47.42605927832657" lon="-95.0742339355048"><ele>415.0</ele></trkpt><trkpt lat="47.42624436971631" lon="-95.07405154529178"><ele>415.0</ele></trkpt><trkpt lat="47.4262915497704" lon="-95.07378868880832"><ele>415.0</ele></trkpt><trkpt lat="47.426157267966914" lon="-95.07327906909549"><ele>415.0</ele></trkpt><trkpt lat="47.42691575935053" lon="-95.07303767028415"><ele>415.0</ele></trkpt><trkpt lat="47.427627075836035" lon="-95.07223300757968"><ele>414.67696343904214</ele></trkpt><trkpt lat="47.42775408176059" lon="-95.07187895598972"><ele>414.78773816762316</ele></trkpt><trkpt lat="47.42787747211971" lon="-95.07184676948154"><ele>414.95437175320967</ele></trkpt><trkpt lat="47.42818957585458" lon="-95.07194332900607"><ele>414.3810205371119</ele></trkpt><trkpt lat="47.42868313147182" lon="-95.07153026881778"><ele>414.80745755940063</ele></trkpt><trkpt lat="47.42897708519182" lon="-95.07179312530124"><ele>414.0</ele></trkpt><trkpt lat="47.429125875955144" lon="-95.07177703204715"><ele>414.3293710547799</ele></trkpt><trkpt lat="47.429202085695415" lon="-95.07157318416202"><ele>414.4448713561869</ele></trkpt><trkpt lat="47.429191184502386" lon="-95.07116012397373"><ele>414.99410082865506</ele></trkpt><trkpt lat="47.42931820051726" lon="-95.07091872516239"><ele>414.2573713561869</ele></trkpt><trkpt lat="47.42981900353181" lon="-95.07093481841648"><ele>414.0</ele></trkpt><trkpt lat="47.42984440645631" lon="-95.07059149566257"><ele>414.0</ele></trkpt><trkpt lat="47.42946699031626" lon="-95.06999068084323"><ele>414.0</ele></trkpt><trkpt lat="47.43018914434478" lon="-95.06925039115512"><ele>414.0</ele></trkpt><trkpt lat="47.43017462848451" lon="-95.06885342422092"><ele>414.489228603268</ele></trkpt><trkpt lat="47.42985527854587" lon="-95.06855301681125"><ele>414.03862135624513</ele></trkpt><trkpt lat="47.429942374175845" lon="-95.0683813554343"><ele>414.5254789143801</ele></trkpt><trkpt lat="47.430239949824156" lon="-95.06828479590976"><ele>414.0</ele></trkpt><trkpt lat="47.43037422121216" lon="-95.0675713283118"><ele>414.046893101381</ele></trkpt><trkpt lat="47.430457687037446" lon="-95.06746940436923"><ele>414.0</ele></trkpt><trkpt lat="47.431005655038064" lon="-95.06778054061496"><ele>414.2910243080031</ele></trkpt><trkpt lat="47.431038302175686" lon="-95.06682567420566"><ele>414.0</ele></trkpt><trkpt lat="47.43112902474783" lon="-95.06660036864841"><ele>414.0</ele></trkpt><trkpt lat="47.43164069712634" lon="-95.06626241031253"><ele>414.0</ele></trkpt><trkpt lat="47.43184391314467" lon="-95.06666474166477"><ele>414.0</ele></trkpt><trkpt lat="47.43196366507373" lon="-95.06656818214023"><ele>414.0</ele></trkpt><trkpt lat="47.43198180928165" lon="-95.06645016494357"><ele>414.0</ele></trkpt><trkpt lat="47.43210765014633" lon="-95.0663722185237"><ele>414.0</ele></trkpt><trkpt lat="47.432309049952394" lon="-95.06658679524489"><ele>414.0</ele></trkpt><trkpt lat="47.43280256693951" lon="-95.06676382103987"><ele>414.0</ele></trkpt><trkpt lat="47.433214429623355" lon="-95.06651974001952"><ele>414.0</ele></trkpt><trkpt lat="47.433533759179035" lon="-95.06617105284758"><ele>414.0</ele></trkpt><trkpt lat="47.43373514977564" lon="-95.06606108227797"><ele>414.0</ele></trkpt><trkpt lat="47.43388211273263" lon="-95.06661898175307"><ele>414.0</ele></trkpt><trkpt lat="47.43421413864289" lon="-95.06634271422453"><ele>414.0</ele></trkpt><trkpt lat="47.43440464060873" lon="-95.06609863320418"><ele>414.0</ele></trkpt><trkpt lat="47.43494712455892" lon="-95.06677186766692"><ele>414.0</ele></trkpt><trkpt lat="47.43516302462331" lon="-95.06686306277342"><ele>414.0</ele></trkpt><trkpt lat="47.43527732607935" lon="-95.06665921488829"><ele>414.0</ele></trkpt><trkpt lat="47.43538981118922" lon="-95.0656346110446"><ele>414.0</ele></trkpt><trkpt lat="47.43534626789972" lon="-95.06507939377852"><ele>414.0</ele></trkpt><trkpt lat="47.43552044084144" lon="-95.06508207598753"><ele>414.0</ele></trkpt><trkpt lat="47.43609375234196" lon="-95.06537443677016"><ele>414.0</ele></trkpt><trkpt lat="47.43614273784422" lon="-95.06484872380324"><ele>414.0</ele></trkpt><trkpt lat="47.436195351851424" lon="-95.0643739728076"><ele>414.0</ele></trkpt><trkpt lat="47.436398550281815" lon="-95.06426132002898"><ele>414.0</ele></trkpt><trkpt lat="47.436628961838366" lon="-95.06444102803297"><ele>414.0</ele></trkpt><trkpt lat="47.43674144585378" lon="-95.06486481705733"><ele>414.0</ele></trkpt><trkpt lat="47.4368067555749" lon="-95.06583577672072"><ele>414.0</ele></trkpt><trkpt lat="47.436941010208656" lon="-95.06597793379851"><ele>414.0</ele></trkpt><trkpt lat="47.437104292409714" lon="-95.06587869206496"><ele>414.0</ele></trkpt><trkpt lat="47.43728208800792" lon="-95.0654173521144"><ele>414.0</ele></trkpt><trkpt lat="47.43739456695558" lon="-95.06536639014311"><ele>414.0</ele></trkpt><trkpt lat="47.43786263720815" lon="-95.06561851779051"><ele>414.0</ele></trkpt><trkpt lat="47.4385193765181" lon="-95.06524569073744"><ele>414.0</ele></trkpt><trkpt lat="47.43888221428125" lon="-95.0654173521144"><ele>414.0</ele></trkpt><trkpt lat="47.43908721397121" lon="-95.06533152142592"><ele>414.0</ele></trkpt><trkpt lat="47.43955345500676" lon="-95.06429350653715"><ele>414.0</ele></trkpt><trkpt lat="47.43921420664081" lon="-95.06362295428343"><ele>414.0</ele></trkpt><trkpt lat="47.438604652050834" lon="-95.06278610507078"><ele>414.0</ele></trkpt><trkpt lat="47.43833615093038" lon="-95.06258225718565"><ele>414.0</ele></trkpt><trkpt lat="47.43816561572348" lon="-95.06212896386214"><ele>414.0</ele></trkpt><trkpt lat="47.43837062203267" lon="-95.0613108901126"><ele>414.0</ele></trkpt><trkpt lat="47.438766116189896" lon="-95.06079322377272"><ele>414.0</ele></trkpt><trkpt lat="47.43909085097918" lon="-95.0607368973834"><ele>414.0</ele></trkpt><trkpt lat="47.43960244254938" lon="-95.05911952534743"><ele>414.0</ele></trkpt><trkpt lat="47.43991810504676" lon="-95.05814588347502"><ele>414.0</ele></trkpt><trkpt lat="47.44018840849103" lon="-95.05811637917586"><ele>414.0</ele></trkpt><trkpt lat="47.440355308878274" lon="-95.05792862454481"><ele>414.0</ele></trkpt><trkpt lat="47.44043513061542" lon="-95.05753702202864"><ele>414.0</ele></trkpt><trkpt lat="47.440416989171915" lon="-95.05721515694685"><ele>414.0</ele></trkpt><trkpt lat="47.43992717188915" lon="-95.05647486725874"><ele>414.0</ele></trkpt><trkpt lat="47.43993987688105" lon="-95.05569434443541"><ele>414.0</ele></trkpt><trkpt lat="47.440168458791966" lon="-95.05532151738234"><ele>414.0</ele></trkpt><trkpt lat="47.43987275343287" lon="-95.05415743866988"><ele>414.0</ele></trkpt><trkpt lat="47.44022469594844" lon="-95.05256957093306"><ele>414.0</ele></trkpt><trkpt lat="47.4401296969036" lon="-95.05088530603015"><ele>414.0</ele></trkpt><trkpt lat="47.439701558228805" lon="-95.04997871938312"><ele>414.0</ele></trkpt><trkpt lat="47.43947662831943" lon="-95.0500484568175"><ele>414.0</ele></trkpt><trkpt lat="47.439066626095396" lon="-95.04949055734241"><ele>414.0</ele></trkpt><trkpt lat="47.438203118575125" lon="-95.04922233644092"><ele>414.0</ele></trkpt><trkpt lat="47.43780036383195" lon="-95.04824064794147"><ele>414.0</ele></trkpt><trkpt lat="47.4378221344658" lon="-95.04767738404834"><ele>414.0</ele></trkpt><trkpt lat="47.43737222810749" lon="-95.04590176168048"><ele>414.0</ele></trkpt><trkpt lat="47.436762641742426" lon="-95.04533313336933"><ele>414.0</ele></trkpt><trkpt lat="47.435931760808295" lon="-95.04571937146747"><ele>414.0</ele></trkpt><trkpt lat="47.435949903648094" lon="-95.0468405348357"><ele>414.0</ele></trkpt><trkpt lat="47.43569590332183" lon="-95.0469853741225"><ele>414.0</ele></trkpt><trkpt lat="47.435329414976" lon="-95.04645966115558"><ele>414.0</ele></trkpt><trkpt lat="47.43505726851329" lon="-95.04571937146747"><ele>414.0</ele></trkpt><trkpt lat="47.43495206722684" lon="-95.04184089723194"><ele>414.0</ele></trkpt><trkpt lat="47.43536210151316" lon="-95.04113815847003"><ele>414.0</ele></trkpt><trkpt lat="47.43491940949147" lon="-95.0403925043639"><ele>414.0</ele></trkpt><trkpt lat="47.433257516263616" lon="-95.04126690450275"><ele>414.0</ele></trkpt><trkpt lat="47.432709605961136" lon="-95.04101477685535"><ele>414.0</ele></trkpt><trkpt lat="47.43252090850274" lon="-95.04051052156055"><ele>414.0</ele></trkpt><trkpt lat="47.432568082930786" lon="-95.03999017301166"><ele>414.0</ele></trkpt><trkpt lat="47.43213988272625" lon="-95.03945909562671"><ele>414.0</ele></trkpt><trkpt lat="47.43217617872972" lon="-95.03877781453693"><ele>414.0</ele></trkpt><trkpt lat="47.43318498312039" lon="-95.03652475896442"><ele>414.0</ele></trkpt><trkpt lat="47.43413436800851" lon="-95.03610665907499"><ele>414.0</ele></trkpt><trkpt lat="47.435027018798735" lon="-95.03529126753446"><ele>414.0</ele></trkpt><trkpt lat="47.43533313838252" lon="-95.03627799573505"><ele>414.0</ele></trkpt><trkpt lat="47.43563431213924" lon="-95.03647647920215"><ele>414.0</ele></trkpt><trkpt lat="47.43624754012296" lon="-95.03632627549732"><ele>414.0</ele></trkpt><trkpt lat="47.436668434852436" lon="-95.03597758832538"><ele>413.0</ele></trkpt><trkpt lat="47.437365105654756" lon="-95.03620825830066"><ele>413.0</ele></trkpt><trkpt lat="47.43761909792361" lon="-95.0354947907027"><ele>413.0</ele></trkpt><trkpt lat="47.43758643369855" lon="-95.03445409360492"><ele>413.0</ele></trkpt><trkpt lat="47.43668656929324" lon="-95.03315054002368"><ele>413.0</ele></trkpt><trkpt lat="47.43458072673735" lon="-95.03279681315061"><ele>413.0</ele></trkpt><trkpt lat="47.433571949102756" lon="-95.03271098246213"><ele>413.0</ele></trkpt><trkpt lat="47.433426799650256" lon="-95.03209943880674"><ele>413.0</ele></trkpt><trkpt lat="47.43401468896906" lon="-95.03060813059446"><ele>413.0</ele></trkpt><trkpt lat="47.43336877626647" lon="-95.02978201021787"><ele>413.0</ele></trkpt><trkpt lat="47.43255593103772" lon="-95.03008241762754"><ele>413.0</ele></trkpt><trkpt lat="47.43212786704967" lon="-95.02912755121824"><ele>413.0</ele></trkpt><trkpt lat="47.43198271361413" lon="-95.02820487131712"><ele>413.0</ele></trkpt><trkpt lat="47.43206980572352" lon="-95.02759332766172"><ele>413.0</ele></trkpt><trkpt lat="47.43180127125671" lon="-95.02649898638364"><ele>413.0</ele></trkpt><trkpt lat="47.43175772499782" lon="-95.02516861071226"><ele>413.0</ele></trkpt><trkpt lat="47.432200443617326" lon="-95.0244926940405"><ele>413.0</ele></trkpt><trkpt lat="47.432773794983106" lon="-95.02464289774534"><ele>413.0</ele></trkpt><trkpt lat="47.43365921140263" lon="-95.02652044405576"><ele>413.0</ele></trkpt><trkpt lat="47.433905964143904" lon="-95.02673502077695"><ele>413.0</ele></trkpt><trkpt lat="47.43423254687533" lon="-95.0266706477606"><ele>413.0</ele></trkpt><trkpt lat="47.43460986892154" lon="-95.02602691759702"><ele>413.0</ele></trkpt><trkpt lat="47.43547348285227" lon="-95.02609129061338"><ele>413.0</ele></trkpt><trkpt lat="47.43659107984078" lon="-95.02664919008848"><ele>413.0</ele></trkpt><trkpt lat="47.43693941690704" lon="-95.02634878267881"><ele>413.0</ele></trkpt><trkpt lat="47.437236952991725" lon="-95.02500767817136"><ele>413.0</ele></trkpt><trkpt lat="47.43719336834585" lon="-95.02372021784421"><ele>413.0</ele></trkpt><trkpt lat="47.436271725951975" lon="-95.02185340036985"><ele>413.0</ele></trkpt><trkpt lat="47.43574198118619" lon="-95.01836652865049"><ele>413.0</ele></trkpt><trkpt lat="47.435966952768794" lon="-95.01787300219175"><ele>413.0</ele></trkpt><trkpt lat="47.43675797424515" lon="-95.01835579981443"><ele>413.0</ele></trkpt><trkpt lat="47.437004712456016" lon="-95.01803393473264"><ele>413.0</ele></trkpt><trkpt lat="47.43694665651049" lon="-95.01766915430662"><ele>413.0</ele></trkpt><trkpt lat="47.43650397781952" lon="-95.01721854319212"><ele>413.0</ele></trkpt><trkpt lat="47.43662734766511" lon="-95.01681084742185"><ele>413.02019273212517</ele></trkpt><trkpt lat="47.43638786475945" lon="-95.01644606699583"><ele>413.0</ele></trkpt><trkpt lat="47.43546624007055" lon="-95.01524443735715"><ele>413.0</ele></trkpt><trkpt lat="47.4356984700019" lon="-95.01375312914487"><ele>413.0</ele></trkpt><trkpt lat="47.43542995405121" lon="-95.01291627993223"><ele>413.03918459345505</ele></trkpt><trkpt lat="47.435712984338565" lon="-95.01237983812925"><ele>413.0</ele></trkpt><trkpt lat="47.43688137530826" lon="-95.01278753389951"><ele>413.0</ele></trkpt><trkpt lat="47.437077312731084" lon="-95.01242275347349"><ele>413.0</ele></trkpt><trkpt lat="47.43677251872298" lon="-95.01171465029356"><ele>413.0</ele></trkpt><trkpt lat="47.4363878871549" lon="-95.01121039499876"><ele>413.0</ele></trkpt><trkpt lat="47.436656398217366" lon="-95.01056666483518"><ele>413.0</ele></trkpt><trkpt lat="47.43763604158582" lon="-95.01113529314634"><ele>413.0</ele></trkpt><trkpt lat="47.438383497194536" lon="-95.01036281695005"><ele>413.0</ele></trkpt><trkpt lat="47.43859525531714" lon="-95.00993333879077"><ele>413.0</ele></trkpt><trkpt lat="47.438529944348225" lon="-95.00904820981586"><ele>413.0</ele></trkpt><trkpt lat="47.437430530869854" lon="-95.00861905637348"><ele>413.0</ele></trkpt><trkpt lat="47.4371330346261" lon="-95.00827573361957"><ele>413.0</ele></trkpt><trkpt lat="47.436900811025986" lon="-95.00495515885913"><ele>413.0</ele></trkpt><trkpt lat="47.436400079361654" lon="-95.00145219388568"><ele>413.0</ele></trkpt><trkpt lat="47.435513407772376" lon="-94.99871666540739"><ele>413.0</ele></trkpt><trkpt lat="47.43435236548734" lon="-94.99754722227689"><ele>413.0</ele></trkpt><trkpt lat="47.43413464438731" lon="-94.99748284926054"><ele>413.0</ele></trkpt><trkpt lat="47.43297344997379" lon="-94.99795491804716"><ele>413.0</ele></trkpt><trkpt lat="47.43152917866981" lon="-94.99728973021146"><ele>413.0</ele></trkpt><trkpt lat="47.42991826185587" lon="-94.9984484445059"><ele>413.0</ele></trkpt><trkpt lat="47.42933036328716" lon="-94.99835188498136"><ele>413.0</ele></trkpt><trkpt lat="47.42919246020289" lon="-94.99881322493192"><ele>413.0</ele></trkpt><trkpt lat="47.42979487628101" lon="-94.99949987043973"><ele>413.0</ele></trkpt><trkpt lat="47.43031019058678" lon="-95.00093753447172"><ele>413.0</ele></trkpt><trkpt lat="47.43012148452512" lon="-95.00155980696317"><ele>413.0</ele></trkpt><trkpt lat="47.429475524038125" lon="-95.00182802786466"><ele>413.0</ele></trkpt><trkpt lat="47.42845939037379" lon="-95.0013130437338"><ele>413.0</ele></trkpt><trkpt lat="47.42834325956303" lon="-95.00113065352079"><ele>413.0</ele></trkpt><trkpt lat="47.42861906982021" lon="-95.00002558340665"><ele>413.0</ele></trkpt><trkpt lat="47.42792228322609" lon="-94.99731118788358"><ele>413.0</ele></trkpt><trkpt lat="47.42776278231392" lon="-94.99613101591703"><ele>413.0</ele></trkpt><trkpt lat="47.42735631797581" lon="-94.99521906485197"><ele>413.0</ele></trkpt><trkpt lat="47.42684097474884" lon="-94.99524052252409"><ele>413.0</ele></trkpt><trkpt lat="47.425897375481796" lon="-94.9963241349661"><ele>413.0</ele></trkpt><trkpt lat="47.42512070800949" lon="-94.99771888365385"><ele>413.0</ele></trkpt><trkpt lat="47.424786977331244" lon="-94.99777252783414"><ele>413.0</ele></trkpt><trkpt lat="47.424496629567514" lon="-94.997386289736"><ele>413.0</ele></trkpt><trkpt lat="47.424438559822576" lon="-94.99661381353971"><ele>413.0</ele></trkpt><trkpt lat="47.42454018183416" lon="-94.99577696432706"><ele>413.0</ele></trkpt><trkpt lat="47.42473616658819" lon="-94.99529416670438"><ele>413.0</ele></trkpt><trkpt lat="47.425469288272296" lon="-94.99435002913114"><ele>413.0</ele></trkpt><trkpt lat="47.42543299363757" lon="-94.99402816404935"><ele>413.0</ele></trkpt><trkpt lat="47.42488859764384" lon="-94.9932986031973"><ele>413.0</ele></trkpt><trkpt lat="47.425019253362834" lon="-94.99264414419767"><ele>413.2200975866565</ele></trkpt><trkpt lat="47.42584673205221" lon="-94.99166782011625"><ele>413.0</ele></trkpt><trkpt lat="47.425752371104366" lon="-94.99002630819913"><ele>413.0</ele></trkpt><trkpt lat="47.42578863121557" lon="-94.98896415342924"><ele>413.0</ele></trkpt><trkpt lat="47.42787904806092" lon="-94.98388941397306"><ele>413.0</ele></trkpt><trkpt lat="47.42755239796369" lon="-94.9823122750723"><ele>413.0</ele></trkpt><trkpt lat="47.4261297526697" lon="-94.98013432135221"><ele>413.0</ele></trkpt><trkpt lat="47.42611523568988" lon="-94.97911508192655"><ele>413.0</ele></trkpt><trkpt lat="47.42819838136148" lon="-94.97778470625516"><ele>413.0</ele></trkpt><trkpt lat="47.428909626255916" lon="-94.9763684998953"><ele>413.0</ele></trkpt><trkpt lat="47.429098336662626" lon="-94.97549946417448"><ele>413.0</ele></trkpt><trkpt lat="47.42970801181403" lon="-94.97467334379789"><ele>413.0</ele></trkpt><trkpt lat="47.430412032666794" lon="-94.97486646284696"><ele>413.0</ele></trkpt><trkpt lat="47.43182730382386" lon="-94.97569258322355"><ele>413.0</ele></trkpt><trkpt lat="47.4330320109064" lon="-94.97497375120756"><ele>413.0</ele></trkpt><trkpt lat="47.4332932815927" lon="-94.97522051443693"><ele>413.0</ele></trkpt><trkpt lat="47.43320619150805" lon="-94.97628266920682"><ele>413.0</ele></trkpt><trkpt lat="47.433322311588874" lon="-94.97655089010831"><ele>413.01439734924946</ele></trkpt><trkpt lat="47.433772274481875" lon="-94.97658307661649"><ele>413.19764525676146</ele></trkpt><trkpt lat="47.43436738078603" lon="-94.97628266920682"><ele>413.44764525681967</ele></trkpt><trkpt lat="47.43469396065388" lon="-94.97431929220792"><ele>413.0</ele></trkpt><trkpt lat="47.43438189548985" lon="-94.97347171415922"><ele>413.0</ele></trkpt><trkpt lat="47.43441092488548" lon="-94.97291381468412"><ele>413.0</ele></trkpt><trkpt lat="47.4346504167886" lon="-94.9728387128317"><ele>413.0</ele></trkpt><trkpt lat="47.43500602396728" lon="-94.97341806997892"><ele>413.0</ele></trkpt><trkpt lat="47.43510762557693" lon="-94.97391159643766"><ele>413.0</ele></trkpt><trkpt lat="47.43536162874284" lon="-94.97402961363431"><ele>413.04626048027933</ele></trkpt><trkpt lat="47.43559385913587" lon="-94.97391159643766"><ele>413.18213269221536</ele></trkpt><trkpt lat="47.43567368809674" lon="-94.97357900251981"><ele>413.0</ele></trkpt><trkpt lat="47.43544145805605" lon="-94.97265632261869"><ele>413.0</ele></trkpt><trkpt lat="47.43543420085074" lon="-94.97162635435697"><ele>413.0</ele></trkpt><trkpt lat="47.43522372536653" lon="-94.97115428557035"><ele>413.0</ele></trkpt><trkpt lat="47.4347810321807" lon="-94.97051055540678"><ele>413.0</ele></trkpt><trkpt lat="47.43494069244758" lon="-94.97041399588224"><ele>413.0</ele></trkpt><trkpt lat="47.43572447218618" lon="-94.970371080538"><ele>413.0</ele></trkpt><trkpt lat="47.43580430094892" lon="-94.97022087683317"><ele>412.13514525676146</ele></trkpt><trkpt lat="47.43570270068439" lon="-94.96983463873502"><ele>412.18632150760163</ele></trkpt><trkpt lat="47.435245497066475" lon="-94.96902997603055"><ele>413.0</ele></trkpt><trkpt lat="47.43496972153497" lon="-94.967849804064"><ele>412.2317598457448</ele></trkpt><trkpt lat="47.435056808701056" lon="-94.96773178686735"><ele>412.0</ele></trkpt><trkpt lat="47.435383384290255" lon="-94.96751721014616"><ele>412.0</ele></trkpt><trkpt lat="47.43555755710911" lon="-94.96716315855619"><ele>412.0</ele></trkpt><trkpt lat="47.43536886986266" lon="-94.96687347998258"><ele>412.0</ele></trkpt><trkpt lat="47.43503503692305" lon="-94.96679837813016"><ele>412.0</ele></trkpt><trkpt lat="47.43482457593789" lon="-94.96709878553983"><ele>412.0</ele></trkpt><trkpt lat="47.43467217263007" lon="-94.96749575247404"><ele>412.0</ele></trkpt><trkpt lat="47.434512511548434" lon="-94.96753866781827"><ele>412.0</ele></trkpt><trkpt lat="47.43410609933659" lon="-94.96695931067106"><ele>412.0</ele></trkpt><trkpt lat="47.43409884194714" lon="-94.96660525908109"><ele>412.0</ele></trkpt><trkpt lat="47.43424398954598" lon="-94.96636922468778"><ele>412.0</ele></trkpt><trkpt lat="47.43486811965905" lon="-94.96603663076993"><ele>412.4797094864771</ele></trkpt><trkpt lat="47.435441382738325" lon="-94.96618683447477"><ele>412.36485474318033</ele></trkpt><trkpt lat="47.43670412122167" lon="-94.966948581835"><ele>412.0</ele></trkpt><trkpt lat="47.437103256393286" lon="-94.96661598791715"><ele>412.0</ele></trkpt><trkpt lat="47.43722662483381" lon="-94.96679837813016"><ele>412.16466736387014</ele></trkpt><trkpt lat="47.43716131216604" lon="-94.96699149717924"><ele>412.0</ele></trkpt><trkpt lat="47.436929088690725" lon="-94.96738846411344"><ele>412.0</ele></trkpt><trkpt lat="47.43700891562597" lon="-94.96777470221159"><ele>412.0</ele></trkpt><trkpt lat="47.43724839570503" lon="-94.96788199057218"><ele>412.0</ele></trkpt><trkpt lat="47.4374806177711" lon="-94.96776397337553"><ele>412.0</ele></trkpt><trkpt lat="47.43814093367735" lon="-94.96658380140897"><ele>412.0</ele></trkpt><trkpt lat="47.4383513813984" lon="-94.96587569822904"><ele>412.0</ele></trkpt><trkpt lat="47.43790871452555" lon="-94.96513540854093"><ele>412.45080674024797</ele></trkpt><trkpt lat="47.43878678780409" lon="-94.96427710165617"><ele>412.0</ele></trkpt><trkpt lat="47.43930201406298" lon="-94.96414835562345"><ele>412.0</ele></trkpt><trkpt lat="47.439367322693805" lon="-94.96399815191862"><ele>412.0</ele></trkpt><trkpt lat="47.43920767585827" lon="-94.96344025244352"><ele>412.0</ele></trkpt><trkpt lat="47.439309269355114" lon="-94.96327931990263"><ele>412.0</ele></trkpt><trkpt lat="47.43981723389681" lon="-94.96320421805021"><ele>412.0</ele></trkpt><trkpt lat="47.44005664227635" lon="-94.96227080931303"><ele>412.4012505114632</ele></trkpt><trkpt lat="47.44048477806164" lon="-94.96192748655912"><ele>412.83947425295776</ele></trkpt><trkpt lat="47.44092742326122" lon="-94.96184165587064"><ele>412.7309972410061</ele></trkpt><trkpt lat="47.441377321123205" lon="-94.9620669614279"><ele>412.0</ele></trkpt><trkpt lat="47.44136280834901" lon="-94.96263558973905"><ele>412.0</ele></trkpt><trkpt lat="47.440825832888954" lon="-94.96316130270597"><ele>412.0</ele></trkpt><trkpt lat="47.44077503762926" lon="-94.9634187947714"><ele>412.0</ele></trkpt><trkpt lat="47.440825832888954" lon="-94.96359045614835"><ele>412.0</ele></trkpt><trkpt lat="47.44127573161969" lon="-94.96368701567289"><ele>412.0</ele></trkpt><trkpt lat="47.44148616680212" lon="-94.96359045614835"><ele>412.0</ele></trkpt><trkpt lat="47.44157324318316" lon="-94.96380503286954"><ele>412.0</ele></trkpt><trkpt lat="47.441464397684385" lon="-94.96421272863981"><ele>412.0</ele></trkpt><trkpt lat="47.441609524966026" lon="-94.96441657652494"><ele>412.0</ele></trkpt><trkpt lat="47.44195782880861" lon="-94.96428783049222"><ele>412.0</ele></trkpt><trkpt lat="47.44204490440896" lon="-94.96344025244352"><ele>412.0</ele></trkpt><trkpt lat="47.442426834087975" lon="-94.96252895081224"><ele>412.0</ele></trkpt><trkpt lat="47.44284769440245" lon="-94.96233583176317"><ele>412.0</ele></trkpt><trkpt lat="47.44302184251322" lon="-94.962486035468"><ele>412.0</ele></trkpt><trkpt lat="47.44302184251322" lon="-94.96297956192674"><ele>412.0</ele></trkpt><trkpt lat="47.44318147777505" lon="-94.96312976563158"><ele>412.0</ele></trkpt><trkpt lat="47.44363135636116" lon="-94.96291518891039"><ele>412.0</ele></trkpt><trkpt lat="47.44364586850958" lon="-94.96310830795946"><ele>412.0</ele></trkpt><trkpt lat="47.443413673654746" lon="-94.96366620743456"><ele>412.0</ele></trkpt><trkpt lat="47.443573307727526" lon="-94.96383786881151"><ele>412.0</ele></trkpt><trkpt lat="47.443979646817844" lon="-94.96312976563158"><ele>412.0</ele></trkpt><trkpt lat="47.444647197081" lon="-94.96353746140184"><ele>412.0</ele></trkpt><trkpt lat="47.444879386491166" lon="-94.96343017304125"><ele>412.0</ele></trkpt><trkpt lat="47.44489389829526" lon="-94.96323705399217"><ele>412.0</ele></trkpt><trkpt lat="47.4447052445296" lon="-94.9625933238286"><ele>412.0</ele></trkpt><trkpt lat="47.44456012578792" lon="-94.96186376297655"><ele>412.0</ele></trkpt><trkpt lat="47.44472964880804" lon="-94.96160562147733"><ele>412.0</ele></trkpt><trkpt lat="47.44504165260225" lon="-94.96178801169035"><ele>412.0</ele></trkpt><trkpt lat="47.44531011950205" lon="-94.96258194555875"><ele>412.0</ele></trkpt><trkpt lat="47.44559309664289" lon="-94.96266777624723"><ele>412.0</ele></trkpt><trkpt lat="47.4456946778093" lon="-94.96252830137846"><ele>412.0</ele></trkpt><trkpt lat="47.44577449144532" lon="-94.96194894423124"><ele>412.0</ele></trkpt><trkpt lat="47.44602844311782" lon="-94.96143396010038"><ele>412.0</ele></trkpt><trkpt lat="47.446238859289124" lon="-94.9614554177725"><ele>412.0</ele></trkpt><trkpt lat="47.44641299617365" lon="-94.96200258841154"><ele>412.0</ele></trkpt><trkpt lat="47.446238859289124" lon="-94.96239955534574"><ele>412.0</ele></trkpt><trkpt lat="47.44633318350648" lon="-94.96262486090299"><ele>412.0</ele></trkpt><trkpt lat="47.44657987681372" lon="-94.96249611487028"><ele>412.0</ele></trkpt><trkpt lat="47.446949914605234" lon="-94.96162707914945"><ele>412.0</ele></trkpt><trkpt lat="47.4473344609244" lon="-94.96154124846097"><ele>412.0</ele></trkpt><trkpt lat="47.4473489720512" lon="-94.96094043364164"><ele>412.0</ele></trkpt><trkpt lat="47.44758114953566" lon="-94.96071512808439"><ele>412.0</ele></trkpt><trkpt lat="47.44800916498584" lon="-94.96075804342863"><ele>412.0</ele></trkpt><trkpt lat="47.44804544233" lon="-94.9605005513632"><ele>412.0</ele></trkpt><trkpt lat="47.44740695741767" lon="-94.95987827887174"><ele>412.0</ele></trkpt><trkpt lat="47.447377935192044" lon="-94.9594920407736"><ele>412.0</ele></trkpt><trkpt lat="47.448176040561826" lon="-94.95840842833158"><ele>412.0</ele></trkpt><trkpt lat="47.44862587643376" lon="-94.95871956457731"><ele>412.0</ele></trkpt><trkpt lat="47.449061197808064" lon="-94.9593311082327"><ele>412.0</ele></trkpt><trkpt lat="47.44929336773444" lon="-94.95912726034757"><ele>412.0</ele></trkpt><trkpt lat="47.449474749776336" lon="-94.95815093626615"><ele>412.0</ele></trkpt><trkpt lat="47.44906840065344" lon="-94.95631630529996"><ele>411.0</ele></trkpt><trkpt lat="47.44925703877085" lon="-94.9555116425955"><ele>411.0</ele></trkpt><trkpt lat="47.45050493542849" lon="-94.95472843756315"><ele>411.0</ele></trkpt><trkpt lat="47.450853180374125" lon="-94.9537842999899"><ele>411.0</ele></trkpt><trkpt lat="47.45141901545418" lon="-94.95183165182706"><ele>411.0</ele></trkpt><trkpt lat="47.4523331376302" lon="-94.95095188727018"><ele>411.0</ele></trkpt><trkpt lat="47.452811957190676" lon="-94.95022232641813"><ele>411.0</ele></trkpt><trkpt lat="47.45306587453919" lon="-94.94916017164823"><ele>411.70711697674346</ele></trkpt><trkpt lat="47.452942543240475" lon="-94.94771177878019"><ele>411.0</ele></trkpt><trkpt lat="47.452441956538394" lon="-94.94721825232145"><ele>411.0</ele></trkpt><trkpt lat="47.452267839613995" lon="-94.94618828405973"><ele>411.2031882835972</ele></trkpt><trkpt lat="47.45275391458628" lon="-94.94490082373258"><ele>411.0</ele></trkpt><trkpt lat="47.45263058255598" lon="-94.94445021261808"><ele>411.0</ele></trkpt><trkpt lat="47.45214450644372" lon="-94.94411761870023"><ele>411.0</ele></trkpt><trkpt lat="47.45224607495791" lon="-94.94366700758573"><ele>411.0</ele></trkpt><trkpt lat="47.45329076828963" lon="-94.94182164778348"><ele>411.0</ele></trkpt><trkpt lat="47.45352291954501" lon="-94.94098479857084"><ele>411.0</ele></trkpt><trkpt lat="47.45458930150659" lon="-94.93970806707975"><ele>411.0</ele></trkpt><trkpt lat="47.4548794832501" lon="-94.93863518347379"><ele>411.0</ele></trkpt><trkpt lat="47.45535827962599" lon="-94.9379699956381"><ele>411.0</ele></trkpt><trkpt lat="47.45601117674915" lon="-94.93758375753995"><ele>411.0</ele></trkpt><trkpt lat="47.456352130913594" lon="-94.93777687658903"><ele>411.0</ele></trkpt><trkpt lat="47.45688169363647" lon="-94.93742282499906"><ele>411.0</ele></trkpt><trkpt lat="47.4573387092331" lon="-94.9362962972128"><ele>412.3563978429884</ele></trkpt><trkpt lat="47.45730240787578" lon="-94.9349444638693"><ele>411.1770410185353</ele></trkpt><trkpt lat="47.45711379861564" lon="-94.9344938527548"><ele>411.0</ele></trkpt><trkpt lat="47.456722069529" lon="-94.93430073370573"><ele>411.0</ele></trkpt><trkpt lat="47.456228776898136" lon="-94.93484790434476"><ele>411.0</ele></trkpt><trkpt lat="47.456069181232635" lon="-94.93482644667264"><ele>411.0</ele></trkpt><trkpt lat="47.45600389195714" lon="-94.93451531042692"><ele>411.0</ele></trkpt><trkpt lat="47.45633759184687" lon="-94.93369991888639"><ele>411.0</ele></trkpt><trkpt lat="47.45641738933285" lon="-94.93291671385404"><ele>411.0</ele></trkpt><trkpt lat="47.456997685828284" lon="-94.93291671385404"><ele>411.0</ele></trkpt><trkpt lat="47.45699043159644" lon="-94.93256266226408"><ele>411.77635048560535</ele></trkpt><trkpt lat="47.456170696951936" lon="-94.9318116437399"><ele>411.0</ele></trkpt><trkpt lat="47.45561936380847" lon="-94.93225152601835"><ele>411.0</ele></trkpt><trkpt lat="47.45495938724871" lon="-94.93165071119901"><ele>411.0</ele></trkpt><trkpt lat="47.45489409659525" lon="-94.93123228659269"><ele>411.0</ele></trkpt><trkpt lat="47.45614911384746" lon="-94.93032033552763"><ele>411.48631868772844</ele></trkpt><trkpt lat="47.45626518329395" lon="-94.92991263975736"><ele>412.01515595801175</ele></trkpt><trkpt lat="47.455837175940424" lon="-94.9293976556265"><ele>412.0265522411578</ele></trkpt><trkpt lat="47.45508996831241" lon="-94.92975170721647"><ele>411.0</ele></trkpt><trkpt lat="47.45448784181889" lon="-94.92940838446256"><ele>411.0</ele></trkpt><trkpt lat="47.454480587240774" lon="-94.92874319662687"><ele>411.0</ele></trkpt><trkpt lat="47.45428471325373" lon="-94.92880756964323"><ele>411.0</ele></trkpt><trkpt lat="47.45411060243054" lon="-94.9296122323477"><ele>411.0</ele></trkpt><trkpt lat="47.45381316177394" lon="-94.9295049439871"><ele>411.0</ele></trkpt><trkpt lat="47.45308774325972" lon="-94.92861445059415"><ele>411.0</ele></trkpt><trkpt lat="47.45305872416872" lon="-94.92739136328336"><ele>411.0</ele></trkpt><trkpt lat="47.45276853237783" lon="-94.92697293867704"><ele>411.0</ele></trkpt><trkpt lat="47.45215934623179" lon="-94.92697293867704"><ele>411.0</ele></trkpt><trkpt lat="47.451782090139645" lon="-94.92721970190641"><ele>411.0</ele></trkpt><trkpt lat="47.451651500861836" lon="-94.92714460005399"><ele>411.0</ele></trkpt><trkpt lat="47.45163699092204" lon="-94.92596442808744"><ele>411.0</ele></trkpt><trkpt lat="47.45148463631273" lon="-94.9258678685629"><ele>411.0</ele></trkpt><trkpt lat="47.45125973108277" lon="-94.92593224157926"><ele>411.0</ele></trkpt><trkpt lat="47.451114630424" lon="-94.92574985136625"><ele>411.0</ele></trkpt><trkpt lat="47.451100120336136" lon="-94.92477352728483"><ele>411.0</ele></trkpt><trkpt lat="47.45098403948882" lon="-94.92468769659635"><ele>411.0</ele></trkpt><trkpt lat="47.45062128518969" lon="-94.92484862913724"><ele>411.0</ele></trkpt><trkpt lat="47.45047618276946" lon="-94.92459113707181"><ele>411.0</ele></trkpt><trkpt lat="47.450715601548154" lon="-94.92381866087553"><ele>410.0</ele></trkpt><trkpt lat="47.45103482489105" lon="-94.92358262648222"><ele>410.0789334830162</ele></trkpt><trkpt lat="47.45097678442737" lon="-94.92318565954801"><ele>410.55601823062744</ele></trkpt><trkpt lat="47.450599519852176" lon="-94.92274577726957"><ele>410.0</ele></trkpt><trkpt lat="47.4506575607322" lon="-94.92238099684354"><ele>410.0</ele></trkpt><trkpt lat="47.45105428851444" lon="-94.92214463773334"><ele>410.31057660700753</ele></trkpt><trkpt lat="47.45110507384883" lon="-94.92154918733203"><ele>410.0</ele></trkpt><trkpt lat="47.451047033462686" lon="-94.92117904248798"><ele>410.0</ele></trkpt><trkpt lat="47.45115948665265" lon="-94.92096446576679"><ele>410.62986434818407</ele></trkpt><trkpt lat="47.451500472274915" lon="-94.92100738111102"><ele>410.0</ele></trkpt><trkpt lat="47.45167821922268" lon="-94.92077671113574"><ele>410.0</ele></trkpt><trkpt lat="47.451667336773774" lon="-94.92035828652942"><ele>410.0</ele></trkpt><trkpt lat="47.45138801981403" lon="-94.91997204843128"><ele>410.0</ele></trkpt><trkpt lat="47.45147506980868" lon="-94.91965018334949"><ele>410.0297063930404</ele></trkpt><trkpt lat="47.451906740133936" lon="-94.91953753057086"><ele>410.0</ele></trkpt><trkpt lat="47.45219693668028" lon="-94.92003642144763"><ele>410.0</ele></trkpt><trkpt lat="47.45234566178963" lon="-94.92009543004596"><ele>410.0</ele></trkpt><trkpt lat="47.45247262191607" lon="-94.9199398619231"><ele>410.0</ele></trkpt><trkpt lat="47.452563307533005" lon="-94.91966091218555"><ele>410.0</ele></trkpt><trkpt lat="47.45254879784482" lon="-94.91905473294818"><ele>410.0</ele></trkpt><trkpt lat="47.451972034496485" lon="-94.91800330701435"><ele>410.0</ele></trkpt><trkpt lat="47.45162379695948" lon="-94.91821788373554"><ele>410.0</ele></trkpt><trkpt lat="47.451431539831304" lon="-94.91800330701435"><ele>410.0</ele></trkpt><trkpt lat="47.451442422329045" lon="-94.91758488240802"><ele>410.0</ele></trkpt><trkpt lat="47.45173262143749" lon="-94.91674803319538"><ele>410.0</ele></trkpt><trkpt lat="47.452247720911245" lon="-94.91643153253162"><ele>410.0</ele></trkpt><trkpt lat="47.45226949731063" lon="-94.91617940488422"><ele>410.0</ele></trkpt><trkpt lat="47.45202283068868" lon="-94.91607748094165"><ele>410.0</ele></trkpt><trkpt lat="47.45167459348802" lon="-94.91630815091693"><ele>410.0</ele></trkpt><trkpt lat="47.4510615453133" lon="-94.91589509072864"><ele>410.0</ele></trkpt><trkpt lat="47.451235666231526" lon="-94.91536937776172"><ele>410.0</ele></trkpt><trkpt lat="47.45101075993688" lon="-94.91504751267993"><ele>410.0</ele></trkpt><trkpt lat="47.451068800363075" lon="-94.91481684270465"><ele>410.0</ele></trkpt><trkpt lat="47.45131909896723" lon="-94.91462372365558"><ele>410.0</ele></trkpt><trkpt lat="47.45140615907207" lon="-94.91445206227863"><ele>410.0</ele></trkpt><trkpt lat="47.45140615907207" lon="-94.91401218000019"><ele>410.0</ele></trkpt><trkpt lat="47.45132998148822" lon="-94.91387270513141"><ele>410.0</ele></trkpt><trkpt lat="47.450876541206014" lon="-94.91365812841022"><ele>410.0</ele></trkpt><trkpt lat="47.450778597591615" lon="-94.91339527192676"><ele>410.0</ele></trkpt><trkpt lat="47.4508293831922" lon="-94.91261743131244"><ele>410.0</ele></trkpt><trkpt lat="47.45065891738841" lon="-94.91222582879627"><ele>410.0</ele></trkpt><trkpt lat="47.45046665673298" lon="-94.91211854043567"><ele>410.0</ele></trkpt><trkpt lat="47.450053112564056" lon="-94.91241894784534"><ele>410.0</ele></trkpt><trkpt lat="47.44993340180302" lon="-94.91226337972248"><ele>410.0</ele></trkpt><trkpt lat="47.450147429941445" lon="-94.91158209863269"><ele>410.0</ele></trkpt><trkpt lat="47.4499624226186" lon="-94.9112226826247"><ele>410.0</ele></trkpt><trkpt lat="47.44915349931445" lon="-94.91167865815723"><ele>410.0</ele></trkpt><trkpt lat="47.44904466949965" lon="-94.91159282746875"><ele>410.0</ele></trkpt><trkpt lat="47.4489757438338" lon="-94.91108857217395"><ele>410.0</ele></trkpt><trkpt lat="47.4490664354806" lon="-94.9107184273299"><ele>410.0</ele></trkpt><trkpt lat="47.44902290350966" lon="-94.91053603711688"><ele>410.0</ele></trkpt><trkpt lat="47.44874722886211" lon="-94.91018198552692"><ele>410.0</ele></trkpt><trkpt lat="47.44866741973681" lon="-94.90982256951892"><ele>410.0</ele></trkpt><trkpt lat="47.4488596869695" lon="-94.90937195840442"><ele>410.0</ele></trkpt><trkpt lat="47.44909185778541" lon="-94.909296856552"><ele>410.0</ele></trkpt><trkpt lat="47.449585202918584" lon="-94.90960799279773"><ele>410.0</ele></trkpt><trkpt lat="47.45035062663829" lon="-94.90937732282245"><ele>410.0</ele></trkpt><trkpt lat="47.45079318882501" lon="-94.90958117070758"><ele>410.0</ele></trkpt><trkpt lat="47.45089113241223" lon="-94.90943096700275"><ele>410.0</ele></trkpt><trkpt lat="47.450785933737244" lon="-94.90844391408527"><ele>410.0</ele></trkpt><trkpt lat="47.45090200145838" lon="-94.90837954106891"><ele>410.0</ele></trkpt><trkpt lat="47.451333676487394" lon="-94.90857266011798"><ele>410.0</ele></trkpt><trkpt lat="47.45141710906761" lon="-94.90811668458545"><ele>409.6346422217541</ele></trkpt><trkpt lat="47.451087005476104" lon="-94.90700088563526"><ele>409.0</ele></trkpt><trkpt lat="47.45113779077888" lon="-94.90590117993915"><ele>409.0299230972305</ele></trkpt><trkpt lat="47.45088027630208" lon="-94.9055685860213"><ele>409.09579653927864</ele></trkpt><trkpt lat="47.45035428071426" lon="-94.90574024739826"><ele>409.5082536438131</ele></trkpt><trkpt lat="47.45022731547386" lon="-94.905514941841"><ele>409.0</ele></trkpt><trkpt lat="47.450459480252675" lon="-94.90500532212818"><ele>409.0</ele></trkpt><trkpt lat="47.45049938347082" lon="-94.90459226193988"><ele>409.0950486505659</ele></trkpt><trkpt lat="47.45031800344191" lon="-94.90342818322742"><ele>409.0</ele></trkpt><trkpt lat="47.45064811186018" lon="-94.90333162370288"><ele>409.0</ele></trkpt><trkpt lat="47.45068075983293" lon="-94.90280054631793"><ele>409.0</ele></trkpt><trkpt lat="47.449962499751194" lon="-94.90236066403949"><ele>409.09474485577084</ele></trkpt><trkpt lat="47.44989722375474" lon="-94.90201734128559"><ele>409.0</ele></trkpt><trkpt lat="47.45011850687633" lon="-94.9013360601958"><ele>409.5721197803454</ele></trkpt><trkpt lat="47.449828298861235" lon="-94.90101955953205"><ele>409.0</ele></trkpt><trkpt lat="47.44953446161443" lon="-94.9010463816222"><ele>409.0</ele></trkpt><trkpt lat="47.4491825802823" lon="-94.9015881878432"><ele>409.0</ele></trkpt><trkpt lat="47.44814874100721" lon="-94.90161500993335"><ele>409.0</ele></trkpt><trkpt lat="47.44811609146273" lon="-94.90131460252368"><ele>409.0</ele></trkpt><trkpt lat="47.44835189327318" lon="-94.90088008466327"><ele>409.0</ele></trkpt><trkpt lat="47.448206784591854" lon="-94.90055821958148"><ele>409.0</ele></trkpt><trkpt lat="47.44750300198209" lon="-94.90034364286029"><ele>409.0</ele></trkpt><trkpt lat="47.447626346037154" lon="-94.8997696501311"><ele>409.0</ele></trkpt><trkpt lat="47.44748125825388" lon="-94.89970527711475"><ele>409.0</ele></trkpt><trkpt lat="47.44709308520923" lon="-94.9001290661391"><ele>409.0</ele></trkpt><trkpt lat="47.44691169495394" lon="-94.89960871759021"><ele>409.0</ele></trkpt><trkpt lat="47.44674481536664" lon="-94.89954970899188"><ele>409.0</ele></trkpt><trkpt lat="47.446556168239105" lon="-94.89992521825397"><ele>409.0</ele></trkpt><trkpt lat="47.44634217524339" lon="-94.89966236177051"><ele>409.0</ele></trkpt><trkpt lat="47.446519939624395" lon="-94.89885233464801"><ele>409.0</ele></trkpt><trkpt lat="47.44637845373727" lon="-94.8985787493285"><ele>409.0</ele></trkpt><trkpt lat="47.4461353873504" lon="-94.89846609654987"><ele>409.0</ele></trkpt><trkpt lat="47.44620431673839" lon="-94.89784918847644"><ele>409.0</ele></trkpt><trkpt lat="47.44604106277836" lon="-94.89759169641101"><ele>409.0</ele></trkpt><trkpt lat="47.44566739069607" lon="-94.89741467061603"><ele>409.0</ele></trkpt><trkpt lat="47.44571818211193" lon="-94.89714644971454"><ele>409.0</ele></trkpt><trkpt lat="47.4460991095687" lon="-94.89669047418201"><ele>409.0</ele></trkpt><trkpt lat="47.44614264395954" lon="-94.89621304097736"><ele>409.0</ele></trkpt><trkpt lat="47.44591047720522" lon="-94.8958428961333"><ele>409.0</ele></trkpt><trkpt lat="47.44458265621481" lon="-94.89527426782215"><ele>409.0</ele></trkpt><trkpt lat="47.44435052284479" lon="-94.89444278302753"><ele>409.0</ele></trkpt><trkpt lat="47.444441222466644" lon="-94.89417992654407"><ele>409.0</ele></trkpt><trkpt lat="47.44498541691374" lon="-94.89390097680652"><ele>409.0</ele></trkpt><trkpt lat="47.44498904485782" lon="-94.89356838288867"><ele>409.0</ele></trkpt><trkpt lat="47.44406028300395" lon="-94.89286027970874"><ele>409.0</ele></trkpt><trkpt lat="47.44394055860309" lon="-94.89239893975818"><ele>409.0</ele></trkpt><trkpt lat="47.445521023401014" lon="-94.88900358786222"><ele>409.0</ele></trkpt><trkpt lat="47.44668913930564" lon="-94.88754446615812"><ele>409.0</ele></trkpt><trkpt lat="47.448394190223794" lon="-94.88557036032316"><ele>409.0</ele></trkpt><trkpt lat="47.44927931092024" lon="-94.88481934179899"><ele>409.0</ele></trkpt><trkpt lat="47.450157194424776" lon="-94.88360698332426"><ele>409.0</ele></trkpt><trkpt lat="47.45131075460259" lon="-94.88316710104581"><ele>409.0</ele></trkpt><trkpt lat="47.45158644448388" lon="-94.88199765791532"><ele>409.0</ele></trkpt><trkpt lat="47.4521232528931" lon="-94.8816328774893"><ele>409.0</ele></trkpt><trkpt lat="47.4529067766674" lon="-94.88180453886625"><ele>408.0</ele></trkpt><trkpt lat="47.45362499653888" lon="-94.88105352034208"><ele>408.0</ele></trkpt><trkpt lat="47.46597011300938" lon="-94.88093550314542"><ele>408.0</ele></trkpt><trkpt lat="47.466456061320386" lon="-94.87893993963834"><ele>408.0</ele></trkpt><trkpt lat="47.46808063297378" lon="-94.87645084967252"><ele>408.0</ele></trkpt><trkpt lat="47.476044757777615" lon="-94.86053380299663"><ele>408.0</ele></trkpt><trkpt lat="47.48770404185554" lon="-94.85083493519878"><ele>408.0</ele></trkpt><trkpt lat="47.49181944292923" lon="-94.8351883956212"><ele>408.0</ele></trkpt><trkpt lat="47.49164545641951" lon="-94.83169079506578"><ele>408.0</ele></trkpt><trkpt lat="47.49206592283132" lon="-94.82948065483751"><ele>408.0</ele></trkpt><trkpt lat="47.493153320354246" lon="-94.82647658074083"><ele>408.0</ele></trkpt><trkpt lat="47.493138821868705" lon="-94.82413769447984"><ele>408.0</ele></trkpt><trkpt lat="47.49276166065296" lon="-94.82224941933336"><ele>408.0</ele></trkpt><trkpt lat="47.49277615924262" lon="-94.82156277382555"><ele>408.0</ele></trkpt><trkpt lat="47.493704060655176" lon="-94.8189234801549"><ele>408.0</ele></trkpt><trkpt lat="47.492471688019116" lon="-94.81484652245226"><ele>408.0</ele></trkpt><trkpt lat="47.49219621253391" lon="-94.81212139809313"><ele>408.0</ele></trkpt><trkpt lat="47.49013742915441" lon="-94.80478287422838"><ele>408.0</ele></trkpt><trkpt lat="47.48875997605666" lon="-94.80351687157335"><ele>408.0</ele></trkpt><trkpt lat="47.48926746297988" lon="-94.80252981865587"><ele>408.55232770162525</ele></trkpt><trkpt lat="47.49034041918833" lon="-94.80152130806627"><ele>408.0</ele></trkpt><trkpt lat="47.492906725526396" lon="-94.8006630011815"><ele>408.0</ele></trkpt><trkpt lat="47.494545036302824" lon="-94.80250836098375"><ele>408.0</ele></trkpt><trkpt lat="47.495139455009635" lon="-94.8023366996068"><ele>408.0</ele></trkpt><trkpt lat="47.495690136594675" lon="-94.80092049324693"><ele>408.0</ele></trkpt><trkpt lat="47.49679195655338" lon="-94.80012655937853"><ele>408.0</ele></trkpt><trkpt lat="47.49677745218506" lon="-94.7986459800023"><ele>408.0</ele></trkpt><trkpt lat="47.49609606606608" lon="-94.79737997734728"><ele>408.0</ele></trkpt><trkpt lat="47.49563204034821" lon="-94.79566336357775"><ele>408.0</ele></trkpt><trkpt lat="47.495893000085026" lon="-94.79439736092272"><ele>408.0</ele></trkpt><trkpt lat="47.49671936402899" lon="-94.793367392661"><ele>408.0</ele></trkpt><trkpt lat="47.49642940499591" lon="-94.7921443053502"><ele>408.0</ele></trkpt><trkpt lat="47.49557404086629" lon="-94.79141474449816"><ele>408.0</ele></trkpt><trkpt lat="47.49538555795819" lon="-94.78896856987657"><ele>408.0</ele></trkpt><trkpt lat="47.495849487660244" lon="-94.78705883705797"><ele>408.0</ele></trkpt><trkpt lat="47.49538555795819" lon="-94.78489161217394"><ele>408.0</ele></trkpt><trkpt lat="47.49624092515813" lon="-94.78263855660143"><ele>408.0</ele></trkpt><trkpt lat="47.49584949888862" lon="-94.77873326027574"><ele>408.0</ele></trkpt><trkpt lat="47.49671935603214" lon="-94.77793932640733"><ele>408.0</ele></trkpt><trkpt lat="47.49696571904386" lon="-94.77435589516344"><ele>408.0</ele></trkpt><trkpt lat="47.49682074453416" lon="-94.7707295485753"><ele>408.0</ele></trkpt><trkpt lat="47.49745862938269" lon="-94.76849795067491"><ele>408.0</ele></trkpt><trkpt lat="47.49666127211121" lon="-94.7636699744481"><ele>408.0</ele></trkpt><trkpt lat="47.49451597346537" lon="-94.75669623100939"><ele>408.0</ele></trkpt><trkpt lat="47.496226716743784" lon="-94.75332737648668"><ele>408.0</ele></trkpt><trkpt lat="47.493051638691384" lon="-94.75251198494615"><ele>408.0</ele></trkpt><trkpt lat="47.49232670810759" lon="-94.74985123360338"><ele>408.0</ele></trkpt><trkpt lat="47.490007542806744" lon="-94.74637509072008"><ele>408.0</ele></trkpt><trkpt lat="47.489079576079966" lon="-94.73957300865831"><ele>408.0</ele></trkpt><trkpt lat="47.486441286957124" lon="-94.73912239754381"><ele>408.0</ele></trkpt><trkpt lat="47.485107239056305" lon="-94.73397255623522"><ele>408.0</ele></trkpt><trkpt lat="47.4837832781711" lon="-94.73057086577055"><ele>408.0</ele></trkpt><trkpt lat="47.483428000748106" lon="-94.72797448744413"><ele>402.0</ele></trkpt><trkpt lat="47.482057712406835" lon="-94.72739513029691"><ele>401.0</ele></trkpt><trkpt lat="47.48052068489756" lon="-94.72841436972257"><ele>401.0</ele></trkpt><trkpt lat="47.479650559440266" lon="-94.7282212506735"><ele>401.0</ele></trkpt><trkpt lat="47.478983453497065" lon="-94.72720201124784"><ele>401.08438063155654</ele></trkpt><trkpt lat="47.478983453497065" lon="-94.72666556944486"><ele>401.0489497180097</ele></trkpt><trkpt lat="47.479258998283" lon="-94.72548539747831"><ele>401.0</ele></trkpt><trkpt lat="47.478838429345096" lon="-94.72502405752775"><ele>400.0</ele></trkpt><trkpt lat="47.476496472439344" lon="-94.7250347863638"><ele>400.0</ele></trkpt><trkpt lat="47.475082402953426" lon="-94.72436959852811"><ele>400.0</ele></trkpt><trkpt lat="47.47426318359524" lon="-94.72386534323331"><ele>400.0</ele></trkpt><trkpt lat="47.47379181129502" lon="-94.72230966200468"><ele>400.0</ele></trkpt><trkpt lat="47.47370478825416" lon="-94.72044284453031"><ele>399.0</ele></trkpt><trkpt lat="47.473276922873865" lon="-94.7187476884329"><ele>399.0</ele></trkpt><trkpt lat="47.47392235757868" lon="-94.71695597281095"><ele>399.0</ele></trkpt><trkpt lat="47.47383533406221" lon="-94.71615131010648"><ele>399.0</ele></trkpt><trkpt lat="47.47362502830763" lon="-94.7157221566641"><ele>399.0</ele></trkpt><trkpt lat="47.471253732153556" lon="-94.71727783789274"><ele>399.0</ele></trkpt><trkpt lat="47.47070255717545" lon="-94.71668775190946"><ele>399.0</ele></trkpt><trkpt lat="47.47039810004235" lon="-94.71500332464811"><ele>399.0</ele></trkpt><trkpt lat="47.46865749944744" lon="-94.71265370955106"><ele>399.0</ele></trkpt><trkpt lat="47.46685170114119" lon="-94.71200997938749"><ele>399.0</ele></trkpt><trkpt lat="47.46626421524652" lon="-94.71327598204252"><ele>399.0</ele></trkpt><trkpt lat="47.46500965231213" lon="-94.71376950850126"><ele>399.0</ele></trkpt><trkpt lat="47.464371373356265" lon="-94.71484239210722"><ele>399.0</ele></trkpt><trkpt lat="47.46268872177818" lon="-94.71405918707487"><ele>399.0</ele></trkpt><trkpt lat="47.46086807526747" lon="-94.71367294897672"><ele>399.0</ele></trkpt><trkpt lat="47.45978033470296" lon="-94.71519644369718"><ele>398.0</ele></trkpt><trkpt lat="47.45828602089685" lon="-94.71306140532133"><ele>398.0</ele></trkpt><trkpt lat="47.456878715665454" lon="-94.71278245558378"><ele>398.0</ele></trkpt><trkpt lat="47.4558416440225" lon="-94.71288974394437"><ele>398.0</ele></trkpt><trkpt lat="47.454978364427205" lon="-94.71250350584623"><ele>398.0</ele></trkpt><trkpt lat="47.45317947262905" lon="-94.71119458784696"><ele>398.0</ele></trkpt><trkpt lat="47.45214928688883" lon="-94.7111302148306"><ele>398.0</ele></trkpt><trkpt lat="47.45120614140383" lon="-94.71176321615812"><ele>398.0</ele></trkpt><trkpt lat="47.450633172213074" lon="-94.71183831801054"><ele>398.0</ele></trkpt><trkpt lat="47.449399789159166" lon="-94.71161301245328"><ele>398.0</ele></trkpt><trkpt lat="47.449138598448414" lon="-94.71192414869901"><ele>398.0</ele></trkpt><trkpt lat="47.44929821514801" lon="-94.71236403097745"><ele>398.0</ele></trkpt><trkpt lat="47.45033571188795" lon="-94.71286828627225"><ele>398.0</ele></trkpt><trkpt lat="47.450538855706775" lon="-94.71385533918973"><ele>398.0</ele></trkpt><trkpt lat="47.44913864775261" lon="-94.71488530745145"><ele>398.0</ele></trkpt><trkpt lat="47.448826668259564" lon="-94.71540029158231"><ele>398.0</ele></trkpt><trkpt lat="47.44873234851365" lon="-94.71624786963102"><ele>398.0</ele></trkpt><trkpt lat="47.44908060519636" lon="-94.71761043181058"><ele>398.0</ele></trkpt><trkpt lat="47.44884843433078" lon="-94.71792156805631"><ele>398.26643174592357</ele></trkpt><trkpt lat="47.44808661647954" lon="-94.71790011038419"><ele>398.0</ele></trkpt><trkpt lat="47.44628021512646" lon="-94.71640880217191"><ele>398.0</ele></trkpt><trkpt lat="47.44585938227302" lon="-94.71632297148344"><ele>398.0</ele></trkpt><trkpt lat="47.44516282394491" lon="-94.71485312094327"><ele>397.7846071697463</ele></trkpt><trkpt lat="47.44513380048108" lon="-94.71409137358305"><ele>398.0</ele></trkpt><trkpt lat="47.44436481491066" lon="-94.71248204817411"><ele>397.4789446749584</ele></trkpt><trkpt lat="47.4435811638782" lon="-94.71116240133878"><ele>397.0</ele></trkpt><trkpt lat="47.442158952557364" lon="-94.70971400847074"><ele>397.0</ele></trkpt><trkpt lat="47.44191238569633" lon="-94.70767552961942"><ele>397.0</ele></trkpt><trkpt lat="47.44125205609656" lon="-94.70620567907926"><ele>397.0</ele></trkpt><trkpt lat="47.44079490069742" lon="-94.70570142378446"><ele>397.0</ele></trkpt><trkpt lat="47.4401128760505" lon="-94.70502550711271"><ele>397.0</ele></trkpt><trkpt lat="47.43981535622864" lon="-94.70393116583463"><ele>397.0</ele></trkpt><trkpt lat="47.43882856301741" lon="-94.7031694184744"><ele>397.0</ele></trkpt><trkpt lat="47.43767472908106" lon="-94.70233256926176"><ele>397.0</ele></trkpt><trkpt lat="47.4373337476396" lon="-94.70165665259"><ele>397.0</ele></trkpt><trkpt lat="47.436738674882484" lon="-94.69917829146024"><ele>397.0</ele></trkpt><trkpt lat="47.43575171010689" lon="-94.69700033774015"><ele>397.0</ele></trkpt><trkpt lat="47.4358315388283" lon="-94.69586308111784"><ele>397.0</ele></trkpt><trkpt lat="47.43628148026589" lon="-94.69412500967618"><ele>397.0</ele></trkpt><trkpt lat="47.436999927165544" lon="-94.69365294088956"><ele>397.0</ele></trkpt><trkpt lat="47.43783447437971" lon="-94.69442541708585"><ele>397.0</ele></trkpt><trkpt lat="47.43926400521987" lon="-94.69592745413419"><ele>397.0</ele></trkpt><trkpt lat="47.4395107316792" lon="-94.69541247000333"><ele>397.0</ele></trkpt><trkpt lat="47.43994612849084" lon="-94.6926337014639"><ele>397.0</ele></trkpt><trkpt lat="47.43996789823686" lon="-94.69123895277616"><ele>397.0</ele></trkpt><trkpt lat="47.439735705349676" lon="-94.68946869482633"><ele>397.0</ele></trkpt><trkpt lat="47.438864904640525" lon="-94.68903954138395"><ele>397.0</ele></trkpt><trkpt lat="47.438864904640525" lon="-94.68773062338468"><ele>397.0</ele></trkpt><trkpt lat="47.4386109183855" lon="-94.68753750433561"><ele>397.0</ele></trkpt><trkpt lat="47.43826259238487" lon="-94.6879130135977"><ele>397.0</ele></trkpt><trkpt lat="47.438001346371095" lon="-94.68839581122037"><ele>397.0</ele></trkpt><trkpt lat="47.4373409687194" lon="-94.6880954038107"><ele>397.0</ele></trkpt><trkpt lat="47.43685494674699" lon="-94.68691523184415"><ele>397.0</ele></trkpt><trkpt lat="47.43655015145084" lon="-94.68659336676237"><ele>397.0</ele></trkpt><trkpt lat="47.43625986857494" lon="-94.6866362821066"><ele>397.0</ele></trkpt><trkpt lat="47.435955069831756" lon="-94.68697960486051"><ele>397.0</ele></trkpt><trkpt lat="47.435584954698626" lon="-94.68810613264677"><ele>397.0</ele></trkpt><trkpt lat="47.43521483696218" lon="-94.68815977682706"><ele>397.0</ele></trkpt><trkpt lat="47.43493906126999" lon="-94.68779499640104"><ele>397.0</ele></trkpt><trkpt lat="47.434663284132526" lon="-94.68736584295866"><ele>397.0</ele></trkpt><trkpt lat="47.4341409724786" lon="-94.68733365645048"><ele>397.0</ele></trkpt><trkpt lat="47.43320476159652" lon="-94.68753750433561"><ele>397.0</ele></trkpt><trkpt lat="47.43274027869836" lon="-94.68736584295866"><ele>397.0</ele></trkpt><trkpt lat="47.42944300737941" lon="-94.68242049896898"><ele>397.0</ele></trkpt><trkpt lat="47.430299446804206" lon="-94.67845082962694"><ele>397.0</ele></trkpt><trkpt lat="47.43040105750097" lon="-94.67624068939867"><ele>397.0</ele></trkpt><trkpt lat="47.431068780056535" lon="-94.6752750941533"><ele>397.0</ele></trkpt><trkpt lat="47.4319977712587" lon="-94.67557550156297"><ele>397.0</ele></trkpt><trkpt lat="47.43269450389873" lon="-94.67658401215257"><ele>397.0</ele></trkpt><trkpt lat="47.43344928718289" lon="-94.67971683228197"><ele>398.0</ele></trkpt><trkpt lat="47.43411697106415" lon="-94.67999578201952"><ele>397.0</ele></trkpt><trkpt lat="47.4385145248545" lon="-94.67731357300462"><ele>397.0</ele></trkpt><trkpt lat="47.43934179137955" lon="-94.67666984284105"><ele>397.9558477368346</ele></trkpt><trkpt lat="47.439632057253036" lon="-94.67518926346483"><ele>397.0</ele></trkpt><trkpt lat="47.438021061435634" lon="-94.67173457825365"><ele>397.0</ele></trkpt><trkpt lat="47.43678747469371" lon="-94.66684222901048"><ele>397.0</ele></trkpt><trkpt lat="47.43476998469459" lon="-94.66613412583055"><ele>397.0</ele></trkpt><trkpt lat="47.43424745668806" lon="-94.66518998825731"><ele>397.0910257411672</ele></trkpt><trkpt lat="47.43426197142499" lon="-94.66426730835619"><ele>397.0</ele></trkpt><trkpt lat="47.43835496748136" lon="-94.65836644852342"><ele>397.0</ele></trkpt><trkpt lat="47.43385549980041" lon="-94.64336753571214"><ele>397.0</ele></trkpt><trkpt lat="47.43327536760014" lon="-94.6425306864995"><ele>397.0</ele></trkpt><trkpt lat="47.433144732374664" lon="-94.64145780289354"><ele>397.0</ele></trkpt><trkpt lat="47.43291249117313" lon="-94.64113593781175"><ele>397.0</ele></trkpt><trkpt lat="47.432302853142794" lon="-94.64139342987718"><ele>397.0</ele></trkpt><trkpt lat="47.431645057015885" lon="-94.64422519316312"><ele>398.0</ele></trkpt><trkpt lat="47.43110798237742" lon="-94.64501912703153"><ele>398.0</ele></trkpt><trkpt lat="47.4305563865031" lon="-94.64522297491666"><ele>397.0</ele></trkpt><trkpt lat="47.429910431353875" lon="-94.64478309263822"><ele>397.19945413875394</ele></trkpt><trkpt lat="47.42954753172451" lon="-94.64389259924528"><ele>397.0</ele></trkpt><trkpt lat="47.429583821800044" lon="-94.64292700399992"><ele>397.0</ele></trkpt><trkpt lat="47.430462033998246" lon="-94.64134986509916"><ele>397.0</ele></trkpt><trkpt lat="47.42955931098493" lon="-94.62734255124187"><ele>397.0</ele></trkpt><trkpt lat="47.43385588105998" lon="-94.61678537655925"><ele>397.0</ele></trkpt><trkpt lat="47.43310110360751" lon="-94.61506876278972"><ele>397.0</ele></trkpt><trkpt lat="47.428804471909615" lon="-94.61069139767741"><ele>397.0</ele></trkpt><trkpt lat="47.42984963082365" lon="-94.60150751401042"><ele>397.0</ele></trkpt><trkpt lat="47.43629431884438" lon="-94.58811792660808"><ele>397.0</ele></trkpt><trkpt lat="47.43530734573407" lon="-94.5726684026823"><ele>397.0</ele></trkpt><trkpt lat="47.441051783599676" lon="-94.55309900570964"><ele>397.0</ele></trkpt><trkpt lat="47.440006847158344" lon="-94.5327571325407"><ele>397.0</ele></trkpt><trkpt lat="47.442096699287156" lon="-94.5125869207487"><ele>397.0</ele></trkpt><trkpt lat="47.451555077471966" lon="-94.49748071957683"><ele>397.0</ele></trkpt><trkpt lat="47.45254174579376" lon="-94.48786768246745"><ele>397.0</ele></trkpt><trkpt lat="47.45184572276257" lon="-94.48310018265428"><ele>397.0</ele></trkpt><trkpt lat="47.450293142237776" lon="-94.48048234665575"><ele>397.0</ele></trkpt><trkpt lat="47.45011901958872" lon="-94.4787442752141"><ele>397.0</ele></trkpt><trkpt lat="47.45123630548554" lon="-94.47614789688768"><ele>397.0</ele></trkpt><trkpt lat="47.45235356764664" lon="-94.47501064026537"><ele>397.0</ele></trkpt><trkpt lat="47.45413799701437" lon="-94.47556853974046"><ele>397.0</ele></trkpt><trkpt lat="47.45463130925924" lon="-94.47466731751146"><ele>397.0</ele></trkpt><trkpt lat="47.45479090928881" lon="-94.47119117462816"><ele>397.0</ele></trkpt><trkpt lat="47.45393486709784" lon="-94.46797252381029"><ele>397.0</ele></trkpt><trkpt lat="47.45172940606999" lon="-94.46419597351732"><ele>397.0</ele></trkpt><trkpt lat="47.45010457652139" lon="-94.45990443909349"><ele>397.5865606428664</ele></trkpt><trkpt lat="47.45084459990788" lon="-94.45900321686449"><ele>397.0</ele></trkpt><trkpt lat="47.45216500792809" lon="-94.4586813517827"><ele>397.0</ele></trkpt><trkpt lat="47.45226657640267" lon="-94.4577801295537"><ele>397.0</ele></trkpt><trkpt lat="47.44892922385862" lon="-94.45290923798265"><ele>397.5740199481412</ele></trkpt><trkpt lat="47.44904530235255" lon="-94.4517290660161"><ele>396.30146072510536</ele></trkpt><trkpt lat="47.45030771573421" lon="-94.44934726441087"><ele>396.82642848277465</ele></trkpt><trkpt lat="47.45003201914971" lon="-94.44576383316698"><ele>397.0</ele></trkpt><trkpt lat="47.451497547573645" lon="-94.44222331726732"><ele>396.2609369020887</ele></trkpt><trkpt lat="47.45038026722677" lon="-94.4407427378911"><ele>396.0</ele></trkpt><trkpt lat="47.44824780283212" lon="-94.44009900772753"><ele>396.0</ele></trkpt><trkpt lat="47.44644842332699" lon="-94.43733096802416"><ele>396.0</ele></trkpt><trkpt lat="47.446666093475386" lon="-94.4337904521245"><ele>396.0</ele></trkpt><trkpt lat="47.444373420191745" lon="-94.42720294678392"><ele>396.3713867205191</ele></trkpt><trkpt lat="47.444213788546925" lon="-94.42479968750658"><ele>396.0</ele></trkpt><trkpt lat="47.44328501300532" lon="-94.42276120865526"><ele>396.0</ele></trkpt><trkpt lat="47.44051384313311" lon="-94.42025066101732"><ele>396.32531458598385</ele></trkpt><trkpt lat="47.44036871282895" lon="-94.41939235413255"><ele>396.49370746547515</ele></trkpt><trkpt lat="47.44100728317266" lon="-94.41791177475633"><ele>396.0695580957011</ele></trkpt><trkpt lat="47.44242952562769" lon="-94.41638828003587"><ele>396.0029559872724</ele></trkpt><trkpt lat="47.44469342409736" lon="-94.41632390701952"><ele>396.0</ele></trkpt><trkpt lat="47.44534627277498" lon="-94.41559434616747"><ele>396.02829517312284</ele></trkpt><trkpt lat="47.445796132847896" lon="-94.41301942551317"><ele>396.0</ele></trkpt><trkpt lat="47.44566552870695" lon="-94.41134572708788"><ele>396.0</ele></trkpt><trkpt lat="47.444475564930386" lon="-94.40894246781053"><ele>395.0</ele></trkpt><trkpt lat="47.443082679730686" lon="-94.40735460007372"><ele>396.0</ele></trkpt><trkpt lat="47.44222644695869" lon="-94.40568090164842"><ele>395.3305082648722</ele></trkpt><trkpt lat="47.44139922579107" lon="-94.40563798630419"><ele>396.0</ele></trkpt><trkpt lat="47.44048491357808" lon="-94.40606713974657"><ele>396.0</ele></trkpt><trkpt lat="47.43993341598916" lon="-94.40529466355028"><ele>396.0</ele></trkpt><trkpt lat="47.43970120474857" lon="-94.40353513443651"><ele>395.97484669114687</ele></trkpt><trkpt lat="47.438569160273914" lon="-94.40252662384691"><ele>396.0</ele></trkpt><trkpt lat="47.43785799167278" lon="-94.40422177994432"><ele>396.0</ele></trkpt><trkpt lat="47.43710327162369" lon="-94.40694690430345"><ele>396.0</ele></trkpt><trkpt lat="47.43703070181772" lon="-94.40907121384325"><ele>396.0</ele></trkpt><trkpt lat="47.43636305490654" lon="-94.41057325089159"><ele>396.0</ele></trkpt><trkpt lat="47.43572551603479" lon="-94.41072345459642"><ele>396.0</ele></trkpt><trkpt lat="47.43518848303924" lon="-94.40997243607225"><ele>396.0</ele></trkpt><trkpt lat="47.43481110522292" lon="-94.40898538315477"><ele>395.70142848277465</ele></trkpt><trkpt lat="47.4339257081844" lon="-94.40827727997484"><ele>395.22277003573254</ele></trkpt><trkpt lat="47.43353380637835" lon="-94.40731168472948"><ele>396.0</ele></trkpt><trkpt lat="47.4330838414463" lon="-94.40424323761644"><ele>396.0</ele></trkpt><trkpt lat="47.43367924516287" lon="-94.39864278519335"><ele>396.0</ele></trkpt><trkpt lat="47.43157454320817" lon="-94.39649701798143"><ele>396.0</ele></trkpt><trkpt lat="47.43054681248378" lon="-94.39593846907255"><ele>396.0</ele></trkpt><trkpt lat="47.429625053676766" lon="-94.39587409605619"><ele>396.0</ele></trkpt><trkpt lat="47.42826053068811" lon="-94.3967216741049"><ele>395.73985474329675</ele></trkpt><trkpt lat="47.42783955368949" lon="-94.39653928389188"><ele>396.0</ele></trkpt><trkpt lat="47.427121085158426" lon="-94.39184005369779"><ele>396.0</ele></trkpt><trkpt lat="47.427542067903396" lon="-94.39119632353422"><ele>396.0</ele></trkpt><trkpt lat="47.428783221571585" lon="-94.39046676268217"><ele>396.0</ele></trkpt><trkpt lat="47.429044513351336" lon="-94.3897693883383"><ele>396.0</ele></trkpt><trkpt lat="47.42909530207629" lon="-94.388996912142"><ele>396.0</ele></trkpt><trkpt lat="47.42801383704987" lon="-94.38746268858549"><ele>396.0</ele></trkpt><trkpt lat="47.4272662341426" lon="-94.38590700735685"><ele>396.0</ele></trkpt><trkpt lat="47.42752027690376" lon="-94.38426549543973"><ele>396.0</ele></trkpt><trkpt lat="47.42847110524452" lon="-94.38387925734159"><ele>396.0</ele></trkpt><trkpt lat="47.42947272262884" lon="-94.38402946104642"><ele>396.0</ele></trkpt><trkpt lat="47.43022749245725" lon="-94.38365395178434"><ele>396.0</ele></trkpt><trkpt lat="47.43154841801956" lon="-94.38224847426054"><ele>396.0</ele></trkpt><trkpt lat="47.43221612601825" lon="-94.38221628775236"><ele>396.0</ele></trkpt><trkpt lat="47.43233224828368" lon="-94.38162620176908"><ele>396.0</ele></trkpt><trkpt lat="47.43207097282613" lon="-94.38107903113004"><ele>396.0</ele></trkpt><trkpt lat="47.43143229402459" lon="-94.38049967398283"><ele>396.0</ele></trkpt><trkpt lat="47.431163756304834" lon="-94.37981302847501"><ele>396.0</ele></trkpt><trkpt lat="47.43192577453972" lon="-94.37668020834562"><ele>396.0</ele></trkpt><trkpt lat="47.43096775078765" lon="-94.37452371229764"><ele>396.0</ele></trkpt><trkpt lat="47.43066292139112" lon="-94.37399799933073"><ele>396.0</ele></trkpt><trkpt lat="47.43025670128882" lon="-94.37395508398649"><ele>396.0</ele></trkpt><trkpt lat="47.42854380433998" lon="-94.3744807969534"><ele>396.69764525676146</ele></trkpt><trkpt lat="47.427563944155956" lon="-94.37371904959318"><ele>396.0</ele></trkpt><trkpt lat="47.42664225958225" lon="-94.37169129957792"><ele>396.0</ele></trkpt><trkpt lat="47.42659871150795" lon="-94.37079007734891"><ele>396.0</ele></trkpt><trkpt lat="47.42761488109391" lon="-94.37007124533292"><ele>396.0</ele></trkpt><trkpt lat="47.427963277578726" lon="-94.36903054823514"><ele>396.8647656221874</ele></trkpt><trkpt lat="47.42765843078064" lon="-94.36815078367826"><ele>396.0</ele></trkpt><trkpt lat="47.42705599024933" lon="-94.36526472677824"><ele>396.0</ele></trkpt><trkpt lat="47.42545927207102" lon="-94.36543638815519"><ele>396.0</ele></trkpt><trkpt lat="47.425139893521816" lon="-94.3646102677786"><ele>396.0</ele></trkpt><trkpt lat="47.42523425556758" lon="-94.36135943045255"><ele>396.0</ele></trkpt><trkpt lat="47.424726187723834" lon="-94.35818369497892"><ele>396.0</ele></trkpt><trkpt lat="47.42438502854282" lon="-94.35693914999601"><ele>396.0</ele></trkpt><trkpt lat="47.423920467458494" lon="-94.35599501242277"><ele>396.0</ele></trkpt><trkpt lat="47.42395676141377" lon="-94.35464317907926"><ele>396.0</ele></trkpt><trkpt lat="47.424929420135825" lon="-94.35233647932645"><ele>396.0</ele></trkpt><trkpt lat="47.42487135086834" lon="-94.3483453523123"><ele>396.0</ele></trkpt><trkpt lat="47.42195341477883" lon="-94.34480483641264"><ele>396.0</ele></trkpt><trkpt lat="47.420842836000986" lon="-94.34241230597135"><ele>396.0</ele></trkpt><trkpt lat="47.42137275624235" lon="-94.34145743956205"><ele>396.0</ele></trkpt><trkpt lat="47.42123483230943" lon="-94.3407815228903"><ele>396.0</ele></trkpt><trkpt lat="47.419833795040454" lon="-94.33694059958097"><ele>396.0</ele></trkpt><trkpt lat="47.418948392280775" lon="-94.33558876623746"><ele>396.0</ele></trkpt><trkpt lat="47.41734402295005" lon="-94.32977373709318"><ele>396.0</ele></trkpt><trkpt lat="47.41536484293591" lon="-94.32462290845532"><ele>396.0</ele></trkpt><trkpt lat="47.48085916686779" lon="-94.11709469465958"><ele>396.0</ele></trkpt><trkpt lat="47.47807473261745" lon="-94.09752529768693"><ele>396.0</ele></trkpt><trkpt lat="47.46856013551041" lon="-94.08104580549943"><ele>396.0</ele></trkpt><trkpt lat="47.45556180488163" lon="-94.06971615462052"><ele>396.0</ele></trkpt><trkpt lat="47.44186365834697" lon="-94.06387966780412"><ele>396.0</ele></trkpt><trkpt lat="47.433735953298175" lon="-94.06078976301896"><ele>396.0</ele></trkpt><trkpt lat="47.4304472072563" lon="-94.05536684323405"><ele>396.0</ele></trkpt><trkpt lat="47.42967303791474" lon="-94.05094396504236"><ele>396.1898508232664</ele></trkpt><trkpt lat="47.424214738680796" lon="-94.0454937163241"><ele>393.8772279767462</ele></trkpt><trkpt lat="47.42180477752851" lon="-94.04287588032557"><ele>393.958994934801</ele></trkpt><trkpt lat="47.42003353092343" lon="-94.04193174275233"><ele>393.5429644180583</ele></trkpt><trkpt lat="47.41931488487071" lon="-94.04233813965502"><ele>393.7999742955453</ele></trkpt><trkpt lat="47.418603456061696" lon="-94.04208064758959"><ele>393.0</ele></trkpt><trkpt lat="47.41835663157576" lon="-94.04167295181932"><ele>393.0</ele></trkpt><trkpt lat="47.418603456061696" lon="-94.04034257614794"><ele>393.0</ele></trkpt><trkpt lat="47.417688747753566" lon="-94.03937698090257"><ele>393.0</ele></trkpt><trkpt lat="47.417107972326136" lon="-94.03950572693529"><ele>393.0</ele></trkpt><trkpt lat="47.41659978857224" lon="-94.0390765734929"><ele>393.0</ele></trkpt><trkpt lat="47.41600448136558" lon="-94.03753162110033"><ele>393.0</ele></trkpt><trkpt lat="47.415075745910144" lon="-94.03755307877245"><ele>393.0</ele></trkpt><trkpt lat="47.414523982026225" lon="-94.03697372162523"><ele>393.0</ele></trkpt><trkpt lat="47.41421905739956" lon="-94.03592229569139"><ele>393.0</ele></trkpt><trkpt lat="47.41238962424605" lon="-94.03163076126756"><ele>392.0</ele></trkpt><trkpt lat="47.41192495765878" lon="-94.02942062103929"><ele>392.0</ele></trkpt><trkpt lat="47.40820274487025" lon="-94.02828466328455"><ele>392.0</ele></trkpt><trkpt lat="47.40521114415058" lon="-94.03120290669276"><ele>393.0</ele></trkpt><trkpt lat="47.4050866026379" lon="-94.03240323746385"><ele>393.0</ele></trkpt><trkpt lat="47.404781623368265" lon="-94.0339052745122"><ele>393.0</ele></trkpt><trkpt lat="47.40412809041609" lon="-94.03517127716722"><ele>393.0</ele></trkpt><trkpt lat="47.403358363429895" lon="-94.03602958405199"><ele>392.0</ele></trkpt><trkpt lat="47.40287909377584" lon="-94.03735995972337"><ele>392.0</ele></trkpt><trkpt lat="47.40299528075902" lon="-94.04002071106615"><ele>392.0</ele></trkpt><trkpt lat="47.40290814054566" lon="-94.04098630631151"><ele>393.0</ele></trkpt><trkpt lat="47.40270481282058" lon="-94.04158712113085"><ele>393.0</ele></trkpt><trkpt lat="47.40142733656789" lon="-94.04199481690111"><ele>393.0</ele></trkpt><trkpt lat="47.39994588924728" lon="-94.04281020844164"><ele>393.0</ele></trkpt><trkpt lat="47.39856607241325" lon="-94.04235959732713"><ele>393.0</ele></trkpt><trkpt lat="47.39679492551943" lon="-94.04218793595018"><ele>393.0</ele></trkpt><trkpt lat="47.39358478812005" lon="-94.04246688568773"><ele>392.71235963196165</ele></trkpt><trkpt lat="47.39184164516684" lon="-94.04158712113085"><ele>393.0</ele></trkpt><trkpt lat="47.388617611697185" lon="-94.04092193329515"><ele>393.0</ele></trkpt><trkpt lat="47.38664185912584" lon="-94.04066444122972"><ele>393.0</ele></trkpt><trkpt lat="47.38606074133401" lon="-94.04023528778734"><ele>393.0</ele></trkpt><trkpt lat="47.38559584248784" lon="-94.03924823486986"><ele>393.0</ele></trkpt><trkpt lat="47.384913014873895" lon="-94.0390765734929"><ele>393.0</ele></trkpt><trkpt lat="47.38163060207278" lon="-94.04124379837694"><ele>393.0</ele></trkpt><trkpt lat="47.378230648921935" lon="-94.0431106158513"><ele>393.0</ele></trkpt><trkpt lat="47.37733092324527" lon="-94.04298186981859"><ele>393.14766923768866</ele></trkpt><trkpt lat="47.375645366337956" lon="-94.04341102326097"><ele>393.0</ele></trkpt><trkpt lat="47.37468631853103" lon="-94.04300332749071"><ele>393.0</ele></trkpt><trkpt lat="47.373363966435456" lon="-94.04272437775316"><ele>393.0</ele></trkpt><trkpt lat="47.372608321778785" lon="-94.0422093936223"><ele>392.02637118147686</ele></trkpt><trkpt lat="47.37164921873737" lon="-94.04049277985277"><ele>392.9829083886826</ele></trkpt><trkpt lat="47.37028428141083" lon="-94.03903365814867"><ele>393.0</ele></trkpt><trkpt lat="47.36870022902019" lon="-94.03785348618212"><ele>393.0</ele></trkpt><trkpt lat="47.3672905277115" lon="-94.03856158936205"><ele>393.0</ele></trkpt><trkpt lat="47.366665596521706" lon="-94.03909803116503"><ele>393.0</ele></trkpt><trkpt lat="47.36652026262572" lon="-94.0397417613286"><ele>393.0</ele></trkpt><trkpt lat="47.366026124384135" lon="-94.04006362641039"><ele>393.916100596079</ele></trkpt><trkpt lat="47.36497969870967" lon="-94.03899074280443"><ele>396.0359583526838</ele></trkpt><trkpt lat="47.36465995339086" lon="-94.03714538300218"><ele>393.0</ele></trkpt><trkpt lat="47.364195429094764" lon="-94.03594375336351"><ele>393.0</ele></trkpt><trkpt lat="47.36370126907484" lon="-94.03538585388841"><ele>393.0</ele></trkpt><trkpt lat="47.3627274696045" lon="-94.03542876923265"><ele>393.0</ele></trkpt><trkpt lat="47.36181179101811" lon="-94.03590083801927"><ele>393.0</ele></trkpt><trkpt lat="47.359965850951696" lon="-94.03555751526537"><ele>392.80427751516623</ele></trkpt><trkpt lat="47.35957339867542" lon="-94.03506398880663"><ele>393.1225380540777</ele></trkpt><trkpt lat="47.359689681135706" lon="-94.03371215546312"><ele>392.0844258298166</ele></trkpt><trkpt lat="47.359340832986064" lon="-94.03285384857836"><ele>392.0</ele></trkpt><trkpt lat="47.35873091663896" lon="-94.03205991470995"><ele>392.0</ele></trkpt><trkpt lat="47.35845474035885" lon="-94.03115869248094"><ele>392.0</ele></trkpt><trkpt lat="47.35761166698295" lon="-94.02622342789354"><ele>391.9081330256823</ele></trkpt><trkpt lat="47.35723373316577" lon="-94.02532220566454"><ele>391.1434380983777</ele></trkpt><trkpt lat="47.356288886779645" lon="-94.02478576386156"><ele>391.0</ele></trkpt><trkpt lat="47.35544577879745" lon="-94.02508617127123"><ele>391.0</ele></trkpt><trkpt lat="47.354922463619154" lon="-94.02549386704149"><ele>391.0</ele></trkpt><trkpt lat="47.35416655475501" lon="-94.02641654694261"><ele>391.0</ele></trkpt><trkpt lat="47.35358507902976" lon="-94.02678132736864"><ele>391.0</ele></trkpt><trkpt lat="47.35208906873901" lon="-94.0271890231389"><ele>390.0</ele></trkpt><trkpt lat="47.35152210766614" lon="-94.026845700385"><ele>391.261362412458</ele></trkpt><trkpt lat="47.35133311928834" lon="-94.0260732241887"><ele>390.0</ele></trkpt><trkpt lat="47.35112959258616" lon="-94.02317643845262"><ele>390.0</ele></trkpt><trkpt lat="47.35046085646709" lon="-94.02100921356859"><ele>390.0</ele></trkpt><trkpt lat="47.350315477928625" lon="-94.01862741196337"><ele>390.0</ele></trkpt><trkpt lat="47.35014102315388" lon="-94.01785493576708"><ele>390.0</ele></trkpt><trkpt lat="47.34766988947647" lon="-94.0154087611455"><ele>390.4399621046614</ele></trkpt><trkpt lat="47.34733550055771" lon="-94.01446462357225"><ele>390.6242077222695</ele></trkpt><trkpt lat="47.347364577939096" lon="-94.01334882462206"><ele>390.0</ele></trkpt><trkpt lat="47.34720465214329" lon="-94.01223302567186"><ele>390.0</ele></trkpt><trkpt lat="47.34682692528468" lon="-94.01109576904955"><ele>390.0</ele></trkpt><trkpt lat="47.346521608871406" lon="-94.00809169495287"><ele>390.0</ele></trkpt><trkpt lat="47.34672515334315" lon="-94.00731921875658"><ele>390.0</ele></trkpt><trkpt lat="47.34797548073576" lon="-94.00665403092088"><ele>390.0</ele></trkpt><trkpt lat="47.34876055489164" lon="-94.006675488593"><ele>390.0</ele></trkpt><trkpt lat="47.34896409072961" lon="-94.00684714996996"><ele>390.0</ele></trkpt><trkpt lat="47.3492984693309" lon="-94.00656820023241"><ele>390.562458086526</ele></trkpt><trkpt lat="47.349385698182836" lon="-94.00603175842943"><ele>390.31245808606036</ele></trkpt><trkpt lat="47.3490077054499" lon="-94.00450826370897"><ele>390.0</ele></trkpt><trkpt lat="47.3486878633307" lon="-94.00392890656175"><ele>390.0</ele></trkpt><trkpt lat="47.34768470956652" lon="-94.00397182190599"><ele>390.0</ele></trkpt><trkpt lat="47.347219472363946" lon="-94.00412202561083"><ele>390.0</ele></trkpt><trkpt lat="47.34672515334315" lon="-94.00384307587328"><ele>390.0</ele></trkpt><trkpt lat="47.346099978540224" lon="-94.0021908351201"><ele>390.0</ele></trkpt><trkpt lat="47.34586735346758" lon="-94.00090337479295"><ele>390.0</ele></trkpt><trkpt lat="47.34560564903548" lon="-94.00021672928514"><ele>390.0</ele></trkpt><trkpt lat="47.34482052795427" lon="-93.9993798800725"><ele>390.0</ele></trkpt><trkpt lat="47.34429710741275" lon="-93.99796367371263"><ele>390.67357151716715</ele></trkpt><trkpt lat="47.34354171703355" lon="-93.995689160468"><ele>391.0</ele></trkpt><trkpt lat="47.34275656525519" lon="-93.99382234299364"><ele>390.0640993732254</ele></trkpt><trkpt lat="47.342465765336826" lon="-93.99356485092821"><ele>390.0</ele></trkpt><trkpt lat="47.341840540088164" lon="-93.99326444351854"><ele>390.0</ele></trkpt><trkpt lat="47.340270170105484" lon="-93.9926636286992"><ele>390.0</ele></trkpt><trkpt lat="47.339964815768575" lon="-93.99206281387987"><ele>391.0</ele></trkpt><trkpt lat="47.34041557631187" lon="-93.99116159165087"><ele>390.0</ele></trkpt><trkpt lat="47.340590063230906" lon="-93.99056077683153"><ele>390.0</ele></trkpt><trkpt lat="47.34063368487056" lon="-93.99000287735643"><ele>390.0</ele></trkpt><trkpt lat="47.34034309137353" lon="-93.98830772125902"><ele>390.0</ele></trkpt><trkpt lat="47.33984870795923" lon="-93.98697734558763"><ele>390.0</ele></trkpt><trkpt lat="47.33883084517642" lon="-93.98594737732591"><ele>390.0</ele></trkpt><trkpt lat="47.33791475189445" lon="-93.98517490112962"><ele>390.304936618777</ele></trkpt><trkpt lat="47.33759484255958" lon="-93.98438096726122"><ele>392.0</ele></trkpt><trkpt lat="47.33772571479449" lon="-93.98397327149095"><ele>391.0</ele></trkpt><trkpt lat="47.33797291701982" lon="-93.9839088984746"><ele>390.36337131664936</ele></trkpt><trkpt lat="47.33846731799848" lon="-93.98395181381883"><ele>391.0</ele></trkpt><trkpt lat="47.338801763094274" lon="-93.98367286408129"><ele>391.0</ele></trkpt><trkpt lat="47.3389907963418" lon="-93.98322225296678"><ele>390.0301366643137</ele></trkpt><trkpt lat="47.33891809132671" lon="-93.9827930995244"><ele>390.0</ele></trkpt><trkpt lat="47.3386854346056" lon="-93.98249269211473"><ele>390.1369586015032</ele></trkpt><trkpt lat="47.33932523812175" lon="-93.97800803864183"><ele>390.0</ele></trkpt><trkpt lat="47.339262522001356" lon="-93.97744948973295"><ele>390.82264525676146</ele></trkpt><trkpt lat="47.33901532581372" lon="-93.97698814978239"><ele>390.0</ele></trkpt><trkpt lat="47.33870996421939" lon="-93.97691304792997"><ele>390.0</ele></trkpt><trkpt lat="47.33820102430427" lon="-93.97702033629056"><ele>390.0</ele></trkpt><trkpt lat="47.33751758298703" lon="-93.97636587729093"><ele>390.0</ele></trkpt><trkpt lat="47.337415793097804" lon="-93.97575433363554"><ele>390.0</ele></trkpt><trkpt lat="47.33753939508063" lon="-93.97534663786527"><ele>390.0</ele></trkpt><trkpt lat="47.338193753698526" lon="-93.97444541563627"><ele>390.0</ele></trkpt><trkpt lat="47.33812831613748" lon="-93.97381241430875"><ele>390.0</ele></trkpt><trkpt lat="47.33769207741928" lon="-93.97345836271879"><ele>390.0</ele></trkpt><trkpt lat="47.33702325938865" lon="-93.9732437859976"><ele>390.0</ele></trkpt><trkpt lat="47.33628890677147" lon="-93.97255714048978"><ele>390.0</ele></trkpt><trkpt lat="47.33467487517834" lon="-93.97168810476896"><ele>390.0</ele></trkpt><trkpt lat="47.33389686273222" lon="-93.97052939047452"><ele>390.0</ele></trkpt><trkpt lat="47.33212283444099" lon="-93.96941359152433"><ele>390.0</ele></trkpt><trkpt lat="47.331170266924495" lon="-93.968995166918"><ele>390.0</ele></trkpt><trkpt lat="47.330777600504575" lon="-93.96919901480314"><ele>390.0</ele></trkpt><trkpt lat="47.330101334826686" lon="-93.96991784681913"><ele>390.0</ele></trkpt><trkpt lat="47.32917808623773" lon="-93.96991784681913"><ele>390.0</ele></trkpt><trkpt lat="47.32834908910283" lon="-93.9682012330496"><ele>390.0</ele></trkpt><trkpt lat="47.327360093044405" lon="-93.96723563780424"><ele>390.0</ele></trkpt><trkpt lat="47.326989214748316" lon="-93.96638805975553"><ele>390.0</ele></trkpt><trkpt lat="47.32899628973426" lon="-93.96381313910123"><ele>390.0365492403507</ele></trkpt><trkpt lat="47.32927262017226" lon="-93.96292264570829"><ele>391.0</ele></trkpt><trkpt lat="47.32893084283982" lon="-93.9624934922659"><ele>390.6330729470782</ele></trkpt><trkpt lat="47.32825466039305" lon="-93.96235401739713"><ele>390.0</ele></trkpt><trkpt lat="47.32781106806993" lon="-93.96251494993803"><ele>390.3007780077896</ele></trkpt><trkpt lat="47.32765835509665" lon="-93.96327669729826"><ele>390.0</ele></trkpt><trkpt lat="47.32743292085296" lon="-93.963770223757"><ele>390.0</ele></trkpt><trkpt lat="47.3271129480164" lon="-93.96425302137968"><ele>390.0</ele></trkpt><trkpt lat="47.32679297324154" lon="-93.96447832693693"><ele>390.0</ele></trkpt><trkpt lat="47.326465724307766" lon="-93.96425302137968"><ele>390.0</ele></trkpt><trkpt lat="47.326429363189995" lon="-93.96284754385587"><ele>390.0</ele></trkpt><trkpt lat="47.32642209096343" lon="-93.96193559279081"><ele>390.0</ele></trkpt><trkpt lat="47.32568031859491" lon="-93.96065886129972"><ele>390.0</ele></trkpt><trkpt lat="47.325411241729796" lon="-93.9590709935629"><ele>391.0</ele></trkpt><trkpt lat="47.325295095965586" lon="-93.95874912848112"><ele>390.88514525681967</ele></trkpt><trkpt lat="47.32509146887097" lon="-93.9586740266287"><ele>390.9708535585669</ele></trkpt><trkpt lat="47.32491693073661" lon="-93.95941431631681"><ele>391.0</ele></trkpt><trkpt lat="47.32432786027545" lon="-93.95981128325101"><ele>390.93358104486185</ele></trkpt><trkpt lat="47.3229533369871" lon="-93.95938212980863"><ele>390.0</ele></trkpt><trkpt lat="47.32288060989098" lon="-93.95884568800565"><ele>390.0</ele></trkpt><trkpt lat="47.323055154753426" lon="-93.95776207556364"><ele>390.0</ele></trkpt><trkpt lat="47.321520834215264" lon="-93.95455415358182"><ele>390.0</ele></trkpt><trkpt lat="47.32122264439952" lon="-93.95431811918851"><ele>390.0</ele></trkpt><trkpt lat="47.320997182689794" lon="-93.95458634009"><ele>390.0</ele></trkpt><trkpt lat="47.3209753637636" lon="-93.9551978837454"><ele>390.0</ele></trkpt><trkpt lat="47.320706262932944" lon="-93.95569141020414"><ele>390.0</ele></trkpt><trkpt lat="47.320335337919616" lon="-93.95583088507291"><ele>390.0</ele></trkpt><trkpt lat="47.32003714141281" lon="-93.95577724089262"><ele>390.0</ele></trkpt><trkpt lat="47.31962984590368" lon="-93.9547472726309"><ele>390.0</ele></trkpt><trkpt lat="47.319331852497285" lon="-93.95436103453275"><ele>390.0</ele></trkpt><trkpt lat="47.318859092177696" lon="-93.95401771177885"><ele>390.0</ele></trkpt><trkpt lat="47.31799356616971" lon="-93.95377094854948"><ele>390.0</ele></trkpt><trkpt lat="47.317397145039195" lon="-93.95330960859891"><ele>390.0</ele></trkpt><trkpt lat="47.31704074383318" lon="-93.95296628584501"><ele>390.139709693551</ele></trkpt><trkpt lat="47.31690254680035" lon="-93.95230109800931"><ele>390.0</ele></trkpt><trkpt lat="47.31623337710821" lon="-93.95094926466581"><ele>390.0</ele></trkpt><trkpt lat="47.316226103478044" lon="-93.95036990751859"><ele>390.0</ele></trkpt><trkpt lat="47.31650250072054" lon="-93.95002658476469"><ele>390.0</ele></trkpt><trkpt lat="47.31768080958713" lon="-93.95002658476469"><ele>390.0</ele></trkpt><trkpt lat="47.318429967609745" lon="-93.94935066809293"><ele>390.0</ele></trkpt><trkpt lat="47.31865544027488" lon="-93.94706542601224"><ele>390.0</ele></trkpt><trkpt lat="47.31856814973992" lon="-93.9457243215048"><ele>390.0</ele></trkpt><trkpt lat="47.31850268992489" lon="-93.9450054894888"><ele>390.0</ele></trkpt><trkpt lat="47.31817538963326" lon="-93.94392187704679"><ele>390.021081047306</ele></trkpt><trkpt lat="47.317673525248274" lon="-93.94327814688322"><ele>390.0</ele></trkpt><trkpt lat="47.31711346806037" lon="-93.94278462042448"><ele>390.11485474323854</ele></trkpt><trkpt lat="47.315149736690344" lon="-93.94383604635831"><ele>390.0</ele></trkpt><trkpt lat="47.31498243951241" lon="-93.94346053709623"><ele>390.0</ele></trkpt><trkpt lat="47.31498243951241" lon="-93.9420336019003"><ele>390.0</ele></trkpt><trkpt lat="47.31477149883753" lon="-93.94079978575346"><ele>390.0</ele></trkpt><trkpt lat="47.314495301825126" lon="-93.93982346167203"><ele>390.0</ele></trkpt><trkpt lat="47.314073415744176" lon="-93.93936212172147"><ele>390.0416818765602</ele></trkpt><trkpt lat="47.31345512833371" lon="-93.93919046034452"><ele>390.0</ele></trkpt><trkpt lat="47.3120003058915" lon="-93.93881495108243"><ele>390.0</ele></trkpt><trkpt lat="47.31085122459799" lon="-93.9391690026724"><ele>390.0</ele></trkpt><trkpt lat="47.310472955978575" lon="-93.93928701986906"><ele>390.0</ele></trkpt><trkpt lat="47.30962184168612" lon="-93.93901879896757"><ele>390.0</ele></trkpt><trkpt lat="47.30919991669919" lon="-93.9381604920828"><ele>391.0</ele></trkpt><trkpt lat="47.308290584154854" lon="-93.9376025926077"><ele>390.0</ele></trkpt><trkpt lat="47.30761434729544" lon="-93.93749530424711"><ele>390.0</ele></trkpt><trkpt lat="47.30712693237583" lon="-93.93793518652555"><ele>390.0</ele></trkpt><trkpt lat="47.306559488449096" lon="-93.93787081350919"><ele>390.0</ele></trkpt><trkpt lat="47.30629031419984" lon="-93.93728072752592"><ele>390.0</ele></trkpt><trkpt lat="47.30610843893114" lon="-93.93633658995267"><ele>390.0</ele></trkpt><trkpt lat="47.305671935733045" lon="-93.9350276719534"><ele>390.0</ele></trkpt><trkpt lat="47.30578833693829" lon="-93.9342873822653"><ele>390.0</ele></trkpt><trkpt lat="47.30565739418249" lon="-93.93156225790617"><ele>390.0</ele></trkpt><trkpt lat="47.30682866994557" lon="-93.93084342589017"><ele>390.0</ele></trkpt><trkpt lat="47.3072069646471" lon="-93.92992074598905"><ele>390.0</ele></trkpt><trkpt lat="47.30717786515079" lon="-93.9290302525961"><ele>390.0</ele></trkpt><trkpt lat="47.30673411445193" lon="-93.92721707930204"><ele>390.0</ele></trkpt><trkpt lat="47.3058756648972" lon="-93.92618711104032"><ele>390.0</ele></trkpt><trkpt lat="47.30581018935896" lon="-93.92559702505704"><ele>390.0</ele></trkpt><trkpt lat="47.30765064089137" lon="-93.92487819304105"><ele>390.0</ele></trkpt><trkpt lat="47.30825444675636" lon="-93.92397697081205"><ele>390.8647856157584</ele></trkpt><trkpt lat="47.30771611414989" lon="-93.92293627371427"><ele>390.0</ele></trkpt><trkpt lat="47.30706865280658" lon="-93.92230327238676"><ele>390.0</ele></trkpt><trkpt lat="47.30531547669477" lon="-93.92211015333768"><ele>390.0</ele></trkpt><trkpt lat="47.304777114155904" lon="-93.92246420492765"><ele>390.0</ele></trkpt><trkpt lat="47.30471163725694" lon="-93.92296846022245"><ele>390.0</ele></trkpt><trkpt lat="47.3042532966933" lon="-93.92351563086149"><ele>390.0</ele></trkpt><trkpt lat="47.30327128263991" lon="-93.9236980210745"><ele>390.00690165273795</ele></trkpt><trkpt lat="47.301314160120434" lon="-93.92206723799345"><ele>390.0</ele></trkpt><trkpt lat="47.30151787885387" lon="-93.92136986364957"><ele>390.0</ele></trkpt><trkpt lat="47.3024273730629" lon="-93.91983564009305"><ele>390.0</ele></trkpt><trkpt lat="47.30260198549143" lon="-93.9186018239462"><ele>390.0</ele></trkpt><trkpt lat="47.30263109874707" lon="-93.91645605673429"><ele>390.0</ele></trkpt><trkpt lat="47.30236918003226" lon="-93.91558702101347"><ele>390.0</ele></trkpt><trkpt lat="47.3018016850319" lon="-93.91540463080045"><ele>390.0</ele></trkpt><trkpt lat="47.300885068724426" lon="-93.91477162947294"><ele>390.0</ele></trkpt><trkpt lat="47.30034666106603" lon="-93.91497547735807"><ele>390.0</ele></trkpt><trkpt lat="47.2991825176555" lon="-93.91442830671903"><ele>390.0</ele></trkpt><trkpt lat="47.29790932630716" lon="-93.91237909903165"><ele>390.0</ele></trkpt><trkpt lat="47.29766921275838" lon="-93.91145641913053"><ele>390.13235440081917</ele></trkpt><trkpt lat="47.297894774001925" lon="-93.91113455404874"><ele>390.0</ele></trkpt><trkpt lat="47.29844048270782" lon="-93.91129548658964"><ele>390.0</ele></trkpt><trkpt lat="47.29908804973155" lon="-93.91095216383573"><ele>390.0</ele></trkpt><trkpt lat="47.300070299178834" lon="-93.91000802626249"><ele>390.0</ele></trkpt><trkpt lat="47.30102336967755" lon="-93.90999729742643"><ele>390.0</ele></trkpt><trkpt lat="47.302296605886006" lon="-93.90941794027921"><ele>391.0</ele></trkpt><trkpt lat="47.30271131048782" lon="-93.9078300725424"><ele>391.0</ele></trkpt><trkpt lat="47.30284950136033" lon="-93.90561993231412"><ele>392.0</ele></trkpt><trkpt lat="47.30227473596556" lon="-93.90404279341337"><ele>392.0</ele></trkpt><trkpt lat="47.30170723995139" lon="-93.90320594420072"><ele>391.8561896588897</ele></trkpt><trkpt lat="47.30167818212114" lon="-93.90207941641447"><ele>391.2315867297536</ele></trkpt><trkpt lat="47.30332244960287" lon="-93.8996010552847"><ele>390.75230640894733</ele></trkpt><trkpt lat="47.306145172052496" lon="-93.89654333700773"><ele>392.8428280842582</ele></trkpt><trkpt lat="47.306828960171224" lon="-93.8936036359274"><ele>390.7255519246751</ele></trkpt><trkpt lat="47.30746187477859" lon="-93.89263804068204"><ele>390.76014525676146</ele></trkpt><trkpt lat="47.30886589966994" lon="-93.89243419279691"><ele>390.0</ele></trkpt><trkpt lat="47.3113318893695" lon="-93.89390404333707"><ele>391.13514525676146</ele></trkpt><trkpt lat="47.31226299212238" lon="-93.89334614386198"><ele>391.91278479887427</ele></trkpt><trkpt lat="47.314059623375776" lon="-93.89049227347013"><ele>390.76149648149465</ele></trkpt><trkpt lat="47.31620533276484" lon="-93.88924772848722"><ele>390.0</ele></trkpt><trkpt lat="47.31816917732251" lon="-93.89008457769987"><ele>390.88514525676146</ele></trkpt><trkpt lat="47.31886008451523" lon="-93.88956959356901"><ele>390.0</ele></trkpt><trkpt lat="47.31918738056553" lon="-93.88758475889799"><ele>390.0</ele></trkpt><trkpt lat="47.31921643614617" lon="-93.88559992422697"><ele>389.24834119852574</ele></trkpt><trkpt lat="47.320096488319955" lon="-93.88281042685148"><ele>389.0</ele></trkpt><trkpt lat="47.319761924757834" lon="-93.88217742552396"><ele>389.0</ele></trkpt><trkpt lat="47.318176355587255" lon="-93.88377602209684"><ele>389.13514525676146</ele></trkpt><trkpt lat="47.31769631150084" lon="-93.88371164908048"><ele>389.1119910673242</ele></trkpt><trkpt lat="47.31736900621407" lon="-93.88256366362211"><ele>389.06437562980165</ele></trkpt><trkpt lat="47.31755091984803" lon="-93.87963469137785"><ele>389.0</ele></trkpt><trkpt lat="47.31711451114765" lon="-93.87387330641386"><ele>389.0</ele></trkpt><trkpt lat="47.31653996870005" lon="-93.86897022833463"><ele>390.0</ele></trkpt><trkpt lat="47.31627084527858" lon="-93.86550481428739"><ele>390.0</ele></trkpt><trkpt lat="47.31634358428212" lon="-93.8633268605673"><ele>389.0</ele></trkpt><trkpt lat="47.316038091590194" lon="-93.8627153169119"><ele>389.0</ele></trkpt><trkpt lat="47.31495430565047" lon="-93.86250074019071"><ele>389.0</ele></trkpt><trkpt lat="47.31336148994237" lon="-93.86111672033903"><ele>390.0</ele></trkpt><trkpt lat="47.31330329771052" lon="-93.85699684729215"><ele>390.0</ele></trkpt><trkpt lat="47.312786905169965" lon="-93.8548618089163"><ele>390.0</ele></trkpt><trkpt lat="47.31241592456055" lon="-93.85465796103117"><ele>390.0</ele></trkpt><trkpt lat="47.31172487530532" lon="-93.85506565680143"><ele>390.0</ele></trkpt><trkpt lat="47.31060476657895" lon="-93.85474379171964"><ele>390.0</ele></trkpt><trkpt lat="47.30991369364121" lon="-93.85410006155607"><ele>390.0</ele></trkpt><trkpt lat="47.309317181313176" lon="-93.85169680227872"><ele>390.0</ele></trkpt><trkpt lat="47.30895364720966" lon="-93.85110671629545"><ele>390.0</ele></trkpt><trkpt lat="47.30798611234175" lon="-93.85076339354154"><ele>390.0</ele></trkpt><trkpt lat="47.30741140279515" lon="-93.84973342527982"><ele>390.0</ele></trkpt><trkpt lat="47.30634215761468" lon="-93.84687955488798"><ele>390.0</ele></trkpt><trkpt lat="47.30570196093073" lon="-93.84588177313444"><ele>390.0</ele></trkpt><trkpt lat="47.30602206344662" lon="-93.84565646757719"><ele>390.0</ele></trkpt><trkpt lat="47.30746250078012" lon="-93.84510929693815"><ele>390.0</ele></trkpt><trkpt lat="47.30784079094544" lon="-93.8442188035452"><ele>390.0</ele></trkpt><trkpt lat="47.306887785540304" lon="-93.84317810644743"><ele>389.0</ele></trkpt><trkpt lat="47.30621125553137" lon="-93.841300560137"><ele>390.0</ele></trkpt><trkpt lat="47.305920254365816" lon="-93.83897240271207"><ele>390.0</ele></trkpt><trkpt lat="47.30610940530566" lon="-93.83837158789274"><ele>390.0</ele></trkpt><trkpt lat="47.30681507783897" lon="-93.83854324926969"><ele>389.72411050090557</ele></trkpt><trkpt lat="47.308109938721266" lon="-93.83803899397489"><ele>389.0</ele></trkpt><trkpt lat="47.308815584547055" lon="-93.83678372015592"><ele>389.0</ele></trkpt><trkpt lat="47.30892470419453" lon="-93.83545334448453"><ele>389.0</ele></trkpt><trkpt lat="47.30819721405848" lon="-93.83186991324064"><ele>389.0</ele></trkpt><trkpt lat="47.30752793412914" lon="-93.83147294630643"><ele>389.0</ele></trkpt><trkpt lat="47.306785896475034" lon="-93.8316660653555"><ele>389.0</ele></trkpt><trkpt lat="47.30580390138538" lon="-93.83263166060087"><ele>389.0</ele></trkpt><trkpt lat="47.305250992848165" lon="-93.83239562620756"><ele>390.0</ele></trkpt><trkpt lat="47.30535284472784" lon="-93.8312690984213"><ele>390.0</ele></trkpt><trkpt lat="47.30620402811116" lon="-93.82841522802946"><ele>389.0</ele></trkpt><trkpt lat="47.306022152545566" lon="-93.82680590262052"><ele>389.0</ele></trkpt><trkpt lat="47.30525826833649" lon="-93.82668788542387"><ele>389.0</ele></trkpt><trkpt lat="47.30403622472857" lon="-93.82650549521085"><ele>389.51014525670325</ele></trkpt><trkpt lat="47.303395993707596" lon="-93.82589395155546"><ele>390.0</ele></trkpt><trkpt lat="47.30360697875026" lon="-93.82407004942533"><ele>389.0</ele></trkpt><trkpt lat="47.303235933704066" lon="-93.82337267508146"><ele>389.0</ele></trkpt><trkpt lat="47.30132994311616" lon="-93.82326538672086"><ele>389.0</ele></trkpt><trkpt lat="47.30045685419931" lon="-93.82236416449186"><ele>390.0</ele></trkpt><trkpt lat="47.300289510510325" lon="-93.82165606131193"><ele>390.0</ele></trkpt><trkpt lat="47.30097343355015" lon="-93.8193815480673"><ele>390.0</ele></trkpt><trkpt lat="47.30281410880781" lon="-93.81909186949369"><ele>389.0</ele></trkpt><trkpt lat="47.30408002658728" lon="-93.81789023985502"><ele>389.0</ele></trkpt><trkpt lat="47.30437831314527" lon="-93.81708557715055"><ele>389.0</ele></trkpt><trkpt lat="47.30414550426858" lon="-93.81653840651151"><ele>389.0</ele></trkpt><trkpt lat="47.30294506722525" lon="-93.81493980993864"><ele>390.0</ele></trkpt><trkpt lat="47.302712297187774" lon="-93.81291205992338"><ele>389.0</ele></trkpt><trkpt lat="47.302042947809866" lon="-93.81206448187467"><ele>389.0</ele></trkpt><trkpt lat="47.298739730041504" lon="-93.81054098715421"><ele>389.0</ele></trkpt><trkpt lat="47.29853630525324" lon="-93.80987579931852"><ele>389.0</ele></trkpt><trkpt lat="47.298710930533154" lon="-93.80904967894193"><ele>389.0</ele></trkpt><trkpt lat="47.297386674430875" lon="-93.80550916304227"><ele>389.0</ele></trkpt><trkpt lat="47.29617153113631" lon="-93.80276258101102"><ele>389.0</ele></trkpt><trkpt lat="47.29645544416697" lon="-93.80060608496305"><ele>389.0</ele></trkpt><trkpt lat="47.296513653568155" lon="-93.79895384420988"><ele>389.0</ele></trkpt><trkpt lat="47.29612800594674" lon="-93.79833157171842"><ele>389.0</ele></trkpt><trkpt lat="47.29141540548488" lon="-93.79189590231061"><ele>389.0</ele></trkpt><trkpt lat="47.2901200755749" lon="-93.78730396047712"><ele>389.0</ele></trkpt><trkpt lat="47.29124075611146" lon="-93.7841496826756"><ele>389.0</ele></trkpt><trkpt lat="47.29076077793181" lon="-93.78273347631574"><ele>389.0</ele></trkpt><trkpt lat="47.28514310726944" lon="-93.78075937048078"><ele>389.0</ele></trkpt><trkpt lat="47.281766445654306" lon="-93.77734760061384"><ele>389.0</ele></trkpt><trkpt lat="47.277996114220414" lon="-93.77586702123762"><ele>389.0</ele></trkpt><trkpt lat="47.27726965103725" lon="-93.77625325933576"><ele>389.0</ele></trkpt><trkpt lat="47.27692025829689" lon="-93.78065208212018"><ele>389.0</ele></trkpt><trkpt lat="47.27565369027326" lon="-93.78404239431501"><ele>389.0</ele></trkpt><trkpt lat="47.27427062159816" lon="-93.7849221588719"><ele>389.0</ele></trkpt><trkpt lat="47.27245073932028" lon="-93.78402093664289"><ele>389.0</ele></trkpt><trkpt lat="47.26911741055568" lon="-93.78550151601911"><ele>389.0</ele></trkpt><trkpt lat="47.26770504983257" lon="-93.78490070119977"><ele>389.0</ele></trkpt><trkpt lat="47.26648268095291" lon="-93.78354886785627"><ele>389.0</ele></trkpt><trkpt lat="47.26520130181346" lon="-93.78273347631574"><ele>389.519653673633</ele></trkpt><trkpt lat="47.26428393178657" lon="-93.78187516943098"><ele>389.0</ele></trkpt><trkpt lat="47.26226036025259" lon="-93.78193954244733"><ele>389.0</ele></trkpt><trkpt lat="47.260512877998174" lon="-93.78286222234846"><ele>389.0</ele></trkpt><trkpt lat="47.25997415148245" lon="-93.78618816152692"><ele>389.0</ele></trkpt><trkpt lat="47.26030909345748" lon="-93.78992179647565"><ele>389.0</ele></trkpt><trkpt lat="47.25965377021924" lon="-93.7911019684422"><ele>389.0</ele></trkpt><trkpt lat="47.25789192018586" lon="-93.79230359808088"><ele>389.0</ele></trkpt><trkpt lat="47.257804540233685" lon="-93.7933335663426"><ele>389.0</ele></trkpt><trkpt lat="47.25947929754553" lon="-93.79704574361921"><ele>389.0</ele></trkpt><trkpt lat="47.25934823149263" lon="-93.79798988119245"><ele>389.0</ele></trkpt><trkpt lat="47.257746516589" lon="-93.79869798437238"><ele>389.0</ele></trkpt><trkpt lat="47.25572217177938" lon="-93.79844049230695"><ele>389.0</ele></trkpt><trkpt lat="47.25206682532673" lon="-93.80395511404157"><ele>389.0</ele></trkpt><trkpt lat="47.2506248790699" lon="-93.80500653997541"><ele>389.0</ele></trkpt><trkpt lat="47.24846972741847" lon="-93.80573610082746"><ele>389.0</ele></trkpt><trkpt lat="47.24510489656757" lon="-93.80438426748395"><ele>389.0</ele></trkpt><trkpt lat="47.24353165556891" lon="-93.80447009817243"><ele>389.0</ele></trkpt><trkpt lat="47.23959943392094" lon="-93.80781749502302"><ele>389.0</ele></trkpt><trkpt lat="47.23846373232309" lon="-93.80820373312116"><ele>389.0</ele></trkpt><trkpt lat="47.236016578461154" lon="-93.80728105322004"><ele>390.0</ele></trkpt><trkpt lat="47.23512784194156" lon="-93.80659440771223"><ele>390.0</ele></trkpt><trkpt lat="47.234151671538264" lon="-93.80517820135236"><ele>390.0</ele></trkpt><trkpt lat="47.233102632552296" lon="-93.80256036535383"><ele>390.0</ele></trkpt><trkpt lat="47.22947454596811" lon="-93.80157331243635"><ele>389.730346326367</ele></trkpt><trkpt lat="47.22654687358941" lon="-93.80296806112409"><ele>389.0</ele></trkpt><trkpt lat="47.2236766386923" lon="-93.79968503728986"><ele>389.0</ele></trkpt><trkpt lat="47.222685684371704" lon="-93.79966357961774"><ele>389.0</ele></trkpt><trkpt lat="47.22098061667169" lon="-93.8007364632237"><ele>389.0</ele></trkpt><trkpt lat="47.21886742248879" lon="-93.79766801611066"><ele>389.0</ele></trkpt><trkpt lat="47.217351700308924" lon="-93.79575828329206"><ele>389.0</ele></trkpt><trkpt lat="47.216885834018626" lon="-93.79170278326154"><ele>389.0</ele></trkpt><trkpt lat="47.21528260509234" lon="-93.7852654816258"><ele>389.0</ele></trkpt><trkpt lat="47.21417551166068" lon="-93.78417114034772"><ele>389.0</ele></trkpt><trkpt lat="47.21099799386671" lon="-93.7816820503819"><ele>389.0</ele></trkpt><trkpt lat="47.209336280310595" lon="-93.78320554510236"><ele>389.0</ele></trkpt><trkpt lat="47.2090447462484" lon="-93.78208974615217"><ele>389.0</ele></trkpt><trkpt lat="47.20917631227817" lon="-93.77704719320417"><ele>389.0</ele></trkpt><trkpt lat="47.20973022425225" lon="-93.77651075140119"><ele>389.0</ele></trkpt><trkpt lat="47.21096921693675" lon="-93.77732614294172"><ele>389.0</ele></trkpt><trkpt lat="47.21247054575599" lon="-93.7773046852696"><ele>389.0</ele></trkpt><trkpt lat="47.212922393682" lon="-93.77653220907331"><ele>389.0</ele></trkpt><trkpt lat="47.212776636707154" lon="-93.77526620641828"><ele>389.0</ele></trkpt><trkpt lat="47.2122519082807" lon="-93.77460101858259"><ele>389.0</ele></trkpt><trkpt lat="47.21115870738372" lon="-93.77408603445173"><ele>389.0</ele></trkpt><trkpt lat="47.21110040270292" lon="-93.77324918523908"><ele>389.0</ele></trkpt><trkpt lat="47.21408843505903" lon="-93.77067426458478"><ele>389.0</ele></trkpt><trkpt lat="47.21582263405292" lon="-93.77157548681379"><ele>389.0</ele></trkpt><trkpt lat="47.2163473271486" lon="-93.7709102989781"><ele>389.0</ele></trkpt><trkpt lat="47.21685744045858" lon="-93.76754144445539"><ele>389.0</ele></trkpt><trkpt lat="47.217484144378524" lon="-93.76694062963605"><ele>389.0</ele></trkpt><trkpt lat="47.221156538879626" lon="-93.76797059789777"><ele>389.0</ele></trkpt><trkpt lat="47.223604815932596" lon="-93.76734832540632"><ele>389.0</ele></trkpt><trkpt lat="47.22393998792057" lon="-93.76668313757062"><ele>389.0</ele></trkpt><trkpt lat="47.22375054314427" lon="-93.76580337301374"><ele>389.0</ele></trkpt><trkpt lat="47.22208922918396" lon="-93.76425842062116"><ele>389.0</ele></trkpt><trkpt lat="47.221535446294695" lon="-93.76256326452375"><ele>389.0</ele></trkpt><trkpt lat="47.22166660592283" lon="-93.76164058462263"><ele>389.0</ele></trkpt><trkpt lat="47.223313119986614" lon="-93.76146892324567"><ele>389.0</ele></trkpt><trkpt lat="47.225790441736" lon="-93.76168349996686"><ele>389.0</ele></trkpt><trkpt lat="47.22820936184528" lon="-93.75979522482038"><ele>389.0</ele></trkpt><trkpt lat="47.230103382279964" lon="-93.7566838623631"><ele>389.0</ele></trkpt><trkpt lat="47.23319233465729" lon="-93.75269273534894"><ele>388.0</ele></trkpt><trkpt lat="47.23703846389663" lon="-93.74544004217267"><ele>388.0</ele></trkpt><trkpt lat="47.23797063774206" lon="-93.743337190305"><ele>388.0</ele></trkpt><trkpt lat="47.24017047962001" lon="-93.73968938604474"><ele>388.0</ele></trkpt><trkpt lat="47.23979170540866" lon="-93.7389598251927"><ele>388.0</ele></trkpt><trkpt lat="47.23813089420832" lon="-93.73780111089826"><ele>388.0</ele></trkpt><trkpt lat="47.23762098558776" lon="-93.73662093893171"><ele>388.0</ele></trkpt><trkpt lat="47.23794147187428" lon="-93.73187879339338"><ele>388.0</ele></trkpt><trkpt lat="47.24035983743514" lon="-93.72728685155988"><ele>388.0</ele></trkpt><trkpt lat="47.24040354182139" lon="-93.72617105260969"><ele>388.0</ele></trkpt><trkpt lat="47.23644120155354" lon="-93.71988395467878"><ele>388.0</ele></trkpt><trkpt lat="47.23622265877209" lon="-93.71881107107282"><ele>388.0</ele></trkpt><trkpt lat="47.236616027664155" lon="-93.71726611868024"><ele>388.0</ele></trkpt><trkpt lat="47.2372716359949" lon="-93.71728757635236"><ele>388.0</ele></trkpt><trkpt lat="47.23816033655921" lon="-93.71913293615461"><ele>388.0</ele></trkpt><trkpt lat="47.23964632715373" lon="-93.7194548012364"><ele>388.0</ele></trkpt><trkpt lat="47.24162735362146" lon="-93.71863940969587"><ele>388.0</ele></trkpt><trkpt lat="47.24221006186601" lon="-93.71780256048322"><ele>388.0</ele></trkpt><trkpt lat="47.244700881645734" lon="-93.7058935524571"><ele>388.0</ele></trkpt><trkpt lat="47.24440954202312" lon="-93.704434430753"><ele>388.0</ele></trkpt><trkpt lat="47.24123412807756" lon="-93.69969228521467"><ele>388.0</ele></trkpt><trkpt lat="47.24104474511246" lon="-93.69857648626447"><ele>388.0</ele></trkpt><trkpt lat="47.24146721387447" lon="-93.6974821449864"><ele>388.0</ele></trkpt><trkpt lat="47.24261805996537" lon="-93.69621614233137"><ele>388.0</ele></trkpt><trkpt lat="47.24440960466473" lon="-93.69211772695661"><ele>388.0</ele></trkpt><trkpt lat="47.24519621796769" lon="-93.69140962377668"><ele>388.0</ele></trkpt><trkpt lat="47.2472355313929" lon="-93.69192460790754"><ele>388.0</ele></trkpt><trkpt lat="47.24777447968156" lon="-93.69164565816999"><ele>388.0</ele></trkpt><trkpt lat="47.24822602672846" lon="-93.69078735128522"><ele>388.0</ele></trkpt><trkpt lat="47.24882299130682" lon="-93.68849138036848"><ele>388.0</ele></trkpt><trkpt lat="47.2499443282955" lon="-93.68701080099225"><ele>388.0</ele></trkpt><trkpt lat="47.25544980080179" lon="-93.68162492529035"><ele>388.0</ele></trkpt><trkpt lat="47.25556631255381" lon="-93.68035892263532"><ele>388.0</ele></trkpt><trkpt lat="47.25496918711503" lon="-93.67926458135724"><ele>388.0</ele></trkpt><trkpt lat="47.25343993272758" lon="-93.67763379827619"><ele>388.0</ele></trkpt><trkpt lat="47.252143672999765" lon="-93.67523053899885"><ele>388.0</ele></trkpt><trkpt lat="47.25167759433153" lon="-93.67583135381818"><ele>388.0</ele></trkpt><trkpt lat="47.251298902393366" lon="-93.67823461309553"><ele>388.0</ele></trkpt><trkpt lat="47.25071629412413" lon="-93.67849210516096"><ele>388.0</ele></trkpt><trkpt lat="47.249813238640996" lon="-93.6769686104405"><ele>388.0</ele></trkpt><trkpt lat="47.24947823027207" lon="-93.67475847021223"><ele>388.0</ele></trkpt><trkpt lat="47.25205643886705" lon="-93.66930822149396"><ele>388.0</ele></trkpt><trkpt lat="47.25230384415657" lon="-93.6692438484776"><ele>388.0</ele></trkpt><trkpt lat="47.25518760598674" lon="-93.6713681580174"><ele>388.0</ele></trkpt><trkpt lat="47.25610513363714" lon="-93.6713681580174"><ele>388.0</ele></trkpt><trkpt lat="47.25622164394722" lon="-93.66872886434675"><ele>388.0</ele></trkpt><trkpt lat="47.255071093401504" lon="-93.66334298864484"><ele>388.0</ele></trkpt><trkpt lat="47.254109966819975" lon="-93.66237739339948"><ele>388.0</ele></trkpt><trkpt lat="47.25400801624723" lon="-93.66158345953107"><ele>388.0</ele></trkpt><trkpt lat="47.2561198094641" lon="-93.65774253622175"><ele>388.0</ele></trkpt><trkpt lat="47.255915910339546" lon="-93.65681985632062"><ele>388.0</ele></trkpt><trkpt lat="47.252799153258934" lon="-93.65591863409162"><ele>388.0</ele></trkpt><trkpt lat="47.25234764519954" lon="-93.65263561025739"><ele>388.0</ele></trkpt><trkpt lat="47.25175082387387" lon="-93.65109065786481"><ele>388.0</ele></trkpt><trkpt lat="47.250687568030585" lon="-93.6493955017674"><ele>388.0</ele></trkpt><trkpt lat="47.25145952302609" lon="-93.64566186681867"><ele>388.0</ele></trkpt><trkpt lat="47.251590608605866" lon="-93.64392379537702"><ele>388.0</ele></trkpt><trkpt lat="47.25105169914742" lon="-93.64019016042829"><ele>388.0</ele></trkpt><trkpt lat="47.25080408473851" lon="-93.63808730856061"><ele>388.0</ele></trkpt><trkpt lat="47.25116821505428" lon="-93.63737920538068"><ele>388.0</ele></trkpt><trkpt lat="47.25182364331372" lon="-93.63778690115095"><ele>388.0</ele></trkpt><trkpt lat="47.252697535042" lon="-93.6389670731175"><ele>388.0</ele></trkpt><trkpt lat="47.253644234808185" lon="-93.63903144613386"><ele>388.0</ele></trkpt><trkpt lat="47.253920959235664" lon="-93.63834480062604"><ele>388.0</ele></trkpt><trkpt lat="47.253731621625704" lon="-93.6369500519383"><ele>388.0</ele></trkpt><trkpt lat="47.25370249270257" lon="-93.63576987997175"><ele>388.0</ele></trkpt><trkpt lat="47.25440134672014" lon="-93.63405326620222"><ele>388.0</ele></trkpt><trkpt lat="47.25520237569757" lon="-93.63338807836652"><ele>388.0</ele></trkpt><trkpt lat="47.25660050633479" lon="-93.63386014715314"><ele>388.0</ele></trkpt><trkpt lat="47.25759082653443" lon="-93.63287309423566"><ele>388.0</ele></trkpt><trkpt lat="47.25847895441143" lon="-93.63059858099103"><ele>388.0</ele></trkpt><trkpt lat="47.25992068681882" lon="-93.62918237463117"><ele>388.0</ele></trkpt><trkpt lat="47.26172643768602" lon="-93.62572768941999"><ele>388.0</ele></trkpt><trkpt lat="47.26230425508747" lon="-93.62379584949548"><ele>388.0</ele></trkpt><trkpt lat="47.26230425508747" lon="-93.62257276218469"><ele>388.0</ele></trkpt><trkpt lat="47.261983887924394" lon="-93.62155352275903"><ele>388.0</ele></trkpt><trkpt lat="47.25975594139954" lon="-93.61894641559655"><ele>388.0</ele></trkpt><trkpt lat="47.257656633986684" lon="-93.61754158750654"><ele>388.0</ele></trkpt><trkpt lat="47.255195365893265" lon="-93.61393669859052"><ele>388.0</ele></trkpt><trkpt lat="47.25143770638908" lon="-93.61063221708417"><ele>388.0</ele></trkpt><trkpt lat="47.250186387327375" lon="-93.6084220768559"><ele>388.0</ele></trkpt><trkpt lat="47.25012812556503" lon="-93.60593298689008"><ele>388.0</ele></trkpt><trkpt lat="47.250914653949" lon="-93.60522488371015"><ele>388.0</ele></trkpt><trkpt lat="47.25317221683677" lon="-93.60516051069379"><ele>388.0</ele></trkpt><trkpt lat="47.255982888052806" lon="-93.60211352125287"><ele>388.0</ele></trkpt><trkpt lat="47.25583724946848" lon="-93.60119084135175"><ele>388.0</ele></trkpt><trkpt lat="47.252662228783365" lon="-93.59750012174726"><ele>388.0</ele></trkpt><trkpt lat="47.251963293053194" lon="-93.59458187833906"><ele>387.0</ele></trkpt><trkpt lat="47.25072525835137" lon="-93.59222153440595"><ele>387.0</ele></trkpt><trkpt lat="47.251759383446064" lon="-93.58865956083417"><ele>386.0</ele></trkpt><trkpt lat="47.25108938920908" lon="-93.5873506428349"><ele>386.0</ele></trkpt><trkpt lat="47.249371122077235" lon="-93.58591297880292"><ele>386.0</ele></trkpt><trkpt lat="47.247666912817515" lon="-93.58271578565717"><ele>386.0</ele></trkpt><trkpt lat="47.243204512768045" lon="-93.57707371675741"><ele>386.0</ele></trkpt><trkpt lat="47.239912188793724" lon="-93.5688768860079"><ele>386.0</ele></trkpt><trkpt lat="47.23665081341419" lon="-93.56582989656698"><ele>386.0</ele></trkpt><trkpt lat="47.23195134488705" lon="-93.55355480924726"><ele>386.0</ele></trkpt><trkpt lat="47.231353953207446" lon="-93.55044344678998"><ele>386.0</ele></trkpt><trkpt lat="47.231353953207446" lon="-93.54881266370893"><ele>386.0</ele></trkpt><trkpt lat="47.23199505620896" lon="-93.54587296262861"><ele>386.0</ele></trkpt><trkpt lat="47.2317620324246" lon="-93.53121737257123"><ele>381.2991540506772</ele></trkpt><trkpt lat="47.2324348275119" lon="-93.52529440563256"><ele>381.0</ele></trkpt><trkpt lat="47.232981211460036" lon="-93.52194700878198"><ele>381.0</ele></trkpt><trkpt lat="47.232850079826264" lon="-93.52111015956933"><ele>381.0</ele></trkpt><trkpt lat="47.23083216152688" lon="-93.5185459677511"><ele>381.0</ele></trkpt><trkpt lat="47.22958634738858" lon="-93.5158101145559"><ele>381.0</ele></trkpt><trkpt lat="47.228916176152914" lon="-93.51253781955774"><ele>381.0</ele></trkpt><trkpt lat="47.229637449658966" lon="-93.51054225605066"><ele>381.0</ele></trkpt><trkpt lat="47.22931688486805" lon="-93.50843940418298"><ele>381.0</ele></trkpt><trkpt lat="47.22691266270049" lon="-93.50468431156213"><ele>381.0</ele></trkpt><trkpt lat="47.226650462947674" lon="-93.50176606815393"><ele>381.0</ele></trkpt><trkpt lat="47.223915859263414" lon="-93.49723914877057"><ele>380.0</ele></trkpt><trkpt lat="47.222327415995515" lon="-93.49432090536237"><ele>380.0</ele></trkpt><trkpt lat="47.219456439070925" lon="-93.49339822546125"><ele>380.0</ele></trkpt><trkpt lat="47.21773749267013" lon="-93.49086622015119"><ele>380.0</ele></trkpt><trkpt lat="47.21518691937822" lon="-93.48361352697492"><ele>380.0</ele></trkpt><trkpt lat="47.21386110862215" lon="-93.48209003225446"><ele>380.0</ele></trkpt><trkpt lat="47.21260760773494" lon="-93.48183254018903"><ele>380.0</ele></trkpt><trkpt lat="47.21164559858762" lon="-93.48221877828718"><ele>380.0</ele></trkpt><trkpt lat="47.210712724567486" lon="-93.48309854284406"><ele>380.0</ele></trkpt><trkpt lat="47.20976607740509" lon="-93.48350623861432"><ele>380.0</ele></trkpt><trkpt lat="47.208148056238564" lon="-93.48262647405744"><ele>380.0</ele></trkpt><trkpt lat="47.205684908521576" lon="-93.48048070684553"><ele>380.0</ele></trkpt><trkpt lat="47.203862668908634" lon="-93.47987989202619"><ele>380.0</ele></trkpt><trkpt lat="47.20317749062138" lon="-93.47912887350202"><ele>380.0</ele></trkpt><trkpt lat="47.201034972426356" lon="-93.47479442373395"><ele>380.0</ele></trkpt><trkpt lat="47.19909593739758" lon="-93.47153285757184"><ele>380.0</ele></trkpt><trkpt lat="47.19635552697028" lon="-93.46872190252424"><ele>380.0</ele></trkpt><trkpt lat="47.19485374201325" lon="-93.46797088400007"><ele>380.0</ele></trkpt><trkpt lat="47.19444548244448" lon="-93.46726278082014"><ele>380.0</ele></trkpt><trkpt lat="47.19467877401122" lon="-93.46623281255842"><ele>380.0</ele></trkpt><trkpt lat="47.19507244568158" lon="-93.46492389455915"><ele>380.0</ele></trkpt><trkpt lat="47.193862243517586" lon="-93.46189836279035"><ele>380.0</ele></trkpt><trkpt lat="47.19377508129344" lon="-93.45535377279401"><ele>380.0</ele></trkpt><trkpt lat="47.19348346170875" lon="-93.45383027807355"><ele>380.0</ele></trkpt><trkpt lat="47.1914274981637" lon="-93.45056871191144"><ele>380.0</ele></trkpt><trkpt lat="47.19053801407506" lon="-93.44988206640363"><ele>380.0</ele></trkpt><trkpt lat="47.18954644047024" lon="-93.45039705053449"><ele>380.0</ele></trkpt><trkpt lat="47.18924021546603" lon="-93.4506330849278"><ele>380.0</ele></trkpt><trkpt lat="47.18906522895611" lon="-93.45009664312482"><ele>380.0110993452591</ele></trkpt><trkpt lat="47.18953235484934" lon="-93.44647029653669"><ele>380.0</ele></trkpt><trkpt lat="47.1877678908331" lon="-93.43857387319684"><ele>380.0</ele></trkpt><trkpt lat="47.187695182727076" lon="-93.43518356100202"><ele>380.0</ele></trkpt><trkpt lat="47.18577024335703" lon="-93.43084911123395"><ele>380.0</ele></trkpt><trkpt lat="47.183845661943685" lon="-93.42904666677595"><ele>380.0</ele></trkpt><trkpt lat="47.1830143864076" lon="-93.42737296835065"><ele>380.0</ele></trkpt><trkpt lat="47.182970634703025" lon="-93.42286685720563"><ele>380.0</ele></trkpt><trkpt lat="47.1824898994449" lon="-93.42130044714094"><ele>380.0</ele></trkpt><trkpt lat="47.181221072837744" lon="-93.42089275137067"><ele>380.0</ele></trkpt><trkpt lat="47.179704274803306" lon="-93.42052797094465"><ele>380.0</ele></trkpt><trkpt lat="47.17844996677332" lon="-93.42082837835432"><ele>380.0</ele></trkpt><trkpt lat="47.17820201865511" lon="-93.42142919317365"><ele>380.0</ele></trkpt><trkpt lat="47.17840621130717" lon="-93.42269519582868"><ele>380.0</ele></trkpt><trkpt lat="47.17931072513037" lon="-93.425634896909"><ele>380.0</ele></trkpt><trkpt lat="47.179383649644905" lon="-93.42743734136701"><ele>380.0</ele></trkpt><trkpt lat="47.17888776097088" lon="-93.4282098175633"><ele>380.0</ele></trkpt><trkpt lat="47.177662604391045" lon="-93.42750171438337"><ele>380.0</ele></trkpt><trkpt lat="47.176335319528405" lon="-93.42612842336774"><ele>380.0</ele></trkpt><trkpt lat="47.17592691751134" lon="-93.42496970907331"><ele>380.0</ele></trkpt><trkpt lat="47.175649785782305" lon="-93.42265228048444"><ele>380.0</ele></trkpt><trkpt lat="47.17486214033995" lon="-93.4210429550755"><ele>380.0</ele></trkpt><trkpt lat="47.173987617244755" lon="-93.42057088628889"><ele>380.0</ele></trkpt><trkpt lat="47.17350626468519" lon="-93.41947654501081"><ele>380.0</ele></trkpt><trkpt lat="47.17315618735597" lon="-93.41745952383161"><ele>380.0</ele></trkpt><trkpt lat="47.17303949440007" lon="-93.41280320898176"><ele>380.0</ele></trkpt><trkpt lat="47.17225192398247" lon="-93.40891937032819"><ele>380.0</ele></trkpt><trkpt lat="47.171653859689926" lon="-93.40443471685529"><ele>380.0</ele></trkpt><trkpt lat="47.17048688558138" lon="-93.40295413747907"><ele>380.0</ele></trkpt><trkpt lat="47.169058011104546" lon="-93.40190271154523"><ele>380.0</ele></trkpt><trkpt lat="47.167934744089536" lon="-93.40170959249616"><ele>380.0151961725578</ele></trkpt><trkpt lat="47.16698651318418" lon="-93.40256789938093"><ele>380.0</ele></trkpt><trkpt lat="47.16526506612815" lon="-93.40475658193708"><ele>380.0</ele></trkpt><trkpt lat="47.16492518111618" lon="-93.4056571547323"><ele>380.0</ele></trkpt><trkpt lat="47.164954358836376" lon="-93.40684805553491"><ele>380.0</ele></trkpt><trkpt lat="47.16550143812262" lon="-93.40780292194421"><ele>380.0</ele></trkpt><trkpt lat="47.16626004540963" lon="-93.40810332935388"><ele>380.0</ele></trkpt><trkpt lat="47.16884208781554" lon="-93.40714846294458"><ele>380.0</ele></trkpt><trkpt lat="47.17016955996767" lon="-93.4084144655996"><ele>380.0</ele></trkpt><trkpt lat="47.17073117281356" lon="-93.41071043651635"><ele>380.0</ele></trkpt><trkpt lat="47.17051965698432" lon="-93.4116009299093"><ele>380.0028583031717</ele></trkpt><trkpt lat="47.16935265795427" lon="-93.41220174472863"><ele>380.0</ele></trkpt><trkpt lat="47.16760950094938" lon="-93.41294203441674"><ele>380.0</ele></trkpt><trkpt lat="47.16494710107081" lon="-93.41511998813684"><ele>380.0</ele></trkpt><trkpt lat="47.163648861803544" lon="-93.4144118849569"><ele>380.0</ele></trkpt><trkpt lat="47.16340084149179" lon="-93.41343556087548"><ele>380.0</ele></trkpt><trkpt lat="47.16334977897772" lon="-93.41175113361413"><ele>379.0</ele></trkpt><trkpt lat="47.163021518786636" lon="-93.41126833599145"><ele>379.0</ele></trkpt><trkpt lat="47.16261301438287" lon="-93.41112886112268"><ele>379.0</ele></trkpt><trkpt lat="47.1618180085258" lon="-93.41156874340112"><ele>379.0</ele></trkpt><trkpt lat="47.16094991324789" lon="-93.41274891536767"><ele>379.0</ele></trkpt><trkpt lat="47.16080401348956" lon="-93.41371451061303"><ele>379.0</ele></trkpt><trkpt lat="47.16119794191752" lon="-93.4146801058584"><ele>379.0</ele></trkpt><trkpt lat="47.16221922423952" lon="-93.41579590480859"><ele>379.0</ele></trkpt><trkpt lat="47.161942020979026" lon="-93.41657910984094"><ele>379.0</ele></trkpt><trkpt lat="47.16075294847946" lon="-93.41621432941491"><ele>379.0</ele></trkpt><trkpt lat="47.16012557435014" lon="-93.41572080295617"><ele>379.0</ele></trkpt><trkpt lat="47.15987754067424" lon="-93.41388617198999"><ele>379.0</ele></trkpt><trkpt lat="47.15958589260881" lon="-93.41176186245019"><ele>379.0</ele></trkpt><trkpt lat="47.158885552135224" lon="-93.41083918254907"><ele>379.0</ele></trkpt><trkpt lat="47.15764534323248" lon="-93.40966973941858"><ele>379.0</ele></trkpt><trkpt lat="47.1571130486903" lon="-93.40840373676355"><ele>379.0</ele></trkpt><trkpt lat="47.15632512833983" lon="-93.40829644840295"><ele>379.0</ele></trkpt><trkpt lat="47.15553719630598" lon="-93.40900455158288"><ele>379.0</ele></trkpt><trkpt lat="47.15531102847151" lon="-93.409927231484"><ele>379.0</ele></trkpt><trkpt lat="47.155763363177854" lon="-93.41106448810632"><ele>379.0</ele></trkpt><trkpt lat="47.15571237099434" lon="-93.41180477779443"><ele>379.0</ele></trkpt><trkpt lat="47.15502657104915" lon="-93.41211591404016"><ele>379.0</ele></trkpt><trkpt lat="47.15397596673457" lon="-93.41046367328698"><ele>379.0</ele></trkpt><trkpt lat="47.153063966982046" lon="-93.40983067195947"><ele>379.0</ele></trkpt><trkpt lat="47.15156112366152" lon="-93.41190133731897"><ele>379.0</ele></trkpt><trkpt lat="47.15092634464638" lon="-93.41174040477807"><ele>379.0</ele></trkpt><trkpt lat="47.1507512318597" lon="-93.41130052249963"><ele>379.0</ele></trkpt><trkpt lat="47.15105038462259" lon="-93.40950880687768"><ele>379.0</ele></trkpt><trkpt lat="47.15242937443711" lon="-93.40724502246911"><ele>379.0</ele></trkpt><trkpt lat="47.15257538886402" lon="-93.40585027378137"><ele>379.0</ele></trkpt><trkpt lat="47.151758216279035" lon="-93.40512071292932"><ele>379.0</ele></trkpt><trkpt lat="47.15041569118329" lon="-93.40479884784753"><ele>379.0</ele></trkpt><trkpt lat="47.14904410215822" lon="-93.40390835445459"><ele>379.0</ele></trkpt><trkpt lat="47.14786933456492" lon="-93.40338264148767"><ele>379.0</ele></trkpt><trkpt lat="47.148073643837584" lon="-93.40222392719323"><ele>379.0</ele></trkpt><trkpt lat="47.14581177433934" lon="-93.40170894306237"><ele>379.0</ele></trkpt><trkpt lat="47.14487044575315" lon="-93.40075407665307"><ele>379.0</ele></trkpt><trkpt lat="47.143717646400454" lon="-93.39914475124414"><ele>379.0</ele></trkpt><trkpt lat="47.1426814134993" lon="-93.39883361499841"><ele>379.0</ele></trkpt><trkpt lat="47.14180570797697" lon="-93.39927349727685"><ele>379.0</ele></trkpt><trkpt lat="47.14143352876206" lon="-93.40020690601403"><ele>379.0</ele></trkpt><trkpt lat="47.141353415293985" lon="-93.40604339283044"><ele>379.0</ele></trkpt><trkpt lat="47.14121475941729" lon="-93.40669785183007"><ele>379.0</ele></trkpt><trkpt lat="47.140857171540134" lon="-93.40721283596093"><ele>379.0</ele></trkpt><trkpt lat="47.14035362534948" lon="-93.40723429363305"><ele>379.0</ele></trkpt><trkpt lat="47.14012009506259" lon="-93.40701971691186"><ele>379.0</ele></trkpt><trkpt lat="47.140178477730466" lon="-93.40641890209253"><ele>379.0</ele></trkpt><trkpt lat="47.14059445134631" lon="-93.40432677906091"><ele>379.0</ele></trkpt><trkpt lat="47.14044119790542" lon="-93.40272818248803"><ele>379.0</ele></trkpt><trkpt lat="47.13984277547743" lon="-93.40168748539026"><ele>379.0</ele></trkpt><trkpt lat="47.13725949436656" lon="-93.40086136501367"><ele>379.0</ele></trkpt><trkpt lat="47.13659549922878" lon="-93.40092573803003"><ele>379.0</ele></trkpt><trkpt lat="47.13484387327549" lon="-93.40200935047204"><ele>379.0</ele></trkpt><trkpt lat="47.13304136046825" lon="-93.40081844966943"><ele>379.0</ele></trkpt><trkpt lat="47.132253083246944" lon="-93.40103302639062"><ele>379.0</ele></trkpt><trkpt lat="47.13147209336646" lon="-93.40251360576684"><ele>379.0</ele></trkpt><trkpt lat="47.13124593767218" lon="-93.40494905155236"><ele>379.0</ele></trkpt><trkpt lat="47.13028245362232" lon="-93.40506706874902"><ele>379.0</ele></trkpt><trkpt lat="47.12793227930088" lon="-93.40434823673303"><ele>379.0</ele></trkpt><trkpt lat="47.12746510859446" lon="-93.40351138752038"><ele>379.0</ele></trkpt><trkpt lat="47.12720962287886" lon="-93.40242777507837"><ele>379.0</ele></trkpt><trkpt lat="47.127231521702555" lon="-93.40033565204675"><ele>379.0</ele></trkpt><trkpt lat="47.12762569898759" lon="-93.3991554800802"><ele>379.0</ele></trkpt><trkpt lat="47.1291658822249" lon="-93.39781437557275"><ele>379.0</ele></trkpt><trkpt lat="47.12915126086182" lon="-93.39639816921289"><ele>379.0</ele></trkpt><trkpt lat="47.12830453034043" lon="-93.39603338878686"><ele>379.102233872556</ele></trkpt><trkpt lat="47.126275422095205" lon="-93.39747105281884"><ele>379.0</ele></trkpt><trkpt lat="47.125779080966026" lon="-93.39928422611291"><ele>379.0</ele></trkpt><trkpt lat="47.12593967644939" lon="-93.40219174068505"><ele>379.0</ele></trkpt><trkpt lat="47.12562578482507" lon="-93.40267453830774"><ele>379.0</ele></trkpt><trkpt lat="47.12498339619191" lon="-93.40262089412744"><ele>379.0</ele></trkpt><trkpt lat="47.123428597955055" lon="-93.40182696025903"><ele>379.0</ele></trkpt><trkpt lat="47.122910449073075" lon="-93.40103302639062"><ele>379.0</ele></trkpt><trkpt lat="47.122370231577136" lon="-93.39916620891626"><ele>379.0</ele></trkpt><trkpt lat="47.121815407898325" lon="-93.39615140598352"><ele>379.0</ele></trkpt><trkpt lat="47.121479590755506" lon="-93.39570079486901"><ele>379.0</ele></trkpt><trkpt lat="47.12099046199447" lon="-93.39549694698388"><ele>379.0</ele></trkpt><trkpt lat="47.11938452585093" lon="-93.39581881206567"><ele>379.0</ele></trkpt><trkpt lat="47.117238223887554" lon="-93.39549694698388"><ele>379.0</ele></trkpt><trkpt lat="47.115581047997395" lon="-93.39434896152551"><ele>379.0</ele></trkpt><trkpt lat="47.11324461108634" lon="-93.3920422617727"><ele>379.0</ele></trkpt><trkpt lat="47.11133918787035" lon="-93.39078698795373"><ele>379.0</ele></trkpt><trkpt lat="47.10997373617599" lon="-93.39045439403588"><ele>379.0</ele></trkpt><trkpt lat="47.10841869005653" lon="-93.39089427631433"><ele>379.0</ele></trkpt><trkpt lat="47.10756432723603" lon="-93.39207444828088"><ele>379.0</ele></trkpt><trkpt lat="47.10681961472986" lon="-93.3944026057058"><ele>379.0</ele></trkpt><trkpt lat="47.10663710736902" lon="-93.39725647609765"><ele>379.0</ele></trkpt><trkpt lat="47.10604560707961" lon="-93.39853320758874"><ele>379.0</ele></trkpt><trkpt lat="47.10539567942995" lon="-93.39846883457238"><ele>379.0</ele></trkpt><trkpt lat="47.10497942946342" lon="-93.39782510440881"><ele>379.0</ele></trkpt><trkpt lat="47.1047311384599" lon="-93.39537892978723"><ele>379.0</ele></trkpt><trkpt lat="47.104358727382355" lon="-93.39329753559167"><ele>379.0</ele></trkpt><trkpt lat="47.104314910896164" lon="-93.39054022472436"><ele>379.0</ele></trkpt><trkpt lat="47.10335824195815" lon="-93.39021835964257"><ele>379.0</ele></trkpt><trkpt lat="47.10227029562087" lon="-93.39070115726526"><ele>379.0</ele></trkpt><trkpt lat="47.10102146264215" lon="-93.39207444828088"><ele>379.0</ele></trkpt><trkpt lat="47.10037147365298" lon="-93.39185987155969"><ele>379.0</ele></trkpt><trkpt lat="47.100320350586884" lon="-93.39077625911767"><ele>379.0</ele></trkpt><trkpt lat="47.10169335303149" lon="-93.38887725513513"><ele>378.9142097245577</ele></trkpt><trkpt lat="47.101408530967035" lon="-93.3881691519552"><ele>378.0</ele></trkpt><trkpt lat="47.10039338352342" lon="-93.38815842311914"><ele>378.0</ele></trkpt><trkpt lat="47.09903512910538" lon="-93.39109812419946"><ele>378.0</ele></trkpt><trkpt lat="47.09783734574008" lon="-93.3906367842489"><ele>378.0</ele></trkpt><trkpt lat="47.09665427085014" lon="-93.38688169162805"><ele>378.0</ele></trkpt><trkpt lat="47.09605535575651" lon="-93.38655982654626"><ele>378.0</ele></trkpt><trkpt lat="47.09561712093244" lon="-93.38675294559533"><ele>378.0</ele></trkpt><trkpt lat="47.09530305042334" lon="-93.38737521808679"><ele>378.0462395673031</ele></trkpt><trkpt lat="47.09531035440969" lon="-93.38809405010278"><ele>378.0134108918719</ele></trkpt><trkpt lat="47.095923885687974" lon="-93.38898454349572"><ele>378.0</ele></trkpt><trkpt lat="47.0967857391154" lon="-93.38969264667566"><ele>378.0</ele></trkpt><trkpt lat="47.09731160893055" lon="-93.3910873953634"><ele>378.0</ele></trkpt><trkpt lat="47.097231268044894" lon="-93.3930507723623"><ele>378.0</ele></trkpt><trkpt lat="47.096603144214875" lon="-93.39431677501733"><ele>378.0</ele></trkpt><trkpt lat="47.095295918299534" lon="-93.39508925121362"><ele>378.0</ele></trkpt><trkpt lat="47.09385701325414" lon="-93.3951750819021"><ele>378.0</ele></trkpt><trkpt lat="47.092995112425314" lon="-93.39464936893518"><ele>378.0</ele></trkpt><trkpt lat="47.092790591536826" lon="-93.39386616390283"><ele>378.0</ele></trkpt><trkpt lat="47.092922069341" lon="-93.3932117049032"><ele>378.0</ele></trkpt><trkpt lat="47.09417839643337" lon="-93.39187060039575"><ele>378.0</ele></trkpt><trkpt lat="47.09436830376398" lon="-93.39115176837976"><ele>378.0</ele></trkpt><trkpt lat="47.09394466340447" lon="-93.39045439403588"><ele>378.0</ele></trkpt><trkpt lat="47.09286363480146" lon="-93.39048658054406"><ele>378.0</ele></trkpt><trkpt lat="47.090679850842484" lon="-93.3927074496084"><ele>378.0</ele></trkpt><trkpt lat="47.09015391553624" lon="-93.39387689273889"><ele>378.0</ele></trkpt><trkpt lat="47.09003704031846" lon="-93.39530382793481"><ele>378.0</ele></trkpt><trkpt lat="47.09007356385156" lon="-93.39677367847497"><ele>378.0</ele></trkpt><trkpt lat="47.089759565865364" lon="-93.39718137424524"><ele>378.0</ele></trkpt><trkpt lat="47.08929936480479" lon="-93.39709554355676"><ele>378.0</ele></trkpt><trkpt lat="47.08847391484497" lon="-93.39544330280359"><ele>378.0</ele></trkpt><trkpt lat="47.0881378873038" lon="-93.39404855411584"><ele>378.0</ele></trkpt><trkpt lat="47.088408170492855" lon="-93.39236412685449"><ele>378.0</ele></trkpt><trkpt lat="47.08896334247115" lon="-93.39149509113366"><ele>378.0</ele></trkpt><trkpt lat="47.09141771766387" lon="-93.38970337551171"><ele>378.0</ele></trkpt><trkpt lat="47.091578416856294" lon="-93.38859830539758"><ele>378.0</ele></trkpt><trkpt lat="47.09114744974679" lon="-93.38785801570947"><ele>378.0</ele></trkpt><trkpt lat="47.090497340220885" lon="-93.38776145618493"><ele>378.0</ele></trkpt><trkpt lat="47.087947957755844" lon="-93.38955317180688"><ele>378.0</ele></trkpt><trkpt lat="47.08784591052201" lon="-93.39144144695337"><ele>378.0</ele></trkpt><trkpt lat="47.08728342181035" lon="-93.3922031943136"><ele>378.0</ele></trkpt><trkpt lat="47.0863921937682" lon="-93.3921495501333"><ele>378.0</ele></trkpt><trkpt lat="47.085793163262096" lon="-93.39158092182214"><ele>378.0</ele></trkpt><trkpt lat="47.084996985793744" lon="-93.3905831400686"><ele>378.0</ele></trkpt><trkpt lat="47.08409841397382" lon="-93.3906367842489"><ele>378.0</ele></trkpt><trkpt lat="47.082447340063055" lon="-93.39246068637902"><ele>378.0</ele></trkpt><trkpt lat="47.08165856774938" lon="-93.39454208057458"><ele>377.183608032763</ele></trkpt><trkpt lat="47.081088707766185" lon="-93.39452062290246"><ele>377.0</ele></trkpt><trkpt lat="47.08088414220363" lon="-93.39331899326379"><ele>377.0</ele></trkpt><trkpt lat="47.08187774408933" lon="-93.39095864933068"><ele>377.05861698416993</ele></trkpt><trkpt lat="47.0816877922203" lon="-93.3901325289541"><ele>377.0</ele></trkpt><trkpt lat="47.080241323319115" lon="-93.38897381465966"><ele>377.0</ele></trkpt><trkpt lat="47.07989063164531" lon="-93.38944588344629"><ele>377.0</ele></trkpt><trkpt lat="47.08033630191688" lon="-93.39222465198571"><ele>377.0</ele></trkpt><trkpt lat="47.07925499710311" lon="-93.39408074062402"><ele>377.0</ele></trkpt><trkpt lat="47.07845131038998" lon="-93.39393053691919"><ele>377.0</ele></trkpt><trkpt lat="47.077735288380005" lon="-93.39211736362512"><ele>377.0</ele></trkpt><trkpt lat="47.077165690409174" lon="-93.39137707393701"><ele>377.0</ele></trkpt><trkpt lat="47.07641311824851" lon="-93.39087281864221"><ele>377.0</ele></trkpt><trkpt lat="47.07581397553111" lon="-93.38929567974145"><ele>377.0</ele></trkpt><trkpt lat="47.07592357531212" lon="-93.38689242046411"><ele>377.0</ele></trkpt><trkpt lat="47.07612085434986" lon="-93.38561568897302"><ele>377.0</ele></trkpt><trkpt lat="47.07562400204336" lon="-93.3850899760061"><ele>377.0</ele></trkpt><trkpt lat="47.075039463986975" lon="-93.3849290434652"><ele>377.0</ele></trkpt><trkpt lat="47.074681431261006" lon="-93.38528309505517"><ele>377.0</ele></trkpt><trkpt lat="47.07453529476321" lon="-93.38619504612024"><ele>377.0</ele></trkpt><trkpt lat="47.07437454415277" lon="-93.38848028820092"><ele>377.0</ele></trkpt><trkpt lat="47.073680388221526" lon="-93.38948879879052"><ele>377.0</ele></trkpt><trkpt lat="47.07292805477027" lon="-93.38972483318383"><ele>377.039019096001</ele></trkpt><trkpt lat="47.072328872868844" lon="-93.38894162815149"><ele>377.0</ele></trkpt><trkpt lat="47.07226310859135" lon="-93.3880618635946"><ele>377.0</ele></trkpt><trkpt lat="47.07281114175752" lon="-93.38647399585778"><ele>377.0</ele></trkpt><trkpt lat="47.07251155099166" lon="-93.38577662151391"><ele>377.0</ele></trkpt><trkpt lat="47.07202197221287" lon="-93.38572297733361"><ele>377.0</ele></trkpt><trkpt lat="47.07027552769455" lon="-93.38677440326745"><ele>377.0</ele></trkpt><trkpt lat="47.06838319735801" lon="-93.38562641780908"><ele>377.0</ele></trkpt><trkpt lat="47.06782781090548" lon="-93.3862057749563"><ele>377.0</ele></trkpt><trkpt lat="47.067857041915666" lon="-93.38739667575891"><ele>377.0</ele></trkpt><trkpt lat="47.068551273696414" lon="-93.3899715964132"><ele>377.0</ele></trkpt><trkpt lat="47.06793753348628" lon="-93.3909801070028"><ele>377.0</ele></trkpt><trkpt lat="47.0669948267533" lon="-93.39017544429834"><ele>377.0</ele></trkpt><trkpt lat="47.066519813167815" lon="-93.38888798397119"><ele>377.0</ele></trkpt><trkpt lat="47.06695828739701" lon="-93.38635597866113"><ele>377.0</ele></trkpt><trkpt lat="47.06639557814712" lon="-93.3856478754812"><ele>377.0</ele></trkpt><trkpt lat="47.06418876628205" lon="-93.38472519558007"><ele>377.0</ele></trkpt><trkpt lat="47.06341408578771" lon="-93.38531528156335"><ele>377.0</ele></trkpt><trkpt lat="47.063063283370276" lon="-93.38642035167749"><ele>377.0</ele></trkpt><trkpt lat="47.06328984352887" lon="-93.38767562549646"><ele>377.0</ele></trkpt><trkpt lat="47.0642107630053" lon="-93.38932786624963"><ele>377.0</ele></trkpt><trkpt lat="47.06394766534044" lon="-93.38996086757714"><ele>377.0</ele></trkpt><trkpt lat="47.06339223267277" lon="-93.3896282736593"><ele>377.0</ele></trkpt><trkpt lat="47.06268331678258" lon="-93.3884588305288"><ele>377.0</ele></trkpt><trkpt lat="47.06185745442497" lon="-93.38616285961206"><ele>377.0</ele></trkpt><trkpt lat="47.06181365802043" lon="-93.38378105800683"><ele>377.0</ele></trkpt><trkpt lat="47.06116319051687" lon="-93.38304076831872"><ele>377.0</ele></trkpt><trkpt lat="47.0604323186853" lon="-93.38325534503991"><ele>377.0</ele></trkpt><trkpt lat="47.05911689466104" lon="-93.38393126171167"><ele>377.0</ele></trkpt><trkpt lat="47.05865642890266" lon="-93.38354502361352"><ele>377.0</ele></trkpt><trkpt lat="47.058605265795144" lon="-93.382912022286"><ele>377.0</ele></trkpt><trkpt lat="47.060125520045816" lon="-93.38056240718896"><ele>377.0</ele></trkpt><trkpt lat="47.05999396129507" lon="-93.37928567569787"><ele>377.0</ele></trkpt><trkpt lat="47.05905842303913" lon="-93.37832008045251"><ele>377.0</ele></trkpt><trkpt lat="47.05810107825352" lon="-93.3779767576986"><ele>377.0</ele></trkpt><trkpt lat="47.05723128969" lon="-93.37860975902612"><ele>377.0</ele></trkpt><trkpt lat="47.05707048688897" lon="-93.38032637279565"><ele>377.0</ele></trkpt><trkpt lat="47.056551529086946" lon="-93.3806053225332"><ele>377.0</ele></trkpt><trkpt lat="47.05642727083565" lon="-93.38014398258264"><ele>377.0</ele></trkpt><trkpt lat="47.05668309633159" lon="-93.37738667171533"><ele>377.0</ele></trkpt><trkpt lat="47.05628843471079" lon="-93.37289128940637"><ele>377.0</ele></trkpt><trkpt lat="47.05514822791249" lon="-93.37064896266992"><ele>377.0</ele></trkpt><trkpt lat="47.05469503743692" lon="-93.36899672191674"><ele>377.0</ele></trkpt><trkpt lat="47.054022554149746" lon="-93.36920056980188"><ele>377.0</ele></trkpt><trkpt lat="47.054088340932495" lon="-93.37089572589929"><ele>377.0</ele></trkpt><trkpt lat="47.05356204439814" lon="-93.37093864124353"><ele>377.0</ele></trkpt><trkpt lat="47.05302843288702" lon="-93.36998377483422"><ele>377.0</ele></trkpt><trkpt lat="47.052407287642446" lon="-93.3664325300985"><ele>377.0</ele></trkpt><trkpt lat="47.05249500599155" lon="-93.36482320468957"><ele>377.0</ele></trkpt><trkpt lat="47.05318943782957" lon="-93.36376104991967"><ele>377.0</ele></trkpt><trkpt lat="47.05476826423819" lon="-93.36239848774011"><ele>377.0</ele></trkpt><trkpt lat="47.0552872393952" lon="-93.36096082370813"><ele>377.0</ele></trkpt><trkpt lat="47.05492176445855" lon="-93.35954461734826"><ele>377.0</ele></trkpt><trkpt lat="47.05434430895331" lon="-93.35866485279138"><ele>377.0</ele></trkpt><trkpt lat="47.05365726225099" lon="-93.35816059749658"><ele>377.0</ele></trkpt><trkpt lat="47.05340873197027" lon="-93.35752759616906"><ele>377.0</ele></trkpt><trkpt lat="47.053423351778406" lon="-93.35539255779321"><ele>377.0</ele></trkpt><trkpt lat="47.0524145996129" lon="-93.35474882762963"><ele>377.0</ele></trkpt><trkpt lat="47.0523268846548" lon="-93.35428748767907"><ele>377.0</ele></trkpt><trkpt lat="47.05322599224887" lon="-93.35343990963037"><ele>377.0</ele></trkpt><trkpt lat="47.055543134629154" lon="-93.35304294269616"><ele>377.0</ele></trkpt><trkpt lat="47.05610595843187" lon="-93.35385833423669"><ele>377.0</ele></trkpt><trkpt lat="47.05631057129056" lon="-93.35588608425195"><ele>377.0</ele></trkpt><trkpt lat="47.05666141814022" lon="-93.35625086467797"><ele>377.0</ele></trkpt><trkpt lat="47.057165756442394" lon="-93.35598264377649"><ele>377.0</ele></trkpt><trkpt lat="47.057458124288445" lon="-93.35497413318689"><ele>377.0</ele></trkpt><trkpt lat="47.05743619675562" lon="-93.35390124958093"><ele>377.0</ele></trkpt><trkpt lat="47.05674182021814" lon="-93.35222755115564"><ele>377.0</ele></trkpt><trkpt lat="47.05542623356775" lon="-93.35054312389428"><ele>377.0</ele></trkpt><trkpt lat="47.05429339891115" lon="-93.34981356304223"><ele>377.0</ele></trkpt><trkpt lat="47.05225397875034" lon="-93.34920201938684"><ele>377.0</ele></trkpt><trkpt lat="47.050916414641925" lon="-93.34952388446862"><ele>377.0</ele></trkpt><trkpt lat="47.049578654546174" lon="-93.35131560009057"><ele>376.88557126343267</ele></trkpt><trkpt lat="47.049315484676065" lon="-93.35290346782739"><ele>377.0</ele></trkpt><trkpt lat="47.05020733286859" lon="-93.35464153926904"><ele>377.0</ele></trkpt><trkpt lat="47.05039743758668" lon="-93.35591827076013"><ele>377.0</ele></trkpt><trkpt lat="47.049768761505064" lon="-93.3570126120382"><ele>377.0</ele></trkpt><trkpt lat="47.04888421633086" lon="-93.35673366230066"><ele>377.0</ele></trkpt><trkpt lat="47.047129872330224" lon="-93.35339699428613"><ele>376.0</ele></trkpt><trkpt lat="47.04685937974945" lon="-93.35170183818872"><ele>376.0</ele></trkpt><trkpt lat="47.047129872330224" lon="-93.34994230907495"><ele>376.0</ele></trkpt><trkpt lat="47.04813868208231" lon="-93.34774289768274"><ele>376.0</ele></trkpt><trkpt lat="47.04939606595914" lon="-93.34575806301171"><ele>376.0</ele></trkpt><trkpt lat="47.04926448073592" lon="-93.34495340030725"><ele>376.0</ele></trkpt><trkpt lat="47.0487454469677" lon="-93.34437404316003"><ele>376.0</ele></trkpt><trkpt lat="47.048021715394796" lon="-93.34438477199609"><ele>376.0</ele></trkpt><trkpt lat="47.045996819751856" lon="-93.34498558681543"><ele>376.0</ele></trkpt><trkpt lat="47.04523661717879" lon="-93.34398780506189"><ele>376.0</ele></trkpt><trkpt lat="47.04464443494235" lon="-93.34364448230798"><ele>376.0</ele></trkpt><trkpt lat="47.043708627388895" lon="-93.34394488971765"><ele>376.0</ele></trkpt><trkpt lat="47.042575694778" lon="-93.34526453655297"><ele>376.0</ele></trkpt><trkpt lat="47.041427821533325" lon="-93.34504995983178"><ele>376.0</ele></trkpt><trkpt lat="47.04074054802535" lon="-93.34393416088159"><ele>376.0</ele></trkpt><trkpt lat="47.04078441681163" lon="-93.34331188839013"><ele>376.0</ele></trkpt><trkpt lat="47.04223206652412" lon="-93.34198151271875"><ele>376.0</ele></trkpt><trkpt lat="47.04351877320245" lon="-93.34153090160424"><ele>376.0</ele></trkpt><trkpt lat="47.0453392027186" lon="-93.3415416304403"><ele>376.0</ele></trkpt><trkpt lat="47.04590213421041" lon="-93.3405331198507"><ele>376.0</ele></trkpt><trkpt lat="47.045543905766586" lon="-93.33948169391687"><ele>376.0</ele></trkpt><trkpt lat="47.04434496294996" lon="-93.33932076137597"><ele>376.0</ele></trkpt><trkpt lat="47.04196153237049" lon="-93.33961043994958"><ele>376.0</ele></trkpt><trkpt lat="47.04091627929757" lon="-93.33821569126184"><ele>376.0</ele></trkpt><trkpt lat="47.04076273876719" lon="-93.33677802722985"><ele>376.0</ele></trkpt><trkpt lat="47.042912226475764" lon="-93.33221827190454"><ele>376.0</ele></trkpt><trkpt lat="47.04259784524896" lon="-93.33125267665918"><ele>376.0</ele></trkpt><trkpt lat="47.0411575168725" lon="-93.32922492664392"><ele>376.0</ele></trkpt><trkpt lat="47.0388910763242" lon="-93.32696114223535"><ele>376.0</ele></trkpt><trkpt lat="47.03875215344744" lon="-93.32492266338403"><ele>376.0</ele></trkpt><trkpt lat="47.03976116400931" lon="-93.32201514881189"><ele>376.0</ele></trkpt><trkpt lat="47.03935176588818" lon="-93.32085643451745"><ele>376.0</ele></trkpt><trkpt lat="47.038510918626564" lon="-93.32080279033715"><ele>376.0</ele></trkpt><trkpt lat="47.03802833943085" lon="-93.32147870700891"><ele>376.0</ele></trkpt><trkpt lat="47.03751650824177" lon="-93.32386050861413"><ele>376.0</ele></trkpt><trkpt lat="47.036529391369584" lon="-93.32438622158105"><ele>376.0</ele></trkpt><trkpt lat="47.03536697973458" lon="-93.32379613559777"><ele>376.0</ele></trkpt><trkpt lat="47.03285406814498" lon="-93.32003284785048"><ele>376.0</ele></trkpt><trkpt lat="47.031099027749164" lon="-93.31614900919692"><ele>376.0</ele></trkpt><trkpt lat="47.0307772640829" lon="-93.31415344568984"><ele>376.0</ele></trkpt><trkpt lat="47.03125990885489" lon="-93.31325222346084"><ele>376.0</ele></trkpt><trkpt lat="47.03183030159463" lon="-93.31340242716567"><ele>376.0</ele></trkpt><trkpt lat="47.033673067245346" lon="-93.31550527903335"><ele>376.0</ele></trkpt><trkpt lat="47.03446280447437" lon="-93.31509758326308"><ele>376.0</ele></trkpt><trkpt lat="47.03446280447437" lon="-93.31408907267348"><ele>376.0</ele></trkpt><trkpt lat="47.03200580582657" lon="-93.30911089274184"><ele>376.0</ele></trkpt><trkpt lat="47.03045600245834" lon="-93.3081667551686"><ele>376.0</ele></trkpt><trkpt lat="47.02878864053645" lon="-93.30829550120131"><ele>376.0</ele></trkpt><trkpt lat="47.02726749299812" lon="-93.30938984247939"><ele>376.0</ele></trkpt><trkpt lat="47.02655087566797" lon="-93.3078234324147"><ele>376.0</ele></trkpt><trkpt lat="47.025541615311205" lon="-93.30012012812392"><ele>376.0</ele></trkpt><trkpt lat="47.02580495661085" lon="-93.2977383265187"><ele>376.0</ele></trkpt><trkpt lat="47.02745778516437" lon="-93.29604317042129"><ele>376.0</ele></trkpt><trkpt lat="47.03055852897809" lon="-93.29600025507705"><ele>376.02268053389776</ele></trkpt><trkpt lat="47.03102655013317" lon="-93.29520632120864"><ele>376.0</ele></trkpt><trkpt lat="47.030792540068646" lon="-93.29394031855361"><ele>376.0</ele></trkpt><trkpt lat="47.03025138786467" lon="-93.29344679209487"><ele>376.0</ele></trkpt><trkpt lat="47.02834999877695" lon="-93.29293180796401"><ele>376.0</ele></trkpt><trkpt lat="47.026609437078314" lon="-93.29333950373427"><ele>376.0</ele></trkpt><trkpt lat="47.02586346469003" lon="-93.29310346934096"><ele>376.0</ele></trkpt><trkpt lat="47.02543927966315" lon="-93.2922451624562"><ele>376.0</ele></trkpt><trkpt lat="47.02573182142172" lon="-93.29100061747329"><ele>376.0</ele></trkpt><trkpt lat="47.02966635228277" lon="-93.2892196306874"><ele>376.0</ele></trkpt><trkpt lat="47.029988122646394" lon="-93.28853298517959"><ele>376.0</ele></trkpt><trkpt lat="47.029607848371874" lon="-93.28767467829482"><ele>376.0</ele></trkpt><trkpt lat="47.02883266549856" lon="-93.28698803278701"><ele>376.0</ele></trkpt><trkpt lat="47.02735539904183" lon="-93.28758884760634"><ele>376.0</ele></trkpt><trkpt lat="47.025820869848005" lon="-93.2870195698614"><ele>376.0</ele></trkpt><trkpt lat="47.02534548946919" lon="-93.28610761879634"><ele>376.0</ele></trkpt><trkpt lat="47.025462506570605" lon="-93.28513129471492"><ele>376.0</ele></trkpt><trkpt lat="47.02581355633577" lon="-93.28427298783015"><ele>376.0</ele></trkpt><trkpt lat="47.02734938004153" lon="-93.28351124046992"><ele>376.0</ele></trkpt><trkpt lat="47.02910448831611" lon="-93.2821379494543"><ele>376.0</ele></trkpt><trkpt lat="47.02922881022254" lon="-93.28139765976618"><ele>376.0</ele></trkpt><trkpt lat="47.02827810593136" lon="-93.28081830261897"><ele>376.0</ele></trkpt><trkpt lat="47.02592337473182" lon="-93.27989562271785"><ele>376.0</ele></trkpt><trkpt lat="47.025389486731314" lon="-93.27898367165278"><ele>375.0</ele></trkpt><trkpt lat="47.02591606123362" lon="-93.27782495735835"><ele>375.0</ele></trkpt><trkpt lat="47.02796380158661" lon="-93.27717049835871"><ele>375.0</ele></trkpt><trkpt lat="47.02838790838302" lon="-93.27596886872004"><ele>375.0</ele></trkpt><trkpt lat="47.02797105663433" lon="-93.27460630654048"><ele>375.0</ele></trkpt><trkpt lat="47.02699838989383" lon="-93.27404840706538"><ele>375.0</ele></trkpt><trkpt lat="47.02385377646617" lon="-93.27576502083491"><ele>375.0</ele></trkpt><trkpt lat="47.0231809043531" lon="-93.2754753422613"><ele>375.4244287866163</ele></trkpt><trkpt lat="47.02300537110272" lon="-93.27448828934382"><ele>375.0</ele></trkpt><trkpt lat="47.023744069635086" lon="-93.2721601319189"><ele>375.0</ele></trkpt><trkpt lat="47.02343688930866" lon="-93.27141984223078"><ele>375.0</ele></trkpt><trkpt lat="47.02342683278001" lon="-93.27141850112628"><ele>375.0</ele></trkpt><trkpt lat="47.0234207056934" lon="-93.27141717266625"><ele>375.0</ele></trkpt><trkpt lat="47.022463440918685" lon="-93.2716494272837"><ele>375.0</ele></trkpt><trkpt lat="47.0212772275244" lon="-93.26715436969164"><ele>375.0</ele></trkpt><trkpt lat="47.022249993082745" lon="-93.26394644770983"><ele>375.0</ele></trkpt><trkpt lat="47.021745324632484" lon="-93.26264825854662"><ele>375.0</ele></trkpt><trkpt lat="47.02116750996936" lon="-93.26240149531725"><ele>375.0</ele></trkpt><trkpt lat="47.01997540550291" lon="-93.26325980220201"><ele>375.0</ele></trkpt><trkpt lat="47.019741346988276" lon="-93.26433268580797"><ele>375.0</ele></trkpt><trkpt lat="47.019814490384306" lon="-93.26669302974108"><ele>375.0</ele></trkpt><trkpt lat="47.018658813011236" lon="-93.2702442744768"><ele>375.0</ele></trkpt><trkpt lat="47.01785446333704" lon="-93.27061978373888"><ele>375.0</ele></trkpt><trkpt lat="47.01711568331316" lon="-93.27027646098497"><ele>375.0</ele></trkpt><trkpt lat="47.01610624457806" lon="-93.2685705760515"><ele>375.0</ele></trkpt><trkpt lat="47.015616147876045" lon="-93.2687315085924"><ele>375.0</ele></trkpt><trkpt lat="47.015440589754235" lon="-93.26946106944445"><ele>375.0</ele></trkpt><trkpt lat="47.0155137390418" lon="-93.27044812236193"><ele>375.0</ele></trkpt><trkpt lat="47.01514799160199" lon="-93.27075925860765"><ele>375.0</ele></trkpt><trkpt lat="47.01331950647954" lon="-93.27029791865709"><ele>375.0</ele></trkpt><trkpt lat="47.012405095612046" lon="-93.26919284854296"><ele>375.0</ele></trkpt><trkpt lat="47.01248556439666" lon="-93.26831308398607"><ele>375.0</ele></trkpt><trkpt lat="47.01327561581231" lon="-93.26662865672472"><ele>375.0</ele></trkpt><trkpt lat="47.01305615845165" lon="-93.26533046756151"><ele>375.0</ele></trkpt><trkpt lat="47.01241241165782" lon="-93.26483694110277"><ele>375.0</ele></trkpt><trkpt lat="47.011388561347545" lon="-93.26489058528307"><ele>375.0</ele></trkpt><trkpt lat="47.009866917999815" lon="-93.26645699534777"><ele>375.0</ele></trkpt><trkpt lat="47.00895976383973" lon="-93.26609221492174"><ele>375.0</ele></trkpt><trkpt lat="47.008572023893834" lon="-93.26357093844774"><ele>375.0</ele></trkpt><trkpt lat="47.00768692914281" lon="-93.26346365008715"><ele>375.0</ele></trkpt><trkpt lat="47.00520688677896" lon="-93.2657596210039"><ele>375.0</ele></trkpt><trkpt lat="47.00340724081251" lon="-93.26956835780504"><ele>375.0</ele></trkpt><trkpt lat="47.00226584183247" lon="-93.26941815410021"><ele>375.0</ele></trkpt><trkpt lat="47.00154879666833" lon="-93.26850620303514"><ele>375.0</ele></trkpt><trkpt lat="46.99982221290125" lon="-93.27022281680468"><ele>375.0</ele></trkpt><trkpt lat="46.99956611473438" lon="-93.27184287104967"><ele>375.0</ele></trkpt><trkpt lat="46.999851481185026" lon="-93.27338782344225"><ele>375.0</ele></trkpt><trkpt lat="47.001168535979" lon="-93.27470747027758"><ele>375.0</ele></trkpt><trkpt lat="47.00131487354993" lon="-93.27625242267015"><ele>375.0</ele></trkpt><trkpt lat="47.00072220391208" lon="-93.27737895045641"><ele>374.0</ele></trkpt><trkpt lat="46.99963196728453" lon="-93.27785101924303"><ele>374.0</ele></trkpt><trkpt lat="46.999383185339376" lon="-93.27925649676683"><ele>374.06721977931187</ele></trkpt><trkpt lat="47.00147584441502" lon="-93.280726347307"><ele>374.0</ele></trkpt><trkpt lat="47.00160023066039" lon="-93.28169194255236"><ele>374.0</ele></trkpt><trkpt lat="47.00097829653756" lon="-93.28229275737169"><ele>374.0</ele></trkpt><trkpt lat="47.00006367438141" lon="-93.28189579043749"><ele>374.0</ele></trkpt><trkpt lat="46.99783939660934" lon="-93.28020063434008"><ele>374.0</ele></trkpt><trkpt lat="46.99621509130983" lon="-93.28075853381517"><ele>374.0</ele></trkpt><trkpt lat="46.99478099341257" lon="-93.28295794520739"><ele>374.0</ele></trkpt><trkpt lat="46.993478415669784" lon="-93.2842561343706"><ele>374.0</ele></trkpt><trkpt lat="46.99668357800138" lon="-93.28568306956652"><ele>374.0</ele></trkpt><trkpt lat="46.99666162548857" lon="-93.2885798553026"><ele>374.0</ele></trkpt><trkpt lat="46.99557130775449" lon="-93.29060760531786"><ele>374.0</ele></trkpt><trkpt lat="46.99453950842725" lon="-93.29122987780931"><ele>374.0</ele></trkpt><trkpt lat="46.99236621399629" lon="-93.29066124949816"><ele>374.0</ele></trkpt><trkpt lat="46.99123189739365" lon="-93.28932014499071"><ele>374.0</ele></trkpt><trkpt lat="46.99091729962206" lon="-93.28763571772936"><ele>374.0</ele></trkpt><trkpt lat="46.99088070814769" lon="-93.28554359469774"><ele>374.0</ele></trkpt><trkpt lat="46.99032451465287" lon="-93.28461018596056"><ele>374.0</ele></trkpt><trkpt lat="46.989460939598935" lon="-93.28507152591112"><ele>374.0</ele></trkpt><trkpt lat="46.989007191182374" lon="-93.28658429179552"><ele>374.0</ele></trkpt><trkpt lat="46.989460939598935" lon="-93.29055396113756"><ele>374.0</ele></trkpt><trkpt lat="46.988977916958724" lon="-93.29090801272753"><ele>374.0</ele></trkpt><trkpt lat="46.98698017588747" lon="-93.28821507487658"><ele>374.0</ele></trkpt><trkpt lat="46.98579451204227" lon="-93.28602639232042"><ele>374.0</ele></trkpt><trkpt lat="46.98452120142358" lon="-93.28508225474718"><ele>374.0</ele></trkpt><trkpt lat="46.98411132643702" lon="-93.28435269389513"><ele>374.0</ele></trkpt><trkpt lat="46.983738044697176" lon="-93.28249660525682"><ele>374.0</ele></trkpt><trkpt lat="46.98339403764867" lon="-93.28241077456835"><ele>374.0</ele></trkpt><trkpt lat="46.98297698200411" lon="-93.28289357219103"><ele>374.0</ele></trkpt><trkpt lat="46.98275008075648" lon="-93.28386989627245"><ele>374.0</ele></trkpt><trkpt lat="46.9832770757235" lon="-93.285951290468"><ele>374.0</ele></trkpt><trkpt lat="46.98285255240691" lon="-93.28743186984423"><ele>374.0</ele></trkpt><trkpt lat="46.98148380772363" lon="-93.28786102328661"><ele>374.0</ele></trkpt><trkpt lat="46.980781123043684" lon="-93.28916994128588"><ele>374.0</ele></trkpt><trkpt lat="46.98042977724047" lon="-93.28865495715502"><ele>374.0</ele></trkpt><trkpt lat="46.98046637586937" lon="-93.28694907222155"><ele>374.0</ele></trkpt><trkpt lat="46.979990756885364" lon="-93.28628388438585"><ele>374.0</ele></trkpt><trkpt lat="46.97920753379119" lon="-93.28604784999254"><ele>374.0</ele></trkpt><trkpt lat="46.97714343594235" lon="-93.28663793597582"><ele>374.0</ele></trkpt><trkpt lat="46.976469975308" lon="-93.28734603915575"><ele>374.0</ele></trkpt><trkpt lat="46.97595755392596" lon="-93.28894463572863"><ele>374.0</ele></trkpt><trkpt lat="46.9759063115177" lon="-93.2907578090227"><ele>374.0</ele></trkpt><trkpt lat="46.97595769047239" lon="-93.29248515162828"><ele>374.0</ele></trkpt><trkpt lat="46.97554042943519" lon="-93.2929572204149"><ele>374.0</ele></trkpt><trkpt lat="46.97404704746576" lon="-93.29267827067736"><ele>374.0</ele></trkpt><trkpt lat="46.97199747389086" lon="-93.29124060664537"><ele>374.0</ele></trkpt><trkpt lat="46.96890824206409" lon="-93.28973856959703"><ele>374.0</ele></trkpt><trkpt lat="46.96647772289107" lon="-93.2880756000078"><ele>374.0</ele></trkpt><trkpt lat="46.96447902440824" lon="-93.28580108676317"><ele>374.0</ele></trkpt><trkpt lat="46.96275102533036" lon="-93.2830866912401"><ele>374.0</ele></trkpt><trkpt lat="46.96276573300694" lon="-93.28243223224047"><ele>374.0</ele></trkpt><trkpt lat="46.96330756770266" lon="-93.28163829837206"><ele>374.0</ele></trkpt><trkpt lat="46.963388110434806" lon="-93.2805654147661"><ele>374.0</ele></trkpt><trkpt lat="46.96259732199699" lon="-93.27985731158617"><ele>374.0</ele></trkpt><trkpt lat="46.961821336302236" lon="-93.27962127719286"><ele>374.0</ele></trkpt><trkpt lat="46.961206261625826" lon="-93.27965346370104"><ele>374.0</ele></trkpt><trkpt lat="46.96065708183227" lon="-93.28001824412706"><ele>374.0</ele></trkpt><trkpt lat="46.96026899137886" lon="-93.28116622958544"><ele>374.0</ele></trkpt><trkpt lat="46.96012995953234" lon="-93.28624096904161"><ele>374.0</ele></trkpt><trkpt lat="46.95970525244241" lon="-93.28711000476244"><ele>374.0</ele></trkpt><trkpt lat="46.95920731569896" lon="-93.2877322772539"><ele>374.0</ele></trkpt><trkpt lat="46.958636147257494" lon="-93.28811851535204"><ele>374.0</ele></trkpt><trkpt lat="46.957874579851136" lon="-93.28791466746691"><ele>374.0</ele></trkpt><trkpt lat="46.95725229274487" lon="-93.28759280238512"><ele>374.0</ele></trkpt><trkpt lat="46.95633692231579" lon="-93.28669158015612"><ele>374.0</ele></trkpt><trkpt lat="46.955589968443604" lon="-93.28520027194384"><ele>374.0</ele></trkpt><trkpt lat="46.954791894726895" lon="-93.28265753779772"><ele>374.0</ele></trkpt><trkpt lat="46.953019641905335" lon="-93.28109112773302"><ele>374.0</ele></trkpt><trkpt lat="46.95143056923361" lon="-93.28178850207689"><ele>374.0</ele></trkpt><trkpt lat="46.95080805132733" lon="-93.28257170710924"><ele>374.0</ele></trkpt><trkpt lat="46.95094720301708" lon="-93.2834836581743"><ele>374.0</ele></trkpt><trkpt lat="46.95333469670525" lon="-93.2866164783037"><ele>374.0</ele></trkpt><trkpt lat="46.955026325778874" lon="-93.28817215953234"><ele>373.0</ele></trkpt><trkpt lat="46.956198025818786" lon="-93.28899827990892"><ele>373.0</ele></trkpt><trkpt lat="46.95665937566979" lon="-93.28962055240038"><ele>373.0</ele></trkpt><trkpt lat="46.957069461087016" lon="-93.29236713443163"><ele>373.0</ele></trkpt><trkpt lat="46.957582003670574" lon="-93.29514590297106"><ele>373.0</ele></trkpt><trkpt lat="46.957201213820525" lon="-93.296036396364"><ele>373.0</ele></trkpt><trkpt lat="46.95463582680103" lon="-93.29530748494574"><ele>373.0</ele></trkpt><trkpt lat="46.95344944571495" lon="-93.295715180716"><ele>373.0</ele></trkpt><trkpt lat="46.95317115498527" lon="-93.2947066701264"><ele>373.0</ele></trkpt><trkpt lat="46.952848921806165" lon="-93.29316171773382"><ele>373.0</ele></trkpt><trkpt lat="46.951252374253166" lon="-93.29052242406317"><ele>373.0</ele></trkpt><trkpt lat="46.950300281942226" lon="-93.29026493199774"><ele>373.0</ele></trkpt><trkpt lat="46.94886543758121" lon="-93.29208883412787"><ele>373.0</ele></trkpt><trkpt lat="46.94867501198181" lon="-93.29402002461859"><ele>373.0</ele></trkpt><trkpt lat="46.94895332609091" lon="-93.29932006963202"><ele>373.0</ele></trkpt><trkpt lat="46.948469937501734" lon="-93.30073627599188"><ele>373.0</ele></trkpt><trkpt lat="46.94754709261813" lon="-93.30122980245062"><ele>373.0</ele></trkpt><trkpt lat="46.94638985194572" lon="-93.30088647969671"><ele>373.0</ele></trkpt><trkpt lat="46.944778462503024" lon="-93.29921278127142"><ele>373.0</ele></trkpt><trkpt lat="46.943519485704314" lon="-93.29813989766546"><ele>373.0</ele></trkpt><trkpt lat="46.94262585509007" lon="-93.29663786061712"><ele>373.0</ele></trkpt><trkpt lat="46.94183475980397" lon="-93.29655202992865"><ele>373.0</ele></trkpt><trkpt lat="46.94184940982291" lon="-93.29766782887884"><ele>373.0</ele></trkpt><trkpt lat="46.94297744924279" lon="-93.30080064900824"><ele>373.0</ele></trkpt><trkpt lat="46.942918850377694" lon="-93.30258163579413"><ele>373.0</ele></trkpt><trkpt lat="46.94247935684496" lon="-93.30369743474432"><ele>373.0</ele></trkpt><trkpt lat="46.94162965911791" lon="-93.30416950353094"><ele>373.0</ele></trkpt><trkpt lat="46.94036973766563" lon="-93.3043411649079"><ele>373.0</ele></trkpt><trkpt lat="46.93925697902235" lon="-93.3047917760224"><ele>373.0</ele></trkpt><trkpt lat="46.937865141933436" lon="-93.30672296651312"><ele>373.0</ele></trkpt><trkpt lat="46.93666373766981" lon="-93.30843958028265"><ele>373.0</ele></trkpt><trkpt lat="46.93516927035704" lon="-93.3086112416596"><ele>373.0</ele></trkpt><trkpt lat="46.93335291980543" lon="-93.30704483159491"><ele>373.0</ele></trkpt><trkpt lat="46.93181440182444" lon="-93.30646547444769"><ele>373.0</ele></trkpt><trkpt lat="46.93031979917817" lon="-93.30672296651312"><ele>373.0</ele></trkpt><trkpt lat="46.929381987987156" lon="-93.30764564641424"><ele>373.0</ele></trkpt><trkpt lat="46.92933802768468" lon="-93.30893310674139"><ele>373.0</ele></trkpt><trkpt lat="46.93052494318732" lon="-93.31249508031317"><ele>373.0</ele></trkpt><trkpt lat="46.930466330693456" lon="-93.31322464116522"><ele>373.0</ele></trkpt><trkpt lat="46.93015975945755" lon="-93.31348213323065"><ele>373.0</ele></trkpt><trkpt lat="46.928284115050594" lon="-93.3118513501496"><ele>373.0</ele></trkpt><trkpt lat="46.92659890976402" lon="-93.31142219670721"><ele>373.0</ele></trkpt><trkpt lat="46.92510416157766" lon="-93.31260236867377"><ele>373.0</ele></trkpt><trkpt lat="46.92422487845511" lon="-93.31513437398382"><ele>373.0</ele></trkpt><trkpt lat="46.92371195663535" lon="-93.31785949834295"><ele>373.0</ele></trkpt><trkpt lat="46.922071955208054" lon="-93.32009109624335"><ele>373.0</ele></trkpt><trkpt lat="46.918290721377446" lon="-93.32279476293036"><ele>373.0</ele></trkpt><trkpt lat="46.917880338863135" lon="-93.32367452748724"><ele>373.0</ele></trkpt><trkpt lat="46.91757254991475" lon="-93.32650694020697"><ele>373.0</ele></trkpt><trkpt lat="46.91506683136965" lon="-93.3292320645661"><ele>373.0</ele></trkpt><trkpt lat="46.91185677688175" lon="-93.32998308309027"><ele>373.0</ele></trkpt><trkpt lat="46.91125637337821" lon="-93.33036932118841"><ele>373.0</ele></trkpt><trkpt lat="46.9108459369915" lon="-93.33131345876166"><ele>373.0</ele></trkpt><trkpt lat="46.910596741937525" lon="-93.3340600407929"><ele>373.0</ele></trkpt><trkpt lat="46.90883768507239" lon="-93.33813699849554"><ele>373.0</ele></trkpt><trkpt lat="46.90782688081987" lon="-93.34118398793646"><ele>373.0</ele></trkpt><trkpt lat="46.90680071830362" lon="-93.34163459905096"><ele>373.0</ele></trkpt><trkpt lat="46.90543735771625" lon="-93.33961757787176"><ele>373.0</ele></trkpt><trkpt lat="46.9040153210196" lon="-93.33843740590521"><ele>373.0</ele></trkpt><trkpt lat="46.90309170996925" lon="-93.33841594823309"><ele>373.0</ele></trkpt><trkpt lat="46.90272519323763" lon="-93.33916696675726"><ele>373.0</ele></trkpt><trkpt lat="46.902974424887766" lon="-93.34126981862494"><ele>373.0</ele></trkpt><trkpt lat="46.90376609420852" lon="-93.34382328160711"><ele>373.0</ele></trkpt><trkpt lat="46.9038980379587" lon="-93.34721359380194"><ele>373.0</ele></trkpt><trkpt lat="46.903312074865575" lon="-93.349745599112"><ele>373.0</ele></trkpt><trkpt lat="46.90174337211401" lon="-93.35300716527411"><ele>373.0</ele></trkpt><trkpt lat="46.90080506067955" lon="-93.35330757268378"><ele>373.0</ele></trkpt><trkpt lat="46.900042670547364" lon="-93.35305008061835"><ele>373.0</ele></trkpt><trkpt lat="46.899749440686804" lon="-93.35195573934027"><ele>373.0</ele></trkpt><trkpt lat="46.89988179480868" lon="-93.34878000386664"><ele>373.0</ele></trkpt><trkpt lat="46.89945660971195" lon="-93.3478358662934"><ele>373.0</ele></trkpt><trkpt lat="46.898811494850534" lon="-93.34839376576849"><ele>373.0</ele></trkpt><trkpt lat="46.898298329758966" lon="-93.34927353032538"><ele>373.0</ele></trkpt><trkpt lat="46.89813704828731" lon="-93.35036787160345"><ele>373.0</ele></trkpt><trkpt lat="46.898195696151305" lon="-93.35152658589789"><ele>373.0</ele></trkpt><trkpt lat="46.89944194809675" lon="-93.35354360707709"><ele>373.0</ele></trkpt><trkpt lat="46.901596965927396" lon="-93.35710558064886"><ele>373.0</ele></trkpt><trkpt lat="46.90347354465622" lon="-93.35907968648382"><ele>372.0</ele></trkpt><trkpt lat="46.90354684717978" lon="-93.35985216268011"><ele>372.0</ele></trkpt><trkpt lat="46.90338558149566" lon="-93.36025985845038"><ele>372.0</ele></trkpt><trkpt lat="46.90304838804312" lon="-93.36064609654852"><ele>372.0</ele></trkpt><trkpt lat="46.90234467313666" lon="-93.36047443517157"><ele>372.0</ele></trkpt><trkpt lat="46.90136238896774" lon="-93.35959467061468"><ele>372.0</ele></trkpt><trkpt lat="46.900775942078276" lon="-93.35875782140204"><ele>372.0</ele></trkpt><trkpt lat="46.89889958614079" lon="-93.35701974996039"><ele>372.0</ele></trkpt><trkpt lat="46.89687622432477" lon="-93.3555820859284"><ele>372.0</ele></trkpt><trkpt lat="46.8949706029753" lon="-93.35459503301092"><ele>372.0</ele></trkpt><trkpt lat="46.894457401125266" lon="-93.35472377904364"><ele>372.0</ele></trkpt><trkpt lat="46.894266782044355" lon="-93.35541042455145"><ele>372.0</ele></trkpt><trkpt lat="46.894457401125266" lon="-93.3572557843537"><ele>372.0</ele></trkpt><trkpt lat="46.894252119010055" lon="-93.35847887166449"><ele>372.0</ele></trkpt><trkpt lat="46.89375357345876" lon="-93.35933717854925"><ele>372.0</ele></trkpt><trkpt lat="46.8922579089967" lon="-93.36103233464667"><ele>372.0</ele></trkpt><trkpt lat="46.8922579089967" lon="-93.36362871297308"><ele>372.0</ele></trkpt><trkpt lat="46.89126183636269" lon="-93.36517366536566"><ele>372.01621570209153</ele></trkpt><trkpt lat="46.89048464647541" lon="-93.3656671918244"><ele>372.0</ele></trkpt><trkpt lat="46.88978076667032" lon="-93.36583885320135"><ele>372.0</ele></trkpt><trkpt lat="46.88895956188935" lon="-93.36785587438055"><ele>372.0</ele></trkpt><trkpt lat="46.88835831470225" lon="-93.36777004369208"><ele>372.0</ele></trkpt><trkpt lat="46.887595747599704" lon="-93.36643966802069"><ele>372.0</ele></trkpt><trkpt lat="46.88671584901014" lon="-93.36598905690619"><ele>372.0</ele></trkpt><trkpt lat="46.88423826403955" lon="-93.367576924643"><ele>372.0</ele></trkpt><trkpt lat="46.88274233422382" lon="-93.36886438497015"><ele>372.0</ele></trkpt><trkpt lat="46.881803690296664" lon="-93.36907896169134"><ele>372.0</ele></trkpt><trkpt lat="46.88126102928478" lon="-93.36862835057684"><ele>372.0</ele></trkpt><trkpt lat="46.88126102928478" lon="-93.36822065480658"><ele>372.0</ele></trkpt><trkpt lat="46.88219968689356" lon="-93.36648258336493"><ele>372.0</ele></trkpt><trkpt lat="46.88288900004136" lon="-93.36384328969427"><ele>372.0</ele></trkpt><trkpt lat="46.88307969110642" lon="-93.36221250661322"><ele>372.0</ele></trkpt><trkpt lat="46.882801034656815" lon="-93.36045297749945"><ele>372.0</ele></trkpt><trkpt lat="46.882243717415484" lon="-93.3592728055329"><ele>372.0</ele></trkpt><trkpt lat="46.88089439906578" lon="-93.35847887166449"><ele>372.0</ele></trkpt><trkpt lat="46.880014849004844" lon="-93.35922989018866"><ele>372.0</ele></trkpt><trkpt lat="46.87919349471269" lon="-93.36109670766302"><ele>372.0</ele></trkpt><trkpt lat="46.87853346875945" lon="-93.36360725530096"><ele>372.0</ele></trkpt><trkpt lat="46.8781667841661" lon="-93.36472305425116"><ele>372.0</ele></trkpt><trkpt lat="46.877594751196746" lon="-93.3651092923493"><ele>372.0</ele></trkpt><trkpt lat="46.87367869384708" lon="-93.3652165807099"><ele>372.0</ele></trkpt><trkpt lat="46.87216820332475" lon="-93.36551698811957"><ele>372.0</ele></trkpt><trkpt lat="46.87115602770854" lon="-93.3663323796601"><ele>372.0</ele></trkpt><trkpt lat="46.869689072645706" lon="-93.36884292729803"><ele>372.0</ele></trkpt><trkpt lat="46.86894091012518" lon="-93.36976560719916"><ele>372.0</ele></trkpt><trkpt lat="46.868192737176024" lon="-93.3697012341828"><ele>372.0</ele></trkpt><trkpt lat="46.867737960287336" lon="-93.36886438497015"><ele>372.0</ele></trkpt><trkpt lat="46.867708619710605" lon="-93.36811336644598"><ele>372.0</ele></trkpt><trkpt lat="46.87033453781301" lon="-93.36146148808905"><ele>372.0</ele></trkpt><trkpt lat="46.86999713653475" lon="-93.36094650395819"><ele>372.0</ele></trkpt><trkpt lat="46.869131619209" lon="-93.36103233464667"><ele>372.0</ele></trkpt><trkpt lat="46.86621317563769" lon="-93.36210521825262"><ele>372.0</ele></trkpt><trkpt lat="46.86506884875565" lon="-93.36165460713812"><ele>372.0</ele></trkpt><trkpt lat="46.864159238191704" lon="-93.36045297749945"><ele>372.0</ele></trkpt><trkpt lat="46.863455012976445" lon="-93.35877927907416"><ele>372.0</ele></trkpt><trkpt lat="46.86283978596098" lon="-93.35843595632025"><ele>372.0</ele></trkpt><trkpt lat="46.8620181687853" lon="-93.35877927907416"><ele>372.0</ele></trkpt><trkpt lat="46.86132858752206" lon="-93.36124691136786"><ele>372.0</ele></trkpt><trkpt lat="46.86253168099359" lon="-93.36255582936712"><ele>372.0</ele></trkpt><trkpt lat="46.863309275844536" lon="-93.36470159657904"><ele>372.0</ele></trkpt><trkpt lat="46.86345599059111" lon="-93.36586031087347"><ele>372.0</ele></trkpt><trkpt lat="46.862913144025924" lon="-93.36648258336493"><ele>372.0</ele></trkpt><trkpt lat="46.861680715231195" lon="-93.36648258336493"><ele>372.0</ele></trkpt><trkpt lat="46.86135793158603" lon="-93.365774480185"><ele>372.0</ele></trkpt><trkpt lat="46.86122588317184" lon="-93.36339267857977"><ele>372.0</ele></trkpt><trkpt lat="46.860844408150975" lon="-93.3627489484162"><ele>372.0</ele></trkpt><trkpt lat="46.860418913583956" lon="-93.36279186376044"><ele>372.0</ele></trkpt><trkpt lat="46.859949398424256" lon="-93.36392912038275"><ele>372.0</ele></trkpt><trkpt lat="46.85896633776093" lon="-93.36461576589056"><ele>372.0</ele></trkpt><trkpt lat="46.858027277931114" lon="-93.36450847752997"><ele>372.0</ele></trkpt><trkpt lat="46.85707352848134" lon="-93.36349996694037"><ele>372.0</ele></trkpt><trkpt lat="46.85541633219148" lon="-93.36165460713812"><ele>372.0</ele></trkpt><trkpt lat="46.8546826445991" lon="-93.36019548543402"><ele>372.0</ele></trkpt><trkpt lat="46.85372883574308" lon="-93.35431608327337"><ele>372.0</ele></trkpt><trkpt lat="46.85320056508721" lon="-93.35373672612616"><ele>372.0</ele></trkpt><trkpt lat="46.852672289234846" lon="-93.35405859120795"><ele>372.0</ele></trkpt><trkpt lat="46.85242282383157" lon="-93.35504564412543"><ele>371.0</ele></trkpt><trkpt lat="46.852540219459804" lon="-93.35693391927191"><ele>371.0</ele></trkpt><trkpt lat="46.85252554502033" lon="-93.35789951451727"><ele>371.0</ele></trkpt><trkpt lat="46.851997262528016" lon="-93.35809263356634"><ele>371.0</ele></trkpt><trkpt lat="46.85107351292554" lon="-93.35755619176336"><ele>371.0</ele></trkpt><trkpt lat="46.84907769784255" lon="-93.3555820859284"><ele>371.0</ele></trkpt><trkpt lat="46.84869613651472" lon="-93.35448774465033"><ele>371.0</ele></trkpt><trkpt lat="46.84862275902554" lon="-93.35289987691351"><ele>371.0</ele></trkpt><trkpt lat="46.848989645469025" lon="-93.35154804357"><ele>371.0</ele></trkpt><trkpt lat="46.84963535952289" lon="-93.35118326314398"><ele>371.0</ele></trkpt><trkpt lat="46.85064794093028" lon="-93.35178407796332"><ele>371.0</ele></trkpt><trkpt lat="46.85154310569653" lon="-93.35154804357"><ele>371.0</ele></trkpt><trkpt lat="46.85217411451705" lon="-93.35015329488226"><ele>371.0</ele></trkpt><trkpt lat="46.85151375626864" lon="-93.34903749593207"><ele>371.0</ele></trkpt><trkpt lat="46.85019301541329" lon="-93.34749254353949"><ele>371.0</ele></trkpt><trkpt lat="46.848182607504235" lon="-93.34448846944281"><ele>371.0</ele></trkpt><trkpt lat="46.84637747491454" lon="-93.34193500646063"><ele>371.0</ele></trkpt><trkpt lat="46.84532110103929" lon="-93.33978923924872"><ele>371.0</ele></trkpt><trkpt lat="46.844000207907314" lon="-93.33796533711859"><ele>371.0</ele></trkpt><trkpt lat="46.84287008466956" lon="-93.33693536885687"><ele>371.0</ele></trkpt><trkpt lat="46.84171110677322" lon="-93.33635601170965"><ele>371.0</ele></trkpt><trkpt lat="46.840683679217896" lon="-93.33644184239813"><ele>371.0</ele></trkpt><trkpt lat="46.84002317970002" lon="-93.33749326833197"><ele>371.0</ele></trkpt><trkpt lat="46.838129702747395" lon="-93.3391025937409"><ele>371.0</ele></trkpt><trkpt lat="46.83720495719396" lon="-93.34047588475653"><ele>371.0</ele></trkpt><trkpt lat="46.83713156400809" lon="-93.34129127629706"><ele>371.0</ele></trkpt><trkpt lat="46.83730770748582" lon="-93.34176334508368"><ele>371.0</ele></trkpt><trkpt lat="46.83826180795585" lon="-93.3417848027558"><ele>371.0</ele></trkpt><trkpt lat="46.83940670615752" lon="-93.34242853291937"><ele>371.0</ele></trkpt><trkpt lat="46.840067213253825" lon="-93.34378036626288"><ele>371.0</ele></trkpt><trkpt lat="46.840155280253164" lon="-93.34523948796698"><ele>371.0</ele></trkpt><trkpt lat="46.83974464261376" lon="-93.34736379750677"><ele>371.0</ele></trkpt><trkpt lat="46.83917220016276" lon="-93.34781440862128"><ele>371.0</ele></trkpt><trkpt lat="46.83824747255086" lon="-93.34813627370306"><ele>371.0</ele></trkpt><trkpt lat="46.83714658559573" lon="-93.34871563085028"><ele>371.0</ele></trkpt><trkpt lat="46.83638329073329" lon="-93.34942373403021"><ele>371.0</ele></trkpt><trkpt lat="46.83547319422676" lon="-93.35107597478338"><ele>371.0</ele></trkpt><trkpt lat="46.83463647900059" lon="-93.35146221288153"><ele>371.0</ele></trkpt><trkpt lat="46.83394654611948" lon="-93.35126909383246"><ele>371.0</ele></trkpt><trkpt lat="46.83089432278445" lon="-93.35152658589789"><ele>371.0</ele></trkpt><trkpt lat="46.82894180064393" lon="-93.3523205197663"><ele>371.0</ele></trkpt><trkpt lat="46.82757646106796" lon="-93.3532217419953"><ele>371.0</ele></trkpt><trkpt lat="46.82600554359664" lon="-93.35504564412543"><ele>371.0</ele></trkpt><trkpt lat="46.82502347081159" lon="-93.35682663091131"><ele>371.0</ele></trkpt><trkpt lat="46.82420127507525" lon="-93.3572557843537"><ele>371.0</ele></trkpt><trkpt lat="46.823496525864" lon="-93.35676225789496"><ele>371.0</ele></trkpt><trkpt lat="46.82290922779725" lon="-93.35489544042059"><ele>371.0</ele></trkpt><trkpt lat="46.82246875003675" lon="-93.35474523671576"><ele>371.0</ele></trkpt><trkpt lat="46.82201358589291" lon="-93.35500272878119"><ele>371.0</ele></trkpt><trkpt lat="46.82149968626038" lon="-93.35639747746893"><ele>371.0</ele></trkpt><trkpt lat="46.820985781715706" lon="-93.3566978848786"><ele>371.0</ele></trkpt><trkpt lat="46.820457189059354" lon="-93.35648330815741"><ele>371.0</ele></trkpt><trkpt lat="46.81945959881806" lon="-93.35564645894476"><ele>371.0</ele></trkpt><trkpt lat="46.818725420107825" lon="-93.35577520497748"><ele>371.0</ele></trkpt><trkpt lat="46.81825554047228" lon="-93.35682663091131"><ele>371.0</ele></trkpt><trkpt lat="46.818167437583476" lon="-93.35897239812323"><ele>371.0</ele></trkpt><trkpt lat="46.8176681851535" lon="-93.35929426320502"><ele>371.0</ele></trkpt><trkpt lat="46.817227664453995" lon="-93.35901531346747"><ele>371.0</ele></trkpt><trkpt lat="46.81693398198269" lon="-93.35828575261542"><ele>371.0</ele></trkpt><trkpt lat="46.81674308751621" lon="-93.35716995366522"><ele>371.0</ele></trkpt><trkpt lat="46.81678714014555" lon="-93.35480960973211"><ele>370.8731630870607</ele></trkpt><trkpt lat="46.81725703261291" lon="-93.35399421819159"><ele>371.0</ele></trkpt><trkpt lat="46.820090984490996" lon="-93.35362943776556"><ele>371.0</ele></trkpt><trkpt lat="46.82202891881692" lon="-93.35217031606146"><ele>371.0</ele></trkpt><trkpt lat="46.82176462826621" lon="-93.35021766789862"><ele>371.0</ele></trkpt><trkpt lat="46.82198487048201" lon="-93.34551843770453"><ele>370.0</ele></trkpt><trkpt lat="46.82191145651035" lon="-93.34229978688666"><ele>370.0</ele></trkpt><trkpt lat="46.82100129208293" lon="-93.34054025777289"><ele>370.0</ele></trkpt><trkpt lat="46.819958785218034" lon="-93.33972486623236"><ele>370.0</ele></trkpt><trkpt lat="46.81896030898808" lon="-93.34236415990301"><ele>370.0</ele></trkpt><trkpt lat="46.81621485282259" lon="-93.35026058324286"><ele>370.0</ele></trkpt><trkpt lat="46.815715582263344" lon="-93.3503034985871"><ele>370.0</ele></trkpt><trkpt lat="46.81540720695515" lon="-93.34991726048895"><ele>370.0</ele></trkpt><trkpt lat="46.81534846860071" lon="-93.34893020757147"><ele>370.0</ele></trkpt><trkpt lat="46.81565684424573" lon="-93.34646257527777"><ele>370.0</ele></trkpt><trkpt lat="46.81552468347153" lon="-93.34433826573797"><ele>370.0</ele></trkpt><trkpt lat="46.81499603712669" lon="-93.34249290593573"><ele>370.0</ele></trkpt><trkpt lat="46.813791878829846" lon="-93.34096941121527"><ele>370.0</ele></trkpt><trkpt lat="46.8126323652772" lon="-93.34060463078924"><ele>370.0</ele></trkpt><trkpt lat="46.8109435248558" lon="-93.34148439534613"><ele>370.0</ele></trkpt><trkpt lat="46.80960710050185" lon="-93.34199937947699"><ele>370.0</ele></trkpt><trkpt lat="46.808182523693134" lon="-93.34270748265692"><ele>370.0</ele></trkpt><trkpt lat="46.80734538363853" lon="-93.3445957578034"><ele>370.0</ele></trkpt><trkpt lat="46.806743222209796" lon="-93.34446701177069"><ele>370.0</ele></trkpt><trkpt lat="46.806552291568764" lon="-93.34337267049261"><ele>370.0</ele></trkpt><trkpt lat="46.80705177638725" lon="-93.34148439534613"><ele>370.0</ele></trkpt><trkpt lat="46.80719864480752" lon="-93.34030422337958"><ele>370.0</ele></trkpt><trkpt lat="46.80709583695544" lon="-93.3391025937409"><ele>370.0</ele></trkpt><trkpt lat="46.806508359745585" lon="-93.33800825246283"><ele>370.0</ele></trkpt><trkpt lat="46.80539213537063" lon="-93.33757909902045"><ele>370.0</ele></trkpt><trkpt lat="46.80455585578611" lon="-93.33721431859442"><ele>370.0</ele></trkpt><trkpt lat="46.80392428770673" lon="-93.33596977361151"><ele>370.0</ele></trkpt><trkpt lat="46.80357178136858" lon="-93.33491834767767"><ele>370.0</ele></trkpt><trkpt lat="46.802940201736234" lon="-93.33423170216986"><ele>370.0</ele></trkpt><trkpt lat="46.80226455019997" lon="-93.33431753285834"><ele>370.0</ele></trkpt><trkpt lat="46.800590072864296" lon="-93.33592685826727"><ele>370.0</ele></trkpt><trkpt lat="46.79959176095646" lon="-93.33665641911932"><ele>370.0</ele></trkpt><trkpt lat="46.79887200010118" lon="-93.33648475774237"><ele>370.0</ele></trkpt><trkpt lat="46.79782906422775" lon="-93.33534750112005"><ele>370.0</ele></trkpt><trkpt lat="46.79568497466055" lon="-93.33423170216986"><ele>370.0</ele></trkpt><trkpt lat="46.79333452887855" lon="-93.33309444554754"><ele>370.0</ele></trkpt><trkpt lat="46.7924237035402" lon="-93.33232196935126"><ele>370.0</ele></trkpt><trkpt lat="46.7920417399397" lon="-93.33144220479437"><ele>370.0</ele></trkpt><trkpt lat="46.7920858128012" lon="-93.33039077886053"><ele>370.0</ele></trkpt><trkpt lat="46.79258529855661" lon="-93.32916769154974"><ele>370.0</ele></trkpt><trkpt lat="46.792144572408006" lon="-93.32770856984564"><ele>370.0</ele></trkpt><trkpt lat="46.791425430141366" lon="-93.32719358571478"><ele>370.0</ele></trkpt><trkpt lat="46.79091123820248" lon="-93.32702192433783"><ele>370.0</ele></trkpt><trkpt lat="46.79058802932655" lon="-93.32730087407538"><ele>370.0</ele></trkpt><trkpt lat="46.7892657909863" lon="-93.32951101430365"><ele>370.0</ele></trkpt><trkpt lat="46.789207024083964" lon="-93.33021911748358"><ele>370.0</ele></trkpt><trkpt lat="46.789824073358716" lon="-93.33172115453192"><ele>370.0</ele></trkpt><trkpt lat="46.79097000324413" lon="-93.33433899053045"><ele>370.0</ele></trkpt><trkpt lat="46.791528267939654" lon="-93.3351758397431"><ele>370.0</ele></trkpt><trkpt lat="46.79304142996815" lon="-93.33646330007025"><ele>370.0</ele></trkpt><trkpt lat="46.79411368084388" lon="-93.3380940831513"><ele>370.0</ele></trkpt><trkpt lat="46.79411368084388" lon="-93.33856615193793"><ele>370.0</ele></trkpt><trkpt lat="46.793834562629115" lon="-93.3392098821015"><ele>370.0</ele></trkpt><trkpt lat="46.79340853729973" lon="-93.33985361226507"><ele>370.0</ele></trkpt><trkpt lat="46.79315879674557" lon="-93.34071191914984"><ele>370.0</ele></trkpt><trkpt lat="46.79374641973423" lon="-93.34202083714911"><ele>370.0</ele></trkpt><trkpt lat="46.79499509728121" lon="-93.34378036626288"><ele>370.0</ele></trkpt><trkpt lat="46.79571490999592" lon="-93.34506782659003"><ele>370.0</ele></trkpt><trkpt lat="46.7958471194479" lon="-93.3462694562287"><ele>370.0</ele></trkpt><trkpt lat="46.795509250202784" lon="-93.34740671285101"><ele>370.0</ele></trkpt><trkpt lat="46.79506854799932" lon="-93.34811481603094"><ele>370.0</ele></trkpt><trkpt lat="46.79318841986907" lon="-93.35116180547186"><ele>370.0</ele></trkpt><trkpt lat="46.79263017239406" lon="-93.35148367055365"><ele>370.0</ele></trkpt><trkpt lat="46.792174755691384" lon="-93.35099014409491"><ele>370.0</ele></trkpt><trkpt lat="46.792057228174805" lon="-93.34976705678412"><ele>370.0</ele></trkpt><trkpt lat="46.79201315528991" lon="-93.34740671285101"><ele>370.0</ele></trkpt><trkpt lat="46.79176340826044" lon="-93.34635528691717"><ele>370.0</ele></trkpt><trkpt lat="46.79133736653542" lon="-93.34575447209784"><ele>370.0</ele></trkpt><trkpt lat="46.78976539030302" lon="-93.34609779485174"><ele>370.0</ele></trkpt><trkpt lat="46.78831138895136" lon="-93.34699901708075"><ele>370.0</ele></trkpt><trkpt lat="46.784109319211005" lon="-93.34878000386664"><ele>370.0</ele></trkpt><trkpt lat="46.78239095642314" lon="-93.35193428166815"><ele>370.0</ele></trkpt><trkpt lat="46.78209708374127" lon="-93.35307153829046"><ele>370.0</ele></trkpt><trkpt lat="46.781847290700426" lon="-93.35689100392767"><ele>370.0</ele></trkpt><trkpt lat="46.78233218201511" lon="-93.35886510976263"><ele>369.2302296528153</ele></trkpt><trkpt lat="46.783463578099315" lon="-93.35931572087713"><ele>369.0</ele></trkpt><trkpt lat="46.784844730699064" lon="-93.35862907536932"><ele>369.0</ele></trkpt><trkpt lat="46.78537367337461" lon="-93.35798534520575"><ele>369.0</ele></trkpt><trkpt lat="46.78596138415103" lon="-93.35626873143622"><ele>369.0</ele></trkpt><trkpt lat="46.78635808341591" lon="-93.35598978169867"><ele>369.0</ele></trkpt><trkpt lat="46.78662254796839" lon="-93.35633310445257"><ele>369.0</ele></trkpt><trkpt lat="46.786505008327694" lon="-93.35777076848456"><ele>369.0</ele></trkpt><trkpt lat="46.78582915041308" lon="-93.35957321294256"><ele>369.0</ele></trkpt><trkpt lat="46.78507997082075" lon="-93.36045297749945"><ele>369.0</ele></trkpt><trkpt lat="46.78397799503619" lon="-93.36113962300726"><ele>369.0</ele></trkpt><trkpt lat="46.78189152576506" lon="-93.36126836903998"><ele>369.0</ele></trkpt><trkpt lat="46.780466215059796" lon="-93.36092504628607"><ele>369.0</ele></trkpt><trkpt lat="46.779496394452025" lon="-93.36064609654852"><ele>369.0</ele></trkpt><trkpt lat="46.77905556112822" lon="-93.36094650395819"><ele>369.0</ele></trkpt><trkpt lat="46.77914372808173" lon="-93.36182626851507"><ele>369.0</ele></trkpt><trkpt lat="46.78001069543472" lon="-93.36369308598944"><ele>369.0</ele></trkpt><trkpt lat="46.78100989472867" lon="-93.36508783467718"><ele>369.0</ele></trkpt><trkpt lat="46.78136254887566" lon="-93.36693319447943"><ele>369.0</ele></trkpt><trkpt lat="46.78136254887566" lon="-93.36807045110174"><ele>369.0</ele></trkpt><trkpt lat="46.78083372049392" lon="-93.37040933736273"><ele>369.0</ele></trkpt><trkpt lat="46.78048106288306" lon="-93.37279113896795"><ele>369.0</ele></trkpt><trkpt lat="46.78033412153016" lon="-93.37442192204901"><ele>369.0</ele></trkpt><trkpt lat="46.779805129339074" lon="-93.37482961781927"><ele>369.0</ele></trkpt><trkpt lat="46.778541404733616" lon="-93.37416442998358"><ele>369.0</ele></trkpt><trkpt lat="46.7763817119614" lon="-93.37500127919623"><ele>369.0</ele></trkpt><trkpt lat="46.7751032114277" lon="-93.37502273686835"><ele>369.0</ele></trkpt><trkpt lat="46.773751576726276" lon="-93.37465795644232"><ele>369.0</ele></trkpt><trkpt lat="46.772473013748794" lon="-93.37470087178656"><ele>369.0</ele></trkpt><trkpt lat="46.77153244229546" lon="-93.3757522977204"><ele>369.0</ele></trkpt><trkpt lat="46.77050367345986" lon="-93.37688955434271"><ele>369.0</ele></trkpt><trkpt lat="46.7694460960274" lon="-93.37695392735907"><ele>369.0</ele></trkpt><trkpt lat="46.76710920220583" lon="-93.37742599614569"><ele>369.0</ele></trkpt><trkpt lat="46.766183235099874" lon="-93.37798389562079"><ele>369.0</ele></trkpt><trkpt lat="46.76583048153933" lon="-93.37875637181708"><ele>369.0</ele></trkpt><trkpt lat="46.76653598635045" lon="-93.38060173161932"><ele>369.0</ele></trkpt><trkpt lat="46.76740315668863" lon="-93.38146003850409"><ele>369.0</ele></trkpt><trkpt lat="46.76828501051212" lon="-93.38146003850409"><ele>369.0</ele></trkpt><trkpt lat="46.769666552475165" lon="-93.38098796971747"><ele>369.0</ele></trkpt><trkpt lat="46.770856873047975" lon="-93.38238271840521"><ele>369.0</ele></trkpt><trkpt lat="46.77119489704484" lon="-93.3834985173554"><ele>369.0</ele></trkpt><trkpt lat="46.7710920204008" lon="-93.38442119725653"><ele>369.0</ele></trkpt><trkpt lat="46.770357181514385" lon="-93.38633093007513"><ele>369.0</ele></trkpt><trkpt lat="46.768960960008854" lon="-93.3865240491242"><ele>369.0</ele></trkpt><trkpt lat="46.766374909699785" lon="-93.38699611791083"><ele>369.0</ele></trkpt><trkpt lat="46.76464052195672" lon="-93.38755401738592"><ele>369.0</ele></trkpt><trkpt lat="46.76372921110354" lon="-93.38834795125433"><ele>369.0</ele></trkpt><trkpt lat="46.7628325837674" lon="-93.39045080312201"><ele>369.0</ele></trkpt><trkpt lat="46.76224462331481" lon="-93.39070829518744"><ele>369.0</ele></trkpt><trkpt lat="46.761656656445545" lon="-93.38989290364691"><ele>369.0</ele></trkpt><trkpt lat="46.76112748077691" lon="-93.38834795125433"><ele>369.0</ele></trkpt><trkpt lat="46.76065818126006" lon="-93.38841232427069"><ele>369.0</ele></trkpt><trkpt lat="46.760437687943565" lon="-93.38890585072943"><ele>369.0</ele></trkpt><trkpt lat="46.75996729918587" lon="-93.38957103856512"><ele>369.0</ele></trkpt><trkpt lat="46.75946750663109" lon="-93.38942083486029"><ele>369.0</ele></trkpt><trkpt lat="46.75907060924085" lon="-93.3865240491242"><ele>369.0</ele></trkpt><trkpt lat="46.759144108978134" lon="-93.38422807820746"><ele>369.0</ele></trkpt><trkpt lat="46.758614908631856" lon="-93.38412078984686"><ele>369.0</ele></trkpt><trkpt lat="46.7577181961802" lon="-93.38590177663275"><ele>369.0</ele></trkpt><trkpt lat="46.75664506166387" lon="-93.38686737187811"><ele>369.0</ele></trkpt><trkpt lat="46.75574831643061" lon="-93.38671716817328"><ele>369.0</ele></trkpt><trkpt lat="46.75489565958181" lon="-93.38620218404242"><ele>369.0</ele></trkpt><trkpt lat="46.75427820999341" lon="-93.38588031896063"><ele>369.0</ele></trkpt><trkpt lat="46.75388127437935" lon="-93.38635238774725"><ele>369.0</ele></trkpt><trkpt lat="46.75388127437935" lon="-93.38738235600897"><ele>369.0</ele></trkpt><trkpt lat="46.75473394727814" lon="-93.38922771581122"><ele>369.0</ele></trkpt><trkpt lat="46.755101474539146" lon="-93.39085849889227"><ele>369.0</ele></trkpt><trkpt lat="46.75533695432942" lon="-93.39521440633246"><ele>369.0</ele></trkpt><trkpt lat="46.756116100428386" lon="-93.39654478200384"><ele>369.0</ele></trkpt><trkpt lat="46.75717454500628" lon="-93.39746746190497"><ele>369.0</ele></trkpt><trkpt lat="46.75714514404872" lon="-93.39823993810126"><ele>369.0</ele></trkpt><trkpt lat="46.7569099358109" lon="-93.3985188878388"><ele>369.0</ele></trkpt><trkpt lat="46.75332288297144" lon="-93.39937719472357"><ele>369.0</ele></trkpt><trkpt lat="46.75269071366692" lon="-93.39909824498602"><ele>369.0</ele></trkpt><trkpt lat="46.75207323881538" lon="-93.3981755650849"><ele>369.0</ele></trkpt><trkpt lat="46.75080972249153" lon="-93.39585813649603"><ele>369.0</ele></trkpt><trkpt lat="46.750383356684054" lon="-93.39568647511908"><ele>369.0</ele></trkpt><trkpt lat="46.74983936782595" lon="-93.39579376347967"><ele>369.0</ele></trkpt><trkpt lat="46.748163259528255" lon="-93.39663061269232"><ele>369.0</ele></trkpt><trkpt lat="46.74656061601022" lon="-93.39667352803656"><ele>369.0</ele></trkpt><trkpt lat="46.7442383896102" lon="-93.39680227406927"><ele>369.0</ele></trkpt><trkpt lat="46.74229742620455" lon="-93.39731725820013"><ele>369.0</ele></trkpt><trkpt lat="46.74107693615737" lon="-93.39843305715033"><ele>369.0</ele></trkpt><trkpt lat="46.7406504933626" lon="-93.39950594075628"><ele>369.0</ele></trkpt><trkpt lat="46.74053285337738" lon="-93.40137275823065"><ele>369.0</ele></trkpt><trkpt lat="46.740782838039195" lon="-93.40369018681952"><ele>369.0</ele></trkpt><trkpt lat="46.74143055899829" lon="-93.40746673711249"><ele>369.0</ele></trkpt><trkpt lat="46.74122469183425" lon="-93.40847524770209"><ele>369.0</ele></trkpt><trkpt lat="46.740827660083774" lon="-93.40899023183295"><ele>369.0</ele></trkpt><trkpt lat="46.74012181864158" lon="-93.40909752019354"><ele>369.0</ele></trkpt><trkpt lat="46.738974806589844" lon="-93.40828212865301"><ele>369.0</ele></trkpt><trkpt lat="46.73807776734123" lon="-93.40701612599798"><ele>369.0</ele></trkpt><trkpt lat="46.737430713372774" lon="-93.406479684195"><ele>369.0</ele></trkpt><trkpt lat="46.7369307118063" lon="-93.40654405721136"><ele>369.0</ele></trkpt><trkpt lat="46.73660717891036" lon="-93.40710195668646"><ele>369.0</ele></trkpt><trkpt lat="46.736415999468534" lon="-93.40907606252142"><ele>369.0</ele></trkpt><trkpt lat="46.73688659379841" lon="-93.41135057576605"><ele>369.0</ele></trkpt><trkpt lat="46.7378865821194" lon="-93.41280969747015"><ele>369.0</ele></trkpt><trkpt lat="46.73834245800573" lon="-93.41461214192816"><ele>369.0</ele></trkpt><trkpt lat="46.73879833003789" lon="-93.41748746999212"><ele>369.0</ele></trkpt><trkpt lat="46.73938654631976" lon="-93.41862472661444"><ele>369.0</ele></trkpt><trkpt lat="46.741254090484105" lon="-93.42016967900702"><ele>369.0</ele></trkpt><trkpt lat="46.741459957535845" lon="-93.42096361287543"><ele>369.0</ele></trkpt><trkpt lat="46.74119527118204" lon="-93.42248710759588"><ele>369.0</ele></trkpt><trkpt lat="46.74006321519986" lon="-93.42521223195502"><ele>369.0</ele></trkpt><trkpt lat="46.738710325136815" lon="-93.42589887746283"><ele>369.0</ele></trkpt><trkpt lat="46.737563283058144" lon="-93.42521223195502"><ele>369.0</ele></trkpt><trkpt lat="46.735916205605335" lon="-93.42521223195502"><ele>369.0</ele></trkpt><trkpt lat="46.73393082216518" lon="-93.4247401631684"><ele>369.0</ele></trkpt><trkpt lat="46.73304840606272" lon="-93.42409643300482"><ele>369.0</ele></trkpt><trkpt lat="46.73279838554204" lon="-93.42283043034979"><ele>369.0</ele></trkpt><trkpt lat="46.733313132409506" lon="-93.42087778218695"><ele>369.0</ele></trkpt><trkpt lat="46.73332783939067" lon="-93.42008384831854"><ele>369.0</ele></trkpt><trkpt lat="46.73310723425209" lon="-93.41946157582709"><ele>369.0</ele></trkpt><trkpt lat="46.732593282970285" lon="-93.41922554143378"><ele>369.0</ele></trkpt><trkpt lat="46.7318726263612" lon="-93.41989072926947"><ele>369.0</ele></trkpt><trkpt lat="46.73151964818215" lon="-93.42182191976019"><ele>369.0</ele></trkpt><trkpt lat="46.73213735847943" lon="-93.4271005071015"><ele>369.0</ele></trkpt><trkpt lat="46.7329609612038" lon="-93.42881712087103"><ele>369.0</ele></trkpt><trkpt lat="46.735093302194755" lon="-93.43008312352606"><ele>369.0</ele></trkpt><trkpt lat="46.735328605644604" lon="-93.43096288808295"><ele>369.0</ele></trkpt><trkpt lat="46.73500506313636" lon="-93.43190702565619"><ele>369.0</ele></trkpt><trkpt lat="46.73369616681516" lon="-93.43282970555731"><ele>369.0</ele></trkpt><trkpt lat="46.73290198951709" lon="-93.43362363942572"><ele>369.0</ele></trkpt><trkpt lat="46.732607846809145" lon="-93.43443903096625"><ele>369.0</ele></trkpt><trkpt lat="46.73249018927678" lon="-93.43553337224432"><ele>369.0</ele></trkpt><trkpt lat="46.73281384736503" lon="-93.43761476643988"><ele>369.0</ele></trkpt><trkpt lat="46.732402046451725" lon="-93.4380868352265"><ele>369.0</ele></trkpt><trkpt lat="46.73099013373448" lon="-93.43722852834173"><ele>369.0</ele></trkpt><trkpt lat="46.73021062441895" lon="-93.43714269765326"><ele>369.0</ele></trkpt><trkpt lat="46.72897515261491" lon="-93.43748602040716"><ele>369.0</ele></trkpt><trkpt lat="46.72703408189399" lon="-93.43986782201239"><ele>369.0</ele></trkpt><trkpt lat="46.72706349927679" lon="-93.44207796224066"><ele>369.0</ele></trkpt><trkpt lat="46.72788717948182" lon="-93.44325813420721"><ele>369.0</ele></trkpt><trkpt lat="46.728534347962146" lon="-93.44270023473211"><ele>369.0</ele></trkpt><trkpt lat="46.73001986442361" lon="-93.44085487492987"><ele>369.0</ele></trkpt><trkpt lat="46.73075525347204" lon="-93.4405544675202"><ele>369.0</ele></trkpt><trkpt lat="46.73199068450128" lon="-93.4421208775849"><ele>369.0</ele></trkpt><trkpt lat="46.732740753819364" lon="-93.44390186437079"><ele>369.0</ele></trkpt><trkpt lat="46.73304960285945" lon="-93.44538244374701"><ele>369.0</ele></trkpt><trkpt lat="46.732873117910266" lon="-93.44645532735296"><ele>369.0</ele></trkpt><trkpt lat="46.732490731872424" lon="-93.44722780354925"><ele>369.0</ele></trkpt><trkpt lat="46.73146140021898" lon="-93.4485152638764"><ele>369.0</ele></trkpt><trkpt lat="46.730696605413335" lon="-93.44877275594183"><ele>369.0</ele></trkpt><trkpt lat="46.72797561289174" lon="-93.44832214482733"><ele>369.0</ele></trkpt><trkpt lat="46.72681363372095" lon="-93.44774278768011"><ele>369.0</ele></trkpt><trkpt lat="46.726004646101" lon="-93.44669136174628"><ele>369.0</ele></trkpt><trkpt lat="46.725784009619794" lon="-93.44351562627264"><ele>369.0</ele></trkpt><trkpt lat="46.725225063345654" lon="-93.44300064214178"><ele>369.0</ele></trkpt><trkpt lat="46.72465140193689" lon="-93.44379457601019"><ele>369.0</ele></trkpt><trkpt lat="46.72437192365604" lon="-93.44647678502508"><ele>369.0</ele></trkpt><trkpt lat="46.72490146022406" lon="-93.449523774466"><ele>369.0</ele></trkpt><trkpt lat="46.72551924631713" lon="-93.4509828961701"><ele>369.0</ele></trkpt><trkpt lat="46.725636919056534" lon="-93.45222744115301"><ele>369.0</ele></trkpt><trkpt lat="46.72500442506423" lon="-93.45282825597235"><ele>369.0</ele></trkpt><trkpt lat="46.72334288067165" lon="-93.45173391469427"><ele>369.0</ele></trkpt><trkpt lat="46.72194543399244" lon="-93.45068248876044"><ele>369.0</ele></trkpt><trkpt lat="46.72084216649381" lon="-93.45085415013739"><ele>369.0</ele></trkpt><trkpt lat="46.72038614267134" lon="-93.45177683003851"><ele>368.0</ele></trkpt><trkpt lat="46.72063622072868" lon="-93.45379385121771"><ele>368.0</ele></trkpt><trkpt lat="46.721386447946045" lon="-93.45660480626532"><ele>368.0</ele></trkpt><trkpt lat="46.72103392269538" lon="-93.4579351819367"><ele>368.0</ele></trkpt><trkpt lat="46.7199306365573" lon="-93.45832142003485"><ele>368.0</ele></trkpt><trkpt lat="46.718636085389946" lon="-93.45651897557684"><ele>368.0</ele></trkpt><trkpt lat="46.717621017863785" lon="-93.45544609197088"><ele>368.0</ele></trkpt><trkpt lat="46.71651825012636" lon="-93.45518859990545"><ele>368.0</ele></trkpt><trkpt lat="46.71528246471859" lon="-93.45566066869208"><ele>368.0</ele></trkpt><trkpt lat="46.71382596701311" lon="-93.45750602849432"><ele>368.0</ele></trkpt><trkpt lat="46.714076081068654" lon="-93.45980199941107"><ele>368.0</ele></trkpt><trkpt lat="46.7151941988427" lon="-93.46334251531073"><ele>368.0</ele></trkpt><trkpt lat="46.71492938356883" lon="-93.46546682485052"><ele>368.0</ele></trkpt><trkpt lat="46.71325218999009" lon="-93.46707615025946"><ele>368.0</ele></trkpt><trkpt lat="46.71089916511116" lon="-93.46763404973456"><ele>368.0</ele></trkpt><trkpt lat="46.70997223220117" lon="-93.46874984868475"><ele>368.0</ele></trkpt><trkpt lat="46.71016350537501" lon="-93.4699300206513"><ele>368.0</ele></trkpt><trkpt lat="46.71134055613978" lon="-93.47162517674872"><ele>368.0</ele></trkpt><trkpt lat="46.7115317696112" lon="-93.47226890691229"><ele>368.0</ele></trkpt><trkpt lat="46.711458204951086" lon="-93.47349199422308"><ele>368.0</ele></trkpt><trkpt lat="46.71078140537312" lon="-93.47585233815619"><ele>368.0</ele></trkpt><trkpt lat="46.71075197911202" lon="-93.47713979848334"><ele>368.0</ele></trkpt><trkpt lat="46.710251730218175" lon="-93.47859892018744"><ele>368.0</ele></trkpt><trkpt lat="46.70911879646526" lon="-93.48093780644842"><ele>368.0</ele></trkpt><trkpt lat="46.709001134242044" lon="-93.48280462392279"><ele>368.0</ele></trkpt><trkpt lat="46.70931011920659" lon="-93.48518642552801"><ele>368.0</ele></trkpt><trkpt lat="46.70913355658628" lon="-93.4861734784455"><ele>368.0</ele></trkpt><trkpt lat="46.708809856949" lon="-93.48683866628119"><ele>368.0</ele></trkpt><trkpt lat="46.70817716568907" lon="-93.48726781972357"><ele>368.0</ele></trkpt><trkpt lat="46.707250186032184" lon="-93.48731073506781"><ele>368.0</ele></trkpt><trkpt lat="46.706455619370146" lon="-93.48701032765814"><ele>368.0</ele></trkpt><trkpt lat="46.70545503730669" lon="-93.48722490437933"><ele>368.0</ele></trkpt><trkpt lat="46.70494002460318" lon="-93.48806175359198"><ele>368.0</ele></trkpt><trkpt lat="46.704218998563825" lon="-93.49123748906561"><ele>368.0</ele></trkpt><trkpt lat="46.703587310897646" lon="-93.4915593541474"><ele>368.0</ele></trkpt><trkpt lat="46.70260139102737" lon="-93.49138769277045"><ele>368.0</ele></trkpt><trkpt lat="46.70173317802402" lon="-93.4913447774262"><ele>368.0</ele></trkpt><trkpt lat="46.700806087708095" lon="-93.4920099652619"><ele>368.0</ele></trkpt><trkpt lat="46.69982011704731" lon="-93.49404844411322"><ele>368.0</ele></trkpt><trkpt lat="46.696892186494665" lon="-93.4963873303742"><ele>368.0</ele></trkpt><trkpt lat="46.696097467378046" lon="-93.4979537404389"><ele>368.0</ele></trkpt><trkpt lat="46.69617105297277" lon="-93.49979910024115"><ele>368.0</ele></trkpt><trkpt lat="46.69664199840461" lon="-93.50127967961737"><ele>368.0</ele></trkpt><trkpt lat="46.69745159255161" lon="-93.50402626164862"><ele>368.0</ele></trkpt><trkpt lat="46.69721612387948" lon="-93.50499185689398"><ele>368.0</ele></trkpt><trkpt lat="46.69612706791439" lon="-93.50709470876166"><ele>368.0</ele></trkpt><trkpt lat="46.69500855514165" lon="-93.50954088338324"><ele>368.0</ele></trkpt><trkpt lat="46.69386058373226" lon="-93.51087125905462"><ele>368.0</ele></trkpt><trkpt lat="46.6915652367881" lon="-93.51248058446356"><ele>367.0</ele></trkpt><trkpt lat="46.69127086870318" lon="-93.51321014531561"><ele>367.0</ele></trkpt><trkpt lat="46.691447489746665" lon="-93.51402553685614"><ele>367.0</ele></trkpt><trkpt lat="46.692330586300294" lon="-93.51494821675726"><ele>367.0</ele></trkpt><trkpt lat="46.6942144773542" lon="-93.51625713475653"><ele>367.0</ele></trkpt><trkpt lat="46.69543583544608" lon="-93.51825269826361"><ele>367.0</ele></trkpt><trkpt lat="46.69559772560565" lon="-93.51971181996771"><ele>367.0</ele></trkpt><trkpt lat="46.69531809684337" lon="-93.5218361295075"><ele>367.0</ele></trkpt><trkpt lat="46.69481770491802" lon="-93.52269443639227"><ele>367.0</ele></trkpt><trkpt lat="46.69430259073985" lon="-93.52301630147406"><ele>367.0</ele></trkpt><trkpt lat="46.69312516845336" lon="-93.5228446400971"><ele>367.44254814181477</ele></trkpt><trkpt lat="46.69059407752437" lon="-93.52290901311346"><ele>367.0</ele></trkpt><trkpt lat="46.68896028501839" lon="-93.5235098279328"><ele>367.0</ele></trkpt><trkpt lat="46.68837151884884" lon="-93.524625626883"><ele>367.0</ele></trkpt><trkpt lat="46.68850399179655" lon="-93.52593454488226"><ele>367.0</ele></trkpt><trkpt lat="46.69012307934937" lon="-93.52780136235663"><ele>367.0</ele></trkpt><trkpt lat="46.69044702197418" lon="-93.5294536031098"><ele>367.0</ele></trkpt><trkpt lat="46.69038814726661" lon="-93.53093418248602"><ele>367.0</ele></trkpt><trkpt lat="46.689828834344" lon="-93.53267225392767"><ele>367.0</ele></trkpt><trkpt lat="46.68900481298876" lon="-93.53327306874701"><ele>367.0</ele></trkpt><trkpt lat="46.68710602063183" lon="-93.53372367986151"><ele>367.0</ele></trkpt><trkpt lat="46.68631115750101" lon="-93.53385242589422"><ele>367.0</ele></trkpt><trkpt lat="46.68526604188173" lon="-93.53458198674628"><ele>367.0</ele></trkpt><trkpt lat="46.68491275878992" lon="-93.535611955008"><ele>367.0</ele></trkpt><trkpt lat="46.68547212261835" lon="-93.53818687566229"><ele>367.0</ele></trkpt><trkpt lat="46.68585484190061" lon="-93.53913101323553"><ele>367.0</ele></trkpt><trkpt lat="46.68700311961751" lon="-93.54097637303778"><ele>367.0</ele></trkpt><trkpt lat="46.687356389038705" lon="-93.54170593388983"><ele>367.0</ele></trkpt><trkpt lat="46.68731223048742" lon="-93.54320797093817"><ele>367.0</ele></trkpt><trkpt lat="46.68712087634796" lon="-93.54413065083929"><ele>367.0</ele></trkpt><trkpt lat="46.68729751096229" lon="-93.54522499211737"><ele>367.0</ele></trkpt><trkpt lat="46.68779797256628" lon="-93.54552539952704"><ele>367.0</ele></trkpt><trkpt lat="46.688533937090085" lon="-93.54552539952704"><ele>367.0</ele></trkpt><trkpt lat="46.68897551099111" lon="-93.54606184133002"><ele>367.0</ele></trkpt><trkpt lat="46.68900494912283" lon="-93.5473922170014"><ele>367.0</ele></trkpt><trkpt lat="46.6884750602972" lon="-93.54867967732855"><ele>367.0</ele></trkpt><trkpt lat="46.68779797256628" lon="-93.54945215352484"><ele>367.0</ele></trkpt><trkpt lat="46.68713559592121" lon="-93.5510829366059"><ele>367.0</ele></trkpt><trkpt lat="46.687076717604114" lon="-93.55213436253973"><ele>367.0</ele></trkpt><trkpt lat="46.687665439382634" lon="-93.55397972234198"><ele>367.0</ele></trkpt><trkpt lat="46.68770959764518" lon="-93.55475219853827"><ele>367.0</ele></trkpt><trkpt lat="46.68744464752838" lon="-93.5553530133576"><ele>367.0</ele></trkpt><trkpt lat="46.6846920333216" lon="-93.55741294988104"><ele>367.0</ele></trkpt><trkpt lat="46.68308800315128" lon="-93.55820688374945"><ele>367.0</ele></trkpt><trkpt lat="46.68183673135627" lon="-93.55915102132269"><ele>367.0</ele></trkpt><trkpt lat="46.680070180662014" lon="-93.5612967885346"><ele>367.0</ele></trkpt><trkpt lat="46.6794077092604" lon="-93.56320652135321"><ele>367.0</ele></trkpt><trkpt lat="46.679304657423465" lon="-93.56503042348334"><ele>367.0</ele></trkpt><trkpt lat="46.679702141997254" lon="-93.56661829122015"><ele>367.0</ele></trkpt><trkpt lat="46.68185170405508" lon="-93.56915029653021"><ele>367.0</ele></trkpt><trkpt lat="46.68194003004913" lon="-93.57011589177557"><ele>367.0</ele></trkpt><trkpt lat="46.681748656879535" lon="-93.57114586003729"><ele>367.0</ele></trkpt><trkpt lat="46.681881146069145" lon="-93.57189687856146"><ele>367.0</ele></trkpt><trkpt lat="46.682999930714395" lon="-93.57318433888861"><ele>366.0</ele></trkpt><trkpt lat="46.68339738810303" lon="-93.57445034154364"><ele>366.0</ele></trkpt><trkpt lat="46.683485711570086" lon="-93.57590946324774"><ele>366.0</ele></trkpt><trkpt lat="46.68322074073575" lon="-93.57717546590277"><ele>366.0</ele></trkpt><trkpt lat="46.68233749523534" lon="-93.57867750295111"><ele>366.0</ele></trkpt><trkpt lat="46.679599342418044" lon="-93.58078035481878"><ele>366.0</ele></trkpt><trkpt lat="46.678642428336516" lon="-93.58245405324408"><ele>366.0</ele></trkpt><trkpt lat="46.67703798387077" lon="-93.58642372258612"><ele>366.0</ele></trkpt><trkpt lat="46.676434365272634" lon="-93.587303487143"><ele>366.0</ele></trkpt><trkpt lat="46.67553628609917" lon="-93.58799013265082"><ele>366.0</ele></trkpt><trkpt lat="46.673284308821124" lon="-93.58925613530585"><ele>366.0</ele></trkpt><trkpt lat="46.67229783568478" lon="-93.59000715383002"><ele>366.0</ele></trkpt><trkpt lat="46.67172361168745" lon="-93.59071525700995"><ele>366.0</ele></trkpt><trkpt lat="46.67116410551398" lon="-93.59193834432074"><ele>366.0</ele></trkpt><trkpt lat="46.67042790435584" lon="-93.5925606168122"><ele>366.0</ele></trkpt><trkpt lat="46.66923633694766" lon="-93.59204563268133"><ele>366.0</ele></trkpt><trkpt lat="46.66785221147491" lon="-93.59183105596014"><ele>366.0</ele></trkpt><trkpt lat="46.66733684013929" lon="-93.5925606168122"><ele>366.0</ele></trkpt><trkpt lat="46.667086515146174" lon="-93.59416994222113"><ele>366.0</ele></trkpt><trkpt lat="46.66723376528252" lon="-93.59584364064642"><ele>366.0</ele></trkpt><trkpt lat="46.66905963364793" lon="-93.60039266713568"><ele>366.0</ele></trkpt><trkpt lat="46.669942905051506" lon="-93.60122951634833"><ele>366.0</ele></trkpt><trkpt lat="46.67222511647994" lon="-93.60191616185614"><ele>366.0</ele></trkpt><trkpt lat="46.672652100174396" lon="-93.60240968831488"><ele>366.0</ele></trkpt><trkpt lat="46.67288767594109" lon="-93.60350402959295"><ele>366.0</ele></trkpt><trkpt lat="46.67247541767547" lon="-93.60519918569037"><ele>366.0</ele></trkpt><trkpt lat="46.67170978683896" lon="-93.60631498464056"><ele>366.0</ele></trkpt><trkpt lat="46.66565845459513" lon="-93.61116441853949"><ele>366.0</ele></trkpt><trkpt lat="46.663552678135936" lon="-93.6129668629975"><ele>366.0</ele></trkpt><trkpt lat="46.66266911113712" lon="-93.6128595746369"><ele>366.0</ele></trkpt><trkpt lat="46.66216841676118" lon="-93.6124089635224"><ele>366.0</ele></trkpt><trkpt lat="46.66228623462248" lon="-93.61133607991644"><ele>366.0</ele></trkpt><trkpt lat="46.665952969249176" lon="-93.60695871480414"><ele>366.0</ele></trkpt><trkpt lat="46.667322408752774" lon="-93.60391172536322"><ele>366.0</ele></trkpt><trkpt lat="46.667543282842935" lon="-93.60157283910223"><ele>366.0</ele></trkpt><trkpt lat="46.667160424211815" lon="-93.59923395284125"><ele>366.0</ele></trkpt><trkpt lat="46.6656142756765" lon="-93.59824689992377"><ele>366.0</ele></trkpt><trkpt lat="46.66414171214674" lon="-93.59865459569403"><ele>366.0</ele></trkpt><trkpt lat="46.66344959343092" lon="-93.5998562253327"><ele>366.0</ele></trkpt><trkpt lat="46.66300781089417" lon="-93.60331091054388"><ele>365.0</ele></trkpt><trkpt lat="46.662124234990365" lon="-93.60494169362494"><ele>365.0</ele></trkpt><trkpt lat="46.6611680178257" lon="-93.60528501637884"><ele>365.0</ele></trkpt><trkpt lat="46.66016659663315" lon="-93.60620769627997"><ele>365.0</ele></trkpt><trkpt lat="46.658340427884674" lon="-93.6103919423432"><ele>365.0</ele></trkpt><trkpt lat="46.65702967197159" lon="-93.61105713017889"><ele>365.0</ele></trkpt><trkpt lat="46.655925077712396" lon="-93.61041340001532"><ele>365.0</ele></trkpt><trkpt lat="46.65423132269133" lon="-93.60695871480414"><ele>365.0</ele></trkpt><trkpt lat="46.65345227994083" lon="-93.60640081532904"><ele>365.0</ele></trkpt><trkpt lat="46.65278948224846" lon="-93.60655101903387"><ele>365.0</ele></trkpt><trkpt lat="46.65203830171064" lon="-93.60734495290228"><ele>365.0</ele></trkpt><trkpt lat="46.65159642593227" lon="-93.60929760106512"><ele>365.0</ele></trkpt><trkpt lat="46.650933605495574" lon="-93.61425432332464"><ele>365.0</ele></trkpt><trkpt lat="46.65041831665157" lon="-93.61659320958563"><ele>365.0</ele></trkpt><trkpt lat="46.64977021152911" lon="-93.6173442281098"><ele>365.0</ele></trkpt><trkpt lat="46.648665468987815" lon="-93.61783775456854"><ele>365.0</ele></trkpt><trkpt lat="46.64675052846466" lon="-93.6177948392243"><ele>365.0</ele></trkpt><trkpt lat="46.645247989206815" lon="-93.61878189214178"><ele>365.0</ele></trkpt><trkpt lat="46.64349497399146" lon="-93.62084182866522"><ele>365.0</ele></trkpt><trkpt lat="46.64312777300045" lon="-93.62251552709051"><ele>365.0</ele></trkpt><trkpt lat="46.642671092745026" lon="-93.62313779958197"><ele>365.0</ele></trkpt><trkpt lat="46.64237645827636" lon="-93.62348112233587"><ele>365.0</ele></trkpt><trkpt lat="46.641345224999995" lon="-93.623502580008"><ele>365.0</ele></trkpt><trkpt lat="46.64007825435179" lon="-93.62494024403998"><ele>365.0</ele></trkpt><trkpt lat="46.63894384295115" lon="-93.62734350331732"><ele>365.0</ele></trkpt><trkpt lat="46.63826613458918" lon="-93.6300042546601"><ele>365.0</ele></trkpt><trkpt lat="46.63717713137513" lon="-93.63118442662665"><ele>365.0</ele></trkpt><trkpt lat="46.63496710935838" lon="-93.63307270177313"><ele>365.0</ele></trkpt><trkpt lat="46.63340530603875" lon="-93.63307270177313"><ele>365.0</ele></trkpt><trkpt lat="46.63199080375948" lon="-93.63208564885565"><ele>365.0</ele></trkpt><trkpt lat="46.62916168829073" lon="-93.6292317784638"><ele>365.0</ele></trkpt><trkpt lat="46.62674632489904" lon="-93.62648519643255"><ele>365.0</ele></trkpt><trkpt lat="46.625361121385566" lon="-93.62627061971136"><ele>365.0</ele></trkpt><trkpt lat="46.6243737738407" lon="-93.62700018056341"><ele>365.0</ele></trkpt><trkpt lat="46.6239906191972" lon="-93.62790140279242"><ele>365.0</ele></trkpt><trkpt lat="46.62418219685791" lon="-93.62974676259466"><ele>365.0</ele></trkpt><trkpt lat="46.6252284936579" lon="-93.63217147954413"><ele>365.0</ele></trkpt><trkpt lat="46.62580321705866" lon="-93.63637718327948"><ele>365.0</ele></trkpt><trkpt lat="46.6267610777628" lon="-93.6383083737702"><ele>365.0</ele></trkpt><trkpt lat="46.62786626760766" lon="-93.63940271504828"><ele>365.0</ele></trkpt><trkpt lat="46.62820518797241" lon="-93.64084037908026"><ele>365.0</ele></trkpt><trkpt lat="46.6279104747321" lon="-93.64184888966986"><ele>365.0</ele></trkpt><trkpt lat="46.62752734512081" lon="-93.64232095845648"><ele>365.0</ele></trkpt><trkpt lat="46.62577375575181" lon="-93.64362987645575"><ele>365.0</ele></trkpt><trkpt lat="46.62491950086262" lon="-93.64538940556952"><ele>365.0</ele></trkpt><trkpt lat="46.624256353565094" lon="-93.64609750874945"><ele>365.0</ele></trkpt><trkpt lat="46.62183948133051" lon="-93.64747079976507"><ele>365.0</ele></trkpt><trkpt lat="46.62023308582967" lon="-93.64777120717474"><ele>365.0</ele></trkpt><trkpt lat="46.61778719678337" lon="-93.64719185002753"><ele>365.0</ele></trkpt><trkpt lat="46.61587116337281" lon="-93.6464837468476"><ele>365.0</ele></trkpt><trkpt lat="46.61489838200175" lon="-93.64541086324164"><ele>365.0</ele></trkpt><trkpt lat="46.61411719643184" lon="-93.64362987645575"><ele>365.0</ele></trkpt><trkpt lat="46.61336636505624" lon="-93.64320072301336"><ele>365.0</ele></trkpt><trkpt lat="46.61273255592286" lon="-93.64350113042303"><ele>365.0</ele></trkpt><trkpt lat="46.6124672382693" lon="-93.6447027600617"><ele>365.0</ele></trkpt><trkpt lat="46.61273255592286" lon="-93.64676269658514"><ele>365.0</ele></trkpt><trkpt lat="46.612673596556625" lon="-93.64757808812567"><ele>365.0</ele></trkpt><trkpt lat="46.61231983901123" lon="-93.64813598760077"><ele>365.0</ele></trkpt><trkpt lat="46.611656537385485" lon="-93.648178902945"><ele>365.0</ele></trkpt><trkpt lat="46.610949006697346" lon="-93.64725622304388"><ele>365.0</ele></trkpt><trkpt lat="46.61117011800934" lon="-93.64232095845648"><ele>365.0</ele></trkpt><trkpt lat="46.610831082725035" lon="-93.64105495580145"><ele>365.0</ele></trkpt><trkpt lat="46.60891480319067" lon="-93.63985332616278"><ele>365.0</ele></trkpt><trkpt lat="46.60779517349453" lon="-93.64051851399847"><ele>365.0</ele></trkpt><trkpt lat="46.60742664280929" lon="-93.64152702458807"><ele>365.0</ele></trkpt><trkpt lat="46.60689595421766" lon="-93.64478859075018"><ele>365.0</ele></trkpt><trkpt lat="46.60627681095629" lon="-93.6461618817658"><ele>365.0</ele></trkpt><trkpt lat="46.60511221279067" lon="-93.64661249288031"><ele>365.0</ele></trkpt><trkpt lat="46.602930366559804" lon="-93.64624771245428"><ele>365.0</ele></trkpt><trkpt lat="46.602075296139226" lon="-93.64577564366766"><ele>365.0</ele></trkpt><trkpt lat="46.60152981224216" lon="-93.64463838704535"><ele>365.0</ele></trkpt><trkpt lat="46.60188364026069" lon="-93.64311489232489"><ele>365.0</ele></trkpt><trkpt lat="46.603195732322966" lon="-93.64105495580145"><ele>365.0</ele></trkpt><trkpt lat="46.60341724433256" lon="-93.63978895314642"><ele>365.0</ele></trkpt><trkpt lat="46.60296022897704" lon="-93.63899501927801"><ele>365.0</ele></trkpt><trkpt lat="46.601648131211164" lon="-93.63858732350775"><ele>365.0</ele></trkpt><trkpt lat="46.59914238385152" lon="-93.63927396901556"><ele>365.0</ele></trkpt><trkpt lat="46.59830199601691" lon="-93.63955291875311"><ele>365.0</ele></trkpt><trkpt lat="46.597048761877026" lon="-93.64086183675238"><ele>365.0084149411837</ele></trkpt><trkpt lat="46.59502950121783" lon="-93.64026102193304"><ele>365.0</ele></trkpt><trkpt lat="46.59445445677873" lon="-93.64045414098211"><ele>365.0</ele></trkpt><trkpt lat="46.59305368196885" lon="-93.64214929707953"><ele>365.0</ele></trkpt><trkpt lat="46.59228692673978" lon="-93.6419990933747"><ele>365.0</ele></trkpt><trkpt lat="46.59110728212803" lon="-93.6409905827851"><ele>365.0</ele></trkpt><trkpt lat="46.59044422278704" lon="-93.64092620976874"><ele>365.0</ele></trkpt><trkpt lat="46.589072836875886" lon="-93.64176305898138"><ele>364.0</ele></trkpt><trkpt lat="46.58858620772806" lon="-93.64116224416205"><ele>364.0</ele></trkpt><trkpt lat="46.588689445136445" lon="-93.64028247960516"><ele>364.0</ele></trkpt><trkpt lat="46.590591694249774" lon="-93.6383083737702"><ele>364.0</ele></trkpt><trkpt lat="46.59094559369583" lon="-93.63719257482"><ele>364.0</ele></trkpt><trkpt lat="46.590680169327946" lon="-93.63601240285345"><ele>364.0</ele></trkpt><trkpt lat="46.58986914237226" lon="-93.63506826528021"><ele>364.0</ele></trkpt><trkpt lat="46.58874843060803" lon="-93.63478931554266"><ele>364.0</ele></trkpt><trkpt lat="46.587037825870915" lon="-93.63556179173895"><ele>364.0</ele></trkpt><trkpt lat="46.58640370867624" lon="-93.63631281026312"><ele>364.0</ele></trkpt><trkpt lat="46.58602028537847" lon="-93.63779338963934"><ele>364.0</ele></trkpt><trkpt lat="46.586182503258506" lon="-93.63991769917914"><ele>364.0</ele></trkpt><trkpt lat="46.58646269663517" lon="-93.64212783940741"><ele>364.0</ele></trkpt><trkpt lat="46.585002725785536" lon="-93.64736351140448"><ele>364.0</ele></trkpt><trkpt lat="46.58547463985584" lon="-93.64845785268255"><ele>364.0</ele></trkpt><trkpt lat="46.586610166251695" lon="-93.64890846379706"><ele>364.0</ele></trkpt><trkpt lat="46.58790788157795" lon="-93.64908012517401"><ele>364.0</ele></trkpt><trkpt lat="46.58790788157795" lon="-93.65043195851752"><ele>364.0</ele></trkpt><trkpt lat="46.5867732957572" lon="-93.653221455893"><ele>364.0</ele></trkpt><trkpt lat="46.58700924559911" lon="-93.65493806966253"><ele>364.0</ele></trkpt><trkpt lat="46.587481142201824" lon="-93.65616115697333"><ele>364.0</ele></trkpt><trkpt lat="46.58644886304761" lon="-93.65777048238226"><ele>364.0</ele></trkpt><trkpt lat="46.5879825278409" lon="-93.65910085805365"><ele>364.0</ele></trkpt><trkpt lat="46.5892212254194" lon="-93.66283449300238"><ele>364.0</ele></trkpt><trkpt lat="46.588675612117164" lon="-93.66461547978827"><ele>364.0712116187516</ele></trkpt><trkpt lat="46.58796778127064" lon="-93.66504463323065"><ele>364.0</ele></trkpt><trkpt lat="46.58579999180321" lon="-93.66332801946112"><ele>364.0</ele></trkpt><trkpt lat="46.58439899330989" lon="-93.66369279988714"><ele>364.0</ele></trkpt><trkpt lat="46.583882826843215" lon="-93.66510900624701"><ele>364.0</ele></trkpt><trkpt lat="46.584325255544115" lon="-93.66650375493475"><ele>364.0</ele></trkpt><trkpt lat="46.587127078539744" lon="-93.66759809621283"><ele>364.0</ele></trkpt><trkpt lat="46.587967639677665" lon="-93.66918596394964"><ele>364.0</ele></trkpt><trkpt lat="46.587879298074725" lon="-93.67075237401434"><ele>364.0</ele></trkpt><trkpt lat="46.58702398873989" lon="-93.67186817296454"><ele>364.0</ele></trkpt><trkpt lat="46.585578780231586" lon="-93.67158922322699"><ele>364.0</ele></trkpt><trkpt lat="46.58360261644131" lon="-93.66952928670355"><ele>364.0</ele></trkpt><trkpt lat="46.58143465240889" lon="-93.66759809621283"><ele>364.0</ele></trkpt><trkpt lat="46.58074148255435" lon="-93.6664393819184"><ele>364.00490078413463</ele></trkpt><trkpt lat="46.581759122131146" lon="-93.66309198506781"><ele>364.0</ele></trkpt><trkpt lat="46.581214036633554" lon="-93.66146120198675"><ele>364.0</ele></trkpt><trkpt lat="46.579901412296245" lon="-93.66098913320013"><ele>364.0</ele></trkpt><trkpt lat="46.578942733992726" lon="-93.66165432103583"><ele>364.0</ele></trkpt><trkpt lat="46.578264274489364" lon="-93.66337093480536"><ele>364.0</ele></trkpt><trkpt lat="46.577630054668084" lon="-93.66652521260687"><ele>364.0</ele></trkpt><trkpt lat="46.576745084381045" lon="-93.66740497716376"><ele>364.0</ele></trkpt><trkpt lat="46.57565360113579" lon="-93.66755518086859"><ele>364.0</ele></trkpt><trkpt lat="46.5742965913308" lon="-93.66637500890204"><ele>364.0</ele></trkpt><trkpt lat="46.57292652834099" lon="-93.6648729718537"><ele>364.0</ele></trkpt><trkpt lat="46.5712596777208" lon="-93.66433653005072"><ele>364.0</ele></trkpt><trkpt lat="46.57041885752744" lon="-93.66470131047674"><ele>364.0</ele></trkpt><trkpt lat="46.570433610263954" lon="-93.66727623113104"><ele>364.0</ele></trkpt><trkpt lat="46.5709499047693" lon="-93.66937908299872"><ele>364.0</ele></trkpt><trkpt lat="46.5709060724757" lon="-93.670151559195"><ele>364.0</ele></trkpt><trkpt lat="46.57013900396025" lon="-93.67032322057196"><ele>364.0</ele></trkpt><trkpt lat="46.56863433805431" lon="-93.67006572850653"><ele>364.0</ele></trkpt><trkpt lat="46.5682507890886" lon="-93.67047342427679"><ele>364.0</ele></trkpt><trkpt lat="46.56797050718565" lon="-93.67148193486639"><ele>364.0</ele></trkpt><trkpt lat="46.56882611711484" lon="-93.6741856015534"><ele>364.0</ele></trkpt><trkpt lat="46.568914627716545" lon="-93.67504390843817"><ele>364.0</ele></trkpt><trkpt lat="46.56853108073278" lon="-93.67596658833929"><ele>364.0</ele></trkpt><trkpt lat="46.56763120985585" lon="-93.67654594548651"><ele>364.0</ele></trkpt><trkpt lat="46.56599370160076" lon="-93.67648157247015"><ele>364.0</ele></trkpt><trkpt lat="46.56438611815832" lon="-93.67693218358465"><ele>364.0</ele></trkpt><trkpt lat="46.56345667204864" lon="-93.67806944020697"><ele>364.0</ele></trkpt><trkpt lat="46.562896046061134" lon="-93.67918523915716"><ele>364.0</ele></trkpt><trkpt lat="46.562763265373434" lon="-93.68122371800848"><ele>364.07898758865235</ele></trkpt><trkpt lat="46.56344191880739" lon="-93.68251117833563"><ele>364.0</ele></trkpt><trkpt lat="46.56347172174179" lon="-93.68330511220404"><ele>364.0</ele></trkpt><trkpt lat="46.56283732892167" lon="-93.68500026830145"><ele>364.0</ele></trkpt><trkpt lat="46.562881589126576" lon="-93.68600877889105"><ele>364.0</ele></trkpt><trkpt lat="46.56370777299046" lon="-93.68723186620184"><ele>364.0</ele></trkpt><trkpt lat="46.56590571243742" lon="-93.68806871541449"><ele>364.0</ele></trkpt><trkpt lat="46.566318782914834" lon="-93.68927034505316"><ele>364.0</ele></trkpt><trkpt lat="46.56615650560239" lon="-93.69068655141302"><ele>364.0</ele></trkpt><trkpt lat="46.56479925816221" lon="-93.69422706731268"><ele>364.0</ele></trkpt><trkpt lat="46.56345673000542" lon="-93.69598659642645"><ele>364.0</ele></trkpt><trkpt lat="46.562940364175475" lon="-93.69632991918036"><ele>364.0</ele></trkpt><trkpt lat="46.56037390913467" lon="-93.69562181600043"><ele>364.0</ele></trkpt><trkpt lat="46.559621445962094" lon="-93.69499954350897"><ele>364.0</ele></trkpt><trkpt lat="46.55913455246618" lon="-93.69416269429632"><ele>364.0</ele></trkpt><trkpt lat="46.558750936331535" lon="-93.69328292973944"><ele>364.0</ele></trkpt><trkpt lat="46.558175507044226" lon="-93.69246753819891"><ele>364.0</ele></trkpt><trkpt lat="46.55751154259144" lon="-93.69248899587103"><ele>364.0</ele></trkpt><trkpt lat="46.556168834093434" lon="-93.69274648793646"><ele>364.0</ele></trkpt><trkpt lat="46.55543106802882" lon="-93.6923387921662"><ele>364.0</ele></trkpt><trkpt lat="46.55515071429432" lon="-93.69145902760931"><ele>364.0</ele></trkpt><trkpt lat="46.55534253542703" lon="-93.68995699056097"><ele>364.0</ele></trkpt><trkpt lat="46.555681909616176" lon="-93.68834766515204"><ele>364.0</ele></trkpt><trkpt lat="46.55531302452767" lon="-93.6878541386933"><ele>364.0</ele></trkpt><trkpt lat="46.55442942155157" lon="-93.68778976567694"><ele>364.0</ele></trkpt><trkpt lat="46.55317517307227" lon="-93.68997844823309"><ele>364.0</ele></trkpt><trkpt lat="46.55231931629518" lon="-93.69070800908514"><ele>364.0</ele></trkpt><trkpt lat="46.55122734150162" lon="-93.69098695882269"><ele>364.0</ele></trkpt><trkpt lat="46.54927944002351" lon="-93.69068655141302"><ele>364.0</ele></trkpt><trkpt lat="46.54837924981388" lon="-93.69092258580633"><ele>364.0</ele></trkpt><trkpt lat="46.54740525670651" lon="-93.69203838475653"><ele>364.0</ele></trkpt><trkpt lat="46.54688873811867" lon="-93.6922315038056"><ele>364.0</ele></trkpt><trkpt lat="46.5455171128982" lon="-93.69175943501898"><ele>364.0</ele></trkpt><trkpt lat="46.54495630155357" lon="-93.69205984242865"><ele>364.0</ele></trkpt><trkpt lat="46.54473492705953" lon="-93.69293960698553"><ele>364.0</ele></trkpt><trkpt lat="46.545015334599505" lon="-93.69405540593573"><ele>364.0</ele></trkpt><trkpt lat="46.54643210844383" lon="-93.69549306996771"><ele>364.0</ele></trkpt><trkpt lat="46.54634356116183" lon="-93.696265546164"><ele>364.0</ele></trkpt><trkpt lat="46.54573848420258" lon="-93.69656595357367"><ele>364.0</ele></trkpt><trkpt lat="46.543731351364144" lon="-93.6956003583283"><ele>364.0</ele></trkpt><trkpt lat="46.54320003907343" lon="-93.69557890065619"><ele>364.0</ele></trkpt><trkpt lat="46.542653962689464" lon="-93.69600805409857"><ele>364.0</ele></trkpt><trkpt lat="46.542122639854675" lon="-93.6972740567536"><ele>364.0</ele></trkpt><trkpt lat="46.54203408554334" lon="-93.69845422872015"><ele>364.0</ele></trkpt><trkpt lat="46.542270230052594" lon="-93.69933399327704"><ele>364.0</ele></trkpt><trkpt lat="46.54359893366667" lon="-93.70094331868597"><ele>364.0</ele></trkpt><trkpt lat="46.54486816174242" lon="-93.70193037160345"><ele>364.0</ele></trkpt><trkpt lat="46.54624066568475" lon="-93.70190891393133"><ele>364.0</ele></trkpt><trkpt lat="46.54687525255012" lon="-93.70223077901312"><ele>364.0</ele></trkpt><trkpt lat="46.54746538010148" lon="-93.70326074727484"><ele>364.0</ele></trkpt><trkpt lat="46.547524410418895" lon="-93.70465549596258"><ele>364.0</ele></trkpt><trkpt lat="46.547199742878696" lon="-93.70553526051947"><ele>364.0</ele></trkpt><trkpt lat="46.54641758128487" lon="-93.70641502507635"><ele>364.0</ele></trkpt><trkpt lat="46.54526645504487" lon="-93.70677980550238"><ele>364.0</ele></trkpt><trkpt lat="46.54402675333368" lon="-93.70684417851874"><ele>364.0</ele></trkpt><trkpt lat="46.54291985288316" lon="-93.70628627904364"><ele>364.0</ele></trkpt><trkpt lat="46.54199003906369" lon="-93.7057927525849"><ele>364.0</ele></trkpt><trkpt lat="46.541074968646456" lon="-93.70583566792914"><ele>364.0</ele></trkpt><trkpt lat="46.54045507347209" lon="-93.7068012631745"><ele>364.0</ele></trkpt><trkpt lat="46.54033699739835" lon="-93.7086037076325"><ele>364.0</ele></trkpt><trkpt lat="46.54029271880448" lon="-93.70959076054999"><ele>364.0</ele></trkpt><trkpt lat="46.542329496748174" lon="-93.7121871388764"><ele>364.0</ele></trkpt><trkpt lat="46.54268371119951" lon="-93.71328148015448"><ele>364.0</ele></trkpt><trkpt lat="46.542329496748174" lon="-93.71424707539984"><ele>364.0</ele></trkpt><trkpt lat="46.54044098596019" lon="-93.71699365743109"><ele>364.0</ele></trkpt><trkpt lat="46.53996868000196" lon="-93.71905359395453"><ele>364.0</ele></trkpt><trkpt lat="46.53933401240087" lon="-93.72340950139471"><ele>364.0</ele></trkpt><trkpt lat="46.539747285169724" lon="-93.72401031621405"><ele>364.0</ele></trkpt><trkpt lat="46.54021959305382" lon="-93.72420343526312"><ele>364.0</ele></trkpt><trkpt lat="46.54168068537809" lon="-93.72343095906683"><ele>364.0</ele></trkpt><trkpt lat="46.54244815627339" lon="-93.72340950139471"><ele>364.0</ele></trkpt><trkpt lat="46.54349603170732" lon="-93.72405323155829"><ele>364.0</ele></trkpt><trkpt lat="46.54476526218887" lon="-93.72542652257391"><ele>364.0</ele></trkpt><trkpt lat="46.545783386540414" lon="-93.7260917104096"><ele>364.0</ele></trkpt><trkpt lat="46.54638846299917" lon="-93.72531923421332"><ele>364.0</ele></trkpt><trkpt lat="46.546727893181625" lon="-93.72396740086981"><ele>364.0</ele></trkpt><trkpt lat="46.547155867343015" lon="-93.7227228558869"><ele>364.0</ele></trkpt><trkpt lat="46.54777568600841" lon="-93.72298034795233"><ele>364.0</ele></trkpt><trkpt lat="46.54773141348131" lon="-93.72598442204901"><ele>364.0</ele></trkpt><trkpt lat="46.54901530210682" lon="-93.73111280568548"><ele>364.0</ele></trkpt><trkpt lat="46.549236659145386" lon="-93.73323711522528"><ele>364.0</ele></trkpt><trkpt lat="46.5491186021705" lon="-93.73454603322455"><ele>364.0</ele></trkpt><trkpt lat="46.548469284218726" lon="-93.73491081365057"><ele>364.0</ele></trkpt><trkpt lat="46.547569080573005" lon="-93.73480352528998"><ele>364.0</ele></trkpt><trkpt lat="46.546668861998015" lon="-93.73473915227362"><ele>364.0</ele></trkpt><trkpt lat="46.546152336403075" lon="-93.73518976338812"><ele>364.0</ele></trkpt><trkpt lat="46.54613757845671" lon="-93.73621973164984"><ele>364.0</ele></trkpt><trkpt lat="46.546565557272224" lon="-93.73705658086249"><ele>364.0</ele></trkpt><trkpt lat="46.54733295911246" lon="-93.73737844594427"><ele>364.0</ele></trkpt><trkpt lat="46.55087467317374" lon="-93.73686346181341"><ele>364.0</ele></trkpt><trkpt lat="46.55128768470402" lon="-93.73720678456732"><ele>364.0</ele></trkpt><trkpt lat="46.55196648167505" lon="-93.7396529591889"><ele>364.0</ele></trkpt><trkpt lat="46.55270429484058" lon="-93.74085458882757"><ele>364.0</ele></trkpt><trkpt lat="46.55282234401625" lon="-93.74162706502386"><ele>364.0</ele></trkpt><trkpt lat="46.55257148921103" lon="-93.74235662587591"><ele>364.0</ele></trkpt><trkpt lat="46.55134671086459" lon="-93.74415907033392"><ele>364.0</ele></trkpt><trkpt lat="46.55128768470402" lon="-93.74512466557928"><ele>364.0</ele></trkpt><trkpt lat="46.55174513576949" lon="-93.74555381902167"><ele>364.0</ele></trkpt><trkpt lat="46.55249770816529" lon="-93.74538215764471"><ele>364.0</ele></trkpt><trkpt lat="46.55327978214666" lon="-93.74450239308783"><ele>364.0</ele></trkpt><trkpt lat="46.55384050749821" lon="-93.74336513646551"><ele>364.0</ele></trkpt><trkpt lat="46.554622562129104" lon="-93.7413266576142"><ele>364.0</ele></trkpt><trkpt lat="46.55484365536296" lon="-93.73821529515692"><ele>364.0</ele></trkpt><trkpt lat="46.555315831910846" lon="-93.73722824223944"><ele>364.0</ele></trkpt><trkpt lat="46.55624541748334" lon="-93.73643430837103"><ele>364.0</ele></trkpt><trkpt lat="46.556938907459795" lon="-93.73649868138739"><ele>364.0</ele></trkpt><trkpt lat="46.558060276754276" lon="-93.7376359380097"><ele>364.0</ele></trkpt><trkpt lat="46.55863570726359" lon="-93.73838695653387"><ele>364.0</ele></trkpt><trkpt lat="46.55897491483965" lon="-93.73997482427069"><ele>364.0</ele></trkpt><trkpt lat="46.55890114249965" lon="-93.74263557561346"><ele>364.0</ele></trkpt><trkpt lat="46.558694579414045" lon="-93.74400886662909"><ele>364.0</ele></trkpt><trkpt lat="46.55835522406625" lon="-93.74510320790716"><ele>364.0</ele></trkpt><trkpt lat="46.55755846838687" lon="-93.74598297246405"><ele>364.0</ele></trkpt><trkpt lat="46.55631904740935" lon="-93.74714168675848"><ele>364.0</ele></trkpt><trkpt lat="46.55590590079255" lon="-93.74823602803656"><ele>364.0</ele></trkpt><trkpt lat="46.55605345351676" lon="-93.74922308095404"><ele>364.0</ele></trkpt><trkpt lat="46.55735190018988" lon="-93.75128301747748"><ele>364.0</ele></trkpt><trkpt lat="46.557883073964796" lon="-93.75203403600165"><ele>364.0</ele></trkpt><trkpt lat="46.55761748772729" lon="-93.75269922383734"><ele>364.0</ele></trkpt><trkpt lat="46.55596492193036" lon="-93.75259193547674"><ele>364.0</ele></trkpt><trkpt lat="46.55555197214376" lon="-93.75297817357489"><ele>364.0</ele></trkpt><trkpt lat="46.555448684324425" lon="-93.7537721074433"><ele>364.0</ele></trkpt><trkpt lat="46.5573225899031" lon="-93.75570329793402"><ele>364.0</ele></trkpt><trkpt lat="46.55878330606147" lon="-93.7578061498017"><ele>364.0</ele></trkpt><trkpt lat="46.559565289460345" lon="-93.75810655721136"><ele>364.02715643470526</ele></trkpt><trkpt lat="46.560022670752964" lon="-93.75716241963812"><ele>364.0</ele></trkpt><trkpt lat="46.56084865442165" lon="-93.75503811009833"><ele>364.0</ele></trkpt><trkpt lat="46.5614978242697" lon="-93.75093969472357"><ele>364.0</ele></trkpt><trkpt lat="46.56155683932528" lon="-93.74765667088934"><ele>364.0</ele></trkpt><trkpt lat="46.562043711084414" lon="-93.7472704327912"><ele>364.0</ele></trkpt><trkpt lat="46.56284040090236" lon="-93.74757084020086"><ele>364.0</ele></trkpt><trkpt lat="46.563681338573616" lon="-93.7491801656098"><ele>364.0</ele></trkpt><trkpt lat="46.56415343821979" lon="-93.75128301747748"><ele>364.0</ele></trkpt><trkpt lat="46.56437473351468" lon="-93.75302108891913"><ele>364.0</ele></trkpt><trkpt lat="46.56428621550503" lon="-93.75439437993475"><ele>364.0</ele></trkpt><trkpt lat="46.56397640133392" lon="-93.75606807836004"><ele>364.0</ele></trkpt><trkpt lat="46.56334201441533" lon="-93.75673326619574"><ele>364.0</ele></trkpt><trkpt lat="46.56192568196826" lon="-93.75752720006415"><ele>364.0</ele></trkpt><trkpt lat="46.56093717804009" lon="-93.75851425298163"><ele>364.0</ele></trkpt><trkpt lat="46.56030275558275" lon="-93.7601664937348"><ele>364.0</ele></trkpt><trkpt lat="46.560228961985345" lon="-93.76126083501288"><ele>364.0</ele></trkpt><trkpt lat="46.561128955655576" lon="-93.76413616307684"><ele>364.0</ele></trkpt><trkpt lat="46.56176336845215" lon="-93.76568111546942"><ele>364.0</ele></trkpt><trkpt lat="46.56182238321885" lon="-93.76709732182928"><ele>364.0</ele></trkpt><trkpt lat="46.56143878608767" lon="-93.76814874776312"><ele>364.0</ele></trkpt><trkpt lat="46.56061256767027" lon="-93.76896413930365"><ele>364.0</ele></trkpt><trkpt lat="46.559402725144565" lon="-93.76911434300848"><ele>364.0</ele></trkpt><trkpt lat="46.55714563110916" lon="-93.76754793294378"><ele>364.0</ele></trkpt><trkpt lat="46.55568487086461" lon="-93.76553091176459"><ele>364.0</ele></trkpt><trkpt lat="46.55435756388643" lon="-93.76349243291327"><ele>364.0</ele></trkpt><trkpt lat="46.55394440233607" lon="-93.7622908032746"><ele>364.0</ele></trkpt><trkpt lat="46.553870623156804" lon="-93.75969442494818"><ele>364.0</ele></trkpt><trkpt lat="46.55354599357641" lon="-93.7586000836701"><ele>364.0</ele></trkpt><trkpt lat="46.55283770411514" lon="-93.75812801488348"><ele>364.0</ele></trkpt><trkpt lat="46.55189330378733" lon="-93.7582567609162"><ele>364.0</ele></trkpt><trkpt lat="46.55100791355491" lon="-93.75943693288275"><ele>364.0</ele></trkpt><trkpt lat="46.55063899669516" lon="-93.76171144612738"><ele>364.0</ele></trkpt><trkpt lat="46.55091937373726" lon="-93.76617464192816"><ele>364.0</ele></trkpt><trkpt lat="46.551804875946935" lon="-93.76859935887762"><ele>364.0</ele></trkpt><trkpt lat="46.552572203715265" lon="-93.76935037740179"><ele>364.0</ele></trkpt><trkpt lat="46.553664162704244" lon="-93.76950058110663"><ele>364.0</ele></trkpt><trkpt lat="46.55506598537994" lon="-93.76866373189398"><ele>364.0</ele></trkpt><trkpt lat="46.55586277765689" lon="-93.76855644353338"><ele>364.0</ele></trkpt><trkpt lat="46.55723476496784" lon="-93.76909288533636"><ele>364.0</ele></trkpt><trkpt lat="46.5593151703778" lon="-93.77166780599066"><ele>364.0</ele></trkpt><trkpt lat="46.559521731100865" lon="-93.77284797795721"><ele>364.0</ele></trkpt><trkpt lat="46.55943320517298" lon="-93.77585205205389"><ele>364.0</ele></trkpt><trkpt lat="46.558843028629354" lon="-93.77668890126654"><ele>364.0</ele></trkpt><trkpt lat="46.55606946906501" lon="-93.77778324254461"><ele>364.0</ele></trkpt><trkpt lat="46.55375284568054" lon="-93.7793281949372"><ele>364.0</ele></trkpt><trkpt lat="46.55289699801344" lon="-93.77988609441229"><ele>364.0</ele></trkpt><trkpt lat="46.55186406044086" lon="-93.77984317906805"><ele>364.0</ele></trkpt><trkpt lat="46.55081634653457" lon="-93.77907070287176"><ele>364.0</ele></trkpt><trkpt lat="46.549459254486976" lon="-93.7765386975617"><ele>364.0</ele></trkpt><trkpt lat="46.54870663995923" lon="-93.77613100179144"><ele>364.0</ele></trkpt><trkpt lat="46.54796877244838" lon="-93.77696785100409"><ele>364.0</ele></trkpt><trkpt lat="46.547289925479554" lon="-93.78289016850897"><ele>364.0</ele></trkpt><trkpt lat="46.54777692525258" lon="-93.78351244100043"><ele>364.0</ele></trkpt><trkpt lat="46.54875091169091" lon="-93.78351244100043"><ele>364.0</ele></trkpt><trkpt lat="46.5499757486148" lon="-93.78261121877142"><ele>364.0</ele></trkpt><trkpt lat="46.550802128996374" lon="-93.78289016850897"><ele>364.0</ele></trkpt><trkpt lat="46.55128909725794" lon="-93.78383430608221"><ele>364.0</ele></trkpt><trkpt lat="46.5517021629981" lon="-93.78555091985174"><ele>364.0</ele></trkpt><trkpt lat="46.55128898123192" lon="-93.7872889912934"><ele>364.0</ele></trkpt><trkpt lat="46.55021174255077" lon="-93.78855499394842"><ele>364.0</ele></trkpt><trkpt lat="46.5500051463877" lon="-93.78947767384955"><ele>364.0</ele></trkpt><trkpt lat="46.55069871610944" lon="-93.7907651341767"><ele>364.0</ele></trkpt><trkpt lat="46.55217436687922" lon="-93.79050764211127"><ele>364.0</ele></trkpt><trkpt lat="46.55393033901524" lon="-93.78947767384955"><ele>364.0</ele></trkpt><trkpt lat="46.556423776031714" lon="-93.7917736447663"><ele>364.0</ele></trkpt><trkpt lat="46.55767794942985" lon="-93.79035743840643"><ele>364.0</ele></trkpt><trkpt lat="46.55791402588656" lon="-93.78666671880194"><ele>364.0</ele></trkpt><trkpt lat="46.558577985414445" lon="-93.78636631139227"><ele>364.0</ele></trkpt><trkpt lat="46.56235478215865" lon="-93.78984245427557"><ele>364.0</ele></trkpt><trkpt lat="46.562900660350984" lon="-93.79162344106146"><ele>364.0</ele></trkpt><trkpt lat="46.56278263309911" lon="-93.7934688008637"><ele>364.0</ele></trkpt><trkpt lat="46.56104170130857" lon="-93.79694494374701"><ele>364.0</ele></trkpt><trkpt lat="46.561233501616954" lon="-93.79879030354925"><ele>364.0</ele></trkpt><trkpt lat="46.562517070843604" lon="-93.7996271527619"><ele>364.0</ele></trkpt><trkpt lat="46.56416923461204" lon="-93.79904779561468"><ele>364.0</ele></trkpt><trkpt lat="46.5649806502339" lon="-93.79797491200873"><ele>364.0</ele></trkpt><trkpt lat="46.565969080489886" lon="-93.79488500722357"><ele>364.0</ele></trkpt><trkpt lat="46.56679521733423" lon="-93.79441293843695"><ele>364.0</ele></trkpt><trkpt lat="46.5676951020799" lon="-93.79484209187933"><ele>364.0</ele></trkpt><trkpt lat="46.56927331246513" lon="-93.79782470830389"><ele>364.0</ele></trkpt><trkpt lat="46.57037967548341" lon="-93.7970522321076"><ele>364.0</ele></trkpt><trkpt lat="46.572710339726626" lon="-93.79361900456854"><ele>364.0</ele></trkpt><trkpt lat="46.573565647557146" lon="-93.79136594899603"><ele>364.0</ele></trkpt><trkpt lat="46.57366890088841" lon="-93.78956350453802"><ele>364.0</ele></trkpt><trkpt lat="46.57315263226628" lon="-93.78776106008002"><ele>364.0</ele></trkpt><trkpt lat="46.57235609389421" lon="-93.78484281667181"><ele>364.0</ele></trkpt><trkpt lat="46.57273961383" lon="-93.78379139073797"><ele>364.0</ele></trkpt><trkpt lat="46.57366890088841" lon="-93.78357681401678"><ele>364.0</ele></trkpt><trkpt lat="46.57464242263257" lon="-93.78430637486883"><ele>364.0</ele></trkpt><trkpt lat="46.57518817717769" lon="-93.78849062093207"><ele>364.0</ele></trkpt><trkpt lat="46.57713492098398" lon="-93.79108699925848"><ele>364.0</ele></trkpt><trkpt lat="46.579008077556125" lon="-93.79158052571722"><ele>363.0</ele></trkpt><trkpt lat="46.582886689670524" lon="-93.78979953893133"><ele>363.0</ele></trkpt><trkpt lat="46.58610165684173" lon="-93.78977808125921"><ele>363.0</ele></trkpt><trkpt lat="46.5874434089349" lon="-93.79196676381537"><ele>363.0</ele></trkpt><trkpt lat="46.5872959415852" lon="-93.79327568181463"><ele>363.0</ele></trkpt><trkpt lat="46.586057200008916" lon="-93.79636558659979"><ele>363.0</ele></trkpt><trkpt lat="46.58545274310154" lon="-93.7982753194184"><ele>363.0</ele></trkpt><trkpt lat="46.58418446420975" lon="-93.81209406026312"><ele>363.0</ele></trkpt><trkpt lat="46.58419926600856" lon="-93.8170078671784"><ele>363.0</ele></trkpt><trkpt lat="46.58278347816575" lon="-93.82039817937323"><ele>363.0</ele></trkpt><trkpt lat="46.58235578498336" lon="-93.82378849156805"><ele>363.0</ele></trkpt><trkpt lat="46.58269499019794" lon="-93.82584842809149"><ele>362.0</ele></trkpt><trkpt lat="46.585010377800806" lon="-93.82878812917181"><ele>362.0</ele></trkpt><trkpt lat="46.585275613454876" lon="-93.83018287785956"><ele>362.0</ele></trkpt><trkpt lat="46.58470046552246" lon="-93.8315776265473"><ele>362.0</ele></trkpt><trkpt lat="46.58212017038409" lon="-93.83267196782538"><ele>362.0</ele></trkpt><trkpt lat="46.58113203445579" lon="-93.83387359746405"><ele>362.0</ele></trkpt><trkpt lat="46.580881310534856" lon="-93.83586916097113"><ele>362.0</ele></trkpt><trkpt lat="46.58119102815104" lon="-93.83818658956"><ele>362.0</ele></trkpt><trkpt lat="46.58206117769987" lon="-93.84215625890204"><ele>362.0</ele></trkpt><trkpt lat="46.58197268855311" lon="-93.84340080388495"><ele>362.0</ele></trkpt><trkpt lat="46.58126477017986" lon="-93.84417328008124"><ele>362.0</ele></trkpt><trkpt lat="46.57902296768346" lon="-93.84406599172064"><ele>361.0</ele></trkpt><trkpt lat="46.578152769373865" lon="-93.84453806050726"><ele>361.0</ele></trkpt><trkpt lat="46.577798786404564" lon="-93.84638342030951"><ele>361.0</ele></trkpt><trkpt lat="46.57799052746644" lon="-93.8481644070954"><ele>361.0</ele></trkpt><trkpt lat="46.578905707946184" lon="-93.85275634892889"><ele>361.0</ele></trkpt><trkpt lat="46.57563132277336" lon="-93.85685476430365"><ele>361.0</ele></trkpt><trkpt lat="46.57541007340073" lon="-93.86331352361151"><ele>361.0</ele></trkpt><trkpt lat="46.57443702181366" lon="-93.86586698659369"><ele>361.0</ele></trkpt><trkpt lat="46.571354131327965" lon="-93.86893543370672"><ele>361.0</ele></trkpt><trkpt lat="46.56858135730663" lon="-93.87672456868597"><ele>361.0</ele></trkpt><trkpt lat="46.56797652826702" lon="-93.88086589940497"><ele>361.0</ele></trkpt><trkpt lat="46.56600049202753" lon="-93.88638052113959"><ele>361.0</ele></trkpt><trkpt lat="46.56331546194573" lon="-93.88882669576117"><ele>361.0</ele></trkpt><trkpt lat="46.55927335555615" lon="-93.89103683598944"><ele>361.0</ele></trkpt><trkpt lat="46.55834382185476" lon="-93.89228138097235"><ele>361.0</ele></trkpt><trkpt lat="46.558211030026065" lon="-93.89429840215155"><ele>361.0</ele></trkpt><trkpt lat="46.55918482922306" lon="-93.89698061116644"><ele>361.0</ele></trkpt><trkpt lat="46.55974582376286" lon="-93.89869722493597"><ele>361.0</ele></trkpt><trkpt lat="46.55911138737505" lon="-93.90054258473822"><ele>361.0</ele></trkpt><trkpt lat="46.5562784646193" lon="-93.90324625142523"><ele>361.0</ele></trkpt><trkpt lat="46.55524559140705" lon="-93.90822443135687"><ele>361.0</ele></trkpt><trkpt lat="46.55343141285655" lon="-93.91073497899481"><ele>361.0</ele></trkpt><trkpt lat="46.552383729207236" lon="-93.91479047902533"><ele>361.0</ele></trkpt><trkpt lat="46.55045062600924" lon="-93.91558441289374"><ele>361.0</ele></trkpt><trkpt lat="46.550066948483476" lon="-93.9164427197785"><ele>361.0</ele></trkpt><trkpt lat="46.55012599295016" lon="-93.91796621449896"><ele>361.0</ele></trkpt><trkpt lat="46.55347578026821" lon="-93.92099174626776"><ele>361.0</ele></trkpt><trkpt lat="46.55396272454061" lon="-93.92322334416815"><ele>361.0</ele></trkpt><trkpt lat="46.551941139433346" lon="-93.92639907964178"><ele>361.0</ele></trkpt><trkpt lat="46.550568779626026" lon="-93.92680677541205"><ele>361.0</ele></trkpt><trkpt lat="46.548473281579774" lon="-93.92605575688788"><ele>361.0</ele></trkpt><trkpt lat="46.54723435784865" lon="-93.92609867223211"><ele>361.0</ele></trkpt><trkpt lat="46.54636364950443" lon="-93.92727884419867"><ele>361.0</ele></trkpt><trkpt lat="46.546127522800376" lon="-93.93077644475409"><ele>361.0</ele></trkpt><trkpt lat="46.54543389466722" lon="-93.93363031514593"><ele>361.0</ele></trkpt><trkpt lat="46.54459302819847" lon="-93.9344886220307"><ele>361.0</ele></trkpt><trkpt lat="46.5440026902579" lon="-93.93588337071844"><ele>361.0</ele></trkpt><trkpt lat="46.5441650338315" lon="-93.93749269612738"><ele>361.0</ele></trkpt><trkpt lat="46.544652061639454" lon="-93.93927368291327"><ele>361.0</ele></trkpt><trkpt lat="46.54398793172713" lon="-93.94229921468207"><ele>361.0</ele></trkpt><trkpt lat="46.54304373360326" lon="-93.94337209828802"><ele>361.0</ele></trkpt><trkpt lat="46.54164163050009" lon="-93.94800695546576"><ele>361.0</ele></trkpt><trkpt lat="46.54206964476074" lon="-93.94998106130072"><ele>361.0</ele></trkpt><trkpt lat="46.54286662784093" lon="-93.95133289464422"><ele>361.0</ele></trkpt><trkpt lat="46.54400304644201" lon="-93.95133289464422"><ele>361.0</ele></trkpt><trkpt lat="46.545198474101596" lon="-93.9525345242829"><ele>361.0</ele></trkpt><trkpt lat="46.545360587088446" lon="-93.95380052693793"><ele>361.0</ele></trkpt><trkpt lat="46.543692889437615" lon="-93.95695480473944"><ele>361.0</ele></trkpt><trkpt lat="46.54161188512431" lon="-93.95998033650824"><ele>361.0</ele></trkpt><trkpt lat="46.54165617389746" lon="-93.96156820424505"><ele>361.0</ele></trkpt><trkpt lat="46.54323538176216" lon="-93.96292003758856"><ele>361.0</ele></trkpt><trkpt lat="46.54477026874904" lon="-93.96289857991644"><ele>361.0</ele></trkpt><trkpt lat="46.54631972421544" lon="-93.965881196341"><ele>361.0</ele></trkpt><trkpt lat="46.54798734116948" lon="-93.9657739079804"><ele>361.0</ele></trkpt><trkpt lat="46.54834151870532" lon="-93.96673950322577"><ele>361.0</ele></trkpt><trkpt lat="46.54825297453803" lon="-93.96753343709418"><ele>361.0</ele></trkpt><trkpt lat="46.547515100860146" lon="-93.96873506673285"><ele>361.0</ele></trkpt><trkpt lat="46.54538996862591" lon="-93.97023710378119"><ele>361.0</ele></trkpt><trkpt lat="46.544961980541956" lon="-93.97098812230536"><ele>361.0</ele></trkpt><trkpt lat="46.54534572572108" lon="-93.97306951650091"><ele>361.0</ele></trkpt><trkpt lat="46.54654112381415" lon="-93.97594484456488"><ele>361.0</ele></trkpt><trkpt lat="46.548636696452654" lon="-93.97723230489203"><ele>361.0</ele></trkpt><trkpt lat="46.550274728586906" lon="-93.97671732076117"><ele>361.0</ele></trkpt><trkpt lat="46.5508647572796" lon="-93.9770821011872"><ele>361.0</ele></trkpt><trkpt lat="46.55164685479206" lon="-93.9794424451203"><ele>361.0</ele></trkpt><trkpt lat="46.5520157648012" lon="-93.98126634725043"><ele>361.0</ele></trkpt><trkpt lat="46.55188295748679" lon="-93.98545059331366"><ele>361.0</ele></trkpt><trkpt lat="46.55123375034683" lon="-93.98933443196722"><ele>361.0</ele></trkpt><trkpt lat="46.550525430708724" lon="-93.99081501134344"><ele>361.0</ele></trkpt><trkpt lat="46.54943341982251" lon="-93.99186643727728"><ele>361.0</ele></trkpt><trkpt lat="46.54904973510617" lon="-93.99304660924383"><ele>361.0</ele></trkpt><trkpt lat="46.54937439158117" lon="-93.99416240819403"><ele>361.0</ele></trkpt><trkpt lat="46.552340481275394" lon="-93.99544986852118"><ele>361.0</ele></trkpt><trkpt lat="46.55450960842952" lon="-93.99557861455389"><ele>361.0</ele></trkpt><trkpt lat="46.5552178760705" lon="-93.99658712514349"><ele>361.0</ele></trkpt><trkpt lat="46.55545373083375" lon="-94.00718721517035"><ele>361.0</ele></trkpt><trkpt lat="46.5562357622167" lon="-94.00819572575995"><ele>361.0</ele></trkpt><trkpt lat="46.55929000323749" lon="-94.00804552205511"><ele>361.0</ele></trkpt><trkpt lat="46.55965846590376" lon="-94.00929006703802"><ele>361.0</ele></trkpt><trkpt lat="46.56311085573181" lon="-94.01388200887152"><ele>361.0</ele></trkpt><trkpt lat="46.56268287876738" lon="-94.021714059195"><ele>361.0</ele></trkpt><trkpt lat="46.5617386497726" lon="-94.02823719151922"><ele>360.2813455749258</ele></trkpt><trkpt lat="46.56181247511024" lon="-94.03218540318915"><ele>360.0</ele></trkpt><trkpt lat="46.56318455059102" lon="-94.03600486882635"><ele>359.0</ele></trkpt><trkpt lat="46.56213705523909" lon="-94.04094013341376"><ele>359.0</ele></trkpt><trkpt lat="46.5614436275435" lon="-94.04068264134833"><ele>359.0</ele></trkpt><trkpt lat="46.559909212034015" lon="-94.03804334767767"><ele>359.0</ele></trkpt><trkpt lat="46.558920671366906" lon="-94.03776439794012"><ele>359.0</ele></trkpt><trkpt lat="46.557887848446924" lon="-94.03847250112005"><ele>359.0</ele></trkpt><trkpt lat="46.555999207123534" lon="-94.0419915593476"><ele>359.0</ele></trkpt><trkpt lat="46.5551297591725" lon="-94.04181989797064"><ele>359.0</ele></trkpt><trkpt lat="46.55377223586918" lon="-94.04074701436468"><ele>359.0</ele></trkpt><trkpt lat="46.552149065605796" lon="-94.03868707784125"><ele>359.0</ele></trkpt><trkpt lat="46.55154405336081" lon="-94.03630527623602"><ele>359.0</ele></trkpt><trkpt lat="46.55282785180359" lon="-94.03175624974676"><ele>359.0</ele></trkpt><trkpt lat="46.55239992236353" lon="-94.03027567037054"><ele>359.0</ele></trkpt><trkpt lat="46.551662105060146" lon="-94.02946027883002"><ele>359.0</ele></trkpt><trkpt lat="46.54819548109504" lon="-94.02909549840399"><ele>359.0</ele></trkpt><trkpt lat="46.546158923225136" lon="-94.0303400433869"><ele>359.0</ele></trkpt><trkpt lat="46.54469786724969" lon="-94.0324643529267"><ele>359.0</ele></trkpt><trkpt lat="46.54331056558551" lon="-94.03761419423529"><ele>359.0</ele></trkpt><trkpt lat="46.544550677645276" lon="-94.04291423924872"><ele>359.0</ele></trkpt><trkpt lat="46.54425550924715" lon="-94.04533895619818"><ele>359.0</ele></trkpt><trkpt lat="46.54373896068871" lon="-94.04658350118109"><ele>359.0</ele></trkpt><trkpt lat="46.54288295511386" lon="-94.05102523930975"><ele>359.0</ele></trkpt><trkpt lat="46.541835067846606" lon="-94.05233415730902"><ele>359.0</ele></trkpt><trkpt lat="46.54083143854446" lon="-94.05248436101385"><ele>359.0</ele></trkpt><trkpt lat="46.53963673871053" lon="-94.05156168111273"><ele>359.0</ele></trkpt><trkpt lat="46.538662588740706" lon="-94.05083212026068"><ele>359.0</ele></trkpt><trkpt lat="46.537688421293595" lon="-94.05113252767035"><ele>359.0</ele></trkpt><trkpt lat="46.53053007212271" lon="-94.06143221028753"><ele>359.0</ele></trkpt><trkpt lat="46.53051567713203" lon="-94.06482252248236"><ele>359.0</ele></trkpt><trkpt lat="46.53243472856138" lon="-94.06926426061102"><ele>359.0</ele></trkpt><trkpt lat="46.53289238506163" lon="-94.07289060719916"><ele>359.0</ele></trkpt><trkpt lat="46.53219858783271" lon="-94.07608780034491"><ele>359.0</ele></trkpt><trkpt lat="46.530796204668796" lon="-94.07829794057318"><ele>359.0</ele></trkpt><trkpt lat="46.52892138324635" lon="-94.07904895909735"><ele>359.0</ele></trkpt><trkpt lat="46.526588837911284" lon="-94.07924207814642"><ele>359.0</ele></trkpt><trkpt lat="46.52466957993002" lon="-94.07885584004828"><ele>359.0</ele></trkpt><trkpt lat="46.521068619913116" lon="-94.07544407018133"><ele>359.0</ele></trkpt><trkpt lat="46.51774681082985" lon="-94.07456430562445"><ele>359.0</ele></trkpt><trkpt lat="46.514808364043674" lon="-94.0708092130036"><ele>359.0</ele></trkpt><trkpt lat="46.51254904816702" lon="-94.07188209660956"><ele>359.0</ele></trkpt><trkpt lat="46.50862187035632" lon="-94.07677444585272"><ele>359.0</ele></trkpt><trkpt lat="46.50485644284112" lon="-94.07722505696722"><ele>359.0</ele></trkpt><trkpt lat="46.50425090360344" lon="-94.08035787709662"><ele>359.0</ele></trkpt><trkpt lat="46.50484198060251" lon="-94.08396276601263"><ele>359.0</ele></trkpt><trkpt lat="46.50366043405277" lon="-94.08623727925726"><ele>359.0</ele></trkpt><trkpt lat="46.50160743585042" lon="-94.0843704617829"><ele>359.0</ele></trkpt><trkpt lat="46.49813701380773" lon="-94.08385547765204"><ele>359.0</ele></trkpt><trkpt lat="46.49506526530074" lon="-94.08484253056952"><ele>359.0</ele></trkpt><trkpt lat="46.489156213378706" lon="-94.09336122640082"><ele>359.0</ele></trkpt><trkpt lat="46.48522786120005" lon="-94.09554990895697"><ele>359.0</ele></trkpt><trkpt lat="46.483617416943396" lon="-94.09460577138373"><ele>359.0</ele></trkpt><trkpt lat="46.47970257106648" lon="-94.08647331365057"><ele>358.0</ele></trkpt><trkpt lat="46.476939986780465" lon="-94.08263239034125"><ele>358.0</ele></trkpt><trkpt lat="46.47417741111438" lon="-94.08091577657171"><ele>358.0</ele></trkpt><trkpt lat="46.47132527884211" lon="-94.08175262578436"><ele>358.0</ele></trkpt><trkpt lat="46.47029078978553" lon="-94.07984289296576"><ele>358.0</ele></trkpt><trkpt lat="46.46813307790899" lon="-94.0738347447724"><ele>358.0</ele></trkpt><trkpt lat="46.466124138677685" lon="-94.07224687703558"><ele>358.0</ele></trkpt><trkpt lat="46.46328636483972" lon="-94.07153877385565"><ele>358.0</ele></trkpt><trkpt lat="46.4612022804714" lon="-94.0693500912995"><ele>358.0</ele></trkpt><trkpt lat="46.45857193862671" lon="-94.06915697225043"><ele>358.0</ele></trkpt><trkpt lat="46.45468420296652" lon="-94.07198938497015"><ele>358.0</ele></trkpt><trkpt lat="46.45014676099181" lon="-94.08001455434271"><ele>358.0</ele></trkpt><trkpt lat="46.45051662414848" lon="-94.08696684010931"><ele>358.0</ele></trkpt><trkpt lat="46.45008788867023" lon="-94.09175190099188"><ele>358.0</ele></trkpt><trkpt lat="46.44289731598433" lon="-94.10874767617781"><ele>358.0</ele></trkpt><trkpt lat="46.440444280471304" lon="-94.11694450692733"><ele>358.0</ele></trkpt><trkpt lat="46.43769389274526" lon="-94.12003441171248"><ele>358.0</ele></trkpt><trkpt lat="46.43669049690368" lon="-94.14037628488143"><ele>358.0</ele></trkpt><trkpt lat="46.435389165852186" lon="-94.14230747537215"><ele>358.0</ele></trkpt><trkpt lat="46.43331880240487" lon="-94.14307995156844"><ele>358.0</ele></trkpt><trkpt lat="46.43053847633259" lon="-94.14204998330672"><ele>358.0</ele></trkpt><trkpt lat="46.42492026354341" lon="-94.1435949356993"><ele>358.0</ele></trkpt><trkpt lat="46.41823438031689" lon="-94.14754314736922"><ele>358.0</ele></trkpt><trkpt lat="46.415902204980895" lon="-94.14930267648299"><ele>358.0</ele></trkpt><trkpt lat="46.413505635016904" lon="-94.15415211038192"><ele>358.0</ele></trkpt><trkpt lat="46.40954070779006" lon="-94.15526790933211"><ele>358.0</ele></trkpt><trkpt lat="46.40427341841012" lon="-94.15852947549422"><ele>358.0</ele></trkpt><trkpt lat="46.39427377876394" lon="-94.17320652322371"><ele>358.0</ele></trkpt><trkpt lat="46.39353381459854" lon="-94.17346401528914"><ele>358.0</ele></trkpt><trkpt lat="46.39184665878533" lon="-94.1725198777159"><ele>358.0</ele></trkpt><trkpt lat="46.39015945081549" lon="-94.17183323220809"><ele>358.0</ele></trkpt><trkpt lat="46.387880157230846" lon="-94.17187614755233"><ele>358.0</ele></trkpt><trkpt lat="46.38634463002281" lon="-94.17110367135604"><ele>358.0</ele></trkpt><trkpt lat="46.38321605826825" lon="-94.17329528030052"><ele>358.0</ele></trkpt><trkpt lat="46.38292001383855" lon="-94.17709328826561"><ele>358.0</ele></trkpt><trkpt lat="46.379004311456015" lon="-94.1838786276395"><ele>358.0</ele></trkpt><trkpt lat="46.376384060373226" lon="-94.18429705224582"><ele>354.0</ele></trkpt><trkpt lat="46.37447464519752" lon="-94.18498369775364"><ele>354.0</ele></trkpt><trkpt lat="46.371518511992605" lon="-94.19130363162651"><ele>353.0</ele></trkpt><trkpt lat="46.36901635008616" lon="-94.19924297031059"><ele>353.0</ele></trkpt><trkpt lat="46.36473813517276" lon="-94.20640983279839"><ele>353.0</ele></trkpt><trkpt lat="46.36265067328061" lon="-94.21196736987724"><ele>353.0</ele></trkpt><trkpt lat="46.361362383291095" lon="-94.21218194659843"><ele>353.0</ele></trkpt><trkpt lat="46.35986674416473" lon="-94.21093740161552"><ele>353.0</ele></trkpt><trkpt lat="46.35761580414949" lon="-94.21108760532036"><ele>353.0</ele></trkpt><trkpt lat="46.35600303105739" lon="-94.2104653328289"><ele>353.0</ele></trkpt><trkpt lat="46.35233013724965" lon="-94.21106614764824"><ele>353.0</ele></trkpt><trkpt lat="46.34921983254615" lon="-94.20814790424004"><ele>353.0</ele></trkpt><trkpt lat="46.346333015947124" lon="-94.2076543777813"><ele>353.0</ele></trkpt><trkpt lat="46.34548871525544" lon="-94.20947827991142"><ele>353.0</ele></trkpt><trkpt lat="46.34277315242004" lon="-94.21610999946381"><ele>353.0</ele></trkpt><trkpt lat="46.33664016724997" lon="-94.22083068733002"><ele>353.0</ele></trkpt><trkpt lat="46.33453642452201" lon="-94.22160316352631"><ele>353.0</ele></trkpt><trkpt lat="46.33210664911122" lon="-94.22216106300141"><ele>353.0</ele></trkpt><trkpt lat="46.33118804736048" lon="-94.22340560798432"><ele>353.0</ele></trkpt><trkpt lat="46.33115841478902" lon="-94.22598052863862"><ele>353.0</ele></trkpt><trkpt lat="46.33361786358232" lon="-94.23233199958588"><ele>353.0</ele></trkpt><trkpt lat="46.33044974598817" lon="-94.23623729591156"><ele>353.0</ele></trkpt><trkpt lat="46.32781234866115" lon="-94.24190212135102"><ele>353.0</ele></trkpt><trkpt lat="46.32348555627671" lon="-94.24851108436371"><ele>353.0</ele></trkpt><trkpt lat="46.32188845795444" lon="-94.25258804206635"><ele>353.0</ele></trkpt><trkpt lat="46.32016945006518" lon="-94.25696540717865"><ele>353.0</ele></trkpt><trkpt lat="46.314122855329835" lon="-94.26125694160248"><ele>353.0</ele></trkpt><trkpt lat="46.31275931518026" lon="-94.26280189399506"><ele>353.0</ele></trkpt><trkpt lat="46.312907527711744" lon="-94.2657630527475"><ele>353.0</ele></trkpt><trkpt lat="46.31293717016986" lon="-94.26812339668061"><ele>352.0</ele></trkpt><trkpt lat="46.31208038554124" lon="-94.27108455543305"><ele>352.0</ele></trkpt><trkpt lat="46.31169496605526" lon="-94.27507568244721"><ele>352.0</ele></trkpt><trkpt lat="46.30911595360081" lon="-94.27726436500336"><ele>352.0</ele></trkpt><trkpt lat="46.30890845273235" lon="-94.28172756080414"><ele>352.0</ele></trkpt><trkpt lat="46.31009422517216" lon="-94.28455997352387"><ele>352.0</ele></trkpt><trkpt lat="46.30997564908419" lon="-94.2866199100473"><ele>352.0</ele></trkpt><trkpt lat="46.311043683707574" lon="-94.28910900001313"><ele>352.0</ele></trkpt><trkpt lat="46.31077689177645" lon="-94.29091144447113"><ele>352.0</ele></trkpt><trkpt lat="46.30970971104711" lon="-94.29249931220795"><ele>352.0</ele></trkpt><trkpt lat="46.30425490680375" lon="-94.30078197364594"><ele>352.0</ele></trkpt><trkpt lat="46.30295234791625" lon="-94.3038718784311"><ele>352.0</ele></trkpt><trkpt lat="46.30058046792053" lon="-94.30494476203705"><ele>352.0</ele></trkpt><trkpt lat="46.29892009078405" lon="-94.30923629646088"><ele>352.0</ele></trkpt><trkpt lat="46.2961329159702" lon="-94.31520152931"><ele>352.0</ele></trkpt><trkpt lat="46.297318965145955" lon="-94.31747604255463"><ele>352.0</ele></trkpt><trkpt lat="46.29800093178971" lon="-94.3186776721933"><ele>351.0</ele></trkpt><trkpt lat="46.295569533612536" lon="-94.32314086799408"><ele>351.0</ele></trkpt><trkpt lat="46.293822133951345" lon="-94.32369876746918"><ele>351.0</ele></trkpt><trkpt lat="46.286586372383674" lon="-94.32944942359711"><ele>351.0</ele></trkpt><trkpt lat="46.283501986742465" lon="-94.33047939185883"><ele>351.0</ele></trkpt><trkpt lat="46.27985701867672" lon="-94.3322389209726"><ele>351.0</ele></trkpt><trkpt lat="46.27953075371952" lon="-94.33434177284028"><ele>351.0</ele></trkpt><trkpt lat="46.28027226217603" lon="-94.33532882575776"><ele>351.0</ele></trkpt><trkpt lat="46.28311956139557" lon="-94.33631587867524"><ele>351.0</ele></trkpt><trkpt lat="46.284602471134725" lon="-94.33747459296967"><ele>351.0</ele></trkpt><trkpt lat="46.28498802109199" lon="-94.33914829139496"><ele>351.0</ele></trkpt><trkpt lat="46.283534780168644" lon="-94.3412082279184"><ele>351.0</ele></trkpt><trkpt lat="46.278700252334644" lon="-94.34262443427826"><ele>351.0</ele></trkpt><trkpt lat="46.27585267943503" lon="-94.33854747657563"><ele>351.0</ele></trkpt><trkpt lat="46.27436953286766" lon="-94.33777500037934"><ele>351.0</ele></trkpt><trkpt lat="46.269150971553216" lon="-94.34095073585297"><ele>351.0</ele></trkpt><trkpt lat="46.268290646238746" lon="-94.3487184131601"><ele>351.0</ele></trkpt><trkpt lat="46.26360311939343" lon="-94.3556706989267"><ele>351.0</ele></trkpt><trkpt lat="46.261826285256205" lon="-94.35524154548432"><ele>351.0</ele></trkpt><trkpt lat="46.25948229555621" lon="-94.35378242378022"><ele>351.0</ele></trkpt><trkpt lat="46.2573459138626" lon="-94.35403991584565"><ele>351.0</ele></trkpt><trkpt lat="46.254319230643475" lon="-94.35674358253266"><ele>351.0</ele></trkpt><trkpt lat="46.25363672016945" lon="-94.36047721748139"><ele>351.0</ele></trkpt><trkpt lat="46.25197814753118" lon="-94.36361003761078"><ele>351.0</ele></trkpt><trkpt lat="46.24310591314759" lon="-94.3715922916391"><ele>351.0</ele></trkpt><trkpt lat="46.23972353908758" lon="-94.38386608009125"><ele>351.0</ele></trkpt><trkpt lat="46.238744021686465" lon="-94.38820052985932"><ele>351.0</ele></trkpt><trkpt lat="46.23536009975845" lon="-94.38948799018647"><ele>350.0</ele></trkpt><trkpt lat="46.233430577176506" lon="-94.38901592139985"><ele>350.0</ele></trkpt><trkpt lat="46.23120412066625" lon="-94.39133334998871"><ele>350.0</ele></trkpt><trkpt lat="46.229986952923156" lon="-94.39386535529877"><ele>350.0</ele></trkpt><trkpt lat="46.221233413687" lon="-94.39519573097016"><ele>350.0</ele></trkpt><trkpt lat="46.21645278044148" lon="-94.39489532356049"><ele>350.0</ele></trkpt><trkpt lat="46.211170374327395" lon="-94.39592529182221"><ele>350.0</ele></trkpt><trkpt lat="46.206299764576926" lon="-94.39201999549653"><ele>350.0</ele></trkpt><trkpt lat="46.20371579017449" lon="-94.38738513831879"><ele>350.0</ele></trkpt><trkpt lat="46.19712398015838" lon="-94.38618350868012"><ele>349.0</ele></trkpt><trkpt lat="46.19469116207323" lon="-94.38099075202729"><ele>349.0</ele></trkpt><trkpt lat="46.189135778437084" lon="-94.37412429694916"><ele>349.0</ele></trkpt><trkpt lat="46.18405523021606" lon="-94.37060523872162"><ele>349.0</ele></trkpt><trkpt lat="46.180048237553144" lon="-94.3660991275766"><ele>349.0</ele></trkpt><trkpt lat="46.17790876295555" lon="-94.36588455085541"><ele>349.0</ele></trkpt><trkpt lat="46.17651211657451" lon="-94.3681161487558"><ele>348.0</ele></trkpt><trkpt lat="46.174045611861445" lon="-94.37206436042572"><ele>348.0</ele></trkpt><trkpt lat="46.17279745888897" lon="-94.37227893714692"><ele>348.0</ele></trkpt><trkpt lat="46.163112710676536" lon="-94.37116313819672"><ele>348.0</ele></trkpt><trkpt lat="46.1617751370071" lon="-94.37150646095063"><ele>348.0</ele></trkpt><trkpt lat="46.159426873464355" lon="-94.37489677314545"><ele>348.0</ele></trkpt><trkpt lat="46.14968025727187" lon="-94.37352348212983"><ele>347.0</ele></trkpt><trkpt lat="46.14590432195461" lon="-94.37639881019379"><ele>347.0</ele></trkpt><trkpt lat="46.14325803969377" lon="-94.37781501655365"><ele>347.0</ele></trkpt><trkpt lat="46.14129554598621" lon="-94.37622714881684"><ele>347.0</ele></trkpt><trkpt lat="46.13972386475671" lon="-94.37601257209565"><ele>347.0</ele></trkpt><trkpt lat="46.13621488938456" lon="-94.37905956153656"><ele>346.0</ele></trkpt><trkpt lat="46.1317837284742" lon="-94.37622714881684"><ele>345.0</ele></trkpt><trkpt lat="46.128244504807235" lon="-94.3715922916391"><ele>345.0</ele></trkpt><trkpt lat="46.123845121382885" lon="-94.36936069373871"><ele>344.0</ele></trkpt><trkpt lat="46.11825411198504" lon="-94.36034847144867"><ele>344.0</ele></trkpt><trkpt lat="46.116707208579975" lon="-94.35738731269623"><ele>344.0</ele></trkpt><trkpt lat="46.11486276699521" lon="-94.35605693702485"><ele>343.0</ele></trkpt><trkpt lat="46.11358352125374" lon="-94.3565719211557"><ele>343.0</ele></trkpt><trkpt lat="46.112810009422866" lon="-94.35751605872895"><ele>343.0</ele></trkpt><trkpt lat="46.11013717515696" lon="-94.35584236030365"><ele>343.0</ele></trkpt><trkpt lat="46.10847103200368" lon="-94.35112167243744"><ele>343.0</ele></trkpt><trkpt lat="46.10192498203107" lon="-94.34747386817719"><ele>342.0</ele></trkpt><trkpt lat="46.09865417345484" lon="-94.34240985755707"><ele>342.0</ele></trkpt><trkpt lat="46.097553105195296" lon="-94.3336980426767"><ele>341.0</ele></trkpt><trkpt lat="46.09692816478077" lon="-94.33120895271088"><ele>341.0</ele></trkpt><trkpt lat="46.096243698105" lon="-94.33039356117035"><ele>341.0</ele></trkpt><trkpt lat="46.094874739265734" lon="-94.33069396858002"><ele>341.0</ele></trkpt><trkpt lat="46.09359502961926" lon="-94.33129478339936"><ele>341.0</ele></trkpt><trkpt lat="46.0926426682843" lon="-94.3327968204477"><ele>341.0</ele></trkpt><trkpt lat="46.09023193015468" lon="-94.33344055061127"><ele>341.0</ele></trkpt><trkpt lat="46.086366615294274" lon="-94.33348346595551"><ele>341.0</ele></trkpt><trkpt lat="46.08377700514276" lon="-94.33520007972504"><ele>341.0</ele></trkpt><trkpt lat="46.078418805099574" lon="-94.33455634956147"><ele>340.0</ele></trkpt><trkpt lat="46.074697526690244" lon="-94.33468509559418"><ele>340.0</ele></trkpt><trkpt lat="46.070221976433764" lon="-94.3400475653226"><ele>340.0</ele></trkpt><trkpt lat="46.068837484557804" lon="-94.34077712617466"><ele>340.0</ele></trkpt><trkpt lat="46.06792191440268" lon="-94.34069129548618"><ele>340.0</ele></trkpt><trkpt lat="46.06662690677118" lon="-94.33928581796238"><ele>340.0</ele></trkpt><trkpt lat="46.065420982420356" lon="-94.33560582719394"><ele>340.0</ele></trkpt><trkpt lat="46.064540011394854" lon="-94.33437266048088"><ele>340.0</ele></trkpt><trkpt lat="46.063408484806835" lon="-94.33413662608757"><ele>340.0</ele></trkpt><trkpt lat="46.06242582448072" lon="-94.3347374409069"><ele>340.0</ele></trkpt><trkpt lat="46.060981579834475" lon="-94.33849253352776"><ele>339.65439578937367</ele></trkpt><trkpt lat="46.05857045289641" lon="-94.34091725047722"><ele>339.0</ele></trkpt><trkpt lat="46.05606888211087" lon="-94.34188284572258"><ele>339.0</ele></trkpt><trkpt lat="46.04942789517882" lon="-94.34199013408318"><ele>339.0</ele></trkpt><trkpt lat="46.04019035270833" lon="-94.34752751235749"><ele>339.0</ele></trkpt><trkpt lat="46.03566525902789" lon="-94.34705544357087"><ele>338.0</ele></trkpt><trkpt lat="46.034711897811164" lon="-94.3443946922281"><ele>338.0</ele></trkpt><trkpt lat="46.0330136824036" lon="-94.34233475570466"><ele>338.0</ele></trkpt><trkpt lat="46.03110685203598" lon="-94.34044648055817"><ele>338.0</ele></trkpt><trkpt lat="46.03012361692096" lon="-94.34031773452546"><ele>338.0</ele></trkpt><trkpt lat="46.02875301757648" lon="-94.34091854934479"><ele>338.0</ele></trkpt><trkpt lat="46.025147583107845" lon="-94.34568215255524"><ele>338.0</ele></trkpt><trkpt lat="46.02219750726593" lon="-94.35194779281403"><ele>338.0</ele></trkpt><trkpt lat="46.017643890399626" lon="-94.35559559707428"><ele>338.0</ele></trkpt><trkpt lat="46.013441649407724" lon="-94.35615349654938"><ele>338.0</ele></trkpt><trkpt lat="46.00524904058195" lon="-94.36383534316803"><ele>338.0</ele></trkpt><trkpt lat="46.001642073346254" lon="-94.36542321090485"><ele>338.0</ele></trkpt><trkpt lat="45.99898886469909" lon="-94.36477948074128"><ele>338.0</ele></trkpt><trkpt lat="45.993146460346274" lon="-94.36131330489465"><ele>337.0</ele></trkpt><trkpt lat="45.98485721529921" lon="-94.36208578109094"><ele>337.0</ele></trkpt><trkpt lat="45.97984728558856" lon="-94.36569067000696"><ele>337.0</ele></trkpt><trkpt lat="45.97662637709062" lon="-94.36852308272668"><ele>337.0</ele></trkpt><trkpt lat="45.97477725237628" lon="-94.36860891341516"><ele>331.0</ele></trkpt><trkpt lat="45.97191396970794" lon="-94.36757894515344"><ele>331.0</ele></trkpt><trkpt lat="45.96709166720321" lon="-94.37332960128137"><ele>330.0</ele></trkpt><trkpt lat="45.963631368562524" lon="-94.3808827018673"><ele>330.0</ele></trkpt><trkpt lat="45.956053752943994" lon="-94.38740583419153"><ele>330.0</ele></trkpt><trkpt lat="45.94878744381802" lon="-94.38929410933801"><ele>330.0</ele></trkpt><trkpt lat="45.94329678038972" lon="-94.3904099082882"><ele>330.0</ele></trkpt><trkpt lat="45.93905904876712" lon="-94.38877912520715"><ele>330.0</ele></trkpt><trkpt lat="45.93446283286066" lon="-94.38980909346887"><ele>330.0</ele></trkpt><trkpt lat="45.93094079924855" lon="-94.38946577071496"><ele>330.0</ele></trkpt><trkpt lat="45.92574688397748" lon="-94.38234182357141"><ele>330.0</ele></trkpt><trkpt lat="45.92270194891295" lon="-94.3808827018673"><ele>330.0</ele></trkpt><trkpt lat="45.91783265922151" lon="-94.38156934737512"><ele>330.0</ele></trkpt><trkpt lat="45.90839744213277" lon="-94.37727781295129"><ele>330.0</ele></trkpt><trkpt lat="45.902723596370464" lon="-94.37178464888879"><ele>330.0</ele></trkpt><trkpt lat="45.89573501046976" lon="-94.36929555892297"><ele>330.0</ele></trkpt><trkpt lat="45.882430275628046" lon="-94.36028333663293"><ele>329.0</ele></trkpt><trkpt lat="45.87561840679322" lon="-94.35410352706262"><ele>329.0</ele></trkpt><trkpt lat="45.87000097447673" lon="-94.35436101912805"><ele>329.0</ele></trkpt><trkpt lat="45.86354752131709" lon="-94.3583924637513"><ele>329.0</ele></trkpt><trkpt lat="45.86160496637877" lon="-94.35972283942269"><ele>329.0</ele></trkpt><trkpt lat="45.857360994870085" lon="-94.35723374945687"><ele>317.0</ele></trkpt><trkpt lat="45.851506391408236" lon="-94.354015098639"><ele>317.0</ele></trkpt><trkpt lat="45.847979093113686" lon="-94.3528992996888"><ele>316.0</ele></trkpt><trkpt lat="45.84487010238218" lon="-94.35238431555794"><ele>316.0</ele></trkpt><trkpt lat="45.8436742904487" lon="-94.35156892401741"><ele>316.0</ele></trkpt><trkpt lat="45.841880524353115" lon="-94.34835027319954"><ele>315.0</ele></trkpt><trkpt lat="45.83895324021257" lon="-94.34598992926644"><ele>315.0</ele></trkpt><trkpt lat="45.83587364487437" lon="-94.34285710913704"><ele>315.0</ele></trkpt><trkpt lat="45.83422913095823" lon="-94.34277127844857"><ele>315.0</ele></trkpt><trkpt lat="45.83279387909984" lon="-94.34495996100472"><ele>315.0</ele></trkpt><trkpt lat="45.83156790549299" lon="-94.34925149542855"><ele>315.0</ele></trkpt><trkpt lat="45.82621858505586" lon="-94.35701917273568"><ele>315.0</ele></trkpt><trkpt lat="45.82313828499192" lon="-94.35470174414681"><ele>314.0</ele></trkpt><trkpt lat="45.8214351662835" lon="-94.35277055365609"><ele>314.0</ele></trkpt><trkpt lat="45.81745731763291" lon="-94.35058187109993"><ele>314.0</ele></trkpt><trkpt lat="45.81105911691911" lon="-94.34350083930062"><ele>314.0</ele></trkpt><trkpt lat="45.803011900633365" lon="-94.33457444769905"><ele>313.0</ele></trkpt><trkpt lat="45.800809166836956" lon="-94.33004558001434"><ele>313.0</ele></trkpt><trkpt lat="45.79881954136279" lon="-94.32839333926117"><ele>313.0</ele></trkpt><trkpt lat="45.79762273994003" lon="-94.32266414080536"><ele>313.0</ele></trkpt><trkpt lat="45.801317735228004" lon="-94.31605517779266"><ele>313.0</ele></trkpt><trkpt lat="45.800360339073364" lon="-94.31333005343353"><ele>312.80587681219913</ele></trkpt><trkpt lat="45.798819802326" lon="-94.31260049258148"><ele>312.0</ele></trkpt><trkpt lat="45.792712176377925" lon="-94.31328843695687"><ele>312.0</ele></trkpt><trkpt lat="45.78714622167305" lon="-94.30835317236946"><ele>312.0</ele></trkpt><trkpt lat="45.784873414594315" lon="-94.30384706122445"><ele>312.0</ele></trkpt><trkpt lat="45.783825952685525" lon="-94.29582189185189"><ele>312.0</ele></trkpt><trkpt lat="45.780354223938076" lon="-94.28891252142952"><ele>312.0</ele></trkpt><trkpt lat="45.77930810342921" lon="-94.28174565894173"><ele>311.0</ele></trkpt><trkpt lat="45.77532724613073" lon="-94.27183221442269"><ele>311.0</ele></trkpt><trkpt lat="45.77233393317107" lon="-94.27054475409554"><ele>311.0</ele></trkpt><trkpt lat="45.76733792562831" lon="-94.27269052130745"><ele>311.0</ele></trkpt><trkpt lat="45.76536207409388" lon="-94.26972936255501"><ele>311.0</ele></trkpt><trkpt lat="45.76311670330843" lon="-94.26427911383675"><ele>311.0</ele></trkpt><trkpt lat="45.75958633367957" lon="-94.26406453711556"><ele>311.0</ele></trkpt><trkpt lat="45.755993325107916" lon="-94.2666823731141"><ele>311.0</ele></trkpt><trkpt lat="45.750603378454606" lon="-94.2641074524598"><ele>311.0</ele></trkpt><trkpt lat="45.747102933558516" lon="-94.26131795508431"><ele>311.0</ele></trkpt><trkpt lat="45.74344922239592" lon="-94.26037381751107"><ele>311.0</ele></trkpt><trkpt lat="45.74126287103419" lon="-94.25818513495491"><ele>311.0</ele></trkpt><trkpt lat="45.73883681931511" lon="-94.2534644470887"><ele>311.0</ele></trkpt><trkpt lat="45.73437838399176" lon="-94.24702714545296"><ele>311.0</ele></trkpt><trkpt lat="45.73033440735405" lon="-94.23694203955696"><ele>311.0</ele></trkpt><trkpt lat="45.72766941403231" lon="-94.22595571143196"><ele>311.0</ele></trkpt><trkpt lat="45.726650836270565" lon="-94.21750138861702"><ele>311.0</ele></trkpt><trkpt lat="45.7238047117213" lon="-94.2144543991761"><ele>311.0</ele></trkpt><trkpt lat="45.719730007354954" lon="-94.21595643622445"><ele>311.0</ele></trkpt><trkpt lat="45.717183166216536" lon="-94.22402452094124"><ele>311.0</ele></trkpt><trkpt lat="45.71544913508297" lon="-94.22492574317025"><ele>311.0</ele></trkpt><trkpt lat="45.70969566461415" lon="-94.2216212616639"><ele>310.0</ele></trkpt><trkpt lat="45.70460095158329" lon="-94.21698640448616"><ele>310.0</ele></trkpt><trkpt lat="45.70097827462625" lon="-94.2104203568177"><ele>310.0</ele></trkpt><trkpt lat="45.69258019364785" lon="-94.20686098098108"><ele>310.0</ele></trkpt><trkpt lat="45.6787291284479" lon="-94.20299859999963"><ele>310.0</ele></trkpt><trkpt lat="45.67663019978094" lon="-94.199822864526"><ele>310.0</ele></trkpt><trkpt lat="45.67735006735353" lon="-94.19390054702112"><ele>310.0</ele></trkpt><trkpt lat="45.68046840713395" lon="-94.1848024940426"><ele>310.0</ele></trkpt><trkpt lat="45.67950893648059" lon="-94.18239923476526"><ele>310.0</ele></trkpt><trkpt lat="45.67693027757279" lon="-94.18239923476526"><ele>309.0</ele></trkpt><trkpt lat="45.674951226187964" lon="-94.18471666335412"><ele>309.0</ele></trkpt><trkpt lat="45.67225240695925" lon="-94.19493051528283"><ele>309.0</ele></trkpt><trkpt lat="45.66996139849437" lon="-94.19750283820198"><ele>309.0</ele></trkpt><trkpt lat="45.66717236773713" lon="-94.19823239905404"><ele>309.0</ele></trkpt><trkpt lat="45.65892442074874" lon="-94.19715951544808"><ele>309.0</ele></trkpt><trkpt lat="45.65337953694599" lon="-94.19754575354622"><ele>309.0</ele></trkpt><trkpt lat="45.64590960804083" lon="-94.20441220862435"><ele>309.0</ele></trkpt><trkpt lat="45.63580191158066" lon="-94.20479844672249"><ele>309.0</ele></trkpt><trkpt lat="45.63214092240343" lon="-94.20299600226448"><ele>309.0</ele></trkpt><trkpt lat="45.62236177781773" lon="-94.2027814255433"><ele>309.0</ele></trkpt><trkpt lat="45.620740980898724" lon="-94.2036826477723"><ele>304.45512649795876</ele></trkpt><trkpt lat="45.61915015317573" lon="-94.20342515570687"><ele>304.0</ele></trkpt><trkpt lat="45.60456582382463" lon="-94.19419835669564"><ele>304.0</ele></trkpt><trkpt lat="45.59940509387191" lon="-94.19115136725472"><ele>303.0</ele></trkpt><trkpt lat="45.59706296929648" lon="-94.1849715576844"><ele>303.0</ele></trkpt><trkpt lat="45.59141965633329" lon="-94.1747577057557"><ele>303.0</ele></trkpt><trkpt lat="45.588899451229146" lon="-94.17076657874154"><ele>302.0</ele></trkpt><trkpt lat="45.584484539362926" lon="-94.16797708136605"><ele>300.0</ele></trkpt><trkpt lat="45.570490454512985" lon="-94.16347097022103"><ele>300.0</ele></trkpt><trkpt lat="45.56502252960793" lon="-94.15810655219124"><ele>300.0</ele></trkpt><trkpt lat="45.55976798104427" lon="-94.15012429816292"><ele>300.0</ele></trkpt><trkpt lat="45.55526261900012" lon="-94.147077308722"><ele>300.0</ele></trkpt><trkpt lat="45.55012379555839" lon="-94.14587567908333"><ele>300.0</ele></trkpt><trkpt lat="45.546276883378" lon="-94.14733480078743"><ele>294.0</ele></trkpt><trkpt lat="45.54201144818682" lon="-94.14613317114876"><ele>294.0</ele></trkpt><trkpt lat="45.53897557788504" lon="-94.14746354682015"><ele>293.0</ele></trkpt><trkpt lat="45.537111893135545" lon="-94.14681981665657"><ele>293.0</ele></trkpt><trkpt lat="45.53503771974086" lon="-94.1472918854432"><ele>293.0</ele></trkpt><trkpt lat="45.532275916540804" lon="-94.14935182196663"><ele>293.0</ele></trkpt><trkpt lat="45.53119365559962" lon="-94.14943765265511"><ele>293.0</ele></trkpt><trkpt lat="45.53086296060257" lon="-94.14677690131234"><ele>293.0</ele></trkpt><trkpt lat="45.52845784758607" lon="-94.14587567908333"><ele>292.0</ele></trkpt><trkpt lat="45.52548137784553" lon="-94.14312909705208"><ele>292.0</ele></trkpt><trkpt lat="45.52226420819688" lon="-94.1436011658387"><ele>292.0</ele></trkpt><trkpt lat="45.5156809031878" lon="-94.13918088538216"><ele>291.0</ele></trkpt><trkpt lat="45.51309470474312" lon="-94.13991044623421"><ele>291.0</ele></trkpt><trkpt lat="45.50996705018266" lon="-94.14355825049446"><ele>291.0</ele></trkpt><trkpt lat="45.493415752451064" lon="-94.13905473708459"><ele>290.0</ele></trkpt><trkpt lat="45.48885211383069" lon="-94.13519235610315"><ele>290.0</ele></trkpt><trkpt lat="45.48271429310635" lon="-94.12592264174768"><ele>290.0</ele></trkpt><trkpt lat="45.47868919671512" lon="-94.11424966811487"><ele>289.0</ele></trkpt><trkpt lat="45.474656838977" lon="-94.10978647231408"><ele>289.0</ele></trkpt><trkpt lat="45.47104918300876" lon="-94.10618158339807"><ele>289.0</ele></trkpt><trkpt lat="45.4677386110307" lon="-94.10146089553186"><ele>289.0</ele></trkpt><trkpt lat="45.46593276254045" lon="-94.10043092727014"><ele>288.69119504722767</ele></trkpt><trkpt lat="45.46316368249412" lon="-94.10111757277795"><ele>288.0</ele></trkpt><trkpt lat="45.45714347401878" lon="-94.1038641548092"><ele>288.0</ele></trkpt><trkpt lat="45.454976041609825" lon="-94.10420747756311"><ele>288.0</ele></trkpt><trkpt lat="45.451965580616985" lon="-94.10120340346643"><ele>288.0</ele></trkpt><trkpt lat="45.44955709611802" lon="-94.0914187049801"><ele>287.0</ele></trkpt><trkpt lat="45.447700657839" lon="-94.08326478957483"><ele>287.0</ele></trkpt><trkpt lat="45.446195253254274" lon="-94.08026071547815"><ele>287.0</ele></trkpt><trkpt lat="45.44360586339033" lon="-94.07914491652795"><ele>287.0</ele></trkpt><trkpt lat="45.44071524129268" lon="-94.07991739272424"><ele>287.0</ele></trkpt><trkpt lat="45.43951077170772" lon="-94.08026071547815"><ele>287.0</ele></trkpt><trkpt lat="45.43830627641047" lon="-94.07974573134729"><ele>287.0</ele></trkpt><trkpt lat="45.43842672709726" lon="-94.07759996413537"><ele>287.0</ele></trkpt><trkpt lat="45.439028976674294" lon="-94.07305093764612"><ele>287.0</ele></trkpt><trkpt lat="45.438366501786014" lon="-94.07030435561487"><ele>287.0</ele></trkpt><trkpt lat="45.43674039408407" lon="-94.06721445082971"><ele>287.0</ele></trkpt><trkpt lat="45.433793351949454" lon="-94.06609865187951"><ele>287.0</ele></trkpt><trkpt lat="45.43258873460722" lon="-94.06412454604455"><ele>287.0</ele></trkpt><trkpt lat="45.43216711246288" lon="-94.06034799575158"><ele>287.0</ele></trkpt><trkpt lat="45.435118401328076" lon="-94.05451150893518"><ele>287.0</ele></trkpt><trkpt lat="45.43499794357927" lon="-94.05270906447717"><ele>286.0</ele></trkpt><trkpt lat="45.43409450226745" lon="-94.05082078933069"><ele>286.0</ele></trkpt><trkpt lat="45.429998720252705" lon="-94.04936166762658"><ele>286.0</ele></trkpt><trkpt lat="45.42717345079186" lon="-94.04961915969201"><ele>286.0</ele></trkpt><trkpt lat="45.42313740814797" lon="-94.04798837661096"><ele>286.0</ele></trkpt><trkpt lat="45.421149400482996" lon="-94.04610010146448"><ele>286.0</ele></trkpt><trkpt lat="45.41946255120426" lon="-94.04352518081018"><ele>286.0</ele></trkpt><trkpt lat="45.4176551567664" lon="-94.04266687392541"><ele>286.0</ele></trkpt><trkpt lat="45.41596820309444" lon="-94.04095026015588"><ele>286.0</ele></trkpt><trkpt lat="45.413497930005576" lon="-94.03416963576623"><ele>286.0</ele></trkpt><trkpt lat="45.41097191229684" lon="-94.03090806960412"><ele>286.0</ele></trkpt><trkpt lat="45.40500639427715" lon="-94.02670236586877"><ele>285.0</ele></trkpt><trkpt lat="45.40331906276621" lon="-94.0229258155758"><ele>285.0</ele></trkpt><trkpt lat="45.40289722201391" lon="-94.0170893287594"><ele>285.0</ele></trkpt><trkpt lat="45.40453011723036" lon="-94.01108118056604"><ele>285.0</ele></trkpt><trkpt lat="45.40422880918792" lon="-94.00842042922326"><ele>285.0</ele></trkpt><trkpt lat="45.403686450661745" lon="-94.0064463233883"><ele>285.0</ele></trkpt><trkpt lat="45.40217987188031" lon="-94.00593133925744"><ele>285.0</ele></trkpt><trkpt lat="45.400552721670344" lon="-94.0049872016842"><ele>285.0</ele></trkpt><trkpt lat="45.399347395005925" lon="-94.00344224929162"><ele>285.0</ele></trkpt><trkpt lat="45.39952833050825" lon="-94.00078149794885"><ele>285.0</ele></trkpt><trkpt lat="45.40175815748005" lon="-93.99709077834436"><ele>285.0</ele></trkpt><trkpt lat="45.401577363976955" lon="-93.99460168837854"><ele>285.0</ele></trkpt><trkpt lat="45.40049259080896" lon="-93.99279924392053"><ele>285.0</ele></trkpt><trkpt lat="45.39952833050825" lon="-93.98619028090783"><ele>285.0</ele></trkpt><trkpt lat="45.39862432153075" lon="-93.98438783644983"><ele>285.0</ele></trkpt><trkpt lat="45.39097445009633" lon="-93.97855134963342"><ele>284.0</ele></trkpt><trkpt lat="45.387840016065404" lon="-93.97142740248987"><ele>284.0</ele></trkpt><trkpt lat="45.380063458099" lon="-93.95975442885705"><ele>284.0</ele></trkpt><trkpt lat="45.37819892277736" lon="-93.95623537062951"><ele>284.0</ele></trkpt><trkpt lat="45.37850036962076" lon="-93.95348878859826"><ele>284.0</ele></trkpt><trkpt lat="45.380671148083756" lon="-93.9497122383053"><ele>284.0</ele></trkpt><trkpt lat="45.38513220218609" lon="-93.9460215187008"><ele>284.0</ele></trkpt><trkpt lat="45.38483079070036" lon="-93.94233079909631"><ele>284.0</ele></trkpt><trkpt lat="45.38380597962805" lon="-93.93769594191858"><ele>283.0</ele></trkpt><trkpt lat="45.38573502033638" lon="-93.9266237831051"><ele>283.0</ele></trkpt><trkpt lat="45.38217830032931" lon="-93.91374917983362"><ele>282.0</ele></trkpt><trkpt lat="45.37988741303824" lon="-93.91186090468713"><ele>282.0</ele></trkpt><trkpt lat="45.37415978870419" lon="-93.91023012160608"><ele>282.0</ele></trkpt><trkpt lat="45.37156709433096" lon="-93.90791269301721"><ele>282.0</ele></trkpt><trkpt lat="45.36735314917554" lon="-93.89872880935022"><ele>281.0</ele></trkpt><trkpt lat="45.366508927581556" lon="-93.89520975112268"><ele>281.0</ele></trkpt><trkpt lat="45.363071609586314" lon="-93.88894411086389"><ele>281.0</ele></trkpt><trkpt lat="45.3609608722336" lon="-93.88765665053674"><ele>281.0</ele></trkpt><trkpt lat="45.35698041039796" lon="-93.88697000502893"><ele>280.0</ele></trkpt><trkpt lat="45.35071495035834" lon="-93.88345094680139"><ele>280.0</ele></trkpt><trkpt lat="45.34679409081639" lon="-93.87933107375451"><ele>280.0</ele></trkpt><trkpt lat="45.34486372173518" lon="-93.87624116896936"><ele>279.0</ele></trkpt><trkpt lat="45.34233001241918" lon="-93.87109132766076"><ele>279.0</ele></trkpt><trkpt lat="45.34009784121385" lon="-93.86808725356408"><ele>278.0</ele></trkpt><trkpt lat="45.33875946802056" lon="-93.86362146002816"><ele>278.0</ele></trkpt><trkpt lat="45.338005318413224" lon="-93.85971616370247"><ele>278.0</ele></trkpt><trkpt lat="45.337160658928305" lon="-93.8585145340638"><ele>278.0</ele></trkpt><trkpt lat="45.33691932533269" lon="-93.85460923773812"><ele>278.0</ele></trkpt><trkpt lat="45.33776398841751" lon="-93.85237763983773"><ele>277.22631150268717</ele></trkpt><trkpt lat="45.33646682764752" lon="-93.84688447577523"><ele>277.0</ele></trkpt><trkpt lat="45.33697966440682" lon="-93.84448121649788"><ele>277.0</ele></trkpt><trkpt lat="45.335652548347845" lon="-93.83486817938851"><ele>277.0</ele></trkpt><trkpt lat="45.334747517958185" lon="-93.83100579840706"><ele>277.0</ele></trkpt><trkpt lat="45.33308825801123" lon="-93.82834504706429"><ele>277.0</ele></trkpt><trkpt lat="45.32973942169233" lon="-93.82748674017952"><ele>276.0</ele></trkpt><trkpt lat="45.322079040008745" lon="-93.81611417395638"><ele>276.0</ele></trkpt><trkpt lat="45.317794075023016" lon="-93.8125522003846"><ele>275.0</ele></trkpt><trkpt lat="45.31133937760241" lon="-93.80349706275032"><ele>275.0</ele></trkpt><trkpt lat="45.30853253200527" lon="-93.79053662879036"><ele>274.0</ele></trkpt><trkpt lat="45.30258841022462" lon="-93.77809117896126"><ele>274.0</ele></trkpt><trkpt lat="45.29742773934043" lon="-93.76839231116341"><ele>273.0</ele></trkpt><trkpt lat="45.29501266429292" lon="-93.7530286179261"><ele>272.0</ele></trkpt><trkpt lat="45.29899748296484" lon="-93.74195645911263"><ele>271.0</ele></trkpt><trkpt lat="45.30014433174534" lon="-93.73311589819954"><ele>270.0</ele></trkpt><trkpt lat="45.29975190785075" lon="-93.7211854325013"><ele>270.0</ele></trkpt><trkpt lat="45.297940630156305" lon="-93.70835374457405"><ele>269.0</ele></trkpt><trkpt lat="45.29987259866281" lon="-93.6931617127137"><ele>268.0</ele></trkpt><trkpt lat="45.30340359357672" lon="-93.68921350104378"><ele>268.0</ele></trkpt><trkpt lat="45.30491280417194" lon="-93.68646691901253"><ele>267.0</ele></trkpt><trkpt lat="45.30500333888965" lon="-93.6841924057679"><ele>267.0</ele></trkpt><trkpt lat="45.30367523780828" lon="-93.6821753845887"><ele>267.0</ele></trkpt><trkpt lat="45.298967436085434" lon="-93.67839883429573"><ele>266.0</ele></trkpt><trkpt lat="45.295827903716344" lon="-93.6723048554139"><ele>266.0</ele></trkpt><trkpt lat="45.295284505467784" lon="-93.66689752203987"><ele>266.0</ele></trkpt><trkpt lat="45.29588830903537" lon="-93.65809987647103"><ele>265.0</ele></trkpt><trkpt lat="45.29549585568511" lon="-93.64973138434456"><ele>265.0</ele></trkpt><trkpt lat="45.29609955787647" lon="-93.64119123084114"><ele>264.0</ele></trkpt><trkpt lat="45.2958882158097" lon="-93.63320897681282"><ele>264.0</ele></trkpt><trkpt lat="45.29522406239404" lon="-93.63209317786263"><ele>264.0</ele></trkpt><trkpt lat="45.29555614007419" lon="-93.62252305609749"><ele>263.0</ele></trkpt><trkpt lat="45.29250760618535" lon="-93.61024926764534"><ele>263.0</ele></trkpt><trkpt lat="45.292266093530074" lon="-93.60303948981331"><ele>262.0</ele></trkpt><trkpt lat="45.2928095207015" lon="-93.58956407172249"><ele>262.0</ele></trkpt><trkpt lat="45.291692470311176" lon="-93.57952188117073"><ele>261.0</ele></trkpt><trkpt lat="45.29519408089851" lon="-93.57261251074837"><ele>261.0</ele></trkpt><trkpt lat="45.29673369820052" lon="-93.5719687805848"><ele>261.0</ele></trkpt><trkpt lat="45.29878645624565" lon="-93.57201169592904"><ele>261.0</ele></trkpt><trkpt lat="45.3003561622556" lon="-93.57115338904427"><ele>261.0</ele></trkpt><trkpt lat="45.30141267067847" lon="-93.56952260596321"><ele>261.0</ele></trkpt><trkpt lat="45.30168434109083" lon="-93.5653598175721"><ele>261.0</ele></trkpt><trkpt lat="45.30099006967178" lon="-93.56360028845833"><ele>261.0</ele></trkpt><trkpt lat="45.29926944733877" lon="-93.56209825140999"><ele>261.0</ele></trkpt><trkpt lat="45.29127051516904" lon="-93.56072496039437"><ele>260.0</ele></trkpt><trkpt lat="45.28381441728921" lon="-93.55523179633187"><ele>260.0</ele></trkpt><trkpt lat="45.267205008983595" lon="-93.55244489669153"><ele>260.0</ele></trkpt><trkpt lat="45.25723678663177" lon="-93.54257436751672"><ele>259.0</ele></trkpt><trkpt lat="45.25579564758949" lon="-93.53905530928918"><ele>259.0</ele></trkpt><trkpt lat="45.25392259972796" lon="-93.53047224044153"><ele>259.0</ele></trkpt><trkpt lat="45.25029717030195" lon="-93.52575155257531"><ele>259.0</ele></trkpt><trkpt lat="45.246550650099" lon="-93.52137418746301"><ele>258.0</ele></trkpt><trkpt lat="45.24649022032878" lon="-93.51579519271203"><ele>258.0</ele></trkpt><trkpt lat="45.24443849838356" lon="-93.50858541488"><ele>258.0</ele></trkpt><trkpt lat="45.240812463570386" lon="-93.50146146773645"><ele>257.0</ele></trkpt><trkpt lat="45.237971907986" lon="-93.49845739363977"><ele>257.0</ele></trkpt><trkpt lat="45.234285017702874" lon="-93.4964832878048"><ele>257.0</ele></trkpt><trkpt lat="45.23121290198747" lon="-93.49287839888879"><ele>257.0</ele></trkpt><trkpt lat="45.23006441538775" lon="-93.48970266341516"><ele>257.0</ele></trkpt><trkpt lat="45.22728377277515" lon="-93.48669858931848"><ele>257.0</ele></trkpt><trkpt lat="45.225349332467395" lon="-93.48352285384485"><ele>257.0</ele></trkpt><trkpt lat="45.22504707022285" lon="-93.47699972152063"><ele>257.0</ele></trkpt><trkpt lat="45.22583294871585" lon="-93.46944662093469"><ele>256.0</ele></trkpt><trkpt lat="45.22486571210466" lon="-93.46481176375696"><ele>256.0</ele></trkpt><trkpt lat="45.22105705797135" lon="-93.45940443038293"><ele>256.0</ele></trkpt><trkpt lat="45.219789247931125" lon="-93.45631452559778"><ele>256.0</ele></trkpt><trkpt lat="45.21942649757013" lon="-93.45159383773156"><ele>256.0</ele></trkpt><trkpt lat="45.21646394966256" lon="-93.44446989058801"><ele>256.0</ele></trkpt><trkpt lat="45.2173708684763" lon="-93.43743177413293"><ele>256.0</ele></trkpt><trkpt lat="45.21797547298298" lon="-93.43288274764367"><ele>256.0</ele></trkpt><trkpt lat="45.215012849474434" lon="-93.4258446311886"><ele>255.0</ele></trkpt><trkpt lat="45.211451429430475" lon="-93.42198225020715"><ele>255.0</ele></trkpt><trkpt lat="45.19917529048139" lon="-93.41399999617883"><ele>255.0</ele></trkpt><trkpt lat="45.19095564143287" lon="-93.39451642989465"><ele>255.0</ele></trkpt><trkpt lat="45.18557765640766" lon="-93.38842245101281"><ele>255.0</ele></trkpt><trkpt lat="45.185154192858185" lon="-93.38567586898156"><ele>255.0</ele></trkpt><trkpt lat="45.1795278781944" lon="-93.37692113875696"><ele>255.0</ele></trkpt><trkpt lat="45.17680526826175" lon="-93.36885305404016"><ele>254.0</ele></trkpt><trkpt lat="45.17499012265023" lon="-93.3584675407345"><ele>254.0</ele></trkpt><trkpt lat="45.168401768559995" lon="-93.3518585777218"><ele>254.0</ele></trkpt><trkpt lat="45.16059508017087" lon="-93.34645124434778"><ele>254.0</ele></trkpt><trkpt lat="45.14631967957479" lon="-93.320015392297"><ele>253.0</ele></trkpt><trkpt lat="45.141173864158056" lon="-93.3049950218136"><ele>249.0</ele></trkpt><trkpt lat="45.12859025799973" lon="-93.29830022811242"><ele>249.0</ele></trkpt><trkpt lat="45.12156543412083" lon="-93.29538198470422"><ele>248.0</ele></trkpt><trkpt lat="45.1175681654565" lon="-93.29048963546106"><ele>248.0</ele></trkpt><trkpt lat="45.11187460239897" lon="-93.28868719100305"><ele>248.0</ele></trkpt><trkpt lat="45.106497039934624" lon="-93.2804474449093"><ele>248.0</ele></trkpt><trkpt lat="45.1017111340001" lon="-93.27813001632043"><ele>247.0</ele></trkpt><trkpt lat="45.085367805635485" lon="-93.28027578353235"><ele>247.0</ele></trkpt><trkpt lat="45.08336793870896" lon="-93.2801041221554"><ele>247.0</ele></trkpt><trkpt lat="45.08033770390726" lon="-93.27924581527063"><ele>247.0</ele></trkpt><trkpt lat="45.07688304018665" lon="-93.27915998458215"><ele>247.0</ele></trkpt><trkpt lat="45.070942954643975" lon="-93.28104825972864"><ele>247.0</ele></trkpt><trkpt lat="45.063376447001374" lon="-93.2844814872677"><ele>247.0</ele></trkpt><trkpt lat="45.061436436734255" lon="-93.2848248100216"><ele>246.0</ele></trkpt><trkpt lat="45.058405038900986" lon="-93.28430982589074"><ele>246.0</ele></trkpt><trkpt lat="45.04712682796223" lon="-93.28053327559778"><ele>246.0</ele></trkpt><trkpt lat="45.03537863114313" lon="-93.28319402694055"><ele>246.0</ele></trkpt><trkpt lat="45.02149375270954" lon="-93.27821584700891"><ele>245.0</ele></trkpt><trkpt lat="45.01337058186506" lon="-93.27443929671594"><ele>245.0</ele></trkpt><trkpt lat="45.00111245621842" lon="-93.27435346602746"><ele>245.0</ele></trkpt><trkpt lat="44.99869367118454" lon="-93.27469678878137"><ele>244.65745818265714</ele></trkpt><trkpt lat="44.9931703560498" lon="-93.27358098983117"><ele>244.0</ele></trkpt><trkpt lat="44.98928550785387" lon="-93.26740118026086"><ele>244.0</ele></trkpt><trkpt lat="44.98280633512523" lon="-93.26134751898812"><ele>244.0</ele></trkpt><trkpt lat="44.98127431224821" lon="-93.25814696955013"><ele>237.38680779879522</ele></trkpt></trkseg></trk></gpx>